NOME,DATAHORA,RUMO,VELOCIDADE,LATITUDE,LONGITUDE
CARLA SILVA,2024-04-26 09:39:16,270.4,12.1,-26.103866,-39.035866
CARLA SILVA,2024-04-26 09:41:15,273.5,12.1,-26.103406,-39.04331
CARLA SILVA,2024-04-26 10:14:06,272.0,12.3,-26.095476,-39.167546
CARLA SILVA,2024-04-26 10:19:05,271.5,12.3,-26.09429,-39.186376
CARLA SILVA,2024-04-26 10:22:36,272.4,12.4,-26.093281,-39.199716
CARLA SILVA,2024-04-26 10:42:35,275.6,12.0,-26.089118,-39.275095
CARLA SILVA,2024-04-26 10:44:04,270.1,12.1,-26.088976,-39.280678
CARLA SILVA,2024-04-26 10:44:24,267.9,12.1,-26.088958,-39.281988
CARLA SILVA,2024-04-26 10:44:44,270.2,12.3,-26.088933,-39.283175
CARLA SILVA,2024-04-26 10:45:04,273.4,12.1,-26.0889,-39.284425
CARLA SILVA,2024-04-26 10:45:24,276.1,12.0,-26.088853,-39.28567
CARLA SILVA,2024-04-26 10:45:44,270.0,12.0,-26.08885,-39.286856
CARLA SILVA,2024-04-26 10:45:55,269.4,12.2,-26.088845,-39.287605
CARLA SILVA,2024-04-26 10:48:44,271.0,12.2,-26.088763,-39.29827
CARLA SILVA,2024-04-26 10:53:34,271.4,12.3,-26.088235,-39.316636
CARLA SILVA,2024-04-26 10:55:55,271.6,12.2,-26.088036,-39.325676
CARLA SILVA,2024-04-26 10:58:05,269.4,12.3,-26.087986,-39.333921
CARLA SILVA,2024-04-26 11:16:04,264.6,12.1,-26.089356,-39.402866
CARLA SILVA,2024-04-26 11:16:44,270.3,11.8,-26.089503,-39.405323
CARLA SILVA,2024-04-26 11:17:04,268.8,11.8,-26.089585,-39.406551
CARLA SILVA,2024-04-26 11:23:55,262.8,12.0,-26.091385,-39.431903
CARLA SILVA,2024-04-26 11:29:34,266.4,12.0,-26.092968,-39.452798
CARLA SILVA,2024-04-26 11:56:55,266.0,12.3,-26.098466,-39.555341
CARLA SILVA,2024-04-26 12:04:45,265.3,12.4,-26.100296,-39.585498
CARLA SILVA,2024-04-26 12:32:36,266.5,12.4,-26.106761,-39.692851
CARLA SILVA,2024-04-26 13:07:25,266.7,12.7,-26.106165,-39.828031
CARLA SILVA,2024-04-26 13:21:05,270.2,12.6,-26.106203,-39.881493
CARLA SILVA,2024-04-26 13:42:06,270.9,12.4,-26.106766,-39.963541
CARLA SILVA,2024-04-26 14:04:35,269.1,12.4,-26.106701,-40.05033
CARLA SILVA,2024-04-26 14:07:16,270.7,12.3,-26.106658,-40.060715
CARLA SILVA,2024-04-26 14:10:35,269.8,12.3,-26.106683,-40.073475
CARLA SILVA,2024-04-26 14:16:06,269.2,12.4,-26.10654,-40.094631
CARLA SILVA,2024-04-26 14:54:26,269.5,12.6,-26.106618,-40.243753
CARLA SILVA,2024-04-26 15:00:15,268.1,12.4,-26.106735,-40.266478
CARLA SILVA,2024-04-26 15:02:34,267.4,12.4,-26.106828,-40.275376
CARLA SILVA,2024-04-26 15:06:05,270.4,12.6,-26.106916,-40.288958
CARLA SILVA,2024-04-26 15:23:16,270.6,12.5,-26.106975,-40.356505
CARLA SILVA,2024-04-26 15:54:46,270.9,12.3,-26.106701,-40.478135
CARLA SILVA,2024-04-26 15:58:36,273.0,12.4,-26.106663,-40.49279
CARLA SILVA,2024-04-26 16:14:54,274.8,12.5,-26.106201,-40.556601
CARLA SILVA,2024-04-26 16:17:54,271.5,12.6,-26.106091,-40.5683
CARLA SILVA,2024-04-26 16:37:55,271.8,12.6,-26.104975,-40.646661
CARLA SILVA,2024-04-26 16:43:16,271.2,12.5,-26.104665,-40.667463
CARLA SILVA,2024-04-26 16:50:15,272.6,12.6,-26.104363,-40.694838
CARLA SILVA,2024-04-26 17:08:16,268.6,12.4,-26.104013,-40.764608
CARLA SILVA,2024-04-26 17:11:34,270.0,12.6,-26.103898,-40.777431
CARLA SILVA,2024-04-26 17:39:16,267.8,12.5,-26.10306,-40.884783
CARLA SILVA,2024-04-26 17:42:15,271.7,12.5,-26.103011,-40.896411
CARLA SILVA,2024-04-26 17:42:24,272.5,12.5,-26.103003,-40.897058
CARLA SILVA,2024-04-26 18:01:35,269.5,12.5,-26.102671,-40.971365
CARLA SILVA,2024-04-26 18:02:35,270.3,12.5,-26.102665,-40.975221
CARLA SILVA,2024-04-26 18:03:04,274.1,12.4,-26.102621,-40.977028
CARLA SILVA,2024-04-26 18:04:35,269.3,12.5,-26.102531,-40.982968
CARLA SILVA,2024-04-26 18:10:05,269.7,12.6,-26.102655,-41.004338
CARLA SILVA,2024-04-26 18:10:55,271.1,12.5,-26.102661,-41.007598
CARLA SILVA,2024-04-26 18:33:25,268.8,12.8,-26.102773,-41.095598
CARLA SILVA,2024-04-26 19:15:05,269.9,13.0,-26.10519,-41.262285
CARLA SILVA,2024-04-26 19:24:36,268.4,12.8,-26.105761,-41.300421
CARLA SILVA,2024-04-26 19:27:36,270.9,12.7,-26.106046,-41.312245
CARLA SILVA,2024-04-26 19:58:25,265.8,12.7,-26.108881,-41.433773
CARLA SILVA,2024-04-26 20:07:06,269.4,12.7,-26.109781,-41.46812
CARLA SILVA,2024-04-26 20:18:56,265.0,12.8,-26.111635,-41.5148
CARLA SILVA,2024-04-26 20:57:26,266.8,12.9,-26.118946,-41.666855
CARLA SILVA,2024-04-26 21:05:05,264.5,12.8,-26.120656,-41.697395
CARLA SILVA,2024-04-26 21:08:36,269.3,12.8,-26.121328,-41.711363
CARLA SILVA,2024-04-26 21:11:05,267.2,12.8,-26.121895,-41.721203
CARLA SILVA,2024-04-26 21:44:55,270.2,12.6,-26.126435,-41.853775
CARLA SILVA,2024-04-26 21:50:07,275.3,12.6,-26.126296,-41.873953
CARLA SILVA,2024-04-26 21:55:15,270.9,12.6,-26.126393,-41.894123
CARLA SILVA,2024-04-26 22:50:46,274.6,12.7,-26.122488,-42.109013
CARLA SILVA,2024-04-26 23:32:55,274.1,12.7,-26.115388,-42.27512
CARLA SILVA,2024-04-26 23:37:15,274.6,12.7,-26.114703,-42.292123
CARLA SILVA,2024-04-26 23:56:24,273.7,12.9,-26.111251,-42.368286
CARLA SILVA,2024-04-27 00:01:24,272.1,13.0,-26.111293,-42.388275
CARLA SILVA,2024-04-27 00:01:34,271.2,13.0,-26.111298,-42.388943
CARLA SILVA,2024-04-27 00:01:55,269.7,13.0,-26.1113,-42.390343
CARLA SILVA,2024-04-27 00:03:24,269.0,13.1,-26.111285,-42.396271
CARLA SILVA,2024-04-27 00:25:14,269.2,13.4,-26.112006,-42.485873
CARLA SILVA,2024-04-27 00:33:54,271.4,13.3,-26.112071,-42.52171
CARLA SILVA,2024-04-27 00:43:26,272.3,13.4,-26.112101,-42.56114
CARLA SILVA,2024-04-27 01:12:04,271.3,13.6,-26.112456,-42.681081
CARLA SILVA,2024-04-27 01:16:56,269.5,13.6,-26.112628,-42.701556
CARLA SILVA,2024-04-27 01:34:14,269.7,13.6,-26.112885,-42.774391
CARLA SILVA,2024-04-27 01:36:35,271.8,13.6,-26.112881,-42.784248
CARLA SILVA,2024-04-27 01:37:06,272.3,13.6,-26.112868,-42.786493
CARLA SILVA,2024-04-27 01:51:44,271.0,13.5,-26.112603,-42.848076
CARLA SILVA,2024-04-27 02:21:56,267.6,13.5,-26.112211,-42.974076
CARLA SILVA,2024-04-27 02:28:34,272.2,13.5,-26.11203,-43.001943
CARLA SILVA,2024-04-27 02:55:06,266.6,13.3,-26.111493,-43.111975
CARLA SILVA,2024-04-27 03:00:55,271.1,13.1,-26.11185,-43.13585
CARLA SILVA,2024-04-27 03:18:25,268.1,13.0,-26.112556,-43.207571
CARLA SILVA,2024-04-27 03:18:34,267.7,13.0,-26.112566,-43.208175
CARLA SILVA,2024-04-27 03:19:25,273.0,12.9,-26.112573,-43.211591
CARLA SILVA,2024-04-27 03:30:55,268.2,13.0,-26.112955,-43.257958
CARLA SILVA,2024-04-27 03:36:46,268.7,13.1,-26.11335,-43.28163
CARLA SILVA,2024-04-27 03:54:34,264.7,13.0,-26.115061,-43.353595
CARLA SILVA,2024-04-27 04:40:16,318.7,13.1,-26.032855,-43.49136
CARLA SILVA,2024-04-27 04:51:34,319.5,13.2,-26.000911,-43.520808
CARLA SILVA,2024-04-27 04:52:34,317.8,13.2,-25.998103,-43.523573
CARLA SILVA,2024-04-27 04:52:45,320.2,13.1,-25.997595,-43.524073
CARLA SILVA,2024-04-27 04:52:53,317.3,13.1,-25.99723,-43.524446
CARLA SILVA,2024-04-27 05:15:15,316.5,13.1,-25.935636,-43.584835
CARLA SILVA,2024-04-27 05:33:04,316.7,13.1,-25.886868,-43.633405
CARLA SILVA,2024-04-27 05:35:24,318.2,13.2,-25.880478,-43.639776
CARLA SILVA,2024-04-27 07:18:06,309.9,13.1,-25.61521,-43.932363
CARLA SILVA,2024-04-27 07:22:44,315.0,13.0,-25.603315,-43.9456
CARLA SILVA,2024-04-27 07:55:56,319.0,12.8,-25.514791,-44.034248
CARLA SILVA,2024-04-27 08:03:06,318.7,12.8,-25.495356,-44.052438
CARLA SILVA,2024-04-27 08:07:45,321.4,12.7,-25.482678,-44.064151
CARLA SILVA,2024-04-27 08:15:44,324.2,12.9,-25.460505,-44.083828
CARLA SILVA,2024-04-27 08:33:36,324.3,13.0,-25.40901,-44.126233
CARLA SILVA,2024-04-27 08:40:46,321.4,13.0,-25.388231,-44.143408
CARLA SILVA,2024-04-27 09:00:56,318.8,13.0,-25.33241,-44.195301
CARLA SILVA,2024-04-27 09:06:15,318.0,12.9,-25.31812,-44.209243
CARLA SILVA,2024-04-27 09:13:14,319.9,12.8,-25.299335,-44.227555
CARLA SILVA,2024-04-27 09:57:16,319.9,12.8,-25.17978,-44.340958
CARLA SILVA,2024-04-27 11:02:26,316.2,12.7,-25.005915,-44.508723
CARLA SILVA,2024-04-27 11:06:25,316.0,12.7,-24.995748,-44.519558
CARLA SILVA,2024-04-27 11:08:46,315.4,12.7,-24.98979,-44.525913
CARLA SILVA,2024-04-27 12:09:56,319.5,12.4,-24.833196,-44.689626
CARLA SILVA,2024-04-27 12:11:35,317.6,12.4,-24.828905,-44.69386
CARLA SILVA,2024-04-27 12:16:34,318.4,12.3,-24.816168,-44.706565
CARLA SILVA,2024-04-27 12:36:14,317.5,12.0,-24.76658,-44.756363
CARLA SILVA,2024-04-27 12:38:25,314.1,12.1,-24.76126,-44.76177
CARLA SILVA,2024-04-27 12:52:25,315.3,11.9,-24.727108,-44.797478
CARLA SILVA,2024-04-27 14:00:35,319.4,12.0,-24.557916,-44.960855
CARLA SILVA,2024-04-27 14:28:15,320.7,12.3,-24.484753,-45.02633
CARLA SILVA,2024-04-27 14:48:54,318.0,12.6,-24.430546,-45.078541
CARLA SILVA,2024-04-27 14:52:54,318.7,12.7,-24.419858,-45.088766
CARLA SILVA,2024-04-27 15:40:05,319.2,13.2,-24.29343,-45.213593
CARLA SILVA,2024-04-27 16:50:03,327.0,10.9,-24.111966,-45.402353
CARLA SILVA,2024-04-27 16:51:03,328.0,10.8,-24.10936,-45.40415
CARLA SILVA,2024-04-27 17:22:35,334.7,6.5,-24.04105,-45.446376
CARLA SILVA,2024-04-27 18:19:34,336.7,7.3,-23.936791,-45.489021
CARLA SILVA,2024-04-27 18:22:54,338.6,7.5,-23.930448,-45.491813
CARLA SILVA,2024-04-27 18:56:36,61.4,7.4,-23.88639,-45.469691
CARLA SILVA,2024-04-27 19:02:45,45.2,7.8,-23.877478,-45.459365
CARLA SILVA,2024-04-27 19:46:36,30.9,6.4,-23.81184,-45.385531
CARLA SILVA,2024-04-27 19:48:56,32.1,6.1,-23.808366,-45.383215
CARLA SILVA,2024-04-27 19:51:16,24.7,5.9,-23.804878,-45.381361
CARLA SILVA,2024-04-27 19:54:35,26.1,5.8,-23.79989,-45.37884
CARLA SILVA,2024-04-27 19:57:05,26.6,5.6,-23.796398,-45.37689
CARLA SILVA,2024-04-27 20:39:16,160.7,0.7,-23.77471,-45.365791
CARLA SILVA,2024-04-27 20:58:52,315.2,0.5,-23.7758,-45.365388
CARLA SILVA,2024-04-28 00:50:25,245.7,0.0,-23.772655,-45.365815
CARLA SILVA,2024-04-28 01:26:24,60.5,0.1,-23.772551,-45.365665
CARLA SILVA,2024-04-28 05:29:25,306.4,0.0,-23.772531,-45.366221
CARLA SILVA,2024-04-28 09:34:56,320.1,0.0,-23.772476,-45.36654
CARLA SILVA,2024-04-28 21:49:55,317.8,0.0,-23.767463,-45.365278
CARLA SILVA,2024-04-29 01:34:56,6.8,0.1,-23.767613,-45.36478
CARLA SILVA,2024-04-29 05:25:55,95.6,0.1,-23.766848,-45.365036
CARLA SILVA,2024-04-29 08:16:56,61.8,0.2,-23.766216,-45.36414
CARLA SILVA,2024-04-29 09:07:56,318.3,0.1,-23.766353,-45.363935
CARLA SILVA,2024-04-29 09:31:56,147.7,0.0,-23.766271,-45.364213
CARLA SILVA,2024-04-29 12:55:55,273.9,0.0,-23.766216,-45.364763
CARLA SILVA,2024-04-29 14:10:56,33.8,0.1,-23.766166,-45.365153
CARLA SILVA,2024-04-29 14:46:56,78.8,0.1,-23.76616,-45.36449
CARLA SILVA,2024-04-29 18:46:55,299.6,0.0,-23.766051,-45.364926
CARLA SILVA,2024-04-29 19:55:56,76.6,0.0,-23.766186,-45.364508
CARLA SILVA,2024-04-30 01:07:56,219.1,0.0,-23.767011,-45.364276
CARLA SILVA,2024-04-30 01:16:56,185.9,0.0,-23.767016,-45.364253
CARLA SILVA,2024-04-30 04:25:56,319.3,0.1,-23.768978,-45.363803
CARLA SILVA,2024-04-30 08:25:56,248.6,0.0,-23.76984,-45.36452
CARLA SILVA,2024-04-30 13:25:56,112.2,0.0,-23.770445,-45.366123
CARLA SILVA,2024-04-30 13:37:56,160.5,0.0,-23.770613,-45.366113
CARLA SILVA,2024-05-01 02:22:55,48.9,0.0,-23.770841,-45.365855
CARLA SILVA,2024-05-01 07:31:56,309.6,0.0,-23.769108,-45.367653
CARLA SILVA,2024-05-01 08:22:56,146.9,0.0,-23.770415,-45.36649
CARLA SILVA,2024-05-01 08:55:56,29.3,0.0,-23.77058,-45.365828
CARLA SILVA,2024-05-01 17:55:56,137.7,0.0,-23.76755,-45.36433
CARLA SILVA,2024-05-01 18:34:56,174.1,0.0,-23.769136,-45.363516
CARLA SILVA,2024-05-01 23:05:51,64.9,1.2,-23.771171,-45.365
CARLA SILVA,2024-05-01 23:07:44,21.8,1.5,-23.770826,-45.364611
CARLA SILVA,2024-05-01 23:08:23,2.8,1.6,-23.770653,-45.364581
CARLA SILVA,2024-05-01 23:45:00,226.7,1.8,-23.798116,-45.380538
CARLA SILVA,2024-05-01 23:47:50,229.1,1.8,-23.799186,-45.38167
CARLA SILVA,2024-05-05 00:52:32,139.2,0.0,-23.801106,-45.384205
CARLA SILVA,2024-05-05 05:52:18,217.6,6.5,-23.816565,-45.389468
CARLA SILVA,2024-05-05 05:55:59,224.9,7.1,-23.821595,-45.394791
CARLA SILVA,2024-05-05 06:04:50,224.8,7.6,-23.834403,-45.409081
CARLA SILVA,2024-05-05 06:30:49,225.4,8.7,-23.873323,-45.45452
CARLA SILVA,2024-05-05 06:40:49,219.0,12.1,-23.891983,-45.479865
CARLA SILVA,2024-05-05 07:14:31,139.9,14.5,-23.997591,-45.465696
CARLA SILVA,2024-05-05 07:18:20,140.4,14.4,-24.009323,-45.454648
CARLA SILVA,2024-05-05 07:47:37,90.0,14.2,-24.060753,-45.349723
CARLA SILVA,2024-05-05 07:53:07,91.3,14.2,-24.061223,-45.325836
CARLA SILVA,2024-05-05 07:55:54,90.6,14.1,-24.061471,-45.313886
CARLA SILVA,2024-05-05 08:25:14,53.7,12.5,-24.058095,-45.192576
CARLA SILVA,2024-05-05 08:27:45,52.0,13.0,-24.052563,-45.184723
CARLA SILVA,2024-05-05 08:30:05,53.1,13.3,-24.047343,-45.17727
CARLA SILVA,2024-05-05 08:59:18,47.4,13.9,-23.97882,-45.080176
CARLA SILVA,2024-05-05 09:02:53,49.1,14.0,-23.969506,-45.06859
CARLA SILVA,2024-05-05 09:27:36,47.9,14.1,-23.902808,-44.990428
CARLA SILVA,2024-05-05 09:35:13,47.5,14.3,-23.882021,-44.966583
CARLA SILVA,2024-05-05 09:35:37,45.6,14.3,-23.880911,-44.96533
CARLA SILVA,2024-05-05 09:38:13,45.8,14.3,-23.873625,-44.957196
CARLA SILVA,2024-05-05 09:39:37,44.6,14.4,-23.86968,-44.952876
CARLA SILVA,2024-05-05 09:42:19,46.3,14.4,-23.862058,-44.94441
CARLA SILVA,2024-05-05 10:23:48,42.9,14.0,-23.742976,-44.821203
CARLA SILVA,2024-05-05 10:29:20,41.7,13.9,-23.727068,-44.805685
CARLA SILVA,2024-05-05 10:31:26,41.8,13.8,-23.72097,-44.799738
CARLA SILVA,2024-05-05 10:37:38,42.3,13.6,-23.70335,-44.782438
CARLA SILVA,2024-05-05 11:18:35,46.2,13.2,-23.595595,-44.66385
CARLA SILVA,2024-05-05 12:05:57,48.2,13.7,-23.474396,-44.524616
CARLA SILVA,2024-05-05 12:21:56,46.7,13.9,-23.43233,-44.475573
CARLA SILVA,2024-05-05 12:25:03,46.3,13.9,-23.424036,-44.46606
CARLA SILVA,2024-05-05 12:38:39,29.5,13.5,-23.386321,-44.427186
CARLA SILVA,2024-05-05 12:54:01,358.6,13.1,-23.330995,-44.419566
CARLA SILVA,2024-05-05 12:58:01,0.3,12.7,-23.316536,-44.419903
CARLA SILVA,2024-05-05 13:30:50,1.8,5.8,-23.219348,-44.424815
CARLA SILVA,2024-05-05 14:01:38,348.4,5.9,-23.150641,-44.431343
CARLA SILVA,2024-05-05 14:04:31,348.8,5.8,-23.145995,-44.432228
CARLA SILVA,2024-05-05 14:07:31,351.2,5.6,-23.141166,-44.432873
CARLA SILVA,2024-05-05 17:20:51,218.0,0.0,-23.119511,-44.43121
CARLA SILVA,2024-05-05 17:29:53,231.0,0.0,-23.119593,-44.431245
CARLA SILVA,2024-05-05 19:17:53,146.2,0.1,-23.119723,-44.431276
CARLA SILVA,2024-05-05 20:56:52,243.3,0.0,-23.119721,-44.431311
CARLA SILVA,2024-05-06 00:17:52,293.5,0.1,-23.11931,-44.430068
CARLA SILVA,2024-05-06 03:14:53,47.4,0.0,-23.119531,-44.431048
CARLA SILVA,2024-05-06 03:50:53,241.7,0.0,-23.119601,-44.431221
CARLA SILVA,2024-05-06 04:05:51,224.2,0.2,-23.119565,-44.431181
CARLA SILVA,2024-05-06 05:05:52,32.3,0.0,-23.119751,-44.431446
CARLA SILVA,2024-05-06 06:17:53,185.0,0.0,-23.119661,-44.431371
CARLA SILVA,2024-05-06 08:40:07,17.4,0.1,-23.119498,-44.431156
CARLA SILVA,2024-05-06 15:37:07,57.2,0.0,-23.119375,-44.430815
CARLA SILVA,2024-05-06 16:10:07,75.9,0.0,-23.119248,-44.43061
CARLA SILVA,2024-05-06 17:13:07,52.2,0.0,-23.119366,-44.43075
CARLA SILVA,2024-05-06 17:37:05,243.2,0.0,-23.119405,-44.430915
CARLA SILVA,2024-05-06 18:19:07,60.2,0.0,-23.119531,-44.430961
CARLA SILVA,2024-05-06 20:37:06,24.1,0.0,-23.120265,-44.43164
CARLA SILVA,2024-05-07 06:31:07,203.5,0.0,-23.119923,-44.431108
CARLA SILVA,2024-05-07 07:43:06,190.1,0.0,-23.121203,-44.431848
CARLA SILVA,2024-05-07 08:28:06,166.4,0.2,-23.121766,-44.431678
CARLA SILVA,2024-05-07 12:10:07,348.1,0.0,-23.121633,-44.431601
CARLA SILVA,2024-05-07 14:28:07,180.4,0.0,-23.120066,-44.43111
CARLA SILVA,2024-05-07 18:59:28,191.5,0.0,-23.120178,-44.431568
CARLA SILVA,2024-05-07 21:59:28,9.4,0.0,-23.121766,-44.431945
CARLA SILVA,2024-05-07 23:53:28,169.7,0.1,-23.121621,-44.431871
CARLA SILVA,2024-05-08 00:05:29,346.1,0.1,-23.121641,-44.43191
CARLA SILVA,2024-05-08 01:41:29,193.5,0.0,-23.12157,-44.431828
CARLA SILVA,2024-05-08 02:53:29,216.6,0.0,-23.120541,-44.431563
CARLA SILVA,2024-05-08 03:47:29,142.3,0.0,-23.121026,-44.431751
CARLA SILVA,2024-05-08 04:53:29,175.8,0.0,-23.12138,-44.431896
CARLA SILVA,2024-05-08 04:56:29,170.6,0.0,-23.1214,-44.431873
CARLA SILVA,2024-05-08 14:20:28,71.5,0.0,-23.119473,-44.430546
CARLA SILVA,2024-05-08 17:59:29,233.0,0.0,-23.119423,-44.430893
CARLA SILVA,2024-05-08 18:02:29,209.4,0.0,-23.119463,-44.430926
CARLA SILVA,2024-05-08 19:29:46,132.0,1.1,-23.12209,-44.428666
CARLA SILVA,2024-05-08 19:47:36,170.3,11.7,-23.151733,-44.422266
CARLA SILVA,2024-05-08 20:21:47,141.1,12.9,-23.265218,-44.38459
CARLA SILVA,2024-05-08 20:24:47,140.7,12.9,-23.27363,-44.377136
CARLA SILVA,2024-05-08 20:58:18,89.1,12.8,-23.312898,-44.268561
CARLA SILVA,2024-05-08 21:18:46,88.5,13.2,-23.311271,-44.188466
CARLA SILVA,2024-05-08 21:28:47,88.1,13.1,-23.310286,-44.148506
CARLA SILVA,2024-05-08 21:31:26,89.1,13.1,-23.309973,-44.137911
CARLA SILVA,2024-05-08 21:33:37,88.4,13.1,-23.30977,-44.129218
CARLA SILVA,2024-05-08 22:11:15,88.6,12.4,-23.306826,-43.983978
CARLA SILVA,2024-05-08 22:14:56,88.6,12.3,-23.30652,-43.970185
CARLA SILVA,2024-05-08 23:03:47,86.6,12.7,-23.296866,-43.786058
CARLA SILVA,2024-05-08 23:07:46,86.7,12.7,-23.296026,-43.770723
CARLA SILVA,2024-05-08 23:19:17,86.4,12.7,-23.293458,-43.726573
CARLA SILVA,2024-05-08 23:41:17,85.6,12.9,-23.288521,-43.640976
CARLA SILVA,2024-05-08 23:43:55,86.0,12.8,-23.287778,-43.63068
CARLA SILVA,2024-05-08 23:53:16,86.3,12.9,-23.285588,-43.594301
CARLA SILVA,2024-05-08 23:56:36,85.6,12.9,-23.284771,-43.581346
CARLA SILVA,2024-05-09 00:24:16,87.8,12.8,-23.279855,-43.473913
CARLA SILVA,2024-05-09 00:25:16,88.7,12.8,-23.279765,-43.470121
CARLA SILVA,2024-05-09 00:25:35,88.4,12.7,-23.27974,-43.46889
CARLA SILVA,2024-05-09 00:25:56,87.8,12.7,-23.279696,-43.467483
CARLA SILVA,2024-05-09 00:26:45,87.8,12.7,-23.27959,-43.464338
CARLA SILVA,2024-05-09 00:27:26,87.9,12.7,-23.279528,-43.461738
CARLA SILVA,2024-05-09 00:27:35,87.9,12.7,-23.279511,-43.461168
CARLA SILVA,2024-05-09 00:28:17,88.3,12.7,-23.27944,-43.458595
CARLA SILVA,2024-05-09 00:28:26,88.5,12.7,-23.279426,-43.458015
CARLA SILVA,2024-05-09 00:29:36,88.4,12.7,-23.279338,-43.45319
CARLA SILVA,2024-05-09 00:30:07,88.8,12.7,-23.279285,-43.451375
CARLA SILVA,2024-05-09 00:31:07,88.6,12.7,-23.279198,-43.447575
CARLA SILVA,2024-05-09 00:31:45,88.3,12.7,-23.279143,-43.44509
CARLA SILVA,2024-05-09 00:31:56,88.5,12.7,-23.27913,-43.44445
CARLA SILVA,2024-05-09 00:33:56,88.8,12.6,-23.27895,-43.436795
CARLA SILVA,2024-05-09 00:45:17,89.6,12.4,-23.278285,-43.393776
CARLA SILVA,2024-05-09 00:47:36,88.5,12.3,-23.278198,-43.38512
CARLA SILVA,2024-05-09 01:15:57,57.6,12.2,-23.241138,-43.293188
CARLA SILVA,2024-05-09 01:16:35,58.7,12.2,-23.239951,-43.291148
CARLA SILVA,2024-05-09 01:16:46,58.2,12.2,-23.239646,-43.290623
CARLA SILVA,2024-05-09 01:19:25,58.0,12.3,-23.234848,-43.282273
CARLA SILVA,2024-05-09 01:21:55,57.9,12.3,-23.230308,-43.274335
CARLA SILVA,2024-05-09 01:22:36,57.6,12.3,-23.229063,-43.272218
CARLA SILVA,2024-05-09 01:40:37,76.9,12.6,-23.205851,-43.210321
CARLA SILVA,2024-05-09 01:42:56,77.3,12.6,-23.204015,-43.201755
CARLA SILVA,2024-05-09 01:53:47,76.8,12.8,-23.195216,-43.161291
CARLA SILVA,2024-05-09 01:55:56,77.0,12.9,-23.19345,-43.153001
CARLA SILVA,2024-05-09 02:04:37,77.3,12.9,-23.186686,-43.119938
CARLA SILVA,2024-05-09 02:13:57,78.1,12.8,-23.179716,-43.084428
CARLA SILVA,2024-05-09 02:24:37,78.1,12.9,-23.171821,-43.043816
CARLA SILVA,2024-05-09 02:30:37,78.5,12.9,-23.167406,-43.020915
CARLA SILVA,2024-05-09 02:32:46,78.8,12.6,-23.165846,-43.012661
CARLA SILVA,2024-05-09 02:39:18,78.3,11.7,-23.161296,-42.989283
CARLA SILVA,2024-05-09 02:49:06,78.6,11.5,-23.154816,-42.955523
CARLA SILVA,2024-05-09 03:04:47,78.5,10.7,-23.14505,-42.901865
CARLA SILVA,2024-05-09 03:06:57,79.2,9.7,-23.143915,-42.895301
CARLA SILVA,2024-05-09 03:09:27,79.0,9.0,-23.142683,-42.888328
CARLA SILVA,2024-05-09 03:12:38,80.4,8.3,-23.141335,-42.880245
CARLA SILVA,2024-05-09 03:19:33,80.1,7.7,-23.138566,-42.863596
CARLA SILVA,2024-05-09 03:20:54,80.5,7.7,-23.138101,-42.860521
CARLA SILVA,2024-05-09 03:21:33,80.1,7.6,-23.137861,-42.859041
CARLA SILVA,2024-05-09 03:21:44,80.5,7.6,-23.13779,-42.858605
CARLA SILVA,2024-05-09 03:21:54,80.2,7.6,-23.13773,-42.858248
CARLA SILVA,2024-05-09 03:22:33,80.0,7.6,-23.137468,-42.85672
CARLA SILVA,2024-05-09 03:23:16,79.8,7.5,-23.137206,-42.855251
CARLA SILVA,2024-05-09 03:35:06,80.0,3.8,-23.133958,-42.834215
CARLA SILVA,2024-05-09 03:41:18,89.0,2.6,-23.133048,-42.828336
CARLA SILVA,2024-05-09 03:43:26,101.5,2.1,-23.133183,-42.82668
CARLA SILVA,2024-05-09 03:47:16,88.8,1.6,-23.133331,-42.824388
CARLA SILVA,2024-05-09 04:17:37,207.5,0.7,-23.135806,-42.820298
CARLA SILVA,2024-05-09 04:43:56,175.0,0.5,-23.1394,-42.821848
CARLA SILVA,2024-05-09 04:51:34,170.0,0.6,-23.140623,-42.821891
CARLA SILVA,2024-05-09 04:51:54,160.4,0.5,-23.140685,-42.821878
CARLA SILVA,2024-05-09 04:52:25,163.6,0.6,-23.140775,-42.821873
CARLA SILVA,2024-05-09 04:52:34,177.0,0.6,-23.1408,-42.821876
CARLA SILVA,2024-05-09 04:52:45,176.9,0.6,-23.140833,-42.821876
CARLA SILVA,2024-05-09 04:53:05,187.0,0.6,-23.140903,-42.821873
CARLA SILVA,2024-05-09 04:53:34,201.7,0.6,-23.140991,-42.821875
CARLA SILVA,2024-05-09 04:54:14,188.5,0.6,-23.141108,-42.82187
CARLA SILVA,2024-05-09 04:54:25,191.2,0.6,-23.141141,-42.82187
CARLA SILVA,2024-05-09 04:54:34,191.8,0.6,-23.14117,-42.82187
CARLA SILVA,2024-05-09 04:55:05,168.1,0.6,-23.14126,-42.821876
CARLA SILVA,2024-05-09 04:55:55,193.3,0.6,-23.14141,-42.821878
CARLA SILVA,2024-05-09 04:57:14,185.1,0.5,-23.141581,-42.821875
CARLA SILVA,2024-05-09 05:01:57,190.6,0.5,-23.142431,-42.82197
CARLA SILVA,2024-05-09 05:04:07,189.3,0.5,-23.14283,-42.822045
CARLA SILVA,2024-05-09 05:39:56,196.5,0.4,-23.147931,-42.822516
CARLA SILVA,2024-05-09 05:42:26,152.6,0.4,-23.14826,-42.82246
CARLA SILVA,2024-05-09 05:45:26,195.6,0.6,-23.148636,-42.822588
CARLA SILVA,2024-05-09 06:12:45,137.5,0.3,-23.151925,-42.821971
CARLA SILVA,2024-05-09 06:15:36,225.1,0.2,-23.1522,-42.821943
CARLA SILVA,2024-05-09 06:17:46,209.4,0.4,-23.152431,-42.821931
CARLA SILVA,2024-05-09 06:20:06,145.5,0.3,-23.152695,-42.821858
CARLA SILVA,2024-05-09 06:22:26,177.5,0.4,-23.15296,-42.82168
CARLA SILVA,2024-05-09 06:46:57,131.5,0.2,-23.15515,-42.820698
CARLA SILVA,2024-05-09 07:21:15,107.1,0.1,-23.157305,-42.819628
CARLA SILVA,2024-05-09 07:21:36,183.5,0.1,-23.157316,-42.81963
CARLA SILVA,2024-05-09 07:24:36,123.0,0.1,-23.157431,-42.819531
CARLA SILVA,2024-05-09 07:27:05,150.5,0.1,-23.157578,-42.819406
CARLA SILVA,2024-05-09 07:29:28,102.9,0.3,-23.157633,-42.819261
CARLA SILVA,2024-05-09 07:53:36,318.4,3.1,-23.151188,-42.820811
CARLA SILVA,2024-05-09 08:01:27,294.5,3.8,-23.14677,-42.827558
CARLA SILVA,2024-05-09 08:10:27,296.7,6.2,-23.141498,-42.83901
CARLA SILVA,2024-05-09 08:10:58,296.7,6.3,-23.141103,-42.839856
CARLA SILVA,2024-05-09 08:13:26,295.7,6.8,-23.1391,-42.84432
CARLA SILVA,2024-05-09 08:17:26,296.9,7.2,-23.135556,-42.851968
CARLA SILVA,2024-05-09 08:26:07,297.7,7.6,-23.127265,-42.869368
CARLA SILVA,2024-05-09 08:58:26,275.3,7.6,-23.115883,-42.941335
CARLA SILVA,2024-05-09 09:00:36,275.2,7.6,-23.115453,-42.946266
CARLA SILVA,2024-05-09 09:02:58,274.8,7.6,-23.115001,-42.951641
CARLA SILVA,2024-05-09 09:05:58,275.2,7.5,-23.114418,-42.958521
CARLA SILVA,2024-05-09 09:29:07,317.8,4.6,-23.109195,-42.99722
CARLA SILVA,2024-05-09 10:42:46,332.9,6.8,-23.002605,-43.109323
CARLA SILVA,2024-05-09 10:51:57,333.6,8.2,-22.986321,-43.118831
CARLA SILVA,2024-05-09 11:54:35,10.7,5.0,-22.831493,-43.15266
CARLA SILVA,2024-05-09 11:57:16,8.9,4.1,-22.82811,-43.152026
CARLA SILVA,2024-05-09 12:23:55,11.7,0.0,-22.820703,-43.152545
CARLA SILVA,2024-05-11 07:08:02,191.1,9.7,-22.949546,-43.141371
CARLA SILVA,2024-05-11 07:11:02,157.8,9.2,-22.957583,-43.141633
CARLA SILVA,2024-05-11 07:13:52,147.4,9.7,-22.963976,-43.137705
CARLA SILVA,2024-05-11 07:16:21,148.5,10.7,-22.970051,-43.133585
CARLA SILVA,2024-05-11 07:36:52,145.5,12.1,-23.025661,-43.091313
CARLA SILVA,2024-05-11 07:59:31,201.9,11.6,-23.090683,-43.102153
CARLA SILVA,2024-05-11 08:11:02,218.1,11.9,-23.126061,-43.117365
CARLA SILVA,2024-05-11 08:46:01,237.8,12.4,-23.197278,-43.220668
CARLA SILVA,2024-05-11 08:48:32,238.6,12.2,-23.20188,-43.228655
CARLA SILVA,2024-05-11 09:01:21,237.8,12.3,-23.225915,-43.26999
CARLA SILVA,2024-05-11 09:16:11,241.1,12.6,-23.252876,-43.317435
CARLA SILVA,2024-05-11 09:50:11,272.0,13.1,-23.274553,-43.445276
CARLA SILVA,2024-05-11 09:58:42,253.2,12.7,-23.278723,-43.477578
CARLA SILVA,2024-05-11 10:26:41,273.1,13.4,-23.2936,-43.585495
CARLA SILVA,2024-05-11 10:29:41,269.4,13.5,-23.29337,-43.597825
CARLA SILVA,2024-05-11 10:38:21,273.5,13.5,-23.292585,-43.633078
CARLA SILVA,2024-05-11 10:59:22,270.0,13.5,-23.291806,-43.718016
CARLA SILVA,2024-05-11 11:02:02,267.7,13.3,-23.29172,-43.72901
CARLA SILVA,2024-05-11 11:36:01,267.3,13.1,-23.294808,-43.865715
CARLA SILVA,2024-05-11 12:13:23,268.0,13.1,-23.297948,-44.013133
CARLA SILVA,2024-05-11 13:50:15,315.7,12.8,-23.280521,-44.373885
CARLA SILVA,2024-05-11 13:53:15,312.8,12.5,-23.272925,-44.382251
CARLA SILVA,2024-05-11 14:40:35,29.0,9.4,-23.161826,-44.39801
CARLA SILVA,2024-05-11 14:46:26,29.3,8.4,-23.1493,-44.390446
CARLA SILVA,2024-05-11 15:40:35,60.4,7.5,-23.075858,-44.247948
CARLA SILVA,2024-05-11 15:55:45,73.0,3.5,-23.065846,-44.226886
CARLA SILVA,2024-05-11 16:28:56,350.6,0.0,-23.060741,-44.227588
CARLA SILVA,2024-05-11 22:42:41,357.5,0.0,-23.060768,-44.227585
CARLA SILVA,2024-05-12 10:02:27,102.5,2.6,-23.060555,-44.224646
CARLA SILVA,2024-05-12 10:10:41,168.1,2.2,-23.062143,-44.221696
CARLA SILVA,2024-05-12 11:14:16,150.9,12.6,-23.133146,-44.065575
CARLA SILVA,2024-05-12 11:17:56,174.0,12.4,-23.14542,-44.062173
CARLA SILVA,2024-05-12 11:27:57,197.3,12.9,-23.180793,-44.065921
CARLA SILVA,2024-05-12 11:45:57,211.3,11.8,-23.23424,-44.101178
CARLA SILVA,2024-05-12 11:48:38,211.6,12.0,-23.241856,-44.106296
CARLA SILVA,2024-05-12 12:13:37,265.2,12.5,-23.30537,-44.164656
CARLA SILVA,2024-05-12 12:18:47,272.3,12.9,-23.305818,-44.184648
CARLA SILVA,2024-05-12 12:52:17,269.0,12.5,-23.307783,-44.313746
CARLA SILVA,2024-05-12 12:56:56,270.9,12.5,-23.308001,-44.33148
CARLA SILVA,2024-05-12 12:59:43,277.9,12.0,-23.308005,-44.341965
CARLA SILVA,2024-05-12 13:53:46,349.0,6.7,-23.16361,-44.419036
CARLA SILVA,2024-05-12 17:38:15,104.7,0.0,-23.124776,-44.419018
CARLA SILVA,2024-05-12 23:23:16,198.1,0.0,-23.125955,-44.420141
CARLA SILVA,2024-05-13 09:38:16,178.2,0.0,-23.12538,-44.419471
CARLA SILVA,2024-05-13 15:47:16,351.4,0.1,-23.125553,-44.419638
CARLA SILVA,2024-05-13 16:10:45,78.5,0.0,-23.125075,-44.419185
CARLA SILVA,2024-05-13 16:13:45,130.7,0.0,-23.12505,-44.419141
CARLA SILVA,2024-05-13 18:23:16,315.7,0.0,-23.124736,-44.418608
CARLA SILVA,2024-05-13 18:56:15,169.2,0.0,-23.124845,-44.418728
CARLA SILVA,2024-05-13 19:26:16,351.6,0.0,-23.124951,-44.418885
CARLA SILVA,2024-05-13 20:08:16,219.3,0.0,-23.125083,-44.41909
CARLA SILVA,2024-05-13 21:38:15,12.6,0.0,-23.125135,-44.419328
CARLA SILVA,2024-05-13 22:26:16,160.7,0.0,-23.125118,-44.419428
CARLA SILVA,2024-05-14 00:14:16,1.0,0.0,-23.124845,-44.419008
CARLA SILVA,2024-05-14 03:08:16,58.1,0.0,-23.12468,-44.418498
CARLA SILVA,2024-05-14 03:44:16,142.2,0.1,-23.124556,-44.418233
CARLA SILVA,2024-05-14 04:11:15,176.4,0.0,-23.124511,-44.417868
CARLA SILVA,2024-05-14 06:53:16,323.8,0.0,-23.124543,-44.418338
CARLA SILVA,2024-05-14 12:47:16,319.9,0.1,-23.124776,-44.418915
CARLA SILVA,2024-05-14 20:11:15,317.9,0.1,-23.124435,-44.417981
CARLA SILVA,2024-05-14 22:17:16,247.3,0.0,-23.124608,-44.41824
CARLA SILVA,2024-05-14 22:23:16,76.6,0.1,-23.124591,-44.418221
CARLA SILVA,2024-05-14 23:11:16,46.0,0.0,-23.124565,-44.418113
CARLA SILVA,2024-05-14 23:17:16,76.4,0.0,-23.124608,-44.418111
CARLA SILVA,2024-05-15 00:11:15,222.1,0.0,-23.124525,-44.418276
CARLA SILVA,2024-05-15 03:05:15,257.6,0.0,-23.124575,-44.418278
CARLA SILVA,2024-05-15 03:17:16,227.2,0.0,-23.124653,-44.418516
CARLA SILVA,2024-05-15 03:44:16,296.5,0.0,-23.124581,-44.418145
CARLA SILVA,2024-05-15 09:59:16,248.8,0.0,-23.124498,-44.418333
CARLA SILVA,2024-05-15 10:05:16,273.1,0.1,-23.1246,-44.418565
CARLA SILVA,2024-05-15 19:32:15,146.5,0.0,-23.124586,-44.418191
CARLA SILVA,2024-05-15 23:05:16,96.3,0.2,-23.124625,-44.41818
CARLA SILVA,2024-05-16 07:20:15,221.8,0.1,-23.124443,-44.417451
CARLA SILVA,2024-05-16 07:23:16,276.6,0.0,-23.124503,-44.417656
CARLA SILVA,2024-05-16 07:26:16,320.3,0.2,-23.124518,-44.417916
CARLA SILVA,2024-05-16 15:23:16,147.6,0.1,-23.124518,-44.417605
CARLA SILVA,2024-05-16 16:14:16,141.1,0.1,-23.124345,-44.41792
CARLA SILVA,2024-05-16 16:53:16,107.7,0.2,-23.124328,-44.41793
CARLA SILVA,2024-05-16 17:44:16,290.2,0.7,-23.124301,-44.41813
CARLA SILVA,2024-05-16 18:11:15,15.8,0.1,-23.124426,-44.418138
CARLA SILVA,2024-05-16 23:23:16,87.9,0.0,-23.124043,-44.417798
CARLA SILVA,2024-05-16 23:53:16,80.9,0.1,-23.123741,-44.417706
CARLA SILVA,2024-05-17 02:56:16,17.4,0.5,-23.124383,-44.417111
CARLA SILVA,2024-05-17 03:32:16,319.6,0.2,-23.123786,-44.417825
CARLA SILVA,2024-05-17 06:29:16,302.8,0.0,-23.123825,-44.41767
CARLA SILVA,2024-05-17 08:02:15,224.5,0.0,-23.123918,-44.417156
CARLA SILVA,2024-05-17 09:44:15,229.5,0.4,-23.123951,-44.41752
CARLA SILVA,2024-05-17 17:18:43,199.8,0.2,-23.12399,-44.417365
CARLA SILVA,2024-05-17 17:18:45,199.8,0.2,-23.12399,-44.417365
CARLA SILVA,2024-05-17 17:24:43,285.3,0.2,-23.123978,-44.417443
CARLA SILVA,2024-05-17 18:27:44,58.3,0.2,-23.123878,-44.417411
CARLA SILVA,2024-05-17 20:15:44,354.8,0.3,-23.123953,-44.417543
CARLA SILVA,2024-05-18 00:06:45,343.9,0.1,-23.124015,-44.417413
CARLA SILVA,2024-05-18 00:51:45,79.9,0.0,-23.124286,-44.417508
CARLA SILVA,2024-05-18 08:53:02,48.3,0.1,-23.123935,-44.418328
CARLA SILVA,2024-05-18 14:14:02,82.2,0.2,-23.123851,-44.417713
CARLA SILVA,2024-05-18 16:14:02,282.7,0.1,-23.124095,-44.417765
CARLA SILVA,2024-05-19 00:50:01,201.9,0.1,-23.124091,-44.418076
CARLA SILVA,2024-05-19 02:08:02,214.6,0.1,-23.124213,-44.418386
CARLA SILVA,2024-05-19 02:11:02,77.7,0.0,-23.124185,-44.418243
CARLA SILVA,2024-05-19 12:11:56,111.8,3.7,-23.130938,-44.416971
CARLA SILVA,2024-05-19 12:53:45,66.8,12.4,-23.101006,-44.314741
CARLA SILVA,2024-05-19 13:14:24,60.1,6.2,-23.081576,-44.256765
CARLA SILVA,2024-05-19 13:17:06,54.5,6.4,-23.079021,-44.252611
CARLA SILVA,2024-05-19 13:53:46,297.5,0.1,-23.061956,-44.229361
CARLA SILVA,2024-05-19 18:20:40,4.4,0.0,-23.062018,-44.22943
CARLA SILVA,2024-05-20 14:49:23,240.0,9.6,-23.077176,-44.250818
CARLA SILVA,2024-05-20 14:55:45,256.9,10.2,-23.083393,-44.2692
CARLA SILVA,2024-05-20 15:28:35,262.3,7.7,-23.117226,-44.359633
CARLA SILVA,2024-05-20 15:40:36,250.8,6.9,-23.122503,-44.385368
CARLA SILVA,2024-05-20 15:43:05,262.8,6.6,-23.123756,-44.390391
CARLA SILVA,2024-05-20 15:59:56,211.1,3.5,-23.13648,-44.41112
CARLA SILVA,2024-05-20 16:03:05,213.3,3.0,-23.138936,-44.412845
CARLA SILVA,2024-05-20 16:38:07,86.2,0.1,-23.14171,-44.41333
CARLA SILVA,2024-05-20 17:17:08,93.7,0.0,-23.141568,-44.412733
CARLA SILVA,2024-05-20 17:42:36,172.3,2.9,-23.144991,-44.41274
CARLA SILVA,2024-05-20 19:04:26,178.4,9.6,-23.377955,-44.41281
CARLA SILVA,2024-05-20 19:07:57,179.0,10.3,-23.387771,-44.412663
CARLA SILVA,2024-05-20 19:50:44,181.9,10.7,-23.516883,-44.407406
CARLA SILVA,2024-05-20 21:45:06,193.6,10.8,-23.853573,-44.447443
CARLA SILVA,2024-05-20 21:49:44,195.4,10.8,-23.867318,-44.451091
CARLA SILVA,2024-05-20 21:56:14,195.4,10.7,-23.886446,-44.456356
CARLA SILVA,2024-05-20 22:13:25,192.2,11.2,-23.93761,-44.469985
CARLA SILVA,2024-05-20 22:21:35,192.8,11.2,-23.962636,-44.47632
CARLA SILVA,2024-05-20 22:30:46,192.6,11.0,-23.990488,-44.483368
CARLA SILVA,2024-05-20 22:30:56,193.0,11.0,-23.990988,-44.483493
CARLA SILVA,2024-05-20 22:49:27,192.4,11.5,-24.048443,-44.497641
CARLA SILVA,2024-05-20 22:55:46,192.0,11.4,-24.068275,-44.502391
CARLA SILVA,2024-05-20 23:05:24,191.4,11.5,-24.098358,-44.509616
CARLA SILVA,2024-05-20 23:31:26,191.4,11.7,-24.180538,-44.529736
CARLA SILVA,2024-05-20 23:39:36,192.0,11.9,-24.206806,-44.535661
CARLA SILVA,2024-05-20 23:42:56,190.5,12.0,-24.217718,-44.538073
CARLA SILVA,2024-05-20 23:58:44,190.6,12.1,-24.270173,-44.549353
CARLA SILVA,2024-05-21 00:17:05,190.8,12.1,-24.331708,-44.562355
CARLA SILVA,2024-05-21 00:20:24,191.8,11.8,-24.342666,-44.564785
CARLA SILVA,2024-05-21 00:21:05,191.0,12.0,-24.344896,-44.56529
CARLA SILVA,2024-05-21 00:22:24,191.5,12.0,-24.34919,-44.566288
CARLA SILVA,2024-05-21 00:23:05,193.2,11.9,-24.351428,-44.566821
CARLA SILVA,2024-05-21 00:41:45,192.9,11.9,-24.412746,-44.581253
CARLA SILVA,2024-05-21 00:47:46,193.3,12.2,-24.432708,-44.586231
CARLA SILVA,2024-05-21 00:54:25,193.1,12.2,-24.454908,-44.591795
CARLA SILVA,2024-05-21 00:55:35,191.2,12.1,-24.458871,-44.592775
CARLA SILVA,2024-05-21 01:52:45,191.9,12.5,-24.653516,-44.638861
CARLA SILVA,2024-05-21 03:21:55,185.4,12.4,-24.965206,-44.704988
CARLA SILVA,2024-05-21 03:22:04,185.7,12.4,-24.965731,-44.705046
CARLA SILVA,2024-05-21 03:22:55,183.8,12.4,-24.968755,-44.705338
CARLA SILVA,2024-05-21 03:23:25,184.9,12.5,-24.970501,-44.705491
CARLA SILVA,2024-05-21 03:23:55,185.5,12.6,-24.972198,-44.70565
CARLA SILVA,2024-05-21 03:24:24,184.7,12.6,-24.973905,-44.705801
CARLA SILVA,2024-05-21 03:25:16,184.7,12.7,-24.976968,-44.706056
CARLA SILVA,2024-05-21 04:09:46,195.5,12.7,-25.1341,-44.726075
CARLA SILVA,2024-05-21 04:53:04,195.4,12.5,-25.28247,-44.77104
CARLA SILVA,2024-05-21 04:54:04,193.5,12.6,-25.285781,-44.772048
CARLA SILVA,2024-05-21 04:54:16,195.0,12.5,-25.286401,-44.772236
CARLA SILVA,2024-05-21 04:54:36,194.2,12.6,-25.287585,-44.772581
CARLA SILVA,2024-05-21 04:55:16,194.4,12.4,-25.28983,-44.773218
CARLA SILVA,2024-05-21 04:55:36,194.5,12.4,-25.290961,-44.773541
CARLA SILVA,2024-05-21 04:55:45,195.3,12.3,-25.291468,-44.773688
CARLA SILVA,2024-05-21 04:56:26,195.0,12.3,-25.293755,-44.774343
CARLA SILVA,2024-05-21 04:57:26,195.5,12.4,-25.296975,-44.775286
CARLA SILVA,2024-05-21 04:57:36,194.8,12.4,-25.297558,-44.775448
CARLA SILVA,2024-05-21 04:57:56,196.2,12.3,-25.298715,-44.775781
CARLA SILVA,2024-05-21 04:58:16,195.1,12.4,-25.299823,-44.776105
CARLA SILVA,2024-05-21 04:58:36,193.9,12.5,-25.300961,-44.776433
CARLA SILVA,2024-05-21 04:58:45,193.9,12.5,-25.30147,-44.776583
CARLA SILVA,2024-05-21 04:59:36,195.0,12.5,-25.30432,-44.777441
CARLA SILVA,2024-05-21 04:59:45,195.0,12.5,-25.304885,-44.777606
CARLA SILVA,2024-05-21 04:59:56,194.8,12.6,-25.305456,-44.777771
CARLA SILVA,2024-05-21 05:10:25,195.1,12.7,-25.341568,-44.788396
CARLA SILVA,2024-05-21 05:14:25,193.8,13.0,-25.355321,-44.792425
CARLA SILVA,2024-05-21 05:19:55,192.3,12.7,-25.3746,-44.798068
CARLA SILVA,2024-05-21 05:51:49,191.1,12.9,-25.486181,-44.82435
CARLA SILVA,2024-05-21 06:05:59,191.5,12.8,-25.535778,-44.836155
CARLA SILVA,2024-05-21 06:22:48,191.9,12.8,-25.594353,-44.849775
CARLA SILVA,2024-05-21 06:29:09,191.6,12.7,-25.616605,-44.854808
CARLA SILVA,2024-05-21 06:55:59,191.6,12.6,-25.709923,-44.875656
CARLA SILVA,2024-05-21 06:57:58,190.3,12.7,-25.716876,-44.877155
CARLA SILVA,2024-05-21 07:02:09,190.8,12.2,-25.731068,-44.8803
CARLA SILVA,2024-05-21 07:05:30,190.5,12.2,-25.742188,-44.882748
CARLA SILVA,2024-05-21 07:37:59,194.4,12.6,-25.853325,-44.908331
CARLA SILVA,2024-05-21 07:40:39,193.0,12.5,-25.862441,-44.910828
CARLA SILVA,2024-05-21 07:43:19,193.7,12.4,-25.871475,-44.913393
CARLA SILVA,2024-05-21 07:45:29,195.4,12.5,-25.878818,-44.915441
CARLA SILVA,2024-05-21 08:04:19,193.3,12.7,-25.943358,-44.933523
CARLA SILVA,2024-05-21 08:41:49,227.5,12.7,-26.052661,-45.000915
CARLA SILVA,2024-05-21 09:14:19,229.1,12.8,-26.128366,-45.098446
CARLA SILVA,2024-05-21 09:17:40,227.0,12.6,-26.136225,-45.108555
CARLA SILVA,2024-05-21 09:32:11,229.5,12.8,-26.169775,-45.15191
CARLA SILVA,2024-05-21 09:35:39,226.9,12.8,-26.177843,-45.162401
CARLA SILVA,2024-05-21 10:12:48,227.3,12.8,-26.266658,-45.271125
CARLA SILVA,2024-05-21 10:16:00,227.2,12.8,-26.274435,-45.28038
CARLA SILVA,2024-05-21 10:20:40,224.1,12.5,-26.285733,-45.293921
CARLA SILVA,2024-05-21 10:24:19,225.8,12.5,-26.294586,-45.304158
CARLA SILVA,2024-05-21 10:59:40,229.6,12.6,-26.379596,-45.404266
CARLA SILVA,2024-05-21 11:02:19,226.7,12.7,-26.385923,-45.411953
CARLA SILVA,2024-05-21 11:11:30,229.9,12.5,-26.407226,-45.438638
CARLA SILVA,2024-05-21 11:15:50,226.0,12.4,-26.417136,-45.4513
CARLA SILVA,2024-05-21 11:32:58,225.8,12.6,-26.456303,-45.501501
CARLA SILVA,2024-05-21 11:34:18,231.8,12.5,-26.459373,-45.505448
CARLA SILVA,2024-05-21 11:49:40,231.1,12.5,-26.494873,-45.550488
CARLA SILVA,2024-05-21 11:51:59,228.8,12.5,-26.500198,-45.557273
CARLA SILVA,2024-05-21 11:55:20,226.9,12.6,-26.507923,-45.567133
CARLA SILVA,2024-05-21 12:06:29,231.2,12.5,-26.533511,-45.599963
CARLA SILVA,2024-05-21 12:09:50,227.5,12.4,-26.541235,-45.609765
CARLA SILVA,2024-05-21 12:49:09,228.9,12.4,-26.631001,-45.724268
CARLA SILVA,2024-05-21 12:53:41,226.8,12.5,-26.641411,-45.73754
CARLA SILVA,2024-05-21 13:01:38,229.0,12.4,-26.659678,-45.760901
CARLA SILVA,2024-05-21 13:02:28,229.6,12.4,-26.661546,-45.763261
CARLA SILVA,2024-05-21 13:03:50,231.2,12.3,-26.664651,-45.767231
CARLA SILVA,2024-05-21 13:45:19,230.0,12.6,-26.76009,-45.888308
CARLA SILVA,2024-05-21 13:50:29,230.5,12.5,-26.772108,-45.90359
CARLA SILVA,2024-05-21 14:32:30,230.5,12.8,-26.871943,-46.02732
CARLA SILVA,2024-05-21 15:18:00,225.7,12.8,-26.98172,-46.162035
CARLA SILVA,2024-05-21 15:20:29,226.6,12.8,-26.987686,-46.169421
CARLA SILVA,2024-05-21 15:22:50,227.9,12.9,-26.993401,-46.176295
CARLA SILVA,2024-05-21 15:27:49,224.4,12.7,-27.005426,-46.191031
CARLA SILVA,2024-05-21 15:39:09,226.9,12.7,-27.032526,-46.22416
CARLA SILVA,2024-05-21 16:18:31,226.0,12.9,-27.128443,-46.339583
CARLA SILVA,2024-05-21 16:46:47,226.9,13.1,-27.199443,-46.424171
CARLA SILVA,2024-05-21 16:47:08,226.7,13.2,-27.200283,-46.425181
CARLA SILVA,2024-05-21 16:48:28,228.0,13.2,-27.203648,-46.42918
CARLA SILVA,2024-05-21 16:50:06,226.4,13.2,-27.207818,-46.434105
CARLA SILVA,2024-05-21 16:50:18,227.6,13.2,-27.208283,-46.43465
CARLA SILVA,2024-05-21 16:50:46,226.9,13.1,-27.209466,-46.436043
CARLA SILVA,2024-05-21 16:51:46,225.6,13.1,-27.21201,-46.439066
CARLA SILVA,2024-05-21 17:06:09,224.8,13.2,-27.248315,-46.481296
CARLA SILVA,2024-05-21 17:19:01,222.1,13.4,-27.281145,-46.5198
CARLA SILVA,2024-05-21 17:24:29,229.2,13.5,-27.295455,-46.536403
CARLA SILVA,2024-05-21 17:27:59,225.9,13.6,-27.304723,-46.547046
CARLA SILVA,2024-05-21 17:53:59,233.3,13.7,-27.36859,-46.632445
CARLA SILVA,2024-05-21 17:54:38,231.9,13.8,-27.370196,-46.63468
CARLA SILVA,2024-05-21 17:55:18,230.5,13.9,-27.371815,-46.636931
CARLA SILVA,2024-05-21 17:55:38,232.3,13.8,-27.372613,-46.638063
CARLA SILVA,2024-05-21 17:56:38,231.2,13.8,-27.37497,-46.641478
CARLA SILVA,2024-05-21 18:03:08,233.1,13.9,-27.39039,-46.663658
CARLA SILVA,2024-05-21 18:22:27,235.4,13.8,-27.434916,-46.73024
CARLA SILVA,2024-05-21 18:22:38,235.0,13.8,-27.435326,-46.730876
CARLA SILVA,2024-05-21 18:23:08,236.2,13.8,-27.43647,-46.732641
CARLA SILVA,2024-05-21 18:24:38,232.3,13.9,-27.439908,-46.737955
CARLA SILVA,2024-05-21 18:24:53,234.3,13.9,-27.440463,-46.738836
CARLA SILVA,2024-05-21 18:25:53,233.4,13.9,-27.442773,-46.742395
CARLA SILVA,2024-05-21 19:09:13,227.6,13.8,-27.551893,-46.884551
CARLA SILVA,2024-05-21 19:43:23,230.7,13.5,-27.639115,-46.992873
CARLA SILVA,2024-05-21 20:20:54,224.9,13.3,-27.731828,-47.111918
CARLA SILVA,2024-05-21 20:53:13,228.0,13.1,-27.814571,-47.209618
CARLA SILVA,2024-05-21 20:56:53,230.5,13.1,-27.823556,-47.22093
CARLA SILVA,2024-05-21 21:17:03,227.2,13.2,-27.873748,-47.28313
CARLA SILVA,2024-05-21 21:31:05,227.3,13.5,-27.909418,-47.326486
CARLA SILVA,2024-05-21 21:58:34,225.5,13.6,-27.980561,-47.411561
CARLA SILVA,2024-05-21 22:00:45,226.6,13.6,-27.98635,-47.418321
CARLA SILVA,2024-05-21 22:05:34,228.2,13.6,-27.998816,-47.43346
CARLA SILVA,2024-05-21 22:31:14,223.3,13.7,-28.066356,-47.5137
CARLA SILVA,2024-05-21 22:40:24,229.4,13.6,-28.090448,-47.542381
CARLA SILVA,2024-05-21 22:43:05,227.1,13.7,-28.09742,-47.5508
CARLA SILVA,2024-05-21 23:04:54,230.4,13.5,-28.15297,-47.619375
CARLA SILVA,2024-05-21 23:43:32,229.9,13.5,-28.248111,-47.745645
CARLA SILVA,2024-05-21 23:46:22,229.0,13.6,-28.255005,-47.75482
CARLA SILVA,2024-05-22 00:06:04,231.7,13.8,-28.302906,-47.820766
CARLA SILVA,2024-05-22 00:09:04,230.2,13.7,-28.31027,-47.830866
CARLA SILVA,2024-05-22 00:13:33,228.7,13.7,-28.321271,-47.845768
CARLA SILVA,2024-05-22 00:16:03,231.3,13.8,-28.327401,-47.854251
CARLA SILVA,2024-05-22 00:23:03,229.9,13.7,-28.34428,-47.877745
CARLA SILVA,2024-05-22 00:27:23,228.1,13.8,-28.354828,-47.892266
CARLA SILVA,2024-05-22 00:41:32,229.8,13.5,-28.388993,-47.939363
CARLA SILVA,2024-05-22 00:44:52,225.7,13.3,-28.397171,-47.950015
CARLA SILVA,2024-05-22 00:49:24,227.6,13.1,-28.408291,-47.963928
CARLA SILVA,2024-05-22 00:56:13,227.6,13.0,-28.42502,-47.984701
CARLA SILVA,2024-05-22 00:59:05,228.6,13.0,-28.431918,-47.993291
CARLA SILVA,2024-05-22 01:02:13,227.9,13.1,-28.439838,-48.002858
CARLA SILVA,2024-05-22 01:03:05,223.3,13.0,-28.442001,-48.005376
CARLA SILVA,2024-05-22 01:21:14,225.1,13.8,-28.488883,-48.060941
CARLA SILVA,2024-05-22 01:28:14,225.1,13.8,-28.507385,-48.083166
CARLA SILVA,2024-05-22 01:30:52,223.6,13.9,-28.51435,-48.091585
CARLA SILVA,2024-05-22 01:36:34,227.5,13.9,-28.529431,-48.109836
CARLA SILVA,2024-05-22 01:45:03,227.6,13.7,-28.551478,-48.137076
CARLA SILVA,2024-05-22 01:45:12,229.3,13.6,-28.551866,-48.137556
CARLA SILVA,2024-05-22 01:45:32,229.0,13.7,-28.552725,-48.138628
CARLA SILVA,2024-05-22 03:13:24,230.6,12.9,-28.765046,-48.404123
CARLA SILVA,2024-05-22 03:39:52,230.5,13.1,-28.827911,-48.487313
CARLA SILVA,2024-05-22 03:40:03,229.4,13.1,-28.828383,-48.487941
CARLA SILVA,2024-05-22 03:40:32,229.3,13.1,-28.829516,-48.489461
CARLA SILVA,2024-05-22 03:43:02,225.5,13.1,-28.835576,-48.497261
CARLA SILVA,2024-05-22 04:09:54,229.7,13.1,-28.901446,-48.580905
CARLA SILVA,2024-05-22 04:12:44,229.0,13.1,-28.908485,-48.58959
CARLA SILVA,2024-05-22 04:13:04,229.6,13.1,-28.909313,-48.590603
CARLA SILVA,2024-05-22 04:15:44,230.3,13.1,-28.91593,-48.598716
CARLA SILVA,2024-05-22 04:49:22,229.4,12.9,-28.997208,-48.70086
CARLA SILVA,2024-05-22 04:56:04,229.1,12.9,-29.012453,-48.721565
CARLA SILVA,2024-05-22 05:15:13,229.3,13.1,-29.057193,-48.782323
CARLA SILVA,2024-05-22 05:15:52,231.1,13.1,-29.058681,-48.784368
CARLA SILVA,2024-05-22 05:17:52,232.1,13.1,-29.063446,-48.790788
CARLA SILVA,2024-05-22 05:18:52,228.6,13.2,-29.065818,-48.793968
CARLA SILVA,2024-05-22 05:19:02,229.5,13.1,-29.066248,-48.794556
CARLA SILVA,2024-05-22 05:54:33,226.6,13.3,-29.152171,-48.907148
CARLA SILVA,2024-05-22 05:57:53,229.4,13.3,-29.16038,-48.917796
CARLA SILVA,2024-05-22 06:35:34,227.0,13.5,-29.254611,-49.038953
CARLA SILVA,2024-05-22 06:39:54,227.5,13.6,-29.265586,-49.052978
CARLA SILVA,2024-05-22 06:45:54,228.3,13.5,-29.280621,-49.072335
CARLA SILVA,2024-05-22 07:43:34,226.1,13.7,-29.42457,-49.260241
CARLA SILVA,2024-05-22 08:15:17,224.4,13.9,-29.508181,-49.363128
CARLA SILVA,2024-05-22 08:36:07,226.9,13.7,-29.562905,-49.430253
CARLA SILVA,2024-05-22 08:47:17,227.0,13.7,-29.591896,-49.466213
CARLA SILVA,2024-05-22 10:07:24,226.5,14.0,-29.793843,-49.734151
CARLA SILVA,2024-05-22 10:08:48,228.5,13.9,-29.79754,-49.738756
CARLA SILVA,2024-05-22 10:53:19,232.1,12.7,-29.904701,-49.87593
CARLA SILVA,2024-05-22 11:57:41,334.1,1.3,-29.975133,-50.037226
CARLA SILVA,2024-05-22 19:57:04,327.9,0.0,-29.975638,-50.03802
CARLA SILVA,2024-05-22 23:12:05,155.7,0.0,-29.97538,-50.0383
CARLA SILVA,2024-05-22 23:21:04,150.5,0.3,-29.975341,-50.038288
CARLA SILVA,2024-05-22 23:57:05,114.1,0.0,-29.975226,-50.038526
CARLA SILVA,2024-05-23 00:33:04,145.2,0.2,-29.974978,-50.038666
CARLA SILVA,2024-05-23 06:09:05,294.0,0.1,-29.973555,-50.038771
CARLA SILVA,2024-05-23 09:57:05,225.1,0.0,-29.973043,-50.039206
CARLA SILVA,2024-05-23 12:12:57,93.4,1.9,-29.971885,-50.035305
CARLA SILVA,2024-05-23 12:13:08,97.3,2.0,-29.971895,-50.035171
CARLA SILVA,2024-05-23 12:29:39,166.7,6.8,-29.994001,-50.023911
CARLA SILVA,2024-05-23 12:32:48,170.5,6.2,-29.999591,-50.02251
CARLA SILVA,2024-05-23 12:36:58,188.4,5.4,-30.006301,-50.022293
CARLA SILVA,2024-05-23 12:42:58,216.6,4.9,-30.013943,-50.02662
CARLA SILVA,2024-05-23 13:29:29,335.8,1.8,-30.031396,-50.052123
CARLA SILVA,2024-05-23 13:31:39,306.9,2.0,-30.030458,-50.05301
CARLA SILVA,2024-05-23 14:16:28,92.5,2.0,-30.032896,-50.083586
CARLA SILVA,2024-05-23 19:36:48,7.7,0.1,-30.033388,-50.079208
CARLA SILVA,2024-05-23 21:42:48,323.1,0.0,-30.033813,-50.078868
CARLA SILVA,2024-05-24 16:09:07,358.9,0.5,-30.029005,-50.075733
CARLA SILVA,2024-05-24 16:11:27,3.3,0.9,-30.028511,-50.075635
CARLA SILVA,2024-05-24 16:43:06,88.8,2.3,-30.024795,-50.063885
CARLA SILVA,2024-05-24 16:53:26,54.2,6.5,-30.022113,-50.050961
CARLA SILVA,2024-05-24 17:18:45,46.3,12.1,-29.981825,-49.982245
CARLA SILVA,2024-05-24 17:28:07,46.1,12.9,-29.944521,-49.936405
CARLA SILVA,2024-05-24 17:31:47,45.4,12.9,-29.935223,-49.925416
CARLA SILVA,2024-05-24 17:33:47,46.8,12.9,-29.94576,-49.937916
CARLA SILVA,2024-05-24 17:34:07,46.0,12.9,-29.929405,-49.918515
CARLA SILVA,2024-05-24 17:34:17,46.1,12.9,-29.928996,-49.91801
CARLA SILVA,2024-05-24 17:35:07,47.5,13.0,-29.926881,-49.915413
CARLA SILVA,2024-05-24 17:51:07,46.4,13.0,-29.901785,-49.886146
CARLA SILVA,2024-05-24 17:52:08,45.3,12.9,-29.899291,-49.883231
CARLA SILVA,2024-05-24 17:52:46,44.2,12.9,-29.897613,-49.881291
CARLA SILVA,2024-05-24 17:52:56,44.0,12.9,-29.897196,-49.880805
CARLA SILVA,2024-05-24 17:53:16,45.0,12.9,-29.896305,-49.87977
CARLA SILVA,2024-05-24 18:31:26,52.8,13.1,-29.802696,-49.76154
CARLA SILVA,2024-05-24 19:25:06,47.4,13.1,-29.676676,-49.588876
CARLA SILVA,2024-05-24 20:33:17,48.0,12.9,-29.515956,-49.374705
CARLA SILVA,2024-05-24 20:44:37,48.2,13.0,-29.488545,-49.33972
CARLA SILVA,2024-05-24 21:05:27,48.1,13.1,-29.437931,-49.274936
CARLA SILVA,2024-05-24 21:08:38,45.5,13.3,-29.429998,-49.265143
CARLA SILVA,2024-05-24 21:18:37,47.9,13.3,-29.404921,-49.233586
CARLA SILVA,2024-05-24 21:29:28,44.6,13.3,-29.37742,-49.19964
CARLA SILVA,2024-05-24 21:43:47,48.3,13.4,-29.341645,-49.154191
CARLA SILVA,2024-05-24 21:47:16,48.1,13.3,-29.332963,-49.143066
CARLA SILVA,2024-05-24 22:19:27,48.1,13.3,-29.253588,-49.039363
CARLA SILVA,2024-05-24 22:21:28,46.5,13.4,-29.248641,-49.032981
CARLA SILVA,2024-05-24 22:28:38,48.3,13.3,-29.231158,-49.009765
CARLA SILVA,2024-05-24 22:31:38,50.4,13.3,-29.22386,-49.000081
CARLA SILVA,2024-05-24 22:52:23,50.9,13.2,-29.173415,-48.933496
CARLA SILVA,2024-05-24 23:10:14,49.6,12.9,-29.129836,-48.878153
CARLA SILVA,2024-05-24 23:13:24,48.5,12.9,-29.121955,-48.868408
CARLA SILVA,2024-05-24 23:43:54,47.4,13.2,-29.048073,-48.774001
CARLA SILVA,2024-05-25 00:10:14,46.9,13.3,-28.983013,-48.690975
CARLA SILVA,2024-05-25 00:17:44,50.3,13.3,-28.964536,-48.667223
CARLA SILVA,2024-05-25 00:23:03,47.2,13.3,-28.951368,-48.650283
CARLA SILVA,2024-05-25 00:28:22,48.3,13.4,-28.937955,-48.63362
CARLA SILVA,2024-05-25 00:29:22,51.0,13.4,-28.935458,-48.630385
CARLA SILVA,2024-05-25 00:53:53,49.2,13.4,-28.874203,-48.552465
CARLA SILVA,2024-05-25 00:56:32,49.4,13.4,-28.867745,-48.543865
CARLA SILVA,2024-05-25 01:07:13,48.9,13.5,-28.84089,-48.509866
CARLA SILVA,2024-05-25 01:09:33,49.9,13.4,-28.83506,-48.502438
CARLA SILVA,2024-05-25 01:09:34,49.9,13.4,-28.83506,-48.502438
CARLA SILVA,2024-05-25 01:09:53,46.6,13.4,-28.834223,-48.501395
CARLA SILVA,2024-05-25 01:10:53,49.0,13.3,-28.831808,-48.498271
CARLA SILVA,2024-05-25 01:28:23,49.2,13.5,-28.788558,-48.442821
CARLA SILVA,2024-05-25 02:09:55,45.2,13.0,-28.683541,-48.314988
CARLA SILVA,2024-05-25 02:51:15,47.7,13.3,-28.580996,-48.187765
CARLA SILVA,2024-05-25 03:41:34,48.7,13.1,-28.456791,-48.026991
CARLA SILVA,2024-05-25 03:49:34,45.5,13.0,-28.437023,-48.002431
CARLA SILVA,2024-05-25 04:14:53,48.4,13.0,-28.374926,-47.92493
CARLA SILVA,2024-05-25 04:46:54,53.5,12.9,-28.298841,-47.826551
CARLA SILVA,2024-05-25 04:51:24,50.9,13.0,-28.288931,-47.812273
CARLA SILVA,2024-05-25 05:22:45,50.2,12.9,-28.217361,-47.712403
CARLA SILVA,2024-05-25 06:29:15,48.2,12.0,-28.067743,-47.507165
CARLA SILVA,2024-05-25 06:36:03,46.8,12.0,-28.052531,-47.487646
CARLA SILVA,2024-05-25 07:04:13,47.3,12.1,-27.98816,-47.408868
CARLA SILVA,2024-05-25 07:10:03,45.5,12.3,-27.974386,-47.392703
CARLA SILVA,2024-05-25 08:43:54,47.3,11.7,-27.752043,-47.141431
CARLA SILVA,2024-05-25 08:52:53,50.9,11.7,-27.732095,-47.11667
CARLA SILVA,2024-05-25 08:56:44,50.7,11.6,-27.723978,-47.105786
CARLA SILVA,2024-05-25 09:08:33,47.3,11.5,-27.699691,-47.07238
CARLA SILVA,2024-05-25 09:33:53,53.7,11.2,-27.648783,-47.000998
CARLA SILVA,2024-05-25 10:38:34,48.4,10.8,-27.52549,-46.824941
CARLA SILVA,2024-05-25 10:51:45,46.5,11.0,-27.499018,-46.791021
CARLA SILVA,2024-05-25 10:55:23,48.2,10.8,-27.491746,-46.781783
CARLA SILVA,2024-05-25 11:37:43,46.7,11.2,-27.407026,-46.672558
CARLA SILVA,2024-05-25 12:37:33,50.3,11.3,-27.286263,-46.5166
CARLA SILVA,2024-05-25 12:40:13,47.9,11.4,-27.280616,-46.509441
CARLA SILVA,2024-05-25 13:28:44,21.1,11.3,-27.155286,-46.42203
CARLA SILVA,2024-05-25 14:02:12,12.2,11.6,-27.053103,-46.388203
CARLA SILVA,2024-05-25 14:16:14,15.5,11.5,-27.009241,-46.376275
CARLA SILVA,2024-05-25 14:18:33,15.5,11.5,-27.00207,-46.37403
CARLA SILVA,2024-05-25 14:33:13,12.3,11.6,-26.955926,-46.361061
CARLA SILVA,2024-05-25 14:35:15,13.0,11.6,-26.94958,-46.359065
CARLA SILVA,2024-05-25 15:08:04,20.1,11.8,-26.847055,-46.324311
CARLA SILVA,2024-05-25 15:41:03,20.8,11.8,-26.744761,-46.283828
CARLA SILVA,2024-05-25 16:17:01,16.2,11.9,-26.63211,-46.241385
CARLA SILVA,2024-05-25 16:40:34,18.5,11.9,-26.557556,-46.214106
CARLA SILVA,2024-05-25 16:44:04,17.3,11.8,-26.546578,-46.210181
CARLA SILVA,2024-05-25 17:36:34,16.9,12.4,-26.377078,-46.148228
CARLA SILVA,2024-05-25 17:57:02,16.8,11.9,-26.310246,-46.124293
CARLA SILVA,2024-05-25 17:58:51,18.0,12.0,-26.304525,-46.122285
CARLA SILVA,2024-05-25 18:17:53,16.2,11.9,-26.244146,-46.10145
CARLA SILVA,2024-05-25 18:19:22,16.3,12.0,-26.23936,-46.099778
CARLA SILVA,2024-05-25 18:28:43,17.3,12.0,-26.209203,-46.08978
CARLA SILVA,2024-05-25 19:33:31,14.7,12.0,-26.001921,-46.025385
CARLA SILVA,2024-05-25 19:34:31,15.0,11.9,-25.998678,-46.024433
CARLA SILVA,2024-05-25 19:34:33,15.0,11.9,-25.998678,-46.024433
CARLA SILVA,2024-05-25 19:40:55,14.3,11.9,-25.978178,-46.018106
CARLA SILVA,2024-05-25 20:15:34,18.9,11.7,-25.869658,-45.978983
CARLA SILVA,2024-05-25 20:18:04,19.7,11.8,-25.861981,-45.975951
CARLA SILVA,2024-05-25 20:26:25,18.9,11.7,-25.83611,-45.965715
CARLA SILVA,2024-05-25 20:47:04,21.8,11.7,-25.77294,-45.939701
CARLA SILVA,2024-05-25 21:14:53,17.8,11.9,-25.687065,-45.904025
CARLA SILVA,2024-05-25 21:23:24,20.1,12.0,-25.660251,-45.893618
CARLA SILVA,2024-05-25 21:49:14,19.5,12.3,-25.578371,-45.861061
CARLA SILVA,2024-05-25 22:05:04,17.8,12.2,-25.52663,-45.842553
CARLA SILVA,2024-05-25 22:29:52,16.2,12.4,-25.444668,-45.814613
CARLA SILVA,2024-05-25 22:42:14,16.6,12.5,-25.403635,-45.800876
CARLA SILVA,2024-05-25 22:48:54,16.2,12.4,-25.38127,-45.793405
CARLA SILVA,2024-05-25 23:22:52,17.2,12.5,-25.268086,-45.755876
CARLA SILVA,2024-05-25 23:57:03,18.1,12.6,-25.153243,-45.717498
CARLA SILVA,2024-05-26 00:23:42,18.3,12.5,-25.063706,-45.686048
CARLA SILVA,2024-05-26 00:24:23,17.3,12.5,-25.061485,-45.685275
CARLA SILVA,2024-05-26 00:25:14,18.6,12.6,-25.05862,-45.68428
CARLA SILVA,2024-05-26 00:25:23,18.9,12.6,-25.05806,-45.684078
CARLA SILVA,2024-05-26 00:27:02,18.6,12.7,-25.052535,-45.682103
CARLA SILVA,2024-05-26 00:34:24,17.4,12.6,-25.027723,-45.673276
CARLA SILVA,2024-05-26 00:51:10,19.9,12.7,-24.96964,-45.652895
CARLA SILVA,2024-05-26 00:53:32,16.9,12.6,-24.962846,-45.650458
CARLA SILVA,2024-05-26 00:54:04,18.0,12.5,-24.961128,-45.64983
CARLA SILVA,2024-05-26 00:54:32,18.4,12.6,-24.959561,-45.649276
CARLA SILVA,2024-05-26 00:55:04,17.9,12.6,-24.957855,-45.648673
CARLA SILVA,2024-05-26 00:56:04,17.2,12.6,-24.954523,-45.647518
CARLA SILVA,2024-05-26 01:01:04,15.3,12.4,-24.937821,-45.642081
CARLA SILVA,2024-05-26 01:01:23,16.9,12.3,-24.936771,-45.641756
CARLA SILVA,2024-05-26 01:04:34,18.0,12.4,-24.926275,-45.638396
CARLA SILVA,2024-05-26 01:07:23,14.1,12.3,-24.916806,-45.635485
CARLA SILVA,2024-05-26 01:56:23,22.2,12.5,-24.754166,-45.581198
CARLA SILVA,2024-05-26 01:58:14,22.7,12.6,-24.74812,-45.578553
CARLA SILVA,2024-05-26 01:59:05,23.8,12.6,-24.745376,-45.577256
CARLA SILVA,2024-05-26 01:59:54,24.3,12.6,-24.742678,-45.575986
CARLA SILVA,2024-05-26 02:02:33,21.9,12.6,-24.733986,-45.572068
CARLA SILVA,2024-05-26 02:41:53,19.8,12.7,-24.60339,-45.519478
CARLA SILVA,2024-05-26 02:47:33,21.5,12.8,-24.5845,-45.511906
CARLA SILVA,2024-05-26 02:49:44,19.9,12.8,-24.577101,-45.508958
CARLA SILVA,2024-05-26 03:33:54,16.6,11.8,-24.43366,-45.45533
CARLA SILVA,2024-05-26 03:38:53,15.7,11.8,-24.417901,-45.450415
CARLA SILVA,2024-05-26 03:50:32,15.0,11.9,-24.380751,-45.438598
CARLA SILVA,2024-05-26 04:39:03,20.7,7.5,-24.237781,-45.390411
CARLA SILVA,2024-05-26 04:40:33,19.3,7.1,-24.23491,-45.389275
CARLA SILVA,2024-05-26 04:41:03,21.3,7.1,-24.234006,-45.388918
CARLA SILVA,2024-05-26 04:41:13,21.6,7.1,-24.233698,-45.3888
CARLA SILVA,2024-05-26 04:41:33,19.0,6.8,-24.233081,-45.388568
CARLA SILVA,2024-05-26 04:44:23,19.8,6.4,-24.228096,-45.386608
CARLA SILVA,2024-05-26 04:57:44,28.7,4.9,-24.209058,-45.377488
CARLA SILVA,2024-05-26 05:34:04,46.9,2.0,-24.196803,-45.350555
CARLA SILVA,2024-05-26 05:36:54,73.7,2.1,-24.195818,-45.348736
CARLA SILVA,2024-05-26 06:07:23,78.2,1.8,-24.186808,-45.330023
CARLA SILVA,2024-05-26 06:46:04,52.3,2.5,-24.175401,-45.307693
CARLA SILVA,2024-05-26 06:58:34,59.4,2.3,-24.171573,-45.300473
CARLA SILVA,2024-05-26 07:12:24,158.1,0.6,-24.172451,-45.289835
CARLA SILVA,2024-05-26 07:19:45,311.5,4.3,-24.171378,-45.293373
CARLA SILVA,2024-05-26 07:45:23,317.5,10.2,-24.127988,-45.340521
CARLA SILVA,2024-05-26 07:45:27,314.3,10.3,-24.127638,-45.340891
CARLA SILVA,2024-05-26 07:49:03,320.1,10.3,-24.120181,-45.348326
CARLA SILVA,2024-05-26 07:51:37,317.0,10.3,-24.114496,-45.353893
CARLA SILVA,2024-05-26 08:48:46,311.5,5.1,-24.020853,-45.449713
CARLA SILVA,2024-05-26 10:45:15,44.1,9.6,-23.857588,-45.436943
CARLA SILVA,2024-05-26 23:25:50,105.4,0.0,-23.761641,-45.365685
CARLA SILVA,2024-05-26 23:31:50,137.2,0.0,-23.761648,-45.365635
CARLA SILVA,2024-05-27 00:19:49,183.2,0.0,-23.761665,-45.365576
CARLA SILVA,2024-05-27 00:43:49,91.0,0.0,-23.761568,-45.365501
CARLA SILVA,2024-05-27 02:40:50,111.7,0.0,-23.76158,-45.36557
CARLA SILVA,2024-05-27 05:04:18,192.4,0.0,-23.761561,-45.365506
CARLA SILVA,2024-05-27 08:37:19,357.0,0.0,-23.761696,-45.365315
CARLA SILVA,2024-05-27 14:58:19,156.9,0.0,-23.76216,-45.365668
CARLA SILVA,2024-05-27 21:46:19,213.5,0.1,-23.76206,-45.36576
CARLA SILVA,2024-05-28 02:55:19,325.9,0.0,-23.762521,-45.36446
CARLA SILVA,2024-05-28 10:28:19,230.8,0.0,-23.761736,-45.365575
CARLA SILVA,2024-05-28 12:19:19,5.8,0.0,-23.761765,-45.365275
CARLA SILVA,2024-05-28 17:10:18,266.9,0.0,-23.761356,-45.365293
CARLA SILVA,2024-05-28 19:34:19,100.6,0.0,-23.761311,-45.36529
CARLA SILVA,2024-05-28 21:16:19,328.2,0.0,-23.761391,-45.365541
CARLA SILVA,2024-05-28 23:13:19,61.9,0.0,-23.761236,-45.365423
CARLA SILVA,2024-05-28 23:46:18,107.5,0.0,-23.761186,-45.365313
CARLA SILVA,2024-05-29 04:52:19,56.7,0.0,-23.761171,-45.365168
CARLA SILVA,2024-05-29 17:25:17,284.4,0.0,-23.76149,-45.365211
CARLA SILVA,2024-05-29 19:58:19,18.9,0.0,-23.76135,-45.365403
CARLA SILVA,2024-05-29 22:16:19,253.3,0.0,-23.7614,-45.365463
CARLA SILVA,2024-05-29 23:31:19,224.9,0.0,-23.761331,-45.365366
CARLA SILVA,2024-05-30 06:31:19,231.5,0.0,-23.761498,-45.3656
CARLA SILVA,2024-05-30 09:22:18,45.5,0.0,-23.761565,-45.365658
CARLA SILVA,2024-05-30 10:10:19,32.7,0.0,-23.76157,-45.365603
CARLA SILVA,2024-05-31 02:55:19,219.0,0.0,-23.761623,-45.365603
CARLA SILVA,2024-05-31 06:24:05,31.8,0.0,-23.761285,-45.365906
CARLA SILVA,2024-05-31 07:18:04,341.1,0.0,-23.761385,-45.365958
CARLA SILVA,2024-05-31 14:12:05,81.3,0.0,-23.76446,-45.36419
CARLA SILVA,2024-05-31 19:27:41,212.2,4.7,-23.793145,-45.376253
CARLA SILVA,2024-06-01 12:17:48,142.7,0.0,-23.80115,-45.38423
CARLA SILVA,2024-06-01 22:28:04,30.9,4.2,-23.801353,-45.38034
CARLA SILVA,2024-06-02 03:47:43,26.4,0.0,-23.771891,-45.366015
CARLA SILVA,2024-06-02 12:26:44,96.1,0.0,-23.77127,-45.367608
CARLA SILVA,2024-06-02 16:53:41,300.6,0.0,-23.76868,-45.364515
CARLA SILVA,2024-06-02 18:32:42,135.6,0.0,-23.770886,-45.364245
CARLA SILVA,2024-06-03 03:23:44,267.6,0.0,-23.771733,-45.367011
CARLA SILVA,2024-06-03 05:14:42,285.0,0.0,-23.771741,-45.367035
CARLA SILVA,2024-06-04 00:50:44,330.9,0.0,-23.767333,-45.364826
CARLA SILVA,2024-06-04 00:59:43,264.3,0.0,-23.767281,-45.365068
CARLA SILVA,2024-06-04 02:59:44,9.7,0.0,-23.765951,-45.36466
CARLA SILVA,2024-06-05 14:38:44,73.7,0.0,-23.76547,-45.364328
CARLA SILVA,2024-06-05 17:05:44,89.8,0.0,-23.765788,-45.364198
CARLA SILVA,2024-06-05 21:08:44,264.1,0.1,-23.765705,-45.364186
CARLA SILVA,2024-06-06 04:50:43,212.8,0.0,-23.766093,-45.363576
CARLA SILVA,2024-06-06 05:38:44,318.6,0.0,-23.766198,-45.363426
CARLA SILVA,2024-06-06 06:47:44,263.1,0.0,-23.766646,-45.362793
CARLA SILVA,2024-06-06 07:26:44,309.9,0.0,-23.766955,-45.362663
CARLA SILVA,2024-06-06 08:14:43,211.3,0.0,-23.767908,-45.36259
CARLA SILVA,2024-06-06 21:20:44,235.9,0.0,-23.769511,-45.365918
CARLA SILVA,2024-06-06 21:50:43,89.6,0.0,-23.76955,-45.365905
CARLA SILVA,2024-06-07 04:35:43,243.7,0.0,-23.769765,-45.365318
CARLA SILVA,2024-06-07 07:35:43,204.3,0.0,-23.769866,-45.365211
CARLA SILVA,2024-06-08 00:52:45,201.2,0.0,-23.765853,-45.364311
CARLA SILVA,2024-06-08 05:01:44,31.9,0.0,-23.765951,-45.364326
CARLA SILVA,2024-06-08 05:43:45,148.3,0.0,-23.765815,-45.36435
CARLA SILVA,2024-06-08 08:16:45,192.4,0.0,-23.765715,-45.364306
CARLA SILVA,2024-06-08 20:46:45,316.2,0.0,-23.765488,-45.363931
CARLA SILVA,2024-06-09 00:13:44,241.8,0.0,-23.765476,-45.363853
CARLA SILVA,2024-06-09 11:18:04,29.1,0.0,-23.765433,-45.363755
CARLA SILVA,2024-06-09 12:39:04,101.3,0.2,-23.765221,-45.364651
CARLA SILVA,2024-06-09 15:18:04,227.5,0.0,-23.765463,-45.364141
CARLA SILVA,2024-06-09 21:40:23,250.1,0.0,-23.765826,-45.363891
CARLA SILVA,2024-06-09 22:16:23,241.1,0.0,-23.76562,-45.364256
CARLA SILVA,2024-06-09 23:28:22,144.4,0.0,-23.7659,-45.364365
CARLA SILVA,2024-06-10 01:55:22,250.7,0.0,-23.769225,-45.36362
CARLA SILVA,2024-06-10 03:25:23,216.5,0.0,-23.769618,-45.365103
CARLA SILVA,2024-06-10 10:52:23,66.1,0.0,-23.769618,-45.365416
CARLA SILVA,2024-06-11 01:19:23,82.4,0.0,-23.769808,-45.36536
CARLA SILVA,2024-06-11 12:28:22,124.3,0.0,-23.769893,-45.365291
CARLA SILVA,2024-06-12 01:55:22,299.7,0.0,-23.765333,-45.36391
CARLA SILVA,2024-06-12 03:16:23,219.7,0.0,-23.765345,-45.364185
CARLA SILVA,2024-06-12 10:16:22,323.5,0.0,-23.76536,-45.36386
CARLA SILVA,2024-06-12 23:58:25,303.8,0.0,-23.765425,-45.363646
CARLA SILVA,2024-06-13 04:46:22,274.1,0.0,-23.765596,-45.36348
CARLA SILVA,2024-06-13 08:37:23,239.2,0.0,-23.765423,-45.363823
CARLA SILVA,2024-06-13 17:16:50,76.9,0.6,-23.77038,-45.363986
CARLA SILVA,2024-06-13 18:16:09,226.4,9.9,-23.861995,-45.441556
CARLA SILVA,2024-06-13 18:50:30,166.5,10.6,-23.93906,-45.504668
CARLA SILVA,2024-06-13 19:22:10,136.8,12.2,-24.021188,-45.447043
CARLA SILVA,2024-06-13 19:26:41,136.4,12.5,-24.03249,-45.435473
CARLA SILVA,2024-06-13 19:29:41,135.5,12.7,-24.040138,-45.427528
CARLA SILVA,2024-06-13 20:03:21,94.6,12.2,-24.055531,-45.306303
CARLA SILVA,2024-06-13 20:06:31,93.9,12.2,-24.05608,-45.29454
CARLA SILVA,2024-06-13 20:08:51,94.2,12.1,-24.056518,-45.285986
CARLA SILVA,2024-06-13 20:11:40,92.3,12.0,-24.057025,-45.275511
CARLA SILVA,2024-06-13 20:15:00,94.5,12.0,-24.05766,-45.263318
CARLA SILVA,2024-06-13 20:21:31,93.3,11.9,-24.058708,-45.239553
CARLA SILVA,2024-06-13 20:39:49,87.2,12.0,-24.06047,-45.172876
CARLA SILVA,2024-06-13 20:43:21,90.0,12.1,-24.06009,-45.15994
CARLA SILVA,2024-06-13 21:06:10,60.3,12.1,-24.027776,-45.085956
CARLA SILVA,2024-06-13 21:15:59,58.3,12.1,-24.010598,-45.054855
CARLA SILVA,2024-06-13 21:49:20,62.2,12.0,-23.958373,-44.94673
CARLA SILVA,2024-06-13 22:24:30,62.4,12.0,-23.90501,-44.83224
CARLA SILVA,2024-06-13 22:55:59,63.1,12.0,-23.857371,-44.728953
CARLA SILVA,2024-06-13 22:59:10,65.9,12.0,-23.852566,-44.718576
CARLA SILVA,2024-06-13 23:30:51,61.3,12.1,-23.804948,-44.615575
CARLA SILVA,2024-06-13 23:32:09,64.0,12.0,-23.80297,-44.611263
CARLA SILVA,2024-06-13 23:34:29,65.6,12.1,-23.799431,-44.603598
CARLA SILVA,2024-06-13 23:35:30,62.6,12.0,-23.797903,-44.600296
CARLA SILVA,2024-06-13 23:53:10,61.8,11.9,-23.771386,-44.542951
CARLA SILVA,2024-06-13 23:55:39,65.0,11.9,-23.767681,-44.534988
CARLA SILVA,2024-06-13 23:56:39,64.6,11.9,-23.766178,-44.531705
CARLA SILVA,2024-06-13 23:56:59,64.8,11.9,-23.765685,-44.530626
CARLA SILVA,2024-06-13 23:57:39,64.3,11.9,-23.764711,-44.528511
CARLA SILVA,2024-06-14 00:00:59,63.6,11.9,-23.759746,-44.517623
CARLA SILVA,2024-06-14 00:20:21,62.9,11.9,-23.731101,-44.454683
CARLA SILVA,2024-06-14 00:26:00,61.2,12.0,-23.722746,-44.436283
CARLA SILVA,2024-06-14 00:29:40,63.0,12.0,-23.717411,-44.424366
CARLA SILVA,2024-06-14 00:38:30,63.0,12.0,-23.704271,-44.395375
CARLA SILVA,2024-06-14 01:10:31,65.4,11.7,-23.657723,-44.291551
CARLA SILVA,2024-06-14 01:15:51,65.6,11.7,-23.650831,-44.274123
CARLA SILVA,2024-06-14 01:18:29,68.4,11.6,-23.647448,-44.26549
CARLA SILVA,2024-06-14 01:25:09,67.7,11.6,-23.639045,-44.243731
CARLA SILVA,2024-06-14 01:26:09,68.3,11.6,-23.637815,-44.240541
CARLA SILVA,2024-06-14 01:27:28,69.9,11.6,-23.636198,-44.236256
CARLA SILVA,2024-06-14 01:28:29,67.8,11.6,-23.634931,-44.232936
CARLA SILVA,2024-06-14 01:31:49,69.0,11.6,-23.630831,-44.222033
CARLA SILVA,2024-06-14 02:26:20,61.0,11.7,-23.559081,-44.045658
CARLA SILVA,2024-06-14 02:54:01,64.7,11.9,-23.517543,-43.958038
CARLA SILVA,2024-06-14 03:14:39,61.2,11.9,-23.485538,-43.892136
CARLA SILVA,2024-06-14 03:23:40,62.2,11.9,-23.471571,-43.863318
CARLA SILVA,2024-06-14 03:24:19,61.4,11.9,-23.470581,-43.861296
CARLA SILVA,2024-06-14 03:25:49,61.7,11.9,-23.468238,-43.85648
CARLA SILVA,2024-06-14 03:27:39,60.1,11.9,-23.465405,-43.850628
CARLA SILVA,2024-06-14 03:28:08,62.5,11.9,-23.464646,-43.849021
CARLA SILVA,2024-06-14 04:06:51,63.2,12.0,-23.405308,-43.724623
CARLA SILVA,2024-06-14 04:54:49,66.1,11.9,-23.33803,-43.565836
CARLA SILVA,2024-06-14 04:56:49,64.3,11.9,-23.335236,-43.559346
CARLA SILVA,2024-06-14 04:57:09,63.4,11.9,-23.334731,-43.558205
CARLA SILVA,2024-06-14 04:57:30,62.1,11.9,-23.33423,-43.55707
CARLA SILVA,2024-06-14 04:57:40,61.9,11.9,-23.33399,-43.556526
CARLA SILVA,2024-06-14 04:58:30,64.2,11.9,-23.332801,-43.55386
CARLA SILVA,2024-06-14 04:58:49,64.6,11.9,-23.33231,-43.552765
CARLA SILVA,2024-06-14 04:59:30,63.8,11.9,-23.331335,-43.550591
CARLA SILVA,2024-06-14 05:00:30,64.2,11.9,-23.329866,-43.547301
CARLA SILVA,2024-06-14 05:00:40,65.0,11.9,-23.329628,-43.54676
CARLA SILVA,2024-06-14 05:01:00,65.5,11.9,-23.329143,-43.545656
CARLA SILVA,2024-06-14 05:01:49,63.8,11.9,-23.327953,-43.543013
CARLA SILVA,2024-06-14 05:02:10,65.5,11.9,-23.327463,-43.541875
CARLA SILVA,2024-06-14 05:03:00,65.7,11.9,-23.326303,-43.539213
CARLA SILVA,2024-06-14 05:04:29,64.3,11.9,-23.324166,-43.534396
CARLA SILVA,2024-06-14 05:49:29,64.7,11.8,-23.261126,-43.388148
CARLA SILVA,2024-06-14 05:50:21,64.9,11.7,-23.25992,-43.38542
CARLA SILVA,2024-06-14 05:53:39,65.7,11.7,-23.255258,-43.374783
CARLA SILVA,2024-06-14 05:56:39,64.8,11.7,-23.250943,-43.365208
CARLA SILVA,2024-06-14 05:57:01,65.1,11.7,-23.250463,-43.364121
CARLA SILVA,2024-06-14 06:22:00,63.7,11.5,-23.215215,-43.284751
CARLA SILVA,2024-06-14 06:27:00,63.1,11.6,-23.208155,-43.269005
CARLA SILVA,2024-06-14 06:55:20,62.8,7.6,-23.174971,-43.18913
CARLA SILVA,2024-06-14 07:00:20,69.3,7.2,-23.17106,-43.178726
CARLA SILVA,2024-06-14 07:27:59,104.9,2.4,-23.16648,-43.138836
CARLA SILVA,2024-06-14 07:36:30,154.4,1.9,-23.170243,-43.135213
CARLA SILVA,2024-06-14 07:43:00,140.0,1.3,-23.1732,-43.133611
CARLA SILVA,2024-06-14 08:12:01,166.6,0.4,-23.177311,-43.129548
CARLA SILVA,2024-06-14 08:14:10,178.5,0.2,-23.177501,-43.129525
CARLA SILVA,2024-06-14 08:19:30,207.6,0.2,-23.177945,-43.12969
CARLA SILVA,2024-06-14 08:23:41,205.9,0.2,-23.178338,-43.129926
CARLA SILVA,2024-06-14 08:45:00,205.5,0.6,-23.180385,-43.131443
CARLA SILVA,2024-06-14 08:51:49,211.3,0.7,-23.18099,-43.13218
CARLA SILVA,2024-06-14 09:06:40,219.4,0.5,-23.182656,-43.134075
CARLA SILVA,2024-06-14 09:12:51,222.4,0.5,-23.183433,-43.134776
CARLA SILVA,2024-06-14 10:05:00,240.6,0.2,-23.189715,-43.140726
CARLA SILVA,2024-06-14 10:09:51,220.6,0.6,-23.190288,-43.141318
CARLA SILVA,2024-06-14 10:50:09,221.2,0.2,-23.194223,-43.14565
CARLA SILVA,2024-06-14 10:53:21,221.0,0.4,-23.194558,-43.145973
CARLA SILVA,2024-06-14 10:56:50,229.5,0.2,-23.194916,-43.146296
CARLA SILVA,2024-06-14 11:00:29,213.9,0.7,-23.195313,-43.14662
CARLA SILVA,2024-06-14 11:05:51,215.6,0.4,-23.195826,-43.147131
CARLA SILVA,2024-06-14 11:31:29,212.8,0.4,-23.198218,-43.14904
CARLA SILVA,2024-06-14 11:43:26,213.3,0.4,-23.199508,-43.14996
CARLA SILVA,2024-06-14 11:56:30,211.3,0.5,-23.200908,-43.150765
CARLA SILVA,2024-06-14 11:57:49,207.6,0.4,-23.201015,-43.150836
CARLA SILVA,2024-06-14 12:00:10,208.7,0.3,-23.201306,-43.15098
CARLA SILVA,2024-06-14 12:02:30,205.8,0.2,-23.201588,-43.15111
CARLA SILVA,2024-06-14 12:03:29,208.8,0.4,-23.2017,-43.15119
CARLA SILVA,2024-06-14 12:04:49,214.7,0.3,-23.201861,-43.151263
CARLA SILVA,2024-06-14 12:06:29,216.6,0.2,-23.202138,-43.151381
CARLA SILVA,2024-06-14 12:35:49,212.6,0.5,-23.205375,-43.153396
CARLA SILVA,2024-06-14 12:38:19,205.8,0.6,-23.205636,-43.153536
CARLA SILVA,2024-06-14 12:45:29,205.4,0.3,-23.206363,-43.153961
CARLA SILVA,2024-06-14 12:53:51,210.3,0.4,-23.207121,-43.154365
CARLA SILVA,2024-06-14 13:22:49,163.6,0.1,-23.209876,-43.155721
CARLA SILVA,2024-06-14 13:29:50,205.6,0.4,-23.210441,-43.15608
CARLA SILVA,2024-06-14 13:49:19,229.3,5.2,-23.217358,-43.157713
CARLA SILVA,2024-06-14 13:51:41,246.9,6.3,-23.219463,-43.16128
CARLA SILVA,2024-06-14 13:57:29,259.6,8.6,-23.221605,-43.173961
CARLA SILVA,2024-06-14 13:59:59,265.0,9.6,-23.222276,-43.180921
CARLA SILVA,2024-06-14 14:02:20,264.4,10.3,-23.222936,-43.187966
CARLA SILVA,2024-06-14 14:20:50,271.7,12.5,-23.226253,-43.253251
CARLA SILVA,2024-06-14 14:23:30,271.7,12.7,-23.225803,-43.263405
CARLA SILVA,2024-06-14 14:27:21,274.1,12.8,-23.225303,-43.278266
CARLA SILVA,2024-06-14 14:34:29,272.2,12.9,-23.223268,-43.306113
CARLA SILVA,2024-06-14 14:39:19,266.5,13.0,-23.224306,-43.32502
CARLA SILVA,2024-06-14 15:02:49,263.1,13.2,-23.23224,-43.417715
CARLA SILVA,2024-06-14 15:15:51,265.2,13.2,-23.23698,-43.469463
CARLA SILVA,2024-06-14 15:41:30,266.6,13.1,-23.2451,-43.57134
CARLA SILVA,2024-06-14 16:38:31,260.7,13.0,-23.269828,-43.796283
CARLA SILVA,2024-06-14 16:42:00,261.2,13.0,-23.271755,-43.80986
CARLA SILVA,2024-06-14 16:46:00,261.8,13.0,-23.273958,-43.82551
CARLA SILVA,2024-06-14 16:48:11,261.5,13.1,-23.275085,-43.834066
CARLA SILVA,2024-06-14 16:59:27,266.6,13.0,-23.279356,-43.878438
CARLA SILVA,2024-06-14 18:24:10,262.7,13.1,-23.297435,-44.208958
CARLA SILVA,2024-06-14 18:27:11,263.9,13.2,-23.298633,-44.220865
CARLA SILVA,2024-06-14 18:28:18,264.7,13.2,-23.299068,-44.225361
CARLA SILVA,2024-06-14 19:01:29,288.7,13.1,-23.303636,-44.357195
CARLA SILVA,2024-06-14 19:02:20,297.7,12.6,-23.302553,-44.360228
CARLA SILVA,2024-06-14 19:07:50,307.7,11.6,-23.29076,-44.376026
CARLA SILVA,2024-06-14 19:08:29,309.1,11.5,-23.289418,-44.377855
CARLA SILVA,2024-06-14 19:12:29,309.6,10.9,-23.28148,-44.388228
CARLA SILVA,2024-06-14 19:16:29,311.0,10.5,-23.273873,-44.398246
CARLA SILVA,2024-06-14 19:16:40,312.5,10.5,-23.27352,-44.39868
CARLA SILVA,2024-06-14 20:11:59,20.4,3.8,-23.161253,-44.415038
CARLA SILVA,2024-06-14 20:15:50,26.6,4.0,-23.157563,-44.412905
CARLA SILVA,2024-06-14 20:56:39,336.4,1.8,-23.115715,-44.392376
CARLA SILVA,2024-06-14 21:01:49,292.4,1.4,-23.113825,-44.394176
CARLA SILVA,2024-06-15 01:15:02,153.6,0.0,-23.113971,-44.395283
CARLA SILVA,2024-06-15 05:15:19,343.2,0.0,-23.11483,-44.39548
CARLA SILVA,2024-06-15 05:39:20,26.4,0.0,-23.115246,-44.395706
CARLA SILVA,2024-06-15 08:21:20,169.0,0.0,-23.114863,-44.395396
CARLA SILVA,2024-06-15 09:51:20,44.6,0.0,-23.115428,-44.395986
CARLA SILVA,2024-06-15 12:15:20,327.5,0.0,-23.115998,-44.396671
CARLA SILVA,2024-06-15 12:57:20,89.8,0.0,-23.115998,-44.396958
CARLA SILVA,2024-06-15 14:30:20,232.9,0.0,-23.115973,-44.397071
CARLA SILVA,2024-06-15 16:27:19,127.4,0.0,-23.115928,-44.397018
CARLA SILVA,2024-06-15 20:57:20,332.7,0.0,-23.113311,-44.395413
CARLA SILVA,2024-06-16 07:13:35,323.6,0.0,-23.115186,-44.39909
CARLA SILVA,2024-06-16 12:22:36,170.0,0.0,-23.114575,-44.39936
CARLA SILVA,2024-06-16 12:25:36,161.3,0.0,-23.114615,-44.399343
CARLA SILVA,2024-06-16 12:28:36,150.5,0.0,-23.114646,-44.399326
CARLA SILVA,2024-06-16 17:28:34,10.7,0.0,-23.112868,-44.398723
CARLA SILVA,2024-06-16 21:40:36,76.2,0.0,-23.112155,-44.397186
CARLA SILVA,2024-06-17 00:46:36,304.9,0.0,-23.112123,-44.39723
CARLA SILVA,2024-06-17 01:13:36,233.5,0.0,-23.112098,-44.39722
CARLA SILVA,2024-06-17 06:28:36,32.4,0.0,-23.112166,-44.39731
CARLA SILVA,2024-06-17 06:58:36,194.2,0.0,-23.112291,-44.396935
CARLA SILVA,2024-06-17 12:04:36,64.3,0.0,-23.112265,-44.396608
CARLA SILVA,2024-06-17 12:49:35,121.6,0.0,-23.112416,-44.396603
CARLA SILVA,2024-06-17 15:40:36,51.9,0.0,-23.112315,-44.39723
CARLA SILVA,2024-06-17 17:13:36,221.3,0.0,-23.11334,-44.39892
CARLA SILVA,2024-06-17 18:04:35,179.9,0.0,-23.114898,-44.399321
CARLA SILVA,2024-06-17 21:16:36,51.3,0.0,-23.115638,-44.396156
CARLA SILVA,2024-06-18 00:46:35,314.2,0.0,-23.112758,-44.39584
CARLA SILVA,2024-06-18 04:34:35,313.2,0.0,-23.112783,-44.395955
CARLA SILVA,2024-06-18 08:49:36,218.7,0.0,-23.115361,-44.395778
CARLA SILVA,2024-06-18 14:43:36,254.9,0.0,-23.11214,-44.397168
CARLA SILVA,2024-06-18 14:46:36,61.1,0.0,-23.112105,-44.397163
CARLA SILVA,2024-06-18 16:07:36,270.7,0.0,-23.112225,-44.398118
CARLA SILVA,2024-06-18 16:22:34,26.8,0.0,-23.112281,-44.398263
CARLA SILVA,2024-06-18 17:07:36,268.6,0.0,-23.112233,-44.398135
CARLA SILVA,2024-06-18 21:28:36,111.7,0.0,-23.112743,-44.395621
CARLA SILVA,2024-06-18 23:48:24,176.4,10.8,-23.184188,-44.414638
CARLA SILVA,2024-06-18 23:51:24,169.5,11.0,-23.19322,-44.41306
CARLA SILVA,2024-06-19 00:05:33,171.3,11.3,-23.23689,-44.404623
CARLA SILVA,2024-06-19 00:19:54,127.1,11.2,-23.27412,-44.38254
CARLA SILVA,2024-06-19 00:20:13,128.6,11.2,-23.274688,-44.38172
CARLA SILVA,2024-06-19 00:21:13,126.6,11.3,-23.27657,-44.378968
CARLA SILVA,2024-06-19 00:51:54,85.1,11.4,-23.311533,-44.28656
CARLA SILVA,2024-06-19 01:53:25,92.5,11.6,-23.308076,-44.070738
CARLA SILVA,2024-06-19 02:34:54,77.5,11.7,-23.28821,-43.926895
CARLA SILVA,2024-06-19 02:39:34,80.4,11.7,-23.284745,-43.910843
CARLA SILVA,2024-06-19 02:45:45,80.0,11.7,-23.281405,-43.889381
CARLA SILVA,2024-06-19 03:33:44,83.0,11.5,-23.264008,-43.722326
CARLA SILVA,2024-06-19 03:37:44,86.0,11.5,-23.262908,-43.708468
CARLA SILVA,2024-06-19 04:22:54,81.6,11.5,-23.248648,-43.553716
CARLA SILVA,2024-06-19 04:24:15,82.9,11.5,-23.24812,-43.548986
CARLA SILVA,2024-06-19 04:26:45,83.1,11.5,-23.247155,-43.540386
CARLA SILVA,2024-06-19 04:27:14,82.3,11.6,-23.246966,-43.538716
CARLA SILVA,2024-06-19 04:41:53,93.3,11.5,-23.242758,-43.487771
CARLA SILVA,2024-06-19 04:42:23,92.6,11.5,-23.242878,-43.485983
CARLA SILVA,2024-06-19 04:42:43,93.3,11.5,-23.242945,-43.484825
CARLA SILVA,2024-06-19 04:44:23,92.6,11.5,-23.243136,-43.479046
CARLA SILVA,2024-06-19 04:44:33,92.6,11.5,-23.243153,-43.478523
CARLA SILVA,2024-06-19 04:44:53,91.8,11.5,-23.243193,-43.477303
CARLA SILVA,2024-06-19 04:45:04,92.4,11.5,-23.243211,-43.47672
CARLA SILVA,2024-06-19 04:45:13,92.2,11.5,-23.243225,-43.476141
CARLA SILVA,2024-06-19 04:45:23,92.0,11.5,-23.243246,-43.47556
CARLA SILVA,2024-06-19 04:46:04,92.3,11.5,-23.243323,-43.473186
CARLA SILVA,2024-06-19 04:46:22,91.9,11.5,-23.24336,-43.472138
CARLA SILVA,2024-06-19 04:46:33,92.7,11.5,-23.24338,-43.471555
CARLA SILVA,2024-06-19 04:58:04,75.5,11.5,-23.236881,-43.432473
CARLA SILVA,2024-06-19 05:04:13,78.1,11.6,-23.232208,-43.411393
CARLA SILVA,2024-06-19 05:08:24,77.6,11.7,-23.229145,-43.397105
CARLA SILVA,2024-06-19 05:32:04,85.5,11.6,-23.214468,-43.314811
CARLA SILVA,2024-06-19 05:34:24,85.2,11.6,-23.21375,-43.30662
CARLA SILVA,2024-06-19 05:37:23,85.2,11.6,-23.213003,-43.296205
CARLA SILVA,2024-06-19 05:59:03,92.0,11.7,-23.208416,-43.21995
CARLA SILVA,2024-06-19 06:09:55,89.5,11.6,-23.208868,-43.181558
CARLA SILVA,2024-06-19 06:16:04,90.8,10.6,-23.209238,-43.160858
CARLA SILVA,2024-06-19 06:39:34,111.6,5.7,-23.219343,-43.10404
CARLA SILVA,2024-06-19 06:42:13,119.3,5.1,-23.221201,-43.100178
CARLA SILVA,2024-06-19 06:44:44,129.2,4.7,-23.222991,-43.097033
CARLA SILVA,2024-06-19 06:47:54,131.6,4.1,-23.225358,-43.093611
CARLA SILVA,2024-06-19 06:55:54,112.3,3.2,-23.230165,-43.086285
CARLA SILVA,2024-06-19 07:14:14,141.9,1.8,-23.238223,-43.076135
CARLA SILVA,2024-06-19 07:21:15,128.3,1.4,-23.240485,-43.073685
CARLA SILVA,2024-06-19 07:24:05,123.6,1.3,-23.241075,-43.07265
CARLA SILVA,2024-06-19 07:39:45,132.7,0.6,-23.242521,-43.067985
CARLA SILVA,2024-06-19 07:43:05,62.9,0.5,-23.242581,-43.067345
CARLA SILVA,2024-06-19 07:45:55,61.5,0.6,-23.242613,-43.066908
CARLA SILVA,2024-06-19 08:28:53,21.4,0.2,-23.237631,-43.06454
CARLA SILVA,2024-06-19 08:31:54,22.4,0.1,-23.23736,-43.064453
CARLA SILVA,2024-06-19 08:37:24,30.0,0.5,-23.237093,-43.06423
CARLA SILVA,2024-06-19 08:39:34,110.1,0.1,-23.23705,-43.064133
CARLA SILVA,2024-06-19 09:25:35,331.9,0.7,-23.234178,-43.064801
CARLA SILVA,2024-06-19 09:28:56,334.3,0.3,-23.233685,-43.06509
CARLA SILVA,2024-06-19 09:56:35,12.9,0.1,-23.230351,-43.066733
CARLA SILVA,2024-06-19 10:16:14,31.5,0.1,-23.229301,-43.066223
CARLA SILVA,2024-06-19 10:43:35,122.4,0.5,-23.225605,-43.064156
CARLA SILVA,2024-06-19 10:52:25,311.0,0.4,-23.225005,-43.064233
CARLA SILVA,2024-06-19 11:05:34,82.7,0.0,-23.2245,-43.064293
CARLA SILVA,2024-06-19 11:16:05,355.4,0.1,-23.224405,-43.064056
CARLA SILVA,2024-06-19 11:41:54,8.3,0.4,-23.222876,-43.064361
CARLA SILVA,2024-06-19 11:41:55,8.3,0.4,-23.222876,-43.064361
CARLA SILVA,2024-06-19 11:51:14,32.8,0.5,-23.221371,-43.064236
CARLA SILVA,2024-06-19 12:05:04,102.2,0.1,-23.220315,-43.06376
CARLA SILVA,2024-06-19 12:14:34,71.3,0.1,-23.220016,-43.063515
CARLA SILVA,2024-06-19 12:24:13,22.3,0.0,-23.219631,-43.063411
CARLA SILVA,2024-06-19 12:26:34,13.9,0.1,-23.219535,-43.063396
CARLA SILVA,2024-06-19 12:40:04,41.4,0.3,-23.218841,-43.063536
CARLA SILVA,2024-06-19 13:10:53,270.7,0.3,-23.218398,-43.062556
CARLA SILVA,2024-06-19 14:25:44,49.8,0.2,-23.21286,-43.062775
CARLA SILVA,2024-06-19 14:57:04,60.3,0.2,-23.211245,-43.06075
CARLA SILVA,2024-06-19 15:01:34,31.2,0.4,-23.211105,-43.060465
CARLA SILVA,2024-06-19 15:27:04,7.6,9.5,-23.186716,-43.055168
CARLA SILVA,2024-06-19 15:59:14,347.2,11.4,-23.085128,-43.058676
CARLA SILVA,2024-06-19 16:00:05,347.3,11.4,-23.082491,-43.059363
CARLA SILVA,2024-06-19 16:01:35,346.2,11.5,-23.077736,-43.060545
CARLA SILVA,2024-06-19 16:28:49,302.3,7.1,-23.00806,-43.128736
CARLA SILVA,2024-06-19 16:29:59,300.3,6.9,-23.006853,-43.130865
CARLA SILVA,2024-06-19 16:30:41,297.3,6.7,-23.006198,-43.132096
CARLA SILVA,2024-06-19 16:30:59,304.2,6.6,-23.005903,-43.132605
CARLA SILVA,2024-06-19 16:31:29,306.3,6.5,-23.005401,-43.133395
CARLA SILVA,2024-06-19 16:34:41,305.6,6.1,-23.00203,-43.138338
CARLA SILVA,2024-06-19 16:52:14,308.2,5.1,-22.991346,-43.15229
CARLA SILVA,2024-06-19 17:42:35,357.8,6.1,-22.878915,-43.154786
CARLA SILVA,2024-06-19 17:45:54,0.0,5.7,-22.873518,-43.15486
CARLA SILVA,2024-06-19 18:15:04,7.8,5.5,-22.831461,-43.151573
CARLA SILVA,2024-06-19 18:20:02,357.1,3.9,-22.824263,-43.151636
CARLA SILVA,2024-06-19 18:24:34,343.9,0.9,-22.821928,-43.151931
CARLA SILVA,2024-06-19 18:24:53,340.7,0.8,-22.821845,-43.151965
CARLA SILVA,2024-06-19 18:35:15,344.4,0.0,-22.821026,-43.152485
CARLA SILVA,2024-06-20 15:09:10,144.5,0.0,-22.820735,-43.152568
CARLA SILVA,2024-06-21 00:48:09,344.4,0.0,-22.820706,-43.15251
CARLA SILVA,2024-06-21 16:41:34,16.8,2.3,-22.820106,-43.151605
CARLA SILVA,2024-06-21 16:44:17,68.3,1.9,-22.818971,-43.150513
CARLA SILVA,2024-06-21 16:46:37,137.4,1.6,-22.819341,-43.14912
CARLA SILVA,2024-06-21 16:49:17,188.5,2.8,-22.820983,-43.148853
CARLA SILVA,2024-06-21 17:12:14,179.9,6.0,-22.856826,-43.154465
CARLA SILVA,2024-06-21 17:19:16,181.1,6.3,-22.86899,-43.154611
CARLA SILVA,2024-06-21 17:25:26,183.9,7.4,-22.880708,-43.154948
CARLA SILVA,2024-06-21 17:38:58,160.2,9.8,-22.911701,-43.146951
CARLA SILVA,2024-06-21 18:00:28,206.0,10.8,-22.968756,-43.157555
CARLA SILVA,2024-06-21 19:12:15,172.1,12.6,-23.171316,-43.080778
CARLA SILVA,2024-06-21 19:22:48,171.7,12.5,-23.208043,-43.075341
CARLA SILVA,2024-06-21 19:40:46,232.3,11.2,-23.266673,-43.076138
CARLA SILVA,2024-06-21 20:13:26,253.1,12.7,-23.290448,-43.195858
CARLA SILVA,2024-06-21 20:50:15,249.6,13.0,-23.330183,-43.332485
CARLA SILVA,2024-06-21 20:55:46,249.3,13.0,-23.33722,-43.352855
CARLA SILVA,2024-06-21 21:02:47,235.5,12.6,-23.347165,-43.377995
CARLA SILVA,2024-06-21 21:50:26,245.1,12.7,-23.429143,-43.538501
CARLA SILVA,2024-06-21 21:55:07,245.3,12.7,-23.436321,-43.554765
CARLA SILVA,2024-06-21 22:35:52,64.1,11.9,-23.412923,-43.501048
CARLA SILVA,2024-06-21 22:38:21,63.9,11.9,-23.409263,-43.49296
CARLA SILVA,2024-06-21 23:29:01,244.0,12.5,-23.386756,-43.443658
CARLA SILVA,2024-06-21 23:33:50,245.8,12.9,-23.39409,-43.460533
CARLA SILVA,2024-06-21 23:35:21,247.7,13.1,-23.396171,-43.465918
CARLA SILVA,2024-06-21 23:38:11,241.5,13.1,-23.400426,-43.476123
CARLA SILVA,2024-06-21 23:42:42,243.0,13.4,-23.40782,-43.492628
CARLA SILVA,2024-06-22 00:21:08,177.9,12.0,-23.476885,-43.630666
CARLA SILVA,2024-06-22 00:37:37,30.0,10.5,-23.489506,-43.646963
CARLA SILVA,2024-06-22 00:40:27,61.3,11.1,-23.484093,-43.639916
CARLA SILVA,2024-06-22 00:40:37,61.0,11.2,-23.483878,-43.639465
CARLA SILVA,2024-06-22 00:41:37,59.0,11.5,-23.482333,-43.636398
CARLA SILVA,2024-06-22 00:43:57,53.5,12.0,-23.477996,-43.629528
CARLA SILVA,2024-06-22 00:44:47,54.9,12.1,-23.476363,-43.627035
CARLA SILVA,2024-06-22 01:09:27,63.7,13.1,-23.431063,-43.54449
CARLA SILVA,2024-06-22 01:10:27,64.2,13.1,-23.42948,-43.540963
CARLA SILVA,2024-06-22 01:13:17,65.0,13.1,-23.425153,-43.530706
CARLA SILVA,2024-06-22 01:14:27,63.6,13.1,-23.423266,-43.52648
CARLA SILVA,2024-06-22 01:14:37,62.6,13.1,-23.422985,-43.525886
CARLA SILVA,2024-06-22 01:15:17,63.3,13.1,-23.421885,-43.523585
CARLA SILVA,2024-06-22 01:15:37,62.9,13.1,-23.421328,-43.522416
CARLA SILVA,2024-06-22 01:16:08,63.0,13.0,-23.420465,-43.520591
CARLA SILVA,2024-06-22 02:05:38,202.7,10.0,-23.373886,-43.453978
CARLA SILVA,2024-06-22 02:16:57,248.5,10.9,-23.399401,-43.47497
CARLA SILVA,2024-06-22 02:59:59,275.2,11.4,-23.428978,-43.615373
CARLA SILVA,2024-06-22 03:09:28,280.6,11.4,-23.423596,-43.647713
CARLA SILVA,2024-06-22 03:14:58,279.5,11.5,-23.420466,-43.666521
CARLA SILVA,2024-06-22 03:18:48,280.1,11.5,-23.418313,-43.679695
CARLA SILVA,2024-06-22 03:50:58,279.9,11.3,-23.40061,-43.78931
CARLA SILVA,2024-06-22 03:52:55,279.9,11.3,-23.399515,-43.796083
CARLA SILVA,2024-06-22 03:57:35,279.4,11.4,-23.397011,-43.81193
CARLA SILVA,2024-06-22 03:59:27,278.9,11.3,-23.396041,-43.818118
CARLA SILVA,2024-06-22 04:02:06,279.7,11.3,-23.394598,-43.827201
CARLA SILVA,2024-06-22 04:03:06,279.8,11.3,-23.39406,-43.83057
CARLA SILVA,2024-06-22 04:16:29,279.5,11.3,-23.38694,-43.875695
CARLA SILVA,2024-06-22 04:20:48,279.7,11.2,-23.384596,-43.890063
CARLA SILVA,2024-06-22 04:54:08,284.9,11.2,-23.358718,-43.99926
CARLA SILVA,2024-06-22 04:56:17,284.6,11.2,-23.356965,-44.0064
CARLA SILVA,2024-06-22 05:02:27,282.4,11.2,-23.352066,-44.026551
CARLA SILVA,2024-06-22 05:22:47,279.9,11.2,-23.340975,-44.094373
CARLA SILVA,2024-06-22 05:29:58,281.2,10.5,-23.337085,-44.117741
CARLA SILVA,2024-06-22 05:35:58,280.6,10.1,-23.334068,-44.135995
CARLA SILVA,2024-06-22 06:02:17,282.0,8.1,-23.321481,-44.210425
CARLA SILVA,2024-06-22 06:04:27,277.4,7.9,-23.32067,-44.215603
CARLA SILVA,2024-06-22 06:08:07,278.2,7.6,-23.319625,-44.224095
CARLA SILVA,2024-06-22 06:23:49,276.1,7.3,-23.314848,-44.25889
CARLA SILVA,2024-06-22 09:24:16,356.1,10.0,-23.250781,-44.40038
CARLA SILVA,2024-06-22 09:59:17,4.0,6.0,-23.18302,-44.403333
CARLA SILVA,2024-06-22 10:24:29,0.4,3.9,-23.143888,-44.400496
CARLA SILVA,2024-06-22 10:33:39,2.5,3.7,-23.134485,-44.399463
CARLA SILVA,2024-06-22 20:06:17,201.4,0.0,-23.124235,-44.402458
CARLA SILVA,2024-06-22 20:57:17,159.3,0.0,-23.1245,-44.40218
CARLA SILVA,2024-06-23 06:24:17,204.3,0.0,-23.124133,-44.40409
CARLA SILVA,2024-06-23 06:53:30,117.2,6.2,-23.134638,-44.397535
CARLA SILVA,2024-06-23 07:12:41,65.4,10.4,-23.115995,-44.353541
CARLA SILVA,2024-06-23 07:18:30,68.8,10.7,-23.109306,-44.336293
CARLA SILVA,2024-06-23 08:10:20,65.7,3.6,-23.065808,-44.22682
CARLA SILVA,2024-06-23 08:55:41,155.1,0.0,-23.060815,-44.22762
CARLA SILVA,2024-06-23 08:56:21,273.1,0.0,-23.060753,-44.227578
CARLA SILVA,2024-06-24 03:03:37,119.4,2.0,-23.061856,-44.22257
CARLA SILVA,2024-06-24 03:31:46,255.6,11.2,-23.083576,-44.26537
CARLA SILVA,2024-06-24 03:34:56,248.4,11.3,-23.086396,-44.275786
CARLA SILVA,2024-06-24 04:03:56,246.6,11.5,-23.12049,-44.364826
CARLA SILVA,2024-06-24 04:07:04,231.1,10.9,-23.124833,-44.374621
CARLA SILVA,2024-06-24 04:26:55,183.3,11.7,-23.180976,-44.406943
CARLA SILVA,2024-06-24 04:29:55,181.8,12.0,-23.190945,-44.407213
CARLA SILVA,2024-06-24 04:30:05,181.6,12.0,-23.191508,-44.407225
CARLA SILVA,2024-06-24 04:35:35,181.5,12.4,-23.210331,-44.407765
CARLA SILVA,2024-06-24 04:40:37,183.1,12.4,-23.227681,-44.408386
CARLA SILVA,2024-06-24 04:49:07,181.7,12.5,-23.257251,-44.409755
CARLA SILVA,2024-06-24 05:15:17,182.8,13.2,-23.35178,-44.41371
CARLA SILVA,2024-06-24 05:21:47,182.4,13.3,-23.375836,-44.414685
CARLA SILVA,2024-06-24 05:23:17,182.1,13.3,-23.381396,-44.41491
CARLA SILVA,2024-06-24 06:13:36,227.8,13.0,-23.51824,-44.52852
CARLA SILVA,2024-06-24 06:16:26,228.8,13.0,-23.52519,-44.536828
CARLA SILVA,2024-06-24 06:26:47,228.9,13.0,-23.55024,-44.567133
CARLA SILVA,2024-06-24 07:09:27,229.1,12.8,-23.651695,-44.69131
CARLA SILVA,2024-06-24 07:37:47,227.9,12.9,-23.719581,-44.773623
CARLA SILVA,2024-06-24 08:28:47,225.8,12.7,-23.843551,-44.919095
CARLA SILVA,2024-06-24 08:36:57,219.1,12.7,-23.864121,-44.941436
CARLA SILVA,2024-06-24 08:39:07,218.7,12.8,-23.87014,-44.94663
CARLA SILVA,2024-06-24 08:47:37,224.2,12.9,-23.893248,-44.968141
CARLA SILVA,2024-06-24 08:50:07,222.6,12.9,-23.899785,-44.974786
CARLA SILVA,2024-06-24 09:13:16,233.6,12.9,-23.95031,-45.046113
CARLA SILVA,2024-06-24 09:24:05,234.2,12.9,-23.97301,-45.080651
CARLA SILVA,2024-06-24 09:42:17,235.3,12.9,-24.010541,-45.139235
CARLA SILVA,2024-06-24 09:48:57,235.4,13.0,-24.024021,-45.161138
CARLA SILVA,2024-06-24 10:26:48,264.3,13.3,-24.044673,-45.308648
CARLA SILVA,2024-06-24 10:29:37,266.1,13.3,-24.045603,-45.320078
CARLA SILVA,2024-06-24 10:36:06,266.4,13.3,-24.047118,-45.346306
CARLA SILVA,2024-06-24 10:53:16,270.0,12.6,-24.049218,-45.413961
CARLA SILVA,2024-06-24 11:02:55,334.2,10.4,-24.038533,-45.4458
CARLA SILVA,2024-06-24 11:28:47,331.4,8.4,-23.993328,-45.474115
CARLA SILVA,2024-06-24 11:36:27,337.9,9.3,-23.975795,-45.48301
CARLA SILVA,2024-06-24 12:18:16,57.0,7.4,-23.886108,-45.473511
CARLA SILVA,2024-06-24 12:34:37,46.3,6.3,-23.867061,-45.447021
CARLA SILVA,2024-06-24 12:55:27,47.0,7.2,-23.839881,-45.41585
CARLA SILVA,2024-06-25 13:34:06,12.7,0.0,-23.768446,-45.365023
CARLA SILVA,2024-06-25 16:07:06,305.6,0.1,-23.768141,-45.365168
CARLA SILVA,2024-06-25 16:43:05,216.3,0.0,-23.768175,-45.36532
CARLA SILVA,2024-06-25 18:01:06,316.8,0.2,-23.768185,-45.36497
CARLA SILVA,2024-06-25 20:37:21,220.9,11.2,-23.911688,-45.493691
CARLA SILVA,2024-06-25 21:14:21,149.6,12.4,-24.022485,-45.458596
CARLA SILVA,2024-06-25 21:27:10,150.7,12.6,-24.061485,-45.434795
CARLA SILVA,2024-06-25 22:13:08,193.4,11.8,-24.203855,-45.392686
CARLA SILVA,2024-06-25 23:11:41,197.5,11.7,-24.387206,-45.44968
CARLA SILVA,2024-06-26 00:02:58,198.0,11.9,-24.548416,-45.506385
CARLA SILVA,2024-06-26 00:48:41,199.8,11.8,-24.68977,-45.55909
CARLA SILVA,2024-06-26 02:11:39,194.1,11.5,-24.942516,-45.6502
CARLA SILVA,2024-06-26 02:14:10,194.8,11.2,-24.950361,-45.652446
CARLA SILVA,2024-06-26 02:51:30,197.8,11.6,-25.066001,-45.685806
CARLA SILVA,2024-06-26 03:16:40,196.9,12.1,-25.145186,-45.71271
CARLA SILVA,2024-06-26 03:19:40,197.9,11.7,-25.15455,-45.715853
CARLA SILVA,2024-06-26 03:23:31,197.5,11.8,-25.166801,-45.720028
CARLA SILVA,2024-06-26 03:27:59,197.3,11.9,-25.18126,-45.72492
CARLA SILVA,2024-06-26 03:28:39,196.3,12.0,-25.183328,-45.725611
CARLA SILVA,2024-06-26 03:28:48,196.4,11.9,-25.183806,-45.725775
CARLA SILVA,2024-06-26 03:29:19,196.6,11.9,-25.185405,-45.726331
CARLA SILVA,2024-06-26 03:29:28,197.7,11.9,-25.185936,-45.726525
CARLA SILVA,2024-06-26 03:29:39,198.1,12.0,-25.186521,-45.726736
CARLA SILVA,2024-06-26 03:52:30,197.4,12.1,-25.258741,-45.751436
CARLA SILVA,2024-06-26 03:56:58,198.3,11.9,-25.273148,-45.756403
CARLA SILVA,2024-06-26 04:15:09,197.1,12.1,-25.330055,-45.776063
CARLA SILVA,2024-06-26 04:19:30,197.6,12.1,-25.34398,-45.780833
CARLA SILVA,2024-06-26 04:26:40,195.0,12.1,-25.367426,-45.788816
CARLA SILVA,2024-06-26 04:32:30,196.9,12.0,-25.385853,-45.794896
CARLA SILVA,2024-06-26 04:59:38,194.8,11.5,-25.473515,-45.822993
CARLA SILVA,2024-06-26 04:59:49,195.8,11.6,-25.474086,-45.823173
CARLA SILVA,2024-06-26 05:00:49,196.2,11.7,-25.477183,-45.824133
CARLA SILVA,2024-06-26 05:00:58,195.5,11.7,-25.477665,-45.824285
CARLA SILVA,2024-06-26 05:01:58,196.9,11.9,-25.480853,-45.825315
CARLA SILVA,2024-06-26 05:02:08,196.0,11.8,-25.481386,-45.825476
CARLA SILVA,2024-06-26 05:04:29,196.9,11.7,-25.488908,-45.82788
CARLA SILVA,2024-06-26 05:06:00,196.7,10.9,-25.493405,-45.829258
CARLA SILVA,2024-06-26 05:08:20,197.4,11.2,-25.500288,-45.831536
CARLA SILVA,2024-06-26 05:13:10,198.4,11.2,-25.51477,-45.836468
CARLA SILVA,2024-06-26 05:34:48,199.0,11.4,-25.580255,-45.861691
CARLA SILVA,2024-06-26 06:00:38,200.9,11.4,-25.657143,-45.893755
CARLA SILVA,2024-06-26 06:02:39,197.8,11.4,-25.663195,-45.89597
CARLA SILVA,2024-06-26 06:52:00,199.0,11.2,-25.817603,-45.94297
CARLA SILVA,2024-06-26 06:53:00,199.3,11.5,-25.820668,-45.944123
CARLA SILVA,2024-06-26 06:55:38,200.3,11.0,-25.828708,-45.947371
CARLA SILVA,2024-06-26 07:14:50,200.0,11.7,-25.8878,-45.97084
CARLA SILVA,2024-06-26 07:20:58,199.3,11.5,-25.906558,-45.978301
CARLA SILVA,2024-06-26 07:54:48,197.6,11.5,-26.007895,-46.018288
CARLA SILVA,2024-06-26 08:01:39,197.7,11.2,-26.028325,-46.026106
CARLA SILVA,2024-06-26 08:16:29,196.7,11.4,-26.07405,-46.042991
CARLA SILVA,2024-06-26 08:22:18,196.1,11.5,-26.091683,-46.048981
CARLA SILVA,2024-06-26 08:24:40,197.3,11.6,-26.098916,-46.051601
CARLA SILVA,2024-06-26 08:35:01,196.3,10.7,-26.129995,-46.06215
CARLA SILVA,2024-06-26 08:37:39,197.6,11.0,-26.137696,-46.06482
CARLA SILVA,2024-06-26 08:55:20,198.1,11.5,-26.189868,-46.083421
CARLA SILVA,2024-06-26 09:00:39,198.4,10.9,-26.20561,-46.089073
CARLA SILVA,2024-06-26 09:08:30,199.5,11.1,-26.22838,-46.097493
CARLA SILVA,2024-06-26 09:11:31,198.8,11.3,-26.237283,-46.10082
CARLA SILVA,2024-06-26 09:33:10,198.4,11.7,-26.29997,-46.125163
CARLA SILVA,2024-06-26 09:35:29,200.4,11.3,-26.306948,-46.127975
CARLA SILVA,2024-06-26 09:44:40,199.2,11.4,-26.334341,-46.139015
CARLA SILVA,2024-06-26 09:50:09,199.3,11.1,-26.35018,-46.145576
CARLA SILVA,2024-06-26 09:59:39,197.5,11.0,-26.378261,-46.156893
CARLA SILVA,2024-06-26 10:05:49,196.8,10.9,-26.396355,-46.163023
CARLA SILVA,2024-06-26 10:08:31,196.1,11.4,-26.404365,-46.165795
CARLA SILVA,2024-06-26 10:39:20,198.0,11.3,-26.497358,-46.19672
CARLA SILVA,2024-06-26 10:42:41,199.0,11.6,-26.507511,-46.200483
CARLA SILVA,2024-06-26 10:49:38,199.5,11.3,-26.528816,-46.20854
CARLA SILVA,2024-06-26 10:50:28,198.4,11.4,-26.531325,-46.209495
CARLA SILVA,2024-06-26 10:50:38,197.2,11.2,-26.531828,-46.209683
CARLA SILVA,2024-06-26 10:50:40,197.2,11.2,-26.531828,-46.209683
CARLA SILVA,2024-06-26 10:50:50,198.5,11.0,-26.532413,-46.209905
CARLA SILVA,2024-06-26 10:51:28,197.7,11.2,-26.534253,-46.210573
CARLA SILVA,2024-06-26 10:51:38,197.0,11.4,-26.534808,-46.210776
CARLA SILVA,2024-06-26 10:51:39,197.0,11.4,-26.534808,-46.210776
CARLA SILVA,2024-06-26 11:26:32,196.4,12.0,-26.643801,-46.25113
CARLA SILVA,2024-06-26 11:28:33,197.5,12.0,-26.6502,-46.253321
CARLA SILVA,2024-06-26 11:31:12,198.3,12.2,-26.658823,-46.256325
CARLA SILVA,2024-06-26 12:00:54,195.8,11.9,-26.751705,-46.287843
CARLA SILVA,2024-06-26 12:07:33,196.1,11.4,-26.772895,-46.295121
CARLA SILVA,2024-06-26 12:22:53,198.5,10.7,-26.820941,-46.311461
CARLA SILVA,2024-06-26 12:23:24,197.6,11.0,-26.8224,-46.311971
CARLA SILVA,2024-06-26 12:26:23,194.6,11.7,-26.831468,-46.31501
CARLA SILVA,2024-06-26 12:28:03,196.0,11.8,-26.836713,-46.316778
CARLA SILVA,2024-06-26 12:29:14,197.6,12.2,-26.840541,-46.318053
CARLA SILVA,2024-06-26 12:33:13,196.3,11.5,-26.853353,-46.322155
CARLA SILVA,2024-06-26 12:40:44,195.5,11.9,-26.876741,-46.329841
CARLA SILVA,2024-06-26 12:58:43,198.3,11.7,-26.934395,-46.34867
CARLA SILVA,2024-06-26 13:01:42,195.4,11.8,-26.94386,-46.351701
CARLA SILVA,2024-06-26 14:07:24,193.7,11.7,-27.152911,-46.412726
CARLA SILVA,2024-06-26 14:11:45,195.6,11.9,-27.166755,-46.41718
CARLA SILVA,2024-06-26 14:13:54,195.8,11.9,-27.173811,-46.419508
CARLA SILVA,2024-06-26 14:20:14,195.2,12.2,-27.193906,-46.426006
CARLA SILVA,2024-06-26 14:42:53,222.1,12.1,-27.252311,-46.476248
CARLA SILVA,2024-06-26 14:48:52,223.0,11.6,-27.266656,-46.492155
CARLA SILVA,2024-06-26 15:11:54,225.8,11.7,-27.320828,-46.553475
CARLA SILVA,2024-06-26 15:18:44,223.0,12.4,-27.33724,-46.571751
CARLA SILVA,2024-06-26 15:55:33,226.8,11.9,-27.422636,-46.670706
CARLA SILVA,2024-06-26 15:59:23,230.7,11.9,-27.431066,-46.681506
CARLA SILVA,2024-06-26 16:07:03,233.2,12.1,-27.447356,-46.703708
CARLA SILVA,2024-06-26 16:11:25,230.8,11.7,-27.45654,-46.716411
CARLA SILVA,2024-06-26 16:27:33,232.9,12.1,-27.490426,-46.764748
CARLA SILVA,2024-06-26 16:31:23,232.5,12.3,-27.498433,-46.776383
CARLA SILVA,2024-06-26 17:37:34,229.6,11.9,-27.640336,-46.972428
CARLA SILVA,2024-06-26 17:42:44,230.9,12.3,-27.65219,-46.987013
CARLA SILVA,2024-06-26 17:52:18,227.2,12.4,-27.674188,-47.013863
CARLA SILVA,2024-06-26 18:13:53,225.7,12.3,-27.725363,-47.075406
CARLA SILVA,2024-06-26 18:28:42,227.9,12.2,-27.760508,-47.116535
CARLA SILVA,2024-06-26 18:28:52,230.1,12.2,-27.760928,-47.11705
CARLA SILVA,2024-06-26 20:20:04,229.1,11.2,-28.009661,-47.434731
CARLA SILVA,2024-06-26 22:07:23,231.1,9.9,-28.215203,-47.716788
CARLA SILVA,2024-06-26 22:51:33,228.1,9.2,-28.29351,-47.81872
CARLA SILVA,2024-06-26 22:55:23,232.7,8.9,-28.299748,-47.827301
CARLA SILVA,2024-06-26 22:58:03,227.8,8.8,-28.3039,-47.833075
CARLA SILVA,2024-06-26 23:43:14,226.5,8.4,-28.375031,-47.926931
CARLA SILVA,2024-06-26 23:46:14,230.4,8.5,-28.379835,-47.932896
CARLA SILVA,2024-06-26 23:49:54,228.8,8.9,-28.385885,-47.940426
CARLA SILVA,2024-06-26 23:58:12,230.8,8.5,-28.39945,-47.95774
CARLA SILVA,2024-06-27 00:02:23,226.3,8.6,-28.40612,-47.966486
CARLA SILVA,2024-06-27 00:03:03,231.2,8.7,-28.407163,-47.967918
CARLA SILVA,2024-06-27 00:04:03,228.4,8.6,-28.408688,-47.97005
CARLA SILVA,2024-06-27 00:04:33,231.2,8.7,-28.409503,-47.971123
CARLA SILVA,2024-06-27 00:08:03,226.1,8.9,-28.415176,-47.978358
CARLA SILVA,2024-06-27 00:08:12,226.6,9.0,-28.41543,-47.97868
CARLA SILVA,2024-06-27 00:37:53,227.9,9.1,-28.465666,-48.041778
CARLA SILVA,2024-06-27 00:40:53,231.3,9.1,-28.470831,-48.048093
CARLA SILVA,2024-06-27 00:43:04,228.5,9.0,-28.474528,-48.052711
CARLA SILVA,2024-06-27 01:29:04,203.3,8.7,-28.557851,-48.142671
CARLA SILVA,2024-06-27 01:29:42,202.7,8.9,-28.55931,-48.14343
CARLA SILVA,2024-06-27 01:30:54,205.2,8.9,-28.561993,-48.144811
CARLA SILVA,2024-06-27 01:33:04,202.7,8.9,-28.566921,-48.147206
CARLA SILVA,2024-06-27 01:34:32,206.3,8.7,-28.57028,-48.148956
CARLA SILVA,2024-06-27 01:35:32,203.3,8.6,-28.572405,-48.150115
CARLA SILVA,2024-06-27 01:35:53,203.7,8.6,-28.573186,-48.150501
CARLA SILVA,2024-06-27 01:40:33,216.0,9.2,-28.58297,-48.157945
CARLA SILVA,2024-06-27 01:42:04,215.1,9.4,-28.586128,-48.160561
CARLA SILVA,2024-06-27 01:42:43,215.4,9.3,-28.587503,-48.161676
CARLA SILVA,2024-06-27 01:48:53,215.9,9.2,-28.600321,-48.172408
CARLA SILVA,2024-06-27 02:17:13,214.8,9.5,-28.65962,-48.223786
CARLA SILVA,2024-06-27 02:21:03,216.3,9.5,-28.667826,-48.230573
CARLA SILVA,2024-06-27 02:23:13,216.7,9.3,-28.672438,-48.234395
CARLA SILVA,2024-06-27 02:25:33,215.6,9.4,-28.677341,-48.238601
CARLA SILVA,2024-06-27 02:28:44,215.7,9.3,-28.684026,-48.24406
CARLA SILVA,2024-06-27 02:59:13,217.0,9.9,-28.751416,-48.29961
CARLA SILVA,2024-06-27 03:10:13,215.8,9.6,-28.7756,-48.320091
CARLA SILVA,2024-06-27 03:15:53,215.1,9.7,-28.787988,-48.330541
CARLA SILVA,2024-06-27 03:18:03,214.5,9.6,-28.792818,-48.334445
CARLA SILVA,2024-06-27 03:32:14,217.5,9.8,-28.824546,-48.359525
CARLA SILVA,2024-06-27 03:40:42,212.7,9.8,-28.843868,-48.374083
CARLA SILVA,2024-06-27 03:41:22,214.3,9.8,-28.845348,-48.37523
CARLA SILVA,2024-06-27 03:41:51,215.5,9.8,-28.846468,-48.376105
CARLA SILVA,2024-06-27 03:47:22,213.1,9.4,-28.85831,-48.385368
CARLA SILVA,2024-06-27 03:47:33,213.5,9.3,-28.858721,-48.38566
CARLA SILVA,2024-06-27 03:48:02,213.9,9.4,-28.859761,-48.386418
CARLA SILVA,2024-06-27 04:00:44,216.9,9.8,-28.888063,-48.408521
CARLA SILVA,2024-06-27 04:05:03,216.8,9.9,-28.897693,-48.416533
CARLA SILVA,2024-06-27 04:08:13,215.4,10.0,-28.904898,-48.422473
CARLA SILVA,2024-06-27 04:08:33,216.4,10.0,-28.905655,-48.423108
CARLA SILVA,2024-06-27 04:32:24,239.6,10.5,-28.946516,-48.487553
CARLA SILVA,2024-06-27 04:39:14,242.7,10.5,-28.956626,-48.507785
CARLA SILVA,2024-06-27 04:44:13,240.7,10.4,-28.963628,-48.522616
CARLA SILVA,2024-06-27 05:18:24,243.7,10.3,-29.008631,-48.624295
CARLA SILVA,2024-06-27 05:18:52,250.2,10.5,-29.009123,-48.625753
CARLA SILVA,2024-06-27 05:19:13,250.1,10.5,-29.009541,-48.626878
CARLA SILVA,2024-06-27 05:19:52,245.8,10.4,-29.010286,-48.628878
CARLA SILVA,2024-06-27 05:20:22,246.6,10.6,-29.010811,-48.630373
CARLA SILVA,2024-06-27 05:20:52,252.5,10.5,-29.011328,-48.631931
CARLA SILVA,2024-06-27 05:23:02,247.5,10.6,-29.01369,-48.638656
CARLA SILVA,2024-06-27 05:25:24,246.5,10.4,-29.01626,-48.645995
CARLA SILVA,2024-06-27 05:25:54,247.6,10.5,-29.016833,-48.647546
CARLA SILVA,2024-06-27 05:49:33,231.0,9.7,-29.041261,-48.718605
CARLA SILVA,2024-06-27 05:53:04,235.5,9.9,-29.046781,-48.727525
CARLA SILVA,2024-06-27 06:23:34,233.3,10.1,-29.094285,-48.805976
CARLA SILVA,2024-06-27 06:26:43,236.1,10.0,-29.09904,-48.814625
CARLA SILVA,2024-06-27 06:36:53,231.4,10.6,-29.115818,-48.842201
CARLA SILVA,2024-06-27 06:56:13,233.7,10.5,-29.148003,-48.894701
CARLA SILVA,2024-06-27 07:01:05,240.5,10.6,-29.156155,-48.908238
CARLA SILVA,2024-06-27 07:03:44,236.8,10.4,-29.160415,-48.91568
CARLA SILVA,2024-06-27 07:37:23,233.6,10.7,-29.217661,-49.00672
CARLA SILVA,2024-06-27 08:00:04,236.7,10.8,-29.257715,-49.069223
CARLA SILVA,2024-06-27 08:13:15,231.4,11.3,-29.281956,-49.106871
CARLA SILVA,2024-06-27 08:35:14,235.0,11.1,-29.322821,-49.169826
CARLA SILVA,2024-06-27 08:38:44,232.1,11.1,-29.329281,-49.179833
CARLA SILVA,2024-06-27 09:13:03,231.3,11.3,-29.393796,-49.27873
CARLA SILVA,2024-06-27 09:16:03,234.6,11.3,-29.399571,-49.287385
CARLA SILVA,2024-06-27 09:20:43,236.7,11.4,-29.408463,-49.30096
CARLA SILVA,2024-06-27 09:22:53,234.7,11.4,-29.41252,-49.307268
CARLA SILVA,2024-06-27 09:43:34,228.9,11.4,-29.453438,-49.365928
CARLA SILVA,2024-06-27 09:51:33,226.4,11.4,-29.47061,-49.387105
CARLA SILVA,2024-06-27 09:55:13,223.5,11.5,-29.478688,-49.396813
CARLA SILVA,2024-06-27 10:10:03,225.9,11.7,-29.51163,-49.436551
CARLA SILVA,2024-06-27 10:14:13,224.4,11.7,-29.520981,-49.44795
CARLA SILVA,2024-06-27 10:20:04,227.1,11.6,-29.533975,-49.463921
CARLA SILVA,2024-06-27 10:30:13,225.9,11.7,-29.556456,-49.491956
CARLA SILVA,2024-06-27 10:50:04,224.9,11.3,-29.602291,-49.544315
CARLA SILVA,2024-06-27 11:25:25,223.1,11.7,-29.68211,-49.636215
CARLA SILVA,2024-06-27 11:32:34,225.1,11.7,-29.698555,-49.655355
CARLA SILVA,2024-06-27 11:37:13,225.7,11.7,-29.709291,-49.66772
CARLA SILVA,2024-06-27 12:03:34,225.2,11.8,-29.770525,-49.737538
CARLA SILVA,2024-06-27 12:06:14,222.6,11.9,-29.776696,-49.744636
CARLA SILVA,2024-06-27 12:11:14,223.9,12.1,-29.78884,-49.757966
CARLA SILVA,2024-06-27 12:12:33,223.9,12.1,-29.792076,-49.761605
CARLA SILVA,2024-06-27 12:13:03,225.1,12.1,-29.79324,-49.762915
CARLA SILVA,2024-06-27 12:13:13,224.4,12.1,-29.793645,-49.763361
CARLA SILVA,2024-06-27 12:13:53,218.7,12.1,-29.795275,-49.765135
CARLA SILVA,2024-06-27 12:18:13,221.4,12.2,-29.805986,-49.776748
CARLA SILVA,2024-06-27 12:18:52,223.1,12.2,-29.807678,-49.77851
CARLA SILVA,2024-06-27 12:21:23,223.7,12.3,-29.813856,-49.785321
CARLA SILVA,2024-06-27 12:21:33,225.7,12.3,-29.814266,-49.785786
CARLA SILVA,2024-06-27 12:23:23,223.8,12.2,-29.818861,-49.790821
CARLA SILVA,2024-06-27 12:35:04,225.6,12.3,-29.846841,-49.823568
CARLA SILVA,2024-06-27 13:08:34,233.8,11.4,-29.91755,-49.925616
CARLA SILVA,2024-06-27 13:12:55,241.6,10.8,-29.924005,-49.939191
CARLA SILVA,2024-06-27 16:08:58,137.2,0.3,-29.944293,-50.027073
CARLA SILVA,2024-06-27 20:14:58,44.0,0.0,-29.94432,-50.028585
CARLA SILVA,2024-06-28 01:23:57,172.8,0.1,-29.94687,-50.030715
CARLA SILVA,2024-06-28 03:41:58,151.3,0.1,-29.946896,-50.030775
CARLA SILVA,2024-06-28 04:20:58,343.8,0.3,-29.94672,-50.030836
CARLA SILVA,2024-06-28 05:44:57,49.3,0.0,-29.945835,-50.030831
CARLA SILVA,2024-06-28 05:50:57,67.9,0.0,-29.945798,-50.030676
CARLA SILVA,2024-06-28 06:41:58,295.7,0.0,-29.945311,-50.030321
CARLA SILVA,2024-06-28 08:14:58,24.8,0.0,-29.945758,-50.030681
CARLA SILVA,2024-06-28 10:56:58,87.6,0.0,-29.944568,-50.028468
CARLA SILVA,2024-06-28 12:44:58,318.4,0.0,-29.944543,-50.026523
CARLA SILVA,2024-06-28 14:26:58,142.3,0.0,-29.94548,-50.025483
CARLA SILVA,2024-06-28 15:38:58,303.3,0.0,-29.945383,-50.025495
CARLA SILVA,2024-06-28 18:23:58,151.7,0.0,-29.945355,-50.02556
CARLA SILVA,2024-06-28 22:44:58,220.4,0.0,-29.944243,-50.026883
CARLA SILVA,2024-06-28 23:26:58,103.0,0.0,-29.944241,-50.027071
CARLA SILVA,2024-06-29 01:20:58,92.5,0.0,-29.94413,-50.027221
CARLA SILVA,2024-06-29 03:53:58,63.1,0.0,-29.943951,-50.027553
CARLA SILVA,2024-06-29 04:26:58,306.2,0.1,-29.94403,-50.027361
CARLA SILVA,2024-06-29 09:26:58,122.2,0.2,-29.94403,-50.02762
CARLA SILVA,2024-06-29 10:44:58,306.9,0.0,-29.944036,-50.027571
CARLA SILVA,2024-06-29 16:00:25,90.0,0.6,-29.94663,-50.027463
CARLA SILVA,2024-06-29 16:21:54,142.4,3.9,-29.947228,-50.026585
CARLA SILVA,2024-06-29 16:27:23,129.2,7.0,-29.95343,-50.020038
CARLA SILVA,2024-06-29 16:30:04,108.1,8.3,-29.955523,-50.013911
CARLA SILVA,2024-06-29 16:56:53,95.7,5.6,-29.9621,-49.944443
CARLA SILVA,2024-06-29 17:00:53,140.7,2.2,-29.964321,-49.9395
CARLA SILVA,2024-06-29 17:27:03,35.5,3.0,-29.955793,-49.933376
CARLA SILVA,2024-06-29 17:30:24,31.9,2.8,-29.953918,-49.931996
CARLA SILVA,2024-06-29 17:37:33,30.4,2.4,-29.949338,-49.928976
CARLA SILVA,2024-06-29 18:45:55,23.7,2.4,-29.901296,-49.900485
CARLA SILVA,2024-06-29 18:46:15,23.8,2.9,-29.901048,-49.900353
CARLA SILVA,2024-06-29 18:46:55,23.9,3.0,-29.900548,-49.90012
CARLA SILVA,2024-06-29 18:47:55,23.7,2.9,-29.899811,-49.899741
CARLA SILVA,2024-06-29 18:48:15,21.7,3.0,-29.899573,-49.899638
CARLA SILVA,2024-06-29 19:20:12,26.5,2.9,-29.876675,-49.885918
CARLA SILVA,2024-06-29 19:53:34,25.6,3.6,-29.851951,-49.871033
CARLA SILVA,2024-06-29 20:00:53,28.1,2.7,-29.846306,-49.867898
CARLA SILVA,2024-06-29 21:37:53,26.9,2.9,-29.77366,-49.827343
CARLA SILVA,2024-06-29 22:37:33,28.2,2.6,-29.729423,-49.801995
CARLA SILVA,2024-06-29 23:27:32,198.6,5.6,-29.716715,-49.789126
CARLA SILVA,2024-06-29 23:28:54,203.7,5.6,-29.718666,-49.790028
CARLA SILVA,2024-06-29 23:41:41,203.3,7.4,-29.7408,-49.799508
CARLA SILVA,2024-06-29 23:42:13,200.3,7.4,-29.74179,-49.799916
CARLA SILVA,2024-06-29 23:43:42,200.7,7.3,-29.74466,-49.801126
CARLA SILVA,2024-06-29 23:45:52,199.6,7.4,-29.748901,-49.802798
CARLA SILVA,2024-06-30 00:15:44,200.9,7.7,-29.807773,-49.82818
CARLA SILVA,2024-06-30 00:18:24,203.5,7.2,-29.813005,-49.830628
CARLA SILVA,2024-06-30 00:20:53,197.4,7.3,-29.81781,-49.83272
CARLA SILVA,2024-06-30 00:34:44,201.3,7.1,-29.844385,-49.844353
CARLA SILVA,2024-06-30 00:37:13,199.7,7.2,-29.849008,-49.84641
CARLA SILVA,2024-06-30 01:05:23,199.0,7.7,-29.905056,-49.871065
CARLA SILVA,2024-06-30 01:12:04,200.1,8.0,-29.918801,-49.877233
CARLA SILVA,2024-06-30 01:13:13,198.7,7.9,-29.921286,-49.87825
CARLA SILVA,2024-06-30 01:14:33,200.4,8.1,-29.924185,-49.879458
CARLA SILVA,2024-06-30 01:15:12,200.2,8.1,-29.92553,-49.880106
CARLA SILVA,2024-06-30 01:18:33,189.8,8.1,-29.932965,-49.882105
CARLA SILVA,2024-06-30 01:20:42,189.7,8.3,-29.937895,-49.883106
CARLA SILVA,2024-06-30 01:20:52,188.6,8.2,-29.938275,-49.883173
CARLA SILVA,2024-06-30 01:21:43,189.7,8.1,-29.940146,-49.883601
CARLA SILVA,2024-06-30 01:33:53,188.1,7.9,-29.967211,-49.88906
CARLA SILVA,2024-06-30 01:46:24,186.6,7.0,-29.993798,-49.89404
CARLA SILVA,2024-06-30 02:01:12,187.4,7.7,-30.024303,-49.898681
CARLA SILVA,2024-06-30 02:06:32,189.2,7.6,-30.035386,-49.90055
CARLA SILVA,2024-06-30 02:16:02,189.9,7.2,-30.054678,-49.903523
CARLA SILVA,2024-06-30 02:21:52,188.5,7.3,-30.06638,-49.905411
CARLA SILVA,2024-06-30 02:48:23,188.5,7.0,-30.119913,-49.91534
CARLA SILVA,2024-06-30 02:52:33,187.8,7.3,-30.128251,-49.916751
CARLA SILVA,2024-06-30 02:52:34,187.8,7.3,-30.128251,-49.916751
CARLA SILVA,2024-06-30 02:53:03,188.6,7.5,-30.129241,-49.916928
CARLA SILVA,2024-06-30 02:55:14,188.6,7.5,-30.133681,-49.917731
CARLA SILVA,2024-06-30 02:55:34,187.8,7.5,-30.134373,-49.917845
CARLA SILVA,2024-06-30 02:58:03,187.3,7.2,-30.139435,-49.918628
CARLA SILVA,2024-06-30 03:22:33,181.8,2.2,-30.179126,-49.923343
CARLA SILVA,2024-06-30 03:26:12,264.8,2.0,-30.180396,-49.92418
CARLA SILVA,2024-06-30 03:31:03,342.4,2.7,-30.178835,-49.925583
CARLA SILVA,2024-06-30 03:48:33,29.7,3.4,-30.167423,-49.922643
CARLA SILVA,2024-06-30 03:56:34,23.1,4.3,-30.161895,-49.919506
CARLA SILVA,2024-06-30 03:59:13,25.1,2.8,-30.159881,-49.91842
CARLA SILVA,2024-06-30 04:29:11,29.0,3.3,-30.137043,-49.90476
CARLA SILVA,2024-06-30 04:32:33,30.5,3.0,-30.134491,-49.903081
CARLA SILVA,2024-06-30 04:35:14,34.5,2.7,-30.132606,-49.901665
CARLA SILVA,2024-06-30 04:35:50,33.2,3.9,-30.132146,-49.9013
CARLA SILVA,2024-06-30 04:35:53,33.2,3.9,-30.132146,-49.9013
CARLA SILVA,2024-06-30 04:36:50,31.3,3.7,-30.131431,-49.900768
CARLA SILVA,2024-06-30 04:37:22,33.6,3.4,-30.13102,-49.900465
CARLA SILVA,2024-06-30 04:37:52,32.5,2.9,-30.130663,-49.900195
CARLA SILVA,2024-06-30 04:39:54,31.8,3.2,-30.129161,-49.899126
CARLA SILVA,2024-06-30 04:43:54,31.6,3.8,-30.126218,-49.897101
CARLA SILVA,2024-06-30 05:07:33,30.1,3.3,-30.108335,-49.885063
CARLA SILVA,2024-06-30 05:09:34,32.1,3.1,-30.106876,-49.884048
CARLA SILVA,2024-06-30 05:23:13,32.2,3.2,-30.097185,-49.877071
CARLA SILVA,2024-06-30 05:30:12,25.7,2.9,-30.092136,-49.87358
CARLA SILVA,2024-06-30 06:16:13,30.2,3.1,-30.059575,-49.850003
CARLA SILVA,2024-06-30 06:22:34,33.4,2.4,-30.05479,-49.84673
CARLA SILVA,2024-06-30 06:47:53,27.9,3.7,-30.035531,-49.834083
CARLA SILVA,2024-06-30 06:53:53,31.0,4.0,-30.030736,-49.831118
CARLA SILVA,2024-06-30 07:25:33,27.3,3.3,-30.006456,-49.814835
CARLA SILVA,2024-06-30 07:36:24,23.0,4.1,-29.997686,-49.809435
CARLA SILVA,2024-06-30 07:45:53,21.4,4.1,-29.989895,-49.80472
CARLA SILVA,2024-06-30 07:48:53,28.3,3.8,-29.987426,-49.803221
CARLA SILVA,2024-06-30 07:55:14,28.7,3.5,-29.98244,-49.800161
CARLA SILVA,2024-06-30 08:00:23,24.1,3.2,-29.97824,-49.797705
CARLA SILVA,2024-06-30 08:03:13,28.2,3.1,-29.975835,-49.796356
CARLA SILVA,2024-06-30 08:19:14,29.7,3.5,-29.96312,-49.788806
CARLA SILVA,2024-06-30 08:20:13,30.4,3.5,-29.962373,-49.788321
CARLA SILVA,2024-06-30 08:23:33,29.0,3.5,-29.959888,-49.78677
CARLA SILVA,2024-06-30 08:26:24,27.5,3.1,-29.957878,-49.785488
CARLA SILVA,2024-06-30 08:29:24,29.4,3.4,-29.955561,-49.784086
CARLA SILVA,2024-06-30 08:32:43,26.3,3.0,-29.952811,-49.782528
CARLA SILVA,2024-06-30 08:56:53,26.1,1.2,-29.93386,-49.770951
CARLA SILVA,2024-06-30 09:30:54,32.5,3.5,-29.907983,-49.7545
CARLA SILVA,2024-06-30 09:33:13,29.9,3.6,-29.906163,-49.753408
CARLA SILVA,2024-06-30 09:41:52,27.6,4.1,-29.899638,-49.749191
CARLA SILVA,2024-06-30 09:45:13,26.4,3.6,-29.897081,-49.747538
CARLA SILVA,2024-06-30 09:49:53,28.3,3.2,-29.893573,-49.745208
CARLA SILVA,2024-06-30 10:11:33,26.6,3.1,-29.876086,-49.734676
CARLA SILVA,2024-06-30 10:15:32,25.6,2.8,-29.872746,-49.73276
CARLA SILVA,2024-06-30 10:16:24,25.3,3.3,-29.872086,-49.732378
CARLA SILVA,2024-06-30 10:22:31,26.2,3.4,-29.866996,-49.729416
CARLA SILVA,2024-06-30 10:26:03,25.2,3.5,-29.864225,-49.727716
CARLA SILVA,2024-06-30 10:39:33,31.3,3.9,-29.853396,-49.720936
CARLA SILVA,2024-06-30 10:41:52,32.4,3.6,-29.851651,-49.719705
CARLA SILVA,2024-06-30 10:56:44,29.9,3.9,-29.8402,-49.711593
CARLA SILVA,2024-06-30 10:58:53,34.2,3.4,-29.838595,-49.71039
CARLA SILVA,2024-06-30 11:53:22,219.6,7.2,-29.827325,-49.713555
CARLA SILVA,2024-06-30 11:56:43,221.7,7.5,-29.83254,-49.718571
CARLA SILVA,2024-06-30 11:57:22,218.5,7.5,-29.83358,-49.719565
CARLA SILVA,2024-06-30 11:59:43,218.0,7.9,-29.837563,-49.723105
CARLA SILVA,2024-06-30 12:00:12,216.7,7.9,-29.838423,-49.72386
CARLA SILVA,2024-06-30 12:01:32,216.1,7.9,-29.840691,-49.725976
CARLA SILVA,2024-06-30 12:02:32,222.4,7.9,-29.842398,-49.72761
CARLA SILVA,2024-06-30 12:30:43,216.7,8.8,-29.893081,-49.774891
CARLA SILVA,2024-06-30 12:34:43,217.5,9.0,-29.901053,-49.781965
CARLA SILVA,2024-06-30 12:59:43,214.7,8.6,-29.950498,-49.825206
CARLA SILVA,2024-06-30 13:01:33,216.7,8.5,-29.953976,-49.828371
CARLA SILVA,2024-06-30 13:02:43,219.1,8.5,-29.956138,-49.83038
CARLA SILVA,2024-06-30 13:04:04,213.3,8.4,-29.958673,-49.832568
CARLA SILVA,2024-06-30 13:08:13,247.0,8.9,-29.964203,-49.842021
CARLA SILVA,2024-06-30 13:33:54,287.0,5.8,-29.961971,-49.914256
CARLA SILVA,2024-06-30 13:42:52,220.9,1.9,-29.964666,-49.923543
CARLA SILVA,2024-06-30 14:43:44,34.8,1.8,-29.945541,-49.918148
CARLA SILVA,2024-06-30 15:18:54,27.8,1.4,-29.929143,-49.909088
CARLA SILVA,2024-06-30 15:29:01,31.8,2.1,-29.924858,-49.906276
CARLA SILVA,2024-06-30 15:58:33,25.7,1.7,-29.911793,-49.897705
CARLA SILVA,2024-06-30 16:01:23,27.0,1.9,-29.910501,-49.896913
CARLA SILVA,2024-06-30 16:05:24,27.3,1.4,-29.908693,-49.89583
CARLA SILVA,2024-06-30 16:27:32,19.9,2.1,-29.89842,-49.889993
CARLA SILVA,2024-06-30 16:30:13,22.6,1.9,-29.89711,-49.889258
CARLA SILVA,2024-06-30 16:34:51,23.8,2.0,-29.894935,-49.888101
CARLA SILVA,2024-06-30 17:56:01,26.4,2.3,-29.856043,-49.865916
CARLA SILVA,2024-06-30 17:57:01,22.9,1.6,-29.855553,-49.865646
CARLA SILVA,2024-06-30 18:00:12,21.3,2.1,-29.853918,-49.864855
CARLA SILVA,2024-06-30 18:02:01,25.9,1.7,-29.852976,-49.864363
CARLA SILVA,2024-06-30 18:02:12,23.2,2.0,-29.852901,-49.864305
CARLA SILVA,2024-06-30 18:10:22,27.2,1.8,-29.848708,-49.862195
CARLA SILVA,2024-06-30 20:36:52,12.8,2.1,-29.774281,-49.835355
CARLA SILVA,2024-06-30 20:42:22,13.9,2.3,-29.771511,-49.834503
CARLA SILVA,2024-06-30 20:47:22,13.6,1.7,-29.769051,-49.833861
CARLA SILVA,2024-06-30 21:27:43,8.9,1.2,-29.749433,-49.82944
CARLA SILVA,2024-06-30 21:33:43,9.3,1.2,-29.746511,-49.828986
CARLA SILVA,2024-06-30 21:38:33,11.4,2.2,-29.744173,-49.828655
CARLA SILVA,2024-06-30 22:24:12,12.5,1.8,-29.723675,-49.824786
CARLA SILVA,2024-06-30 22:30:44,358.9,1.6,-29.720815,-49.824533
CARLA SILVA,2024-06-30 23:16:23,198.6,7.3,-29.74353,-49.838456
CARLA SILVA,2024-06-30 23:22:24,195.7,8.6,-29.756706,-49.842908
CARLA SILVA,2024-06-30 23:37:22,198.8,9.7,-29.794561,-49.85547
CARLA SILVA,2024-07-01 00:11:33,212.5,9.7,-29.87738,-49.900145
CARLA SILVA,2024-07-01 00:15:13,210.2,9.5,-29.88599,-49.905556
CARLA SILVA,2024-07-01 00:33:12,206.8,9.6,-29.928253,-49.932198
CARLA SILVA,2024-07-01 00:33:22,208.5,9.6,-29.928648,-49.932443
CARLA SILVA,2024-07-01 00:33:42,208.0,9.6,-29.929443,-49.932923
CARLA SILVA,2024-07-01 00:35:42,207.6,9.8,-29.93426,-49.935925
CARLA SILVA,2024-07-01 00:35:54,206.2,9.7,-29.934696,-49.936195
CARLA SILVA,2024-07-01 00:46:03,207.8,9.0,-29.958428,-49.95084
CARLA SILVA,2024-07-01 01:03:13,235.8,3.6,-29.984813,-49.968258
CARLA SILVA,2024-07-01 01:07:53,259.9,2.8,-29.986773,-49.972348
CARLA SILVA,2024-07-01 01:08:53,248.9,2.8,-29.986953,-49.973221
CARLA SILVA,2024-07-01 01:11:02,263.5,2.4,-29.987035,-49.975021
CARLA SILVA,2024-07-01 01:11:13,262.5,2.4,-29.98704,-49.975168
CARLA SILVA,2024-07-01 01:12:53,286.5,2.1,-29.987035,-49.976451
CARLA SILVA,2024-07-01 01:13:13,282.2,1.8,-29.987011,-49.976723
CARLA SILVA,2024-07-01 01:14:53,270.9,1.6,-29.987051,-49.977831
CARLA SILVA,2024-07-01 01:15:02,271.4,1.5,-29.987055,-49.977936
CARLA SILVA,2024-07-01 01:23:43,265.4,0.5,-29.98809,-49.98079
CARLA SILVA,2024-07-01 01:42:32,340.6,1.2,-29.986965,-49.982815
CARLA SILVA,2024-07-01 01:48:23,9.7,1.0,-29.985606,-49.98316
CARLA SILVA,2024-07-01 01:51:33,57.7,1.3,-29.984808,-49.983228
CARLA SILVA,2024-07-01 01:52:22,47.7,1.3,-29.984606,-49.983255
CARLA SILVA,2024-07-01 01:56:44,7.1,0.5,-29.983328,-49.983098
CARLA SILVA,2024-07-01 02:07:13,10.9,0.6,-29.980196,-49.982375
CARLA SILVA,2024-07-01 02:08:02,28.7,1.1,-29.979938,-49.9823
CARLA SILVA,2024-07-01 02:13:33,12.0,1.5,-29.97811,-49.981558
CARLA SILVA,2024-07-01 02:13:43,16.6,0.9,-29.978038,-49.981511
CARLA SILVA,2024-07-01 02:15:52,25.5,1.0,-29.977405,-49.981135
CARLA SILVA,2024-07-01 02:19:43,26.7,1.1,-29.976266,-49.980498
CARLA SILVA,2024-07-01 02:22:12,29.5,1.1,-29.975491,-49.980045
CARLA SILVA,2024-07-01 02:29:32,59.5,1.0,-29.973208,-49.978686
CARLA SILVA,2024-07-01 02:44:33,47.9,1.7,-29.96843,-49.976011
CARLA SILVA,2024-07-01 02:44:34,47.9,1.7,-29.96843,-49.976011
CARLA SILVA,2024-07-01 02:45:33,11.3,1.1,-29.968091,-49.975816
CARLA SILVA,2024-07-01 02:47:22,18.0,0.9,-29.967538,-49.975448
CARLA SILVA,2024-07-01 02:48:33,23.7,1.4,-29.967211,-49.975243
CARLA SILVA,2024-07-01 02:50:12,74.9,1.3,-29.966731,-49.974923
CARLA SILVA,2024-07-01 03:02:23,19.5,0.7,-29.962908,-49.972853
CARLA SILVA,2024-07-01 03:07:53,71.4,1.1,-29.961243,-49.9719
CARLA SILVA,2024-07-01 03:29:13,23.0,1.0,-29.954723,-49.96784
CARLA SILVA,2024-07-01 03:34:53,30.2,1.0,-29.953058,-49.966765
CARLA SILVA,2024-07-01 03:35:51,36.4,1.3,-29.952768,-49.966611
CARLA SILVA,2024-07-01 03:39:03,22.9,1.1,-29.951838,-49.966006
CARLA SILVA,2024-07-01 03:40:53,23.5,1.0,-29.951318,-49.96566
CARLA SILVA,2024-07-01 04:03:53,27.2,1.2,-29.94452,-49.961231
CARLA SILVA,2024-07-01 04:10:43,64.8,1.4,-29.942528,-49.959978
CARLA SILVA,2024-07-01 04:32:33,22.5,1.4,-29.936076,-49.956321
CARLA SILVA,2024-07-01 04:43:34,38.2,1.0,-29.93305,-49.954183
CARLA SILVA,2024-07-01 04:46:34,35.3,1.3,-29.932165,-49.953635
CARLA SILVA,2024-07-01 04:47:22,33.3,0.9,-29.931965,-49.953481
CARLA SILVA,2024-07-01 04:48:13,67.0,1.1,-29.931756,-49.953305
CARLA SILVA,2024-07-01 04:48:22,36.2,0.9,-29.931695,-49.95328
CARLA SILVA,2024-07-01 04:48:32,22.5,0.8,-29.931648,-49.953248
CARLA SILVA,2024-07-01 04:49:22,19.8,0.8,-29.931406,-49.953095
CARLA SILVA,2024-07-01 04:50:22,16.2,1.0,-29.931116,-49.952905
CARLA SILVA,2024-07-01 04:50:32,19.3,1.5,-29.93108,-49.952875
CARLA SILVA,2024-07-01 04:50:33,19.3,1.5,-29.93108,-49.952875
CARLA SILVA,2024-07-01 04:51:23,22.0,0.6,-29.93085,-49.952703
CARLA SILVA,2024-07-01 04:53:42,25.9,1.4,-29.930131,-49.952291
CARLA SILVA,2024-07-01 05:17:32,30.0,1.2,-29.923813,-49.947796
CARLA SILVA,2024-07-01 05:23:52,52.7,1.0,-29.922285,-49.946665
CARLA SILVA,2024-07-01 05:52:13,19.8,0.8,-29.914496,-49.942805
CARLA SILVA,2024-07-01 06:08:43,35.4,1.3,-29.910108,-49.940855
CARLA SILVA,2024-07-01 06:22:13,10.5,1.2,-29.906565,-49.939585
CARLA SILVA,2024-07-01 06:28:03,27.2,0.7,-29.90509,-49.939231
CARLA SILVA,2024-07-01 06:36:14,43.8,0.8,-29.903018,-49.938728
CARLA SILVA,2024-07-01 06:56:24,358.0,0.3,-29.897971,-49.938381
CARLA SILVA,2024-07-01 06:58:33,352.2,0.8,-29.89744,-49.938403
CARLA SILVA,2024-07-01 07:01:33,354.5,0.7,-29.89672,-49.938465
CARLA SILVA,2024-07-01 07:06:23,344.0,1.6,-29.89551,-49.938645
CARLA SILVA,2024-07-01 07:09:23,13.3,0.3,-29.894761,-49.938735
CARLA SILVA,2024-07-01 07:25:52,344.0,0.4,-29.891046,-49.939481
CARLA SILVA,2024-07-01 07:31:52,344.2,0.4,-29.889666,-49.93987
CARLA SILVA,2024-07-01 07:34:23,9.9,0.3,-29.889141,-49.940008
CARLA SILVA,2024-07-01 07:37:13,339.3,0.5,-29.888556,-49.94015
CARLA SILVA,2024-07-01 07:54:33,344.8,1.3,-29.884695,-49.941471
CARLA SILVA,2024-07-01 08:00:44,345.3,1.1,-29.883323,-49.941926
CARLA SILVA,2024-07-01 08:03:03,337.3,1.1,-29.882795,-49.94212
CARLA SILVA,2024-07-01 08:14:14,339.4,1.3,-29.880345,-49.94308
CARLA SILVA,2024-07-01 08:17:53,334.0,1.5,-29.879625,-49.943338
CARLA SILVA,2024-07-01 08:30:14,332.0,0.3,-29.877061,-49.944408
CARLA SILVA,2024-07-01 08:33:13,340.0,0.5,-29.876421,-49.94465
CARLA SILVA,2024-07-01 08:38:11,312.7,0.5,-29.875478,-49.945306
CARLA SILVA,2024-07-01 08:56:23,203.4,2.5,-29.878793,-49.952385
CARLA SILVA,2024-07-01 09:09:24,215.2,5.5,-29.893006,-49.959901
CARLA SILVA,2024-07-01 09:11:33,209.8,5.7,-29.89582,-49.962045
CARLA SILVA,2024-07-01 09:14:03,205.9,6.0,-29.899391,-49.964398
CARLA SILVA,2024-07-01 09:17:32,224.7,6.2,-29.904156,-49.96867
CARLA SILVA,2024-07-01 09:38:54,226.0,4.3,-29.92731,-49.991713
CARLA SILVA,2024-07-01 09:45:33,222.2,3.9,-29.932893,-49.997681
CARLA SILVA,2024-07-01 09:49:43,224.2,3.6,-29.936211,-50.00117
CARLA SILVA,2024-07-01 09:53:14,222.4,3.7,-29.939051,-50.00384
CARLA SILVA,2024-07-01 10:22:14,183.2,1.2,-29.949653,-50.01909
CARLA SILVA,2024-07-01 10:25:03,182.3,1.4,-29.95056,-50.01918
CARLA SILVA,2024-07-01 10:30:44,226.7,1.2,-29.952471,-50.020271
CARLA SILVA,2024-07-01 10:53:13,332.7,0.4,-29.95346,-50.023175
CARLA SILVA,2024-07-01 11:04:53,313.0,0.1,-29.953313,-50.023943
CARLA SILVA,2024-07-01 11:49:16,3.8,0.0,-29.953525,-50.024698
CARLA SILVA,2024-07-01 13:19:16,38.7,0.0,-29.953453,-50.024553
CARLA SILVA,2024-07-01 17:19:16,189.0,0.2,-29.954166,-50.025385
CARLA SILVA,2024-07-02 01:19:16,257.9,0.3,-29.957258,-50.023485
CARLA SILVA,2024-07-02 01:22:16,271.3,0.1,-29.957335,-50.023473
CARLA SILVA,2024-07-02 03:31:16,287.9,0.2,-29.957515,-50.023153
CARLA SILVA,2024-07-02 05:04:14,289.9,0.0,-29.957453,-50.023591
CARLA SILVA,2024-07-02 07:01:16,100.8,0.2,-29.957888,-50.022871
CARLA SILVA,2024-07-02 08:28:15,240.1,0.2,-29.95796,-50.022831
CARLA SILVA,2024-07-02 13:33:07,29.9,1.7,-29.951335,-50.0177
CARLA SILVA,2024-07-02 13:37:17,21.9,1.6,-29.949543,-50.016996
CARLA SILVA,2024-07-02 13:41:58,36.8,1.4,-29.947848,-50.015915
CARLA SILVA,2024-07-02 13:58:46,251.0,2.8,-29.94194,-50.016176
CARLA SILVA,2024-07-02 14:01:47,222.9,3.8,-29.94355,-50.018895
CARLA SILVA,2024-07-02 14:05:35,228.6,4.9,-29.94686,-50.022691
CARLA SILVA,2024-07-02 14:27:26,216.1,6.3,-29.975991,-50.05251
CARLA SILVA,2024-07-02 14:34:06,218.2,5.5,-29.984526,-50.060473
CARLA SILVA,2024-07-02 15:27:17,164.6,0.9,-30.027303,-50.083843
CARLA SILVA,2024-07-02 15:46:26,118.0,0.6,-30.030693,-50.08187
CARLA SILVA,2024-07-03 05:24:42,291.0,0.0,-30.034491,-50.077398
CARLA SILVA,2024-07-03 09:44:46,206.5,1.2,-30.035753,-50.080818
CARLA SILVA,2024-07-03 09:46:56,209.2,1.1,-30.036318,-50.081346
CARLA SILVA,2024-07-03 09:50:24,219.5,1.1,-30.037153,-50.082176
CARLA SILVA,2024-07-03 10:02:46,19.2,0.5,-30.038666,-50.083293
CARLA SILVA,2024-07-03 10:18:04,346.6,1.4,-30.03396,-50.082213
CARLA SILVA,2024-07-03 10:24:36,37.1,4.9,-30.028005,-50.080593
CARLA SILVA,2024-07-03 10:41:56,84.3,10.2,-30.02083,-50.036141
CARLA SILVA,2024-07-03 10:46:25,82.6,10.8,-30.019248,-50.021078
CARLA SILVA,2024-07-03 10:54:06,56.2,11.1,-30.010265,-49.997165
CARLA SILVA,2024-07-03 11:41:55,49.7,12.6,-29.90427,-49.857535
CARLA SILVA,2024-07-03 12:38:05,45.3,13.1,-29.764643,-49.689791
CARLA SILVA,2024-07-03 12:40:34,44.4,13.1,-29.758228,-49.682401
CARLA SILVA,2024-07-03 13:05:44,43.3,12.8,-29.692726,-49.608696
CARLA SILVA,2024-07-03 13:07:53,43.4,12.7,-29.687098,-49.60261
CARLA SILVA,2024-07-03 13:47:24,47.1,12.6,-29.591155,-49.489881
CARLA SILVA,2024-07-03 13:48:24,46.7,12.5,-29.588745,-49.486941
CARLA SILVA,2024-07-03 14:11:25,47.2,12.7,-29.533151,-49.419026
CARLA SILVA,2024-07-03 16:52:45,48.5,13.0,-29.13742,-48.933578
CARLA SILVA,2024-07-03 17:32:43,46.9,13.3,-29.040471,-48.809038
CARLA SILVA,2024-07-03 17:33:22,48.0,13.3,-29.038883,-48.807058
CARLA SILVA,2024-07-03 17:34:22,46.4,13.3,-29.036351,-48.803931
CARLA SILVA,2024-07-03 17:35:12,48.3,13.3,-29.03422,-48.801281
CARLA SILVA,2024-07-03 17:37:06,47.9,13.4,-29.02955,-48.795483
CARLA SILVA,2024-07-03 17:46:06,47.1,13.5,-29.006623,-48.767181
CARLA SILVA,2024-07-03 17:58:55,45.5,13.5,-28.973356,-48.727111
CARLA SILVA,2024-07-03 18:50:04,45.5,13.0,-28.838376,-48.574341
CARLA SILVA,2024-07-03 19:24:54,45.3,13.3,-28.751488,-48.46967
CARLA SILVA,2024-07-03 19:42:26,46.9,13.1,-28.706386,-48.417321
CARLA SILVA,2024-07-03 20:25:05,45.7,13.2,-28.598875,-48.288581
CARLA SILVA,2024-07-03 21:23:46,23.5,13.3,-28.42846,-48.147205
CARLA SILVA,2024-07-03 22:03:35,14.4,13.5,-28.286245,-48.102248
CARLA SILVA,2024-07-03 22:57:35,21.7,13.0,-28.115001,-47.99084
CARLA SILVA,2024-07-03 23:53:55,353.6,12.3,-27.92819,-47.92839
CARLA SILVA,2024-07-04 00:04:14,351.9,12.4,-27.892811,-47.933433
CARLA SILVA,2024-07-04 00:40:25,354.6,13.0,-27.765591,-47.947861
CARLA SILVA,2024-07-04 00:47:15,354.9,13.1,-27.740733,-47.949913
CARLA SILVA,2024-07-04 00:52:45,355.4,13.1,-27.720665,-47.951546
CARLA SILVA,2024-07-04 00:52:55,355.0,13.1,-27.720056,-47.951601
CARLA SILVA,2024-07-04 00:53:05,355.6,13.2,-27.719446,-47.951656
CARLA SILVA,2024-07-04 00:57:25,356.4,13.2,-27.703498,-47.952938
CARLA SILVA,2024-07-04 00:58:44,355.7,13.2,-27.698718,-47.95329
CARLA SILVA,2024-07-04 00:58:55,356.1,13.2,-27.69798,-47.95334
CARLA SILVA,2024-07-04 01:10:56,356.4,13.3,-27.65362,-47.956738
CARLA SILVA,2024-07-04 01:18:25,355.6,13.4,-27.62571,-47.95872
CARLA SILVA,2024-07-04 01:27:04,355.4,13.5,-27.59329,-47.961138
CARLA SILVA,2024-07-04 01:32:16,356.8,13.5,-27.573641,-47.962546
CARLA SILVA,2024-07-04 01:38:34,356.4,13.5,-27.549975,-47.96427
CARLA SILVA,2024-07-04 02:28:24,354.3,13.6,-27.360303,-47.978751
CARLA SILVA,2024-07-04 02:31:05,354.8,13.6,-27.350143,-47.979941
CARLA SILVA,2024-07-04 02:31:26,354.6,13.6,-27.348881,-47.980066
CARLA SILVA,2024-07-04 02:57:15,352.9,13.6,-27.250656,-47.991756
CARLA SILVA,2024-07-04 03:15:06,352.0,13.4,-27.18381,-48.001265
CARLA SILVA,2024-07-04 03:20:16,351.5,13.2,-27.164673,-48.004378
CARLA SILVA,2024-07-04 03:22:55,352.1,13.2,-27.155053,-48.005833
CARLA SILVA,2024-07-04 04:08:15,356.5,13.2,-26.992226,-48.024815
CARLA SILVA,2024-07-04 04:11:15,356.2,13.2,-26.981206,-48.025628
CARLA SILVA,2024-07-04 04:57:45,346.5,13.4,-26.815866,-48.071091
CARLA SILVA,2024-07-04 05:07:15,346.2,13.5,-26.781256,-48.080665
CARLA SILVA,2024-07-04 05:15:24,327.8,11.8,-26.754153,-48.090755
CARLA SILVA,2024-07-04 05:30:54,330.5,10.0,-26.711655,-48.11645
CARLA SILVA,2024-07-04 05:34:04,331.8,9.7,-26.704105,-48.121166
CARLA SILVA,2024-07-04 05:34:33,331.1,9.6,-26.702933,-48.121916
CARLA SILVA,2024-07-04 05:37:44,330.7,9.4,-26.695548,-48.126518
CARLA SILVA,2024-07-04 05:40:23,329.6,9.3,-26.689565,-48.130328
CARLA SILVA,2024-07-04 06:12:55,328.7,8.7,-26.619805,-48.176185
CARLA SILVA,2024-07-04 06:15:14,328.9,8.7,-26.614973,-48.179468
CARLA SILVA,2024-07-04 06:43:45,335.8,8.4,-26.554778,-48.214941
CARLA SILVA,2024-07-04 07:03:14,334.5,8.2,-26.513613,-48.236365
CARLA SILVA,2024-07-04 07:32:25,324.9,8.0,-26.457258,-48.27471
CARLA SILVA,2024-07-04 07:50:25,336.6,8.0,-26.420766,-48.29361
CARLA SILVA,2024-07-04 08:33:24,339.6,7.6,-26.331955,-48.330233
CARLA SILVA,2024-07-04 09:26:14,11.2,6.8,-26.262103,-48.331806
CARLA SILVA,2024-07-04 09:53:55,352.0,10.0,-26.186126,-48.32246
CARLA SILVA,2024-07-04 10:00:25,355.9,9.6,-26.168111,-48.323781
CARLA SILVA,2024-07-04 10:20:04,254.3,3.8,-26.144438,-48.352761
CARLA SILVA,2024-07-04 13:44:22,93.2,0.0,-26.153896,-48.363591
CARLA SILVA,2024-07-04 14:56:22,214.3,0.0,-26.153803,-48.363551
CARLA SILVA,2024-07-04 18:05:34,130.2,1.5,-26.157025,-48.36209
CARLA SILVA,2024-07-04 18:06:04,135.7,1.7,-26.157185,-48.361888
CARLA SILVA,2024-07-04 18:25:06,185.2,8.8,-26.188261,-48.364065
CARLA SILVA,2024-07-04 18:29:08,184.9,9.3,-26.198421,-48.365185
CARLA SILVA,2024-07-04 18:37:36,225.5,7.1,-26.216485,-48.373578
CARLA SILVA,2024-07-04 18:59:56,257.5,2.5,-26.217466,-48.401691
CARLA SILVA,2024-07-04 19:04:06,218.4,1.9,-26.219011,-48.404191
CARLA SILVA,2024-07-04 19:20:27,144.4,0.6,-26.224331,-48.404021
CARLA SILVA,2024-07-04 19:23:57,123.8,0.5,-26.22483,-48.403448
CARLA SILVA,2024-07-04 20:16:07,233.1,0.3,-26.22627,-48.40026
CARLA SILVA,2024-07-04 20:20:06,184.5,0.4,-26.22663,-48.400498
CARLA SILVA,2024-07-04 20:24:47,117.2,1.4,-26.22808,-48.399395
CARLA SILVA,2024-07-04 20:27:57,79.7,1.7,-26.228265,-48.39742
CARLA SILVA,2024-07-04 21:09:17,188.8,0.9,-26.224901,-48.41627
CARLA SILVA,2024-07-04 21:56:48,315.8,0.0,-26.22962,-48.420041
CARLA SILVA,2024-07-05 12:11:50,316.8,1.3,-26.229273,-48.422951
CARLA SILVA,2024-07-05 12:17:50,212.6,0.1,-26.228285,-48.424048
CARLA SILVA,2024-07-05 12:25:21,178.8,0.3,-26.22872,-48.424155
CARLA SILVA,2024-07-05 12:57:11,337.5,0.4,-26.227111,-48.42597
CARLA SILVA,2024-07-05 12:57:31,346.8,0.3,-26.227083,-48.425981
CARLA SILVA,2024-07-05 13:19:02,158.1,7.3,-26.25113,-48.425125
CARLA SILVA,2024-07-05 13:20:02,151.7,7.7,-26.25298,-48.424136
CARLA SILVA,2024-07-05 13:25:53,124.3,8.5,-26.264316,-48.415143
CARLA SILVA,2024-07-05 13:56:40,155.6,4.5,-26.266495,-48.347956
CARLA SILVA,2024-07-05 14:04:12,41.9,6.3,-26.264701,-48.337786
CARLA SILVA,2024-07-05 14:30:23,46.5,11.1,-26.220271,-48.275928
CARLA SILVA,2024-07-05 17:24:32,42.5,11.6,-25.836488,-47.81202
CARLA SILVA,2024-07-05 17:30:02,41.0,11.6,-25.823478,-47.798421
CARLA SILVA,2024-07-05 17:38:17,43.1,11.6,-25.786241,-47.76015
CARLA SILVA,2024-07-05 17:40:58,42.5,11.7,-25.779866,-47.75363
CARLA SILVA,2024-07-05 17:42:58,43.2,11.7,-25.775066,-47.748641
CARLA SILVA,2024-07-05 17:43:17,42.9,11.7,-25.774291,-47.747861
CARLA SILVA,2024-07-05 18:17:44,43.3,11.9,-25.709133,-47.679925
CARLA SILVA,2024-07-05 19:06:52,43.9,11.9,-25.59088,-47.553306
CARLA SILVA,2024-07-05 19:26:23,44.3,11.9,-25.544546,-47.503248
CARLA SILVA,2024-07-05 21:13:52,48.1,11.7,-25.31469,-47.202395
CARLA SILVA,2024-07-05 22:09:24,43.1,11.8,-25.18685,-47.060006
CARLA SILVA,2024-07-05 22:32:22,54.1,11.9,-25.134485,-46.99979
CARLA SILVA,2024-07-05 22:35:13,51.8,11.9,-25.128655,-46.99153
CARLA SILVA,2024-07-05 22:42:43,52.5,11.9,-25.113516,-46.969881
CARLA SILVA,2024-07-05 23:11:21,55.2,11.9,-25.058353,-46.884271
CARLA SILVA,2024-07-05 23:14:42,53.4,11.8,-25.051981,-46.874225
CARLA SILVA,2024-07-05 23:50:43,54.8,11.8,-24.991446,-46.763803
CARLA SILVA,2024-07-06 00:19:04,52.5,11.9,-24.93492,-46.6808
CARLA SILVA,2024-07-06 00:29:23,53.3,11.9,-24.914331,-46.650635
CARLA SILVA,2024-07-06 00:33:33,53.0,11.9,-24.905983,-46.638606
CARLA SILVA,2024-07-06 00:38:03,53.4,11.9,-24.896931,-46.625383
CARLA SILVA,2024-07-06 00:39:32,53.4,11.9,-24.893951,-46.621051
CARLA SILVA,2024-07-06 00:39:52,52.6,11.9,-24.893271,-46.620083
CARLA SILVA,2024-07-06 00:42:13,53.1,12.0,-24.888515,-46.613215
CARLA SILVA,2024-07-06 00:43:13,55.1,11.9,-24.886538,-46.61028
CARLA SILVA,2024-07-06 00:44:13,54.2,11.9,-24.884536,-46.607288
CARLA SILVA,2024-07-06 01:00:52,55.3,12.0,-24.851143,-46.558673
CARLA SILVA,2024-07-06 02:13:04,52.7,11.9,-24.705048,-46.351343
CARLA SILVA,2024-07-06 02:20:32,49.9,11.9,-24.690176,-46.329458
CARLA SILVA,2024-07-06 02:37:42,52.8,11.9,-24.655736,-46.279555
CARLA SILVA,2024-07-06 03:02:52,51.3,12.0,-24.604158,-46.206986
CARLA SILVA,2024-07-06 04:12:03,65.5,11.8,-24.487108,-45.992751
CARLA SILVA,2024-07-06 04:18:42,65.1,11.7,-24.477668,-45.971125
CARLA SILVA,2024-07-06 04:26:02,65.4,11.7,-24.467498,-45.947273
CARLA SILVA,2024-07-06 04:28:52,64.4,11.6,-24.463663,-45.938148
CARLA SILVA,2024-07-06 04:30:51,64.3,11.5,-24.461013,-45.931726
CARLA SILVA,2024-07-06 04:31:51,63.2,11.6,-24.459665,-45.928501
CARLA SILVA,2024-07-06 04:32:51,64.2,11.7,-24.458313,-45.925283
CARLA SILVA,2024-07-06 04:46:12,64.3,11.6,-24.440256,-45.88219
CARLA SILVA,2024-07-06 05:42:34,63.6,11.8,-24.360791,-45.700066
CARLA SILVA,2024-07-06 05:58:34,64.1,11.8,-24.337295,-45.648371
CARLA SILVA,2024-07-06 06:18:03,63.8,11.8,-24.3088,-45.585326
CARLA SILVA,2024-07-06 07:18:23,44.4,9.5,-24.223296,-45.392285
CARLA SILVA,2024-07-06 07:21:43,357.5,8.4,-24.215596,-45.390116
CARLA SILVA,2024-07-06 07:24:53,4.3,9.6,-24.207525,-45.389923
CARLA SILVA,2024-07-06 07:55:04,0.2,10.6,-24.114403,-45.382538
CARLA SILVA,2024-07-06 07:57:44,319.0,9.3,-24.107921,-45.385945
CARLA SILVA,2024-07-06 09:03:03,299.8,4.2,-23.964188,-45.49599
CARLA SILVA,2024-07-06 09:10:53,12.2,6.3,-23.955901,-45.500315
CARLA SILVA,2024-07-06 09:44:05,51.7,7.6,-23.893585,-45.478038
CARLA SILVA,2024-07-06 11:25:11,148.2,0.0,-23.761041,-45.362948
CARLA SILVA,2024-07-06 23:19:09,126.0,0.0,-23.761195,-45.362478
CARLA SILVA,2024-07-07 02:07:09,80.8,0.0,-23.761208,-45.362535
CARLA SILVA,2024-07-07 12:37:10,124.3,0.0,-23.761328,-45.362363
CARLA SILVA,2024-07-07 12:43:10,353.8,0.0,-23.761238,-45.362343
CARLA SILVA,2024-07-07 16:22:09,136.2,0.0,-23.761471,-45.362158
CARLA SILVA,2024-07-07 18:55:10,294.1,0.0,-23.761055,-45.363333
CARLA SILVA,2024-07-07 21:13:11,271.0,0.0,-23.76088,-45.363006
CARLA SILVA,2024-07-08 00:07:11,134.8,0.1,-23.761475,-45.361876
CARLA SILVA,2024-07-08 07:13:10,159.1,0.1,-23.76142,-45.362103
CARLA SILVA,2024-07-08 11:11:16,7.1,0.0,-23.7615,-45.362048
CARLA SILVA,2024-07-08 12:47:16,302.7,0.0,-23.761203,-45.362031
CARLA SILVA,2024-07-08 13:17:16,280.0,0.0,-23.761163,-45.36209
CARLA SILVA,2024-07-08 13:53:16,249.1,0.0,-23.761128,-45.362163
CARLA SILVA,2024-07-08 15:26:16,20.2,0.1,-23.761458,-45.361935
CARLA SILVA,2024-07-08 19:41:16,305.3,0.2,-23.761126,-45.361988
CARLA SILVA,2024-07-08 19:53:16,99.0,0.1,-23.760965,-45.362503
CARLA SILVA,2024-07-08 21:23:16,339.6,0.0,-23.761285,-45.362031
CARLA SILVA,2024-07-08 21:26:16,321.7,0.0,-23.761183,-45.362108
CARLA SILVA,2024-07-08 23:17:16,9.7,0.0,-23.761558,-45.361973
CARLA SILVA,2024-07-09 00:59:16,282.0,0.0,-23.761335,-45.362101
CARLA SILVA,2024-07-09 04:08:16,270.3,0.0,-23.761161,-45.362305
CARLA SILVA,2024-07-09 04:11:16,164.7,0.0,-23.761201,-45.362291
CARLA SILVA,2024-07-09 06:14:19,182.8,0.0,-23.761221,-45.362288
CARLA SILVA,2024-07-09 11:47:16,136.0,0.1,-23.7614,-45.362088
CARLA SILVA,2024-07-09 21:00:37,307.7,0.0,-23.761273,-45.362011
CARLA SILVA,2024-07-09 23:18:37,162.0,0.1,-23.761371,-45.362106
CARLA SILVA,2024-07-10 04:51:37,260.9,0.0,-23.761068,-45.362183
CARLA SILVA,2024-07-10 13:42:37,1.4,0.0,-23.761551,-45.361973
CARLA SILVA,2024-07-10 15:06:37,354.8,0.0,-23.761066,-45.36216
CARLA SILVA,2024-07-10 17:42:37,323.0,0.2,-23.761036,-45.362036
CARLA SILVA,2024-07-10 21:09:37,11.0,0.1,-23.761308,-45.362265
CARLA SILVA,2024-07-10 23:33:37,159.1,0.0,-23.761356,-45.362196
CARLA SILVA,2024-07-10 23:54:36,262.1,0.0,-23.761381,-45.362125
CARLA SILVA,2024-07-11 00:09:36,273.5,0.0,-23.761145,-45.362188
CARLA SILVA,2024-07-11 03:57:37,9.6,0.0,-23.760925,-45.36287
CARLA SILVA,2024-07-11 04:30:37,247.4,0.0,-23.760861,-45.362911
CARLA SILVA,2024-07-11 05:51:37,34.5,0.0,-23.761241,-45.36259
CARLA SILVA,2024-07-11 05:57:37,12.5,0.1,-23.761113,-45.362548
CARLA SILVA,2024-07-11 12:36:37,176.1,0.0,-23.761036,-45.362555
CARLA SILVA,2024-07-11 12:39:37,195.2,0.0,-23.7611,-45.362573
CARLA SILVA,2024-07-11 13:30:36,356.4,0.1,-23.760988,-45.363096
CARLA SILVA,2024-07-11 15:54:37,18.7,0.0,-23.760971,-45.362943
CARLA SILVA,2024-07-12 01:06:37,221.4,0.1,-23.761101,-45.363153
CARLA SILVA,2024-07-12 06:42:36,190.8,0.0,-23.760936,-45.362805
CARLA SILVA,2024-07-12 18:00:36,44.4,0.0,-23.761115,-45.362888
CARLA SILVA,2024-07-12 22:42:37,356.1,0.0,-23.760946,-45.362675
CARLA SILVA,2024-07-13 01:24:37,38.5,0.0,-23.761191,-45.36249
CARLA SILVA,2024-07-13 04:45:36,337.0,0.1,-23.760971,-45.362411
CARLA SILVA,2024-07-13 08:00:37,286.6,0.0,-23.761001,-45.362366
CARLA SILVA,2024-07-13 09:42:37,320.4,0.0,-23.761155,-45.362373
CARLA SILVA,2024-07-13 11:48:37,9.0,0.1,-23.76127,-45.362298
CARLA SILVA,2024-07-13 12:27:36,343.4,0.0,-23.761101,-45.362288
CARLA SILVA,2024-07-13 12:57:36,301.9,0.0,-23.760953,-45.362398
CARLA SILVA,2024-07-13 16:42:36,295.1,0.1,-23.760886,-45.362395
CARLA SILVA,2024-07-13 16:45:36,263.3,0.1,-23.760896,-45.36256
CARLA SILVA,2024-07-13 21:06:37,314.3,0.0,-23.761283,-45.362171
CARLA SILVA,2024-07-14 02:09:37,141.8,0.0,-23.761476,-45.362083
CARLA SILVA,2024-07-14 12:00:36,192.4,0.0,-23.761073,-45.363055
CARLA SILVA,2024-07-14 12:00:37,192.4,0.0,-23.761073,-45.363055
CARLA SILVA,2024-07-14 19:33:37,56.0,0.1,-23.760828,-45.362725
CARLA SILVA,2024-07-14 22:36:37,131.1,0.1,-23.760818,-45.362891
CARLA SILVA,2024-07-14 23:30:36,190.4,0.0,-23.761298,-45.36262
CARLA SILVA,2024-07-15 02:21:37,314.6,0.0,-23.760993,-45.362933
CARLA SILVA,2024-07-15 04:21:37,150.2,0.0,-23.76096,-45.362558
CARLA SILVA,2024-07-15 09:56:36,339.3,0.0,-23.760905,-45.362761
CARLA SILVA,2024-07-15 14:35:37,157.7,0.0,-23.760841,-45.362698
CARLA SILVA,2024-07-15 20:17:37,112.9,0.0,-23.761183,-45.362306
CARLA SILVA,2024-07-16 01:56:37,192.9,0.0,-23.761036,-45.362353
CARLA SILVA,2024-07-16 11:41:36,107.9,0.0,-23.76099,-45.362538
CARLA SILVA,2024-07-16 18:44:37,22.5,0.0,-23.760958,-45.362576
CARLA SILVA,2024-07-16 19:20:37,119.9,0.0,-23.76102,-45.362456
CARLA SILVA,2024-07-17 00:20:36,341.2,0.0,-23.761098,-45.362388
CARLA SILVA,2024-07-17 01:29:36,308.3,0.0,-23.761058,-45.362431
CARLA SILVA,2024-07-17 03:32:37,154.6,0.0,-23.761025,-45.362475
CARLA SILVA,2024-07-17 09:08:37,173.9,0.0,-23.761221,-45.362325
CARLA SILVA,2024-07-17 09:41:37,248.9,0.0,-23.761151,-45.36241
CARLA SILVA,2024-07-17 10:44:37,139.1,0.0,-23.761056,-45.362383
CARLA SILVA,2024-07-17 14:32:37,298.0,0.0,-23.760838,-45.362798
CARLA SILVA,2024-07-17 19:32:37,273.9,0.0,-23.760915,-45.362951
CARLA SILVA,2024-07-17 20:26:37,244.7,0.0,-23.761013,-45.362768
CARLA SILVA,2024-07-17 22:08:37,262.5,0.0,-23.761091,-45.362485
CARLA SILVA,2024-07-17 23:53:37,58.2,0.0,-23.761073,-45.362441
CARLA SILVA,2024-07-18 00:44:37,18.3,0.0,-23.761471,-45.3622
CARLA SILVA,2024-07-18 01:11:36,273.4,0.0,-23.761546,-45.362286
CARLA SILVA,2024-07-18 01:38:37,133.0,0.0,-23.761548,-45.362158
CARLA SILVA,2024-07-18 02:14:37,97.9,0.0,-23.761898,-45.36187
CARLA SILVA,2024-07-18 03:41:36,196.7,0.0,-23.761918,-45.361715
CARLA SILVA,2024-07-18 21:10:18,144.2,0.0,-23.7608,-45.362901
CARLA SILVA,2024-07-18 21:58:18,231.2,0.0,-23.760825,-45.362958
CARLA SILVA,2024-07-18 22:01:18,122.3,0.0,-23.76088,-45.362946
CARLA SILVA,2024-07-19 00:55:17,327.0,0.0,-23.761073,-45.362791
CARLA SILVA,2024-07-19 02:43:18,29.3,0.0,-23.760811,-45.363385
CARLA SILVA,2024-07-19 04:46:17,36.9,0.0,-23.760765,-45.363656
CARLA SILVA,2024-07-19 05:28:18,137.8,0.0,-23.760846,-45.363233
CARLA SILVA,2024-07-19 10:28:17,3.0,0.0,-23.760896,-45.36284
CARLA SILVA,2024-07-19 18:07:18,352.0,0.0,-23.760831,-45.363016
CARLA SILVA,2024-07-19 18:10:18,8.8,0.0,-23.760828,-45.362983
CARLA SILVA,2024-07-19 18:28:17,66.6,0.0,-23.760898,-45.362861
CARLA SILVA,2024-07-19 19:46:18,48.3,0.0,-23.760883,-45.362775
CARLA SILVA,2024-07-20 02:16:18,267.9,0.0,-23.761008,-45.362755
CARLA SILVA,2024-07-20 02:34:18,332.5,0.0,-23.760858,-45.362873
CARLA SILVA,2024-07-20 05:01:16,28.8,0.0,-23.760883,-45.36271
CARLA SILVA,2024-07-20 08:22:18,55.8,0.0,-23.760961,-45.362546
CARLA SILVA,2024-07-20 16:28:17,101.2,0.0,-23.764906,-45.363745
CARLA SILVA,2024-07-20 21:01:17,186.4,0.0,-23.765231,-45.363281
CARLA SILVA,2024-07-20 21:49:18,227.1,0.0,-23.765146,-45.363961
CARLA SILVA,2024-07-21 02:07:18,144.1,0.0,-23.765485,-45.364388
CARLA SILVA,2024-07-21 08:37:18,200.7,0.0,-23.765296,-45.364358
CARLA SILVA,2024-07-21 09:10:18,81.0,0.0,-23.765261,-45.364493
CARLA SILVA,2024-07-21 16:04:17,15.1,0.0,-23.76164,-45.364868
CARLA SILVA,2024-07-21 16:10:17,27.4,0.0,-23.761628,-45.364733
CARLA SILVA,2024-07-21 20:13:18,34.6,0.0,-23.761245,-45.362905
CARLA SILVA,2024-07-21 23:25:18,58.8,0.0,-23.761083,-45.363065
CARLA SILVA,2024-07-22 02:40:18,222.2,0.0,-23.761486,-45.36325
CARLA SILVA,2024-07-22 07:01:18,223.6,0.0,-23.760836,-45.363486
CARLA SILVA,2024-07-22 08:10:17,187.9,0.0,-23.760878,-45.363203
CARLA SILVA,2024-07-22 08:40:17,280.7,0.0,-23.760893,-45.36293
CARLA SILVA,2024-07-22 16:52:18,179.9,0.0,-23.760776,-45.362888
CARLA SILVA,2024-07-22 19:46:17,216.6,0.0,-23.760791,-45.362908
CARLA SILVA,2024-07-22 19:46:18,216.6,0.0,-23.760791,-45.362908
CARLA SILVA,2024-07-23 09:28:18,219.4,0.0,-23.764971,-45.363916
CARLA SILVA,2024-07-23 10:04:18,239.4,0.0,-23.764921,-45.363763
CARLA SILVA,2024-07-23 12:22:17,193.1,0.0,-23.76502,-45.363853
CARLA SILVA,2024-07-23 17:34:17,52.1,0.0,-23.76516,-45.363995
CARLA SILVA,2024-07-23 18:10:16,327.8,0.0,-23.765321,-45.363913
CARLA SILVA,2024-07-23 19:43:17,87.0,0.0,-23.765311,-45.362888
CARLA SILVA,2024-07-23 22:34:18,32.9,0.0,-23.764316,-45.361685
CARLA SILVA,2024-07-23 22:37:18,30.9,0.0,-23.76414,-45.361571
CARLA SILVA,2024-07-23 23:10:18,315.5,0.0,-23.762996,-45.361415
CARLA SILVA,2024-07-24 01:49:18,260.9,0.0,-23.765071,-45.36288
CARLA SILVA,2024-07-24 17:10:18,251.6,0.0,-23.765488,-45.36303
CARLA SILVA,2024-07-24 17:46:18,91.4,0.0,-23.765541,-45.363773
CARLA SILVA,2024-07-24 23:22:18,291.4,0.0,-23.766083,-45.363483
CARLA SILVA,2024-07-25 04:45:22,344.1,0.0,-23.766023,-45.363656
CARLA SILVA,2024-07-25 04:45:23,344.1,0.0,-23.766023,-45.363656
CARLA SILVA,2024-07-25 16:39:21,9.6,0.0,-23.761305,-45.362555
CARLA SILVA,2024-07-25 17:48:24,254.7,0.0,-23.761313,-45.36288
CARLA SILVA,2024-07-25 20:33:23,133.9,0.0,-23.765065,-45.363573
CARLA SILVA,2024-07-26 03:42:23,39.7,0.0,-23.76576,-45.36329
CARLA SILVA,2024-07-26 05:00:22,303.4,0.0,-23.765423,-45.363383
CARLA SILVA,2024-07-26 10:45:23,108.9,0.0,-23.765618,-45.363493
CARLA SILVA,2024-07-26 14:42:23,323.5,0.0,-23.762196,-45.36163
CARLA SILVA,2024-07-26 15:48:23,189.4,0.0,-23.761305,-45.362985
CARLA SILVA,2024-07-26 20:12:23,352.5,0.0,-23.761501,-45.362808
CARLA SILVA,2024-07-26 20:15:23,358.6,0.0,-23.76139,-45.362775
CARLA SILVA,2024-07-27 00:30:23,72.3,0.2,-23.76143,-45.362865
CARLA SILVA,2024-07-27 01:21:23,274.2,0.1,-23.76141,-45.36228
CARLA SILVA,2024-07-27 06:09:23,276.2,0.1,-23.761431,-45.362805
CARLA SILVA,2024-07-27 06:12:23,272.6,0.1,-23.761415,-45.36292
CARLA SILVA,2024-07-27 13:15:23,258.3,0.0,-23.76117,-45.362453
CARLA SILVA,2024-07-27 18:21:24,123.1,0.0,-23.761135,-45.3625
CARLA SILVA,2024-07-27 19:48:22,135.3,0.0,-23.761035,-45.362461
CARLA SILVA,2024-07-27 21:33:11,196.0,2.6,-23.765628,-45.364406
CARLA SILVA,2024-07-27 21:48:20,204.8,9.0,-23.792681,-45.373308
CARLA SILVA,2024-07-27 22:05:51,226.7,1.6,-23.810448,-45.386083
CARLA SILVA,2024-07-27 22:20:59,290.4,0.6,-23.813336,-45.39105
CARLA SILVA,2024-07-27 22:24:19,301.2,0.6,-23.812943,-45.391745
CARLA SILVA,2024-07-27 22:37:10,53.6,1.0,-23.81144,-45.390841
CARLA SILVA,2024-07-27 22:44:59,31.9,0.8,-23.809318,-45.38945
CARLA SILVA,2024-07-27 23:00:39,143.2,0.2,-23.807926,-45.387753
CARLA SILVA,2024-07-27 23:04:19,25.5,0.0,-23.807938,-45.38773
CARLA SILVA,2024-07-29 00:57:32,177.1,0.0,-23.807911,-45.387725
CARLA SILVA,2024-07-29 05:21:33,303.2,0.0,-23.807885,-45.387728
CARLA SILVA,2024-07-29 13:20:51,33.2,3.9,-23.800271,-45.378193
CARLA SILVA,2024-07-29 13:25:12,30.5,4.1,-23.796073,-45.375235
CARLA SILVA,2024-07-29 13:35:52,17.4,3.7,-23.784475,-45.369718
CARLA SILVA,2024-07-29 13:37:31,16.1,3.1,-23.782928,-45.369203
CARLA SILVA,2024-07-29 14:03:19,25.6,1.5,-23.76641,-45.365418
CARLA SILVA,2024-07-29 22:43:55,266.5,0.0,-23.761095,-45.363825
CARLA SILVA,2024-07-30 10:07:54,298.2,0.0,-23.761285,-45.363145
CARLA SILVA,2024-07-30 12:07:55,170.2,0.0,-23.761485,-45.363258
CARLA SILVA,2024-07-30 14:13:54,86.3,0.0,-23.761406,-45.36312
CARLA SILVA,2024-07-30 14:49:54,344.7,0.1,-23.761411,-45.363066
CARLA SILVA,2024-07-30 16:19:55,272.4,0.0,-23.761335,-45.363223
CARLA SILVA,2024-07-30 17:13:54,44.7,0.0,-23.761463,-45.363623
CARLA SILVA,2024-07-30 17:58:55,352.3,0.0,-23.761406,-45.363428
CARLA SILVA,2024-07-31 03:16:55,299.3,0.0,-23.761658,-45.363701
CARLA SILVA,2024-07-31 21:21:29,101.7,0.0,-23.766458,-45.36551
CARLA SILVA,2024-07-31 21:25:40,294.8,0.5,-23.766378,-45.365771
CARLA SILVA,2024-07-31 21:54:41,206.1,8.4,-23.803273,-45.378485
CARLA SILVA,2024-07-31 22:50:51,221.5,10.1,-23.906233,-45.489461
CARLA SILVA,2024-07-31 23:01:30,179.9,10.5,-23.935275,-45.492918
CARLA SILVA,2024-07-31 23:27:41,159.9,11.5,-24.017393,-45.48938
CARLA SILVA,2024-07-31 23:43:01,159.4,11.6,-24.063563,-45.469668
CARLA SILVA,2024-07-31 23:59:34,154.9,9.9,-24.107251,-45.441275
CARLA SILVA,2024-08-01 00:02:01,208.2,9.4,-24.113803,-45.441453
CARLA SILVA,2024-08-01 00:19:20,208.6,11.8,-24.155918,-45.476796
CARLA SILVA,2024-08-01 00:34:31,189.5,11.4,-24.20138,-45.495345
CARLA SILVA,2024-08-01 00:43:00,188.3,11.4,-24.228103,-45.500175
CARLA SILVA,2024-08-01 00:43:31,188.9,11.4,-24.229723,-45.500476
CARLA SILVA,2024-08-01 00:45:31,189.6,11.6,-24.236081,-45.501708
CARLA SILVA,2024-08-01 00:46:00,188.5,11.6,-24.237615,-45.501968
CARLA SILVA,2024-08-01 00:48:31,189.8,11.6,-24.245696,-45.5034
CARLA SILVA,2024-08-01 00:50:21,189.0,11.6,-24.251555,-45.504526
CARLA SILVA,2024-08-01 01:14:11,181.2,11.7,-24.327955,-45.510606
CARLA SILVA,2024-08-01 01:20:40,181.7,11.8,-24.349048,-45.510955
CARLA SILVA,2024-08-01 01:25:01,181.4,11.8,-24.363351,-45.51121
CARLA SILVA,2024-08-01 01:27:42,180.7,11.7,-24.372076,-45.511361
CARLA SILVA,2024-08-01 01:46:12,181.8,12.1,-24.432755,-45.513038
CARLA SILVA,2024-08-01 01:48:22,181.8,12.3,-24.44023,-45.513308
CARLA SILVA,2024-08-01 02:15:10,184.0,12.4,-24.532948,-45.518076
CARLA SILVA,2024-08-01 02:22:31,182.6,12.6,-24.558821,-45.519508
CARLA SILVA,2024-08-01 03:00:40,198.0,12.6,-24.692353,-45.529126
CARLA SILVA,2024-08-01 03:30:22,199.8,12.5,-24.791606,-45.566091
CARLA SILVA,2024-08-01 03:32:41,200.1,12.5,-24.799186,-45.569043
CARLA SILVA,2024-08-01 04:07:20,110.5,12.1,-24.886338,-45.504516
CARLA SILVA,2024-08-01 04:39:11,92.8,12.2,-24.897515,-45.38644
CARLA SILVA,2024-08-01 04:43:11,90.3,12.1,-24.898093,-45.371535
CARLA SILVA,2024-08-01 04:45:41,92.6,12.1,-24.8984,-45.362205
CARLA SILVA,2024-08-01 05:17:50,89.4,11.9,-24.900495,-45.243701
CARLA SILVA,2024-08-01 05:49:21,94.6,11.7,-24.901436,-45.129191
CARLA SILVA,2024-08-01 06:22:32,337.8,11.8,-24.834448,-45.097495
CARLA SILVA,2024-08-01 06:26:41,337.4,11.9,-24.821693,-45.103253
CARLA SILVA,2024-08-01 07:19:01,337.4,12.4,-24.657391,-45.179888
CARLA SILVA,2024-08-01 08:06:51,339.1,12.5,-24.505631,-45.248745
CARLA SILVA,2024-08-01 08:09:30,339.5,12.6,-24.496878,-45.252096
CARLA SILVA,2024-08-01 08:13:11,340.6,12.6,-24.484613,-45.25682
CARLA SILVA,2024-08-01 08:21:41,340.7,12.9,-24.456228,-45.268045
CARLA SILVA,2024-08-01 08:56:41,339.5,12.9,-24.33734,-45.31395
CARLA SILVA,2024-08-01 09:02:39,339.8,12.8,-24.317071,-45.32173
CARLA SILVA,2024-08-01 09:06:30,340.9,12.8,-24.304165,-45.326768
CARLA SILVA,2024-08-01 10:43:41,337.6,11.2,-23.987113,-45.456228
CARLA SILVA,2024-08-01 11:52:10,46.9,9.0,-23.839001,-45.415691
CARLA SILVA,2024-08-01 11:54:40,47.2,8.9,-23.834708,-45.410701
CARLA SILVA,2024-08-01 12:13:40,36.1,6.4,-23.806665,-45.382126
CARLA SILVA,2024-08-01 12:43:21,20.8,1.0,-23.774173,-45.36898
CARLA SILVA,2024-08-01 12:48:41,6.2,0.1,-23.773146,-45.368655
CARLA SILVA,2024-08-01 12:52:52,198.3,0.7,-23.77357,-45.368798
CARLA SILVA,2024-08-01 13:17:40,316.9,0.2,-23.774406,-45.368785
CARLA SILVA,2024-08-01 13:20:40,326.1,0.1,-23.774248,-45.368931
CARLA SILVA,2024-08-01 13:53:41,343.3,0.1,-23.774583,-45.368971
CARLA SILVA,2024-08-01 13:59:31,344.6,0.1,-23.774328,-45.369043
CARLA SILVA,2024-08-01 16:55:59,73.8,0.0,-23.774781,-45.369165
CARLA SILVA,2024-08-01 22:37:58,290.1,0.0,-23.77499,-45.36894
CARLA SILVA,2024-08-01 22:43:58,316.1,0.0,-23.774953,-45.369075
CARLA SILVA,2024-08-01 23:19:59,71.0,0.0,-23.7749,-45.369348
CARLA SILVA,2024-08-02 00:22:59,350.2,0.1,-23.77488,-45.369348
CARLA SILVA,2024-08-02 01:55:58,291.9,0.0,-23.77507,-45.368978
CARLA SILVA,2024-08-02 02:10:59,291.9,0.1,-23.775028,-45.368845
CARLA SILVA,2024-08-02 03:43:58,275.7,0.0,-23.774935,-45.369025
CARLA SILVA,2024-08-02 04:43:59,15.8,0.0,-23.774961,-45.369008
CARLA SILVA,2024-08-02 04:52:59,334.0,0.0,-23.77495,-45.368938
CARLA SILVA,2024-08-02 12:43:58,110.1,0.0,-23.774901,-45.368875
CARLA SILVA,2024-08-02 16:49:58,133.5,0.0,-23.775051,-45.368745
CARLA SILVA,2024-08-02 16:52:58,106.2,0.0,-23.775093,-45.368695
CARLA SILVA,2024-08-02 21:43:58,34.1,0.0,-23.774951,-45.368481
CARLA SILVA,2024-08-02 22:55:59,37.2,0.0,-23.77501,-45.368541
CARLA SILVA,2024-08-02 23:22:59,335.1,0.0,-23.77505,-45.368725
CARLA SILVA,2024-08-03 05:19:59,181.3,0.0,-23.775041,-45.368401
CARLA SILVA,2024-08-03 06:58:59,304.3,0.0,-23.775016,-45.368375
CARLA SILVA,2024-08-03 11:58:59,195.5,0.0,-23.774951,-45.369163
CARLA SILVA,2024-08-03 16:52:59,66.6,0.0,-23.775073,-45.368473
CARLA SILVA,2024-08-03 18:34:59,194.8,0.0,-23.775026,-45.368891
CARLA SILVA,2024-08-04 00:19:58,53.7,0.0,-23.774776,-45.369546
CARLA SILVA,2024-08-04 00:22:58,13.9,0.0,-23.774775,-45.369528
CARLA SILVA,2024-08-04 02:52:58,11.3,0.0,-23.774981,-45.368968
CARLA SILVA,2024-08-04 04:31:58,279.8,0.0,-23.77482,-45.369006
CARLA SILVA,2024-08-04 06:52:58,227.6,0.0,-23.774981,-45.368545
CARLA SILVA,2024-08-04 12:28:58,128.6,0.0,-23.774753,-45.36926
CARLA SILVA,2024-08-04 14:52:59,106.4,0.0,-23.774886,-45.369406
CARLA SILVA,2024-08-04 17:01:59,96.2,0.0,-23.775021,-45.368458
CARLA SILVA,2024-08-04 17:04:59,305.5,0.0,-23.775021,-45.36852
CARLA SILVA,2024-08-04 17:40:58,60.4,0.0,-23.77505,-45.368281
CARLA SILVA,2024-08-04 18:10:59,181.2,0.0,-23.775016,-45.368178
CARLA SILVA,2024-08-04 20:52:59,49.6,0.1,-23.773555,-45.367745
CARLA SILVA,2024-08-04 20:55:13,35.8,0.1,-23.773435,-45.367676
CARLA SILVA,2024-08-04 21:24:33,203.3,4.8,-23.798388,-45.37562
CARLA SILVA,2024-08-05 22:04:48,103.5,0.7,-23.80255,-45.384441
CARLA SILVA,2024-08-05 22:07:48,58.4,1.3,-23.80258,-45.383653
CARLA SILVA,2024-08-05 22:16:16,37.5,6.3,-23.79662,-45.378026
CARLA SILVA,2024-08-06 00:17:31,101.4,0.1,-23.770825,-45.36587
CARLA SILVA,2024-08-06 02:35:31,262.4,0.1,-23.770495,-45.366533
CARLA SILVA,2024-08-06 02:35:32,262.4,0.1,-23.770495,-45.366533
CARLA SILVA,2024-08-06 05:53:32,333.7,0.0,-23.770678,-45.365918
CARLA SILVA,2024-08-06 08:35:32,140.3,0.1,-23.770481,-45.366226
CARLA SILVA,2024-08-06 13:47:31,219.2,0.0,-23.77051,-45.366225
CARLA SILVA,2024-08-06 15:32:31,3.2,0.0,-23.77048,-45.366291
CARLA SILVA,2024-08-06 19:29:32,252.0,0.0,-23.770553,-45.365836
CARLA SILVA,2024-08-06 22:53:40,222.2,9.4,-23.892191,-45.473981
CARLA SILVA,2024-08-06 22:56:40,222.2,9.6,-23.898208,-45.47984
CARLA SILVA,2024-08-06 23:12:59,177.1,11.4,-23.942526,-45.493553
CARLA SILVA,2024-08-06 23:25:01,138.0,12.2,-23.980625,-45.485143
CARLA SILVA,2024-08-06 23:51:32,101.2,13.4,-24.042855,-45.407533
CARLA SILVA,2024-08-06 23:54:11,103.1,13.5,-24.045071,-45.396778
CARLA SILVA,2024-08-06 23:54:31,100.7,13.5,-24.045323,-45.395501
CARLA SILVA,2024-08-06 23:56:40,94.4,13.5,-24.046238,-45.386703
CARLA SILVA,2024-08-06 23:57:01,94.6,13.5,-24.04634,-45.385265
CARLA SILVA,2024-08-06 23:58:42,96.2,13.6,-24.046931,-45.378356
CARLA SILVA,2024-08-06 23:59:01,95.1,13.6,-24.047053,-45.376983
CARLA SILVA,2024-08-06 23:59:42,95.4,13.6,-24.047296,-45.374236
CARLA SILVA,2024-08-07 00:00:11,96.0,13.6,-24.047475,-45.372245
CARLA SILVA,2024-08-07 00:01:21,96.6,13.6,-24.04792,-45.367373
CARLA SILVA,2024-08-07 00:01:31,96.6,13.6,-24.047983,-45.366688
CARLA SILVA,2024-08-07 00:01:42,96.3,13.5,-24.048045,-45.366005
CARLA SILVA,2024-08-07 00:02:31,95.9,13.6,-24.04836,-45.362586
CARLA SILVA,2024-08-07 00:02:42,95.3,13.6,-24.048421,-45.361903
CARLA SILVA,2024-08-07 00:25:32,91.8,13.4,-24.055395,-45.268271
CARLA SILVA,2024-08-07 00:29:41,82.6,13.3,-24.053803,-45.251558
CARLA SILVA,2024-08-07 00:40:20,83.1,13.3,-24.049051,-45.208718
CARLA SILVA,2024-08-07 00:44:41,70.5,13.0,-24.046373,-45.191473
CARLA SILVA,2024-08-07 00:46:11,71.8,13.1,-24.044493,-45.185853
CARLA SILVA,2024-08-07 00:46:50,71.5,13.1,-24.043753,-45.18339
CARLA SILVA,2024-08-07 00:47:11,69.3,13.0,-24.043336,-45.182086
CARLA SILVA,2024-08-07 01:36:40,65.2,12.6,-23.983343,-45.002103
CARLA SILVA,2024-08-07 01:38:50,65.1,12.6,-23.98015,-44.994501
CARLA SILVA,2024-08-07 02:12:12,63.5,12.2,-23.93179,-44.881686
CARLA SILVA,2024-08-07 02:17:11,65.0,12.1,-23.92462,-44.864906
CARLA SILVA,2024-08-07 02:24:31,64.4,12.1,-23.914253,-44.840351
CARLA SILVA,2024-08-07 02:44:41,64.9,12.0,-23.886166,-44.773153
CARLA SILVA,2024-08-07 02:47:51,65.0,12.0,-23.881793,-44.762688
CARLA SILVA,2024-08-07 03:18:01,64.7,12.1,-23.839325,-44.662256
CARLA SILVA,2024-08-07 03:23:21,64.9,12.1,-23.831698,-44.64451
CARLA SILVA,2024-08-07 03:25:30,65.0,12.2,-23.828576,-44.637233
CARLA SILVA,2024-08-07 03:56:11,64.4,12.0,-23.78395,-44.535405
CARLA SILVA,2024-08-07 03:56:31,64.6,12.0,-23.783486,-44.534365
CARLA SILVA,2024-08-07 03:58:31,65.7,12.0,-23.780623,-44.527846
CARLA SILVA,2024-08-07 03:59:31,64.3,12.0,-23.779155,-44.524491
CARLA SILVA,2024-08-07 04:03:31,64.1,11.9,-23.77339,-44.511393
CARLA SILVA,2024-08-07 04:12:11,70.8,11.8,-23.76152,-44.482926
CARLA SILVA,2024-08-07 04:47:12,59.0,11.8,-23.718285,-44.366695
CARLA SILVA,2024-08-07 04:53:41,59.2,11.9,-23.707478,-44.346491
CARLA SILVA,2024-08-07 04:58:42,59.9,12.0,-23.699008,-44.330831
CARLA SILVA,2024-08-07 05:48:21,61.9,11.6,-23.616048,-44.176138
CARLA SILVA,2024-08-07 05:54:10,62.5,11.6,-23.607083,-44.158113
CARLA SILVA,2024-08-07 05:57:40,61.3,11.6,-23.601708,-44.147298
CARLA SILVA,2024-08-07 06:39:42,63.0,11.3,-23.540631,-44.017811
CARLA SILVA,2024-08-07 07:38:41,62.9,11.3,-23.457508,-43.834743
CARLA SILVA,2024-08-07 07:42:11,63.0,11.3,-23.452483,-43.82388
CARLA SILVA,2024-08-07 07:45:01,63.6,11.2,-23.448495,-43.815313
CARLA SILVA,2024-08-07 09:12:40,66.0,11.3,-23.333603,-43.548123
CARLA SILVA,2024-08-07 09:15:11,64.5,11.2,-23.330223,-43.540375
CARLA SILVA,2024-08-07 09:23:31,63.7,11.2,-23.319055,-43.514786
CARLA SILVA,2024-08-07 09:40:01,63.3,11.5,-23.295731,-43.46391
CARLA SILVA,2024-08-07 09:42:21,63.1,11.5,-23.292406,-43.456768
CARLA SILVA,2024-08-07 09:47:01,64.1,11.5,-23.285643,-43.442193
CARLA SILVA,2024-08-07 10:10:42,63.4,11.9,-23.250231,-43.367525
CARLA SILVA,2024-08-07 10:18:31,63.0,12.1,-23.238418,-43.342066
CARLA SILVA,2024-08-07 10:24:22,63.1,12.3,-23.229373,-43.322666
CARLA SILVA,2024-08-07 10:54:52,65.1,12.8,-23.183183,-43.218221
CARLA SILVA,2024-08-07 11:00:41,64.9,12.8,-23.174431,-43.197836
CARLA SILVA,2024-08-07 11:51:50,347.4,10.8,-23.038848,-43.099325
CARLA SILVA,2024-08-07 12:03:11,310.5,10.6,-23.019288,-43.123895
CARLA SILVA,2024-08-07 12:05:10,313.5,10.8,-23.015218,-43.128715
CARLA SILVA,2024-08-07 12:06:41,314.1,10.9,-23.012011,-43.13228
CARLA SILVA,2024-08-07 12:06:50,313.0,10.9,-23.011698,-43.132635
CARLA SILVA,2024-08-07 12:06:51,313.0,10.9,-23.011698,-43.132635
CARLA SILVA,2024-08-07 12:07:50,314.4,10.9,-23.009591,-43.134958
CARLA SILVA,2024-08-07 12:08:10,313.9,11.0,-23.008868,-43.135761
CARLA SILVA,2024-08-07 12:09:40,313.3,11.0,-23.005623,-43.139306
CARLA SILVA,2024-08-07 12:09:50,314.4,11.0,-23.005265,-43.139696
CARLA SILVA,2024-08-07 12:41:11,345.6,10.1,-22.927833,-43.140245
CARLA SILVA,2024-08-07 12:51:00,340.4,11.0,-22.899691,-43.149106
CARLA SILVA,2024-08-07 12:51:01,340.4,11.0,-22.899691,-43.149106
CARLA SILVA,2024-08-07 12:52:11,340.7,11.1,-22.89625,-43.150416
CARLA SILVA,2024-08-07 12:53:40,340.3,10.8,-22.892031,-43.152036
CARLA SILVA,2024-08-07 13:36:12,325.9,0.6,-22.820818,-43.152325
CARLA SILVA,2024-08-07 13:41:01,170.7,0.1,-22.820705,-43.152535
CARLA SILVA,2024-08-07 13:44:52,173.7,0.0,-22.820775,-43.152531
CARLA SILVA,2024-08-09 17:22:30,195.8,4.8,-22.823015,-43.149366
CARLA SILVA,2024-08-09 17:23:11,194.8,5.2,-22.823946,-43.14964
CARLA SILVA,2024-08-09 17:23:30,194.9,5.4,-22.824401,-43.149766
CARLA SILVA,2024-08-09 17:25:33,195.8,6.3,-22.827598,-43.150763
CARLA SILVA,2024-08-09 17:26:41,193.2,6.7,-22.829673,-43.151331
CARLA SILVA,2024-08-09 17:26:51,193.0,6.8,-22.829951,-43.151403
CARLA SILVA,2024-08-09 17:29:51,190.9,7.6,-22.835963,-43.152853
CARLA SILVA,2024-08-09 17:37:44,180.4,8.7,-22.853953,-43.154481
CARLA SILVA,2024-08-09 18:18:04,196.4,8.3,-22.952265,-43.148771
CARLA SILVA,2024-08-09 18:36:04,117.5,8.4,-22.988278,-43.159636
CARLA SILVA,2024-08-09 18:54:43,155.1,10.3,-23.021148,-43.112706
CARLA SILVA,2024-08-09 19:08:03,159.4,11.7,-23.060513,-43.097823
CARLA SILVA,2024-08-09 19:58:53,263.3,11.1,-23.19813,-43.137975
CARLA SILVA,2024-08-09 20:14:23,264.8,11.5,-23.202516,-43.191393
CARLA SILVA,2024-08-09 20:19:34,263.5,11.6,-23.204121,-43.20932
CARLA SILVA,2024-08-09 20:49:04,264.8,11.5,-23.214233,-43.311673
CARLA SILVA,2024-08-09 20:55:03,263.0,11.6,-23.216333,-43.332416
CARLA SILVA,2024-08-09 21:28:05,264.0,11.8,-23.227568,-43.448106
CARLA SILVA,2024-08-09 21:31:55,263.4,12.0,-23.228948,-43.461845
CARLA SILVA,2024-08-09 21:34:55,264.6,12.0,-23.230035,-43.472656
CARLA SILVA,2024-08-09 21:40:44,262.9,12.1,-23.23229,-43.493738
CARLA SILVA,2024-08-09 21:58:14,263.7,12.2,-23.23969,-43.55816
CARLA SILVA,2024-08-09 22:02:04,262.9,12.2,-23.241345,-43.572243
CARLA SILVA,2024-08-09 22:05:55,262.4,12.1,-23.243098,-43.586391
CARLA SILVA,2024-08-09 22:32:13,265.8,11.4,-23.253458,-43.679696
CARLA SILVA,2024-08-09 22:35:54,263.9,11.4,-23.254768,-43.692328
CARLA SILVA,2024-08-09 22:38:54,264.2,11.4,-23.255861,-43.702625
CARLA SILVA,2024-08-09 22:41:34,263.6,11.4,-23.256816,-43.711833
CARLA SILVA,2024-08-09 23:08:35,258.9,11.2,-23.27034,-43.803588
CARLA SILVA,2024-08-09 23:12:35,259.6,11.2,-23.272496,-43.816921
CARLA SILVA,2024-08-09 23:45:04,273.2,11.1,-23.288098,-43.922911
CARLA SILVA,2024-08-09 23:51:45,271.6,10.9,-23.287506,-43.945108
CARLA SILVA,2024-08-10 00:19:54,263.2,10.0,-23.274871,-44.033415
CARLA SILVA,2024-08-10 00:22:24,260.1,10.2,-23.275855,-44.041051
CARLA SILVA,2024-08-10 00:25:35,262.0,10.3,-23.277158,-44.05079
CARLA SILVA,2024-08-10 00:28:24,261.2,10.3,-23.278166,-44.059458
CARLA SILVA,2024-08-10 01:00:53,266.5,10.7,-23.298531,-44.158825
CARLA SILVA,2024-08-10 01:09:45,269.6,10.8,-23.299698,-44.187508
CARLA SILVA,2024-08-10 01:09:54,269.1,10.8,-23.299715,-44.188006
CARLA SILVA,2024-08-10 01:10:45,268.3,10.8,-23.299791,-44.190731
CARLA SILVA,2024-08-10 01:25:55,267.9,10.8,-23.301515,-44.240291
CARLA SILVA,2024-08-10 01:29:34,269.8,10.9,-23.301866,-44.252348
CARLA SILVA,2024-08-10 01:31:45,267.6,10.9,-23.30205,-44.259471
CARLA SILVA,2024-08-10 01:32:34,270.2,10.8,-23.302126,-44.26218
CARLA SILVA,2024-08-10 01:32:44,268.9,10.9,-23.302146,-44.26273
CARLA SILVA,2024-08-10 01:33:54,268.7,10.9,-23.302256,-44.26652
CARLA SILVA,2024-08-10 01:34:44,268.8,10.8,-23.302313,-44.26938
CARLA SILVA,2024-08-10 01:35:54,265.6,10.9,-23.302438,-44.273185
CARLA SILVA,2024-08-10 01:36:05,265.4,10.9,-23.302453,-44.273738
CARLA SILVA,2024-08-10 02:02:24,306.6,11.6,-23.287288,-44.356426
CARLA SILVA,2024-08-10 02:08:44,304.5,11.8,-23.275416,-44.374896
CARLA SILVA,2024-08-10 02:38:15,339.6,8.0,-23.197903,-44.413545
CARLA SILVA,2024-08-10 02:42:54,296.3,6.2,-23.191026,-44.419911
CARLA SILVA,2024-08-10 02:43:15,298.3,6.3,-23.190735,-44.420505
CARLA SILVA,2024-08-10 02:45:54,323.9,6.7,-23.187495,-44.424391
CARLA SILVA,2024-08-10 02:51:44,335.9,6.5,-23.177633,-44.429801
CARLA SILVA,2024-08-10 03:16:54,335.5,4.6,-23.14431,-44.445871
CARLA SILVA,2024-08-10 03:37:34,345.8,3.9,-23.121651,-44.453138
CARLA SILVA,2024-08-10 03:42:15,8.8,1.8,-23.11729,-44.45317
CARLA SILVA,2024-08-10 06:25:19,277.0,0.0,-23.11075,-44.451721
CARLA SILVA,2024-08-10 17:36:27,36.7,0.1,-23.110691,-44.451665
CARLA SILVA,2024-08-10 18:43:19,147.7,0.1,-23.110793,-44.451913
CARLA SILVA,2024-08-10 23:25:19,248.6,0.0,-23.110836,-44.452068
CARLA SILVA,2024-08-10 23:58:19,66.2,0.0,-23.110865,-44.451826
CARLA SILVA,2024-08-11 00:01:19,327.5,0.1,-23.110883,-44.451956
CARLA SILVA,2024-08-11 01:04:18,293.6,0.2,-23.110855,-44.452053
CARLA SILVA,2024-08-11 07:04:19,315.9,0.0,-23.110793,-44.452216
CARLA SILVA,2024-08-11 09:52:19,100.8,0.1,-23.110855,-44.452243
CARLA SILVA,2024-08-11 09:55:19,98.9,0.0,-23.110851,-44.452185
CARLA SILVA,2024-08-11 10:34:38,283.3,0.1,-23.11097,-44.452126
CARLA SILVA,2024-08-11 11:22:38,90.5,0.0,-23.110946,-44.452278
CARLA SILVA,2024-08-11 11:31:37,75.6,0.0,-23.11095,-44.452401
CARLA SILVA,2024-08-11 14:04:37,48.3,0.1,-23.111063,-44.452376
CARLA SILVA,2024-08-11 14:49:38,73.6,0.1,-23.110906,-44.452481
CARLA SILVA,2024-08-11 15:28:37,107.0,0.1,-23.110923,-44.452471
CARLA SILVA,2024-08-11 16:37:38,57.7,0.0,-23.110893,-44.452406
CARLA SILVA,2024-08-11 17:25:38,55.8,0.1,-23.110886,-44.452385
CARLA SILVA,2024-08-11 18:34:38,107.5,0.0,-23.110763,-44.451956
CARLA SILVA,2024-08-11 18:37:38,183.2,0.0,-23.11084,-44.451901
CARLA SILVA,2024-08-11 23:01:38,27.4,0.1,-23.110941,-44.452131
CARLA SILVA,2024-08-11 23:07:38,80.7,0.0,-23.11097,-44.45214
CARLA SILVA,2024-08-11 23:31:38,272.7,0.2,-23.111,-44.452236
CARLA SILVA,2024-08-12 00:55:38,359.0,0.0,-23.11093,-44.452151
CARLA SILVA,2024-08-12 01:43:37,160.6,0.1,-23.110868,-44.452078
CARLA SILVA,2024-08-12 02:28:37,262.2,0.1,-23.110956,-44.452288
CARLA SILVA,2024-08-12 06:07:38,288.6,0.0,-23.110861,-44.452225
CARLA SILVA,2024-08-12 06:13:38,94.6,0.0,-23.110905,-44.452223
CARLA SILVA,2024-08-12 08:19:37,195.8,0.1,-23.110976,-44.452348
CARLA SILVA,2024-08-12 08:49:38,227.3,0.0,-23.111003,-44.452471
CARLA SILVA,2024-08-12 12:25:38,331.6,0.0,-23.110995,-44.45236
CARLA SILVA,2024-08-12 14:58:38,318.2,0.0,-23.110765,-44.45202
CARLA SILVA,2024-08-12 15:37:37,97.7,0.0,-23.110753,-44.45183
CARLA SILVA,2024-08-12 16:13:38,290.8,0.0,-23.110706,-44.451501
CARLA SILVA,2024-08-12 17:07:38,306.3,0.1,-23.110735,-44.451568
CARLA SILVA,2024-08-12 19:04:37,140.0,0.0,-23.110763,-44.451653
CARLA SILVA,2024-08-12 20:19:38,67.5,0.0,-23.1108,-44.451218
CARLA SILVA,2024-08-12 20:31:38,32.8,0.1,-23.11076,-44.451246
CARLA SILVA,2024-08-12 21:22:37,184.2,0.0,-23.110768,-44.451291
CARLA SILVA,2024-08-13 02:28:38,138.4,0.0,-23.110738,-44.45182
CARLA SILVA,2024-08-13 03:19:37,237.2,0.1,-23.110778,-44.451938
CARLA SILVA,2024-08-13 09:07:38,247.2,0.4,-23.10999,-44.452533
CARLA SILVA,2024-08-13 10:22:37,86.9,0.0,-23.109423,-44.452783
CARLA SILVA,2024-08-13 11:25:38,54.0,0.0,-23.109178,-44.452885
CARLA SILVA,2024-08-13 12:49:37,268.9,0.2,-23.109316,-44.453328
CARLA SILVA,2024-08-13 13:58:37,310.2,0.4,-23.109461,-44.452861
CARLA SILVA,2024-08-13 15:43:38,50.3,0.4,-23.109256,-44.45287
CARLA SILVA,2024-08-13 17:13:38,243.5,0.0,-23.108628,-44.452311
CARLA SILVA,2024-08-13 17:31:38,307.9,0.2,-23.108276,-44.452401
CARLA SILVA,2024-08-13 19:16:38,143.1,0.2,-23.10775,-44.452061
CARLA SILVA,2024-08-13 23:55:38,46.7,0.3,-23.107315,-44.452548
CARLA SILVA,2024-08-14 00:25:38,136.9,0.1,-23.10729,-44.452548
CARLA SILVA,2024-08-14 03:10:38,298.6,0.1,-23.104356,-44.45219
CARLA SILVA,2024-08-14 15:36:11,182.1,0.2,-23.117633,-44.464136
CARLA SILVA,2024-08-14 16:18:11,21.5,0.2,-23.117666,-44.464513
CARLA SILVA,2024-08-14 16:51:09,28.1,0.6,-23.118098,-44.46423
CARLA SILVA,2024-08-14 20:03:11,197.9,0.1,-23.118318,-44.46462
CARLA SILVA,2024-08-15 00:36:10,216.4,0.1,-23.118278,-44.464653
CARLA SILVA,2024-08-15 01:45:10,204.6,0.9,-23.11824,-44.464543
CARLA SILVA,2024-08-15 02:12:11,208.0,0.1,-23.118535,-44.46454
CARLA SILVA,2024-08-15 06:42:11,191.3,0.3,-23.118383,-44.464948
CARLA SILVA,2024-08-15 07:03:10,187.8,0.1,-23.118521,-44.464916
CARLA SILVA,2024-08-15 08:51:11,197.3,0.9,-23.117783,-44.464496
CARLA SILVA,2024-08-15 17:36:11,185.5,0.1,-23.117388,-44.464301
CARLA SILVA,2024-08-15 19:36:11,311.8,0.0,-23.117556,-44.464401
CARLA SILVA,2024-08-15 22:30:11,66.0,0.0,-23.11776,-44.464521
CARLA SILVA,2024-08-16 07:21:11,96.9,0.0,-23.11718,-44.463281
CARLA SILVA,2024-08-16 12:03:10,47.9,0.1,-23.117103,-44.462903
CARLA SILVA,2024-08-16 12:33:10,258.0,0.1,-23.1171,-44.46295
CARLA SILVA,2024-08-16 13:21:10,206.5,0.1,-23.117173,-44.463115
CARLA SILVA,2024-08-16 14:51:11,287.3,0.0,-23.11719,-44.463628
CARLA SILVA,2024-08-16 16:00:11,117.5,0.0,-23.117215,-44.463636
CARLA SILVA,2024-08-16 21:30:10,98.8,0.0,-23.117363,-44.463881
CARLA SILVA,2024-08-16 22:06:11,77.3,0.0,-23.117273,-44.463856
CARLA SILVA,2024-08-16 22:42:10,120.7,0.0,-23.11738,-44.463683
CARLA SILVA,2024-08-16 23:45:11,261.8,0.0,-23.117263,-44.463411
CARLA SILVA,2024-08-17 06:15:11,98.2,0.0,-23.117313,-44.462725
CARLA SILVA,2024-08-17 07:30:10,226.6,0.0,-23.117228,-44.46264
CARLA SILVA,2024-08-17 09:09:11,291.2,0.0,-23.117273,-44.46258
CARLA SILVA,2024-08-17 10:39:11,264.3,0.0,-23.117125,-44.462935
CARLA SILVA,2024-08-17 12:57:10,248.2,0.0,-23.117115,-44.462933
CARLA SILVA,2024-08-17 13:54:10,304.0,0.0,-23.117143,-44.463058
CARLA SILVA,2024-08-17 14:27:11,74.9,0.0,-23.117168,-44.46322
CARLA SILVA,2024-08-17 14:36:11,228.1,0.1,-23.117113,-44.463265
CARLA SILVA,2024-08-17 18:48:43,0.9,0.0,-23.117458,-44.463866
CARLA SILVA,2024-08-17 19:03:43,227.0,0.1,-23.117578,-44.464125
CARLA SILVA,2024-08-17 22:12:43,10.3,0.5,-23.117401,-44.462516
CARLA SILVA,2024-08-18 00:57:43,250.4,0.1,-23.117205,-44.46348
CARLA SILVA,2024-08-18 06:57:43,117.2,0.1,-23.117218,-44.462385
CARLA SILVA,2024-08-18 08:09:43,124.7,0.0,-23.118125,-44.461381
CARLA SILVA,2024-08-18 12:28:59,112.2,0.1,-23.117138,-44.462941
CARLA SILVA,2024-08-18 12:58:58,147.5,0.0,-23.117096,-44.462848
CARLA SILVA,2024-08-18 14:37:59,109.0,0.2,-23.117033,-44.463031
CARLA SILVA,2024-08-18 15:07:58,104.9,0.0,-23.117021,-44.463235
CARLA SILVA,2024-08-18 15:40:58,254.4,0.1,-23.11709,-44.462963
CARLA SILVA,2024-08-18 16:19:59,115.8,0.0,-23.11705,-44.463135
CARLA SILVA,2024-08-18 19:43:59,79.3,0.1,-23.11736,-44.46398
CARLA SILVA,2024-08-18 20:07:59,112.7,0.2,-23.117375,-44.464116
CARLA SILVA,2024-08-18 20:10:59,188.5,0.1,-23.117485,-44.464076
CARLA SILVA,2024-08-18 21:16:58,236.6,0.0,-23.117485,-44.464083
CARLA SILVA,2024-08-19 00:34:58,132.4,0.1,-23.117611,-44.46388
CARLA SILVA,2024-08-19 00:52:59,71.5,0.0,-23.117301,-44.463778
CARLA SILVA,2024-08-19 01:28:58,143.5,0.0,-23.117276,-44.463745
CARLA SILVA,2024-08-19 01:34:58,229.5,0.2,-23.117261,-44.4638
CARLA SILVA,2024-08-19 03:28:59,179.2,0.0,-23.117448,-44.463806
CARLA SILVA,2024-08-19 04:16:58,42.7,0.0,-23.117308,-44.463791
CARLA SILVA,2024-08-19 06:07:58,221.1,0.1,-23.117588,-44.464148
CARLA SILVA,2024-08-19 06:34:59,260.5,0.3,-23.117618,-44.464386
CARLA SILVA,2024-08-19 08:40:59,53.7,0.1,-23.11843,-44.46487
CARLA SILVA,2024-08-19 12:07:58,279.5,0.2,-23.117091,-44.462755
CARLA SILVA,2024-08-19 12:10:58,182.7,0.1,-23.117088,-44.46281
CARLA SILVA,2024-08-19 12:28:59,285.0,0.1,-23.117241,-44.463005
CARLA SILVA,2024-08-19 13:37:59,82.8,0.1,-23.117226,-44.46371
CARLA SILVA,2024-08-19 16:52:56,50.6,0.1,-23.117458,-44.464238
CARLA SILVA,2024-08-19 18:28:59,252.1,0.0,-23.11752,-44.464306
CARLA SILVA,2024-08-19 19:04:59,183.5,0.1,-23.117571,-44.464276
CARLA SILVA,2024-08-19 20:22:59,133.1,0.0,-23.117466,-44.46427
CARLA SILVA,2024-08-19 23:46:58,38.1,0.0,-23.117855,-44.464796
CARLA SILVA,2024-08-20 05:34:59,158.5,0.2,-23.11786,-44.464745
CARLA SILVA,2024-08-20 05:40:59,62.2,0.0,-23.117958,-44.464873
CARLA SILVA,2024-08-20 06:46:58,204.6,0.0,-23.118718,-44.465168
CARLA SILVA,2024-08-20 11:45:25,120.2,0.0,-23.11709,-44.463303
CARLA SILVA,2024-08-20 13:27:26,115.0,0.3,-23.11829,-44.463875
CARLA SILVA,2024-08-20 18:38:35,147.3,6.7,-23.126036,-44.455538
CARLA SILVA,2024-08-20 19:15:46,64.4,11.2,-23.1196,-44.36482
CARLA SILVA,2024-08-20 19:19:55,75.4,11.2,-23.115455,-44.351533
CARLA SILVA,2024-08-20 19:28:36,66.7,11.5,-23.104683,-44.324285
CARLA SILVA,2024-08-20 19:51:16,67.4,9.9,-23.07693,-44.254101
CARLA SILVA,2024-08-20 19:57:12,51.1,6.6,-23.07144,-44.239798
CARLA SILVA,2024-08-20 20:24:36,343.8,0.0,-23.061535,-44.229463
CARLA SILVA,2024-08-20 20:27:36,338.3,0.0,-23.06154,-44.229463
CARLA SILVA,2024-08-21 21:46:54,247.1,7.9,-23.071145,-44.238961
CARLA SILVA,2024-08-21 21:54:16,247.1,10.5,-23.078676,-44.258523
CARLA SILVA,2024-08-21 22:16:35,247.8,11.6,-23.106163,-44.328931
CARLA SILVA,2024-08-21 22:42:56,259.2,5.0,-23.115418,-44.391715
CARLA SILVA,2024-08-21 22:45:56,231.3,3.5,-23.116748,-44.395441
CARLA SILVA,2024-08-21 22:48:46,199.4,2.4,-23.118913,-44.397301
CARLA SILVA,2024-08-21 23:44:02,339.4,0.0,-23.118628,-44.397885
CARLA SILVA,2024-08-22 01:08:01,90.5,0.0,-23.118386,-44.397308
CARLA SILVA,2024-08-22 01:35:02,271.7,0.0,-23.118376,-44.397578
CARLA SILVA,2024-08-22 04:14:02,73.0,0.0,-23.118405,-44.396751
CARLA SILVA,2024-08-22 05:56:02,288.5,0.0,-23.118416,-44.396443
CARLA SILVA,2024-08-22 15:41:01,243.1,0.0,-23.118276,-44.396803
CARLA SILVA,2024-08-22 17:20:02,308.2,0.0,-23.118473,-44.39613
CARLA SILVA,2024-08-22 21:20:02,99.5,0.0,-23.118423,-44.396895
CARLA SILVA,2024-08-22 21:47:02,264.1,0.0,-23.118416,-44.397146
CARLA SILVA,2024-08-23 00:32:02,234.9,0.0,-23.118528,-44.39677
CARLA SILVA,2024-08-23 00:59:01,88.9,0.0,-23.118495,-44.396558
CARLA SILVA,2024-08-23 04:23:02,229.1,0.0,-23.118368,-44.396903
CARLA SILVA,2024-08-23 08:11:02,263.7,0.0,-23.118376,-44.397811
CARLA SILVA,2024-08-23 19:44:02,107.3,0.0,-23.117981,-44.39621
CARLA SILVA,2024-08-23 19:47:02,153.2,0.0,-23.11802,-44.39615
CARLA SILVA,2024-08-23 22:29:02,255.8,0.0,-23.118048,-44.396545
CARLA SILVA,2024-08-23 23:32:01,305.7,0.0,-23.117985,-44.396543
CARLA SILVA,2024-08-24 06:23:02,240.5,0.0,-23.118163,-44.395701
CARLA SILVA,2024-08-24 08:32:11,81.7,0.0,-23.1183,-44.395765
CARLA SILVA,2024-08-24 10:59:11,101.0,0.0,-23.118323,-44.395793
CARLA SILVA,2024-08-24 17:32:11,252.2,0.2,-23.118063,-44.395656
CARLA SILVA,2024-08-24 23:14:11,112.8,0.0,-23.118265,-44.395481
CARLA SILVA,2024-08-25 00:14:10,101.3,0.0,-23.118303,-44.39538
CARLA SILVA,2024-08-25 03:29:11,67.1,0.0,-23.118213,-44.395921
CARLA SILVA,2024-08-25 10:17:11,70.2,0.0,-23.118006,-44.395998
CARLA SILVA,2024-08-25 11:17:14,287.2,0.0,-23.118156,-44.39538
CARLA SILVA,2024-08-25 12:50:15,98.4,0.3,-23.118073,-44.395276
CARLA SILVA,2024-08-25 16:05:11,261.1,0.5,-23.118351,-44.394511
CARLA SILVA,2024-08-25 19:29:11,274.3,0.1,-23.11807,-44.395176
CARLA SILVA,2024-08-25 22:15:35,50.6,0.2,-23.118116,-44.395296
CARLA SILVA,2024-08-25 23:03:35,156.0,0.1,-23.118018,-44.395411
CARLA SILVA,2024-08-26 03:48:35,303.1,0.0,-23.117976,-44.39548
CARLA SILVA,2024-08-26 04:24:35,293.6,0.0,-23.117983,-44.395511
CARLA SILVA,2024-08-26 05:57:34,254.0,0.0,-23.118066,-44.395476
CARLA SILVA,2024-08-26 09:15:34,121.5,0.0,-23.118071,-44.395433
CARLA SILVA,2024-08-26 10:06:35,310.0,0.1,-23.118121,-44.395481
CARLA SILVA,2024-08-26 11:45:35,354.6,0.0,-23.118213,-44.395165
CARLA SILVA,2024-08-26 12:45:34,275.2,0.0,-23.118078,-44.395568
CARLA SILVA,2024-08-26 13:06:34,82.4,0.0,-23.11806,-44.395506
CARLA SILVA,2024-08-26 13:18:35,228.5,0.0,-23.118041,-44.39553
CARLA SILVA,2024-08-26 19:03:35,134.5,0.3,-23.117976,-44.39619
CARLA SILVA,2024-08-27 00:24:34,94.9,0.0,-23.11802,-44.395843
CARLA SILVA,2024-08-27 02:42:35,79.5,0.1,-23.118036,-44.395575
CARLA SILVA,2024-08-27 09:27:35,240.3,0.0,-23.117971,-44.395683
CARLA SILVA,2024-08-27 09:45:35,97.7,0.0,-23.117958,-44.395548
CARLA SILVA,2024-08-27 11:57:34,298.1,0.0,-23.117938,-44.396106
CARLA SILVA,2024-08-27 14:09:34,20.4,0.2,-23.118691,-44.397316
CARLA SILVA,2024-08-28 04:00:34,106.2,0.1,-23.118073,-44.396405
CARLA SILVA,2024-08-28 04:03:34,56.6,0.0,-23.118075,-44.39639
CARLA SILVA,2024-08-28 14:50:07,286.3,0.1,-23.118391,-44.395071
CARLA SILVA,2024-08-28 17:05:06,319.4,0.5,-23.119186,-44.394235
CARLA SILVA,2024-08-28 23:42:18,126.7,10.1,-23.322251,-44.329171
CARLA SILVA,2024-08-28 23:44:56,123.4,10.0,-23.326708,-44.322633
CARLA SILVA,2024-08-28 23:47:38,119.8,9.9,-23.330731,-44.3158
CARLA SILVA,2024-08-29 00:08:08,92.2,11.0,-23.333578,-44.251533
CARLA SILVA,2024-08-29 00:12:58,90.7,10.9,-23.332673,-44.235493
CARLA SILVA,2024-08-29 00:13:58,83.7,10.9,-23.332431,-44.232131
CARLA SILVA,2024-08-29 00:49:17,88.7,11.2,-23.330188,-44.113371
CARLA SILVA,2024-08-29 00:54:37,89.2,11.2,-23.329475,-44.095296
CARLA SILVA,2024-08-29 00:55:06,92.5,11.1,-23.329435,-44.093715
CARLA SILVA,2024-08-29 01:13:17,88.8,11.2,-23.327606,-44.032245
CARLA SILVA,2024-08-29 01:17:28,92.1,11.2,-23.327711,-44.01802
CARLA SILVA,2024-08-29 01:25:58,85.2,11.1,-23.327883,-43.989276
CARLA SILVA,2024-08-29 01:28:37,87.6,11.1,-23.327998,-43.980345
CARLA SILVA,2024-08-29 01:30:56,97.7,11.1,-23.328166,-43.972493
CARLA SILVA,2024-08-29 01:49:17,80.5,10.7,-23.310268,-43.916266
CARLA SILVA,2024-08-29 01:49:38,78.6,10.7,-23.310146,-43.915085
CARLA SILVA,2024-08-29 01:52:08,94.5,10.8,-23.31001,-43.906958
CARLA SILVA,2024-08-29 02:15:58,107.1,10.1,-23.32759,-43.833731
CARLA SILVA,2024-08-29 02:19:18,105.6,9.8,-23.330025,-43.823961
CARLA SILVA,2024-08-29 02:31:28,103.8,9.5,-23.339285,-43.789655
CARLA SILVA,2024-08-29 03:38:38,124.0,9.2,-23.32603,-43.599878
CARLA SILVA,2024-08-29 04:14:38,126.4,9.3,-23.38286,-43.517761
CARLA SILVA,2024-08-29 04:51:18,78.3,9.9,-23.365881,-43.415078
CARLA SILVA,2024-08-29 04:53:58,70.2,10.0,-23.363513,-43.407511
CARLA SILVA,2024-08-29 05:00:39,68.8,10.1,-23.356798,-43.388595
CARLA SILVA,2024-08-29 05:42:37,99.8,9.6,-23.341735,-43.266676
CARLA SILVA,2024-08-29 05:45:57,126.7,9.5,-23.34623,-43.25848
CARLA SILVA,2024-08-29 05:50:27,126.8,9.7,-23.35287,-43.247395
CARLA SILVA,2024-08-29 06:45:47,21.5,8.9,-23.348943,-43.095043
CARLA SILVA,2024-08-29 06:49:17,15.4,9.2,-23.340351,-43.092526
CARLA SILVA,2024-08-29 07:25:48,314.5,9.3,-23.245326,-43.101748
CARLA SILVA,2024-08-29 07:31:57,352.0,8.3,-23.233421,-43.113943
CARLA SILVA,2024-08-29 07:57:09,356.6,9.6,-23.173193,-43.085473
CARLA SILVA,2024-08-29 08:02:48,0.3,10.1,-23.15763,-43.085615
CARLA SILVA,2024-08-29 08:27:39,356.1,8.8,-23.0901,-43.087746
CARLA SILVA,2024-08-29 08:34:27,353.8,7.9,-23.074408,-43.08885
CARLA SILVA,2024-08-29 08:56:29,304.2,4.6,-23.040026,-43.099063
CARLA SILVA,2024-08-29 09:09:45,293.4,4.1,-23.028821,-43.110563
CARLA SILVA,2024-08-29 09:12:49,216.4,4.3,-23.03006,-43.114433
CARLA SILVA,2024-08-29 09:27:57,198.8,5.8,-23.055546,-43.11945
CARLA SILVA,2024-08-29 09:30:31,164.7,4.0,-23.059821,-43.120231
CARLA SILVA,2024-08-29 09:32:37,105.5,3.2,-23.061668,-43.118161
CARLA SILVA,2024-08-29 09:40:09,350.5,6.1,-23.054361,-43.115726
CARLA SILVA,2024-08-29 10:05:16,294.6,6.2,-23.003068,-43.131856
CARLA SILVA,2024-08-29 10:11:37,300.8,7.6,-22.997298,-43.14303
CARLA SILVA,2024-08-29 10:32:19,27.6,10.5,-22.959475,-43.153215
CARLA SILVA,2024-08-29 10:37:58,28.4,11.4,-22.943918,-43.144431
CARLA SILVA,2024-08-29 10:41:25,1.7,10.7,-22.933795,-43.13964
CARLA SILVA,2024-08-29 10:54:38,345.7,11.8,-22.893671,-43.151425
CARLA SILVA,2024-08-29 11:12:58,12.7,7.1,-22.840476,-43.15321
CARLA SILVA,2024-08-29 11:17:28,6.3,4.7,-22.833146,-43.152168
CARLA SILVA,2024-08-29 11:19:37,2.9,3.7,-22.830656,-43.151853
CARLA SILVA,2024-08-30 09:07:16,190.6,0.0,-22.820806,-43.15253
CARLA SILVA,2024-08-30 14:49:28,186.9,7.6,-22.839111,-43.152648
CARLA SILVA,2024-08-30 15:12:49,168.1,10.8,-22.900316,-43.14867
CARLA SILVA,2024-08-30 15:38:09,207.6,9.1,-22.96639,-43.15658
CARLA SILVA,2024-08-30 15:46:18,151.7,8.6,-22.985606,-43.161823
CARLA SILVA,2024-08-30 16:23:09,207.3,11.6,-23.092546,-43.1792
CARLA SILVA,2024-08-30 16:28:26,215.4,11.8,-23.107736,-43.188493
CARLA SILVA,2024-08-30 16:28:57,215.0,11.8,-23.109133,-43.189566
CARLA SILVA,2024-08-30 16:29:26,214.0,11.8,-23.110455,-43.190545
CARLA SILVA,2024-08-30 16:29:55,211.4,11.8,-23.111745,-43.191465
CARLA SILVA,2024-08-30 16:30:06,212.6,11.8,-23.112251,-43.191831
CARLA SILVA,2024-08-30 16:31:26,214.5,11.9,-23.115986,-43.194531
CARLA SILVA,2024-08-30 16:56:10,212.9,11.9,-23.184736,-43.244443
CARLA SILVA,2024-08-30 16:58:29,211.7,11.9,-23.191181,-43.248985
CARLA SILVA,2024-08-30 17:25:20,261.4,12.0,-23.22065,-43.332495
CARLA SILVA,2024-08-30 18:04:37,265.6,11.9,-23.237205,-43.474055
CARLA SILVA,2024-08-30 18:05:48,264.9,11.9,-23.237496,-43.47833
CARLA SILVA,2024-08-30 18:06:48,265.7,11.9,-23.237726,-43.481938
CARLA SILVA,2024-08-30 19:03:29,267.6,11.8,-23.250478,-43.686088
CARLA SILVA,2024-08-30 19:07:49,267.3,11.9,-23.251256,-43.701626
CARLA SILVA,2024-08-30 19:51:29,265.6,12.6,-23.262926,-43.862601
CARLA SILVA,2024-08-30 19:56:50,266.9,12.7,-23.264241,-43.883005
CARLA SILVA,2024-08-30 19:59:59,266.3,12.7,-23.26497,-43.895076
CARLA SILVA,2024-08-30 20:02:08,264.3,12.7,-23.265511,-43.903431
CARLA SILVA,2024-08-30 21:38:08,278.3,12.9,-23.277858,-44.283873
CARLA SILVA,2024-08-30 21:43:30,280.5,12.3,-23.275405,-44.30411
CARLA SILVA,2024-08-30 21:46:09,277.2,12.2,-23.274263,-44.31398
CARLA SILVA,2024-08-30 22:32:09,344.1,9.1,-23.205251,-44.409916
CARLA SILVA,2024-08-30 23:24:27,14.7,0.8,-23.132711,-44.41043
CARLA SILVA,2024-08-30 23:32:48,344.5,0.1,-23.131228,-44.409506
CARLA SILVA,2024-08-30 23:49:09,283.9,0.1,-23.131291,-44.410208
CARLA SILVA,2024-08-30 23:49:19,274.5,0.0,-23.131288,-44.410206
CARLA SILVA,2024-08-30 23:50:09,271.9,0.0,-23.131281,-44.410243
CARLA SILVA,2024-08-30 23:50:19,244.7,0.0,-23.131281,-44.410248
CARLA SILVA,2024-08-30 23:52:19,302.8,0.0,-23.131265,-44.410313
CARLA SILVA,2024-08-30 23:53:59,292.4,0.1,-23.131243,-44.410358
CARLA SILVA,2024-08-31 00:15:08,296.4,0.0,-23.131001,-44.410716
CARLA SILVA,2024-08-31 00:26:39,90.2,0.1,-23.130995,-44.410946
CARLA SILVA,2024-08-31 00:32:50,274.5,0.0,-23.131021,-44.410998
CARLA SILVA,2024-08-31 00:35:00,262.3,0.0,-23.131016,-44.410993
CARLA SILVA,2024-08-31 05:29:06,270.1,0.0,-23.131201,-44.409725
CARLA SILVA,2024-08-31 08:23:05,138.6,0.0,-23.131518,-44.409236
CARLA SILVA,2024-08-31 08:53:05,120.0,0.1,-23.131443,-44.409245
CARLA SILVA,2024-08-31 09:17:05,327.2,0.1,-23.131563,-44.409211
CARLA SILVA,2024-08-31 10:05:06,133.1,0.0,-23.13186,-44.409015
CARLA SILVA,2024-08-31 10:59:05,313.5,0.2,-23.13167,-44.40911
CARLA SILVA,2024-08-31 12:59:05,286.5,0.1,-23.13116,-44.409633
CARLA SILVA,2024-08-31 14:11:05,123.4,0.0,-23.130996,-44.409968
CARLA SILVA,2024-08-31 15:23:06,105.8,0.0,-23.13089,-44.410171
CARLA SILVA,2024-08-31 16:32:05,307.2,0.0,-23.130871,-44.410383
CARLA SILVA,2024-08-31 17:05:06,294.1,0.0,-23.130936,-44.410156
CARLA SILVA,2024-08-31 18:08:06,341.4,0.0,-23.130893,-44.410498
CARLA SILVA,2024-09-01 00:41:05,256.8,0.0,-23.131006,-44.41099
CARLA SILVA,2024-09-01 03:38:06,141.1,0.0,-23.132066,-44.408965
CARLA SILVA,2024-09-01 03:41:06,152.1,0.0,-23.13221,-44.408876
CARLA SILVA,2024-09-01 09:23:06,233.4,0.0,-23.135171,-44.410071
CARLA SILVA,2024-09-01 16:06:54,332.2,0.1,-23.132263,-44.40882
CARLA SILVA,2024-09-01 18:45:53,196.9,0.0,-23.132355,-44.408806
CARLA SILVA,2024-09-01 19:33:54,166.6,0.0,-23.132501,-44.40875
CARLA SILVA,2024-09-01 20:30:53,174.8,0.1,-23.133221,-44.408723
CARLA SILVA,2024-09-02 01:12:53,106.9,0.0,-23.131171,-44.41018
CARLA SILVA,2024-09-02 09:06:53,93.0,0.0,-23.130778,-44.412428
CARLA SILVA,2024-09-02 11:42:53,294.5,0.1,-23.131028,-44.410375
CARLA SILVA,2024-09-02 13:18:53,22.1,0.1,-23.130691,-44.411713
CARLA SILVA,2024-09-02 13:30:53,245.4,0.0,-23.130735,-44.411836
CARLA SILVA,2024-09-02 15:06:54,48.1,0.0,-23.130671,-44.411841
CARLA SILVA,2024-09-02 15:12:53,217.3,0.3,-23.130971,-44.411975
CARLA SILVA,2024-09-02 15:38:34,282.8,0.1,-23.130915,-44.411583
CARLA SILVA,2024-09-03 00:27:54,318.1,0.0,-23.130728,-44.411598
CARLA SILVA,2024-09-03 04:33:54,271.5,0.0,-23.130795,-44.411716
CARLA SILVA,2024-09-03 05:57:54,116.8,0.0,-23.130813,-44.412015
CARLA SILVA,2024-09-03 08:39:54,95.4,0.0,-23.130743,-44.411271
CARLA SILVA,2024-09-03 11:36:53,306.9,0.0,-23.130825,-44.410836
CARLA SILVA,2024-09-03 17:14:26,222.7,0.1,-23.131083,-44.409851
CARLA SILVA,2024-09-03 17:17:26,283.8,0.0,-23.131081,-44.40991
CARLA SILVA,2024-09-03 19:33:54,299.1,0.0,-23.130878,-44.410611
CARLA SILVA,2024-09-04 02:15:54,270.1,0.0,-23.130826,-44.410771
CARLA SILVA,2024-09-04 06:09:53,279.5,0.0,-23.13076,-44.411206
CARLA SILVA,2024-09-04 09:48:53,212.7,0.0,-23.131356,-44.413003
CARLA SILVA,2024-09-04 15:19:00,104.2,0.1,-23.130746,-44.410988
CARLA SILVA,2024-09-04 16:12:52,310.0,0.1,-23.13072,-44.410806
CARLA SILVA,2024-09-04 20:15:54,216.8,0.0,-23.130968,-44.412273
CARLA SILVA,2024-09-04 23:06:54,240.5,0.0,-23.131115,-44.41214
CARLA SILVA,2024-09-04 23:30:54,108.3,0.0,-23.13088,-44.411931
CARLA SILVA,2024-09-04 23:33:54,142.5,0.0,-23.130915,-44.411828
CARLA SILVA,2024-09-05 00:18:53,279.0,0.2,-23.130818,-44.411066
CARLA SILVA,2024-09-05 03:06:54,260.9,0.1,-23.130806,-44.411073
CARLA SILVA,2024-09-05 06:36:54,274.6,0.1,-23.130803,-44.410778
CARLA SILVA,2024-09-05 08:24:54,238.1,0.0,-23.130725,-44.41147
CARLA SILVA,2024-09-05 09:36:54,88.5,0.1,-23.130801,-44.411965
CARLA SILVA,2024-09-05 14:57:54,115.1,0.0,-23.130806,-44.41061
CARLA SILVA,2024-09-05 19:18:54,64.5,0.1,-23.130766,-44.412141
CARLA SILVA,2024-09-05 22:39:54,62.5,0.0,-23.130901,-44.412493
CARLA SILVA,2024-09-05 23:12:53,43.5,0.0,-23.130886,-44.41228
CARLA SILVA,2024-09-05 23:45:54,94.7,0.0,-23.130786,-44.411333
CARLA SILVA,2024-09-06 13:27:54,96.2,0.0,-23.130685,-44.41154
CARLA SILVA,2024-09-06 16:38:28,89.3,0.0,-23.130641,-44.411546
CARLA SILVA,2024-09-06 18:18:54,302.3,0.1,-23.130706,-44.411501
CARLA SILVA,2024-09-06 21:39:53,221.9,0.1,-23.130771,-44.411748
CARLA SILVA,2024-09-06 23:21:54,300.9,0.0,-23.130778,-44.411896
CARLA SILVA,2024-09-07 04:51:53,95.7,0.0,-23.130768,-44.412035
CARLA SILVA,2024-09-07 04:54:53,272.1,0.0,-23.130771,-44.412095
CARLA SILVA,2024-09-07 07:39:54,244.7,0.0,-23.130783,-44.412396
CARLA SILVA,2024-09-07 08:03:53,240.3,0.1,-23.13082,-44.412511
CARLA SILVA,2024-09-07 11:51:54,36.3,0.0,-23.130748,-44.41233
CARLA SILVA,2024-09-07 12:27:53,215.5,0.0,-23.130706,-44.412188
CARLA SILVA,2024-09-07 16:21:53,286.4,0.0,-23.13066,-44.411985
CARLA SILVA,2024-09-07 18:06:53,59.0,0.0,-23.130858,-44.412473
CARLA SILVA,2024-09-07 23:33:54,16.6,0.0,-23.131713,-44.413461
CARLA SILVA,2024-09-08 01:00:54,236.8,0.0,-23.13151,-44.413126
CARLA SILVA,2024-09-08 01:54:54,235.9,0.0,-23.131276,-44.412811
CARLA SILVA,2024-09-08 02:00:54,38.7,0.0,-23.131235,-44.412775
CARLA SILVA,2024-09-08 02:27:54,63.4,0.0,-23.131191,-44.412696
CARLA SILVA,2024-09-08 04:12:54,242.2,0.0,-23.131015,-44.412615
CARLA SILVA,2024-09-08 09:06:54,113.3,0.0,-23.131126,-44.41296
CARLA SILVA,2024-09-08 10:51:53,199.2,0.0,-23.13208,-44.413725
CARLA SILVA,2024-09-08 11:27:54,39.2,0.0,-23.132261,-44.41376
CARLA SILVA,2024-09-08 12:21:53,358.1,0.1,-23.13242,-44.413766
CARLA SILVA,2024-09-08 12:27:53,263.9,0.0,-23.132416,-44.4138
CARLA SILVA,2024-09-08 17:00:53,25.1,0.0,-23.130965,-44.412808
CARLA SILVA,2024-09-08 22:33:54,149.8,0.1,-23.134285,-44.413343
CARLA SILVA,2024-09-09 00:06:54,149.5,0.0,-23.134575,-44.413095
CARLA SILVA,2024-09-09 01:48:54,112.7,0.0,-23.134881,-44.412418
CARLA SILVA,2024-09-09 02:42:54,304.8,0.0,-23.134891,-44.412628
CARLA SILVA,2024-09-09 03:54:54,268.4,0.1,-23.134711,-44.412621
CARLA SILVA,2024-09-09 11:52:01,112.7,2.3,-23.135641,-44.411545
CARLA SILVA,2024-09-09 12:08:12,61.3,3.4,-23.148176,-44.403806
CARLA SILVA,2024-09-09 12:12:50,45.2,5.8,-23.144396,-44.399028
CARLA SILVA,2024-09-09 12:41:20,67.0,9.2,-23.1086,-44.333096
CARLA SILVA,2024-09-09 12:42:21,67.7,9.3,-23.107605,-44.33046
CARLA SILVA,2024-09-09 12:42:50,67.6,9.3,-23.107143,-44.329198
CARLA SILVA,2024-09-09 12:43:00,67.4,9.3,-23.106965,-44.32877
CARLA SILVA,2024-09-09 12:43:21,67.4,9.3,-23.106611,-44.327861
CARLA SILVA,2024-09-09 12:43:50,67.4,9.4,-23.106135,-44.326605
CARLA SILVA,2024-09-09 12:44:10,68.3,9.4,-23.105781,-44.325685
CARLA SILVA,2024-09-09 12:45:51,65.5,9.4,-23.104025,-44.321338
CARLA SILVA,2024-09-09 13:17:00,59.9,5.6,-23.07777,-44.252213
CARLA SILVA,2024-09-09 13:19:50,59.7,5.0,-23.075628,-44.248235
CARLA SILVA,2024-09-09 13:50:40,290.6,1.6,-23.060301,-44.224336
CARLA SILVA,2024-09-09 13:51:00,289.2,1.6,-23.060246,-44.224511
CARLA SILVA,2024-09-09 13:55:20,257.3,0.8,-23.060135,-44.226246
CARLA SILVA,2024-09-09 15:03:20,17.7,0.0,-23.060815,-44.227466
CARLA SILVA,2024-09-09 15:18:11,358.5,0.0,-23.060795,-44.227436
CARLA SILVA,2024-09-09 15:54:38,191.7,0.0,-23.060811,-44.227448
CARLA SILVA,2024-09-09 15:55:08,195.7,0.0,-23.06081,-44.227451
CARLA SILVA,2024-09-09 15:55:57,182.8,0.0,-23.060801,-44.227455
CARLA SILVA,2024-09-09 15:56:08,352.3,0.0,-23.0608,-44.227456
CARLA SILVA,2024-09-09 15:58:00,194.0,0.0,-23.0608,-44.22746
CARLA SILVA,2024-09-09 16:04:20,178.6,0.0,-23.060778,-44.227461
CARLA SILVA,2024-09-09 16:05:40,13.5,0.0,-23.060765,-44.227476
CARLA SILVA,2024-09-10 12:51:23,184.1,0.0,-23.060781,-44.227471
CARLA SILVA,2024-09-10 14:37:39,24.9,1.1,-23.060196,-44.227173
CARLA SILVA,2024-09-10 15:01:39,89.9,3.5,-23.062698,-44.215908
CARLA SILVA,2024-09-10 15:04:30,88.1,4.6,-23.062545,-44.21238
CARLA SILVA,2024-09-10 15:08:19,87.5,6.9,-23.062303,-44.205576
CARLA SILVA,2024-09-10 15:55:09,151.7,9.2,-23.100208,-44.084521
CARLA SILVA,2024-09-10 15:58:28,150.7,9.2,-23.107718,-44.080048
CARLA SILVA,2024-09-10 16:03:28,150.6,9.3,-23.119056,-44.073193
CARLA SILVA,2024-09-10 16:48:09,251.6,11.0,-23.232283,-44.076
CARLA SILVA,2024-09-10 16:50:19,257.2,11.2,-23.234096,-44.08303
CARLA SILVA,2024-09-10 16:54:09,253.9,11.2,-23.236831,-44.095548
CARLA SILVA,2024-09-10 17:41:10,267.2,11.5,-23.25416,-44.25508
CARLA SILVA,2024-09-10 17:43:59,268.9,11.5,-23.254423,-44.26496
CARLA SILVA,2024-09-10 17:47:58,266.9,11.5,-23.254741,-44.278821
CARLA SILVA,2024-09-10 17:49:40,265.8,11.5,-23.254953,-44.284651
CARLA SILVA,2024-09-10 17:50:18,266.5,11.4,-23.255056,-44.286906
CARLA SILVA,2024-09-10 17:54:38,266.3,11.5,-23.255606,-44.302006
CARLA SILVA,2024-09-10 18:26:49,316.5,11.8,-23.223691,-44.40231
CARLA SILVA,2024-09-10 19:27:38,214.0,1.4,-23.12799,-44.406856
CARLA SILVA,2024-09-10 20:19:39,307.1,0.0,-23.126983,-44.408816
CARLA SILVA,2024-09-10 20:32:49,230.8,0.0,-23.127093,-44.408791
CARLA SILVA,2024-09-10 20:35:38,52.3,0.0,-23.127103,-44.408745
CARLA SILVA,2024-09-10 20:38:29,241.9,0.0,-23.127115,-44.408701
CARLA SILVA,2024-09-10 21:03:39,236.6,0.0,-23.126921,-44.408461
CARLA SILVA,2024-09-10 21:05:49,242.8,0.1,-23.126928,-44.408446
CARLA SILVA,2024-09-10 21:09:20,211.1,0.0,-23.126965,-44.408453
CARLA SILVA,2024-09-10 21:10:29,119.8,0.0,-23.126968,-44.408453
CARLA SILVA,2024-09-10 21:12:09,231.2,0.0,-23.126981,-44.408455
CARLA SILVA,2024-09-10 22:58:18,224.9,0.0,-23.128063,-44.409536
CARLA SILVA,2024-09-11 02:22:18,54.1,0.0,-23.127771,-44.409303
CARLA SILVA,2024-09-11 02:40:19,38.9,0.0,-23.127788,-44.409356
CARLA SILVA,2024-09-11 02:58:19,157.2,0.0,-23.127851,-44.409381
CARLA SILVA,2024-09-11 04:10:19,204.0,0.0,-23.127635,-44.409291
CARLA SILVA,2024-09-11 10:13:19,144.2,0.0,-23.128516,-44.409783
CARLA SILVA,2024-09-11 11:55:18,149.7,0.0,-23.129743,-44.409581
CARLA SILVA,2024-09-11 20:37:33,68.8,8.8,-23.114285,-44.347848
CARLA SILVA,2024-09-11 21:15:22,47.9,5.3,-23.075631,-44.251643
CARLA SILVA,2024-09-11 21:18:12,45.9,4.4,-23.073013,-44.248525
CARLA SILVA,2024-09-11 21:20:13,56.5,3.9,-23.071481,-44.246626
CARLA SILVA,2024-09-11 21:49:53,56.3,0.8,-23.06221,-44.230135
CARLA SILVA,2024-09-11 21:53:51,37.3,0.3,-23.06181,-44.229593
CARLA SILVA,2024-09-11 21:57:42,23.3,0.3,-23.061571,-44.229491
CARLA SILVA,2024-09-11 21:57:52,17.8,0.3,-23.061576,-44.229495
CARLA SILVA,2024-09-11 22:00:22,99.9,0.0,-23.061555,-44.229506
CARLA SILVA,2024-09-11 22:22:43,343.8,0.0,-23.061571,-44.229543
CARLA SILVA,2024-09-11 22:25:52,334.2,0.0,-23.0616,-44.229515
CARLA SILVA,2024-09-11 22:49:31,5.6,0.0,-23.061573,-44.22945
CARLA SILVA,2024-09-11 22:54:03,154.0,0.0,-23.061593,-44.22946
CARLA SILVA,2024-09-11 23:39:23,197.9,0.0,-23.061636,-44.229466
CARLA SILVA,2024-09-11 23:40:23,12.7,0.0,-23.06163,-44.229441
CARLA SILVA,2024-09-11 23:41:12,179.7,0.0,-23.06164,-44.229458
CARLA SILVA,2024-09-11 23:41:53,187.7,0.0,-23.06162,-44.229466
CARLA SILVA,2024-09-11 23:42:22,191.4,0.0,-23.06159,-44.229478
CARLA SILVA,2024-09-11 23:43:22,176.1,0.0,-23.061601,-44.229468
CARLA SILVA,2024-09-11 23:43:32,178.3,0.0,-23.0616,-44.229476
CARLA SILVA,2024-09-11 23:43:53,182.1,0.0,-23.061608,-44.22946
CARLA SILVA,2024-09-11 23:44:04,359.2,0.0,-23.061603,-44.229458
CARLA SILVA,2024-09-11 23:44:14,6.6,0.0,-23.061603,-44.229453
CARLA SILVA,2024-09-13 03:29:04,183.7,1.2,-23.062221,-44.229513
CARLA SILVA,2024-09-13 03:33:20,147.1,2.6,-23.063256,-44.228768
CARLA SILVA,2024-09-13 03:35:43,220.3,3.1,-23.065081,-44.229021
CARLA SILVA,2024-09-13 04:05:34,247.1,9.7,-23.092843,-44.295273
CARLA SILVA,2024-09-13 04:22:23,246.1,10.8,-23.11131,-44.341886
CARLA SILVA,2024-09-13 04:31:04,246.3,11.3,-23.121955,-44.368638
CARLA SILVA,2024-09-13 04:42:23,216.3,11.6,-23.14556,-44.397143
CARLA SILVA,2024-09-13 04:44:24,217.2,11.6,-23.150743,-44.4014
CARLA SILVA,2024-09-13 05:03:04,182.4,11.9,-23.209973,-44.414591
CARLA SILVA,2024-09-13 05:05:43,180.5,12.0,-23.218968,-44.414808
CARLA SILVA,2024-09-13 05:09:52,182.1,11.9,-23.232841,-44.415236
CARLA SILVA,2024-09-13 05:15:23,184.1,11.7,-23.251026,-44.416341
CARLA SILVA,2024-09-13 05:34:13,184.3,11.5,-23.311738,-44.419981
CARLA SILVA,2024-09-13 05:39:23,183.6,11.6,-23.328505,-44.420886
CARLA SILVA,2024-09-13 06:58:54,174.6,12.2,-23.597751,-44.411128
CARLA SILVA,2024-09-13 07:02:53,177.4,12.1,-23.61134,-44.409668
CARLA SILVA,2024-09-13 07:38:14,194.3,11.8,-23.728181,-44.417148
CARLA SILVA,2024-09-13 07:45:23,192.9,11.9,-23.75129,-44.422568
CARLA SILVA,2024-09-13 07:47:44,194.2,11.9,-23.758988,-44.42445
CARLA SILVA,2024-09-13 07:53:34,192.0,12.0,-23.778055,-44.428918
CARLA SILVA,2024-09-13 08:13:03,191.5,12.0,-23.841945,-44.443631
CARLA SILVA,2024-09-13 08:48:33,191.6,12.1,-23.959008,-44.472015
CARLA SILVA,2024-09-13 09:18:14,188.1,12.0,-24.05685,-44.491826
CARLA SILVA,2024-09-13 09:22:44,186.7,12.0,-24.071835,-44.494036
CARLA SILVA,2024-09-13 09:25:04,188.0,12.1,-24.079635,-44.495196
CARLA SILVA,2024-09-13 09:30:13,186.5,12.1,-24.096936,-44.497716
CARLA SILVA,2024-09-13 09:37:33,189.2,12.1,-24.121565,-44.501471
CARLA SILVA,2024-09-13 09:48:53,187.5,12.1,-24.159461,-44.507638
CARLA SILVA,2024-09-13 09:55:33,191.3,12.1,-24.181685,-44.512261
CARLA SILVA,2024-09-13 10:00:53,192.3,12.2,-24.199381,-44.516515
CARLA SILVA,2024-09-13 10:31:32,191.4,12.0,-24.300946,-44.541211
CARLA SILVA,2024-09-13 10:34:42,195.4,12.1,-24.31141,-44.543881
CARLA SILVA,2024-09-13 11:06:13,192.0,12.1,-24.414998,-44.571213
CARLA SILVA,2024-09-13 11:12:13,193.0,12.2,-24.434801,-44.576245
CARLA SILVA,2024-09-13 11:14:33,193.1,12.1,-24.44257,-44.57832
CARLA SILVA,2024-09-13 11:32:34,194.7,12.2,-24.502051,-44.593411
CARLA SILVA,2024-09-13 11:36:52,194.3,12.2,-24.51631,-44.597465
CARLA SILVA,2024-09-13 11:37:42,194.3,12.2,-24.519083,-44.598218
CARLA SILVA,2024-09-13 11:42:03,194.5,12.3,-24.533476,-44.602171
CARLA SILVA,2024-09-13 11:43:33,196.3,12.3,-24.538456,-44.60362
CARLA SILVA,2024-09-13 11:44:42,195.7,12.2,-24.542313,-44.604773
CARLA SILVA,2024-09-13 11:44:52,195.6,12.2,-24.542868,-44.604928
CARLA SILVA,2024-09-13 12:11:23,193.5,12.3,-24.631941,-44.627646
CARLA SILVA,2024-09-13 12:14:53,194.6,12.3,-24.643745,-44.630538
CARLA SILVA,2024-09-13 12:22:33,193.2,12.4,-24.669525,-44.636931
CARLA SILVA,2024-09-13 12:45:12,191.8,12.7,-24.746375,-44.656486
CARLA SILVA,2024-09-13 12:52:22,191.3,12.9,-24.771353,-44.662603
CARLA SILVA,2024-09-13 12:59:24,192.0,12.9,-24.796108,-44.668023
CARLA SILVA,2024-09-13 12:59:53,191.1,12.9,-24.797848,-44.66839
CARLA SILVA,2024-09-13 13:46:53,189.2,12.5,-24.96178,-44.705448
CARLA SILVA,2024-09-13 14:43:42,188.5,12.8,-25.159783,-44.752131
CARLA SILVA,2024-09-13 14:49:22,189.7,12.9,-25.179901,-44.756226
CARLA SILVA,2024-09-13 14:49:23,189.7,12.9,-25.179901,-44.756226
CARLA SILVA,2024-09-13 15:33:34,193.2,13.3,-25.338415,-44.793035
CARLA SILVA,2024-09-13 15:36:53,191.2,13.1,-25.350466,-44.795905
CARLA SILVA,2024-09-13 15:39:54,194.6,13.2,-25.361385,-44.798493
CARLA SILVA,2024-09-13 16:31:03,191.8,13.2,-25.54597,-44.846025
CARLA SILVA,2024-09-13 16:31:44,194.8,13.1,-25.548355,-44.846695
CARLA SILVA,2024-09-13 16:37:42,195.3,13.1,-25.569808,-44.852561
CARLA SILVA,2024-09-13 16:53:50,195.5,13.2,-25.627405,-44.869936
CARLA SILVA,2024-09-13 16:55:20,194.9,13.2,-25.63278,-44.871425
CARLA SILVA,2024-09-13 16:55:31,193.1,13.2,-25.633431,-44.871615
CARLA SILVA,2024-09-13 16:56:50,195.6,13.2,-25.63808,-44.872948
CARLA SILVA,2024-09-13 16:57:31,193.6,13.2,-25.640523,-44.873646
CARLA SILVA,2024-09-13 16:58:00,194.1,13.2,-25.642311,-44.874176
CARLA SILVA,2024-09-13 16:58:50,195.4,13.1,-25.645298,-44.875045
CARLA SILVA,2024-09-13 16:59:50,193.8,13.2,-25.648885,-44.876013
CARLA SILVA,2024-09-13 17:00:10,193.1,13.1,-25.650016,-44.876305
CARLA SILVA,2024-09-13 17:21:23,205.5,13.6,-25.722498,-44.912991
CARLA SILVA,2024-09-13 18:17:02,205.5,13.9,-25.916826,-45.016365
CARLA SILVA,2024-09-13 18:31:27,205.8,13.9,-25.967488,-45.043371
CARLA SILVA,2024-09-13 18:32:45,206.2,13.8,-25.972003,-45.045791
CARLA SILVA,2024-09-13 18:34:21,206.0,13.8,-25.977635,-45.04877
CARLA SILVA,2024-09-13 18:34:27,205.1,13.9,-25.977983,-45.04896
CARLA SILVA,2024-09-13 18:35:33,206.4,13.9,-25.981851,-45.051013
CARLA SILVA,2024-09-13 18:46:45,206.8,13.9,-26.021218,-45.071845
CARLA SILVA,2024-09-13 18:59:27,205.2,14.0,-26.066033,-45.095208
CARLA SILVA,2024-09-13 19:06:46,204.3,14.0,-26.092035,-45.10877
CARLA SILVA,2024-09-13 19:52:52,224.6,14.6,-26.227303,-45.249208
CARLA SILVA,2024-09-13 19:56:15,223.5,14.7,-26.237205,-45.259998
CARLA SILVA,2024-09-13 19:57:04,224.7,14.7,-26.239518,-45.26256
CARLA SILVA,2024-09-13 19:58:39,224.4,14.6,-26.244165,-45.26761
CARLA SILVA,2024-09-13 19:59:21,224.6,14.6,-26.246201,-45.269813
CARLA SILVA,2024-09-13 20:01:34,224.4,14.5,-26.252593,-45.276756
CARLA SILVA,2024-09-13 20:30:03,225.1,14.6,-26.335983,-45.367076
CARLA SILVA,2024-09-13 20:44:58,229.4,14.5,-26.377833,-45.416023
CARLA SILVA,2024-09-13 20:49:03,228.8,14.6,-26.388775,-45.430135
CARLA SILVA,2024-09-13 20:51:45,229.4,14.5,-26.395866,-45.439378
CARLA SILVA,2024-09-13 20:54:10,229.3,14.6,-26.402175,-45.447571
CARLA SILVA,2024-09-13 21:00:15,230.5,14.6,-26.418306,-45.468606
CARLA SILVA,2024-09-13 21:04:51,229.4,14.5,-26.430371,-45.484525
CARLA SILVA,2024-09-13 21:40:10,226.9,14.0,-26.528516,-45.599116
CARLA SILVA,2024-09-13 21:41:46,228.5,14.0,-26.532683,-45.604195
CARLA SILVA,2024-09-13 21:43:57,227.4,14.0,-26.538526,-45.611278
CARLA SILVA,2024-09-13 22:08:45,228.1,13.8,-26.603585,-45.690351
CARLA SILVA,2024-09-13 22:13:26,227.2,13.8,-26.615673,-45.7051
CARLA SILVA,2024-09-13 22:32:16,227.9,13.7,-26.6645,-45.764958
CARLA SILVA,2024-09-13 22:36:25,228.1,13.6,-26.67514,-45.778023
CARLA SILVA,2024-09-13 22:50:55,228.3,13.7,-26.712441,-45.823678
CARLA SILVA,2024-09-13 22:54:25,228.0,13.7,-26.721445,-45.834748
CARLA SILVA,2024-09-13 23:56:36,228.7,13.8,-26.882103,-46.032325
CARLA SILVA,2024-09-14 00:00:16,228.2,13.9,-26.891416,-46.044251
CARLA SILVA,2024-09-14 00:13:49,227.0,13.9,-26.926278,-46.08824
CARLA SILVA,2024-09-14 00:18:30,228.2,13.9,-26.938591,-46.10337
CARLA SILVA,2024-09-14 00:33:35,226.8,13.9,-26.977908,-46.15182
CARLA SILVA,2024-09-14 00:33:38,228.4,13.9,-26.978076,-46.152036
CARLA SILVA,2024-09-14 00:33:40,228.1,13.9,-26.978166,-46.152143
CARLA SILVA,2024-09-14 00:34:35,226.3,13.9,-26.980516,-46.154986
CARLA SILVA,2024-09-14 00:35:35,226.9,13.9,-26.983128,-46.158185
CARLA SILVA,2024-09-14 00:36:11,229.0,13.9,-26.984696,-46.160118
CARLA SILVA,2024-09-14 00:36:22,228.5,13.9,-26.985178,-46.160706
CARLA SILVA,2024-09-14 00:38:08,226.6,13.9,-26.989833,-46.166331
CARLA SILVA,2024-09-14 00:51:46,226.8,13.7,-27.025408,-46.209643
CARLA SILVA,2024-09-14 00:51:57,226.6,13.7,-27.025886,-46.210216
CARLA SILVA,2024-09-14 00:52:57,226.5,13.7,-27.028451,-46.2133
CARLA SILVA,2024-09-14 00:56:36,228.1,13.7,-27.037963,-46.224753
CARLA SILVA,2024-09-14 00:58:36,227.8,13.7,-27.04319,-46.231086
CARLA SILVA,2024-09-14 00:59:57,227.7,13.7,-27.04668,-46.235256
CARLA SILVA,2024-09-14 01:10:27,230.3,13.7,-27.073595,-46.26855
CARLA SILVA,2024-09-14 01:11:08,229.6,13.7,-27.075218,-46.270645
CARLA SILVA,2024-09-14 01:20:16,229.0,13.7,-27.098023,-46.300063
CARLA SILVA,2024-09-14 01:38:58,229.9,13.6,-27.144985,-46.360511
CARLA SILVA,2024-09-14 01:41:47,229.1,13.6,-27.152018,-46.369466
CARLA SILVA,2024-09-14 01:49:53,227.9,13.4,-27.172471,-46.395351
CARLA SILVA,2024-09-14 01:59:37,228.5,13.3,-27.19647,-46.425476
CARLA SILVA,2024-09-14 02:28:26,228.4,13.2,-27.267575,-46.51328
CARLA SILVA,2024-09-14 02:35:47,227.3,13.2,-27.28574,-46.535723
CARLA SILVA,2024-09-14 02:46:17,227.3,13.3,-27.311616,-46.568116
CARLA SILVA,2024-09-14 02:53:07,231.1,13.4,-27.328293,-46.589685
CARLA SILVA,2024-09-14 03:07:57,230.8,13.6,-27.363596,-46.63829
CARLA SILVA,2024-09-14 03:11:08,231.7,13.6,-27.371195,-46.648823
CARLA SILVA,2024-09-14 03:22:36,231.8,13.6,-27.398466,-46.687003
CARLA SILVA,2024-09-14 03:24:48,231.7,13.6,-27.403725,-46.694321
CARLA SILVA,2024-09-14 03:28:06,230.7,13.6,-27.411683,-46.705315
CARLA SILVA,2024-09-14 03:41:37,230.8,13.8,-27.444375,-46.75033
CARLA SILVA,2024-09-14 03:57:07,230.5,13.8,-27.482538,-46.802165
CARLA SILVA,2024-09-14 04:02:18,230.5,13.6,-27.495145,-46.819286
CARLA SILVA,2024-09-14 04:06:17,229.5,13.6,-27.5048,-46.832395
CARLA SILVA,2024-09-14 04:11:46,229.4,13.7,-27.518233,-46.850533
CARLA SILVA,2024-09-14 04:15:46,228.7,13.8,-27.528153,-46.863526
CARLA SILVA,2024-09-14 04:33:47,230.2,13.8,-27.573043,-46.922848
CARLA SILVA,2024-09-14 04:51:20,230.5,13.9,-27.617121,-46.98099
CARLA SILVA,2024-09-14 04:55:49,229.1,13.8,-27.628388,-46.99599
CARLA SILVA,2024-09-14 05:09:19,228.5,13.7,-27.662333,-47.040265
CARLA SILVA,2024-09-14 05:11:29,229.6,13.6,-27.667711,-47.04722
CARLA SILVA,2024-09-14 05:14:29,228.3,13.6,-27.675178,-47.056918
CARLA SILVA,2024-09-14 05:23:39,231.0,13.6,-27.697691,-47.086756
CARLA SILVA,2024-09-14 05:27:30,223.8,13.5,-27.707215,-47.099191
CARLA SILVA,2024-09-14 05:51:20,226.6,12.9,-27.768776,-47.170156
CARLA SILVA,2024-09-14 05:59:20,225.1,13.1,-27.789053,-47.193405
CARLA SILVA,2024-09-14 06:03:50,224.6,13.0,-27.800635,-47.206443
CARLA SILVA,2024-09-14 06:17:39,226.5,12.9,-27.835963,-47.246155
CARLA SILVA,2024-09-14 06:20:50,225.3,12.9,-27.844043,-47.255318
CARLA SILVA,2024-09-14 06:35:19,226.2,13.0,-27.881016,-47.297476
CARLA SILVA,2024-09-14 06:39:39,224.5,13.0,-27.891946,-47.310128
CARLA SILVA,2024-09-14 06:47:49,225.6,13.0,-27.912783,-47.333978
CARLA SILVA,2024-09-14 06:49:40,224.4,13.1,-27.917538,-47.339441
CARLA SILVA,2024-09-14 06:52:28,225.3,13.3,-27.924793,-47.347818
CARLA SILVA,2024-09-14 06:56:40,228.0,13.3,-27.935368,-47.360728
CARLA SILVA,2024-09-14 07:05:40,227.2,13.3,-27.957865,-47.388515
CARLA SILVA,2024-09-14 07:12:49,226.8,13.3,-27.97594,-47.4103
CARLA SILVA,2024-09-14 07:49:29,228.6,13.4,-28.067261,-47.522273
CARLA SILVA,2024-09-14 08:18:00,228.6,13.6,-28.138868,-47.614541
CARLA SILVA,2024-09-14 08:23:50,229.8,13.6,-28.153536,-47.633266
CARLA SILVA,2024-09-14 08:35:48,229.4,13.5,-28.183696,-47.671966
CARLA SILVA,2024-09-14 08:38:49,229.5,13.5,-28.191025,-47.681668
CARLA SILVA,2024-09-14 08:52:10,228.9,13.5,-28.223293,-47.725276
CARLA SILVA,2024-09-14 08:55:50,229.4,13.4,-28.232203,-47.737151
CARLA SILVA,2024-09-14 08:58:19,229.2,13.4,-28.238258,-47.745203
CARLA SILVA,2024-09-14 09:34:20,229.5,13.2,-28.324218,-47.859408
CARLA SILVA,2024-09-14 10:08:20,227.8,13.0,-28.405426,-47.965231
CARLA SILVA,2024-09-14 10:10:30,227.5,13.0,-28.410635,-47.971795
CARLA SILVA,2024-09-14 10:12:28,229.3,13.1,-28.415441,-47.977896
CARLA SILVA,2024-09-14 10:17:49,228.5,12.9,-28.428288,-47.99423
CARLA SILVA,2024-09-14 10:20:29,225.9,12.9,-28.434726,-48.002266
CARLA SILVA,2024-09-14 10:35:19,227.3,12.7,-28.470361,-48.046836
CARLA SILVA,2024-09-14 11:14:40,227.8,12.4,-28.559516,-48.16327
CARLA SILVA,2024-09-14 11:18:29,228.8,12.3,-28.568315,-48.1744
CARLA SILVA,2024-09-14 11:29:09,228.6,12.5,-28.592961,-48.205658
CARLA SILVA,2024-09-14 11:31:39,227.2,12.5,-28.598906,-48.212936
CARLA SILVA,2024-09-14 11:35:58,227.3,12.5,-28.60917,-48.225526
CARLA SILVA,2024-09-14 11:36:58,227.1,12.6,-28.611561,-48.228461
CARLA SILVA,2024-09-14 11:38:08,228.9,12.6,-28.614316,-48.231906
CARLA SILVA,2024-09-14 11:38:19,227.0,12.6,-28.614758,-48.232441
CARLA SILVA,2024-09-14 11:46:20,226.8,12.7,-28.634111,-48.256036
CARLA SILVA,2024-09-14 11:50:39,227.0,12.6,-28.64459,-48.268695
CARLA SILVA,2024-09-14 12:00:49,228.4,12.6,-28.668473,-48.299551
CARLA SILVA,2024-09-14 12:01:29,228.4,12.7,-28.670005,-48.30156
CARLA SILVA,2024-09-14 12:06:10,229.4,12.7,-28.680883,-48.315781
CARLA SILVA,2024-09-14 12:40:39,228.1,12.5,-28.76061,-48.419341
CARLA SILVA,2024-09-14 12:43:40,228.3,12.4,-28.767575,-48.428206
CARLA SILVA,2024-09-14 13:04:59,227.6,12.5,-28.817043,-48.490326
CARLA SILVA,2024-09-14 13:29:09,228.6,12.4,-28.873415,-48.560933
CARLA SILVA,2024-09-14 13:41:30,227.7,12.4,-28.902015,-48.597085
CARLA SILVA,2024-09-14 13:43:49,227.9,12.4,-28.907345,-48.603853
CARLA SILVA,2024-09-14 13:46:40,227.7,12.3,-28.91394,-48.612275
CARLA SILVA,2024-09-14 13:47:20,227.0,12.4,-28.915426,-48.614171
CARLA SILVA,2024-09-14 13:49:20,228.4,12.4,-28.920038,-48.620035
CARLA SILVA,2024-09-14 14:39:59,227.8,11.7,-29.03327,-48.766105
CARLA SILVA,2024-09-14 15:23:40,226.5,10.5,-29.128465,-48.88201
CARLA SILVA,2024-09-14 15:30:10,226.0,9.7,-29.141296,-48.896946
CARLA SILVA,2024-09-14 15:33:40,224.6,9.5,-29.14787,-48.904598
CARLA SILVA,2024-09-14 15:35:40,227.3,9.4,-29.151571,-48.908888
CARLA SILVA,2024-09-14 16:15:10,227.5,8.8,-29.218078,-48.992301
CARLA SILVA,2024-09-14 16:21:00,228.2,9.1,-29.227736,-49.004685
CARLA SILVA,2024-09-14 16:23:50,229.2,9.2,-29.232556,-49.010928
CARLA SILVA,2024-09-14 17:08:26,229.5,9.9,-29.313371,-49.114375
CARLA SILVA,2024-09-14 17:09:16,228.4,9.9,-29.31487,-49.11631
CARLA SILVA,2024-09-14 17:10:26,228.2,10.0,-29.317088,-49.119111
CARLA SILVA,2024-09-14 17:11:46,226.6,9.9,-29.319571,-49.122228
CARLA SILVA,2024-09-14 17:12:56,227.8,10.0,-29.32176,-49.124985
CARLA SILVA,2024-09-14 17:14:00,228.0,10.0,-29.32363,-49.127373
CARLA SILVA,2024-09-14 17:15:49,229.6,10.0,-29.326988,-49.131695
CARLA SILVA,2024-09-14 17:16:20,227.9,10.0,-29.327951,-49.132918
CARLA SILVA,2024-09-14 17:17:16,228.4,10.0,-29.329838,-49.135286
CARLA SILVA,2024-09-14 17:19:59,229.6,10.0,-29.334781,-49.141558
CARLA SILVA,2024-09-14 18:04:48,230.4,9.7,-29.416803,-49.2481
CARLA SILVA,2024-09-14 18:07:08,226.4,9.7,-29.420945,-49.253546
CARLA SILVA,2024-09-14 18:46:57,229.6,9.5,-29.489981,-49.347668
CARLA SILVA,2024-09-14 18:50:17,229.9,9.5,-29.49575,-49.355421
CARLA SILVA,2024-09-14 19:00:19,228.9,9.3,-29.512811,-49.378391
CARLA SILVA,2024-09-14 19:41:58,244.4,9.7,-29.57444,-49.482416
CARLA SILVA,2024-09-14 19:48:28,244.3,9.7,-29.582043,-49.500688
CARLA SILVA,2024-09-14 19:51:39,243.8,9.7,-29.585791,-49.50962
CARLA SILVA,2024-09-14 20:05:29,244.0,9.8,-29.601573,-49.548893
CARLA SILVA,2024-09-14 20:07:50,246.7,9.7,-29.604295,-49.55556
CARLA SILVA,2024-09-14 20:36:29,244.9,10.0,-29.637915,-49.63836
CARLA SILVA,2024-09-14 20:41:09,244.6,10.1,-29.6435,-49.651978
CARLA SILVA,2024-09-14 20:43:29,247.7,10.1,-29.646353,-49.658885
CARLA SILVA,2024-09-14 21:11:19,232.3,9.8,-29.691605,-49.730023
CARLA SILVA,2024-09-14 21:13:29,234.1,9.8,-29.695171,-49.735491
CARLA SILVA,2024-09-14 21:16:29,233.5,9.8,-29.700058,-49.743126
CARLA SILVA,2024-09-14 21:27:39,208.2,9.7,-29.724758,-49.761113
CARLA SILVA,2024-09-14 21:50:30,218.4,10.0,-29.774843,-49.804353
CARLA SILVA,2024-09-14 21:55:20,220.5,9.9,-29.785081,-49.81448
CARLA SILVA,2024-09-14 22:16:19,217.6,10.0,-29.830441,-49.856986
CARLA SILVA,2024-09-14 22:19:10,217.8,10.0,-29.83678,-49.862358
CARLA SILVA,2024-09-14 22:22:59,219.0,10.0,-29.845391,-49.869805
CARLA SILVA,2024-09-14 22:26:49,218.1,10.0,-29.853971,-49.877156
CARLA SILVA,2024-09-14 22:28:59,217.4,10.1,-29.858863,-49.881356
CARLA SILVA,2024-09-14 22:49:59,223.6,10.1,-29.904215,-49.925803
CARLA SILVA,2024-09-14 22:54:19,222.1,10.1,-29.913071,-49.935626
CARLA SILVA,2024-09-14 22:58:40,224.1,10.1,-29.921983,-49.945498
CARLA SILVA,2024-09-14 23:01:09,220.6,9.4,-29.926878,-49.95077
CARLA SILVA,2024-09-14 23:18:40,239.9,5.8,-29.948436,-49.985083
CARLA SILVA,2024-09-14 23:21:49,226.3,4.9,-29.951296,-49.989326
CARLA SILVA,2024-09-14 23:31:19,168.9,1.2,-29.957185,-49.99564
CARLA SILVA,2024-09-14 23:34:19,106.0,0.5,-29.957626,-49.995285
CARLA SILVA,2024-09-14 23:36:20,64.8,0.4,-29.9576,-49.994993
CARLA SILVA,2024-09-14 23:39:00,22.6,0.3,-29.957338,-49.994675
CARLA SILVA,2024-09-15 00:03:19,279.4,0.2,-29.955476,-49.993703
CARLA SILVA,2024-09-15 00:11:08,143.7,0.1,-29.955486,-49.993873
CARLA SILVA,2024-09-15 00:14:39,69.7,0.2,-29.955466,-49.993681
CARLA SILVA,2024-09-15 00:14:59,74.4,0.0,-29.955455,-49.993678
CARLA SILVA,2024-09-15 00:39:59,254.9,0.1,-29.95543,-49.993663
CARLA SILVA,2024-09-15 00:43:09,39.7,0.3,-29.955383,-49.993748
CARLA SILVA,2024-09-15 00:43:10,39.7,0.3,-29.955383,-49.993748
CARLA SILVA,2024-09-15 00:43:20,90.5,0.2,-29.955381,-49.993748
CARLA SILVA,2024-09-15 00:43:38,283.3,0.0,-29.955378,-49.993765
CARLA SILVA,2024-09-15 00:43:48,274.0,0.0,-29.955378,-49.99377
CARLA SILVA,2024-09-15 00:44:09,284.4,0.0,-29.955375,-49.993781
CARLA SILVA,2024-09-15 00:44:20,314.5,0.0,-29.955371,-49.993783
CARLA SILVA,2024-09-15 00:45:28,287.3,0.1,-29.955373,-49.993813
CARLA SILVA,2024-09-15 00:45:38,34.6,0.0,-29.955373,-49.993816
CARLA SILVA,2024-09-15 00:45:49,200.3,0.1,-29.955376,-49.993821
CARLA SILVA,2024-09-15 00:46:28,120.6,0.0,-29.955408,-49.993816
CARLA SILVA,2024-09-15 00:46:48,256.5,0.1,-29.955426,-49.993828
CARLA SILVA,2024-09-15 00:46:58,256.9,0.2,-29.955421,-49.993843
CARLA SILVA,2024-09-15 00:50:19,83.3,0.0,-29.955405,-49.993926
CARLA SILVA,2024-09-15 00:50:28,83.5,0.1,-29.955433,-49.993918
CARLA SILVA,2024-09-15 00:52:19,281.6,0.2,-29.95539,-49.9939
CARLA SILVA,2024-09-15 00:52:28,76.1,0.2,-29.955381,-49.993903
CARLA SILVA,2024-09-15 01:15:00,95.0,0.2,-29.955455,-49.993635
CARLA SILVA,2024-09-15 01:21:39,268.8,0.1,-29.955426,-49.993738
CARLA SILVA,2024-09-15 03:18:05,115.4,0.2,-29.955473,-49.993401
CARLA SILVA,2024-09-15 04:06:05,105.4,0.2,-29.955543,-49.993143
CARLA SILVA,2024-09-15 04:24:05,291.3,0.1,-29.955515,-49.993031
CARLA SILVA,2024-09-15 09:39:05,261.8,0.0,-29.955525,-49.99302
CARLA SILVA,2024-09-15 10:15:04,279.8,0.0,-29.955613,-49.993055
CARLA SILVA,2024-09-15 10:21:04,290.5,0.1,-29.955543,-49.992971
CARLA SILVA,2024-09-15 12:03:04,259.2,0.1,-29.95551,-49.993395
CARLA SILVA,2024-09-15 12:24:04,62.7,0.0,-29.955566,-49.993393
CARLA SILVA,2024-09-15 14:33:05,250.8,0.1,-29.955568,-49.993813
CARLA SILVA,2024-09-15 16:57:49,235.1,5.9,-29.995028,-50.012341
CARLA SILVA,2024-09-15 17:06:01,235.1,4.7,-30.002135,-50.024605
CARLA SILVA,2024-09-15 17:24:55,310.5,2.8,-30.009895,-50.043455
CARLA SILVA,2024-09-15 17:25:37,318.0,2.7,-30.009528,-50.043931
CARLA SILVA,2024-09-15 17:27:37,326.4,2.3,-30.008295,-50.044928
CARLA SILVA,2024-09-15 17:28:07,348.9,2.3,-30.007988,-50.045068
CARLA SILVA,2024-09-15 17:28:37,351.1,2.3,-30.007661,-50.045175
CARLA SILVA,2024-09-15 17:29:37,358.1,2.4,-30.006995,-50.045201
CARLA SILVA,2024-09-15 17:29:56,17.8,2.4,-30.006766,-50.045178
CARLA SILVA,2024-09-15 17:30:07,17.7,2.5,-30.006635,-50.045156
CARLA SILVA,2024-09-15 17:30:46,7.0,2.8,-30.006091,-50.045071
CARLA SILVA,2024-09-15 17:30:56,8.5,2.9,-30.00596,-50.045041
CARLA SILVA,2024-09-15 19:00:28,320.9,0.2,-30.02954,-50.078128
CARLA SILVA,2024-09-15 19:01:28,48.6,0.0,-30.029551,-50.078123
CARLA SILVA,2024-09-15 19:02:28,33.4,0.1,-30.029546,-50.078128
CARLA SILVA,2024-09-15 19:40:41,31.4,0.2,-30.029701,-50.078286
CARLA SILVA,2024-09-15 20:10:30,72.4,0.0,-30.029766,-50.078503
CARLA SILVA,2024-09-15 20:13:30,271.5,0.1,-30.029718,-50.07847
CARLA SILVA,2024-09-16 09:14:32,341.0,1.1,-30.02939,-50.079281
CARLA SILVA,2024-09-16 09:17:32,358.0,1.8,-30.028056,-50.079701
CARLA SILVA,2024-09-16 09:19:53,18.2,2.3,-30.026716,-50.079563
CARLA SILVA,2024-09-16 09:49:53,55.3,2.9,-30.016138,-50.077953
CARLA SILVA,2024-09-16 10:00:44,136.4,2.5,-30.018178,-50.070423
CARLA SILVA,2024-09-16 10:06:52,134.4,2.7,-30.021375,-50.066691
CARLA SILVA,2024-09-16 11:13:21,190.2,2.0,-30.043993,-50.04088
CARLA SILVA,2024-09-16 11:14:21,190.0,2.0,-30.044588,-50.040968
CARLA SILVA,2024-09-16 11:15:11,188.1,1.9,-30.045068,-50.04103
CARLA SILVA,2024-09-16 11:16:12,179.0,1.9,-30.045671,-50.041055
CARLA SILVA,2024-09-16 11:17:21,161.9,1.8,-30.046343,-50.040946
CARLA SILVA,2024-09-16 11:18:41,144.3,1.8,-30.047033,-50.040608
CARLA SILVA,2024-09-16 11:19:22,138.5,1.7,-30.047316,-50.040355
CARLA SILVA,2024-09-16 11:19:31,136.6,1.6,-30.047373,-50.040295
CARLA SILVA,2024-09-16 11:41:42,139.6,0.3,-30.04671,-50.031005
CARLA SILVA,2024-09-16 11:44:31,187.5,0.2,-30.046881,-50.030853
CARLA SILVA,2024-09-16 11:50:32,222.0,0.2,-30.047145,-50.030821
CARLA SILVA,2024-09-16 12:01:01,318.4,0.2,-30.047048,-50.031175
CARLA SILVA,2024-09-16 12:01:41,358.8,0.1,-30.047011,-50.031205
CARLA SILVA,2024-09-16 12:01:51,358.1,0.2,-30.047005,-50.031213
CARLA SILVA,2024-09-16 12:02:41,320.6,0.2,-30.046963,-50.031253
CARLA SILVA,2024-09-16 12:51:11,307.4,0.7,-30.041596,-50.035411
CARLA SILVA,2024-09-16 12:52:41,309.1,0.3,-30.041431,-50.03565
CARLA SILVA,2024-09-16 13:26:11,324.0,0.5,-30.037781,-50.039836
CARLA SILVA,2024-09-16 17:04:55,324.5,4.4,-30.021116,-50.043185
CARLA SILVA,2024-09-16 17:39:02,173.8,1.5,-30.025911,-50.082426
CARLA SILVA,2024-09-16 17:42:02,163.8,1.4,-30.027271,-50.082053
CARLA SILVA,2024-09-16 17:43:22,155.7,1.3,-30.027773,-50.081793
CARLA SILVA,2024-09-16 17:44:11,152.4,1.2,-30.028035,-50.081623
CARLA SILVA,2024-09-16 17:44:42,149.6,1.2,-30.028165,-50.081518
CARLA SILVA,2024-09-16 17:45:11,145.1,1.2,-30.028321,-50.081411
CARLA SILVA,2024-09-16 17:45:42,143.1,1.1,-30.028465,-50.081288
CARLA SILVA,2024-09-16 17:49:02,127.9,0.7,-30.029136,-50.080581
CARLA SILVA,2024-09-16 17:51:22,124.2,0.6,-30.029418,-50.080161
CARLA SILVA,2024-09-16 17:51:54,129.3,0.6,-30.029465,-50.08009
CARLA SILVA,2024-09-16 18:41:22,27.4,0.0,-30.030588,-50.079168
CARLA SILVA,2024-09-16 18:46:23,300.9,0.1,-30.030511,-50.079145
CARLA SILVA,2024-09-16 18:46:34,356.7,0.0,-30.030506,-50.079146
CARLA SILVA,2024-09-16 19:14:13,39.3,0.0,-30.03053,-50.079236
CARLA SILVA,2024-09-16 19:17:33,144.9,0.0,-30.03056,-50.079205
CARLA SILVA,2024-09-16 19:32:04,106.5,0.2,-30.030481,-50.079083
CARLA SILVA,2024-09-16 19:37:54,264.7,0.0,-30.030345,-50.078991
CARLA SILVA,2024-09-16 19:56:25,220.6,0.0,-30.03061,-50.079223
CARLA SILVA,2024-09-16 20:19:05,207.0,0.0,-30.030636,-50.079288
CARLA SILVA,2024-09-16 20:29:34,334.3,0.0,-30.03054,-50.079205
CARLA SILVA,2024-09-16 20:31:44,193.9,0.0,-30.030538,-50.079165
CARLA SILVA,2024-09-16 20:52:05,212.8,0.0,-30.030873,-50.079306
CARLA SILVA,2024-09-16 21:00:53,192.1,0.0,-30.030951,-50.079423
CARLA SILVA,2024-09-16 21:03:43,34.7,0.0,-30.030918,-50.079403
CARLA SILVA,2024-09-16 21:23:53,55.9,0.0,-30.03077,-50.079368
CARLA SILVA,2024-09-16 21:40:24,190.9,0.0,-30.030695,-50.079318
CARLA SILVA,2024-09-16 22:04:43,215.6,0.0,-30.03113,-50.079465
CARLA SILVA,2024-09-16 22:08:24,185.0,0.0,-30.031158,-50.07953
CARLA SILVA,2024-09-16 22:16:44,239.4,0.1,-30.031203,-50.079463
CARLA SILVA,2024-09-16 22:41:42,283.2,0.0,-30.031011,-50.079381
CARLA SILVA,2024-09-16 22:44:03,265.7,0.0,-30.031001,-50.079403
CARLA SILVA,2024-09-16 23:04:54,27.0,0.0,-30.030838,-50.079283
CARLA SILVA,2024-09-16 23:20:23,345.5,0.0,-30.030646,-50.079138
CARLA SILVA,2024-09-16 23:24:03,223.1,0.0,-30.030646,-50.079233
CARLA SILVA,2024-09-16 23:55:33,75.2,0.0,-30.030881,-50.079243
CARLA SILVA,2024-09-16 23:59:25,235.0,0.0,-30.030936,-50.07922
CARLA SILVA,2024-09-17 00:07:03,179.5,0.1,-30.031091,-50.079398
CARLA SILVA,2024-09-17 00:24:22,28.4,0.1,-30.030745,-50.07922
CARLA SILVA,2024-09-17 00:25:03,219.4,0.1,-30.030728,-50.079226
CARLA SILVA,2024-09-17 00:25:12,18.5,0.0,-30.030718,-50.079223
CARLA SILVA,2024-09-17 00:26:12,33.8,0.0,-30.030675,-50.079205
CARLA SILVA,2024-09-17 00:26:22,32.6,0.0,-30.030673,-50.079206
CARLA SILVA,2024-09-17 00:27:12,215.4,0.0,-30.03065,-50.079196
CARLA SILVA,2024-09-17 00:27:43,249.0,0.0,-30.030635,-50.079198
CARLA SILVA,2024-09-17 00:30:03,30.8,0.0,-30.030545,-50.079151
CARLA SILVA,2024-09-17 00:30:33,40.5,0.0,-30.030531,-50.079136
CARLA SILVA,2024-09-17 00:30:43,24.4,0.0,-30.030528,-50.079133
CARLA SILVA,2024-09-17 00:31:43,43.2,0.1,-30.03051,-50.079111
CARLA SILVA,2024-09-17 00:42:33,151.4,0.1,-30.030458,-50.079155
CARLA SILVA,2024-09-17 00:59:54,204.5,0.0,-30.03102,-50.079248
CARLA SILVA,2024-09-17 01:07:13,23.8,0.4,-30.03117,-50.079426
CARLA SILVA,2024-09-17 01:08:53,182.5,0.1,-30.031203,-50.079428
CARLA SILVA,2024-09-17 01:14:54,73.9,0.0,-30.031216,-50.079438
CARLA SILVA,2024-09-17 01:22:34,21.9,0.0,-30.030973,-50.079198
CARLA SILVA,2024-09-17 01:34:43,231.6,0.0,-30.030551,-50.079141
CARLA SILVA,2024-09-17 01:42:03,217.8,0.0,-30.030773,-50.079286
CARLA SILVA,2024-09-17 01:47:12,214.1,0.0,-30.030995,-50.079366
CARLA SILVA,2024-09-17 01:56:33,6.5,0.1,-30.031383,-50.079541
CARLA SILVA,2024-09-17 02:16:24,272.6,0.1,-30.031475,-50.07945
CARLA SILVA,2024-09-17 02:20:54,12.1,0.1,-30.031288,-50.079453
CARLA SILVA,2024-09-17 02:25:55,349.0,0.0,-30.031128,-50.079391
CARLA SILVA,2024-09-17 02:31:13,183.4,0.1,-30.031201,-50.079456
CARLA SILVA,2024-09-17 02:48:44,223.9,0.0,-30.03153,-50.079545
CARLA SILVA,2024-09-17 02:51:44,18.5,0.2,-30.031571,-50.079511
CARLA SILVA,2024-09-17 02:54:24,158.6,0.0,-30.031593,-50.079533
CARLA SILVA,2024-09-17 03:00:22,184.8,0.0,-30.03162,-50.079596
CARLA SILVA,2024-09-17 03:20:53,280.3,0.3,-30.031606,-50.079438
CARLA SILVA,2024-09-17 03:26:44,347.0,0.1,-30.031511,-50.079518
CARLA SILVA,2024-09-17 03:32:03,347.0,0.1,-30.031421,-50.079465
CARLA SILVA,2024-09-17 03:41:52,80.4,0.0,-30.031471,-50.079488
CARLA SILVA,2024-09-17 03:56:43,64.2,0.1,-30.031428,-50.079493
CARLA SILVA,2024-09-17 04:06:43,161.9,0.1,-30.031348,-50.07951
CARLA SILVA,2024-09-17 04:11:44,204.5,0.1,-30.031361,-50.079446
CARLA SILVA,2024-09-17 04:31:24,39.7,0.1,-30.031485,-50.0795
CARLA SILVA,2024-09-17 04:35:24,125.3,0.0,-30.03146,-50.079463
CARLA SILVA,2024-09-17 04:37:33,184.1,0.3,-30.031453,-50.07945
CARLA SILVA,2024-09-17 05:05:23,344.1,0.0,-30.031281,-50.07959
CARLA SILVA,2024-09-17 05:08:23,34.9,0.1,-30.031313,-50.079558
CARLA SILVA,2024-09-17 05:10:42,133.2,0.1,-30.031371,-50.079545
CARLA SILVA,2024-09-17 05:44:33,136.5,0.0,-30.031475,-50.079553
CARLA SILVA,2024-09-17 06:20:43,195.3,0.2,-30.031868,-50.079625
CARLA SILVA,2024-09-17 06:47:23,177.5,0.3,-30.032135,-50.079506
CARLA SILVA,2024-09-17 07:16:22,11.1,0.0,-30.031875,-50.079571
CARLA SILVA,2024-09-17 07:20:22,155.7,0.0,-30.031845,-50.07953
CARLA SILVA,2024-09-17 07:23:34,359.2,0.0,-30.031783,-50.079516
CARLA SILVA,2024-09-17 07:40:13,10.9,0.1,-30.03158,-50.079606
CARLA SILVA,2024-09-17 07:43:13,24.5,0.1,-30.03162,-50.07959
CARLA SILVA,2024-09-17 08:14:33,47.9,0.3,-30.031528,-50.079571
CARLA SILVA,2024-09-17 08:20:04,201.0,0.1,-30.03151,-50.079546
CARLA SILVA,2024-09-17 08:47:13,196.2,0.0,-30.031658,-50.079536
CARLA SILVA,2024-09-17 08:54:24,25.9,0.1,-30.03159,-50.07958
CARLA SILVA,2024-09-17 08:58:14,190.1,0.1,-30.031548,-50.079578
CARLA SILVA,2024-09-17 09:02:45,178.2,0.0,-30.031573,-50.079603
CARLA SILVA,2024-09-17 09:05:45,87.6,0.1,-30.031583,-50.079611
CARLA SILVA,2024-09-17 09:20:24,342.0,0.1,-30.031533,-50.079538
CARLA SILVA,2024-09-17 09:22:03,213.6,0.0,-30.03149,-50.079563
CARLA SILVA,2024-09-17 09:56:24,32.8,0.1,-30.031521,-50.079515
CARLA SILVA,2024-09-17 10:01:13,3.9,0.0,-30.031415,-50.07951
CARLA SILVA,2024-09-17 10:29:43,21.9,0.0,-30.031451,-50.079585
CARLA SILVA,2024-09-17 10:33:43,231.4,0.0,-30.031468,-50.079521
CARLA SILVA,2024-09-17 10:38:33,25.9,0.0,-30.031466,-50.079568
CARLA SILVA,2024-09-17 10:51:04,12.8,0.1,-30.031443,-50.079561
CARLA SILVA,2024-09-17 11:13:24,85.0,0.3,-30.031595,-50.079561
CARLA SILVA,2024-09-17 11:47:23,177.4,0.0,-30.031208,-50.07954
CARLA SILVA,2024-09-17 12:20:23,286.1,0.0,-30.030943,-50.07947
CARLA SILVA,2024-09-17 12:26:04,27.7,0.0,-30.030991,-50.079456
CARLA SILVA,2024-09-17 12:27:25,103.4,0.1,-30.03097,-50.079478
CARLA SILVA,2024-09-17 12:35:24,23.3,0.0,-30.031048,-50.079526
CARLA SILVA,2024-09-17 12:38:22,181.5,0.0,-30.031051,-50.079525
CARLA SILVA,2024-09-17 13:18:53,187.1,0.0,-30.03136,-50.07959
CARLA SILVA,2024-09-17 13:25:23,266.2,0.0,-30.031383,-50.079596
CARLA SILVA,2024-09-17 14:04:52,35.5,0.0,-30.03177,-50.07963
CARLA SILVA,2024-09-17 14:10:31,247.2,0.1,-30.031863,-50.079666
CARLA SILVA,2024-09-17 14:19:22,18.6,0.3,-30.031971,-50.079641
CARLA SILVA,2024-09-17 15:01:42,300.1,0.0,-30.032003,-50.079653
CARLA SILVA,2024-09-17 15:08:31,0.1,0.0,-30.032011,-50.079668
CARLA SILVA,2024-09-17 17:46:42,15.8,3.4,-30.019328,-50.068838
CARLA SILVA,2024-09-17 18:12:02,105.6,10.5,-30.020246,-50.027821
CARLA SILVA,2024-09-17 18:19:01,101.4,10.9,-30.0259,-50.004243
CARLA SILVA,2024-09-17 18:46:42,34.7,11.2,-29.99724,-49.92382
CARLA SILVA,2024-09-17 18:57:01,33.1,11.6,-29.969736,-49.902495
CARLA SILVA,2024-09-17 19:22:21,32.1,11.6,-29.900891,-49.849601
CARLA SILVA,2024-09-17 19:32:42,34.1,11.6,-29.872971,-49.828196
CARLA SILVA,2024-09-17 19:52:12,16.8,11.4,-29.819263,-49.79052
CARLA SILVA,2024-09-17 20:03:43,18.5,11.9,-29.783505,-49.776903
CARLA SILVA,2024-09-17 20:22:51,39.4,12.3,-29.728803,-49.739221
CARLA SILVA,2024-09-17 20:33:32,41.6,12.4,-29.700345,-49.711956
CARLA SILVA,2024-09-17 20:41:22,40.2,12.4,-29.679558,-49.691673
CARLA SILVA,2024-09-17 21:03:12,35.1,12.2,-29.621568,-49.637661
CARLA SILVA,2024-09-17 21:12:12,35.3,12.3,-29.5964,-49.617376
CARLA SILVA,2024-09-17 21:58:01,36.8,12.3,-29.469758,-49.51073
CARLA SILVA,2024-09-17 22:04:11,37.2,12.4,-29.452865,-49.496028
CARLA SILVA,2024-09-17 22:07:41,35.5,12.4,-29.443185,-49.487686
CARLA SILVA,2024-09-17 22:24:21,35.5,12.4,-29.396,-49.449503
CARLA SILVA,2024-09-17 22:54:51,34.1,12.5,-29.308866,-49.381791
CARLA SILVA,2024-09-17 23:22:42,31.5,12.1,-29.229123,-49.320673
CARLA SILVA,2024-09-17 23:29:23,32.7,12.1,-29.210328,-49.306433
CARLA SILVA,2024-09-18 00:14:11,34.7,12.1,-29.08366,-49.211148
CARLA SILVA,2024-09-18 00:18:11,36.2,12.0,-29.072625,-49.20238
CARLA SILVA,2024-09-18 00:22:21,33.9,12.0,-29.061096,-49.193273
CARLA SILVA,2024-09-18 00:39:21,35.3,12.2,-29.013965,-49.155766
CARLA SILVA,2024-09-18 00:47:52,42.5,12.2,-28.991761,-49.134623
CARLA SILVA,2024-09-18 00:58:01,47.6,12.1,-28.967716,-49.106553
CARLA SILVA,2024-09-18 01:09:22,47.8,12.2,-28.941866,-49.074095
CARLA SILVA,2024-09-18 01:17:32,49.8,12.2,-28.923591,-49.0502
CARLA SILVA,2024-09-18 01:20:01,49.4,12.1,-28.91809,-49.042971
CARLA SILVA,2024-09-18 01:25:41,51.1,12.0,-28.905645,-49.026416
CARLA SILVA,2024-09-18 01:28:21,49.5,12.0,-28.899828,-49.01875
CARLA SILVA,2024-09-18 01:49:22,50.7,11.9,-28.855191,-48.95664
CARLA SILVA,2024-09-18 01:52:51,51.0,11.8,-28.847988,-48.946461
CARLA SILVA,2024-09-18 02:27:21,46.2,12.3,-28.77168,-48.848213
CARLA SILVA,2024-09-18 02:29:20,46.4,12.4,-28.767058,-48.842513
CARLA SILVA,2024-09-18 02:29:32,47.3,12.2,-28.766646,-48.841993
CARLA SILVA,2024-09-18 02:30:00,46.7,12.3,-28.765556,-48.840648
CARLA SILVA,2024-09-18 02:34:41,48.2,12.4,-28.7547,-48.827265
CARLA SILVA,2024-09-18 02:37:10,46.7,12.2,-28.748815,-48.820106
CARLA SILVA,2024-09-18 02:57:51,45.8,12.2,-28.700921,-48.760918
CARLA SILVA,2024-09-18 03:01:00,47.8,12.2,-28.693751,-48.751766
CARLA SILVA,2024-09-18 03:35:21,47.9,11.8,-28.617498,-48.655196
CARLA SILVA,2024-09-18 03:40:01,49.1,11.8,-28.607156,-48.642323
CARLA SILVA,2024-09-18 04:11:53,46.2,11.7,-28.536233,-48.555735
CARLA SILVA,2024-09-18 05:43:22,18.9,11.9,-28.259068,-48.416723
CARLA SILVA,2024-09-18 05:50:22,18.2,12.0,-28.237201,-48.407178
CARLA SILVA,2024-09-18 05:52:42,18.6,12.0,-28.229978,-48.403976
CARLA SILVA,2024-09-18 06:22:02,20.6,12.0,-28.138941,-48.362645
CARLA SILVA,2024-09-18 07:47:11,13.5,12.2,-27.864671,-48.277335
CARLA SILVA,2024-09-18 07:53:22,11.2,12.2,-27.84395,-48.272833
CARLA SILVA,2024-09-18 08:57:20,13.4,12.4,-27.627233,-48.227126
CARLA SILVA,2024-09-18 08:59:31,13.0,12.4,-27.619833,-48.225495
CARLA SILVA,2024-09-18 09:05:00,10.2,12.4,-27.601195,-48.221201
CARLA SILVA,2024-09-18 09:33:22,12.3,12.6,-27.504553,-48.198585
CARLA SILVA,2024-09-18 10:10:11,14.2,12.9,-27.376661,-48.16752
CARLA SILVA,2024-09-18 10:41:51,331.8,12.8,-27.268521,-48.184946
CARLA SILVA,2024-09-18 10:45:20,332.2,12.8,-27.25749,-48.191328
CARLA SILVA,2024-09-18 11:45:41,331.4,12.7,-27.06658,-48.304941
CARLA SILVA,2024-09-18 12:21:42,337.3,13.1,-26.948096,-48.365268
CARLA SILVA,2024-09-18 12:56:40,349.3,12.9,-26.823763,-48.399465
CARLA SILVA,2024-09-18 12:57:01,348.3,12.9,-26.822568,-48.39973
CARLA SILVA,2024-09-18 13:10:22,355.4,12.7,-26.775366,-48.406508
CARLA SILVA,2024-09-18 13:14:32,354.8,12.7,-26.760583,-48.408041
CARLA SILVA,2024-09-18 13:56:40,29.3,12.0,-26.627178,-48.362836
CARLA SILVA,2024-09-18 14:00:21,35.1,12.2,-26.61678,-48.355201
CARLA SILVA,2024-09-18 14:29:41,12.6,12.9,-26.527668,-48.30446
CARLA SILVA,2024-09-18 15:00:53,9.7,13.0,-26.415825,-48.28243
CARLA SILVA,2024-09-18 16:38:07,25.7,12.4,-26.11503,-48.111253
CARLA SILVA,2024-09-18 16:42:51,5.9,12.6,-26.09882,-48.108983
CARLA SILVA,2024-09-18 16:50:32,6.8,13.0,-26.07139,-48.105526
CARLA SILVA,2024-09-18 17:53:02,39.1,12.7,-25.891796,-47.973908
CARLA SILVA,2024-09-18 18:17:02,34.7,13.0,-25.824551,-47.914778
CARLA SILVA,2024-09-18 18:20:41,36.1,12.9,-25.814198,-47.90571
CARLA SILVA,2024-09-18 18:51:01,36.6,13.0,-25.72881,-47.830481
CARLA SILVA,2024-09-18 18:59:02,37.2,13.0,-25.705671,-47.810926
CARLA SILVA,2024-09-18 19:24:41,51.7,12.8,-25.64144,-47.739555
CARLA SILVA,2024-09-18 19:33:40,49.9,12.7,-25.621571,-47.711721
CARLA SILVA,2024-09-18 20:08:20,52.0,12.2,-25.546598,-47.607258
CARLA SILVA,2024-09-18 21:03:31,51.0,12.4,-25.427173,-47.443458
CARLA SILVA,2024-09-18 21:10:51,50.8,12.5,-25.411041,-47.421738
CARLA SILVA,2024-09-18 21:23:03,49.7,12.4,-25.384288,-47.38564
CARLA SILVA,2024-09-18 21:57:52,48.6,12.4,-25.306993,-47.283256
CARLA SILVA,2024-09-18 22:01:11,49.8,12.4,-25.299481,-47.273508
CARLA SILVA,2024-09-18 22:04:11,49.8,12.4,-25.292693,-47.26477
CARLA SILVA,2024-09-18 22:48:52,50.4,12.8,-25.190286,-47.133631
CARLA SILVA,2024-09-18 22:52:02,50.4,12.8,-25.182993,-47.124155
CARLA SILVA,2024-09-18 23:18:21,50.3,12.6,-25.122886,-47.045348
CARLA SILVA,2024-09-18 23:44:22,48.8,12.5,-25.064373,-46.968365
CARLA SILVA,2024-09-18 23:46:21,51.2,12.5,-25.059891,-46.962373
CARLA SILVA,2024-09-18 23:57:40,50.1,12.5,-25.03413,-46.929291
CARLA SILVA,2024-09-19 00:21:02,47.6,12.6,-24.98034,-46.861465
CARLA SILVA,2024-09-19 00:26:21,46.7,12.5,-24.968041,-46.846155
CARLA SILVA,2024-09-19 00:59:01,51.5,12.3,-24.894061,-46.751316
CARLA SILVA,2024-09-19 01:02:20,55.0,12.2,-24.887108,-46.741456
CARLA SILVA,2024-09-19 01:07:30,56.7,12.3,-24.877215,-46.725318
CARLA SILVA,2024-09-19 01:26:52,57.0,12.3,-24.842828,-46.66279
CARLA SILVA,2024-09-19 01:35:02,59.5,12.3,-24.82838,-46.63636
CARLA SILVA,2024-09-19 01:41:03,59.4,12.4,-24.817761,-46.61699
CARLA SILVA,2024-09-19 02:00:42,61.9,12.3,-24.784678,-46.552096
CARLA SILVA,2024-09-19 02:05:42,61.7,12.3,-24.776416,-46.535595
CARLA SILVA,2024-09-19 02:39:51,61.4,12.1,-24.720283,-46.423491
CARLA SILVA,2024-09-19 03:05:41,60.3,11.9,-24.678376,-46.339961
CARLA SILVA,2024-09-19 03:09:12,57.6,11.9,-24.67273,-46.328716
CARLA SILVA,2024-09-19 03:41:11,61.8,12.1,-24.621668,-46.226311
CARLA SILVA,2024-09-19 04:20:52,60.7,12.2,-24.554216,-46.100943
CARLA SILVA,2024-09-19 04:23:11,59.8,12.2,-24.55041,-46.093365
CARLA SILVA,2024-09-19 05:13:02,61.0,12.0,-24.471266,-45.932301
CARLA SILVA,2024-09-19 05:15:52,62.8,12.1,-24.466803,-45.923128
CARLA SILVA,2024-09-19 05:20:02,61.1,12.0,-24.460263,-45.909543
CARLA SILVA,2024-09-19 05:22:11,61.0,12.0,-24.45687,-45.902613
CARLA SILVA,2024-09-19 06:02:42,64.5,11.7,-24.395916,-45.772335
CARLA SILVA,2024-09-19 06:53:41,61.5,11.4,-24.319186,-45.61288
CARLA SILVA,2024-09-19 06:58:31,59.6,11.5,-24.311135,-45.59844
CARLA SILVA,2024-09-19 07:03:01,59.0,11.4,-24.30357,-45.58514
CARLA SILVA,2024-09-19 08:05:42,60.9,11.7,-24.195483,-45.398946
CARLA SILVA,2024-09-19 08:41:32,64.8,11.6,-24.141655,-45.287016
CARLA SILVA,2024-09-19 08:43:22,65.0,11.6,-24.13908,-45.281195
CARLA SILVA,2024-09-19 09:12:03,63.6,11.3,-24.099773,-45.193796
CARLA SILVA,2024-09-19 09:45:02,56.8,11.4,-24.049628,-45.092813
CARLA SILVA,2024-09-19 09:48:22,61.5,11.4,-24.044263,-45.082761
CARLA SILVA,2024-09-19 12:00:48,40.2,12.6,-23.792428,-44.684008
CARLA SILVA,2024-09-19 12:09:06,40.8,12.5,-23.770345,-44.663281
CARLA SILVA,2024-09-19 12:14:17,39.5,12.5,-23.756561,-44.65032
CARLA SILVA,2024-09-19 12:17:17,42.8,12.5,-23.748613,-44.642851
CARLA SILVA,2024-09-19 12:19:18,43.7,12.4,-23.743353,-44.637838
CARLA SILVA,2024-09-19 12:35:56,43.3,12.5,-23.699118,-44.596261
CARLA SILVA,2024-09-19 12:36:07,42.6,12.5,-23.698638,-44.595803
CARLA SILVA,2024-09-19 12:36:17,41.2,12.6,-23.698193,-44.59539
CARLA SILVA,2024-09-19 12:36:38,41.0,12.5,-23.697306,-44.594563
CARLA SILVA,2024-09-19 12:37:56,38.6,12.4,-23.693778,-44.591363
CARLA SILVA,2024-09-19 12:38:38,37.9,12.4,-23.691956,-44.589691
CARLA SILVA,2024-09-19 12:38:56,39.6,12.4,-23.691128,-44.58892
CARLA SILVA,2024-09-19 12:57:17,39.0,12.3,-23.642775,-44.54437
CARLA SILVA,2024-09-19 13:59:47,2.2,12.0,-23.472105,-44.418731
CARLA SILVA,2024-09-19 14:08:18,1.6,10.5,-23.445136,-44.417833
CARLA SILVA,2024-09-19 15:46:07,357.7,10.1,-23.17133,-44.416935
CARLA SILVA,2024-09-19 19:05:02,267.6,0.0,-23.133056,-44.43459
CARLA SILVA,2024-09-20 00:41:02,73.0,0.0,-23.13277,-44.433095
CARLA SILVA,2024-09-20 00:59:02,92.5,0.1,-23.132898,-44.433078
CARLA SILVA,2024-09-20 05:53:02,57.1,0.0,-23.132898,-44.434023
CARLA SILVA,2024-09-20 06:05:02,229.7,0.0,-23.132846,-44.434073
CARLA SILVA,2024-09-20 08:17:02,284.7,0.0,-23.133128,-44.434761
CARLA SILVA,2024-09-20 09:35:02,260.1,0.0,-23.132771,-44.433815
CARLA SILVA,2024-09-21 03:23:02,295.6,0.2,-23.132718,-44.433158
CARLA SILVA,2024-09-21 23:53:02,58.7,0.0,-23.133503,-44.435133
CARLA SILVA,2024-09-22 01:59:02,58.5,0.0,-23.133911,-44.435451
CARLA SILVA,2024-09-22 04:05:02,53.8,0.0,-23.133868,-44.435423
CARLA SILVA,2024-09-22 06:53:02,254.4,0.0,-23.133098,-44.434428
CARLA SILVA,2024-09-22 10:11:02,237.1,0.0,-23.1331,-44.43463
CARLA SILVA,2024-09-22 16:07:59,74.0,0.0,-23.132911,-44.43451
CARLA SILVA,2024-09-22 18:56:02,243.2,0.0,-23.133016,-44.434558
CARLA SILVA,2024-09-23 00:53:02,229.6,0.1,-23.133676,-44.435235
CARLA SILVA,2024-09-23 10:44:02,21.2,0.0,-23.133318,-44.434945
CARLA SILVA,2024-09-23 12:53:01,53.7,0.0,-23.133053,-44.434603
CARLA SILVA,2024-09-23 15:10:02,78.2,0.0,-23.13299,-44.434621
CARLA SILVA,2024-09-23 15:49:02,131.1,0.0,-23.13297,-44.434643
CARLA SILVA,2024-09-23 16:24:57,52.3,0.0,-23.133071,-44.4347
CARLA SILVA,2024-09-23 16:58:02,71.7,0.0,-23.13297,-44.434558
CARLA SILVA,2024-09-23 17:55:00,67.1,0.0,-23.132933,-44.434558
CARLA SILVA,2024-09-23 19:34:02,11.6,0.0,-23.132963,-44.434418
CARLA SILVA,2024-09-23 19:37:02,292.1,0.0,-23.132951,-44.434471
CARLA SILVA,2024-09-23 19:55:02,39.9,0.0,-23.132983,-44.434453
CARLA SILVA,2024-09-24 01:13:02,302.8,0.0,-23.133361,-44.434868
CARLA SILVA,2024-09-24 01:46:02,14.4,0.0,-23.133358,-44.434888
CARLA SILVA,2024-09-24 05:31:02,68.3,0.0,-23.13306,-44.434651
CARLA SILVA,2024-09-24 07:40:02,95.6,0.0,-23.132968,-44.434418
CARLA SILVA,2024-09-24 08:19:01,161.7,0.0,-23.13296,-44.43443
CARLA SILVA,2024-09-24 18:15:59,113.6,0.0,-23.132796,-44.43388
CARLA SILVA,2024-09-24 22:58:02,97.7,0.0,-23.133215,-44.432618
CARLA SILVA,2024-09-25 00:04:01,342.5,0.2,-23.13415,-44.431718
CARLA SILVA,2024-09-25 00:40:02,278.5,0.1,-23.133078,-44.432551
CARLA SILVA,2024-09-25 01:43:01,304.4,0.0,-23.133171,-44.432598
CARLA SILVA,2024-09-25 04:58:01,258.2,0.1,-23.133411,-44.432353
CARLA SILVA,2024-09-25 06:22:02,215.2,0.1,-23.135343,-44.43163
CARLA SILVA,2024-09-25 06:40:02,73.4,0.0,-23.135506,-44.431745
CARLA SILVA,2024-09-25 06:43:02,159.6,0.0,-23.135501,-44.431705
CARLA SILVA,2024-09-25 16:13:02,259.7,0.0,-23.132765,-44.4332
CARLA SILVA,2024-09-25 17:40:02,264.8,0.0,-23.132781,-44.434098
CARLA SILVA,2024-09-25 18:25:00,213.1,0.0,-23.133228,-44.434761
CARLA SILVA,2024-09-25 18:28:02,219.5,0.0,-23.133253,-44.434768
CARLA SILVA,2024-09-26 00:13:02,205.7,0.1,-23.134186,-44.435521
CARLA SILVA,2024-09-26 01:22:01,40.4,0.0,-23.134913,-44.435666
CARLA SILVA,2024-09-26 05:46:02,308.6,0.0,-23.136233,-44.43484
CARLA SILVA,2024-09-26 09:43:01,20.2,0.0,-23.134953,-44.43526
CARLA SILVA,2024-09-26 12:22:02,294.8,0.0,-23.13279,-44.432735
CARLA SILVA,2024-09-26 22:19:02,211.7,0.0,-23.133905,-44.435103
CARLA SILVA,2024-09-27 01:34:01,4.0,0.0,-23.1346,-44.435351
CARLA SILVA,2024-09-27 02:37:02,180.3,0.0,-23.13539,-44.43511
CARLA SILVA,2024-09-27 04:13:01,9.6,0.1,-23.134845,-44.435228
CARLA SILVA,2024-09-27 05:52:02,187.8,0.0,-23.13274,-44.432581
CARLA SILVA,2024-09-27 06:25:02,152.9,0.0,-23.132753,-44.432576
CARLA SILVA,2024-09-27 07:46:02,242.2,0.0,-23.132721,-44.433305
CARLA SILVA,2024-09-27 15:19:02,214.9,0.0,-23.133131,-44.43417
CARLA SILVA,2024-09-27 20:46:02,70.6,0.0,-23.132816,-44.433583
CARLA SILVA,2024-09-27 21:07:01,288.9,0.0,-23.132728,-44.433078
CARLA SILVA,2024-09-28 00:34:02,232.0,0.0,-23.133303,-44.4338
CARLA SILVA,2024-09-28 10:22:02,94.2,0.0,-23.132846,-44.433956
CARLA SILVA,2024-09-28 14:55:02,67.8,0.0,-23.132866,-44.434161
CARLA SILVA,2024-09-28 17:40:00,316.8,0.1,-23.132836,-44.434188
CARLA SILVA,2024-09-28 20:10:02,62.7,0.0,-23.132986,-44.43439
CARLA SILVA,2024-09-28 20:19:01,64.3,0.1,-23.133113,-44.434723
CARLA SILVA,2024-09-28 22:04:01,219.1,0.1,-23.13309,-44.434436
CARLA SILVA,2024-09-28 23:07:02,49.3,0.0,-23.132893,-44.434186
CARLA SILVA,2024-09-29 00:07:01,74.1,0.2,-23.132911,-44.433893
CARLA SILVA,2024-09-29 05:04:02,283.6,0.0,-23.132811,-44.433848
CARLA SILVA,2024-09-29 05:10:02,228.9,0.0,-23.132798,-44.433856
CARLA SILVA,2024-09-29 06:10:02,270.6,0.0,-23.132851,-44.433843
CARLA SILVA,2024-09-29 07:34:02,271.6,0.0,-23.132818,-44.433865
CARLA SILVA,2024-09-29 08:25:02,261.3,0.0,-23.132738,-44.43388
CARLA SILVA,2024-09-29 08:28:02,108.2,0.0,-23.132748,-44.433878
CARLA SILVA,2024-09-29 12:19:01,75.4,0.0,-23.132698,-44.43333
CARLA SILVA,2024-09-29 13:58:01,78.1,0.0,-23.132718,-44.433165
CARLA SILVA,2024-09-29 15:34:01,94.6,0.0,-23.132731,-44.433648
CARLA SILVA,2024-09-29 16:19:01,106.5,0.1,-23.132783,-44.433955
CARLA SILVA,2024-09-29 16:19:02,106.5,0.1,-23.132783,-44.433955
CARLA SILVA,2024-09-29 17:55:01,55.6,0.0,-23.132796,-44.433985
CARLA SILVA,2024-09-29 20:19:02,14.4,0.0,-23.132833,-44.433898
CARLA SILVA,2024-09-29 23:58:01,309.7,0.0,-23.132955,-44.433238
CARLA SILVA,2024-09-30 03:01:02,119.2,0.0,-23.13284,-44.432758
CARLA SILVA,2024-09-30 04:49:02,104.5,0.2,-23.133253,-44.432196
CARLA SILVA,2024-09-30 05:46:02,111.8,0.0,-23.133023,-44.432535
CARLA SILVA,2024-09-30 06:34:02,312.9,0.1,-23.133103,-44.432576
CARLA SILVA,2024-09-30 16:31:00,114.8,0.2,-23.132941,-44.432155
CARLA SILVA,2024-09-30 17:04:02,125.6,0.0,-23.133138,-44.431988
CARLA SILVA,2024-09-30 21:04:02,99.4,0.0,-23.132788,-44.433126
CARLA SILVA,2024-09-30 23:01:02,306.3,0.0,-23.132853,-44.432833
CARLA SILVA,2024-10-01 02:07:02,277.8,0.0,-23.132788,-44.432731
CARLA SILVA,2024-10-01 04:16:02,140.9,0.0,-23.132941,-44.432333
CARLA SILVA,2024-10-01 05:28:02,130.4,0.0,-23.133183,-44.431831
CARLA SILVA,2024-10-01 06:31:01,178.8,0.2,-23.133616,-44.431456
CARLA SILVA,2024-10-01 08:58:02,118.8,0.1,-23.133203,-44.432006
CARLA SILVA,2024-10-01 14:13:02,279.9,0.0,-23.132913,-44.43238
CARLA SILVA,2024-10-01 16:55:01,196.6,0.0,-23.133366,-44.431763
CARLA SILVA,2024-10-01 20:37:01,115.2,0.0,-23.133256,-44.431843
CARLA SILVA,2024-10-01 21:13:01,74.7,0.0,-23.133315,-44.431985
CARLA SILVA,2024-10-02 00:49:01,304.0,0.1,-23.133218,-44.43222
CARLA SILVA,2024-10-02 02:43:02,314.2,0.0,-23.132886,-44.432503
CARLA SILVA,2024-10-02 04:55:02,285.3,0.0,-23.132951,-44.432585
CARLA SILVA,2024-10-02 05:34:02,134.0,0.0,-23.133168,-44.432353
CARLA SILVA,2024-10-02 06:19:02,141.2,0.1,-23.133555,-44.431903
CARLA SILVA,2024-10-02 08:01:02,188.5,0.0,-23.135285,-44.431588
CARLA SILVA,2024-10-02 08:49:01,10.6,0.0,-23.136863,-44.432456
CARLA SILVA,2024-10-02 11:31:02,327.4,0.1,-23.134435,-44.431471
CARLA SILVA,2024-10-02 11:52:01,326.1,0.1,-23.133523,-44.432091
CARLA SILVA,2024-10-02 13:16:02,132.3,0.3,-23.135213,-44.431415
CARLA SILVA,2024-10-02 13:49:02,328.1,0.0,-23.132991,-44.432411
CARLA SILVA,2024-10-02 14:58:02,243.1,0.0,-23.132975,-44.432621
CARLA SILVA,2024-10-02 15:04:02,87.6,0.0,-23.132985,-44.432566
CARLA SILVA,2024-10-02 16:07:02,137.9,0.0,-23.133005,-44.432636
CARLA SILVA,2024-10-02 17:55:02,94.1,0.0,-23.133181,-44.432648
CARLA SILVA,2024-10-02 18:28:02,290.7,0.0,-23.133156,-44.432736
CARLA SILVA,2024-10-02 20:55:01,150.6,0.0,-23.133256,-44.432771
CARLA SILVA,2024-10-03 08:49:02,311.3,0.0,-23.134636,-44.430616
CARLA SILVA,2024-10-03 11:25:01,309.1,0.0,-23.133378,-44.431466
CARLA SILVA,2024-10-03 12:34:01,287.6,0.0,-23.133173,-44.431745
CARLA SILVA,2024-10-03 13:10:01,63.3,0.0,-23.133178,-44.432068
CARLA SILVA,2024-10-03 17:16:00,208.2,0.0,-23.133098,-44.432198
CARLA SILVA,2024-10-03 18:37:01,267.1,0.0,-23.133141,-44.432391
CARLA SILVA,2024-10-03 22:13:02,25.6,0.0,-23.133248,-44.433103
CARLA SILVA,2024-10-03 23:58:00,76.6,0.0,-23.133116,-44.432296
CARLA SILVA,2024-10-04 00:43:02,130.1,0.0,-23.133188,-44.431988
CARLA SILVA,2024-10-04 01:52:02,301.6,0.0,-23.13314,-44.431698
CARLA SILVA,2024-10-04 02:28:02,256.6,0.0,-23.1331,-44.431943
CARLA SILVA,2024-10-04 07:52:01,280.9,0.0,-23.133076,-44.432075
CARLA SILVA,2024-10-04 12:25:02,258.5,0.0,-23.133511,-44.433283
CARLA SILVA,2024-10-04 13:04:02,85.6,0.0,-23.133516,-44.433785
CARLA SILVA,2024-10-04 13:49:02,53.8,0.1,-23.133461,-44.433648
CARLA SILVA,2024-10-04 17:40:01,99.9,0.0,-23.133215,-44.433271
CARLA SILVA,2024-10-04 17:49:01,236.5,0.0,-23.133213,-44.43306
CARLA SILVA,2024-10-04 18:49:02,253.6,0.0,-23.13325,-44.433371
CARLA SILVA,2024-10-04 18:58:02,176.3,0.0,-23.133278,-44.433451
CARLA SILVA,2024-10-04 21:04:01,278.9,0.0,-23.133246,-44.433573
CARLA SILVA,2024-10-04 21:37:02,32.6,0.0,-23.133311,-44.433438
CARLA SILVA,2024-10-05 00:52:02,218.7,0.0,-23.133305,-44.4334
CARLA SILVA,2024-10-05 02:40:02,84.3,0.0,-23.133226,-44.433348
CARLA SILVA,2024-10-05 05:28:01,153.3,0.0,-23.133213,-44.43345
CARLA SILVA,2024-10-06 16:28:02,342.5,0.1,-23.136278,-44.43505
CARLA SILVA,2024-10-07 10:04:02,126.0,0.1,-23.137391,-44.433688
CARLA SILVA,2024-10-07 12:34:01,288.9,0.2,-23.137603,-44.433403
CARLA SILVA,2024-10-07 21:07:02,173.2,0.2,-23.135713,-44.435071
CARLA SILVA,2024-10-07 21:40:04,174.6,0.0,-23.135935,-44.434931
CARLA SILVA,2024-10-08 00:46:01,332.5,0.0,-23.136493,-44.434751
CARLA SILVA,2024-10-08 01:55:02,339.2,0.1,-23.136735,-44.434768
CARLA SILVA,2024-10-08 01:58:02,346.9,0.1,-23.136766,-44.43474
CARLA SILVA,2024-10-08 03:40:02,137.8,0.2,-23.137023,-44.434415
CARLA SILVA,2024-10-08 11:46:01,275.2,0.1,-23.137618,-44.43301
CARLA SILVA,2024-10-08 15:55:01,237.7,0.0,-23.137301,-44.431726
CARLA SILVA,2024-10-08 16:43:02,213.3,0.0,-23.137223,-44.432111
CARLA SILVA,2024-10-08 17:10:01,65.4,0.0,-23.137211,-44.432033
CARLA SILVA,2024-10-08 21:58:02,325.7,0.1,-23.134705,-44.43141
CARLA SILVA,2024-10-08 22:34:01,147.5,0.0,-23.134385,-44.431496
CARLA SILVA,2024-10-09 11:28:01,346.6,0.0,-23.134636,-44.43108
CARLA SILVA,2024-10-11 01:23:41,305.6,0.1,-23.134585,-44.43506
CARLA SILVA,2024-10-11 12:49:16,26.5,0.1,-23.133551,-44.433916
CARLA SILVA,2024-10-12 11:44:57,178.5,11.4,-23.323231,-44.428216
CARLA SILVA,2024-10-12 23:23:02,235.7,12.8,-24.664785,-46.333711
CARLA SILVA,2024-10-13 00:56:22,240.8,12.7,-24.837141,-46.645056
CARLA SILVA,2024-10-13 00:57:22,242.8,12.7,-24.83883,-46.648545
CARLA SILVA,2024-10-13 00:58:12,243.9,12.7,-24.840185,-46.651353
CARLA SILVA,2024-10-13 00:59:43,242.8,12.7,-24.842703,-46.656548
CARLA SILVA,2024-10-13 00:59:53,242.6,12.7,-24.842986,-46.657131
CARLA SILVA,2024-10-13 01:00:12,242.0,12.7,-24.843515,-46.658225
CARLA SILVA,2024-10-13 01:01:32,242.7,12.6,-24.845758,-46.662791
CARLA SILVA,2024-10-13 01:01:43,240.6,12.7,-24.846048,-46.663406
CARLA SILVA,2024-10-13 01:03:33,242.8,12.7,-24.849065,-46.669633
CARLA SILVA,2024-10-13 06:29:52,218.8,11.8,-25.50367,-47.641981
CARLA SILVA,2024-10-15 12:23:30,335.9,0.0,-26.204746,-48.387348
CARLA SILVA,2024-10-15 17:08:41,114.4,0.1,-26.205816,-48.38502
CARLA SILVA,2024-10-17 00:51:45,6.9,0.0,-26.203405,-48.38769
CARLA SILVA,2024-10-17 00:54:45,110.1,0.0,-26.203358,-48.387653
CARLA SILVA,2024-10-17 01:45:44,343.0,0.0,-26.203268,-48.38759
CARLA SILVA,2024-10-17 07:27:45,310.4,0.0,-26.20578,-48.38635
CARLA SILVA,2024-10-17 12:27:45,127.1,0.0,-26.202953,-48.387391
CARLA SILVA,2024-10-17 12:48:45,37.1,0.0,-26.202901,-48.387363
CARLA SILVA,2024-10-17 14:00:45,99.6,0.0,-26.202543,-48.387053
CARLA SILVA,2024-10-17 14:39:44,145.8,0.1,-26.202183,-48.386785
CARLA SILVA,2024-10-18 01:36:45,2.5,0.0,-26.203473,-48.387708
CARLA SILVA,2024-10-18 06:30:44,339.1,0.1,-26.205505,-48.386911
CARLA SILVA,2024-10-18 07:09:44,113.8,0.0,-26.206131,-48.385103
CARLA SILVA,2024-10-18 11:12:45,348.5,0.0,-26.204105,-48.386431
CARLA SILVA,2024-10-18 11:48:45,40.8,0.0,-26.20307,-48.386393
CARLA SILVA,2024-10-18 12:33:45,176.4,0.0,-26.203665,-48.386741
CARLA SILVA,2024-10-18 15:21:45,201.4,0.0,-26.202945,-48.386686
CARLA SILVA,2024-10-18 19:30:45,147.3,0.0,-26.205575,-48.386293
CARLA SILVA,2024-10-18 20:48:45,147.2,0.2,-26.20614,-48.38524
CARLA SILVA,2024-10-18 21:18:45,315.5,0.4,-26.205911,-48.38551
CARLA SILVA,2024-10-18 22:27:45,244.6,0.1,-26.205131,-48.386896
CARLA SILVA,2024-10-19 01:33:44,190.1,0.0,-26.204413,-48.38725
CARLA SILVA,2024-10-19 07:51:45,321.3,0.4,-26.205481,-48.386665
CARLA SILVA,2024-10-19 09:21:14,170.1,4.0,-26.206215,-48.378305
CARLA SILVA,2024-10-19 09:23:15,180.4,4.2,-26.208561,-48.378095
CARLA SILVA,2024-10-19 09:25:33,191.2,4.8,-26.21141,-48.378925
CARLA SILVA,2024-10-19 09:33:23,183.0,5.2,-26.222578,-48.381511
CARLA SILVA,2024-10-19 09:42:24,177.9,4.5,-26.234665,-48.382445
CARLA SILVA,2024-10-19 10:05:33,279.4,1.8,-26.251665,-48.388943
CARLA SILVA,2024-10-19 10:16:34,17.1,0.9,-26.248873,-48.391571
CARLA SILVA,2024-10-19 11:00:35,231.7,2.9,-26.245825,-48.400306
CARLA SILVA,2024-10-19 11:04:03,241.0,2.7,-26.247361,-48.402826
CARLA SILVA,2024-10-19 11:20:55,232.7,2.0,-26.25301,-48.412858
CARLA SILVA,2024-10-19 11:24:25,273.7,2.9,-26.254133,-48.41542
CARLA SILVA,2024-10-19 12:02:44,2.4,0.3,-26.236296,-48.426061
CARLA SILVA,2024-10-19 12:04:44,349.8,0.4,-26.236005,-48.426126
CARLA SILVA,2024-10-19 12:04:53,349.1,0.6,-26.235986,-48.426128
CARLA SILVA,2024-10-19 12:05:34,338.8,0.3,-26.235876,-48.426143
CARLA SILVA,2024-10-19 12:06:34,7.4,0.5,-26.235695,-48.426128
CARLA SILVA,2024-10-19 12:07:43,5.1,1.2,-26.235453,-48.426063
CARLA SILVA,2024-10-19 12:38:13,58.9,0.3,-26.230286,-48.42229
CARLA SILVA,2024-10-19 12:43:35,110.7,0.3,-26.230273,-48.42171
CARLA SILVA,2024-10-19 12:48:04,150.9,0.2,-26.230518,-48.421461
CARLA SILVA,2024-10-20 02:07:05,3.4,0.5,-26.225641,-48.425543
CARLA SILVA,2024-10-20 02:12:24,197.4,1.7,-26.226643,-48.425768
CARLA SILVA,2024-10-20 02:13:25,191.1,2.0,-26.227206,-48.425898
CARLA SILVA,2024-10-20 02:17:03,174.9,3.1,-26.22989,-48.42626
CARLA SILVA,2024-10-20 02:20:15,180.9,3.5,-26.232983,-48.426101
CARLA SILVA,2024-10-20 04:00:24,74.4,11.0,-26.198486,-48.252948
CARLA SILVA,2024-10-20 04:02:35,76.1,11.0,-26.196835,-48.245733
CARLA SILVA,2024-10-20 05:07:24,38.5,11.8,-26.055208,-48.080463
CARLA SILVA,2024-10-20 05:47:53,41.2,11.6,-25.9582,-47.97986
CARLA SILVA,2024-10-20 06:12:15,45.2,11.6,-25.900341,-47.919726
CARLA SILVA,2024-10-20 06:19:34,43.4,11.7,-25.883548,-47.900998
CARLA SILVA,2024-10-20 07:36:23,47.9,12.0,-25.7077,-47.696916
CARLA SILVA,2024-10-20 08:29:24,44.4,12.0,-25.58813,-47.551141
CARLA SILVA,2024-10-20 08:39:24,46.6,12.0,-25.564966,-47.524311
CARLA SILVA,2024-10-20 09:13:44,55.1,12.2,-25.482073,-47.434608
CARLA SILVA,2024-10-20 09:17:04,50.3,12.1,-25.475161,-47.424805
CARLA SILVA,2024-10-20 10:07:35,52.1,12.3,-25.365781,-47.276438
CARLA SILVA,2024-10-20 10:10:15,50.0,12.3,-25.360018,-47.26869
CARLA SILVA,2024-10-20 10:13:44,53.0,12.3,-25.352748,-47.258191
CARLA SILVA,2024-10-20 10:58:34,43.7,11.9,-25.257881,-47.125153
CARLA SILVA,2024-10-20 11:02:43,43.8,11.9,-25.247635,-47.114833
CARLA SILVA,2024-10-20 11:32:44,54.4,12.0,-25.186003,-47.027688
CARLA SILVA,2024-10-20 11:38:22,54.1,12.1,-25.174916,-47.010588
CARLA SILVA,2024-10-20 11:47:54,55.0,12.0,-25.1564,-46.981891
CARLA SILVA,2024-10-20 11:52:24,54.2,11.9,-25.147795,-46.968171
CARLA SILVA,2024-10-20 11:53:24,53.8,12.0,-25.145855,-46.965078
CARLA SILVA,2024-10-20 11:54:24,54.0,12.0,-25.143941,-46.962136
CARLA SILVA,2024-10-20 11:54:55,54.1,12.0,-25.142935,-46.960558
CARLA SILVA,2024-10-20 11:56:23,54.8,11.9,-25.140106,-46.956148
CARLA SILVA,2024-10-20 12:13:34,51.8,12.1,-25.105658,-46.905113
CARLA SILVA,2024-10-20 12:45:44,49.6,12.1,-25.037671,-46.812931
CARLA SILVA,2024-10-20 12:52:04,48.9,12.1,-25.023821,-46.795046
CARLA SILVA,2024-10-20 12:55:24,49.8,12.1,-25.016526,-46.785603
CARLA SILVA,2024-10-20 13:24:35,49.7,12.1,-24.951661,-46.703193
CARLA SILVA,2024-10-20 13:57:35,53.7,12.1,-24.882261,-46.607061
CARLA SILVA,2024-10-20 14:29:35,50.5,12.2,-24.816488,-46.51227
CARLA SILVA,2024-10-20 15:02:13,51.0,12.3,-24.748415,-46.415533
CARLA SILVA,2024-10-20 15:41:05,52.2,12.4,-24.66574,-46.298163
CARLA SILVA,2024-10-20 17:57:14,63.0,12.4,-24.425158,-45.86167
CARLA SILVA,2024-10-20 18:29:43,64.2,12.4,-24.377215,-45.74976
CARLA SILVA,2024-10-20 18:30:22,65.7,12.4,-24.376241,-45.747466
CARLA SILVA,2024-10-20 18:32:02,65.0,12.4,-24.373815,-45.741735
CARLA SILVA,2024-10-20 18:46:34,64.3,12.2,-24.352618,-45.692343
CARLA SILVA,2024-10-20 19:57:54,65.6,12.4,-24.248153,-45.450223
CARLA SILVA,2024-10-20 20:32:24,0.8,12.0,-24.16594,-45.391471
CARLA SILVA,2024-10-20 21:36:04,322.6,10.3,-24.012021,-45.45742
CARLA SILVA,2024-10-20 22:16:55,352.4,5.8,-23.920561,-45.497416
CARLA SILVA,2024-10-20 22:19:14,352.8,5.5,-23.916888,-45.497915
CARLA SILVA,2024-10-20 22:46:55,358.2,0.5,-23.89118,-45.504518
CARLA SILVA,2024-10-20 22:51:45,26.9,0.5,-23.89106,-45.504276
CARLA SILVA,2024-10-21 01:45:10,128.2,0.1,-23.892671,-45.503236
CARLA SILVA,2024-10-21 02:00:11,359.8,0.2,-23.892631,-45.503306
CARLA SILVA,2024-10-21 13:44:10,282.4,0.0,-23.762501,-45.364488
CARLA SILVA,2024-10-21 17:11:37,267.0,0.0,-23.762535,-45.36432
CARLA SILVA,2024-10-23 12:14:13,226.7,10.7,-23.849071,-45.42718
CARLA SILVA,2024-10-23 12:36:52,227.7,9.3,-23.89001,-45.4739
CARLA SILVA,2024-10-23 12:41:43,225.9,10.3,-23.899205,-45.484475
CARLA SILVA,2024-10-23 12:50:10,205.6,10.0,-23.91718,-45.50382
CARLA SILVA,2024-10-23 12:51:33,180.4,9.4,-23.92096,-45.504693
CARLA SILVA,2024-10-23 12:52:33,171.5,9.6,-23.923623,-45.504256
CARLA SILVA,2024-10-23 12:52:41,171.8,9.7,-23.924018,-45.504201
CARLA SILVA,2024-10-23 12:57:12,172.3,10.6,-23.936803,-45.502423
CARLA SILVA,2024-10-23 12:57:32,172.0,10.7,-23.93778,-45.502266
CARLA SILVA,2024-10-23 12:58:12,172.0,10.8,-23.939786,-45.50199
CARLA SILVA,2024-10-23 13:16:51,137.5,12.0,-23.993311,-45.478623
CARLA SILVA,2024-10-23 14:25:12,89.6,12.3,-24.059493,-45.257805
CARLA SILVA,2024-10-23 14:27:13,90.0,12.3,-24.05959,-45.250306
CARLA SILVA,2024-10-23 14:53:31,48.2,12.1,-24.04029,-45.161303
CARLA SILVA,2024-10-23 14:57:52,48.1,12.3,-24.030308,-45.149363
CARLA SILVA,2024-10-23 15:02:12,46.9,12.3,-24.020303,-45.13727
CARLA SILVA,2024-10-23 16:22:13,45.2,12.3,-23.835761,-44.917823
CARLA SILVA,2024-10-23 16:53:52,45.7,12.2,-23.76016,-44.833716
CARLA SILVA,2024-10-23 17:06:02,46.6,12.2,-23.731013,-44.801593
CARLA SILVA,2024-10-23 18:01:02,45.8,12.4,-23.598096,-44.654583
CARLA SILVA,2024-10-23 18:03:24,45.8,12.4,-23.592418,-44.648273
CARLA SILVA,2024-10-23 18:08:54,44.9,12.5,-23.579003,-44.633365
CARLA SILVA,2024-10-23 18:40:23,45.3,12.6,-23.501491,-44.548045
CARLA SILVA,2024-10-23 19:13:32,45.0,12.7,-23.418461,-44.457575
CARLA SILVA,2024-10-23 19:48:52,6.4,11.3,-23.313111,-44.410883
CARLA SILVA,2024-10-23 19:51:12,5.6,11.1,-23.305855,-44.410106
CARLA SILVA,2024-10-23 20:20:54,3.5,5.1,-23.236415,-44.415128
CARLA SILVA,2024-10-23 20:26:44,357.7,5.9,-23.227395,-44.415181
CARLA SILVA,2024-10-23 20:29:24,358.4,6.2,-23.222848,-44.415168
CARLA SILVA,2024-10-23 20:53:52,6.2,7.0,-23.177223,-44.408491
CARLA SILVA,2024-10-23 20:59:13,4.9,6.2,-23.167276,-44.407635
CARLA SILVA,2024-10-23 21:32:03,3.6,3.3,-23.126733,-44.404743
CARLA SILVA,2024-10-23 21:34:13,24.1,2.7,-23.124863,-44.40427
CARLA SILVA,2024-10-23 21:36:53,53.3,2.0,-23.123306,-44.40302
CARLA SILVA,2024-10-23 22:12:22,11.3,0.2,-23.121108,-44.39871
CARLA SILVA,2024-10-23 22:13:03,28.5,0.2,-23.121061,-44.398691
CARLA SILVA,2024-10-23 22:13:32,17.7,0.3,-23.121021,-44.398678
CARLA SILVA,2024-10-23 22:16:44,81.1,0.0,-23.12089,-44.398593
CARLA SILVA,2024-10-23 22:18:53,160.4,0.1,-23.120911,-44.398558
CARLA SILVA,2024-10-23 22:22:13,189.2,0.1,-23.121058,-44.398566
CARLA SILVA,2024-10-23 23:13:23,103.7,0.0,-23.121518,-44.398108
CARLA SILVA,2024-10-23 23:58:32,136.7,0.0,-23.121705,-44.397983
CARLA SILVA,2024-10-24 01:49:32,335.9,0.0,-23.122346,-44.397115
CARLA SILVA,2024-10-24 19:28:31,5.3,0.0,-23.125323,-44.39718
CARLA SILVA,2024-10-24 23:01:31,244.0,0.0,-23.126383,-44.397456
CARLA SILVA,2024-10-25 05:49:32,204.9,0.0,-23.12565,-44.396386
CARLA SILVA,2024-10-25 07:46:32,0.8,0.1,-23.123433,-44.396123
CARLA SILVA,2024-10-25 10:49:32,131.9,0.0,-23.122588,-44.396941
CARLA SILVA,2024-10-25 11:01:33,156.1,0.0,-23.122995,-44.396781
CARLA SILVA,2024-10-25 12:01:32,248.9,0.0,-23.125405,-44.397801
CARLA SILVA,2024-10-25 13:37:31,29.6,0.0,-23.122526,-44.400313
CARLA SILVA,2024-10-25 21:22:21,170.5,0.2,-23.125443,-44.398751
CARLA SILVA,2024-10-25 21:57:00,95.2,7.4,-23.123736,-44.379361
CARLA SILVA,2024-10-25 22:01:12,74.9,8.0,-23.122911,-44.369646
CARLA SILVA,2024-10-25 22:05:12,65.9,8.5,-23.119441,-44.36037
CARLA SILVA,2024-10-25 22:07:20,66.4,8.8,-23.117363,-44.35519
CARLA SILVA,2024-10-25 22:50:33,53.0,4.6,-23.071218,-44.242175
CARLA SILVA,2024-10-25 22:59:21,53.1,1.9,-23.066806,-44.235895
CARLA SILVA,2024-10-25 23:42:42,33.6,0.0,-23.06151,-44.229308
CARLA SILVA,2024-10-25 23:44:32,350.2,0.0,-23.061511,-44.229371
CARLA SILVA,2024-10-25 23:47:33,2.5,0.0,-23.061526,-44.22931
CARLA SILVA,2024-10-25 23:56:50,172.0,0.0,-23.061568,-44.229235
CARLA SILVA,2024-10-26 00:11:45,74.9,0.0,-23.061586,-44.229288
CARLA SILVA,2024-10-26 00:12:45,21.0,0.0,-23.061591,-44.229205
CARLA SILVA,2024-10-26 00:14:25,147.2,0.0,-23.061588,-44.229185
CARLA SILVA,2024-10-26 05:05:40,163.9,0.0,-23.06147,-44.229295
CARLA SILVA,2024-10-26 11:26:41,277.4,0.0,-23.061496,-44.229288
CARLA SILVA,2024-10-27 05:43:40,231.9,4.0,-23.067073,-44.233458
CARLA SILVA,2024-10-27 05:47:40,242.4,5.9,-23.070008,-44.238803
CARLA SILVA,2024-10-27 05:50:19,236.6,6.8,-23.072308,-44.243235
CARLA SILVA,2024-10-27 06:16:39,244.2,10.4,-23.099493,-44.312766
CARLA SILVA,2024-10-27 06:34:18,250.6,7.4,-23.118263,-44.357971
CARLA SILVA,2024-10-27 06:36:49,280.2,6.7,-23.118418,-44.363286
CARLA SILVA,2024-10-27 06:39:59,279.8,6.1,-23.117231,-44.36932
CARLA SILVA,2024-10-27 07:29:39,172.8,1.3,-23.124443,-44.415496
CARLA SILVA,2024-10-27 07:57:12,125.9,0.0,-23.124165,-44.413516
CARLA SILVA,2024-10-27 08:03:12,112.9,0.2,-23.124201,-44.413225
CARLA SILVA,2024-10-27 10:36:12,290.3,0.1,-23.124208,-44.41337
CARLA SILVA,2024-10-27 13:30:12,298.7,0.0,-23.124021,-44.413586
CARLA SILVA,2024-10-27 16:30:13,138.6,0.0,-23.123768,-44.414138
CARLA SILVA,2024-10-27 17:00:13,330.6,0.0,-23.123786,-44.414176
CARLA SILVA,2024-10-27 17:03:13,72.3,0.0,-23.123775,-44.414195
CARLA SILVA,2024-10-27 18:18:13,260.8,0.0,-23.123813,-44.414491
CARLA SILVA,2024-10-27 20:30:13,70.3,0.0,-23.123718,-44.41512
CARLA SILVA,2024-10-27 20:54:13,305.0,0.1,-23.123698,-44.41501
CARLA SILVA,2024-10-27 23:54:12,272.2,0.1,-23.123868,-44.415266
CARLA SILVA,2024-10-28 01:09:13,208.9,0.0,-23.123901,-44.415066
CARLA SILVA,2024-10-28 02:09:13,255.9,0.0,-23.123825,-44.415948
CARLA SILVA,2024-10-28 04:09:13,225.6,0.3,-23.123701,-44.416066
CARLA SILVA,2024-10-28 04:42:12,81.4,0.0,-23.123663,-44.415941
CARLA SILVA,2024-10-28 06:27:13,263.0,0.1,-23.123616,-44.415938
CARLA SILVA,2024-10-28 07:27:13,39.8,0.1,-23.123626,-44.416123
CARLA SILVA,2024-10-28 07:39:13,88.4,0.0,-23.123685,-44.416126
CARLA SILVA,2024-10-28 08:18:13,69.1,0.2,-23.123576,-44.416103
CARLA SILVA,2024-10-28 09:03:13,244.2,0.1,-23.12364,-44.416156
CARLA SILVA,2024-10-28 10:15:13,220.9,0.2,-23.123565,-44.415951
CARLA SILVA,2024-10-28 10:36:13,40.1,0.1,-23.123531,-44.415876
CARLA SILVA,2024-10-28 11:24:12,85.1,0.0,-23.123616,-44.416421
CARLA SILVA,2024-10-28 14:51:13,20.7,0.1,-23.123766,-44.416741
CARLA SILVA,2024-10-28 15:27:12,231.1,0.0,-23.123785,-44.416705
CARLA SILVA,2024-10-28 19:21:12,285.1,0.1,-23.12389,-44.414253
CARLA SILVA,2024-10-28 23:18:12,108.6,0.1,-23.123725,-44.414698
CARLA SILVA,2024-10-28 23:42:12,126.9,0.0,-23.123798,-44.414796
CARLA SILVA,2024-10-29 05:36:13,235.7,0.1,-23.124271,-44.417145
CARLA SILVA,2024-10-29 06:24:12,76.1,0.2,-23.124213,-44.41699
CARLA SILVA,2024-10-29 08:30:13,76.5,0.0,-23.123616,-44.41543
CARLA SILVA,2024-10-29 09:45:13,253.0,0.0,-23.123631,-44.41548
CARLA SILVA,2024-10-29 11:15:13,79.5,0.0,-23.123663,-44.416231
CARLA SILVA,2024-10-29 11:51:13,86.0,0.0,-23.12367,-44.41633
CARLA SILVA,2024-10-29 11:54:12,32.9,0.1,-23.123655,-44.416321
CARLA SILVA,2024-10-29 12:09:12,251.3,0.1,-23.123905,-44.416288
CARLA SILVA,2024-10-29 14:30:13,181.2,0.0,-23.124298,-44.417118
CARLA SILVA,2024-10-29 20:42:13,175.6,0.2,-23.126593,-44.417465
CARLA SILVA,2024-10-30 02:39:12,286.0,0.0,-23.123935,-44.415626
CARLA SILVA,2024-10-30 05:21:13,223.3,0.1,-23.124331,-44.416928
CARLA SILVA,2024-10-30 07:06:12,31.4,0.0,-23.124155,-44.416835
CARLA SILVA,2024-10-30 08:30:13,123.7,0.1,-23.124018,-44.414531
CARLA SILVA,2024-10-30 08:45:13,302.8,0.1,-23.124218,-44.414295
CARLA SILVA,2024-10-30 10:33:13,152.7,0.2,-23.124846,-44.413898
CARLA SILVA,2024-10-30 14:00:12,76.3,0.0,-23.123775,-44.414905
CARLA SILVA,2024-10-30 15:12:13,103.4,0.0,-23.123766,-44.415145
CARLA SILVA,2024-10-30 15:18:13,284.5,0.1,-23.123713,-44.415156
CARLA SILVA,2024-10-30 15:45:12,289.0,0.0,-23.123723,-44.415213
CARLA SILVA,2024-10-30 16:12:11,224.6,0.0,-23.123725,-44.415476
CARLA SILVA,2024-10-30 16:15:11,191.4,0.0,-23.123728,-44.415515
CARLA SILVA,2024-10-30 17:00:13,289.8,0.1,-23.123728,-44.41611
CARLA SILVA,2024-10-30 17:51:12,118.5,0.0,-23.123903,-44.416038
CARLA SILVA,2024-10-30 18:45:13,63.5,0.0,-23.123866,-44.41604
CARLA SILVA,2024-10-31 01:00:13,166.1,0.1,-23.127236,-44.416311
CARLA SILVA,2024-10-31 01:09:13,176.9,0.0,-23.127211,-44.416396
CARLA SILVA,2024-10-31 01:36:12,346.9,0.0,-23.127128,-44.416741
CARLA SILVA,2024-10-31 08:51:12,130.7,0.0,-23.127091,-44.41361
CARLA SILVA,2024-10-31 11:12:13,146.9,0.0,-23.124776,-44.41338
CARLA SILVA,2024-10-31 11:39:13,117.8,0.0,-23.124511,-44.413605
CARLA SILVA,2024-10-31 13:00:13,34.4,0.0,-23.124083,-44.41427
CARLA SILVA,2024-10-31 16:30:11,286.9,0.0,-23.123875,-44.414211
CARLA SILVA,2024-10-31 17:03:13,170.1,0.0,-23.12393,-44.41442
CARLA SILVA,2024-11-01 00:39:31,74.2,8.4,-23.083491,-44.262865
CARLA SILVA,2024-11-01 00:44:51,50.3,6.6,-23.077431,-44.253001
CARLA SILVA,2024-11-01 02:28:56,21.0,0.0,-23.061533,-44.229303
CARLA SILVA,2024-11-02 12:48:58,39.7,0.0,-23.061471,-44.22931
CARLA SILVA,2024-11-03 15:48:58,39.9,0.0,-23.061518,-44.229338
CARLA SILVA,2024-11-03 20:54:06,260.6,10.4,-23.08409,-44.266101
CARLA SILVA,2024-11-03 21:42:57,249.6,6.4,-23.129913,-44.383576
CARLA SILVA,2024-11-04 00:10:48,42.5,0.0,-23.129225,-44.413575
CARLA SILVA,2024-11-04 06:28:48,190.2,0.0,-23.12837,-44.413246
CARLA SILVA,2024-11-04 08:10:49,188.5,0.0,-23.128631,-44.413258
CARLA SILVA,2024-11-04 08:43:49,43.4,0.0,-23.128785,-44.413305
CARLA SILVA,2024-11-04 09:55:49,252.1,0.0,-23.129421,-44.413781
CARLA SILVA,2024-11-04 11:04:49,229.1,0.0,-23.12928,-44.41389
CARLA SILVA,2024-11-04 14:43:49,40.3,0.0,-23.128433,-44.41329
CARLA SILVA,2024-11-04 16:31:48,348.5,0.0,-23.127711,-44.413208
CARLA SILVA,2024-11-04 17:28:46,148.6,0.1,-23.127281,-44.413203
CARLA SILVA,2024-11-04 19:04:48,166.2,0.0,-23.129248,-44.413731
CARLA SILVA,2024-11-04 23:40:48,253.8,0.0,-23.129853,-44.414608
CARLA SILVA,2024-11-05 00:07:48,69.3,0.0,-23.129921,-44.414335
CARLA SILVA,2024-11-05 11:28:49,286.7,0.0,-23.130058,-44.415566
CARLA SILVA,2024-11-05 13:55:48,46.8,0.0,-23.12881,-44.413585
CARLA SILVA,2024-11-05 19:46:49,29.3,0.0,-23.128776,-44.41326
CARLA SILVA,2024-11-05 23:13:49,46.5,0.0,-23.129876,-44.414618
CARLA SILVA,2024-11-05 23:16:49,45.5,0.0,-23.129876,-44.414543
CARLA SILVA,2024-11-05 23:43:48,255.5,0.0,-23.12985,-44.41444
CARLA SILVA,2024-11-06 00:55:48,62.9,0.0,-23.129863,-44.414478
CARLA SILVA,2024-11-06 01:55:49,85.3,0.0,-23.129941,-44.414331
CARLA SILVA,2024-11-06 03:40:49,229.8,0.0,-23.129471,-44.413915
CARLA SILVA,2024-11-06 04:31:48,46.5,0.0,-23.129311,-44.413795
CARLA SILVA,2024-11-06 05:01:49,4.8,0.0,-23.12827,-44.413216
CARLA SILVA,2024-11-06 06:28:48,286.6,0.0,-23.127491,-44.413365
CARLA SILVA,2024-11-06 06:52:48,172.6,0.0,-23.127623,-44.413213
CARLA SILVA,2024-11-06 07:01:48,154.8,0.0,-23.127751,-44.413146
CARLA SILVA,2024-11-06 10:16:48,25.9,0.0,-23.12817,-44.413268
CARLA SILVA,2024-11-06 15:07:49,290.8,0.0,-23.125915,-44.41464
CARLA SILVA,2024-11-06 20:31:49,157.0,0.0,-23.126303,-44.4138
CARLA SILVA,2024-11-07 01:07:48,112.7,0.1,-23.126388,-44.41374
CARLA SILVA,2024-11-07 01:07:49,112.7,0.1,-23.126388,-44.41374
CARLA SILVA,2024-11-07 08:01:49,159.5,0.0,-23.126591,-44.413445
CARLA SILVA,2024-11-07 09:13:48,26.4,0.0,-23.126781,-44.413371
CARLA SILVA,2024-11-07 18:40:49,94.1,0.0,-23.125828,-44.414993
CARLA SILVA,2024-11-07 23:25:49,167.2,0.0,-23.127721,-44.413191
CARLA SILVA,2024-11-08 00:55:48,21.0,0.1,-23.127061,-44.413235
CARLA SILVA,2024-11-08 01:13:49,332.2,0.0,-23.126998,-44.413346
CARLA SILVA,2024-11-08 02:25:49,3.6,0.1,-23.128148,-44.413088
CARLA SILVA,2024-11-08 04:16:49,64.4,0.0,-23.129293,-44.414045
CARLA SILVA,2024-11-08 09:01:48,160.4,0.0,-23.127865,-44.413145
CARLA SILVA,2024-11-08 11:34:48,340.2,0.0,-23.126555,-44.413931
CARLA SILVA,2024-11-08 11:55:49,163.5,0.0,-23.126548,-44.414085
CARLA SILVA,2024-11-08 16:49:49,254.6,0.0,-23.125326,-44.415683
CARLA SILVA,2024-11-08 16:55:46,250.8,0.0,-23.125348,-44.4157
CARLA SILVA,2024-11-08 20:16:49,245.9,0.0,-23.125501,-44.415103
CARLA SILVA,2024-11-08 22:31:49,102.8,0.0,-23.125588,-44.415373
CARLA SILVA,2024-11-08 22:34:49,259.1,0.0,-23.125638,-44.415413
CARLA SILVA,2024-11-09 00:13:48,117.5,0.0,-23.125865,-44.414266
CARLA SILVA,2024-11-09 00:34:48,147.8,0.0,-23.12636,-44.413668
CARLA SILVA,2024-11-09 00:40:48,167.6,0.1,-23.126478,-44.413606
CARLA SILVA,2024-11-09 05:37:49,177.7,0.0,-23.12719,-44.413185
CARLA SILVA,2024-11-09 06:07:49,339.9,0.0,-23.127413,-44.413001
CARLA SILVA,2024-11-09 07:16:48,186.4,0.1,-23.127153,-44.413105
CARLA SILVA,2024-11-09 11:19:48,181.5,0.0,-23.125733,-44.413651
CARLA SILVA,2024-11-09 11:34:49,152.7,0.0,-23.125716,-44.413666
CARLA SILVA,2024-11-09 12:19:48,252.7,0.0,-23.125638,-44.41377
CARLA SILVA,2024-11-09 19:13:49,266.9,0.1,-23.12395,-44.414795
CARLA SILVA,2024-11-09 20:58:49,287.3,0.1,-23.123911,-44.414506
CARLA SILVA,2024-11-10 01:19:48,82.2,0.1,-23.12384,-44.415213
CARLA SILVA,2024-11-10 08:13:49,132.4,0.2,-23.123868,-44.414165
CARLA SILVA,2024-11-10 08:46:49,98.9,0.0,-23.123831,-44.414136
CARLA SILVA,2024-11-10 09:58:49,300.9,0.1,-23.123846,-44.414321
CARLA SILVA,2024-11-10 14:34:49,253.4,0.0,-23.123668,-44.416078
CARLA SILVA,2024-11-10 16:31:48,264.5,0.1,-23.123616,-44.415841
CARLA SILVA,2024-11-10 17:19:47,281.8,0.0,-23.123588,-44.415923
CARLA SILVA,2024-11-10 17:19:49,281.8,0.0,-23.123588,-44.415923
CARLA SILVA,2024-11-10 23:31:48,295.8,0.1,-23.123613,-44.415263
CARLA SILVA,2024-11-11 01:13:48,40.5,0.3,-23.124608,-44.417155
CARLA SILVA,2024-11-11 03:43:49,160.9,0.0,-23.124115,-44.416565
CARLA SILVA,2024-11-11 06:25:49,159.5,0.0,-23.12693,-44.416483
CARLA SILVA,2024-11-11 12:28:48,106.6,0.1,-23.123588,-44.415265
CARLA SILVA,2024-11-11 12:55:48,18.1,0.0,-23.123635,-44.415541
CARLA SILVA,2024-11-11 13:34:49,241.5,0.0,-23.123626,-44.415946
CARLA SILVA,2024-11-11 22:55:49,248.4,0.0,-23.123655,-44.416128
CARLA SILVA,2024-11-12 00:07:48,232.3,0.1,-23.12372,-44.415923
CARLA SILVA,2024-11-12 00:10:48,44.4,0.0,-23.123691,-44.415993
CARLA SILVA,2024-11-12 00:13:48,72.4,0.0,-23.123751,-44.41602
CARLA SILVA,2024-11-12 01:58:48,66.3,0.1,-23.124388,-44.417035
CARLA SILVA,2024-11-12 07:10:47,73.9,0.0,-23.127621,-44.414496
CARLA SILVA,2024-11-12 11:22:49,73.3,0.0,-23.123861,-44.41636
CARLA SILVA,2024-11-12 13:07:49,73.6,0.0,-23.123768,-44.41606
CARLA SILVA,2024-11-12 13:10:49,66.6,0.0,-23.123753,-44.416028
CARLA SILVA,2024-11-12 21:25:49,66.1,0.0,-23.123651,-44.416108
CARLA SILVA,2024-11-13 05:31:48,191.1,0.0,-23.124798,-44.413336
CARLA SILVA,2024-11-13 05:46:48,141.9,0.0,-23.124511,-44.41359
CARLA SILVA,2024-11-13 06:10:49,152.0,0.0,-23.124701,-44.413405
CARLA SILVA,2024-11-13 07:31:49,181.6,0.0,-23.123783,-44.414211
CARLA SILVA,2024-11-13 11:37:49,103.3,0.0,-23.123638,-44.414361
CARLA SILVA,2024-11-13 12:13:48,102.1,0.0,-23.12363,-44.414415
CARLA SILVA,2024-11-13 12:46:49,97.6,0.0,-23.122933,-44.414195
CARLA SILVA,2024-11-13 14:25:49,22.6,0.4,-23.123826,-44.415191
CARLA SILVA,2024-11-13 18:43:49,160.3,0.0,-23.123758,-44.416065
CARLA SILVA,2024-11-13 19:52:48,51.4,0.1,-23.123863,-44.41627
CARLA SILVA,2024-11-13 20:31:49,265.2,0.0,-23.123885,-44.416275
CARLA SILVA,2024-11-13 22:10:48,90.2,0.0,-23.123825,-44.416135
CARLA SILVA,2024-11-13 23:07:48,89.7,0.0,-23.123875,-44.415915
CARLA SILVA,2024-11-13 23:43:48,54.7,0.0,-23.123843,-44.416106
CARLA SILVA,2024-11-14 02:52:49,296.0,0.0,-23.123883,-44.416236
CARLA SILVA,2024-11-14 03:01:49,261.2,0.0,-23.123911,-44.41629
CARLA SILVA,2024-11-14 04:10:48,215.8,0.0,-23.123971,-44.416421
CARLA SILVA,2024-11-14 05:13:48,80.4,0.0,-23.123881,-44.41639
CARLA SILVA,2024-11-14 09:22:48,65.1,0.0,-23.123838,-44.416285
CARLA SILVA,2024-11-14 10:04:48,123.6,0.0,-23.123818,-44.41617
CARLA SILVA,2024-11-14 11:22:48,216.6,0.0,-23.12375,-44.415901
CARLA SILVA,2024-11-14 13:10:48,205.2,0.0,-23.123908,-44.416775
CARLA SILVA,2024-11-14 21:13:49,274.1,0.0,-23.124425,-44.417278
CARLA SILVA,2024-11-14 22:58:48,48.0,0.0,-23.124298,-44.416743
CARLA SILVA,2024-11-15 02:04:48,195.1,0.0,-23.124625,-44.41754
CARLA SILVA,2024-11-15 03:01:49,78.4,0.0,-23.124453,-44.417435
CARLA SILVA,2024-11-15 05:19:48,226.4,0.0,-23.12471,-44.417631
CARLA SILVA,2024-11-15 21:22:49,325.9,0.1,-23.128773,-44.41683
CARLA SILVA,2024-11-15 22:55:48,158.9,0.0,-23.128613,-44.416811
CARLA SILVA,2024-11-16 01:10:48,323.6,0.0,-23.12811,-44.417108
CARLA SILVA,2024-11-16 02:13:49,172.5,0.1,-23.127603,-44.417251
CARLA SILVA,2024-11-16 03:10:49,192.5,0.0,-23.127296,-44.417351
CARLA SILVA,2024-11-16 04:22:49,6.5,0.1,-23.127551,-44.417271
CARLA SILVA,2024-11-16 06:37:49,177.0,0.0,-23.128745,-44.416301
CARLA SILVA,2024-11-16 07:13:49,136.1,0.0,-23.128751,-44.416263
CARLA SILVA,2024-11-16 12:07:49,24.9,0.0,-23.125708,-44.417095
CARLA SILVA,2024-11-16 20:52:49,339.6,0.0,-23.127541,-44.41715
CARLA SILVA,2024-11-17 02:46:49,272.1,0.0,-23.127708,-44.415388
CARLA SILVA,2024-11-17 05:40:49,261.2,0.0,-23.128063,-44.41572
CARLA SILVA,2024-11-17 05:43:49,271.1,0.0,-23.128073,-44.415778
CARLA SILVA,2024-11-17 11:34:49,304.6,0.0,-23.128031,-44.41594
CARLA SILVA,2024-11-17 12:13:49,294.6,0.0,-23.127915,-44.41606
CARLA SILVA,2024-11-17 12:49:48,300.4,0.0,-23.127698,-44.416746
CARLA SILVA,2024-11-17 12:52:49,300.5,0.0,-23.127663,-44.416776
CARLA SILVA,2024-11-17 13:46:49,183.6,0.0,-23.126958,-44.417625
CARLA SILVA,2024-11-17 14:43:49,348.4,0.0,-23.125855,-44.417696
CARLA SILVA,2024-11-17 17:34:47,15.2,0.2,-23.124991,-44.417586
CARLA SILVA,2024-11-17 20:28:48,330.3,0.0,-23.128293,-44.41634
CARLA SILVA,2024-11-18 01:19:49,254.6,0.0,-23.128343,-44.415115
CARLA SILVA,2024-11-18 05:07:49,207.3,0.0,-23.127316,-44.41377
CARLA SILVA,2024-11-18 11:49:49,282.0,0.0,-23.128371,-44.415825
CARLA SILVA,2024-11-18 13:43:49,265.2,0.0,-23.127913,-44.41635
CARLA SILVA,2024-11-18 14:34:49,335.5,0.0,-23.126888,-44.417263
CARLA SILVA,2024-11-18 16:10:46,73.3,0.0,-23.124403,-44.416285
CARLA SILVA,2024-11-18 17:01:49,104.3,0.0,-23.124233,-44.415236
CARLA SILVA,2024-11-18 18:49:49,132.3,0.1,-23.12583,-44.413585
CARLA SILVA,2024-11-18 19:25:49,264.1,0.0,-23.126308,-44.413478
CARLA SILVA,2024-11-18 20:04:49,227.9,0.0,-23.126496,-44.413766
CARLA SILVA,2024-11-18 20:40:49,10.2,0.0,-23.126051,-44.41372
CARLA SILVA,2024-11-18 21:16:49,161.8,0.1,-23.125938,-44.41366
CARLA SILVA,2024-11-18 21:52:49,175.3,0.0,-23.126,-44.413626
CARLA SILVA,2024-11-19 02:40:49,139.0,0.0,-23.128006,-44.416295
CARLA SILVA,2024-11-19 10:52:49,87.8,0.0,-23.124363,-44.41528
CARLA SILVA,2024-11-19 12:31:48,280.9,0.0,-23.124328,-44.415396
CARLA SILVA,2024-11-19 17:51:57,143.7,0.0,-23.124535,-44.414518
CARLA SILVA,2024-11-19 18:30:57,313.8,0.0,-23.124638,-44.414213
CARLA SILVA,2024-11-19 18:48:57,335.6,0.0,-23.124661,-44.41419
CARLA SILVA,2024-11-19 20:51:56,288.8,0.0,-23.124345,-44.414798
CARLA SILVA,2024-11-19 22:00:57,334.2,0.0,-23.124226,-44.415416
CARLA SILVA,2024-11-19 22:33:56,158.1,0.0,-23.124131,-44.415396
CARLA SILVA,2024-11-19 22:36:56,224.6,0.0,-23.124148,-44.415361
CARLA SILVA,2024-11-20 00:06:56,165.8,0.0,-23.12421,-44.415625
CARLA SILVA,2024-11-20 01:45:56,154.6,0.0,-23.125761,-44.413745
CARLA SILVA,2024-11-20 03:09:57,174.8,0.0,-23.126698,-44.413806
CARLA SILVA,2024-11-20 05:09:57,292.2,0.0,-23.12478,-44.41405
CARLA SILVA,2024-11-20 09:12:57,212.6,0.0,-23.126245,-44.413535
CARLA SILVA,2024-11-20 12:06:56,296.9,0.0,-23.124356,-44.414658
CARLA SILVA,2024-11-20 16:42:50,247.5,0.0,-23.123863,-44.415536
CARLA SILVA,2024-11-20 18:45:56,272.1,0.0,-23.123936,-44.415833
CARLA SILVA,2024-11-20 21:15:56,240.7,0.1,-23.124525,-44.417186
CARLA SILVA,2024-11-20 21:21:56,240.9,0.0,-23.124571,-44.41727
CARLA SILVA,2024-11-20 23:52:37,186.9,6.4,-23.135485,-44.41574
CARLA SILVA,2024-11-20 23:52:47,187.1,6.4,-23.135806,-44.415791
CARLA SILVA,2024-11-20 23:53:27,188.2,6.8,-23.137053,-44.415946
CARLA SILVA,2024-11-20 23:53:37,186.9,6.9,-23.137366,-44.41599
CARLA SILVA,2024-11-20 23:53:47,185.4,7.0,-23.13765,-44.416015
CARLA SILVA,2024-11-20 23:54:06,185.4,7.2,-23.138278,-44.416083
CARLA SILVA,2024-11-20 23:54:27,186.3,7.4,-23.138978,-44.416188
CARLA SILVA,2024-11-20 23:54:47,183.0,7.6,-23.139743,-44.41627
CARLA SILVA,2024-11-20 23:55:47,182.0,8.1,-23.14196,-44.416385
CARLA SILVA,2024-11-21 00:08:48,183.2,10.4,-23.177488,-44.418306
CARLA SILVA,2024-11-21 00:11:17,182.7,10.4,-23.18479,-44.418678
CARLA SILVA,2024-11-21 00:23:47,181.6,10.5,-23.221573,-44.420251
CARLA SILVA,2024-11-21 00:28:17,177.2,10.4,-23.234786,-44.420578
CARLA SILVA,2024-11-21 00:30:27,174.9,10.4,-23.241125,-44.420096
CARLA SILVA,2024-11-21 00:43:28,161.3,10.3,-23.27834,-44.41465
CARLA SILVA,2024-11-21 01:07:08,103.0,11.8,-23.307495,-44.350295
CARLA SILVA,2024-11-21 01:13:48,101.3,12.0,-23.311271,-44.326363
CARLA SILVA,2024-11-21 01:15:16,110.6,12.0,-23.312656,-44.32125
CARLA SILVA,2024-11-21 01:17:36,105.6,12.0,-23.31507,-44.313166
CARLA SILVA,2024-11-21 01:19:47,97.5,12.1,-23.316246,-44.305341
CARLA SILVA,2024-11-21 01:41:18,94.3,12.2,-23.32511,-44.226223
CARLA SILVA,2024-11-21 01:43:48,87.8,12.1,-23.32507,-44.217001
CARLA SILVA,2024-11-21 02:13:08,78.7,11.6,-23.311071,-44.114065
CARLA SILVA,2024-11-21 02:21:37,79.3,11.6,-23.306528,-44.08478
CARLA SILVA,2024-11-21 02:26:38,81.1,11.5,-23.304155,-44.067448
CARLA SILVA,2024-11-21 02:49:08,82.7,11.4,-23.293713,-43.989985
CARLA SILVA,2024-11-21 02:52:06,79.8,11.5,-23.292335,-43.979768
CARLA SILVA,2024-11-21 02:55:38,79.6,11.4,-23.290661,-43.967715
CARLA SILVA,2024-11-21 03:16:38,82.2,11.3,-23.281173,-43.89599
CARLA SILVA,2024-11-21 04:11:27,88.7,11.5,-23.258336,-43.70838
CARLA SILVA,2024-11-21 04:34:48,85.9,11.6,-23.25566,-43.626443
CARLA SILVA,2024-11-21 04:38:17,85.8,11.6,-23.254896,-43.614248
CARLA SILVA,2024-11-21 05:08:59,83.4,11.3,-23.244995,-43.50779
CARLA SILVA,2024-11-21 05:42:17,91.5,11.2,-23.237838,-43.394928
CARLA SILVA,2024-11-21 06:32:18,81.6,10.5,-23.223831,-43.234268
CARLA SILVA,2024-11-21 07:10:27,63.2,5.7,-23.196985,-43.135525
CARLA SILVA,2024-11-21 07:43:38,56.2,4.5,-23.172991,-43.093818
CARLA SILVA,2024-11-21 08:14:38,39.2,2.5,-23.152303,-43.066706
CARLA SILVA,2024-11-21 08:18:57,40.6,2.3,-23.150031,-43.06463
CARLA SILVA,2024-11-21 08:21:28,30.9,2.2,-23.148766,-43.063601
CARLA SILVA,2024-11-21 08:50:28,10.8,1.6,-23.134348,-43.058685
CARLA SILVA,2024-11-21 08:53:28,40.4,1.6,-23.132968,-43.058298
CARLA SILVA,2024-11-21 09:20:37,0.1,1.1,-23.122571,-43.0565
CARLA SILVA,2024-11-21 09:27:57,342.9,1.1,-23.120221,-43.056648
CARLA SILVA,2024-11-21 10:00:27,353.3,0.8,-23.111576,-43.057075
CARLA SILVA,2024-11-21 10:03:48,9.7,0.7,-23.110878,-43.05709
CARLA SILVA,2024-11-21 10:06:17,355.5,0.7,-23.110375,-43.057131
CARLA SILVA,2024-11-21 10:32:47,5.9,0.5,-23.105885,-43.057023
CARLA SILVA,2024-11-21 10:41:18,14.1,0.5,-23.104571,-43.05692
CARLA SILVA,2024-11-21 10:42:17,0.3,0.5,-23.104425,-43.056945
CARLA SILVA,2024-11-21 11:02:58,316.2,0.5,-23.101231,-43.057531
CARLA SILVA,2024-11-21 11:29:38,309.7,0.9,-23.097745,-43.059195
CARLA SILVA,2024-11-21 11:34:08,346.5,0.5,-23.09704,-43.059776
CARLA SILVA,2024-11-21 12:03:57,2.8,0.6,-23.09382,-43.059821
CARLA SILVA,2024-11-21 12:04:06,0.7,0.6,-23.093803,-43.059821
CARLA SILVA,2024-11-21 12:08:06,318.6,0.8,-23.093213,-43.059808
CARLA SILVA,2024-11-21 12:25:16,335.3,4.0,-23.089431,-43.061578
CARLA SILVA,2024-11-21 12:29:17,331.2,7.3,-23.083638,-43.064786
CARLA SILVA,2024-11-21 13:10:57,316.6,9.4,-22.999005,-43.139036
CARLA SILVA,2024-11-21 13:15:36,318.2,10.1,-22.989633,-43.148585
CARLA SILVA,2024-11-21 13:22:26,10.8,9.5,-22.97307,-43.158333
CARLA SILVA,2024-11-21 14:05:37,2.2,8.7,-22.850228,-43.154721
CARLA SILVA,2024-11-21 19:22:25,137.6,0.0,-22.820746,-43.152506
CARLA SILVA,2024-11-21 20:22:25,317.2,0.0,-22.820763,-43.152523
CARLA SILVA,2024-11-22 01:52:25,82.5,0.0,-22.820776,-43.15245
CARLA SILVA,2024-11-22 17:52:24,213.4,0.0,-22.820716,-43.152545
CARLA SILVA,2024-11-24 00:52:24,126.1,0.0,-22.820875,-43.152521
CARLA SILVA,2024-11-24 07:29:21,191.9,7.4,-22.837528,-43.153105
CARLA SILVA,2024-11-24 07:38:11,180.8,7.0,-22.856081,-43.154718
CARLA SILVA,2024-11-24 08:04:22,59.7,0.1,-22.888703,-43.14906
CARLA SILVA,2024-11-24 08:12:00,32.2,0.1,-22.887958,-43.148865
CARLA SILVA,2024-11-24 16:58:31,175.4,3.6,-22.892125,-43.148825
CARLA SILVA,2024-11-24 17:02:00,167.8,5.5,-22.896586,-43.1479
CARLA SILVA,2024-11-24 17:20:33,187.8,8.6,-22.93621,-43.139953
CARLA SILVA,2024-11-24 17:34:32,212.5,6.4,-22.962891,-43.154566
CARLA SILVA,2024-11-24 17:41:29,174.5,6.5,-22.974545,-43.159535
CARLA SILVA,2024-11-24 17:41:59,172.8,6.6,-22.975498,-43.159428
CARLA SILVA,2024-11-24 17:42:29,172.3,6.7,-22.976425,-43.159306
CARLA SILVA,2024-11-24 17:42:39,172.6,6.8,-22.976741,-43.159266
CARLA SILVA,2024-11-24 17:44:38,173.4,7.1,-22.980631,-43.15872
CARLA SILVA,2024-11-24 18:02:42,262.2,8.0,-23.021075,-43.159998
CARLA SILVA,2024-11-24 18:08:23,226.7,9.0,-23.028796,-43.17111
CARLA SILVA,2024-11-24 18:10:33,227.6,9.5,-23.032638,-43.175556
CARLA SILVA,2024-11-24 18:18:03,229.6,10.3,-23.046333,-43.192691
CARLA SILVA,2024-11-24 18:46:20,221.6,12.0,-23.109396,-43.262571
CARLA SILVA,2024-11-24 19:00:13,234.5,12.1,-23.136955,-43.30347
CARLA SILVA,2024-11-24 19:05:23,234.7,12.2,-23.147141,-43.318925
CARLA SILVA,2024-11-24 19:20:21,216.3,12.1,-23.182481,-43.357788
CARLA SILVA,2024-11-24 20:23:41,218.0,12.0,-23.348291,-43.503015
CARLA SILVA,2024-11-24 20:28:32,219.6,11.8,-23.360843,-43.514121
CARLA SILVA,2024-11-24 20:44:21,218.8,11.9,-23.401746,-43.550065
CARLA SILVA,2024-11-24 20:50:52,218.3,11.9,-23.418436,-43.564953
CARLA SILVA,2024-11-24 21:38:52,279.7,12.3,-23.420331,-43.723613
CARLA SILVA,2024-11-24 22:14:11,279.8,12.6,-23.398473,-43.855323
CARLA SILVA,2024-11-24 22:28:23,281.2,12.5,-23.389651,-43.908268
CARLA SILVA,2024-11-24 22:45:43,281.3,12.6,-23.378551,-43.973105
CARLA SILVA,2024-11-24 22:51:11,283.5,12.5,-23.3747,-43.993501
CARLA SILVA,2024-11-24 23:00:01,280.6,12.5,-23.368498,-44.026201
CARLA SILVA,2024-11-24 23:20:23,279.8,12.6,-23.355186,-44.102346
CARLA SILVA,2024-11-24 23:28:22,279.6,12.6,-23.350581,-44.132508
CARLA SILVA,2024-11-25 00:30:41,305.9,11.3,-23.294963,-44.34733
CARLA SILVA,2024-11-25 00:35:53,305.3,11.1,-23.2855,-44.361658
CARLA SILVA,2024-11-25 00:38:22,305.5,11.0,-23.28095,-44.368526
CARLA SILVA,2024-11-25 00:40:41,305.5,11.0,-23.276828,-44.374823
CARLA SILVA,2024-11-25 00:41:00,305.2,10.9,-23.276265,-44.375681
CARLA SILVA,2024-11-25 00:41:22,305.9,10.9,-23.275595,-44.376683
CARLA SILVA,2024-11-25 00:41:31,305.8,10.9,-23.275361,-44.377068
CARLA SILVA,2024-11-25 00:42:31,306.0,10.9,-23.273583,-44.379755
CARLA SILVA,2024-11-25 00:43:41,305.5,10.9,-23.271451,-44.382898
CARLA SILVA,2024-11-25 00:43:51,305.3,10.9,-23.27115,-44.383346
CARLA SILVA,2024-11-25 00:44:11,305.1,10.9,-23.270598,-44.384166
CARLA SILVA,2024-11-25 00:46:21,303.7,10.9,-23.266883,-44.390131
CARLA SILVA,2024-11-25 00:56:02,346.2,9.7,-23.243426,-44.402161
CARLA SILVA,2024-11-25 00:56:40,347.0,9.6,-23.241708,-44.4026
CARLA SILVA,2024-11-25 01:07:12,350.4,6.9,-23.217145,-44.407378
CARLA SILVA,2024-11-25 01:37:41,348.1,6.8,-23.160211,-44.419111
CARLA SILVA,2024-11-25 01:43:13,348.9,5.8,-23.150768,-44.421105
CARLA SILVA,2024-11-25 03:24:20,353.6,0.1,-23.126471,-44.4244
CARLA SILVA,2024-11-25 11:18:19,182.1,0.0,-23.124661,-44.42325
CARLA SILVA,2024-11-25 16:21:17,255.4,0.0,-23.124241,-44.422796
CARLA SILVA,2024-11-25 22:33:20,82.8,0.1,-23.126446,-44.4244
CARLA SILVA,2024-11-26 01:15:20,143.6,0.0,-23.127565,-44.423868
CARLA SILVA,2024-11-26 01:18:20,350.0,0.1,-23.127596,-44.423821
CARLA SILVA,2024-11-26 01:24:20,312.5,0.0,-23.127643,-44.423751
CARLA SILVA,2024-11-26 02:21:20,129.1,0.0,-23.127948,-44.42333
CARLA SILVA,2024-11-26 06:12:20,326.7,0.0,-23.12779,-44.423338
CARLA SILVA,2024-11-26 09:06:19,150.4,0.1,-23.127348,-44.423466
CARLA SILVA,2024-11-26 11:00:20,0.4,0.0,-23.125911,-44.423975
CARLA SILVA,2024-11-26 11:45:20,107.3,0.0,-23.124366,-44.42238
CARLA SILVA,2024-11-26 15:18:20,283.3,0.0,-23.123521,-44.421941
CARLA SILVA,2024-11-26 16:39:20,250.6,0.0,-23.123796,-44.422798
CARLA SILVA,2024-11-26 19:42:20,95.3,0.0,-23.124781,-44.42361
CARLA SILVA,2024-11-26 20:36:20,43.0,0.0,-23.125143,-44.423803
CARLA SILVA,2024-11-26 23:51:20,358.4,0.0,-23.126496,-44.423748
CARLA SILVA,2024-11-27 01:33:19,156.1,0.0,-23.127015,-44.423243
CARLA SILVA,2024-11-27 02:03:20,142.4,0.0,-23.12752,-44.422621
CARLA SILVA,2024-11-27 02:33:20,129.1,0.0,-23.127751,-44.421895
CARLA SILVA,2024-11-27 05:45:19,96.1,0.0,-23.127103,-44.420368
CARLA SILVA,2024-11-27 10:00:20,345.9,0.0,-23.124128,-44.420498
CARLA SILVA,2024-11-27 12:24:19,159.4,0.0,-23.12387,-44.42093
CARLA SILVA,2024-11-27 15:09:19,301.2,0.0,-23.123566,-44.421558
CARLA SILVA,2024-11-28 00:06:19,21.7,0.0,-23.125415,-44.4239
CARLA SILVA,2024-11-28 01:03:20,47.3,0.0,-23.124073,-44.42252
CARLA SILVA,2024-11-28 01:15:19,63.4,0.0,-23.123883,-44.422015
CARLA SILVA,2024-11-28 07:09:20,144.0,0.0,-23.126918,-44.4201
CARLA SILVA,2024-11-28 11:36:19,316.4,0.0,-23.124151,-44.420595
CARLA SILVA,2024-11-28 20:33:20,209.6,0.0,-23.123738,-44.42237
CARLA SILVA,2024-11-29 00:36:18,87.0,0.0,-23.123718,-44.422323
CARLA SILVA,2024-11-29 03:42:20,277.8,0.0,-23.124223,-44.420223
CARLA SILVA,2024-11-29 04:21:20,278.2,0.0,-23.124366,-44.420155
CARLA SILVA,2024-11-29 06:33:18,209.5,0.0,-23.123805,-44.421821
CARLA SILVA,2024-11-29 15:27:19,267.2,0.0,-23.123623,-44.421245
CARLA SILVA,2024-11-29 17:06:20,300.0,0.0,-23.12419,-44.420271
CARLA SILVA,2024-11-29 17:48:20,298.6,0.2,-23.12445,-44.420328
CARLA SILVA,2024-11-29 18:21:20,297.5,0.0,-23.1241,-44.420663
CARLA SILVA,2024-11-29 18:57:20,240.9,0.0,-23.123616,-44.4222
CARLA SILVA,2024-11-29 23:42:20,334.0,0.0,-23.126446,-44.423656
CARLA SILVA,2024-11-30 01:42:19,74.4,0.0,-23.123723,-44.42182
CARLA SILVA,2024-11-30 04:27:19,139.4,0.0,-23.12402,-44.420546
CARLA SILVA,2024-11-30 09:30:20,286.0,0.1,-23.124056,-44.42053
CARLA SILVA,2024-11-30 11:18:20,265.4,0.0,-23.123631,-44.422106
CARLA SILVA,2024-11-30 13:57:20,274.4,0.0,-23.123535,-44.421906
CARLA SILVA,2024-11-30 15:36:19,106.8,0.0,-23.123605,-44.421708
CARLA SILVA,2024-11-30 16:09:19,278.4,0.0,-23.123555,-44.421788
CARLA SILVA,2024-11-30 16:33:19,114.5,0.1,-23.123526,-44.42167
CARLA SILVA,2024-11-30 17:27:20,177.8,0.0,-23.123573,-44.422075
CARLA SILVA,2024-11-30 20:22:20,76.6,8.1,-23.128378,-44.400756
CARLA SILVA,2024-11-30 20:24:49,80.6,9.0,-23.127243,-44.394373
CARLA SILVA,2024-11-30 21:05:56,81.5,9.5,-23.085296,-44.271846
CARLA SILVA,2024-11-30 21:25:49,75.0,4.3,-23.068666,-44.23564
CARLA SILVA,2024-11-30 21:28:49,82.6,4.0,-23.068088,-44.231865
CARLA SILVA,2024-11-30 21:33:30,94.9,3.7,-23.067583,-44.226468
CARLA SILVA,2024-11-30 21:36:30,53.4,2.7,-23.066741,-44.223353
CARLA SILVA,2024-12-02 20:35:38,0.6,0.0,-23.060831,-44.227568
CARLA SILVA,2024-12-03 11:06:13,230.6,7.3,-23.151763,-44.40087
CARLA SILVA,2024-12-03 11:08:53,231.9,7.3,-23.155191,-44.405565
CARLA SILVA,2024-12-03 11:12:13,230.6,7.2,-23.159331,-44.411268
CARLA SILVA,2024-12-03 11:13:13,232.7,7.2,-23.160605,-44.413013
CARLA SILVA,2024-12-03 12:15:13,172.0,3.9,-23.240616,-44.446851
CARLA SILVA,2024-12-03 12:16:42,171.4,3.9,-23.242171,-44.446668
CARLA SILVA,2024-12-03 12:17:53,165.0,3.8,-23.243448,-44.446418
CARLA SILVA,2024-12-03 12:18:02,165.3,3.8,-23.24362,-44.446371
CARLA SILVA,2024-12-03 12:22:13,166.8,3.5,-23.24788,-44.445136
CARLA SILVA,2024-12-03 12:32:32,165.7,2.4,-23.255993,-44.442911
CARLA SILVA,2024-12-03 12:34:53,163.4,2.7,-23.257646,-44.44241
CARLA SILVA,2024-12-03 12:38:43,168.9,4.3,-23.261371,-44.441461
CARLA SILVA,2024-12-03 12:41:02,167.4,5.0,-23.264363,-44.440776
CARLA SILVA,2024-12-03 12:41:13,168.0,5.0,-23.264618,-44.440715
CARLA SILVA,2024-12-03 12:43:12,168.5,5.7,-23.267495,-44.44009
CARLA SILVA,2024-12-03 13:05:54,176.0,12.5,-23.334533,-44.428235
CARLA SILVA,2024-12-03 13:11:14,176.7,12.7,-23.353343,-44.426511
CARLA SILVA,2024-12-03 13:14:42,181.6,12.7,-23.36566,-44.426116
CARLA SILVA,2024-12-03 13:25:03,226.6,12.7,-23.396551,-44.444605
CARLA SILVA,2024-12-03 13:31:24,226.4,13.0,-23.412248,-44.46256
CARLA SILVA,2024-12-03 13:43:54,214.9,13.1,-23.449303,-44.489631
CARLA SILVA,2024-12-03 13:51:04,229.8,13.2,-23.469126,-44.508285
CARLA SILVA,2024-12-03 14:19:33,227.1,13.4,-23.540131,-44.593421
CARLA SILVA,2024-12-03 14:22:03,228.0,13.4,-23.54649,-44.600986
CARLA SILVA,2024-12-03 14:24:24,227.3,13.4,-23.552418,-44.608013
CARLA SILVA,2024-12-03 14:27:43,227.8,13.4,-23.5608,-44.618041
CARLA SILVA,2024-12-03 14:50:13,223.8,13.4,-23.622521,-44.680183
CARLA SILVA,2024-12-03 14:55:12,222.6,13.5,-23.635998,-44.694353
CARLA SILVA,2024-12-03 15:00:14,226.2,13.5,-23.6493,-44.709033
CARLA SILVA,2024-12-03 15:12:23,226.0,13.6,-23.681575,-44.744743
CARLA SILVA,2024-12-03 15:16:01,225.2,13.6,-23.691346,-44.755495
CARLA SILVA,2024-12-03 15:18:03,225.6,13.6,-23.696738,-44.76148
CARLA SILVA,2024-12-03 15:24:23,225.3,13.6,-23.713633,-44.780018
CARLA SILVA,2024-12-03 15:27:52,224.1,13.6,-23.72297,-44.790213
CARLA SILVA,2024-12-03 16:04:32,226.7,12.9,-23.817881,-44.896573
CARLA SILVA,2024-12-03 16:07:23,227.0,12.9,-23.824928,-44.90472
CARLA SILVA,2024-12-03 16:08:21,226.7,12.9,-23.827335,-44.907506
CARLA SILVA,2024-12-03 16:39:13,227.8,12.8,-23.902613,-44.995455
CARLA SILVA,2024-12-03 16:39:31,227.9,12.8,-23.903373,-44.996365
CARLA SILVA,2024-12-03 16:43:21,227.0,12.8,-23.912675,-45.007343
CARLA SILVA,2024-12-03 16:44:03,227.8,12.9,-23.91435,-45.009298
CARLA SILVA,2024-12-03 16:44:23,228.1,12.9,-23.915228,-45.010338
CARLA SILVA,2024-12-03 16:48:12,228.0,12.9,-23.924556,-45.021316
CARLA SILVA,2024-12-03 16:59:11,227.8,13.0,-23.951471,-45.053198
CARLA SILVA,2024-12-03 17:04:32,226.7,13.1,-23.964575,-45.068848
CARLA SILVA,2024-12-03 17:17:23,227.1,12.9,-23.996218,-45.106331
CARLA SILVA,2024-12-03 17:47:32,243.1,12.8,-24.061256,-45.200035
CARLA SILVA,2024-12-03 17:51:43,270.4,12.9,-24.062448,-45.215943
CARLA SILVA,2024-12-03 17:57:13,270.2,13.4,-24.062658,-45.238
CARLA SILVA,2024-12-03 18:21:38,279.1,12.8,-24.05272,-45.334483
CARLA SILVA,2024-12-03 18:23:02,278.9,12.7,-24.05201,-45.339506
CARLA SILVA,2024-12-03 18:59:33,314.0,9.9,-24.01033,-45.458148
CARLA SILVA,2024-12-03 19:02:54,314.0,9.8,-24.003791,-45.465466
CARLA SILVA,2024-12-03 19:07:53,314.7,9.7,-23.994328,-45.475953
CARLA SILVA,2024-12-03 19:33:22,0.1,4.8,-23.95123,-45.496136
CARLA SILVA,2024-12-03 19:34:12,357.0,4.9,-23.95009,-45.496201
CARLA SILVA,2024-12-03 19:45:43,354.2,4.4,-23.933906,-45.498145
CARLA SILVA,2024-12-03 19:48:42,352.6,4.1,-23.930358,-45.498555
CARLA SILVA,2024-12-03 20:17:04,1.3,3.2,-23.901745,-45.499573
CARLA SILVA,2024-12-03 20:25:43,307.4,0.2,-23.896505,-45.500048
CARLA SILVA,2024-12-03 20:39:53,137.7,0.3,-23.898141,-45.49876
CARLA SILVA,2024-12-03 20:49:03,9.1,0.1,-23.898091,-45.498556
CARLA SILVA,2024-12-03 20:51:12,83.8,0.1,-23.898058,-45.498473
CARLA SILVA,2024-12-03 21:00:03,280.9,0.1,-23.898025,-45.49826
CARLA SILVA,2024-12-03 21:22:42,296.2,0.1,-23.89809,-45.49829
CARLA SILVA,2024-12-03 21:28:53,141.1,0.0,-23.897995,-45.498273
CARLA SILVA,2024-12-03 21:50:33,218.4,0.0,-23.898135,-45.498508
CARLA SILVA,2024-12-03 21:52:41,218.5,0.1,-23.898138,-45.498493
CARLA SILVA,2024-12-03 22:04:32,23.5,0.0,-23.898066,-45.49844
CARLA SILVA,2024-12-04 02:56:38,303.1,0.0,-23.891968,-45.500485
CARLA SILVA,2024-12-04 08:56:38,276.5,0.5,-23.891665,-45.50043
CARLA SILVA,2024-12-04 09:02:38,251.5,0.2,-23.891651,-45.501188
CARLA SILVA,2024-12-04 13:53:38,4.0,0.2,-23.894608,-45.498545
CARLA SILVA,2024-12-04 16:53:39,4.7,0.2,-23.894736,-45.498643
CARLA SILVA,2024-12-04 18:42:45,61.7,7.7,-23.882665,-45.470968
CARLA SILVA,2024-12-04 19:19:56,45.3,5.7,-23.832338,-45.407116
CARLA SILVA,2024-12-04 19:56:37,293.9,0.0,-23.802733,-45.384553
CARLA SILVA,2024-12-04 20:19:55,264.4,0.0,-23.802428,-45.384941
CARLA SILVA,2024-12-05 03:35:18,260.8,0.0,-23.802438,-45.384956
CARLA SILVA,2024-12-05 21:39:14,117.3,2.4,-23.8024,-45.380958
CARLA SILVA,2024-12-05 22:12:47,228.5,8.4,-23.852703,-45.431081
CARLA SILVA,2024-12-05 22:15:27,239.0,8.3,-23.856178,-45.436648
CARLA SILVA,2024-12-05 22:45:18,236.3,5.6,-23.890505,-45.496386
CARLA SILVA,2024-12-05 23:18:08,15.3,0.1,-23.891433,-45.51333
CARLA SILVA,2024-12-05 23:20:47,6.3,0.2,-23.891116,-45.513311
CARLA SILVA,2024-12-05 23:54:07,190.5,0.1,-23.891213,-45.513263
CARLA SILVA,2024-12-05 23:54:17,168.1,0.2,-23.89122,-45.513251
CARLA SILVA,2024-12-06 00:28:48,117.9,0.3,-23.888618,-45.520538
CARLA SILVA,2024-12-06 00:46:18,357.5,0.0,-23.886866,-45.51913
CARLA SILVA,2024-12-06 01:14:27,181.9,0.9,-23.886385,-45.518886
CARLA SILVA,2024-12-06 01:17:47,205.3,0.4,-23.886356,-45.518951
CARLA SILVA,2024-12-06 01:27:47,251.3,0.6,-23.886191,-45.519073
CARLA SILVA,2024-12-06 01:28:16,346.7,0.7,-23.886198,-45.519108
CARLA SILVA,2024-12-06 01:30:57,197.5,0.3,-23.886288,-45.519166
CARLA SILVA,2024-12-06 01:52:06,358.4,0.0,-23.886393,-45.51977
CARLA SILVA,2024-12-06 01:54:47,358.5,0.1,-23.8863,-45.519773
CARLA SILVA,2024-12-06 01:58:37,3.7,0.0,-23.886145,-45.519713
CARLA SILVA,2024-12-06 01:59:26,167.2,0.7,-23.886135,-45.519705
CARLA SILVA,2024-12-06 02:30:16,312.5,0.2,-23.884626,-45.520401
CARLA SILVA,2024-12-06 02:59:07,114.4,0.0,-23.884026,-45.521816
CARLA SILVA,2024-12-06 03:07:57,254.0,0.0,-23.884028,-45.522025
CARLA SILVA,2024-12-06 03:38:07,262.6,0.2,-23.88437,-45.523336
CARLA SILVA,2024-12-06 03:42:26,226.3,0.4,-23.884346,-45.523475
CARLA SILVA,2024-12-06 03:45:47,38.9,0.1,-23.884406,-45.523576
CARLA SILVA,2024-12-06 04:17:17,35.9,0.0,-23.884253,-45.52333
CARLA SILVA,2024-12-06 04:20:17,229.8,0.3,-23.884193,-45.523356
CARLA SILVA,2024-12-06 04:43:08,324.5,0.1,-23.883448,-45.52321
CARLA SILVA,2024-12-06 04:45:17,79.2,0.0,-23.883466,-45.52319
CARLA SILVA,2024-12-06 04:49:57,64.4,0.4,-23.883558,-45.52307
CARLA SILVA,2024-12-06 05:17:07,236.6,0.0,-23.8834,-45.522873
CARLA SILVA,2024-12-06 06:04:26,264.3,0.2,-23.883625,-45.52334
CARLA SILVA,2024-12-06 06:08:47,225.1,0.2,-23.883793,-45.523431
CARLA SILVA,2024-12-06 06:30:48,210.2,0.2,-23.88432,-45.523985
CARLA SILVA,2024-12-06 06:53:57,211.8,0.2,-23.884418,-45.523878
CARLA SILVA,2024-12-06 07:01:37,16.1,0.0,-23.884301,-45.524013
CARLA SILVA,2024-12-06 07:04:47,55.5,0.1,-23.88428,-45.524018
CARLA SILVA,2024-12-06 07:49:55,135.2,0.0,-23.884903,-45.523911
CARLA SILVA,2024-12-06 15:46:23,202.2,0.1,-23.883885,-45.523793
CARLA SILVA,2024-12-06 17:25:22,211.3,0.2,-23.883648,-45.523736
CARLA SILVA,2024-12-06 18:25:23,13.6,0.3,-23.884143,-45.52418
CARLA SILVA,2024-12-06 18:55:23,176.2,0.0,-23.885383,-45.524616
CARLA SILVA,2024-12-06 20:37:23,266.6,0.2,-23.886468,-45.52509
CARLA SILVA,2024-12-07 06:58:22,171.8,0.2,-23.886791,-45.524941
CARLA SILVA,2024-12-07 08:37:22,182.8,0.0,-23.886365,-45.52503
CARLA SILVA,2024-12-07 12:01:22,353.7,0.3,-23.886353,-45.525006
CARLA SILVA,2024-12-07 13:10:23,19.8,0.0,-23.885638,-45.525028
CARLA SILVA,2024-12-07 16:04:21,189.6,0.3,-23.885063,-45.524953
CARLA SILVA,2024-12-07 17:43:21,3.1,0.0,-23.88593,-45.525106
CARLA SILVA,2024-12-07 18:40:23,173.0,0.0,-23.885446,-45.524816
CARLA SILVA,2024-12-07 19:43:23,196.5,0.2,-23.884701,-45.52472
CARLA SILVA,2024-12-07 20:49:22,193.7,0.0,-23.884353,-45.524441
CARLA SILVA,2024-12-07 21:25:23,230.8,0.0,-23.884516,-45.524551
CARLA SILVA,2024-12-07 23:07:23,32.1,0.0,-23.88505,-45.524816
CARLA SILVA,2024-12-08 03:25:22,160.7,0.0,-23.885843,-45.524455
CARLA SILVA,2024-12-08 03:28:22,58.8,0.0,-23.88583,-45.524435
CARLA SILVA,2024-12-08 04:04:23,164.3,0.1,-23.886241,-45.524238
CARLA SILVA,2024-12-08 06:46:23,64.9,0.1,-23.886828,-45.52151
CARLA SILVA,2024-12-08 11:03:36,88.0,3.3,-23.882648,-45.501161
CARLA SILVA,2024-12-08 11:08:23,90.8,2.8,-23.882911,-45.496698
CARLA SILVA,2024-12-08 11:32:46,79.5,8.8,-23.881686,-45.467258
CARLA SILVA,2024-12-08 11:36:44,52.3,9.6,-23.87633,-45.457708
CARLA SILVA,2024-12-08 11:37:44,45.9,9.6,-23.874575,-45.455535
CARLA SILVA,2024-12-08 11:37:45,45.9,9.6,-23.874575,-45.455535
CARLA SILVA,2024-12-08 11:41:54,47.7,9.0,-23.867103,-45.446933
CARLA SILVA,2024-12-08 12:09:14,47.1,8.7,-23.817891,-45.389036
CARLA SILVA,2024-12-08 12:12:55,33.6,7.5,-23.81164,-45.382973
CARLA SILVA,2024-12-08 12:43:45,13.9,2.2,-23.755663,-45.363185
CARLA SILVA,2024-12-08 12:46:04,6.2,1.6,-23.754305,-45.3629
CARLA SILVA,2024-12-08 12:55:34,23.9,1.6,-23.749141,-45.36157
CARLA SILVA,2024-12-08 12:57:13,20.1,1.4,-23.747985,-45.361141
CARLA SILVA,2024-12-08 13:00:24,69.9,1.2,-23.746633,-45.359391
CARLA SILVA,2024-12-08 22:00:29,81.3,0.0,-23.744173,-45.35724
CARLA SILVA,2024-12-08 22:09:29,264.9,0.0,-23.744163,-45.357146
CARLA SILVA,2024-12-09 01:12:29,179.9,0.0,-23.744216,-45.35699
CARLA SILVA,2024-12-09 01:48:28,142.1,0.0,-23.744145,-45.356916
CARLA SILVA,2024-12-09 03:00:29,295.2,0.0,-23.744233,-45.356936
CARLA SILVA,2024-12-09 03:27:28,252.0,0.0,-23.744206,-45.357083
CARLA SILVA,2024-12-09 08:18:29,36.9,0.0,-23.744143,-45.357256
CARLA SILVA,2024-12-09 16:36:27,213.8,0.0,-23.74406,-45.357226
CARLA SILVA,2024-12-09 17:15:28,266.4,0.0,-23.744126,-45.357213
CARLA SILVA,2024-12-09 17:48:29,305.8,0.0,-23.744133,-45.35733
CARLA SILVA,2024-12-09 20:30:28,304.2,0.0,-23.744198,-45.357245
CARLA SILVA,2024-12-09 22:24:29,30.9,0.0,-23.744238,-45.357053
CARLA SILVA,2024-12-10 01:36:28,120.6,0.0,-23.744158,-45.356983
CARLA SILVA,2024-12-10 06:24:29,308.1,0.0,-23.744353,-45.357018
CARLA SILVA,2024-12-10 10:45:28,279.2,0.0,-23.744198,-45.357313
CARLA SILVA,2024-12-10 12:48:28,180.3,0.0,-23.744303,-45.35713
CARLA SILVA,2024-12-10 15:12:29,125.3,0.1,-23.744061,-45.357451
CARLA SILVA,2024-12-10 23:42:29,340.3,0.0,-23.744291,-45.35694
CARLA SILVA,2024-12-11 00:24:28,242.2,0.0,-23.744281,-45.356691
CARLA SILVA,2024-12-11 00:30:28,260.8,0.0,-23.744273,-45.35686
CARLA SILVA,2024-12-11 00:33:28,197.7,0.0,-23.744301,-45.35687
CARLA SILVA,2024-12-11 01:00:29,353.6,0.1,-23.744201,-45.357085
CARLA SILVA,2024-12-11 01:06:28,154.1,0.1,-23.744266,-45.356985
CARLA SILVA,2024-12-11 02:42:29,143.2,0.0,-23.744313,-45.356773
CARLA SILVA,2024-12-11 13:21:29,130.5,0.0,-23.744431,-45.357585
CARLA SILVA,2024-12-11 14:18:28,282.4,0.0,-23.744491,-45.358021
CARLA SILVA,2024-12-11 17:54:28,253.6,0.0,-23.744785,-45.358376
CARLA SILVA,2024-12-11 19:36:28,144.1,0.0,-23.744436,-45.356983
CARLA SILVA,2024-12-11 21:24:28,190.8,0.0,-23.744643,-45.35658
CARLA SILVA,2024-12-12 01:48:28,145.4,0.0,-23.744365,-45.35725
CARLA SILVA,2024-12-12 04:30:29,240.0,0.0,-23.744435,-45.35687
CARLA SILVA,2024-12-12 05:24:29,297.2,0.0,-23.744323,-45.356903
CARLA SILVA,2024-12-12 12:18:29,253.8,0.1,-23.74465,-45.358325
CARLA SILVA,2024-12-12 12:24:28,252.2,0.1,-23.744776,-45.358725
CARLA SILVA,2024-12-12 12:33:28,210.7,0.1,-23.745021,-45.359143
CARLA SILVA,2024-12-12 21:12:28,32.5,0.1,-23.745291,-45.359528
CARLA SILVA,2024-12-13 01:45:28,171.0,0.1,-23.748388,-45.359895
CARLA SILVA,2024-12-13 03:00:29,248.5,0.1,-23.748338,-45.359955
CARLA SILVA,2024-12-13 04:21:29,144.6,0.0,-23.74801,-45.360183
CARLA SILVA,2024-12-13 07:45:29,98.4,0.0,-23.749076,-45.358656
CARLA SILVA,2024-12-13 17:36:27,162.5,0.0,-23.748856,-45.359051
CARLA SILVA,2024-12-14 01:57:29,88.8,0.1,-23.749303,-45.35937
CARLA SILVA,2024-12-14 03:12:29,197.9,0.1,-23.749425,-45.358778
CARLA SILVA,2024-12-14 04:12:29,256.1,0.0,-23.749283,-45.359035
CARLA SILVA,2024-12-14 11:24:28,195.9,0.0,-23.749376,-45.358235
CARLA SILVA,2024-12-14 16:15:59,223.8,6.7,-23.860198,-45.440868
CARLA SILVA,2024-12-14 16:16:19,223.4,6.6,-23.860671,-45.44136
CARLA SILVA,2024-12-14 16:17:29,223.3,6.6,-23.86222,-45.442983
CARLA SILVA,2024-12-14 16:17:40,223.6,6.6,-23.862468,-45.443241
CARLA SILVA,2024-12-14 16:18:19,223.5,6.9,-23.86339,-45.444185
CARLA SILVA,2024-12-14 16:44:20,193.9,11.9,-23.921548,-45.496365
CARLA SILVA,2024-12-14 17:11:21,161.2,12.1,-24.00745,-45.47334
CARLA SILVA,2024-12-14 17:18:49,160.6,12.3,-24.031573,-45.463805
CARLA SILVA,2024-12-14 17:21:49,159.4,12.3,-24.041278,-45.459841
CARLA SILVA,2024-12-14 17:27:19,159.0,12.5,-24.059266,-45.452656
CARLA SILVA,2024-12-14 17:33:00,159.4,12.6,-24.078091,-45.445176
CARLA SILVA,2024-12-14 17:46:20,159.4,12.8,-24.123026,-45.427373
CARLA SILVA,2024-12-14 17:46:40,159.3,12.9,-24.124161,-45.42691
CARLA SILVA,2024-12-14 17:47:09,160.0,12.8,-24.125873,-45.426236
CARLA SILVA,2024-12-14 17:48:09,160.1,12.8,-24.12921,-45.424935
CARLA SILVA,2024-12-14 17:48:19,159.5,12.9,-24.129773,-45.424701
CARLA SILVA,2024-12-14 17:50:59,160.1,12.8,-24.138853,-45.42111
CARLA SILVA,2024-12-14 17:55:50,159.4,13.1,-24.15542,-45.414435
CARLA SILVA,2024-12-14 18:04:11,160.1,13.3,-24.184293,-45.40274
CARLA SILVA,2024-12-14 18:24:09,175.7,13.4,-24.25573,-45.39759
CARLA SILVA,2024-12-14 18:27:40,175.4,13.6,-24.269086,-45.396505
CARLA SILVA,2024-12-14 18:33:02,189.6,13.8,-24.289553,-45.397046
CARLA SILVA,2024-12-14 18:56:32,198.2,14.1,-24.377276,-45.427543
CARLA SILVA,2024-12-14 19:09:44,202.1,13.8,-24.425205,-45.447551
CARLA SILVA,2024-12-14 19:16:43,201.6,13.4,-24.450078,-45.457973
CARLA SILVA,2024-12-14 19:29:54,201.9,13.3,-24.495988,-45.477521
CARLA SILVA,2024-12-14 19:32:43,201.3,13.3,-24.505846,-45.48156
CARLA SILVA,2024-12-14 19:37:54,204.0,13.3,-24.523818,-45.488975
CARLA SILVA,2024-12-14 20:50:50,197.9,13.5,-24.787233,-45.590516
CARLA SILVA,2024-12-14 20:56:02,196.7,13.4,-24.805556,-45.597521
CARLA SILVA,2024-12-14 20:57:21,201.2,13.3,-24.810266,-45.599331
CARLA SILVA,2024-12-14 21:00:30,201.1,13.2,-24.821363,-45.603666
CARLA SILVA,2024-12-14 21:25:32,199.1,13.2,-24.908576,-45.63739
CARLA SILVA,2024-12-14 21:29:22,196.6,12.9,-24.921856,-45.642531
CARLA SILVA,2024-12-14 21:31:32,198.9,13.1,-24.92932,-45.645193
CARLA SILVA,2024-12-14 21:34:22,198.0,12.9,-24.9392,-45.648623
CARLA SILVA,2024-12-14 22:37:41,197.0,12.8,-25.156268,-45.725808
CARLA SILVA,2024-12-14 22:44:30,196.1,12.8,-25.179856,-45.733671
CARLA SILVA,2024-12-14 22:45:21,198.6,12.7,-25.182736,-45.734623
CARLA SILVA,2024-12-14 23:10:32,197.9,12.5,-25.267575,-45.763325
CARLA SILVA,2024-12-15 00:21:42,195.2,12.0,-25.501656,-45.845055
CARLA SILVA,2024-12-15 00:26:02,199.0,11.9,-25.515476,-45.85005
CARLA SILVA,2024-12-15 00:26:51,198.5,12.1,-25.518095,-45.851015
CARLA SILVA,2024-12-15 00:29:31,200.7,12.1,-25.526516,-45.854033
CARLA SILVA,2024-12-15 01:00:21,199.5,11.8,-25.624696,-45.890053
CARLA SILVA,2024-12-15 02:11:21,195.4,12.0,-25.849791,-45.969606
CARLA SILVA,2024-12-15 02:13:31,198.4,11.9,-25.85671,-45.971955
CARLA SILVA,2024-12-15 02:14:11,193.4,11.8,-25.858831,-45.972695
CARLA SILVA,2024-12-15 03:11:31,193.5,12.6,-26.04839,-46.031028
CARLA SILVA,2024-12-15 03:17:31,196.2,12.6,-26.06872,-46.036978
CARLA SILVA,2024-12-15 03:53:40,195.6,12.4,-26.18983,-46.077623
CARLA SILVA,2024-12-15 03:57:12,191.7,12.4,-26.201473,-46.081571
CARLA SILVA,2024-12-15 03:59:51,196.5,12.5,-26.210355,-46.084508
CARLA SILVA,2024-12-15 04:01:40,194.8,12.5,-26.216461,-46.086518
CARLA SILVA,2024-12-15 04:04:50,192.1,12.4,-26.226988,-46.090041
CARLA SILVA,2024-12-15 04:07:10,202.4,12.2,-26.2346,-46.092618
CARLA SILVA,2024-12-15 04:10:19,198.0,12.3,-26.244995,-46.096035
CARLA SILVA,2024-12-15 04:52:01,197.8,12.3,-26.381533,-46.139471
CARLA SILVA,2024-12-15 04:56:22,196.0,12.2,-26.395768,-46.144001
CARLA SILVA,2024-12-15 04:58:51,196.8,12.0,-26.403813,-46.146653
CARLA SILVA,2024-12-15 05:01:41,196.1,12.3,-26.41316,-46.149583
CARLA SILVA,2024-12-15 05:45:23,206.8,12.0,-26.555705,-46.203578
CARLA SILVA,2024-12-15 05:46:09,200.7,12.1,-26.558318,-46.20459
CARLA SILVA,2024-12-15 05:48:03,197.7,12.3,-26.564243,-46.206983
CARLA SILVA,2024-12-15 05:48:10,199.5,12.2,-26.56478,-46.207196
CARLA SILVA,2024-12-15 05:52:29,198.5,12.3,-26.57862,-46.21281
CARLA SILVA,2024-12-15 06:44:42,209.9,12.2,-26.74473,-46.284246
CARLA SILVA,2024-12-15 07:25:30,191.0,12.4,-26.876511,-46.329308
CARLA SILVA,2024-12-15 07:27:51,195.0,12.5,-26.88455,-46.331123
CARLA SILVA,2024-12-15 07:38:11,190.3,12.3,-26.919733,-46.338843
CARLA SILVA,2024-12-15 08:20:51,203.5,12.3,-27.059506,-46.381863
CARLA SILVA,2024-12-15 08:29:11,200.9,12.3,-27.086433,-46.392728
CARLA SILVA,2024-12-15 08:39:21,205.1,12.2,-27.118978,-46.406933
CARLA SILVA,2024-12-15 08:43:32,196.1,12.3,-27.132395,-46.412928
CARLA SILVA,2024-12-15 09:18:01,233.3,12.9,-27.241588,-46.471045
CARLA SILVA,2024-12-15 09:20:21,229.6,13.1,-27.247031,-46.478441
CARLA SILVA,2024-12-15 09:21:12,228.8,13.2,-27.248978,-46.481006
CARLA SILVA,2024-12-15 09:23:11,229.7,13.3,-27.253778,-46.487341
CARLA SILVA,2024-12-15 09:50:22,230.0,13.3,-27.319963,-46.57307
CARLA SILVA,2024-12-15 09:54:21,224.9,13.5,-27.329806,-46.585526
CARLA SILVA,2024-12-15 09:57:11,228.4,13.4,-27.336866,-46.594553
CARLA SILVA,2024-12-15 10:06:22,226.1,13.4,-27.359643,-46.62321
CARLA SILVA,2024-12-15 10:10:31,226.7,13.4,-27.369866,-46.63636
CARLA SILVA,2024-12-15 10:23:31,228.1,13.2,-27.401531,-46.677435
CARLA SILVA,2024-12-15 10:28:21,226.5,13.2,-27.413461,-46.692395
CARLA SILVA,2024-12-15 10:32:11,227.6,13.2,-27.422955,-46.70437
CARLA SILVA,2024-12-15 11:01:01,226.6,13.3,-27.493996,-46.795291
CARLA SILVA,2024-12-15 11:01:13,228.6,13.3,-27.494758,-46.796295
CARLA SILVA,2024-12-15 11:03:20,225.1,13.4,-27.499723,-46.802491
CARLA SILVA,2024-12-15 11:05:41,228.1,13.3,-27.505556,-46.809828
CARLA SILVA,2024-12-15 11:35:21,227.2,13.5,-27.580575,-46.902011
CARLA SILVA,2024-12-15 11:43:40,226.2,13.6,-27.602298,-46.92795
CARLA SILVA,2024-12-15 11:44:40,226.5,13.7,-27.604931,-46.931071
CARLA SILVA,2024-12-15 11:46:31,226.9,13.6,-27.609706,-46.936785
CARLA SILVA,2024-12-15 11:47:00,225.9,13.6,-27.610976,-46.938271
CARLA SILVA,2024-12-15 11:47:31,225.1,13.6,-27.612318,-46.939858
CARLA SILVA,2024-12-15 11:48:10,226.0,13.6,-27.614061,-46.941916
CARLA SILVA,2024-12-15 11:48:30,226.9,13.5,-27.614886,-46.942891
CARLA SILVA,2024-12-15 11:55:40,229.4,13.4,-27.633606,-46.964825
CARLA SILVA,2024-12-15 11:56:52,227.4,13.4,-27.636676,-46.968423
CARLA SILVA,2024-12-15 12:12:01,224.0,13.4,-27.676453,-47.014446
CARLA SILVA,2024-12-15 12:14:42,226.2,13.3,-27.683396,-47.022525
CARLA SILVA,2024-12-15 12:42:40,230.4,13.6,-27.754738,-47.11002
CARLA SILVA,2024-12-15 12:49:10,229.2,13.6,-27.770558,-47.131486
CARLA SILVA,2024-12-15 12:50:02,234.0,13.5,-27.772566,-47.13425
CARLA SILVA,2024-12-15 13:19:01,230.8,13.7,-27.843056,-47.229536
CARLA SILVA,2024-12-15 13:22:10,230.8,13.8,-27.850878,-47.24
CARLA SILVA,2024-12-15 13:30:30,231.3,13.6,-27.871725,-47.267388
CARLA SILVA,2024-12-15 13:55:00,228.9,13.6,-27.933098,-47.346153
CARLA SILVA,2024-12-15 14:00:01,228.0,13.5,-27.94566,-47.362186
CARLA SILVA,2024-12-15 14:29:42,229.9,13.6,-28.020271,-47.457908
CARLA SILVA,2024-12-15 14:32:42,227.1,13.6,-28.027838,-47.467578
CARLA SILVA,2024-12-15 14:43:51,229.6,13.7,-28.055961,-47.503146
CARLA SILVA,2024-12-15 15:09:41,228.2,12.8,-28.120171,-47.583436
CARLA SILVA,2024-12-15 15:20:42,242.7,12.9,-28.141673,-47.620446
CARLA SILVA,2024-12-15 15:46:11,230.2,12.8,-28.201476,-47.698858
CARLA SILVA,2024-12-15 16:09:22,228.9,12.7,-28.258206,-47.766321
CARLA SILVA,2024-12-15 16:13:11,221.4,12.6,-28.26764,-47.777196
CARLA SILVA,2024-12-15 16:25:01,227.4,12.7,-28.297081,-47.811325
CARLA SILVA,2024-12-15 16:25:10,225.7,12.7,-28.297423,-47.811691
CARLA SILVA,2024-12-15 16:25:41,226.4,12.7,-28.29875,-47.81323
CARLA SILVA,2024-12-15 16:26:01,228.8,12.7,-28.299585,-47.814183
CARLA SILVA,2024-12-15 16:26:41,227.5,12.7,-28.301231,-47.8161
CARLA SILVA,2024-12-15 16:28:30,226.1,12.8,-28.305731,-47.821253
CARLA SILVA,2024-12-15 16:29:30,227.1,12.8,-28.308346,-47.824226
CARLA SILVA,2024-12-15 16:32:41,224.6,12.8,-28.316246,-47.833446
CARLA SILVA,2024-12-15 16:32:42,224.6,12.8,-28.316246,-47.833446
CARLA SILVA,2024-12-15 16:50:00,227.0,12.7,-28.358946,-47.883963
CARLA SILVA,2024-12-15 16:50:32,227.7,12.6,-28.36025,-47.885535
CARLA SILVA,2024-12-15 16:53:01,229.5,12.7,-28.366223,-47.892808
CARLA SILVA,2024-12-15 16:55:10,228.4,12.7,-28.371111,-47.898695
CARLA SILVA,2024-12-15 16:59:42,228.9,12.8,-28.382216,-47.912793
CARLA SILVA,2024-12-15 17:05:02,235.3,12.8,-28.394513,-47.92926
CARLA SILVA,2024-12-15 17:24:40,232.3,12.9,-28.43973,-47.990746
CARLA SILVA,2024-12-15 17:56:31,227.9,13.1,-28.513931,-48.090746
CARLA SILVA,2024-12-15 17:58:52,228.1,13.0,-28.519525,-48.098023
CARLA SILVA,2024-12-15 18:03:18,230.4,13.0,-28.530286,-48.11195
CARLA SILVA,2024-12-15 18:04:49,229.4,13.0,-28.533923,-48.11667
CARLA SILVA,2024-12-15 18:17:11,225.9,13.0,-28.563586,-48.154606
CARLA SILVA,2024-12-15 18:30:51,231.5,12.9,-28.596406,-48.19658
CARLA SILVA,2024-12-15 18:34:02,228.4,13.0,-28.604076,-48.206433
CARLA SILVA,2024-12-15 18:44:10,229.3,13.1,-28.628775,-48.237553
CARLA SILVA,2024-12-15 18:46:21,228.9,13.0,-28.634045,-48.24423
CARLA SILVA,2024-12-15 19:06:22,229.4,12.9,-28.682043,-48.305526
CARLA SILVA,2024-12-15 19:40:22,229.6,12.4,-28.761428,-48.409288
CARLA SILVA,2024-12-15 19:46:21,230.5,12.6,-28.77462,-48.427618
CARLA SILVA,2024-12-15 19:56:31,233.8,12.5,-28.796913,-48.459396
CARLA SILVA,2024-12-15 19:59:31,228.8,12.6,-28.803566,-48.468748
CARLA SILVA,2024-12-15 20:02:22,230.8,12.7,-28.810091,-48.477601
CARLA SILVA,2024-12-15 20:29:30,231.7,12.8,-28.871831,-48.562448
CARLA SILVA,2024-12-15 20:32:20,228.5,12.9,-28.878921,-48.571486
CARLA SILVA,2024-12-15 21:37:52,224.0,13.1,-29.044403,-48.765386
CARLA SILVA,2024-12-15 21:44:11,224.9,13.2,-29.060136,-48.784208
CARLA SILVA,2024-12-15 21:44:51,225.4,13.2,-29.062163,-48.786525
CARLA SILVA,2024-12-15 22:06:20,227.3,13.3,-29.115075,-48.855493
CARLA SILVA,2024-12-15 22:11:50,225.6,13.2,-29.128346,-48.87294
CARLA SILVA,2024-12-15 22:14:10,227.8,13.2,-29.13409,-48.880395
CARLA SILVA,2024-12-15 23:17:21,227.3,13.4,-29.286445,-49.079271
CARLA SILVA,2024-12-15 23:19:11,229.7,13.4,-29.290871,-49.085245
CARLA SILVA,2024-12-15 23:26:42,227.0,13.4,-29.309165,-49.10966
CARLA SILVA,2024-12-15 23:50:50,232.1,13.4,-29.367463,-49.188965
CARLA SILVA,2024-12-15 23:56:10,231.2,13.7,-29.380526,-49.206495
CARLA SILVA,2024-12-15 23:58:41,228.4,13.7,-29.38673,-49.214928
CARLA SILVA,2024-12-16 00:01:31,231.6,13.8,-29.393813,-49.224425
CARLA SILVA,2024-12-16 01:09:32,226.9,13.2,-29.561976,-49.441801
CARLA SILVA,2024-12-16 01:10:31,227.3,13.1,-29.56444,-49.444938
CARLA SILVA,2024-12-16 01:15:10,227.8,13.0,-29.575746,-49.459485
CARLA SILVA,2024-12-16 01:15:21,228.5,13.0,-29.57614,-49.459996
CARLA SILVA,2024-12-16 01:20:30,226.6,12.9,-29.588685,-49.475893
CARLA SILVA,2024-12-16 01:39:00,227.6,13.0,-29.633555,-49.533036
CARLA SILVA,2024-12-16 01:45:30,228.4,13.0,-29.649425,-49.553218
CARLA SILVA,2024-12-16 02:10:40,224.1,13.1,-29.715731,-49.624966
CARLA SILVA,2024-12-16 03:00:22,231.3,10.4,-29.827695,-49.760458
CARLA SILVA,2024-12-16 03:10:50,226.4,10.3,-29.847358,-49.786988
CARLA SILVA,2024-12-16 03:19:30,229.1,10.4,-29.863588,-49.808865
CARLA SILVA,2024-12-16 03:56:30,231.9,8.9,-29.93062,-49.902553
CARLA SILVA,2024-12-16 04:01:01,234.7,8.8,-29.937691,-49.912475
CARLA SILVA,2024-12-16 04:34:40,140.0,0.9,-29.966808,-49.950115
CARLA SILVA,2024-12-16 04:37:32,145.1,1.3,-29.967311,-49.949288
CARLA SILVA,2024-12-16 04:41:40,97.0,1.8,-29.96771,-49.948125
CARLA SILVA,2024-12-16 04:45:00,78.4,0.8,-29.967755,-49.947275
CARLA SILVA,2024-12-16 04:55:20,73.1,1.7,-29.966965,-49.944701
CARLA SILVA,2024-12-16 05:44:50,36.0,1.7,-29.951151,-49.935566
CARLA SILVA,2024-12-16 06:19:11,32.9,2.7,-29.93564,-49.931415
CARLA SILVA,2024-12-16 06:21:51,38.0,1.5,-29.934531,-49.930975
CARLA SILVA,2024-12-16 06:27:00,0.1,1.7,-29.932335,-49.930295
CARLA SILVA,2024-12-16 06:29:49,0.5,1.3,-29.931271,-49.929946
CARLA SILVA,2024-12-16 06:30:00,346.2,1.3,-29.931206,-49.929933
CARLA SILVA,2024-12-16 06:36:09,51.4,1.3,-29.928971,-49.92883
CARLA SILVA,2024-12-16 06:38:21,22.2,1.5,-29.928191,-49.928416
CARLA SILVA,2024-12-16 07:29:01,186.3,8.7,-29.943501,-49.92094
CARLA SILVA,2024-12-16 08:13:11,207.3,9.4,-30.048941,-49.965536
CARLA SILVA,2024-12-16 08:19:11,202.6,9.4,-30.063038,-49.973558
CARLA SILVA,2024-12-16 08:19:39,200.7,9.4,-30.064226,-49.974225
CARLA SILVA,2024-12-16 08:23:01,200.6,9.5,-30.072248,-49.978813
CARLA SILVA,2024-12-16 08:52:10,170.0,9.3,-30.144405,-49.990625
CARLA SILVA,2024-12-16 08:54:11,168.0,9.3,-30.14954,-49.98964
CARLA SILVA,2024-12-16 08:56:32,170.5,9.2,-30.155575,-49.988756
CARLA SILVA,2024-12-16 09:12:21,29.6,8.3,-30.170558,-49.972808
CARLA SILVA,2024-12-16 09:18:40,32.3,10.0,-30.155886,-49.964051
CARLA SILVA,2024-12-16 09:21:31,30.1,10.2,-30.148853,-49.959691
CARLA SILVA,2024-12-16 09:25:50,35.6,10.3,-30.138,-49.952811
CARLA SILVA,2024-12-16 09:52:31,17.9,10.7,-30.065843,-49.918263
CARLA SILVA,2024-12-16 09:59:10,22.3,10.6,-30.047068,-49.910976
CARLA SILVA,2024-12-16 10:01:50,19.3,10.6,-30.039483,-49.908496
CARLA SILVA,2024-12-16 10:01:51,19.3,10.6,-30.039483,-49.908496
CARLA SILVA,2024-12-16 10:04:50,330.2,8.5,-30.031453,-49.90869
CARLA SILVA,2024-12-16 10:06:22,310.1,8.3,-30.02877,-49.911446
CARLA SILVA,2024-12-16 10:40:40,269.9,5.7,-29.993128,-49.994425
CARLA SILVA,2024-12-16 10:51:11,276.7,3.4,-29.993065,-50.00972
CARLA SILVA,2024-12-16 10:53:11,255.2,3.3,-29.9933,-50.011941
CARLA SILVA,2024-12-16 11:04:22,258.1,1.7,-29.99473,-50.022076
CARLA SILVA,2024-12-16 11:16:00,70.5,0.1,-29.99576,-50.025588
CARLA SILVA,2024-12-16 11:32:30,359.1,0.2,-29.994045,-50.024708
CARLA SILVA,2024-12-16 11:33:01,347.3,0.5,-29.994026,-50.024671
CARLA SILVA,2024-12-16 11:34:51,301.4,1.5,-29.99386,-50.024518
CARLA SILVA,2024-12-16 11:35:01,301.9,1.9,-29.993846,-50.024501
CARLA SILVA,2024-12-16 11:36:01,332.8,0.5,-29.993765,-50.024428
CARLA SILVA,2024-12-16 11:43:50,95.6,0.0,-29.994071,-50.024841
CARLA SILVA,2024-12-16 11:46:11,298.4,0.1,-29.993946,-50.024991
CARLA SILVA,2024-12-16 11:46:42,357.5,0.3,-29.993911,-50.025016
CARLA SILVA,2024-12-16 11:49:00,65.8,0.1,-29.993758,-50.025188
CARLA SILVA,2024-12-16 11:50:11,274.1,0.2,-29.993768,-50.025275
CARLA SILVA,2024-12-16 12:14:25,273.2,0.1,-29.99371,-50.02524
CARLA SILVA,2024-12-16 15:17:26,233.8,0.4,-29.993943,-50.025998
CARLA SILVA,2024-12-16 15:59:26,8.2,1.2,-29.99372,-50.025178
CARLA SILVA,2024-12-16 16:20:25,299.8,0.1,-29.993791,-50.025523
CARLA SILVA,2024-12-16 16:59:25,267.1,0.8,-29.993778,-50.024801
CARLA SILVA,2024-12-16 18:17:24,72.2,1.3,-29.993803,-50.02501
CARLA SILVA,2024-12-16 22:26:26,251.6,0.6,-29.99383,-50.026193
CARLA SILVA,2024-12-17 01:53:26,333.2,0.4,-29.993985,-50.0262
CARLA SILVA,2024-12-17 04:35:26,283.8,1.1,-29.993913,-50.025893
CARLA SILVA,2024-12-17 05:23:25,261.1,0.2,-29.994071,-50.026368
CARLA SILVA,2024-12-17 08:59:26,117.6,0.1,-29.994071,-50.025206
CARLA SILVA,2024-12-17 09:08:25,259.6,0.3,-29.993981,-50.025616
CARLA SILVA,2024-12-17 10:50:25,94.2,0.3,-29.993991,-50.02575
CARLA SILVA,2024-12-17 11:20:25,40.4,0.2,-29.993966,-50.025951
CARLA SILVA,2024-12-17 11:29:26,281.7,1.1,-29.994021,-50.026168
CARLA SILVA,2024-12-17 11:41:25,74.4,0.5,-29.994021,-50.026406
CARLA SILVA,2024-12-17 12:53:25,91.9,0.3,-29.994048,-50.02641
CARLA SILVA,2024-12-17 13:41:26,66.4,0.1,-29.994028,-50.026636
CARLA SILVA,2024-12-17 14:59:26,42.0,0.2,-29.994306,-50.027251
CARLA SILVA,2024-12-17 16:11:26,311.2,0.2,-29.994223,-50.027015
CARLA SILVA,2024-12-17 18:11:25,205.9,0.1,-29.994516,-50.027566
CARLA SILVA,2024-12-17 18:14:25,34.3,0.1,-29.994558,-50.027578
CARLA SILVA,2024-12-17 18:29:24,249.0,0.1,-29.994193,-50.027163
CARLA SILVA,2024-12-17 18:35:24,258.8,0.3,-29.99449,-50.027298
CARLA SILVA,2024-12-17 23:14:25,141.0,0.2,-29.994446,-50.027376
CARLA SILVA,2024-12-17 23:17:25,252.5,0.3,-29.994626,-50.027445
CARLA SILVA,2024-12-18 03:44:25,234.7,0.1,-29.99469,-50.027813
CARLA SILVA,2024-12-18 06:05:26,235.4,0.0,-29.994963,-50.028206
CARLA SILVA,2024-12-18 06:14:25,343.5,0.0,-29.995036,-50.028116
CARLA SILVA,2024-12-18 07:23:26,60.3,0.0,-29.995176,-50.028263
CARLA SILVA,2024-12-18 09:11:26,235.2,0.0,-29.995118,-50.028233
CARLA SILVA,2024-12-18 09:41:25,76.0,0.1,-29.994968,-50.028163
CARLA SILVA,2024-12-18 09:50:25,172.1,0.0,-29.995088,-50.028271
CARLA SILVA,2024-12-18 09:53:25,160.4,0.0,-29.995056,-50.028243
CARLA SILVA,2024-12-18 11:08:25,16.9,0.1,-29.995218,-50.028236
CARLA SILVA,2024-12-18 11:08:26,16.9,0.1,-29.995218,-50.028236
CARLA SILVA,2024-12-18 12:47:25,356.8,0.1,-29.99539,-50.028421
CARLA SILVA,2024-12-18 14:29:26,253.6,0.0,-29.995665,-50.028706
CARLA SILVA,2024-12-18 16:47:25,28.2,0.1,-29.995986,-50.028893
CARLA SILVA,2024-12-18 20:32:25,205.4,0.1,-29.997708,-50.029171
CARLA SILVA,2024-12-18 22:11:26,166.9,0.1,-29.998081,-50.029101
CARLA SILVA,2024-12-18 22:47:26,160.2,0.2,-29.998058,-50.028968
CARLA SILVA,2024-12-19 00:14:25,350.6,0.3,-29.997473,-50.02938
CARLA SILVA,2024-12-19 05:14:26,187.3,0.3,-29.999508,-50.02836
CARLA SILVA,2024-12-19 09:59:26,353.5,0.4,-29.99956,-50.028153
CARLA SILVA,2024-12-19 12:20:25,105.7,0.2,-29.998851,-50.0288
CARLA SILVA,2024-12-19 12:26:25,291.4,0.6,-29.99937,-50.028505
CARLA SILVA,2024-12-19 12:29:25,345.1,0.2,-29.999418,-50.028498
CARLA SILVA,2024-12-19 13:59:25,161.1,0.3,-29.999218,-50.028606
CARLA SILVA,2024-12-19 14:35:26,289.3,0.0,-29.998865,-50.028921
CARLA SILVA,2024-12-19 14:38:26,8.1,0.0,-29.998826,-50.028898
CARLA SILVA,2024-12-19 16:01:37,245.5,0.6,-29.998206,-50.02741
CARLA SILVA,2024-12-19 16:20:05,225.9,7.3,-30.014796,-50.034853
CARLA SILVA,2024-12-19 16:25:55,225.3,6.2,-30.022451,-50.043685
CARLA SILVA,2024-12-19 16:28:55,218.9,5.8,-30.026056,-50.047836
CARLA SILVA,2024-12-19 16:31:47,232.0,5.6,-30.029115,-50.051581
CARLA SILVA,2024-12-19 16:51:25,252.4,2.8,-30.044328,-50.074356
CARLA SILVA,2024-12-19 17:23:06,30.7,0.7,-30.03706,-50.082883
CARLA SILVA,2024-12-19 17:27:16,28.0,0.5,-30.036341,-50.082423
CARLA SILVA,2024-12-19 17:28:07,32.2,0.4,-30.036211,-50.082395
CARLA SILVA,2024-12-19 17:28:16,34.0,0.5,-30.036186,-50.082391
CARLA SILVA,2024-12-19 17:28:24,2.5,0.4,-30.036163,-50.082391
CARLA SILVA,2024-12-19 17:29:46,330.6,0.4,-30.035973,-50.08242
CARLA SILVA,2024-12-19 17:32:14,14.5,0.4,-30.035588,-50.082286
CARLA SILVA,2024-12-19 17:33:14,9.4,0.3,-30.035451,-50.082265
CARLA SILVA,2024-12-19 18:01:17,95.4,0.1,-30.033286,-50.07876
CARLA SILVA,2024-12-20 11:06:52,128.5,4.0,-30.039531,-50.078473
CARLA SILVA,2024-12-20 11:17:41,26.2,4.6,-30.033583,-50.066211
CARLA SILVA,2024-12-20 11:40:52,352.3,2.2,-30.014331,-50.065738
CARLA SILVA,2024-12-20 11:48:40,9.6,1.7,-30.009985,-50.065653
CARLA SILVA,2024-12-20 12:07:26,0.2,1.2,-30.002058,-50.06528
CARLA SILVA,2024-12-20 12:07:42,12.3,1.2,-30.001928,-50.065276
CARLA SILVA,2024-12-20 12:07:51,354.2,1.2,-30.001873,-50.06529
CARLA SILVA,2024-12-20 12:08:51,355.5,1.2,-30.001541,-50.065288
CARLA SILVA,2024-12-20 12:09:27,10.4,1.2,-30.001378,-50.06529
CARLA SILVA,2024-12-20 12:09:51,5.0,1.2,-30.001211,-50.06529
CARLA SILVA,2024-12-20 12:13:02,359.7,1.2,-30.000081,-50.06526
CARLA SILVA,2024-12-20 12:13:51,343.1,1.2,-29.999766,-50.065281
CARLA SILVA,2024-12-20 12:26:13,85.0,7.9,-29.993945,-50.051565
CARLA SILVA,2024-12-20 12:54:40,78.8,12.5,-29.979206,-49.95332
CARLA SILVA,2024-12-20 13:02:31,78.7,12.5,-29.974061,-49.922436
CARLA SILVA,2024-12-20 13:13:31,79.6,12.6,-29.966841,-49.878996
CARLA SILVA,2024-12-20 13:14:31,79.8,12.6,-29.966198,-49.874981
CARLA SILVA,2024-12-20 13:15:31,79.5,12.6,-29.965556,-49.871051
CARLA SILVA,2024-12-20 13:17:10,79.5,12.6,-29.964501,-49.864428
CARLA SILVA,2024-12-20 13:17:23,79.7,12.6,-29.964381,-49.863703
CARLA SILVA,2024-12-20 13:17:31,79.2,12.6,-29.964281,-49.86311
CARLA SILVA,2024-12-20 13:27:52,80.1,12.7,-29.957573,-49.821678
CARLA SILVA,2024-12-20 13:30:12,79.4,12.7,-29.956083,-49.812308
CARLA SILVA,2024-12-20 13:34:02,80.2,12.7,-29.95363,-49.796985
CARLA SILVA,2024-12-20 13:37:52,79.6,12.7,-29.951238,-49.781631
CARLA SILVA,2024-12-20 13:40:12,79.7,12.7,-29.949723,-49.772191
CARLA SILVA,2024-12-20 13:47:20,80.2,12.7,-29.945188,-49.743461
CARLA SILVA,2024-12-20 14:43:12,42.0,13.0,-29.812881,-49.57656
CARLA SILVA,2024-12-20 14:47:11,43.1,13.0,-29.802248,-49.565306
CARLA SILVA,2024-12-20 14:49:23,42.8,13.0,-29.79641,-49.559123
CARLA SILVA,2024-12-20 15:01:11,42.0,12.8,-29.764928,-49.525921
CARLA SILVA,2024-12-20 15:18:02,42.5,13.0,-29.720288,-49.478646
CARLA SILVA,2024-12-20 15:21:21,42.7,13.0,-29.711353,-49.469071
CARLA SILVA,2024-12-20 15:21:52,41.8,13.0,-29.710076,-49.467718
CARLA SILVA,2024-12-20 15:53:12,42.3,12.9,-29.626365,-49.379306
CARLA SILVA,2024-12-20 15:58:31,42.2,13.0,-29.612248,-49.364426
CARLA SILVA,2024-12-20 16:32:42,43.4,12.9,-29.521061,-49.268891
CARLA SILVA,2024-12-20 16:42:41,41.8,12.9,-29.494463,-49.241018
CARLA SILVA,2024-12-20 16:57:10,42.6,12.8,-29.456058,-49.201135
CARLA SILVA,2024-12-20 17:36:43,44.0,12.8,-29.352018,-49.092323
CARLA SILVA,2024-12-20 17:40:49,42.4,12.8,-29.341148,-49.080956
CARLA SILVA,2024-12-20 17:41:30,42.3,12.8,-29.339348,-49.07906
CARLA SILVA,2024-12-20 17:41:49,42.5,12.8,-29.338461,-49.078131
CARLA SILVA,2024-12-20 17:42:01,43.0,12.8,-29.337956,-49.077608
CARLA SILVA,2024-12-20 17:42:10,43.5,12.8,-29.337565,-49.077193
CARLA SILVA,2024-12-20 17:46:11,43.0,12.8,-29.326986,-49.066038
CARLA SILVA,2024-12-20 17:46:50,43.1,12.8,-29.325295,-49.064205
CARLA SILVA,2024-12-20 18:26:42,44.2,12.7,-29.222845,-48.952211
CARLA SILVA,2024-12-20 19:17:10,43.0,12.6,-29.092175,-48.813293
CARLA SILVA,2024-12-20 19:20:50,43.6,12.5,-29.082796,-48.803188
CARLA SILVA,2024-12-20 19:22:50,44.2,12.5,-29.077698,-48.797793
CARLA SILVA,2024-12-20 20:07:01,45.6,12.5,-28.968273,-48.675966
CARLA SILVA,2024-12-20 20:09:51,45.3,12.5,-28.961561,-48.668166
CARLA SILVA,2024-12-20 20:15:21,45.3,12.5,-28.947866,-48.652385
CARLA SILVA,2024-12-20 21:55:11,45.4,12.5,-28.70253,-48.379876
CARLA SILVA,2024-12-20 21:58:22,45.8,12.5,-28.694621,-48.37089
CARLA SILVA,2024-12-20 22:22:13,42.2,12.5,-28.635438,-48.304656
CARLA SILVA,2024-12-20 23:38:41,22.9,12.7,-28.41417,-48.140235
CARLA SILVA,2024-12-20 23:43:42,24.2,12.7,-28.397708,-48.132391
CARLA SILVA,2024-12-21 00:35:42,17.3,12.6,-28.227868,-48.053611
CARLA SILVA,2024-12-21 00:39:21,19.7,12.6,-28.215843,-48.04823
CARLA SILVA,2024-12-21 01:23:40,24.4,12.5,-28.07159,-47.982945
CARLA SILVA,2024-12-21 01:24:51,27.5,12.6,-28.067865,-47.98101
CARLA SILVA,2024-12-21 01:25:12,27.3,12.6,-28.066748,-47.980433
CARLA SILVA,2024-12-21 01:25:51,25.7,12.6,-28.064616,-47.979345
CARLA SILVA,2024-12-21 01:26:11,26.3,12.6,-28.063543,-47.978806
CARLA SILVA,2024-12-21 01:26:42,25.9,12.6,-28.061935,-47.978003
CARLA SILVA,2024-12-21 01:26:51,26.5,12.5,-28.061455,-47.977758
CARLA SILVA,2024-12-21 01:27:11,23.2,12.6,-28.06038,-47.977233
CARLA SILVA,2024-12-21 01:27:31,23.8,12.6,-28.059251,-47.976683
CARLA SILVA,2024-12-21 01:27:42,24.3,12.6,-28.058663,-47.976385
CARLA SILVA,2024-12-21 01:28:31,23.9,12.6,-28.056033,-47.975078
CARLA SILVA,2024-12-21 01:28:32,23.9,12.6,-28.056033,-47.975078
CARLA SILVA,2024-12-21 01:29:42,23.7,12.6,-28.0522,-47.973216
CARLA SILVA,2024-12-21 01:33:32,21.6,12.7,-28.039943,-47.967133
CARLA SILVA,2024-12-21 02:17:30,1.2,13.0,-27.887201,-47.936026
CARLA SILVA,2024-12-21 02:17:31,1.2,13.0,-27.887201,-47.936026
CARLA SILVA,2024-12-21 02:18:32,359.2,13.0,-27.88346,-47.936048
CARLA SILVA,2024-12-21 02:20:51,358.0,13.0,-27.875133,-47.936235
CARLA SILVA,2024-12-21 02:20:52,358.0,13.0,-27.875133,-47.936235
CARLA SILVA,2024-12-21 02:21:12,356.9,12.9,-27.87381,-47.936325
CARLA SILVA,2024-12-21 02:21:32,355.3,12.9,-27.87262,-47.9364
CARLA SILVA,2024-12-21 02:21:51,357.0,12.9,-27.871473,-47.936483
CARLA SILVA,2024-12-21 02:24:22,357.0,13.0,-27.862415,-47.937143
CARLA SILVA,2024-12-21 02:24:30,356.6,13.0,-27.861878,-47.937176
CARLA SILVA,2024-12-21 02:29:22,355.7,13.0,-27.844378,-47.938415
CARLA SILVA,2024-12-21 03:09:02,356.6,13.0,-27.699638,-47.949081
CARLA SILVA,2024-12-21 03:14:32,357.0,12.9,-27.679715,-47.950588
CARLA SILVA,2024-12-21 03:20:21,356.4,12.9,-27.65871,-47.952183
CARLA SILVA,2024-12-21 03:22:51,355.7,13.0,-27.649643,-47.952948
CARLA SILVA,2024-12-21 04:55:52,355.3,13.0,-27.315043,-47.985513
CARLA SILVA,2024-12-21 04:56:43,353.5,13.0,-27.312003,-47.985833
CARLA SILVA,2024-12-21 04:59:42,355.4,13.0,-27.301228,-47.987038
CARLA SILVA,2024-12-21 05:00:32,355.3,13.0,-27.298231,-47.987355
CARLA SILVA,2024-12-21 06:05:20,352.6,12.7,-27.066496,-48.013556
CARLA SILVA,2024-12-21 06:09:11,354.0,12.8,-27.052843,-48.015231
CARLA SILVA,2024-12-21 06:11:22,354.9,12.9,-27.04507,-48.016135
CARLA SILVA,2024-12-21 06:34:43,354.2,12.9,-26.961595,-48.025796
CARLA SILVA,2024-12-21 07:16:10,333.4,13.0,-26.822673,-48.092991
CARLA SILVA,2024-12-21 07:19:40,334.7,13.0,-26.811268,-48.099186
CARLA SILVA,2024-12-21 07:31:11,336.2,12.9,-26.773355,-48.118741
CARLA SILVA,2024-12-21 07:41:30,334.9,13.0,-26.739245,-48.135953
CARLA SILVA,2024-12-21 07:50:51,335.8,13.0,-26.708328,-48.151443
CARLA SILVA,2024-12-21 08:22:52,335.1,12.9,-26.603673,-48.205976
CARLA SILVA,2024-12-21 08:56:33,336.5,12.9,-26.493791,-48.263076
CARLA SILVA,2024-12-21 08:58:51,334.8,12.9,-26.48621,-48.26697
CARLA SILVA,2024-12-21 09:04:21,335.0,12.9,-26.468371,-48.276238
CARLA SILVA,2024-12-21 09:14:52,334.6,12.9,-26.434093,-48.294146
CARLA SILVA,2024-12-21 09:19:20,334.2,12.9,-26.419576,-48.30173
CARLA SILVA,2024-12-21 09:31:10,334.6,12.3,-26.381906,-48.32153
CARLA SILVA,2024-12-21 09:43:31,340.5,11.4,-26.343931,-48.340556
CARLA SILVA,2024-12-21 10:07:11,341.7,9.4,-26.279148,-48.366886
CARLA SILVA,2024-12-21 10:09:13,346.1,8.7,-26.274271,-48.368556
CARLA SILVA,2024-12-21 10:10:13,347.8,8.5,-26.271911,-48.369055
CARLA SILVA,2024-12-21 10:12:31,350.4,8.2,-26.266536,-48.370078
CARLA SILVA,2024-12-21 10:14:53,350.0,8.0,-26.261335,-48.37114
CARLA SILVA,2024-12-21 10:17:31,349.6,7.8,-26.255533,-48.372396
CARLA SILVA,2024-12-21 10:40:12,329.0,5.2,-26.224145,-48.381988
CARLA SILVA,2024-12-21 10:58:51,329.7,2.4,-26.207708,-48.393056
CARLA SILVA,2024-12-21 11:04:40,343.4,2.2,-26.204308,-48.395465
CARLA SILVA,2024-12-21 11:11:32,54.4,1.8,-26.200306,-48.393893
CARLA SILVA,2024-12-21 11:11:52,56.7,1.8,-26.200196,-48.393723
CARLA SILVA,2024-12-21 11:26:12,313.4,0.4,-26.199658,-48.391291
CARLA SILVA,2024-12-21 11:55:41,343.4,0.0,-26.199038,-48.39226
CARLA SILVA,2024-12-21 11:56:32,299.4,0.0,-26.19901,-48.392303
CARLA SILVA,2024-12-21 11:57:41,255.1,0.0,-26.19903,-48.392276
CARLA SILVA,2024-12-21 11:59:21,296.8,0.0,-26.199003,-48.39229
CARLA SILVA,2024-12-21 12:02:12,239.3,0.0,-26.199001,-48.392326
CARLA SILVA,2024-12-21 12:06:31,207.5,0.0,-26.199023,-48.392358
CARLA SILVA,2024-12-21 12:09:21,13.6,0.0,-26.199046,-48.392333
CARLA SILVA,2024-12-21 12:13:41,166.0,0.0,-26.199098,-48.392373
CARLA SILVA,2024-12-21 12:33:22,200.7,0.0,-26.199441,-48.392588
CARLA SILVA,2024-12-21 12:35:12,197.3,0.0,-26.199476,-48.392603
CARLA SILVA,2024-12-21 12:36:11,75.7,0.0,-26.19949,-48.392618
CARLA SILVA,2024-12-21 12:40:01,225.6,0.0,-26.199495,-48.392578
CARLA SILVA,2024-12-21 12:42:32,251.5,0.0,-26.199493,-48.392611
CARLA SILVA,2024-12-21 12:47:52,191.7,0.0,-26.199506,-48.392718
CARLA SILVA,2024-12-21 13:47:02,357.0,0.0,-26.199603,-48.392771
CARLA SILVA,2024-12-21 13:58:51,19.4,0.0,-26.199533,-48.392718
CARLA SILVA,2024-12-21 14:02:22,33.3,0.0,-26.19947,-48.392683
CARLA SILVA,2024-12-21 14:16:12,62.1,0.1,-26.199291,-48.392625
CARLA SILVA,2024-12-21 14:22:53,211.4,0.0,-26.199338,-48.392626
CARLA SILVA,2024-12-21 14:30:13,202.1,0.1,-26.199406,-48.392686
CARLA SILVA,2024-12-21 14:52:02,239.3,0.0,-26.199488,-48.392686
CARLA SILVA,2024-12-21 15:20:32,265.5,0.0,-26.199485,-48.392736
CARLA SILVA,2024-12-21 15:27:22,326.4,0.0,-26.199481,-48.392735
CARLA SILVA,2024-12-21 15:33:13,205.0,0.0,-26.199481,-48.392761
CARLA SILVA,2024-12-21 16:04:41,44.8,0.0,-26.199485,-48.392753
CARLA SILVA,2024-12-21 16:07:31,32.2,0.0,-26.199493,-48.392661
CARLA SILVA,2024-12-21 16:10:31,358.7,0.0,-26.199443,-48.392711
CARLA SILVA,2024-12-21 16:18:19,19.4,0.0,-26.199471,-48.392716
CARLA SILVA,2024-12-21 16:18:50,39.6,0.0,-26.199453,-48.39269
CARLA SILVA,2024-12-21 16:18:58,33.9,0.0,-26.19946,-48.392693
CARLA SILVA,2024-12-21 16:19:19,13.9,0.0,-26.199475,-48.392716
CARLA SILVA,2024-12-21 16:24:19,321.1,0.1,-26.199485,-48.392718
CARLA SILVA,2024-12-21 16:26:08,175.5,0.0,-26.19949,-48.392725
CARLA SILVA,2024-12-21 16:26:49,181.4,0.1,-26.199475,-48.392728
CARLA SILVA,2024-12-21 16:36:32,130.7,0.0,-26.199618,-48.39274
CARLA SILVA,2024-12-21 16:39:21,59.0,0.0,-26.199605,-48.392778
CARLA SILVA,2024-12-21 16:43:01,211.3,0.0,-26.199611,-48.39278
CARLA SILVA,2024-12-21 17:09:11,246.3,0.0,-26.199888,-48.392816
CARLA SILVA,2024-12-21 17:12:12,215.3,0.0,-26.199935,-48.392888
CARLA SILVA,2024-12-21 17:15:43,171.0,0.0,-26.200025,-48.392925
CARLA SILVA,2024-12-21 17:55:39,163.3,0.0,-26.200501,-48.392951
CARLA SILVA,2024-12-21 17:56:29,10.9,0.0,-26.20049,-48.392921
CARLA SILVA,2024-12-21 17:56:39,359.9,0.0,-26.200493,-48.392913
CARLA SILVA,2024-12-21 17:56:48,334.4,0.0,-26.200495,-48.392911
CARLA SILVA,2024-12-21 17:57:08,267.4,0.0,-26.200498,-48.392915
CARLA SILVA,2024-12-21 17:57:29,342.2,0.0,-26.200501,-48.392933
CARLA SILVA,2024-12-21 17:57:59,327.3,0.0,-26.200505,-48.392963
CARLA SILVA,2024-12-21 18:00:08,320.1,0.0,-26.200501,-48.392943
CARLA SILVA,2024-12-21 18:05:29,24.1,0.0,-26.200486,-48.392966
CARLA SILVA,2024-12-21 19:05:02,19.2,0.0,-26.200728,-48.392876
CARLA SILVA,2024-12-21 19:07:51,245.0,0.0,-26.20071,-48.392875
CARLA SILVA,2024-12-21 19:10:51,265.8,0.0,-26.200671,-48.392891
CARLA SILVA,2024-12-21 19:13:52,311.2,0.0,-26.200671,-48.392936
CARLA SILVA,2024-12-21 19:15:01,171.9,0.0,-26.200675,-48.392926
CARLA SILVA,2024-12-21 19:45:52,41.0,0.0,-26.200123,-48.39283
CARLA SILVA,2024-12-21 20:55:22,11.7,0.0,-26.199863,-48.392868
CARLA SILVA,2024-12-21 20:57:12,356.7,0.0,-26.199848,-48.392868
CARLA SILVA,2024-12-21 21:19:13,270.9,0.0,-26.200025,-48.392856
CARLA SILVA,2024-12-21 21:25:52,182.8,0.0,-26.200121,-48.392921
CARLA SILVA,2024-12-21 21:32:12,117.2,0.0,-26.20017,-48.39285
CARLA SILVA,2024-12-21 22:36:12,186.7,0.0,-26.200921,-48.392851
CARLA SILVA,2024-12-21 22:36:13,186.7,0.0,-26.200921,-48.392851
CARLA SILVA,2024-12-21 23:09:11,46.6,0.0,-26.20115,-48.392833
CARLA SILVA,2024-12-21 23:14:02,321.0,0.2,-26.20122,-48.39273
CARLA SILVA,2024-12-21 23:40:01,320.1,0.2,-26.201463,-48.392601
CARLA SILVA,2024-12-22 00:16:01,165.2,0.1,-26.2019,-48.392388
CARLA SILVA,2024-12-22 00:21:32,140.4,0.2,-26.201955,-48.392388
CARLA SILVA,2024-12-22 00:25:22,139.4,0.0,-26.20197,-48.392366
CARLA SILVA,2024-12-22 00:26:02,139.7,0.3,-26.201955,-48.392348
CARLA SILVA,2024-12-22 00:27:32,140.2,0.2,-26.201935,-48.392311
CARLA SILVA,2024-12-22 00:28:12,138.7,0.2,-26.201978,-48.392315
CARLA SILVA,2024-12-22 00:34:21,139.5,0.2,-26.202046,-48.392208
CARLA SILVA,2024-12-22 01:08:11,335.3,0.2,-26.202125,-48.391808
CARLA SILVA,2024-12-22 01:11:32,300.5,0.0,-26.202176,-48.391785
CARLA SILVA,2024-12-22 01:12:01,279.2,0.3,-26.20218,-48.391798
CARLA SILVA,2024-12-22 01:12:21,289.7,0.2,-26.202186,-48.39179
CARLA SILVA,2024-12-22 01:13:40,252.4,0.0,-26.202211,-48.391785
CARLA SILVA,2024-12-22 01:14:52,283.2,0.0,-26.202291,-48.391786
CARLA SILVA,2024-12-22 01:15:52,275.0,0.3,-26.202315,-48.391795
CARLA SILVA,2024-12-22 01:16:52,174.3,0.0,-26.202336,-48.391781
CARLA SILVA,2024-12-22 01:16:53,174.3,0.0,-26.202336,-48.391781
CARLA SILVA,2024-12-22 01:17:52,156.8,0.1,-26.202366,-48.39176
CARLA SILVA,2024-12-22 01:18:20,273.4,0.0,-26.202383,-48.391766
CARLA SILVA,2024-12-22 01:22:31,139.3,0.0,-26.202473,-48.391765
CARLA SILVA,2024-12-22 01:25:11,117.3,0.0,-26.202461,-48.39179
CARLA SILVA,2024-12-22 01:47:32,326.0,0.0,-26.202251,-48.391918
CARLA SILVA,2024-12-22 01:49:22,92.4,0.0,-26.202301,-48.391901
CARLA SILVA,2024-12-22 01:49:31,117.6,0.0,-26.202303,-48.391898
CARLA SILVA,2024-12-22 02:09:42,117.5,0.1,-26.20236,-48.391856
CARLA SILVA,2024-12-22 02:16:51,274.1,0.1,-26.202343,-48.391988
CARLA SILVA,2024-12-22 02:20:03,158.7,0.1,-26.202308,-48.392033
CARLA SILVA,2024-12-22 02:47:11,300.9,0.1,-26.202105,-48.392126
CARLA SILVA,2024-12-22 02:59:51,345.4,0.1,-26.202008,-48.392325
CARLA SILVA,2024-12-22 03:54:32,83.1,0.0,-26.201475,-48.392613
CARLA SILVA,2024-12-22 03:55:33,131.5,0.1,-26.201521,-48.392628
CARLA SILVA,2024-12-22 03:56:41,286.9,0.0,-26.201568,-48.392596
CARLA SILVA,2024-12-22 03:59:02,230.4,0.0,-26.201553,-48.392653
CARLA SILVA,2024-12-22 05:10:03,153.4,0.1,-26.201408,-48.392725
CARLA SILVA,2024-12-22 05:40:11,151.2,0.0,-26.201526,-48.392616
CARLA SILVA,2024-12-22 05:41:41,240.8,0.1,-26.201543,-48.392626
CARLA SILVA,2024-12-22 06:13:52,118.7,0.0,-26.20144,-48.392693
CARLA SILVA,2024-12-22 06:18:51,200.7,0.0,-26.201481,-48.392645
CARLA SILVA,2024-12-22 06:22:02,330.8,0.0,-26.201493,-48.392651
CARLA SILVA,2024-12-22 06:49:13,6.6,0.0,-26.201471,-48.392698
CARLA SILVA,2024-12-22 06:54:01,31.8,0.0,-26.201505,-48.392645
CARLA SILVA,2024-12-22 06:59:32,144.5,0.0,-26.201525,-48.39263
CARLA SILVA,2024-12-22 07:19:31,311.7,0.0,-26.201508,-48.392635
CARLA SILVA,2024-12-22 07:25:11,317.6,0.0,-26.201493,-48.39263
CARLA SILVA,2024-12-22 07:29:03,330.4,0.0,-26.201481,-48.392636
CARLA SILVA,2024-12-22 07:33:41,323.1,0.1,-26.201481,-48.39263
CARLA SILVA,2024-12-22 07:36:31,134.6,0.0,-26.201498,-48.392658
CARLA SILVA,2024-12-22 07:54:52,129.9,0.1,-26.201411,-48.392735
CARLA SILVA,2024-12-22 07:57:22,359.8,0.1,-26.201436,-48.39276
CARLA SILVA,2024-12-22 08:03:41,153.3,0.1,-26.201401,-48.392716
CARLA SILVA,2024-12-22 08:16:11,176.9,0.0,-26.201443,-48.39278
CARLA SILVA,2024-12-22 08:23:30,357.9,0.0,-26.201381,-48.39275
CARLA SILVA,2024-12-22 08:25:41,329.2,0.0,-26.201365,-48.39274
CARLA SILVA,2024-12-22 08:35:21,312.0,0.0,-26.201345,-48.392793
CARLA SILVA,2024-12-22 09:07:51,169.4,2.5,-26.205028,-48.387326
CARLA SILVA,2024-12-22 09:09:11,183.7,2.9,-26.2061,-48.387248
CARLA SILVA,2024-12-22 09:12:32,222.0,2.5,-26.20872,-48.38841
CARLA SILVA,2024-12-22 09:17:51,286.8,1.6,-26.209901,-48.392041
CARLA SILVA,2024-12-22 09:42:32,197.0,3.4,-26.22001,-48.406778
CARLA SILVA,2024-12-22 10:08:11,255.4,1.8,-26.241788,-48.412668
CARLA SILVA,2024-12-22 19:55:44,352.9,2.2,-26.225803,-48.420788
CARLA SILVA,2024-12-22 20:22:04,57.9,2.1,-26.213128,-48.409086
CARLA SILVA,2024-12-22 21:36:03,17.7,2.5,-26.193788,-48.392753
CARLA SILVA,2024-12-22 21:38:43,36.5,2.9,-26.191713,-48.391365
CARLA SILVA,2024-12-22 21:43:24,81.3,4.1,-26.18884,-48.38685
CARLA SILVA,2024-12-22 22:06:02,147.5,2.5,-26.191965,-48.376345
CARLA SILVA,2024-12-22 22:16:14,188.8,6.4,-26.205616,-48.384186
CARLA SILVA,2024-12-22 23:26:04,39.4,12.8,-26.167538,-48.218296
CARLA SILVA,2024-12-22 23:27:34,42.9,12.7,-26.163655,-48.214168
CARLA SILVA,2024-12-22 23:36:22,41.4,12.9,-26.141031,-48.189668
CARLA SILVA,2024-12-22 23:49:42,46.7,12.7,-26.107668,-48.152198
CARLA SILVA,2024-12-23 00:24:42,40.9,13.0,-26.019948,-48.054151
CARLA SILVA,2024-12-23 01:00:03,48.9,13.2,-25.930111,-47.954395
CARLA SILVA,2024-12-23 01:01:03,47.7,13.1,-25.927556,-47.951371
CARLA SILVA,2024-12-23 01:01:44,44.2,13.1,-25.925886,-47.949396
CARLA SILVA,2024-12-23 01:02:23,47.8,13.0,-25.924221,-47.947346
CARLA SILVA,2024-12-23 01:02:44,45.6,13.0,-25.92339,-47.946353
CARLA SILVA,2024-12-23 01:02:53,48.9,13.0,-25.92303,-47.945893
CARLA SILVA,2024-12-23 01:03:33,47.8,13.1,-25.92146,-47.943926
CARLA SILVA,2024-12-23 01:03:53,47.3,13.1,-25.92066,-47.942933
CARLA SILVA,2024-12-23 01:05:12,46.6,13.1,-25.917418,-47.938958
CARLA SILVA,2024-12-23 01:08:02,49.4,13.1,-25.910223,-47.930391
CARLA SILVA,2024-12-23 01:11:32,49.5,12.9,-25.901393,-47.920088
CARLA SILVA,2024-12-23 01:16:22,47.1,12.9,-25.889531,-47.906106
CARLA SILVA,2024-12-23 01:18:12,44.2,12.8,-25.884931,-47.900785
CARLA SILVA,2024-12-23 01:18:32,46.4,12.8,-25.884076,-47.899813
CARLA SILVA,2024-12-23 01:19:12,46.4,13.0,-25.882401,-47.897823
CARLA SILVA,2024-12-23 01:38:11,47.3,12.9,-25.835843,-47.840841
CARLA SILVA,2024-12-23 02:02:42,46.4,13.2,-25.774226,-47.769133
CARLA SILVA,2024-12-23 02:53:42,44.9,13.1,-25.642976,-47.619905
CARLA SILVA,2024-12-23 02:54:34,45.4,13.2,-25.640828,-47.617396
CARLA SILVA,2024-12-23 02:58:22,46.2,13.3,-25.631016,-47.606131
CARLA SILVA,2024-12-23 03:00:44,43.6,13.2,-25.624981,-47.599265
CARLA SILVA,2024-12-23 04:42:23,51.8,13.2,-25.37316,-47.291088
CARLA SILVA,2024-12-23 04:46:43,52.9,13.2,-25.363283,-47.277035
CARLA SILVA,2024-12-23 05:12:42,52.7,13.0,-25.304873,-47.193303
CARLA SILVA,2024-12-23 05:19:22,52.9,13.1,-25.290008,-47.172001
CARLA SILVA,2024-12-23 05:47:12,52.6,13.2,-25.22789,-47.082028
CARLA SILVA,2024-12-23 05:50:22,52.5,13.2,-25.220741,-47.071765
CARLA SILVA,2024-12-23 05:53:43,53.7,13.1,-25.213323,-47.060936
CARLA SILVA,2024-12-23 05:57:43,52.0,12.9,-25.204575,-47.048226
CARLA SILVA,2024-12-23 06:28:23,55.3,13.0,-25.138148,-46.951166
CARLA SILVA,2024-12-23 06:30:23,55.2,13.1,-25.133888,-46.944728
CARLA SILVA,2024-12-23 07:29:42,49.7,13.1,-25.00121,-46.757118
CARLA SILVA,2024-12-23 07:33:04,48.5,13.0,-24.993278,-46.746918
CARLA SILVA,2024-12-23 08:10:22,52.3,12.9,-24.907111,-46.632843
CARLA SILVA,2024-12-23 08:19:23,51.3,12.8,-24.887206,-46.604728
CARLA SILVA,2024-12-23 09:04:23,53.8,12.9,-24.788918,-46.46457
CARLA SILVA,2024-12-23 09:07:33,51.8,12.8,-24.781875,-46.454688
CARLA SILVA,2024-12-23 10:07:02,52.0,13.0,-24.648631,-46.27107
CARLA SILVA,2024-12-23 10:45:52,66.0,12.9,-24.565351,-46.1488
CARLA SILVA,2024-12-23 10:53:02,63.0,13.2,-24.553651,-46.123218
CARLA SILVA,2024-12-23 11:28:32,63.7,12.7,-24.496706,-45.999
CARLA SILVA,2024-12-23 11:29:52,64.7,12.7,-24.4946,-45.994335
CARLA SILVA,2024-12-23 11:34:42,63.0,12.5,-24.486968,-45.977656
CARLA SILVA,2024-12-23 11:51:43,63.1,12.7,-24.460016,-45.919005
CARLA SILVA,2024-12-23 11:57:43,64.0,12.6,-24.450438,-45.898238
CARLA SILVA,2024-12-23 12:22:41,63.9,13.2,-24.409996,-45.811263
CARLA SILVA,2024-12-23 12:26:42,61.3,13.2,-24.403188,-45.796738
CARLA SILVA,2024-12-23 12:32:42,65.6,12.3,-24.393378,-45.775141
CARLA SILVA,2024-12-23 13:00:33,52.9,13.3,-24.32432,-45.702186
CARLA SILVA,2024-12-23 13:03:12,47.3,13.3,-24.31795,-45.694025
CARLA SILVA,2024-12-23 13:16:43,48.6,13.3,-24.285175,-45.652471
CARLA SILVA,2024-12-23 13:17:13,48.4,13.3,-24.28393,-45.650918
CARLA SILVA,2024-12-23 13:38:03,46.3,13.2,-24.231641,-45.588615
CARLA SILVA,2024-12-23 14:02:42,46.6,13.1,-24.169765,-45.51634
CARLA SILVA,2024-12-23 14:40:34,6.6,9.7,-24.056908,-45.487741
CARLA SILVA,2024-12-23 15:11:23,323.3,7.0,-23.981535,-45.494223
CARLA SILVA,2024-12-23 15:28:43,331.1,4.8,-23.95709,-45.51304
CARLA SILVA,2024-12-23 15:38:43,350.0,2.5,-23.948206,-45.518898
CARLA SILVA,2024-12-23 15:44:02,354.5,2.0,-23.94492,-45.519291
CARLA SILVA,2024-12-23 15:49:13,357.1,1.5,-23.942326,-45.519485
CARLA SILVA,2024-12-23 16:17:43,172.4,0.5,-23.936593,-45.517155
CARLA SILVA,2024-12-23 16:25:13,127.3,0.5,-23.937208,-45.516828
CARLA SILVA,2024-12-23 16:55:31,101.0,0.5,-23.936971,-45.513991
CARLA SILVA,2024-12-23 17:11:23,63.2,0.5,-23.936076,-45.511995
CARLA SILVA,2024-12-23 17:13:32,82.6,0.4,-23.935983,-45.511681
CARLA SILVA,2024-12-23 18:52:33,26.6,6.9,-23.804948,-45.380211
CARLA SILVA,2024-12-24 00:08:08,34.2,0.0,-23.744041,-45.358645
CARLA SILVA,2024-12-24 09:05:08,61.5,0.0,-23.748793,-45.359195
CARLA SILVA,2024-12-24 14:11:08,104.9,0.0,-23.748748,-45.359488
CARLA SILVA,2024-12-24 15:53:08,327.7,0.0,-23.748618,-45.359898
CARLA SILVA,2024-12-24 17:08:06,313.8,0.1,-23.748608,-45.359551
CARLA SILVA,2024-12-24 18:44:07,41.5,0.0,-23.748563,-45.359891
CARLA SILVA,2024-12-24 20:14:08,67.5,0.0,-23.748611,-45.360133
CARLA SILVA,2024-12-25 00:32:08,314.9,0.0,-23.748483,-45.360681
CARLA SILVA,2024-12-25 00:38:08,117.6,0.0,-23.748451,-45.360695
CARLA SILVA,2024-12-25 05:05:08,313.1,0.0,-23.748191,-45.3609
CARLA SILVA,2024-12-25 08:05:08,347.6,0.0,-23.748493,-45.360451
CARLA SILVA,2024-12-25 12:02:07,295.8,0.0,-23.748766,-45.360146
CARLA SILVA,2024-12-25 14:56:08,122.2,0.0,-23.748878,-45.360156
CARLA SILVA,2024-12-25 20:26:08,251.3,0.0,-23.749025,-45.359596
CARLA SILVA,2024-12-26 04:35:07,165.0,0.0,-23.748975,-45.359195
CARLA SILVA,2024-12-26 05:41:08,282.6,0.0,-23.748991,-45.359428
CARLA SILVA,2024-12-26 11:11:08,204.6,0.0,-23.74852,-45.359195
CARLA SILVA,2024-12-26 12:23:07,320.7,0.0,-23.748451,-45.359021
CARLA SILVA,2024-12-26 13:23:08,194.1,0.0,-23.748455,-45.359296
CARLA SILVA,2024-12-26 15:11:08,338.5,0.0,-23.746835,-45.361126
CARLA SILVA,2024-12-26 19:53:08,22.7,0.0,-23.744661,-45.358801
CARLA SILVA,2024-12-26 19:56:08,84.6,0.0,-23.7446,-45.358781
CARLA SILVA,2024-12-26 19:59:08,182.8,0.0,-23.74465,-45.35879
CARLA SILVA,2024-12-27 00:41:08,186.4,0.0,-23.744546,-45.358978
CARLA SILVA,2024-12-27 00:47:08,251.4,0.0,-23.744535,-45.359098
CARLA SILVA,2024-12-27 04:44:08,309.0,0.0,-23.744218,-45.358753
CARLA SILVA,2024-12-27 05:23:08,182.2,0.0,-23.743573,-45.358356
CARLA SILVA,2024-12-27 05:53:07,242.3,0.0,-23.743553,-45.358318
CARLA SILVA,2024-12-27 10:05:08,121.2,0.1,-23.743601,-45.358558
CARLA SILVA,2024-12-27 11:53:08,104.0,0.0,-23.74361,-45.358096
CARLA SILVA,2024-12-27 20:05:08,252.8,0.0,-23.743533,-45.358461
CARLA SILVA,2024-12-28 01:50:07,115.9,0.0,-23.74349,-45.358623
CARLA SILVA,2024-12-28 04:20:08,320.5,0.0,-23.74354,-45.358631
CARLA SILVA,2024-12-28 04:23:08,50.7,0.0,-23.743543,-45.35863
CARLA SILVA,2024-12-28 10:50:08,230.0,0.0,-23.74356,-45.35849
CARLA SILVA,2024-12-28 11:56:08,290.6,0.0,-23.743466,-45.358718
CARLA SILVA,2024-12-28 14:11:07,350.7,0.0,-23.743376,-45.358641
CARLA SILVA,2024-12-28 20:56:08,278.7,0.0,-23.743576,-45.358328
CARLA SILVA,2024-12-28 21:53:08,148.1,0.0,-23.743651,-45.35824
CARLA SILVA,2024-12-28 22:41:08,332.3,0.0,-23.74362,-45.358448
CARLA SILVA,2024-12-28 22:47:08,231.1,0.0,-23.743666,-45.35854
CARLA SILVA,2024-12-29 02:02:07,313.5,0.0,-23.743753,-45.358758
CARLA SILVA,2024-12-29 03:17:07,234.1,0.0,-23.743716,-45.358671
CARLA SILVA,2024-12-29 06:29:08,72.7,0.0,-23.743668,-45.358836
CARLA SILVA,2024-12-29 11:29:08,124.3,0.0,-23.744026,-45.358886
CARLA SILVA,2024-12-29 12:05:07,236.9,0.0,-23.744101,-45.35904
CARLA SILVA,2024-12-29 16:23:08,311.3,0.0,-23.744246,-45.358655
CARLA SILVA,2024-12-29 18:05:08,164.5,0.0,-23.74454,-45.357311
CARLA SILVA,2024-12-29 18:23:06,174.2,0.0,-23.74484,-45.357348
CARLA SILVA,2024-12-29 18:41:08,26.7,0.0,-23.74472,-45.357385
CARLA SILVA,2024-12-29 21:38:08,129.4,0.0,-23.74421,-45.357898
CARLA SILVA,2024-12-30 11:32:07,114.1,0.0,-23.743635,-45.358641
CARLA SILVA,2024-12-30 16:59:06,296.3,0.0,-23.743645,-45.35826
CARLA SILVA,2024-12-30 17:38:08,326.0,0.0,-23.743685,-45.358326
CARLA SILVA,2024-12-30 21:35:08,13.9,0.0,-23.743645,-45.358448
CARLA SILVA,2024-12-31 03:38:07,215.0,0.0,-23.744605,-45.35996
CARLA SILVA,2024-12-31 09:35:08,118.7,0.0,-23.74799,-45.359068
CARLA SILVA,2024-12-31 14:11:07,323.9,0.0,-23.74792,-45.361025
CARLA SILVA,2025-01-01 09:47:08,218.5,0.0,-23.748791,-45.359388
CARLA SILVA,2025-01-01 09:53:08,16.1,0.0,-23.748773,-45.359366
CARLA SILVA,2025-01-01 17:29:06,328.2,0.0,-23.748775,-45.360361
CARLA SILVA,2025-01-02 05:17:07,62.6,0.0,-23.748915,-45.360105
CARLA SILVA,2025-01-02 08:53:08,89.2,0.0,-23.748803,-45.359258
CARLA SILVA,2025-01-02 10:38:08,87.2,0.0,-23.74876,-45.358958
CARLA SILVA,2025-01-02 12:05:08,307.9,0.0,-23.748903,-45.359613
CARLA SILVA,2025-01-02 12:14:08,220.3,0.0,-23.74882,-45.359755
CARLA SILVA,2025-01-02 12:23:07,148.6,0.0,-23.74888,-45.359805
CARLA SILVA,2025-01-02 12:41:07,350.8,0.0,-23.748831,-45.359801
CARLA SILVA,2025-01-02 18:05:09,177.9,0.0,-23.74895,-45.359956
CARLA SILVA,2025-01-02 20:17:08,14.1,0.0,-23.749056,-45.359791
CARLA SILVA,2025-01-03 01:11:08,324.6,0.0,-23.748968,-45.359806
CARLA SILVA,2025-01-03 05:05:08,251.2,0.0,-23.748911,-45.360243
CARLA SILVA,2025-01-03 06:50:08,111.1,0.0,-23.74899,-45.359931
CARLA SILVA,2025-01-03 09:29:08,74.7,0.0,-23.74844,-45.359051
CARLA SILVA,2025-01-03 12:17:07,117.2,0.0,-23.748718,-45.359736
CARLA SILVA,2025-01-03 16:35:08,118.2,0.0,-23.744248,-45.359916
CARLA SILVA,2025-01-03 17:41:17,223.7,0.2,-23.744455,-45.360093
CARLA SILVA,2025-01-03 18:53:07,229.7,0.2,-23.748725,-45.361743
CARLA SILVA,2025-01-03 19:17:08,77.9,0.1,-23.749055,-45.361558
CARLA SILVA,2025-01-03 20:11:08,24.8,0.1,-23.749106,-45.36139
CARLA SILVA,2025-01-03 23:35:08,87.2,0.1,-23.745715,-45.361228
CARLA SILVA,2025-01-04 00:50:08,258.7,0.0,-23.745236,-45.359581
CARLA SILVA,2025-01-04 01:23:07,15.7,0.0,-23.744981,-45.359535
CARLA SILVA,2025-01-04 16:05:08,278.5,0.1,-23.743626,-45.359561
CARLA SILVA,2025-01-04 20:59:08,92.2,0.0,-23.743456,-45.359121
CARLA SILVA,2025-01-05 00:59:08,106.7,0.2,-23.743448,-45.358775
CARLA SILVA,2025-01-05 01:11:07,304.2,0.2,-23.743701,-45.358258
CARLA SILVA,2025-01-05 07:35:07,100.4,0.0,-23.743495,-45.358608
CARLA SILVA,2025-01-05 08:32:05,197.5,5.5,-23.752258,-45.36077
CARLA SILVA,2025-01-05 09:02:56,208.3,1.7,-23.801435,-45.383501
CARLA SILVA,2025-01-06 03:49:23,296.6,0.0,-23.80261,-45.384973
CARLA SILVA,2025-01-06 17:32:09,23.4,8.3,-23.78644,-45.374448
CARLA SILVA,2025-01-06 17:57:56,332.2,1.1,-23.749873,-45.360215
CARLA SILVA,2025-01-06 18:01:50,57.6,0.8,-23.748375,-45.359521
CARLA SILVA,2025-01-07 04:26:54,206.1,0.0,-23.750598,-45.359166
CARLA SILVA,2025-01-07 16:05:54,290.5,0.0,-23.750416,-45.360988
CARLA SILVA,2025-01-07 19:32:54,204.8,0.0,-23.75021,-45.359365
CARLA SILVA,2025-01-07 19:35:54,198.8,0.0,-23.750305,-45.359408
CARLA SILVA,2025-01-07 22:59:53,241.8,0.0,-23.750671,-45.360228
CARLA SILVA,2025-01-08 03:32:53,224.1,0.0,-23.750915,-45.359443
CARLA SILVA,2025-01-08 15:32:54,7.0,0.0,-23.751146,-45.360203
CARLA SILVA,2025-01-09 01:35:53,219.5,0.1,-23.751315,-45.359928
CARLA SILVA,2025-01-09 04:11:54,78.7,0.0,-23.752643,-45.360118
CARLA SILVA,2025-01-09 08:32:54,103.1,0.0,-23.752565,-45.360358
CARLA SILVA,2025-01-09 09:05:53,343.3,0.0,-23.752505,-45.360443
CARLA SILVA,2025-01-09 12:11:54,114.0,0.0,-23.752588,-45.360361
CARLA SILVA,2025-01-09 12:17:54,226.5,0.1,-23.752568,-45.360305
CARLA SILVA,2025-01-09 13:56:54,97.9,0.0,-23.752511,-45.360408
CARLA SILVA,2025-01-09 17:28:38,282.6,0.3,-23.751181,-45.360265
CARLA SILVA,2025-01-09 17:32:47,23.0,1.5,-23.749898,-45.360315
CARLA SILVA,2025-01-09 17:35:48,263.5,0.9,-23.749418,-45.360121
CARLA SILVA,2025-01-09 17:40:17,287.3,2.4,-23.74932,-45.362853
CARLA SILVA,2025-01-09 18:29:37,229.9,10.6,-23.850806,-45.429216
CARLA SILVA,2025-01-09 19:14:07,174.5,10.7,-23.970456,-45.495226
CARLA SILVA,2025-01-09 19:17:17,157.5,10.5,-23.979501,-45.492948
CARLA SILVA,2025-01-09 19:20:47,143.6,10.4,-23.988393,-45.487538
CARLA SILVA,2025-01-09 19:22:37,143.2,10.5,-23.992715,-45.48408
CARLA SILVA,2025-01-09 19:23:58,145.2,10.7,-23.996055,-45.481538
CARLA SILVA,2025-01-09 20:58:58,97.0,11.0,-24.12232,-45.22959
CARLA SILVA,2025-01-09 21:06:57,98.9,11.1,-24.125135,-45.202641
CARLA SILVA,2025-01-09 21:09:17,102.2,10.9,-24.126156,-45.194846
CARLA SILVA,2025-01-09 22:21:07,97.3,10.6,-24.154465,-44.966655
CARLA SILVA,2025-01-09 22:45:07,94.7,10.4,-24.16332,-44.889905
CARLA SILVA,2025-01-09 22:49:27,93.6,10.4,-24.16477,-44.876191
CARLA SILVA,2025-01-09 22:56:27,95.3,10.5,-24.167103,-44.853918
CARLA SILVA,2025-01-09 22:56:36,94.6,10.5,-24.167156,-44.853386
CARLA SILVA,2025-01-09 23:17:48,101.3,10.6,-24.17642,-44.785715
CARLA SILVA,2025-01-09 23:21:18,101.1,10.4,-24.17868,-44.77474
CARLA SILVA,2025-01-09 23:23:27,103.2,10.4,-24.180035,-44.76817
CARLA SILVA,2025-01-09 23:29:18,108.5,10.3,-24.184341,-44.750275
CARLA SILVA,2025-01-09 23:47:05,106.7,10.3,-24.198515,-44.696085
CARLA SILVA,2025-01-09 23:57:36,104.7,10.1,-24.206475,-44.66454
CARLA SILVA,2025-01-10 00:07:17,102.4,10.0,-24.212791,-44.635478
CARLA SILVA,2025-01-10 00:34:58,100.1,10.2,-24.226421,-44.551371
CARLA SILVA,2025-01-10 01:00:57,96.7,10.2,-24.237276,-44.470798
CARLA SILVA,2025-01-10 01:00:58,96.7,10.2,-24.237276,-44.470798
CARLA SILVA,2025-01-10 01:01:08,96.0,10.3,-24.237335,-44.47027
CARLA SILVA,2025-01-10 01:03:08,100.3,10.2,-24.238118,-44.464033
CARLA SILVA,2025-01-10 01:04:08,97.9,10.2,-24.238488,-44.460948
CARLA SILVA,2025-01-10 01:04:16,98.5,10.2,-24.238536,-44.460531
CARLA SILVA,2025-01-10 01:07:17,95.4,10.3,-24.23969,-44.451216
CARLA SILVA,2025-01-10 01:33:57,98.5,10.5,-24.250181,-44.367096
CARLA SILVA,2025-01-10 02:22:28,98.1,11.0,-24.269995,-44.210046
CARLA SILVA,2025-01-10 02:28:27,95.8,11.0,-24.272215,-44.190201
CARLA SILVA,2025-01-10 03:14:16,95.4,11.2,-24.288441,-44.036216
CARLA SILVA,2025-01-10 03:18:37,96.4,11.3,-24.289998,-44.021465
CARLA SILVA,2025-01-10 04:16:57,97.4,11.7,-24.312776,-43.819491
CARLA SILVA,2025-01-10 04:42:17,98.2,11.7,-24.325525,-43.729421
CARLA SILVA,2025-01-10 04:42:58,100.4,11.8,-24.32591,-43.727
CARLA SILVA,2025-01-10 04:46:17,100.8,11.8,-24.327675,-43.715206
CARLA SILVA,2025-01-10 04:50:38,97.6,11.9,-24.330071,-43.699518
CARLA SILVA,2025-01-10 04:53:38,94.7,12.0,-24.331648,-43.688686
CARLA SILVA,2025-01-10 04:57:17,100.7,11.8,-24.333713,-43.67554
CARLA SILVA,2025-01-10 05:00:08,100.1,11.9,-24.335346,-43.66539
CARLA SILVA,2025-01-10 05:18:28,97.3,12.0,-24.342898,-43.598968
CARLA SILVA,2025-01-10 05:51:47,90.7,12.0,-24.352931,-43.477601
CARLA SILVA,2025-01-10 05:54:26,91.2,12.1,-24.35302,-43.467853
CARLA SILVA,2025-01-10 05:58:58,92.3,12.0,-24.353231,-43.451335
CARLA SILVA,2025-01-10 06:01:18,88.7,12.0,-24.353365,-43.442798
CARLA SILVA,2025-01-10 06:25:58,98.1,11.8,-24.36551,-43.354888
CARLA SILVA,2025-01-10 06:32:07,99.3,11.7,-24.369283,-43.333091
CARLA SILVA,2025-01-10 06:37:47,101.4,11.8,-24.37279,-43.312998
CARLA SILVA,2025-01-10 06:56:28,99.5,11.8,-24.384136,-43.247133
CARLA SILVA,2025-01-10 07:00:08,100.8,11.8,-24.386403,-43.234146
CARLA SILVA,2025-01-10 07:04:36,100.1,11.8,-24.38916,-43.218296
CARLA SILVA,2025-01-10 07:34:18,100.8,11.5,-24.407351,-43.114566
CARLA SILVA,2025-01-10 07:37:37,99.3,11.5,-24.40932,-43.10303
CARLA SILVA,2025-01-10 08:08:18,102.8,11.7,-24.428623,-42.995631
CARLA SILVA,2025-01-10 08:13:57,101.7,11.8,-24.432278,-42.975766
CARLA SILVA,2025-01-10 08:44:36,101.4,12.0,-24.451758,-42.86692
CARLA SILVA,2025-01-10 08:47:36,102.1,11.9,-24.453673,-42.856166
CARLA SILVA,2025-01-10 08:50:16,101.4,11.9,-24.455373,-42.846615
CARLA SILVA,2025-01-10 08:52:26,99.1,11.9,-24.45676,-42.838868
CARLA SILVA,2025-01-10 09:16:16,101.6,11.5,-24.471471,-42.753545
CARLA SILVA,2025-01-10 09:53:15,272.0,0.7,-24.485863,-42.745743
CARLA SILVA,2025-01-10 09:58:37,328.8,1.4,-24.485386,-42.74683
CARLA SILVA,2025-01-10 10:03:18,282.6,0.8,-24.484816,-42.747666
CARLA SILVA,2025-01-10 10:29:36,344.0,0.1,-24.481105,-42.750098
CARLA SILVA,2025-01-10 10:33:27,343.4,0.5,-24.480531,-42.750355
CARLA SILVA,2025-01-10 10:34:27,339.4,0.3,-24.48041,-42.750441
CARLA SILVA,2025-01-10 11:21:08,339.1,0.5,-24.473685,-42.752823
CARLA SILVA,2025-01-10 11:22:36,347.5,0.0,-24.473405,-42.752933
CARLA SILVA,2025-01-10 11:25:17,346.7,0.8,-24.472985,-42.753061
CARLA SILVA,2025-01-10 11:46:57,354.6,0.5,-24.469591,-42.753958
CARLA SILVA,2025-01-10 11:49:27,352.2,0.0,-24.469246,-42.75404
CARLA SILVA,2025-01-10 12:05:06,351.7,0.4,-24.46693,-42.75445
CARLA SILVA,2025-01-10 12:06:06,353.5,1.1,-24.466778,-42.754471
CARLA SILVA,2025-01-10 12:06:36,352.3,0.7,-24.466678,-42.754451
CARLA SILVA,2025-01-10 12:07:36,353.8,0.9,-24.466553,-42.754503
CARLA SILVA,2025-01-10 12:09:16,352.9,0.2,-24.466283,-42.754531
CARLA SILVA,2025-01-10 12:10:57,352.9,0.5,-24.466016,-42.754558
CARLA SILVA,2025-01-10 12:11:16,349.9,0.7,-24.46597,-42.754565
CARLA SILVA,2025-01-10 12:12:07,351.7,0.7,-24.465828,-42.754585
CARLA SILVA,2025-01-10 12:12:37,353.8,0.7,-24.465743,-42.754596
CARLA SILVA,2025-01-10 12:55:56,335.2,0.8,-24.458521,-42.756045
CARLA SILVA,2025-01-10 12:57:47,338.9,0.9,-24.458225,-42.756166
CARLA SILVA,2025-01-10 12:57:48,338.9,0.9,-24.458225,-42.756166
CARLA SILVA,2025-01-10 12:59:17,338.7,0.3,-24.457945,-42.756256
CARLA SILVA,2025-01-10 13:00:17,343.7,0.7,-24.457768,-42.75632
CARLA SILVA,2025-01-10 13:00:46,344.4,0.8,-24.457675,-42.756351
CARLA SILVA,2025-01-10 13:01:07,343.2,0.3,-24.457608,-42.75638
CARLA SILVA,2025-01-10 13:01:46,344.8,0.6,-24.45751,-42.756431
CARLA SILVA,2025-01-10 13:02:36,339.7,0.7,-24.457418,-42.756468
CARLA SILVA,2025-01-10 13:05:27,344.9,0.3,-24.456935,-42.756666
CARLA SILVA,2025-01-10 13:08:48,345.7,0.8,-24.45634,-42.756888
CARLA SILVA,2025-01-10 13:09:17,343.3,0.5,-24.456258,-42.756923
CARLA SILVA,2025-01-10 13:34:36,344.0,0.4,-24.45181,-42.758403
CARLA SILVA,2025-01-10 14:41:58,346.9,0.4,-24.43861,-42.763978
CARLA SILVA,2025-01-10 14:44:38,328.2,0.9,-24.438088,-42.764235
CARLA SILVA,2025-01-10 14:46:58,346.2,0.2,-24.437615,-42.764421
CARLA SILVA,2025-01-10 14:49:38,349.9,1.1,-24.437105,-42.764596
CARLA SILVA,2025-01-10 14:52:57,345.3,0.4,-24.436458,-42.764858
CARLA SILVA,2025-01-10 15:13:57,117.3,11.2,-24.449968,-42.745921
CARLA SILVA,2025-01-10 15:16:36,115.9,11.4,-24.453851,-42.737796
CARLA SILVA,2025-01-10 15:19:56,120.2,11.5,-24.458793,-42.727471
CARLA SILVA,2025-01-10 15:22:07,116.8,11.6,-24.462071,-42.720498
CARLA SILVA,2025-01-10 15:42:37,109.4,11.5,-24.492083,-42.655836
CARLA SILVA,2025-01-10 15:48:27,109.6,11.6,-24.49888,-42.636485
CARLA SILVA,2025-01-10 16:36:26,116.0,7.0,-24.546418,-42.501166
CARLA SILVA,2025-01-10 16:38:17,126.4,6.9,-24.548256,-42.497865
CARLA SILVA,2025-01-10 16:41:17,126.1,6.8,-24.55147,-42.492586
CARLA SILVA,2025-01-10 17:28:57,68.2,1.4,-24.57149,-42.455071
CARLA SILVA,2025-01-10 17:35:26,97.7,1.6,-24.571426,-42.45187
CARLA SILVA,2025-01-10 18:19:58,351.1,0.8,-24.566923,-42.446168
CARLA SILVA,2025-01-10 18:22:16,339.3,0.6,-24.566548,-42.44629
CARLA SILVA,2025-01-10 19:18:27,187.5,2.1,-24.586025,-42.435815
CARLA SILVA,2025-01-10 20:02:28,163.5,0.7,-24.597398,-42.441341
CARLA SILVA,2025-01-10 20:05:17,163.3,0.8,-24.5981,-42.441105
CARLA SILVA,2025-01-10 20:08:17,171.0,0.7,-24.5988,-42.440926
CARLA SILVA,2025-01-10 21:47:37,82.2,0.2,-24.611293,-42.439411
CARLA SILVA,2025-01-10 21:55:47,238.4,0.2,-24.611385,-42.439493
CARLA SILVA,2025-01-10 22:21:28,130.5,0.9,-24.613961,-42.436436
CARLA SILVA,2025-01-10 22:26:18,145.9,0.9,-24.614991,-42.43541
CARLA SILVA,2025-01-10 22:28:38,128.7,0.9,-24.61544,-42.43491
CARLA SILVA,2025-01-10 22:47:17,124.7,1.0,-24.61899,-42.43069
CARLA SILVA,2025-01-10 22:58:27,133.2,1.0,-24.621081,-42.428158
CARLA SILVA,2025-01-10 23:00:57,132.6,1.0,-24.621551,-42.427575
CARLA SILVA,2025-01-10 23:32:17,128.7,0.7,-24.628515,-42.419965
CARLA SILVA,2025-01-10 23:38:28,129.9,0.4,-24.62937,-42.419203
CARLA SILVA,2025-01-10 23:41:08,145.2,0.2,-24.62959,-42.41891
CARLA SILVA,2025-01-10 23:43:08,158.3,0.2,-24.629715,-42.418796
CARLA SILVA,2025-01-11 00:01:57,221.2,0.0,-24.62992,-42.418663
CARLA SILVA,2025-01-11 00:11:07,191.9,0.1,-24.630071,-42.418708
CARLA SILVA,2025-01-11 00:14:38,197.9,0.0,-24.630113,-42.41873
CARLA SILVA,2025-01-11 00:26:46,297.3,0.0,-24.630086,-42.418686
CARLA SILVA,2025-01-11 00:28:46,205.1,0.1,-24.630063,-42.418706
CARLA SILVA,2025-01-11 00:31:16,188.6,0.2,-24.630088,-42.418706
CARLA SILVA,2025-01-11 00:31:17,188.6,0.2,-24.630088,-42.418706
CARLA SILVA,2025-01-11 00:45:57,8.6,0.0,-24.630071,-42.418685
CARLA SILVA,2025-01-11 00:50:07,190.7,0.2,-24.630148,-42.418745
CARLA SILVA,2025-01-11 01:18:58,194.6,0.1,-24.630295,-42.418828
CARLA SILVA,2025-01-11 01:19:57,224.9,0.1,-24.630315,-42.418843
CARLA SILVA,2025-01-11 01:19:58,224.9,0.1,-24.630315,-42.418843
CARLA SILVA,2025-01-11 01:22:17,33.3,0.1,-24.630315,-42.418825
CARLA SILVA,2025-01-11 01:24:17,201.1,0.0,-24.630303,-42.418778
CARLA SILVA,2025-01-11 01:27:58,246.9,0.1,-24.630286,-42.418785
CARLA SILVA,2025-01-11 02:15:58,122.3,0.0,-24.630131,-42.418753
CARLA SILVA,2025-01-11 02:18:08,173.4,0.1,-24.630131,-42.418785
CARLA SILVA,2025-01-11 03:05:37,346.9,0.1,-24.630493,-42.418791
CARLA SILVA,2025-01-11 03:10:37,132.6,0.0,-24.630456,-42.418748
CARLA SILVA,2025-01-11 03:12:58,185.0,0.0,-24.63046,-42.418755
CARLA SILVA,2025-01-11 03:17:56,356.0,0.0,-24.630446,-42.41872
CARLA SILVA,2025-01-11 03:42:46,32.8,0.0,-24.630386,-42.418733
CARLA SILVA,2025-01-11 03:46:57,339.9,0.0,-24.630415,-42.418756
CARLA SILVA,2025-01-11 03:49:47,189.7,0.1,-24.630433,-42.418745
CARLA SILVA,2025-01-11 03:52:57,16.0,0.4,-24.630448,-42.418763
CARLA SILVA,2025-01-11 04:18:46,244.2,0.1,-24.630553,-42.418808
CARLA SILVA,2025-01-11 04:52:17,11.0,0.1,-24.630641,-42.418853
CARLA SILVA,2025-01-11 04:56:17,196.8,0.1,-24.630653,-42.41886
CARLA SILVA,2025-01-11 04:58:26,213.9,0.2,-24.63066,-42.418838
CARLA SILVA,2025-01-11 05:00:46,8.1,0.0,-24.630696,-42.41885
CARLA SILVA,2025-01-11 05:04:07,4.8,0.1,-24.630728,-42.418851
CARLA SILVA,2025-01-11 05:07:27,338.7,0.1,-24.630721,-42.418858
CARLA SILVA,2025-01-11 05:26:29,2.4,0.2,-24.6306,-42.418846
CARLA SILVA,2025-01-11 05:29:17,185.7,0.1,-24.63054,-42.418796
CARLA SILVA,2025-01-11 05:30:07,182.7,0.1,-24.630538,-42.418786
CARLA SILVA,2025-01-11 05:37:36,261.9,0.0,-24.630516,-42.418811
CARLA SILVA,2025-01-11 06:02:06,109.0,0.3,-24.6318,-42.416766
CARLA SILVA,2025-01-11 06:05:27,111.8,0.3,-24.632013,-42.416475
CARLA SILVA,2025-01-11 06:33:26,206.1,0.1,-24.632636,-42.41618
CARLA SILVA,2025-01-11 06:36:48,22.5,0.0,-24.632645,-42.416185
CARLA SILVA,2025-01-11 06:39:48,11.8,0.0,-24.632631,-42.416186
CARLA SILVA,2025-01-11 06:49:16,195.7,0.0,-24.632656,-42.416206
CARLA SILVA,2025-01-11 07:06:46,204.4,0.1,-24.632528,-42.416145
CARLA SILVA,2025-01-11 07:09:07,248.6,0.0,-24.632536,-42.416138
CARLA SILVA,2025-01-11 07:19:37,27.0,0.0,-24.632475,-42.416126
CARLA SILVA,2025-01-11 07:49:58,329.0,0.1,-24.63241,-42.416218
CARLA SILVA,2025-01-11 07:52:08,288.7,0.0,-24.632368,-42.416228
CARLA SILVA,2025-01-11 08:15:28,67.6,0.0,-24.632213,-42.416186
CARLA SILVA,2025-01-11 08:19:07,205.2,0.0,-24.632255,-42.416185
CARLA SILVA,2025-01-11 08:23:16,52.7,0.0,-24.63228,-42.416163
CARLA SILVA,2025-01-11 08:51:47,211.2,0.2,-24.632265,-42.416183
CARLA SILVA,2025-01-11 08:54:07,24.2,0.2,-24.632255,-42.416198
CARLA SILVA,2025-01-11 08:57:47,34.3,0.0,-24.632218,-42.416178
CARLA SILVA,2025-01-11 10:12:08,58.7,0.0,-24.632106,-42.416116
CARLA SILVA,2025-01-11 10:14:27,272.4,0.1,-24.632108,-42.416125
CARLA SILVA,2025-01-11 10:20:47,218.9,0.1,-24.632176,-42.41609
CARLA SILVA,2025-01-11 10:24:17,208.5,0.2,-24.632211,-42.416138
CARLA SILVA,2025-01-11 10:48:37,8.5,0.0,-24.632076,-42.416043
CARLA SILVA,2025-01-11 11:47:06,200.5,0.0,-24.632123,-42.41604
CARLA SILVA,2025-01-11 11:48:36,64.7,0.3,-24.632113,-42.41612
CARLA SILVA,2025-01-11 11:49:36,179.3,0.0,-24.632105,-42.416113
CARLA SILVA,2025-01-11 11:50:07,300.1,0.1,-24.632113,-42.416101
CARLA SILVA,2025-01-11 11:50:56,173.1,0.1,-24.632111,-42.416113
CARLA SILVA,2025-01-11 11:51:46,54.0,0.1,-24.632105,-42.416105
CARLA SILVA,2025-01-11 11:52:36,49.7,0.1,-24.632103,-42.416066
CARLA SILVA,2025-01-11 11:52:56,198.5,0.2,-24.632105,-42.416021
CARLA SILVA,2025-01-11 11:55:06,209.0,0.0,-24.632098,-42.416068
CARLA SILVA,2025-01-11 11:55:16,211.5,0.0,-24.632101,-42.416075
CARLA SILVA,2025-01-11 11:55:27,221.4,0.0,-24.632101,-42.416075
CARLA SILVA,2025-01-11 11:56:16,18.5,0.0,-24.632086,-42.41608
CARLA SILVA,2025-01-11 11:57:06,196.4,0.0,-24.632103,-42.416098
CARLA SILVA,2025-01-11 12:02:48,52.5,0.0,-24.63205,-42.416073
CARLA SILVA,2025-01-11 12:03:48,238.2,0.0,-24.632036,-42.416073
CARLA SILVA,2025-01-11 12:26:47,11.1,0.0,-24.632146,-42.416085
CARLA SILVA,2025-01-11 12:28:56,180.4,0.0,-24.63213,-42.416101
CARLA SILVA,2025-01-11 12:33:56,133.6,0.0,-24.632108,-42.41607
CARLA SILVA,2025-01-11 13:44:37,42.8,0.1,-24.631658,-42.41567
CARLA SILVA,2025-01-11 13:47:27,238.9,0.1,-24.63162,-42.41562
CARLA SILVA,2025-01-11 13:49:37,2.7,0.0,-24.63158,-42.415663
CARLA SILVA,2025-01-11 13:52:07,18.2,0.0,-24.631581,-42.415656
CARLA SILVA,2025-01-11 13:52:38,22.8,0.1,-24.631561,-42.415675
CARLA SILVA,2025-01-11 14:17:47,219.3,0.0,-24.631525,-42.415635
CARLA SILVA,2025-01-11 14:19:58,354.8,0.0,-24.631488,-42.41566
CARLA SILVA,2025-01-11 15:34:27,43.3,0.0,-24.631376,-42.415448
CARLA SILVA,2025-01-11 15:37:57,235.0,0.0,-24.631423,-42.415485
CARLA SILVA,2025-01-11 15:41:17,23.8,0.1,-24.631396,-42.415471
CARLA SILVA,2025-01-11 16:26:17,223.0,0.2,-24.631385,-42.41547
CARLA SILVA,2025-01-11 16:29:37,51.0,0.1,-24.63138,-42.415468
CARLA SILVA,2025-01-11 16:34:07,10.0,0.0,-24.631386,-42.415483
CARLA SILVA,2025-01-11 16:36:18,51.6,0.0,-24.631388,-42.415468
CARLA SILVA,2025-01-11 16:37:26,85.5,0.1,-24.631388,-42.415481
CARLA SILVA,2025-01-11 16:40:06,325.7,0.0,-24.631415,-42.415476
CARLA SILVA,2025-01-11 16:40:15,314.8,0.1,-24.631413,-42.415483
CARLA SILVA,2025-01-11 16:41:35,142.4,0.0,-24.63142,-42.415516
CARLA SILVA,2025-01-11 16:44:15,244.1,0.0,-24.63145,-42.415533
CARLA SILVA,2025-01-11 17:15:46,28.8,0.0,-24.631448,-42.415573
CARLA SILVA,2025-01-11 17:17:47,16.0,0.0,-24.631515,-42.41555
CARLA SILVA,2025-01-11 17:20:26,196.4,0.0,-24.631506,-42.415583
CARLA SILVA,2025-01-11 17:22:56,346.5,0.0,-24.631551,-42.415533
CARLA SILVA,2025-01-11 17:25:47,43.0,0.0,-24.631541,-42.415563
CARLA SILVA,2025-01-11 19:00:46,55.9,0.0,-24.631363,-42.415386
CARLA SILVA,2025-01-11 19:02:56,300.6,0.0,-24.63136,-42.415405
CARLA SILVA,2025-01-11 19:06:36,233.2,0.1,-24.6314,-42.415446
CARLA SILVA,2025-01-11 19:12:58,60.0,0.1,-24.631588,-42.415616
CARLA SILVA,2025-01-11 20:50:17,86.2,0.0,-24.63175,-42.415691
CARLA SILVA,2025-01-11 20:50:43,216.5,0.1,-24.631756,-42.4157
CARLA SILVA,2025-01-11 21:26:07,196.3,0.1,-24.632381,-42.416246
CARLA SILVA,2025-01-11 22:06:28,208.1,0.0,-24.632813,-42.416438
CARLA SILVA,2025-01-11 22:28:47,209.0,0.0,-24.63293,-42.416486
CARLA SILVA,2025-01-11 22:35:08,208.3,0.0,-24.632975,-42.416481
CARLA SILVA,2025-01-11 22:40:17,13.0,0.1,-24.633048,-42.416496
CARLA SILVA,2025-01-11 22:40:48,195.7,0.1,-24.633048,-42.416501
CARLA SILVA,2025-01-11 22:42:27,183.1,0.0,-24.633091,-42.416461
CARLA SILVA,2025-01-11 23:07:48,173.5,0.1,-24.63301,-42.41649
CARLA SILVA,2025-01-11 23:12:28,152.0,0.0,-24.633001,-42.416465
CARLA SILVA,2025-01-11 23:32:58,177.6,0.1,-24.633181,-42.416551
CARLA SILVA,2025-01-11 23:46:08,224.6,0.0,-24.633175,-42.41658
CARLA SILVA,2025-01-11 23:48:47,181.5,0.0,-24.633193,-42.416586
CARLA SILVA,2025-01-12 00:20:48,143.3,0.0,-24.633221,-42.416523
CARLA SILVA,2025-01-12 00:21:47,13.4,0.2,-24.633201,-42.416536
CARLA SILVA,2025-01-12 00:23:28,334.2,0.1,-24.633166,-42.41653
CARLA SILVA,2025-01-12 00:27:47,172.6,0.0,-24.63315,-42.416555
CARLA SILVA,2025-01-12 00:55:27,189.7,0.0,-24.633316,-42.416595
CARLA SILVA,2025-01-12 01:04:37,202.4,0.0,-24.633296,-42.416605
CARLA SILVA,2025-01-12 01:05:27,170.2,0.0,-24.633278,-42.416601
CARLA SILVA,2025-01-12 01:07:56,343.5,0.1,-24.633315,-42.416648
CARLA SILVA,2025-01-12 01:11:07,104.8,0.1,-24.633353,-42.416646
CARLA SILVA,2025-01-12 01:12:27,169.2,0.0,-24.633375,-42.416565
CARLA SILVA,2025-01-12 01:18:47,246.2,0.0,-24.633436,-42.416613
CARLA SILVA,2025-01-12 01:26:47,191.6,0.1,-24.633515,-42.416596
CARLA SILVA,2025-01-12 01:27:17,22.5,0.0,-24.633515,-42.416593
CARLA SILVA,2025-01-12 01:31:27,333.1,0.1,-24.633505,-42.416553
CARLA SILVA,2025-01-12 01:32:56,186.1,0.0,-24.633488,-42.4166
CARLA SILVA,2025-01-12 02:05:58,6.7,0.0,-24.633581,-42.416611
CARLA SILVA,2025-01-12 02:07:07,195.3,0.1,-24.633573,-42.4166
CARLA SILVA,2025-01-12 02:09:27,9.9,0.0,-24.633483,-42.416543
CARLA SILVA,2025-01-12 02:11:47,15.2,0.0,-24.633448,-42.41649
CARLA SILVA,2025-01-12 02:41:46,29.7,0.0,-24.63273,-42.416446
CARLA SILVA,2025-01-12 02:45:57,116.6,0.0,-24.632746,-42.416366
CARLA SILVA,2025-01-12 02:49:48,251.8,0.0,-24.632746,-42.416333
CARLA SILVA,2025-01-12 02:55:36,33.2,0.0,-24.632623,-42.416366
CARLA SILVA,2025-01-12 03:52:46,4.1,0.0,-24.632295,-42.416173
CARLA SILVA,2025-01-12 03:58:47,204.4,0.1,-24.632385,-42.41622
CARLA SILVA,2025-01-12 04:04:27,296.8,0.0,-24.632401,-42.416198
CARLA SILVA,2025-01-12 04:26:27,31.7,0.0,-24.632365,-42.416226
CARLA SILVA,2025-01-12 04:36:47,38.4,0.0,-24.632278,-42.416145
CARLA SILVA,2025-01-12 05:02:27,55.9,0.0,-24.631985,-42.415976
CARLA SILVA,2025-01-12 05:05:07,325.8,0.0,-24.631946,-42.415881
CARLA SILVA,2025-01-12 05:32:58,23.5,0.0,-24.631955,-42.415948
CARLA SILVA,2025-01-12 05:37:18,216.1,0.0,-24.631913,-42.41598
CARLA SILVA,2025-01-12 05:51:28,32.4,0.1,-24.631875,-42.415846
CARLA SILVA,2025-01-12 06:07:38,183.0,0.0,-24.631806,-42.415816
CARLA SILVA,2025-01-12 06:10:18,32.9,0.1,-24.63183,-42.415828
CARLA SILVA,2025-01-12 06:13:47,241.8,0.0,-24.63186,-42.415831
CARLA SILVA,2025-01-12 06:15:27,31.2,0.0,-24.631878,-42.415875
CARLA SILVA,2025-01-12 06:42:28,47.8,0.0,-24.632005,-42.415975
CARLA SILVA,2025-01-12 06:45:28,49.4,0.0,-24.632,-42.415961
CARLA SILVA,2025-01-12 06:49:47,39.3,0.0,-24.632011,-42.416016
CARLA SILVA,2025-01-12 07:20:37,129.1,0.0,-24.63191,-42.415883
CARLA SILVA,2025-01-12 07:23:08,223.9,0.0,-24.631896,-42.4159
CARLA SILVA,2025-01-12 07:33:17,43.1,0.0,-24.631931,-42.415918
CARLA SILVA,2025-01-12 07:35:57,238.3,0.0,-24.631886,-42.415931
CARLA SILVA,2025-01-12 07:50:18,243.9,0.0,-24.631921,-42.415933
CARLA SILVA,2025-01-12 07:56:17,251.5,0.1,-24.63195,-42.415973
CARLA SILVA,2025-01-12 08:02:07,205.2,0.0,-24.631936,-42.41597
CARLA SILVA,2025-01-12 08:04:27,262.7,0.0,-24.631953,-42.41597
CARLA SILVA,2025-01-12 08:32:57,234.6,0.0,-24.631911,-42.415926
CARLA SILVA,2025-01-12 09:06:57,207.7,0.0,-24.631831,-42.415876
CARLA SILVA,2025-01-12 09:16:38,250.5,0.0,-24.631856,-42.41586
CARLA SILVA,2025-01-12 09:33:57,30.2,0.1,-24.631763,-42.415846
CARLA SILVA,2025-01-12 09:48:28,39.9,0.0,-24.631808,-42.415881
CARLA SILVA,2025-01-12 10:59:47,221.3,0.1,-24.631966,-42.415951
CARLA SILVA,2025-01-12 11:01:17,208.8,0.0,-24.631975,-42.415963
CARLA SILVA,2025-01-12 11:02:47,28.8,0.0,-24.631963,-42.415958
CARLA SILVA,2025-01-12 11:05:17,30.5,0.0,-24.631898,-42.415905
CARLA SILVA,2025-01-12 11:09:17,50.5,0.1,-24.63188,-42.415861
CARLA SILVA,2025-01-12 11:12:08,46.0,0.0,-24.631813,-42.415853
CARLA SILVA,2025-01-12 11:29:37,247.1,0.0,-24.63178,-42.415831
CARLA SILVA,2025-01-12 11:33:36,219.8,0.1,-24.631803,-42.415826
CARLA SILVA,2025-01-12 11:33:37,219.8,0.1,-24.631803,-42.415826
CARLA SILVA,2025-01-12 11:34:06,225.0,0.0,-24.631796,-42.41585
CARLA SILVA,2025-01-12 11:34:26,36.0,0.0,-24.631783,-42.415855
CARLA SILVA,2025-01-12 11:36:26,215.6,0.0,-24.631803,-42.41585
CARLA SILVA,2025-01-12 11:36:27,215.6,0.0,-24.631803,-42.41585
CARLA SILVA,2025-01-12 11:36:37,193.4,0.0,-24.631806,-42.415845
CARLA SILVA,2025-01-12 11:36:56,246.3,0.0,-24.63181,-42.415858
CARLA SILVA,2025-01-12 11:37:06,209.4,0.0,-24.631811,-42.415846
CARLA SILVA,2025-01-12 11:37:46,223.0,0.0,-24.631813,-42.415893
CARLA SILVA,2025-01-12 11:39:47,16.5,0.0,-24.63182,-42.415855
CARLA SILVA,2025-01-12 11:39:57,20.6,0.0,-24.63182,-42.41586
CARLA SILVA,2025-01-12 11:41:57,49.8,0.1,-24.631821,-42.415855
CARLA SILVA,2025-01-12 11:43:26,219.3,0.0,-24.631823,-42.415845
CARLA SILVA,2025-01-12 12:46:36,52.2,0.0,-24.631678,-42.415728
CARLA SILVA,2025-01-12 12:48:47,47.6,0.0,-24.631648,-42.415706
CARLA SILVA,2025-01-12 12:49:36,40.2,0.0,-24.631648,-42.4157
CARLA SILVA,2025-01-12 12:51:56,43.3,0.0,-24.631635,-42.415675
CARLA SILVA,2025-01-12 13:08:37,39.9,0.1,-24.631505,-42.415595
CARLA SILVA,2025-01-12 13:12:57,227.2,0.0,-24.631508,-42.415563
CARLA SILVA,2025-01-12 13:15:47,41.8,0.0,-24.631493,-42.415525
CARLA SILVA,2025-01-12 13:18:07,215.5,0.0,-24.63147,-42.41556
CARLA SILVA,2025-01-12 13:21:57,40.6,0.0,-24.63144,-42.41553
CARLA SILVA,2025-01-12 14:31:37,58.3,0.0,-24.631113,-42.415116
CARLA SILVA,2025-01-12 14:58:57,157.7,0.0,-24.631028,-42.41502
CARLA SILVA,2025-01-12 15:26:38,261.5,0.0,-24.630965,-42.41489
CARLA SILVA,2025-01-12 15:29:06,62.5,0.0,-24.630948,-42.414833
CARLA SILVA,2025-01-12 15:32:06,266.2,0.0,-24.630928,-42.414881
CARLA SILVA,2025-01-12 16:15:16,72.0,0.1,-24.630526,-42.414098
CARLA SILVA,2025-01-12 16:20:37,70.0,0.1,-24.630401,-42.413871
CARLA SILVA,2025-01-12 16:21:47,62.9,0.0,-24.630388,-42.413811
CARLA SILVA,2025-01-12 16:24:47,87.5,0.0,-24.630366,-42.413696
CARLA SILVA,2025-01-12 16:27:17,60.1,0.0,-24.630333,-42.41361
CARLA SILVA,2025-01-12 16:52:06,21.2,0.1,-24.630163,-42.412985
CARLA SILVA,2025-01-12 16:54:26,65.6,0.0,-24.63019,-42.412901
CARLA SILVA,2025-01-12 17:14:46,53.8,0.0,-24.630115,-42.41265
CARLA SILVA,2025-01-12 17:18:46,277.1,0.0,-24.630103,-42.41273
CARLA SILVA,2025-01-12 17:59:25,63.9,0.0,-24.6301,-42.412473
CARLA SILVA,2025-01-12 18:01:56,259.7,0.0,-24.630113,-42.412481
CARLA SILVA,2025-01-12 18:04:37,60.7,0.1,-24.630083,-42.412495
CARLA SILVA,2025-01-12 18:05:57,33.9,0.2,-24.630111,-42.412478
CARLA SILVA,2025-01-12 18:07:36,286.4,0.0,-24.630085,-42.412458
CARLA SILVA,2025-01-12 19:03:18,64.6,0.0,-24.630148,-42.412923
CARLA SILVA,2025-01-12 19:45:08,253.0,0.0,-24.630206,-42.412973
CARLA SILVA,2025-01-12 19:47:17,0.2,0.0,-24.630163,-42.412998
CARLA SILVA,2025-01-12 19:50:07,152.5,0.0,-24.630188,-42.412998
CARLA SILVA,2025-01-12 19:50:17,119.1,0.0,-24.630175,-42.413001
CARLA SILVA,2025-01-12 19:53:47,329.5,0.1,-24.630161,-42.413
CARLA SILVA,2025-01-12 19:55:37,238.6,0.0,-24.630143,-42.412991
CARLA SILVA,2025-01-12 20:25:47,84.0,0.1,-24.630271,-42.413225
CARLA SILVA,2025-01-12 20:46:06,40.3,0.0,-24.63037,-42.413543
CARLA SILVA,2025-01-12 21:30:57,251.2,0.1,-24.630718,-42.414493
CARLA SILVA,2025-01-12 21:38:07,240.2,0.0,-24.630895,-42.414751
CARLA SILVA,2025-01-12 22:06:47,248.6,0.0,-24.631291,-42.415296
CARLA SILVA,2025-01-12 22:12:05,225.1,0.0,-24.631335,-42.415383
CARLA SILVA,2025-01-12 22:29:27,49.6,0.0,-24.6315,-42.415495
CARLA SILVA,2025-01-12 22:32:17,111.8,0.0,-24.63149,-42.415513
CARLA SILVA,2025-01-12 22:43:27,5.3,0.0,-24.631486,-42.415476
CARLA SILVA,2025-01-12 22:49:28,36.2,0.0,-24.63144,-42.41544
CARLA SILVA,2025-01-12 22:51:39,108.6,0.0,-24.631483,-42.415448
CARLA SILVA,2025-01-12 23:26:37,171.9,0.0,-24.631603,-42.415606
CARLA SILVA,2025-01-12 23:50:38,189.9,0.0,-24.631581,-42.415633
CARLA SILVA,2025-01-12 23:54:28,33.8,0.0,-24.631548,-42.415608
CARLA SILVA,2025-01-13 00:17:17,219.1,0.1,-24.631701,-42.415648
CARLA SILVA,2025-01-13 00:19:57,204.5,0.0,-24.631721,-42.415628
CARLA SILVA,2025-01-13 00:34:48,220.1,0.0,-24.631558,-42.415585
CARLA SILVA,2025-01-13 00:34:57,222.3,0.1,-24.631556,-42.415591
CARLA SILVA,2025-01-13 00:43:48,198.2,0.0,-24.631525,-42.415583
CARLA SILVA,2025-01-13 00:47:17,10.3,0.0,-24.631505,-42.415598
CARLA SILVA,2025-01-13 00:47:58,209.2,0.0,-24.63153,-42.415566
CARLA SILVA,2025-01-13 00:48:17,211.3,0.0,-24.631546,-42.415563
CARLA SILVA,2025-01-13 00:49:28,89.1,0.1,-24.631486,-42.415613
CARLA SILVA,2025-01-13 00:49:48,218.6,0.0,-24.631506,-42.415625
CARLA SILVA,2025-01-13 00:50:27,7.6,0.0,-24.631545,-42.415638
CARLA SILVA,2025-01-13 00:51:28,262.0,0.0,-24.631546,-42.415646
CARLA SILVA,2025-01-13 00:52:07,231.6,0.0,-24.631551,-42.415648
CARLA SILVA,2025-01-13 00:52:17,275.2,0.0,-24.631555,-42.41565
CARLA SILVA,2025-01-13 00:52:28,220.4,0.0,-24.631556,-42.41565
CARLA SILVA,2025-01-13 00:53:07,210.5,0.0,-24.63154,-42.415648
CARLA SILVA,2025-01-13 00:54:07,27.0,0.0,-24.63154,-42.41565
CARLA SILVA,2025-01-13 00:54:27,268.4,0.0,-24.631546,-42.415645
CARLA SILVA,2025-01-13 00:54:47,238.5,0.0,-24.631555,-42.415648
CARLA SILVA,2025-01-13 00:55:27,217.9,0.0,-24.631558,-42.415671
CARLA SILVA,2025-01-13 00:57:27,247.6,0.0,-24.631528,-42.415668
CARLA SILVA,2025-01-13 01:09:16,192.9,0.0,-24.631603,-42.415715
CARLA SILVA,2025-01-13 01:11:56,235.6,0.0,-24.631615,-42.415723
CARLA SILVA,2025-01-13 02:02:08,212.4,0.0,-24.631528,-42.415566
CARLA SILVA,2025-01-13 02:04:27,56.6,0.0,-24.631485,-42.415588
CARLA SILVA,2025-01-13 03:22:17,38.6,0.0,-24.63148,-42.415431
CARLA SILVA,2025-01-13 03:24:37,206.8,0.0,-24.63136,-42.415486
CARLA SILVA,2025-01-13 03:35:47,52.4,0.0,-24.631276,-42.41535
CARLA SILVA,2025-01-13 04:01:08,182.9,0.1,-24.631181,-42.415245
CARLA SILVA,2025-01-13 04:38:07,53.1,0.0,-24.631273,-42.415313
CARLA SILVA,2025-01-13 04:46:17,60.1,0.1,-24.631205,-42.41524
CARLA SILVA,2025-01-13 04:51:47,32.4,0.0,-24.631203,-42.415221
CARLA SILVA,2025-01-13 05:07:08,7.9,0.0,-24.63125,-42.415301
CARLA SILVA,2025-01-13 05:10:57,33.9,0.0,-24.631266,-42.415328
CARLA SILVA,2025-01-13 05:15:47,13.6,0.0,-24.63127,-42.41531
CARLA SILVA,2025-01-13 05:19:37,225.4,0.0,-24.631263,-42.415316
CARLA SILVA,2025-01-13 05:42:07,41.4,0.0,-24.63133,-42.415278
CARLA SILVA,2025-01-13 05:49:27,54.1,0.0,-24.631213,-42.415248
CARLA SILVA,2025-01-13 06:16:28,302.9,0.0,-24.631326,-42.41539
CARLA SILVA,2025-01-13 06:20:07,218.4,0.0,-24.631323,-42.415386
CARLA SILVA,2025-01-13 06:23:07,215.4,0.1,-24.631295,-42.415406
CARLA SILVA,2025-01-13 06:32:57,47.4,0.0,-24.631323,-42.415386
CARLA SILVA,2025-01-13 06:52:07,31.4,0.0,-24.631228,-42.41527
CARLA SILVA,2025-01-13 06:59:28,32.5,0.1,-24.63116,-42.415248
CARLA SILVA,2025-01-13 07:03:37,249.6,0.0,-24.631193,-42.4152
CARLA SILVA,2025-01-13 07:29:37,39.6,0.0,-24.631015,-42.415081
CARLA SILVA,2025-01-13 07:33:47,248.4,0.0,-24.631056,-42.415095
CARLA SILVA,2025-01-13 08:03:17,331.6,0.1,-24.630693,-42.414513
CARLA SILVA,2025-01-13 08:17:18,166.0,0.0,-24.630626,-42.414361
CARLA SILVA,2025-01-13 08:37:27,203.9,0.2,-24.630811,-42.41472
CARLA SILVA,2025-01-13 10:02:17,306.7,0.4,-24.629848,-42.416981
CARLA SILVA,2025-01-13 10:02:37,305.4,0.3,-24.629835,-42.417016
CARLA SILVA,2025-01-13 10:33:57,338.6,0.5,-24.626721,-42.419683
CARLA SILVA,2025-01-13 11:23:46,309.2,0.5,-24.620078,-42.425321
CARLA SILVA,2025-01-13 11:23:57,322.0,0.5,-24.620056,-42.42534
CARLA SILVA,2025-01-13 11:26:57,310.1,0.6,-24.619731,-42.425753
CARLA SILVA,2025-01-13 11:44:17,263.6,0.2,-24.618406,-42.427305
CARLA SILVA,2025-01-13 11:52:27,241.8,0.0,-24.618498,-42.427403
CARLA SILVA,2025-01-13 12:11:27,195.0,0.1,-24.6187,-42.427613
CARLA SILVA,2025-01-13 12:18:08,213.0,0.0,-24.618818,-42.427676
CARLA SILVA,2025-01-13 12:21:17,38.9,0.2,-24.618765,-42.427641
CARLA SILVA,2025-01-13 12:48:58,223.3,0.1,-24.618806,-42.427623
CARLA SILVA,2025-01-13 12:49:16,302.2,0.0,-24.618808,-42.42763
CARLA SILVA,2025-01-13 12:50:16,205.9,0.1,-24.618788,-42.42765
CARLA SILVA,2025-01-13 12:50:27,212.0,0.0,-24.61879,-42.42765
CARLA SILVA,2025-01-13 13:06:07,270.2,0.1,-24.61888,-42.427985
CARLA SILVA,2025-01-13 13:30:46,161.9,0.2,-24.619693,-42.427671
CARLA SILVA,2025-01-13 13:33:17,133.1,0.2,-24.619893,-42.427571
CARLA SILVA,2025-01-13 13:36:56,156.9,0.2,-24.620161,-42.427488
CARLA SILVA,2025-01-13 13:56:17,289.3,0.2,-24.620958,-42.427156
CARLA SILVA,2025-01-13 14:03:28,317.9,0.4,-24.620585,-42.427688
CARLA SILVA,2025-01-13 15:20:26,63.5,10.7,-24.595563,-42.369751
CARLA SILVA,2025-01-13 15:20:27,63.5,10.7,-24.595563,-42.369751
CARLA SILVA,2025-01-13 15:25:08,61.1,10.9,-24.588893,-42.356135
CARLA SILVA,2025-01-13 15:26:57,61.7,10.9,-24.586278,-42.350781
CARLA SILVA,2025-01-13 15:29:08,60.4,10.8,-24.583175,-42.344388
CARLA SILVA,2025-01-13 15:34:25,58.6,10.9,-24.574376,-42.329481
CARLA SILVA,2025-01-13 15:35:05,58.4,11.0,-24.573326,-42.327513
CARLA SILVA,2025-01-13 15:35:25,57.2,11.0,-24.572813,-42.32658
CARLA SILVA,2025-01-13 15:35:55,56.5,11.1,-24.57197,-42.325096
CARLA SILVA,2025-01-13 15:36:25,58.2,11.0,-24.571163,-42.323665
CARLA SILVA,2025-01-13 15:36:55,59.2,11.0,-24.570368,-42.322243
CARLA SILVA,2025-01-13 16:10:16,60.9,12.2,-24.513368,-42.218531
CARLA SILVA,2025-01-13 17:01:07,71.4,12.0,-24.459256,-42.038623
CARLA SILVA,2025-01-13 17:04:17,71.0,11.9,-24.455808,-42.027646
CARLA SILVA,2025-01-13 17:06:27,70.5,12.0,-24.453545,-42.020116
CARLA SILVA,2025-01-13 17:12:27,71.9,11.9,-24.447143,-41.999338
CARLA SILVA,2025-01-13 17:12:55,72.0,11.9,-24.446601,-41.997603
CARLA SILVA,2025-01-13 17:53:36,70.7,11.8,-24.40209,-41.857243
CARLA SILVA,2025-01-13 18:03:07,70.0,11.8,-24.39185,-41.824905
CARLA SILVA,2025-01-13 18:45:18,71.0,11.8,-24.345498,-41.68222
CARLA SILVA,2025-01-13 20:29:28,66.3,11.6,-24.230028,-41.328918
CARLA SILVA,2025-01-13 20:32:27,67.3,11.7,-24.226126,-41.319151
CARLA SILVA,2025-01-13 20:35:47,66.4,11.7,-24.221755,-41.308173
CARLA SILVA,2025-01-13 20:40:07,65.6,11.7,-24.21594,-41.293953
CARLA SILVA,2025-01-13 21:02:47,63.9,11.7,-24.18491,-41.219991
CARLA SILVA,2025-01-13 21:10:47,64.8,11.6,-24.174023,-41.194055
CARLA SILVA,2025-01-13 21:13:08,65.5,11.6,-24.170856,-41.186518
CARLA SILVA,2025-01-13 21:43:08,67.4,11.5,-24.132093,-41.09009
CARLA SILVA,2025-01-13 22:16:27,66.8,11.6,-24.092126,-40.981555
CARLA SILVA,2025-01-13 22:21:48,67.4,11.7,-24.085591,-40.96405
CARLA SILVA,2025-01-13 22:25:56,67.3,11.7,-24.080538,-40.950498
CARLA SILVA,2025-01-13 22:59:07,67.6,11.6,-24.039595,-40.8413
CARLA SILVA,2025-01-13 23:15:18,67.6,11.7,-24.019551,-40.788411
CARLA SILVA,2025-01-13 23:18:08,68.7,11.7,-24.016115,-40.779213
CARLA SILVA,2025-01-13 23:34:27,68.1,11.8,-23.995825,-40.725185
CARLA SILVA,2025-01-14 00:05:27,67.4,11.7,-23.95674,-40.623203
CARLA SILVA,2025-01-14 00:08:17,66.9,11.7,-23.95311,-40.614025
CARLA SILVA,2025-01-14 00:11:16,67.0,11.6,-23.949216,-40.604233
CARLA SILVA,2025-01-14 00:13:48,66.7,11.7,-23.945923,-40.595951
CARLA SILVA,2025-01-14 00:56:57,66.1,11.6,-23.891203,-40.455653
CARLA SILVA,2025-01-14 00:57:48,67.4,11.5,-23.890171,-40.452898
CARLA SILVA,2025-01-14 01:03:47,67.4,11.5,-23.88301,-40.433485
CARLA SILVA,2025-01-14 01:48:07,42.9,11.5,-23.820326,-40.296668
CARLA SILVA,2025-01-14 01:52:48,43.4,11.6,-23.80923,-40.285448
CARLA SILVA,2025-01-14 01:56:28,41.6,11.6,-23.800395,-40.276683
CARLA SILVA,2025-01-14 01:56:58,42.1,11.7,-23.79917,-40.275498
CARLA SILVA,2025-01-14 02:31:46,44.8,11.9,-23.715468,-40.189853
CARLA SILVA,2025-01-14 02:34:27,43.3,12.1,-23.708928,-40.183095
CARLA SILVA,2025-01-14 02:43:17,43.8,12.1,-23.6875,-40.160625
CARLA SILVA,2025-01-14 02:46:48,44.0,12.1,-23.678951,-40.151591
CARLA SILVA,2025-01-14 03:36:38,43.5,12.6,-23.552251,-40.02346
CARLA SILVA,2025-01-14 03:49:28,41.8,12.6,-23.518436,-39.990733
CARLA SILVA,2025-01-14 03:53:17,40.6,12.6,-23.508296,-39.98116
CARLA SILVA,2025-01-14 04:10:56,41.5,12.4,-23.461571,-39.936926
CARLA SILVA,2025-01-14 04:12:37,38.6,12.4,-23.457083,-39.93279
CARLA SILVA,2025-01-14 04:18:47,41.4,12.6,-23.440843,-39.91752
CARLA SILVA,2025-01-14 04:47:07,40.8,12.2,-23.366361,-39.849011
CARLA SILVA,2025-01-14 05:24:28,43.0,11.9,-23.27141,-39.759386
CARLA SILVA,2025-01-14 05:55:17,42.6,11.7,-23.195418,-39.685053
CARLA SILVA,2025-01-14 05:57:28,42.6,11.9,-23.190148,-39.679808
CARLA SILVA,2025-01-14 06:27:48,42.0,11.8,-23.116971,-39.607015
CARLA SILVA,2025-01-14 06:30:48,42.9,11.8,-23.109776,-39.59978
CARLA SILVA,2025-01-14 06:34:08,42.5,11.8,-23.101675,-39.591663
CARLA SILVA,2025-01-14 07:02:27,42.8,11.7,-23.033695,-39.522156
CARLA SILVA,2025-01-14 07:05:27,42.8,11.7,-23.026433,-39.514853
CARLA SILVA,2025-01-14 07:10:27,43.9,11.7,-23.014528,-39.50279
CARLA SILVA,2025-01-14 07:35:07,43.7,11.9,-22.955623,-39.442445
CARLA SILVA,2025-01-14 07:37:36,43.4,11.9,-22.949566,-39.436278
CARLA SILVA,2025-01-14 07:41:48,43.9,11.8,-22.9394,-39.425971
CARLA SILVA,2025-01-14 08:16:18,42.6,11.7,-22.856218,-39.341751
CARLA SILVA,2025-01-14 08:19:28,42.4,11.7,-22.84861,-39.334155
CARLA SILVA,2025-01-14 08:42:22,44.2,11.3,-22.795108,-39.28026
CARLA SILVA,2025-01-14 08:48:17,43.8,11.3,-22.781245,-39.266031
CARLA SILVA,2025-01-14 08:55:48,44.4,11.4,-22.76399,-39.24824
CARLA SILVA,2025-01-14 08:58:48,43.5,11.4,-22.757105,-39.24111
CARLA SILVA,2025-01-14 09:33:37,44.6,11.2,-22.679011,-39.158465
CARLA SILVA,2025-01-14 10:38:56,43.7,11.6,-22.530383,-39.003078
CARLA SILVA,2025-01-14 10:47:38,44.1,11.7,-22.509776,-38.982068
CARLA SILVA,2025-01-14 11:05:16,43.3,11.8,-22.467563,-38.93928
CARLA SILVA,2025-01-14 11:07:07,42.7,11.8,-22.463076,-38.934813
CARLA SILVA,2025-01-14 11:07:27,42.5,11.9,-22.462226,-38.933971
CARLA SILVA,2025-01-14 11:09:07,43.6,11.8,-22.458241,-38.929963
CARLA SILVA,2025-01-14 11:10:07,40.9,11.9,-22.455801,-38.92753
CARLA SILVA,2025-01-14 11:11:57,41.7,11.9,-22.451318,-38.923096
CARLA SILVA,2025-01-14 11:12:07,42.6,11.8,-22.450911,-38.922683
CARLA SILVA,2025-01-14 11:12:26,44.6,11.8,-22.450175,-38.921946
CARLA SILVA,2025-01-14 11:12:46,42.9,11.8,-22.449333,-38.921113
CARLA SILVA,2025-01-14 11:15:46,43.0,11.9,-22.442011,-38.913835
CARLA SILVA,2025-01-14 11:18:16,42.3,11.9,-22.435891,-38.907776
CARLA SILVA,2025-01-14 11:21:37,43.0,11.8,-22.427668,-38.899711
CARLA SILVA,2025-01-14 12:17:36,45.3,11.8,-22.293458,-38.763621
CARLA SILVA,2025-01-14 12:33:06,44.4,11.9,-22.256861,-38.724648
CARLA SILVA,2025-01-14 12:41:27,44.8,11.8,-22.237093,-38.703735
CARLA SILVA,2025-01-14 12:55:16,42.9,11.9,-22.204301,-38.669751
CARLA SILVA,2025-01-14 12:57:17,43.7,11.6,-22.19954,-38.664898
CARLA SILVA,2025-01-14 12:59:18,43.5,11.5,-22.19483,-38.660073
CARLA SILVA,2025-01-14 14:17:57,43.7,11.3,-22.017018,-38.478443
CARLA SILVA,2025-01-14 14:46:47,42.7,11.2,-21.95051,-38.411893
CARLA SILVA,2025-01-14 14:47:55,42.0,11.3,-21.947855,-38.409283
CARLA SILVA,2025-01-14 15:09:27,42.1,11.4,-21.897646,-38.359823
CARLA SILVA,2025-01-14 15:11:37,43.3,11.2,-21.892566,-38.354821
CARLA SILVA,2025-01-14 15:13:46,43.0,11.3,-21.887571,-38.349963
CARLA SILVA,2025-01-14 15:19:26,42.2,11.3,-21.874316,-38.33699
CARLA SILVA,2025-01-14 16:00:37,42.0,11.2,-21.77806,-38.244848
CARLA SILVA,2025-01-14 16:02:07,39.9,11.2,-21.774478,-38.241508
CARLA SILVA,2025-01-14 16:03:28,42.0,11.1,-21.771305,-38.23849
CARLA SILVA,2025-01-14 16:06:37,39.7,11.2,-21.763921,-38.231615
CARLA SILVA,2025-01-14 17:47:27,44.1,11.1,-21.52743,-38.011331
CARLA SILVA,2025-01-14 17:51:27,44.1,11.0,-21.518685,-38.002101
CARLA SILVA,2025-01-14 19:30:07,46.4,10.1,-21.311346,-37.781105
CARLA SILVA,2025-01-14 19:32:28,44.6,10.0,-21.306731,-37.776011
CARLA SILVA,2025-01-14 19:36:48,47.5,9.9,-21.298285,-37.766736
CARLA SILVA,2025-01-14 20:08:27,44.0,10.0,-21.23668,-37.698625
CARLA SILVA,2025-01-14 20:12:28,44.7,10.0,-21.228853,-37.690021
CARLA SILVA,2025-01-14 20:42:47,42.9,10.0,-21.168515,-37.626553
CARLA SILVA,2025-01-14 20:45:08,40.0,10.1,-21.163676,-37.621803
CARLA SILVA,2025-01-14 20:50:48,40.1,10.1,-21.151738,-37.610468
CARLA SILVA,2025-01-14 21:10:27,39.8,9.9,-21.10951,-37.573141
CARLA SILVA,2025-01-14 21:19:57,41.7,10.0,-21.08908,-37.554941
CARLA SILVA,2025-01-14 22:29:38,43.7,10.2,-20.94302,-37.416051
CARLA SILVA,2025-01-14 22:35:08,42.7,10.3,-20.931371,-37.404586
CARLA SILVA,2025-01-14 23:11:27,42.4,10.4,-20.853605,-37.329291
CARLA SILVA,2025-01-14 23:41:47,43.2,10.3,-20.78819,-37.265246
CARLA SILVA,2025-01-14 23:46:44,40.7,10.3,-20.777633,-37.254781
CARLA SILVA,2025-01-14 23:47:34,42.7,10.2,-20.775886,-37.253028
CARLA SILVA,2025-01-14 23:57:08,42.0,10.1,-20.756103,-37.23342
CARLA SILVA,2025-01-15 00:04:37,43.4,10.0,-20.740515,-37.218016
CARLA SILVA,2025-01-15 00:25:06,43.9,10.1,-20.699128,-37.175521
CARLA SILVA,2025-01-15 00:25:46,43.8,10.0,-20.69779,-37.174123
CARLA SILVA,2025-01-15 00:26:06,40.9,10.1,-20.69711,-37.17344
CARLA SILVA,2025-01-15 00:28:17,44.3,9.9,-20.692706,-37.168896
CARLA SILVA,2025-01-15 00:28:57,43.6,10.0,-20.691346,-37.167541
CARLA SILVA,2025-01-15 00:29:26,42.8,10.0,-20.69036,-37.16654
CARLA SILVA,2025-01-15 00:50:18,41.1,10.2,-20.647821,-37.123143
CARLA SILVA,2025-01-15 00:53:48,41.4,10.1,-20.640655,-37.115836
CARLA SILVA,2025-01-15 00:56:18,43.5,10.2,-20.63546,-37.110551
CARLA SILVA,2025-01-15 00:58:47,44.5,10.3,-20.630386,-37.105276
CARLA SILVA,2025-01-15 01:14:58,43.6,10.3,-20.596713,-37.07105
CARLA SILVA,2025-01-15 01:20:25,353.7,9.4,-20.583651,-37.067283
CARLA SILVA,2025-01-15 01:21:05,356.6,9.6,-20.581873,-37.067451
CARLA SILVA,2025-01-15 01:21:25,357.5,9.7,-20.580958,-37.067503
CARLA SILVA,2025-01-15 01:22:34,357.5,9.8,-20.577796,-37.06761
CARLA SILVA,2025-01-15 01:23:14,0.7,10.0,-20.575885,-37.067635
CARLA SILVA,2025-01-15 01:23:25,359.4,9.9,-20.575411,-37.06764
CARLA SILVA,2025-01-15 01:24:55,0.0,10.2,-20.571181,-37.067603
CARLA SILVA,2025-01-15 01:43:57,358.5,11.1,-20.513763,-37.069123
CARLA SILVA,2025-01-15 01:47:27,359.0,11.3,-20.502783,-37.069378
CARLA SILVA,2025-01-15 02:34:48,357.6,11.3,-20.350531,-37.076568
CARLA SILVA,2025-01-15 02:37:36,358.1,11.3,-20.341605,-37.076898
CARLA SILVA,2025-01-15 02:44:07,0.5,11.4,-20.320818,-37.077118
CARLA SILVA,2025-01-15 02:46:57,1.7,11.4,-20.31176,-37.07711
CARLA SILVA,2025-01-15 03:10:28,2.2,11.4,-20.236658,-37.074296
CARLA SILVA,2025-01-15 03:13:28,3.9,11.4,-20.227128,-37.073805
CARLA SILVA,2025-01-15 03:16:48,2.9,11.3,-20.216558,-37.073235
CARLA SILVA,2025-01-15 03:46:47,3.5,11.0,-20.122821,-37.067656
CARLA SILVA,2025-01-15 04:16:26,0.8,11.1,-20.031788,-37.065336
CARLA SILVA,2025-01-15 04:20:27,359.4,11.1,-20.019333,-37.065451
CARLA SILVA,2025-01-15 04:23:25,358.7,11.2,-20.01003,-37.06548
CARLA SILVA,2025-01-15 04:33:06,357.2,10.9,-19.979908,-37.06588
CARLA SILVA,2025-01-15 04:51:57,0.2,10.8,-19.92239,-37.066733
CARLA SILVA,2025-01-15 04:54:38,0.0,10.8,-19.914276,-37.066706
CARLA SILVA,2025-01-15 05:28:58,355.9,10.7,-19.810535,-37.07354
CARLA SILVA,2025-01-15 05:33:08,355.7,10.8,-19.798051,-37.074578
CARLA SILVA,2025-01-15 05:35:48,354.9,10.6,-19.790021,-37.075251
CARLA SILVA,2025-01-15 06:08:46,355.5,10.8,-19.690915,-37.081608
CARLA SILVA,2025-01-15 06:17:16,354.7,10.8,-19.66524,-37.083885
CARLA SILVA,2025-01-15 06:37:58,353.2,10.7,-19.603311,-37.09146
CARLA SILVA,2025-01-15 06:40:47,356.0,10.8,-19.594885,-37.092415
CARLA SILVA,2025-01-15 07:12:27,354.9,10.9,-19.499523,-37.099636
CARLA SILVA,2025-01-15 07:13:37,356.3,10.9,-19.495973,-37.09998
CARLA SILVA,2025-01-15 07:16:37,355.0,10.9,-19.486845,-37.100781
CARLA SILVA,2025-01-15 07:18:47,356.0,11.0,-19.480218,-37.10131
CARLA SILVA,2025-01-15 07:43:46,357.2,11.1,-19.403493,-37.107248
CARLA SILVA,2025-01-15 07:45:58,357.5,11.1,-19.396793,-37.107533
CARLA SILVA,2025-01-15 07:52:36,356.9,11.0,-19.376213,-37.108393
CARLA SILVA,2025-01-15 07:56:06,358.9,10.9,-19.365433,-37.108775
CARLA SILVA,2025-01-15 07:59:16,359.1,11.0,-19.355718,-37.108815
CARLA SILVA,2025-01-15 08:03:46,1.4,11.0,-19.341886,-37.108476
CARLA SILVA,2025-01-15 08:22:27,2.0,11.0,-19.284451,-37.106788
CARLA SILVA,2025-01-15 08:26:48,1.7,11.1,-19.271063,-37.106461
CARLA SILVA,2025-01-15 09:38:18,359.0,11.1,-19.048968,-37.105806
CARLA SILVA,2025-01-15 09:46:07,358.6,11.2,-19.024456,-37.106086
CARLA SILVA,2025-01-15 10:12:27,356.7,11.2,-18.942256,-37.110178
CARLA SILVA,2025-01-15 10:16:27,356.4,11.1,-18.9298,-37.110926
CARLA SILVA,2025-01-15 10:55:27,356.7,10.9,-18.809403,-37.116861
CARLA SILVA,2025-01-15 12:02:07,355.8,10.7,-18.608636,-37.131568
CARLA SILVA,2025-01-15 13:09:36,0.2,10.2,-18.411108,-37.141016
CARLA SILVA,2025-01-15 13:13:07,358.8,10.2,-18.401048,-37.141131
CARLA SILVA,2025-01-15 13:14:46,359.0,10.3,-18.396305,-37.141233
CARLA SILVA,2025-01-15 13:17:28,358.9,10.3,-18.388581,-37.14132
CARLA SILVA,2025-01-15 13:19:47,358.5,10.4,-18.381865,-37.141458
CARLA SILVA,2025-01-15 13:40:26,0.4,10.4,-18.32178,-37.141878
CARLA SILVA,2025-01-15 13:43:27,0.0,10.4,-18.313056,-37.141841
CARLA SILVA,2025-01-15 13:46:57,359.9,10.4,-18.302853,-37.141825
CARLA SILVA,2025-01-15 13:49:57,0.3,10.5,-18.29407,-37.141763
CARLA SILVA,2025-01-15 14:12:06,0.6,10.7,-18.228646,-37.14121
CARLA SILVA,2025-01-15 14:59:58,359.7,11.0,-18.083945,-37.140336
CARLA SILVA,2025-01-15 15:00:17,1.1,11.0,-18.082971,-37.140326
CARLA SILVA,2025-01-15 15:03:28,0.7,11.0,-18.073238,-37.140203
CARLA SILVA,2025-01-15 15:58:31,1.7,10.9,-17.879676,-37.138855
CARLA SILVA,2025-01-15 16:00:20,0.2,10.9,-17.874093,-37.138811
CARLA SILVA,2025-01-15 16:00:31,359.4,10.8,-17.873538,-37.138808
CARLA SILVA,2025-01-15 16:45:27,357.5,10.8,-17.762655,-37.14137
CARLA SILVA,2025-01-15 16:54:17,358.5,10.7,-17.736016,-37.14222
CARLA SILVA,2025-01-15 18:32:57,357.4,10.9,-17.438783,-37.156085
CARLA SILVA,2025-01-15 18:35:47,357.1,10.9,-17.430096,-37.15656
CARLA SILVA,2025-01-15 19:04:06,354.3,10.8,-17.344536,-37.162661
CARLA SILVA,2025-01-15 19:09:36,356.6,10.7,-17.328033,-37.163933
CARLA SILVA,2025-01-15 19:13:57,355.3,10.7,-17.314973,-37.164961
CARLA SILVA,2025-01-15 19:50:57,340.6,10.6,-17.208713,-37.189661
CARLA SILVA,2025-01-15 20:10:16,339.5,10.9,-17.153935,-37.210573
CARLA SILVA,2025-01-15 20:15:17,342.7,10.8,-17.13959,-37.215843
CARLA SILVA,2025-01-15 20:15:57,340.8,10.8,-17.137606,-37.21652
CARLA SILVA,2025-01-15 20:18:36,341.8,10.9,-17.12996,-37.219141
CARLA SILVA,2025-01-15 20:20:27,341.7,10.9,-17.124668,-37.220966
CARLA SILVA,2025-01-15 21:24:28,341.8,11.2,-16.936403,-37.284625
CARLA SILVA,2025-01-15 21:58:38,344.0,10.7,-16.836338,-37.3177
CARLA SILVA,2025-01-15 22:02:28,344.0,10.5,-16.825498,-37.32105
CARLA SILVA,2025-01-15 22:30:08,347.0,10.6,-16.747173,-37.342123
CARLA SILVA,2025-01-15 22:32:37,346.4,10.6,-16.740005,-37.3439
CARLA SILVA,2025-01-15 23:53:37,344.2,9.8,-16.507576,-37.409776
CARLA SILVA,2025-01-16 00:11:36,359.8,10.0,-16.458268,-37.413601
CARLA SILVA,2025-01-16 00:12:57,356.1,10.0,-16.454478,-37.41378
CARLA SILVA,2025-01-16 00:13:07,355.3,10.1,-16.454058,-37.413813
CARLA SILVA,2025-01-16 00:13:36,355.2,10.0,-16.452703,-37.413921
CARLA SILVA,2025-01-16 00:13:47,354.9,10.0,-16.45219,-37.413968
CARLA SILVA,2025-01-16 00:38:58,338.0,10.0,-16.382246,-37.427665
CARLA SILVA,2025-01-16 00:45:28,334.8,10.1,-16.365448,-37.435508
CARLA SILVA,2025-01-16 00:47:57,336.6,10.2,-16.358963,-37.43849
CARLA SILVA,2025-01-16 00:50:07,335.8,10.2,-16.353243,-37.441176
CARLA SILVA,2025-01-16 00:50:26,335.0,10.2,-16.352461,-37.44154
CARLA SILVA,2025-01-16 00:50:47,335.3,10.2,-16.351538,-37.441966
CARLA SILVA,2025-01-16 00:50:48,335.3,10.2,-16.351538,-37.441966
CARLA SILVA,2025-01-16 00:52:36,335.7,10.2,-16.346808,-37.44416
CARLA SILVA,2025-01-16 00:53:17,335.1,10.2,-16.345016,-37.444993
CARLA SILVA,2025-01-16 01:33:28,335.1,10.3,-16.239301,-37.493666
CARLA SILVA,2025-01-16 01:33:47,335.3,10.3,-16.238333,-37.494126
CARLA SILVA,2025-01-16 01:40:28,336.3,10.4,-16.220725,-37.502376
CARLA SILVA,2025-01-16 01:43:56,335.0,10.3,-16.211625,-37.506751
CARLA SILVA,2025-01-16 02:11:48,339.4,9.9,-16.138936,-37.53891
CARLA SILVA,2025-01-16 02:24:57,340.1,10.0,-16.104368,-37.552005
CARLA SILVA,2025-01-16 02:29:26,339.5,10.0,-16.092463,-37.556515
CARLA SILVA,2025-01-16 02:31:48,340.2,10.1,-16.086245,-37.558826
CARLA SILVA,2025-01-16 03:21:16,342.8,10.4,-15.950735,-37.603893
CARLA SILVA,2025-01-16 03:25:47,342.8,10.4,-15.938141,-37.607773
CARLA SILVA,2025-01-16 03:52:58,343.0,10.6,-15.861076,-37.632271
CARLA SILVA,2025-01-16 03:56:57,341.3,10.5,-15.849848,-37.636123
CARLA SILVA,2025-01-16 04:01:08,342.3,10.7,-15.837996,-37.640153
CARLA SILVA,2025-01-16 04:35:18,339.1,10.8,-15.740865,-37.675283
CARLA SILVA,2025-01-16 05:07:37,340.0,10.9,-15.649386,-37.711371
CARLA SILVA,2025-01-16 06:09:37,341.2,11.3,-15.469443,-37.780746
CARLA SILVA,2025-01-16 06:16:48,340.5,11.3,-15.447825,-37.788256
CARLA SILVA,2025-01-16 06:48:18,339.7,11.4,-15.353365,-37.822286
CARLA SILVA,2025-01-16 06:51:57,340.3,11.4,-15.342446,-37.826546
CARLA SILVA,2025-01-16 06:55:18,339.9,11.4,-15.33233,-37.830366
CARLA SILVA,2025-01-16 06:58:48,340.1,11.5,-15.32183,-37.834403
CARLA SILVA,2025-01-16 07:18:37,339.8,11.5,-15.262348,-37.858078
CARLA SILVA,2025-01-16 07:21:07,339.5,11.4,-15.254781,-37.860955
CARLA SILVA,2025-01-16 07:23:26,339.4,11.4,-15.24783,-37.86366
CARLA SILVA,2025-01-16 08:02:07,343.5,11.3,-15.131011,-37.901066
CARLA SILVA,2025-01-16 08:29:47,343.2,11.2,-15.04735,-37.927045
CARLA SILVA,2025-01-16 08:35:07,343.1,11.2,-15.031276,-37.932153
CARLA SILVA,2025-01-16 08:37:18,342.7,11.2,-15.024645,-37.93427
CARLA SILVA,2025-01-16 12:09:27,341.5,11.6,-14.376033,-38.144591
CARLA SILVA,2025-01-16 12:11:46,341.9,11.6,-14.368866,-38.147003
CARLA SILVA,2025-01-16 12:12:46,341.7,11.6,-14.365785,-38.148065
CARLA SILVA,2025-01-16 12:18:27,341.2,11.6,-14.348231,-38.154076
CARLA SILVA,2025-01-16 12:37:08,342.5,11.6,-14.290858,-38.173828
CARLA SILVA,2025-01-16 12:48:06,341.5,11.5,-14.257358,-38.185658
CARLA SILVA,2025-01-16 13:05:56,339.9,11.3,-14.203391,-38.204608
CARLA SILVA,2025-01-16 13:16:46,340.5,11.3,-14.170941,-38.216348
CARLA SILVA,2025-01-16 14:02:07,339.7,11.0,-14.0376,-38.264915
CARLA SILVA,2025-01-16 14:02:08,339.7,11.0,-14.0376,-38.264915
CARLA SILVA,2025-01-16 14:04:36,339.6,11.1,-14.030283,-38.26771
CARLA SILVA,2025-01-16 14:47:47,339.3,10.5,-13.908333,-38.313728
CARLA SILVA,2025-01-16 15:42:38,342.9,10.3,-13.757791,-38.366846
CARLA SILVA,2025-01-16 16:09:26,341.1,10.3,-13.660998,-38.398713
CARLA SILVA,2025-01-16 16:14:45,340.1,10.3,-13.646445,-38.40373
CARLA SILVA,2025-01-16 16:14:56,340.8,10.3,-13.64594,-38.403903
CARLA SILVA,2025-01-16 16:16:26,340.7,10.2,-13.641848,-38.405311
CARLA SILVA,2025-01-16 16:17:05,340.6,10.2,-13.640075,-38.405923
CARLA SILVA,2025-01-16 16:17:45,341.8,10.2,-13.638301,-38.406545
CARLA SILVA,2025-01-16 16:18:45,340.4,10.2,-13.635546,-38.407488
CARLA SILVA,2025-01-16 16:19:16,340.1,10.2,-13.634195,-38.407963
CARLA SILVA,2025-01-16 18:01:34,343.5,9.7,-13.372435,-38.489356
CARLA SILVA,2025-01-16 18:01:55,342.5,9.6,-13.371543,-38.48963
CARLA SILVA,2025-01-16 19:10:47,344.7,10.6,-13.237555,-38.531431
CARLA SILVA,2025-01-16 19:47:27,263.4,2.3,-13.185193,-38.54897
CARLA SILVA,2025-01-16 19:52:58,249.2,2.2,-13.186066,-38.55246
CARLA SILVA,2025-01-16 19:57:57,253.7,2.1,-13.186956,-38.555438
CARLA SILVA,2025-01-16 20:23:27,301.3,0.5,-13.18503,-38.565215
CARLA SILVA,2025-01-16 20:26:17,297.6,0.5,-13.18476,-38.565713
CARLA SILVA,2025-01-16 20:26:46,298.8,0.6,-13.18471,-38.5658
CARLA SILVA,2025-01-16 20:29:06,284.3,0.5,-13.184546,-38.566228
CARLA SILVA,2025-01-16 20:31:28,289.9,0.6,-13.184403,-38.566666
CARLA SILVA,2025-01-16 20:55:38,275.7,0.7,-13.18348,-38.571201
CARLA SILVA,2025-01-16 23:44:27,241.1,0.8,-13.199268,-38.530616
CARLA SILVA,2025-01-16 23:49:27,242.3,0.7,-13.19981,-38.531631
CARLA SILVA,2025-01-17 00:12:47,245.6,0.8,-13.202303,-38.536561
CARLA SILVA,2025-01-17 00:12:57,246.1,0.7,-13.20232,-38.536595
CARLA SILVA,2025-01-17 00:13:27,244.9,0.8,-13.202375,-38.536705
CARLA SILVA,2025-01-17 00:13:47,245.4,0.8,-13.20241,-38.536775
CARLA SILVA,2025-01-17 00:14:06,243.2,0.8,-13.20244,-38.536838
CARLA SILVA,2025-01-17 00:14:27,243.4,0.8,-13.202478,-38.5369
CARLA SILVA,2025-01-17 00:16:17,243.6,0.8,-13.202661,-38.537296
CARLA SILVA,2025-01-17 00:35:28,237.5,0.7,-13.204748,-38.541093
CARLA SILVA,2025-01-17 00:45:37,236.2,0.7,-13.20593,-38.542916
CARLA SILVA,2025-01-17 00:48:17,237.0,0.6,-13.206225,-38.543401
CARLA SILVA,2025-01-17 01:16:07,232.3,0.7,-13.209676,-38.547793
CARLA SILVA,2025-01-17 02:21:18,182.5,0.3,-13.217746,-38.55405
CARLA SILVA,2025-01-17 02:30:28,161.1,0.2,-13.218496,-38.554011
CARLA SILVA,2025-01-17 02:32:47,157.6,0.2,-13.218713,-38.553986
CARLA SILVA,2025-01-17 02:55:08,195.3,0.3,-13.22049,-38.554351
CARLA SILVA,2025-01-17 05:20:48,16.5,5.7,-13.043791,-38.57103
CARLA SILVA,2025-01-17 05:50:16,356.2,9.4,-12.986785,-38.561605
CARLA SILVA,2025-01-17 05:55:17,356.1,10.7,-12.972546,-38.5625
CARLA SILVA,2025-01-17 06:22:47,2.9,11.1,-12.885128,-38.566
CARLA SILVA,2025-01-17 06:25:47,2.8,10.9,-12.87588,-38.565448
CARLA SILVA,2025-01-17 06:28:17,3.0,10.8,-12.868315,-38.564973
CARLA SILVA,2025-01-17 06:53:58,334.1,9.9,-12.794676,-38.577713
CARLA SILVA,2025-01-17 06:57:18,334.7,9.7,-12.786391,-38.581675
CARLA SILVA,2025-01-17 07:00:56,321.3,9.1,-12.778231,-38.586798
CARLA SILVA,2025-01-17 07:03:17,319.7,8.7,-12.773898,-38.590751
CARLA SILVA,2025-01-17 07:30:27,297.7,0.5,-12.755003,-38.630686
CARLA SILVA,2025-01-17 07:35:47,79.7,0.8,-12.753791,-38.631303
CARLA SILVA,2025-01-17 08:08:27,80.7,0.8,-12.75609,-38.620773
CARLA SILVA,2025-01-17 08:11:08,64.4,0.6,-12.755965,-38.620226
CARLA SILVA,2025-01-18 06:37:48,4.7,0.0,-12.755095,-38.619858
CARLA SILVA,2025-01-19 09:41:32,178.0,11.7,-12.86707,-38.564783
CARLA SILVA,2025-01-19 09:44:32,177.6,11.7,-12.876885,-38.564443
CARLA SILVA,2025-01-19 11:02:13,162.3,12.0,-13.103461,-38.579485
CARLA SILVA,2025-01-19 11:05:31,162.8,12.5,-13.114316,-38.575908
CARLA SILVA,2025-01-19 11:26:02,162.0,12.5,-13.183388,-38.553333
CARLA SILVA,2025-01-19 11:28:21,161.3,12.4,-13.191048,-38.550733
CARLA SILVA,2025-01-19 11:29:10,161.4,12.4,-13.193785,-38.549808
CARLA SILVA,2025-01-19 11:29:21,161.5,12.4,-13.194388,-38.549603
CARLA SILVA,2025-01-19 11:30:21,161.6,12.5,-13.197696,-38.548495
CARLA SILVA,2025-01-19 11:30:41,161.7,12.5,-13.1988,-38.548081
CARLA SILVA,2025-01-19 11:30:50,161.3,12.5,-13.199298,-38.547891
CARLA SILVA,2025-01-19 11:33:11,161.9,12.5,-13.20711,-38.545326
CARLA SILVA,2025-01-19 11:34:01,162.3,12.5,-13.209905,-38.544425
CARLA SILVA,2025-01-19 11:35:32,162.6,12.6,-13.214881,-38.542843
CARLA SILVA,2025-01-19 12:01:23,162.0,12.5,-13.300946,-38.514561
CARLA SILVA,2025-01-19 12:27:12,165.0,12.9,-13.389813,-38.49019
CARLA SILVA,2025-01-19 12:28:02,165.6,12.9,-13.392735,-38.489413
CARLA SILVA,2025-01-19 12:32:51,165.1,12.9,-13.409611,-38.484891
CARLA SILVA,2025-01-19 12:44:02,163.3,13.0,-13.448758,-38.473626
CARLA SILVA,2025-01-19 12:49:52,162.2,13.1,-13.469296,-38.467176
CARLA SILVA,2025-01-19 12:52:33,161.4,13.2,-13.478671,-38.464056
CARLA SILVA,2025-01-19 12:55:33,162.0,13.2,-13.489201,-38.460471
CARLA SILVA,2025-01-19 13:32:13,160.2,13.2,-13.61722,-38.41295
CARLA SILVA,2025-01-19 13:44:32,159.1,13.2,-13.66006,-38.396693
CARLA SILVA,2025-01-19 15:22:22,161.2,12.8,-13.997223,-38.27543
CARLA SILVA,2025-01-19 15:27:11,161.3,12.8,-14.013613,-38.26968
CARLA SILVA,2025-01-19 15:28:31,161.6,12.8,-14.018178,-38.268091
CARLA SILVA,2025-01-19 15:31:32,160.8,12.8,-14.028405,-38.264521
CARLA SILVA,2025-01-19 18:00:12,164.3,12.9,-14.5285,-38.099558
CARLA SILVA,2025-01-19 18:06:02,164.3,12.9,-14.548963,-38.093781
CARLA SILVA,2025-01-19 18:30:02,163.0,12.8,-14.63154,-38.06823
CARLA SILVA,2025-01-19 18:37:12,162.7,12.7,-14.656013,-38.060525
CARLA SILVA,2025-01-19 18:39:22,162.6,12.7,-14.663446,-38.058156
CARLA SILVA,2025-01-19 19:10:12,162.2,12.7,-14.768421,-38.024546
CARLA SILVA,2025-01-19 19:13:11,162.9,12.7,-14.778551,-38.021191
CARLA SILVA,2025-01-19 19:38:12,162.1,12.7,-14.863591,-37.993505
CARLA SILVA,2025-01-19 19:44:02,162.3,12.7,-14.883408,-37.987008
CARLA SILVA,2025-01-19 19:47:32,162.6,12.7,-14.89533,-37.983088
CARLA SILVA,2025-01-19 19:50:52,162.4,12.8,-14.90673,-37.979438
CARLA SILVA,2025-01-19 20:20:11,160.1,12.6,-15.005733,-37.944475
CARLA SILVA,2025-01-19 20:23:32,160.2,12.7,-15.016921,-37.940313
CARLA SILVA,2025-01-19 21:37:31,160.7,13.0,-15.267851,-37.846455
CARLA SILVA,2025-01-19 21:39:51,160.4,12.9,-15.2758,-37.843593
CARLA SILVA,2025-01-19 21:42:12,160.4,13.0,-15.283835,-37.840665
CARLA SILVA,2025-01-19 22:25:03,161.8,13.0,-15.431746,-37.790001
CARLA SILVA,2025-01-19 22:27:31,161.5,13.0,-15.440266,-37.787151
CARLA SILVA,2025-01-19 22:30:02,162.2,12.9,-15.448975,-37.784288
CARLA SILVA,2025-01-19 22:34:01,161.8,13.0,-15.462746,-37.779763
CARLA SILVA,2025-01-19 23:23:00,162.0,13.1,-15.63326,-37.723125
CARLA SILVA,2025-01-19 23:23:01,162.0,13.1,-15.63326,-37.723125
CARLA SILVA,2025-01-20 00:01:01,162.2,13.4,-15.766846,-37.678198
CARLA SILVA,2025-01-20 00:01:21,161.9,13.4,-15.76798,-37.677803
CARLA SILVA,2025-01-20 00:03:32,161.1,13.5,-15.77575,-37.675176
CARLA SILVA,2025-01-20 00:11:22,161.5,13.5,-15.803868,-37.66568
CARLA SILVA,2025-01-20 00:14:42,161.6,13.5,-15.815846,-37.661591
CARLA SILVA,2025-01-20 00:46:00,159.8,13.7,-15.928571,-37.621445
CARLA SILVA,2025-01-20 00:46:52,159.9,13.7,-15.931636,-37.62028
CARLA SILVA,2025-01-20 00:47:00,160.1,13.6,-15.932171,-37.620078
CARLA SILVA,2025-01-20 00:47:21,160.0,13.6,-15.933423,-37.619603
CARLA SILVA,2025-01-20 00:49:21,160.2,13.6,-15.940578,-37.616916
CARLA SILVA,2025-01-20 00:50:21,159.6,13.6,-15.944111,-37.615548
CARLA SILVA,2025-01-20 01:14:02,157.9,13.9,-16.029325,-37.582291
CARLA SILVA,2025-01-20 01:16:33,158.6,13.9,-16.03846,-37.578573
CARLA SILVA,2025-01-20 01:35:09,162.1,14.1,-16.107513,-37.553543
CARLA SILVA,2025-01-20 01:35:38,161.8,14.2,-16.109268,-37.55294
CARLA SILVA,2025-01-20 01:36:51,161.5,14.2,-16.113846,-37.551345
CARLA SILVA,2025-01-20 01:37:09,161.8,14.2,-16.114988,-37.550968
CARLA SILVA,2025-01-20 01:39:02,162.4,14.1,-16.122053,-37.548525
CARLA SILVA,2025-01-20 01:41:21,161.0,14.1,-16.130718,-37.545456
CARLA SILVA,2025-01-20 02:12:04,161.5,14.2,-16.245941,-37.504115
CARLA SILVA,2025-01-20 02:16:08,161.6,14.1,-16.261206,-37.498861
CARLA SILVA,2025-01-20 02:51:20,165.9,13.3,-16.388926,-37.459158
CARLA SILVA,2025-01-20 03:20:08,162.6,13.3,-16.49253,-37.428031
CARLA SILVA,2025-01-20 03:22:59,161.9,13.3,-16.50263,-37.424658
CARLA SILVA,2025-01-20 03:25:08,162.3,13.2,-16.51024,-37.422146
CARLA SILVA,2025-01-20 03:27:39,162.4,13.1,-16.519106,-37.419201
CARLA SILVA,2025-01-20 03:53:18,162.2,13.0,-16.60722,-37.39005
CARLA SILVA,2025-01-20 04:04:49,162.5,13.1,-16.647421,-37.376971
CARLA SILVA,2025-01-20 04:27:00,161.7,13.3,-16.725721,-37.351045
CARLA SILVA,2025-01-20 04:33:30,162.1,13.2,-16.748573,-37.343311
CARLA SILVA,2025-01-20 05:02:19,162.3,13.1,-16.849498,-37.309593
CARLA SILVA,2025-01-20 05:05:19,162.6,13.1,-16.859951,-37.30613
CARLA SILVA,2025-01-20 05:08:39,163.0,13.0,-16.871593,-37.302368
CARLA SILVA,2025-01-20 05:38:58,161.9,13.0,-16.976058,-37.267858
CARLA SILVA,2025-01-20 05:41:59,161.8,12.9,-16.986536,-37.26436
CARLA SILVA,2025-01-20 06:17:39,163.9,13.0,-17.110103,-37.224431
CARLA SILVA,2025-01-20 08:11:27,175.7,13.1,-17.51719,-37.159715
CARLA SILVA,2025-01-20 08:13:38,178.4,13.2,-17.525196,-37.159338
CARLA SILVA,2025-01-20 08:15:48,178.4,13.2,-17.533171,-37.159091
CARLA SILVA,2025-01-20 08:18:48,178.2,13.2,-17.544268,-37.158761
CARLA SILVA,2025-01-20 08:45:59,176.7,13.0,-17.644223,-37.155321
CARLA SILVA,2025-01-20 10:00:18,178.6,13.3,-17.91603,-37.144468
CARLA SILVA,2025-01-20 10:05:18,178.0,13.3,-17.934548,-37.14408
CARLA SILVA,2025-01-20 10:24:39,178.8,13.4,-18.006475,-37.142701
CARLA SILVA,2025-01-20 11:18:09,178.6,13.6,-18.20918,-37.139261
CARLA SILVA,2025-01-20 11:18:28,177.9,13.6,-18.210423,-37.13923
CARLA SILVA,2025-01-20 11:19:09,178.1,13.6,-18.213001,-37.139163
CARLA SILVA,2025-01-20 11:20:28,178.8,13.6,-18.217975,-37.139025
CARLA SILVA,2025-01-20 11:20:38,178.8,13.6,-18.218555,-37.139015
CARLA SILVA,2025-01-20 11:20:48,179.2,13.6,-18.219205,-37.139
CARLA SILVA,2025-01-20 11:20:57,178.4,13.6,-18.219856,-37.13898
CARLA SILVA,2025-01-20 11:34:59,178.9,13.5,-18.27302,-37.13791
CARLA SILVA,2025-01-20 11:43:09,178.9,13.4,-18.303766,-37.137286
CARLA SILVA,2025-01-20 11:46:08,179.5,13.4,-18.314973,-37.137046
CARLA SILVA,2025-01-20 11:52:37,178.8,13.3,-18.339265,-37.136576
CARLA SILVA,2025-01-20 11:58:08,178.7,13.2,-18.359658,-37.1361
CARLA SILVA,2025-01-20 11:58:37,179.1,13.2,-18.361426,-37.136065
CARLA SILVA,2025-01-20 12:41:19,178.3,12.8,-18.515423,-37.131048
CARLA SILVA,2025-01-20 13:32:58,178.7,12.9,-18.700421,-37.126008
CARLA SILVA,2025-01-20 13:35:18,179.0,12.9,-18.708871,-37.12583
CARLA SILVA,2025-01-20 13:40:28,178.6,12.9,-18.727513,-37.125535
CARLA SILVA,2025-01-20 14:18:19,177.1,12.9,-18.864183,-37.120488
CARLA SILVA,2025-01-20 14:20:59,177.7,12.9,-18.873801,-37.120071
CARLA SILVA,2025-01-20 15:39:06,177.7,12.7,-19.15533,-37.106106
CARLA SILVA,2025-01-20 15:39:27,177.7,12.7,-19.156571,-37.106055
CARLA SILVA,2025-01-20 15:39:55,177.6,12.7,-19.15829,-37.105961
CARLA SILVA,2025-01-20 15:40:55,177.5,12.7,-19.16179,-37.105853
CARLA SILVA,2025-01-20 15:41:36,177.5,12.7,-19.16421,-37.10575
CARLA SILVA,2025-01-20 15:42:27,176.7,12.6,-19.167233,-37.10558
CARLA SILVA,2025-01-20 15:42:37,177.0,12.7,-19.167706,-37.105556
CARLA SILVA,2025-01-20 15:43:36,177.5,12.7,-19.171306,-37.105385
CARLA SILVA,2025-01-20 15:45:27,177.1,12.6,-19.177828,-37.105035
CARLA SILVA,2025-01-20 15:45:46,177.0,12.6,-19.178938,-37.104983
CARLA SILVA,2025-01-20 16:11:00,178.3,12.9,-19.269216,-37.101745
CARLA SILVA,2025-01-20 17:09:33,177.5,12.9,-19.511661,-37.092223
CARLA SILVA,2025-01-20 17:10:41,177.1,12.9,-19.515845,-37.091985
CARLA SILVA,2025-01-20 17:12:53,176.6,13.0,-19.523756,-37.091568
CARLA SILVA,2025-01-20 17:13:13,176.7,13.1,-19.524985,-37.0915
CARLA SILVA,2025-01-20 17:36:59,176.5,13.1,-19.578771,-37.088563
CARLA SILVA,2025-01-20 17:39:39,176.9,13.1,-19.588563,-37.087996
CARLA SILVA,2025-01-20 18:14:28,176.8,13.1,-19.716166,-37.079935
CARLA SILVA,2025-01-20 18:17:28,177.1,13.0,-19.727078,-37.079255
CARLA SILVA,2025-01-20 18:47:19,174.8,12.9,-19.835485,-37.071055
CARLA SILVA,2025-01-20 18:49:27,174.0,12.9,-19.843236,-37.070243
CARLA SILVA,2025-01-20 19:26:08,174.6,12.9,-19.973653,-37.054765
CARLA SILVA,2025-01-20 19:42:38,175.5,13.4,-20.034693,-37.04868
CARLA SILVA,2025-01-20 19:45:49,174.8,13.3,-20.046595,-37.04762
CARLA SILVA,2025-01-20 19:52:48,175.4,13.3,-20.072586,-37.04521
CARLA SILVA,2025-01-20 19:58:19,176.0,13.4,-20.093181,-37.043465
CARLA SILVA,2025-01-20 20:01:19,175.6,13.4,-20.104425,-37.04253
CARLA SILVA,2025-01-20 20:32:38,178.6,13.4,-20.221655,-37.035801
CARLA SILVA,2025-01-20 20:40:18,178.8,13.3,-20.250308,-37.035085
CARLA SILVA,2025-01-20 21:10:10,186.4,13.3,-20.361473,-37.03916
CARLA SILVA,2025-01-20 21:21:10,188.9,13.5,-20.402473,-37.044718
CARLA SILVA,2025-01-20 21:26:48,188.8,13.6,-20.423615,-37.04829
CARLA SILVA,2025-01-20 21:30:09,188.8,13.6,-20.436255,-37.05042
CARLA SILVA,2025-01-20 21:32:49,189.2,13.6,-20.4463,-37.052123
CARLA SILVA,2025-01-20 21:41:29,192.0,13.6,-20.478866,-37.058066
CARLA SILVA,2025-01-20 22:18:38,224.2,13.4,-20.609621,-37.105066
CARLA SILVA,2025-01-20 23:05:29,224.2,13.8,-20.738728,-37.237943
CARLA SILVA,2025-01-20 23:07:39,224.2,13.9,-20.744683,-37.244135
CARLA SILVA,2025-01-21 00:00:07,223.0,13.8,-20.891998,-37.394448
CARLA SILVA,2025-01-21 00:04:37,223.1,13.8,-20.904896,-37.40703
CARLA SILVA,2025-01-21 00:17:47,221.6,13.9,-20.942811,-37.443608
CARLA SILVA,2025-01-21 00:20:04,222.1,13.9,-20.949423,-37.449948
CARLA SILVA,2025-01-21 00:27:54,220.6,13.9,-20.972276,-37.47148
CARLA SILVA,2025-01-21 00:29:18,221.1,13.9,-20.976318,-37.475245
CARLA SILVA,2025-01-21 00:30:18,221.0,14.0,-20.979273,-37.477945
CARLA SILVA,2025-01-21 00:32:41,221.2,13.9,-20.986418,-37.484426
CARLA SILVA,2025-01-21 00:32:47,219.6,13.9,-20.986725,-37.484696
CARLA SILVA,2025-01-21 00:32:54,220.0,14.0,-20.987071,-37.485016
CARLA SILVA,2025-01-21 00:33:05,220.5,13.9,-20.987623,-37.485518
CARLA SILVA,2025-01-21 00:33:18,220.5,14.0,-20.98822,-37.486066
CARLA SILVA,2025-01-21 00:33:54,220.6,13.9,-20.990028,-37.487701
CARLA SILVA,2025-01-21 00:34:11,220.9,13.9,-20.990883,-37.488485
CARLA SILVA,2025-01-21 00:35:11,220.0,14.0,-20.993865,-37.49121
CARLA SILVA,2025-01-21 00:42:42,219.9,13.9,-21.016101,-37.51135
CARLA SILVA,2025-01-21 00:45:42,220.5,14.0,-21.025056,-37.51951
CARLA SILVA,2025-01-21 00:57:52,220.4,14.0,-21.060976,-37.552538
CARLA SILVA,2025-01-21 00:58:10,219.9,14.0,-21.061866,-37.553355
CARLA SILVA,2025-01-21 01:00:35,220.8,13.9,-21.068923,-37.559898
CARLA SILVA,2025-01-21 01:00:47,221.0,13.9,-21.069493,-37.560441
CARLA SILVA,2025-01-21 01:01:05,221.7,13.8,-21.070365,-37.561253
CARLA SILVA,2025-01-21 01:02:10,221.3,13.9,-21.073525,-37.564166
CARLA SILVA,2025-01-21 01:02:16,220.4,13.9,-21.073868,-37.564485
CARLA SILVA,2025-01-21 01:02:22,221.2,13.8,-21.07416,-37.564761
CARLA SILVA,2025-01-21 01:02:28,220.8,13.9,-21.074408,-37.564993
CARLA SILVA,2025-01-21 01:02:58,221.1,13.8,-21.075933,-37.56639
CARLA SILVA,2025-01-21 01:12:30,220.3,13.9,-21.103843,-37.592218
CARLA SILVA,2025-01-21 01:13:36,220.2,13.9,-21.107098,-37.595181
CARLA SILVA,2025-01-21 01:16:55,220.8,13.8,-21.116773,-37.604056
CARLA SILVA,2025-01-21 01:45:25,220.6,13.7,-21.19991,-37.68047
CARLA SILVA,2025-01-21 01:47:34,220.3,13.8,-21.206131,-37.686228
CARLA SILVA,2025-01-21 01:55:04,220.6,13.7,-21.228156,-37.706185
CARLA SILVA,2025-01-21 01:57:34,220.6,13.7,-21.235466,-37.712736
CARLA SILVA,2025-01-21 01:58:54,219.2,13.8,-21.239528,-37.716313
CARLA SILVA,2025-01-21 02:01:44,219.4,13.8,-21.24779,-37.723756
CARLA SILVA,2025-01-21 02:03:54,220.5,13.8,-21.254178,-37.729528
CARLA SILVA,2025-01-21 02:23:14,222.6,13.8,-21.310316,-37.781773
CARLA SILVA,2025-01-21 02:25:05,222.7,13.8,-21.315488,-37.786856
CARLA SILVA,2025-01-21 02:26:44,222.6,13.7,-21.32019,-37.7915
CARLA SILVA,2025-01-21 02:30:35,222.6,13.7,-21.330998,-37.80218
CARLA SILVA,2025-01-21 02:58:04,222.0,13.7,-21.408875,-37.878128
CARLA SILVA,2025-01-21 03:01:34,222.3,13.7,-21.418783,-37.887796
CARLA SILVA,2025-01-21 03:26:14,223.6,13.7,-21.488376,-37.95623
CARLA SILVA,2025-01-21 04:00:26,222.7,13.9,-21.58508,-38.052458
CARLA SILVA,2025-01-21 04:06:16,222.0,13.9,-21.601691,-38.068886
CARLA SILVA,2025-01-21 04:41:32,222.6,13.8,-21.701245,-38.168795
CARLA SILVA,2025-01-21 05:07:51,224.1,13.3,-21.773443,-38.242355
CARLA SILVA,2025-01-21 05:11:51,224.5,13.2,-21.784043,-38.253505
CARLA SILVA,2025-01-21 05:56:41,222.6,13.0,-21.903238,-38.375046
CARLA SILVA,2025-01-21 07:10:43,223.0,13.0,-22.102626,-38.568225
CARLA SILVA,2025-01-21 07:15:51,222.4,12.9,-22.11628,-38.58181
CARLA SILVA,2025-01-21 07:38:13,222.5,13.1,-22.176458,-38.641145
CARLA SILVA,2025-01-21 07:41:22,222.6,13.1,-22.184966,-38.649546
CARLA SILVA,2025-01-21 07:44:22,223.9,13.0,-22.192858,-38.65761
CARLA SILVA,2025-01-21 08:57:01,222.8,13.0,-22.385355,-38.855626
CARLA SILVA,2025-01-21 08:59:11,222.2,13.1,-22.391166,-38.861343
CARLA SILVA,2025-01-21 09:02:41,221.9,13.2,-22.400623,-38.870576
CARLA SILVA,2025-01-21 09:24:53,221.2,13.3,-22.461685,-38.929881
CARLA SILVA,2025-01-21 09:28:11,222.1,13.4,-22.47091,-38.938858
CARLA SILVA,2025-01-21 10:40:21,222.1,13.1,-22.668931,-39.133401
CARLA SILVA,2025-01-21 10:44:51,223.9,13.0,-22.680983,-39.145563
CARLA SILVA,2025-01-21 10:59:40,222.5,13.1,-22.720456,-39.185401
CARLA SILVA,2025-01-21 11:04:11,222.7,13.1,-22.732445,-39.197501
CARLA SILVA,2025-01-21 11:04:31,222.8,13.1,-22.73334,-39.198405
CARLA SILVA,2025-01-21 11:05:11,223.6,13.1,-22.735178,-39.200253
CARLA SILVA,2025-01-21 11:05:41,223.5,13.1,-22.736465,-39.20157
CARLA SILVA,2025-01-21 11:07:20,222.1,13.1,-22.740915,-39.206101
CARLA SILVA,2025-01-21 11:07:22,222.1,13.1,-22.740915,-39.206101
CARLA SILVA,2025-01-21 11:08:20,223.5,13.1,-22.743616,-39.208813
CARLA SILVA,2025-01-21 11:08:31,223.1,13.1,-22.744068,-39.209266
CARLA SILVA,2025-01-21 11:45:22,223.9,12.8,-22.841045,-39.30878
CARLA SILVA,2025-01-21 12:35:30,221.8,12.6,-22.970335,-39.441656
CARLA SILVA,2025-01-21 12:35:51,223.3,12.7,-22.971231,-39.442566
CARLA SILVA,2025-01-21 12:36:30,223.7,12.6,-22.972843,-39.444205
CARLA SILVA,2025-01-21 12:39:00,224.6,12.7,-22.97936,-39.450815
CARLA SILVA,2025-01-21 12:56:22,223.3,12.7,-23.02398,-39.496581
CARLA SILVA,2025-01-21 12:56:51,224.4,12.7,-23.025196,-39.497858
CARLA SILVA,2025-01-21 13:31:51,224.0,12.8,-23.114991,-39.590953
CARLA SILVA,2025-01-21 14:23:32,221.9,12.6,-23.249693,-39.726788
CARLA SILVA,2025-01-21 15:05:33,221.9,12.7,-23.359301,-39.835485
CARLA SILVA,2025-01-21 15:12:43,222.5,12.7,-23.378141,-39.853848
CARLA SILVA,2025-01-21 15:15:02,221.3,12.6,-23.384283,-39.85969
CARLA SILVA,2025-01-21 15:53:19,220.9,12.6,-23.486148,-39.956311
CARLA SILVA,2025-01-21 15:53:29,221.2,12.5,-23.486593,-39.956726
CARLA SILVA,2025-01-21 15:54:09,222.0,12.6,-23.488361,-39.958405
CARLA SILVA,2025-01-21 15:54:19,221.7,12.6,-23.488806,-39.958821
CARLA SILVA,2025-01-21 15:56:19,220.4,12.6,-23.494158,-39.963803
CARLA SILVA,2025-01-21 15:56:29,220.5,12.6,-23.494603,-39.96422
CARLA SILVA,2025-01-21 15:56:50,220.5,12.6,-23.495488,-39.965056
CARLA SILVA,2025-01-21 15:59:50,220.9,12.7,-23.503491,-39.972606
CARLA SILVA,2025-01-21 16:04:30,221.3,12.6,-23.51596,-39.984213
CARLA SILVA,2025-01-21 16:57:31,221.7,12.9,-23.656496,-40.118891
CARLA SILVA,2025-01-21 17:27:30,222.8,13.0,-23.738416,-40.196753
CARLA SILVA,2025-01-21 17:29:30,223.5,12.9,-23.743805,-40.202103
CARLA SILVA,2025-01-21 17:31:30,223.4,13.0,-23.749085,-40.207385
CARLA SILVA,2025-01-21 17:35:49,223.6,13.1,-23.760618,-40.219028
CARLA SILVA,2025-01-21 17:49:51,224.9,13.2,-23.797728,-40.257818
CARLA SILVA,2025-01-21 17:50:31,224.0,13.2,-23.79944,-40.259626
CARLA SILVA,2025-01-21 17:51:53,223.6,13.2,-23.802993,-40.263415
CARLA SILVA,2025-01-21 18:13:33,266.9,12.5,-23.851916,-40.32908
CARLA SILVA,2025-01-21 18:21:12,267.8,12.9,-23.85257,-40.358716
CARLA SILVA,2025-01-21 18:35:42,268.8,12.8,-23.854021,-40.415301
CARLA SILVA,2025-01-21 18:43:40,269.3,12.8,-23.854606,-40.44652
CARLA SILVA,2025-01-21 18:51:52,269.0,12.7,-23.855466,-40.478363
CARLA SILVA,2025-01-21 18:57:53,268.8,12.6,-23.856123,-40.501395
CARLA SILVA,2025-01-21 19:02:12,268.8,12.6,-23.856616,-40.51802
CARLA SILVA,2025-01-21 19:26:31,267.6,12.7,-23.859251,-40.611848
CARLA SILVA,2025-01-21 19:29:12,268.6,12.8,-23.859586,-40.62218
CARLA SILVA,2025-01-21 19:32:32,269.4,12.7,-23.859971,-40.635125
CARLA SILVA,2025-01-21 19:35:32,268.2,12.8,-23.86029,-40.646845
CARLA SILVA,2025-01-21 19:37:03,268.3,12.8,-23.860445,-40.652628
CARLA SILVA,2025-01-21 20:09:51,269.1,12.6,-23.863803,-40.779373
CARLA SILVA,2025-01-21 20:19:22,269.2,12.5,-23.864573,-40.815828
CARLA SILVA,2025-01-21 20:28:11,268.1,12.6,-23.86512,-40.849575
CARLA SILVA,2025-01-21 20:30:12,268.8,12.6,-23.865221,-40.857215
CARLA SILVA,2025-01-21 21:12:42,268.5,12.7,-23.868476,-41.020265
CARLA SILVA,2025-01-21 21:16:50,269.2,12.8,-23.868761,-41.036446
CARLA SILVA,2025-01-21 21:17:40,270.0,12.8,-23.868788,-41.03962
CARLA SILVA,2025-01-21 21:47:42,266.9,13.2,-23.870948,-41.158426
CARLA SILVA,2025-01-21 21:53:32,268.7,13.3,-23.871536,-41.181981
CARLA SILVA,2025-01-21 22:07:41,268.4,13.4,-23.872851,-41.239611
CARLA SILVA,2025-01-21 22:14:00,268.6,13.5,-23.873535,-41.265505
CARLA SILVA,2025-01-21 23:35:42,268.3,13.6,-23.886083,-41.597025
CARLA SILVA,2025-01-22 00:08:24,267.9,13.9,-23.890333,-41.733828
CARLA SILVA,2025-01-22 00:13:54,268.3,14.0,-23.890706,-41.757121
CARLA SILVA,2025-01-22 00:26:29,270.0,14.0,-23.891095,-41.810595
CARLA SILVA,2025-01-22 00:43:17,270.2,14.1,-23.890826,-41.882891
CARLA SILVA,2025-01-22 00:53:05,269.1,14.2,-23.891038,-41.925006
CARLA SILVA,2025-01-22 01:01:18,270.2,14.2,-23.891303,-41.960678
CARLA SILVA,2025-01-22 01:15:47,267.6,14.3,-23.891465,-42.023788
CARLA SILVA,2025-01-22 01:21:42,267.8,14.3,-23.892405,-42.049488
CARLA SILVA,2025-01-22 01:22:42,267.8,14.3,-23.892585,-42.053828
CARLA SILVA,2025-01-22 01:24:35,267.8,14.3,-23.892803,-42.061996
CARLA SILVA,2025-01-22 01:26:47,268.1,14.2,-23.893085,-42.07164
CARLA SILVA,2025-01-22 01:30:05,268.6,14.2,-23.893505,-42.085841
CARLA SILVA,2025-01-22 01:51:48,267.4,13.9,-23.896408,-42.177955
CARLA SILVA,2025-01-22 01:54:36,266.9,13.8,-23.896886,-42.189963
CARLA SILVA,2025-01-22 01:57:56,267.1,13.8,-23.897451,-42.203921
CARLA SILVA,2025-01-22 01:58:16,267.2,13.8,-23.89748,-42.205193
CARLA SILVA,2025-01-22 02:00:17,267.1,13.8,-23.897901,-42.213733
CARLA SILVA,2025-01-22 02:01:27,268.0,13.7,-23.8981,-42.218623
CARLA SILVA,2025-01-22 02:02:18,268.2,13.7,-23.898265,-42.22215
CARLA SILVA,2025-01-22 02:04:27,272.2,13.7,-23.898066,-42.231145
CARLA SILVA,2025-01-22 02:31:48,274.5,13.4,-23.889186,-42.342998
CARLA SILVA,2025-01-22 02:41:17,276.2,13.6,-23.885141,-42.381808
CARLA SILVA,2025-01-22 02:46:56,275.7,13.5,-23.882816,-42.404965
CARLA SILVA,2025-01-22 03:37:57,274.2,13.6,-23.865411,-42.613716
CARLA SILVA,2025-01-22 03:40:47,275.7,13.4,-23.864621,-42.625308
CARLA SILVA,2025-01-22 04:11:18,317.6,12.5,-23.818693,-42.722298
CARLA SILVA,2025-01-22 04:14:08,316.3,12.5,-23.81142,-42.72976
CARLA SILVA,2025-01-22 04:16:50,303.8,11.9,-23.804633,-42.73689
CARLA SILVA,2025-01-22 04:44:56,258.3,13.6,-23.819195,-42.847211
CARLA SILVA,2025-01-22 04:49:06,257.6,13.6,-23.822443,-42.86412
CARLA SILVA,2025-01-22 04:52:17,258.6,13.6,-23.824945,-42.876941
CARLA SILVA,2025-01-22 04:52:27,258.9,13.7,-23.825085,-42.877688
CARLA SILVA,2025-01-22 04:57:17,263.8,13.4,-23.828648,-42.897213
CARLA SILVA,2025-01-22 06:13:56,277.2,13.0,-23.80505,-43.19896
CARLA SILVA,2025-01-22 06:38:08,277.1,12.8,-23.7938,-43.292553
CARLA SILVA,2025-01-22 08:23:58,278.1,12.8,-23.737223,-43.696616
CARLA SILVA,2025-01-22 09:38:57,279.0,12.4,-23.69746,-43.985445
CARLA SILVA,2025-01-22 10:08:47,315.7,12.3,-23.635638,-44.069743
CARLA SILVA,2025-01-22 10:52:08,209.5,10.9,-23.597205,-44.1852
CARLA SILVA,2025-01-22 10:52:33,203.2,10.6,-23.598386,-44.185818
CARLA SILVA,2025-01-22 10:52:36,201.8,10.6,-23.598531,-44.185876
CARLA SILVA,2025-01-22 10:52:40,200.1,10.5,-23.598728,-44.185953
CARLA SILVA,2025-01-22 10:52:47,197.4,10.5,-23.599071,-44.186073
CARLA SILVA,2025-01-22 10:52:54,195.0,10.4,-23.599416,-44.186176
CARLA SILVA,2025-01-22 10:52:57,194.4,10.3,-23.599563,-44.186218
CARLA SILVA,2025-01-22 10:53:08,191.3,10.2,-23.600105,-44.186343
CARLA SILVA,2025-01-22 10:53:13,188.7,10.2,-23.6004,-44.186391
CARLA SILVA,2025-01-22 10:53:17,187.4,10.2,-23.600598,-44.186415
CARLA SILVA,2025-01-22 11:29:17,323.0,12.3,-23.52941,-44.221845
CARLA SILVA,2025-01-22 11:29:37,323.7,12.3,-23.528531,-44.222543
CARLA SILVA,2025-01-22 12:19:26,321.5,12.0,-23.397811,-44.338198
CARLA SILVA,2025-01-22 12:19:37,321.9,12.0,-23.397373,-44.338571
CARLA SILVA,2025-01-22 12:21:27,320.9,12.2,-23.39245,-44.342736
CARLA SILVA,2025-01-22 12:21:47,321.4,12.2,-23.391568,-44.34349
CARLA SILVA,2025-01-22 12:21:56,320.5,12.2,-23.391163,-44.343841
CARLA SILVA,2025-01-22 12:22:07,321.0,12.2,-23.390683,-44.344251
CARLA SILVA,2025-01-22 12:24:07,321.5,12.3,-23.385243,-44.348948
CARLA SILVA,2025-01-22 12:26:28,322.5,12.3,-23.379048,-44.354211
CARLA SILVA,2025-01-22 12:30:27,333.9,12.2,-23.367485,-44.362153
CARLA SILVA,2025-01-22 13:14:08,338.8,11.8,-23.228378,-44.421266
CARLA SILVA,2025-01-22 13:23:47,355.0,10.4,-23.199366,-44.431113
CARLA SILVA,2025-01-22 14:14:27,122.7,0.1,-23.150153,-44.423803
CARLA SILVA,2025-01-22 19:00:15,256.3,0.0,-23.150256,-44.423298
CARLA SILVA,2025-01-23 01:42:16,141.1,0.0,-23.150143,-44.422311
CARLA SILVA,2025-01-23 09:09:16,7.9,0.2,-23.152453,-44.420931
CARLA SILVA,2025-01-23 10:27:16,324.3,0.0,-23.152548,-44.4246
CARLA SILVA,2025-01-23 12:06:15,41.4,0.1,-23.153765,-44.421886
CARLA SILVA,2025-01-23 18:06:16,92.7,0.0,-23.150078,-44.423466
CARLA SILVA,2025-01-23 20:12:15,3.1,0.1,-23.15036,-44.42307
CARLA SILVA,2025-01-23 21:30:13,339.9,0.0,-23.15029,-44.422326
CARLA SILVA,2025-01-24 04:00:15,63.0,0.0,-23.150215,-44.423126
CARLA SILVA,2025-01-24 12:00:15,153.0,0.0,-23.150013,-44.42281
CARLA SILVA,2025-01-24 14:48:16,37.8,0.0,-23.149995,-44.422901
CARLA SILVA,2025-01-24 16:33:16,339.1,0.0,-23.150041,-44.423538
CARLA SILVA,2025-01-24 17:00:16,182.4,0.0,-23.150135,-44.42373
CARLA SILVA,2025-01-24 18:18:16,355.4,0.0,-23.150483,-44.424321
CARLA SILVA,2025-01-24 20:54:15,53.0,0.0,-23.15106,-44.42474
CARLA SILVA,2025-01-25 03:30:15,190.3,0.0,-23.154343,-44.422076
CARLA SILVA,2025-01-25 04:06:16,37.1,0.0,-23.154226,-44.421695
CARLA SILVA,2025-01-25 05:12:16,214.1,0.0,-23.154273,-44.421688
CARLA SILVA,2025-01-25 12:12:15,275.2,0.0,-23.150646,-44.421773
CARLA SILVA,2025-01-25 15:33:16,351.3,0.0,-23.1502,-44.423175
CARLA SILVA,2025-01-25 16:24:15,256.2,0.0,-23.150323,-44.423683
CARLA SILVA,2025-01-25 19:30:16,220.5,0.0,-23.15063,-44.424338
CARLA SILVA,2025-01-25 23:12:15,106.5,0.1,-23.150813,-44.421478
CARLA SILVA,2025-01-26 22:06:15,123.1,0.1,-23.150571,-44.423191
CARLA SILVA,2025-01-26 22:12:15,119.2,0.0,-23.150708,-44.42298
CARLA SILVA,2025-01-26 23:12:15,132.4,0.0,-23.150856,-44.420951
CARLA SILVA,2025-01-27 00:57:16,195.7,0.0,-23.15074,-44.420923
CARLA SILVA,2025-01-27 01:33:16,308.2,0.2,-23.150995,-44.420728
CARLA SILVA,2025-01-27 02:45:16,126.5,0.0,-23.150865,-44.420923
CARLA SILVA,2025-01-27 03:18:16,326.3,0.2,-23.151201,-44.42055
CARLA SILVA,2025-01-27 15:15:16,284.6,0.0,-23.149958,-44.422713
CARLA SILVA,2025-01-27 15:51:16,297.2,0.0,-23.149966,-44.422821
CARLA SILVA,2025-01-27 16:27:16,41.6,0.0,-23.150045,-44.422865
CARLA SILVA,2025-01-27 17:00:15,53.5,0.0,-23.15,-44.42279
CARLA SILVA,2025-01-27 17:24:14,333.2,0.0,-23.150036,-44.422716
CARLA SILVA,2025-01-27 18:06:16,170.4,0.0,-23.150071,-44.422633
CARLA SILVA,2025-01-27 22:48:15,307.3,0.1,-23.150381,-44.421201
CARLA SILVA,2025-01-27 23:21:16,139.6,0.0,-23.150356,-44.421428
CARLA SILVA,2025-01-28 00:00:16,348.6,0.1,-23.150103,-44.421756
CARLA SILVA,2025-01-28 01:33:15,155.3,0.0,-23.150511,-44.421145
CARLA SILVA,2025-01-28 02:51:16,159.6,0.0,-23.151076,-44.420435
CARLA SILVA,2025-01-28 05:18:15,36.7,0.1,-23.15098,-44.420198
CARLA SILVA,2025-01-28 07:06:16,119.4,0.0,-23.150523,-44.420656
CARLA SILVA,2025-01-28 07:33:16,283.5,0.0,-23.150616,-44.420581
CARLA SILVA,2025-01-28 11:36:16,278.5,0.0,-23.150075,-44.421913
CARLA SILVA,2025-01-28 13:18:16,226.8,0.0,-23.150231,-44.422965
CARLA SILVA,2025-01-28 16:54:15,82.5,0.0,-23.151143,-44.42445
CARLA SILVA,2025-01-28 21:48:16,203.0,0.0,-23.151283,-44.424281
CARLA SILVA,2025-01-29 00:06:15,48.5,0.1,-23.151335,-44.424406
CARLA SILVA,2025-01-29 01:15:15,99.1,0.1,-23.150646,-44.423758
CARLA SILVA,2025-01-29 01:18:15,132.7,0.0,-23.15061,-44.423663
CARLA SILVA,2025-01-29 04:51:15,145.0,0.0,-23.15034,-44.421451
CARLA SILVA,2025-01-29 12:18:15,191.2,0.0,-23.150533,-44.42384
CARLA SILVA,2025-01-29 16:48:16,87.3,0.0,-23.150645,-44.423898
CARLA SILVA,2025-01-29 23:40:00,200.3,12.5,-23.202556,-44.411443
CARLA SILVA,2025-01-29 23:42:21,202.2,12.7,-23.21028,-44.414583
CARLA SILVA,2025-01-29 23:51:20,129.9,10.6,-23.237681,-44.418153
CARLA SILVA,2025-01-29 23:52:20,132.1,11.3,-23.23968,-44.41559
CARLA SILVA,2025-01-29 23:52:30,132.2,11.4,-23.239981,-44.415203
CARLA SILVA,2025-01-29 23:53:09,130.7,11.7,-23.241375,-44.413443
CARLA SILVA,2025-01-29 23:53:39,130.1,11.9,-23.242448,-44.412093
CARLA SILVA,2025-01-29 23:54:09,131.7,12.0,-23.243503,-44.410765
CARLA SILVA,2025-01-29 23:54:40,132.4,12.2,-23.244663,-44.40935
CARLA SILVA,2025-01-29 23:55:09,133.9,12.3,-23.245821,-44.407995
CARLA SILVA,2025-01-29 23:55:39,134.2,12.4,-23.246988,-44.406701
CARLA SILVA,2025-01-29 23:55:50,134.1,12.4,-23.247433,-44.40621
CARLA SILVA,2025-01-29 23:56:39,134.4,12.6,-23.249451,-44.403946
CARLA SILVA,2025-01-29 23:57:00,134.4,12.5,-23.250268,-44.40304
CARLA SILVA,2025-01-29 23:57:29,134.5,12.6,-23.251463,-44.401725
CARLA SILVA,2025-01-30 00:10:51,137.2,12.9,-23.285476,-44.365345
CARLA SILVA,2025-01-30 00:18:30,135.7,12.7,-23.305088,-44.344668
CARLA SILVA,2025-01-30 00:19:01,136.6,12.7,-23.306385,-44.343318
CARLA SILVA,2025-01-30 00:20:00,135.3,12.7,-23.308975,-44.34062
CARLA SILVA,2025-01-30 00:20:20,136.0,12.7,-23.309766,-44.33979
CARLA SILVA,2025-01-30 00:20:50,136.3,12.7,-23.311041,-44.338451
CARLA SILVA,2025-01-30 00:22:00,136.0,12.7,-23.314033,-44.335345
CARLA SILVA,2025-01-30 00:24:11,135.7,12.7,-23.319636,-44.329551
CARLA SILVA,2025-01-30 00:52:00,126.6,12.7,-23.38441,-44.249176
CARLA SILVA,2025-01-30 00:54:40,126.8,12.7,-23.39005,-44.241041
CARLA SILVA,2025-01-30 01:21:19,130.2,12.7,-23.447595,-44.159625
CARLA SILVA,2025-01-30 01:24:29,130.9,12.6,-23.454968,-44.150415
CARLA SILVA,2025-01-30 01:28:29,131.1,12.6,-23.464201,-44.138931
CARLA SILVA,2025-01-30 01:38:51,131.4,12.5,-23.4884,-44.109416
CARLA SILVA,2025-01-30 01:54:21,132.9,12.5,-23.524821,-44.065746
CARLA SILVA,2025-01-30 01:57:51,131.9,12.5,-23.533151,-44.05583
CARLA SILVA,2025-01-30 02:04:50,130.4,12.4,-23.549288,-44.036288
CARLA SILVA,2025-01-30 02:07:09,129.3,12.4,-23.554498,-44.029561
CARLA SILVA,2025-01-30 02:39:30,130.0,12.4,-23.62673,-43.935901
CARLA SILVA,2025-01-30 03:07:10,131.0,12.1,-23.687356,-43.857661
CARLA SILVA,2025-01-30 03:25:10,131.7,12.1,-23.728048,-43.807941
CARLA SILVA,2025-01-30 03:51:49,130.5,11.8,-23.788088,-43.735698
CARLA SILVA,2025-01-30 05:09:50,129.3,11.9,-23.951763,-43.516555
CARLA SILVA,2025-01-30 05:40:11,130.7,12.2,-24.018818,-43.43324
CARLA SILVA,2025-01-30 06:54:31,128.3,12.4,-24.179316,-43.219841
CARLA SILVA,2025-01-30 06:57:00,128.2,12.4,-24.184655,-43.212413
CARLA SILVA,2025-01-30 06:59:31,128.3,12.4,-24.190106,-43.20501
CARLA SILVA,2025-01-30 07:14:29,128.8,12.2,-24.222503,-43.161241
CARLA SILVA,2025-01-30 07:16:38,127.6,12.4,-24.227158,-43.154868
CARLA SILVA,2025-01-30 07:18:49,129.7,12.3,-24.231895,-43.148536
CARLA SILVA,2025-01-30 07:20:59,128.6,12.4,-24.23659,-43.142236
CARLA SILVA,2025-01-30 07:24:31,130.0,12.4,-24.244318,-43.131846
CARLA SILVA,2025-01-30 08:39:01,132.5,12.7,-24.419276,-42.914286
CARLA SILVA,2025-01-30 08:39:41,132.1,12.5,-24.42085,-42.912386
CARLA SILVA,2025-01-30 08:41:41,131.6,12.8,-24.425611,-42.906693
CARLA SILVA,2025-01-30 08:44:11,131.7,12.8,-24.431636,-42.89933
CARLA SILVA,2025-01-30 08:46:41,130.4,12.7,-24.437546,-42.891991
CARLA SILVA,2025-01-30 08:49:11,131.6,12.7,-24.443545,-42.884555
CARLA SILVA,2025-01-30 09:34:01,133.7,11.9,-24.548865,-42.756305
CARLA SILVA,2025-01-30 09:40:50,132.8,12.0,-24.564353,-42.738198
CARLA SILVA,2025-01-30 10:26:00,49.0,8.6,-24.524618,-42.633045
CARLA SILVA,2025-01-30 11:05:50,182.8,11.1,-24.48375,-42.557745
CARLA SILVA,2025-01-30 11:16:40,212.3,12.1,-24.515238,-42.575935
CARLA SILVA,2025-01-30 11:23:10,211.8,12.3,-24.53382,-42.589201
CARLA SILVA,2025-01-30 12:01:00,295.1,6.0,-24.632805,-42.671985
CARLA SILVA,2025-01-30 12:01:39,310.6,5.7,-24.632115,-42.67312
CARLA SILVA,2025-01-30 13:07:51,239.0,8.6,-24.520853,-42.60446
CARLA SILVA,2025-01-30 13:49:08,214.8,12.4,-24.638216,-42.684271
CARLA SILVA,2025-01-30 13:57:00,211.4,12.3,-24.660843,-42.700945
CARLA SILVA,2025-01-30 14:01:30,213.8,12.3,-24.673763,-42.710555
CARLA SILVA,2025-01-30 15:05:41,36.9,8.6,-24.623503,-42.675533
CARLA SILVA,2025-01-30 15:08:21,37.2,8.4,-24.618438,-42.671355
CARLA SILVA,2025-01-30 15:37:50,311.4,6.4,-24.560785,-42.629061
CARLA SILVA,2025-01-30 15:43:11,205.5,9.4,-24.565498,-42.638861
CARLA SILVA,2025-01-30 15:44:31,206.1,10.2,-24.56886,-42.640573
CARLA SILVA,2025-01-30 15:46:11,209.6,10.9,-24.573251,-42.643113
CARLA SILVA,2025-01-30 15:46:41,209.8,10.9,-24.574526,-42.643905
CARLA SILVA,2025-01-30 15:48:21,210.5,11.2,-24.579013,-42.646765
CARLA SILVA,2025-01-30 16:16:40,215.5,11.9,-24.656173,-42.705413
CARLA SILVA,2025-01-30 16:21:00,215.5,12.1,-24.668141,-42.714581
CARLA SILVA,2025-01-30 16:26:47,217.5,11.8,-24.684145,-42.726928
CARLA SILVA,2025-01-30 16:27:28,214.5,11.8,-24.68596,-42.728305
CARLA SILVA,2025-01-30 16:28:28,214.9,11.8,-24.688736,-42.730411
CARLA SILVA,2025-01-30 16:28:38,213.6,11.9,-24.689195,-42.730756
CARLA SILVA,2025-01-30 16:29:19,215.3,11.8,-24.691015,-42.732145
CARLA SILVA,2025-01-30 16:29:28,215.2,11.8,-24.69147,-42.732483
CARLA SILVA,2025-01-30 16:29:38,214.7,11.9,-24.691971,-42.73286
CARLA SILVA,2025-01-30 16:31:09,214.3,11.9,-24.696101,-42.735983
CARLA SILVA,2025-01-30 16:31:28,213.8,11.9,-24.696968,-42.73664
CARLA SILVA,2025-01-30 16:32:09,215.2,11.9,-24.698825,-42.738018
CARLA SILVA,2025-01-30 16:32:28,214.3,11.9,-24.699693,-42.738666
CARLA SILVA,2025-01-30 16:32:49,214.1,11.9,-24.700696,-42.739426
CARLA SILVA,2025-01-30 16:36:06,204.4,11.4,-24.709718,-42.746033
CARLA SILVA,2025-01-30 16:38:30,152.4,8.8,-24.716763,-42.746173
CARLA SILVA,2025-01-30 16:47:10,35.6,7.1,-24.716835,-42.73193
CARLA SILVA,2025-01-30 16:54:59,93.2,9.7,-24.713748,-42.712783
CARLA SILVA,2025-01-30 16:57:50,86.8,9.6,-24.713961,-42.704115
CARLA SILVA,2025-01-30 17:30:00,103.7,2.6,-24.702155,-42.629206
CARLA SILVA,2025-01-30 18:01:21,355.4,8.1,-24.68945,-42.64315
CARLA SILVA,2025-01-30 18:08:59,357.6,9.4,-24.670238,-42.643706
CARLA SILVA,2025-01-30 18:11:38,357.2,9.4,-24.663266,-42.643936
CARLA SILVA,2025-01-30 18:11:59,356.1,9.5,-24.66232,-42.643983
CARLA SILVA,2025-01-30 18:17:49,359.4,9.4,-24.646978,-42.644373
CARLA SILVA,2025-01-30 18:22:40,359.7,9.6,-24.634043,-42.64454
CARLA SILVA,2025-01-30 19:12:40,39.2,9.4,-24.513451,-42.64615
CARLA SILVA,2025-01-30 19:47:41,38.5,9.6,-24.441921,-42.580655
CARLA SILVA,2025-01-30 20:06:11,32.4,9.4,-24.403191,-42.549051
CARLA SILVA,2025-01-30 20:24:50,39.8,9.3,-24.365663,-42.517765
CARLA SILVA,2025-01-30 20:56:11,38.4,8.9,-24.30423,-42.461241
CARLA SILVA,2025-01-30 21:00:41,39.3,8.7,-24.295695,-42.453563
CARLA SILVA,2025-01-30 21:06:50,39.6,8.7,-24.284005,-42.443106
CARLA SILVA,2025-01-30 21:09:21,38.6,8.7,-24.279303,-42.438896
CARLA SILVA,2025-01-30 21:11:30,38.2,8.6,-24.275268,-42.435405
CARLA SILVA,2025-01-30 21:14:01,38.9,8.6,-24.270541,-42.431196
CARLA SILVA,2025-01-30 21:28:11,36.3,8.6,-24.24376,-42.408135
CARLA SILVA,2025-01-30 21:35:21,38.7,8.5,-24.230271,-42.396615
CARLA SILVA,2025-01-30 21:40:39,38.0,8.4,-24.220286,-42.388088
CARLA SILVA,2025-01-30 22:09:11,14.9,8.3,-24.170146,-42.34089
CARLA SILVA,2025-01-30 22:37:50,223.2,11.6,-24.167825,-42.316891
CARLA SILVA,2025-01-30 22:43:50,222.2,12.3,-24.18296,-42.33182
CARLA SILVA,2025-01-30 22:48:40,221.6,12.5,-24.195448,-42.344155
CARLA SILVA,2025-01-30 22:51:18,223.0,12.6,-24.201991,-42.35063
CARLA SILVA,2025-01-30 22:53:51,221.7,12.6,-24.208931,-42.357531
CARLA SILVA,2025-01-30 22:57:41,222.0,12.5,-24.218871,-42.367438
CARLA SILVA,2025-01-30 23:13:50,223.3,12.5,-24.260641,-42.408998
CARLA SILVA,2025-01-30 23:16:00,222.3,12.4,-24.266228,-42.414618
CARLA SILVA,2025-01-30 23:24:50,221.7,12.4,-24.288753,-42.4371
CARLA SILVA,2025-01-30 23:50:01,221.5,12.1,-24.352631,-42.49997
CARLA SILVA,2025-01-30 23:52:10,219.6,12.0,-24.358085,-42.505196
CARLA SILVA,2025-01-30 23:56:50,226.6,11.7,-24.370021,-42.516423
CARLA SILVA,2025-01-31 00:23:11,40.7,8.5,-24.33546,-42.505386
CARLA SILVA,2025-01-31 00:30:40,39.2,8.5,-24.321856,-42.492456
CARLA SILVA,2025-01-31 00:56:31,38.8,8.3,-24.27486,-42.449191
CARLA SILVA,2025-01-31 00:59:09,41.2,8.4,-24.270083,-42.444803
CARLA SILVA,2025-01-31 01:01:39,40.5,8.4,-24.265656,-42.440633
CARLA SILVA,2025-01-31 01:16:19,41.7,8.4,-24.239475,-42.416306
CARLA SILVA,2025-01-31 01:18:00,40.8,8.3,-24.236511,-42.413563
CARLA SILVA,2025-01-31 01:18:29,40.2,8.1,-24.235655,-42.412791
CARLA SILVA,2025-01-31 01:18:49,40.3,8.2,-24.235066,-42.412251
CARLA SILVA,2025-01-31 01:19:00,39.5,8.2,-24.234711,-42.411925
CARLA SILVA,2025-01-31 01:20:29,41.4,8.3,-24.232145,-42.409493
CARLA SILVA,2025-01-31 01:22:00,41.5,8.3,-24.229468,-42.406976
CARLA SILVA,2025-01-31 01:22:10,41.0,8.3,-24.229183,-42.406698
CARLA SILVA,2025-01-31 01:23:00,41.1,8.2,-24.227696,-42.405308
CARLA SILVA,2025-01-31 01:23:39,41.4,8.2,-24.226565,-42.404241
CARLA SILVA,2025-01-31 01:24:00,40.5,8.2,-24.225956,-42.40367
CARLA SILVA,2025-01-31 01:34:31,41.5,8.3,-24.207878,-42.386431
CARLA SILVA,2025-01-31 02:24:10,230.9,12.5,-24.190713,-42.358126
CARLA SILVA,2025-01-31 02:49:39,227.3,12.4,-24.252698,-42.428181
CARLA SILVA,2025-01-31 02:53:10,225.1,12.5,-24.261113,-42.43784
CARLA SILVA,2025-01-31 04:40:31,46.3,8.8,-24.302161,-42.454468
CARLA SILVA,2025-01-31 05:58:10,230.3,12.4,-24.276056,-42.41551
CARLA SILVA,2025-01-31 06:16:30,231.2,12.1,-24.315878,-42.468655
CARLA SILVA,2025-01-31 06:19:19,229.7,12.1,-24.32196,-42.47682
CARLA SILVA,2025-01-31 07:32:11,211.0,12.0,-24.513626,-42.637706
CARLA SILVA,2025-01-31 07:38:21,209.9,12.1,-24.531466,-42.649233
CARLA SILVA,2025-01-31 07:49:01,209.6,12.1,-24.562633,-42.66899
CARLA SILVA,2025-01-31 07:59:20,208.0,11.9,-24.592426,-42.687756
CARLA SILVA,2025-01-31 08:02:01,210.2,12.0,-24.6002,-42.692635
CARLA SILVA,2025-01-31 08:36:59,153.8,9.5,-24.706515,-42.741565
CARLA SILVA,2025-01-31 08:40:39,105.4,8.3,-24.712423,-42.733943
CARLA SILVA,2025-01-31 09:20:51,72.6,5.2,-24.70704,-42.663418
CARLA SILVA,2025-01-31 09:24:11,78.9,5.5,-24.705965,-42.65801
CARLA SILVA,2025-01-31 09:26:41,80.0,5.5,-24.705266,-42.653715
CARLA SILVA,2025-01-31 09:29:30,80.1,5.5,-24.704556,-42.648983
CARLA SILVA,2025-01-31 09:31:51,82.1,5.3,-24.70392,-42.645033
CARLA SILVA,2025-01-31 09:34:00,79.5,5.3,-24.703461,-42.641446
CARLA SILVA,2025-01-31 10:17:49,101.5,3.0,-24.706291,-42.606551
CARLA SILVA,2025-01-31 11:08:38,348.5,1.5,-24.692105,-42.600838
CARLA SILVA,2025-01-31 11:41:30,174.4,3.1,-24.695545,-42.591058
CARLA SILVA,2025-01-31 11:42:20,174.2,2.6,-24.696201,-42.59102
CARLA SILVA,2025-01-31 11:42:30,172.9,2.6,-24.696316,-42.59101
CARLA SILVA,2025-01-31 11:43:00,175.9,3.1,-24.696713,-42.590983
CARLA SILVA,2025-01-31 11:43:11,180.7,3.1,-24.696858,-42.59098
CARLA SILVA,2025-01-31 11:44:20,176.9,2.8,-24.697758,-42.590911
CARLA SILVA,2025-01-31 11:47:31,185.4,3.1,-24.700213,-42.590945
CARLA SILVA,2025-01-31 13:16:21,83.1,1.6,-24.765971,-42.603883
CARLA SILVA,2025-01-31 13:17:13,52.7,1.7,-24.765811,-42.60333
CARLA SILVA,2025-01-31 13:46:12,9.3,5.0,-24.733983,-42.59038
CARLA SILVA,2025-01-31 13:52:22,8.9,4.3,-24.725531,-42.58866
CARLA SILVA,2025-01-31 14:04:52,32.5,2.2,-24.716636,-42.58485
CARLA SILVA,2025-01-31 14:09:01,23.3,2.8,-24.714215,-42.583653
CARLA SILVA,2025-01-31 14:33:33,41.4,1.6,-24.707211,-42.568548
CARLA SILVA,2025-01-31 14:38:23,18.3,1.4,-24.705341,-42.567438
CARLA SILVA,2025-01-31 14:42:23,23.2,1.5,-24.703816,-42.56671
CARLA SILVA,2025-01-31 14:47:32,33.9,1.3,-24.701885,-42.565663
CARLA SILVA,2025-01-31 15:17:53,278.0,11.5,-24.697901,-42.639525
CARLA SILVA,2025-01-31 15:39:12,275.1,11.6,-24.689233,-42.713791
CARLA SILVA,2025-01-31 15:39:22,273.3,11.3,-24.68918,-42.714378
CARLA SILVA,2025-01-31 15:56:32,279.1,11.3,-24.682258,-42.77423
CARLA SILVA,2025-01-31 16:17:52,287.9,5.7,-24.671701,-42.836198
CARLA SILVA,2025-01-31 17:25:11,243.6,1.4,-24.677225,-42.870653
CARLA SILVA,2025-01-31 18:07:33,232.5,1.5,-24.686803,-42.887028
CARLA SILVA,2025-01-31 18:12:52,236.8,1.3,-24.688051,-42.888883
CARLA SILVA,2025-01-31 18:15:02,227.7,1.1,-24.68854,-42.889571
CARLA SILVA,2025-01-31 19:00:02,234.1,1.5,-24.69947,-42.90469
CARLA SILVA,2025-01-31 19:05:21,229.3,0.6,-24.700636,-42.906616
CARLA SILVA,2025-01-31 19:08:02,238.2,1.5,-24.701155,-42.907438
CARLA SILVA,2025-01-31 19:22:10,243.9,1.0,-24.703576,-42.912215
CARLA SILVA,2025-01-31 20:04:33,237.7,1.6,-24.711771,-42.925115
CARLA SILVA,2025-01-31 20:10:32,239.2,1.1,-24.712785,-42.927025
CARLA SILVA,2025-01-31 20:24:52,231.0,1.1,-24.715308,-42.931218
CARLA SILVA,2025-01-31 20:28:00,235.9,1.4,-24.71602,-42.932233
CARLA SILVA,2025-01-31 20:30:01,233.4,1.2,-24.71644,-42.932911
CARLA SILVA,2025-01-31 20:31:22,216.0,0.4,-24.7167,-42.9333
CARLA SILVA,2025-01-31 20:34:02,231.0,1.0,-24.717305,-42.934118
CARLA SILVA,2025-01-31 21:08:31,237.2,1.1,-24.724656,-42.944403
CARLA SILVA,2025-01-31 21:48:52,241.8,0.9,-24.732208,-42.958311
CARLA SILVA,2025-01-31 21:58:31,238.9,1.5,-24.733918,-42.96167
CARLA SILVA,2025-01-31 22:17:03,242.2,1.4,-24.737041,-42.968641
CARLA SILVA,2025-01-31 22:23:01,246.6,1.8,-24.738228,-42.971266
CARLA SILVA,2025-01-31 22:57:31,248.2,1.6,-24.744826,-42.987306
CARLA SILVA,2025-01-31 23:19:31,253.9,1.9,-24.749311,-42.998318
CARLA SILVA,2025-01-31 23:23:22,245.6,1.8,-24.75014,-43.000275
CARLA SILVA,2025-01-31 23:25:53,248.1,2.0,-24.750671,-43.001535
CARLA SILVA,2025-01-31 23:28:31,245.8,2.1,-24.751228,-43.002878
CARLA SILVA,2025-01-31 23:41:21,245.9,1.9,-24.754158,-43.009418
CARLA SILVA,2025-01-31 23:57:10,240.6,1.7,-24.75785,-43.017538
CARLA SILVA,2025-01-31 23:58:39,243.7,1.8,-24.758216,-43.018318
CARLA SILVA,2025-01-31 23:59:22,240.3,1.6,-24.758365,-43.01868
CARLA SILVA,2025-02-01 00:31:11,245.0,1.9,-24.766563,-43.034388
CARLA SILVA,2025-02-01 00:40:41,239.1,2.1,-24.769476,-43.039091
CARLA SILVA,2025-02-01 00:43:01,233.4,1.7,-24.770208,-43.04023
CARLA SILVA,2025-02-01 00:58:41,233.5,1.8,-24.774971,-43.047746
CARLA SILVA,2025-02-01 01:02:32,233.0,1.6,-24.776036,-43.049493
CARLA SILVA,2025-02-01 01:04:53,241.5,2.1,-24.776648,-43.05054
CARLA SILVA,2025-02-01 01:23:31,239.4,1.9,-24.78155,-43.059455
CARLA SILVA,2025-02-01 01:41:10,246.5,1.3,-24.785298,-43.068121
CARLA SILVA,2025-02-01 02:16:31,267.5,1.9,-24.79009,-43.085255
CARLA SILVA,2025-02-01 03:03:12,258.3,1.7,-24.79507,-43.108778
CARLA SILVA,2025-02-01 03:09:32,253.1,1.3,-24.795668,-43.111705
CARLA SILVA,2025-02-01 03:35:41,276.9,1.8,-24.796891,-43.12414
CARLA SILVA,2025-02-01 04:56:21,288.5,1.6,-24.792976,-43.159693
CARLA SILVA,2025-02-01 05:18:13,272.0,1.1,-24.791393,-43.168825
CARLA SILVA,2025-02-01 06:35:02,24.5,4.2,-24.776148,-43.204945
CARLA SILVA,2025-02-01 06:39:22,77.7,6.0,-24.77236,-43.199385
CARLA SILVA,2025-02-01 06:41:32,104.8,7.0,-24.772541,-43.195003
CARLA SILVA,2025-02-01 07:02:12,81.1,10.8,-24.78863,-43.13391
CARLA SILVA,2025-02-01 07:04:42,80.2,11.0,-24.787366,-43.12565
CARLA SILVA,2025-02-01 07:07:12,81.3,11.2,-24.786118,-43.117226
CARLA SILVA,2025-02-01 07:40:12,77.6,11.0,-24.77104,-43.006206
CARLA SILVA,2025-02-01 08:22:03,81.5,11.0,-24.7483,-42.867028
CARLA SILVA,2025-02-01 08:22:50,81.8,11.1,-24.747908,-42.864345
CARLA SILVA,2025-02-01 08:28:52,75.6,10.7,-24.744516,-42.844471
CARLA SILVA,2025-02-01 08:31:03,77.2,10.8,-24.743001,-42.83742
CARLA SILVA,2025-02-01 08:33:12,76.6,10.8,-24.741506,-42.830496
CARLA SILVA,2025-02-01 08:45:32,77.4,10.6,-24.733498,-42.790948
CARLA SILVA,2025-02-01 09:16:52,74.1,10.2,-24.711228,-42.694351
CARLA SILVA,2025-02-01 09:19:11,74.4,10.3,-24.709421,-42.687246
CARLA SILVA,2025-02-01 09:21:31,75.2,10.2,-24.707668,-42.680156
CARLA SILVA,2025-02-01 09:24:51,75.4,10.4,-24.705128,-42.669891
CARLA SILVA,2025-02-01 10:10:11,272.0,8.9,-24.698336,-42.62821
CARLA SILVA,2025-02-01 10:13:13,274.2,10.3,-24.697955,-42.637125
CARLA SILVA,2025-02-01 10:19:02,274.2,11.6,-24.696776,-42.656948
CARLA SILVA,2025-02-01 11:30:51,97.8,10.3,-24.692025,-42.70681
CARLA SILVA,2025-02-01 11:32:00,98.0,10.2,-24.692531,-42.703238
CARLA SILVA,2025-02-01 11:32:11,98.0,10.3,-24.692613,-42.702665
CARLA SILVA,2025-02-01 12:32:52,20.3,0.9,-24.702053,-42.572638
CARLA SILVA,2025-02-01 12:38:12,23.5,1.3,-24.700263,-42.572183
CARLA SILVA,2025-02-01 12:38:40,17.1,1.2,-24.7001,-42.572148
CARLA SILVA,2025-02-01 12:39:12,11.5,1.3,-24.699906,-42.572103
CARLA SILVA,2025-02-01 12:39:21,4.9,1.3,-24.69986,-42.572086
CARLA SILVA,2025-02-01 13:06:51,268.1,9.1,-24.693968,-42.583131
CARLA SILVA,2025-02-01 13:36:12,308.0,7.9,-24.658246,-42.668996
CARLA SILVA,2025-02-01 14:08:12,245.8,1.8,-24.650946,-42.692271
CARLA SILVA,2025-02-01 14:14:03,244.9,2.1,-24.65237,-42.695296
CARLA SILVA,2025-02-01 14:16:51,240.1,2.3,-24.653093,-42.696725
CARLA SILVA,2025-02-01 14:48:41,239.9,1.7,-24.66132,-42.713391
CARLA SILVA,2025-02-01 14:55:31,244.7,2.0,-24.66295,-42.716673
CARLA SILVA,2025-02-01 15:20:40,241.0,2.1,-24.668851,-42.728623
CARLA SILVA,2025-02-01 15:23:12,240.7,1.8,-24.669473,-42.729788
CARLA SILVA,2025-02-01 15:23:13,240.7,1.8,-24.669473,-42.729788
CARLA SILVA,2025-02-01 15:25:19,242.7,1.7,-24.670025,-42.730843
CARLA SILVA,2025-02-01 15:28:12,239.5,1.7,-24.670723,-42.732193
CARLA SILVA,2025-02-01 16:04:51,235.7,1.7,-24.679976,-42.748026
CARLA SILVA,2025-02-01 16:28:41,238.0,1.1,-24.68553,-42.75793
CARLA SILVA,2025-02-01 16:38:21,247.2,1.9,-24.687456,-42.761508
CARLA SILVA,2025-02-01 16:40:22,239.5,1.8,-24.687851,-42.762336
CARLA SILVA,2025-02-01 16:56:00,248.0,1.9,-24.691453,-42.768978
CARLA SILVA,2025-02-01 16:57:20,245.8,1.5,-24.691743,-42.769546
CARLA SILVA,2025-02-01 16:58:20,281.5,2.3,-24.691971,-42.770008
CARLA SILVA,2025-02-01 16:59:20,242.7,1.3,-24.692135,-42.770495
CARLA SILVA,2025-02-01 17:00:20,244.4,1.6,-24.69235,-42.770975
CARLA SILVA,2025-02-01 17:01:10,249.4,1.2,-24.692475,-42.77135
CARLA SILVA,2025-02-01 17:01:50,245.8,1.4,-24.692556,-42.771631
CARLA SILVA,2025-02-01 17:02:29,246.1,1.2,-24.692671,-42.771915
CARLA SILVA,2025-02-01 17:03:10,246.8,1.3,-24.692786,-42.77219
CARLA SILVA,2025-02-01 17:03:39,246.1,1.0,-24.692865,-42.772405
CARLA SILVA,2025-02-01 17:04:00,256.8,1.9,-24.692923,-42.772558
CARLA SILVA,2025-02-01 17:04:20,250.5,2.1,-24.692998,-42.772736
CARLA SILVA,2025-02-01 17:05:39,242.9,1.5,-24.693223,-42.773311
CARLA SILVA,2025-02-01 17:06:20,261.4,1.3,-24.693298,-42.773581
CARLA SILVA,2025-02-01 17:07:20,246.1,1.3,-24.693485,-42.774018
CARLA SILVA,2025-02-01 17:15:01,240.6,1.3,-24.6948,-42.777226
CARLA SILVA,2025-02-01 17:48:11,236.8,1.0,-24.701848,-42.79125
CARLA SILVA,2025-02-01 18:01:10,246.8,1.2,-24.70438,-42.797228
CARLA SILVA,2025-02-01 18:03:40,253.9,1.4,-24.70477,-42.798353
CARLA SILVA,2025-02-01 18:22:02,248.3,1.5,-24.707843,-42.80639
CARLA SILVA,2025-02-01 19:31:01,234.4,1.2,-24.724216,-42.832728
CARLA SILVA,2025-02-01 20:09:31,234.7,1.8,-24.732643,-42.84647
CARLA SILVA,2025-02-01 20:41:53,236.4,0.6,-24.739956,-42.856945
CARLA SILVA,2025-02-01 20:44:52,241.4,1.5,-24.740488,-42.857948
CARLA SILVA,2025-02-01 20:49:33,243.7,0.8,-24.741238,-42.85972
CARLA SILVA,2025-02-01 20:52:41,244.9,1.6,-24.741708,-42.86098
CARLA SILVA,2025-02-01 20:56:43,244.3,1.5,-24.742296,-42.862398
CARLA SILVA,2025-02-01 21:09:01,241.1,0.7,-24.744276,-42.86655
CARLA SILVA,2025-02-01 21:15:03,237.9,1.2,-24.745283,-42.868686
CARLA SILVA,2025-02-01 21:17:12,245.0,0.9,-24.745645,-42.869391
CARLA SILVA,2025-02-01 21:19:43,229.3,1.3,-24.746005,-42.8702
CARLA SILVA,2025-02-01 21:23:33,158.7,0.6,-24.746663,-42.871365
CARLA SILVA,2025-02-01 21:54:02,239.0,1.1,-24.753025,-42.881451
CARLA SILVA,2025-02-01 22:28:32,251.8,1.4,-24.758488,-42.894485
CARLA SILVA,2025-02-01 22:33:11,254.4,1.4,-24.758915,-42.896353
CARLA SILVA,2025-02-01 22:59:21,249.2,1.2,-24.761278,-42.906523
CARLA SILVA,2025-02-01 23:02:20,248.3,1.3,-24.761621,-42.907631
CARLA SILVA,2025-02-01 23:04:32,246.7,1.5,-24.761905,-42.908441
CARLA SILVA,2025-02-01 23:32:13,251.7,0.9,-24.765128,-42.918943
CARLA SILVA,2025-02-01 23:34:52,245.8,1.5,-24.76551,-42.919895
CARLA SILVA,2025-02-01 23:38:52,244.6,1.1,-24.76621,-42.921355
CARLA SILVA,2025-02-02 00:05:42,246.4,1.6,-24.770661,-42.931861
CARLA SILVA,2025-02-02 00:08:22,247.3,1.8,-24.771083,-42.93296
CARLA SILVA,2025-02-02 00:12:21,245.2,2.0,-24.77172,-42.934686
CARLA SILVA,2025-02-02 00:37:50,251.3,2.0,-24.775743,-42.946248
CARLA SILVA,2025-02-02 00:40:01,248.8,1.6,-24.776073,-42.947261
CARLA SILVA,2025-02-02 00:40:41,246.9,1.6,-24.776173,-42.947585
CARLA SILVA,2025-02-02 00:42:41,251.1,1.7,-24.776483,-42.948496
CARLA SILVA,2025-02-02 00:44:30,248.3,1.6,-24.776756,-42.94937
CARLA SILVA,2025-02-02 00:44:42,249.2,1.3,-24.776788,-42.949465
CARLA SILVA,2025-02-02 00:45:21,255.1,1.5,-24.776878,-42.949751
CARLA SILVA,2025-02-02 00:46:30,249.5,1.5,-24.777036,-42.950311
CARLA SILVA,2025-02-02 00:46:42,246.7,1.3,-24.777075,-42.950411
CARLA SILVA,2025-02-02 00:47:30,247.9,1.2,-24.77719,-42.950746
CARLA SILVA,2025-02-02 00:48:12,250.4,1.5,-24.777293,-42.951036
CARLA SILVA,2025-02-02 00:48:30,247.7,1.4,-24.777333,-42.951186
CARLA SILVA,2025-02-02 00:49:30,248.4,1.2,-24.7775,-42.951615
CARLA SILVA,2025-02-02 00:49:51,249.8,1.6,-24.777581,-42.951761
CARLA SILVA,2025-02-02 00:50:30,249.6,1.4,-24.7777,-42.952091
CARLA SILVA,2025-02-02 00:50:50,248.6,1.3,-24.777753,-42.952241
CARLA SILVA,2025-02-02 01:02:19,249.5,1.5,-24.779678,-42.957398
CARLA SILVA,2025-02-02 01:15:41,245.8,1.2,-24.782126,-42.963775
CARLA SILVA,2025-02-02 01:24:23,248.2,1.6,-24.783488,-42.967716
CARLA SILVA,2025-02-02 01:39:22,245.5,2.2,-24.785936,-42.974303
CARLA SILVA,2025-02-02 01:40:42,247.9,1.2,-24.786165,-42.974963
CARLA SILVA,2025-02-02 01:40:52,245.1,1.1,-24.786201,-42.975011
CARLA SILVA,2025-02-02 01:41:10,247.7,1.6,-24.786253,-42.975161
CARLA SILVA,2025-02-02 01:41:52,247.2,1.6,-24.786381,-42.975491
CARLA SILVA,2025-02-02 01:43:52,249.2,1.8,-24.786736,-42.976461
CARLA SILVA,2025-02-02 01:44:40,246.3,1.4,-24.786888,-42.976858
CARLA SILVA,2025-02-02 01:47:00,247.7,1.6,-24.78728,-42.977911
CARLA SILVA,2025-02-02 02:24:11,245.2,1.8,-24.794396,-42.996073
CARLA SILVA,2025-02-02 03:56:32,236.6,2.0,-24.819798,-43.043123
CARLA SILVA,2025-02-02 04:14:03,238.8,2.2,-24.825038,-43.052293
CARLA SILVA,2025-02-02 04:16:22,235.9,1.8,-24.825715,-43.053525
CARLA SILVA,2025-02-02 05:30:52,251.2,1.8,-24.843185,-43.094091
CARLA SILVA,2025-02-02 05:35:22,250.9,2.0,-24.844066,-43.09668
CARLA SILVA,2025-02-02 05:59:50,251.9,1.7,-24.847926,-43.110983
CARLA SILVA,2025-02-02 06:02:30,252.1,1.8,-24.848275,-43.112491
CARLA SILVA,2025-02-02 06:04:43,249.5,1.9,-24.8486,-43.113793
CARLA SILVA,2025-02-02 06:08:01,255.4,1.6,-24.849136,-43.115733
CARLA SILVA,2025-02-02 07:21:32,77.0,9.9,-24.815911,-43.038265
CARLA SILVA,2025-02-02 07:22:42,78.4,9.8,-24.815193,-43.03474
CARLA SILVA,2025-02-02 07:23:42,78.8,9.8,-24.814605,-43.031766
CARLA SILVA,2025-02-02 07:26:22,78.5,9.8,-24.813116,-43.023823
CARLA SILVA,2025-02-02 07:29:31,80.1,9.8,-24.81145,-43.014498
CARLA SILVA,2025-02-02 07:32:22,77.1,9.9,-24.809938,-43.00605
CARLA SILVA,2025-02-02 07:43:00,75.3,10.4,-24.802223,-42.973446
CARLA SILVA,2025-02-02 07:47:32,74.8,10.5,-24.798856,-42.959155
CARLA SILVA,2025-02-02 08:11:53,73.9,9.5,-24.780085,-42.88882
CARLA SILVA,2025-02-02 08:18:02,75.3,9.4,-24.7755,-42.87145
CARLA SILVA,2025-02-02 08:22:50,71.0,9.2,-24.771855,-42.858358
CARLA SILVA,2025-02-02 09:10:03,72.1,9.2,-24.732246,-42.733168
CARLA SILVA,2025-02-02 09:19:11,6.1,7.2,-24.721516,-42.714295
CARLA SILVA,2025-02-02 09:56:41,14.0,8.5,-24.632553,-42.713705
CARLA SILVA,2025-02-02 10:04:20,11.2,8.7,-24.61462,-42.709186
CARLA SILVA,2025-02-02 10:50:01,60.5,1.4,-24.52389,-42.674933
CARLA SILVA,2025-02-02 11:13:11,186.8,2.7,-24.531101,-42.674806
CARLA SILVA,2025-02-02 11:13:41,191.1,3.1,-24.531476,-42.674866
CARLA SILVA,2025-02-02 11:14:00,188.2,2.7,-24.531728,-42.674905
CARLA SILVA,2025-02-02 11:15:00,185.8,2.7,-24.532483,-42.675018
CARLA SILVA,2025-02-02 11:20:00,186.6,2.7,-24.536416,-42.675708
CARLA SILVA,2025-02-02 11:21:21,187.0,2.6,-24.537528,-42.67592
CARLA SILVA,2025-02-02 11:41:41,190.5,2.9,-24.554001,-42.678886
CARLA SILVA,2025-02-02 12:37:10,166.1,12.7,-24.636028,-42.673538
CARLA SILVA,2025-02-02 12:45:13,164.6,13.0,-24.664226,-42.66524
CARLA SILVA,2025-02-02 12:46:21,164.8,13.0,-24.668335,-42.664021
CARLA SILVA,2025-02-02 12:52:30,182.8,11.2,-24.690346,-42.660845
CARLA SILVA,2025-02-02 13:15:21,26.3,0.5,-24.700063,-42.629188
CARLA SILVA,2025-02-02 13:31:31,329.1,1.2,-24.695336,-42.630978
CARLA SILVA,2025-02-02 13:35:13,336.7,1.3,-24.694088,-42.631695
CARLA SILVA,2025-02-02 13:51:11,354.7,7.6,-24.680016,-42.633328
CARLA SILVA,2025-02-02 14:29:02,3.0,10.7,-24.570506,-42.638431
CARLA SILVA,2025-02-02 14:52:11,2.3,10.8,-24.500768,-42.634143
CARLA SILVA,2025-02-02 14:59:11,2.7,10.8,-24.479536,-42.633075
CARLA SILVA,2025-02-02 15:03:30,1.3,10.9,-24.466465,-42.632421
CARLA SILVA,2025-02-02 15:14:21,359.8,10.8,-24.433436,-42.630995
CARLA SILVA,2025-02-02 15:20:43,3.2,11.1,-24.414071,-42.629881
CARLA SILVA,2025-02-02 15:30:42,2.4,11.0,-24.383118,-42.628515
CARLA SILVA,2025-02-02 15:39:22,0.1,10.9,-24.356173,-42.627393
CARLA SILVA,2025-02-02 16:13:32,0.8,11.4,-24.24944,-42.624151
CARLA SILVA,2025-02-02 17:02:03,339.5,12.4,-24.09423,-42.651881
CARLA SILVA,2025-02-02 17:05:59,341.0,12.4,-24.056476,-42.66601
CARLA SILVA,2025-02-02 17:08:19,341.7,12.4,-24.048731,-42.668756
CARLA SILVA,2025-02-02 17:10:03,340.8,12.4,-24.067933,-42.661835
CARLA SILVA,2025-02-02 17:10:19,339.7,12.2,-24.042171,-42.67112
CARLA SILVA,2025-02-02 17:10:59,344.3,12.3,-24.04002,-42.671885
CARLA SILVA,2025-02-02 17:11:19,342.4,12.3,-24.0389,-42.672295
CARLA SILVA,2025-02-02 17:52:53,338.8,12.4,-23.927326,-42.71367
CARLA SILVA,2025-02-02 17:56:31,342.3,12.5,-23.915355,-42.718231
CARLA SILVA,2025-02-02 17:58:52,340.5,12.5,-23.907645,-42.721108
CARLA SILVA,2025-02-02 18:45:02,341.3,12.6,-23.753145,-42.77946
CARLA SILVA,2025-02-02 18:47:32,339.1,12.6,-23.744838,-42.782766
CARLA SILVA,2025-02-02 18:50:32,339.6,12.5,-23.734891,-42.78664
CARLA SILVA,2025-02-02 19:36:21,338.0,12.7,-23.585031,-42.848866
CARLA SILVA,2025-02-02 19:44:42,339.1,12.8,-23.557398,-42.860943
CARLA SILVA,2025-02-02 19:50:11,338.2,12.8,-23.539091,-42.86905
CARLA SILVA,2025-02-02 20:10:23,337.4,12.6,-23.47223,-42.898596
CARLA SILVA,2025-02-02 20:16:01,336.8,12.7,-23.453721,-42.906721
CARLA SILVA,2025-02-02 20:18:31,340.1,12.8,-23.445386,-42.910475
CARLA SILVA,2025-02-02 20:52:31,335.9,12.9,-23.333501,-42.96467
CARLA SILVA,2025-02-02 21:28:13,342.5,5.5,-23.240175,-43.009361
CARLA SILVA,2025-02-02 21:59:11,328.3,0.9,-23.220848,-43.018553
CARLA SILVA,2025-02-02 22:03:12,309.9,1.1,-23.219936,-43.019625
CARLA SILVA,2025-02-02 22:35:31,285.4,1.0,-23.215331,-43.029043
CARLA SILVA,2025-02-02 22:38:41,292.0,0.9,-23.215115,-43.029916
CARLA SILVA,2025-02-02 23:10:50,274.5,1.1,-23.213753,-43.039543
CARLA SILVA,2025-02-02 23:39:31,270.5,1.0,-23.212845,-43.048026
CARLA SILVA,2025-02-02 23:42:02,271.5,1.1,-23.212875,-43.048793
CARLA SILVA,2025-02-02 23:45:22,267.4,1.2,-23.212926,-43.049906
CARLA SILVA,2025-02-02 23:48:22,268.8,0.8,-23.212933,-43.050936
CARLA SILVA,2025-02-03 00:21:41,271.5,0.8,-23.213205,-43.061176
CARLA SILVA,2025-02-03 00:23:21,271.4,0.9,-23.213176,-43.061683
CARLA SILVA,2025-02-03 00:27:31,274.3,0.9,-23.213111,-43.062828
CARLA SILVA,2025-02-03 00:29:10,272.3,0.8,-23.213086,-43.063258
CARLA SILVA,2025-02-03 00:29:41,273.2,0.9,-23.213076,-43.063401
CARLA SILVA,2025-02-03 00:31:11,273.4,0.9,-23.213071,-43.063775
CARLA SILVA,2025-02-03 00:31:22,271.2,0.8,-23.213073,-43.06383
CARLA SILVA,2025-02-03 00:31:31,269.9,0.9,-23.213073,-43.063871
CARLA SILVA,2025-02-03 00:31:40,270.5,0.9,-23.213073,-43.063915
CARLA SILVA,2025-02-03 00:31:52,271.3,0.8,-23.213076,-43.063963
CARLA SILVA,2025-02-03 00:32:11,270.9,1.0,-23.213081,-43.064056
CARLA SILVA,2025-02-03 00:32:22,267.8,1.0,-23.213091,-43.064086
CARLA SILVA,2025-02-03 00:32:31,270.9,0.9,-23.213093,-43.064133
CARLA SILVA,2025-02-03 00:33:22,268.5,0.9,-23.213081,-43.064343
CARLA SILVA,2025-02-03 00:33:30,270.1,0.8,-23.213078,-43.064381
CARLA SILVA,2025-02-03 00:54:52,276.7,0.8,-23.212841,-43.070498
CARLA SILVA,2025-02-03 01:23:01,290.3,0.6,-23.211495,-43.077433
CARLA SILVA,2025-02-03 02:34:10,305.2,0.3,-23.210666,-43.084301
CARLA SILVA,2025-02-03 02:35:10,301.0,0.3,-23.210611,-43.084356
CARLA SILVA,2025-02-03 02:50:01,243.7,0.1,-23.21076,-43.085741
CARLA SILVA,2025-02-03 02:55:21,241.0,0.1,-23.210896,-43.086085
CARLA SILVA,2025-02-03 04:34:42,19.2,0.2,-23.20629,-43.088396
CARLA SILVA,2025-02-03 04:38:40,347.2,0.1,-23.206111,-43.08838
CARLA SILVA,2025-02-03 07:14:41,359.8,8.3,-23.16619,-43.097121
CARLA SILVA,2025-02-03 07:17:12,0.4,7.9,-23.160488,-43.097175
CARLA SILVA,2025-02-03 08:12:53,348.2,7.0,-23.049065,-43.099983
CARLA SILVA,2025-02-03 08:56:21,1.3,11.5,-22.956711,-43.141743
CARLA SILVA,2025-02-03 09:46:12,4.7,4.1,-22.830368,-43.151805
CARLA SILVA,2025-02-04 19:20:41,163.9,8.8,-22.886855,-43.152645
CARLA SILVA,2025-02-04 19:28:53,163.8,9.0,-22.906456,-43.146648
CARLA SILVA,2025-02-04 19:34:31,162.4,7.5,-22.919341,-43.142745
CARLA SILVA,2025-02-04 19:36:32,166.2,7.9,-22.923515,-43.141565
CARLA SILVA,2025-02-04 19:38:53,168.5,8.7,-22.928853,-43.140186
CARLA SILVA,2025-02-04 19:55:11,158.1,10.5,-22.97178,-43.139253
CARLA SILVA,2025-02-04 19:58:31,149.9,10.8,-22.980551,-43.134131
CARLA SILVA,2025-02-04 19:59:41,148.9,10.9,-22.983508,-43.132258
CARLA SILVA,2025-02-04 20:02:31,151.2,11.2,-22.991116,-43.127575
CARLA SILVA,2025-02-04 20:07:41,151.1,11.6,-23.005455,-43.118886
CARLA SILVA,2025-02-04 20:35:51,183.4,12.8,-23.0971,-43.095288
CARLA SILVA,2025-02-04 21:02:42,242.4,13.3,-23.157488,-43.171195
CARLA SILVA,2025-02-04 21:40:12,241.2,13.4,-23.224996,-43.303386
CARLA SILVA,2025-02-04 21:44:12,242.3,13.6,-23.232301,-43.31779
CARLA SILVA,2025-02-04 22:14:36,243.2,14.2,-23.284976,-43.432468
CARLA SILVA,2025-02-04 22:19:11,243.9,14.0,-23.293028,-43.450033
CARLA SILVA,2025-02-04 22:51:31,243.3,12.5,-23.347323,-43.56534
CARLA SILVA,2025-02-04 23:06:41,243.3,12.6,-23.37107,-43.616545
CARLA SILVA,2025-02-04 23:20:32,243.7,12.5,-23.39269,-43.663671
CARLA SILVA,2025-02-04 23:26:40,244.0,12.5,-23.402193,-43.684581
CARLA SILVA,2025-02-04 23:56:39,243.3,12.6,-23.44941,-43.786283
CARLA SILVA,2025-02-04 23:57:39,243.3,12.5,-23.450983,-43.789655
CARLA SILVA,2025-02-04 23:59:00,243.3,12.6,-23.453096,-43.794231
CARLA SILVA,2025-02-04 23:59:21,243.5,12.6,-23.453655,-43.795411
CARLA SILVA,2025-02-05 00:01:41,243.0,12.5,-23.457286,-43.80326
CARLA SILVA,2025-02-05 00:02:10,243.1,12.5,-23.458088,-43.804905
CARLA SILVA,2025-02-05 00:47:50,243.5,12.5,-23.529511,-43.959685
CARLA SILVA,2025-02-05 01:07:00,244.9,12.3,-23.55881,-44.024323
CARLA SILVA,2025-02-05 01:19:31,243.9,12.4,-23.577668,-44.066578
CARLA SILVA,2025-02-05 01:21:20,244.4,12.4,-23.580443,-44.072768
CARLA SILVA,2025-02-05 01:42:50,245.0,11.9,-23.611603,-44.143998
CARLA SILVA,2025-02-05 01:48:40,244.1,11.8,-23.619848,-44.163001
CARLA SILVA,2025-02-05 02:33:29,243.4,11.9,-23.68342,-44.308961
CARLA SILVA,2025-02-05 02:36:29,244.3,12.0,-23.687783,-44.318858
CARLA SILVA,2025-02-05 02:37:10,245.6,11.9,-23.688695,-44.321035
CARLA SILVA,2025-02-05 02:39:39,245.7,11.9,-23.692193,-44.329206
CARLA SILVA,2025-02-05 04:17:31,245.5,12.0,-23.82705,-44.649388
CARLA SILVA,2025-02-05 04:19:10,246.0,12.0,-23.829423,-44.654905
CARLA SILVA,2025-02-05 04:19:51,245.9,12.0,-23.830353,-44.657115
CARLA SILVA,2025-02-05 04:23:20,245.7,12.0,-23.835225,-44.668666
CARLA SILVA,2025-02-05 04:41:11,244.1,12.0,-23.860981,-44.728043
CARLA SILVA,2025-02-05 04:45:30,243.4,12.0,-23.867308,-44.742286
CARLA SILVA,2025-02-05 04:48:21,243.9,12.0,-23.871423,-44.751593
CARLA SILVA,2025-02-05 04:51:21,244.0,12.0,-23.875825,-44.761495
CARLA SILVA,2025-02-05 06:01:41,242.4,11.9,-23.975361,-44.988555
CARLA SILVA,2025-02-05 06:06:02,241.4,11.9,-23.98213,-45.002505
CARLA SILVA,2025-02-05 06:07:02,242.6,11.9,-23.983723,-45.005693
CARLA SILVA,2025-02-05 06:27:09,242.0,11.7,-24.015195,-45.069241
CARLA SILVA,2025-02-05 06:31:30,241.7,11.7,-24.022021,-45.08285
CARLA SILVA,2025-02-05 06:56:11,259.4,12.1,-24.05615,-45.163856
CARLA SILVA,2025-02-05 07:49:11,271.9,12.0,-24.057568,-45.35844
CARLA SILVA,2025-02-05 07:51:40,270.2,12.0,-24.057481,-45.367498
CARLA SILVA,2025-02-05 07:56:52,271.2,11.3,-24.057286,-45.386105
CARLA SILVA,2025-02-05 08:01:11,294.7,10.2,-24.055685,-45.400196
CARLA SILVA,2025-02-05 08:38:10,317.4,6.1,-24.01239,-45.466965
CARLA SILVA,2025-02-05 09:43:21,346.0,3.9,-23.918541,-45.534381
CARLA SILVA,2025-02-05 10:31:00,267.1,0.1,-23.899205,-45.53962
CARLA SILVA,2025-02-05 12:06:39,228.7,0.0,-23.899383,-45.539345
CARLA SILVA,2025-02-05 13:15:39,304.1,0.1,-23.899338,-45.537905
CARLA SILVA,2025-02-05 16:33:40,73.8,0.0,-23.897445,-45.536906
CARLA SILVA,2025-02-05 22:27:40,6.3,0.0,-23.898091,-45.541135
CARLA SILVA,2025-02-06 05:03:39,37.6,0.0,-23.898601,-45.536921
CARLA SILVA,2025-02-06 06:00:39,185.7,0.0,-23.898086,-45.536371
CARLA SILVA,2025-02-06 10:15:39,229.3,0.0,-23.89821,-45.536463
CARLA SILVA,2025-02-06 20:12:40,147.6,0.0,-23.897385,-45.536321
CARLA SILVA,2025-02-06 23:12:02,356.1,0.7,-23.897038,-45.5376
CARLA SILVA,2025-02-07 00:14:13,46.6,10.2,-23.851755,-45.430671
CARLA SILVA,2025-02-07 00:30:42,45.1,7.5,-23.821288,-45.395858
CARLA SILVA,2025-02-07 01:07:51,165.9,0.0,-23.80248,-45.384945
CARLA SILVA,2025-02-07 01:09:41,165.9,0.0,-23.802498,-45.384936
CARLA SILVA,2025-02-07 04:30:33,129.3,0.0,-23.802423,-45.384978
CARLA SILVA,2025-02-07 22:45:16,176.7,0.0,-23.802465,-45.384978
CARLA SILVA,2025-02-07 23:15:16,220.0,6.0,-23.808203,-45.383083
CARLA SILVA,2025-02-07 23:20:16,220.8,7.3,-23.815716,-45.390115
CARLA SILVA,2025-02-07 23:37:31,226.2,9.5,-23.845328,-45.422158
CARLA SILVA,2025-02-08 00:49:06,146.0,11.3,-24.016226,-45.469908
CARLA SILVA,2025-02-08 00:49:46,146.3,11.3,-24.017916,-45.468676
CARLA SILVA,2025-02-08 00:50:16,146.4,11.3,-24.01928,-45.467681
CARLA SILVA,2025-02-08 00:50:26,146.4,11.3,-24.019683,-45.467391
CARLA SILVA,2025-02-08 00:51:15,146.4,11.4,-24.021893,-45.465823
CARLA SILVA,2025-02-08 00:51:16,146.4,11.4,-24.021893,-45.465823
CARLA SILVA,2025-02-08 00:58:05,146.8,11.4,-24.040031,-45.452651
CARLA SILVA,2025-02-08 01:00:16,146.8,11.3,-24.045848,-45.448496
CARLA SILVA,2025-02-08 01:00:55,146.6,11.2,-24.047581,-45.447321
CARLA SILVA,2025-02-08 01:17:57,106.7,11.3,-24.070493,-45.39674
CARLA SILVA,2025-02-08 01:19:07,107.3,11.2,-24.071555,-45.392905
CARLA SILVA,2025-02-08 01:20:47,98.5,10.9,-24.072893,-45.387448
CARLA SILVA,2025-02-08 01:22:56,91.8,10.9,-24.073401,-45.380293
CARLA SILVA,2025-02-08 01:49:26,91.4,11.7,-24.07572,-45.288723
CARLA SILVA,2025-02-08 02:39:37,49.6,11.7,-24.021908,-45.135435
CARLA SILVA,2025-02-08 03:07:56,48.1,12.0,-23.961145,-45.058066
CARLA SILVA,2025-02-08 03:29:27,48.2,11.4,-23.914101,-45.001106
CARLA SILVA,2025-02-08 04:44:27,45.3,10.9,-23.751048,-44.819561
CARLA SILVA,2025-02-08 04:47:07,44.7,11.0,-23.745295,-44.813278
CARLA SILVA,2025-02-08 04:49:17,44.8,11.0,-23.740575,-44.808155
CARLA SILVA,2025-02-08 04:52:36,45.2,11.0,-23.73346,-44.800325
CARLA SILVA,2025-02-08 05:13:56,47.0,10.9,-23.687991,-44.749815
CARLA SILVA,2025-02-08 05:15:57,46.4,11.0,-23.68378,-44.745001
CARLA SILVA,2025-02-08 05:39:17,45.2,11.2,-23.634068,-44.687996
CARLA SILVA,2025-02-08 05:42:47,46.2,11.2,-23.62644,-44.67945
CARLA SILVA,2025-02-08 05:45:36,45.5,11.3,-23.620271,-44.672525
CARLA SILVA,2025-02-08 06:31:17,47.0,10.0,-23.520348,-44.559568
CARLA SILVA,2025-02-08 06:34:56,47.0,9.6,-23.513505,-44.551696
CARLA SILVA,2025-02-08 06:39:46,45.1,9.3,-23.50467,-44.541841
CARLA SILVA,2025-02-08 07:24:27,44.0,11.5,-23.432515,-44.463978
CARLA SILVA,2025-02-08 07:27:56,44.1,12.0,-23.424258,-44.455351
CARLA SILVA,2025-02-08 07:31:16,44.3,12.2,-23.416105,-44.446866
CARLA SILVA,2025-02-08 08:21:46,5.4,10.4,-23.252261,-44.414576
CARLA SILVA,2025-02-08 08:23:47,5.1,9.4,-23.246716,-44.413918
CARLA SILVA,2025-02-08 10:00:04,73.1,0.0,-23.133351,-44.410678
CARLA SILVA,2025-02-08 10:03:04,65.5,0.0,-23.133285,-44.410601
CARLA SILVA,2025-02-08 13:42:05,296.4,0.0,-23.133035,-44.410515
CARLA SILVA,2025-02-08 15:54:05,104.4,0.0,-23.132953,-44.410585
CARLA SILVA,2025-02-08 17:12:03,248.7,0.0,-23.132935,-44.411131
CARLA SILVA,2025-02-09 02:06:04,256.2,0.0,-23.133273,-44.411988
CARLA SILVA,2025-02-09 06:30:05,66.9,0.0,-23.133313,-44.412011
CARLA SILVA,2025-02-09 10:48:05,340.2,0.1,-23.134041,-44.409095
CARLA SILVA,2025-02-09 12:06:04,313.5,0.1,-23.13358,-44.409543
CARLA SILVA,2025-02-09 12:39:04,121.2,0.2,-23.133426,-44.409766
CARLA SILVA,2025-02-09 13:12:05,271.6,0.0,-23.133328,-44.409911
CARLA SILVA,2025-02-09 22:33:05,206.2,0.1,-23.134213,-44.41303
CARLA SILVA,2025-02-09 23:51:04,219.6,0.1,-23.133576,-44.412458
CARLA SILVA,2025-02-10 00:54:05,96.5,0.0,-23.133785,-44.412631
CARLA SILVA,2025-02-10 02:51:04,18.8,0.0,-23.134651,-44.41314
CARLA SILVA,2025-02-10 09:51:05,98.6,0.0,-23.136893,-44.411126
CARLA SILVA,2025-02-10 12:42:05,146.3,0.0,-23.133843,-44.40925
CARLA SILVA,2025-02-10 15:03:05,314.9,0.1,-23.133278,-44.40991
CARLA SILVA,2025-02-11 01:42:49,9.6,0.1,-23.136001,-44.40934
CARLA SILVA,2025-02-11 02:15:05,356.1,0.1,-23.134985,-44.40897
CARLA SILVA,2025-02-11 08:48:05,328.2,0.0,-23.136698,-44.409291
CARLA SILVA,2025-02-11 09:56:01,69.6,10.1,-23.115995,-44.35319
CARLA SILVA,2025-02-11 10:02:50,64.7,11.4,-23.108108,-44.333038
CARLA SILVA,2025-02-11 10:28:50,73.6,6.6,-23.084015,-44.265658
CARLA SILVA,2025-02-11 10:29:20,69.0,6.7,-23.083701,-44.264665
CARLA SILVA,2025-02-11 11:10:38,36.8,1.3,-23.063145,-44.22275
CARLA SILVA,2025-02-11 11:40:49,287.2,0.4,-23.059885,-44.228016
CARLA SILVA,2025-02-11 11:45:00,279.7,0.4,-23.059848,-44.228648
CARLA SILVA,2025-02-11 12:07:19,231.2,0.0,-23.060035,-44.22908
CARLA SILVA,2025-02-11 12:08:20,149.2,0.0,-23.06005,-44.229066
CARLA SILVA,2025-02-11 12:14:11,46.8,0.0,-23.060035,-44.22909
CARLA SILVA,2025-02-11 12:26:28,128.4,0.0,-23.060008,-44.22906
CARLA SILVA,2025-02-11 12:35:30,340.5,0.0,-23.060026,-44.229053
CARLA SILVA,2025-02-12 13:04:29,98.3,11.0,-23.072395,-44.147086
CARLA SILVA,2025-02-12 13:06:30,98.3,11.1,-23.073318,-44.14043
CARLA SILVA,2025-02-12 13:09:49,101.0,10.8,-23.075,-44.129481
CARLA SILVA,2025-02-12 13:32:39,155.0,9.9,-23.105765,-44.081196
CARLA SILVA,2025-02-12 13:34:59,154.4,10.2,-23.111735,-44.078095
CARLA SILVA,2025-02-12 13:37:41,154.7,10.5,-23.118785,-44.074473
CARLA SILVA,2025-02-12 13:41:29,153.6,10.5,-23.128541,-44.068706
CARLA SILVA,2025-02-12 13:53:59,156.3,11.3,-23.163533,-44.052028
CARLA SILVA,2025-02-12 13:59:38,156.3,11.5,-23.18011,-44.044076
CARLA SILVA,2025-02-12 15:24:28,108.1,11.9,-23.311398,-43.796576
CARLA SILVA,2025-02-12 15:27:58,108.9,11.9,-23.315058,-43.784598
CARLA SILVA,2025-02-12 15:31:10,106.9,11.9,-23.318303,-43.77366
CARLA SILVA,2025-02-12 15:57:40,102.6,11.9,-23.341626,-43.681826
CARLA SILVA,2025-02-12 16:23:57,102.6,11.9,-23.359823,-43.589058
CARLA SILVA,2025-02-12 16:24:06,102.7,11.9,-23.35992,-43.588526
CARLA SILVA,2025-02-12 16:27:06,102.5,11.9,-23.36199,-43.57784
CARLA SILVA,2025-02-12 16:27:27,102.8,11.9,-23.362213,-43.57666
CARLA SILVA,2025-02-12 16:27:36,102.6,11.9,-23.362313,-43.57613
CARLA SILVA,2025-02-12 16:30:26,101.1,11.9,-23.364261,-43.566138
CARLA SILVA,2025-02-12 16:30:47,101.8,11.9,-23.364505,-43.564908
CARLA SILVA,2025-02-12 16:31:47,103.0,11.8,-23.365193,-43.56139
CARLA SILVA,2025-02-12 16:32:06,101.9,11.8,-23.365401,-43.560285
CARLA SILVA,2025-02-12 16:32:16,101.2,11.8,-23.36552,-43.559641
CARLA SILVA,2025-02-12 16:32:26,101.8,11.8,-23.365621,-43.559115
CARLA SILVA,2025-02-12 16:32:47,102.5,11.9,-23.365843,-43.557938
CARLA SILVA,2025-02-12 16:50:00,136.6,11.4,-23.391188,-43.506985
CARLA SILVA,2025-02-12 17:09:50,110.0,11.5,-23.435861,-43.45858
CARLA SILVA,2025-02-12 17:12:28,111.7,11.7,-23.438881,-43.449863
CARLA SILVA,2025-02-12 17:16:58,106.3,11.8,-23.444,-43.434881
CARLA SILVA,2025-02-12 17:45:09,100.0,12.0,-23.463193,-43.335211
CARLA SILVA,2025-02-12 17:47:49,99.2,12.0,-23.464755,-43.32563
CARLA SILVA,2025-02-12 17:50:20,98.5,11.8,-23.46627,-43.316763
CARLA SILVA,2025-02-12 18:15:30,113.5,11.6,-23.494995,-43.233618
CARLA SILVA,2025-02-12 18:21:19,113.9,11.7,-23.502515,-43.214715
CARLA SILVA,2025-02-12 18:58:48,115.4,11.8,-23.553598,-43.092251
CARLA SILVA,2025-02-12 19:24:20,115.8,11.6,-23.589263,-43.010031
CARLA SILVA,2025-02-12 19:31:29,115.3,11.5,-23.599351,-42.987445
CARLA SILVA,2025-02-12 20:02:09,119.4,11.2,-23.629065,-42.892186
CARLA SILVA,2025-02-12 20:06:19,115.9,11.2,-23.635386,-42.879741
CARLA SILVA,2025-02-12 20:16:49,116.6,11.5,-23.65065,-42.847413
CARLA SILVA,2025-02-12 20:33:00,116.9,11.5,-23.674696,-42.796973
CARLA SILVA,2025-02-12 20:40:19,115.2,11.5,-23.68533,-42.773971
CARLA SILVA,2025-02-12 21:46:19,119.8,11.6,-23.763911,-42.561183
CARLA SILVA,2025-02-12 21:54:29,115.4,11.6,-23.77662,-42.535973
CARLA SILVA,2025-02-12 21:59:38,115.3,11.6,-23.783333,-42.519306
CARLA SILVA,2025-02-12 22:00:10,114.7,11.6,-23.784098,-42.517603
CARLA SILVA,2025-02-12 22:06:59,111.5,11.7,-23.792165,-42.495068
CARLA SILVA,2025-02-12 23:29:49,114.4,11.9,-23.892646,-42.223325
CARLA SILVA,2025-02-12 23:30:59,116.3,11.7,-23.894311,-42.219513
CARLA SILVA,2025-02-12 23:42:29,92.3,11.6,-23.896506,-42.179498
CARLA SILVA,2025-02-12 23:46:08,92.1,11.7,-23.897035,-42.166581
CARLA SILVA,2025-02-12 23:49:18,92.6,11.8,-23.897403,-42.15519
CARLA SILVA,2025-02-12 23:51:38,91.9,11.8,-23.897653,-42.146871
CARLA SILVA,2025-02-13 00:13:18,87.9,12.0,-23.89803,-42.068026
CARLA SILVA,2025-02-13 00:16:48,87.5,12.0,-23.89753,-42.055228
CARLA SILVA,2025-02-13 01:00:19,90.0,11.8,-23.892551,-41.89585
CARLA SILVA,2025-02-13 01:00:49,89.9,11.8,-23.892565,-41.894115
CARLA SILVA,2025-02-13 01:01:19,90.2,11.8,-23.89258,-41.892308
CARLA SILVA,2025-02-13 01:02:38,89.4,11.8,-23.892671,-41.8875
CARLA SILVA,2025-02-13 01:03:49,91.2,11.7,-23.892691,-41.883251
CARLA SILVA,2025-02-13 01:06:38,91.6,11.8,-23.8927,-41.87305
CARLA SILVA,2025-02-13 01:11:09,89.5,11.8,-23.892733,-41.856831
CARLA SILVA,2025-02-13 01:11:48,90.0,11.9,-23.892726,-41.854431
CARLA SILVA,2025-02-13 01:12:09,91.9,11.9,-23.892746,-41.853168
CARLA SILVA,2025-02-13 01:12:30,91.5,11.9,-23.892765,-41.851956
CARLA SILVA,2025-02-13 01:12:39,90.6,11.9,-23.892775,-41.851411
CARLA SILVA,2025-02-13 01:12:59,91.0,12.0,-23.892805,-41.850196
CARLA SILVA,2025-02-13 01:13:10,91.2,12.0,-23.892821,-41.849586
CARLA SILVA,2025-02-13 01:29:49,92.1,11.7,-23.894583,-41.789585
CARLA SILVA,2025-02-13 01:32:18,91.6,11.7,-23.894883,-41.780668
CARLA SILVA,2025-02-13 01:54:59,89.8,11.6,-23.896633,-41.70004
CARLA SILVA,2025-02-13 01:58:10,88.5,11.7,-23.896526,-41.688596
CARLA SILVA,2025-02-13 02:00:30,89.4,11.6,-23.896525,-41.680276
CARLA SILVA,2025-02-13 03:19:39,84.5,10.7,-23.888051,-41.414945
CARLA SILVA,2025-02-13 03:25:40,83.9,10.8,-23.886241,-41.395311
CARLA SILVA,2025-02-13 03:37:50,79.7,10.8,-23.882145,-41.355373
CARLA SILVA,2025-02-13 04:11:00,89.4,11.0,-23.872775,-41.245488
CARLA SILVA,2025-02-13 04:13:08,88.4,11.2,-23.872448,-41.238176
CARLA SILVA,2025-02-13 04:15:38,88.4,11.1,-23.872163,-41.229743
CARLA SILVA,2025-02-13 04:20:11,87.8,11.3,-23.871561,-41.214273
CARLA SILVA,2025-02-13 04:59:20,88.0,11.5,-23.865435,-41.079545
CARLA SILVA,2025-02-13 05:12:29,86.9,11.6,-23.8638,-41.033175
CARLA SILVA,2025-02-13 05:59:11,86.8,11.9,-23.85671,-40.86603
CARLA SILVA,2025-02-13 06:03:38,88.7,11.9,-23.85608,-40.84986
CARLA SILVA,2025-02-13 06:51:20,89.8,12.1,-23.851918,-40.675321
CARLA SILVA,2025-02-13 07:44:59,88.7,12.2,-23.85384,-40.476666
CARLA SILVA,2025-02-13 08:30:39,40.9,11.7,-23.835831,-40.315635
CARLA SILVA,2025-02-13 08:33:59,42.9,11.9,-23.827638,-40.30761
CARLA SILVA,2025-02-13 09:03:59,44.2,12.0,-23.755178,-40.231546
CARLA SILVA,2025-02-13 09:38:48,42.5,11.9,-23.670518,-40.1451
CARLA SILVA,2025-02-13 09:40:59,42.6,11.9,-23.665205,-40.139681
CARLA SILVA,2025-02-13 09:43:39,42.6,11.9,-23.658703,-40.13309
CARLA SILVA,2025-02-13 09:47:38,44.1,11.9,-23.649066,-40.123185
CARLA SILVA,2025-02-13 10:09:59,45.0,12.0,-23.595311,-40.06682
CARLA SILVA,2025-02-13 10:14:40,44.6,12.0,-23.584073,-40.05496
CARLA SILVA,2025-02-13 10:20:19,43.2,12.0,-23.57044,-40.040628
CARLA SILVA,2025-02-13 10:20:29,44.5,12.0,-23.570038,-40.040205
CARLA SILVA,2025-02-13 10:24:19,44.5,12.0,-23.560845,-40.030461
CARLA SILVA,2025-02-13 10:24:39,44.7,12.0,-23.560013,-40.029566
CARLA SILVA,2025-02-13 10:26:29,44.1,12.0,-23.55565,-40.024951
CARLA SILVA,2025-02-13 10:48:00,43.1,11.9,-23.503443,-39.971353
CARLA SILVA,2025-02-13 10:50:19,42.0,12.0,-23.497725,-39.965706
CARLA SILVA,2025-02-13 10:53:01,42.4,12.1,-23.49101,-39.959106
CARLA SILVA,2025-02-13 10:55:10,42.0,12.1,-23.485631,-39.953776
CARLA SILVA,2025-02-13 10:57:50,42.1,12.1,-23.47893,-39.94721
CARLA SILVA,2025-02-13 11:15:10,42.5,12.2,-23.435318,-39.904418
CARLA SILVA,2025-02-13 11:29:58,42.1,12.2,-23.397751,-39.867585
CARLA SILVA,2025-02-13 11:34:49,43.0,12.2,-23.38543,-39.855326
CARLA SILVA,2025-02-13 11:37:28,42.7,12.1,-23.378773,-39.848568
CARLA SILVA,2025-02-13 12:01:49,44.2,12.3,-23.318785,-39.786221
CARLA SILVA,2025-02-13 12:13:39,45.7,12.3,-23.289776,-39.755
CARLA SILVA,2025-02-13 12:56:00,43.6,12.2,-23.185626,-39.644618
CARLA SILVA,2025-02-13 12:56:38,43.4,12.2,-23.18405,-39.643018
CARLA SILVA,2025-02-13 12:58:38,44.1,12.2,-23.179098,-39.63797
CARLA SILVA,2025-02-13 13:01:21,42.5,12.1,-23.172441,-39.63114
CARLA SILVA,2025-02-13 13:04:40,42.7,12.1,-23.164215,-39.622801
CARLA SILVA,2025-02-13 13:53:00,41.6,11.8,-23.044745,-39.503446
CARLA SILVA,2025-02-13 13:56:30,41.6,11.9,-23.036138,-39.495015
CARLA SILVA,2025-02-13 14:30:58,39.8,11.8,-22.95024,-39.412938
CARLA SILVA,2025-02-13 14:48:09,41.6,11.8,-22.907585,-39.372398
CARLA SILVA,2025-02-13 15:01:29,41.3,11.8,-22.874966,-39.340993
CARLA SILVA,2025-02-13 15:35:39,42.4,11.7,-22.791343,-39.260246
CARLA SILVA,2025-02-13 15:41:00,42.7,11.8,-22.778458,-39.247435
CARLA SILVA,2025-02-13 15:49:29,40.6,11.8,-22.757746,-39.227018
CARLA SILVA,2025-02-13 15:53:09,42.2,11.8,-22.748815,-39.218206
CARLA SILVA,2025-02-13 16:13:38,42.7,11.8,-22.69911,-39.168193
CARLA SILVA,2025-02-13 16:17:29,43.9,11.9,-22.689795,-39.158753
CARLA SILVA,2025-02-13 16:42:59,43.1,11.8,-22.628593,-39.096033
CARLA SILVA,2025-02-13 17:17:49,42.9,11.6,-22.546786,-39.011581
CARLA SILVA,2025-02-13 17:23:10,43.9,11.6,-22.534221,-38.998781
CARLA SILVA,2025-02-13 17:24:19,42.5,11.6,-22.531521,-38.995986
CARLA SILVA,2025-02-13 17:36:40,44.5,11.6,-22.502685,-38.965956
CARLA SILVA,2025-02-13 17:56:00,44.3,11.5,-22.457883,-38.919246
CARLA SILVA,2025-02-13 17:59:39,44.5,11.4,-22.449488,-38.910513
CARLA SILVA,2025-02-13 18:29:00,43.0,11.4,-22.382231,-38.840226
CARLA SILVA,2025-02-13 18:34:00,45.0,11.5,-22.370693,-38.828116
CARLA SILVA,2025-02-13 19:06:11,43.8,11.6,-22.295956,-38.749713
CARLA SILVA,2025-02-13 19:09:20,45.0,11.6,-22.28865,-38.742015
CARLA SILVA,2025-02-13 19:42:18,42.3,11.5,-22.210823,-38.663686
CARLA SILVA,2025-02-13 20:12:31,41.5,11.6,-22.13802,-38.59367
CARLA SILVA,2025-02-13 20:48:20,40.7,11.5,-22.051133,-38.511685
CARLA SILVA,2025-02-13 20:52:10,41.0,11.5,-22.041846,-38.502926
CARLA SILVA,2025-02-13 21:02:20,38.2,11.4,-22.017068,-38.480386
CARLA SILVA,2025-02-13 21:05:00,38.4,11.4,-22.010473,-38.474706
CARLA SILVA,2025-02-13 22:43:30,42.8,11.9,-21.770876,-38.246131
CARLA SILVA,2025-02-13 22:49:49,42.7,11.9,-21.755505,-38.230875
CARLA SILVA,2025-02-13 22:50:09,43.9,11.9,-21.754665,-38.230028
CARLA SILVA,2025-02-13 22:52:10,42.3,11.9,-21.74978,-38.225156
CARLA SILVA,2025-02-13 23:16:21,42.2,11.9,-21.690388,-38.166916
CARLA SILVA,2025-02-14 00:22:48,41.3,11.8,-21.523136,-38.009191
CARLA SILVA,2025-02-14 00:23:59,41.3,11.8,-21.520193,-38.006423
CARLA SILVA,2025-02-14 00:25:58,41.0,11.8,-21.51524,-38.001781
CARLA SILVA,2025-02-14 00:29:29,41.7,11.9,-21.506553,-37.993551
CARLA SILVA,2025-02-14 00:32:29,41.0,11.8,-21.49911,-37.986601
CARLA SILVA,2025-02-14 00:50:33,40.5,11.9,-21.4527,-37.943876
CARLA SILVA,2025-02-14 01:02:50,41.3,12.0,-21.422731,-37.916271
CARLA SILVA,2025-02-14 02:01:38,44.7,11.9,-21.27724,-37.772296
CARLA SILVA,2025-02-14 02:17:19,46.1,11.8,-21.24026,-37.733206
CARLA SILVA,2025-02-14 02:17:30,46.1,11.9,-21.239795,-37.732698
CARLA SILVA,2025-02-14 02:20:39,45.4,11.9,-21.232481,-37.724696
CARLA SILVA,2025-02-14 02:40:59,46.6,11.8,-21.185535,-37.673048
CARLA SILVA,2025-02-14 02:45:59,46.5,11.8,-21.174068,-37.660328
CARLA SILVA,2025-02-14 03:15:50,44.2,12.0,-21.102955,-37.586225
CARLA SILVA,2025-02-14 03:19:10,44.8,11.9,-21.094966,-37.577891
CARLA SILVA,2025-02-14 03:58:40,43.7,12.2,-20.999513,-37.478845
CARLA SILVA,2025-02-14 04:00:49,43.1,12.2,-20.994245,-37.473406
CARLA SILVA,2025-02-14 04:03:40,43.3,12.1,-20.987355,-37.466263
CARLA SILVA,2025-02-14 04:05:19,42.9,12.2,-20.98327,-37.46209
CARLA SILVA,2025-02-14 04:08:10,44.1,12.2,-20.976305,-37.454946
CARLA SILVA,2025-02-14 04:10:49,44.2,12.2,-20.969798,-37.448286
CARLA SILVA,2025-02-14 04:53:49,45.4,12.2,-20.864873,-37.339848
CARLA SILVA,2025-02-14 05:03:29,42.3,12.1,-20.840618,-37.316543
CARLA SILVA,2025-02-14 07:29:30,358.1,11.9,-20.428416,-37.067786
CARLA SILVA,2025-02-14 07:32:18,359.2,11.8,-20.419126,-37.068015
CARLA SILVA,2025-02-14 07:34:29,358.3,11.8,-20.411863,-37.068193
CARLA SILVA,2025-02-14 08:04:59,357.9,11.8,-20.311138,-37.072135
CARLA SILVA,2025-02-14 08:07:10,357.7,11.7,-20.303936,-37.072451
CARLA SILVA,2025-02-14 08:38:29,0.4,11.7,-20.201225,-37.074463
CARLA SILVA,2025-02-14 08:43:49,0.0,11.8,-20.183493,-37.074431
CARLA SILVA,2025-02-14 09:11:29,359.9,12.0,-20.091681,-37.07352
CARLA SILVA,2025-02-14 09:15:19,1.0,12.1,-20.078763,-37.073473
CARLA SILVA,2025-02-14 09:17:59,358.9,12.1,-20.069683,-37.073451
CARLA SILVA,2025-02-14 09:44:48,356.2,12.3,-19.978253,-37.076845
CARLA SILVA,2025-02-14 09:49:48,356.1,12.2,-19.961155,-37.077858
CARLA SILVA,2025-02-14 09:52:48,356.8,12.3,-19.950813,-37.078355
CARLA SILVA,2025-02-14 09:57:58,357.4,12.4,-19.933158,-37.07936
CARLA SILVA,2025-02-14 10:25:48,357.7,12.2,-19.837918,-37.084388
CARLA SILVA,2025-02-14 10:33:29,357.2,12.0,-19.811946,-37.08556
CARLA SILVA,2025-02-14 11:04:40,356.8,12.0,-19.707163,-37.090623
CARLA SILVA,2025-02-14 11:08:30,358.2,12.0,-19.694241,-37.091261
CARLA SILVA,2025-02-14 11:11:30,357.4,12.0,-19.68416,-37.091773
CARLA SILVA,2025-02-14 12:00:48,359.0,11.8,-19.518863,-37.098998
CARLA SILVA,2025-02-14 12:16:59,357.6,11.9,-19.465508,-37.101373
CARLA SILVA,2025-02-14 12:17:09,356.6,11.7,-19.464943,-37.101401
CARLA SILVA,2025-02-14 12:50:00,357.7,12.0,-19.35548,-37.107071
CARLA SILVA,2025-02-14 12:54:39,355.9,11.9,-19.339973,-37.10803
CARLA SILVA,2025-02-14 12:54:59,356.5,11.8,-19.338866,-37.108111
CARLA SILVA,2025-02-14 13:41:00,355.6,11.6,-19.18667,-37.118793
CARLA SILVA,2025-02-14 13:44:29,355.6,11.6,-19.175323,-37.119721
CARLA SILVA,2025-02-14 13:46:19,355.6,11.6,-19.1694,-37.120165
CARLA SILVA,2025-02-14 14:45:29,357.7,11.5,-18.979418,-37.12871
CARLA SILVA,2025-02-14 15:04:30,358.1,11.6,-18.917721,-37.131258
CARLA SILVA,2025-02-14 15:16:50,359.8,11.6,-18.877505,-37.131976
CARLA SILVA,2025-02-14 15:20:27,0.2,11.7,-18.86553,-37.13215
CARLA SILVA,2025-02-14 15:20:38,358.6,11.5,-18.864881,-37.132158
CARLA SILVA,2025-02-14 15:22:38,359.7,11.6,-18.858365,-37.132245
CARLA SILVA,2025-02-14 15:23:26,0.0,11.6,-18.855775,-37.132305
CARLA SILVA,2025-02-14 15:23:58,359.4,11.6,-18.854158,-37.13233
CARLA SILVA,2025-02-14 15:47:10,359.2,11.4,-18.779511,-37.132698
CARLA SILVA,2025-02-14 16:27:20,358.9,11.4,-18.64913,-37.132031
CARLA SILVA,2025-02-14 16:53:50,0.0,11.5,-18.56339,-37.130573
CARLA SILVA,2025-02-14 17:28:10,353.1,11.5,-18.453845,-37.130671
CARLA SILVA,2025-02-14 18:04:09,357.3,11.7,-18.337366,-37.133423
CARLA SILVA,2025-02-14 18:06:19,359.1,11.7,-18.330396,-37.133588
CARLA SILVA,2025-02-14 18:42:09,358.5,11.7,-18.213616,-37.137188
CARLA SILVA,2025-02-14 19:12:40,356.7,11.6,-18.114385,-37.14085
CARLA SILVA,2025-02-14 19:16:19,358.8,11.5,-18.102501,-37.141313
CARLA SILVA,2025-02-14 19:19:31,357.0,11.6,-18.092151,-37.141648
CARLA SILVA,2025-02-14 19:44:48,358.3,11.5,-18.00952,-37.144095
CARLA SILVA,2025-02-14 19:47:48,358.7,11.7,-17.999706,-37.14436
CARLA SILVA,2025-02-14 19:55:30,359.0,11.6,-17.974721,-37.145046
CARLA SILVA,2025-02-14 19:59:00,357.5,11.6,-17.963333,-37.145341
CARLA SILVA,2025-02-14 20:18:30,358.2,11.7,-17.89955,-37.147178
CARLA SILVA,2025-02-14 20:22:50,357.8,11.7,-17.885386,-37.147708
CARLA SILVA,2025-02-14 20:25:50,359.1,11.8,-17.875575,-37.148103
CARLA SILVA,2025-02-14 23:32:08,356.1,11.8,-17.249656,-37.180553
CARLA SILVA,2025-02-15 00:02:29,344.3,12.4,-17.149071,-37.203886
CARLA SILVA,2025-02-15 01:11:20,341.6,12.9,-16.915061,-37.274403
CARLA SILVA,2025-02-15 01:13:50,342.7,13.0,-16.90649,-37.277243
CARLA SILVA,2025-02-15 01:17:10,341.7,12.9,-16.894981,-37.281075
CARLA SILVA,2025-02-15 01:19:29,342.3,13.0,-16.886995,-37.283723
CARLA SILVA,2025-02-15 01:19:59,341.6,13.0,-16.885208,-37.284341
CARLA SILVA,2025-02-15 01:21:09,341.2,13.0,-16.8812,-37.285758
CARLA SILVA,2025-02-15 01:21:29,341.2,13.0,-16.88004,-37.28617
CARLA SILVA,2025-02-15 01:23:29,341.4,13.0,-16.873126,-37.28858
CARLA SILVA,2025-02-15 01:38:30,341.3,12.8,-16.821691,-37.306303
CARLA SILVA,2025-02-15 01:41:50,343.3,12.6,-16.810438,-37.310168
CARLA SILVA,2025-02-15 01:46:39,342.4,12.5,-16.794288,-37.315283
CARLA SILVA,2025-02-15 02:08:40,346.2,12.3,-16.72121,-37.336718
CARLA SILVA,2025-02-15 02:54:11,340.5,12.4,-16.572481,-37.388245
CARLA SILVA,2025-02-15 03:00:50,340.7,12.4,-16.550738,-37.396248
CARLA SILVA,2025-02-15 03:03:59,340.0,12.3,-16.54048,-37.400051
CARLA SILVA,2025-02-15 03:07:09,340.7,12.5,-16.530035,-37.403853
CARLA SILVA,2025-02-15 03:12:19,340.2,12.5,-16.512968,-37.410128
CARLA SILVA,2025-02-15 03:27:59,340.1,12.6,-16.460915,-37.429208
CARLA SILVA,2025-02-15 03:53:30,340.0,12.8,-16.375713,-37.46076
CARLA SILVA,2025-02-15 03:59:29,340.4,12.7,-16.355598,-37.468283
CARLA SILVA,2025-02-15 04:42:11,339.0,12.5,-16.214263,-37.522283
CARLA SILVA,2025-02-15 04:46:49,341.3,12.6,-16.198708,-37.527768
CARLA SILVA,2025-02-15 05:38:09,341.1,12.1,-16.032183,-37.583135
CARLA SILVA,2025-02-15 06:26:19,339.9,12.2,-15.875568,-37.64014
CARLA SILVA,2025-02-15 06:30:59,340.0,12.3,-15.860468,-37.645795
CARLA SILVA,2025-02-15 06:37:31,340.6,12.4,-15.839183,-37.653525
CARLA SILVA,2025-02-15 07:05:10,342.3,12.5,-15.748648,-37.684786
CARLA SILVA,2025-02-15 07:42:20,342.3,12.6,-15.624561,-37.72481
CARLA SILVA,2025-02-15 08:09:49,342.0,12.4,-15.532615,-37.754698
CARLA SILVA,2025-02-15 08:09:59,342.5,12.5,-15.532063,-37.754881
CARLA SILVA,2025-02-15 08:12:31,342.2,12.5,-15.523648,-37.757676
CARLA SILVA,2025-02-15 08:14:20,342.3,12.4,-15.517553,-37.759671
CARLA SILVA,2025-02-15 08:18:50,342.2,12.5,-15.502621,-37.76459
CARLA SILVA,2025-02-15 08:22:59,341.5,12.5,-15.488883,-37.769266
CARLA SILVA,2025-02-15 08:46:19,341.7,12.4,-15.411406,-37.79528
CARLA SILVA,2025-02-15 08:49:09,341.1,12.3,-15.402161,-37.798401
CARLA SILVA,2025-02-15 09:25:10,342.7,12.4,-15.28334,-37.838156
CARLA SILVA,2025-02-15 09:27:20,342.4,12.3,-15.276246,-37.840515
CARLA SILVA,2025-02-15 09:55:39,342.6,12.3,-15.182796,-37.871385
CARLA SILVA,2025-02-15 09:58:19,343.1,12.3,-15.174075,-37.874245
CARLA SILVA,2025-02-15 10:04:19,343.1,12.3,-15.154255,-37.880668
CARLA SILVA,2025-02-15 10:30:30,342.8,12.2,-15.068591,-37.908251
CARLA SILVA,2025-02-15 11:05:59,342.1,12.1,-14.953336,-37.945931
CARLA SILVA,2025-02-15 12:34:29,338.7,12.3,-14.667641,-38.049431
CARLA SILVA,2025-02-15 12:44:19,339.4,12.3,-14.635963,-38.062008
CARLA SILVA,2025-02-15 12:46:39,338.7,12.4,-14.628433,-38.065025
CARLA SILVA,2025-02-15 13:07:38,339.4,12.5,-14.56029,-38.0919
CARLA SILVA,2025-02-15 13:08:20,338.9,12.5,-14.558061,-38.092786
CARLA SILVA,2025-02-15 13:09:08,338.9,12.5,-14.555361,-38.093905
CARLA SILVA,2025-02-15 13:09:20,338.5,12.5,-14.554743,-38.094158
CARLA SILVA,2025-02-15 13:10:08,339.0,12.5,-14.552121,-38.095163
CARLA SILVA,2025-02-15 13:11:48,338.7,12.5,-14.546628,-38.097358
CARLA SILVA,2025-02-15 13:29:49,340.2,12.5,-14.487345,-38.120025
CARLA SILVA,2025-02-15 13:34:20,340.3,12.5,-14.472378,-38.125466
CARLA SILVA,2025-02-15 13:38:39,344.2,12.5,-14.457906,-38.130268
CARLA SILVA,2025-02-15 13:38:40,344.2,12.5,-14.457906,-38.130268
CARLA SILVA,2025-02-15 13:43:29,342.9,12.6,-14.441711,-38.135326
CARLA SILVA,2025-02-15 13:43:30,342.9,12.6,-14.441711,-38.135326
CARLA SILVA,2025-02-15 14:02:59,343.2,12.4,-14.376403,-38.155703
CARLA SILVA,2025-02-15 14:05:59,343.5,12.5,-14.366375,-38.158745
CARLA SILVA,2025-02-15 14:22:59,342.9,12.5,-14.309343,-38.176073
CARLA SILVA,2025-02-15 14:32:28,343.6,12.5,-14.27737,-38.185321
CARLA SILVA,2025-02-15 15:21:20,344.7,12.7,-14.111441,-38.232668
CARLA SILVA,2025-02-15 15:25:39,344.7,12.6,-14.096738,-38.236741
CARLA SILVA,2025-02-15 15:42:17,345.7,12.6,-14.039818,-38.252048
CARLA SILVA,2025-02-15 15:49:50,346.1,12.6,-14.014231,-38.258925
CARLA SILVA,2025-02-15 15:55:20,345.2,12.6,-13.99538,-38.26403
CARLA SILVA,2025-02-15 17:43:00,341.4,12.4,-13.642881,-38.398835
CARLA SILVA,2025-02-15 18:15:19,341.7,12.5,-13.53654,-38.43524
CARLA SILVA,2025-02-15 18:19:29,340.9,12.4,-13.522785,-38.439925
CARLA SILVA,2025-02-15 18:45:00,340.9,12.4,-13.439291,-38.469541
CARLA SILVA,2025-02-15 19:19:20,340.0,11.1,-13.333473,-38.509123
CARLA SILVA,2025-02-15 19:24:19,338.8,11.1,-13.318923,-38.514665
CARLA SILVA,2025-02-15 20:00:40,108.7,3.0,-13.235745,-38.52172
CARLA SILVA,2025-02-15 20:33:20,196.6,0.6,-13.248825,-38.51501
CARLA SILVA,2025-02-15 20:35:39,206.6,0.5,-13.249203,-38.515201
CARLA SILVA,2025-02-15 20:36:39,213.2,0.7,-13.24936,-38.515283
CARLA SILVA,2025-02-15 20:38:39,214.9,0.6,-13.249708,-38.515498
CARLA SILVA,2025-02-15 20:43:30,221.0,0.7,-13.25057,-38.516116
CARLA SILVA,2025-02-15 20:46:29,226.3,0.7,-13.251055,-38.516705
CARLA SILVA,2025-02-15 22:29:59,239.5,1.5,-13.267651,-38.550348
CARLA SILVA,2025-02-15 22:53:49,237.1,1.5,-13.273133,-38.559701
CARLA SILVA,2025-02-15 22:59:20,237.2,1.5,-13.274455,-38.561831
CARLA SILVA,2025-02-15 23:02:09,236.4,1.6,-13.27514,-38.562898
CARLA SILVA,2025-02-15 23:43:18,227.7,1.6,-13.286465,-38.578651
CARLA SILVA,2025-02-16 00:19:20,221.1,1.5,-13.298071,-38.591005
CARLA SILVA,2025-02-16 00:20:59,223.1,1.5,-13.298626,-38.591553
CARLA SILVA,2025-02-16 00:23:09,223.0,1.5,-13.299388,-38.592255
CARLA SILVA,2025-02-16 00:23:38,222.2,1.5,-13.29954,-38.592431
CARLA SILVA,2025-02-16 00:23:48,222.3,1.5,-13.299595,-38.592475
CARLA SILVA,2025-02-16 00:24:09,222.6,1.5,-13.299701,-38.592575
CARLA SILVA,2025-02-16 00:24:19,221.5,1.5,-13.299755,-38.592628
CARLA SILVA,2025-02-16 00:24:28,220.6,1.5,-13.299811,-38.592675
CARLA SILVA,2025-02-16 00:24:59,221.9,1.5,-13.299986,-38.592836
CARLA SILVA,2025-02-16 00:25:09,222.5,1.6,-13.300043,-38.592911
CARLA SILVA,2025-02-16 00:25:28,223.0,1.6,-13.30017,-38.593013
CARLA SILVA,2025-02-16 00:25:50,220.4,1.5,-13.300301,-38.593115
CARLA SILVA,2025-02-16 00:29:09,222.7,1.6,-13.301495,-38.594173
CARLA SILVA,2025-02-16 00:29:49,222.5,1.5,-13.301735,-38.594406
CARLA SILVA,2025-02-16 00:37:39,221.7,1.5,-13.304398,-38.596896
CARLA SILVA,2025-02-16 00:41:19,221.0,1.6,-13.305626,-38.598085
CARLA SILVA,2025-02-16 00:41:38,225.6,1.7,-13.305738,-38.598191
CARLA SILVA,2025-02-16 00:42:38,226.3,1.5,-13.30606,-38.598538
CARLA SILVA,2025-02-16 00:42:59,222.1,1.5,-13.306186,-38.598655
CARLA SILVA,2025-02-16 00:46:50,224.9,1.5,-13.307383,-38.599953
CARLA SILVA,2025-02-16 01:13:09,227.6,1.5,-13.315791,-38.608728
CARLA SILVA,2025-02-16 01:19:18,227.3,1.4,-13.317766,-38.610796
CARLA SILVA,2025-02-16 02:05:30,232.8,1.4,-13.330896,-38.626903
CARLA SILVA,2025-02-16 02:08:49,232.2,1.4,-13.331741,-38.62807
CARLA SILVA,2025-02-16 02:51:50,233.9,1.5,-13.342891,-38.64275
CARLA SILVA,2025-02-16 03:42:01,51.6,10.4,-13.280996,-38.557086
CARLA SILVA,2025-02-16 03:50:39,52.4,10.3,-13.265641,-38.536686
CARLA SILVA,2025-02-16 05:30:00,241.1,1.2,-13.238631,-38.48105
CARLA SILVA,2025-02-16 05:35:20,239.0,1.2,-13.23946,-38.482558
CARLA SILVA,2025-02-16 06:46:39,247.5,1.1,-13.249918,-38.505535
CARLA SILVA,2025-02-16 07:11:19,253.8,1.1,-13.25279,-38.513581
CARLA SILVA,2025-02-16 07:15:39,249.5,1.1,-13.253318,-38.515008
CARLA SILVA,2025-02-16 07:47:39,247.2,1.0,-13.257133,-38.525703
CARLA SILVA,2025-02-16 07:57:20,253.1,1.1,-13.258446,-38.52878
CARLA SILVA,2025-02-16 08:26:10,244.6,0.9,-13.262361,-38.537263
CARLA SILVA,2025-02-16 08:28:20,243.1,1.1,-13.262643,-38.537915
CARLA SILVA,2025-02-16 08:30:59,248.3,0.9,-13.262993,-38.538683
CARLA SILVA,2025-02-16 08:33:40,246.8,0.9,-13.263355,-38.539488
CARLA SILVA,2025-02-16 09:04:00,242.8,1.0,-13.267416,-38.54812
CARLA SILVA,2025-02-16 09:31:48,240.3,1.0,-13.271123,-38.55627
CARLA SILVA,2025-02-16 09:38:38,244.0,1.0,-13.272045,-38.558271
CARLA SILVA,2025-02-16 10:40:31,243.5,1.1,-13.280753,-38.577628
CARLA SILVA,2025-02-16 10:49:10,247.6,1.2,-13.282125,-38.58037
CARLA SILVA,2025-02-16 10:51:50,242.7,1.2,-13.282556,-38.581261
CARLA SILVA,2025-02-16 10:52:09,241.2,1.3,-13.282608,-38.58135
CARLA SILVA,2025-02-16 10:53:09,243.7,1.0,-13.282803,-38.581638
CARLA SILVA,2025-02-16 10:53:28,235.5,1.2,-13.282848,-38.581741
CARLA SILVA,2025-02-16 10:57:10,237.2,1.1,-13.28347,-38.582901
CARLA SILVA,2025-02-16 11:41:59,243.8,1.2,-13.29139,-38.596738
CARLA SILVA,2025-02-16 11:44:10,234.2,1.1,-13.291795,-38.59742
CARLA SILVA,2025-02-16 12:18:29,236.9,1.2,-13.298411,-38.60771
CARLA SILVA,2025-02-16 12:23:10,236.7,1.2,-13.299418,-38.609141
CARLA SILVA,2025-02-16 12:24:48,240.4,1.1,-13.29975,-38.609618
CARLA SILVA,2025-02-16 12:25:59,236.1,1.2,-13.300001,-38.60999
CARLA SILVA,2025-02-16 12:32:08,229.2,1.1,-13.301248,-38.611825
CARLA SILVA,2025-02-16 12:32:39,229.6,1.2,-13.301363,-38.61195
CARLA SILVA,2025-02-16 12:32:48,229.1,1.2,-13.3014,-38.611993
CARLA SILVA,2025-02-16 12:32:59,232.6,1.2,-13.30144,-38.61205
CARLA SILVA,2025-02-16 12:33:20,235.4,1.4,-13.301515,-38.612148
CARLA SILVA,2025-02-16 12:33:39,240.5,1.3,-13.301583,-38.61225
CARLA SILVA,2025-02-16 12:34:00,238.6,1.2,-13.301651,-38.612348
CARLA SILVA,2025-02-16 12:36:10,224.1,1.1,-13.302133,-38.613006
CARLA SILVA,2025-02-16 13:24:59,174.3,2.0,-13.31497,-38.627981
CARLA SILVA,2025-02-16 13:28:19,116.7,1.7,-13.317125,-38.626745
CARLA SILVA,2025-02-16 13:33:19,71.7,5.1,-13.316381,-38.621733
CARLA SILVA,2025-02-16 14:20:09,14.3,10.7,-13.229975,-38.537566
CARLA SILVA,2025-02-16 14:20:10,14.3,10.7,-13.229975,-38.537566
CARLA SILVA,2025-02-16 14:22:19,15.0,10.6,-13.223715,-38.535853
CARLA SILVA,2025-02-16 14:26:20,15.2,10.6,-13.212155,-38.532738
CARLA SILVA,2025-02-16 14:29:39,13.9,10.0,-13.202706,-38.530233
CARLA SILVA,2025-02-16 14:33:08,17.6,8.1,-13.194111,-38.527926
CARLA SILVA,2025-02-16 14:46:49,88.0,3.1,-13.179015,-38.515006
CARLA SILVA,2025-02-16 14:51:49,130.8,2.5,-13.180333,-38.511366
CARLA SILVA,2025-02-16 14:54:41,150.8,2.4,-13.181831,-38.510118
CARLA SILVA,2025-02-16 14:57:29,161.9,2.2,-13.183511,-38.509313
CARLA SILVA,2025-02-16 16:03:59,238.1,1.2,-13.205315,-38.516978
CARLA SILVA,2025-02-16 16:17:08,247.3,1.6,-13.207238,-38.520981
CARLA SILVA,2025-02-16 16:31:59,251.5,1.2,-13.208903,-38.52571
CARLA SILVA,2025-02-16 16:36:50,251.3,1.2,-13.20941,-38.527315
CARLA SILVA,2025-02-16 17:15:58,344.7,10.9,-13.177665,-38.555791
CARLA SILVA,2025-02-16 18:20:10,24.7,9.5,-13.024685,-38.56658
CARLA SILVA,2025-02-16 18:56:58,359.7,10.6,-12.910283,-38.566058
CARLA SILVA,2025-02-16 19:00:59,359.6,10.5,-12.898376,-38.566085
CARLA SILVA,2025-02-16 19:03:49,0.3,10.4,-12.8901,-38.566076
CARLA SILVA,2025-02-16 19:29:10,351.1,9.7,-12.818886,-38.567671
CARLA SILVA,2025-02-16 19:32:20,335.2,8.7,-12.811173,-38.570055
CARLA SILVA,2025-02-16 19:34:29,335.8,8.3,-12.806526,-38.57228
CARLA SILVA,2025-02-16 19:36:39,335.7,8.1,-12.801971,-38.574395
CARLA SILVA,2025-02-16 19:39:20,334.4,7.8,-12.79659,-38.576958
CARLA SILVA,2025-02-16 19:42:20,334.1,7.3,-12.79076,-38.579813
CARLA SILVA,2025-02-16 20:00:49,314.2,5.0,-12.765976,-38.597448
CARLA SILVA,2025-02-16 20:08:00,305.5,4.6,-12.759676,-38.604821
CARLA SILVA,2025-02-17 01:54:42,325.8,0.0,-12.753511,-38.624948
CARLA SILVA,2025-02-17 16:18:43,124.0,0.0,-12.753436,-38.625003
CARLA SILVA,2025-02-18 02:05:22,58.5,0.0,-12.75347,-38.625025
CARLA SILVA,2025-02-18 02:39:43,154.7,12.4,-12.796723,-38.576873
CARLA SILVA,2025-02-18 02:43:32,157.7,12.3,-12.808618,-38.571151
CARLA SILVA,2025-02-18 03:33:32,133.7,7.6,-12.959321,-38.563023
CARLA SILVA,2025-02-18 03:37:03,138.2,5.8,-12.964841,-38.559511
CARLA SILVA,2025-02-18 05:12:53,161.7,12.2,-13.237176,-38.540913
CARLA SILVA,2025-02-18 05:21:53,160.2,12.2,-13.266471,-38.530833
CARLA SILVA,2025-02-18 05:48:32,158.7,12.0,-13.352186,-38.4992
CARLA SILVA,2025-02-18 06:25:03,161.7,12.0,-13.468841,-38.455293
CARLA SILVA,2025-02-18 06:29:53,162.8,12.1,-13.484326,-38.449831
CARLA SILVA,2025-02-18 06:32:23,160.5,12.1,-13.492478,-38.446985
CARLA SILVA,2025-02-18 06:58:03,161.4,12.0,-13.57432,-38.419161
CARLA SILVA,2025-02-18 06:59:32,161.2,12.0,-13.579068,-38.417575
CARLA SILVA,2025-02-18 07:02:40,161.5,12.0,-13.588593,-38.414223
CARLA SILVA,2025-02-18 07:04:44,160.4,12.0,-13.595168,-38.411938
CARLA SILVA,2025-02-18 07:29:53,160.6,12.0,-13.675976,-38.383941
CARLA SILVA,2025-02-18 07:32:12,161.3,12.0,-13.683371,-38.381346
CARLA SILVA,2025-02-18 07:35:52,160.6,12.0,-13.69497,-38.377316
CARLA SILVA,2025-02-18 07:38:13,162.4,11.9,-13.702478,-38.374703
CARLA SILVA,2025-02-18 08:15:04,160.2,11.6,-13.817886,-38.334726
CARLA SILVA,2025-02-18 08:17:33,162.0,11.7,-13.825576,-38.3321
CARLA SILVA,2025-02-18 08:41:11,160.1,11.7,-13.899456,-38.306505
CARLA SILVA,2025-02-18 08:43:22,160.6,11.7,-13.906173,-38.304183
CARLA SILVA,2025-02-18 09:17:13,161.3,11.7,-14.011918,-38.268738
CARLA SILVA,2025-02-18 09:43:13,163.0,11.8,-14.09386,-38.241331
CARLA SILVA,2025-02-18 10:32:22,160.9,12.0,-14.250755,-38.192905
CARLA SILVA,2025-02-18 10:38:12,160.8,11.9,-14.269341,-38.186715
CARLA SILVA,2025-02-18 11:22:53,162.4,11.9,-14.410886,-38.138996
CARLA SILVA,2025-02-18 11:27:43,160.9,11.8,-14.426198,-38.133756
CARLA SILVA,2025-02-18 11:31:13,162.0,11.6,-14.437116,-38.130225
CARLA SILVA,2025-02-18 12:16:12,161.1,11.9,-14.579726,-38.08296
CARLA SILVA,2025-02-18 12:18:44,161.7,11.9,-14.587863,-38.080265
CARLA SILVA,2025-02-18 12:24:43,164.0,11.9,-14.607063,-38.073965
CARLA SILVA,2025-02-18 12:56:24,160.6,12.0,-14.707948,-38.039423
CARLA SILVA,2025-02-18 14:37:03,162.6,12.1,-15.027928,-37.925186
CARLA SILVA,2025-02-18 15:13:33,162.6,12.1,-15.145423,-37.887035
CARLA SILVA,2025-02-18 15:49:43,163.1,12.1,-15.262316,-37.850155
CARLA SILVA,2025-02-18 16:07:01,164.6,12.2,-15.349518,-37.822748
CARLA SILVA,2025-02-18 16:07:41,162.9,12.2,-15.35168,-37.822083
CARLA SILVA,2025-02-18 16:11:21,164.0,12.2,-15.363703,-37.818275
CARLA SILVA,2025-02-18 16:12:51,163.2,12.1,-15.368461,-37.816766
CARLA SILVA,2025-02-18 16:13:51,163.2,12.2,-15.37173,-37.815736
CARLA SILVA,2025-02-18 16:24:03,164.0,12.1,-15.373921,-37.815051
CARLA SILVA,2025-02-18 16:27:24,162.4,12.1,-15.38482,-37.811586
CARLA SILVA,2025-02-18 17:00:43,161.9,12.2,-15.492746,-37.775781
CARLA SILVA,2025-02-18 17:25:53,162.3,12.2,-15.574558,-37.74796
CARLA SILVA,2025-02-18 17:28:14,161.9,12.2,-15.582276,-37.74533
CARLA SILVA,2025-02-18 18:11:33,159.6,12.4,-15.724811,-37.696173
CARLA SILVA,2025-02-18 18:47:43,159.9,12.4,-15.843045,-37.652008
CARLA SILVA,2025-02-18 19:17:12,158.9,12.2,-15.93769,-37.615973
CARLA SILVA,2025-02-18 19:28:53,159.5,12.4,-15.975323,-37.60106
CARLA SILVA,2025-02-18 19:51:53,158.9,12.3,-16.049923,-37.571683
CARLA SILVA,2025-02-18 21:11:13,162.3,12.0,-16.307958,-37.47991
CARLA SILVA,2025-02-18 21:13:32,163.6,12.0,-16.315383,-37.477553
CARLA SILVA,2025-02-18 21:16:24,164.2,11.8,-16.324533,-37.474725
CARLA SILVA,2025-02-18 21:17:13,163.2,11.9,-16.327248,-37.473906
CARLA SILVA,2025-02-18 21:18:32,162.3,12.0,-16.331443,-37.472581
CARLA SILVA,2025-02-18 21:45:24,163.0,11.8,-16.417976,-37.44696
CARLA SILVA,2025-02-18 22:58:33,163.8,11.8,-16.649661,-37.378728
CARLA SILVA,2025-02-18 23:22:12,162.3,11.6,-16.723348,-37.354626
CARLA SILVA,2025-02-18 23:34:42,162.9,11.5,-16.762275,-37.342238
CARLA SILVA,2025-02-18 23:35:02,162.0,11.6,-16.763263,-37.341931
CARLA SILVA,2025-02-18 23:35:52,163.9,11.6,-16.765871,-37.341131
CARLA SILVA,2025-02-19 00:17:11,159.7,11.4,-16.892453,-37.297613
CARLA SILVA,2025-02-19 00:17:21,160.1,11.4,-16.892965,-37.29742
CARLA SILVA,2025-02-19 00:18:33,160.2,11.4,-16.89662,-37.296081
CARLA SILVA,2025-02-19 00:41:43,160.9,11.3,-16.966053,-37.270865
CARLA SILVA,2025-02-19 00:48:03,160.5,11.3,-16.984998,-37.26392
CARLA SILVA,2025-02-19 00:52:33,160.4,11.2,-16.998556,-37.259008
CARLA SILVA,2025-02-19 00:55:13,160.0,11.2,-17.006583,-37.256086
CARLA SILVA,2025-02-19 01:05:33,161.7,11.4,-17.037766,-37.244848
CARLA SILVA,2025-02-19 01:39:04,162.2,11.7,-17.140853,-37.210336
CARLA SILVA,2025-02-19 01:41:24,162.2,11.6,-17.148176,-37.207918
CARLA SILVA,2025-02-19 01:52:01,163.8,11.6,-17.181706,-37.197151
CARLA SILVA,2025-02-19 02:28:33,165.2,11.8,-17.296163,-37.162011
CARLA SILVA,2025-02-19 02:29:43,164.2,11.8,-17.299876,-37.160946
CARLA SILVA,2025-02-19 02:31:43,163.8,11.8,-17.306285,-37.159078
CARLA SILVA,2025-02-19 02:35:04,166.9,11.8,-17.316978,-37.156248
CARLA SILVA,2025-02-19 04:15:33,176.2,12.1,-17.654578,-37.157181
CARLA SILVA,2025-02-19 05:28:41,175.7,12.3,-17.904291,-37.145391
CARLA SILVA,2025-02-19 05:55:12,181.0,12.4,-17.995656,-37.142711
CARLA SILVA,2025-02-19 05:55:51,177.1,12.4,-17.997958,-37.142663
CARLA SILVA,2025-02-19 06:41:02,177.1,12.3,-18.15454,-37.139125
CARLA SILVA,2025-02-19 07:11:22,178.0,12.6,-18.260035,-37.136865
CARLA SILVA,2025-02-19 07:15:13,177.5,12.6,-18.273651,-37.136468
CARLA SILVA,2025-02-19 07:18:01,178.1,12.5,-18.283446,-37.136178
CARLA SILVA,2025-02-19 07:37:23,176.0,12.5,-18.351073,-37.131371
CARLA SILVA,2025-02-19 07:43:11,178.8,12.7,-18.37144,-37.129663
CARLA SILVA,2025-02-19 07:48:02,180.3,12.5,-18.38862,-37.129621
CARLA SILVA,2025-02-19 08:16:33,178.7,12.4,-18.488791,-37.128875
CARLA SILVA,2025-02-19 08:20:53,180.6,12.4,-18.50399,-37.128825
CARLA SILVA,2025-02-19 08:24:14,179.1,12.4,-18.51562,-37.128901
CARLA SILVA,2025-02-19 08:42:22,179.3,12.3,-18.578541,-37.129071
CARLA SILVA,2025-02-19 09:36:13,175.0,12.5,-18.764285,-37.12017
CARLA SILVA,2025-02-19 09:38:34,176.2,12.5,-18.77247,-37.119621
CARLA SILVA,2025-02-19 10:08:22,178.3,12.4,-18.87668,-37.113031
CARLA SILVA,2025-02-19 10:27:32,180.1,12.4,-18.943555,-37.110681
CARLA SILVA,2025-02-19 10:42:43,179.0,12.5,-18.996116,-37.11006
CARLA SILVA,2025-02-19 11:15:44,177.8,12.2,-19.110183,-37.107141
CARLA SILVA,2025-02-19 11:19:43,180.1,12.3,-19.123891,-37.106808
CARLA SILVA,2025-02-19 11:24:03,179.4,12.3,-19.138938,-37.10651
CARLA SILVA,2025-02-19 13:11:34,177.6,12.5,-19.513011,-37.101558
CARLA SILVA,2025-02-19 13:13:44,178.3,12.5,-19.520593,-37.101363
CARLA SILVA,2025-02-19 13:17:34,179.5,12.5,-19.534041,-37.100923
CARLA SILVA,2025-02-19 13:19:53,176.8,12.6,-19.542251,-37.100641
CARLA SILVA,2025-02-19 13:30:23,177.5,12.6,-19.579165,-37.099258
CARLA SILVA,2025-02-19 13:35:11,177.0,12.6,-19.596255,-37.09856
CARLA SILVA,2025-02-19 13:35:13,177.0,12.6,-19.596255,-37.09856
CARLA SILVA,2025-02-19 13:38:43,176.4,12.7,-19.608683,-37.098156
CARLA SILVA,2025-02-19 13:43:52,181.1,12.7,-19.627011,-37.097541
CARLA SILVA,2025-02-19 14:09:23,178.0,12.7,-19.717471,-37.094266
CARLA SILVA,2025-02-19 14:13:04,176.6,12.6,-19.730483,-37.093728
CARLA SILVA,2025-02-19 14:16:34,177.3,12.6,-19.742868,-37.092983
CARLA SILVA,2025-02-19 14:45:43,178.1,12.9,-19.84724,-37.088268
CARLA SILVA,2025-02-19 14:47:44,175.2,13.0,-19.85445,-37.087886
CARLA SILVA,2025-02-19 14:50:43,178.1,12.9,-19.86534,-37.087331
CARLA SILVA,2025-02-19 14:54:44,177.5,12.9,-19.879773,-37.08676
CARLA SILVA,2025-02-19 15:03:22,176.7,12.9,-19.910991,-37.085628
CARLA SILVA,2025-02-19 15:26:32,175.2,13.3,-19.995611,-37.081303
CARLA SILVA,2025-02-19 15:52:23,175.9,13.2,-20.090695,-37.075515
CARLA SILVA,2025-02-19 16:02:03,177.0,13.0,-20.12597,-37.07317
CARLA SILVA,2025-02-19 16:21:40,175.6,13.1,-20.228175,-37.06428
CARLA SILVA,2025-02-19 16:26:19,175.8,13.1,-20.245181,-37.062898
CARLA SILVA,2025-02-19 16:26:41,175.6,13.1,-20.246446,-37.062781
CARLA SILVA,2025-02-19 16:27:31,175.8,13.0,-20.249536,-37.062501
CARLA SILVA,2025-02-19 16:28:22,176.4,13.1,-20.220876,-37.064931
CARLA SILVA,2025-02-19 16:32:11,177.0,13.1,-20.23482,-37.063741
CARLA SILVA,2025-02-19 16:34:52,174.8,13.0,-20.244631,-37.062941
CARLA SILVA,2025-02-19 16:37:22,174.7,13.0,-20.2537,-37.062156
CARLA SILVA,2025-02-19 16:41:02,175.1,12.9,-20.266791,-37.061058
CARLA SILVA,2025-02-19 16:59:32,184.9,12.8,-20.33326,-37.062205
CARLA SILVA,2025-02-19 17:05:52,185.6,12.8,-20.356045,-37.063961
CARLA SILVA,2025-02-19 17:06:13,184.6,12.8,-20.357241,-37.064063
CARLA SILVA,2025-02-19 17:10:42,185.0,12.8,-20.373318,-37.065418
CARLA SILVA,2025-02-19 18:12:02,214.2,12.8,-20.584435,-37.103048
CARLA SILVA,2025-02-19 18:26:22,214.0,12.9,-20.62755,-37.13331
CARLA SILVA,2025-02-19 18:31:51,212.5,13.0,-20.644151,-37.145156
CARLA SILVA,2025-02-19 20:09:33,223.3,12.7,-20.90339,-37.39485
CARLA SILVA,2025-02-19 20:13:04,223.5,12.7,-20.91244,-37.404068
CARLA SILVA,2025-02-19 20:14:03,223.1,12.7,-20.914953,-37.406638
CARLA SILVA,2025-02-19 20:15:22,223.9,12.7,-20.918348,-37.410075
CARLA SILVA,2025-02-19 20:17:42,224.2,12.6,-20.924278,-37.416103
CARLA SILVA,2025-02-19 20:18:23,224.2,12.6,-20.926053,-37.41794
CARLA SILVA,2025-02-19 20:37:43,225.1,12.6,-20.975326,-37.468646
CARLA SILVA,2025-02-19 20:41:53,225.1,12.6,-20.985773,-37.479671
CARLA SILVA,2025-02-19 20:44:13,225.0,12.5,-20.991511,-37.485831
CARLA SILVA,2025-02-19 21:57:24,222.6,12.5,-21.180541,-37.672763
CARLA SILVA,2025-02-19 22:00:32,222.9,12.5,-21.188643,-37.680765
CARLA SILVA,2025-02-19 22:23:13,220.4,12.6,-21.24732,-37.738968
CARLA SILVA,2025-02-19 22:25:34,220.6,12.7,-21.253568,-37.744818
CARLA SILVA,2025-02-19 23:06:22,220.5,12.8,-21.36379,-37.846788
CARLA SILVA,2025-02-19 23:38:53,220.1,12.7,-21.451986,-37.927488
CARLA SILVA,2025-02-19 23:41:22,220.3,12.7,-21.458646,-37.933601
CARLA SILVA,2025-02-19 23:52:42,220.5,12.8,-21.489266,-37.961515
CARLA SILVA,2025-02-20 00:03:24,220.2,12.8,-21.518516,-37.98798
CARLA SILVA,2025-02-20 00:45:53,223.3,12.8,-21.632553,-38.097576
CARLA SILVA,2025-02-20 00:51:31,223.5,12.8,-21.64736,-38.112253
CARLA SILVA,2025-02-20 00:58:41,222.4,12.8,-21.666343,-38.130868
CARLA SILVA,2025-02-20 01:08:53,222.4,12.8,-21.69338,-38.15712
CARLA SILVA,2025-02-20 01:11:13,222.6,12.8,-21.69965,-38.163171
CARLA SILVA,2025-02-20 01:11:31,221.3,12.8,-21.700458,-38.16395
CARLA SILVA,2025-02-20 01:12:22,222.0,12.8,-21.702765,-38.16626
CARLA SILVA,2025-02-20 01:12:31,222.1,12.8,-21.703171,-38.166653
CARLA SILVA,2025-02-20 01:25:02,222.2,12.9,-21.73643,-38.199086
CARLA SILVA,2025-02-20 01:29:53,222.5,13.0,-21.749368,-38.211656
CARLA SILVA,2025-02-20 01:30:12,221.6,13.0,-21.750251,-38.212538
CARLA SILVA,2025-02-20 01:34:44,222.0,13.0,-21.762358,-38.224313
CARLA SILVA,2025-02-20 01:39:44,222.5,13.0,-21.77581,-38.23736
CARLA SILVA,2025-02-20 02:26:13,224.8,13.0,-21.897631,-38.362278
CARLA SILVA,2025-02-20 02:30:31,225.0,13.1,-21.908863,-38.374186
CARLA SILVA,2025-02-20 03:11:42,224.0,13.0,-22.016815,-38.485241
CARLA SILVA,2025-02-20 03:13:52,224.3,13.0,-22.022538,-38.491131
CARLA SILVA,2025-02-20 03:20:12,223.9,13.1,-22.039146,-38.50825
CARLA SILVA,2025-02-20 03:22:54,224.3,13.1,-22.046253,-38.515536
CARLA SILVA,2025-02-20 04:12:22,222.8,13.0,-22.177773,-38.648558
CARLA SILVA,2025-02-20 04:56:13,222.9,13.1,-22.29451,-38.765918
CARLA SILVA,2025-02-20 04:59:13,223.8,13.2,-22.30265,-38.774086
CARLA SILVA,2025-02-20 05:01:23,223.5,13.2,-22.308353,-38.77985
CARLA SILVA,2025-02-20 05:01:43,222.9,13.2,-22.309256,-38.780761
CARLA SILVA,2025-02-20 06:08:23,223.0,13.2,-22.489428,-38.959661
CARLA SILVA,2025-02-20 06:49:02,221.5,13.3,-22.602448,-39.068173
CARLA SILVA,2025-02-20 06:49:34,219.5,13.3,-22.60393,-39.069551
CARLA SILVA,2025-02-20 07:17:23,223.6,13.3,-22.679283,-39.145503
CARLA SILVA,2025-02-20 07:20:33,224.4,13.3,-22.68773,-39.15427
CARLA SILVA,2025-02-20 07:23:03,223.8,13.2,-22.694301,-39.161131
CARLA SILVA,2025-02-20 07:39:23,224.1,13.4,-22.73786,-39.206575
CARLA SILVA,2025-02-20 07:57:25,225.8,13.0,-22.785406,-39.256741
CARLA SILVA,2025-02-20 08:00:36,225.6,13.0,-22.793443,-39.265491
CARLA SILVA,2025-02-20 08:02:32,225.1,13.0,-22.798673,-39.271168
CARLA SILVA,2025-02-20 08:25:03,224.6,13.1,-22.856421,-39.33369
CARLA SILVA,2025-02-20 08:28:33,222.2,13.0,-22.865551,-39.343451
CARLA SILVA,2025-02-20 08:30:42,222.1,13.1,-22.871308,-39.34914
CARLA SILVA,2025-02-20 08:36:03,222.8,13.0,-22.885666,-39.36344
CARLA SILVA,2025-02-20 08:38:53,222.7,12.9,-22.893123,-39.370921
CARLA SILVA,2025-02-20 08:57:13,223.0,12.7,-22.940685,-39.419431
CARLA SILVA,2025-02-20 09:05:02,223.1,12.7,-22.961001,-39.439826
CARLA SILVA,2025-02-20 09:10:04,223.6,12.7,-22.974138,-39.452991
CARLA SILVA,2025-02-20 09:17:52,222.2,12.7,-22.994545,-39.47322
CARLA SILVA,2025-02-20 09:20:52,222.1,12.6,-23.002376,-39.480951
CARLA SILVA,2025-02-20 09:23:23,222.2,12.6,-23.008946,-39.487451
CARLA SILVA,2025-02-20 09:42:32,222.1,12.6,-23.059071,-39.536865
CARLA SILVA,2025-02-20 09:45:41,222.1,12.6,-23.067308,-39.544961
CARLA SILVA,2025-02-20 10:15:33,219.8,12.7,-23.146061,-39.620196
CARLA SILVA,2025-02-20 10:15:53,220.7,12.7,-23.147005,-39.621065
CARLA SILVA,2025-02-20 10:16:42,220.1,12.6,-23.149165,-39.623048
CARLA SILVA,2025-02-20 10:18:03,219.8,12.7,-23.152846,-39.626421
CARLA SILVA,2025-02-20 10:50:13,221.8,12.3,-23.238116,-39.706156
CARLA SILVA,2025-02-20 10:52:24,222.9,12.3,-23.243691,-39.711691
CARLA SILVA,2025-02-20 11:05:53,249.0,12.2,-23.26559,-39.753586
CARLA SILVA,2025-02-20 11:10:33,248.8,12.3,-23.271136,-39.769793
CARLA SILVA,2025-02-20 11:25:12,251.1,12.1,-23.288273,-39.82077
CARLA SILVA,2025-02-20 11:25:43,252.1,12.1,-23.288875,-39.822556
CARLA SILVA,2025-02-20 11:26:02,250.4,12.1,-23.289243,-39.823648
CARLA SILVA,2025-02-20 11:27:32,250.2,12.2,-23.29104,-39.828898
CARLA SILVA,2025-02-20 11:27:53,250.2,12.2,-23.291433,-39.830048
CARLA SILVA,2025-02-20 11:28:22,251.2,12.2,-23.292015,-39.83178
CARLA SILVA,2025-02-20 11:29:02,250.0,12.1,-23.292775,-39.834046
CARLA SILVA,2025-02-20 11:57:33,251.4,12.1,-23.325631,-39.932265
CARLA SILVA,2025-02-20 12:00:23,249.4,12.1,-23.328855,-39.942053
CARLA SILVA,2025-02-20 12:04:34,249.1,12.1,-23.33359,-39.956578
CARLA SILVA,2025-02-20 12:14:13,248.7,12.1,-23.34456,-39.989945
CARLA SILVA,2025-02-20 12:36:43,253.2,12.0,-23.369855,-40.067293
CARLA SILVA,2025-02-20 13:02:13,249.4,11.9,-23.398403,-40.155638
CARLA SILVA,2025-02-20 13:04:13,251.3,11.9,-23.400541,-40.162506
CARLA SILVA,2025-02-20 13:04:22,252.3,11.8,-23.400696,-40.163015
CARLA SILVA,2025-02-20 13:05:13,250.0,11.9,-23.401578,-40.1659
CARLA SILVA,2025-02-20 13:06:32,250.0,12.0,-23.402948,-40.170338
CARLA SILVA,2025-02-20 13:14:31,250.2,12.3,-23.411798,-40.198095
CARLA SILVA,2025-02-20 13:41:34,250.9,12.3,-23.442093,-40.291971
CARLA SILVA,2025-02-20 13:45:34,252.5,12.1,-23.446683,-40.30595
CARLA SILVA,2025-02-20 13:48:02,249.9,12.1,-23.449451,-40.31456
CARLA SILVA,2025-02-20 13:53:13,248.7,12.2,-23.455355,-40.332548
CARLA SILVA,2025-02-20 14:00:03,250.2,12.1,-23.46312,-40.356421
CARLA SILVA,2025-02-20 14:02:44,250.3,12.5,-23.466106,-40.3659
CARLA SILVA,2025-02-20 14:16:24,250.5,13.0,-23.481668,-40.415398
CARLA SILVA,2025-02-20 14:18:34,251.0,12.8,-23.484245,-40.423386
CARLA SILVA,2025-02-20 14:20:44,249.5,13.1,-23.486951,-40.43148
CARLA SILVA,2025-02-20 14:23:44,253.1,13.1,-23.490401,-40.442686
CARLA SILVA,2025-02-20 14:25:44,252.0,12.9,-23.492683,-40.450175
CARLA SILVA,2025-02-20 14:28:43,250.0,12.9,-23.496103,-40.461173
CARLA SILVA,2025-02-20 14:51:12,250.5,13.3,-23.522288,-40.54552
CARLA SILVA,2025-02-20 14:56:12,253.1,13.3,-23.528228,-40.564435
CARLA SILVA,2025-02-20 15:25:23,253.3,13.4,-23.561901,-40.675743
CARLA SILVA,2025-02-20 15:29:23,252.0,13.4,-23.566345,-40.691225
CARLA SILVA,2025-02-20 15:32:53,253.5,13.3,-23.570243,-40.70477
CARLA SILVA,2025-02-20 15:35:23,252.3,13.3,-23.573058,-40.71431
CARLA SILVA,2025-02-20 15:46:23,253.9,13.4,-23.585298,-40.757168
CARLA SILVA,2025-02-20 16:01:51,252.4,13.5,-23.602313,-40.817751
CARLA SILVA,2025-02-20 16:11:22,253.7,13.5,-23.61282,-40.854795
CARLA SILVA,2025-02-20 16:46:09,250.8,13.6,-23.653445,-40.990016
CARLA SILVA,2025-02-20 16:46:30,251.5,13.6,-23.653863,-40.991386
CARLA SILVA,2025-02-20 16:49:50,252.7,13.7,-23.65797,-41.004366
CARLA SILVA,2025-02-20 16:50:09,252.9,13.6,-23.658386,-41.005671
CARLA SILVA,2025-02-20 16:51:09,251.1,13.6,-23.659643,-41.009588
CARLA SILVA,2025-02-20 16:51:50,249.1,13.6,-23.660515,-41.012263
CARLA SILVA,2025-02-20 17:15:03,250.7,13.8,-23.69005,-41.10299
CARLA SILVA,2025-02-20 17:50:23,286.7,13.3,-23.676981,-41.244958
CARLA SILVA,2025-02-20 18:19:33,286.9,13.4,-23.650115,-41.360138
CARLA SILVA,2025-02-20 18:23:43,286.1,13.3,-23.64629,-41.376618
CARLA SILVA,2025-02-20 19:11:12,281.5,13.4,-23.608598,-41.564711
CARLA SILVA,2025-02-20 19:14:14,285.3,13.1,-23.60606,-41.576536
CARLA SILVA,2025-02-20 19:14:23,284.6,13.2,-23.605923,-41.577121
CARLA SILVA,2025-02-20 22:37:13,284.8,12.1,-23.4106,-42.356728
CARLA SILVA,2025-02-20 22:38:03,284.1,12.2,-23.409895,-42.359633
CARLA SILVA,2025-02-20 22:41:12,285.2,12.2,-23.407203,-42.370871
CARLA SILVA,2025-02-20 23:00:12,282.8,12.3,-23.391096,-42.439663
CARLA SILVA,2025-02-20 23:06:54,308.1,11.4,-23.384013,-42.462845
CARLA SILVA,2025-02-20 23:09:54,312.3,11.6,-23.377411,-42.470661
CARLA SILVA,2025-02-20 23:21:22,302.1,5.2,-23.361551,-42.492823
CARLA SILVA,2025-02-21 00:23:12,296.7,2.0,-23.339208,-42.532261
CARLA SILVA,2025-02-21 00:28:42,285.9,1.8,-23.338248,-42.535325
CARLA SILVA,2025-02-21 00:38:43,289.3,1.8,-23.336431,-42.540805
CARLA SILVA,2025-02-21 00:39:03,288.9,1.8,-23.336383,-42.540963
CARLA SILVA,2025-02-21 00:39:12,285.6,1.6,-23.336353,-42.541071
CARLA SILVA,2025-02-21 00:39:22,284.0,1.8,-23.336318,-42.541191
CARLA SILVA,2025-02-21 00:40:23,288.0,1.7,-23.33614,-42.541758
CARLA SILVA,2025-02-21 00:40:43,289.8,1.8,-23.336083,-42.541941
CARLA SILVA,2025-02-21 00:41:03,284.2,1.9,-23.336031,-42.542128
CARLA SILVA,2025-02-21 00:41:12,282.9,1.9,-23.336008,-42.542211
CARLA SILVA,2025-02-21 00:41:43,286.8,1.9,-23.335921,-42.542491
CARLA SILVA,2025-02-21 00:42:13,287.3,2.0,-23.335843,-42.542776
CARLA SILVA,2025-02-21 00:43:53,278.5,1.7,-23.335573,-42.543725
CARLA SILVA,2025-02-21 00:44:53,296.0,1.8,-23.335375,-42.544295
CARLA SILVA,2025-02-21 00:45:03,291.1,1.8,-23.335351,-42.544403
CARLA SILVA,2025-02-21 00:45:13,293.8,1.9,-23.335326,-42.544498
CARLA SILVA,2025-02-21 00:58:01,287.6,1.7,-23.33305,-42.551343
CARLA SILVA,2025-02-21 01:26:02,285.5,1.7,-23.328418,-42.56599
CARLA SILVA,2025-02-21 01:29:23,288.9,1.6,-23.327923,-42.567755
CARLA SILVA,2025-02-21 02:02:31,290.6,1.7,-23.32268,-42.58423
CARLA SILVA,2025-02-21 02:03:42,283.6,1.7,-23.322485,-42.584841
CARLA SILVA,2025-02-21 02:06:41,297.7,1.6,-23.321985,-42.586328
CARLA SILVA,2025-02-21 02:08:04,288.2,1.7,-23.32177,-42.586976
CARLA SILVA,2025-02-21 02:10:03,286.8,1.5,-23.321428,-42.587976
CARLA SILVA,2025-02-21 02:13:53,292.2,1.6,-23.320768,-42.589925
CARLA SILVA,2025-02-21 02:18:33,287.3,1.8,-23.319898,-42.592208
CARLA SILVA,2025-02-21 03:11:02,292.3,1.5,-23.30956,-42.617485
CARLA SILVA,2025-02-21 03:57:14,291.8,1.3,-23.300573,-42.638118
CARLA SILVA,2025-02-21 04:01:13,304.5,1.3,-23.299765,-42.639778
CARLA SILVA,2025-02-21 05:37:13,280.3,1.2,-23.284215,-42.675156
CARLA SILVA,2025-02-21 05:40:13,292.8,1.0,-23.283856,-42.67613
CARLA SILVA,2025-02-21 05:45:53,297.7,1.1,-23.28324,-42.67792
CARLA SILVA,2025-02-21 06:48:13,299.4,0.9,-23.27518,-42.695806
CARLA SILVA,2025-02-21 06:53:13,291.1,0.7,-23.274551,-42.697081
CARLA SILVA,2025-02-21 07:26:13,301.7,0.6,-23.270926,-42.70469
CARLA SILVA,2025-02-21 07:28:42,295.9,0.6,-23.270676,-42.705255
CARLA SILVA,2025-02-21 08:02:53,317.5,0.7,-23.266085,-42.712498
CARLA SILVA,2025-02-21 08:31:43,327.8,0.7,-23.260968,-42.716373
CARLA SILVA,2025-02-21 10:10:02,324.3,0.1,-23.24973,-42.722218
CARLA SILVA,2025-02-21 10:58:13,25.7,0.3,-23.245411,-42.722183
CARLA SILVA,2025-02-21 11:02:33,39.9,0.4,-23.244975,-42.721891
CARLA SILVA,2025-02-21 11:10:22,43.8,0.6,-23.244176,-42.721265
CARLA SILVA,2025-02-21 11:11:43,42.2,0.3,-23.244045,-42.721165
CARLA SILVA,2025-02-21 11:47:22,231.4,0.5,-23.24077,-42.71825
CARLA SILVA,2025-02-21 11:55:12,36.2,0.2,-23.240135,-42.717588
CARLA SILVA,2025-02-21 11:57:42,26.2,0.4,-23.23986,-42.717413
CARLA SILVA,2025-02-21 12:12:23,9.0,0.7,-23.238331,-42.716323
CARLA SILVA,2025-02-21 12:27:32,276.0,4.6,-23.234483,-42.71775
CARLA SILVA,2025-02-21 12:40:43,273.8,10.8,-23.230545,-42.75469
CARLA SILVA,2025-02-21 12:42:13,273.2,11.0,-23.230028,-42.759711
CARLA SILVA,2025-02-21 12:43:22,277.9,10.9,-23.229625,-42.763443
CARLA SILVA,2025-02-21 12:44:53,279.0,10.9,-23.229096,-42.768361
CARLA SILVA,2025-02-21 12:55:33,277.8,11.1,-23.225646,-42.803773
CARLA SILVA,2025-02-21 13:15:43,246.6,11.0,-23.231665,-42.868758
CARLA SILVA,2025-02-21 13:22:03,244.9,9.9,-23.239291,-42.886863
CARLA SILVA,2025-02-21 13:56:33,255.7,1.9,-23.260731,-42.940355
CARLA SILVA,2025-02-21 13:59:33,252.9,1.5,-23.26123,-42.941858
CARLA SILVA,2025-02-21 14:30:03,274.5,0.2,-23.260268,-42.947071
CARLA SILVA,2025-02-21 14:38:12,28.3,0.8,-23.259136,-42.946628
CARLA SILVA,2025-02-21 14:41:12,284.1,0.5,-23.258735,-42.946451
CARLA SILVA,2025-02-21 15:28:30,10.6,0.6,-23.250941,-42.945546
CARLA SILVA,2025-02-21 15:38:13,14.4,0.7,-23.249051,-42.945156
CARLA SILVA,2025-02-21 15:40:43,21.4,0.7,-23.248558,-42.945063
CARLA SILVA,2025-02-21 16:11:23,20.0,0.7,-23.241975,-42.942898
CARLA SILVA,2025-02-21 16:14:43,2.6,0.7,-23.241195,-42.942633
CARLA SILVA,2025-02-21 16:42:13,359.2,0.8,-23.234536,-42.94253
CARLA SILVA,2025-02-21 16:46:44,353.2,0.7,-23.23345,-42.942683
CARLA SILVA,2025-02-21 16:49:03,342.0,0.8,-23.232926,-42.94273
CARLA SILVA,2025-02-21 16:51:22,342.4,0.8,-23.232406,-42.942746
CARLA SILVA,2025-02-21 16:54:22,16.9,0.8,-23.231753,-42.942801
CARLA SILVA,2025-02-21 17:03:19,345.9,0.8,-23.229788,-42.943055
CARLA SILVA,2025-02-21 17:03:30,335.5,0.7,-23.229748,-42.943056
CARLA SILVA,2025-02-21 17:52:33,355.9,0.8,-23.218376,-42.943436
CARLA SILVA,2025-02-21 18:01:22,355.6,0.8,-23.216291,-42.943506
CARLA SILVA,2025-02-21 18:11:51,337.9,0.8,-23.21376,-42.943961
CARLA SILVA,2025-02-21 18:15:51,7.1,0.8,-23.212755,-42.944133
CARLA SILVA,2025-02-21 19:48:43,332.6,0.9,-23.19075,-42.952335
CARLA SILVA,2025-02-21 19:53:03,328.1,0.8,-23.18976,-42.952826
CARLA SILVA,2025-02-21 20:19:30,81.1,3.6,-23.180571,-42.952981
CARLA SILVA,2025-02-21 21:39:03,314.3,0.8,-23.268826,-42.932206
CARLA SILVA,2025-02-21 21:42:53,308.5,0.8,-23.268226,-42.932935
CARLA SILVA,2025-02-21 21:43:33,308.7,0.8,-23.268091,-42.93306
CARLA SILVA,2025-02-21 21:46:04,327.7,0.8,-23.267628,-42.93354
CARLA SILVA,2025-02-21 23:19:43,320.0,1.1,-23.248363,-42.952065
CARLA SILVA,2025-02-22 00:18:24,306.0,2.9,-23.235985,-42.971163
CARLA SILVA,2025-02-22 00:25:02,59.3,5.6,-23.227595,-42.969598
CARLA SILVA,2025-02-22 00:28:02,109.8,6.6,-23.227676,-42.964216
CARLA SILVA,2025-02-22 01:14:14,139.8,3.5,-23.288413,-42.860828
CARLA SILVA,2025-02-22 01:16:33,128.9,2.8,-23.290046,-42.859315
CARLA SILVA,2025-02-22 01:19:23,145.7,1.1,-23.291343,-42.858261
CARLA SILVA,2025-02-22 01:22:23,177.4,1.1,-23.292206,-42.85806
CARLA SILVA,2025-02-22 02:05:51,251.9,1.8,-23.300996,-42.869861
CARLA SILVA,2025-02-22 02:53:14,265.4,1.5,-23.305191,-42.893281
CARLA SILVA,2025-02-22 03:00:43,262.1,1.7,-23.305588,-42.89714
CARLA SILVA,2025-02-22 04:35:32,259.6,1.7,-23.312218,-42.946063
CARLA SILVA,2025-02-22 05:18:33,255.3,1.6,-23.317166,-42.968845
CARLA SILVA,2025-02-22 05:21:43,252.7,1.6,-23.317588,-42.970541
CARLA SILVA,2025-02-22 05:58:02,249.6,1.7,-23.323043,-42.989015
CARLA SILVA,2025-02-22 06:20:44,241.4,1.9,-23.327426,-43.00024
CARLA SILVA,2025-02-22 06:29:44,241.5,1.5,-23.329406,-43.004791
CARLA SILVA,2025-02-22 06:32:13,243.8,1.9,-23.329931,-43.006033
CARLA SILVA,2025-02-22 07:05:03,242.0,1.6,-23.337238,-43.022261
CARLA SILVA,2025-02-22 07:18:44,239.0,1.5,-23.340533,-43.028265
CARLA SILVA,2025-02-22 07:25:23,240.6,1.6,-23.341978,-43.031113
CARLA SILVA,2025-02-22 07:40:33,238.5,1.5,-23.345198,-43.037151
CARLA SILVA,2025-02-22 07:44:03,236.8,1.6,-23.34592,-43.038508
CARLA SILVA,2025-02-22 09:09:14,39.8,10.5,-23.22659,-43.01936
CARLA SILVA,2025-02-22 09:11:53,37.6,10.5,-23.220466,-43.01418
CARLA SILVA,2025-02-22 09:59:43,332.1,8.2,-23.092463,-43.059298
CARLA SILVA,2025-02-22 10:46:54,311.5,7.8,-23.01363,-43.125903
CARLA SILVA,2025-02-22 10:52:42,320.8,7.9,-23.0049,-43.135871
CARLA SILVA,2025-02-22 10:55:24,344.8,7.8,-22.999595,-43.138573
CARLA SILVA,2025-02-22 11:43:07,0.8,10.1,-22.867285,-43.154831
CARLA SILVA,2025-02-22 11:53:34,10.9,6.4,-22.84273,-43.153561
