NOME,DATAHORA,RUMO,VELOCIDADE,LATITUDE,LONGITUDE
EDUARDO COSTA,2023-11-26 03:12:16,169.6,7.0,-2.539665,-44.385331
EDUARDO COSTA,2023-11-26 03:47:57,347.8,0.3,-2.571068,-44.377561
EDUARDO COSTA,2023-11-26 04:07:17,125.2,0.0,-2.570613,-44.37741
EDUARDO COSTA,2023-11-26 04:26:56,125.5,0.0,-2.570665,-44.377331
EDUARDO COSTA,2023-11-26 11:03:49,125.7,0.0,-2.570665,-44.377331
EDUARDO COSTA,2023-11-26 12:39:49,124.9,0.0,-2.570665,-44.377331
EDUARDO COSTA,2023-11-26 16:09:50,125.5,0.0,-2.570665,-44.377331
EDUARDO COSTA,2023-11-26 16:27:48,125.4,0.0,-2.570665,-44.377331
EDUARDO COSTA,2023-11-26 23:03:49,125.5,0.0,-2.570665,-44.377331
EDUARDO COSTA,2023-11-27 21:17:08,161.8,0.7,-2.570998,-44.377331
EDUARDO COSTA,2023-11-27 21:19:15,160.6,2.2,-2.571665,-44.377165
EDUARDO COSTA,2023-11-27 21:22:15,240.4,4.1,-2.573975,-44.378586
EDUARDO COSTA,2023-11-27 21:50:28,354.5,6.9,-2.526411,-44.385106
EDUARDO COSTA,2023-11-27 21:56:35,354.9,6.8,-2.514831,-44.383665
EDUARDO COSTA,2023-11-27 21:59:25,7.0,6.9,-2.509665,-44.382165
EDUARDO COSTA,2023-11-27 22:05:48,1.0,7.5,-2.49733,-44.378575
EDUARDO COSTA,2023-11-27 22:08:25,17.8,7.2,-2.492498,-44.376331
EDUARDO COSTA,2023-11-27 22:11:55,18.2,7.7,-2.486073,-44.372615
EDUARDO COSTA,2023-11-28 00:24:55,19.7,10.7,-2.193331,-44.190831
EDUARDO COSTA,2023-11-28 00:32:24,22.7,10.6,-2.174938,-44.178395
EDUARDO COSTA,2023-11-28 00:32:54,23.1,10.7,-2.17372,-44.177533
EDUARDO COSTA,2023-11-28 00:33:04,22.4,10.6,-2.17331,-44.177248
EDUARDO COSTA,2023-11-28 00:33:15,22.6,10.6,-2.172831,-44.176998
EDUARDO COSTA,2023-11-28 00:33:35,22.7,10.6,-2.171998,-44.176331
EDUARDO COSTA,2023-11-28 00:34:15,22.6,10.6,-2.170498,-44.175165
EDUARDO COSTA,2023-11-28 00:36:24,22.3,10.6,-2.165198,-44.171586
EDUARDO COSTA,2023-11-28 02:30:01,25.8,12.2,-1.866831,-43.969831
EDUARDO COSTA,2023-11-28 02:58:34,24.1,11.9,-1.790065,-43.91175
EDUARDO COSTA,2023-11-28 02:58:58,24.6,11.9,-1.789043,-43.910985
EDUARDO COSTA,2023-11-28 03:05:44,24.3,11.4,-1.771498,-43.897498
EDUARDO COSTA,2023-11-28 03:07:52,25.5,11.4,-1.766166,-43.893515
EDUARDO COSTA,2023-11-28 03:33:55,23.8,11.0,-1.700998,-43.843831
EDUARDO COSTA,2023-11-28 03:37:25,24.8,10.8,-1.692493,-43.83738
EDUARDO COSTA,2023-11-28 03:41:49,24.9,10.8,-1.681815,-43.829393
EDUARDO COSTA,2023-11-28 03:53:02,24.9,10.7,-1.654831,-43.809165
EDUARDO COSTA,2023-11-28 03:56:34,24.2,10.6,-1.646335,-43.80304
EDUARDO COSTA,2023-11-28 03:58:46,24.0,10.6,-1.641165,-43.799165
EDUARDO COSTA,2023-11-28 04:06:58,23.7,10.4,-1.621726,-43.785053
EDUARDO COSTA,2023-11-28 04:13:25,1.3,10.0,-1.606331,-43.774831
EDUARDO COSTA,2023-11-28 04:15:31,341.2,9.9,-1.600498,-43.774665
EDUARDO COSTA,2023-11-28 04:16:11,333.8,10.1,-1.598665,-43.774998
EDUARDO COSTA,2023-11-28 04:30:43,333.1,10.5,-1.557181,-43.785856
EDUARDO COSTA,2023-11-28 04:42:45,336.2,10.4,-1.522498,-43.793443
EDUARDO COSTA,2023-11-28 05:22:45,335.7,10.3,-1.406921,-43.81784
EDUARDO COSTA,2023-11-28 05:53:37,341.2,10.1,-1.318793,-43.831726
EDUARDO COSTA,2023-11-28 05:56:51,338.9,10.2,-1.309665,-43.832998
EDUARDO COSTA,2023-11-28 05:57:11,339.1,10.2,-1.308665,-43.833165
EDUARDO COSTA,2023-11-28 05:57:43,339.0,10.2,-1.307125,-43.833308
EDUARDO COSTA,2023-11-28 05:58:38,338.6,10.4,-1.304545,-43.833688
EDUARDO COSTA,2023-11-28 05:58:41,338.1,10.4,-1.304331,-43.833665
EDUARDO COSTA,2023-11-28 05:59:18,340.0,10.3,-1.302633,-43.833965
EDUARDO COSTA,2023-11-28 05:59:38,340.2,10.2,-1.301665,-43.834165
EDUARDO COSTA,2023-11-28 05:59:48,340.0,10.3,-1.301198,-43.834153
EDUARDO COSTA,2023-11-28 05:59:58,339.4,10.3,-1.30072,-43.83422
EDUARDO COSTA,2023-11-28 06:00:33,339.2,10.4,-1.299005,-43.834475
EDUARDO COSTA,2023-11-28 06:01:34,339.8,10.3,-1.295998,-43.834831
EDUARDO COSTA,2023-11-28 06:02:34,340.6,10.4,-1.293165,-43.835165
EDUARDO COSTA,2023-11-28 08:27:08,336.7,11.0,-0.866133,-43.922913
EDUARDO COSTA,2023-11-28 15:31:45,283.1,11.8,-0.031523,-44.905765
EDUARDO COSTA,2023-11-28 16:25:02,287.7,11.6,0.049666,-45.059665
EDUARDO COSTA,2023-11-28 16:36:30,285.1,11.7,0.068,-45.092498
EDUARDO COSTA,2023-11-28 18:05:51,288.5,11.6,0.206,-45.348331
EDUARDO COSTA,2023-11-28 21:03:55,287.1,12.0,0.491361,-45.860731
EDUARDO COSTA,2023-11-28 21:08:15,288.0,12.1,0.498666,-45.873498
EDUARDO COSTA,2023-11-28 21:10:42,286.2,12.2,0.502666,-45.880498
EDUARDO COSTA,2023-11-28 21:30:42,287.3,12.2,0.536101,-45.940363
EDUARDO COSTA,2023-11-28 21:32:46,285.3,12.3,0.5395,-45.946498
EDUARDO COSTA,2023-11-29 00:31:28,287.4,11.6,0.827273,-46.467658
EDUARDO COSTA,2023-11-29 00:31:31,286.8,11.7,0.82735,-46.4678
EDUARDO COSTA,2023-11-29 00:34:18,285.1,11.4,0.831723,-46.475648
EDUARDO COSTA,2023-11-29 00:34:25,287.8,11.6,0.831905,-46.475978
EDUARDO COSTA,2023-11-29 00:34:31,286.9,11.6,0.832,-46.476331
EDUARDO COSTA,2023-11-29 00:34:55,287.7,11.6,0.832666,-46.477331
EDUARDO COSTA,2023-11-29 00:35:11,286.6,11.6,0.833166,-46.478165
EDUARDO COSTA,2023-11-29 00:36:25,287.3,11.6,0.83509,-46.481578
EDUARDO COSTA,2023-11-29 00:37:04,287.2,11.6,0.836118,-46.483398
EDUARDO COSTA,2023-11-29 00:37:25,286.6,11.6,0.836676,-46.484388
EDUARDO COSTA,2023-11-29 00:38:01,286.5,11.6,0.837666,-46.485998
EDUARDO COSTA,2023-11-29 02:04:32,280.7,11.4,0.9605,-46.735498
EDUARDO COSTA,2023-11-29 02:37:35,282.8,11.5,1.006333,-46.830498
EDUARDO COSTA,2023-11-29 02:40:32,282.8,11.3,1.0105,-46.838998
EDUARDO COSTA,2023-11-29 02:50:35,281.1,11.3,1.024333,-46.867331
EDUARDO COSTA,2023-11-29 02:53:35,282.4,11.2,1.028441,-46.875815
EDUARDO COSTA,2023-11-29 02:55:39,283.0,11.2,1.031305,-46.881636
EDUARDO COSTA,2023-11-29 03:12:47,281.8,11.4,1.054833,-46.930331
EDUARDO COSTA,2023-11-29 03:43:24,284.3,11.3,1.0981,-47.017348
EDUARDO COSTA,2023-11-29 03:47:28,285.5,11.5,1.104175,-47.028846
EDUARDO COSTA,2023-11-29 03:49:42,286.1,11.5,1.1075,-47.034998
EDUARDO COSTA,2023-11-29 03:50:41,284.4,11.3,1.109166,-47.037831
EDUARDO COSTA,2023-11-29 04:16:22,284.2,11.5,1.147833,-47.110331
EDUARDO COSTA,2023-11-29 04:23:22,284.0,11.5,1.158481,-47.130215
EDUARDO COSTA,2023-11-29 04:26:57,286.4,11.5,1.164001,-47.140456
EDUARDO COSTA,2023-11-29 04:34:22,284.4,11.5,1.175166,-47.161331
EDUARDO COSTA,2023-11-29 04:37:58,285.7,11.6,1.180666,-47.171665
EDUARDO COSTA,2023-11-29 05:01:11,285.3,11.7,1.215833,-47.23831
EDUARDO COSTA,2023-11-29 05:02:49,283.8,11.6,1.218333,-47.242998
EDUARDO COSTA,2023-11-29 10:26:05,305.7,11.6,1.801651,-48.118368
EDUARDO COSTA,2023-11-29 12:31:14,120.0,11.0,1.850858,-48.163115
EDUARDO COSTA,2023-11-29 13:11:14,120.4,10.8,1.765711,-48.075451
EDUARDO COSTA,2023-11-29 13:32:01,119.8,10.8,1.7225,-48.029331
EDUARDO COSTA,2023-11-29 17:11:57,64.7,10.5,1.55147,-48.376511
EDUARDO COSTA,2023-11-29 20:10:17,332.4,5.9,1.523846,-48.493648
EDUARDO COSTA,2023-11-29 20:29:35,75.5,7.3,1.528333,-48.463165
EDUARDO COSTA,2023-11-29 20:36:15,75.1,7.4,1.529,-48.449498
EDUARDO COSTA,2023-11-29 21:03:04,75.3,7.4,1.5315,-48.394331
EDUARDO COSTA,2023-11-29 21:08:35,73.2,7.2,1.532333,-48.382998
EDUARDO COSTA,2023-11-29 21:46:05,71.8,7.5,1.537333,-48.306498
EDUARDO COSTA,2023-11-29 22:12:28,301.6,1.9,1.545166,-48.277665
EDUARDO COSTA,2023-11-29 22:14:32,298.2,1.6,1.545833,-48.278498
EDUARDO COSTA,2023-11-30 00:28:27,225.2,0.8,1.522666,-48.315498
EDUARDO COSTA,2023-11-30 00:28:33,222.1,0.9,1.52269,-48.315528
EDUARDO COSTA,2023-11-30 00:28:55,229.2,0.7,1.522636,-48.315601
EDUARDO COSTA,2023-11-30 00:29:33,225.4,0.8,1.522565,-48.315731
EDUARDO COSTA,2023-11-30 00:29:48,229.4,0.7,1.522531,-48.31578
EDUARDO COSTA,2023-11-30 00:30:48,229.6,0.7,1.522333,-48.315998
EDUARDO COSTA,2023-11-30 00:31:33,225.1,0.8,1.522298,-48.316133
EDUARDO COSTA,2023-11-30 00:32:08,218.3,0.8,1.522221,-48.316245
EDUARDO COSTA,2023-11-30 00:32:34,233.8,0.6,1.52216,-48.31633
EDUARDO COSTA,2023-11-30 01:05:22,255.3,0.6,1.52,-48.321665
EDUARDO COSTA,2023-11-30 01:08:40,258.0,0.6,1.519833,-48.322331
EDUARDO COSTA,2023-11-30 01:39:21,84.8,2.0,1.519,-48.325498
EDUARDO COSTA,2023-11-30 01:51:15,21.2,5.9,1.53,-48.314165
EDUARDO COSTA,2023-11-30 02:11:55,24.6,8.9,1.564166,-48.285665
EDUARDO COSTA,2023-11-30 02:44:35,68.3,8.2,1.616,-48.228331
EDUARDO COSTA,2023-11-30 02:45:15,68.1,8.1,1.616186,-48.226805
EDUARDO COSTA,2023-11-30 02:47:55,68.5,8.3,1.617166,-48.220665
EDUARDO COSTA,2023-11-30 02:50:04,68.1,8.2,1.617893,-48.215821
EDUARDO COSTA,2023-11-30 03:26:52,343.0,1.1,1.637,-48.192998
EDUARDO COSTA,2023-11-30 03:29:02,334.8,1.0,1.637666,-48.193165
EDUARDO COSTA,2023-11-30 03:41:34,338.2,0.8,1.6405,-48.193665
EDUARDO COSTA,2023-11-30 03:43:57,328.2,0.7,1.641033,-48.193688
EDUARDO COSTA,2023-11-30 04:54:55,323.4,1.5,1.6645,-48.202998
EDUARDO COSTA,2023-11-30 04:56:15,328.1,1.5,1.665,-48.203165
EDUARDO COSTA,2023-11-30 04:57:55,325.6,1.5,1.665666,-48.203498
EDUARDO COSTA,2023-11-30 04:58:01,325.7,1.5,1.665666,-48.203498
EDUARDO COSTA,2023-11-30 04:58:35,325.7,1.5,1.666,-48.203498
EDUARDO COSTA,2023-11-30 05:34:49,300.8,1.4,1.679,-48.210331
EDUARDO COSTA,2023-11-30 05:34:56,304.4,1.3,1.679098,-48.21033
EDUARDO COSTA,2023-11-30 05:35:15,303.5,1.5,1.679196,-48.21042
EDUARDO COSTA,2023-11-30 05:35:23,307.4,1.4,1.679166,-48.210498
EDUARDO COSTA,2023-11-30 05:38:49,312.2,1.4,1.680333,-48.211331
EDUARDO COSTA,2023-11-30 05:39:09,312.4,1.4,1.6805,-48.211498
EDUARDO COSTA,2023-11-30 07:12:06,225.9,9.2,1.656333,-48.307331
EDUARDO COSTA,2023-11-30 13:16:18,232.8,9.4,1.405931,-49.218713
EDUARDO COSTA,2023-11-30 13:16:55,233.7,9.4,1.405333,-49.220165
EDUARDO COSTA,2023-11-30 14:20:14,254.3,7.4,1.358833,-49.366998
EDUARDO COSTA,2023-11-30 14:32:25,237.5,7.5,1.356116,-49.391475
EDUARDO COSTA,2023-11-30 14:35:52,166.5,8.9,1.35,-49.395665
EDUARDO COSTA,2023-11-30 15:05:44,208.7,10.2,1.293026,-49.443368
EDUARDO COSTA,2023-11-30 15:09:25,206.4,10.3,1.285166,-49.450331
EDUARDO COSTA,2023-11-30 15:45:25,207.9,10.3,1.206685,-49.519478
EDUARDO COSTA,2023-11-30 17:07:12,201.0,8.0,1.044568,-49.652275
EDUARDO COSTA,2023-11-30 17:47:23,196.5,8.7,0.963781,-49.699998
EDUARDO COSTA,2023-11-30 19:58:52,230.9,7.6,0.818166,-49.948498
EDUARDO COSTA,2023-11-30 20:42:50,229.7,7.7,0.775,-50.033331
EDUARDO COSTA,2023-11-30 20:56:42,231.1,7.7,0.761333,-50.059831
EDUARDO COSTA,2023-12-01 01:37:10,179.1,6.6,0.540856,-50.432918
EDUARDO COSTA,2023-12-01 01:37:41,179.1,6.6,0.54,-50.433165
EDUARDO COSTA,2023-12-01 02:26:51,176.8,6.7,0.446213,-50.449863
EDUARDO COSTA,2023-12-01 02:39:51,175.3,6.9,0.4215,-50.453998
EDUARDO COSTA,2023-12-01 02:45:11,174.4,7.0,0.411166,-50.455498
EDUARDO COSTA,2023-12-01 02:59:31,204.5,7.3,0.38669,-50.468903
EDUARDO COSTA,2023-12-01 03:28:51,214.4,8.1,0.335278,-50.507396
EDUARDO COSTA,2023-12-01 03:30:53,216.1,8.2,0.332168,-50.510735
EDUARDO COSTA,2023-12-01 04:21:12,218.3,8.4,0.258833,-50.605998
EDUARDO COSTA,2023-12-01 05:14:50,238.1,10.0,0.190508,-50.721591
EDUARDO COSTA,2023-12-01 05:15:40,238.9,10.0,0.189833,-50.723831
EDUARDO COSTA,2023-12-01 05:15:49,238.9,10.0,0.189653,-50.724241
EDUARDO COSTA,2023-12-01 07:38:54,191.3,7.8,0.0415,-51.004998
EDUARDO COSTA,2023-12-01 07:54:31,197.9,5.6,0.014666,-51.017331
EDUARDO COSTA,2023-12-01 07:58:25,201.1,5.3,0.009588,-51.020445
EDUARDO COSTA,2023-12-01 08:23:07,204.2,5.2,-0.020115,-51.042948
EDUARDO COSTA,2023-12-01 08:27:54,204.0,5.2,-0.025701,-51.047253
EDUARDO COSTA,2023-12-01 08:30:54,213.4,5.2,-0.028831,-51.050165
EDUARDO COSTA,2023-12-01 08:32:56,211.4,5.2,-0.030936,-51.052265
EDUARDO COSTA,2023-12-01 09:01:01,217.9,3.6,-0.051998,-51.078665
EDUARDO COSTA,2023-12-01 09:06:21,222.1,3.3,-0.055136,-51.08287
EDUARDO COSTA,2023-12-01 09:17:30,249.6,2.7,-0.059498,-51.091331
EDUARDO COSTA,2023-12-01 09:34:35,201.6,0.7,-0.062498,-51.100665
EDUARDO COSTA,2023-12-01 09:36:41,191.3,0.8,-0.062958,-51.100961
EDUARDO COSTA,2023-12-01 11:20:28,1.6,0.1,-0.062498,-51.101331
EDUARDO COSTA,2023-12-01 14:41:42,234.5,0.0,-0.062365,-51.099018
EDUARDO COSTA,2023-12-01 14:44:59,234.2,0.0,-0.062331,-51.098998
EDUARDO COSTA,2023-12-01 14:47:35,144.6,0.1,-0.062498,-51.098998
EDUARDO COSTA,2023-12-01 15:17:02,244.8,0.1,-0.06261,-51.099006
EDUARDO COSTA,2023-12-01 16:01:21,44.4,9.4,-0.053853,-51.077508
EDUARDO COSTA,2023-12-01 16:03:27,45.1,9.7,-0.050871,-51.072751
EDUARDO COSTA,2023-12-01 19:51:15,241.6,11.0,-0.441941,-51.27524
EDUARDO COSTA,2023-12-01 22:01:43,196.0,12.3,-0.665331,-51.624498
EDUARDO COSTA,2023-12-02 01:28:33,220.0,11.7,-1.159806,-51.882095
EDUARDO COSTA,2023-12-02 01:30:33,216.7,11.7,-1.163998,-51.887165
EDUARDO COSTA,2023-12-02 01:32:13,217.0,11.7,-1.167498,-51.891331
EDUARDO COSTA,2023-12-02 02:32:55,200.4,11.6,-1.358665,-51.909498
EDUARDO COSTA,2023-12-02 02:35:05,201.6,11.6,-1.364451,-51.913446
EDUARDO COSTA,2023-12-02 02:37:15,206.2,11.6,-1.370165,-51.917665
EDUARDO COSTA,2023-12-02 03:11:15,240.7,11.4,-1.421165,-52.010498
EDUARDO COSTA,2023-12-02 05:28:23,246.5,10.6,-1.572498,-52.388331
EDUARDO COSTA,2023-12-02 05:31:48,246.5,10.6,-1.574286,-52.398161
EDUARDO COSTA,2023-12-02 05:32:00,246.3,10.6,-1.574391,-52.398745
EDUARDO COSTA,2023-12-02 05:32:23,247.4,10.6,-1.574665,-52.399831
EDUARDO COSTA,2023-12-02 05:32:42,247.8,10.6,-1.574743,-52.400891
EDUARDO COSTA,2023-12-02 05:33:01,246.1,10.6,-1.574893,-52.40172
EDUARDO COSTA,2023-12-02 05:33:02,246.0,10.6,-1.57492,-52.401866
EDUARDO COSTA,2023-12-02 05:33:23,245.3,10.6,-1.575116,-52.402891
EDUARDO COSTA,2023-12-02 05:33:42,245.7,10.7,-1.575296,-52.403818
EDUARDO COSTA,2023-12-02 05:34:42,244.9,10.7,-1.575798,-52.406753
EDUARDO COSTA,2023-12-02 07:33:24,263.3,10.0,-1.578346,-52.743221
EDUARDO COSTA,2023-12-02 08:05:15,227.3,9.8,-1.572498,-52.828831
EDUARDO COSTA,2023-12-02 08:36:34,206.6,10.0,-1.632981,-52.890305
EDUARDO COSTA,2023-12-02 08:38:46,205.5,9.9,-1.637665,-52.894165
EDUARDO COSTA,2023-12-02 08:41:24,201.1,9.9,-1.643331,-52.898665
EDUARDO COSTA,2023-12-02 08:45:55,194.7,10.1,-1.654498,-52.904748
EDUARDO COSTA,2023-12-02 09:08:05,196.1,9.9,-1.707795,-52.935485
EDUARDO COSTA,2023-12-02 09:17:24,200.5,9.8,-1.729773,-52.949128
EDUARDO COSTA,2023-12-02 13:55:59,256.3,10.4,-1.925831,-53.679165
EDUARDO COSTA,2023-12-02 14:18:56,272.6,10.7,-1.899165,-53.733165
EDUARDO COSTA,2023-12-02 14:52:36,213.9,9.7,-1.906998,-53.827665
EDUARDO COSTA,2023-12-02 14:57:35,212.5,10.1,-1.916331,-53.838165
EDUARDO COSTA,2023-12-02 15:00:06,214.7,10.2,-1.921241,-53.843405
EDUARDO COSTA,2023-12-02 16:00:15,227.7,10.0,-1.989736,-53.998538
EDUARDO COSTA,2023-12-02 17:41:12,160.5,11.2,-2.274831,-54.046831
EDUARDO COSTA,2023-12-02 17:41:38,160.9,11.2,-2.276331,-54.046831
EDUARDO COSTA,2023-12-02 19:12:19,249.6,11.1,-2.394498,-54.260665
EDUARDO COSTA,2023-12-02 19:15:28,249.3,11.1,-2.39574,-54.270426
EDUARDO COSTA,2023-12-02 19:16:28,249.0,11.1,-2.396138,-54.27351
EDUARDO COSTA,2023-12-02 19:56:36,233.5,11.1,-2.408123,-54.39612
EDUARDO COSTA,2023-12-02 20:37:08,240.5,11.4,-2.456523,-54.514431
EDUARDO COSTA,2023-12-02 20:40:01,239.4,11.3,-2.459055,-54.523186
EDUARDO COSTA,2023-12-02 20:42:49,246.3,11.2,-2.460831,-54.531665
EDUARDO COSTA,2023-12-02 20:58:21,260.6,11.1,-2.466165,-54.579665
EDUARDO COSTA,2023-12-03 01:21:28,294.8,10.2,-2.201493,-55.088181
EDUARDO COSTA,2023-12-03 01:57:28,291.0,10.5,-2.156331,-55.181331
EDUARDO COSTA,2023-12-03 02:05:28,271.5,10.3,-2.149378,-55.203321
EDUARDO COSTA,2023-12-03 02:07:29,272.0,10.3,-2.147831,-55.208831
EDUARDO COSTA,2023-12-03 02:28:28,271.3,10.3,-2.13211,-55.267348
EDUARDO COSTA,2023-12-03 02:31:32,269.2,10.4,-2.129905,-55.275898
EDUARDO COSTA,2023-12-03 02:39:39,275.9,10.6,-2.121986,-55.29807
EDUARDO COSTA,2023-12-03 02:44:48,286.0,10.5,-2.115498,-55.311665
EDUARDO COSTA,2023-12-03 03:15:29,299.1,10.2,-2.05848,-55.379963
EDUARDO COSTA,2023-12-03 03:18:29,302.9,10.1,-2.052538,-55.386016
EDUARDO COSTA,2023-12-03 05:46:47,237.3,10.3,-1.960831,-55.746998
EDUARDO COSTA,2023-12-03 05:47:26,237.7,10.3,-1.961418,-55.74875
EDUARDO COSTA,2023-12-03 05:48:26,237.9,10.4,-1.962396,-55.751481
EDUARDO COSTA,2023-12-03 05:48:46,237.1,10.5,-1.962728,-55.752395
EDUARDO COSTA,2023-12-03 05:49:26,237.8,10.6,-1.963381,-55.754238
EDUARDO COSTA,2023-12-03 05:50:26,237.7,10.5,-1.964351,-55.757013
EDUARDO COSTA,2023-12-03 07:38:08,202.7,10.4,-2.042236,-56.03963
EDUARDO COSTA,2023-12-03 07:40:58,203.1,10.3,-2.048831,-56.044498
EDUARDO COSTA,2023-12-03 08:17:22,223.6,10.1,-2.117665,-56.121831
EDUARDO COSTA,2023-12-03 08:47:49,221.4,10.4,-2.168498,-56.193331
EDUARDO COSTA,2023-12-03 09:23:13,194.6,10.5,-2.240165,-56.267998
EDUARDO COSTA,2023-12-03 09:26:00,185.2,10.4,-2.247715,-56.271005
EDUARDO COSTA,2023-12-03 12:19:20,226.7,11.0,-2.579331,-56.637498
EDUARDO COSTA,2023-12-03 13:20:14,270.9,10.3,-2.600698,-56.789703
EDUARDO COSTA,2023-12-03 13:21:26,271.7,10.3,-2.599848,-56.793046
EDUARDO COSTA,2023-12-03 13:21:34,271.1,10.3,-2.599756,-56.793416
EDUARDO COSTA,2023-12-03 13:22:26,271.5,10.3,-2.599163,-56.795826
EDUARDO COSTA,2023-12-03 13:53:32,284.8,9.9,-2.57197,-56.878458
EDUARDO COSTA,2023-12-03 13:53:47,284.7,10.0,-2.571665,-56.879031
EDUARDO COSTA,2023-12-03 13:56:19,286.1,10.1,-2.56817,-56.885206
EDUARDO COSTA,2023-12-03 13:56:23,286.1,10.1,-2.568028,-56.88545
EDUARDO COSTA,2023-12-03 13:58:05,286.4,10.1,-2.565636,-56.8896
EDUARDO COSTA,2023-12-03 13:58:25,284.9,10.1,-2.565331,-56.890331
EDUARDO COSTA,2023-12-03 13:59:45,286.0,10.0,-2.563325,-56.893656
EDUARDO COSTA,2023-12-03 14:28:00,258.1,10.4,-2.543018,-56.968856
EDUARDO COSTA,2023-12-03 14:30:39,258.0,10.4,-2.542781,-56.976488
EDUARDO COSTA,2023-12-03 14:33:00,259.0,10.3,-2.542533,-56.983291
EDUARDO COSTA,2023-12-03 14:43:18,255.6,10.3,-2.542165,-57.012831
EDUARDO COSTA,2023-12-03 14:52:13,241.9,10.6,-2.545525,-57.038253
EDUARDO COSTA,2023-12-03 15:06:14,213.5,9.9,-2.564241,-57.074258
EDUARDO COSTA,2023-12-03 17:58:48,282.3,10.4,-2.396998,-57.408498
EDUARDO COSTA,2023-12-03 17:59:01,282.7,10.3,-2.396665,-57.408998
EDUARDO COSTA,2023-12-03 17:59:11,281.7,10.3,-2.396498,-57.409331
EDUARDO COSTA,2023-12-03 17:59:14,281.3,10.4,-2.396498,-57.409498
EDUARDO COSTA,2023-12-03 17:59:34,277.2,10.3,-2.396165,-57.410498
EDUARDO COSTA,2023-12-03 18:20:28,271.9,10.5,-2.377226,-57.468533
EDUARDO COSTA,2023-12-03 19:27:57,180.9,10.3,-2.519498,-57.582331
EDUARDO COSTA,2023-12-03 19:28:57,180.7,10.3,-2.522271,-57.582998
EDUARDO COSTA,2023-12-03 19:32:47,180.6,10.3,-2.532998,-57.585831
EDUARDO COSTA,2023-12-03 19:38:53,179.9,10.4,-2.549986,-57.590278
EDUARDO COSTA,2023-12-03 19:41:49,191.6,10.2,-2.558033,-57.59289
EDUARDO COSTA,2023-12-03 19:44:53,191.6,10.4,-2.565998,-57.596665
EDUARDO COSTA,2023-12-03 20:03:20,210.9,10.5,-2.611663,-57.624168
EDUARDO COSTA,2023-12-03 20:07:10,210.3,10.6,-2.61979,-57.631971
EDUARDO COSTA,2023-12-03 20:30:27,214.2,10.6,-2.668136,-57.67859
EDUARDO COSTA,2023-12-03 20:32:43,212.5,10.7,-2.672815,-57.683441
EDUARDO COSTA,2023-12-03 20:33:08,212.4,10.7,-2.673713,-57.684368
EDUARDO COSTA,2023-12-03 20:35:53,213.2,10.7,-2.679411,-57.690218
EDUARDO COSTA,2023-12-03 20:36:39,211.1,10.7,-2.681026,-57.691853
EDUARDO COSTA,2023-12-03 20:36:48,212.0,10.7,-2.681378,-57.692208
EDUARDO COSTA,2023-12-03 20:39:34,212.3,10.5,-2.687103,-57.698096
EDUARDO COSTA,2023-12-03 21:08:55,217.1,10.6,-2.749425,-57.754108
EDUARDO COSTA,2023-12-18 13:58:01,48.9,14.8,-2.791665,-57.800498
EDUARDO COSTA,2023-12-18 14:04:09,32.6,14.6,-2.775658,-57.781515
EDUARDO COSTA,2023-12-18 14:06:25,31.1,14.7,-2.769015,-57.774986
EDUARDO COSTA,2023-12-18 14:09:25,31.9,14.8,-2.760083,-57.766445
EDUARDO COSTA,2023-12-18 14:32:04,25.4,15.2,-2.691538,-57.701506
EDUARDO COSTA,2023-12-18 14:37:16,27.0,14.9,-2.674331,-57.688165
EDUARDO COSTA,2023-12-18 14:39:29,8.6,14.0,-2.666875,-57.683131
EDUARDO COSTA,2023-12-18 14:42:06,3.7,14.5,-2.656765,-57.680203
EDUARDO COSTA,2023-12-18 15:07:00,16.8,15.5,-2.560018,-57.64017
EDUARDO COSTA,2023-12-18 15:11:28,16.8,15.5,-2.543046,-57.630821
EDUARDO COSTA,2023-12-18 15:15:24,16.5,15.7,-2.527998,-57.622498
EDUARDO COSTA,2023-12-18 15:19:46,16.1,15.8,-2.510846,-57.613476
EDUARDO COSTA,2023-12-18 15:25:29,17.2,15.6,-2.488766,-57.601495
EDUARDO COSTA,2023-12-18 15:31:13,18.9,15.3,-2.467993,-57.588158
EDUARDO COSTA,2023-12-18 15:53:58,41.1,14.3,-2.393831,-57.531665
EDUARDO COSTA,2023-12-18 17:22:41,142.4,15.7,-2.590831,-57.274831
EDUARDO COSTA,2023-12-18 17:25:46,127.9,15.7,-2.602451,-57.26785
EDUARDO COSTA,2023-12-18 17:27:22,125.0,15.9,-2.607831,-57.263331
EDUARDO COSTA,2023-12-18 18:40:09,77.6,14.6,-2.543998,-57.002665
EDUARDO COSTA,2023-12-18 18:56:10,87.6,14.6,-2.544796,-56.936743
EDUARDO COSTA,2023-12-18 18:56:42,91.7,14.5,-2.545328,-56.934658
EDUARDO COSTA,2023-12-18 18:57:04,95.2,14.5,-2.545831,-56.933331
EDUARDO COSTA,2023-12-18 18:57:10,95.1,14.5,-2.545831,-56.932998
EDUARDO COSTA,2023-12-18 18:57:13,94.9,14.5,-2.545998,-56.932665
EDUARDO COSTA,2023-12-18 18:57:31,96.6,14.5,-2.546331,-56.931498
EDUARDO COSTA,2023-12-18 18:57:38,96.6,14.5,-2.54656,-56.931098
EDUARDO COSTA,2023-12-18 19:00:46,96.1,14.9,-2.550946,-56.919015
EDUARDO COSTA,2023-12-18 19:09:22,106.2,15.1,-2.567868,-56.88756
EDUARDO COSTA,2023-12-18 19:14:26,105.8,15.3,-2.578616,-56.868966
EDUARDO COSTA,2023-12-18 20:17:57,61.8,14.4,-2.595331,-56.669498
EDUARDO COSTA,2023-12-18 20:22:41,61.8,14.3,-2.590288,-56.651311
EDUARDO COSTA,2023-12-18 20:56:46,34.8,14.7,-2.511998,-56.535331
EDUARDO COSTA,2023-12-18 21:01:58,27.2,14.5,-2.497165,-56.520331
EDUARDO COSTA,2023-12-18 21:14:29,26.6,14.7,-2.457085,-56.488471
EDUARDO COSTA,2023-12-18 21:28:02,25.7,13.6,-2.415498,-56.455331
EDUARDO COSTA,2023-12-18 22:59:27,51.0,14.8,-2.169998,-56.186331
EDUARDO COSTA,2023-12-19 01:10:03,68.0,15.4,-1.949165,-55.712831
EDUARDO COSTA,2023-12-19 01:10:59,65.0,15.3,-1.947505,-55.709173
EDUARDO COSTA,2023-12-19 01:11:26,65.0,15.1,-1.946666,-55.707363
EDUARDO COSTA,2023-12-19 01:11:51,66.0,15.5,-1.945998,-55.705665
EDUARDO COSTA,2023-12-19 01:17:33,66.0,15.3,-1.935641,-55.68368
EDUARDO COSTA,2023-12-19 01:22:28,63.0,15.1,-1.926831,-55.664998
EDUARDO COSTA,2023-12-19 04:45:48,52.0,14.4,-2.196513,-54.979328
EDUARDO COSTA,2023-12-19 05:29:11,109.0,15.1,-2.16195,-54.810006
EDUARDO COSTA,2023-12-19 05:29:41,107.0,15.2,-2.162621,-54.808013
EDUARDO COSTA,2023-12-19 05:30:02,110.0,15.0,-2.163165,-54.806665
EDUARDO COSTA,2023-12-19 05:30:05,111.0,15.0,-2.163166,-54.806426
EDUARDO COSTA,2023-12-19 05:31:09,129.0,14.4,-2.16537,-54.80269
EDUARDO COSTA,2023-12-19 05:32:05,132.0,14.6,-2.167853,-54.79986
EDUARDO COSTA,2023-12-19 05:32:35,132.0,14.7,-2.169226,-54.798353
EDUARDO COSTA,2023-12-19 05:32:54,131.0,14.7,-2.170165,-54.797331
EDUARDO COSTA,2023-12-19 05:34:32,132.0,15.0,-2.174665,-54.792498
EDUARDO COSTA,2023-12-19 06:14:31,158.0,15.2,-2.333165,-54.741331
EDUARDO COSTA,2023-12-19 06:58:19,119.0,15.1,-2.446535,-54.641908
EDUARDO COSTA,2023-12-19 07:00:49,115.0,15.4,-2.45142,-54.632616
EDUARDO COSTA,2023-12-19 07:03:31,114.0,15.5,-2.456266,-54.622165
EDUARDO COSTA,2023-12-19 07:07:33,105.0,15.2,-2.463093,-54.606476
EDUARDO COSTA,2023-12-19 07:32:55,70.0,14.7,-2.453618,-54.502865
EDUARDO COSTA,2023-12-19 07:37:55,70.0,14.7,-2.446665,-54.483665
EDUARDO COSTA,2023-12-19 07:41:01,70.0,14.5,-2.442361,-54.471848
EDUARDO COSTA,2023-12-19 07:52:37,64.0,14.5,-2.422498,-54.429331
EDUARDO COSTA,2023-12-19 07:55:07,64.0,14.7,-2.417998,-54.420331
EDUARDO COSTA,2023-12-19 08:00:19,64.0,14.2,-2.408815,-54.401626
EDUARDO COSTA,2023-12-19 08:04:24,65.0,14.1,-2.401736,-54.386935
EDUARDO COSTA,2023-12-19 08:06:48,64.0,14.2,-2.397665,-54.378331
EDUARDO COSTA,2023-12-19 08:15:46,95.0,14.2,-2.401091,-54.344656
EDUARDO COSTA,2023-12-19 12:44:09,81.0,14.3,-1.854165,-53.629998
EDUARDO COSTA,2023-12-19 13:03:20,70.0,14.3,-1.838165,-53.555831
EDUARDO COSTA,2023-12-19 13:03:44,69.0,14.2,-1.837558,-53.554331
EDUARDO COSTA,2023-12-19 13:05:24,70.0,14.2,-1.835275,-53.548196
EDUARDO COSTA,2023-12-19 13:07:12,74.0,14.1,-1.832781,-53.541505
EDUARDO COSTA,2023-12-19 13:07:46,79.0,14.2,-1.832196,-53.539361
EDUARDO COSTA,2023-12-19 13:07:50,80.0,14.0,-1.832143,-53.539108
EDUARDO COSTA,2023-12-19 13:08:24,87.0,13.8,-1.831943,-53.536945
EDUARDO COSTA,2023-12-19 13:08:28,86.0,13.8,-1.831928,-53.536691
EDUARDO COSTA,2023-12-19 13:08:30,86.0,13.7,-1.831916,-53.5365
EDUARDO COSTA,2023-12-19 13:08:36,88.0,13.9,-1.831901,-53.536181
EDUARDO COSTA,2023-12-19 13:08:50,88.0,13.9,-1.831868,-53.535286
EDUARDO COSTA,2023-12-19 13:09:02,88.0,13.9,-1.831846,-53.534513
EDUARDO COSTA,2023-12-19 13:09:08,89.0,13.8,-1.831833,-53.534061
EDUARDO COSTA,2023-12-19 13:09:14,88.0,14.0,-1.83182,-53.533673
EDUARDO COSTA,2023-12-19 13:10:28,89.0,14.2,-1.831655,-53.528923
EDUARDO COSTA,2023-12-19 13:10:44,88.0,14.1,-1.831665,-53.527831
EDUARDO COSTA,2023-12-19 14:21:12,79.0,14.8,-1.756331,-53.254498
EDUARDO COSTA,2023-12-19 14:27:59,89.0,14.5,-1.754873,-53.227053
EDUARDO COSTA,2023-12-19 14:50:35,94.0,14.8,-1.755331,-53.134665
EDUARDO COSTA,2023-12-19 17:40:45,90.0,13.6,-1.577351,-52.550843
EDUARDO COSTA,2023-12-19 17:41:09,92.0,13.9,-1.577331,-52.549165
EDUARDO COSTA,2023-12-19 17:42:13,91.0,13.9,-1.577356,-52.545188
EDUARDO COSTA,2023-12-19 17:43:05,90.0,14.0,-1.577361,-52.541828
EDUARDO COSTA,2023-12-19 18:17:11,77.0,13.8,-1.57159,-52.411326
EDUARDO COSTA,2023-12-19 18:49:55,72.0,14.5,-1.53472,-52.290101
EDUARDO COSTA,2023-12-19 18:53:57,60.0,14.4,-1.527186,-52.275945
EDUARDO COSTA,2023-12-19 19:14:48,65.0,14.4,-1.485295,-52.204241
EDUARDO COSTA,2023-12-19 20:14:06,76.0,14.5,-1.421395,-51.972455
EDUARDO COSTA,2023-12-19 20:19:20,50.0,14.1,-1.40987,-51.956168
EDUARDO COSTA,2023-12-19 20:29:51,44.0,14.6,-1.380468,-51.926208
EDUARDO COSTA,2023-12-19 20:33:15,39.0,14.8,-1.370128,-51.916913
EDUARDO COSTA,2023-12-19 20:37:57,33.0,14.6,-1.35496,-51.904758
EDUARDO COSTA,2023-12-19 21:08:59,359.0,15.1,-1.230108,-51.89306
EDUARDO COSTA,2023-12-19 21:11:09,359.0,15.0,-1.221043,-51.893251
EDUARDO COSTA,2023-12-20 00:18:45,29.0,12.3,-0.676413,-51.626258
EDUARDO COSTA,2023-12-20 00:21:08,29.0,12.1,-0.66923,-51.622343
EDUARDO COSTA,2023-12-20 00:21:33,29.0,12.2,-0.668043,-51.621681
EDUARDO COSTA,2023-12-20 00:23:43,29.0,12.1,-0.661591,-51.618156
EDUARDO COSTA,2023-12-20 00:52:17,43.0,12.2,-0.584688,-51.561168
EDUARDO COSTA,2023-12-20 00:56:15,45.0,12.3,-0.574903,-51.551846
EDUARDO COSTA,2023-12-20 00:59:11,46.0,11.9,-0.567703,-51.545025
EDUARDO COSTA,2023-12-20 01:00:44,44.0,11.9,-0.563943,-51.541446
EDUARDO COSTA,2023-12-20 01:00:48,43.0,11.9,-0.563781,-51.541295
EDUARDO COSTA,2023-12-20 01:00:56,44.0,11.9,-0.563461,-51.54099
EDUARDO COSTA,2023-12-20 01:01:48,43.0,11.9,-0.561375,-51.539
EDUARDO COSTA,2023-12-20 01:04:58,50.0,12.1,-0.554065,-51.531326
EDUARDO COSTA,2023-12-20 01:05:58,50.0,12.2,-0.551881,-51.528741
EDUARDO COSTA,2023-12-20 01:09:20,50.0,12.4,-0.544371,-51.519976
EDUARDO COSTA,2023-12-20 01:12:16,49.0,12.3,-0.537793,-51.512353
EDUARDO COSTA,2023-12-20 01:15:02,50.0,11.7,-0.53182,-51.505326
EDUARDO COSTA,2023-12-20 01:27:47,51.0,11.9,-0.504718,-51.473376
EDUARDO COSTA,2023-12-20 01:31:27,49.0,12.1,-0.496716,-51.464143
EDUARDO COSTA,2023-12-20 01:33:34,51.0,12.3,-0.492118,-51.458586
EDUARDO COSTA,2023-12-20 01:37:13,61.0,12.2,-0.484825,-51.448713
EDUARDO COSTA,2023-12-20 01:59:21,84.0,12.5,-0.462158,-51.378233
EDUARDO COSTA,2023-12-20 02:00:03,86.0,12.5,-0.462035,-51.375818
EDUARDO COSTA,2023-12-20 02:02:07,84.0,12.5,-0.461331,-51.368665
EDUARDO COSTA,2023-12-20 02:02:17,85.0,12.7,-0.461315,-51.368116
EDUARDO COSTA,2023-12-20 02:04:47,86.0,12.6,-0.460551,-51.359443
EDUARDO COSTA,2023-12-20 02:05:07,85.0,12.7,-0.460498,-51.358165
EDUARDO COSTA,2023-12-20 02:07:48,77.0,12.5,-0.458831,-51.349165
EDUARDO COSTA,2023-12-20 02:07:57,82.0,12.2,-0.458665,-51.348498
EDUARDO COSTA,2023-12-20 02:38:37,75.0,13.5,-0.431835,-51.241718
EDUARDO COSTA,2023-12-20 02:41:58,75.0,13.7,-0.428498,-51.229498
EDUARDO COSTA,2023-12-20 02:57:36,59.0,13.7,-0.404998,-51.176665
EDUARDO COSTA,2023-12-20 05:59:43,67.0,15.0,0.158073,-50.909116
EDUARDO COSTA,2023-12-20 06:01:53,79.0,15.1,0.160303,-50.900311
EDUARDO COSTA,2023-12-20 06:55:22,68.0,14.7,0.207265,-50.681533
EDUARDO COSTA,2023-12-20 06:59:23,75.0,14.6,0.21279,-50.666205
EDUARDO COSTA,2023-12-20 07:01:27,48.0,12.8,0.215786,-50.658715
EDUARDO COSTA,2023-12-20 07:03:39,45.0,12.2,0.221806,-50.654451
EDUARDO COSTA,2023-12-20 07:08:03,56.0,14.0,0.231701,-50.641315
EDUARDO COSTA,2023-12-20 07:10:39,50.0,14.4,0.23816,-50.633241
EDUARDO COSTA,2023-12-20 07:12:57,53.0,14.4,0.244113,-50.626183
EDUARDO COSTA,2023-12-20 07:47:38,54.0,13.1,0.32697,-50.518876
EDUARDO COSTA,2023-12-20 07:48:38,51.0,13.3,0.329236,-50.515993
EDUARDO COSTA,2023-12-20 07:55:28,39.0,13.3,0.347566,-50.498768
EDUARDO COSTA,2023-12-20 11:48:59,62.0,10.9,0.799125,-49.986405
EDUARDO COSTA,2023-12-20 12:37:39,52.0,12.9,0.884638,-49.84998
EDUARDO COSTA,2023-12-20 12:42:58,51.0,12.8,0.896518,-49.835113
EDUARDO COSTA,2023-12-20 12:44:37,52.0,12.8,0.900235,-49.830503
EDUARDO COSTA,2023-12-20 12:47:19,52.0,12.7,0.906166,-49.822998
EDUARDO COSTA,2023-12-20 13:17:17,84.0,11.1,0.94531,-49.734001
EDUARDO COSTA,2023-12-20 13:26:51,64.0,12.0,0.955833,-49.706165
EDUARDO COSTA,2023-12-20 13:28:28,34.0,11.6,0.959308,-49.702306
EDUARDO COSTA,2023-12-20 17:32:58,66.0,7.9,1.40545,-49.216468
EDUARDO COSTA,2023-12-20 17:57:06,67.0,8.1,1.426806,-49.168056
EDUARDO COSTA,2023-12-20 18:26:29,63.0,10.6,1.459555,-49.100905
EDUARDO COSTA,2023-12-20 18:58:38,64.0,11.8,1.504166,-49.011165
EDUARDO COSTA,2023-12-20 19:18:08,84.0,12.1,1.517833,-48.951165
EDUARDO COSTA,2023-12-20 19:31:41,88.0,11.9,1.517,-48.906831
EDUARDO COSTA,2023-12-20 19:33:42,88.0,11.9,1.516833,-48.900165
EDUARDO COSTA,2023-12-20 19:35:55,91.0,12.0,1.516996,-48.892756
EDUARDO COSTA,2023-12-20 19:42:15,88.0,11.8,1.516763,-48.872058
EDUARDO COSTA,2023-12-20 20:11:28,98.0,12.0,1.513333,-48.775665
EDUARDO COSTA,2023-12-20 20:12:32,95.0,12.3,1.513,-48.772165
EDUARDO COSTA,2023-12-20 20:44:32,94.0,12.5,1.517,-48.663665
EDUARDO COSTA,2023-12-20 23:58:52,145.0,11.4,1.1565,-48.246331
EDUARDO COSTA,2023-12-21 00:02:25,148.0,11.3,1.147221,-48.240058
EDUARDO COSTA,2023-12-21 00:31:09,149.0,11.8,1.069798,-48.189273
EDUARDO COSTA,2023-12-21 00:34:15,146.0,11.9,1.061211,-48.183725
EDUARDO COSTA,2023-12-21 00:53:54,145.0,11.8,1.007045,-48.1483
EDUARDO COSTA,2023-12-21 00:55:21,146.0,11.9,1.003,-48.145665
EDUARDO COSTA,2023-12-21 00:59:17,145.0,11.7,0.992136,-48.13847
EDUARDO COSTA,2023-12-21 01:00:05,148.0,11.8,0.990026,-48.13707
EDUARDO COSTA,2023-12-21 01:00:29,146.0,11.8,0.988833,-48.136331
EDUARDO COSTA,2023-12-21 01:00:38,147.0,11.7,0.988448,-48.136063
EDUARDO COSTA,2023-12-21 01:01:11,145.0,11.8,0.987,-48.134998
EDUARDO COSTA,2023-12-21 01:01:17,148.0,11.7,0.986606,-48.134858
EDUARDO COSTA,2023-12-21 01:01:35,147.0,11.9,0.985833,-48.134331
EDUARDO COSTA,2023-12-21 01:01:47,145.0,11.9,0.985218,-48.133956
EDUARDO COSTA,2023-12-21 01:02:29,147.0,12.1,0.983333,-48.132665
EDUARDO COSTA,2023-12-21 01:02:37,150.0,11.5,0.982895,-48.132456
EDUARDO COSTA,2023-12-21 01:02:41,143.0,12.0,0.982833,-48.132331
EDUARDO COSTA,2023-12-21 01:02:51,144.0,12.0,0.982333,-48.131998
EDUARDO COSTA,2023-12-21 01:03:04,147.0,12.2,0.981638,-48.13164
EDUARDO COSTA,2023-12-21 01:03:17,144.0,12.2,0.981031,-48.13125
EDUARDO COSTA,2023-12-21 01:03:22,143.0,11.9,0.980833,-48.131165
EDUARDO COSTA,2023-12-21 01:03:28,144.0,12.0,0.9805,-48.130998
EDUARDO COSTA,2023-12-21 01:03:44,147.0,11.9,0.979825,-48.130458
EDUARDO COSTA,2023-12-21 01:03:47,144.0,12.0,0.979641,-48.13033
EDUARDO COSTA,2023-12-21 01:04:29,145.0,12.2,0.977666,-48.129165
EDUARDO COSTA,2023-12-21 01:04:44,142.0,12.0,0.977,-48.128665
EDUARDO COSTA,2023-12-21 01:04:51,147.0,11.7,0.976666,-48.128498
EDUARDO COSTA,2023-12-21 01:04:58,150.0,11.9,0.976403,-48.128201
EDUARDO COSTA,2023-12-21 01:05:04,142.0,11.6,0.976135,-48.128008
EDUARDO COSTA,2023-12-21 01:05:29,148.0,11.9,0.975,-48.127165
EDUARDO COSTA,2023-12-21 01:05:37,140.0,12.0,0.974666,-48.126998
EDUARDO COSTA,2023-12-21 01:07:05,147.0,11.8,0.97067,-48.124315
EDUARDO COSTA,2023-12-21 01:13:18,151.0,11.7,0.953666,-48.113165
EDUARDO COSTA,2023-12-21 01:41:45,141.0,12.1,0.87545,-48.061151
EDUARDO COSTA,2023-12-21 01:43:55,147.0,12.1,0.869398,-48.057133
EDUARDO COSTA,2023-12-21 02:01:41,148.0,12.0,0.819,-48.024831
EDUARDO COSTA,2023-12-21 02:22:55,146.0,11.7,0.759868,-47.985235
EDUARDO COSTA,2023-12-21 02:51:18,149.0,12.4,0.680333,-47.932498
EDUARDO COSTA,2023-12-21 04:26:39,146.0,12.3,0.403746,-47.749978
EDUARDO COSTA,2023-12-21 04:27:41,147.0,12.1,0.400666,-47.747998
EDUARDO COSTA,2023-12-21 05:17:03,146.0,11.8,0.260745,-47.655376
EDUARDO COSTA,2023-12-21 05:22:36,149.0,12.2,0.24474,-47.646208
EDUARDO COSTA,2023-12-21 05:36:09,181.0,12.5,0.200206,-47.636438
EDUARDO COSTA,2023-12-21 05:42:32,179.0,12.3,0.177833,-47.635665
EDUARDO COSTA,2023-12-21 05:59:58,180.0,12.7,0.116588,-47.6355
EDUARDO COSTA,2023-12-21 06:10:02,177.0,12.3,0.081333,-47.635165
EDUARDO COSTA,2023-12-21 06:13:09,180.0,12.6,0.070518,-47.634835
EDUARDO COSTA,2023-12-21 06:45:21,184.0,12.9,-0.042165,-47.634331
EDUARDO COSTA,2023-12-21 06:48:51,187.0,12.7,-0.054498,-47.634998
EDUARDO COSTA,2023-12-21 06:49:12,187.0,12.8,-0.055808,-47.635063
EDUARDO COSTA,2023-12-21 06:49:35,185.0,12.9,-0.056998,-47.635165
EDUARDO COSTA,2023-12-21 06:51:59,181.0,12.6,-0.065665,-47.635498
EDUARDO COSTA,2023-12-21 06:52:32,179.0,12.7,-0.067531,-47.63551
EDUARDO COSTA,2023-12-21 06:52:39,178.0,12.7,-0.067998,-47.635498
EDUARDO COSTA,2023-12-21 06:53:02,178.0,12.7,-0.069275,-47.635438
EDUARDO COSTA,2023-12-21 06:53:13,177.0,12.5,-0.069831,-47.635331
EDUARDO COSTA,2023-12-21 06:53:15,176.0,12.5,-0.070085,-47.635381
EDUARDO COSTA,2023-12-21 06:53:52,175.0,12.4,-0.072171,-47.635258
EDUARDO COSTA,2023-12-21 06:54:01,176.0,12.3,-0.072498,-47.635165
EDUARDO COSTA,2023-12-21 06:55:19,175.0,12.6,-0.077165,-47.634831
EDUARDO COSTA,2023-12-21 06:56:48,174.0,12.6,-0.082165,-47.634498
EDUARDO COSTA,2023-12-21 07:19:58,182.0,12.1,-0.160498,-47.629665
EDUARDO COSTA,2023-12-21 07:24:45,182.0,12.3,-0.176756,-47.62993
EDUARDO COSTA,2023-12-21 07:44:28,92.0,11.9,-0.208021,-47.58476
EDUARDO COSTA,2023-12-21 07:58:25,86.0,12.4,-0.204505,-47.537646
EDUARDO COSTA,2023-12-21 11:45:25,243.0,11.7,-0.213873,-47.601745
EDUARDO COSTA,2023-12-21 11:45:32,243.0,11.8,-0.213998,-47.602165
EDUARDO COSTA,2023-12-21 12:30:54,217.0,11.0,-0.366165,-47.626331
EDUARDO COSTA,2023-12-21 12:35:08,1.0,9.9,-0.362566,-47.633308
EDUARDO COSTA,2023-12-21 12:53:05,2.0,12.8,-0.301331,-47.631998
EDUARDO COSTA,2023-12-21 13:01:57,1.0,12.2,-0.270165,-47.631665
EDUARDO COSTA,2023-12-21 13:02:17,2.0,12.4,-0.268998,-47.631665
EDUARDO COSTA,2023-12-21 13:02:21,0.0,12.8,-0.268831,-47.631665
EDUARDO COSTA,2023-12-21 13:02:48,2.0,12.6,-0.267156,-47.631578
EDUARDO COSTA,2023-12-21 13:03:01,359.0,12.4,-0.266498,-47.631498
EDUARDO COSTA,2023-12-21 13:07:57,359.0,12.5,-0.249498,-47.631331
EDUARDO COSTA,2023-12-21 13:08:34,357.0,12.1,-0.247481,-47.631251
EDUARDO COSTA,2023-12-21 13:32:21,176.0,12.5,-0.224498,-47.637498
EDUARDO COSTA,2023-12-21 15:05:09,266.0,4.6,-0.429336,-47.73583
EDUARDO COSTA,2023-12-21 16:37:35,239.0,15.2,-0.501771,-47.989998
EDUARDO COSTA,2023-12-21 18:07:57,211.0,14.2,-0.742181,-48.261145
EDUARDO COSTA,2023-12-21 18:13:49,211.0,14.1,-0.76231,-48.27321
EDUARDO COSTA,2023-12-21 18:15:00,211.0,14.0,-0.766331,-48.275665
EDUARDO COSTA,2023-12-21 18:15:18,211.0,14.2,-0.767331,-48.276165
EDUARDO COSTA,2023-12-21 18:16:18,212.0,14.1,-0.770665,-48.278331
EDUARDO COSTA,2023-12-21 18:21:51,211.0,14.2,-0.789256,-48.28943
EDUARDO COSTA,2023-12-21 18:24:19,210.0,14.2,-0.797665,-48.294498
EDUARDO COSTA,2023-12-21 18:34:23,210.0,14.0,-0.831953,-48.314486
EDUARDO COSTA,2023-12-21 19:07:14,209.0,14.6,-0.948831,-48.379165
EDUARDO COSTA,2023-12-21 19:19:26,210.0,14.3,-0.990858,-48.403116
EDUARDO COSTA,2023-12-21 19:37:50,211.0,14.8,-1.054665,-48.442165
EDUARDO COSTA,2023-12-21 19:44:42,210.0,15.0,-1.079136,-48.456881
EDUARDO COSTA,2023-12-21 20:01:39,221.0,10.2,-1.135611,-48.490125
EDUARDO COSTA,2023-12-21 20:11:23,255.0,7.2,-1.141375,-48.508863
EDUARDO COSTA,2023-12-21 20:15:19,234.0,8.1,-1.143618,-48.516491
EDUARDO COSTA,2023-12-21 20:21:46,217.0,14.1,-1.15946,-48.52951
EDUARDO COSTA,2023-12-21 20:54:59,220.0,15.2,-1.273998,-48.614998
EDUARDO COSTA,2023-12-22 13:16:36,223.0,0.1,-1.511831,-48.764165
EDUARDO COSTA,2023-12-22 18:07:38,225.0,0.2,-1.512165,-48.760665
EDUARDO COSTA,2023-12-22 23:45:59,118.0,0.1,-1.52971,-48.746568
EDUARDO COSTA,2023-12-24 06:45:58,177.0,0.1,-1.529665,-48.746498
EDUARDO COSTA,2023-12-24 09:59:09,26.0,12.7,-1.46214,-48.73755
EDUARDO COSTA,2023-12-24 10:29:26,30.0,11.8,-1.371615,-48.688011
EDUARDO COSTA,2023-12-24 11:14:58,33.0,11.0,-1.252498,-48.596831
EDUARDO COSTA,2023-12-24 11:15:26,34.0,11.2,-1.25125,-48.595916
EDUARDO COSTA,2023-12-24 11:17:18,36.0,11.1,-1.246498,-48.592665
EDUARDO COSTA,2023-12-24 11:46:27,39.0,7.8,-1.175165,-48.543831
EDUARDO COSTA,2023-12-24 12:10:28,60.0,7.5,-1.158823,-48.547436
EDUARDO COSTA,2023-12-24 12:14:47,57.0,10.3,-1.153143,-48.53821
EDUARDO COSTA,2023-12-24 12:18:09,57.0,10.9,-1.147678,-48.529758
EDUARDO COSTA,2023-12-24 12:50:57,29.0,11.6,-1.067831,-48.469998
EDUARDO COSTA,2023-12-24 12:51:57,27.0,11.7,-1.064831,-48.468498
EDUARDO COSTA,2023-12-24 12:52:07,29.0,11.8,-1.064331,-48.468331
EDUARDO COSTA,2023-12-24 12:53:57,29.0,12.0,-1.058998,-48.465498
EDUARDO COSTA,2023-12-24 17:08:25,57.0,6.2,-0.441831,-47.800498
EDUARDO COSTA,2023-12-24 17:11:16,58.0,7.7,-0.438923,-47.795606
EDUARDO COSTA,2023-12-24 17:26:55,58.0,13.1,-0.416165,-47.758998
EDUARDO COSTA,2023-12-24 17:29:00,85.0,13.0,-0.41437,-47.751963
EDUARDO COSTA,2023-12-24 17:55:45,68.0,12.5,-0.401471,-47.65808
EDUARDO COSTA,2023-12-24 17:57:47,73.0,12.7,-0.398928,-47.651538
EDUARDO COSTA,2023-12-24 18:00:16,69.0,12.5,-0.395768,-47.643358
EDUARDO COSTA,2023-12-24 18:02:03,82.0,12.2,-0.394018,-47.637536
EDUARDO COSTA,2023-12-24 18:03:44,78.0,12.4,-0.392998,-47.631665
EDUARDO COSTA,2023-12-24 18:33:26,90.0,11.3,-0.394831,-47.532331
EDUARDO COSTA,2023-12-24 18:56:57,97.0,11.5,-0.399283,-47.457421
EDUARDO COSTA,2023-12-25 00:29:09,85.0,13.4,-0.412388,-46.314863
EDUARDO COSTA,2023-12-25 00:43:35,89.0,12.9,-0.411165,-46.261831
EDUARDO COSTA,2023-12-25 00:45:16,87.0,13.3,-0.411023,-46.255583
EDUARDO COSTA,2023-12-25 00:45:43,81.0,13.0,-0.410998,-46.253998
EDUARDO COSTA,2023-12-25 00:47:33,88.0,13.5,-0.410831,-46.246998
EDUARDO COSTA,2023-12-25 00:47:43,85.0,12.8,-0.410831,-46.246498
EDUARDO COSTA,2023-12-25 00:47:49,86.0,13.1,-0.410831,-46.245998
EDUARDO COSTA,2023-12-25 00:48:23,86.0,13.4,-0.410831,-46.244165
EDUARDO COSTA,2023-12-25 00:48:59,90.0,13.3,-0.410831,-46.241831
EDUARDO COSTA,2023-12-25 00:49:28,80.0,13.9,-0.410746,-46.24012
EDUARDO COSTA,2023-12-25 00:49:31,87.0,13.0,-0.410665,-46.239998
EDUARDO COSTA,2023-12-25 00:49:39,82.0,13.4,-0.410665,-46.239498
EDUARDO COSTA,2023-12-25 03:29:14,94.0,11.9,-0.495831,-45.681498
EDUARDO COSTA,2023-12-25 03:32:03,87.0,12.1,-0.497055,-45.671861
EDUARDO COSTA,2023-12-25 03:53:34,104.0,12.6,-0.506165,-45.599331
EDUARDO COSTA,2023-12-25 04:03:40,98.0,11.7,-0.511271,-45.565441
EDUARDO COSTA,2023-12-25 04:40:00,112.0,12.7,-0.532205,-45.44469
EDUARDO COSTA,2023-12-25 04:40:19,102.0,12.1,-0.532345,-45.443695
EDUARDO COSTA,2023-12-25 04:42:39,95.0,11.6,-0.53372,-45.43593
EDUARDO COSTA,2023-12-25 04:43:23,107.0,12.3,-0.534151,-45.433508
EDUARDO COSTA,2023-12-25 05:10:29,95.0,12.0,-0.549498,-45.343331
EDUARDO COSTA,2023-12-25 05:11:20,103.0,12.2,-0.549831,-45.340498
EDUARDO COSTA,2023-12-25 05:30:33,108.0,12.7,-0.560331,-45.276331
EDUARDO COSTA,2023-12-25 05:38:04,99.0,11.9,-0.564331,-45.251498
EDUARDO COSTA,2023-12-25 05:44:39,106.0,13.1,-0.567665,-45.229331
EDUARDO COSTA,2023-12-25 05:47:06,101.0,12.1,-0.568803,-45.221078
EDUARDO COSTA,2023-12-25 05:49:17,92.0,11.9,-0.569836,-45.213775
EDUARDO COSTA,2023-12-25 06:22:33,102.0,12.5,-0.589066,-45.10219
EDUARDO COSTA,2023-12-25 06:24:47,103.0,12.5,-0.59084,-45.09479
EDUARDO COSTA,2023-12-25 09:33:55,101.0,13.2,-0.702306,-44.441675
EDUARDO COSTA,2023-12-25 09:36:33,101.0,13.1,-0.704011,-44.4323
EDUARDO COSTA,2023-12-25 10:11:10,92.0,13.5,-0.725831,-44.307331
EDUARDO COSTA,2023-12-25 10:17:49,93.0,13.8,-0.72936,-44.282985
EDUARDO COSTA,2023-12-25 10:21:16,87.0,13.6,-0.731691,-44.270636
EDUARDO COSTA,2023-12-25 10:23:29,110.0,13.5,-0.733165,-44.262665
EDUARDO COSTA,2023-12-25 10:28:41,97.0,13.6,-0.736665,-44.244165
EDUARDO COSTA,2023-12-25 10:40:58,96.0,13.0,-0.743831,-44.199998
EDUARDO COSTA,2023-12-25 10:46:27,104.0,13.0,-0.746678,-44.180363
EDUARDO COSTA,2023-12-25 10:48:47,100.0,13.0,-0.748141,-44.172088
EDUARDO COSTA,2023-12-25 11:13:50,106.0,12.6,-0.774998,-44.086831
EDUARDO COSTA,2023-12-25 11:16:20,116.0,13.0,-0.777761,-44.078373
EDUARDO COSTA,2023-12-25 11:18:23,99.0,12.8,-0.77994,-44.071495
EDUARDO COSTA,2023-12-25 11:19:32,115.0,12.9,-0.781061,-44.06751
EDUARDO COSTA,2023-12-25 11:20:30,103.0,12.5,-0.781998,-44.064331
EDUARDO COSTA,2023-12-25 11:23:00,105.0,12.6,-0.784561,-44.055651
EDUARDO COSTA,2023-12-25 11:23:44,114.0,12.4,-0.785331,-44.053165
EDUARDO COSTA,2023-12-25 11:56:10,110.0,12.8,-0.820165,-43.943498
EDUARDO COSTA,2023-12-25 12:04:06,105.0,12.6,-0.82926,-43.916861
EDUARDO COSTA,2023-12-25 12:06:26,107.0,13.0,-0.83195,-43.909076
EDUARDO COSTA,2023-12-25 12:08:58,109.0,12.8,-0.834748,-43.900578
EDUARDO COSTA,2023-12-25 15:16:00,112.0,11.4,-1.020998,-43.306165
EDUARDO COSTA,2023-12-25 16:20:20,124.0,11.9,-1.083331,-43.109831
EDUARDO COSTA,2023-12-25 16:25:27,101.0,11.0,-1.088291,-43.094328
EDUARDO COSTA,2023-12-25 16:30:54,112.0,11.4,-1.093831,-43.077831
EDUARDO COSTA,2023-12-25 16:57:59,116.0,11.9,-1.118665,-42.995998
EDUARDO COSTA,2023-12-25 17:00:10,113.0,11.7,-1.120891,-42.989516
EDUARDO COSTA,2023-12-25 17:00:41,106.0,11.7,-1.121351,-42.988018
EDUARDO COSTA,2023-12-25 17:02:49,128.0,12.1,-1.12338,-42.9817
EDUARDO COSTA,2023-12-25 17:06:06,106.0,11.0,-1.126398,-42.971928
EDUARDO COSTA,2023-12-25 17:08:13,106.0,11.2,-1.128498,-42.965665
EDUARDO COSTA,2023-12-25 17:53:41,111.0,11.3,-1.169106,-42.83087
EDUARDO COSTA,2023-12-25 17:59:48,97.0,11.7,-1.176165,-42.813165
EDUARDO COSTA,2023-12-25 18:00:15,118.0,11.1,-1.17667,-42.811826
EDUARDO COSTA,2023-12-25 18:00:41,123.0,11.4,-1.177161,-42.810591
EDUARDO COSTA,2023-12-25 18:00:54,117.0,11.0,-1.177498,-42.809998
EDUARDO COSTA,2023-12-25 18:01:21,119.0,10.7,-1.17792,-42.8087
EDUARDO COSTA,2023-12-25 18:02:24,112.0,11.4,-1.179096,-42.805706
EDUARDO COSTA,2023-12-25 18:02:34,108.0,10.9,-1.179331,-42.805165
EDUARDO COSTA,2023-12-25 18:02:44,108.0,10.9,-1.17947,-42.804765
EDUARDO COSTA,2023-12-25 18:03:14,103.0,10.9,-1.179998,-42.803331
EDUARDO COSTA,2023-12-25 18:03:17,119.0,11.0,-1.18009,-42.80321
EDUARDO COSTA,2023-12-25 18:03:24,105.0,11.1,-1.180218,-42.802876
EDUARDO COSTA,2023-12-25 18:03:48,110.0,10.9,-1.180665,-42.801831
EDUARDO COSTA,2023-12-25 18:03:58,111.0,10.9,-1.180831,-42.801331
EDUARDO COSTA,2023-12-25 18:04:01,111.0,11.1,-1.18091,-42.801128
EDUARDO COSTA,2023-12-25 18:04:44,112.0,11.0,-1.181731,-42.799155
EDUARDO COSTA,2023-12-25 18:05:03,110.0,11.2,-1.182126,-42.798213
EDUARDO COSTA,2023-12-25 18:13:47,115.0,10.7,-1.192006,-42.773696
EDUARDO COSTA,2023-12-25 20:59:12,108.0,10.7,-1.339558,-42.29421
EDUARDO COSTA,2023-12-25 21:05:01,93.0,11.0,-1.344816,-42.277413
EDUARDO COSTA,2023-12-25 21:26:28,124.0,12.0,-1.363973,-42.215785
EDUARDO COSTA,2023-12-25 21:53:43,112.0,11.1,-1.38921,-42.1373
EDUARDO COSTA,2023-12-25 21:56:59,108.0,10.5,-1.392556,-42.127911
EDUARDO COSTA,2023-12-25 22:31:37,111.0,10.8,-1.424608,-42.02675
EDUARDO COSTA,2023-12-25 22:36:20,102.0,11.1,-1.428831,-42.012831
EDUARDO COSTA,2023-12-25 22:40:49,115.0,11.5,-1.43276,-41.999545
EDUARDO COSTA,2023-12-25 22:43:07,112.0,11.0,-1.434746,-41.992656
EDUARDO COSTA,2023-12-25 22:47:19,110.0,11.5,-1.438741,-41.980083
EDUARDO COSTA,2023-12-25 22:50:11,101.0,11.4,-1.441641,-41.971651
EDUARDO COSTA,2023-12-25 23:06:13,114.0,11.3,-1.457331,-41.924165
EDUARDO COSTA,2023-12-25 23:10:03,108.0,11.1,-1.461165,-41.912831
EDUARDO COSTA,2023-12-25 23:37:20,109.0,11.6,-1.487831,-41.832831
EDUARDO COSTA,2023-12-25 23:39:13,106.0,11.5,-1.489665,-41.827165
EDUARDO COSTA,2023-12-25 23:41:23,110.0,10.8,-1.49169,-41.820835
EDUARDO COSTA,2023-12-25 23:45:50,114.0,11.3,-1.49587,-41.807646
EDUARDO COSTA,2023-12-26 00:18:33,103.0,10.9,-1.526498,-41.710498
EDUARDO COSTA,2023-12-26 02:56:23,108.0,10.9,-1.668848,-41.246978
EDUARDO COSTA,2023-12-26 03:10:36,109.0,11.2,-1.682345,-41.205095
EDUARDO COSTA,2023-12-26 03:41:25,103.0,11.0,-1.711536,-41.114661
EDUARDO COSTA,2023-12-26 03:41:53,103.0,11.1,-1.711998,-41.113331
EDUARDO COSTA,2023-12-26 03:43:53,111.0,10.8,-1.713928,-41.107568
EDUARDO COSTA,2023-12-26 03:46:53,115.0,10.9,-1.716998,-41.098998
EDUARDO COSTA,2023-12-26 04:10:03,114.0,10.8,-1.739385,-41.033033
EDUARDO COSTA,2023-12-26 04:12:10,103.0,10.5,-1.741498,-41.027165
EDUARDO COSTA,2023-12-26 04:17:07,91.0,10.2,-1.745641,-41.013165
EDUARDO COSTA,2023-12-26 04:20:00,110.0,10.9,-1.747665,-41.004998
EDUARDO COSTA,2023-12-26 04:22:49,95.0,10.7,-1.749665,-40.996998
EDUARDO COSTA,2023-12-26 04:34:34,108.0,10.5,-1.757831,-40.963831
EDUARDO COSTA,2023-12-26 04:39:37,113.0,10.8,-1.762175,-40.949616
EDUARDO COSTA,2023-12-26 04:41:43,100.0,10.6,-1.763916,-40.9437
EDUARDO COSTA,2023-12-26 04:43:44,102.0,10.7,-1.765665,-40.937998
EDUARDO COSTA,2023-12-26 04:47:23,101.0,10.8,-1.768831,-40.927665
EDUARDO COSTA,2023-12-26 04:50:37,105.0,10.9,-1.771338,-40.918515
EDUARDO COSTA,2023-12-26 04:52:53,108.0,10.5,-1.773211,-40.91206
EDUARDO COSTA,2023-12-26 05:19:40,105.0,10.8,-1.798998,-40.836498
EDUARDO COSTA,2023-12-26 05:21:47,96.0,10.8,-1.800598,-40.830516
EDUARDO COSTA,2023-12-26 05:24:53,116.0,11.3,-1.803165,-40.821665
EDUARDO COSTA,2023-12-26 05:27:33,110.0,10.9,-1.80534,-40.814025
EDUARDO COSTA,2023-12-26 05:27:40,109.0,11.1,-1.805431,-40.813688
EDUARDO COSTA,2023-12-26 05:31:59,99.0,10.8,-1.809083,-40.801348
EDUARDO COSTA,2023-12-26 05:48:55,110.0,11.2,-1.823898,-40.752646
EDUARDO COSTA,2023-12-26 05:51:51,103.0,10.8,-1.82671,-40.744273
EDUARDO COSTA,2023-12-26 05:52:44,116.0,10.6,-1.827605,-40.741723
EDUARDO COSTA,2023-12-26 05:52:58,110.0,10.6,-1.827856,-40.741068
EDUARDO COSTA,2023-12-26 05:54:17,113.0,11.1,-1.829165,-40.737331
EDUARDO COSTA,2023-12-26 05:54:20,113.0,11.1,-1.829165,-40.737331
EDUARDO COSTA,2023-12-26 05:55:58,107.0,10.4,-1.830748,-40.732543
EDUARDO COSTA,2023-12-26 05:59:53,105.0,10.7,-1.834498,-40.721498
EDUARDO COSTA,2023-12-26 08:34:57,106.0,11.1,-1.974753,-40.277786
EDUARDO COSTA,2023-12-26 08:40:27,97.0,11.2,-1.979991,-40.261995
EDUARDO COSTA,2023-12-26 08:43:20,106.0,11.1,-1.982786,-40.253701
EDUARDO COSTA,2023-12-26 09:43:24,109.0,10.6,-2.034665,-40.082831
EDUARDO COSTA,2023-12-26 09:48:36,118.0,10.8,-2.03978,-40.067813
EDUARDO COSTA,2023-12-26 09:53:46,107.0,11.0,-2.044845,-40.052868
EDUARDO COSTA,2023-12-26 10:16:56,106.0,10.9,-2.067576,-39.986195
EDUARDO COSTA,2023-12-26 10:19:00,100.0,10.7,-2.069498,-39.980331
EDUARDO COSTA,2023-12-26 10:21:17,101.0,11.0,-2.071413,-39.973713
EDUARDO COSTA,2023-12-26 10:24:00,114.0,11.0,-2.07335,-39.965748
EDUARDO COSTA,2023-12-26 10:26:39,100.0,11.1,-2.074976,-39.95804
EDUARDO COSTA,2023-12-26 10:55:03,100.0,10.9,-2.100498,-39.876998
EDUARDO COSTA,2023-12-26 10:57:55,103.0,11.0,-2.102895,-39.86877
EDUARDO COSTA,2023-12-26 11:00:42,109.0,10.8,-2.105338,-39.860905
EDUARDO COSTA,2023-12-26 11:04:37,110.0,10.8,-2.108718,-39.84972
EDUARDO COSTA,2023-12-26 11:13:39,101.0,10.9,-2.116556,-39.823751
EDUARDO COSTA,2023-12-26 11:17:37,114.0,10.9,-2.120063,-39.812346
EDUARDO COSTA,2023-12-26 11:31:04,99.0,11.0,-2.131831,-39.773665
EDUARDO COSTA,2023-12-26 11:35:42,101.0,11.1,-2.13595,-39.7601
EDUARDO COSTA,2023-12-26 11:48:13,102.0,11.0,-2.147095,-39.723673
EDUARDO COSTA,2023-12-26 12:03:03,108.0,10.7,-2.160498,-39.680665
EDUARDO COSTA,2023-12-26 12:03:34,112.0,11.0,-2.160831,-39.679165
EDUARDO COSTA,2023-12-26 12:15:29,134.0,11.2,-2.179665,-39.648665
EDUARDO COSTA,2023-12-26 14:17:40,136.0,11.5,-2.378665,-39.336831
EDUARDO COSTA,2023-12-26 14:51:26,124.0,11.5,-2.435831,-39.248498
EDUARDO COSTA,2023-12-26 15:13:56,126.0,10.9,-2.478831,-39.192165
EDUARDO COSTA,2023-12-26 15:20:02,135.0,11.2,-2.491665,-39.177831
EDUARDO COSTA,2023-12-26 15:27:26,137.0,11.0,-2.507331,-39.160498
EDUARDO COSTA,2023-12-26 15:32:46,118.0,11.8,-2.518665,-39.147998
EDUARDO COSTA,2023-12-26 16:00:38,126.0,10.9,-2.564756,-39.073083
EDUARDO COSTA,2023-12-26 16:04:15,118.0,11.1,-2.570665,-39.063331
EDUARDO COSTA,2023-12-26 16:05:38,120.0,11.2,-2.572778,-39.059526
EDUARDO COSTA,2023-12-26 16:06:51,112.0,11.0,-2.574721,-39.0562
EDUARDO COSTA,2023-12-26 16:09:22,111.0,11.3,-2.578611,-39.049466
EDUARDO COSTA,2023-12-26 16:14:15,118.0,11.4,-2.586498,-39.036498
EDUARDO COSTA,2023-12-26 16:20:35,115.0,11.3,-2.596843,-39.01939
EDUARDO COSTA,2023-12-26 16:24:23,115.0,11.2,-2.602998,-39.009331
EDUARDO COSTA,2023-12-26 16:25:03,114.0,11.3,-2.604165,-39.007665
EDUARDO COSTA,2023-12-26 16:26:03,112.0,11.3,-2.605665,-39.004998
EDUARDO COSTA,2023-12-26 16:28:53,112.0,10.9,-2.610331,-38.997498
EDUARDO COSTA,2023-12-26 16:34:32,126.0,10.8,-2.619903,-38.983136
EDUARDO COSTA,2023-12-26 16:39:59,120.0,11.1,-2.629803,-38.969523
EDUARDO COSTA,2023-12-26 16:41:42,121.0,11.3,-2.632998,-38.965165
EDUARDO COSTA,2023-12-26 16:57:12,127.0,11.4,-2.661093,-38.92613
EDUARDO COSTA,2023-12-26 17:00:46,121.0,11.3,-2.666998,-38.916831
EDUARDO COSTA,2023-12-26 17:13:12,122.0,11.1,-2.688415,-38.884
EDUARDO COSTA,2023-12-26 17:52:01,131.0,11.5,-2.75477,-38.782976
EDUARDO COSTA,2023-12-26 17:59:46,127.0,11.5,-2.768331,-38.762665
EDUARDO COSTA,2023-12-26 18:04:03,121.0,11.4,-2.775665,-38.751498
EDUARDO COSTA,2023-12-26 20:02:52,123.0,11.3,-2.98163,-38.440706
EDUARDO COSTA,2023-12-26 20:06:22,123.0,11.2,-2.987758,-38.431628
EDUARDO COSTA,2023-12-26 20:56:26,123.0,11.4,-3.072665,-38.298331
EDUARDO COSTA,2023-12-26 21:02:38,134.0,11.4,-3.083023,-38.28163
EDUARDO COSTA,2023-12-26 21:36:26,115.0,11.4,-3.145498,-38.193665
EDUARDO COSTA,2023-12-26 21:47:40,114.0,11.5,-3.165165,-38.163998
EDUARDO COSTA,2023-12-26 21:50:53,120.0,11.7,-3.170976,-38.155436
EDUARDO COSTA,2023-12-26 21:53:02,126.0,11.8,-3.174831,-38.149665
EDUARDO COSTA,2023-12-26 21:55:22,127.0,11.8,-3.178945,-38.143458
EDUARDO COSTA,2023-12-26 22:08:59,122.0,11.6,-3.202831,-38.106998
EDUARDO COSTA,2023-12-26 22:11:05,132.0,11.6,-3.206665,-38.101498
EDUARDO COSTA,2023-12-26 22:14:08,118.0,11.6,-3.212026,-38.093238
EDUARDO COSTA,2023-12-26 22:18:01,122.0,11.4,-3.218953,-38.082811
EDUARDO COSTA,2023-12-26 22:44:26,126.0,11.9,-3.264998,-38.010498
EDUARDO COSTA,2023-12-26 22:44:53,120.0,11.8,-3.265676,-38.009203
EDUARDO COSTA,2023-12-26 22:51:12,110.0,11.9,-3.275165,-37.990998
EDUARDO COSTA,2023-12-26 23:18:17,112.0,12.0,-3.318831,-37.912998
EDUARDO COSTA,2023-12-26 23:24:04,119.0,12.0,-3.328165,-37.896165
EDUARDO COSTA,2023-12-26 23:27:25,114.0,12.0,-3.333498,-37.886498
EDUARDO COSTA,2023-12-26 23:34:53,110.0,11.6,-3.34565,-37.86511
EDUARDO COSTA,2023-12-26 23:54:12,112.0,11.6,-3.378665,-37.810998
EDUARDO COSTA,2023-12-27 00:10:38,121.0,11.6,-3.407611,-37.765276
EDUARDO COSTA,2023-12-27 00:12:28,123.0,12.0,-3.41084,-37.760156
EDUARDO COSTA,2023-12-27 02:43:45,121.0,11.9,-3.657116,-37.33086
EDUARDO COSTA,2023-12-27 02:45:11,125.0,12.2,-3.659386,-37.32673
EDUARDO COSTA,2023-12-27 02:45:51,123.0,12.0,-3.660456,-37.324808
EDUARDO COSTA,2023-12-27 02:47:11,115.0,11.8,-3.662595,-37.320963
EDUARDO COSTA,2023-12-27 03:14:37,112.0,11.8,-3.70678,-37.242011
EDUARDO COSTA,2023-12-27 03:19:21,121.0,11.8,-3.714331,-37.228526
EDUARDO COSTA,2023-12-27 03:23:58,124.0,11.9,-3.72186,-37.215488
EDUARDO COSTA,2023-12-27 03:35:26,121.0,11.7,-3.740998,-37.183331
EDUARDO COSTA,2023-12-27 03:39:32,116.0,11.7,-3.747966,-37.171778
EDUARDO COSTA,2023-12-27 03:41:56,124.0,11.9,-3.751998,-37.165165
EDUARDO COSTA,2023-12-27 03:49:15,118.0,11.4,-3.763498,-37.144165
EDUARDO COSTA,2023-12-27 03:53:18,117.0,11.6,-3.769621,-37.132675
EDUARDO COSTA,2023-12-27 03:57:48,120.0,11.7,-3.776928,-37.120001
EDUARDO COSTA,2023-12-27 04:22:06,117.0,11.8,-3.817498,-37.052165
EDUARDO COSTA,2023-12-27 04:24:46,121.0,11.8,-3.821998,-37.044665
EDUARDO COSTA,2023-12-27 04:26:53,121.0,11.6,-3.82552,-37.038611
EDUARDO COSTA,2023-12-27 04:29:36,121.0,11.5,-3.830165,-37.030998
EDUARDO COSTA,2023-12-27 04:31:50,128.0,11.9,-3.833831,-37.024665
EDUARDO COSTA,2023-12-27 04:32:56,125.0,11.9,-3.835608,-37.021328
EDUARDO COSTA,2023-12-27 04:34:48,119.0,11.9,-3.838498,-37.015998
EDUARDO COSTA,2023-12-27 04:36:14,122.0,12.2,-3.840831,-37.011831
EDUARDO COSTA,2023-12-27 04:37:24,119.0,12.0,-3.842665,-37.008498
EDUARDO COSTA,2023-12-27 04:39:00,121.0,11.9,-3.845331,-37.003998
EDUARDO COSTA,2023-12-27 04:59:38,117.0,11.7,-3.877593,-36.944591
EDUARDO COSTA,2023-12-27 05:05:52,126.0,11.7,-3.887813,-36.926973
EDUARDO COSTA,2023-12-27 05:13:33,114.0,12.2,-3.900498,-36.904831
EDUARDO COSTA,2023-12-27 05:13:50,124.0,12.0,-3.900931,-36.904071
EDUARDO COSTA,2023-12-27 05:37:21,124.0,12.2,-3.941018,-36.836786
EDUARDO COSTA,2023-12-27 06:13:52,114.0,12.4,-4.001831,-36.730348
EDUARDO COSTA,2023-12-27 06:15:53,119.0,12.2,-4.00513,-36.724446
EDUARDO COSTA,2023-12-27 06:44:57,117.0,12.2,-4.055665,-36.640165
EDUARDO COSTA,2023-12-27 06:45:30,124.0,12.1,-4.05652,-36.638515
EDUARDO COSTA,2023-12-27 07:41:08,122.0,11.9,-4.150158,-36.47539
EDUARDO COSTA,2023-12-27 08:13:46,118.0,11.8,-4.202665,-36.382165
EDUARDO COSTA,2023-12-27 08:16:46,115.0,11.6,-4.207331,-36.373498
EDUARDO COSTA,2023-12-27 08:46:21,128.0,12.0,-4.257076,-36.289755
EDUARDO COSTA,2023-12-27 08:49:06,115.0,11.7,-4.261831,-36.281998
EDUARDO COSTA,2023-12-27 08:53:20,121.0,12.0,-4.269331,-36.270165
EDUARDO COSTA,2023-12-27 09:17:36,122.0,12.1,-4.309331,-36.200331
EDUARDO COSTA,2023-12-27 09:21:59,112.0,12.2,-4.316295,-36.187285
EDUARDO COSTA,2023-12-27 09:24:26,122.0,12.0,-4.320165,-36.179998
EDUARDO COSTA,2023-12-27 09:26:39,115.0,12.1,-4.323706,-36.173405
EDUARDO COSTA,2023-12-27 09:56:06,122.0,11.9,-4.372498,-36.087831
EDUARDO COSTA,2023-12-27 10:02:19,117.0,11.7,-4.383378,-36.069918
EDUARDO COSTA,2023-12-27 10:11:37,122.0,12.3,-4.399701,-36.04329
EDUARDO COSTA,2023-12-27 10:32:06,118.0,12.4,-4.435998,-35.984498
EDUARDO COSTA,2023-12-27 10:35:06,122.0,12.1,-4.441331,-35.975831
EDUARDO COSTA,2023-12-27 10:37:12,124.0,12.6,-4.444831,-35.969665
EDUARDO COSTA,2023-12-27 11:04:18,129.0,12.3,-4.493596,-35.891375
EDUARDO COSTA,2023-12-27 11:09:18,124.0,12.1,-4.503555,-35.877541
EDUARDO COSTA,2023-12-27 11:11:30,127.0,12.3,-4.507998,-35.871498
EDUARDO COSTA,2023-12-27 12:12:05,119.0,11.3,-4.609331,-35.702165
EDUARDO COSTA,2023-12-27 12:38:18,119.0,12.2,-4.648386,-35.624568
EDUARDO COSTA,2023-12-27 12:44:47,119.0,12.1,-4.658551,-35.605238
EDUARDO COSTA,2023-12-27 13:22:03,122.0,12.0,-4.719883,-35.495533
EDUARDO COSTA,2023-12-27 13:55:24,122.0,12.2,-4.781165,-35.400498
EDUARDO COSTA,2023-12-27 13:58:05,122.0,12.1,-4.785831,-35.392831
EDUARDO COSTA,2023-12-27 14:00:45,111.0,12.2,-4.790165,-35.384998
EDUARDO COSTA,2023-12-27 15:02:09,121.0,12.4,-4.88993,-35.20388
EDUARDO COSTA,2023-12-27 15:08:03,115.0,11.9,-4.899898,-35.186538
EDUARDO COSTA,2023-12-27 15:10:50,120.0,12.4,-4.904498,-35.178331
EDUARDO COSTA,2023-12-27 15:17:16,117.0,12.2,-4.914665,-35.159331
EDUARDO COSTA,2023-12-27 15:34:59,120.0,11.8,-4.942418,-35.107611
EDUARDO COSTA,2023-12-27 15:37:20,117.0,12.0,-4.946165,-35.100831
EDUARDO COSTA,2023-12-27 15:43:59,120.0,11.6,-4.956686,-35.081575
EDUARDO COSTA,2023-12-27 16:05:19,155.0,12.4,-4.995998,-35.024831
EDUARDO COSTA,2023-12-27 16:11:32,152.0,12.4,-5.014536,-35.014745
EDUARDO COSTA,2023-12-27 16:15:26,151.0,12.4,-5.025998,-35.008498
EDUARDO COSTA,2023-12-27 16:34:57,160.0,12.5,-5.086253,-34.979283
EDUARDO COSTA,2023-12-27 16:42:44,167.0,12.6,-5.112831,-34.974165
EDUARDO COSTA,2023-12-27 16:42:57,168.0,12.6,-5.113498,-34.973998
EDUARDO COSTA,2023-12-27 16:43:47,170.0,12.4,-5.116306,-34.973501
EDUARDO COSTA,2023-12-27 16:45:00,164.0,12.5,-5.12046,-34.972506
EDUARDO COSTA,2023-12-27 16:45:41,162.0,12.2,-5.122675,-34.97188
EDUARDO COSTA,2023-12-27 16:57:00,163.0,12.5,-5.160331,-34.960831
EDUARDO COSTA,2023-12-27 16:59:56,165.0,12.6,-5.170331,-34.957998
EDUARDO COSTA,2023-12-27 19:04:46,161.0,12.3,-5.592831,-34.852331
EDUARDO COSTA,2023-12-27 19:52:59,162.0,12.9,-5.75825,-34.806336
EDUARDO COSTA,2023-12-27 20:47:02,169.0,13.2,-5.948165,-34.763331
EDUARDO COSTA,2023-12-27 20:51:30,169.0,12.9,-5.964165,-34.759998
EDUARDO COSTA,2023-12-27 20:54:30,167.0,13.0,-5.974831,-34.757831
EDUARDO COSTA,2023-12-27 21:14:02,171.0,13.3,-6.045165,-34.743331
EDUARDO COSTA,2023-12-27 21:21:16,167.0,13.2,-6.071331,-34.737331
EDUARDO COSTA,2023-12-27 21:38:19,164.0,13.2,-6.132855,-34.722651
EDUARDO COSTA,2023-12-27 21:42:37,167.0,13.9,-6.148461,-34.71895
EDUARDO COSTA,2023-12-27 21:45:06,164.0,13.1,-6.157498,-34.716831
EDUARDO COSTA,2023-12-27 21:45:33,168.0,13.1,-6.159106,-34.716461
EDUARDO COSTA,2023-12-27 21:47:37,163.0,13.0,-6.1666,-34.714673
EDUARDO COSTA,2023-12-27 21:52:07,168.0,13.6,-6.182998,-34.710831
EDUARDO COSTA,2023-12-27 21:56:54,168.0,13.8,-6.200165,-34.706665
EDUARDO COSTA,2023-12-27 22:21:11,163.0,13.0,-6.288331,-34.686998
EDUARDO COSTA,2023-12-27 22:31:43,165.0,13.4,-6.325933,-34.676573
EDUARDO COSTA,2023-12-27 22:31:48,164.0,13.4,-6.326165,-34.676498
EDUARDO COSTA,2023-12-27 22:38:11,166.0,13.3,-6.348998,-34.670165
EDUARDO COSTA,2023-12-27 22:57:34,166.0,13.0,-6.417823,-34.651025
EDUARDO COSTA,2023-12-28 00:53:07,165.0,14.0,-6.832996,-34.541693
EDUARDO COSTA,2023-12-28 00:57:29,167.0,13.6,-6.849056,-34.537681
EDUARDO COSTA,2023-12-28 02:23:49,186.0,13.9,-7.174236,-34.52389
EDUARDO COSTA,2023-12-28 02:35:51,188.0,14.0,-7.220361,-34.530105
EDUARDO COSTA,2023-12-28 02:38:23,192.0,13.7,-7.230085,-34.531583
EDUARDO COSTA,2023-12-28 02:40:35,188.0,13.8,-7.238528,-34.53294
EDUARDO COSTA,2023-12-28 02:43:39,190.0,14.2,-7.250331,-34.534831
EDUARDO COSTA,2023-12-28 02:54:13,186.0,13.7,-7.290831,-34.541161
EDUARDO COSTA,2023-12-28 02:58:35,189.0,13.9,-7.30757,-34.54372
EDUARDO COSTA,2023-12-28 03:25:35,191.0,13.9,-7.410918,-34.559741
EDUARDO COSTA,2023-12-28 03:28:03,183.0,14.0,-7.420498,-34.561165
EDUARDO COSTA,2023-12-28 03:30:07,192.0,14.1,-7.428316,-34.562265
EDUARDO COSTA,2023-12-28 03:30:47,187.0,13.7,-7.430873,-34.562615
EDUARDO COSTA,2023-12-28 03:32:50,190.0,13.9,-7.438813,-34.563586
EDUARDO COSTA,2023-12-28 03:33:19,183.0,14.0,-7.440605,-34.56382
EDUARDO COSTA,2023-12-28 04:00:15,188.0,13.5,-7.544216,-34.576438
EDUARDO COSTA,2023-12-28 04:00:35,185.0,13.9,-7.545496,-34.576605
EDUARDO COSTA,2023-12-28 04:00:51,191.0,14.1,-7.54646,-34.576733
EDUARDO COSTA,2023-12-28 04:01:05,176.0,14.5,-7.547421,-34.576853
EDUARDO COSTA,2023-12-28 04:01:11,194.0,13.9,-7.547805,-34.57693
EDUARDO COSTA,2023-12-28 04:02:23,191.0,13.6,-7.552423,-34.57748
EDUARDO COSTA,2023-12-28 04:02:25,181.0,13.7,-7.55255,-34.57749
EDUARDO COSTA,2023-12-28 04:02:42,188.0,13.5,-7.553705,-34.577631
EDUARDO COSTA,2023-12-28 04:03:55,179.0,14.0,-7.558185,-34.578171
EDUARDO COSTA,2023-12-28 04:05:09,191.0,13.8,-7.563063,-34.57877
EDUARDO COSTA,2023-12-28 04:06:55,182.0,14.2,-7.569751,-34.579613
EDUARDO COSTA,2023-12-28 04:10:53,182.0,13.6,-7.585001,-34.581521
EDUARDO COSTA,2023-12-28 04:20:15,193.0,14.1,-7.620995,-34.586055
EDUARDO COSTA,2023-12-28 04:28:05,189.0,14.1,-7.651148,-34.589958
EDUARDO COSTA,2023-12-28 04:32:10,192.0,13.7,-7.666881,-34.592503
EDUARDO COSTA,2023-12-28 04:35:23,190.0,13.9,-7.67922,-34.594551
EDUARDO COSTA,2023-12-28 04:37:39,190.0,13.5,-7.687846,-34.595906
EDUARDO COSTA,2023-12-28 04:43:25,190.0,13.7,-7.709975,-34.599361
EDUARDO COSTA,2023-12-28 04:45:47,189.0,13.6,-7.719036,-34.600773
EDUARDO COSTA,2023-12-28 04:46:08,195.0,14.3,-7.720498,-34.600998
EDUARDO COSTA,2023-12-28 04:48:33,192.0,13.6,-7.729726,-34.602491
EDUARDO COSTA,2023-12-28 04:49:05,191.0,14.0,-7.731763,-34.602803
EDUARDO COSTA,2023-12-28 04:49:20,184.0,13.8,-7.732665,-34.602998
EDUARDO COSTA,2023-12-28 04:49:25,189.0,14.1,-7.733036,-34.602996
EDUARDO COSTA,2023-12-28 04:49:33,187.0,14.0,-7.733546,-34.603073
EDUARDO COSTA,2023-12-28 04:50:23,187.0,13.7,-7.736715,-34.603621
EDUARDO COSTA,2023-12-28 04:50:57,190.0,14.0,-7.738876,-34.603978
EDUARDO COSTA,2023-12-28 04:51:05,188.0,14.0,-7.739386,-34.604061
EDUARDO COSTA,2023-12-28 04:52:05,189.0,13.8,-7.743208,-34.604656
EDUARDO COSTA,2023-12-28 04:52:27,187.0,13.6,-7.74461,-34.604875
EDUARDO COSTA,2023-12-28 04:52:33,190.0,13.4,-7.74499,-34.60494
EDUARDO COSTA,2023-12-28 04:53:21,190.0,14.1,-7.748113,-34.605421
EDUARDO COSTA,2023-12-28 04:53:25,188.0,13.7,-7.748301,-34.605453
EDUARDO COSTA,2023-12-28 04:53:39,191.0,14.0,-7.749196,-34.605595
EDUARDO COSTA,2023-12-28 04:54:14,186.0,13.6,-7.751498,-34.605998
EDUARDO COSTA,2023-12-28 04:54:32,194.0,13.6,-7.752498,-34.606165
EDUARDO COSTA,2023-12-28 04:54:35,184.0,13.9,-7.752765,-34.606176
EDUARDO COSTA,2023-12-28 04:54:39,195.0,14.0,-7.753018,-34.60621
EDUARDO COSTA,2023-12-28 04:54:51,197.0,14.2,-7.753843,-34.606375
EDUARDO COSTA,2023-12-28 04:55:08,185.0,13.7,-7.754831,-34.606498
EDUARDO COSTA,2023-12-28 05:09:42,187.0,14.0,-7.810345,-34.615283
EDUARDO COSTA,2023-12-28 05:13:40,190.0,13.6,-7.82543,-34.617575
EDUARDO COSTA,2023-12-28 05:13:59,187.0,13.6,-7.82657,-34.617746
EDUARDO COSTA,2023-12-28 05:19:42,188.0,13.5,-7.848246,-34.621033
EDUARDO COSTA,2023-12-28 06:39:39,183.0,13.4,-8.149163,-34.666103
EDUARDO COSTA,2023-12-28 06:43:45,184.0,13.4,-8.164538,-34.66848
EDUARDO COSTA,2023-12-28 07:17:49,11.0,12.8,-8.242435,-34.667638
EDUARDO COSTA,2023-12-28 07:52:50,355.0,13.3,-8.113818,-34.646211
EDUARDO COSTA,2023-12-28 08:19:40,8.0,13.5,-8.012756,-34.639885
EDUARDO COSTA,2023-12-28 08:22:20,2.0,13.6,-8.002786,-34.63858
EDUARDO COSTA,2023-12-28 08:26:27,5.0,13.4,-7.98752,-34.636478
EDUARDO COSTA,2023-12-28 08:28:19,335.0,12.1,-7.980715,-34.636828
EDUARDO COSTA,2023-12-28 08:57:42,180.0,13.2,-8.070906,-34.65619
EDUARDO COSTA,2023-12-28 08:59:50,182.0,13.3,-8.079008,-34.656545
EDUARDO COSTA,2023-12-28 09:02:56,188.0,13.7,-8.090665,-34.657165
EDUARDO COSTA,2023-12-28 09:13:43,187.0,14.1,-8.131651,-34.659618
EDUARDO COSTA,2023-12-28 09:15:47,184.0,13.6,-8.139506,-34.660125
EDUARDO COSTA,2023-12-28 09:33:50,191.0,13.6,-8.208443,-34.666005
EDUARDO COSTA,2023-12-28 10:03:31,198.0,14.2,-8.318725,-34.700955
EDUARDO COSTA,2023-12-28 10:05:08,203.0,14.2,-8.324665,-34.703498
EDUARDO COSTA,2023-12-28 10:05:55,206.0,14.5,-8.327508,-34.70472
EDUARDO COSTA,2023-12-28 10:08:55,202.0,14.3,-8.33857,-34.709265
EDUARDO COSTA,2023-12-28 10:10:03,204.0,14.5,-8.342748,-34.710985
EDUARDO COSTA,2023-12-28 10:47:09,264.0,8.7,-8.398998,-34.804665
EDUARDO COSTA,2023-12-28 10:52:38,261.0,8.2,-8.400888,-34.817758
EDUARDO COSTA,2023-12-28 10:54:59,246.0,7.7,-8.402778,-34.822496
EDUARDO COSTA,2023-12-28 11:02:20,267.0,8.1,-8.407665,-34.837998
EDUARDO COSTA,2023-12-28 14:03:39,19.0,0.2,-8.401331,-34.903331
EDUARDO COSTA,2023-12-28 15:48:38,359.0,0.2,-8.401123,-34.903383
EDUARDO COSTA,2023-12-29 03:21:38,12.0,0.4,-8.401165,-34.903331
EDUARDO COSTA,2023-12-29 04:12:38,162.0,0.3,-8.400998,-34.903498
EDUARDO COSTA,2023-12-29 15:36:35,152.0,0.2,-8.401165,-34.903498
EDUARDO COSTA,2023-12-29 23:45:37,330.0,0.5,-8.401635,-34.903208
EDUARDO COSTA,2023-12-30 15:00:38,334.0,0.4,-8.401665,-34.903165
EDUARDO COSTA,2023-12-30 20:31:04,260.0,0.3,-8.401998,-34.903331
EDUARDO COSTA,2023-12-30 21:45:21,331.0,0.7,-8.40206,-34.903158
EDUARDO COSTA,2023-12-31 01:27:12,140.0,1.0,-8.402256,-34.903091
EDUARDO COSTA,2023-12-31 03:27:54,137.0,0.9,-8.402331,-34.902998
EDUARDO COSTA,2023-12-31 07:12:54,283.0,0.7,-8.402748,-34.90244
EDUARDO COSTA,2023-12-31 07:48:55,304.0,1.1,-8.402696,-34.90256
EDUARDO COSTA,2023-12-31 18:43:00,325.0,1.1,-8.402331,-34.903165
EDUARDO COSTA,2023-12-31 19:39:08,317.0,1.8,-8.402215,-34.903143
EDUARDO COSTA,2024-01-01 03:04:02,146.0,0.8,-8.402565,-34.902758
EDUARDO COSTA,2024-01-01 03:37:01,137.0,0.3,-8.402668,-34.90272
EDUARDO COSTA,2024-01-01 07:58:03,295.0,0.6,-8.402811,-34.902563
EDUARDO COSTA,2024-01-01 08:31:02,117.0,0.8,-8.402795,-34.902601
EDUARDO COSTA,2024-01-01 09:40:03,301.0,0.9,-8.402851,-34.902525
EDUARDO COSTA,2024-01-02 02:43:04,236.0,0.2,-8.403165,-34.901831
EDUARDO COSTA,2024-01-03 00:22:02,126.0,0.9,-8.402861,-34.90272
EDUARDO COSTA,2024-01-03 02:55:01,142.0,0.3,-8.402766,-34.902738
EDUARDO COSTA,2024-01-03 06:34:03,116.0,0.5,-8.402831,-34.902831
EDUARDO COSTA,2024-01-03 12:49:01,287.0,0.7,-8.40286,-34.902708
EDUARDO COSTA,2024-01-03 19:40:03,114.0,1.3,-8.402916,-34.902666
EDUARDO COSTA,2024-01-04 07:22:03,117.0,1.0,-8.402925,-34.90265
EDUARDO COSTA,2024-01-04 07:40:03,121.0,0.4,-8.402871,-34.902663
EDUARDO COSTA,2024-01-04 08:28:02,308.0,1.6,-8.402831,-34.902831
EDUARDO COSTA,2024-01-05 06:58:14,326.0,0.6,-8.402521,-34.903031
EDUARDO COSTA,2024-01-06 05:37:15,332.0,1.2,-8.40211,-34.903248
EDUARDO COSTA,2024-01-06 06:34:16,135.0,0.4,-8.402165,-34.903331
EDUARDO COSTA,2024-01-06 16:15:23,195.0,14.1,-8.572345,-34.878276
EDUARDO COSTA,2024-01-06 17:00:50,194.0,14.0,-8.743035,-34.928166
EDUARDO COSTA,2024-01-06 17:03:52,197.0,14.3,-8.754461,-34.931111
EDUARDO COSTA,2024-01-06 17:09:17,194.0,13.8,-8.774945,-34.936268
EDUARDO COSTA,2024-01-06 17:48:46,194.0,14.2,-8.922826,-34.978298
EDUARDO COSTA,2024-01-06 17:51:03,197.0,14.4,-8.931498,-34.980808
EDUARDO COSTA,2024-01-06 17:53:57,197.0,14.5,-8.942876,-34.984071
EDUARDO COSTA,2024-01-06 17:54:20,197.0,14.5,-8.944155,-34.984443
EDUARDO COSTA,2024-01-06 17:57:12,191.0,14.2,-8.955143,-34.987691
EDUARDO COSTA,2024-01-06 17:57:33,194.0,14.4,-8.956416,-34.988066
EDUARDO COSTA,2024-01-06 17:59:24,195.0,14.5,-8.96357,-34.990098
EDUARDO COSTA,2024-01-06 18:23:08,200.0,14.4,-9.05388,-35.018706
EDUARDO COSTA,2024-01-06 18:47:02,199.0,14.2,-9.144205,-35.050838
EDUARDO COSTA,2024-01-06 18:55:34,196.0,14.1,-9.176783,-35.061171
EDUARDO COSTA,2024-01-06 18:58:11,199.0,14.5,-9.18665,-35.06443
EDUARDO COSTA,2024-01-06 19:00:12,202.0,14.3,-9.19435,-35.066966
EDUARDO COSTA,2024-01-06 19:02:52,197.0,14.5,-9.20448,-35.070253
EDUARDO COSTA,2024-01-06 19:05:52,197.0,14.2,-9.21587,-35.073906
EDUARDO COSTA,2024-01-06 19:32:42,200.0,14.1,-9.317116,-35.10692
EDUARDO COSTA,2024-01-06 22:04:49,198.0,14.0,-9.884413,-35.298815
EDUARDO COSTA,2024-01-06 22:54:45,202.0,13.5,-10.061665,-35.360998
EDUARDO COSTA,2024-01-06 22:58:29,196.0,13.0,-10.074951,-35.365505
EDUARDO COSTA,2024-01-06 23:02:21,196.0,13.6,-10.088621,-35.370096
EDUARDO COSTA,2024-01-06 23:46:49,199.0,13.1,-10.244831,-35.420665
EDUARDO COSTA,2024-01-07 00:02:55,202.0,13.0,-10.300831,-35.440498
EDUARDO COSTA,2024-01-07 00:03:18,195.0,13.2,-10.302098,-35.441055
EDUARDO COSTA,2024-01-07 00:03:45,201.0,13.3,-10.303665,-35.441665
EDUARDO COSTA,2024-01-07 00:04:32,203.0,13.3,-10.306376,-35.442635
EDUARDO COSTA,2024-01-07 00:06:39,197.0,13.0,-10.313683,-35.445348
EDUARDO COSTA,2024-01-07 00:39:39,195.0,13.4,-10.429335,-35.487718
EDUARDO COSTA,2024-01-07 00:41:42,195.0,13.6,-10.43667,-35.490226
EDUARDO COSTA,2024-01-07 01:12:39,194.0,13.2,-10.546998,-35.525831
EDUARDO COSTA,2024-01-07 01:13:12,197.0,13.2,-10.548998,-35.526498
EDUARDO COSTA,2024-01-07 03:47:22,198.0,13.5,-11.092933,-35.709988
EDUARDO COSTA,2024-01-07 03:50:42,195.0,13.5,-11.104916,-35.713806
EDUARDO COSTA,2024-01-07 04:23:38,200.0,13.6,-11.222525,-35.754995
EDUARDO COSTA,2024-01-07 04:24:42,197.0,13.3,-11.226431,-35.756418
EDUARDO COSTA,2024-01-07 04:24:56,201.0,13.7,-11.227261,-35.756723
EDUARDO COSTA,2024-01-07 04:25:54,201.0,13.7,-11.230701,-35.757951
EDUARDO COSTA,2024-01-07 04:25:56,198.0,13.5,-11.23082,-35.757991
EDUARDO COSTA,2024-01-07 04:26:36,201.0,13.5,-11.233165,-35.758831
EDUARDO COSTA,2024-01-07 04:26:56,199.0,13.5,-11.234378,-35.759241
EDUARDO COSTA,2024-01-07 04:27:29,201.0,13.7,-11.236331,-35.759998
EDUARDO COSTA,2024-01-07 04:27:53,200.0,13.5,-11.237688,-35.760418
EDUARDO COSTA,2024-01-07 04:28:31,202.0,13.6,-11.239831,-35.761165
EDUARDO COSTA,2024-01-07 04:28:44,198.0,13.7,-11.240665,-35.761498
EDUARDO COSTA,2024-01-07 04:28:57,200.0,13.5,-11.241473,-35.761765
EDUARDO COSTA,2024-01-07 04:29:08,204.0,13.6,-11.242058,-35.761988
EDUARDO COSTA,2024-01-07 04:29:23,196.0,13.6,-11.243,-35.762335
EDUARDO COSTA,2024-01-07 04:29:31,204.0,13.7,-11.243331,-35.762498
EDUARDO COSTA,2024-01-07 04:29:34,194.0,13.4,-11.243665,-35.762498
EDUARDO COSTA,2024-01-07 04:29:44,195.0,13.5,-11.244165,-35.762831
EDUARDO COSTA,2024-01-07 04:30:00,200.0,13.4,-11.245165,-35.763165
EDUARDO COSTA,2024-01-07 04:30:04,199.0,13.7,-11.245498,-35.763165
EDUARDO COSTA,2024-01-07 04:30:08,203.0,13.6,-11.245588,-35.763285
EDUARDO COSTA,2024-01-07 04:30:21,200.0,13.6,-11.246331,-35.763498
EDUARDO COSTA,2024-01-07 04:31:04,202.0,13.3,-11.248876,-35.764501
EDUARDO COSTA,2024-01-07 04:32:16,199.0,13.5,-11.253165,-35.766165
EDUARDO COSTA,2024-01-07 04:32:51,203.0,13.6,-11.255165,-35.766831
EDUARDO COSTA,2024-01-07 04:32:57,199.0,13.2,-11.255498,-35.766998
EDUARDO COSTA,2024-01-07 04:34:52,199.0,13.2,-11.262263,-35.769431
EDUARDO COSTA,2024-01-07 04:35:20,198.0,13.5,-11.263918,-35.770011
EDUARDO COSTA,2024-01-07 04:36:56,199.0,13.9,-11.269633,-35.771886
EDUARDO COSTA,2024-01-07 04:41:11,198.0,13.1,-11.284831,-35.776831
EDUARDO COSTA,2024-01-07 04:58:51,198.0,13.6,-11.34832,-35.797565
EDUARDO COSTA,2024-01-07 05:01:59,199.0,13.9,-11.359568,-35.801438
EDUARDO COSTA,2024-01-07 05:05:21,199.0,13.6,-11.371801,-35.805575
EDUARDO COSTA,2024-01-07 05:31:17,199.0,13.6,-11.463808,-35.837396
EDUARDO COSTA,2024-01-07 05:35:20,199.0,13.3,-11.477998,-35.842498
EDUARDO COSTA,2024-01-07 05:38:17,200.0,13.6,-11.488341,-35.84624
EDUARDO COSTA,2024-01-07 05:38:33,199.0,13.4,-11.489331,-35.846665
EDUARDO COSTA,2024-01-07 06:09:11,200.0,13.2,-11.597165,-35.881998
EDUARDO COSTA,2024-01-07 06:15:18,199.0,13.2,-11.61884,-35.888836
EDUARDO COSTA,2024-01-07 06:23:19,200.0,13.7,-11.647361,-35.898106
EDUARDO COSTA,2024-01-07 06:25:53,199.0,13.6,-11.656466,-35.901428
EDUARDO COSTA,2024-01-07 07:14:46,200.0,13.7,-11.831831,-35.963165
EDUARDO COSTA,2024-01-07 08:04:32,197.0,13.8,-12.011648,-36.024615
EDUARDO COSTA,2024-01-07 09:24:51,201.0,13.7,-12.302921,-36.123441
EDUARDO COSTA,2024-01-07 11:13:10,183.6,14.0,-12.704398,-36.261428
EDUARDO COSTA,2024-01-07 11:16:45,184.8,14.0,-12.717738,-36.265781
EDUARDO COSTA,2024-01-07 11:47:57,184.7,13.8,-12.832758,-36.302895
EDUARDO COSTA,2024-01-07 12:08:02,186.0,13.7,-12.906313,-36.3273
EDUARDO COSTA,2024-01-07 12:17:47,186.4,13.8,-12.941831,-36.339665
EDUARDO COSTA,2024-01-07 14:06:56,184.9,13.7,-13.330665,-36.478498
EDUARDO COSTA,2024-01-07 16:07:56,183.9,14.0,-13.774096,-36.629015
EDUARDO COSTA,2024-01-07 16:26:39,185.7,13.9,-13.843965,-36.652036
EDUARDO COSTA,2024-01-07 16:28:50,186.4,14.0,-13.852045,-36.65507
EDUARDO COSTA,2024-01-07 16:28:57,186.3,14.0,-13.852413,-36.655205
EDUARDO COSTA,2024-01-07 16:31:40,186.7,14.1,-13.862523,-36.658888
EDUARDO COSTA,2024-01-07 18:00:08,187.5,13.8,-14.188993,-36.774051
EDUARDO COSTA,2024-01-07 18:05:49,187.4,13.8,-14.209498,-36.782165
EDUARDO COSTA,2024-01-07 18:11:17,187.7,13.8,-14.229178,-36.790113
EDUARDO COSTA,2024-01-07 18:40:03,182.1,13.9,-14.335781,-36.822835
EDUARDO COSTA,2024-01-07 18:44:16,181.8,13.8,-14.351625,-36.827451
EDUARDO COSTA,2024-01-07 19:13:58,186.8,13.6,-14.459665,-36.864331
EDUARDO COSTA,2024-01-07 19:16:38,182.4,13.7,-14.469491,-36.867453
EDUARDO COSTA,2024-01-07 19:18:09,182.5,13.6,-14.474998,-36.869165
EDUARDO COSTA,2024-01-07 19:44:52,182.5,13.6,-14.572331,-36.899165
EDUARDO COSTA,2024-01-07 21:03:59,183.6,13.6,-14.857403,-37.003811
EDUARDO COSTA,2024-01-07 21:56:36,184.6,13.4,-15.046165,-37.068831
EDUARDO COSTA,2024-01-07 22:42:59,186.1,13.3,-15.210415,-37.12567
EDUARDO COSTA,2024-01-07 22:46:48,186.5,13.2,-15.223665,-37.130665
EDUARDO COSTA,2024-01-07 23:37:47,182.9,13.3,-15.403665,-37.190165
EDUARDO COSTA,2024-01-07 23:56:25,185.3,13.2,-15.469331,-37.211998
EDUARDO COSTA,2024-01-08 00:13:31,184.9,13.3,-15.529498,-37.232331
EDUARDO COSTA,2024-01-08 00:17:52,184.6,13.3,-15.544831,-37.237665
EDUARDO COSTA,2024-01-08 00:51:58,186.4,13.2,-15.663901,-37.280238
EDUARDO COSTA,2024-01-08 01:38:17,184.8,13.3,-15.825665,-37.338331
EDUARDO COSTA,2024-01-08 02:35:42,181.6,13.7,-16.032998,-37.400998
EDUARDO COSTA,2024-01-08 03:31:17,185.4,13.7,-16.229831,-37.481831
EDUARDO COSTA,2024-01-08 03:58:58,184.8,13.7,-16.329998,-37.517665
EDUARDO COSTA,2024-01-08 04:02:12,182.1,13.6,-16.341831,-37.521331
EDUARDO COSTA,2024-01-08 04:32:33,184.7,13.6,-16.453901,-37.55854
EDUARDO COSTA,2024-01-08 04:37:53,184.1,13.6,-16.473165,-37.564998
EDUARDO COSTA,2024-01-08 04:44:12,185.2,13.7,-16.496165,-37.572831
EDUARDO COSTA,2024-01-08 04:46:42,183.4,13.6,-16.505331,-37.575998
EDUARDO COSTA,2024-01-08 04:47:42,184.1,13.8,-16.508998,-37.577165
EDUARDO COSTA,2024-01-08 04:48:33,184.0,13.8,-16.512105,-37.5783
EDUARDO COSTA,2024-01-08 04:49:22,184.2,13.7,-16.515148,-37.579331
EDUARDO COSTA,2024-01-08 04:49:42,184.4,13.7,-16.516331,-37.579665
EDUARDO COSTA,2024-01-08 04:49:53,185.0,13.7,-16.51697,-37.579956
EDUARDO COSTA,2024-01-08 04:58:41,187.0,13.6,-16.548708,-37.59156
EDUARDO COSTA,2024-01-08 04:58:42,187.4,13.5,-16.548831,-37.591665
EDUARDO COSTA,2024-01-08 05:00:15,186.4,13.6,-16.554165,-37.593665
EDUARDO COSTA,2024-01-08 05:01:01,185.5,13.6,-16.557035,-37.594686
EDUARDO COSTA,2024-01-08 05:11:01,185.5,13.4,-16.592628,-37.607205
EDUARDO COSTA,2024-01-08 05:27:44,184.9,13.3,-16.652165,-37.626998
EDUARDO COSTA,2024-01-08 05:43:01,186.5,12.9,-16.705665,-37.646498
EDUARDO COSTA,2024-01-08 06:16:11,185.1,13.1,-16.820838,-37.686798
EDUARDO COSTA,2024-01-08 06:21:04,184.8,13.2,-16.837998,-37.692665
EDUARDO COSTA,2024-01-08 06:24:38,185.0,13.2,-16.850498,-37.696998
EDUARDO COSTA,2024-01-08 06:26:48,184.8,13.2,-16.858165,-37.699498
EDUARDO COSTA,2024-01-08 07:09:18,183.3,13.3,-17.007165,-37.751831
EDUARDO COSTA,2024-01-08 07:15:55,185.1,13.3,-17.030751,-37.759793
EDUARDO COSTA,2024-01-08 08:00:21,185.9,13.2,-17.187498,-37.814331
EDUARDO COSTA,2024-01-08 08:29:58,185.0,13.3,-17.290998,-37.850831
EDUARDO COSTA,2024-01-08 09:00:11,184.5,13.2,-17.398021,-37.888371
EDUARDO COSTA,2024-01-08 09:41:51,184.3,13.3,-17.545503,-37.93879
EDUARDO COSTA,2024-01-08 10:14:18,186.4,13.4,-17.659498,-37.980498
EDUARDO COSTA,2024-01-08 10:46:14,184.6,13.8,-17.773665,-38.020665
EDUARDO COSTA,2024-01-08 11:23:41,185.1,13.7,-17.909165,-38.069165
EDUARDO COSTA,2024-01-08 12:05:21,205.5,13.9,-18.050786,-38.144981
EDUARDO COSTA,2024-01-08 12:09:34,206.5,13.9,-18.063378,-38.15598
EDUARDO COSTA,2024-01-08 12:12:22,206.1,13.9,-18.071711,-38.163356
EDUARDO COSTA,2024-01-08 12:58:02,204.2,14.1,-18.20989,-38.282986
EDUARDO COSTA,2024-01-08 13:25:29,203.5,14.4,-18.296201,-38.353061
EDUARDO COSTA,2024-01-08 13:52:46,209.0,14.4,-18.382221,-38.424871
EDUARDO COSTA,2024-01-08 14:16:47,206.9,14.4,-18.45493,-38.491703
EDUARDO COSTA,2024-01-08 15:08:52,207.9,14.0,-18.617011,-38.626888
EDUARDO COSTA,2024-01-08 16:00:52,210.0,13.8,-18.769885,-38.768856
EDUARDO COSTA,2024-01-08 16:49:45,205.1,13.9,-18.919446,-38.892326
EDUARDO COSTA,2024-01-08 16:54:24,207.2,14.0,-18.933643,-38.904453
EDUARDO COSTA,2024-01-08 17:44:48,204.5,13.9,-19.083461,-39.038893
EDUARDO COSTA,2024-01-08 18:12:28,204.3,14.1,-19.168831,-39.109998
EDUARDO COSTA,2024-01-08 18:14:34,203.6,14.1,-19.175331,-39.115165
EDUARDO COSTA,2024-01-08 18:46:41,209.1,14.0,-19.274115,-39.19867
EDUARDO COSTA,2024-01-08 20:02:00,206.6,14.4,-19.50387,-39.402975
EDUARDO COSTA,2024-01-08 20:59:20,206.2,14.7,-19.684451,-39.558501
EDUARDO COSTA,2024-01-08 21:02:18,207.2,14.6,-19.693833,-39.566626
EDUARDO COSTA,2024-01-08 21:46:54,205.1,15.0,-19.834965,-39.693035
EDUARDO COSTA,2024-01-08 21:50:50,205.6,15.0,-19.847728,-39.704031
EDUARDO COSTA,2024-01-08 21:54:57,203.8,14.9,-19.861085,-39.715336
EDUARDO COSTA,2024-01-08 22:36:44,204.4,15.0,-19.997388,-39.830221
EDUARDO COSTA,2024-01-08 22:38:46,186.5,14.6,-20.004741,-39.834425
EDUARDO COSTA,2024-01-08 22:42:45,183.6,15.2,-20.020573,-39.839965
EDUARDO COSTA,2024-01-08 23:54:52,183.3,15.0,-20.311665,-39.937665
EDUARDO COSTA,2024-01-09 00:04:54,183.1,14.8,-20.35196,-39.951171
EDUARDO COSTA,2024-01-09 00:25:35,184.0,15.3,-20.435435,-39.978623
EDUARDO COSTA,2024-01-09 00:29:05,182.7,15.2,-20.4497,-39.983178
EDUARDO COSTA,2024-01-09 00:35:53,182.7,15.2,-20.477488,-39.991901
EDUARDO COSTA,2024-01-09 00:40:49,181.9,15.3,-20.497716,-39.998343
EDUARDO COSTA,2024-01-09 00:43:32,183.2,15.1,-20.508831,-40.001831
EDUARDO COSTA,2024-01-09 01:00:58,183.0,15.0,-20.579331,-40.024831
EDUARDO COSTA,2024-01-09 01:17:53,182.2,15.3,-20.647678,-40.047706
EDUARDO COSTA,2024-01-09 01:28:57,183.3,15.4,-20.692831,-40.062665
EDUARDO COSTA,2024-01-09 01:31:55,183.0,15.4,-20.70516,-40.066665
EDUARDO COSTA,2024-01-09 01:39:41,182.1,15.4,-20.737165,-40.077331
EDUARDO COSTA,2024-01-09 01:43:00,183.5,15.4,-20.750761,-40.081831
EDUARDO COSTA,2024-01-09 02:08:03,183.4,15.3,-20.852833,-40.116865
EDUARDO COSTA,2024-01-09 02:19:21,182.9,15.5,-20.899165,-40.132665
EDUARDO COSTA,2024-01-09 02:26:28,183.8,15.5,-20.928616,-40.142528
EDUARDO COSTA,2024-01-09 02:31:18,183.2,15.5,-20.948498,-40.149331
EDUARDO COSTA,2024-01-09 02:41:58,184.6,15.0,-20.991943,-40.16431
EDUARDO COSTA,2024-01-09 02:45:58,183.2,15.0,-21.007831,-40.169831
EDUARDO COSTA,2024-01-09 02:53:34,183.9,15.1,-21.038505,-40.179641
EDUARDO COSTA,2024-01-09 02:54:56,181.6,15.1,-21.043998,-40.181331
EDUARDO COSTA,2024-01-09 02:59:56,183.3,15.2,-21.064405,-40.187968
EDUARDO COSTA,2024-01-09 03:04:46,183.8,15.2,-21.08408,-40.194308
EDUARDO COSTA,2024-01-09 03:07:14,185.2,15.2,-21.094031,-40.197798
EDUARDO COSTA,2024-01-09 03:27:50,183.8,15.5,-21.177998,-40.226498
EDUARDO COSTA,2024-01-09 03:31:51,183.5,15.5,-21.194665,-40.232165
EDUARDO COSTA,2024-01-09 03:32:11,183.9,15.5,-21.196041,-40.23275
EDUARDO COSTA,2024-01-09 03:32:59,183.5,15.4,-21.199331,-40.233831
EDUARDO COSTA,2024-01-09 03:33:18,183.6,15.5,-21.200498,-40.234331
EDUARDO COSTA,2024-01-09 03:33:25,182.9,15.6,-21.20113,-40.234516
EDUARDO COSTA,2024-01-09 03:33:31,183.6,15.5,-21.201498,-40.234665
EDUARDO COSTA,2024-01-09 03:34:31,183.7,15.6,-21.205695,-40.236081
EDUARDO COSTA,2024-01-09 03:34:48,182.2,15.5,-21.206796,-40.23647
EDUARDO COSTA,2024-01-09 03:34:52,184.5,15.6,-21.207078,-40.236546
EDUARDO COSTA,2024-01-09 03:34:56,183.5,15.5,-21.20735,-40.236658
EDUARDO COSTA,2024-01-09 03:35:07,182.9,15.6,-21.208183,-40.236933
EDUARDO COSTA,2024-01-09 03:35:10,183.8,15.6,-21.208323,-40.236976
EDUARDO COSTA,2024-01-09 03:35:32,183.4,15.5,-21.209838,-40.237515
EDUARDO COSTA,2024-01-09 03:37:50,183.3,15.5,-21.219375,-40.240726
EDUARDO COSTA,2024-01-09 04:06:02,179.5,15.7,-21.338005,-40.278915
EDUARDO COSTA,2024-01-09 04:09:22,192.3,15.7,-21.351831,-40.283998
EDUARDO COSTA,2024-01-09 04:12:16,194.7,15.9,-21.363331,-40.290165
EDUARDO COSTA,2024-01-09 04:14:48,192.9,15.9,-21.373393,-40.295721
EDUARDO COSTA,2024-01-09 04:30:08,175.1,16.2,-21.43671,-40.32237
EDUARDO COSTA,2024-01-09 04:36:10,174.7,16.2,-21.463665,-40.326831
EDUARDO COSTA,2024-01-09 04:36:50,174.7,16.2,-21.466643,-40.327248
EDUARDO COSTA,2024-01-09 04:39:14,175.1,16.2,-21.47738,-40.328955
EDUARDO COSTA,2024-01-09 04:41:27,174.7,16.2,-21.48726,-40.330478
EDUARDO COSTA,2024-01-09 04:42:54,176.5,16.2,-21.493841,-40.331515
EDUARDO COSTA,2024-01-09 04:46:01,179.0,16.0,-21.507501,-40.334571
EDUARDO COSTA,2024-01-09 04:50:36,184.4,16.0,-21.52722,-40.340776
EDUARDO COSTA,2024-01-09 05:03:28,183.4,15.9,-21.58205,-40.359291
EDUARDO COSTA,2024-01-09 05:03:52,182.9,15.9,-21.583751,-40.359863
EDUARDO COSTA,2024-01-09 05:04:48,182.6,15.9,-21.587725,-40.361181
EDUARDO COSTA,2024-01-09 05:05:40,182.4,15.8,-21.59142,-40.362386
EDUARDO COSTA,2024-01-09 05:08:01,182.5,15.8,-21.60148,-40.365675
EDUARDO COSTA,2024-01-09 05:09:12,182.8,15.9,-21.6064,-40.367305
EDUARDO COSTA,2024-01-09 05:10:02,182.0,15.8,-21.609931,-40.368406
EDUARDO COSTA,2024-01-09 05:18:42,182.8,15.4,-21.645818,-40.3805
EDUARDO COSTA,2024-01-09 05:21:06,182.8,15.3,-21.655646,-40.38366
EDUARDO COSTA,2024-01-09 05:25:59,185.2,15.2,-21.675401,-40.390813
EDUARDO COSTA,2024-01-09 05:41:55,183.5,14.5,-21.738531,-40.412695
EDUARDO COSTA,2024-01-09 06:09:03,186.6,13.7,-21.841165,-40.446165
EDUARDO COSTA,2024-01-09 06:12:57,186.0,13.7,-21.855211,-40.451365
EDUARDO COSTA,2024-01-09 06:16:00,185.9,13.8,-21.866331,-40.455665
EDUARDO COSTA,2024-01-09 06:16:17,186.2,13.8,-21.8673,-40.456005
EDUARDO COSTA,2024-01-09 06:19:13,184.5,13.9,-21.877993,-40.459943
EDUARDO COSTA,2024-01-09 06:57:37,215.2,14.0,-22.013413,-40.524703
EDUARDO COSTA,2024-01-09 07:01:12,216.8,14.1,-22.022665,-40.53604
EDUARDO COSTA,2024-01-09 07:09:25,216.4,14.1,-22.04402,-40.562505
EDUARDO COSTA,2024-01-09 07:11:49,214.8,14.2,-22.050236,-40.570215
EDUARDO COSTA,2024-01-09 07:26:23,220.0,14.3,-22.086368,-40.618578
EDUARDO COSTA,2024-01-09 07:31:39,218.7,14.3,-22.098831,-40.636665
EDUARDO COSTA,2024-01-09 07:35:07,219.4,14.2,-22.107075,-40.648701
EDUARDO COSTA,2024-01-09 07:52:10,210.3,14.6,-22.151165,-40.704831
EDUARDO COSTA,2024-01-09 08:03:42,211.3,14.7,-22.18523,-40.740288
EDUARDO COSTA,2024-01-09 08:06:08,216.0,14.7,-22.19189,-40.7483
EDUARDO COSTA,2024-01-09 09:12:13,216.7,15.2,-22.367998,-40.978665
EDUARDO COSTA,2024-01-09 09:14:30,214.4,15.3,-22.374196,-40.986696
EDUARDO COSTA,2024-01-09 09:20:02,217.2,15.2,-22.389165,-41.006165
EDUARDO COSTA,2024-01-09 09:44:31,217.9,14.9,-22.455926,-41.091876
EDUARDO COSTA,2024-01-09 09:51:16,216.5,14.8,-22.473741,-41.115211
EDUARDO COSTA,2024-01-09 09:54:08,215.5,14.8,-22.481346,-41.124998
EDUARDO COSTA,2024-01-09 10:26:20,214.2,14.2,-22.566055,-41.231195
EDUARDO COSTA,2024-01-09 10:39:14,219.1,14.2,-22.598226,-41.274131
EDUARDO COSTA,2024-01-09 10:39:42,216.8,14.2,-22.599343,-41.27572
EDUARDO COSTA,2024-01-09 12:02:42,216.7,13.9,-22.805006,-41.54795
EDUARDO COSTA,2024-01-09 12:09:11,217.0,13.9,-22.821006,-41.569116
EDUARDO COSTA,2024-01-09 12:09:48,217.3,13.9,-22.822498,-41.570998
EDUARDO COSTA,2024-01-09 12:13:02,216.5,13.9,-22.830491,-41.58162
EDUARDO COSTA,2024-01-09 12:25:04,216.9,14.0,-22.860165,-41.621165
EDUARDO COSTA,2024-01-09 12:50:14,216.7,14.1,-22.922281,-41.704131
EDUARDO COSTA,2024-01-09 12:52:28,216.5,14.1,-22.927868,-41.711476
EDUARDO COSTA,2024-01-09 13:00:16,217.0,14.1,-22.947411,-41.736981
EDUARDO COSTA,2024-01-09 13:18:06,220.1,14.1,-22.989128,-41.79806
EDUARDO COSTA,2024-01-09 13:48:58,213.5,14.5,-23.063996,-41.903261
EDUARDO COSTA,2024-01-09 13:54:24,213.8,14.4,-23.078783,-41.920725
EDUARDO COSTA,2024-01-09 14:06:03,215.4,14.5,-23.11048,-41.958095
EDUARDO COSTA,2024-01-09 14:46:08,240.1,14.8,-23.180596,-42.114785
EDUARDO COSTA,2024-01-09 14:59:36,241.6,14.6,-23.195685,-42.172831
EDUARDO COSTA,2024-01-09 15:04:46,241.2,14.6,-23.201391,-42.194898
EDUARDO COSTA,2024-01-09 16:45:19,235.9,14.5,-23.315321,-42.617718
EDUARDO COSTA,2024-01-09 16:47:51,240.2,14.5,-23.3184,-42.628346
EDUARDO COSTA,2024-01-09 17:01:59,241.1,14.4,-23.332898,-42.688056
EDUARDO COSTA,2024-01-09 17:02:23,241.2,14.4,-23.333303,-42.689748
EDUARDO COSTA,2024-01-09 17:02:37,240.9,14.4,-23.33354,-42.690738
EDUARDO COSTA,2024-01-09 17:03:37,240.8,14.5,-23.334588,-42.694981
EDUARDO COSTA,2024-01-09 17:04:53,240.5,14.5,-23.335998,-42.700331
EDUARDO COSTA,2024-01-09 17:05:39,240.1,14.5,-23.336791,-42.703601
EDUARDO COSTA,2024-01-09 17:29:02,237.1,14.6,-23.365046,-42.801006
EDUARDO COSTA,2024-01-09 17:49:19,240.7,14.0,-23.389498,-42.884331
EDUARDO COSTA,2024-01-09 18:14:15,241.9,14.2,-23.413415,-42.987328
EDUARDO COSTA,2024-01-09 18:19:13,243.0,14.1,-23.418165,-43.007998
EDUARDO COSTA,2024-01-09 18:22:02,242.1,14.2,-23.420828,-43.019815
EDUARDO COSTA,2024-01-09 18:58:07,240.0,14.3,-23.459831,-43.171331
EDUARDO COSTA,2024-01-09 19:06:28,240.6,14.3,-23.46935,-43.205913
EDUARDO COSTA,2024-01-09 19:41:18,238.5,14.0,-23.509515,-43.349646
EDUARDO COSTA,2024-01-09 19:41:55,238.9,13.9,-23.510236,-43.352215
EDUARDO COSTA,2024-01-09 20:15:49,241.9,13.6,-23.546998,-43.488331
EDUARDO COSTA,2024-01-09 20:43:24,241.3,13.5,-23.574831,-43.597165
EDUARDO COSTA,2024-01-09 20:43:31,241.4,13.5,-23.574866,-43.597676
EDUARDO COSTA,2024-01-09 20:48:11,240.7,13.4,-23.57943,-43.616058
EDUARDO COSTA,2024-01-09 21:15:03,240.4,13.6,-23.608665,-43.721498
EDUARDO COSTA,2024-01-09 21:38:24,239.3,13.6,-23.634498,-43.813665
EDUARDO COSTA,2024-01-09 22:33:49,239.0,13.8,-23.695165,-44.035498
EDUARDO COSTA,2024-01-09 22:36:40,238.9,13.8,-23.698331,-44.046998
EDUARDO COSTA,2024-01-09 23:27:59,240.5,13.9,-23.751306,-44.255078
EDUARDO COSTA,2024-01-09 23:29:42,241.0,14.0,-23.75317,-44.262145
EDUARDO COSTA,2024-01-09 23:33:23,239.8,13.9,-23.757176,-44.277076
EDUARDO COSTA,2024-01-09 23:43:52,239.8,13.9,-23.76877,-44.319723
EDUARDO COSTA,2024-01-10 00:04:13,240.8,14.1,-23.791121,-44.40339
EDUARDO COSTA,2024-01-10 00:37:49,249.8,14.2,-23.820126,-44.5452
EDUARDO COSTA,2024-01-10 00:45:18,249.8,14.3,-23.824083,-44.577405
EDUARDO COSTA,2024-01-10 00:55:01,246.4,14.3,-23.829591,-44.619285
EDUARDO COSTA,2024-01-10 01:12:13,228.7,14.4,-23.857135,-44.687556
EDUARDO COSTA,2024-01-10 01:15:29,229.4,14.3,-23.863158,-44.700268
EDUARDO COSTA,2024-01-10 01:29:28,240.7,14.4,-23.883826,-44.756891
EDUARDO COSTA,2024-01-10 01:29:37,241.6,14.3,-23.883975,-44.757453
EDUARDO COSTA,2024-01-10 01:30:00,241.0,14.3,-23.884331,-44.758998
EDUARDO COSTA,2024-01-10 01:41:06,240.2,14.3,-23.896988,-44.80564
EDUARDO COSTA,2024-01-10 02:00:54,238.6,14.4,-23.919373,-44.889241
EDUARDO COSTA,2024-01-10 02:22:16,237.8,14.3,-23.944436,-44.978688
EDUARDO COSTA,2024-01-10 02:35:17,239.5,14.4,-23.959498,-45.032998
EDUARDO COSTA,2024-01-10 03:07:15,239.0,14.0,-23.995533,-45.165551
EDUARDO COSTA,2024-01-10 03:11:12,240.0,13.7,-23.999831,-45.181498
EDUARDO COSTA,2024-01-10 04:57:01,315.7,5.1,-23.917815,-45.478231
EDUARDO COSTA,2024-01-10 05:20:56,327.7,2.8,-23.894303,-45.489895
EDUARDO COSTA,2024-01-10 05:23:01,312.6,3.0,-23.892893,-45.49083
EDUARDO COSTA,2024-01-10 05:27:08,307.2,3.1,-23.889831,-45.493331
EDUARDO COSTA,2024-01-10 21:31:13,242.0,0.0,-23.837238,-45.425256
EDUARDO COSTA,2024-01-11 03:19:05,207.9,0.0,-23.800886,-45.384848
EDUARDO COSTA,2024-01-11 17:36:51,208.2,0.0,-23.800853,-45.384851
EDUARDO COSTA,2024-01-12 05:57:52,207.8,0.0,-23.80086,-45.384856
EDUARDO COSTA,2024-01-13 00:00:53,207.5,0.0,-23.800998,-45.384831
EDUARDO COSTA,2024-01-13 14:33:53,208.5,0.0,-23.800845,-45.384858
EDUARDO COSTA,2024-01-13 16:49:54,162.2,9.6,-23.900998,-45.481998
EDUARDO COSTA,2024-01-13 16:52:45,166.1,10.2,-23.909023,-45.481731
EDUARDO COSTA,2024-01-13 16:53:13,164.4,10.3,-23.910331,-45.481665
EDUARDO COSTA,2024-01-13 16:55:26,164.9,10.6,-23.916858,-45.481501
EDUARDO COSTA,2024-01-13 16:56:34,165.3,10.7,-23.920165,-45.481498
EDUARDO COSTA,2024-01-13 17:26:37,89.3,12.3,-23.988696,-45.432518
EDUARDO COSTA,2024-01-13 17:30:37,88.1,12.8,-23.991365,-45.417491
EDUARDO COSTA,2024-01-13 17:49:45,83.9,12.8,-24.001998,-45.342998
EDUARDO COSTA,2024-01-13 17:55:47,83.6,12.9,-24.004556,-45.319515
EDUARDO COSTA,2024-01-13 18:00:26,81.4,12.7,-24.006165,-45.301498
EDUARDO COSTA,2024-01-13 18:05:26,82.6,12.8,-24.007998,-45.282165
EDUARDO COSTA,2024-01-13 18:06:06,82.4,12.7,-24.008165,-45.279498
EDUARDO COSTA,2024-01-13 18:34:04,63.9,12.9,-23.992665,-45.173331
EDUARDO COSTA,2024-01-13 19:28:23,51.4,12.1,-23.933998,-44.977498
EDUARDO COSTA,2024-01-13 19:33:17,54.2,12.1,-23.926486,-44.96135
EDUARDO COSTA,2024-01-13 19:47:10,74.8,11.5,-23.916498,-44.913331
EDUARDO COSTA,2024-01-13 20:21:57,61.0,11.4,-23.892605,-44.794975
EDUARDO COSTA,2024-01-13 20:25:28,62.7,11.4,-23.889665,-44.783165
EDUARDO COSTA,2024-01-13 21:11:24,59.9,11.3,-23.851331,-44.629165
EDUARDO COSTA,2024-01-13 21:59:58,63.5,11.1,-23.808331,-44.470331
EDUARDO COSTA,2024-01-13 22:28:07,61.3,11.1,-23.784191,-44.37868
EDUARDO COSTA,2024-01-13 22:43:27,61.6,11.1,-23.770998,-44.328831
EDUARDO COSTA,2024-01-13 23:00:57,61.8,11.3,-23.755998,-44.271498
EDUARDO COSTA,2024-01-13 23:10:33,65.2,11.4,-23.748498,-44.239331
EDUARDO COSTA,2024-01-13 23:10:43,64.8,11.4,-23.748331,-44.238831
EDUARDO COSTA,2024-01-13 23:19:31,63.2,11.5,-23.742393,-44.209051
EDUARDO COSTA,2024-01-13 23:34:17,64.5,11.5,-23.732003,-44.158936
EDUARDO COSTA,2024-01-13 23:53:46,61.4,11.6,-23.716451,-44.092888
EDUARDO COSTA,2024-01-14 00:09:04,57.9,11.4,-23.701165,-44.041665
EDUARDO COSTA,2024-01-14 00:22:07,58.1,11.5,-23.687665,-43.998665
EDUARDO COSTA,2024-01-14 00:28:57,58.4,11.5,-23.680498,-43.975998
EDUARDO COSTA,2024-01-14 00:49:00,59.2,11.6,-23.659665,-43.909165
EDUARDO COSTA,2024-01-14 00:59:27,61.0,11.6,-23.649478,-43.874193
EDUARDO COSTA,2024-01-14 00:59:36,58.5,11.6,-23.649313,-43.873636
EDUARDO COSTA,2024-01-14 01:00:09,60.6,11.6,-23.648831,-43.871831
EDUARDO COSTA,2024-01-14 01:01:26,62.2,11.5,-23.647505,-43.867491
EDUARDO COSTA,2024-01-14 01:01:36,61.7,11.6,-23.647351,-43.86693
EDUARDO COSTA,2024-01-14 01:02:07,59.9,11.6,-23.646831,-43.865165
EDUARDO COSTA,2024-01-14 01:03:13,60.6,11.5,-23.645831,-43.861498
EDUARDO COSTA,2024-01-14 01:06:57,61.4,11.6,-23.642445,-43.848998
EDUARDO COSTA,2024-01-14 01:24:57,60.7,11.7,-23.624831,-43.787998
EDUARDO COSTA,2024-01-14 01:28:37,60.3,11.7,-23.621466,-43.775541
EDUARDO COSTA,2024-01-14 01:32:16,59.4,11.6,-23.618005,-43.763126
EDUARDO COSTA,2024-01-14 01:34:37,60.5,11.7,-23.615801,-43.755218
EDUARDO COSTA,2024-01-14 01:36:58,58.1,11.7,-23.613665,-43.747165
EDUARDO COSTA,2024-01-14 02:11:29,60.0,11.7,-23.581045,-43.629743
EDUARDO COSTA,2024-01-14 02:14:03,60.0,11.7,-23.578665,-43.620998
EDUARDO COSTA,2024-01-14 02:41:37,64.6,11.4,-23.553665,-43.528025
EDUARDO COSTA,2024-01-14 02:47:20,59.4,11.4,-23.548768,-43.508866
EDUARDO COSTA,2024-01-14 02:49:56,62.2,11.5,-23.54668,-43.500151
EDUARDO COSTA,2024-01-14 03:18:36,63.5,11.3,-23.523498,-43.403831
EDUARDO COSTA,2024-01-14 03:50:30,60.6,11.1,-23.499998,-43.297831
EDUARDO COSTA,2024-01-14 03:55:34,62.9,11.1,-23.496165,-43.281165
EDUARDO COSTA,2024-01-14 03:57:46,63.2,11.1,-23.494451,-43.273883
EDUARDO COSTA,2024-01-14 04:03:37,64.4,11.2,-23.490221,-43.254628
EDUARDO COSTA,2024-01-14 04:45:04,58.7,11.3,-23.452665,-43.117665
EDUARDO COSTA,2024-01-14 04:50:06,57.8,11.2,-23.447498,-43.101331
EDUARDO COSTA,2024-01-14 04:51:26,58.3,11.3,-23.446165,-43.096998
EDUARDO COSTA,2024-01-14 04:52:17,59.0,11.3,-23.445311,-43.094336
EDUARDO COSTA,2024-01-14 04:53:12,56.1,11.3,-23.444331,-43.091331
EDUARDO COSTA,2024-01-14 04:53:22,56.9,11.2,-23.444165,-43.090831
EDUARDO COSTA,2024-01-14 04:54:30,57.5,11.2,-23.442886,-43.087198
EDUARDO COSTA,2024-01-14 04:55:29,57.5,11.2,-23.44177,-43.084018
EDUARDO COSTA,2024-01-14 04:55:35,56.2,11.3,-23.441671,-43.083696
EDUARDO COSTA,2024-01-14 04:56:12,58.6,11.2,-23.440998,-43.081665
EDUARDO COSTA,2024-01-14 04:56:28,57.2,11.3,-23.440665,-43.080831
EDUARDO COSTA,2024-01-14 04:57:09,57.3,11.2,-23.440003,-43.078675
EDUARDO COSTA,2024-01-14 04:57:37,57.8,11.4,-23.439498,-43.077165
EDUARDO COSTA,2024-01-14 04:58:02,57.1,11.3,-23.438998,-43.075831
EDUARDO COSTA,2024-01-14 05:38:47,60.4,10.6,-23.399693,-42.94417
EDUARDO COSTA,2024-01-14 05:47:51,62.4,10.6,-23.392428,-42.916108
EDUARDO COSTA,2024-01-14 06:08:29,61.9,10.6,-23.376503,-42.852225
EDUARDO COSTA,2024-01-14 06:39:11,63.0,10.6,-23.353246,-42.757266
EDUARDO COSTA,2024-01-14 06:42:07,64.9,10.8,-23.351045,-42.748073
EDUARDO COSTA,2024-01-14 06:44:23,62.0,10.7,-23.349331,-42.740831
EDUARDO COSTA,2024-01-14 08:23:38,60.4,11.1,-23.261498,-42.424831
EDUARDO COSTA,2024-01-14 08:27:57,60.0,11.2,-23.257605,-42.410833
EDUARDO COSTA,2024-01-14 08:56:00,63.2,11.5,-23.232498,-42.317998
EDUARDO COSTA,2024-01-14 08:58:41,62.3,11.6,-23.230416,-42.308991
EDUARDO COSTA,2024-01-14 09:03:17,61.6,11.5,-23.226665,-42.293498
EDUARDO COSTA,2024-01-14 09:05:20,62.8,11.5,-23.224831,-42.286665
EDUARDO COSTA,2024-01-14 09:43:06,62.4,11.6,-23.19168,-42.158236
EDUARDO COSTA,2024-01-14 10:36:30,40.4,11.4,-23.135331,-41.984165
EDUARDO COSTA,2024-01-14 10:39:28,36.6,11.5,-23.129665,-41.975998
EDUARDO COSTA,2024-01-14 10:43:00,36.7,11.6,-23.122211,-41.966513
EDUARDO COSTA,2024-01-14 11:28:02,44.2,11.3,-23.027165,-41.842665
EDUARDO COSTA,2024-01-14 11:48:53,37.9,11.1,-22.988165,-41.786665
EDUARDO COSTA,2024-01-14 12:26:57,39.4,11.2,-22.911498,-41.687498
EDUARDO COSTA,2024-01-14 12:44:50,39.2,11.3,-22.875841,-41.639905
EDUARDO COSTA,2024-01-14 12:47:47,36.8,11.4,-22.869895,-41.63204
EDUARDO COSTA,2024-01-14 13:19:40,38.1,11.6,-22.803165,-41.547498
EDUARDO COSTA,2024-01-14 13:35:50,37.2,11.7,-22.768693,-41.50478
EDUARDO COSTA,2024-01-14 13:37:54,37.9,11.7,-22.764498,-41.499165
EDUARDO COSTA,2024-01-14 14:25:00,24.0,11.9,-22.663065,-41.374473
EDUARDO COSTA,2024-01-14 14:27:44,25.6,11.9,-22.656331,-41.368165
EDUARDO COSTA,2024-01-14 14:46:03,36.2,12.0,-22.613665,-41.320998
EDUARDO COSTA,2024-01-14 15:13:00,43.1,12.0,-22.556753,-41.244865
EDUARDO COSTA,2024-01-14 15:21:03,44.3,12.1,-22.541331,-41.220998
EDUARDO COSTA,2024-01-14 15:23:08,41.0,12.0,-22.537331,-41.214831
EDUARDO COSTA,2024-01-14 15:50:14,43.2,12.0,-22.484665,-41.134165
EDUARDO COSTA,2024-01-14 16:29:43,34.5,11.5,-22.407165,-41.022498
EDUARDO COSTA,2024-01-14 16:48:41,33.4,11.7,-22.363845,-40.974221
EDUARDO COSTA,2024-01-14 16:53:47,33.2,11.8,-22.352165,-40.960998
EDUARDO COSTA,2024-01-14 17:03:28,35.8,11.8,-22.331331,-40.934831
EDUARDO COSTA,2024-01-14 17:06:07,38.2,11.8,-22.32567,-40.927666
EDUARDO COSTA,2024-01-14 17:19:36,34.0,12.0,-22.296331,-40.890665
EDUARDO COSTA,2024-01-14 17:20:36,37.8,11.9,-22.293998,-40.887998
EDUARDO COSTA,2024-01-14 17:20:42,36.6,12.2,-22.293808,-40.887675
EDUARDO COSTA,2024-01-14 17:20:46,38.1,12.1,-22.293661,-40.887495
EDUARDO COSTA,2024-01-14 17:20:56,37.1,12.0,-22.293331,-40.887165
EDUARDO COSTA,2024-01-14 17:20:59,36.6,12.0,-22.293228,-40.886938
EDUARDO COSTA,2024-01-14 17:21:09,37.4,12.0,-22.292865,-40.88648
EDUARDO COSTA,2024-01-14 17:21:16,37.2,12.1,-22.292576,-40.886108
EDUARDO COSTA,2024-01-14 17:21:22,37.6,12.0,-22.292351,-40.885836
EDUARDO COSTA,2024-01-14 17:22:56,36.8,12.0,-22.288998,-40.881498
EDUARDO COSTA,2024-01-14 17:31:44,35.9,12.2,-22.269831,-40.857331
EDUARDO COSTA,2024-01-14 17:36:38,38.9,12.1,-22.259665,-40.843165
EDUARDO COSTA,2024-01-14 17:42:01,40.5,12.2,-22.248738,-40.827495
EDUARDO COSTA,2024-01-14 17:44:03,41.3,12.1,-22.244625,-40.82139
EDUARDO COSTA,2024-01-14 18:14:39,35.9,12.1,-22.180353,-40.734943
EDUARDO COSTA,2024-01-14 18:35:48,37.5,12.0,-22.134831,-40.675331
EDUARDO COSTA,2024-01-14 18:37:54,39.0,12.1,-22.130498,-40.669498
EDUARDO COSTA,2024-01-14 19:23:51,31.0,11.9,-22.029505,-40.543333
EDUARDO COSTA,2024-01-14 19:27:28,25.1,12.0,-22.020451,-40.534708
EDUARDO COSTA,2024-01-14 19:31:41,25.0,11.8,-22.009675,-40.525308
EDUARDO COSTA,2024-01-14 20:12:51,2.7,11.5,-21.889428,-40.464573
EDUARDO COSTA,2024-01-14 20:16:57,4.3,11.6,-21.876826,-40.460298
EDUARDO COSTA,2024-01-14 20:19:34,3.0,11.6,-21.868665,-40.457665
EDUARDO COSTA,2024-01-14 20:23:51,4.5,11.7,-21.855546,-40.45299
EDUARDO COSTA,2024-01-14 21:11:24,3.7,11.6,-21.709498,-40.401498
EDUARDO COSTA,2024-01-14 21:15:37,4.7,11.6,-21.696393,-40.397063
EDUARDO COSTA,2024-01-14 21:33:18,1.4,11.7,-21.640906,-40.37996
EDUARDO COSTA,2024-01-14 22:04:44,3.1,11.4,-21.541931,-40.350578
EDUARDO COSTA,2024-01-14 22:07:18,2.5,11.5,-21.534165,-40.348165
EDUARDO COSTA,2024-01-14 22:10:38,4.4,11.4,-21.523998,-40.344998
EDUARDO COSTA,2024-01-14 22:36:17,5.5,11.2,-21.446171,-40.317983
EDUARDO COSTA,2024-01-14 22:44:44,7.9,11.0,-21.421236,-40.309008
EDUARDO COSTA,2024-01-14 23:46:11,5.2,10.7,-21.245165,-40.244498
EDUARDO COSTA,2024-01-15 00:04:27,4.6,10.9,-21.192363,-40.226983
EDUARDO COSTA,2024-01-15 00:37:27,5.0,10.7,-21.095938,-40.196083
EDUARDO COSTA,2024-01-15 00:53:40,2.3,10.8,-21.048756,-40.181453
EDUARDO COSTA,2024-01-15 00:53:44,2.1,10.9,-21.048565,-40.18139
EDUARDO COSTA,2024-01-15 01:08:54,4.7,11.1,-21.003998,-40.167331
EDUARDO COSTA,2024-01-15 01:10:57,5.7,10.9,-20.997978,-40.16534
EDUARDO COSTA,2024-01-15 01:13:11,4.7,11.2,-20.991356,-40.163131
EDUARDO COSTA,2024-01-15 01:15:17,3.9,11.1,-20.985125,-40.161043
EDUARDO COSTA,2024-01-15 01:18:18,3.7,11.2,-20.976165,-40.157998
EDUARDO COSTA,2024-01-15 01:44:18,5.5,11.3,-20.897665,-40.131331
EDUARDO COSTA,2024-01-15 01:47:08,4.4,11.3,-20.888998,-40.128498
EDUARDO COSTA,2024-01-15 01:49:10,6.2,11.5,-20.88282,-40.126376
EDUARDO COSTA,2024-01-15 01:51:38,5.7,11.3,-20.87537,-40.123868
EDUARDO COSTA,2024-01-15 01:54:21,5.8,11.3,-20.867206,-40.121106
EDUARDO COSTA,2024-01-15 02:17:57,6.6,11.6,-20.794943,-40.095478
EDUARDO COSTA,2024-01-15 02:27:21,4.8,11.6,-20.766265,-40.084838
EDUARDO COSTA,2024-01-15 02:53:04,1.1,11.2,-20.689556,-40.061136
EDUARDO COSTA,2024-01-15 02:56:08,2.4,11.1,-20.680331,-40.058498
EDUARDO COSTA,2024-01-15 02:57:04,3.1,11.1,-20.677498,-40.057665
EDUARDO COSTA,2024-01-15 03:02:04,2.7,11.2,-20.662498,-40.053498
EDUARDO COSTA,2024-01-15 03:39:34,3.6,11.2,-20.550503,-40.018663
EDUARDO COSTA,2024-01-15 03:39:52,3.7,11.2,-20.549606,-40.01837
EDUARDO COSTA,2024-01-15 03:39:58,4.3,11.3,-20.54931,-40.018265
EDUARDO COSTA,2024-01-15 03:50:23,5.0,11.1,-20.518306,-40.007861
EDUARDO COSTA,2024-01-15 03:53:03,4.9,11.2,-20.510665,-40.005165
EDUARDO COSTA,2024-01-15 04:07:01,4.3,10.8,-20.470481,-39.990471
EDUARDO COSTA,2024-01-15 04:40:07,6.5,10.7,-20.375073,-39.95657
EDUARDO COSTA,2024-01-15 04:44:51,8.2,10.6,-20.36163,-39.951868
EDUARDO COSTA,2024-01-15 04:45:07,7.0,10.6,-20.360878,-39.951598
EDUARDO COSTA,2024-01-15 04:47:44,4.6,10.7,-20.353631,-39.948993
EDUARDO COSTA,2024-01-15 05:06:48,6.6,10.6,-20.29955,-39.930491
EDUARDO COSTA,2024-01-15 05:09:11,5.3,10.6,-20.292831,-39.928331
EDUARDO COSTA,2024-01-15 05:09:14,5.2,10.5,-20.29265,-39.928211
EDUARDO COSTA,2024-01-15 05:09:17,5.2,10.5,-20.29265,-39.928211
EDUARDO COSTA,2024-01-15 05:09:26,4.7,10.7,-20.292165,-39.927998
EDUARDO COSTA,2024-01-15 05:10:18,3.3,10.7,-20.289603,-39.927225
EDUARDO COSTA,2024-01-15 05:10:26,5.4,10.7,-20.289331,-39.927165
EDUARDO COSTA,2024-01-15 05:11:26,4.5,10.7,-20.286331,-39.926165
EDUARDO COSTA,2024-01-15 05:11:41,4.4,10.7,-20.285665,-39.925998
EDUARDO COSTA,2024-01-15 05:12:32,4.2,10.7,-20.283388,-39.92527
EDUARDO COSTA,2024-01-15 05:12:46,4.8,10.7,-20.282621,-39.92503
EDUARDO COSTA,2024-01-15 05:12:52,4.2,10.7,-20.28243,-39.924971
EDUARDO COSTA,2024-01-15 05:13:18,4.3,10.6,-20.280998,-39.924521
EDUARDO COSTA,2024-01-15 05:13:44,3.2,10.7,-20.279755,-39.924121
EDUARDO COSTA,2024-01-15 05:14:17,4.4,10.7,-20.278331,-39.923665
EDUARDO COSTA,2024-01-15 05:15:05,3.4,10.7,-20.275923,-39.922905
EDUARDO COSTA,2024-01-15 05:30:57,4.4,10.8,-20.230201,-39.908628
EDUARDO COSTA,2024-01-15 06:17:58,4.0,11.1,-20.092998,-39.866665
EDUARDO COSTA,2024-01-15 06:20:21,4.3,11.1,-20.085863,-39.86446
EDUARDO COSTA,2024-01-15 06:50:54,24.0,10.9,-19.995665,-39.832831
EDUARDO COSTA,2024-01-15 06:56:44,30.7,11.0,-19.981998,-39.820331
EDUARDO COSTA,2024-01-15 07:25:04,28.1,11.0,-19.914996,-39.761863
EDUARDO COSTA,2024-01-15 07:58:03,26.5,10.9,-19.838831,-39.692831
EDUARDO COSTA,2024-01-15 08:03:21,28.4,10.7,-19.826586,-39.681965
EDUARDO COSTA,2024-01-15 08:08:33,29.5,10.8,-19.814665,-39.671165
EDUARDO COSTA,2024-01-15 08:34:11,26.3,10.6,-19.759375,-39.615238
EDUARDO COSTA,2024-01-15 08:36:18,24.2,10.7,-19.754498,-39.610998
EDUARDO COSTA,2024-01-15 08:50:01,25.3,10.8,-19.72242,-39.584086
EDUARDO COSTA,2024-01-15 09:34:53,23.9,10.7,-19.615665,-39.498165
EDUARDO COSTA,2024-01-15 09:37:03,25.0,10.7,-19.610476,-39.493938
EDUARDO COSTA,2024-01-15 09:41:48,25.8,10.7,-19.599165,-39.484998
EDUARDO COSTA,2024-01-15 10:33:57,28.0,11.0,-19.477563,-39.376568
EDUARDO COSTA,2024-01-15 10:36:50,30.0,10.9,-19.47086,-39.370315
EDUARDO COSTA,2024-01-15 12:48:55,27.4,10.9,-19.161171,-39.10074
EDUARDO COSTA,2024-01-15 13:29:57,26.9,11.3,-19.060498,-39.016831
EDUARDO COSTA,2024-01-15 13:35:26,26.4,11.4,-19.046748,-39.005326
EDUARDO COSTA,2024-01-15 14:17:10,27.0,11.0,-18.943196,-38.918236
EDUARDO COSTA,2024-01-15 14:19:56,29.8,11.4,-18.936746,-38.91213
EDUARDO COSTA,2024-01-15 14:26:41,31.1,11.3,-18.921488,-38.896628
EDUARDO COSTA,2024-01-15 15:21:21,26.6,11.4,-18.785776,-38.781648
EDUARDO COSTA,2024-01-15 15:25:34,26.8,11.5,-18.775165,-38.772665
EDUARDO COSTA,2024-01-15 15:28:34,26.9,11.6,-18.767665,-38.766331
EDUARDO COSTA,2024-01-15 15:58:50,26.4,11.3,-18.692645,-38.701176
EDUARDO COSTA,2024-01-15 16:05:24,28.5,11.1,-18.676866,-38.687085
EDUARDO COSTA,2024-01-15 16:08:34,28.0,11.2,-18.669331,-38.680331
EDUARDO COSTA,2024-01-15 16:35:13,25.3,11.3,-18.604831,-38.622665
EDUARDO COSTA,2024-01-15 16:38:11,27.9,11.2,-18.597533,-38.616495
EDUARDO COSTA,2024-01-15 17:09:58,27.1,11.3,-18.519331,-38.550165
EDUARDO COSTA,2024-01-15 17:10:04,28.4,11.2,-18.519041,-38.549888
EDUARDO COSTA,2024-01-15 17:10:22,28.3,11.1,-18.518331,-38.549331
EDUARDO COSTA,2024-01-15 17:14:09,28.5,11.2,-18.509393,-38.541143
EDUARDO COSTA,2024-01-15 17:14:36,27.5,11.2,-18.508331,-38.540165
EDUARDO COSTA,2024-01-15 18:28:27,28.5,11.2,-18.327541,-38.385173
EDUARDO COSTA,2024-01-15 18:32:27,27.4,11.4,-18.31788,-38.376553
EDUARDO COSTA,2024-01-15 19:17:17,26.3,11.0,-18.207998,-38.283831
EDUARDO COSTA,2024-01-15 19:19:23,25.7,10.9,-18.202831,-38.279665
EDUARDO COSTA,2024-01-15 19:21:25,25.3,10.9,-18.197943,-38.275586
EDUARDO COSTA,2024-01-15 19:24:43,24.3,11.0,-18.189998,-38.269165
EDUARDO COSTA,2024-01-15 20:09:47,40.4,11.0,-18.090543,-38.168655
EDUARDO COSTA,2024-01-15 20:13:17,39.1,10.9,-18.08413,-38.159663
EDUARDO COSTA,2024-01-15 21:00:41,345.2,11.4,-17.952218,-38.101831
EDUARDO COSTA,2024-01-15 21:04:35,346.0,11.5,-17.939535,-38.102135
EDUARDO COSTA,2024-01-15 21:05:27,346.3,11.6,-17.936838,-38.102158
EDUARDO COSTA,2024-01-15 21:07:17,346.3,11.6,-17.930831,-38.102331
EDUARDO COSTA,2024-01-15 21:07:34,347.0,11.5,-17.929998,-38.102331
EDUARDO COSTA,2024-01-15 21:38:50,348.0,11.5,-17.829051,-38.102765
EDUARDO COSTA,2024-01-15 21:41:36,347.7,11.5,-17.820121,-38.102565
EDUARDO COSTA,2024-01-15 21:44:29,348.1,11.4,-17.810775,-38.102615
EDUARDO COSTA,2024-01-15 22:09:50,347.9,11.7,-17.729203,-38.101515
EDUARDO COSTA,2024-01-15 22:20:57,347.8,11.6,-17.693003,-38.101208
EDUARDO COSTA,2024-01-15 22:31:25,348.4,11.4,-17.65903,-38.100845
EDUARDO COSTA,2024-01-15 22:49:41,348.8,11.7,-17.599911,-38.100156
EDUARDO COSTA,2024-01-15 22:51:58,348.1,11.7,-17.592498,-38.099998
EDUARDO COSTA,2024-01-15 23:07:57,346.7,11.1,-17.541165,-38.099831
EDUARDO COSTA,2024-01-15 23:16:24,344.8,10.9,-17.515203,-38.100556
EDUARDO COSTA,2024-01-16 00:15:31,346.0,10.9,-17.336838,-38.108623
EDUARDO COSTA,2024-01-16 00:46:06,348.3,10.7,-17.244043,-38.110008
EDUARDO COSTA,2024-01-16 00:50:26,349.2,10.6,-17.231205,-38.109723
EDUARDO COSTA,2024-01-16 01:10:30,346.9,10.8,-17.171258,-38.109098
EDUARDO COSTA,2024-01-16 01:21:10,348.9,10.6,-17.139468,-38.108441
EDUARDO COSTA,2024-01-16 01:23:57,348.0,10.6,-17.131251,-38.108305
EDUARDO COSTA,2024-01-16 01:55:57,346.7,10.8,-17.035331,-38.108665
EDUARDO COSTA,2024-01-16 03:36:28,346.7,11.1,-16.723998,-38.114165
EDUARDO COSTA,2024-01-16 03:53:35,345.9,11.4,-16.669958,-38.114346
EDUARDO COSTA,2024-01-16 04:18:55,347.1,11.4,-16.589256,-38.114658
EDUARDO COSTA,2024-01-16 05:19:57,346.5,11.6,-16.39122,-38.110931
EDUARDO COSTA,2024-01-16 05:26:13,345.1,11.7,-16.370831,-38.111665
EDUARDO COSTA,2024-01-16 05:26:26,345.6,11.6,-16.369998,-38.111665
EDUARDO COSTA,2024-01-16 05:27:15,344.8,11.6,-16.367356,-38.11183
EDUARDO COSTA,2024-01-16 05:28:46,344.9,11.6,-16.362473,-38.112073
EDUARDO COSTA,2024-01-16 05:28:49,344.3,11.6,-16.362256,-38.112081
EDUARDO COSTA,2024-01-16 06:20:44,347.5,11.1,-16.196331,-38.114498
EDUARDO COSTA,2024-01-16 06:33:37,348.7,11.0,-16.156511,-38.113946
EDUARDO COSTA,2024-01-16 07:33:41,345.7,10.4,-15.977253,-38.119495
EDUARDO COSTA,2024-01-16 08:16:57,346.3,10.7,-15.84902,-38.122525
EDUARDO COSTA,2024-01-16 08:35:01,343.0,10.8,-15.794696,-38.125178
EDUARDO COSTA,2024-01-16 08:51:24,343.8,10.9,-15.744998,-38.128665
EDUARDO COSTA,2024-01-16 09:26:08,349.5,11.0,-15.638165,-38.121165
EDUARDO COSTA,2024-01-16 09:27:11,349.4,11.1,-15.63485,-38.120931
EDUARDO COSTA,2024-01-16 10:22:57,346.6,10.8,-15.463195,-38.123546
EDUARDO COSTA,2024-01-16 10:26:51,346.8,10.7,-15.45144,-38.123751
EDUARDO COSTA,2024-01-16 12:35:41,347.8,11.1,-15.049693,-38.126838
EDUARDO COSTA,2024-01-16 13:24:54,345.8,11.0,-14.897998,-38.129998
EDUARDO COSTA,2024-01-16 14:14:10,346.5,11.2,-14.744673,-38.133901
EDUARDO COSTA,2024-01-16 14:55:37,347.8,12.5,-14.606641,-38.132525
EDUARDO COSTA,2024-01-16 15:03:51,347.4,12.5,-14.577783,-38.132338
EDUARDO COSTA,2024-01-16 15:06:07,348.0,12.5,-14.56981,-38.132255
EDUARDO COSTA,2024-01-16 15:34:18,345.2,12.5,-14.470498,-38.133665
EDUARDO COSTA,2024-01-16 15:50:26,344.9,12.5,-14.413831,-38.135831
EDUARDO COSTA,2024-01-16 16:11:18,346.3,12.3,-14.34052,-38.137675
EDUARDO COSTA,2024-01-16 20:40:18,346.9,12.6,-13.401165,-38.146165
EDUARDO COSTA,2024-01-16 20:43:47,345.9,12.5,-13.388951,-38.146418
EDUARDO COSTA,2024-01-16 20:47:38,346.2,12.5,-13.375498,-38.146665
EDUARDO COSTA,2024-01-16 21:02:13,348.1,12.4,-13.324516,-38.147008
EDUARDO COSTA,2024-01-16 21:09:44,347.9,12.3,-13.298665,-38.147165
EDUARDO COSTA,2024-01-16 21:13:37,347.8,12.2,-13.285328,-38.147098
EDUARDO COSTA,2024-01-16 21:17:11,347.5,12.2,-13.273125,-38.147188
EDUARDO COSTA,2024-01-16 23:55:34,24.3,11.7,-12.805331,-37.963665
EDUARDO COSTA,2024-01-17 00:32:34,26.7,11.9,-12.709998,-37.884998
EDUARDO COSTA,2024-01-17 00:38:47,25.1,11.9,-12.693665,-37.871831
EDUARDO COSTA,2024-01-17 00:39:26,25.7,11.9,-12.691888,-37.870413
EDUARDO COSTA,2024-01-17 00:42:36,25.2,12.0,-12.68351,-37.863736
EDUARDO COSTA,2024-01-17 00:59:10,24.3,12.1,-12.638881,-37.829406
EDUARDO COSTA,2024-01-17 01:03:23,23.6,12.1,-12.627498,-37.820665
EDUARDO COSTA,2024-01-17 01:05:57,24.2,12.1,-12.620498,-37.815498
EDUARDO COSTA,2024-01-17 01:09:57,22.6,12.1,-12.609665,-37.807331
EDUARDO COSTA,2024-01-17 01:33:51,1.6,12.2,-12.537081,-37.773848
EDUARDO COSTA,2024-01-17 01:41:54,20.8,12.1,-12.512498,-37.761998
EDUARDO COSTA,2024-01-17 01:48:26,28.8,12.1,-12.494336,-37.748826
EDUARDO COSTA,2024-01-17 01:51:53,31.1,12.2,-12.485665,-37.740665
EDUARDO COSTA,2024-01-17 01:54:13,30.6,12.3,-12.479831,-37.735165
EDUARDO COSTA,2024-01-17 02:08:33,31.4,12.4,-12.444665,-37.699665
EDUARDO COSTA,2024-01-17 02:11:01,30.4,12.3,-12.438468,-37.69373
EDUARDO COSTA,2024-01-17 02:16:11,32.5,12.3,-12.425368,-37.681316
EDUARDO COSTA,2024-01-17 02:39:28,32.4,12.4,-12.366831,-37.624165
EDUARDO COSTA,2024-01-17 02:41:47,27.7,12.3,-12.361011,-37.618621
EDUARDO COSTA,2024-01-17 02:45:04,20.4,12.4,-12.351828,-37.611605
EDUARDO COSTA,2024-01-17 02:45:10,20.3,12.4,-12.351536,-37.611408
EDUARDO COSTA,2024-01-17 02:48:16,14.4,12.4,-12.342116,-37.605933
EDUARDO COSTA,2024-01-17 03:29:14,16.3,12.4,-12.209998,-37.548665
EDUARDO COSTA,2024-01-17 03:38:18,18.7,12.4,-12.182498,-37.532998
EDUARDO COSTA,2024-01-17 04:52:12,22.0,12.1,-11.989498,-37.364331
EDUARDO COSTA,2024-01-17 04:53:07,22.4,12.1,-11.986978,-37.362541
EDUARDO COSTA,2024-01-17 04:53:12,22.6,12.0,-11.986831,-37.362331
EDUARDO COSTA,2024-01-17 04:55:35,23.3,12.0,-11.980278,-37.357568
EDUARDO COSTA,2024-01-17 04:58:58,23.5,11.9,-11.971141,-37.350831
EDUARDO COSTA,2024-01-17 05:42:16,24.2,11.8,-11.856001,-37.264545
EDUARDO COSTA,2024-01-17 06:40:01,23.0,11.6,-11.704386,-37.151956
EDUARDO COSTA,2024-01-17 06:42:41,24.7,11.7,-11.697286,-37.146828
EDUARDO COSTA,2024-01-17 06:46:54,23.2,11.7,-11.685963,-37.138645
EDUARDO COSTA,2024-01-17 07:15:14,21.2,11.8,-11.608655,-37.08464
EDUARDO COSTA,2024-01-17 07:17:51,21.6,11.8,-11.60152,-37.079716
EDUARDO COSTA,2024-01-17 07:20:38,22.1,11.8,-11.593831,-37.074498
EDUARDO COSTA,2024-01-17 07:39:03,16.9,11.9,-11.541331,-37.042331
EDUARDO COSTA,2024-01-17 07:44:08,22.6,11.8,-11.527331,-37.032998
EDUARDO COSTA,2024-01-17 07:47:47,21.9,11.9,-11.517413,-37.025851
EDUARDO COSTA,2024-01-17 08:23:08,24.3,11.8,-11.422665,-36.955665
EDUARDO COSTA,2024-01-17 08:25:28,25.1,11.9,-11.416498,-36.950998
EDUARDO COSTA,2024-01-17 08:26:53,24.7,11.8,-11.412665,-36.948165
EDUARDO COSTA,2024-01-17 08:30:27,24.0,11.8,-11.403165,-36.940831
EDUARDO COSTA,2024-01-17 09:02:41,23.6,12.0,-11.317215,-36.875116
EDUARDO COSTA,2024-01-17 09:23:25,25.6,12.0,-11.261998,-36.831498
EDUARDO COSTA,2024-01-17 11:35:09,31.3,12.0,-10.929498,-36.536665
EDUARDO COSTA,2024-01-17 11:35:12,30.4,11.9,-10.929423,-36.536466
EDUARDO COSTA,2024-01-17 11:35:15,29.9,11.9,-10.929331,-36.536331
EDUARDO COSTA,2024-01-17 11:35:18,30.5,11.9,-10.92918,-36.536233
EDUARDO COSTA,2024-01-17 12:58:46,327.6,0.2,-10.79153,-36.391678
EDUARDO COSTA,2024-01-17 13:34:53,28.4,6.6,-10.785303,-36.388868
EDUARDO COSTA,2024-01-17 14:01:03,27.1,12.2,-10.727873,-36.337396
EDUARDO COSTA,2024-01-17 14:04:16,25.5,12.2,-10.719261,-36.330381
EDUARDO COSTA,2024-01-17 14:05:19,25.1,12.2,-10.716498,-36.328165
EDUARDO COSTA,2024-01-17 14:07:29,27.1,12.2,-10.710665,-36.323498
EDUARDO COSTA,2024-01-17 14:07:48,27.0,12.2,-10.709761,-36.322781
EDUARDO COSTA,2024-01-17 14:15:49,27.1,12.2,-10.688331,-36.305331
EDUARDO COSTA,2024-01-17 14:32:05,28.9,12.0,-10.646165,-36.268831
EDUARDO COSTA,2024-01-17 14:35:48,27.7,12.2,-10.63659,-36.260433
EDUARDO COSTA,2024-01-17 14:38:48,28.7,12.2,-10.628941,-36.253633
EDUARDO COSTA,2024-01-17 14:42:39,31.0,12.0,-10.619331,-36.244665
EDUARDO COSTA,2024-01-17 15:10:16,30.4,11.8,-10.552498,-36.182498
EDUARDO COSTA,2024-01-17 15:14:30,30.1,11.4,-10.542328,-36.173075
EDUARDO COSTA,2024-01-17 16:03:50,32.8,11.6,-10.42642,-36.060875
EDUARDO COSTA,2024-01-17 16:04:29,31.1,11.6,-10.424888,-36.059326
EDUARDO COSTA,2024-01-17 16:04:59,31.6,11.6,-10.423705,-36.058201
EDUARDO COSTA,2024-01-17 16:06:29,31.9,11.6,-10.420186,-36.054801
EDUARDO COSTA,2024-01-17 16:07:03,30.7,11.5,-10.418831,-36.053498
EDUARDO COSTA,2024-01-17 16:09:37,30.7,11.5,-10.412831,-36.047665
EDUARDO COSTA,2024-01-17 17:45:34,27.2,11.9,-10.17768,-35.834856
EDUARDO COSTA,2024-01-17 17:46:46,27.9,11.9,-10.174658,-35.832251
EDUARDO COSTA,2024-01-17 19:05:59,35.0,11.7,-9.977085,-35.65836
EDUARDO COSTA,2024-01-17 19:13:28,24.6,12.0,-9.959348,-35.640828
EDUARDO COSTA,2024-01-17 19:58:30,24.9,11.8,-9.840988,-35.54869
EDUARDO COSTA,2024-01-17 20:01:26,30.1,11.7,-9.833665,-35.542498
EDUARDO COSTA,2024-01-17 20:20:23,26.9,11.8,-9.786538,-35.50139
EDUARDO COSTA,2024-01-17 20:48:55,27.4,11.8,-9.715831,-35.438998
EDUARDO COSTA,2024-01-17 20:52:18,29.7,11.8,-9.70747,-35.431561
EDUARDO COSTA,2024-01-17 21:26:39,29.4,11.9,-9.623181,-35.355035
EDUARDO COSTA,2024-01-17 23:58:34,4.6,12.1,-9.205831,-35.075998
EDUARDO COSTA,2024-01-18 00:09:49,5.4,12.1,-9.169416,-35.064601
EDUARDO COSTA,2024-01-18 00:34:22,4.6,12.0,-9.089993,-35.039335
EDUARDO COSTA,2024-01-18 00:38:38,4.3,12.1,-9.076218,-35.035056
EDUARDO COSTA,2024-01-18 00:42:38,4.9,12.1,-9.063283,-35.031016
EDUARDO COSTA,2024-01-18 00:45:05,4.6,12.0,-9.055331,-35.028498
EDUARDO COSTA,2024-01-18 00:51:13,5.6,12.0,-9.03561,-35.02237
EDUARDO COSTA,2024-01-18 00:53:43,4.8,12.1,-9.02756,-35.019831
EDUARDO COSTA,2024-01-18 00:57:33,3.2,12.0,-9.01522,-35.015963
EDUARDO COSTA,2024-01-18 01:05:05,4.2,12.1,-8.990665,-35.008831
EDUARDO COSTA,2024-01-18 01:13:45,8.9,12.0,-8.962961,-34.9989
EDUARDO COSTA,2024-01-18 01:43:08,0.5,12.2,-8.867455,-34.970143
EDUARDO COSTA,2024-01-18 01:45:46,2.5,12.2,-8.858831,-34.967998
EDUARDO COSTA,2024-01-18 01:49:20,1.5,12.2,-8.846831,-34.965165
EDUARDO COSTA,2024-01-18 01:52:36,1.8,12.3,-8.836033,-34.96232
EDUARDO COSTA,2024-01-18 02:27:49,5.7,12.4,-8.720498,-34.926498
EDUARDO COSTA,2024-01-18 02:35:30,5.4,12.3,-8.695331,-34.918331
EDUARDO COSTA,2024-01-18 02:38:40,5.1,12.3,-8.684816,-34.915041
EDUARDO COSTA,2024-01-18 03:24:29,4.9,12.1,-8.53333,-34.866668
EDUARDO COSTA,2024-01-18 03:50:31,358.1,11.0,-8.453108,-34.848321
EDUARDO COSTA,2024-01-18 05:27:17,306.7,0.6,-8.429831,-34.833831
EDUARDO COSTA,2024-01-18 05:28:11,316.2,0.7,-8.429766,-34.833986
EDUARDO COSTA,2024-01-18 05:47:20,314.6,0.7,-8.426831,-34.835665
EDUARDO COSTA,2024-01-18 05:57:09,316.6,0.5,-8.425343,-34.836561
EDUARDO COSTA,2024-01-18 05:57:15,316.5,0.5,-8.425331,-34.836568
EDUARDO COSTA,2024-01-18 06:16:59,318.9,0.6,-8.422528,-34.838163
EDUARDO COSTA,2024-01-18 06:19:40,319.0,0.4,-8.422165,-34.838331
EDUARDO COSTA,2024-01-18 06:21:49,318.6,0.5,-8.421826,-34.838585
EDUARDO COSTA,2024-01-18 06:46:07,318.7,0.5,-8.418181,-34.84061
EDUARDO COSTA,2024-01-18 06:52:29,324.0,0.5,-8.417241,-34.84114
EDUARDO COSTA,2024-01-18 06:58:06,314.6,0.6,-8.416498,-34.841498
EDUARDO COSTA,2024-01-18 07:24:53,320.3,0.5,-8.41287,-34.843823
EDUARDO COSTA,2024-01-18 07:29:13,319.0,0.4,-8.41227,-34.844186
EDUARDO COSTA,2024-01-18 07:31:36,317.2,0.5,-8.411953,-34.844378
EDUARDO COSTA,2024-01-18 07:38:56,321.6,0.5,-8.41092,-34.845036
EDUARDO COSTA,2024-01-18 07:59:39,306.0,0.4,-8.408351,-34.846896
EDUARDO COSTA,2024-01-18 08:05:19,315.9,0.4,-8.407665,-34.847498
EDUARDO COSTA,2024-01-18 08:21:22,309.0,0.4,-8.405681,-34.849043
EDUARDO COSTA,2024-01-18 08:27:39,309.2,0.5,-8.404998,-34.849665
EDUARDO COSTA,2024-01-18 08:30:29,318.4,0.4,-8.404665,-34.849831
EDUARDO COSTA,2024-01-18 08:35:46,320.0,0.2,-8.40396,-34.850425
EDUARDO COSTA,2024-01-18 09:12:56,112.2,3.1,-8.398665,-34.850165
EDUARDO COSTA,2024-01-18 10:41:50,245.4,7.1,-8.373798,-34.905931
EDUARDO COSTA,2024-01-18 11:25:55,172.9,1.6,-8.393331,-34.954498
EDUARDO COSTA,2024-01-18 11:28:35,190.4,1.0,-8.394331,-34.954498
EDUARDO COSTA,2024-01-18 13:10:20,339.2,0.0,-8.398665,-34.953998
EDUARDO COSTA,2024-01-19 00:12:46,338.7,0.0,-8.398665,-34.953998
EDUARDO COSTA,2024-01-19 00:48:44,338.8,0.0,-8.398711,-34.953998
EDUARDO COSTA,2024-01-19 02:36:45,338.8,0.0,-8.398736,-34.95397
EDUARDO COSTA,2024-01-19 08:15:46,339.2,0.0,-8.398665,-34.953998
EDUARDO COSTA,2024-01-19 23:48:45,339.0,0.0,-8.398676,-34.954071
EDUARDO COSTA,2024-01-20 06:06:45,339.1,0.0,-8.398665,-34.953998
EDUARDO COSTA,2024-01-20 11:23:24,20.6,0.9,-8.395025,-34.902735
EDUARDO COSTA,2024-01-20 11:23:45,13.8,0.8,-8.394943,-34.902703
EDUARDO COSTA,2024-01-20 11:24:24,3.5,0.6,-8.394826,-34.902683
EDUARDO COSTA,2024-01-20 18:56:31,29.8,0.0,-8.396555,-34.90331
EDUARDO COSTA,2024-01-20 23:24:28,10.8,2.8,-8.378165,-34.891331
EDUARDO COSTA,2024-01-20 23:26:35,320.4,2.9,-8.376516,-34.891258
EDUARDO COSTA,2024-01-20 23:37:02,242.3,5.0,-8.377165,-34.900831
EDUARDO COSTA,2024-01-20 23:53:50,260.4,3.1,-8.380331,-34.920831
EDUARDO COSTA,2024-01-21 00:01:41,243.7,6.0,-8.380498,-34.930998
EDUARDO COSTA,2024-01-21 00:07:23,243.1,5.0,-8.383616,-34.939008
EDUARDO COSTA,2024-01-21 00:07:37,244.0,5.0,-8.383665,-34.939331
EDUARDO COSTA,2024-01-21 00:08:30,238.6,4.9,-8.384033,-34.940545
EDUARDO COSTA,2024-01-21 00:08:31,238.6,4.9,-8.384033,-34.940545
EDUARDO COSTA,2024-01-21 00:28:18,183.3,1.3,-8.396966,-34.95534
EDUARDO COSTA,2024-01-21 00:32:50,206.0,0.4,-8.397998,-34.955831
EDUARDO COSTA,2024-01-21 00:40:32,115.0,0.1,-8.398331,-34.956331
EDUARDO COSTA,2024-01-21 05:42:55,204.2,0.0,-8.398331,-34.956498
EDUARDO COSTA,2024-01-21 15:39:53,204.1,0.0,-8.398331,-34.956498
EDUARDO COSTA,2024-01-21 17:18:54,204.1,0.0,-8.398331,-34.956498
EDUARDO COSTA,2024-01-21 22:32:38,59.2,12.1,-8.354831,-34.843831
EDUARDO COSTA,2024-01-21 22:35:00,60.8,11.9,-8.352665,-34.836331
EDUARDO COSTA,2024-01-21 23:03:20,35.9,13.0,-8.289493,-34.758321
EDUARDO COSTA,2024-01-21 23:29:31,34.0,12.6,-8.227331,-34.688998
EDUARDO COSTA,2024-01-21 23:32:29,34.1,12.6,-8.220146,-34.681221
EDUARDO COSTA,2024-01-21 23:35:10,34.8,12.5,-8.213831,-34.674331
EDUARDO COSTA,2024-01-21 23:36:10,34.7,12.6,-8.211331,-34.671665
EDUARDO COSTA,2024-01-22 00:10:34,14.4,12.9,-8.129331,-34.579831
EDUARDO COSTA,2024-01-22 00:14:50,344.4,13.1,-8.114295,-34.57724
EDUARDO COSTA,2024-01-22 00:17:10,347.1,13.1,-8.105706,-34.57761
EDUARDO COSTA,2024-01-22 00:26:11,346.9,13.2,-8.072568,-34.577633
EDUARDO COSTA,2024-01-22 00:28:49,346.8,13.2,-8.062831,-34.577665
EDUARDO COSTA,2024-01-22 00:43:47,349.6,13.3,-8.007331,-34.576498
EDUARDO COSTA,2024-01-22 00:45:16,349.3,13.3,-8.001665,-34.576331
EDUARDO COSTA,2024-01-22 00:49:39,349.3,13.1,-7.985361,-34.575676
EDUARDO COSTA,2024-01-22 00:50:31,349.3,13.2,-7.98228,-34.575526
EDUARDO COSTA,2024-01-22 00:52:20,349.3,13.2,-7.9755,-34.57526
EDUARDO COSTA,2024-01-22 01:11:39,350.2,13.2,-7.9036,-34.572163
EDUARDO COSTA,2024-01-22 01:21:11,348.4,13.3,-7.86814,-34.571056
EDUARDO COSTA,2024-01-22 01:23:00,348.7,13.3,-7.861345,-34.570978
EDUARDO COSTA,2024-01-22 01:57:26,347.4,13.4,-7.732346,-34.569408
EDUARDO COSTA,2024-01-22 04:40:50,344.0,13.1,-7.131165,-34.554331
EDUARDO COSTA,2024-01-22 04:44:50,344.7,13.1,-7.116515,-34.555111
EDUARDO COSTA,2024-01-22 05:15:10,343.6,13.1,-7.004831,-34.562498
EDUARDO COSTA,2024-01-22 05:18:31,340.6,13.2,-6.992498,-34.563665
EDUARDO COSTA,2024-01-22 05:19:10,340.0,13.2,-6.989998,-34.563998
EDUARDO COSTA,2024-01-22 05:21:10,340.1,13.2,-6.982621,-34.56481
EDUARDO COSTA,2024-01-22 05:27:18,340.4,13.1,-6.959998,-34.567498
EDUARDO COSTA,2024-01-22 05:28:18,340.2,13.1,-6.956356,-34.567958
EDUARDO COSTA,2024-01-22 05:29:13,339.6,13.1,-6.952998,-34.568331
EDUARDO COSTA,2024-01-22 05:29:18,339.5,13.2,-6.952695,-34.56842
EDUARDO COSTA,2024-01-22 05:30:18,340.0,13.1,-6.94903,-34.56889
EDUARDO COSTA,2024-01-22 05:48:29,338.2,13.1,-6.882498,-34.578331
EDUARDO COSTA,2024-01-22 05:54:11,337.7,12.9,-6.862078,-34.581713
EDUARDO COSTA,2024-01-22 06:17:30,331.7,12.8,-6.780165,-34.601831
EDUARDO COSTA,2024-01-22 06:22:50,334.6,12.8,-6.761498,-34.606331
EDUARDO COSTA,2024-01-22 07:00:39,336.0,12.6,-6.629736,-34.634425
EDUARDO COSTA,2024-01-22 07:01:09,336.9,12.5,-6.627998,-34.634831
EDUARDO COSTA,2024-01-22 07:01:44,336.6,12.7,-6.62597,-34.635158
EDUARDO COSTA,2024-01-22 07:04:00,336.2,12.7,-6.618068,-34.636728
EDUARDO COSTA,2024-01-22 07:06:14,336.6,12.7,-6.610331,-34.638165
EDUARDO COSTA,2024-01-22 07:59:43,332.4,12.3,-6.426998,-34.679498
EDUARDO COSTA,2024-01-22 11:03:43,335.3,12.8,-5.798248,-34.819693
EDUARDO COSTA,2024-01-22 11:14:21,334.9,13.0,-5.760498,-34.827998
EDUARDO COSTA,2024-01-22 11:50:04,333.2,12.7,-5.635763,-34.857551
EDUARDO COSTA,2024-01-22 12:32:22,334.3,12.8,-5.489665,-34.894831
EDUARDO COSTA,2024-01-22 12:35:40,334.9,12.7,-5.478155,-34.897461
EDUARDO COSTA,2024-01-22 13:11:11,334.1,12.5,-5.352875,-34.924638
EDUARDO COSTA,2024-01-22 13:36:23,337.2,13.0,-5.263365,-34.944931
EDUARDO COSTA,2024-01-22 15:53:12,285.7,13.9,-4.877998,-35.211831
EDUARDO COSTA,2024-01-22 15:53:15,285.4,14.0,-4.877998,-35.211998
EDUARDO COSTA,2024-01-22 15:56:35,286.7,13.8,-4.871676,-35.223363
EDUARDO COSTA,2024-01-22 15:56:55,286.4,13.9,-4.871041,-35.224486
EDUARDO COSTA,2024-01-22 15:59:02,286.7,13.9,-4.867085,-35.23173
EDUARDO COSTA,2024-01-22 15:59:50,285.9,13.8,-4.865665,-35.234331
EDUARDO COSTA,2024-01-22 15:59:55,286.0,13.9,-4.865453,-35.234676
EDUARDO COSTA,2024-01-22 16:00:08,285.8,13.8,-4.865008,-35.235466
EDUARDO COSTA,2024-01-22 16:01:42,286.8,13.8,-4.862165,-35.240831
EDUARDO COSTA,2024-01-22 17:05:40,289.2,13.7,-4.738331,-35.454998
EDUARDO COSTA,2024-01-22 17:36:46,286.6,13.9,-4.676498,-35.557165
EDUARDO COSTA,2024-01-22 17:40:08,285.9,13.8,-4.669998,-35.568498
EDUARDO COSTA,2024-01-22 17:41:19,285.9,13.8,-4.667831,-35.572665
EDUARDO COSTA,2024-01-22 17:44:41,286.4,13.8,-4.661498,-35.583998
EDUARDO COSTA,2024-01-22 17:46:14,287.6,13.8,-4.658498,-35.589165
EDUARDO COSTA,2024-01-22 17:48:56,286.1,13.9,-4.653498,-35.598331
EDUARDO COSTA,2024-01-22 18:16:09,287.5,13.9,-4.601498,-35.690331
EDUARDO COSTA,2024-01-22 18:18:43,285.1,13.9,-4.596658,-35.69909
EDUARDO COSTA,2024-01-22 18:40:50,285.8,13.8,-4.554665,-35.774331
EDUARDO COSTA,2024-01-22 18:43:50,286.0,14.0,-4.549086,-35.784755
EDUARDO COSTA,2024-01-22 18:45:54,285.3,13.8,-4.545331,-35.791665
EDUARDO COSTA,2024-01-22 18:49:21,286.0,14.0,-4.538943,-35.803453
EDUARDO COSTA,2024-01-22 18:53:20,284.6,14.0,-4.531531,-35.81709
EDUARDO COSTA,2024-01-22 19:24:24,286.9,13.9,-4.470038,-35.920225
EDUARDO COSTA,2024-01-22 19:28:42,290.0,13.8,-4.461498,-35.934331
EDUARDO COSTA,2024-01-22 21:29:28,288.1,13.8,-4.234831,-36.347498
EDUARDO COSTA,2024-01-22 22:39:16,284.7,14.0,-4.092421,-36.577488
EDUARDO COSTA,2024-01-22 23:11:44,287.1,14.1,-4.030723,-36.689223
EDUARDO COSTA,2024-01-22 23:13:49,289.5,13.8,-4.026476,-36.696095
EDUARDO COSTA,2024-01-22 23:17:55,290.0,13.9,-4.017998,-36.709498
EDUARDO COSTA,2024-01-22 23:19:48,289.1,13.9,-4.013963,-36.71588
EDUARDO COSTA,2024-01-22 23:21:49,290.9,13.9,-4.009665,-36.722498
EDUARDO COSTA,2024-01-22 23:24:15,287.9,13.9,-4.004525,-36.730653
EDUARDO COSTA,2024-01-22 23:45:28,285.5,13.9,-3.962381,-36.80251
EDUARDO COSTA,2024-01-22 23:50:18,285.2,14.0,-3.953165,-36.818998
EDUARDO COSTA,2024-01-22 23:52:28,285.9,14.0,-3.949058,-36.826516
EDUARDO COSTA,2024-01-22 23:55:31,288.0,14.0,-3.943105,-36.836978
EDUARDO COSTA,2024-01-23 00:11:13,287.9,14.1,-3.91177,-36.889871
EDUARDO COSTA,2024-01-23 00:13:14,287.8,13.9,-3.907831,-36.896665
EDUARDO COSTA,2024-01-23 00:14:43,287.7,14.0,-3.904826,-36.901803
EDUARDO COSTA,2024-01-23 00:15:32,287.9,14.0,-3.903331,-36.904498
EDUARDO COSTA,2024-01-23 00:17:17,285.7,14.1,-3.899665,-36.910331
EDUARDO COSTA,2024-01-23 00:17:32,289.6,13.9,-3.899165,-36.911165
EDUARDO COSTA,2024-01-23 00:20:38,288.7,14.1,-3.892998,-36.921665
EDUARDO COSTA,2024-01-23 00:20:51,288.2,14.1,-3.892488,-36.92237
EDUARDO COSTA,2024-01-23 00:24:24,287.9,14.2,-3.885331,-36.934331
EDUARDO COSTA,2024-01-23 00:25:50,287.9,14.1,-3.882498,-36.939165
EDUARDO COSTA,2024-01-23 00:26:26,288.1,14.1,-3.881331,-36.941331
EDUARDO COSTA,2024-01-23 00:28:32,287.0,14.0,-3.87716,-36.948448
EDUARDO COSTA,2024-01-23 00:42:47,288.6,14.1,-3.848331,-36.996331
EDUARDO COSTA,2024-01-23 00:45:41,287.5,13.8,-3.842493,-37.006201
EDUARDO COSTA,2024-01-23 00:46:33,289.1,14.0,-3.840831,-37.008998
EDUARDO COSTA,2024-01-23 00:50:39,285.8,14.2,-3.832498,-37.022831
EDUARDO COSTA,2024-01-23 01:01:20,288.7,14.1,-3.810998,-37.058498
EDUARDO COSTA,2024-01-23 01:08:43,288.6,14.1,-3.795831,-37.083165
EDUARDO COSTA,2024-01-23 01:14:46,286.6,14.2,-3.783665,-37.103831
EDUARDO COSTA,2024-01-23 01:32:02,286.8,14.1,-3.750131,-37.163088
EDUARDO COSTA,2024-01-23 01:34:03,286.1,14.2,-3.746165,-37.169998
EDUARDO COSTA,2024-01-23 01:57:46,287.0,14.0,-3.69925,-37.251316
EDUARDO COSTA,2024-01-23 02:07:20,286.2,14.2,-3.680205,-37.28393
EDUARDO COSTA,2024-01-23 03:43:26,288.4,14.3,-3.492331,-37.619831
EDUARDO COSTA,2024-01-23 04:16:10,287.5,14.6,-3.423831,-37.733665
EDUARDO COSTA,2024-01-23 04:44:16,288.2,14.7,-3.364828,-37.833116
EDUARDO COSTA,2024-01-23 04:46:16,287.9,14.9,-3.36063,-37.840271
EDUARDO COSTA,2024-01-23 04:49:41,287.0,14.8,-3.353498,-37.852331
EDUARDO COSTA,2024-01-23 04:50:30,286.9,14.8,-3.351755,-37.855383
EDUARDO COSTA,2024-01-23 04:50:44,285.9,14.8,-3.35125,-37.856205
EDUARDO COSTA,2024-01-23 04:51:54,287.2,14.7,-3.348831,-37.860331
EDUARDO COSTA,2024-01-23 04:54:12,288.1,14.7,-3.344053,-37.868535
EDUARDO COSTA,2024-01-23 04:56:08,286.8,14.8,-3.339998,-37.875331
EDUARDO COSTA,2024-01-23 05:11:02,285.3,14.7,-3.30849,-37.928281
EDUARDO COSTA,2024-01-23 05:16:46,286.3,14.8,-3.296291,-37.948925
EDUARDO COSTA,2024-01-23 05:31:28,286.9,15.0,-3.265831,-38.001831
EDUARDO COSTA,2024-01-23 05:40:01,286.3,15.0,-3.248165,-38.032831
EDUARDO COSTA,2024-01-23 05:40:13,285.4,15.0,-3.247665,-38.033498
EDUARDO COSTA,2024-01-23 05:41:39,283.8,14.8,-3.244973,-38.03885
EDUARDO COSTA,2024-01-23 05:42:27,285.4,14.8,-3.243498,-38.041665
EDUARDO COSTA,2024-01-23 05:44:19,288.2,14.9,-3.239656,-38.048531
EDUARDO COSTA,2024-01-23 05:44:51,286.0,14.8,-3.238586,-38.050388
EDUARDO COSTA,2024-01-23 05:45:13,284.5,14.9,-3.237831,-38.051665
EDUARDO COSTA,2024-01-23 05:45:29,286.9,14.8,-3.237331,-38.052665
EDUARDO COSTA,2024-01-23 05:45:51,285.4,14.9,-3.23651,-38.054056
EDUARDO COSTA,2024-01-23 05:46:07,286.5,14.8,-3.235998,-38.054998
EDUARDO COSTA,2024-01-23 05:46:21,285.4,14.8,-3.235498,-38.055831
EDUARDO COSTA,2024-01-23 05:48:19,289.5,14.6,-3.231423,-38.062883
EDUARDO COSTA,2024-01-23 06:00:40,287.8,14.7,-3.205665,-38.106498
EDUARDO COSTA,2024-01-23 06:01:21,287.5,14.5,-3.204165,-38.108831
EDUARDO COSTA,2024-01-23 06:03:46,288.3,14.9,-3.199026,-38.117296
EDUARDO COSTA,2024-01-23 06:04:25,288.6,14.6,-3.197665,-38.119498
EDUARDO COSTA,2024-01-23 06:06:13,289.5,14.8,-3.193665,-38.125831
EDUARDO COSTA,2024-01-23 06:08:42,290.5,14.6,-3.188331,-38.134498
EDUARDO COSTA,2024-01-23 06:10:53,288.2,14.8,-3.183498,-38.142266
EDUARDO COSTA,2024-01-23 06:35:54,292.1,14.6,-3.128831,-38.228831
EDUARDO COSTA,2024-01-23 06:38:44,291.3,14.5,-3.122351,-38.238565
EDUARDO COSTA,2024-01-23 07:01:20,294.8,14.5,-3.066763,-38.311956
EDUARDO COSTA,2024-01-23 07:03:48,291.9,14.2,-3.060705,-38.319801
EDUARDO COSTA,2024-01-23 07:08:32,293.8,14.5,-3.049208,-38.335005
EDUARDO COSTA,2024-01-23 07:13:44,291.5,14.4,-3.036665,-38.351831
EDUARDO COSTA,2024-01-23 07:15:52,291.0,14.6,-3.031831,-38.358998
EDUARDO COSTA,2024-01-23 07:42:20,290.8,14.7,-2.974331,-38.450998
EDUARDO COSTA,2024-01-23 07:46:11,291.8,14.4,-2.965941,-38.464476
EDUARDO COSTA,2024-01-23 11:05:00,293.3,15.0,-2.516318,-39.148778
EDUARDO COSTA,2024-01-23 11:31:48,292.1,15.3,-2.450331,-39.240998
EDUARDO COSTA,2024-01-23 11:36:36,291.0,15.3,-2.438573,-39.257613
EDUARDO COSTA,2024-01-23 11:44:31,292.9,15.6,-2.41874,-39.285296
EDUARDO COSTA,2024-01-23 11:46:43,292.1,15.3,-2.413165,-39.292998
EDUARDO COSTA,2024-01-23 11:49:39,293.4,15.5,-2.406005,-39.303396
EDUARDO COSTA,2024-01-23 12:05:29,288.1,15.4,-2.368831,-39.360331
EDUARDO COSTA,2024-01-23 12:09:09,289.9,15.3,-2.360353,-39.373675
EDUARDO COSTA,2024-01-23 12:13:58,289.9,15.6,-2.349498,-39.390998
EDUARDO COSTA,2024-01-23 12:35:37,289.8,15.3,-2.300776,-39.469196
EDUARDO COSTA,2024-01-23 12:38:28,288.9,15.3,-2.294125,-39.479528
EDUARDO COSTA,2024-01-23 12:43:12,290.1,15.2,-2.283331,-39.496331
EDUARDO COSTA,2024-01-23 12:44:32,290.5,15.1,-2.280093,-39.500976
EDUARDO COSTA,2024-01-23 12:46:37,289.3,15.3,-2.275078,-39.508355
EDUARDO COSTA,2024-01-23 12:47:31,289.6,15.3,-2.272998,-39.511498
EDUARDO COSTA,2024-01-23 12:47:36,292.6,15.3,-2.272808,-39.511795
EDUARDO COSTA,2024-01-23 12:49:37,291.0,15.2,-2.268008,-39.518831
EDUARDO COSTA,2024-01-23 13:16:36,290.1,15.6,-2.203165,-39.614998
EDUARDO COSTA,2024-01-23 13:22:28,288.9,15.7,-2.188998,-39.636331
EDUARDO COSTA,2024-01-23 13:30:26,290.1,15.6,-2.169913,-39.665625
EDUARDO COSTA,2024-01-23 13:33:44,289.7,15.9,-2.161998,-39.677665
EDUARDO COSTA,2024-01-23 16:18:37,275.1,16.0,-1.945466,-40.368848
EDUARDO COSTA,2024-01-23 17:16:22,273.8,15.6,-1.871665,-40.611998
EDUARDO COSTA,2024-01-23 17:35:46,277.3,15.7,-1.846781,-40.692951
EDUARDO COSTA,2024-01-23 17:40:36,279.1,15.6,-1.838875,-40.712418
EDUARDO COSTA,2024-01-23 17:46:48,278.6,15.7,-1.828665,-40.737331
EDUARDO COSTA,2024-01-23 17:50:16,279.6,15.6,-1.822978,-40.75144
EDUARDO COSTA,2024-01-23 17:51:44,279.4,15.7,-1.820485,-40.757471
EDUARDO COSTA,2024-01-23 17:52:54,275.0,15.7,-1.818601,-40.762195
EDUARDO COSTA,2024-01-23 17:53:44,276.5,15.6,-1.817498,-40.765498
EDUARDO COSTA,2024-01-23 18:18:16,274.0,15.6,-1.783998,-40.867665
EDUARDO COSTA,2024-01-23 18:20:20,274.4,15.8,-1.78132,-40.87641
EDUARDO COSTA,2024-01-23 18:23:26,274.1,15.9,-1.777241,-40.889438
EDUARDO COSTA,2024-01-23 18:28:04,273.0,15.9,-1.770945,-40.908823
EDUARDO COSTA,2024-01-23 18:35:30,270.7,15.7,-1.761165,-40.939831
EDUARDO COSTA,2024-01-23 18:53:10,271.7,15.8,-1.744325,-41.016145
EDUARDO COSTA,2024-01-23 18:59:40,275.6,15.9,-1.73524,-41.043268
EDUARDO COSTA,2024-01-23 19:01:48,276.7,15.9,-1.732165,-41.052165
EDUARDO COSTA,2024-01-23 19:19:52,273.2,15.9,-1.70721,-41.127736
EDUARDO COSTA,2024-01-23 19:25:16,273.3,15.8,-1.700591,-41.150538
EDUARDO COSTA,2024-01-23 22:54:32,274.2,15.6,-1.425385,-42.018373
EDUARDO COSTA,2024-01-23 23:14:26,272.9,15.6,-1.401158,-42.101391
EDUARDO COSTA,2024-01-23 23:17:20,274.4,15.6,-1.39759,-42.11349
EDUARDO COSTA,2024-01-23 23:21:54,273.4,15.7,-1.39198,-42.13257
EDUARDO COSTA,2024-01-23 23:28:07,272.4,15.6,-1.384336,-42.158581
EDUARDO COSTA,2024-01-23 23:59:30,275.7,15.3,-1.343938,-42.287481
EDUARDO COSTA,2024-01-24 00:00:52,277.6,15.5,-1.342068,-42.29304
EDUARDO COSTA,2024-01-24 00:03:12,277.2,15.4,-1.338831,-42.302498
EDUARDO COSTA,2024-01-24 00:04:19,277.2,15.5,-1.337331,-42.307165
EDUARDO COSTA,2024-01-24 00:06:32,274.7,15.5,-1.334165,-42.316155
EDUARDO COSTA,2024-01-24 00:13:59,275.1,15.4,-1.323998,-42.346498
EDUARDO COSTA,2024-01-24 00:31:16,273.9,15.5,-1.300281,-42.417173
EDUARDO COSTA,2024-01-24 00:33:28,276.1,15.5,-1.297306,-42.426195
EDUARDO COSTA,2024-01-24 00:36:08,275.4,15.6,-1.293665,-42.436998
EDUARDO COSTA,2024-01-24 00:40:09,274.7,15.5,-1.288098,-42.453843
EDUARDO COSTA,2024-01-24 00:40:23,272.9,15.6,-1.287831,-42.454665
EDUARDO COSTA,2024-01-24 00:44:01,276.0,15.6,-1.282761,-42.469746
EDUARDO COSTA,2024-01-24 00:44:21,275.3,15.6,-1.282293,-42.471116
EDUARDO COSTA,2024-01-24 00:44:27,274.8,15.6,-1.282165,-42.471498
EDUARDO COSTA,2024-01-24 00:44:37,274.4,15.6,-1.281945,-42.472216
EDUARDO COSTA,2024-01-24 00:44:40,274.9,15.7,-1.281905,-42.472355
EDUARDO COSTA,2024-01-24 00:44:57,274.1,15.5,-1.281516,-42.473598
EDUARDO COSTA,2024-01-24 00:45:03,273.9,15.6,-1.281356,-42.474001
EDUARDO COSTA,2024-01-24 00:45:36,272.3,15.6,-1.280655,-42.4762
EDUARDO COSTA,2024-01-24 00:46:24,275.4,15.6,-1.279633,-42.479513
EDUARDO COSTA,2024-01-24 00:46:56,272.9,15.5,-1.278921,-42.481708
EDUARDO COSTA,2024-01-24 00:55:54,275.7,15.6,-1.267038,-42.51868
EDUARDO COSTA,2024-01-24 01:05:28,274.7,15.5,-1.254911,-42.558296
EDUARDO COSTA,2024-01-24 01:09:21,272.9,15.4,-1.25004,-42.57434
EDUARDO COSTA,2024-01-24 01:12:37,274.8,15.4,-1.245871,-42.58771
EDUARDO COSTA,2024-01-24 01:20:45,272.8,15.5,-1.235665,-42.620998
EDUARDO COSTA,2024-01-24 05:01:14,273.0,15.3,-0.958805,-43.512968
EDUARDO COSTA,2024-01-24 05:06:07,276.0,15.5,-0.952656,-43.532938
EDUARDO COSTA,2024-01-24 05:07:26,274.1,15.4,-0.950958,-43.538408
EDUARDO COSTA,2024-01-24 05:21:29,273.5,15.5,-0.932928,-43.596443
EDUARDO COSTA,2024-01-24 05:21:38,273.2,15.5,-0.932723,-43.597131
EDUARDO COSTA,2024-01-24 05:21:54,273.1,15.4,-0.932498,-43.598165
EDUARDO COSTA,2024-01-24 05:22:05,273.0,15.5,-0.932191,-43.59892
EDUARDO COSTA,2024-01-24 05:22:08,273.3,15.5,-0.932113,-43.599198
EDUARDO COSTA,2024-01-24 05:22:29,272.5,15.4,-0.931693,-43.600573
EDUARDO COSTA,2024-01-24 05:23:32,272.5,15.4,-0.930378,-43.604975
EDUARDO COSTA,2024-01-24 05:24:06,274.9,15.5,-0.929693,-43.607316
EDUARDO COSTA,2024-01-24 05:24:38,273.8,15.4,-0.929003,-43.609505
EDUARDO COSTA,2024-01-24 05:25:20,273.0,15.4,-0.928118,-43.612386
EDUARDO COSTA,2024-01-24 05:26:10,272.9,15.5,-0.926998,-43.615831
EDUARDO COSTA,2024-01-24 05:26:14,274.7,15.6,-0.926971,-43.616101
EDUARDO COSTA,2024-01-24 05:28:00,273.9,15.5,-0.924746,-43.623403
EDUARDO COSTA,2024-01-24 05:36:29,273.7,15.0,-0.913831,-43.657498
EDUARDO COSTA,2024-01-24 05:39:49,271.9,15.0,-0.909708,-43.67098
EDUARDO COSTA,2024-01-24 05:55:14,275.4,14.8,-0.89107,-43.732221
EDUARDO COSTA,2024-01-24 05:57:16,275.5,14.8,-0.88843,-43.740151
EDUARDO COSTA,2024-01-24 05:58:21,274.1,14.6,-0.88698,-43.744425
EDUARDO COSTA,2024-01-24 05:58:31,275.2,14.8,-0.88677,-43.745073
EDUARDO COSTA,2024-01-24 05:59:32,274.9,14.8,-0.88553,-43.748976
EDUARDO COSTA,2024-01-24 06:00:45,274.8,14.7,-0.883946,-43.753775
EDUARDO COSTA,2024-01-24 06:00:49,275.5,14.6,-0.883871,-43.754041
EDUARDO COSTA,2024-01-24 06:01:22,275.5,14.8,-0.883165,-43.756165
EDUARDO COSTA,2024-01-24 06:01:28,275.3,14.8,-0.882998,-43.756498
EDUARDO COSTA,2024-01-24 06:01:41,274.6,14.8,-0.882741,-43.757416
EDUARDO COSTA,2024-01-24 06:02:22,275.1,14.8,-0.881831,-43.759998
EDUARDO COSTA,2024-01-24 06:02:34,276.7,14.7,-0.881665,-43.760831
EDUARDO COSTA,2024-01-24 06:02:41,275.2,14.7,-0.881405,-43.761301
EDUARDO COSTA,2024-01-24 06:02:43,275.2,14.7,-0.881405,-43.761301
EDUARDO COSTA,2024-01-24 06:03:07,275.3,14.8,-0.880831,-43.762998
EDUARDO COSTA,2024-01-24 06:03:22,275.2,14.8,-0.880498,-43.763998
EDUARDO COSTA,2024-01-24 06:03:37,276.6,14.7,-0.880175,-43.764935
EDUARDO COSTA,2024-01-24 06:03:57,275.7,14.7,-0.879731,-43.766223
EDUARDO COSTA,2024-01-24 06:05:22,275.9,14.7,-0.877831,-43.771665
EDUARDO COSTA,2024-01-24 06:09:55,275.1,14.6,-0.871998,-43.789331
EDUARDO COSTA,2024-01-24 06:12:33,273.9,14.5,-0.86862,-43.799548
EDUARDO COSTA,2024-01-24 06:14:42,272.3,14.5,-0.865831,-43.807665
EDUARDO COSTA,2024-01-24 06:16:51,274.3,14.5,-0.863111,-43.81609
EDUARDO COSTA,2024-01-24 06:41:19,275.5,14.6,-0.832331,-43.910498
EDUARDO COSTA,2024-01-24 06:44:02,274.6,14.5,-0.828998,-43.920998
EDUARDO COSTA,2024-01-24 06:44:31,274.6,14.5,-0.828313,-43.922973
EDUARDO COSTA,2024-01-24 06:46:33,276.4,14.7,-0.825831,-43.930831
EDUARDO COSTA,2024-01-24 06:46:58,272.1,14.4,-0.82528,-43.932355
EDUARDO COSTA,2024-01-24 06:48:55,270.9,14.5,-0.823056,-43.939986
EDUARDO COSTA,2024-01-24 06:50:36,270.4,14.5,-0.821498,-43.946498
EDUARDO COSTA,2024-01-24 06:53:07,269.8,14.5,-0.818911,-43.956401
EDUARDO COSTA,2024-01-24 07:39:36,273.7,14.2,-0.762998,-44.133165
EDUARDO COSTA,2024-01-24 07:41:52,276.2,14.3,-0.760178,-44.141671
EDUARDO COSTA,2024-01-24 07:43:16,274.4,14.2,-0.758388,-44.14691
EDUARDO COSTA,2024-01-24 11:09:06,277.9,13.7,-0.646976,-44.922783
EDUARDO COSTA,2024-01-24 11:11:39,279.9,13.7,-0.643165,-44.931831
EDUARDO COSTA,2024-01-24 11:39:24,266.6,13.7,-0.602165,-45.030165
EDUARDO COSTA,2024-01-24 11:48:48,266.2,13.7,-0.595331,-45.065331
EDUARDO COSTA,2024-01-24 12:15:50,266.7,13.6,-0.576803,-45.166416
EDUARDO COSTA,2024-01-24 12:18:03,265.8,13.7,-0.575411,-45.174766
EDUARDO COSTA,2024-01-24 12:23:20,267.0,13.7,-0.572085,-45.194451
EDUARDO COSTA,2024-01-24 12:32:13,265.5,13.6,-0.566498,-45.227831
EDUARDO COSTA,2024-01-24 12:33:30,265.4,13.8,-0.565768,-45.232571
EDUARDO COSTA,2024-01-24 12:36:27,266.0,13.7,-0.563998,-45.243665
EDUARDO COSTA,2024-01-24 12:39:17,265.5,13.6,-0.562165,-45.254331
EDUARDO COSTA,2024-01-24 12:40:23,266.8,13.7,-0.561505,-45.258435
EDUARDO COSTA,2024-01-24 12:40:27,267.1,13.7,-0.561498,-45.258665
EDUARDO COSTA,2024-01-24 12:40:54,266.1,13.6,-0.56119,-45.26031
EDUARDO COSTA,2024-01-24 12:41:13,264.1,13.6,-0.560998,-45.261498
EDUARDO COSTA,2024-01-24 12:41:17,266.1,13.6,-0.560998,-45.261831
EDUARDO COSTA,2024-01-24 12:42:04,263.7,13.6,-0.560491,-45.264686
EDUARDO COSTA,2024-01-24 13:15:30,263.8,13.7,-0.541165,-45.389998
EDUARDO COSTA,2024-01-24 13:17:40,266.8,13.7,-0.539916,-45.398153
EDUARDO COSTA,2024-01-24 13:27:08,265.4,13.6,-0.534165,-45.433665
EDUARDO COSTA,2024-01-24 16:32:46,264.6,14.1,-0.416331,-46.135331
EDUARDO COSTA,2024-01-24 16:49:28,253.4,14.3,-0.408771,-46.199931
EDUARDO COSTA,2024-01-24 17:22:56,256.5,14.4,-0.406821,-46.33356
EDUARDO COSTA,2024-01-24 17:27:52,256.6,14.4,-0.406823,-46.353335
EDUARDO COSTA,2024-01-24 17:30:08,257.6,14.4,-0.406831,-46.362331
EDUARDO COSTA,2024-01-24 17:57:06,255.1,14.5,-0.407165,-46.470998
EDUARDO COSTA,2024-01-24 18:03:12,255.3,14.5,-0.407403,-46.495728
EDUARDO COSTA,2024-01-24 18:07:22,256.1,14.5,-0.407308,-46.512775
EDUARDO COSTA,2024-01-24 18:07:26,256.0,14.5,-0.407301,-46.513043
EDUARDO COSTA,2024-01-24 18:08:42,256.4,14.4,-0.407331,-46.517998
EDUARDO COSTA,2024-01-24 18:09:38,257.7,14.4,-0.407366,-46.521886
EDUARDO COSTA,2024-01-24 18:10:42,256.8,14.5,-0.407366,-46.526193
EDUARDO COSTA,2024-01-24 18:20:20,255.5,14.6,-0.407585,-46.565161
EDUARDO COSTA,2024-01-24 18:23:56,256.1,14.8,-0.40761,-46.57986
EDUARDO COSTA,2024-01-24 18:28:22,255.7,14.6,-0.407346,-46.597945
EDUARDO COSTA,2024-01-24 18:30:36,256.4,14.6,-0.407331,-46.606998
EDUARDO COSTA,2024-01-24 18:35:32,256.5,14.6,-0.407218,-46.627126
EDUARDO COSTA,2024-01-24 18:37:52,257.3,14.7,-0.407228,-46.636651
EDUARDO COSTA,2024-01-24 22:19:05,254.6,15.2,-0.408998,-47.566998
EDUARDO COSTA,2024-01-24 22:57:00,253.6,13.1,-0.416238,-47.724473
EDUARDO COSTA,2024-01-24 22:59:51,246.7,12.1,-0.417223,-47.734223
EDUARDO COSTA,2024-01-24 23:39:49,32.3,6.6,-0.432331,-47.789331
EDUARDO COSTA,2024-01-24 23:57:46,10.5,2.9,-0.412165,-47.774331
EDUARDO COSTA,2024-01-25 00:00:02,95.8,2.3,-0.411498,-47.773165
EDUARDO COSTA,2024-01-25 00:04:13,175.2,4.3,-0.414931,-47.771781
EDUARDO COSTA,2024-01-25 00:05:49,206.7,5.0,-0.41681,-47.77273
EDUARDO COSTA,2024-01-25 00:06:39,207.9,5.3,-0.417753,-47.773508
EDUARDO COSTA,2024-01-25 00:11:39,206.1,6.6,-0.424356,-47.778985
EDUARDO COSTA,2024-01-25 00:13:59,206.1,6.8,-0.427831,-47.781665
EDUARDO COSTA,2024-01-25 00:36:30,11.5,3.2,-0.44613,-47.804373
EDUARDO COSTA,2024-01-25 00:38:19,30.8,4.4,-0.444665,-47.803165
EDUARDO COSTA,2024-01-25 00:38:30,32.1,4.4,-0.44447,-47.803068
EDUARDO COSTA,2024-01-25 00:39:30,33.8,5.5,-0.443498,-47.801998
EDUARDO COSTA,2024-01-25 00:41:34,34.8,7.1,-0.440831,-47.799331
EDUARDO COSTA,2024-01-25 00:41:40,35.6,7.3,-0.440698,-47.799188
EDUARDO COSTA,2024-01-25 00:41:56,35.1,7.3,-0.440336,-47.798775
EDUARDO COSTA,2024-01-25 00:43:11,36.0,7.8,-0.438498,-47.796831
EDUARDO COSTA,2024-01-25 00:45:40,35.1,8.4,-0.434831,-47.792498
EDUARDO COSTA,2024-01-25 00:48:40,35.2,9.1,-0.429831,-47.786998
EDUARDO COSTA,2024-01-25 00:49:20,34.6,9.2,-0.428731,-47.785683
EDUARDO COSTA,2024-01-25 01:12:59,87.2,3.1,-0.420331,-47.734165
EDUARDO COSTA,2024-01-25 01:13:03,90.3,3.0,-0.420415,-47.734128
EDUARDO COSTA,2024-01-25 01:13:06,92.1,3.0,-0.420498,-47.734165
EDUARDO COSTA,2024-01-25 01:13:40,94.4,2.8,-0.420543,-47.73364
EDUARDO COSTA,2024-01-25 01:14:16,94.1,2.6,-0.420673,-47.7332
EDUARDO COSTA,2024-01-25 01:14:56,89.8,2.5,-0.420788,-47.732736
EDUARDO COSTA,2024-01-25 04:40:11,80.8,2.1,-0.426035,-47.755023
EDUARDO COSTA,2024-01-25 04:40:17,83.3,2.0,-0.426043,-47.754955
EDUARDO COSTA,2024-01-25 04:54:20,90.9,1.9,-0.427331,-47.746831
EDUARDO COSTA,2024-01-25 04:56:50,92.0,1.9,-0.4276,-47.745525
EDUARDO COSTA,2024-01-25 05:01:06,96.4,1.6,-0.428331,-47.743498
EDUARDO COSTA,2024-01-25 05:03:42,91.5,1.6,-0.42859,-47.742291
EDUARDO COSTA,2024-01-25 05:12:52,98.2,1.3,-0.4296,-47.738396
EDUARDO COSTA,2024-01-25 05:16:08,86.1,1.5,-0.42998,-47.737196
EDUARDO COSTA,2024-01-25 05:41:54,235.4,7.8,-0.432523,-47.74383
EDUARDO COSTA,2024-01-25 05:45:38,242.1,8.4,-0.435463,-47.752025
EDUARDO COSTA,2024-01-25 05:48:37,242.5,9.3,-0.437331,-47.759165
EDUARDO COSTA,2024-01-25 05:51:11,243.0,10.0,-0.438831,-47.765998
EDUARDO COSTA,2024-01-25 05:51:12,243.0,10.0,-0.438831,-47.765998
EDUARDO COSTA,2024-01-25 05:52:57,242.6,10.3,-0.439998,-47.770998
EDUARDO COSTA,2024-01-25 05:55:32,243.4,10.6,-0.441631,-47.778366
EDUARDO COSTA,2024-01-25 05:57:37,234.0,10.9,-0.443331,-47.784331
EDUARDO COSTA,2024-01-25 06:21:47,253.2,0.9,-0.455831,-47.818498
EDUARDO COSTA,2024-01-25 06:24:00,243.2,1.1,-0.455831,-47.818998
EDUARDO COSTA,2024-01-25 06:27:45,278.5,3.3,-0.45523,-47.82085
EDUARDO COSTA,2024-01-25 06:45:00,229.5,12.0,-0.475498,-47.861498
EDUARDO COSTA,2024-01-25 07:31:14,223.5,11.7,-0.511998,-48.009165
EDUARDO COSTA,2024-01-25 11:20:47,179.4,10.7,-1.136253,-48.492473
EDUARDO COSTA,2024-01-25 11:38:39,167.6,8.8,-1.189316,-48.486966
EDUARDO COSTA,2024-01-25 11:53:58,179.4,11.8,-1.227165,-48.490665
EDUARDO COSTA,2024-01-25 12:28:01,161.5,7.3,-1.329478,-48.490158
EDUARDO COSTA,2024-01-25 12:36:38,165.4,7.4,-1.347088,-48.489606
EDUARDO COSTA,2024-01-25 12:36:40,165.6,7.4,-1.347156,-48.489605
EDUARDO COSTA,2024-01-25 13:09:13,114.2,3.9,-1.406165,-48.502665
EDUARDO COSTA,2024-01-25 23:11:36,356.4,0.0,-1.406498,-48.494998
EDUARDO COSTA,2024-01-25 23:41:34,356.1,0.0,-1.406536,-48.495071
EDUARDO COSTA,2024-01-26 01:05:35,356.4,0.0,-1.406498,-48.494998
EDUARDO COSTA,2024-01-26 05:23:36,356.7,0.0,-1.406526,-48.495068
EDUARDO COSTA,2024-01-26 17:08:32,356.1,0.0,-1.406526,-48.495081
EDUARDO COSTA,2024-01-26 23:41:34,357.1,0.0,-1.406498,-48.494998
EDUARDO COSTA,2024-01-27 04:47:36,357.1,0.0,-1.406498,-48.494998
EDUARDO COSTA,2024-01-27 15:33:52,309.6,4.1,-1.292998,-48.502498
EDUARDO COSTA,2024-01-27 16:10:50,306.3,0.2,-1.293665,-48.504498
EDUARDO COSTA,2024-01-28 05:27:35,349.8,0.2,-1.291998,-48.505665
EDUARDO COSTA,2024-01-28 16:08:51,26.5,11.2,-1.05721,-48.43308
EDUARDO COSTA,2024-01-28 16:11:28,25.6,11.3,-1.050655,-48.427963
EDUARDO COSTA,2024-01-28 16:21:18,19.2,11.8,-1.023863,-48.411523
EDUARDO COSTA,2024-01-28 16:27:18,18.6,12.0,-1.006793,-48.401006
EDUARDO COSTA,2024-01-28 16:59:57,14.2,12.7,-0.909403,-48.346176
EDUARDO COSTA,2024-01-28 17:31:05,15.4,14.2,-0.804331,-48.291498
EDUARDO COSTA,2024-01-28 20:51:48,74.8,13.4,-0.407065,-47.66452
EDUARDO COSTA,2024-01-28 21:23:55,79.3,13.4,-0.410523,-47.544718
EDUARDO COSTA,2024-01-28 21:56:39,75.2,12.4,-0.408665,-47.426665
EDUARDO COSTA,2024-01-28 22:02:18,73.1,12.6,-0.407165,-47.406998
EDUARDO COSTA,2024-01-28 22:39:27,78.4,12.3,-0.406998,-47.278498
EDUARDO COSTA,2024-01-28 22:41:27,78.7,12.3,-0.407171,-47.271756
EDUARDO COSTA,2024-01-28 22:43:53,77.5,12.3,-0.407331,-47.263331
EDUARDO COSTA,2024-01-28 23:05:53,76.9,12.6,-0.407458,-47.18666
EDUARDO COSTA,2024-01-28 23:29:40,75.1,11.7,-0.407331,-47.106331
EDUARDO COSTA,2024-01-28 23:45:00,77.0,12.0,-0.405831,-47.056165
EDUARDO COSTA,2024-01-29 00:24:05,78.8,12.5,-0.408498,-46.921498
EDUARDO COSTA,2024-01-29 00:24:17,77.6,12.6,-0.408498,-46.920831
EDUARDO COSTA,2024-01-29 00:26:58,77.9,12.7,-0.40855,-46.911401
EDUARDO COSTA,2024-01-29 00:28:38,77.0,12.6,-0.408535,-46.905536
EDUARDO COSTA,2024-01-29 00:28:59,77.5,12.7,-0.408525,-46.904298
EDUARDO COSTA,2024-01-29 00:29:19,77.6,12.7,-0.408498,-46.903165
EDUARDO COSTA,2024-01-29 00:42:57,76.0,12.8,-0.408153,-46.854588
EDUARDO COSTA,2024-01-29 02:31:15,78.2,13.9,-0.40843,-46.453101
EDUARDO COSTA,2024-01-29 03:02:09,90.4,13.8,-0.413358,-46.333753
EDUARDO COSTA,2024-01-29 03:38:46,70.2,14.0,-0.409331,-46.198165
EDUARDO COSTA,2024-01-29 03:41:27,74.0,14.0,-0.408361,-46.187798
EDUARDO COSTA,2024-01-29 03:43:29,74.3,14.0,-0.407993,-46.17986
EDUARDO COSTA,2024-01-29 03:45:41,75.4,14.1,-0.407586,-46.171238
EDUARDO COSTA,2024-01-29 04:09:35,77.0,14.0,-0.404796,-46.077561
EDUARDO COSTA,2024-01-29 04:11:37,76.9,14.0,-0.404643,-46.069678
EDUARDO COSTA,2024-01-29 04:14:39,76.9,14.0,-0.404331,-46.057998
EDUARDO COSTA,2024-01-29 04:17:10,75.9,14.0,-0.404131,-46.047981
EDUARDO COSTA,2024-01-29 04:19:19,75.1,14.0,-0.403998,-46.039665
EDUARDO COSTA,2024-01-29 04:31:37,81.0,13.9,-0.405145,-45.991876
EDUARDO COSTA,2024-01-29 04:35:35,79.5,13.9,-0.405831,-45.976665
EDUARDO COSTA,2024-01-29 04:37:37,81.1,13.8,-0.40615,-45.968733
EDUARDO COSTA,2024-01-29 04:48:05,97.4,13.7,-0.417998,-45.930831
EDUARDO COSTA,2024-01-29 04:51:41,98.7,13.9,-0.422953,-45.917896
EDUARDO COSTA,2024-01-29 05:19:17,96.8,13.8,-0.458498,-45.818165
EDUARDO COSTA,2024-01-29 05:21:20,98.0,13.7,-0.461165,-45.810816
EDUARDO COSTA,2024-01-29 05:43:28,97.7,13.6,-0.491498,-45.731998
EDUARDO COSTA,2024-01-29 05:45:09,97.4,13.6,-0.493831,-45.725998
EDUARDO COSTA,2024-01-29 05:45:18,97.1,13.6,-0.493998,-45.725498
EDUARDO COSTA,2024-01-29 05:45:25,98.1,13.6,-0.494165,-45.725165
EDUARDO COSTA,2024-01-29 05:47:12,97.7,13.6,-0.496831,-45.718831
EDUARDO COSTA,2024-01-29 05:47:18,98.1,13.6,-0.49688,-45.718471
EDUARDO COSTA,2024-01-29 05:47:22,96.8,13.6,-0.496998,-45.718165
EDUARDO COSTA,2024-01-29 05:47:35,100.0,13.6,-0.497291,-45.717415
EDUARDO COSTA,2024-01-29 05:47:42,96.7,13.6,-0.497498,-45.716998
EDUARDO COSTA,2024-01-29 05:47:49,97.2,13.6,-0.497665,-45.716665
EDUARDO COSTA,2024-01-29 05:47:55,99.4,13.7,-0.497756,-45.716243
EDUARDO COSTA,2024-01-29 05:48:55,96.4,13.5,-0.499085,-45.712695
EDUARDO COSTA,2024-01-29 05:49:25,96.7,13.6,-0.499665,-45.710998
EDUARDO COSTA,2024-01-29 05:49:38,97.8,13.6,-0.499998,-45.710165
EDUARDO COSTA,2024-01-29 05:49:59,96.9,13.7,-0.500478,-45.708903
EDUARDO COSTA,2024-01-29 05:51:15,94.4,13.6,-0.502085,-45.704363
EDUARDO COSTA,2024-01-29 05:51:19,96.0,13.7,-0.502165,-45.704165
EDUARDO COSTA,2024-01-29 05:51:25,96.8,13.6,-0.502331,-45.703831
EDUARDO COSTA,2024-01-29 05:51:42,96.4,13.6,-0.502665,-45.702831
EDUARDO COSTA,2024-01-29 05:53:08,97.2,13.6,-0.504498,-45.697665
EDUARDO COSTA,2024-01-29 08:30:10,95.2,12.9,-0.691863,-45.150125
EDUARDO COSTA,2024-01-29 09:06:50,95.0,12.9,-0.738325,-45.026858
EDUARDO COSTA,2024-01-29 09:09:54,95.7,12.9,-0.741831,-45.016498
EDUARDO COSTA,2024-01-29 09:22:17,97.0,12.8,-0.755858,-44.974478
EDUARDO COSTA,2024-01-29 09:43:13,95.5,12.9,-0.779331,-44.903165
EDUARDO COSTA,2024-01-29 09:52:23,93.4,13.0,-0.789498,-44.871665
EDUARDO COSTA,2024-01-29 10:11:24,99.5,13.1,-0.810998,-44.806498
EDUARDO COSTA,2024-01-29 10:16:40,96.9,13.0,-0.817381,-44.788541
EDUARDO COSTA,2024-01-29 10:18:18,96.0,13.0,-0.819331,-44.782998
EDUARDO COSTA,2024-01-29 10:20:10,96.7,12.9,-0.821498,-44.776665
EDUARDO COSTA,2024-01-29 10:22:44,97.0,13.1,-0.824665,-44.767831
EDUARDO COSTA,2024-01-29 10:25:34,97.6,13.1,-0.828498,-44.758165
EDUARDO COSTA,2024-01-29 10:52:54,97.8,13.2,-0.863498,-44.664665
EDUARDO COSTA,2024-01-29 10:56:33,98.2,13.1,-0.868165,-44.651998
EDUARDO COSTA,2024-01-29 11:09:39,97.0,13.3,-0.884831,-44.606498
EDUARDO COSTA,2024-01-29 12:05:59,95.7,13.5,-0.951008,-44.40782
EDUARDO COSTA,2024-01-29 12:24:25,100.2,13.5,-0.973665,-44.342665
EDUARDO COSTA,2024-01-29 12:25:23,100.4,13.5,-0.974998,-44.339331
EDUARDO COSTA,2024-01-29 14:24:53,103.1,13.3,-1.169596,-43.936723
EDUARDO COSTA,2024-01-29 15:14:34,137.1,12.9,-1.269831,-43.788831
EDUARDO COSTA,2024-01-29 16:00:53,104.0,13.1,-1.322665,-43.632665
EDUARDO COSTA,2024-01-29 16:04:34,103.3,13.2,-1.328831,-43.620665
EDUARDO COSTA,2024-01-29 16:07:03,104.9,13.1,-1.332998,-43.612498
EDUARDO COSTA,2024-01-29 16:15:58,105.1,13.0,-1.347916,-43.583233
EDUARDO COSTA,2024-01-29 16:16:17,106.4,13.1,-1.348498,-43.582165
EDUARDO COSTA,2024-01-29 16:21:31,104.7,13.3,-1.357331,-43.565165
EDUARDO COSTA,2024-01-29 17:52:37,103.9,12.6,-1.505998,-43.275165
EDUARDO COSTA,2024-01-29 17:53:51,105.9,12.7,-1.507998,-43.271331
EDUARDO COSTA,2024-01-29 17:54:58,104.8,12.6,-1.509796,-43.267866
EDUARDO COSTA,2024-01-29 17:55:05,104.9,12.7,-1.509998,-43.267498
EDUARDO COSTA,2024-01-29 17:55:11,105.3,12.7,-1.510125,-43.26724
EDUARDO COSTA,2024-01-29 17:55:18,103.7,12.7,-1.510331,-43.266831
EDUARDO COSTA,2024-01-29 17:55:24,104.6,12.6,-1.510506,-43.266508
EDUARDO COSTA,2024-01-29 17:56:24,105.3,12.7,-1.512145,-43.263366
EDUARDO COSTA,2024-01-29 17:57:31,105.3,12.6,-1.513998,-43.259831
EDUARDO COSTA,2024-01-29 19:49:54,107.2,12.5,-1.689831,-42.906665
EDUARDO COSTA,2024-01-29 20:54:16,104.2,12.5,-1.791486,-42.709056
EDUARDO COSTA,2024-01-29 20:56:23,103.0,12.6,-1.794831,-42.702498
EDUARDO COSTA,2024-01-29 20:59:09,104.0,12.4,-1.799165,-42.693831
EDUARDO COSTA,2024-01-29 21:00:44,103.8,12.6,-1.801665,-42.688998
EDUARDO COSTA,2024-01-29 21:05:16,103.0,12.4,-1.808736,-42.674891
EDUARDO COSTA,2024-01-29 21:31:17,99.2,12.7,-1.848165,-42.592331
EDUARDO COSTA,2024-01-29 21:40:30,100.8,12.8,-1.860321,-42.561983
EDUARDO COSTA,2024-01-29 21:46:30,102.2,12.9,-1.868991,-42.54228
EDUARDO COSTA,2024-01-29 21:49:00,103.6,13.0,-1.872831,-42.534165
EDUARDO COSTA,2024-01-29 22:10:24,102.5,13.1,-1.909331,-42.465665
EDUARDO COSTA,2024-01-29 22:38:39,102.5,13.0,-1.953655,-42.372553
EDUARDO COSTA,2024-01-29 22:43:17,101.3,12.9,-1.960908,-42.35747
EDUARDO COSTA,2024-01-29 22:46:53,104.0,13.1,-1.966585,-42.345765
EDUARDO COSTA,2024-01-29 23:29:32,105.5,12.6,-2.031843,-42.208218
EDUARDO COSTA,2024-01-30 00:17:19,90.9,12.7,-2.106831,-42.058165
EDUARDO COSTA,2024-01-30 00:19:49,90.9,12.6,-2.108998,-42.049498
EDUARDO COSTA,2024-01-30 00:20:49,90.0,12.8,-2.109911,-42.046005
EDUARDO COSTA,2024-01-30 00:21:43,90.7,12.8,-2.110665,-42.042998
EDUARDO COSTA,2024-01-30 00:23:32,89.8,12.9,-2.112325,-42.036618
EDUARDO COSTA,2024-01-30 00:24:29,90.1,12.8,-2.113165,-42.033331
EDUARDO COSTA,2024-01-30 00:30:00,89.8,12.8,-2.117946,-42.014256
EDUARDO COSTA,2024-01-30 00:32:06,90.2,12.7,-2.119718,-42.006978
EDUARDO COSTA,2024-01-30 00:33:06,90.2,12.8,-2.12053,-42.003503
EDUARDO COSTA,2024-01-30 02:41:32,84.4,13.2,-2.174755,-41.543821
EDUARDO COSTA,2024-01-30 03:10:20,81.9,13.1,-2.186791,-41.438891
EDUARDO COSTA,2024-01-30 03:12:36,79.8,13.0,-2.187206,-41.430653
EDUARDO COSTA,2024-01-30 03:18:53,79.6,13.0,-2.187706,-41.407898
EDUARDO COSTA,2024-01-30 03:21:40,76.5,13.1,-2.187665,-41.397831
EDUARDO COSTA,2024-01-30 03:34:24,88.4,12.8,-2.187665,-41.352165
EDUARDO COSTA,2024-01-30 03:37:56,90.4,12.9,-2.190498,-41.339665
EDUARDO COSTA,2024-01-30 03:40:07,89.6,12.9,-2.192288,-41.332116
EDUARDO COSTA,2024-01-30 03:44:40,88.9,12.9,-2.196125,-41.316156
EDUARDO COSTA,2024-01-30 03:48:09,86.9,12.8,-2.198998,-41.303998
EDUARDO COSTA,2024-01-30 03:51:17,90.4,12.9,-2.201665,-41.292998
EDUARDO COSTA,2024-01-30 04:30:40,86.0,12.8,-2.225331,-41.153998
EDUARDO COSTA,2024-01-30 04:59:34,87.4,13.0,-2.240165,-41.050998
EDUARDO COSTA,2024-01-30 06:05:06,82.8,12.9,-2.272205,-40.817511
EDUARDO COSTA,2024-01-30 06:05:09,83.9,12.9,-2.272165,-40.817331
EDUARDO COSTA,2024-01-30 06:05:46,83.0,12.8,-2.272498,-40.814998
EDUARDO COSTA,2024-01-30 06:06:06,82.6,12.9,-2.2726,-40.813873
EDUARDO COSTA,2024-01-30 06:06:46,82.8,12.8,-2.272831,-40.811498
EDUARDO COSTA,2024-01-30 07:35:20,83.9,13.0,-2.320498,-40.495831
EDUARDO COSTA,2024-01-30 08:11:35,92.4,13.0,-2.339998,-40.366165
EDUARDO COSTA,2024-01-30 08:21:53,80.3,12.9,-2.345831,-40.329498
EDUARDO COSTA,2024-01-30 08:42:30,80.3,13.0,-2.347165,-40.255165
EDUARDO COSTA,2024-01-30 09:12:50,84.4,12.9,-2.357831,-40.146165
EDUARDO COSTA,2024-01-30 09:21:14,82.2,13.0,-2.361165,-40.115998
EDUARDO COSTA,2024-01-30 09:21:20,84.2,12.9,-2.361185,-40.11566
EDUARDO COSTA,2024-01-30 09:25:30,85.7,13.0,-2.363165,-40.100831
EDUARDO COSTA,2024-01-30 09:28:35,85.2,12.8,-2.364821,-40.089705
EDUARDO COSTA,2024-01-30 09:57:30,85.9,13.0,-2.379498,-39.985998
EDUARDO COSTA,2024-01-30 09:59:58,85.1,13.0,-2.380665,-39.977165
EDUARDO COSTA,2024-01-30 10:02:00,84.9,13.1,-2.381626,-39.969726
EDUARDO COSTA,2024-01-30 10:07:03,84.6,13.1,-2.383998,-39.951498
EDUARDO COSTA,2024-01-30 10:10:32,96.8,12.9,-2.386343,-39.939015
EDUARDO COSTA,2024-01-30 10:32:28,116.8,12.9,-2.436665,-39.878165
EDUARDO COSTA,2024-01-30 11:49:09,117.8,12.8,-2.616998,-39.669331
EDUARDO COSTA,2024-01-30 12:17:19,116.3,13.0,-2.682331,-39.592665
EDUARDO COSTA,2024-01-30 12:20:35,115.7,12.8,-2.689998,-39.583831
EDUARDO COSTA,2024-01-30 12:20:39,115.6,12.6,-2.690165,-39.583665
EDUARDO COSTA,2024-01-30 12:32:19,118.1,12.7,-2.717498,-39.552165
EDUARDO COSTA,2024-01-30 13:51:56,117.3,13.1,-2.906981,-39.336825
EDUARDO COSTA,2024-01-30 14:30:00,117.7,13.1,-2.99924,-39.233198
EDUARDO COSTA,2024-01-30 15:03:57,116.4,3.9,-3.072056,-39.150905
EDUARDO COSTA,2024-01-30 15:06:40,121.0,2.8,-3.073725,-39.148978
EDUARDO COSTA,2024-01-30 15:08:57,127.9,2.1,-3.074865,-39.147903
EDUARDO COSTA,2024-01-30 15:36:20,114.2,11.7,-3.101331,-39.116331
EDUARDO COSTA,2024-01-30 15:44:44,113.0,12.6,-3.119331,-39.093165
EDUARDO COSTA,2024-01-30 15:59:39,98.6,12.6,-3.15048,-39.050113
EDUARDO COSTA,2024-01-30 16:09:50,98.9,12.6,-3.164373,-39.017095
EDUARDO COSTA,2024-01-30 16:13:50,101.3,12.6,-3.169998,-39.004165
EDUARDO COSTA,2024-01-30 16:32:45,101.1,12.5,-3.197321,-38.943683
EDUARDO COSTA,2024-01-30 16:39:22,101.8,12.4,-3.20693,-38.9227
EDUARDO COSTA,2024-01-30 18:10:52,101.9,12.6,-3.343331,-38.629998
EDUARDO COSTA,2024-01-30 19:26:23,100.2,12.8,-3.453165,-38.385331
EDUARDO COSTA,2024-01-30 19:57:17,104.0,12.7,-3.498331,-38.284665
EDUARDO COSTA,2024-01-30 20:32:40,100.6,12.6,-3.553498,-38.172498
EDUARDO COSTA,2024-01-30 20:34:44,103.3,12.6,-3.556558,-38.165793
EDUARDO COSTA,2024-01-30 20:39:13,101.2,12.7,-3.563331,-38.151331
EDUARDO COSTA,2024-01-30 20:45:18,101.4,12.6,-3.572331,-38.131831
EDUARDO COSTA,2024-01-30 20:48:40,101.4,12.6,-3.577335,-38.120973
EDUARDO COSTA,2024-01-30 20:55:53,102.9,12.6,-3.587998,-38.097831
EDUARDO COSTA,2024-01-30 21:11:14,102.0,12.6,-3.610498,-38.048998
EDUARDO COSTA,2024-01-30 21:15:17,101.5,12.5,-3.616423,-38.036118
EDUARDO COSTA,2024-01-30 21:38:24,102.3,12.7,-3.650831,-37.962165
EDUARDO COSTA,2024-01-30 21:41:54,101.9,12.6,-3.656038,-37.950941
EDUARDO COSTA,2024-01-30 21:48:44,101.2,12.6,-3.666165,-37.929165
EDUARDO COSTA,2024-01-31 00:13:52,101.0,12.2,-3.873028,-37.471951
EDUARDO COSTA,2024-01-31 00:14:29,101.3,12.3,-3.87398,-37.470143
EDUARDO COSTA,2024-01-31 00:15:32,101.7,12.3,-3.875561,-37.466773
EDUARDO COSTA,2024-01-31 00:16:29,102.1,12.2,-3.876998,-37.463831
EDUARDO COSTA,2024-01-31 00:16:39,101.6,12.3,-3.877165,-37.463331
EDUARDO COSTA,2024-01-31 00:33:49,100.4,12.3,-3.902165,-37.409998
EDUARDO COSTA,2024-01-31 01:48:22,101.2,12.5,-4.006998,-37.173165
EDUARDO COSTA,2024-01-31 02:22:20,102.3,12.5,-4.057061,-37.065231
EDUARDO COSTA,2024-01-31 02:35:29,101.0,12.3,-4.076628,-37.02404
EDUARDO COSTA,2024-01-31 02:37:43,103.0,12.2,-4.079998,-37.017165
EDUARDO COSTA,2024-01-31 02:42:03,101.4,12.2,-4.086331,-37.003831
EDUARDO COSTA,2024-01-31 02:44:32,100.6,12.3,-4.089831,-36.99592
EDUARDO COSTA,2024-01-31 02:45:54,100.9,12.3,-4.091665,-36.991831
EDUARDO COSTA,2024-01-31 02:47:26,103.6,12.2,-4.093831,-36.986831
EDUARDO COSTA,2024-01-31 02:48:27,101.1,12.3,-4.095331,-36.983831
EDUARDO COSTA,2024-01-31 03:25:07,100.8,12.3,-4.14714,-36.86913
EDUARDO COSTA,2024-01-31 03:27:17,101.4,12.4,-4.150165,-36.862331
EDUARDO COSTA,2024-01-31 03:30:56,99.3,12.3,-4.155458,-36.850836
EDUARDO COSTA,2024-01-31 03:34:12,100.6,12.3,-4.160165,-36.840665
EDUARDO COSTA,2024-01-31 04:00:03,100.0,12.4,-4.196998,-36.759165
EDUARDO COSTA,2024-01-31 04:04:58,100.4,12.3,-4.203831,-36.743665
EDUARDO COSTA,2024-01-31 04:18:46,100.9,12.4,-4.223678,-36.700261
EDUARDO COSTA,2024-01-31 04:23:16,101.0,12.4,-4.230218,-36.68593
EDUARDO COSTA,2024-01-31 04:44:18,100.6,12.4,-4.260573,-36.619356
EDUARDO COSTA,2024-01-31 04:45:54,100.5,12.3,-4.262831,-36.614331
EDUARDO COSTA,2024-01-31 04:46:08,101.5,12.4,-4.263165,-36.613665
EDUARDO COSTA,2024-01-31 04:46:38,101.3,12.4,-4.263928,-36.612023
EDUARDO COSTA,2024-01-31 04:47:55,101.8,12.5,-4.265831,-36.607998
EDUARDO COSTA,2024-01-31 04:48:11,103.3,12.4,-4.26619,-36.607136
EDUARDO COSTA,2024-01-31 04:48:21,102.5,12.4,-4.266498,-36.606665
EDUARDO COSTA,2024-01-31 04:48:28,102.1,12.4,-4.266615,-36.606248
EDUARDO COSTA,2024-01-31 04:49:21,102.6,12.4,-4.267831,-36.603498
EDUARDO COSTA,2024-01-31 04:49:38,101.2,12.5,-4.268331,-36.602665
EDUARDO COSTA,2024-01-31 04:50:48,101.6,12.5,-4.269831,-36.598831
EDUARDO COSTA,2024-01-31 06:37:26,102.2,12.8,-4.425165,-36.258165
EDUARDO COSTA,2024-01-31 07:23:56,99.5,12.5,-4.4931,-36.10894
EDUARDO COSTA,2024-01-31 07:46:53,101.5,12.6,-4.526331,-36.035665
EDUARDO COSTA,2024-01-31 07:48:54,100.8,12.5,-4.529165,-36.029165
EDUARDO COSTA,2024-01-31 07:53:20,100.8,12.5,-4.535476,-36.014981
EDUARDO COSTA,2024-01-31 08:16:12,101.0,12.6,-4.568498,-35.941331
EDUARDO COSTA,2024-01-31 08:26:14,100.5,12.9,-4.583498,-35.908498
EDUARDO COSTA,2024-01-31 08:28:16,101.8,12.9,-4.586478,-35.901796
EDUARDO COSTA,2024-01-31 08:31:30,102.1,12.8,-4.591331,-35.891331
EDUARDO COSTA,2024-01-31 08:34:20,100.8,12.8,-4.595558,-35.881991
EDUARDO COSTA,2024-01-31 08:58:15,102.4,12.9,-4.631331,-35.803831
EDUARDO COSTA,2024-01-31 09:07:20,100.8,12.9,-4.644831,-35.774165
EDUARDO COSTA,2024-01-31 09:10:22,101.3,12.9,-4.649331,-35.764165
EDUARDO COSTA,2024-01-31 09:13:00,101.2,12.9,-4.653331,-35.755498
EDUARDO COSTA,2024-01-31 09:32:09,101.3,13.0,-4.681536,-35.69231
EDUARDO COSTA,2024-01-31 09:36:49,102.2,13.0,-4.688485,-35.676911
EDUARDO COSTA,2024-01-31 10:10:52,95.9,12.9,-4.744498,-35.568998
EDUARDO COSTA,2024-01-31 10:40:59,99.9,12.9,-4.785331,-35.468831
EDUARDO COSTA,2024-01-31 12:15:08,103.5,13.3,-4.930511,-35.15436
EDUARDO COSTA,2024-01-31 12:17:55,103.9,13.4,-4.935165,-35.145165
EDUARDO COSTA,2024-01-31 12:23:55,104.5,13.5,-4.945498,-35.125165
EDUARDO COSTA,2024-01-31 12:24:37,103.1,13.5,-4.946665,-35.122831
EDUARDO COSTA,2024-01-31 12:24:51,103.8,13.5,-4.947165,-35.121998
EDUARDO COSTA,2024-01-31 12:24:52,103.8,13.5,-4.947165,-35.121998
EDUARDO COSTA,2024-01-31 13:18:24,154.5,13.5,-5.072355,-34.98426
EDUARDO COSTA,2024-01-31 14:06:39,152.6,13.5,-5.250015,-34.948496
EDUARDO COSTA,2024-01-31 14:12:42,151.6,13.3,-5.271998,-34.942665
EDUARDO COSTA,2024-01-31 14:39:05,150.4,13.4,-5.36812,-34.917455
EDUARDO COSTA,2024-01-31 14:56:17,154.0,13.6,-5.431831,-34.902831
EDUARDO COSTA,2024-01-31 14:58:31,153.3,13.7,-5.440165,-34.900998
EDUARDO COSTA,2024-01-31 15:00:54,152.5,13.7,-5.448998,-34.898998
EDUARDO COSTA,2024-01-31 15:12:09,154.1,13.7,-5.490786,-34.889463
EDUARDO COSTA,2024-01-31 15:15:09,153.8,13.6,-5.502005,-34.88701
EDUARDO COSTA,2024-01-31 15:18:42,154.3,13.6,-5.515165,-34.884165
EDUARDO COSTA,2024-01-31 16:31:25,150.3,13.4,-5.784593,-34.824243
EDUARDO COSTA,2024-01-31 16:47:49,153.2,13.4,-5.844818,-34.809283
EDUARDO COSTA,2024-01-31 16:48:42,152.5,13.4,-5.847998,-34.808665
EDUARDO COSTA,2024-01-31 16:49:14,153.2,13.5,-5.849998,-34.808165
EDUARDO COSTA,2024-01-31 16:49:17,153.5,13.5,-5.850165,-34.808165
EDUARDO COSTA,2024-01-31 16:49:49,154.0,13.6,-5.852165,-34.807665
EDUARDO COSTA,2024-01-31 16:49:53,153.4,13.6,-5.852473,-34.807656
EDUARDO COSTA,2024-01-31 16:53:33,154.4,13.6,-5.866078,-34.80486
EDUARDO COSTA,2024-01-31 17:52:10,153.5,13.5,-6.082005,-34.75604
EDUARDO COSTA,2024-01-31 17:57:50,153.6,13.4,-6.102665,-34.751165
EDUARDO COSTA,2024-01-31 19:33:20,155.1,13.6,-6.456538,-34.67659
EDUARDO COSTA,2024-01-31 19:36:44,154.7,13.7,-6.469165,-34.673998
EDUARDO COSTA,2024-01-31 19:40:23,154.6,13.7,-6.482831,-34.671165
EDUARDO COSTA,2024-01-31 19:45:37,152.8,13.7,-6.502478,-34.667036
EDUARDO COSTA,2024-01-31 20:13:53,153.7,13.6,-6.60794,-34.643166
EDUARDO COSTA,2024-01-31 20:43:26,151.2,13.3,-6.716206,-34.61581
EDUARDO COSTA,2024-01-31 20:45:29,152.0,13.3,-6.723665,-34.613831
EDUARDO COSTA,2024-01-31 20:49:00,151.0,13.2,-6.736165,-34.610831
EDUARDO COSTA,2024-01-31 20:49:13,150.2,13.2,-6.736998,-34.610498
EDUARDO COSTA,2024-01-31 21:28:19,154.7,13.3,-6.879998,-34.577331
EDUARDO COSTA,2024-01-31 21:33:23,156.9,13.4,-6.898623,-34.573926
EDUARDO COSTA,2024-01-31 21:35:00,156.3,13.4,-6.904498,-34.572831
EDUARDO COSTA,2024-01-31 21:38:26,156.4,13.4,-6.917165,-34.570665
EDUARDO COSTA,2024-01-31 23:34:23,182.2,13.7,-7.351165,-34.575831
EDUARDO COSTA,2024-02-01 00:03:26,155.4,13.5,-7.46016,-34.573668
EDUARDO COSTA,2024-02-01 00:09:35,154.4,13.6,-7.483165,-34.569665
EDUARDO COSTA,2024-02-01 00:11:09,155.7,13.5,-7.489095,-34.568616
EDUARDO COSTA,2024-02-01 00:11:10,155.7,13.5,-7.489095,-34.568616
EDUARDO COSTA,2024-02-01 00:11:43,156.1,13.6,-7.491165,-34.568331
EDUARDO COSTA,2024-02-01 00:13:35,156.4,13.6,-7.498165,-34.567165
EDUARDO COSTA,2024-02-01 00:14:13,155.8,13.5,-7.500498,-34.566831
EDUARDO COSTA,2024-02-01 00:18:33,164.7,13.6,-7.516793,-34.565156
EDUARDO COSTA,2024-02-01 01:11:17,167.0,13.8,-7.719258,-34.568165
EDUARDO COSTA,2024-02-01 01:14:00,167.1,13.9,-7.729863,-34.568401
EDUARDO COSTA,2024-02-01 01:16:33,167.3,13.9,-7.739725,-34.568635
EDUARDO COSTA,2024-02-01 01:22:13,166.6,13.9,-7.761665,-34.568998
EDUARDO COSTA,2024-02-01 01:44:24,166.6,13.9,-7.847498,-34.571165
EDUARDO COSTA,2024-02-01 01:50:24,166.4,13.9,-7.870831,-34.571665
EDUARDO COSTA,2024-02-01 01:54:06,166.9,14.0,-7.885246,-34.571963
EDUARDO COSTA,2024-02-01 02:33:00,171.1,13.9,-8.037066,-34.57649
EDUARDO COSTA,2024-02-01 03:01:45,213.6,14.4,-8.133325,-34.624831
EDUARDO COSTA,2024-02-01 03:20:14,213.5,14.4,-8.183165,-34.680498
EDUARDO COSTA,2024-02-01 03:37:09,208.4,14.4,-8.230813,-34.729483
EDUARDO COSTA,2024-02-01 05:01:10,248.3,3.7,-8.378165,-34.925998
EDUARDO COSTA,2024-02-01 05:01:50,247.9,3.7,-8.378288,-34.926635
EDUARDO COSTA,2024-02-01 05:02:10,247.3,3.6,-8.378331,-34.926998
EDUARDO COSTA,2024-02-01 05:02:31,249.2,3.5,-8.378331,-34.927331
EDUARDO COSTA,2024-02-01 05:02:36,250.5,3.6,-8.378331,-34.927498
EDUARDO COSTA,2024-02-01 05:03:13,247.6,3.6,-8.378498,-34.927998
EDUARDO COSTA,2024-02-01 05:03:16,245.9,3.6,-8.378498,-34.928165
EDUARDO COSTA,2024-02-01 05:03:31,245.7,3.7,-8.378531,-34.928336
EDUARDO COSTA,2024-02-01 05:03:59,240.9,3.7,-8.378665,-34.928831
EDUARDO COSTA,2024-02-01 05:04:10,241.1,3.7,-8.378665,-34.928998
EDUARDO COSTA,2024-02-01 05:05:20,243.6,3.8,-8.378998,-34.930165
EDUARDO COSTA,2024-02-01 05:07:10,240.6,3.8,-8.379463,-34.932118
EDUARDO COSTA,2024-02-01 05:37:21,139.5,1.6,-8.395331,-34.951665
EDUARDO COSTA,2024-02-01 06:25:31,204.8,0.0,-8.3961,-34.950255
EDUARDO COSTA,2024-02-01 07:20:10,204.6,0.0,-8.396165,-34.950331
EDUARDO COSTA,2024-02-01 07:26:31,204.7,0.0,-8.396165,-34.950331
EDUARDO COSTA,2024-02-01 08:10:42,204.6,0.0,-8.396108,-34.950251
EDUARDO COSTA,2024-02-01 09:07:11,204.6,0.0,-8.396106,-34.950255
EDUARDO COSTA,2024-02-01 09:09:51,204.7,0.0,-8.396165,-34.950331
EDUARDO COSTA,2024-02-01 09:41:29,204.7,0.0,-8.396165,-34.950331
EDUARDO COSTA,2024-02-01 12:14:09,204.7,0.0,-8.396165,-34.950331
EDUARDO COSTA,2024-02-01 12:16:31,204.7,0.0,-8.396165,-34.950331
EDUARDO COSTA,2024-02-01 13:12:12,204.7,0.0,-8.396165,-34.950165
EDUARDO COSTA,2024-02-01 14:01:11,204.7,0.0,-8.396108,-34.950251
EDUARDO COSTA,2024-02-01 14:04:49,204.7,0.0,-8.396106,-34.950251
EDUARDO COSTA,2024-02-01 14:16:21,204.6,0.0,-8.396106,-34.950251
EDUARDO COSTA,2024-02-01 14:19:11,204.6,0.0,-8.396106,-34.950251
EDUARDO COSTA,2024-02-01 15:28:00,204.7,0.0,-8.396103,-34.950253
EDUARDO COSTA,2024-02-01 17:06:48,204.7,0.0,-8.396165,-34.950331
EDUARDO COSTA,2024-02-01 17:09:29,204.6,0.0,-8.396165,-34.950331
EDUARDO COSTA,2024-02-01 17:09:38,204.7,0.0,-8.396165,-34.950331
EDUARDO COSTA,2024-02-01 19:49:42,204.3,0.0,-8.396165,-34.950331
EDUARDO COSTA,2024-02-01 20:21:29,204.8,0.0,-8.395998,-34.950331
EDUARDO COSTA,2024-02-01 20:25:19,204.9,0.0,-8.396075,-34.950261
EDUARDO COSTA,2024-02-01 20:41:50,204.8,0.0,-8.395998,-34.950331
EDUARDO COSTA,2024-02-01 21:27:50,204.3,0.0,-8.396081,-34.950236
EDUARDO COSTA,2024-02-02 00:04:52,204.7,0.0,-8.396165,-34.950331
EDUARDO COSTA,2024-02-02 00:05:52,204.7,0.0,-8.396151,-34.950258
EDUARDO COSTA,2024-02-02 00:06:02,204.7,0.0,-8.396165,-34.950331
EDUARDO COSTA,2024-02-02 00:06:11,204.7,0.0,-8.396156,-34.950253
EDUARDO COSTA,2024-02-02 00:46:30,204.6,0.0,-8.3962,-34.95022
EDUARDO COSTA,2024-02-02 00:47:50,204.6,0.0,-8.396198,-34.950216
EDUARDO COSTA,2024-02-02 01:34:19,204.5,0.0,-8.396165,-34.950165
EDUARDO COSTA,2024-02-02 02:00:32,204.6,0.0,-8.396165,-34.950165
EDUARDO COSTA,2024-02-02 02:07:31,204.6,0.0,-8.39612,-34.950215
EDUARDO COSTA,2024-02-02 02:27:31,204.6,0.0,-8.396165,-34.950165
EDUARDO COSTA,2024-02-02 02:39:50,204.7,0.0,-8.396133,-34.950233
EDUARDO COSTA,2024-02-02 04:07:30,204.6,0.0,-8.396091,-34.950263
EDUARDO COSTA,2024-02-02 05:20:30,204.9,0.0,-8.396165,-34.950331
EDUARDO COSTA,2024-02-02 05:20:58,204.9,0.0,-8.396165,-34.950331
EDUARDO COSTA,2024-02-02 05:23:30,204.9,0.0,-8.396165,-34.950331
EDUARDO COSTA,2024-02-02 06:24:00,204.6,0.0,-8.396111,-34.95025
EDUARDO COSTA,2024-02-02 07:11:31,204.7,0.0,-8.396165,-34.950331
EDUARDO COSTA,2024-02-02 08:03:22,204.7,0.0,-8.396165,-34.950331
EDUARDO COSTA,2024-02-02 08:09:40,204.7,0.0,-8.396165,-34.950331
EDUARDO COSTA,2024-02-02 08:47:09,204.7,0.0,-8.396165,-34.950331
EDUARDO COSTA,2024-02-02 08:57:01,204.7,0.0,-8.396105,-34.950258
EDUARDO COSTA,2024-02-02 13:05:31,204.7,0.0,-8.39611,-34.950253
EDUARDO COSTA,2024-02-02 13:52:41,204.7,0.0,-8.396165,-34.950331
EDUARDO COSTA,2024-02-02 14:25:39,204.7,0.0,-8.396165,-34.950331
EDUARDO COSTA,2024-02-02 14:34:10,204.7,0.0,-8.396165,-34.950331
EDUARDO COSTA,2024-02-02 15:42:18,204.7,0.0,-8.396165,-34.950331
EDUARDO COSTA,2024-02-02 17:29:29,204.7,0.0,-8.396103,-34.950251
EDUARDO COSTA,2024-02-02 18:21:51,204.6,0.0,-8.396121,-34.950248
EDUARDO COSTA,2024-02-02 18:45:44,204.3,0.0,-8.396128,-34.950258
EDUARDO COSTA,2024-02-02 19:26:51,205.0,0.0,-8.396125,-34.950258
EDUARDO COSTA,2024-02-02 20:25:31,204.7,0.0,-8.396131,-34.950245
EDUARDO COSTA,2024-02-02 20:30:30,204.8,0.0,-8.396165,-34.950331
EDUARDO COSTA,2024-02-02 20:32:30,204.8,0.0,-8.396165,-34.950331
EDUARDO COSTA,2024-02-02 21:17:51,204.7,0.0,-8.396165,-34.950165
EDUARDO COSTA,2024-02-02 23:18:00,204.3,0.0,-8.396101,-34.950273
EDUARDO COSTA,2024-02-02 23:27:59,204.6,0.0,-8.396083,-34.95027
EDUARDO COSTA,2024-02-02 23:56:00,205.3,0.0,-8.395998,-34.950331
EDUARDO COSTA,2024-02-03 00:04:29,205.1,0.0,-8.395998,-34.950331
EDUARDO COSTA,2024-02-03 00:05:20,205.2,0.0,-8.396048,-34.95026
EDUARDO COSTA,2024-02-03 00:23:49,204.7,0.0,-8.39609,-34.950248
EDUARDO COSTA,2024-02-03 01:32:29,204.6,0.0,-8.396165,-34.950165
EDUARDO COSTA,2024-02-03 01:35:29,204.7,0.0,-8.396121,-34.950231
EDUARDO COSTA,2024-02-03 01:42:50,204.6,0.0,-8.396165,-34.950165
EDUARDO COSTA,2024-02-03 02:06:20,204.7,0.0,-8.396165,-34.950165
EDUARDO COSTA,2024-02-03 02:18:00,204.7,0.0,-8.396121,-34.950238
EDUARDO COSTA,2024-02-03 02:23:40,204.7,0.0,-8.396165,-34.950165
EDUARDO COSTA,2024-02-03 04:04:39,204.7,0.0,-8.396103,-34.95025
EDUARDO COSTA,2024-02-03 04:06:39,204.7,0.0,-8.396103,-34.950248
EDUARDO COSTA,2024-02-03 05:34:49,204.7,0.0,-8.39611,-34.95026
EDUARDO COSTA,2024-02-03 05:35:49,204.8,0.0,-8.396111,-34.950261
EDUARDO COSTA,2024-02-03 05:37:18,205.0,0.0,-8.39611,-34.950258
EDUARDO COSTA,2024-02-03 05:38:27,205.0,0.0,-8.39611,-34.950256
EDUARDO COSTA,2024-02-03 07:06:11,204.6,0.0,-8.396108,-34.950256
EDUARDO COSTA,2024-02-03 07:09:40,204.6,0.0,-8.396106,-34.950256
EDUARDO COSTA,2024-02-03 07:52:29,204.7,0.0,-8.396041,-34.950223
EDUARDO COSTA,2024-02-03 08:23:00,204.9,0.0,-8.395998,-34.950165
EDUARDO COSTA,2024-02-03 08:26:41,204.8,0.0,-8.395998,-34.950165
EDUARDO COSTA,2024-02-03 08:49:40,204.6,0.0,-8.396035,-34.950225
EDUARDO COSTA,2024-02-03 08:57:34,204.6,0.0,-8.395998,-34.950165
EDUARDO COSTA,2024-02-03 09:05:00,204.5,0.0,-8.395998,-34.950165
EDUARDO COSTA,2024-02-03 11:10:46,204.5,0.0,-8.39605,-34.950225
EDUARDO COSTA,2024-02-03 12:02:12,204.5,0.0,-8.395998,-34.950165
EDUARDO COSTA,2024-02-03 12:06:03,204.4,0.0,-8.395998,-34.950165
EDUARDO COSTA,2024-02-03 13:26:49,204.9,0.0,-8.395998,-34.950165
EDUARDO COSTA,2024-02-03 13:29:10,204.9,0.0,-8.396041,-34.950223
EDUARDO COSTA,2024-02-03 13:31:40,204.9,0.0,-8.396041,-34.950225
EDUARDO COSTA,2024-02-03 13:46:56,204.5,0.0,-8.396045,-34.950225
EDUARDO COSTA,2024-02-03 14:01:10,204.0,0.0,-8.396045,-34.950223
EDUARDO COSTA,2024-02-03 16:01:26,205.1,0.0,-8.396051,-34.95024
EDUARDO COSTA,2024-02-03 18:00:38,205.0,0.0,-8.395998,-34.950165
EDUARDO COSTA,2024-02-03 18:01:29,205.0,0.0,-8.396023,-34.950228
EDUARDO COSTA,2024-02-03 18:03:29,205.0,0.0,-8.395998,-34.950165
EDUARDO COSTA,2024-02-03 18:27:50,204.5,0.0,-8.395998,-34.950165
EDUARDO COSTA,2024-02-03 18:57:43,204.7,0.0,-8.395998,-34.950165
EDUARDO COSTA,2024-02-03 19:01:36,204.6,0.0,-8.396016,-34.950233
EDUARDO COSTA,2024-02-03 19:33:40,204.8,0.0,-8.396013,-34.950228
EDUARDO COSTA,2024-02-03 19:35:13,204.9,0.0,-8.395998,-34.950165
EDUARDO COSTA,2024-02-03 19:37:44,204.9,0.0,-8.396015,-34.950228
EDUARDO COSTA,2024-02-03 20:21:06,204.7,0.0,-8.396013,-34.950226
EDUARDO COSTA,2024-02-03 21:21:50,204.6,0.0,-8.396003,-34.950211
EDUARDO COSTA,2024-02-03 22:19:49,204.4,0.0,-8.395965,-34.950246
EDUARDO COSTA,2024-02-03 23:38:43,204.5,0.0,-8.395831,-34.950331
EDUARDO COSTA,2024-02-04 01:14:19,204.9,0.0,-8.395998,-34.950165
EDUARDO COSTA,2024-02-04 01:47:40,204.7,0.0,-8.395998,-34.950165
EDUARDO COSTA,2024-02-04 01:50:40,204.4,0.0,-8.396,-34.950245
EDUARDO COSTA,2024-02-04 02:09:48,204.5,0.0,-8.395998,-34.950165
EDUARDO COSTA,2024-02-04 02:13:19,204.5,0.0,-8.395998,-34.950165
EDUARDO COSTA,2024-02-04 02:16:22,204.7,0.0,-8.396011,-34.950231
EDUARDO COSTA,2024-02-04 03:00:57,204.8,0.0,-8.396006,-34.95022
EDUARDO COSTA,2024-02-04 07:55:06,33.4,6.1,-8.384831,-34.945331
EDUARDO COSTA,2024-02-04 07:57:06,38.4,6.9,-8.382498,-34.942498
EDUARDO COSTA,2024-02-04 07:59:31,44.8,7.6,-8.379498,-34.938498
EDUARDO COSTA,2024-02-04 08:01:38,57.0,7.8,-8.377665,-34.934331
EDUARDO COSTA,2024-02-04 08:06:26,60.2,8.5,-8.374498,-34.923665
EDUARDO COSTA,2024-02-04 08:38:24,58.8,11.3,-8.346418,-34.84016
EDUARDO COSTA,2024-02-04 10:15:53,359.7,12.3,-8.083831,-34.652665
EDUARDO COSTA,2024-02-04 11:09:04,351.8,12.6,-7.899063,-34.633948
EDUARDO COSTA,2024-02-04 11:52:04,351.2,12.6,-7.748046,-34.619961
EDUARDO COSTA,2024-02-04 11:56:08,353.4,12.5,-7.733831,-34.618498
EDUARDO COSTA,2024-02-04 11:56:38,353.4,12.5,-7.732086,-34.618376
EDUARDO COSTA,2024-02-04 12:01:40,354.3,12.6,-7.714488,-34.61642
EDUARDO COSTA,2024-02-04 12:02:16,354.3,12.6,-7.712498,-34.616165
EDUARDO COSTA,2024-02-04 12:02:28,355.0,12.5,-7.711696,-34.616098
EDUARDO COSTA,2024-02-04 12:03:08,354.4,12.6,-7.709498,-34.615831
EDUARDO COSTA,2024-02-04 12:03:38,354.1,12.6,-7.70761,-34.615663
EDUARDO COSTA,2024-02-04 12:04:00,353.6,12.5,-7.706326,-34.615533
EDUARDO COSTA,2024-02-04 12:04:04,353.1,12.5,-7.706093,-34.61551
EDUARDO COSTA,2024-02-04 12:46:59,353.0,12.6,-7.555888,-34.599253
EDUARDO COSTA,2024-02-04 12:50:49,353.6,12.6,-7.542451,-34.597875
EDUARDO COSTA,2024-02-04 12:53:57,352.9,12.5,-7.53158,-34.596716
EDUARDO COSTA,2024-02-04 13:07:53,351.1,12.6,-7.482498,-34.592831
EDUARDO COSTA,2024-02-04 13:35:02,352.6,12.6,-7.386716,-34.585535
EDUARDO COSTA,2024-02-04 13:37:38,351.8,12.7,-7.377665,-34.584831
EDUARDO COSTA,2024-02-04 13:38:37,352.9,12.6,-7.373998,-34.584498
EDUARDO COSTA,2024-02-04 13:43:37,352.0,12.7,-7.356498,-34.582831
EDUARDO COSTA,2024-02-04 14:14:00,352.3,12.6,-7.249165,-34.573331
EDUARDO COSTA,2024-02-04 16:20:05,333.5,13.2,-6.800686,-34.602686
EDUARDO COSTA,2024-02-04 16:22:02,334.0,13.2,-6.793741,-34.604418
EDUARDO COSTA,2024-02-04 16:22:25,333.7,13.2,-6.792331,-34.604831
EDUARDO COSTA,2024-02-04 16:22:42,334.1,13.2,-6.791331,-34.604998
EDUARDO COSTA,2024-02-04 17:30:47,331.7,13.3,-6.54833,-34.670776
EDUARDO COSTA,2024-02-04 17:38:26,331.4,13.2,-6.521055,-34.678331
EDUARDO COSTA,2024-02-04 18:03:47,333.5,13.0,-6.431498,-34.702165
EDUARDO COSTA,2024-02-04 18:26:24,333.0,13.0,-6.351498,-34.722331
EDUARDO COSTA,2024-02-04 18:34:19,334.3,13.0,-6.323498,-34.729498
EDUARDO COSTA,2024-02-04 18:35:46,333.5,12.9,-6.318385,-34.730796
EDUARDO COSTA,2024-02-04 18:36:45,332.9,13.0,-6.314998,-34.731665
EDUARDO COSTA,2024-02-04 18:39:19,333.0,12.9,-6.305831,-34.733831
EDUARDO COSTA,2024-02-04 18:43:47,332.4,13.0,-6.290165,-34.737998
EDUARDO COSTA,2024-02-04 19:16:47,330.5,13.1,-6.173665,-34.769831
EDUARDO COSTA,2024-02-04 19:18:05,332.5,13.1,-6.169165,-34.771165
EDUARDO COSTA,2024-02-04 19:28:29,331.5,13.1,-6.132331,-34.781498
EDUARDO COSTA,2024-02-04 19:49:07,331.0,13.1,-6.05994,-34.802375
EDUARDO COSTA,2024-02-04 20:09:37,331.8,13.1,-5.987631,-34.822751
EDUARDO COSTA,2024-02-04 20:16:37,331.3,13.0,-5.962901,-34.829888
EDUARDO COSTA,2024-02-04 23:41:24,332.1,12.9,-5.249831,-35.015665
EDUARDO COSTA,2024-02-04 23:43:09,331.2,12.8,-5.243831,-35.017165
EDUARDO COSTA,2024-02-04 23:43:44,332.1,12.9,-5.241713,-35.017725
EDUARDO COSTA,2024-02-04 23:54:16,332.6,12.9,-5.204883,-35.02724
EDUARDO COSTA,2024-02-04 23:54:23,332.6,12.9,-5.204498,-35.027331
EDUARDO COSTA,2024-02-04 23:54:31,332.0,13.0,-5.203946,-35.027493
EDUARDO COSTA,2024-02-04 23:55:05,331.4,13.0,-5.201998,-35.027998
EDUARDO COSTA,2024-02-04 23:55:16,331.6,13.0,-5.20137,-35.028191
EDUARDO COSTA,2024-02-04 23:56:31,332.1,13.0,-5.196928,-35.029416
EDUARDO COSTA,2024-02-05 00:13:24,327.5,13.0,-5.137998,-35.045998
EDUARDO COSTA,2024-02-05 00:24:43,328.8,12.9,-5.099498,-35.060165
EDUARDO COSTA,2024-02-05 00:50:09,281.2,12.9,-5.017498,-35.097496
EDUARDO COSTA,2024-02-05 00:53:16,277.7,13.2,-5.013291,-35.108
EDUARDO COSTA,2024-02-05 01:08:17,280.7,13.1,-4.990831,-35.158331
EDUARDO COSTA,2024-02-05 01:17:57,281.6,13.0,-4.976331,-35.190498
EDUARDO COSTA,2024-02-05 01:25:30,279.5,13.1,-4.964831,-35.215498
EDUARDO COSTA,2024-02-05 01:31:36,283.0,13.1,-4.955311,-35.235793
EDUARDO COSTA,2024-02-05 02:02:17,282.1,13.2,-4.907031,-35.337093
EDUARDO COSTA,2024-02-05 02:03:56,282.0,13.2,-4.904498,-35.342498
EDUARDO COSTA,2024-02-05 02:07:19,282.1,13.1,-4.899145,-35.353791
EDUARDO COSTA,2024-02-05 02:09:59,283.2,13.1,-4.894831,-35.362665
EDUARDO COSTA,2024-02-05 02:53:19,282.1,13.1,-4.826715,-35.505866
EDUARDO COSTA,2024-02-05 03:00:17,281.8,13.1,-4.816011,-35.529
EDUARDO COSTA,2024-02-05 04:16:56,281.6,13.3,-4.69534,-35.783765
EDUARDO COSTA,2024-02-05 04:31:55,282.6,13.5,-4.670998,-35.834498
EDUARDO COSTA,2024-02-05 04:32:54,282.3,13.5,-4.669331,-35.837831
EDUARDO COSTA,2024-02-05 04:34:57,282.7,13.5,-4.666065,-35.84475
EDUARDO COSTA,2024-02-05 04:35:54,282.9,13.4,-4.664498,-35.84803
EDUARDO COSTA,2024-02-05 04:36:57,283.7,13.4,-4.662815,-35.851531
EDUARDO COSTA,2024-02-05 04:37:15,283.3,13.5,-4.662291,-35.852603
EDUARDO COSTA,2024-02-05 04:37:34,283.4,13.5,-4.661796,-35.853616
EDUARDO COSTA,2024-02-05 06:54:46,284.1,13.7,-4.438831,-36.325665
EDUARDO COSTA,2024-02-05 06:59:57,284.9,13.6,-4.429998,-36.343331
EDUARDO COSTA,2024-02-05 07:04:38,283.5,13.7,-4.422061,-36.359396
EDUARDO COSTA,2024-02-05 07:33:58,283.8,13.5,-4.373165,-36.459498
EDUARDO COSTA,2024-02-05 07:48:16,282.1,13.5,-4.349665,-36.507831
EDUARDO COSTA,2024-02-05 11:51:04,283.3,14.2,-3.942165,-37.352165
EDUARDO COSTA,2024-02-05 11:55:58,284.9,14.1,-3.933165,-37.369331
EDUARDO COSTA,2024-02-05 12:01:22,283.8,14.2,-3.923436,-37.388291
EDUARDO COSTA,2024-02-05 12:06:17,284.4,14.1,-3.914831,-37.405498
EDUARDO COSTA,2024-02-05 12:33:41,281.7,14.2,-3.86743,-37.503555
EDUARDO COSTA,2024-02-05 12:47:37,281.3,14.4,-3.844331,-37.553998
EDUARDO COSTA,2024-02-05 13:12:35,283.1,14.4,-3.801696,-37.644746
EDUARDO COSTA,2024-02-05 13:41:13,280.9,13.7,-3.752963,-37.747193
EDUARDO COSTA,2024-02-05 14:22:42,282.6,13.3,-3.685998,-37.888585
EDUARDO COSTA,2024-02-05 18:09:52,282.9,13.0,-3.318541,-38.650748
EDUARDO COSTA,2024-02-05 18:15:23,282.7,12.9,-3.309831,-38.668831
EDUARDO COSTA,2024-02-05 18:49:33,282.0,13.1,-3.25588,-38.780718
EDUARDO COSTA,2024-02-05 18:51:44,283.4,13.1,-3.252331,-38.787831
EDUARDO COSTA,2024-02-05 19:09:22,282.7,13.0,-3.225665,-38.846498
EDUARDO COSTA,2024-02-05 19:13:33,279.7,13.1,-3.219266,-38.86024
EDUARDO COSTA,2024-02-05 19:17:52,278.7,13.1,-3.213665,-38.874998
EDUARDO COSTA,2024-02-05 19:19:22,278.1,13.1,-3.211665,-38.879998
EDUARDO COSTA,2024-02-05 19:23:21,277.6,13.0,-3.206331,-38.893665
EDUARDO COSTA,2024-02-05 19:26:05,277.9,13.1,-3.202831,-38.902831
EDUARDO COSTA,2024-02-05 20:01:28,287.3,13.0,-3.14395,-39.018106
EDUARDO COSTA,2024-02-05 21:05:18,299.1,13.2,-2.995158,-39.200855
EDUARDO COSTA,2024-02-06 00:15:25,299.3,13.2,-2.522498,-39.720165
EDUARDO COSTA,2024-02-06 00:30:03,301.1,13.1,-2.485331,-39.759165
EDUARDO COSTA,2024-02-06 00:58:10,299.5,13.0,-2.415998,-39.834665
EDUARDO COSTA,2024-02-06 01:01:59,298.6,13.2,-2.406635,-39.845106
EDUARDO COSTA,2024-02-06 01:04:26,299.3,13.1,-2.400665,-39.851665
EDUARDO COSTA,2024-02-06 01:07:25,293.0,13.0,-2.393665,-39.859998
EDUARDO COSTA,2024-02-06 01:29:29,268.5,13.2,-2.3643,-39.934576
EDUARDO COSTA,2024-02-06 01:36:40,267.5,13.2,-2.358665,-39.960331
EDUARDO COSTA,2024-02-06 04:48:01,268.4,12.7,-2.212145,-40.635168
EDUARDO COSTA,2024-02-06 04:48:37,267.6,12.7,-2.211698,-40.63726
EDUARDO COSTA,2024-02-06 04:48:40,268.4,12.8,-2.211665,-40.637498
EDUARDO COSTA,2024-02-06 04:48:57,266.8,12.8,-2.211498,-40.638498
EDUARDO COSTA,2024-02-06 04:49:24,268.3,12.8,-2.211141,-40.640056
EDUARDO COSTA,2024-02-06 04:50:24,267.5,12.8,-2.210498,-40.643498
EDUARDO COSTA,2024-02-06 04:50:44,267.4,12.9,-2.210251,-40.644728
EDUARDO COSTA,2024-02-06 04:52:30,268.0,12.8,-2.209033,-40.650901
EDUARDO COSTA,2024-02-06 04:55:30,269.5,12.7,-2.206785,-40.661328
EDUARDO COSTA,2024-02-06 05:53:46,269.6,13.2,-2.160665,-40.867831
EDUARDO COSTA,2024-02-06 05:58:13,270.7,13.2,-2.156831,-40.883831
EDUARDO COSTA,2024-02-06 06:02:43,269.7,13.2,-2.15287,-40.899886
EDUARDO COSTA,2024-02-06 06:29:30,268.6,13.1,-2.132165,-40.995998
EDUARDO COSTA,2024-02-06 06:31:54,268.0,13.0,-2.130331,-41.004665
EDUARDO COSTA,2024-02-06 06:43:03,267.9,13.0,-2.122196,-41.044165
EDUARDO COSTA,2024-02-06 06:49:52,267.0,12.9,-2.11747,-41.0684
EDUARDO COSTA,2024-02-06 07:04:23,266.8,12.9,-2.108136,-41.119766
EDUARDO COSTA,2024-02-06 07:06:43,265.7,12.9,-2.106665,-41.127998
EDUARDO COSTA,2024-02-06 07:08:56,267.9,12.9,-2.105165,-41.135831
EDUARDO COSTA,2024-02-06 07:41:29,267.3,12.9,-2.081331,-41.250998
EDUARDO COSTA,2024-02-06 07:47:45,266.9,13.1,-2.076998,-41.273331
EDUARDO COSTA,2024-02-06 08:29:42,269.2,13.7,-2.04529,-41.426748
EDUARDO COSTA,2024-02-06 12:36:46,280.1,13.9,-1.796998,-42.323498
EDUARDO COSTA,2024-02-06 12:39:17,277.5,13.8,-1.79342,-42.332593
EDUARDO COSTA,2024-02-06 12:43:32,276.6,13.8,-1.787831,-42.347998
EDUARDO COSTA,2024-02-06 12:46:27,276.8,13.9,-1.783921,-42.358593
EDUARDO COSTA,2024-02-06 12:48:37,276.0,13.9,-1.781046,-42.366478
EDUARDO COSTA,2024-02-06 13:07:34,274.0,14.0,-1.756808,-42.436001
EDUARDO COSTA,2024-02-06 13:21:15,275.6,14.1,-1.739538,-42.486865
EDUARDO COSTA,2024-02-06 13:24:05,278.6,14.1,-1.735518,-42.497278
EDUARDO COSTA,2024-02-06 13:31:52,286.4,14.2,-1.721831,-42.524665
EDUARDO COSTA,2024-02-06 13:57:45,270.4,14.4,-1.676331,-42.616831
EDUARDO COSTA,2024-02-06 16:53:48,279.0,15.0,-1.435698,-43.295886
EDUARDO COSTA,2024-02-06 16:56:16,280.0,14.9,-1.431821,-43.305373
EDUARDO COSTA,2024-02-06 16:56:52,279.9,14.9,-1.430853,-43.307665
EDUARDO COSTA,2024-02-06 16:57:00,279.8,14.9,-1.430638,-43.308175
EDUARDO COSTA,2024-02-06 16:57:40,279.2,14.8,-1.429573,-43.310726
EDUARDO COSTA,2024-02-06 17:00:00,279.4,14.8,-1.425998,-43.319665
EDUARDO COSTA,2024-02-06 17:01:14,279.6,14.7,-1.423955,-43.324338
EDUARDO COSTA,2024-02-06 17:01:28,279.5,14.7,-1.423593,-43.325223
EDUARDO COSTA,2024-02-06 17:02:26,278.6,14.7,-1.422071,-43.328878
EDUARDO COSTA,2024-02-06 17:02:31,279.1,14.7,-1.42192,-43.32926
EDUARDO COSTA,2024-02-06 17:02:55,279.4,14.6,-1.421331,-43.330665
EDUARDO COSTA,2024-02-06 18:10:36,277.1,14.0,-1.32779,-43.586633
EDUARDO COSTA,2024-02-06 18:16:15,277.4,14.1,-1.319916,-43.607336
EDUARDO COSTA,2024-02-06 18:19:15,276.7,13.9,-1.315813,-43.618301
EDUARDO COSTA,2024-02-06 18:20:35,275.6,14.1,-1.314106,-43.62308
EDUARDO COSTA,2024-02-06 18:32:12,277.5,13.9,-1.29847,-43.665516
EDUARDO COSTA,2024-02-06 18:37:26,276.8,13.8,-1.29145,-43.684526
EDUARDO COSTA,2024-02-06 18:55:36,277.5,13.8,-1.266998,-43.749831
EDUARDO COSTA,2024-02-06 18:59:40,278.8,13.7,-1.261165,-43.764331
EDUARDO COSTA,2024-02-06 19:04:19,277.1,13.8,-1.254665,-43.780998
EDUARDO COSTA,2024-02-06 19:06:24,277.5,13.7,-1.251765,-43.788325
EDUARDO COSTA,2024-02-06 19:34:26,278.8,13.7,-1.212386,-43.88833
EDUARDO COSTA,2024-02-06 23:52:55,278.6,13.5,-0.867998,-44.796331
EDUARDO COSTA,2024-02-06 23:53:26,278.6,13.6,-0.86719,-44.798148
EDUARDO COSTA,2024-02-07 00:00:54,276.3,13.7,-0.857331,-44.824665
EDUARDO COSTA,2024-02-07 00:02:56,277.7,13.7,-0.854656,-44.832016
EDUARDO COSTA,2024-02-07 00:09:58,277.8,13.7,-0.845331,-44.856998
EDUARDO COSTA,2024-02-07 00:57:47,276.0,13.7,-0.781091,-45.028283
EDUARDO COSTA,2024-02-07 00:59:37,277.4,13.7,-0.778665,-45.034831
EDUARDO COSTA,2024-02-07 00:59:57,277.7,13.7,-0.778145,-45.036091
EDUARDO COSTA,2024-02-07 01:02:16,278.0,13.8,-0.774876,-45.044298
EDUARDO COSTA,2024-02-07 01:13:35,277.0,13.7,-0.758998,-45.084498
EDUARDO COSTA,2024-02-07 01:15:43,278.5,13.7,-0.756165,-45.092165
EDUARDO COSTA,2024-02-07 01:49:46,277.8,13.7,-0.708161,-45.213215
EDUARDO COSTA,2024-02-07 04:58:54,279.3,13.7,-0.440165,-45.878998
EDUARDO COSTA,2024-02-07 05:02:12,279.5,13.8,-0.435498,-45.890831
EDUARDO COSTA,2024-02-07 05:02:49,278.7,13.7,-0.434665,-45.892998
EDUARDO COSTA,2024-02-07 05:02:50,278.7,13.7,-0.434665,-45.892998
EDUARDO COSTA,2024-02-07 05:04:49,279.4,13.8,-0.431665,-45.899998
EDUARDO COSTA,2024-02-07 05:05:19,277.1,13.7,-0.430998,-45.901831
EDUARDO COSTA,2024-02-07 05:05:25,277.2,13.7,-0.430883,-45.902275
EDUARDO COSTA,2024-02-07 05:05:32,277.8,13.7,-0.430665,-45.902665
EDUARDO COSTA,2024-02-07 05:06:12,276.7,13.7,-0.429831,-45.905165
EDUARDO COSTA,2024-02-07 05:07:39,276.1,13.8,-0.427998,-45.910331
EDUARDO COSTA,2024-02-07 05:07:52,275.0,13.7,-0.427831,-45.911165
EDUARDO COSTA,2024-02-07 05:08:32,277.1,13.7,-0.426998,-45.913498
EDUARDO COSTA,2024-02-07 05:08:42,277.1,13.8,-0.426831,-45.914165
EDUARDO COSTA,2024-02-07 05:09:49,276.6,13.7,-0.425331,-45.918165
EDUARDO COSTA,2024-02-07 05:09:59,277.0,13.7,-0.425165,-45.918665
EDUARDO COSTA,2024-02-07 05:10:02,277.0,13.7,-0.425041,-45.918858
EDUARDO COSTA,2024-02-07 05:31:24,255.5,14.0,-0.408553,-45.998486
EDUARDO COSTA,2024-02-07 05:34:05,254.6,14.1,-0.408873,-46.009041
EDUARDO COSTA,2024-02-07 05:47:05,255.7,13.9,-0.409355,-46.059523
EDUARDO COSTA,2024-02-07 06:03:51,257.3,14.0,-0.408895,-46.124756
EDUARDO COSTA,2024-02-07 06:06:42,256.9,14.0,-0.408751,-46.135918
EDUARDO COSTA,2024-02-07 06:08:47,257.1,14.0,-0.408646,-46.143973
EDUARDO COSTA,2024-02-07 06:12:27,256.6,14.1,-0.408556,-46.158291
EDUARDO COSTA,2024-02-07 06:41:37,256.9,14.0,-0.408101,-46.272171
EDUARDO COSTA,2024-02-07 06:43:35,257.0,14.0,-0.408026,-46.279866
EDUARDO COSTA,2024-02-07 06:47:21,256.3,14.0,-0.40804,-46.294576
EDUARDO COSTA,2024-02-07 06:49:25,256.1,14.0,-0.408113,-46.302636
EDUARDO COSTA,2024-02-07 07:13:09,256.2,14.0,-0.408665,-46.395031
EDUARDO COSTA,2024-02-07 07:15:19,256.8,14.0,-0.408665,-46.403498
EDUARDO COSTA,2024-02-07 07:18:13,256.6,14.0,-0.408611,-46.414815
EDUARDO COSTA,2024-02-07 07:22:36,256.3,14.0,-0.408738,-46.431896
EDUARDO COSTA,2024-02-07 07:30:57,258.0,13.9,-0.408673,-46.464318
EDUARDO COSTA,2024-02-07 07:33:51,257.8,13.9,-0.408583,-46.47559
EDUARDO COSTA,2024-02-07 12:22:41,256.0,13.0,-0.404165,-47.568498
EDUARDO COSTA,2024-02-07 12:55:33,254.1,11.6,-0.406831,-47.679665
EDUARDO COSTA,2024-02-07 13:01:13,254.4,11.7,-0.407331,-47.698165
EDUARDO COSTA,2024-02-07 13:22:25,240.2,8.4,-0.411363,-47.761143
EDUARDO COSTA,2024-02-07 16:51:40,254.1,5.4,-0.405998,-47.745831
EDUARDO COSTA,2024-02-07 17:13:19,272.6,2.1,-0.404165,-47.775165
EDUARDO COSTA,2024-02-07 17:16:33,291.3,1.2,-0.403498,-47.776498
EDUARDO COSTA,2024-02-07 17:16:40,290.1,1.1,-0.40341,-47.776445
EDUARDO COSTA,2024-02-07 17:16:53,296.7,1.0,-0.403368,-47.7765
EDUARDO COSTA,2024-02-07 17:17:13,297.1,0.9,-0.40331,-47.77657
EDUARDO COSTA,2024-02-07 17:17:27,304.4,0.9,-0.403331,-47.776665
EDUARDO COSTA,2024-02-07 17:57:59,161.7,1.0,-0.409331,-47.773331
EDUARDO COSTA,2024-02-07 18:02:46,167.4,1.1,-0.410831,-47.773331
EDUARDO COSTA,2024-02-07 18:58:25,27.2,0.6,-0.428831,-47.781165
EDUARDO COSTA,2024-02-07 19:03:02,74.9,1.7,-0.428665,-47.779665
EDUARDO COSTA,2024-02-07 19:05:42,60.6,2.3,-0.428165,-47.778165
EDUARDO COSTA,2024-02-07 23:08:42,200.9,14.8,-0.832628,-48.335906
EDUARDO COSTA,2024-02-07 23:36:49,194.6,14.4,-0.93038,-48.396063
EDUARDO COSTA,2024-02-07 23:59:49,201.7,14.6,-1.009693,-48.44559
EDUARDO COSTA,2024-02-08 00:14:48,207.2,15.0,-1.058741,-48.483401
EDUARDO COSTA,2024-02-08 00:43:11,262.3,5.7,-1.128665,-48.532998
EDUARDO COSTA,2024-02-08 00:48:05,199.3,8.6,-1.133331,-48.541165
EDUARDO COSTA,2024-02-08 00:53:29,194.5,11.4,-1.146891,-48.548415
EDUARDO COSTA,2024-02-08 00:55:07,193.9,12.0,-1.151665,-48.550998
EDUARDO COSTA,2024-02-08 00:55:19,193.9,12.1,-1.152331,-48.551165
EDUARDO COSTA,2024-02-08 01:18:58,192.5,13.9,-1.233125,-48.591721
EDUARDO COSTA,2024-02-08 01:20:41,191.8,13.8,-1.239068,-48.59459
EDUARDO COSTA,2024-02-08 01:38:55,202.1,12.8,-1.295191,-48.631333
EDUARDO COSTA,2024-02-09 00:20:09,291.3,0.2,-1.507831,-48.757498
EDUARDO COSTA,2024-02-09 00:41:10,302.2,0.1,-1.507498,-48.757831
EDUARDO COSTA,2024-02-09 06:29:10,209.3,0.0,-1.505305,-48.754746
EDUARDO COSTA,2024-02-09 07:38:10,212.9,0.0,-1.505331,-48.754665
EDUARDO COSTA,2024-02-10 05:29:10,66.2,0.0,-1.50714,-48.75812
EDUARDO COSTA,2024-02-10 05:56:09,22.3,0.3,-1.505973,-48.758005
EDUARDO COSTA,2024-02-10 05:59:09,15.5,0.3,-1.505678,-48.75787
EDUARDO COSTA,2024-02-10 18:26:08,55.9,0.2,-1.504998,-48.758165
EDUARDO COSTA,2024-02-11 13:09:57,83.5,0.5,-1.529498,-48.747498
EDUARDO COSTA,2024-02-11 13:11:47,77.5,0.4,-1.529498,-48.747331
EDUARDO COSTA,2024-02-12 06:06:40,40.0,0.0,-1.529703,-48.746526
EDUARDO COSTA,2024-02-12 15:57:41,40.0,0.0,-1.529713,-48.746531
EDUARDO COSTA,2024-02-13 01:03:42,40.0,0.0,-1.529701,-48.746533
EDUARDO COSTA,2024-02-13 01:32:39,312.6,0.5,-1.52955,-48.746596
EDUARDO COSTA,2024-02-13 03:21:09,19.6,10.7,-1.268665,-48.610831
EDUARDO COSTA,2024-02-13 03:45:18,20.6,9.8,-1.21073,-48.573005
EDUARDO COSTA,2024-02-13 04:13:18,72.1,10.7,-1.157758,-48.516785
EDUARDO COSTA,2024-02-13 04:17:42,88.9,11.4,-1.157665,-48.503665
EDUARDO COSTA,2024-02-13 04:18:29,105.2,12.0,-1.158745,-48.501285
EDUARDO COSTA,2024-02-13 04:21:37,125.3,13.4,-1.167498,-48.493998
EDUARDO COSTA,2024-02-13 04:23:52,138.5,13.4,-1.174331,-48.489165
EDUARDO COSTA,2024-02-13 04:51:42,121.9,4.1,-1.263498,-48.490498
EDUARDO COSTA,2024-02-13 04:53:52,108.6,2.7,-1.264755,-48.48887
EDUARDO COSTA,2024-02-13 04:57:02,63.4,1.8,-1.26517,-48.486965
EDUARDO COSTA,2024-02-13 05:07:07,317.2,3.2,-1.259723,-48.488321
EDUARDO COSTA,2024-02-13 05:08:37,318.8,3.3,-1.258505,-48.488976
EDUARDO COSTA,2024-02-13 05:08:41,319.9,3.3,-1.258448,-48.489001
EDUARDO COSTA,2024-02-13 05:09:04,313.0,3.4,-1.258165,-48.489165
EDUARDO COSTA,2024-02-13 05:09:17,311.1,3.4,-1.257966,-48.489325
EDUARDO COSTA,2024-02-13 05:09:20,309.6,3.4,-1.257998,-48.489331
EDUARDO COSTA,2024-02-13 05:09:27,309.7,3.4,-1.257835,-48.489426
EDUARDO COSTA,2024-02-13 05:10:07,316.8,3.4,-1.257278,-48.489788
EDUARDO COSTA,2024-02-13 05:10:11,317.8,3.5,-1.25722,-48.48982
EDUARDO COSTA,2024-02-13 05:10:12,317.8,3.5,-1.25722,-48.48982
EDUARDO COSTA,2024-02-13 05:10:14,317.2,3.5,-1.257165,-48.489831
EDUARDO COSTA,2024-02-13 05:10:17,316.8,3.5,-1.257135,-48.489875
EDUARDO COSTA,2024-02-13 05:10:24,311.6,3.6,-1.256998,-48.489998
EDUARDO COSTA,2024-02-13 05:10:34,306.6,3.6,-1.256998,-48.489998
EDUARDO COSTA,2024-02-13 05:11:07,301.2,3.5,-1.256523,-48.490453
EDUARDO COSTA,2024-02-13 05:11:37,300.3,3.4,-1.256175,-48.490806
EDUARDO COSTA,2024-02-13 05:13:07,301.1,3.2,-1.255196,-48.491846
EDUARDO COSTA,2024-02-13 05:26:18,34.3,0.0,-1.251498,-48.496665
EDUARDO COSTA,2024-02-13 05:58:59,30.7,0.1,-1.25211,-48.49631
EDUARDO COSTA,2024-02-13 09:27:37,185.4,0.0,-1.248905,-48.494658
EDUARDO COSTA,2024-02-13 10:32:22,183.1,0.0,-1.248831,-48.494665
EDUARDO COSTA,2024-02-13 10:58:32,174.5,0.0,-1.248845,-48.494936
EDUARDO COSTA,2024-02-13 11:07:22,176.0,0.0,-1.248665,-48.494998
EDUARDO COSTA,2024-02-13 22:59:29,187.0,0.0,-1.248998,-48.494665
EDUARDO COSTA,2024-02-14 05:29:27,22.1,0.0,-1.252831,-48.496331
EDUARDO COSTA,2024-02-14 05:56:28,26.8,0.0,-1.252831,-48.496331
EDUARDO COSTA,2024-02-14 12:55:59,187.9,0.0,-1.249165,-48.494831
EDUARDO COSTA,2024-02-14 12:56:03,187.9,0.0,-1.249165,-48.494831
EDUARDO COSTA,2024-02-14 12:56:11,187.9,0.0,-1.249165,-48.494831
EDUARDO COSTA,2024-02-14 12:56:29,187.8,0.0,-1.249165,-48.494831
EDUARDO COSTA,2024-02-14 12:57:25,187.6,0.0,-1.249123,-48.494853
EDUARDO COSTA,2024-02-14 12:57:29,187.5,0.0,-1.249165,-48.494831
EDUARDO COSTA,2024-02-14 12:58:13,187.4,0.0,-1.249165,-48.494831
EDUARDO COSTA,2024-02-14 12:59:49,187.3,0.0,-1.249113,-48.494861
EDUARDO COSTA,2024-02-14 15:41:15,177.1,8.6,-1.268331,-48.492831
EDUARDO COSTA,2024-02-14 15:46:57,179.5,12.1,-1.284071,-48.496503
EDUARDO COSTA,2024-02-14 16:12:45,174.8,11.1,-1.361998,-48.490498
EDUARDO COSTA,2024-02-14 16:22:29,194.2,9.9,-1.388498,-48.501831
EDUARDO COSTA,2024-02-14 16:27:17,166.3,7.2,-1.399498,-48.505665
EDUARDO COSTA,2024-02-14 17:35:15,356.5,0.0,-1.406498,-48.495165
EDUARDO COSTA,2024-02-14 17:35:35,356.5,0.0,-1.406505,-48.495078
EDUARDO COSTA,2024-02-14 17:35:54,356.5,0.0,-1.406505,-48.495078
EDUARDO COSTA,2024-02-14 17:36:15,356.5,0.0,-1.406498,-48.494998
EDUARDO COSTA,2024-02-15 04:08:45,357.2,0.0,-1.40652,-48.495058
EDUARDO COSTA,2024-02-15 08:59:47,357.3,0.0,-1.406506,-48.495075
EDUARDO COSTA,2024-02-16 01:17:45,356.9,0.0,-1.406498,-48.495165
EDUARDO COSTA,2024-02-17 00:47:43,356.7,0.0,-1.406498,-48.494998
EDUARDO COSTA,2024-02-17 02:11:44,356.9,0.0,-1.406498,-48.494998
EDUARDO COSTA,2024-02-17 04:41:41,357.0,0.0,-1.406501,-48.495068
EDUARDO COSTA,2024-02-17 07:14:02,10.8,9.2,-1.362498,-48.490331
EDUARDO COSTA,2024-02-17 07:47:22,13.3,10.0,-1.274825,-48.49451
EDUARDO COSTA,2024-02-17 08:43:52,12.6,8.6,-1.134998,-48.501165
EDUARDO COSTA,2024-02-17 08:47:49,20.7,10.2,-1.126205,-48.495346
EDUARDO COSTA,2024-02-17 08:51:30,30.5,11.0,-1.117831,-48.488331
EDUARDO COSTA,2024-02-17 08:59:02,28.6,11.8,-1.099665,-48.471998
EDUARDO COSTA,2024-02-17 09:01:31,29.7,12.1,-1.093553,-48.466528
EDUARDO COSTA,2024-02-17 09:30:51,16.4,14.0,-1.001165,-48.406998
EDUARDO COSTA,2024-02-17 09:34:28,16.7,14.1,-0.988665,-48.400331
EDUARDO COSTA,2024-02-17 09:37:58,19.6,14.2,-0.976498,-48.393665
EDUARDO COSTA,2024-02-17 09:43:20,18.1,14.3,-0.958165,-48.382498
EDUARDO COSTA,2024-02-17 10:05:36,19.8,14.9,-0.879165,-48.337998
EDUARDO COSTA,2024-02-17 10:35:19,16.4,15.7,-0.766998,-48.278165
EDUARDO COSTA,2024-02-17 11:59:35,44.1,14.3,-0.534235,-48.025191
EDUARDO COSTA,2024-02-17 12:43:37,60.1,12.3,-0.479665,-47.871498
EDUARDO COSTA,2024-02-17 12:44:33,60.4,12.2,-0.478665,-47.868498
EDUARDO COSTA,2024-02-17 12:44:45,59.2,12.2,-0.478498,-47.867831
EDUARDO COSTA,2024-02-17 12:45:07,58.7,12.0,-0.478165,-47.866665
EDUARDO COSTA,2024-02-17 12:45:19,57.6,12.0,-0.477831,-47.865998
EDUARDO COSTA,2024-02-17 12:45:25,57.0,11.9,-0.477665,-47.865665
EDUARDO COSTA,2024-02-17 12:45:55,58.7,11.8,-0.477165,-47.864165
EDUARDO COSTA,2024-02-17 12:46:19,60.3,11.8,-0.476831,-47.862998
EDUARDO COSTA,2024-02-17 12:46:35,58.9,11.7,-0.476498,-47.862165
EDUARDO COSTA,2024-02-17 13:37:43,80.8,13.7,-0.405591,-47.752425
EDUARDO COSTA,2024-02-17 14:23:20,75.7,13.3,-0.409198,-47.5822
EDUARDO COSTA,2024-02-17 15:05:09,79.8,13.3,-0.411345,-47.429111
EDUARDO COSTA,2024-02-17 15:13:33,75.1,13.1,-0.410803,-47.398146
EDUARDO COSTA,2024-02-17 15:14:21,75.3,13.1,-0.410678,-47.39522
EDUARDO COSTA,2024-02-17 15:42:16,88.2,13.4,-0.419913,-47.292468
EDUARDO COSTA,2024-02-17 16:46:58,84.7,13.8,-0.460428,-47.049953
EDUARDO COSTA,2024-02-17 18:22:56,85.3,13.5,-0.522191,-46.677173
EDUARDO COSTA,2024-02-17 18:23:04,84.8,13.6,-0.522266,-46.676675
EDUARDO COSTA,2024-02-17 19:03:06,87.1,13.6,-0.548861,-46.528453
EDUARDO COSTA,2024-02-17 20:21:19,85.5,13.5,-0.600998,-46.238165
EDUARDO COSTA,2024-02-17 20:43:36,88.6,13.3,-0.615648,-46.156105
EDUARDO COSTA,2024-02-17 21:07:20,88.3,13.4,-0.632165,-46.068831
EDUARDO COSTA,2024-02-17 21:09:49,87.7,13.4,-0.63405,-46.0598
EDUARDO COSTA,2024-02-17 21:12:46,83.4,13.3,-0.635483,-46.048858
EDUARDO COSTA,2024-02-17 21:19:30,85.1,13.3,-0.638498,-46.024165
EDUARDO COSTA,2024-02-17 21:23:06,85.4,13.3,-0.640331,-46.010998
EDUARDO COSTA,2024-02-18 00:40:48,95.9,12.4,-0.672618,-45.316541
EDUARDO COSTA,2024-02-18 00:41:12,98.1,12.5,-0.673038,-45.315285
EDUARDO COSTA,2024-02-18 00:41:22,96.5,12.3,-0.67322,-45.314736
EDUARDO COSTA,2024-02-18 00:41:42,95.5,12.4,-0.673608,-45.31365
EDUARDO COSTA,2024-02-18 00:42:02,94.2,12.4,-0.673996,-45.312503
EDUARDO COSTA,2024-02-18 00:42:22,95.7,12.4,-0.674326,-45.311463
EDUARDO COSTA,2024-02-18 00:42:49,93.9,12.4,-0.674831,-45.309998
EDUARDO COSTA,2024-02-18 00:43:29,94.7,12.5,-0.675498,-45.307831
EDUARDO COSTA,2024-02-18 00:44:42,95.7,12.5,-0.676895,-45.303785
EDUARDO COSTA,2024-02-18 00:45:19,95.3,12.4,-0.677498,-45.301831
EDUARDO COSTA,2024-02-18 00:59:52,95.8,12.7,-0.693706,-45.253518
EDUARDO COSTA,2024-02-18 01:00:19,94.9,12.8,-0.694165,-45.251998
EDUARDO COSTA,2024-02-18 01:00:28,94.1,12.7,-0.694363,-45.251493
EDUARDO COSTA,2024-02-18 01:00:32,94.5,12.7,-0.694471,-45.251213
EDUARDO COSTA,2024-02-18 01:00:56,93.6,12.7,-0.694881,-45.249918
EDUARDO COSTA,2024-02-18 04:06:19,96.5,12.8,-0.931498,-44.629998
EDUARDO COSTA,2024-02-18 04:56:18,98.3,13.2,-0.992955,-44.458095
EDUARDO COSTA,2024-02-18 04:58:22,98.2,13.1,-0.995605,-44.450981
EDUARDO COSTA,2024-02-18 04:58:29,98.0,13.1,-0.995788,-44.450525
EDUARDO COSTA,2024-02-18 04:58:42,96.7,13.2,-0.996048,-44.44984
EDUARDO COSTA,2024-02-18 04:58:47,96.6,13.1,-0.996178,-44.449496
EDUARDO COSTA,2024-02-18 04:59:34,95.9,13.3,-0.997165,-44.446831
EDUARDO COSTA,2024-02-18 04:59:47,98.5,13.2,-0.997488,-44.44606
EDUARDO COSTA,2024-02-18 05:00:15,97.2,13.2,-0.998165,-44.444498
EDUARDO COSTA,2024-02-18 05:01:41,97.9,13.2,-0.999926,-44.439498
EDUARDO COSTA,2024-02-18 07:23:39,113.1,13.4,-1.197226,-43.951195
EDUARDO COSTA,2024-02-18 07:28:50,118.2,13.3,-1.208998,-43.935998
EDUARDO COSTA,2024-02-18 07:48:05,130.2,13.2,-1.26156,-43.887853
EDUARDO COSTA,2024-02-18 07:52:49,138.7,13.0,-1.276498,-43.878831
EDUARDO COSTA,2024-02-18 08:00:35,175.2,13.1,-1.303831,-43.872891
EDUARDO COSTA,2024-02-18 08:03:10,178.7,13.2,-1.312998,-43.874831
EDUARDO COSTA,2024-02-18 08:32:33,176.8,13.1,-1.419853,-43.894428
EDUARDO COSTA,2024-02-18 08:34:59,175.8,13.2,-1.428703,-43.896003
EDUARDO COSTA,2024-02-18 08:35:03,177.3,13.1,-1.428948,-43.896026
EDUARDO COSTA,2024-02-18 08:37:13,177.7,13.1,-1.43683,-43.897435
EDUARDO COSTA,2024-02-18 08:37:30,177.9,13.2,-1.437831,-43.897665
EDUARDO COSTA,2024-02-18 08:41:00,176.4,13.1,-1.450665,-43.899831
EDUARDO COSTA,2024-02-18 08:42:33,176.0,13.2,-1.456286,-43.90076
EDUARDO COSTA,2024-02-18 09:06:19,176.9,13.3,-1.5437,-43.915776
EDUARDO COSTA,2024-02-18 09:12:23,176.6,13.3,-1.56604,-43.919553
EDUARDO COSTA,2024-02-18 11:05:05,169.7,13.6,-1.975256,-44.052645
EDUARDO COSTA,2024-02-18 11:06:38,159.5,13.5,-1.98108,-44.052326
EDUARDO COSTA,2024-02-18 12:14:20,73.7,12.8,-1.981831,-43.817831
EDUARDO COSTA,2024-02-18 12:40:21,73.7,12.5,-1.975998,-43.726498
EDUARDO COSTA,2024-02-18 12:41:11,73.7,12.6,-1.975831,-43.723665
EDUARDO COSTA,2024-02-18 12:41:18,74.8,12.6,-1.97581,-43.72319
EDUARDO COSTA,2024-02-18 12:42:35,74.8,12.6,-1.975498,-43.718665
EDUARDO COSTA,2024-02-18 12:42:38,73.3,12.6,-1.975526,-43.718536
EDUARDO COSTA,2024-02-18 12:42:48,74.4,12.5,-1.975488,-43.71796
EDUARDO COSTA,2024-02-18 12:43:41,74.8,12.4,-1.975331,-43.714831
EDUARDO COSTA,2024-02-18 12:43:48,73.3,12.5,-1.975276,-43.714503
EDUARDO COSTA,2024-02-18 12:54:58,68.0,9.6,-1.973331,-43.679165
EDUARDO COSTA,2024-02-18 12:56:58,11.5,7.5,-1.970426,-43.676091
EDUARDO COSTA,2024-02-18 13:35:11,244.5,1.9,-1.949498,-43.658165
EDUARDO COSTA,2024-02-18 13:37:41,240.2,2.0,-1.949831,-43.659498
EDUARDO COSTA,2024-02-18 14:12:22,235.9,1.8,-1.955165,-43.677331
EDUARDO COSTA,2024-02-18 14:14:17,236.3,1.8,-1.955501,-43.67823
EDUARDO COSTA,2024-02-18 14:14:55,237.4,1.7,-1.955665,-43.678498
EDUARDO COSTA,2024-02-18 14:16:48,242.0,1.7,-1.955863,-43.679458
EDUARDO COSTA,2024-02-18 14:18:55,236.8,2.0,-1.955998,-43.680498
EDUARDO COSTA,2024-02-18 14:39:41,217.0,2.1,-1.9611,-43.692253
EDUARDO COSTA,2024-02-18 14:42:49,217.9,2.0,-1.96221,-43.693656
EDUARDO COSTA,2024-02-18 14:45:49,214.7,1.9,-1.963293,-43.6949
EDUARDO COSTA,2024-02-18 14:48:29,217.3,1.9,-1.964251,-43.695928
EDUARDO COSTA,2024-02-18 15:09:19,203.2,1.7,-1.972291,-43.703518
EDUARDO COSTA,2024-02-18 16:07:09,199.2,1.4,-1.994165,-43.718831
EDUARDO COSTA,2024-02-18 17:02:51,163.5,0.9,-2.013498,-43.722831
EDUARDO COSTA,2024-02-18 17:05:38,161.9,0.9,-2.014331,-43.722881
EDUARDO COSTA,2024-02-18 17:05:58,166.8,0.9,-2.014435,-43.722888
EDUARDO COSTA,2024-02-18 17:06:18,161.5,0.9,-2.014533,-43.722891
EDUARDO COSTA,2024-02-18 17:07:22,166.1,0.9,-2.014835,-43.72289
EDUARDO COSTA,2024-02-18 19:13:49,118.8,1.1,-1.96384,-43.635841
EDUARDO COSTA,2024-02-18 19:18:22,121.0,1.2,-1.964998,-43.634665
EDUARDO COSTA,2024-02-18 19:46:25,99.6,1.3,-1.971826,-43.626028
EDUARDO COSTA,2024-02-18 19:51:59,122.4,1.5,-1.973251,-43.624218
EDUARDO COSTA,2024-02-18 20:08:42,127.2,1.4,-1.977998,-43.619331
EDUARDO COSTA,2024-02-18 20:11:39,124.8,1.5,-1.978998,-43.618498
EDUARDO COSTA,2024-02-18 20:19:39,123.6,1.4,-1.981463,-43.616246
EDUARDO COSTA,2024-02-18 20:24:19,123.2,1.4,-1.9828,-43.614856
EDUARDO COSTA,2024-02-18 20:59:46,138.3,1.7,-1.993165,-43.605331
EDUARDO COSTA,2024-02-18 21:03:52,124.7,1.4,-1.994165,-43.604165
EDUARDO COSTA,2024-02-18 21:03:56,116.7,1.4,-1.994331,-43.604165
EDUARDO COSTA,2024-02-18 21:09:09,123.2,1.3,-1.995756,-43.602786
EDUARDO COSTA,2024-02-19 00:16:15,174.0,2.0,-1.88015,-43.474963
EDUARDO COSTA,2024-02-19 00:36:24,178.6,2.3,-1.891866,-43.476873
EDUARDO COSTA,2024-02-19 00:36:28,161.9,1.7,-1.891923,-43.476895
EDUARDO COSTA,2024-02-19 00:37:14,175.7,2.2,-1.89237,-43.476963
EDUARDO COSTA,2024-02-19 00:37:38,172.1,2.1,-1.892621,-43.477008
EDUARDO COSTA,2024-02-19 00:37:58,174.5,2.0,-1.892831,-43.476998
EDUARDO COSTA,2024-02-19 00:38:01,172.3,1.9,-1.892831,-43.476998
EDUARDO COSTA,2024-02-19 00:38:08,174.3,2.0,-1.892933,-43.477063
EDUARDO COSTA,2024-02-19 00:38:21,177.8,2.3,-1.892998,-43.476998
EDUARDO COSTA,2024-02-19 00:39:18,174.7,2.1,-1.8936,-43.477138
EDUARDO COSTA,2024-02-19 00:39:21,176.7,2.1,-1.893665,-43.477165
EDUARDO COSTA,2024-02-19 00:39:24,172.5,2.0,-1.893655,-43.477145
EDUARDO COSTA,2024-02-19 00:39:28,174.4,1.9,-1.893693,-43.477151
EDUARDO COSTA,2024-02-19 00:39:31,179.9,2.3,-1.893665,-43.477165
EDUARDO COSTA,2024-02-19 00:40:31,185.2,2.4,-1.894283,-43.477225
EDUARDO COSTA,2024-02-19 00:48:06,176.1,2.1,-1.898665,-43.477831
EDUARDO COSTA,2024-02-19 00:50:34,174.4,2.1,-1.900096,-43.477936
EDUARDO COSTA,2024-02-19 00:53:01,174.4,2.0,-1.901498,-43.478165
EDUARDO COSTA,2024-02-19 00:53:08,176.6,2.1,-1.901595,-43.478141
EDUARDO COSTA,2024-02-19 00:53:24,171.0,1.6,-1.901755,-43.478163
EDUARDO COSTA,2024-02-19 00:53:31,173.0,2.1,-1.901831,-43.478165
EDUARDO COSTA,2024-02-19 01:25:16,181.3,2.1,-1.920498,-43.481998
EDUARDO COSTA,2024-02-19 01:46:39,181.8,2.1,-1.933086,-43.486045
EDUARDO COSTA,2024-02-19 01:50:05,187.4,2.2,-1.935126,-43.48671
EDUARDO COSTA,2024-02-19 01:52:42,189.4,2.2,-1.936695,-43.487238
EDUARDO COSTA,2024-02-19 02:27:39,186.7,2.1,-1.957121,-43.494496
EDUARDO COSTA,2024-02-19 02:32:12,187.3,2.2,-1.959776,-43.495361
EDUARDO COSTA,2024-02-19 02:34:25,180.3,1.9,-1.96103,-43.495736
EDUARDO COSTA,2024-02-19 02:38:51,187.3,2.0,-1.96358,-43.496511
EDUARDO COSTA,2024-02-19 02:42:51,181.9,2.0,-1.965831,-43.497165
EDUARDO COSTA,2024-02-19 02:46:24,185.3,1.9,-1.967778,-43.49778
EDUARDO COSTA,2024-02-19 03:40:51,175.2,1.6,-1.994215,-43.504291
EDUARDO COSTA,2024-02-19 05:11:27,333.3,8.8,-2.00725,-43.504768
EDUARDO COSTA,2024-02-19 05:11:51,331.3,9.0,-2.006331,-43.504998
EDUARDO COSTA,2024-02-19 05:14:51,329.8,8.9,-1.998998,-43.506665
EDUARDO COSTA,2024-02-19 05:14:57,330.5,8.8,-1.998763,-43.506768
EDUARDO COSTA,2024-02-19 05:15:15,328.6,8.9,-1.998165,-43.506998
EDUARDO COSTA,2024-02-19 05:15:21,327.9,8.9,-1.997808,-43.50707
EDUARDO COSTA,2024-02-19 05:15:41,328.0,8.8,-1.996998,-43.507331
EDUARDO COSTA,2024-02-19 05:16:01,323.9,9.1,-1.996236,-43.507646
EDUARDO COSTA,2024-02-19 05:16:04,323.2,9.1,-1.996165,-43.507665
EDUARDO COSTA,2024-02-19 05:16:07,322.2,9.0,-1.996006,-43.507751
EDUARDO COSTA,2024-02-19 05:16:11,321.9,9.0,-1.995831,-43.507831
EDUARDO COSTA,2024-02-19 05:16:21,319.7,8.9,-1.995473,-43.508005
EDUARDO COSTA,2024-02-19 05:17:04,316.3,9.1,-1.993831,-43.508831
EDUARDO COSTA,2024-02-19 05:17:48,314.9,9.2,-1.992276,-43.509851
EDUARDO COSTA,2024-02-19 05:18:21,308.9,9.3,-1.991165,-43.510665
EDUARDO COSTA,2024-02-19 05:19:04,307.7,9.6,-1.989665,-43.511831
EDUARDO COSTA,2024-02-19 06:25:04,292.7,1.8,-1.928088,-43.701181
EDUARDO COSTA,2024-02-19 07:03:22,242.0,0.9,-1.926941,-43.712436
EDUARDO COSTA,2024-02-19 07:32:07,265.5,0.6,-1.927043,-43.719318
EDUARDO COSTA,2024-02-19 07:32:38,249.3,0.7,-1.927041,-43.719428
EDUARDO COSTA,2024-02-19 07:36:49,261.1,0.5,-1.926906,-43.720208
EDUARDO COSTA,2024-02-19 07:43:25,243.6,0.5,-1.926498,-43.721205
EDUARDO COSTA,2024-02-19 07:45:29,289.3,0.5,-1.926451,-43.721546
EDUARDO COSTA,2024-02-19 08:08:48,253.4,0.5,-1.926458,-43.725466
EDUARDO COSTA,2024-02-19 08:13:58,252.6,0.5,-1.926498,-43.726386
EDUARDO COSTA,2024-02-19 08:31:22,276.3,0.6,-1.926665,-43.729831
EDUARDO COSTA,2024-02-19 08:34:32,255.4,0.7,-1.926498,-43.730331
EDUARDO COSTA,2024-02-19 08:37:05,284.0,0.4,-1.926498,-43.730831
EDUARDO COSTA,2024-02-19 08:40:32,264.8,0.6,-1.92637,-43.731505
EDUARDO COSTA,2024-02-19 08:48:26,306.4,0.7,-1.926071,-43.732966
EDUARDO COSTA,2024-02-19 09:18:21,284.4,0.6,-1.925138,-43.739293
EDUARDO COSTA,2024-02-19 09:21:58,277.2,0.6,-1.924683,-43.739843
EDUARDO COSTA,2024-02-19 09:22:22,308.0,0.7,-1.924665,-43.739998
EDUARDO COSTA,2024-02-19 09:26:18,255.8,0.9,-1.924346,-43.740781
EDUARDO COSTA,2024-02-19 09:28:42,274.8,0.6,-1.924165,-43.741331
EDUARDO COSTA,2024-02-19 13:11:09,198.9,6.8,-2.005291,-44.071578
EDUARDO COSTA,2024-02-19 13:46:58,196.3,6.3,-2.06487,-44.108336
EDUARDO COSTA,2024-02-19 14:08:45,200.0,6.6,-2.098165,-44.129998
EDUARDO COSTA,2024-02-19 14:10:48,202.3,6.5,-2.101258,-44.13203
EDUARDO COSTA,2024-02-19 14:13:34,201.9,6.4,-2.105498,-44.134831
EDUARDO COSTA,2024-02-19 14:16:35,201.9,6.4,-2.110025,-44.137868
EDUARDO COSTA,2024-02-19 14:17:04,201.6,6.6,-2.110831,-44.138331
EDUARDO COSTA,2024-02-19 14:21:59,200.2,6.5,-2.118233,-44.143348
EDUARDO COSTA,2024-02-19 15:00:29,274.4,3.8,-2.153095,-44.16727
EDUARDO COSTA,2024-02-19 17:22:52,27.4,0.0,-2.42407,-44.296161
EDUARDO COSTA,2024-02-19 17:25:02,27.8,0.0,-2.424128,-44.296133
EDUARDO COSTA,2024-02-19 19:55:55,3.0,0.1,-2.42425,-44.295633
EDUARDO COSTA,2024-02-19 20:02:52,281.6,0.2,-2.424063,-44.295945
EDUARDO COSTA,2024-02-19 20:06:28,295.1,0.2,-2.423998,-44.296165
EDUARDO COSTA,2024-02-19 20:34:06,0.1,0.0,-2.424165,-44.295665
EDUARDO COSTA,2024-02-19 20:52:02,333.9,0.0,-2.424085,-44.294963
EDUARDO COSTA,2024-02-19 20:54:17,331.7,0.0,-2.424043,-44.294946
EDUARDO COSTA,2024-02-20 00:32:14,202.4,6.3,-2.47605,-44.370981
EDUARDO COSTA,2024-02-20 00:34:15,203.6,4.7,-2.478498,-44.372665
EDUARDO COSTA,2024-02-20 00:34:45,203.1,4.4,-2.478998,-44.372998
EDUARDO COSTA,2024-02-20 00:34:55,204.1,4.2,-2.479145,-44.373165
EDUARDO COSTA,2024-02-20 01:31:05,80.0,2.4,-2.569706,-44.382726
EDUARDO COSTA,2024-02-20 01:33:17,96.0,2.5,-2.570021,-44.381296
EDUARDO COSTA,2024-02-20 01:39:49,23.4,0.5,-2.571016,-44.378123
EDUARDO COSTA,2024-02-20 02:06:04,125.6,0.0,-2.570536,-44.377431
EDUARDO COSTA,2024-02-20 02:36:55,125.4,0.0,-2.570665,-44.377331
EDUARDO COSTA,2024-02-20 02:40:55,125.3,0.0,-2.570665,-44.377331
EDUARDO COSTA,2024-02-20 02:43:17,125.3,0.0,-2.57059,-44.3774
EDUARDO COSTA,2024-02-21 00:30:27,125.3,0.0,-2.57061,-44.377411
EDUARDO COSTA,2024-02-21 20:24:41,302.1,5.0,-2.572331,-44.382331
EDUARDO COSTA,2024-02-21 23:03:41,21.2,14.2,-2.119331,-44.142498
EDUARDO COSTA,2024-02-21 23:35:13,18.7,14.3,-2.012803,-44.076236
EDUARDO COSTA,2024-02-21 23:41:58,71.4,12.9,-1.995211,-44.058628
EDUARDO COSTA,2024-02-21 23:59:34,83.0,13.9,-2.001326,-43.992013
EDUARDO COSTA,2024-02-22 00:15:25,78.5,13.8,-2.003293,-43.931098
EDUARDO COSTA,2024-02-22 00:21:57,80.7,13.9,-2.004831,-43.905998
EDUARDO COSTA,2024-02-22 00:24:59,81.2,13.9,-2.005665,-43.894331
EDUARDO COSTA,2024-02-22 00:25:43,80.2,13.9,-2.005831,-43.891498
EDUARDO COSTA,2024-02-22 00:26:23,80.4,13.9,-2.005998,-43.888831
EDUARDO COSTA,2024-02-22 00:36:34,81.6,13.9,-2.008831,-43.849665
EDUARDO COSTA,2024-02-22 00:39:41,81.4,13.9,-2.009831,-43.837498
EDUARDO COSTA,2024-02-22 00:42:09,80.2,13.6,-2.010498,-43.827998
EDUARDO COSTA,2024-02-22 00:44:12,76.0,14.0,-2.010498,-43.820165
EDUARDO COSTA,2024-02-22 00:48:42,75.0,13.9,-2.009831,-43.802665
EDUARDO COSTA,2024-02-22 01:17:27,79.6,13.7,-2.011835,-43.692715
EDUARDO COSTA,2024-02-22 01:21:31,78.9,13.7,-2.012636,-43.677346
EDUARDO COSTA,2024-02-22 01:24:31,79.6,13.6,-2.013165,-43.665998
EDUARDO COSTA,2024-02-22 01:26:57,80.2,13.4,-2.013751,-43.656775
EDUARDO COSTA,2024-02-22 01:49:54,80.2,13.5,-2.018325,-43.571225
EDUARDO COSTA,2024-02-22 01:53:02,78.4,13.3,-2.018998,-43.559665
EDUARDO COSTA,2024-02-22 01:56:27,76.0,13.3,-2.018808,-43.54693
EDUARDO COSTA,2024-02-22 02:23:12,79.1,12.7,-2.019998,-43.450331
EDUARDO COSTA,2024-02-22 04:27:43,86.3,12.3,-2.048526,-43.022748
EDUARDO COSTA,2024-02-22 04:27:46,85.8,12.2,-2.048498,-43.022665
EDUARDO COSTA,2024-02-22 04:29:13,83.2,12.3,-2.049185,-43.01767
EDUARDO COSTA,2024-02-22 04:29:49,85.0,12.3,-2.049426,-43.015633
EDUARDO COSTA,2024-02-22 04:31:10,83.5,12.3,-2.049998,-43.010998
EDUARDO COSTA,2024-02-22 04:32:06,83.7,12.3,-2.050331,-43.007831
EDUARDO COSTA,2024-02-22 04:32:37,86.3,12.3,-2.050498,-43.006165
EDUARDO COSTA,2024-02-22 04:33:34,84.1,12.3,-2.050998,-43.002831
EDUARDO COSTA,2024-02-22 04:33:37,83.4,12.2,-2.05102,-43.002728
EDUARDO COSTA,2024-02-22 05:18:10,80.3,12.3,-2.065546,-42.85125
EDUARDO COSTA,2024-02-22 05:40:21,80.5,12.5,-2.069615,-42.77546
EDUARDO COSTA,2024-02-22 05:53:12,80.1,12.6,-2.072386,-42.730638
EDUARDO COSTA,2024-02-22 06:18:32,80.8,12.8,-2.078928,-42.641646
EDUARDO COSTA,2024-02-22 06:23:43,82.5,12.9,-2.08013,-42.623291
EDUARDO COSTA,2024-02-22 06:25:48,81.9,12.8,-2.080498,-42.615831
EDUARDO COSTA,2024-02-22 06:31:35,79.8,12.8,-2.081331,-42.595331
EDUARDO COSTA,2024-02-22 06:31:41,81.6,12.8,-2.081331,-42.594831
EDUARDO COSTA,2024-02-22 06:57:01,83.8,12.8,-2.085348,-42.504138
EDUARDO COSTA,2024-02-22 06:59:25,86.8,12.9,-2.086611,-42.495678
EDUARDO COSTA,2024-02-22 07:02:32,87.0,12.9,-2.088331,-42.484665
EDUARDO COSTA,2024-02-22 07:28:08,80.7,12.8,-2.101665,-42.394165
EDUARDO COSTA,2024-02-22 08:11:12,81.9,13.1,-2.111831,-42.239665
EDUARDO COSTA,2024-02-22 08:13:10,81.1,13.1,-2.112498,-42.232498
EDUARDO COSTA,2024-02-22 11:23:47,83.2,13.1,-2.161555,-41.520491
EDUARDO COSTA,2024-02-22 11:58:48,81.7,13.2,-2.173333,-41.39262
EDUARDO COSTA,2024-02-22 12:05:47,81.7,13.3,-2.17565,-41.366905
EDUARDO COSTA,2024-02-22 12:24:35,82.5,13.3,-2.180113,-41.297123
EDUARDO COSTA,2024-02-22 12:24:59,81.5,13.3,-2.180235,-41.295646
EDUARDO COSTA,2024-02-22 12:25:25,82.0,13.3,-2.180336,-41.294045
EDUARDO COSTA,2024-02-22 12:25:28,81.7,13.3,-2.180331,-41.293831
EDUARDO COSTA,2024-02-22 12:25:33,80.9,13.2,-2.180383,-41.293555
EDUARDO COSTA,2024-02-22 12:25:38,82.2,13.3,-2.180406,-41.293248
EDUARDO COSTA,2024-02-22 12:26:28,81.5,13.2,-2.180648,-41.290118
EDUARDO COSTA,2024-02-22 12:27:15,81.8,13.3,-2.180841,-41.28729
EDUARDO COSTA,2024-02-22 12:32:34,83.3,13.3,-2.18231,-41.26762
EDUARDO COSTA,2024-02-22 12:58:22,79.7,13.6,-2.188705,-41.171546
EDUARDO COSTA,2024-02-22 13:01:09,77.6,13.6,-2.189313,-41.161078
EDUARDO COSTA,2024-02-22 13:03:42,77.2,13.7,-2.189806,-41.151341
EDUARDO COSTA,2024-02-22 13:06:08,81.0,13.7,-2.19034,-41.1421
EDUARDO COSTA,2024-02-22 13:09:45,81.8,13.6,-2.19137,-41.128455
EDUARDO COSTA,2024-02-22 13:44:18,81.9,13.5,-2.201165,-40.997998
EDUARDO COSTA,2024-02-22 17:15:08,80.6,13.1,-2.259831,-40.223498
EDUARDO COSTA,2024-02-22 17:34:41,84.5,12.9,-2.265831,-40.153165
EDUARDO COSTA,2024-02-22 18:09:38,81.0,13.0,-2.274998,-40.027165
EDUARDO COSTA,2024-02-22 18:14:27,79.5,12.9,-2.275831,-40.009831
EDUARDO COSTA,2024-02-22 18:15:37,80.0,12.8,-2.276165,-40.005665
EDUARDO COSTA,2024-02-22 18:45:33,81.1,12.8,-2.28204,-39.900095
EDUARDO COSTA,2024-02-22 18:48:54,81.9,12.6,-2.282686,-39.888303
EDUARDO COSTA,2024-02-22 18:51:14,81.4,12.5,-2.28317,-39.880145
EDUARDO COSTA,2024-02-22 18:59:35,102.1,12.2,-2.288538,-39.852078
EDUARDO COSTA,2024-02-22 19:26:21,107.5,12.4,-2.335831,-39.772998
EDUARDO COSTA,2024-02-22 21:55:53,106.8,12.4,-2.595035,-39.313963
EDUARDO COSTA,2024-02-22 23:12:10,108.1,12.5,-2.72714,-39.086931
EDUARDO COSTA,2024-02-22 23:15:30,108.1,12.6,-2.733331,-39.076998
EDUARDO COSTA,2024-02-22 23:43:20,107.6,12.3,-2.783228,-38.994476
EDUARDO COSTA,2024-02-22 23:46:49,108.5,12.2,-2.789456,-38.984128
EDUARDO COSTA,2024-02-23 00:17:33,102.8,12.5,-2.842636,-38.891515
EDUARDO COSTA,2024-02-23 00:17:37,103.8,12.4,-2.84274,-38.891306
EDUARDO COSTA,2024-02-23 00:19:27,105.1,12.5,-2.845665,-38.885665
EDUARDO COSTA,2024-02-23 00:19:40,105.4,12.5,-2.846165,-38.884998
EDUARDO COSTA,2024-02-23 00:20:00,104.6,12.5,-2.846636,-38.883985
EDUARDO COSTA,2024-02-23 00:20:01,105.1,12.5,-2.846665,-38.883998
EDUARDO COSTA,2024-02-23 00:20:44,105.0,12.4,-2.847823,-38.881783
EDUARDO COSTA,2024-02-23 00:21:17,104.4,12.4,-2.848665,-38.880165
EDUARDO COSTA,2024-02-23 00:21:51,105.4,12.4,-2.849665,-38.878331
EDUARDO COSTA,2024-02-23 00:22:14,104.4,12.5,-2.85029,-38.87718
EDUARDO COSTA,2024-02-23 00:23:23,104.5,12.5,-2.852156,-38.87358
EDUARDO COSTA,2024-02-23 00:23:24,104.5,12.5,-2.852156,-38.87358
EDUARDO COSTA,2024-02-23 00:23:54,104.6,12.6,-2.852956,-38.872026
EDUARDO COSTA,2024-02-23 00:25:28,105.1,12.5,-2.855498,-38.867331
EDUARDO COSTA,2024-02-23 00:32:31,105.3,12.6,-2.867216,-38.845601
EDUARDO COSTA,2024-02-23 00:36:51,104.5,12.6,-2.874503,-38.83229
EDUARDO COSTA,2024-02-23 00:52:45,104.9,12.7,-2.901231,-38.78316
EDUARDO COSTA,2024-02-23 01:00:11,108.4,12.7,-2.914751,-38.760375
EDUARDO COSTA,2024-02-23 01:25:40,105.3,12.4,-2.959565,-38.683188
EDUARDO COSTA,2024-02-23 01:28:14,105.3,12.4,-2.963811,-38.675328
EDUARDO COSTA,2024-02-23 01:28:40,104.2,12.4,-2.964533,-38.674005
EDUARDO COSTA,2024-02-23 04:45:10,105.2,12.3,-3.304531,-38.07925
EDUARDO COSTA,2024-02-23 04:45:24,105.2,12.2,-3.30489,-38.078538
EDUARDO COSTA,2024-02-23 04:45:58,104.5,12.2,-3.305665,-38.076831
EDUARDO COSTA,2024-02-23 04:46:27,104.8,12.2,-3.306498,-38.075331
EDUARDO COSTA,2024-02-23 04:46:54,104.8,12.2,-3.307238,-38.073985
EDUARDO COSTA,2024-02-23 04:47:04,104.2,12.3,-3.307498,-38.073498
EDUARDO COSTA,2024-02-23 04:47:51,105.1,12.2,-3.308831,-38.071165
EDUARDO COSTA,2024-02-23 04:47:57,104.5,12.4,-3.308998,-38.070831
EDUARDO COSTA,2024-02-23 04:48:14,104.6,12.4,-3.309368,-38.06993
EDUARDO COSTA,2024-02-23 04:48:30,104.2,12.4,-3.309805,-38.069125
EDUARDO COSTA,2024-02-23 04:48:40,104.7,12.3,-3.31007,-38.06862
EDUARDO COSTA,2024-02-23 04:49:18,105.0,12.3,-3.310998,-38.066665
EDUARDO COSTA,2024-02-23 04:49:30,104.2,12.3,-3.311395,-38.06608
EDUARDO COSTA,2024-02-23 04:50:18,105.4,12.3,-3.312668,-38.063641
EDUARDO COSTA,2024-02-23 05:29:30,106.2,12.3,-3.378743,-37.946706
EDUARDO COSTA,2024-02-23 05:29:31,106.2,12.3,-3.378743,-37.946706
EDUARDO COSTA,2024-02-23 05:34:48,106.4,12.2,-3.387665,-37.930998
EDUARDO COSTA,2024-02-23 05:58:40,105.5,12.5,-3.427665,-37.858665
EDUARDO COSTA,2024-02-23 06:04:08,105.5,12.6,-3.436665,-37.841998
EDUARDO COSTA,2024-02-23 06:25:40,106.6,12.3,-3.474615,-37.77696
EDUARDO COSTA,2024-02-23 06:34:38,107.6,12.3,-3.490498,-37.750498
EDUARDO COSTA,2024-02-23 07:16:58,108.1,12.6,-3.564023,-37.624861
EDUARDO COSTA,2024-02-23 09:49:27,106.9,12.7,-3.826665,-37.159665
EDUARDO COSTA,2024-02-23 11:00:28,105.2,12.3,-3.954498,-36.945665
EDUARDO COSTA,2024-02-23 11:11:01,104.0,12.2,-3.971633,-36.913926
EDUARDO COSTA,2024-02-23 11:32:17,105.2,12.3,-4.006331,-36.850165
EDUARDO COSTA,2024-02-23 12:05:37,106.7,12.5,-4.060498,-36.749498
EDUARDO COSTA,2024-02-23 12:12:29,103.8,12.4,-4.071813,-36.728683
EDUARDO COSTA,2024-02-23 12:16:11,106.4,12.2,-4.077665,-36.717498
EDUARDO COSTA,2024-02-23 12:19:47,107.1,12.3,-4.083998,-36.706831
EDUARDO COSTA,2024-02-23 12:21:27,108.2,12.3,-4.086831,-36.701831
EDUARDO COSTA,2024-02-23 12:50:40,107.1,12.7,-4.138408,-36.614551
EDUARDO COSTA,2024-02-23 12:53:44,107.1,12.6,-4.14377,-36.605178
EDUARDO COSTA,2024-02-23 13:50:18,106.6,12.9,-4.245831,-36.430831
EDUARDO COSTA,2024-02-23 16:01:55,108.1,12.7,-4.475631,-36.028338
EDUARDO COSTA,2024-02-23 16:04:28,106.7,12.7,-4.480165,-36.020498
EDUARDO COSTA,2024-02-23 16:42:51,105.8,13.0,-4.558498,-35.882165
EDUARDO COSTA,2024-02-23 17:45:22,106.7,13.1,-4.663665,-35.702665
EDUARDO COSTA,2024-02-23 17:48:30,106.5,13.1,-4.669368,-35.692711
EDUARDO COSTA,2024-02-23 18:24:10,104.7,12.9,-4.73233,-35.579336
EDUARDO COSTA,2024-02-23 18:43:21,107.2,12.7,-4.765165,-35.519165
EDUARDO COSTA,2024-02-23 18:46:04,107.2,12.8,-4.76996,-35.510816
EDUARDO COSTA,2024-02-23 22:41:30,148.0,12.6,-5.355331,-35.011665
EDUARDO COSTA,2024-02-23 22:44:03,148.6,12.6,-5.363998,-35.008998
EDUARDO COSTA,2024-02-23 23:30:01,150.9,12.8,-5.520331,-34.960331
EDUARDO COSTA,2024-02-23 23:35:11,151.7,12.7,-5.538031,-34.95545
EDUARDO COSTA,2024-02-23 23:58:48,152.1,12.7,-5.619456,-34.933821
EDUARDO COSTA,2024-02-24 00:14:43,144.1,12.7,-5.674145,-34.918471
EDUARDO COSTA,2024-02-24 00:22:34,145.8,12.7,-5.700293,-34.908441
EDUARDO COSTA,2024-02-24 00:25:24,147.6,12.7,-5.709763,-34.90484
EDUARDO COSTA,2024-02-24 00:30:47,150.3,12.7,-5.728331,-34.899498
EDUARDO COSTA,2024-02-24 00:34:13,155.5,12.7,-5.740323,-34.896966
EDUARDO COSTA,2024-02-24 00:40:41,154.2,12.9,-5.762998,-34.892331
EDUARDO COSTA,2024-02-24 04:31:05,150.6,12.5,-6.547741,-34.676806
EDUARDO COSTA,2024-02-24 04:33:43,150.4,12.5,-6.556688,-34.67429
EDUARDO COSTA,2024-02-24 05:01:07,150.5,11.7,-6.645998,-34.649331
EDUARDO COSTA,2024-02-24 05:01:33,150.3,11.8,-6.647351,-34.648831
EDUARDO COSTA,2024-02-24 05:02:30,150.3,11.8,-6.650321,-34.647966
EDUARDO COSTA,2024-02-24 05:03:30,150.8,11.8,-6.653513,-34.64705
EDUARDO COSTA,2024-02-24 05:03:33,150.6,11.7,-6.653731,-34.646996
EDUARDO COSTA,2024-02-24 05:04:01,150.9,11.8,-6.655165,-34.646665
EDUARDO COSTA,2024-02-24 05:04:06,151.6,11.9,-6.655498,-34.646498
EDUARDO COSTA,2024-02-24 05:04:13,151.3,11.8,-6.655865,-34.646398
EDUARDO COSTA,2024-02-24 05:04:30,150.9,11.7,-6.656665,-34.646165
EDUARDO COSTA,2024-02-24 05:05:10,150.9,11.8,-6.658998,-34.645665
EDUARDO COSTA,2024-02-24 05:10:18,149.9,11.8,-6.67516,-34.640931
EDUARDO COSTA,2024-02-24 05:23:44,149.5,12.1,-6.718811,-34.628255
EDUARDO COSTA,2024-02-24 05:26:08,149.9,12.0,-6.726498,-34.625998
EDUARDO COSTA,2024-02-24 05:28:24,150.1,12.1,-6.73393,-34.623686
EDUARDO COSTA,2024-02-24 05:32:01,149.6,12.1,-6.745665,-34.620165
EDUARDO COSTA,2024-02-24 05:37:48,148.9,12.0,-6.764331,-34.614498
EDUARDO COSTA,2024-02-24 06:11:05,150.2,12.2,-6.873475,-34.582458
EDUARDO COSTA,2024-02-24 06:13:40,150.1,12.1,-6.881978,-34.579938
EDUARDO COSTA,2024-02-24 10:29:58,167.8,12.0,-7.754786,-34.614783
EDUARDO COSTA,2024-02-24 10:33:51,168.6,12.0,-7.767831,-34.615331
EDUARDO COSTA,2024-02-24 10:38:18,168.5,12.0,-7.782831,-34.615998
EDUARDO COSTA,2024-02-24 10:39:50,169.1,12.0,-7.788165,-34.616165
EDUARDO COSTA,2024-02-24 11:06:53,168.9,12.3,-7.879785,-34.620303
EDUARDO COSTA,2024-02-24 11:10:07,167.7,12.3,-7.890831,-34.620831
EDUARDO COSTA,2024-02-24 11:13:47,169.1,12.3,-7.903498,-34.621498
EDUARDO COSTA,2024-02-24 11:43:43,169.4,12.5,-8.007331,-34.627165
EDUARDO COSTA,2024-02-24 11:53:47,168.7,12.5,-8.042665,-34.628998
EDUARDO COSTA,2024-02-24 12:01:53,183.7,12.6,-8.070291,-34.635465
EDUARDO COSTA,2024-02-24 12:03:24,184.1,12.5,-8.075306,-34.63706
EDUARDO COSTA,2024-02-24 12:03:58,181.4,12.5,-8.077165,-34.637665
EDUARDO COSTA,2024-02-24 12:46:21,185.0,12.6,-8.219666,-34.681018
EDUARDO COSTA,2024-02-24 12:50:14,182.8,12.6,-8.232768,-34.68501
EDUARDO COSTA,2024-02-24 15:04:37,184.3,12.7,-8.684998,-34.819331
EDUARDO COSTA,2024-02-24 16:14:55,182.6,12.7,-8.925835,-34.89244
EDUARDO COSTA,2024-02-24 16:42:40,195.8,12.5,-9.01998,-34.922131
EDUARDO COSTA,2024-02-24 16:45:14,198.2,12.7,-9.027735,-34.926908
EDUARDO COSTA,2024-02-24 16:49:20,200.0,12.8,-9.039975,-34.934971
EDUARDO COSTA,2024-02-24 16:51:37,199.7,12.8,-9.046831,-34.939498
EDUARDO COSTA,2024-02-24 17:04:23,198.6,12.7,-9.084998,-34.964665
EDUARDO COSTA,2024-02-24 17:47:03,198.2,12.8,-9.214125,-35.045855
EDUARDO COSTA,2024-02-24 17:58:41,199.1,12.8,-9.249331,-35.067831
EDUARDO COSTA,2024-02-24 21:39:40,206.5,5.7,-9.750556,-35.66048
EDUARDO COSTA,2024-02-24 22:31:01,243.7,1.1,-9.761665,-35.672165
EDUARDO COSTA,2024-02-24 22:31:51,244.4,1.2,-9.761775,-35.672485
EDUARDO COSTA,2024-02-24 22:36:08,228.7,1.0,-9.762165,-35.673831
EDUARDO COSTA,2024-02-24 23:25:13,242.2,1.1,-9.766998,-35.689831
EDUARDO COSTA,2024-02-25 00:07:47,236.9,1.2,-9.772331,-35.704331
EDUARDO COSTA,2024-02-25 00:12:34,239.9,1.3,-9.772873,-35.70585
EDUARDO COSTA,2024-02-25 00:14:11,232.2,0.9,-9.773065,-35.706396
EDUARDO COSTA,2024-02-25 00:16:24,235.0,1.0,-9.773331,-35.707098
EDUARDO COSTA,2024-02-25 00:19:59,237.8,1.1,-9.773731,-35.708183
EDUARDO COSTA,2024-02-25 00:42:00,243.1,1.1,-9.776331,-35.715331
EDUARDO COSTA,2024-02-25 00:44:08,241.5,1.4,-9.776498,-35.716165
EDUARDO COSTA,2024-02-25 00:53:02,238.8,1.3,-9.777498,-35.719165
EDUARDO COSTA,2024-02-25 01:21:08,238.4,1.3,-9.781165,-35.728331
EDUARDO COSTA,2024-02-25 02:44:15,139.6,3.0,-9.794331,-35.754498
EDUARDO COSTA,2024-02-25 03:32:19,185.0,1.3,-9.771435,-35.686471
EDUARDO COSTA,2024-02-25 03:34:23,209.3,1.6,-9.77211,-35.68692
EDUARDO COSTA,2024-02-25 03:49:10,237.8,1.3,-9.774331,-35.691551
EDUARDO COSTA,2024-02-25 04:22:50,241.8,1.2,-9.776831,-35.704331
EDUARDO COSTA,2024-02-25 04:25:07,249.3,1.3,-9.77702,-35.705131
EDUARDO COSTA,2024-02-25 04:27:29,251.6,1.5,-9.777165,-35.706165
EDUARDO COSTA,2024-02-25 04:41:00,259.4,1.7,-9.777498,-35.711331
EDUARDO COSTA,2024-02-25 05:13:16,259.1,1.7,-9.778106,-35.72561
EDUARDO COSTA,2024-02-25 05:15:30,251.7,1.3,-9.778165,-35.726498
EDUARDO COSTA,2024-02-25 05:17:52,253.6,1.6,-9.77822,-35.727603
EDUARDO COSTA,2024-02-25 05:18:54,260.6,1.8,-9.778165,-35.728165
EDUARDO COSTA,2024-02-25 05:19:01,257.8,1.7,-9.778223,-35.728131
EDUARDO COSTA,2024-02-25 05:20:44,251.7,1.3,-9.778165,-35.728831
EDUARDO COSTA,2024-02-25 05:21:44,252.4,1.4,-9.778331,-35.729331
EDUARDO COSTA,2024-02-25 05:23:51,252.0,1.4,-9.778323,-35.730191
EDUARDO COSTA,2024-02-25 06:23:20,122.5,7.4,-9.814831,-35.714165
EDUARDO COSTA,2024-02-25 06:27:30,122.2,7.4,-9.820998,-35.707831
EDUARDO COSTA,2024-02-25 06:58:42,44.8,7.1,-9.858398,-35.65786
EDUARDO COSTA,2024-02-25 08:26:45,44.6,3.1,-9.681831,-35.731831
EDUARDO COSTA,2024-02-25 09:33:50,298.9,0.0,-9.679331,-35.725831
EDUARDO COSTA,2024-02-25 09:36:08,28.8,0.1,-9.679325,-35.725885
EDUARDO COSTA,2024-02-25 10:09:29,299.4,0.0,-9.679331,-35.725831
EDUARDO COSTA,2024-02-25 10:49:08,298.6,0.0,-9.679331,-35.725831
EDUARDO COSTA,2024-02-25 10:57:20,298.6,0.0,-9.679311,-35.725888
EDUARDO COSTA,2024-02-25 11:47:18,298.9,0.0,-9.679313,-35.725891
EDUARDO COSTA,2024-02-25 11:50:59,298.7,0.0,-9.679313,-35.725891
EDUARDO COSTA,2024-02-25 11:56:28,299.1,0.0,-9.679321,-35.725893
EDUARDO COSTA,2024-02-25 12:09:49,298.8,0.0,-9.679331,-35.725831
EDUARDO COSTA,2024-02-25 12:14:39,298.7,0.0,-9.679331,-35.725831
EDUARDO COSTA,2024-02-25 12:38:48,298.8,0.0,-9.679331,-35.725831
EDUARDO COSTA,2024-02-25 14:05:20,298.9,0.0,-9.679331,-35.725831
EDUARDO COSTA,2024-02-25 15:49:59,299.0,0.0,-9.679326,-35.725893
EDUARDO COSTA,2024-02-25 17:39:29,298.9,0.0,-9.679331,-35.725998
EDUARDO COSTA,2024-02-25 18:29:47,298.8,0.0,-9.679341,-35.7259
EDUARDO COSTA,2024-02-25 22:28:09,298.6,0.0,-9.679338,-35.725866
EDUARDO COSTA,2024-02-25 23:17:30,298.8,0.0,-9.679331,-35.725831
EDUARDO COSTA,2024-02-25 23:41:18,298.7,0.0,-9.679361,-35.725941
EDUARDO COSTA,2024-02-26 00:07:39,298.4,0.0,-9.679331,-35.725831
EDUARDO COSTA,2024-02-26 00:09:58,298.4,0.0,-9.67928,-35.725856
EDUARDO COSTA,2024-02-26 03:23:28,298.7,0.0,-9.679325,-35.725836
EDUARDO COSTA,2024-02-26 03:26:18,298.5,0.0,-9.679325,-35.725836
EDUARDO COSTA,2024-02-26 04:20:38,298.8,0.0,-9.67934,-35.725866
EDUARDO COSTA,2024-02-26 04:23:28,299.0,0.0,-9.679341,-35.72587
EDUARDO COSTA,2024-02-26 05:11:18,298.7,0.0,-9.679335,-35.725881
EDUARDO COSTA,2024-02-26 05:14:28,298.7,0.0,-9.679335,-35.72588
EDUARDO COSTA,2024-02-26 05:20:00,298.7,0.0,-9.679331,-35.725831
EDUARDO COSTA,2024-02-26 05:28:39,298.7,0.0,-9.679331,-35.725878
EDUARDO COSTA,2024-02-26 05:36:57,298.7,0.0,-9.679331,-35.725831
EDUARDO COSTA,2024-02-26 05:38:08,298.5,0.0,-9.679331,-35.725831
EDUARDO COSTA,2024-02-26 05:39:07,298.7,0.0,-9.679328,-35.725886
EDUARDO COSTA,2024-02-26 06:29:10,299.0,0.0,-9.679331,-35.725831
EDUARDO COSTA,2024-02-26 09:45:18,298.7,0.0,-9.679325,-35.725883
EDUARDO COSTA,2024-02-26 10:24:59,298.7,0.0,-9.679328,-35.72589
EDUARDO COSTA,2024-02-26 10:49:59,298.6,0.0,-9.679321,-35.725886
EDUARDO COSTA,2024-02-26 10:53:49,298.8,0.0,-9.67932,-35.725885
EDUARDO COSTA,2024-02-26 10:54:49,298.8,0.0,-9.679321,-35.725886
EDUARDO COSTA,2024-02-26 11:28:08,298.9,0.0,-9.679321,-35.725888
EDUARDO COSTA,2024-02-26 14:47:39,298.6,0.0,-9.679326,-35.725886
EDUARDO COSTA,2024-02-26 15:24:49,298.9,0.0,-9.679313,-35.72589
EDUARDO COSTA,2024-02-26 15:58:29,298.8,0.0,-9.679301,-35.725886
EDUARDO COSTA,2024-02-26 16:32:59,299.0,0.0,-9.679313,-35.725886
EDUARDO COSTA,2024-02-26 16:45:18,299.0,0.0,-9.679308,-35.72589
EDUARDO COSTA,2024-02-26 17:39:28,299.0,0.0,-9.679295,-35.725895
EDUARDO COSTA,2024-02-26 17:44:19,298.9,0.0,-9.679301,-35.725896
EDUARDO COSTA,2024-02-26 18:20:49,298.6,0.0,-9.679301,-35.725895
EDUARDO COSTA,2024-02-26 21:27:24,298.9,0.0,-9.679331,-35.725831
EDUARDO COSTA,2024-02-26 21:39:54,298.9,0.0,-9.679331,-35.725831
EDUARDO COSTA,2024-02-26 22:13:59,298.9,0.0,-9.679261,-35.72587
EDUARDO COSTA,2024-02-26 22:18:35,210.3,0.2,-9.679331,-35.725898
EDUARDO COSTA,2024-02-26 22:20:37,237.9,0.5,-9.679446,-35.726076
EDUARDO COSTA,2024-02-26 22:20:41,237.4,0.5,-9.679451,-35.726088
EDUARDO COSTA,2024-02-26 23:09:10,98.5,10.5,-9.736331,-35.726498
EDUARDO COSTA,2024-02-26 23:17:03,60.7,11.0,-9.738341,-35.703485
EDUARDO COSTA,2024-02-26 23:20:44,61.7,11.7,-9.734998,-35.692165
EDUARDO COSTA,2024-02-26 23:55:32,46.5,13.1,-9.698446,-35.574508
EDUARDO COSTA,2024-02-26 23:58:46,40.6,13.3,-9.691416,-35.564678
EDUARDO COSTA,2024-02-27 00:01:21,34.7,13.3,-9.685033,-35.557375
EDUARDO COSTA,2024-02-27 00:01:42,34.9,13.2,-9.684196,-35.55645
EDUARDO COSTA,2024-02-27 00:04:21,31.2,13.3,-9.677228,-35.549346
EDUARDO COSTA,2024-02-27 00:14:20,29.7,13.4,-9.649831,-35.523998
EDUARDO COSTA,2024-02-27 02:27:55,30.4,13.7,-9.27106,-35.188326
EDUARDO COSTA,2024-02-27 03:16:32,14.7,13.8,-9.114926,-35.088688
EDUARDO COSTA,2024-02-27 03:20:04,15.4,13.6,-9.102998,-35.082498
EDUARDO COSTA,2024-02-27 03:24:00,15.4,13.7,-9.089498,-35.075498
EDUARDO COSTA,2024-02-27 03:49:00,16.5,13.8,-9.004331,-35.031165
EDUARDO COSTA,2024-02-27 03:54:50,13.2,13.7,-8.984498,-35.020998
EDUARDO COSTA,2024-02-27 03:57:27,15.2,13.6,-8.975665,-35.016498
EDUARDO COSTA,2024-02-27 04:10:02,16.4,13.7,-8.932665,-34.994331
EDUARDO COSTA,2024-02-27 04:13:57,14.9,13.8,-8.919275,-34.987421
EDUARDO COSTA,2024-02-27 04:16:44,14.4,13.7,-8.909831,-34.982498
EDUARDO COSTA,2024-02-27 04:19:07,14.6,13.7,-8.901666,-34.97833
EDUARDO COSTA,2024-02-27 04:21:16,15.1,13.7,-8.894261,-34.974555
EDUARDO COSTA,2024-02-27 04:23:47,14.4,13.7,-8.885755,-34.97008
EDUARDO COSTA,2024-02-27 04:28:23,13.8,13.6,-8.869998,-34.961998
EDUARDO COSTA,2024-02-27 04:30:40,15.1,13.8,-8.862165,-34.957998
EDUARDO COSTA,2024-02-27 04:55:24,14.5,13.7,-8.777498,-34.914831
EDUARDO COSTA,2024-02-27 05:00:33,13.1,13.8,-8.759718,-34.906073
EDUARDO COSTA,2024-02-27 05:03:57,6.7,13.7,-8.747826,-34.90046
EDUARDO COSTA,2024-02-27 05:05:50,358.2,13.8,-8.740831,-34.898998
EDUARDO COSTA,2024-02-27 05:31:23,357.1,13.9,-8.64308,-34.87977
EDUARDO COSTA,2024-02-27 05:35:08,358.3,13.9,-8.628665,-34.876831
EDUARDO COSTA,2024-02-27 05:39:13,358.4,13.9,-8.612998,-34.873665
EDUARDO COSTA,2024-02-27 05:53:26,1.4,13.9,-8.558665,-34.862331
EDUARDO COSTA,2024-02-27 07:37:00,156.4,0.0,-8.405976,-34.882345
EDUARDO COSTA,2024-02-28 09:01:34,309.3,1.6,-8.397831,-34.955331
EDUARDO COSTA,2024-02-28 09:31:18,147.3,8.7,-8.396831,-34.926831
EDUARDO COSTA,2024-02-28 09:33:52,120.2,9.1,-8.401831,-34.923165
EDUARDO COSTA,2024-02-28 10:06:03,131.2,6.2,-8.388871,-34.863481
EDUARDO COSTA,2024-02-28 10:10:13,102.9,1.4,-8.391665,-34.860331
EDUARDO COSTA,2024-02-28 10:38:57,221.8,0.2,-8.391601,-34.860488
EDUARDO COSTA,2024-02-28 11:39:14,145.1,0.0,-8.391831,-34.860831
EDUARDO COSTA,2024-02-28 12:00:50,121.5,0.0,-8.392126,-34.861113
EDUARDO COSTA,2024-02-28 12:01:50,122.4,0.0,-8.392113,-34.861101
EDUARDO COSTA,2024-02-28 12:54:03,142.0,0.0,-8.39169,-34.86082
EDUARDO COSTA,2024-02-28 14:38:43,174.6,0.0,-8.391498,-34.860165
EDUARDO COSTA,2024-02-28 15:39:20,165.7,0.0,-8.391331,-34.860331
EDUARDO COSTA,2024-02-28 15:42:39,160.2,0.0,-8.391446,-34.86033
EDUARDO COSTA,2024-02-28 15:51:33,160.0,0.0,-8.391461,-34.860398
EDUARDO COSTA,2024-02-28 17:30:36,320.8,8.4,-8.383471,-34.857981
EDUARDO COSTA,2024-02-28 17:34:26,301.9,9.6,-8.375496,-34.863766
EDUARDO COSTA,2024-02-28 18:10:00,240.3,3.5,-8.381423,-34.934826
EDUARDO COSTA,2024-02-28 18:13:02,233.5,4.6,-8.382665,-34.938165
EDUARDO COSTA,2024-02-28 20:26:27,338.8,0.0,-8.398831,-34.953998
EDUARDO COSTA,2024-02-28 21:12:57,339.2,0.0,-8.398831,-34.953998
EDUARDO COSTA,2024-02-28 21:17:47,339.3,0.0,-8.398826,-34.953996
EDUARDO COSTA,2024-02-28 22:00:36,339.3,0.0,-8.398778,-34.95396
EDUARDO COSTA,2024-02-28 22:29:27,339.3,0.0,-8.398831,-34.953998
EDUARDO COSTA,2024-02-28 22:58:06,339.2,0.0,-8.398826,-34.953983
EDUARDO COSTA,2024-02-28 23:10:35,339.2,0.0,-8.39881,-34.953986
EDUARDO COSTA,2024-02-29 03:09:16,338.8,0.0,-8.398838,-34.953951
EDUARDO COSTA,2024-02-29 03:35:58,339.1,0.0,-8.398831,-34.953998
EDUARDO COSTA,2024-02-29 04:03:47,339.6,0.0,-8.398855,-34.953961
EDUARDO COSTA,2024-02-29 04:07:27,339.6,0.0,-8.398853,-34.953968
EDUARDO COSTA,2024-02-29 04:43:56,339.2,0.0,-8.398856,-34.953973
EDUARDO COSTA,2024-02-29 04:49:44,339.1,0.0,-8.398856,-34.953971
EDUARDO COSTA,2024-02-29 04:50:05,339.0,0.0,-8.398831,-34.953998
EDUARDO COSTA,2024-02-29 04:50:35,339.1,0.0,-8.398855,-34.95397
EDUARDO COSTA,2024-02-29 04:51:05,339.0,0.0,-8.398831,-34.953998
EDUARDO COSTA,2024-02-29 04:51:07,339.0,0.0,-8.398831,-34.953998
EDUARDO COSTA,2024-02-29 04:51:14,339.0,0.0,-8.398855,-34.95397
EDUARDO COSTA,2024-02-29 04:52:05,339.1,0.0,-8.398831,-34.953998
EDUARDO COSTA,2024-02-29 04:53:05,339.0,0.0,-8.398831,-34.953998
EDUARDO COSTA,2024-02-29 04:53:35,339.2,0.0,-8.398855,-34.95397
EDUARDO COSTA,2024-02-29 04:53:37,339.2,0.0,-8.398855,-34.95397
EDUARDO COSTA,2024-02-29 04:55:47,339.0,0.0,-8.398831,-34.953998
EDUARDO COSTA,2024-02-29 05:17:56,339.0,0.0,-8.398831,-34.953998
EDUARDO COSTA,2024-02-29 08:35:07,339.3,0.0,-8.39885,-34.953968
EDUARDO COSTA,2024-02-29 08:46:16,339.0,0.0,-8.398831,-34.953998
EDUARDO COSTA,2024-02-29 09:09:06,339.3,0.0,-8.398846,-34.953978
EDUARDO COSTA,2024-02-29 09:11:35,339.1,0.0,-8.398831,-34.953998
EDUARDO COSTA,2024-02-29 09:36:07,339.1,0.0,-8.398853,-34.953981
EDUARDO COSTA,2024-02-29 09:41:47,339.3,0.0,-8.398853,-34.953983
EDUARDO COSTA,2024-02-29 11:55:06,339.6,0.0,-8.39884,-34.95398
EDUARDO COSTA,2024-02-29 14:51:46,339.3,0.0,-8.398831,-34.953998
EDUARDO COSTA,2024-02-29 16:37:16,339.6,0.0,-8.398831,-34.953998
EDUARDO COSTA,2024-02-29 21:05:48,220.5,0.1,-8.395165,-34.890665
EDUARDO COSTA,2024-03-02 08:29:48,24.5,0.0,-8.397665,-34.890165
EDUARDO COSTA,2024-03-02 19:10:27,344.2,7.0,-8.39144,-34.894671
EDUARDO COSTA,2024-03-02 19:13:27,347.6,6.7,-8.385393,-34.894876
EDUARDO COSTA,2024-03-02 20:04:43,230.6,6.4,-8.378165,-34.935831
EDUARDO COSTA,2024-03-02 20:50:35,204.8,0.0,-8.396041,-34.950221
EDUARDO COSTA,2024-03-02 20:57:06,204.9,0.0,-8.395998,-34.950165
EDUARDO COSTA,2024-03-02 22:39:26,204.8,0.0,-8.396036,-34.950228
EDUARDO COSTA,2024-03-03 00:26:36,204.6,0.0,-8.396016,-34.95021
EDUARDO COSTA,2024-03-03 01:51:36,204.4,0.0,-8.396066,-34.950205
EDUARDO COSTA,2024-03-03 01:54:24,204.4,0.0,-8.395998,-34.950165
EDUARDO COSTA,2024-03-03 01:56:45,204.4,0.0,-8.395998,-34.950165
EDUARDO COSTA,2024-03-03 02:26:57,205.5,0.0,-8.396055,-34.95019
EDUARDO COSTA,2024-03-03 02:42:25,205.1,0.0,-8.395998,-34.950165
EDUARDO COSTA,2024-03-03 02:53:46,204.4,0.0,-8.396036,-34.950176
EDUARDO COSTA,2024-03-03 02:55:47,204.3,0.0,-8.396035,-34.950176
EDUARDO COSTA,2024-03-03 03:08:26,204.1,0.0,-8.395998,-34.950165
EDUARDO COSTA,2024-03-03 03:33:57,205.1,0.0,-8.395998,-34.950165
EDUARDO COSTA,2024-03-03 03:38:07,205.2,0.0,-8.39604,-34.950203
EDUARDO COSTA,2024-03-03 03:38:57,205.3,0.0,-8.396041,-34.950203
EDUARDO COSTA,2024-03-03 05:36:57,204.6,0.0,-8.395998,-34.950165
EDUARDO COSTA,2024-03-03 05:39:44,204.5,0.0,-8.396033,-34.950218
EDUARDO COSTA,2024-03-03 05:41:14,204.7,0.0,-8.396035,-34.950218
EDUARDO COSTA,2024-03-03 05:41:33,204.7,0.0,-8.395998,-34.950165
EDUARDO COSTA,2024-03-03 07:22:36,204.8,0.0,-8.396031,-34.950208
EDUARDO COSTA,2024-03-03 07:25:46,204.7,0.0,-8.396033,-34.950206
EDUARDO COSTA,2024-03-03 07:52:24,204.0,0.0,-8.395998,-34.950165
EDUARDO COSTA,2024-03-03 07:54:36,204.0,0.0,-8.395998,-34.950165
EDUARDO COSTA,2024-03-03 08:00:16,204.1,0.0,-8.396033,-34.950205
EDUARDO COSTA,2024-03-03 08:26:26,205.0,0.0,-8.396035,-34.950211
EDUARDO COSTA,2024-03-03 08:30:45,205.0,0.0,-8.396036,-34.950213
EDUARDO COSTA,2024-03-03 09:16:16,204.8,0.0,-8.395998,-34.950165
EDUARDO COSTA,2024-03-03 09:26:25,204.7,0.0,-8.395998,-34.950165
EDUARDO COSTA,2024-03-03 12:26:15,205.1,0.0,-8.39604,-34.950221
EDUARDO COSTA,2024-03-03 13:01:49,205.2,0.0,-8.396041,-34.950221
EDUARDO COSTA,2024-03-03 13:04:47,205.1,0.0,-8.396041,-34.950221
EDUARDO COSTA,2024-03-03 13:39:36,204.9,0.0,-8.395998,-34.950165
EDUARDO COSTA,2024-03-03 14:08:57,204.7,0.0,-8.396048,-34.950225
EDUARDO COSTA,2024-03-03 14:45:14,204.8,0.0,-8.39603,-34.950215
EDUARDO COSTA,2024-03-03 15:10:46,204.9,0.0,-8.396036,-34.950216
EDUARDO COSTA,2024-03-03 16:03:44,205.2,0.0,-8.39604,-34.95023
EDUARDO COSTA,2024-03-03 16:09:36,205.1,0.0,-8.396041,-34.95023
EDUARDO COSTA,2024-03-03 16:10:44,205.1,0.0,-8.396043,-34.95023
EDUARDO COSTA,2024-03-03 17:42:33,204.6,0.0,-8.395998,-34.950165
EDUARDO COSTA,2024-03-03 17:42:52,204.7,0.0,-8.395998,-34.950165
EDUARDO COSTA,2024-03-03 17:44:33,204.7,0.0,-8.395998,-34.950165
EDUARDO COSTA,2024-03-03 19:53:36,205.0,0.0,-8.395998,-34.950165
EDUARDO COSTA,2024-03-03 19:56:17,204.9,0.0,-8.396036,-34.950216
EDUARDO COSTA,2024-03-03 20:01:17,204.9,0.0,-8.396036,-34.950216
EDUARDO COSTA,2024-03-03 20:56:36,205.0,0.0,-8.396035,-34.950255
EDUARDO COSTA,2024-03-03 21:40:46,204.8,0.0,-8.395998,-34.950165
EDUARDO COSTA,2024-03-04 00:58:24,79.3,3.2,-8.387498,-34.941165
EDUARDO COSTA,2024-03-04 01:47:23,66.4,11.3,-8.368403,-34.876488
EDUARDO COSTA,2024-03-04 01:50:27,51.9,11.2,-8.365716,-34.86719
EDUARDO COSTA,2024-03-04 02:07:40,40.3,11.5,-8.333171,-34.821118
EDUARDO COSTA,2024-03-04 02:32:53,41.2,12.0,-8.298746,-34.747663
EDUARDO COSTA,2024-03-04 02:38:34,41.1,12.0,-8.286498,-34.732831
EDUARDO COSTA,2024-03-04 02:39:27,40.9,11.9,-8.284658,-34.730501
EDUARDO COSTA,2024-03-04 02:42:57,41.5,11.8,-8.277748,-34.721286
EDUARDO COSTA,2024-03-04 03:14:34,40.5,13.0,-8.213258,-34.63428
EDUARDO COSTA,2024-03-04 03:17:57,40.8,13.0,-8.205831,-34.624498
EDUARDO COSTA,2024-03-04 03:46:34,349.4,12.6,-8.111665,-34.591331
EDUARDO COSTA,2024-03-04 06:57:10,348.0,12.4,-7.447193,-34.595575
EDUARDO COSTA,2024-03-04 07:00:45,351.9,12.5,-7.434816,-34.594666
EDUARDO COSTA,2024-03-04 07:30:52,348.9,12.6,-7.328831,-34.588498
EDUARDO COSTA,2024-03-04 07:32:33,349.4,12.7,-7.322831,-34.588331
EDUARDO COSTA,2024-03-04 07:34:53,349.2,12.6,-7.314641,-34.588235
EDUARDO COSTA,2024-03-04 08:06:34,347.6,12.6,-7.202898,-34.588555
EDUARDO COSTA,2024-03-04 08:24:17,334.8,12.6,-7.140831,-34.591998
EDUARDO COSTA,2024-03-04 08:46:23,337.8,12.6,-7.064665,-34.608665
EDUARDO COSTA,2024-03-04 09:07:12,335.9,12.6,-6.992708,-34.623038
EDUARDO COSTA,2024-03-04 09:09:44,336.7,12.6,-6.983948,-34.62481
EDUARDO COSTA,2024-03-04 09:13:36,335.8,12.4,-6.970665,-34.627461
EDUARDO COSTA,2024-03-04 09:16:10,338.5,12.4,-6.96185,-34.629073
EDUARDO COSTA,2024-03-04 13:11:53,335.0,13.0,-6.137668,-34.79979
EDUARDO COSTA,2024-03-04 13:14:53,336.0,13.1,-6.126955,-34.802096
EDUARDO COSTA,2024-03-04 13:20:15,335.1,13.0,-6.107908,-34.806301
EDUARDO COSTA,2024-03-04 13:20:22,336.1,13.0,-6.107375,-34.806416
EDUARDO COSTA,2024-03-04 13:20:23,336.1,13.0,-6.107375,-34.806416
EDUARDO COSTA,2024-03-04 13:49:11,339.7,13.1,-6.003986,-34.823543
EDUARDO COSTA,2024-03-04 14:21:34,333.3,13.3,-5.886945,-34.851995
EDUARDO COSTA,2024-03-04 15:00:33,334.0,13.3,-5.745941,-34.886283
EDUARDO COSTA,2024-03-04 15:02:03,334.8,13.1,-5.740665,-34.887498
EDUARDO COSTA,2024-03-04 15:02:43,335.1,13.1,-5.738165,-34.887998
EDUARDO COSTA,2024-03-04 15:11:45,335.2,13.3,-5.705636,-34.89568
EDUARDO COSTA,2024-03-04 15:32:34,340.1,13.1,-5.629665,-34.909165
EDUARDO COSTA,2024-03-04 16:24:11,334.4,13.1,-5.443165,-34.945831
EDUARDO COSTA,2024-03-04 16:25:58,334.4,13.1,-5.436798,-34.947243
EDUARDO COSTA,2024-03-04 16:26:20,335.1,13.2,-5.435476,-34.947521
EDUARDO COSTA,2024-03-04 18:06:31,330.8,13.5,-5.065416,-35.022513
EDUARDO COSTA,2024-03-04 18:56:43,278.0,12.2,-4.951165,-35.153331
EDUARDO COSTA,2024-03-04 19:51:07,278.9,12.2,-4.883778,-35.326891
EDUARDO COSTA,2024-03-04 19:53:40,277.9,12.1,-4.880611,-35.33504
EDUARDO COSTA,2024-03-04 19:59:14,276.2,12.3,-4.873998,-35.352831
EDUARDO COSTA,2024-03-04 20:01:51,277.9,12.2,-4.870831,-35.361331
EDUARDO COSTA,2024-03-04 20:30:30,281.2,12.2,-4.833665,-35.451998
EDUARDO COSTA,2024-03-04 20:34:50,281.5,12.1,-4.82808,-35.465498
EDUARDO COSTA,2024-03-04 20:37:00,280.4,12.1,-4.825165,-35.472331
EDUARDO COSTA,2024-03-04 20:38:31,280.2,12.2,-4.823255,-35.476965
EDUARDO COSTA,2024-03-04 21:32:37,278.9,11.8,-4.751498,-35.642165
EDUARDO COSTA,2024-03-04 21:35:08,279.1,11.8,-4.748273,-35.649796
EDUARDO COSTA,2024-03-04 23:29:34,279.5,12.7,-4.595725,-36.012941
EDUARDO COSTA,2024-03-05 00:10:20,281.5,12.6,-4.542971,-36.147576
EDUARDO COSTA,2024-03-05 00:11:07,278.6,12.6,-4.541998,-36.150165
EDUARDO COSTA,2024-03-05 00:11:30,278.4,12.5,-4.541461,-36.151393
EDUARDO COSTA,2024-03-05 00:12:10,278.2,12.5,-4.540606,-36.15358
EDUARDO COSTA,2024-03-05 00:13:07,277.8,12.6,-4.539498,-36.156665
EDUARDO COSTA,2024-03-05 00:49:58,279.6,12.5,-4.491165,-36.277331
EDUARDO COSTA,2024-03-05 01:37:29,281.8,12.6,-4.425135,-36.43025
EDUARDO COSTA,2024-03-05 01:40:17,280.5,12.7,-4.420955,-36.439398
EDUARDO COSTA,2024-03-05 01:41:31,281.2,12.6,-4.419205,-36.443325
EDUARDO COSTA,2024-03-05 01:43:39,279.5,12.5,-4.416176,-36.450148
EDUARDO COSTA,2024-03-05 02:07:20,280.1,12.5,-4.387466,-36.528516
EDUARDO COSTA,2024-03-05 02:10:29,279.2,12.4,-4.38356,-36.538896
EDUARDO COSTA,2024-03-05 02:18:50,281.3,12.6,-4.373088,-36.566101
EDUARDO COSTA,2024-03-05 02:29:14,281.2,12.6,-4.358771,-36.599776
EDUARDO COSTA,2024-03-05 02:35:17,280.2,12.5,-4.350275,-36.619258
EDUARDO COSTA,2024-03-05 02:38:31,280.3,12.5,-4.345831,-36.629665
EDUARDO COSTA,2024-03-05 02:41:01,280.3,12.5,-4.342293,-36.637721
EDUARDO COSTA,2024-03-05 02:44:41,280.8,12.6,-4.33732,-36.649575
EDUARDO COSTA,2024-03-05 02:47:17,279.4,12.6,-4.333848,-36.658036
EDUARDO COSTA,2024-03-05 02:50:55,279.2,12.6,-4.328908,-36.669793
EDUARDO COSTA,2024-03-05 03:19:04,276.6,12.7,-4.29254,-36.762396
EDUARDO COSTA,2024-03-05 04:34:08,279.9,12.5,-4.185535,-37.001493
EDUARDO COSTA,2024-03-05 04:35:14,284.1,12.4,-4.183993,-37.005063
EDUARDO COSTA,2024-03-05 04:35:48,284.6,12.5,-4.18315,-37.006781
EDUARDO COSTA,2024-03-05 04:37:28,289.1,12.3,-4.180165,-37.011831
EDUARDO COSTA,2024-03-05 04:37:35,289.0,12.4,-4.180023,-37.012201
EDUARDO COSTA,2024-03-05 04:37:54,288.8,12.4,-4.179493,-37.0131
EDUARDO COSTA,2024-03-05 04:37:58,288.5,12.4,-4.179331,-37.013331
EDUARDO COSTA,2024-03-05 04:38:08,288.1,12.5,-4.178998,-37.013831
EDUARDO COSTA,2024-03-05 04:38:21,288.9,12.5,-4.178675,-37.014503
EDUARDO COSTA,2024-03-05 04:39:15,290.7,12.4,-4.176998,-37.017165
EDUARDO COSTA,2024-03-05 04:40:15,292.7,12.5,-4.175165,-37.019998
EDUARDO COSTA,2024-03-05 06:31:37,294.3,12.5,-4.025165,-37.375665
EDUARDO COSTA,2024-03-05 07:06:45,271.2,12.4,-3.953858,-37.474335
EDUARDO COSTA,2024-03-05 07:08:58,268.0,12.5,-3.952321,-37.481965
EDUARDO COSTA,2024-03-05 07:12:47,264.2,12.6,-3.950165,-37.495165
EDUARDO COSTA,2024-03-05 07:17:27,266.0,12.6,-3.948165,-37.511331
EDUARDO COSTA,2024-03-05 07:20:39,263.9,12.5,-3.946776,-37.522428
EDUARDO COSTA,2024-03-05 07:23:08,264.2,12.6,-3.945831,-37.530998
EDUARDO COSTA,2024-03-05 07:42:37,270.2,12.3,-3.934108,-37.59768
EDUARDO COSTA,2024-03-05 07:47:11,277.1,12.3,-3.929998,-37.612831
EDUARDO COSTA,2024-03-05 08:07:51,276.2,12.5,-3.905548,-37.680148
EDUARDO COSTA,2024-03-05 08:10:04,276.1,12.4,-3.902908,-37.687425
EDUARDO COSTA,2024-03-05 08:58:57,281.1,12.5,-3.836998,-37.843611
EDUARDO COSTA,2024-03-05 08:59:05,281.6,12.4,-3.836803,-37.844033
EDUARDO COSTA,2024-03-05 09:01:11,282.1,12.5,-3.833831,-37.850831
EDUARDO COSTA,2024-03-05 09:04:31,280.4,12.5,-3.829096,-37.861391
EDUARDO COSTA,2024-03-05 09:09:24,280.9,12.5,-3.822078,-37.876966
EDUARDO COSTA,2024-03-05 09:29:21,281.0,12.4,-3.79413,-37.940311
EDUARDO COSTA,2024-03-05 10:02:00,281.1,12.4,-3.748646,-38.044878
EDUARDO COSTA,2024-03-05 12:07:43,230.6,0.2,-3.660433,-38.409606
EDUARDO COSTA,2024-03-05 13:55:56,13.6,0.0,-3.661218,-38.4089
EDUARDO COSTA,2024-03-05 13:58:18,14.2,0.0,-3.661165,-38.408831
EDUARDO COSTA,2024-03-05 14:01:18,14.4,0.0,-3.661165,-38.408998
EDUARDO COSTA,2024-03-05 14:08:45,12.4,0.0,-3.661216,-38.408943
EDUARDO COSTA,2024-03-06 02:28:08,95.2,0.0,-3.659331,-38.410331
EDUARDO COSTA,2024-03-06 04:52:07,150.7,0.0,-3.658165,-38.409331
EDUARDO COSTA,2024-03-06 13:54:48,180.1,0.2,-3.659161,-38.410803
EDUARDO COSTA,2024-03-06 19:17:10,106.7,0.0,-3.658488,-38.410645
EDUARDO COSTA,2024-03-07 01:56:09,359.2,0.2,-3.659331,-38.410831
EDUARDO COSTA,2024-03-07 18:44:10,4.4,0.1,-3.658998,-38.410831
EDUARDO COSTA,2024-03-08 13:46:23,15.5,0.1,-3.658665,-38.410665
EDUARDO COSTA,2024-03-08 15:55:22,6.8,0.4,-3.658981,-38.410866
EDUARDO COSTA,2024-03-08 19:04:24,102.8,0.0,-3.658665,-38.410831
EDUARDO COSTA,2024-03-09 01:12:58,173.8,0.1,-3.659498,-38.410831
EDUARDO COSTA,2024-03-09 05:33:57,46.7,0.0,-3.660656,-38.410308
EDUARDO COSTA,2024-03-09 17:25:28,157.7,0.1,-3.660498,-38.410498
EDUARDO COSTA,2024-03-09 17:31:28,48.2,0.0,-3.660665,-38.410331
EDUARDO COSTA,2024-03-10 00:16:28,61.5,0.0,-3.660498,-38.410498
EDUARDO COSTA,2024-03-10 00:58:27,49.7,0.0,-3.660831,-38.410331
EDUARDO COSTA,2024-03-10 06:46:28,58.5,0.0,-3.660665,-38.410498
EDUARDO COSTA,2024-03-10 12:01:28,82.3,0.0,-3.659998,-38.410665
EDUARDO COSTA,2024-03-10 12:37:29,74.7,0.0,-3.660233,-38.410671
EDUARDO COSTA,2024-03-10 18:41:02,331.6,0.1,-3.660331,-38.410665
EDUARDO COSTA,2024-03-11 00:41:00,76.0,0.0,-3.660148,-38.410753
EDUARDO COSTA,2024-03-11 04:39:26,218.4,3.7,-3.656831,-38.410831
EDUARDO COSTA,2024-03-11 04:39:58,209.5,3.8,-3.657331,-38.411165
EDUARDO COSTA,2024-03-11 04:40:47,206.7,4.0,-3.657981,-38.411771
EDUARDO COSTA,2024-03-11 04:40:58,207.4,4.1,-3.658165,-38.411831
EDUARDO COSTA,2024-03-11 04:42:37,231.7,4.3,-3.65926,-38.413486
EDUARDO COSTA,2024-03-11 04:51:59,266.1,5.8,-3.659665,-38.426998
EDUARDO COSTA,2024-03-11 04:56:37,266.1,6.3,-3.658665,-38.434998
EDUARDO COSTA,2024-03-11 05:17:43,299.5,2.4,-3.653636,-38.464873
EDUARDO COSTA,2024-03-11 05:22:45,244.7,3.8,-3.651998,-38.469165
EDUARDO COSTA,2024-03-11 05:25:03,217.5,4.4,-3.653043,-38.471658
EDUARDO COSTA,2024-03-11 05:47:59,165.0,6.9,-3.687665,-38.487665
EDUARDO COSTA,2024-03-11 05:51:17,168.9,6.1,-3.693566,-38.487286
EDUARDO COSTA,2024-03-11 05:52:29,169.9,5.9,-3.695515,-38.487388
EDUARDO COSTA,2024-03-11 05:53:21,166.3,5.5,-3.696948,-38.487448
EDUARDO COSTA,2024-03-11 06:28:29,165.7,0.0,-3.709665,-38.483498
EDUARDO COSTA,2024-03-11 06:31:48,165.8,0.0,-3.709625,-38.483575
EDUARDO COSTA,2024-03-11 06:37:28,165.9,0.0,-3.709665,-38.483498
EDUARDO COSTA,2024-03-13 10:37:11,81.8,12.1,-3.651916,-38.278595
EDUARDO COSTA,2024-03-13 10:41:11,92.5,11.9,-3.655178,-38.265755
EDUARDO COSTA,2024-03-13 11:17:50,97.4,11.8,-3.695498,-38.150165
EDUARDO COSTA,2024-03-13 11:20:31,97.5,11.8,-3.698651,-38.14189
EDUARDO COSTA,2024-03-13 11:22:51,98.6,11.7,-3.701373,-38.134738
EDUARDO COSTA,2024-03-13 11:23:11,97.9,11.8,-3.701773,-38.133716
EDUARDO COSTA,2024-03-13 11:34:11,96.2,11.7,-3.714775,-38.100028
EDUARDO COSTA,2024-03-13 11:59:42,100.3,11.7,-3.747165,-38.023165
EDUARDO COSTA,2024-03-13 16:55:40,97.6,11.2,-4.08411,-37.14634
EDUARDO COSTA,2024-03-13 17:17:31,100.5,11.1,-4.108498,-37.082498
EDUARDO COSTA,2024-03-13 17:18:31,98.0,11.1,-4.109665,-37.079498
EDUARDO COSTA,2024-03-13 18:06:32,92.9,11.2,-4.158998,-36.938498
EDUARDO COSTA,2024-03-13 20:20:20,97.5,11.6,-4.316771,-36.54531
EDUARDO COSTA,2024-03-13 20:24:20,98.2,11.9,-4.321365,-36.53286
EDUARDO COSTA,2024-03-13 21:10:11,97.0,11.6,-4.371621,-36.388773
EDUARDO COSTA,2024-03-13 22:03:51,96.9,11.7,-4.43181,-36.225615
EDUARDO COSTA,2024-03-13 22:38:51,98.3,11.6,-4.473498,-36.119665
EDUARDO COSTA,2024-03-13 23:07:00,98.6,11.7,-4.507548,-36.034305
EDUARDO COSTA,2024-03-13 23:43:19,99.0,11.7,-4.550165,-35.923831
EDUARDO COSTA,2024-03-14 00:17:29,98.6,11.7,-4.589665,-35.819498
EDUARDO COSTA,2024-03-14 00:26:11,97.3,11.7,-4.599998,-35.792998
EDUARDO COSTA,2024-03-14 00:26:40,96.1,11.8,-4.600581,-35.791455
EDUARDO COSTA,2024-03-14 00:26:49,97.8,11.7,-4.600831,-35.790998
EDUARDO COSTA,2024-03-14 00:27:49,96.8,11.7,-4.601998,-35.787998
EDUARDO COSTA,2024-03-14 00:30:30,97.1,11.5,-4.605165,-35.779831
EDUARDO COSTA,2024-03-14 02:58:59,94.3,11.6,-4.768505,-35.335816
EDUARDO COSTA,2024-03-14 03:43:40,121.2,11.6,-4.845428,-35.21556
EDUARDO COSTA,2024-03-14 04:09:30,115.6,11.4,-4.899165,-35.151831
EDUARDO COSTA,2024-03-14 04:33:02,117.3,11.2,-4.947498,-35.094331
EDUARDO COSTA,2024-03-14 04:36:31,119.2,11.0,-4.954665,-35.086165
EDUARDO COSTA,2024-03-14 04:41:19,119.5,11.1,-4.964758,-35.075135
EDUARDO COSTA,2024-03-14 04:45:29,118.1,11.1,-4.973331,-35.065498
EDUARDO COSTA,2024-03-14 05:26:59,154.8,10.9,-5.089145,-35.020996
EDUARDO COSTA,2024-03-14 05:28:19,156.0,11.1,-5.093181,-35.020266
EDUARDO COSTA,2024-03-14 05:30:00,155.7,10.9,-5.098331,-35.019331
EDUARDO COSTA,2024-03-14 05:30:49,156.0,10.8,-5.100701,-35.018941
EDUARDO COSTA,2024-03-14 05:31:00,155.8,10.9,-5.101331,-35.018831
EDUARDO COSTA,2024-03-14 05:31:18,156.2,10.8,-5.102165,-35.018665
EDUARDO COSTA,2024-03-14 05:31:40,155.8,10.7,-5.103165,-35.018498
EDUARDO COSTA,2024-03-14 05:34:40,157.1,10.7,-5.112165,-35.016831
EDUARDO COSTA,2024-03-14 09:45:12,155.4,10.9,-5.859331,-34.855665
EDUARDO COSTA,2024-03-14 09:49:58,154.6,11.0,-5.873665,-34.852665
EDUARDO COSTA,2024-03-14 10:21:17,156.0,10.8,-5.968498,-34.834665
EDUARDO COSTA,2024-03-14 10:24:10,157.0,11.0,-5.977165,-34.833165
EDUARDO COSTA,2024-03-14 10:54:37,154.8,11.3,-6.070331,-34.813998
EDUARDO COSTA,2024-03-14 11:19:58,155.9,11.6,-6.149998,-34.798998
EDUARDO COSTA,2024-03-14 11:23:34,156.4,11.5,-6.161336,-34.796826
EDUARDO COSTA,2024-03-14 11:25:58,156.0,11.4,-6.168831,-34.795498
EDUARDO COSTA,2024-03-14 12:32:01,154.3,11.1,-6.369331,-34.749998
EDUARDO COSTA,2024-03-14 14:18:17,150.1,11.6,-6.701986,-34.682413
EDUARDO COSTA,2024-03-14 15:09:03,154.3,11.6,-6.864845,-34.645033
EDUARDO COSTA,2024-03-14 15:11:16,156.4,11.8,-6.872011,-34.643578
EDUARDO COSTA,2024-03-14 15:14:23,155.4,11.8,-6.8821,-34.64157
EDUARDO COSTA,2024-03-14 15:26:08,153.8,11.5,-6.919665,-34.633498
EDUARDO COSTA,2024-03-14 15:55:52,154.6,11.5,-7.015331,-34.613165
EDUARDO COSTA,2024-03-14 15:56:00,154.7,11.5,-7.015831,-34.613165
EDUARDO COSTA,2024-03-14 16:01:26,157.1,11.5,-7.032998,-34.609831
EDUARDO COSTA,2024-03-14 16:05:24,156.5,11.4,-7.045331,-34.607498
EDUARDO COSTA,2024-03-14 16:06:50,155.7,11.5,-7.049918,-34.606673
EDUARDO COSTA,2024-03-14 16:36:21,160.4,11.3,-7.142875,-34.589171
EDUARDO COSTA,2024-03-14 16:38:24,166.7,11.4,-7.149331,-34.589165
EDUARDO COSTA,2024-03-14 16:41:01,168.5,11.4,-7.15774,-34.589305
EDUARDO COSTA,2024-03-14 16:53:37,167.1,11.5,-7.198331,-34.590331
EDUARDO COSTA,2024-03-14 16:57:43,167.1,11.6,-7.211665,-34.590498
EDUARDO COSTA,2024-03-14 17:06:23,168.2,11.6,-7.239831,-34.590998
EDUARDO COSTA,2024-03-14 17:11:53,168.1,11.7,-7.257858,-34.591376
EDUARDO COSTA,2024-03-14 17:34:36,163.3,11.5,-7.331831,-34.590498
EDUARDO COSTA,2024-03-14 17:34:43,163.6,11.4,-7.33212,-34.590498
EDUARDO COSTA,2024-03-14 17:35:02,164.2,11.6,-7.333165,-34.590498
EDUARDO COSTA,2024-03-14 17:35:36,163.8,11.5,-7.334998,-34.590498
EDUARDO COSTA,2024-03-14 17:36:12,164.7,11.5,-7.336998,-34.590331
EDUARDO COSTA,2024-03-14 17:37:02,165.6,11.6,-7.339665,-34.590331
EDUARDO COSTA,2024-03-14 17:37:22,166.0,11.6,-7.340665,-34.590331
EDUARDO COSTA,2024-03-14 17:39:23,164.6,11.7,-7.347165,-34.590331
EDUARDO COSTA,2024-03-14 18:23:04,166.7,11.4,-7.48767,-34.589051
EDUARDO COSTA,2024-03-14 19:23:33,166.4,11.3,-7.680718,-34.591785
EDUARDO COSTA,2024-03-14 20:11:24,167.0,11.5,-7.834713,-34.593453
EDUARDO COSTA,2024-03-14 20:15:44,166.0,11.4,-7.848633,-34.593671
EDUARDO COSTA,2024-03-14 21:02:27,164.0,11.8,-8.000831,-34.594165
EDUARDO COSTA,2024-03-14 21:05:51,163.0,11.7,-8.012165,-34.593665
EDUARDO COSTA,2024-03-14 21:08:53,162.5,11.7,-8.021998,-34.593165
EDUARDO COSTA,2024-03-14 21:55:44,193.4,12.0,-8.175831,-34.592665
EDUARDO COSTA,2024-03-14 21:58:20,212.4,12.0,-8.183091,-34.597548
EDUARDO COSTA,2024-03-14 22:15:00,219.1,12.4,-8.217935,-34.643488
EDUARDO COSTA,2024-03-14 22:19:41,221.6,12.3,-8.227165,-34.656831
EDUARDO COSTA,2024-03-14 22:46:02,220.9,12.4,-8.279498,-34.731331
EDUARDO COSTA,2024-03-14 22:47:47,221.1,12.3,-8.282998,-34.736331
EDUARDO COSTA,2024-03-14 22:50:27,221.1,12.0,-8.288331,-34.743831
EDUARDO COSTA,2024-03-14 23:16:50,222.8,10.2,-8.337681,-34.813205
EDUARDO COSTA,2024-03-14 23:58:24,65.9,0.2,-8.389296,-34.88823
EDUARDO COSTA,2024-03-15 00:03:23,203.5,0.1,-8.38925,-34.888278
EDUARDO COSTA,2024-03-15 00:09:23,283.2,0.4,-8.388665,-34.888665
EDUARDO COSTA,2024-03-15 00:19:00,235.0,0.5,-8.389053,-34.890236
EDUARDO COSTA,2024-03-15 00:20:10,224.5,0.4,-8.389138,-34.890391
EDUARDO COSTA,2024-03-15 00:20:17,226.5,0.5,-8.389165,-34.890331
EDUARDO COSTA,2024-03-15 00:20:44,234.9,0.6,-8.389185,-34.890463
EDUARDO COSTA,2024-03-15 00:22:17,225.7,0.5,-8.389331,-34.890665
EDUARDO COSTA,2024-03-15 00:22:40,222.7,0.5,-8.389383,-34.890723
EDUARDO COSTA,2024-03-15 00:23:07,219.6,0.5,-8.389498,-34.890831
EDUARDO COSTA,2024-03-15 00:23:10,219.3,0.5,-8.389431,-34.890773
EDUARDO COSTA,2024-03-15 00:24:47,207.6,0.3,-8.389665,-34.890998
EDUARDO COSTA,2024-03-15 00:25:00,206.1,0.3,-8.389613,-34.890933
EDUARDO COSTA,2024-03-15 00:26:13,199.1,0.3,-8.389665,-34.890998
EDUARDO COSTA,2024-03-15 01:59:57,16.9,0.1,-8.389665,-34.890831
EDUARDO COSTA,2024-03-15 02:49:24,104.8,0.0,-8.389701,-34.890913
EDUARDO COSTA,2024-03-15 03:07:23,102.0,0.0,-8.389831,-34.890831
EDUARDO COSTA,2024-03-15 03:09:28,15.3,0.1,-8.389665,-34.890831
EDUARDO COSTA,2024-03-15 03:11:51,110.8,0.0,-8.389583,-34.890836
EDUARDO COSTA,2024-03-15 03:36:11,114.3,0.0,-8.389455,-34.89085
EDUARDO COSTA,2024-03-15 03:42:22,116.7,0.0,-8.389498,-34.890831
EDUARDO COSTA,2024-03-15 04:19:20,107.4,0.0,-8.389626,-34.890855
EDUARDO COSTA,2024-03-15 09:59:47,278.5,4.1,-8.364665,-34.896498
EDUARDO COSTA,2024-03-15 10:19:07,231.3,4.3,-8.373831,-34.919498
EDUARDO COSTA,2024-03-15 10:30:47,230.9,5.5,-8.380165,-34.933165
EDUARDO COSTA,2024-03-15 10:31:06,231.0,5.5,-8.380331,-34.933665
EDUARDO COSTA,2024-03-15 10:49:27,193.0,2.1,-8.390751,-34.952153
EDUARDO COSTA,2024-03-15 11:21:40,74.9,0.2,-8.39727,-34.953416
EDUARDO COSTA,2024-03-15 15:09:20,159.6,0.0,-8.397165,-34.953665
EDUARDO COSTA,2024-03-16 01:35:48,159.8,0.0,-8.397213,-34.95353
EDUARDO COSTA,2024-03-16 01:39:17,159.6,0.0,-8.397198,-34.953506
EDUARDO COSTA,2024-03-16 02:40:54,48.3,8.9,-8.352128,-34.90645
EDUARDO COSTA,2024-03-16 02:44:16,50.6,9.1,-8.348375,-34.898726
EDUARDO COSTA,2024-03-16 02:48:18,50.6,9.3,-8.343665,-34.889331
EDUARDO COSTA,2024-03-16 03:17:58,49.6,11.9,-8.306331,-34.816998
EDUARDO COSTA,2024-03-16 03:24:18,49.2,12.1,-8.296498,-34.797831
EDUARDO COSTA,2024-03-16 03:31:37,49.9,12.2,-8.285165,-34.775498
EDUARDO COSTA,2024-03-16 03:32:07,51.5,12.2,-8.284335,-34.773973
EDUARDO COSTA,2024-03-16 03:49:27,48.7,12.1,-8.253851,-34.723391
EDUARDO COSTA,2024-03-16 03:53:38,47.7,12.1,-8.246998,-34.710998
EDUARDO COSTA,2024-03-16 03:55:57,47.8,12.2,-8.24307,-34.704033
EDUARDO COSTA,2024-03-16 03:58:28,47.6,12.1,-8.238831,-34.696498
EDUARDO COSTA,2024-03-16 04:18:44,48.2,12.1,-8.205498,-34.635998
EDUARDO COSTA,2024-03-16 04:21:28,48.7,12.1,-8.200998,-34.627831
EDUARDO COSTA,2024-03-16 04:23:58,45.3,12.0,-8.196831,-34.620498
EDUARDO COSTA,2024-03-16 04:26:51,44.7,12.2,-8.191466,-34.612296
EDUARDO COSTA,2024-03-16 04:29:17,44.6,12.1,-8.186998,-34.605331
EDUARDO COSTA,2024-03-16 04:30:40,44.0,11.9,-8.18449,-34.601355
EDUARDO COSTA,2024-03-16 04:31:17,40.7,11.9,-8.183331,-34.599665
EDUARDO COSTA,2024-03-16 04:32:44,28.8,11.8,-8.179998,-34.596165
EDUARDO COSTA,2024-03-16 08:24:02,346.0,12.2,-7.393165,-34.590165
EDUARDO COSTA,2024-03-16 08:26:16,341.7,12.3,-7.38505,-34.59075
EDUARDO COSTA,2024-03-16 08:28:24,342.9,12.3,-7.377723,-34.591396
EDUARDO COSTA,2024-03-16 09:01:21,348.7,12.1,-7.265151,-34.592408
EDUARDO COSTA,2024-03-16 09:25:18,346.1,12.2,-7.183831,-34.592998
EDUARDO COSTA,2024-03-16 09:26:57,346.3,12.2,-7.178165,-34.593165
EDUARDO COSTA,2024-03-16 09:29:14,347.5,12.1,-7.170331,-34.593165
EDUARDO COSTA,2024-03-16 09:31:21,345.6,12.2,-7.1632,-34.593325
EDUARDO COSTA,2024-03-16 09:37:41,336.0,12.3,-7.14172,-34.595231
EDUARDO COSTA,2024-03-16 10:03:16,334.3,12.3,-7.055755,-34.614538
EDUARDO COSTA,2024-03-16 10:07:56,335.3,12.2,-7.040078,-34.61788
EDUARDO COSTA,2024-03-16 10:10:57,336.8,12.2,-7.029968,-34.619756
EDUARDO COSTA,2024-03-16 10:14:18,337.2,12.3,-7.018665,-34.621831
EDUARDO COSTA,2024-03-16 10:14:26,337.5,12.3,-7.018128,-34.621946
EDUARDO COSTA,2024-03-16 10:47:47,337.5,12.3,-6.905528,-34.642176
EDUARDO COSTA,2024-03-16 11:58:58,337.0,12.6,-6.663831,-34.696831
EDUARDO COSTA,2024-03-16 12:18:25,337.0,12.6,-6.596116,-34.709348
EDUARDO COSTA,2024-03-16 12:26:25,337.2,12.6,-6.568288,-34.714443
EDUARDO COSTA,2024-03-16 14:58:37,336.0,12.6,-6.034498,-34.824498
EDUARDO COSTA,2024-03-16 15:02:16,336.3,12.7,-6.021848,-34.82702
EDUARDO COSTA,2024-03-16 15:13:00,335.4,12.7,-5.984038,-34.834858
EDUARDO COSTA,2024-03-16 15:44:37,337.5,12.6,-5.873295,-34.857171
EDUARDO COSTA,2024-03-16 16:30:45,334.3,12.8,-5.71096,-34.88902
EDUARDO COSTA,2024-03-16 16:32:45,333.2,12.8,-5.703976,-34.890731
EDUARDO COSTA,2024-03-16 16:32:47,333.2,12.7,-5.70386,-34.890761
EDUARDO COSTA,2024-03-16 16:33:23,333.5,12.7,-5.701773,-34.891275
EDUARDO COSTA,2024-03-16 16:33:45,334.1,12.8,-5.700495,-34.891585
EDUARDO COSTA,2024-03-16 16:33:54,334.0,12.8,-5.699998,-34.891665
EDUARDO COSTA,2024-03-16 16:34:13,334.1,12.8,-5.698868,-34.891981
EDUARDO COSTA,2024-03-16 16:34:31,333.8,12.8,-5.697831,-34.892165
EDUARDO COSTA,2024-03-16 16:59:37,334.6,12.8,-5.610331,-34.913498
EDUARDO COSTA,2024-03-16 17:18:07,335.8,12.9,-5.544998,-34.927331
EDUARDO COSTA,2024-03-16 17:21:27,335.5,12.9,-5.533165,-34.929665
EDUARDO COSTA,2024-03-16 17:22:46,336.8,13.0,-5.52848,-34.930625
EDUARDO COSTA,2024-03-16 18:09:44,335.5,13.2,-5.359958,-34.96431
EDUARDO COSTA,2024-03-16 19:11:56,334.7,13.6,-5.130331,-35.017165
EDUARDO COSTA,2024-03-16 20:48:01,296.3,13.3,-4.843331,-35.218331
EDUARDO COSTA,2024-03-16 20:49:01,295.8,13.3,-4.840998,-35.221331
EDUARDO COSTA,2024-03-16 20:50:12,294.7,13.2,-4.838331,-35.224665
EDUARDO COSTA,2024-03-16 20:51:21,295.2,13.3,-4.835661,-35.22806
EDUARDO COSTA,2024-03-16 20:55:50,294.5,13.4,-4.825368,-35.241285
EDUARDO COSTA,2024-03-16 21:26:45,278.2,13.6,-4.770826,-35.34415
EDUARDO COSTA,2024-03-16 21:42:31,277.3,13.4,-4.749215,-35.399486
EDUARDO COSTA,2024-03-16 21:47:30,276.9,13.3,-4.742731,-35.417061
EDUARDO COSTA,2024-03-16 21:56:12,278.7,13.2,-4.730998,-35.446998
EDUARDO COSTA,2024-03-16 22:00:51,279.0,13.1,-4.724416,-35.462745
EDUARDO COSTA,2024-03-16 22:27:34,278.4,13.2,-4.68723,-35.55286
EDUARDO COSTA,2024-03-16 22:31:20,279.1,13.1,-4.682298,-35.565775
EDUARDO COSTA,2024-03-16 22:34:28,278.1,13.1,-4.678165,-35.576498
EDUARDO COSTA,2024-03-16 23:10:58,274.7,13.2,-4.632665,-35.702331
EDUARDO COSTA,2024-03-16 23:27:42,275.6,13.3,-4.612831,-35.760998
EDUARDO COSTA,2024-03-17 00:13:37,276.9,13.8,-4.555165,-35.924331
EDUARDO COSTA,2024-03-17 00:14:33,276.9,13.6,-4.553936,-35.927768
EDUARDO COSTA,2024-03-17 00:15:11,277.2,13.8,-4.553165,-35.929998
EDUARDO COSTA,2024-03-17 00:16:11,278.8,13.7,-4.551831,-35.933665
EDUARDO COSTA,2024-03-17 00:17:07,277.9,13.7,-4.550498,-35.936998
EDUARDO COSTA,2024-03-17 00:17:41,278.0,13.8,-4.549665,-35.938998
EDUARDO COSTA,2024-03-17 00:32:32,278.2,13.6,-4.529998,-35.992165
EDUARDO COSTA,2024-03-17 01:43:21,278.0,13.1,-4.428331,-36.236331
EDUARDO COSTA,2024-03-17 01:46:01,278.5,13.1,-4.424831,-36.245498
EDUARDO COSTA,2024-03-17 02:20:38,276.9,13.2,-4.380753,-36.364883
EDUARDO COSTA,2024-03-17 02:23:48,277.0,13.3,-4.376771,-36.375886
EDUARDO COSTA,2024-03-17 02:34:07,278.5,13.2,-4.363738,-36.411871
EDUARDO COSTA,2024-03-17 02:56:22,278.4,13.2,-4.333831,-36.488331
EDUARDO COSTA,2024-03-17 02:59:22,278.7,13.3,-4.329665,-36.498498
EDUARDO COSTA,2024-03-17 03:20:18,276.9,13.5,-4.301671,-36.571466
EDUARDO COSTA,2024-03-17 03:27:09,278.0,13.5,-4.29246,-36.595535
EDUARDO COSTA,2024-03-17 03:31:57,278.0,13.7,-4.28601,-36.612525
EDUARDO COSTA,2024-03-17 03:35:13,280.9,13.4,-4.281556,-36.623886
EDUARDO COSTA,2024-03-17 04:04:38,277.6,13.4,-4.241636,-36.726338
EDUARDO COSTA,2024-03-17 04:08:03,277.1,13.5,-4.236998,-36.738331
EDUARDO COSTA,2024-03-17 04:10:55,277.4,13.4,-4.233268,-36.748321
EDUARDO COSTA,2024-03-17 04:13:02,278.4,13.5,-4.230331,-36.755831
EDUARDO COSTA,2024-03-17 04:36:22,278.1,13.5,-4.199665,-36.838165
EDUARDO COSTA,2024-03-17 04:42:00,279.1,13.5,-4.191998,-36.858165
EDUARDO COSTA,2024-03-17 04:42:10,278.0,13.4,-4.191831,-36.858665
EDUARDO COSTA,2024-03-17 04:42:13,278.6,13.5,-4.191665,-36.858998
EDUARDO COSTA,2024-03-17 04:42:36,277.8,13.4,-4.191176,-36.860323
EDUARDO COSTA,2024-03-17 04:42:56,278.2,13.4,-4.190733,-36.86149
EDUARDO COSTA,2024-03-17 04:43:06,277.6,13.4,-4.190511,-36.862075
EDUARDO COSTA,2024-03-17 04:43:09,278.3,13.4,-4.190498,-36.862331
EDUARDO COSTA,2024-03-17 04:43:46,277.4,13.4,-4.189641,-36.864416
EDUARDO COSTA,2024-03-17 04:43:49,278.2,13.5,-4.189498,-36.864665
EDUARDO COSTA,2024-03-17 04:43:56,277.8,13.4,-4.189426,-36.865003
EDUARDO COSTA,2024-03-17 04:43:59,277.4,13.4,-4.189331,-36.865165
EDUARDO COSTA,2024-03-17 04:44:23,279.0,13.5,-4.188855,-36.866523
EDUARDO COSTA,2024-03-17 04:45:03,279.3,13.4,-4.187998,-36.868998
EDUARDO COSTA,2024-03-17 04:45:16,277.1,13.4,-4.18764,-36.869666
EDUARDO COSTA,2024-03-17 04:45:23,279.2,13.4,-4.187498,-36.870165
EDUARDO COSTA,2024-03-17 04:46:43,278.5,13.3,-4.185731,-36.87466
EDUARDO COSTA,2024-03-17 04:47:34,278.9,13.1,-4.184498,-36.877665
EDUARDO COSTA,2024-03-17 04:47:56,278.7,13.3,-4.18406,-36.878926
EDUARDO COSTA,2024-03-17 04:48:30,278.9,13.3,-4.183331,-36.880831
EDUARDO COSTA,2024-03-17 04:48:36,278.1,13.3,-4.183181,-36.881238
EDUARDO COSTA,2024-03-17 04:48:57,278.3,13.3,-4.182733,-36.88239
EDUARDO COSTA,2024-03-17 05:03:02,278.6,13.4,-4.163998,-36.931165
EDUARDO COSTA,2024-03-17 06:50:34,277.5,13.5,-4.02021,-37.305711
EDUARDO COSTA,2024-03-17 07:22:48,277.9,13.6,-3.978245,-37.419818
EDUARDO COSTA,2024-03-17 07:28:22,277.5,13.6,-3.970998,-37.439665
EDUARDO COSTA,2024-03-17 08:22:45,278.0,13.3,-3.898141,-37.631711
EDUARDO COSTA,2024-03-17 08:34:32,278.8,13.1,-3.882498,-37.672498
EDUARDO COSTA,2024-03-17 09:07:48,279.8,12.8,-3.842471,-37.785295
EDUARDO COSTA,2024-03-17 09:09:45,278.6,12.9,-3.839831,-37.791831
EDUARDO COSTA,2024-03-17 09:12:18,280.7,12.8,-3.836506,-37.800263
EDUARDO COSTA,2024-03-17 09:12:28,281.2,12.8,-3.836285,-37.800815
EDUARDO COSTA,2024-03-17 09:14:52,279.4,12.7,-3.832998,-37.808665
EDUARDO COSTA,2024-03-17 09:17:34,279.7,12.7,-3.829295,-37.817633
EDUARDO COSTA,2024-03-17 09:19:37,281.5,12.7,-3.82651,-37.824455
EDUARDO COSTA,2024-03-17 09:40:48,278.7,12.9,-3.798221,-37.894405
EDUARDO COSTA,2024-03-17 09:46:26,279.6,12.8,-3.790665,-37.912998
EDUARDO COSTA,2024-03-17 10:03:42,279.7,12.7,-3.767498,-37.970165
EDUARDO COSTA,2024-03-17 10:08:38,278.6,12.8,-3.76094,-37.986598
EDUARDO COSTA,2024-03-17 10:10:39,277.8,12.8,-3.758233,-37.993225
EDUARDO COSTA,2024-03-17 10:20:12,278.4,12.9,-3.745498,-38.024831
EDUARDO COSTA,2024-03-17 10:53:58,276.0,13.0,-3.703581,-38.139975
EDUARDO COSTA,2024-03-17 10:55:48,276.7,13.2,-3.701355,-38.14626
EDUARDO COSTA,2024-03-17 10:57:05,275.6,12.9,-3.699798,-38.150586
EDUARDO COSTA,2024-03-17 12:13:55,260.8,9.6,-3.634498,-38.391831
EDUARDO COSTA,2024-03-17 12:14:03,260.2,9.5,-3.634388,-38.392293
EDUARDO COSTA,2024-03-17 12:14:41,261.0,9.2,-3.634331,-38.393831
EDUARDO COSTA,2024-03-17 12:14:45,261.5,9.2,-3.634165,-38.393998
EDUARDO COSTA,2024-03-17 12:14:48,261.8,9.2,-3.634226,-38.394183
EDUARDO COSTA,2024-03-17 12:14:55,260.3,9.1,-3.634165,-38.394498
EDUARDO COSTA,2024-03-17 12:15:21,262.7,8.9,-3.634165,-38.395498
EDUARDO COSTA,2024-03-17 12:16:57,262.4,8.4,-3.633698,-38.399421
EDUARDO COSTA,2024-03-17 12:43:22,236.7,4.3,-3.630831,-38.442165
EDUARDO COSTA,2024-03-17 13:09:15,120.6,0.2,-3.636793,-38.435821
EDUARDO COSTA,2024-03-17 20:43:49,83.6,0.0,-3.637315,-38.438081
EDUARDO COSTA,2024-03-17 21:34:54,31.2,3.2,-3.636665,-38.433831
EDUARDO COSTA,2024-03-17 21:34:55,31.2,3.2,-3.636665,-38.433831
EDUARDO COSTA,2024-03-17 21:39:15,304.8,5.0,-3.631755,-38.433886
EDUARDO COSTA,2024-03-17 21:40:58,269.7,5.3,-3.63046,-38.436081
EDUARDO COSTA,2024-03-17 21:43:21,241.5,6.2,-3.630831,-38.439998
EDUARDO COSTA,2024-03-17 22:05:27,209.0,4.2,-3.651963,-38.481303
EDUARDO COSTA,2024-03-17 22:10:34,189.4,3.9,-3.656665,-38.484831
EDUARDO COSTA,2024-03-17 22:13:48,172.9,5.3,-3.660671,-38.485606
EDUARDO COSTA,2024-03-17 22:40:38,146.4,3.1,-3.702008,-38.486461
EDUARDO COSTA,2024-03-18 02:36:00,165.8,0.0,-3.709665,-38.483665
EDUARDO COSTA,2024-03-18 04:11:59,165.6,0.0,-3.709616,-38.483578
EDUARDO COSTA,2024-03-18 04:59:56,166.0,0.0,-3.70962,-38.483566
EDUARDO COSTA,2024-03-18 07:35:58,166.1,0.0,-3.709625,-38.483563
EDUARDO COSTA,2024-03-18 17:11:56,165.9,0.0,-3.709613,-38.483583
EDUARDO COSTA,2024-03-18 20:35:58,165.9,0.0,-3.709601,-38.483583
EDUARDO COSTA,2024-03-18 21:44:58,165.3,0.0,-3.709593,-38.483573
EDUARDO COSTA,2024-03-19 02:44:59,166.0,0.0,-3.709593,-38.483566
EDUARDO COSTA,2024-03-19 05:17:58,165.5,0.0,-3.709611,-38.483553
EDUARDO COSTA,2024-03-19 15:41:58,165.8,0.0,-3.709606,-38.483575
EDUARDO COSTA,2024-03-19 20:42:00,165.9,0.0,-3.709665,-38.483498
EDUARDO COSTA,2024-03-20 08:30:00,166.2,0.0,-3.709665,-38.483498
EDUARDO COSTA,2024-03-20 17:38:56,166.0,0.0,-3.709611,-38.483558
EDUARDO COSTA,2024-03-21 00:43:58,25.5,1.7,-3.70755,-38.48396
EDUARDO COSTA,2024-03-21 00:44:48,46.9,1.6,-3.707288,-38.48364
EDUARDO COSTA,2024-03-21 00:44:52,48.6,1.5,-3.707276,-38.483611
EDUARDO COSTA,2024-03-21 00:47:41,248.4,0.9,-3.70744,-38.48315
EDUARDO COSTA,2024-03-21 01:24:28,50.7,8.8,-3.654411,-38.477948
EDUARDO COSTA,2024-03-21 01:52:23,91.1,12.3,-3.633128,-38.404663
EDUARDO COSTA,2024-03-21 01:56:09,94.7,12.2,-3.636663,-38.392251
EDUARDO COSTA,2024-03-21 02:26:31,96.9,12.3,-3.669678,-38.29417
EDUARDO COSTA,2024-03-21 02:31:31,95.3,12.2,-3.67548,-38.277996
EDUARDO COSTA,2024-03-21 03:02:36,94.4,12.1,-3.710318,-38.18
EDUARDO COSTA,2024-03-21 03:43:27,95.7,11.7,-3.75217,-38.05012
EDUARDO COSTA,2024-03-21 03:43:43,96.0,11.6,-3.752498,-38.049165
EDUARDO COSTA,2024-03-21 05:45:33,95.3,11.7,-3.886998,-37.661665
EDUARDO COSTA,2024-03-21 05:45:56,93.1,11.6,-3.8873,-37.66039
EDUARDO COSTA,2024-03-21 05:48:22,92.3,11.6,-3.889498,-37.652665
EDUARDO COSTA,2024-03-21 05:49:34,93.7,11.6,-3.890498,-37.649165
EDUARDO COSTA,2024-03-21 05:53:37,91.8,11.7,-3.894301,-37.636478
EDUARDO COSTA,2024-03-21 06:20:23,97.3,10.9,-3.923998,-37.558165
EDUARDO COSTA,2024-03-21 06:22:57,98.1,10.7,-3.926675,-37.551018
EDUARDO COSTA,2024-03-21 06:55:10,100.7,10.9,-3.962165,-37.460498
EDUARDO COSTA,2024-03-21 07:00:17,100.1,11.0,-3.967985,-37.445905
EDUARDO COSTA,2024-03-21 07:29:24,93.6,11.3,-3.996665,-37.360998
EDUARDO COSTA,2024-03-21 07:31:26,95.2,11.4,-3.998535,-37.3548
EDUARDO COSTA,2024-03-21 07:34:50,94.8,11.4,-4.001736,-37.344555
EDUARDO COSTA,2024-03-21 07:38:16,91.8,11.3,-4.005028,-37.334233
EDUARDO COSTA,2024-03-21 07:53:50,96.5,11.3,-4.020498,-37.287498
EDUARDO COSTA,2024-03-21 08:01:20,96.6,11.3,-4.028831,-37.265165
EDUARDO COSTA,2024-03-21 08:05:40,99.1,11.4,-4.033665,-37.252331
EDUARDO COSTA,2024-03-21 08:05:50,97.7,11.2,-4.033938,-37.251743
EDUARDO COSTA,2024-03-21 08:09:30,100.1,11.3,-4.037988,-37.240873
EDUARDO COSTA,2024-03-21 08:41:24,94.1,11.3,-4.074498,-37.147498
EDUARDO COSTA,2024-03-21 08:43:23,100.2,11.2,-4.076831,-37.141665
EDUARDO COSTA,2024-03-21 08:44:37,98.8,11.2,-4.078191,-37.138106
EDUARDO COSTA,2024-03-21 08:46:49,96.4,11.3,-4.080585,-37.131565
EDUARDO COSTA,2024-03-21 08:52:07,96.9,11.3,-4.086261,-37.115821
EDUARDO COSTA,2024-03-21 11:59:06,96.8,11.0,-4.27553,-36.56817
EDUARDO COSTA,2024-03-21 11:59:13,96.6,10.9,-4.275665,-36.567831
EDUARDO COSTA,2024-03-21 12:38:34,102.3,11.0,-4.318998,-36.453998
EDUARDO COSTA,2024-03-21 12:45:16,92.4,11.0,-4.325791,-36.434621
EDUARDO COSTA,2024-03-21 13:41:43,99.8,11.2,-4.381998,-36.264665
EDUARDO COSTA,2024-03-21 13:47:40,103.8,11.2,-4.388998,-36.247665
EDUARDO COSTA,2024-03-21 13:51:40,97.4,11.0,-4.393665,-36.236165
EDUARDO COSTA,2024-03-21 14:13:27,97.8,11.2,-4.41793,-36.17272
EDUARDO COSTA,2024-03-21 14:17:24,98.3,11.1,-4.422165,-36.161165
EDUARDO COSTA,2024-03-21 14:26:17,96.9,11.2,-4.431495,-36.134978
EDUARDO COSTA,2024-03-21 14:29:43,91.9,11.3,-4.435165,-36.124831
EDUARDO COSTA,2024-03-21 14:49:07,96.9,11.2,-4.453918,-36.067116
EDUARDO COSTA,2024-03-21 14:54:51,93.8,11.3,-4.459391,-36.050021
EDUARDO COSTA,2024-03-21 17:42:27,90.2,11.6,-4.642991,-35.5406
EDUARDO COSTA,2024-03-21 17:53:11,93.4,11.5,-4.653331,-35.507498
EDUARDO COSTA,2024-03-21 18:32:14,96.0,10.9,-4.688665,-35.389665
EDUARDO COSTA,2024-03-21 18:35:20,94.5,11.1,-4.691665,-35.380498
EDUARDO COSTA,2024-03-21 18:55:30,98.9,11.0,-4.711993,-35.321565
EDUARDO COSTA,2024-03-21 19:26:00,93.9,10.2,-4.741665,-35.236331
EDUARDO COSTA,2024-03-21 19:55:34,95.9,10.6,-4.768998,-35.154665
EDUARDO COSTA,2024-03-21 20:04:59,93.6,10.7,-4.778165,-35.128165
EDUARDO COSTA,2024-03-21 20:23:00,108.0,10.8,-4.79887,-35.078396
EDUARDO COSTA,2024-03-21 20:34:20,122.8,10.7,-4.818498,-35.050665
EDUARDO COSTA,2024-03-21 21:13:50,155.1,10.9,-4.936971,-35.028286
EDUARDO COSTA,2024-03-21 21:47:33,154.8,10.7,-5.038331,-35.008665
EDUARDO COSTA,2024-03-21 23:04:47,154.8,11.0,-5.270625,-34.961643
EDUARDO COSTA,2024-03-21 23:05:31,156.0,11.1,-5.272855,-34.961208
EDUARDO COSTA,2024-03-21 23:13:30,156.0,11.1,-5.297208,-34.956566
EDUARDO COSTA,2024-03-21 23:44:00,155.8,11.3,-5.390748,-34.9385
EDUARDO COSTA,2024-03-21 23:47:22,156.5,11.2,-5.401331,-34.936498
EDUARDO COSTA,2024-03-21 23:52:43,156.6,11.1,-5.417665,-34.933331
EDUARDO COSTA,2024-03-21 23:54:16,156.0,11.0,-5.422391,-34.93243
EDUARDO COSTA,2024-03-21 23:54:20,156.0,11.0,-5.422595,-34.932393
EDUARDO COSTA,2024-03-21 23:54:30,155.5,11.0,-5.423101,-34.932296
EDUARDO COSTA,2024-03-21 23:54:32,155.6,11.0,-5.423331,-34.932331
EDUARDO COSTA,2024-03-22 00:18:20,156.9,11.3,-5.49643,-34.919086
EDUARDO COSTA,2024-03-22 00:22:20,157.0,11.4,-5.508996,-34.916951
EDUARDO COSTA,2024-03-22 00:33:19,157.6,11.3,-5.543331,-34.911168
EDUARDO COSTA,2024-03-22 00:33:53,156.9,11.3,-5.544998,-34.910831
EDUARDO COSTA,2024-03-22 00:35:19,156.6,11.2,-5.549556,-34.910105
EDUARDO COSTA,2024-03-22 00:35:23,156.5,11.2,-5.549665,-34.910165
EDUARDO COSTA,2024-03-22 00:35:29,156.4,11.2,-5.549998,-34.909998
EDUARDO COSTA,2024-03-22 00:36:09,157.0,11.2,-5.552165,-34.909665
EDUARDO COSTA,2024-03-22 00:53:36,156.6,11.3,-5.606415,-34.900551
EDUARDO COSTA,2024-03-22 01:01:12,157.7,11.2,-5.630165,-34.896665
EDUARDO COSTA,2024-03-22 01:13:20,156.7,11.2,-5.667831,-34.889998
EDUARDO COSTA,2024-03-22 01:29:19,156.9,11.3,-5.718165,-34.881665
EDUARDO COSTA,2024-03-22 01:33:30,155.2,11.3,-5.731165,-34.879331
EDUARDO COSTA,2024-03-22 02:02:30,154.3,11.3,-5.821331,-34.859998
EDUARDO COSTA,2024-03-22 02:48:53,155.1,11.4,-5.968665,-34.833331
EDUARDO COSTA,2024-03-22 02:57:47,155.3,11.5,-5.996596,-34.827345
EDUARDO COSTA,2024-03-22 04:28:02,155.6,11.6,-6.280498,-34.770498
EDUARDO COSTA,2024-03-22 04:31:36,155.6,11.6,-6.291836,-34.768203
EDUARDO COSTA,2024-03-22 04:53:59,153.0,11.7,-6.363331,-34.753831
EDUARDO COSTA,2024-03-22 05:57:13,156.4,11.7,-6.568165,-34.718831
EDUARDO COSTA,2024-03-22 06:30:09,154.4,11.8,-6.674831,-34.699331
EDUARDO COSTA,2024-03-22 06:32:44,155.8,11.8,-6.683165,-34.697498
EDUARDO COSTA,2024-03-22 06:40:17,152.2,12.0,-6.707835,-34.692108
EDUARDO COSTA,2024-03-22 07:00:14,155.0,11.8,-6.772831,-34.678165
EDUARDO COSTA,2024-03-22 07:41:50,151.4,12.3,-6.910831,-34.645665
EDUARDO COSTA,2024-03-22 07:49:50,152.7,12.4,-6.937665,-34.638665
EDUARDO COSTA,2024-03-22 07:54:20,156.4,12.5,-6.953055,-34.635351
EDUARDO COSTA,2024-03-22 08:39:27,168.1,12.1,-7.10704,-34.626333
EDUARDO COSTA,2024-03-22 12:47:44,163.9,11.8,-7.935331,-34.625831
EDUARDO COSTA,2024-03-22 13:22:47,185.4,12.0,-8.050331,-34.629165
EDUARDO COSTA,2024-03-22 13:24:53,185.9,12.0,-8.056998,-34.631498
EDUARDO COSTA,2024-03-22 13:27:04,185.2,11.9,-8.063993,-34.633923
EDUARDO COSTA,2024-03-22 13:52:56,185.1,12.0,-8.146998,-34.660331
EDUARDO COSTA,2024-03-22 13:54:58,183.2,11.9,-8.153331,-34.662331
EDUARDO COSTA,2024-03-22 13:58:08,182.4,12.0,-8.163665,-34.665498
EDUARDO COSTA,2024-03-22 14:02:00,184.1,12.0,-8.176071,-34.669315
EDUARDO COSTA,2024-03-22 14:23:44,184.0,11.9,-8.245498,-34.690831
EDUARDO COSTA,2024-03-22 14:27:44,184.9,11.8,-8.258186,-34.694866
EDUARDO COSTA,2024-03-22 14:30:48,182.7,11.8,-8.267831,-34.697998
EDUARDO COSTA,2024-03-22 16:30:15,179.0,11.6,-8.647831,-34.808998
EDUARDO COSTA,2024-03-22 16:33:08,177.5,11.7,-8.656975,-34.811018
EDUARDO COSTA,2024-03-22 16:36:45,177.8,11.6,-8.668665,-34.813498
EDUARDO COSTA,2024-03-22 16:36:51,178.2,11.6,-8.668998,-34.813498
EDUARDO COSTA,2024-03-22 16:38:05,177.2,11.7,-8.672831,-34.814331
EDUARDO COSTA,2024-03-22 16:38:11,177.1,11.7,-8.673165,-34.814331
EDUARDO COSTA,2024-03-22 17:34:48,187.0,11.8,-8.851165,-34.864498
EDUARDO COSTA,2024-03-22 18:26:44,184.1,11.7,-9.012613,-34.922808
EDUARDO COSTA,2024-03-22 18:29:41,185.2,11.8,-9.021811,-34.925823
EDUARDO COSTA,2024-03-22 19:01:14,185.3,12.0,-9.121331,-34.959331
EDUARDO COSTA,2024-03-22 19:13:57,183.6,12.1,-9.161998,-34.972998
EDUARDO COSTA,2024-03-22 19:41:47,186.9,12.2,-9.251498,-35.003831
EDUARDO COSTA,2024-03-22 20:03:18,186.6,12.3,-9.320498,-35.030165
EDUARDO COSTA,2024-03-22 20:06:08,185.9,12.2,-9.329665,-35.033831
EDUARDO COSTA,2024-03-22 20:12:05,186.6,12.3,-9.348798,-35.040995
EDUARDO COSTA,2024-03-22 20:42:05,186.3,12.2,-9.444918,-35.077193
EDUARDO COSTA,2024-03-22 20:48:37,187.1,12.1,-9.465831,-35.084998
EDUARDO COSTA,2024-03-22 20:51:10,190.4,12.1,-9.473936,-35.088406
EDUARDO COSTA,2024-03-22 22:12:45,188.1,12.6,-9.740045,-35.184426
EDUARDO COSTA,2024-03-22 22:46:53,187.3,12.5,-9.853498,-35.225831
EDUARDO COSTA,2024-03-22 23:43:20,184.3,12.6,-10.041113,-35.2919
EDUARDO COSTA,2024-03-22 23:43:47,184.6,12.6,-10.042665,-35.292331
EDUARDO COSTA,2024-03-22 23:44:46,185.1,12.6,-10.045998,-35.293498
EDUARDO COSTA,2024-03-22 23:53:37,184.7,12.6,-10.075998,-35.303165
EDUARDO COSTA,2024-03-22 23:55:57,184.7,12.7,-10.083831,-35.305665
EDUARDO COSTA,2024-03-22 23:58:24,183.8,12.6,-10.092098,-35.308385
EDUARDO COSTA,2024-03-23 00:09:37,185.1,12.8,-10.130165,-35.320665
EDUARDO COSTA,2024-03-23 00:24:43,185.6,12.7,-10.18111,-35.339181
EDUARDO COSTA,2024-03-23 00:28:44,186.5,12.8,-10.19454,-35.344183
EDUARDO COSTA,2024-03-23 01:01:33,185.7,12.8,-10.305871,-35.382641
EDUARDO COSTA,2024-03-23 01:50:53,188.4,12.8,-10.47427,-35.442758
EDUARDO COSTA,2024-03-23 01:53:36,186.3,12.8,-10.483498,-35.446165
EDUARDO COSTA,2024-03-23 01:55:34,186.8,12.9,-10.489998,-35.448498
EDUARDO COSTA,2024-03-23 02:14:43,185.0,12.8,-10.554831,-35.471498
EDUARDO COSTA,2024-03-23 02:17:58,185.5,12.7,-10.565831,-35.475331
EDUARDO COSTA,2024-03-23 03:42:30,185.9,12.8,-10.851448,-35.57737
EDUARDO COSTA,2024-03-23 03:49:28,186.6,12.7,-10.874831,-35.585831
EDUARDO COSTA,2024-03-23 04:46:16,187.9,12.6,-11.063331,-35.657165
EDUARDO COSTA,2024-03-23 04:47:53,187.2,12.5,-11.068651,-35.659166
EDUARDO COSTA,2024-03-23 04:49:36,188.7,12.6,-11.074331,-35.661331
EDUARDO COSTA,2024-03-23 04:49:46,187.3,12.5,-11.074831,-35.661498
EDUARDO COSTA,2024-03-23 04:49:53,186.5,12.5,-11.07521,-35.66173
EDUARDO COSTA,2024-03-23 04:50:16,188.7,12.6,-11.076498,-35.662165
EDUARDO COSTA,2024-03-23 04:50:29,187.0,12.6,-11.07719,-35.662481
EDUARDO COSTA,2024-03-23 04:51:49,188.3,12.6,-11.081593,-35.66419
EDUARDO COSTA,2024-03-23 04:51:53,188.4,12.6,-11.081813,-35.664275
EDUARDO COSTA,2024-03-23 04:59:43,187.5,12.6,-11.107831,-35.674331
EDUARDO COSTA,2024-03-23 06:06:08,186.2,12.7,-11.331665,-35.749998
EDUARDO COSTA,2024-03-23 06:09:04,187.1,12.8,-11.341498,-35.753831
EDUARDO COSTA,2024-03-23 06:11:08,185.7,12.7,-11.348331,-35.756331
EDUARDO COSTA,2024-03-23 06:39:11,186.7,12.9,-11.44296,-35.791665
EDUARDO COSTA,2024-03-23 06:41:37,187.6,12.8,-11.451165,-35.794665
EDUARDO COSTA,2024-03-23 06:44:01,187.3,12.8,-11.459218,-35.797683
EDUARDO COSTA,2024-03-23 06:46:21,185.3,12.7,-11.467048,-35.800575
EDUARDO COSTA,2024-03-23 07:17:13,185.3,12.7,-11.571165,-35.835998
EDUARDO COSTA,2024-03-23 07:43:25,184.6,12.7,-11.659513,-35.865286
EDUARDO COSTA,2024-03-23 07:46:21,184.3,12.7,-11.669405,-35.868646
EDUARDO COSTA,2024-03-23 07:49:08,184.8,12.6,-11.678831,-35.871831
EDUARDO COSTA,2024-03-23 07:53:31,184.4,12.5,-11.69352,-35.876853
EDUARDO COSTA,2024-03-23 08:32:58,188.1,12.6,-11.825331,-35.924165
EDUARDO COSTA,2024-03-23 08:43:27,188.2,12.7,-11.859998,-35.937831
EDUARDO COSTA,2024-03-23 11:51:01,184.1,13.1,-12.495331,-36.172831
EDUARDO COSTA,2024-03-23 11:51:22,184.0,13.1,-12.496475,-36.173301
EDUARDO COSTA,2024-03-23 14:47:59,185.9,13.0,-13.105133,-36.392573
EDUARDO COSTA,2024-03-23 15:17:12,186.3,12.9,-13.20469,-36.42829
EDUARDO COSTA,2024-03-23 15:43:59,186.1,12.9,-13.295521,-36.46165
EDUARDO COSTA,2024-03-23 16:48:49,185.6,12.9,-13.517831,-36.540665
EDUARDO COSTA,2024-03-23 16:49:13,186.4,12.9,-13.519331,-36.540998
EDUARDO COSTA,2024-03-23 18:18:13,185.8,12.8,-13.82231,-36.649126
EDUARDO COSTA,2024-03-23 18:22:19,185.2,12.8,-13.836238,-36.654158
EDUARDO COSTA,2024-03-23 19:10:19,187.5,12.5,-13.99621,-36.713801
EDUARDO COSTA,2024-03-23 19:12:23,186.5,12.5,-14.003045,-36.71634
EDUARDO COSTA,2024-03-23 19:12:52,186.0,12.6,-14.004705,-36.71694
EDUARDO COSTA,2024-03-23 19:14:26,186.3,12.4,-14.009831,-36.718831
EDUARDO COSTA,2024-03-23 19:17:03,186.0,12.6,-14.018546,-36.721926
EDUARDO COSTA,2024-03-23 19:43:22,186.8,12.7,-14.106498,-36.754165
EDUARDO COSTA,2024-03-23 19:45:59,187.1,12.6,-14.115091,-36.75746
EDUARDO COSTA,2024-03-23 19:48:22,186.5,12.7,-14.122998,-36.760498
EDUARDO COSTA,2024-03-23 20:26:05,186.2,12.5,-14.248106,-36.80757
EDUARDO COSTA,2024-03-23 21:00:09,185.2,12.7,-14.361476,-36.84926
EDUARDO COSTA,2024-03-23 21:11:52,185.4,12.7,-14.401311,-36.862853
EDUARDO COSTA,2024-03-23 21:14:12,184.4,12.8,-14.409226,-36.86552
EDUARDO COSTA,2024-03-23 21:49:06,185.2,12.6,-14.525331,-36.906165
EDUARDO COSTA,2024-03-23 23:28:13,186.1,12.6,-14.85383,-37.02415
EDUARDO COSTA,2024-03-23 23:32:59,186.1,12.6,-14.869626,-37.030001
EDUARDO COSTA,2024-03-24 00:02:56,186.1,12.8,-14.969665,-37.067331
EDUARDO COSTA,2024-03-24 00:06:13,187.7,12.6,-14.980595,-37.071481
EDUARDO COSTA,2024-03-24 00:08:28,187.6,12.7,-14.988168,-37.074333
EDUARDO COSTA,2024-03-24 00:08:42,187.4,12.7,-14.988831,-37.074665
EDUARDO COSTA,2024-03-24 00:13:58,186.4,12.8,-15.006621,-37.081236
EDUARDO COSTA,2024-03-24 00:42:33,185.2,12.7,-15.1025,-37.11661
EDUARDO COSTA,2024-03-24 00:45:41,185.9,12.7,-15.112998,-37.120498
EDUARDO COSTA,2024-03-24 01:12:33,186.3,12.7,-15.203246,-37.153043
EDUARDO COSTA,2024-03-24 01:14:32,185.7,12.7,-15.209966,-37.15546
EDUARDO COSTA,2024-03-24 02:46:22,186.8,12.6,-15.52076,-37.26872
EDUARDO COSTA,2024-03-24 03:34:24,185.9,13.1,-15.684831,-37.328165
EDUARDO COSTA,2024-03-24 03:34:27,185.7,13.1,-15.684923,-37.328283
EDUARDO COSTA,2024-03-24 03:34:32,185.3,13.1,-15.68521,-37.328393
EDUARDO COSTA,2024-03-24 03:34:37,185.7,13.2,-15.685503,-37.328488
EDUARDO COSTA,2024-03-24 03:35:21,185.4,13.1,-15.688056,-37.329386
EDUARDO COSTA,2024-03-24 03:54:42,185.1,13.1,-15.755498,-37.352498
EDUARDO COSTA,2024-03-24 04:39:45,187.0,13.2,-15.912331,-37.409165
EDUARDO COSTA,2024-03-24 05:04:12,186.1,13.3,-15.997951,-37.440135
EDUARDO COSTA,2024-03-24 05:06:48,185.9,13.3,-16.007086,-37.443493
EDUARDO COSTA,2024-03-24 05:07:04,186.5,13.4,-16.008165,-37.443831
EDUARDO COSTA,2024-03-24 05:07:15,186.8,13.3,-16.008665,-37.443998
EDUARDO COSTA,2024-03-24 05:07:20,185.8,13.3,-16.008998,-37.444165
EDUARDO COSTA,2024-03-24 05:09:17,185.6,13.3,-16.015913,-37.446661
EDUARDO COSTA,2024-03-24 05:11:21,185.1,13.3,-16.02322,-37.449315
EDUARDO COSTA,2024-03-24 05:41:01,186.3,13.4,-16.128998,-37.486998
EDUARDO COSTA,2024-03-24 05:42:01,185.4,13.5,-16.132665,-37.488165
EDUARDO COSTA,2024-03-24 05:43:01,185.5,13.5,-16.136165,-37.489498
EDUARDO COSTA,2024-03-24 05:49:22,185.1,13.4,-16.158768,-37.497663
EDUARDO COSTA,2024-03-24 06:14:19,186.6,13.7,-16.247836,-37.529545
EDUARDO COSTA,2024-03-24 06:16:26,186.4,13.8,-16.255498,-37.532165
EDUARDO COSTA,2024-03-24 07:23:13,184.7,13.9,-16.49577,-37.625125
EDUARDO COSTA,2024-03-24 07:36:00,185.7,14.0,-16.54317,-37.641991
EDUARDO COSTA,2024-03-24 11:07:03,187.1,14.0,-17.328498,-37.937498
EDUARDO COSTA,2024-03-24 11:26:06,198.0,14.0,-17.39834,-37.96162
EDUARDO COSTA,2024-03-24 11:28:16,199.0,14.1,-17.406331,-37.964331
EDUARDO COSTA,2024-03-24 11:30:46,199.0,13.9,-17.415498,-37.967331
EDUARDO COSTA,2024-03-24 11:46:21,195.0,13.8,-17.472716,-37.98624
EDUARDO COSTA,2024-03-24 11:47:34,198.0,13.6,-17.477078,-37.987655
EDUARDO COSTA,2024-03-24 11:48:34,198.0,13.4,-17.48071,-37.988836
EDUARDO COSTA,2024-03-24 11:48:40,198.0,13.7,-17.48107,-37.988965
EDUARDO COSTA,2024-03-24 12:16:47,183.9,13.6,-17.58099,-38.02823
EDUARDO COSTA,2024-03-24 12:37:32,185.2,13.7,-17.656491,-38.053291
EDUARDO COSTA,2024-03-24 13:09:12,185.6,13.0,-17.768741,-38.092938
EDUARDO COSTA,2024-03-24 13:11:42,185.2,12.9,-17.77731,-38.096041
EDUARDO COSTA,2024-03-24 13:11:48,185.5,12.9,-17.777665,-38.096165
EDUARDO COSTA,2024-03-24 14:15:57,184.0,12.6,-17.990073,-38.180025
EDUARDO COSTA,2024-03-24 14:20:29,183.8,12.7,-18.005498,-38.185331
EDUARDO COSTA,2024-03-24 14:23:35,184.2,12.8,-18.015998,-38.188998
EDUARDO COSTA,2024-03-24 14:52:16,176.7,12.7,-18.113631,-38.217981
EDUARDO COSTA,2024-03-24 14:59:07,187.8,12.6,-18.137545,-38.223033
EDUARDO COSTA,2024-03-24 15:28:34,197.3,12.9,-18.22914,-38.279128
EDUARDO COSTA,2024-03-24 15:28:57,199.1,13.0,-18.230331,-38.279831
EDUARDO COSTA,2024-03-24 15:29:34,198.3,13.2,-18.232258,-38.281111
EDUARDO COSTA,2024-03-24 15:30:34,199.5,13.0,-18.235365,-38.283106
EDUARDO COSTA,2024-03-24 15:31:34,198.6,13.0,-18.23849,-38.285091
EDUARDO COSTA,2024-03-24 16:22:17,195.9,12.6,-18.399031,-38.37992
EDUARDO COSTA,2024-03-24 16:30:26,193.9,12.6,-18.424665,-38.393998
EDUARDO COSTA,2024-03-24 17:06:53,195.3,12.5,-18.537665,-38.454998
EDUARDO COSTA,2024-03-24 17:06:57,195.8,12.5,-18.537831,-38.455165
EDUARDO COSTA,2024-03-24 17:07:10,195.7,12.5,-18.53846,-38.455536
EDUARDO COSTA,2024-03-24 17:07:37,195.9,12.5,-18.539831,-38.456331
EDUARDO COSTA,2024-03-24 17:15:25,195.3,12.6,-18.563831,-38.470331
EDUARDO COSTA,2024-03-24 17:20:27,195.9,12.6,-18.579371,-38.479165
EDUARDO COSTA,2024-03-24 18:08:10,196.5,12.0,-18.722498,-38.561998
EDUARDO COSTA,2024-03-24 18:14:26,195.8,12.0,-18.740558,-38.572786
EDUARDO COSTA,2024-03-24 18:52:06,196.9,11.5,-18.852998,-38.639498
EDUARDO COSTA,2024-03-24 18:54:17,195.5,12.3,-18.8594,-38.643236
EDUARDO COSTA,2024-03-24 19:15:39,195.0,11.9,-18.923665,-38.681331
EDUARDO COSTA,2024-03-24 19:18:15,195.9,11.6,-18.931498,-38.685831
EDUARDO COSTA,2024-03-24 19:20:23,194.3,12.3,-18.937655,-38.689491
EDUARDO COSTA,2024-03-24 19:22:27,208.0,12.0,-18.943786,-38.693166
EDUARDO COSTA,2024-03-24 19:24:43,195.0,12.6,-18.950611,-38.69716
EDUARDO COSTA,2024-03-24 19:53:32,193.5,12.5,-19.03792,-38.747906
EDUARDO COSTA,2024-03-24 19:56:16,194.7,12.4,-19.046281,-38.752648
EDUARDO COSTA,2024-03-24 20:04:36,194.3,12.0,-19.071333,-38.767008
EDUARDO COSTA,2024-03-24 20:14:16,192.8,12.7,-19.100665,-38.783665
EDUARDO COSTA,2024-03-24 20:28:56,196.5,12.3,-19.145998,-38.809665
EDUARDO COSTA,2024-03-24 20:33:26,196.7,11.6,-19.158998,-38.817665
EDUARDO COSTA,2024-03-24 20:38:23,196.1,12.1,-19.17357,-38.826328
EDUARDO COSTA,2024-03-24 20:46:53,194.3,12.5,-19.198948,-38.8413
EDUARDO COSTA,2024-03-24 20:50:40,194.6,12.6,-19.210498,-38.847998
EDUARDO COSTA,2024-03-24 21:11:03,194.4,12.8,-19.274213,-38.884385
EDUARDO COSTA,2024-03-24 21:20:32,193.5,12.7,-19.303963,-38.901065
EDUARDO COSTA,2024-03-24 21:53:20,196.3,12.4,-19.403665,-38.957498
EDUARDO COSTA,2024-03-24 21:58:57,195.1,12.2,-19.420715,-38.967471
EDUARDO COSTA,2024-03-24 22:25:13,197.0,12.3,-19.49794,-39.016438
EDUARDO COSTA,2024-03-24 22:28:56,199.2,12.0,-19.508665,-39.023331
EDUARDO COSTA,2024-03-24 22:34:08,198.7,12.2,-19.523998,-39.033331
EDUARDO COSTA,2024-03-24 23:00:33,193.1,12.6,-19.604418,-39.080053
EDUARDO COSTA,2024-03-24 23:07:33,194.3,12.1,-19.62609,-39.092151
EDUARDO COSTA,2024-03-24 23:37:17,193.5,13.9,-19.722893,-39.147813
EDUARDO COSTA,2024-03-24 23:43:26,194.5,13.6,-19.743331,-39.159498
EDUARDO COSTA,2024-03-25 00:49:49,194.0,12.9,-19.959433,-39.281815
EDUARDO COSTA,2024-03-25 01:12:15,193.1,12.8,-20.030331,-39.320498
EDUARDO COSTA,2024-03-25 01:37:16,195.6,12.9,-20.108831,-39.362998
EDUARDO COSTA,2024-03-25 01:39:42,193.9,12.9,-20.116558,-39.36756
EDUARDO COSTA,2024-03-25 01:42:59,196.1,12.4,-20.126553,-39.373951
EDUARDO COSTA,2024-03-25 02:25:59,209.9,12.9,-20.250521,-39.472088
EDUARDO COSTA,2024-03-25 02:28:06,206.2,12.8,-20.256331,-39.477331
EDUARDO COSTA,2024-03-25 02:57:44,208.7,12.6,-20.338998,-39.549165
EDUARDO COSTA,2024-03-25 03:00:34,210.6,12.9,-20.346618,-39.55615
EDUARDO COSTA,2024-03-25 03:32:19,208.1,12.7,-20.43346,-39.633165
EDUARDO COSTA,2024-03-25 03:35:09,206.3,12.6,-20.441148,-39.640096
EDUARDO COSTA,2024-03-25 03:37:59,206.0,12.6,-20.448921,-39.64688
EDUARDO COSTA,2024-03-25 03:49:39,208.1,12.9,-20.480516,-39.675075
EDUARDO COSTA,2024-03-25 03:51:15,204.3,13.0,-20.484998,-39.678998
EDUARDO COSTA,2024-03-25 03:53:12,204.3,12.6,-20.490165,-39.683831
EDUARDO COSTA,2024-03-25 04:10:29,207.3,13.2,-20.538656,-39.726471
EDUARDO COSTA,2024-03-25 04:40:55,206.4,13.1,-20.625498,-39.802831
EDUARDO COSTA,2024-03-25 04:45:19,203.9,13.6,-20.638298,-39.8138
EDUARDO COSTA,2024-03-25 05:20:23,208.7,13.1,-20.73581,-39.90538
EDUARDO COSTA,2024-03-25 05:20:49,207.2,13.3,-20.73701,-39.906518
EDUARDO COSTA,2024-03-25 05:21:42,206.3,13.1,-20.739498,-39.908831
EDUARDO COSTA,2024-03-25 05:22:02,208.0,13.3,-20.740331,-39.909665
EDUARDO COSTA,2024-03-25 05:24:53,206.4,12.9,-20.74844,-39.916766
EDUARDO COSTA,2024-03-25 05:25:42,208.8,13.1,-20.750665,-39.918831
EDUARDO COSTA,2024-03-25 05:26:48,207.4,13.3,-20.75386,-39.921603
EDUARDO COSTA,2024-03-25 05:48:42,206.3,13.3,-20.815331,-39.976498
EDUARDO COSTA,2024-03-25 05:49:42,206.2,13.3,-20.818331,-39.978998
EDUARDO COSTA,2024-03-25 05:52:32,207.7,13.2,-20.826331,-39.985998
EDUARDO COSTA,2024-03-25 05:53:26,206.4,13.4,-20.828831,-39.988331
EDUARDO COSTA,2024-03-25 05:56:05,203.9,13.2,-20.836521,-39.995028
EDUARDO COSTA,2024-03-25 06:27:32,203.8,13.6,-20.927165,-40.076665
EDUARDO COSTA,2024-03-25 06:45:46,205.0,13.8,-20.98182,-40.12255
EDUARDO COSTA,2024-03-25 07:35:56,202.8,14.0,-21.136711,-40.247623
EDUARDO COSTA,2024-03-25 07:38:06,203.0,14.1,-21.143331,-40.253165
EDUARDO COSTA,2024-03-25 08:20:19,172.0,13.6,-21.291165,-40.317498
EDUARDO COSTA,2024-03-25 08:22:40,171.8,13.6,-21.300136,-40.318468
EDUARDO COSTA,2024-03-25 08:31:44,167.1,13.8,-21.334498,-40.319998
EDUARDO COSTA,2024-03-25 08:45:01,161.8,13.7,-21.385478,-40.31611
EDUARDO COSTA,2024-03-25 08:47:16,162.3,13.8,-21.394213,-40.315398
EDUARDO COSTA,2024-03-25 09:24:52,180.9,13.8,-21.539498,-40.337998
EDUARDO COSTA,2024-03-25 10:22:45,187.5,13.2,-21.752328,-40.398166
EDUARDO COSTA,2024-03-25 10:32:05,175.0,13.3,-21.785475,-40.40668
EDUARDO COSTA,2024-03-25 10:34:48,173.1,13.3,-21.795456,-40.408196
EDUARDO COSTA,2024-03-25 11:42:42,190.0,13.2,-22.034608,-40.438825
EDUARDO COSTA,2024-03-25 11:50:09,167.2,11.7,-22.059831,-40.444498
EDUARDO COSTA,2024-03-25 12:09:01,225.2,12.7,-22.096888,-40.50281
EDUARDO COSTA,2024-03-25 12:13:25,229.1,12.7,-22.104665,-40.517331
EDUARDO COSTA,2024-03-25 13:19:29,219.9,12.9,-22.252045,-40.714126
EDUARDO COSTA,2024-03-25 13:22:09,219.3,12.9,-22.257838,-40.722445
EDUARDO COSTA,2024-03-25 13:24:12,217.9,13.0,-22.262331,-40.728665
EDUARDO COSTA,2024-03-25 13:27:19,219.5,12.9,-22.26898,-40.738311
EDUARDO COSTA,2024-03-25 13:44:46,229.3,13.2,-22.306498,-40.793331
EDUARDO COSTA,2024-03-25 13:54:55,237.4,13.3,-22.322498,-40.829665
EDUARDO COSTA,2024-03-25 13:57:49,243.5,13.3,-22.325188,-40.840746
EDUARDO COSTA,2024-03-25 14:02:06,240.2,13.3,-22.328331,-40.857498
EDUARDO COSTA,2024-03-25 14:31:12,213.2,13.6,-22.399766,-40.944566
EDUARDO COSTA,2024-03-25 15:23:32,219.1,13.4,-22.52414,-41.11031
EDUARDO COSTA,2024-03-25 15:25:52,216.1,13.7,-22.529495,-41.11786
EDUARDO COSTA,2024-03-25 15:29:09,218.6,13.4,-22.536975,-41.128433
EDUARDO COSTA,2024-03-25 16:20:20,218.0,13.6,-22.655165,-41.296165
EDUARDO COSTA,2024-03-25 16:22:16,219.0,13.9,-22.659831,-41.302665
EDUARDO COSTA,2024-03-25 17:18:45,219.6,13.7,-22.788926,-41.489505
EDUARDO COSTA,2024-03-25 17:24:11,217.7,13.6,-22.801073,-41.507356
EDUARDO COSTA,2024-03-25 17:59:09,215.7,13.1,-22.87836,-41.618506
EDUARDO COSTA,2024-03-25 18:04:15,217.6,13.2,-22.890323,-41.634125
EDUARDO COSTA,2024-03-25 18:37:52,216.7,13.1,-22.968201,-41.738631
EDUARDO COSTA,2024-03-25 18:58:49,218.7,12.9,-23.014998,-41.803665
EDUARDO COSTA,2024-03-25 19:04:19,216.4,12.3,-23.026331,-41.819998
EDUARDO COSTA,2024-03-25 19:13:58,214.6,11.9,-23.046578,-41.84737
EDUARDO COSTA,2024-03-25 19:34:29,216.4,12.1,-23.09366,-41.901256
EDUARDO COSTA,2024-03-25 19:39:56,229.0,12.5,-23.103998,-41.918165
EDUARDO COSTA,2024-03-25 19:49:09,233.2,12.7,-23.118088,-41.950028
EDUARDO COSTA,2024-03-25 20:07:02,257.7,13.3,-23.126331,-42.019165
EDUARDO COSTA,2024-03-25 20:10:12,254.1,13.4,-23.126543,-42.031928
EDUARDO COSTA,2024-03-25 20:34:56,257.7,13.7,-23.126456,-42.134233
EDUARDO COSTA,2024-03-25 20:44:36,258.6,13.9,-23.125831,-42.174498
EDUARDO COSTA,2024-03-25 20:58:15,260.8,14.0,-23.125165,-42.232331
EDUARDO COSTA,2024-03-25 20:59:47,258.8,13.9,-23.124831,-42.238831
EDUARDO COSTA,2024-03-25 21:16:40,255.9,13.9,-23.123331,-42.309665
EDUARDO COSTA,2024-03-25 21:27:54,253.6,13.8,-23.122998,-42.356831
EDUARDO COSTA,2024-03-25 21:36:19,254.7,13.6,-23.122661,-42.391718
EDUARDO COSTA,2024-03-25 22:08:55,256.4,12.8,-23.126791,-42.52257
EDUARDO COSTA,2024-03-25 22:37:31,255.9,12.9,-23.130165,-42.633498
EDUARDO COSTA,2024-03-25 22:40:14,255.0,12.9,-23.130491,-42.644218
EDUARDO COSTA,2024-03-25 22:42:47,254.7,12.9,-23.130831,-42.653998
EDUARDO COSTA,2024-03-25 23:15:09,276.8,12.9,-23.12703,-42.777751
EDUARDO COSTA,2024-03-25 23:17:10,276.9,12.7,-23.124498,-42.785033
EDUARDO COSTA,2024-03-25 23:21:07,277.1,12.7,-23.119515,-42.79931
EDUARDO COSTA,2024-03-25 23:38:48,275.6,12.4,-23.097498,-42.862498
EDUARDO COSTA,2024-03-25 23:43:18,277.0,12.7,-23.091976,-42.878628
EDUARDO COSTA,2024-03-26 00:14:58,278.3,9.1,-23.055108,-42.984231
EDUARDO COSTA,2024-03-26 00:29:31,281.1,9.2,-23.040998,-43.021831
EDUARDO COSTA,2024-03-26 00:41:38,279.6,9.4,-23.028886,-43.053625
EDUARDO COSTA,2024-03-26 00:48:47,279.9,9.4,-23.021831,-43.072498
EDUARDO COSTA,2024-03-26 01:02:47,273.8,9.3,-23.008498,-43.109665
EDUARDO COSTA,2024-03-26 01:24:54,349.3,5.9,-22.985513,-43.140091
EDUARDO COSTA,2024-03-26 02:30:21,356.6,6.0,-22.828665,-43.151331
EDUARDO COSTA,2024-03-26 02:37:02,352.1,3.8,-22.819998,-43.150331
EDUARDO COSTA,2024-03-26 03:46:50,2.4,0.0,-22.805431,-43.150658
EDUARDO COSTA,2024-03-26 16:13:49,2.8,0.0,-22.805388,-43.150663
EDUARDO COSTA,2024-03-27 06:28:50,3.8,0.0,-22.805331,-43.150665
EDUARDO COSTA,2024-03-27 14:13:30,3.1,0.0,-22.805331,-43.150665
EDUARDO COSTA,2024-03-28 04:02:14,2.4,0.0,-22.805498,-43.150665
EDUARDO COSTA,2024-03-28 04:08:03,2.5,0.0,-22.805405,-43.150661
EDUARDO COSTA,2024-03-28 04:10:14,2.6,0.0,-22.805405,-43.15066
EDUARDO COSTA,2024-03-28 04:41:52,2.8,0.0,-22.805498,-43.150665
EDUARDO COSTA,2024-03-28 04:45:33,2.8,0.0,-22.805331,-43.150665
EDUARDO COSTA,2024-03-28 06:20:47,172.7,8.2,-22.956075,-43.141275
EDUARDO COSTA,2024-03-28 06:22:57,171.9,8.4,-22.961133,-43.141651
EDUARDO COSTA,2024-03-28 06:27:14,169.5,8.7,-22.971331,-43.142165
EDUARDO COSTA,2024-03-28 06:40:20,140.6,8.7,-23.002796,-43.135225
EDUARDO COSTA,2024-03-28 07:08:27,118.0,9.3,-23.052243,-43.079195
EDUARDO COSTA,2024-03-28 07:12:13,119.1,11.4,-23.059606,-43.070391
EDUARDO COSTA,2024-03-28 07:14:32,120.0,12.0,-23.064831,-43.064331
EDUARDO COSTA,2024-03-28 07:19:24,152.1,12.0,-23.078231,-43.054448
EDUARDO COSTA,2024-03-28 09:15:50,232.6,12.9,-23.257365,-43.438138
EDUARDO COSTA,2024-03-28 10:56:54,227.8,13.6,-23.417288,-43.798248
EDUARDO COSTA,2024-03-28 12:11:27,227.6,13.7,-23.550165,-44.072165
EDUARDO COSTA,2024-03-28 12:14:08,227.8,13.6,-23.554918,-44.082018
EDUARDO COSTA,2024-03-28 12:36:48,230.6,13.6,-23.595903,-44.165631
EDUARDO COSTA,2024-03-28 12:49:42,231.5,13.6,-23.61768,-44.213245
EDUARDO COSTA,2024-03-28 13:12:49,233.4,13.0,-23.651498,-44.299498
EDUARDO COSTA,2024-03-28 13:23:49,232.3,13.3,-23.668176,-44.339703
EDUARDO COSTA,2024-03-28 14:08:56,231.5,13.8,-23.744331,-44.508998
EDUARDO COSTA,2024-03-28 16:06:14,230.2,13.7,-23.943498,-44.942831
EDUARDO COSTA,2024-03-28 16:45:23,229.2,13.9,-24.008988,-45.089735
EDUARDO COSTA,2024-03-28 16:51:21,230.0,13.6,-24.019498,-45.111998
EDUARDO COSTA,2024-03-28 17:15:29,227.4,13.7,-24.060678,-45.20022
EDUARDO COSTA,2024-03-28 18:10:33,296.5,12.8,-24.033615,-45.408661
EDUARDO COSTA,2024-03-28 18:20:40,290.2,12.2,-24.012165,-45.439498
EDUARDO COSTA,2024-03-28 18:53:47,264.0,7.4,-23.98084,-45.534478
EDUARDO COSTA,2024-03-28 19:12:01,295.6,0.4,-23.976998,-45.551831
EDUARDO COSTA,2024-03-28 19:29:03,33.8,0.3,-23.977128,-45.551996
EDUARDO COSTA,2024-03-28 20:21:01,355.0,9.0,-23.947331,-45.548498
EDUARDO COSTA,2024-03-28 21:26:22,82.5,0.3,-23.918665,-45.544331
EDUARDO COSTA,2024-03-28 21:33:16,33.0,0.0,-23.918498,-45.544165
EDUARDO COSTA,2024-03-28 21:58:55,36.1,0.0,-23.918538,-45.54416
EDUARDO COSTA,2024-03-28 22:34:21,40.2,0.1,-23.918498,-45.544165
EDUARDO COSTA,2024-03-29 00:29:19,199.6,0.1,-23.916665,-45.545331
EDUARDO COSTA,2024-03-29 07:56:21,342.9,0.3,-23.917578,-45.546148
EDUARDO COSTA,2024-03-29 19:38:28,301.6,0.6,-23.91839,-45.54474
EDUARDO COSTA,2024-03-29 21:05:30,118.7,0.1,-23.918498,-45.543665
EDUARDO COSTA,2024-03-29 22:16:59,49.5,2.5,-23.913861,-45.536636
EDUARDO COSTA,2024-03-30 00:11:09,235.1,2.1,-23.79681,-45.380948
EDUARDO COSTA,2024-03-30 02:44:24,208.3,0.0,-23.800905,-45.384806
EDUARDO COSTA,2024-03-30 03:53:24,208.3,0.0,-23.800885,-45.384833
EDUARDO COSTA,2024-03-30 19:32:23,207.8,0.0,-23.800831,-45.384831
EDUARDO COSTA,2024-03-31 05:29:22,208.3,0.0,-23.80087,-45.38486
EDUARDO COSTA,2024-03-31 17:14:16,87.9,13.0,-23.993498,-45.410665
EDUARDO COSTA,2024-03-31 17:14:49,87.0,13.0,-23.993801,-45.4086
EDUARDO COSTA,2024-03-31 17:15:07,86.4,13.0,-23.994008,-45.407291
EDUARDO COSTA,2024-03-31 17:15:16,87.0,13.1,-23.994165,-45.406665
EDUARDO COSTA,2024-03-31 17:17:16,85.1,13.3,-23.995331,-45.398831
EDUARDO COSTA,2024-03-31 17:19:16,85.5,13.4,-23.996498,-45.390831
EDUARDO COSTA,2024-03-31 17:24:16,84.5,13.5,-23.999246,-45.370408
EDUARDO COSTA,2024-03-31 17:38:29,83.8,13.4,-24.005665,-45.312165
EDUARDO COSTA,2024-03-31 17:48:58,83.2,13.3,-24.010331,-45.269998
EDUARDO COSTA,2024-03-31 18:24:30,61.2,13.7,-23.982831,-45.129498
EDUARDO COSTA,2024-03-31 19:38:27,64.9,12.9,-23.913165,-44.846665
EDUARDO COSTA,2024-03-31 19:46:08,64.7,12.9,-23.906845,-44.817236
EDUARDO COSTA,2024-03-31 20:13:48,58.1,12.8,-23.875091,-44.714805
EDUARDO COSTA,2024-03-31 20:15:57,58.1,12.9,-23.872498,-44.706831
EDUARDO COSTA,2024-03-31 20:47:09,63.7,13.1,-23.843165,-44.587831
EDUARDO COSTA,2024-03-31 20:53:59,63.4,13.1,-23.83717,-44.561418
EDUARDO COSTA,2024-03-31 21:22:20,61.8,13.2,-23.810998,-44.451998
EDUARDO COSTA,2024-03-31 21:29:47,60.8,13.3,-23.80327,-44.423136
EDUARDO COSTA,2024-03-31 23:12:09,58.2,13.1,-23.686728,-44.026983
EDUARDO COSTA,2024-03-31 23:15:06,56.8,13.2,-23.682998,-44.016165
EDUARDO COSTA,2024-04-01 00:02:48,63.7,12.9,-23.628498,-43.834665
EDUARDO COSTA,2024-04-01 00:09:38,63.9,12.8,-23.622761,-43.808516
EDUARDO COSTA,2024-04-01 00:13:18,63.3,12.9,-23.619498,-43.794665
EDUARDO COSTA,2024-04-01 00:30:48,63.9,12.9,-23.604665,-43.727665
EDUARDO COSTA,2024-04-01 01:51:52,58.5,12.8,-23.528665,-43.419998
EDUARDO COSTA,2024-04-01 02:27:58,61.1,13.1,-23.492665,-43.282831
EDUARDO COSTA,2024-04-01 02:30:08,61.7,13.1,-23.490331,-43.274498
EDUARDO COSTA,2024-04-01 03:05:59,62.1,13.0,-23.454165,-43.138165
EDUARDO COSTA,2024-04-01 03:09:55,61.7,12.8,-23.45024,-43.123405
EDUARDO COSTA,2024-04-01 03:35:09,61.0,12.6,-23.425498,-43.028998
EDUARDO COSTA,2024-04-01 05:03:19,59.9,12.7,-23.34032,-42.702156
EDUARDO COSTA,2024-04-01 05:43:37,57.7,13.0,-23.29781,-42.552611
EDUARDO COSTA,2024-04-01 05:44:16,58.7,12.9,-23.297058,-42.550195
EDUARDO COSTA,2024-04-01 05:44:55,59.2,12.9,-23.296331,-42.547831
EDUARDO COSTA,2024-04-01 05:45:16,58.8,12.9,-23.295915,-42.546468
EDUARDO COSTA,2024-04-01 05:45:37,58.8,13.0,-23.295498,-42.545165
EDUARDO COSTA,2024-04-01 05:46:06,59.5,12.9,-23.294965,-42.543353
EDUARDO COSTA,2024-04-01 05:47:37,60.4,13.0,-23.293331,-42.537665
EDUARDO COSTA,2024-04-01 05:48:15,59.7,12.9,-23.292665,-42.535331
EDUARDO COSTA,2024-04-01 05:54:28,58.1,12.9,-23.285511,-42.512318
EDUARDO COSTA,2024-04-01 05:59:49,58.9,12.9,-23.279385,-42.492453
EDUARDO COSTA,2024-04-01 06:46:17,69.4,12.8,-23.227323,-42.318178
EDUARDO COSTA,2024-04-01 07:04:18,58.5,12.8,-23.215993,-42.249808
EDUARDO COSTA,2024-04-01 07:36:39,59.6,13.0,-23.180308,-42.128875
EDUARDO COSTA,2024-04-01 07:56:59,60.5,12.8,-23.158165,-42.052831
EDUARDO COSTA,2024-04-01 08:45:19,40.6,12.8,-23.062953,-41.895373
EDUARDO COSTA,2024-04-01 08:50:19,40.4,12.8,-23.051996,-41.880011
EDUARDO COSTA,2024-04-01 09:39:18,42.7,12.8,-22.929665,-41.741998
EDUARDO COSTA,2024-04-01 11:06:58,29.0,13.1,-22.730876,-41.472268
EDUARDO COSTA,2024-04-01 11:43:38,42.4,12.9,-22.646165,-41.361331
EDUARDO COSTA,2024-04-01 11:46:15,43.6,12.9,-22.640831,-41.352831
EDUARDO COSTA,2024-04-01 12:42:08,37.1,12.6,-22.523995,-41.181646
EDUARDO COSTA,2024-04-01 13:02:02,37.9,12.6,-22.478998,-41.123165
EDUARDO COSTA,2024-04-01 13:46:08,37.6,12.7,-22.385663,-40.988763
EDUARDO COSTA,2024-04-01 14:37:42,36.8,12.7,-22.263998,-40.841665
EDUARDO COSTA,2024-04-01 15:00:17,37.1,13.0,-22.210193,-40.77623
EDUARDO COSTA,2024-04-01 15:34:29,38.6,13.1,-22.132045,-40.671246
EDUARDO COSTA,2024-04-01 16:00:42,38.2,13.2,-22.072218,-40.589958
EDUARDO COSTA,2024-04-01 16:00:47,39.9,13.2,-22.072065,-40.589751
EDUARDO COSTA,2024-04-01 16:03:39,38.6,13.2,-22.065498,-40.580831
EDUARDO COSTA,2024-04-01 16:04:26,38.6,13.2,-22.063715,-40.578336
EDUARDO COSTA,2024-04-01 16:41:51,10.8,12.8,-21.961665,-40.490165
EDUARDO COSTA,2024-04-01 16:44:51,7.6,12.8,-21.951831,-40.485831
EDUARDO COSTA,2024-04-01 17:19:22,4.6,12.7,-21.834998,-40.445165
EDUARDO COSTA,2024-04-01 17:25:32,5.2,12.6,-21.814165,-40.438165
EDUARDO COSTA,2024-04-01 17:35:21,4.8,12.6,-21.780831,-40.427331
EDUARDO COSTA,2024-04-01 17:45:39,7.9,12.7,-21.745998,-40.415831
EDUARDO COSTA,2024-04-01 18:12:25,4.1,12.9,-21.654565,-40.388043
EDUARDO COSTA,2024-04-01 18:43:51,8.1,12.4,-21.548998,-40.349331
EDUARDO COSTA,2024-04-01 18:47:48,8.6,12.4,-21.536106,-40.344425
EDUARDO COSTA,2024-04-01 19:49:27,15.0,12.2,-21.329906,-40.27774
EDUARDO COSTA,2024-04-01 20:23:48,1.6,12.8,-21.212053,-40.242758
EDUARDO COSTA,2024-04-01 20:29:17,3.7,12.8,-21.192998,-40.237331
EDUARDO COSTA,2024-04-01 20:31:41,1.9,12.9,-21.184665,-40.234831
EDUARDO COSTA,2024-04-01 21:15:35,4.1,12.7,-21.032831,-40.188498
EDUARDO COSTA,2024-04-01 21:23:32,4.3,12.8,-21.005831,-40.179831
EDUARDO COSTA,2024-04-01 21:41:41,4.4,12.8,-20.943758,-40.158836
EDUARDO COSTA,2024-04-01 22:56:42,5.0,12.9,-20.685831,-40.070165
EDUARDO COSTA,2024-04-01 22:59:56,3.9,12.9,-20.674831,-40.066498
EDUARDO COSTA,2024-04-01 23:03:19,3.2,12.9,-20.663098,-40.062593
EDUARDO COSTA,2024-04-01 23:05:43,4.0,12.9,-20.654786,-40.059898
EDUARDO COSTA,2024-04-01 23:07:46,4.5,12.9,-20.647665,-40.057498
EDUARDO COSTA,2024-04-01 23:53:49,6.7,13.0,-20.488165,-40.002665
EDUARDO COSTA,2024-04-02 00:01:46,5.8,12.9,-20.460831,-39.992665
EDUARDO COSTA,2024-04-02 00:15:11,6.2,12.7,-20.415331,-39.975831
EDUARDO COSTA,2024-04-02 00:22:42,7.2,13.1,-20.389665,-39.966665
EDUARDO COSTA,2024-04-02 00:33:58,7.0,13.2,-20.35071,-39.952001
EDUARDO COSTA,2024-04-02 00:34:15,6.7,13.2,-20.349665,-39.951665
EDUARDO COSTA,2024-04-02 00:56:47,6.4,13.0,-20.272638,-39.923471
EDUARDO COSTA,2024-04-02 01:29:09,3.7,13.2,-20.159435,-39.886898
EDUARDO COSTA,2024-04-02 01:31:27,4.4,13.3,-20.151293,-39.884353
EDUARDO COSTA,2024-04-02 02:02:45,4.4,13.1,-20.040971,-39.849578
EDUARDO COSTA,2024-04-02 02:04:53,4.8,13.2,-20.033426,-39.847191
EDUARDO COSTA,2024-04-02 02:07:44,5.0,13.2,-20.023331,-39.843998
EDUARDO COSTA,2024-04-02 02:11:29,24.4,12.9,-20.011523,-39.837288
EDUARDO COSTA,2024-04-02 02:37:41,25.5,13.4,-19.93356,-39.776478
EDUARDO COSTA,2024-04-02 02:45:41,28.1,13.3,-19.910496,-39.756456
EDUARDO COSTA,2024-04-02 03:13:00,28.9,13.3,-19.832331,-39.687831
EDUARDO COSTA,2024-04-02 03:17:39,26.6,13.2,-19.818998,-39.676165
EDUARDO COSTA,2024-04-02 03:53:29,26.4,13.1,-19.716165,-39.586998
EDUARDO COSTA,2024-04-02 03:59:46,26.8,13.0,-19.698665,-39.571665
EDUARDO COSTA,2024-04-02 04:02:02,28.8,12.9,-19.692343,-39.566038
EDUARDO COSTA,2024-04-02 04:07:02,26.5,13.0,-19.678331,-39.553831
EDUARDO COSTA,2024-04-02 04:21:57,26.7,13.4,-19.635953,-39.516786
EDUARDO COSTA,2024-04-02 04:23:24,27.7,13.3,-19.631831,-39.513165
EDUARDO COSTA,2024-04-02 04:23:26,27.4,13.3,-19.631665,-39.512998
EDUARDO COSTA,2024-04-02 04:23:30,27.6,13.3,-19.631448,-39.512848
EDUARDO COSTA,2024-04-02 04:23:43,27.3,13.3,-19.630831,-39.512331
EDUARDO COSTA,2024-04-02 04:23:50,27.6,13.3,-19.630488,-39.51201
EDUARDO COSTA,2024-04-02 04:23:53,27.4,13.3,-19.630331,-39.511831
EDUARDO COSTA,2024-04-02 04:24:57,28.3,13.3,-19.627348,-39.509216
EDUARDO COSTA,2024-04-02 04:25:17,28.2,13.3,-19.626351,-39.508323
EDUARDO COSTA,2024-04-02 04:26:31,27.7,13.3,-19.622871,-39.505245
EDUARDO COSTA,2024-04-02 04:54:32,27.9,13.3,-19.542325,-39.435726
EDUARDO COSTA,2024-04-02 04:58:06,26.5,13.3,-19.532165,-39.426831
EDUARDO COSTA,2024-04-02 05:00:28,27.3,13.3,-19.525331,-39.420831
EDUARDO COSTA,2024-04-02 05:15:12,28.5,13.0,-19.483533,-39.383905
EDUARDO COSTA,2024-04-02 05:46:38,25.5,13.3,-19.39493,-39.304356
EDUARDO COSTA,2024-04-02 06:34:35,24.4,13.4,-19.254665,-39.186498
EDUARDO COSTA,2024-04-02 06:57:35,27.7,13.4,-19.188998,-39.128665
EDUARDO COSTA,2024-04-02 07:01:09,28.6,13.5,-19.178665,-39.119498
EDUARDO COSTA,2024-04-02 07:51:09,26.9,13.5,-19.034665,-38.990498
EDUARDO COSTA,2024-04-02 08:38:48,25.0,13.6,-18.892088,-38.875866
EDUARDO COSTA,2024-04-02 09:32:36,27.2,13.4,-18.732831,-38.742165
EDUARDO COSTA,2024-04-02 09:37:51,25.7,13.4,-18.717331,-38.729331
EDUARDO COSTA,2024-04-02 10:29:02,26.6,13.3,-18.567178,-38.604131
EDUARDO COSTA,2024-04-02 10:29:29,26.6,13.3,-18.565831,-38.602998
EDUARDO COSTA,2024-04-02 10:43:49,28.3,13.3,-18.524643,-38.567705
EDUARDO COSTA,2024-04-02 10:46:52,27.7,13.2,-18.515831,-38.560331
EDUARDO COSTA,2024-04-02 11:03:15,24.4,12.7,-18.469498,-38.520831
EDUARDO COSTA,2024-04-02 11:05:39,24.7,12.8,-18.462665,-38.515331
EDUARDO COSTA,2024-04-02 11:10:21,24.8,12.9,-18.449331,-38.504498
EDUARDO COSTA,2024-04-02 11:14:54,27.4,13.0,-18.436331,-38.493998
EDUARDO COSTA,2024-04-02 11:22:42,28.8,12.5,-18.416106,-38.474263
EDUARDO COSTA,2024-04-02 12:18:49,29.0,11.9,-18.276665,-38.340498
EDUARDO COSTA,2024-04-02 12:34:21,32.7,12.2,-18.240665,-38.301165
EDUARDO COSTA,2024-04-02 12:50:26,26.7,12.0,-18.197831,-38.265998
EDUARDO COSTA,2024-04-02 13:46:59,26.6,12.0,-18.048665,-38.140998
EDUARDO COSTA,2024-04-02 14:37:20,9.5,11.9,-17.899498,-38.062165
EDUARDO COSTA,2024-04-02 16:17:49,5.5,11.9,-17.586688,-37.94429
EDUARDO COSTA,2024-04-02 16:20:49,3.4,12.1,-17.577046,-37.941308
EDUARDO COSTA,2024-04-02 16:22:38,5.1,12.2,-17.570998,-37.939498
EDUARDO COSTA,2024-04-02 16:22:47,4.5,12.2,-17.570508,-37.939268
EDUARDO COSTA,2024-04-02 16:59:39,8.6,12.0,-17.452665,-37.896665
EDUARDO COSTA,2024-04-02 17:45:08,22.0,11.7,-17.311738,-37.838976
EDUARDO COSTA,2024-04-02 17:47:09,20.0,11.9,-17.305591,-37.836506
EDUARDO COSTA,2024-04-02 18:54:44,11.1,11.6,-17.098665,-37.748665
EDUARDO COSTA,2024-04-02 18:58:34,12.4,11.5,-17.087495,-37.743143
EDUARDO COSTA,2024-04-02 20:01:29,8.7,11.5,-16.898665,-37.666498
EDUARDO COSTA,2024-04-02 20:05:59,9.3,11.4,-16.88521,-37.660895
EDUARDO COSTA,2024-04-02 20:35:58,9.5,11.4,-16.796498,-37.622831
EDUARDO COSTA,2024-04-02 20:39:52,10.8,11.5,-16.784998,-37.617831
EDUARDO COSTA,2024-04-02 21:09:58,9.4,11.4,-16.696806,-37.58025
EDUARDO COSTA,2024-04-02 21:17:17,8.7,11.6,-16.675006,-37.570923
EDUARDO COSTA,2024-04-02 21:56:50,5.8,12.0,-16.553998,-37.524998
EDUARDO COSTA,2024-04-02 22:05:09,6.5,11.8,-16.527613,-37.515578
EDUARDO COSTA,2024-04-02 22:07:38,6.5,11.7,-16.519998,-37.512831
EDUARDO COSTA,2024-04-02 22:55:25,6.5,11.8,-16.370831,-37.456331
EDUARDO COSTA,2024-04-02 22:59:56,7.8,11.8,-16.356831,-37.450998
EDUARDO COSTA,2024-04-02 23:25:42,8.6,11.8,-16.275331,-37.420331
EDUARDO COSTA,2024-04-03 00:28:32,8.0,12.4,-16.072305,-37.347861
EDUARDO COSTA,2024-04-03 00:28:34,7.3,12.4,-16.072165,-37.347831
EDUARDO COSTA,2024-04-03 00:28:59,7.8,12.4,-16.070831,-37.347331
EDUARDO COSTA,2024-04-03 00:29:59,8.2,12.4,-16.067498,-37.345998
EDUARDO COSTA,2024-04-03 00:30:11,9.1,12.4,-16.066865,-37.34576
EDUARDO COSTA,2024-04-03 00:30:48,8.6,12.4,-16.064865,-37.344956
EDUARDO COSTA,2024-04-03 00:34:28,7.9,12.4,-16.053023,-37.340301
EDUARDO COSTA,2024-04-03 01:12:02,6.7,12.3,-15.931733,-37.292996
EDUARDO COSTA,2024-04-03 01:39:42,7.8,12.1,-15.842665,-37.259331
EDUARDO COSTA,2024-04-03 01:45:38,8.3,11.9,-15.823831,-37.252665
EDUARDO COSTA,2024-04-03 01:47:49,8.9,11.9,-15.816993,-37.24993
EDUARDO COSTA,2024-04-03 02:08:59,8.0,12.0,-15.750665,-37.225165
EDUARDO COSTA,2024-04-03 02:11:55,6.7,12.1,-15.741331,-37.221665
EDUARDO COSTA,2024-04-03 02:14:38,7.7,12.1,-15.732665,-37.218498
EDUARDO COSTA,2024-04-03 02:20:18,10.0,12.1,-15.714755,-37.211213
EDUARDO COSTA,2024-04-03 02:23:49,10.1,12.0,-15.703833,-37.206598
EDUARDO COSTA,2024-04-03 02:49:56,9.8,12.2,-15.621831,-37.172831
EDUARDO COSTA,2024-04-03 03:03:18,9.9,12.0,-15.579665,-37.155831
EDUARDO COSTA,2024-04-03 03:29:39,7.9,12.4,-15.495805,-37.121958
EDUARDO COSTA,2024-04-03 03:49:48,8.0,12.2,-15.431428,-37.096458
EDUARDO COSTA,2024-04-03 03:53:59,8.0,12.3,-15.41813,-37.091176
EDUARDO COSTA,2024-04-03 03:57:19,8.6,12.3,-15.407413,-37.08687
EDUARDO COSTA,2024-04-03 03:59:32,7.6,12.3,-15.400165,-37.083998
EDUARDO COSTA,2024-04-03 04:34:28,7.4,12.0,-15.288665,-37.040498
EDUARDO COSTA,2024-04-03 04:36:57,7.8,12.0,-15.280911,-37.037493
EDUARDO COSTA,2024-04-03 04:37:06,7.6,12.0,-15.280498,-37.037331
EDUARDO COSTA,2024-04-03 04:37:57,8.1,12.0,-15.27776,-37.036268
EDUARDO COSTA,2024-04-03 04:38:57,8.2,12.0,-15.27461,-37.035023
EDUARDO COSTA,2024-04-03 04:39:57,8.0,12.1,-15.271453,-37.033766
EDUARDO COSTA,2024-04-03 04:42:20,7.8,12.2,-15.263838,-37.030723
EDUARDO COSTA,2024-04-03 04:53:36,8.7,12.1,-15.227831,-37.016665
EDUARDO COSTA,2024-04-03 06:01:10,7.5,12.6,-15.007665,-36.932831
EDUARDO COSTA,2024-04-03 06:53:29,8.4,12.4,-14.837415,-36.866815
EDUARDO COSTA,2024-04-03 07:42:06,9.2,12.2,-14.680165,-36.803831
EDUARDO COSTA,2024-04-03 07:44:50,7.8,12.3,-14.671498,-36.800331
EDUARDO COSTA,2024-04-03 07:49:37,7.7,12.3,-14.655998,-36.794331
EDUARDO COSTA,2024-04-03 08:32:47,9.0,12.3,-14.516498,-36.739165
EDUARDO COSTA,2024-04-03 08:33:59,9.4,12.3,-14.512691,-36.73755
EDUARDO COSTA,2024-04-03 08:36:28,8.8,12.4,-14.504671,-36.734296
EDUARDO COSTA,2024-04-03 08:40:08,9.4,12.5,-14.492831,-36.729498
EDUARDO COSTA,2024-04-03 08:43:18,8.8,12.5,-14.482498,-36.725331
EDUARDO COSTA,2024-04-03 09:34:15,4.0,12.3,-14.318331,-36.659498
EDUARDO COSTA,2024-04-03 09:38:12,3.5,12.4,-14.305165,-36.655498
EDUARDO COSTA,2024-04-03 09:43:18,4.6,12.2,-14.288331,-36.650498
EDUARDO COSTA,2024-04-03 09:48:49,3.6,12.1,-14.2702,-36.645236
EDUARDO COSTA,2024-04-03 10:21:22,4.7,12.3,-14.162331,-36.612498
EDUARDO COSTA,2024-04-03 10:23:09,5.3,12.4,-14.156493,-36.610546
EDUARDO COSTA,2024-04-03 10:59:18,8.9,12.1,-14.039665,-36.567165
EDUARDO COSTA,2024-04-03 10:59:38,8.7,12.1,-14.038611,-36.566758
EDUARDO COSTA,2024-04-03 11:01:38,7.9,12.2,-14.032221,-36.56426
EDUARDO COSTA,2024-04-03 12:35:02,9.7,12.1,-13.738401,-36.443546
EDUARDO COSTA,2024-04-03 12:45:48,9.4,12.3,-13.704665,-36.429498
EDUARDO COSTA,2024-04-03 13:37:39,7.5,12.2,-13.538998,-36.366998
EDUARDO COSTA,2024-04-03 14:26:29,7.8,11.9,-13.386165,-36.305498
EDUARDO COSTA,2024-04-03 14:36:28,6.5,11.9,-13.354965,-36.293803
EDUARDO COSTA,2024-04-03 14:41:22,4.8,11.9,-13.339665,-36.288165
EDUARDO COSTA,2024-04-03 14:47:20,6.5,11.8,-13.320998,-36.281498
EDUARDO COSTA,2024-04-03 15:14:29,6.4,12.3,-13.234995,-36.250305
EDUARDO COSTA,2024-04-03 15:17:18,5.9,12.3,-13.225831,-36.246998
EDUARDO COSTA,2024-04-03 15:19:39,7.3,12.1,-13.218303,-36.24426
EDUARDO COSTA,2024-04-03 15:22:59,6.8,12.1,-13.207635,-36.240343
EDUARDO COSTA,2024-04-03 16:28:52,8.8,11.9,-13.003831,-36.160998
EDUARDO COSTA,2024-04-03 16:38:47,6.5,11.5,-12.972831,-36.149331
EDUARDO COSTA,2024-04-03 16:39:06,7.7,11.6,-12.971898,-36.148901
EDUARDO COSTA,2024-04-03 16:39:56,7.2,11.6,-12.96937,-36.14794
EDUARDO COSTA,2024-04-03 16:40:06,7.4,11.5,-12.968865,-36.147748
EDUARDO COSTA,2024-04-03 16:40:20,8.1,11.6,-12.96816,-36.14748
EDUARDO COSTA,2024-04-03 16:40:23,8.1,11.5,-12.967998,-36.147498
EDUARDO COSTA,2024-04-03 16:40:47,7.7,11.5,-12.966831,-36.146998
EDUARDO COSTA,2024-04-03 16:40:56,7.8,11.6,-12.966345,-36.14678
EDUARDO COSTA,2024-04-03 18:29:18,7.4,11.7,-12.635975,-36.019978
EDUARDO COSTA,2024-04-03 19:05:10,9.6,11.6,-12.526831,-35.978498
EDUARDO COSTA,2024-04-03 19:38:28,19.0,11.5,-12.425665,-35.938831
EDUARDO COSTA,2024-04-03 19:40:48,17.0,11.5,-12.418451,-35.936281
EDUARDO COSTA,2024-04-03 20:14:58,6.5,11.5,-12.314236,-35.899378
EDUARDO COSTA,2024-04-03 20:19:12,7.1,11.4,-12.301498,-35.894665
EDUARDO COSTA,2024-04-03 20:48:36,7.0,11.7,-12.211665,-35.861998
EDUARDO COSTA,2024-04-03 20:58:38,6.8,11.5,-12.180831,-35.850998
EDUARDO COSTA,2024-04-03 21:09:49,6.8,11.8,-12.146148,-35.83858
EDUARDO COSTA,2024-04-03 21:26:39,6.5,11.7,-12.09401,-35.81995
EDUARDO COSTA,2024-04-03 21:57:18,15.7,11.4,-12.003146,-35.78098
EDUARDO COSTA,2024-04-03 23:36:02,9.4,12.2,-11.704688,-35.662723
EDUARDO COSTA,2024-04-03 23:54:08,7.3,12.1,-11.647498,-35.640331
EDUARDO COSTA,2024-04-03 23:55:39,8.6,12.2,-11.642665,-35.638331
EDUARDO COSTA,2024-04-04 00:27:09,8.1,11.8,-11.544165,-35.600665
EDUARDO COSTA,2024-04-04 00:45:49,8.2,11.9,-11.486331,-35.578998
EDUARDO COSTA,2024-04-04 01:20:46,8.4,12.1,-11.376831,-35.538498
EDUARDO COSTA,2024-04-04 01:25:09,7.1,12.0,-11.362991,-35.533298
EDUARDO COSTA,2024-04-04 01:51:18,9.9,12.0,-11.280665,-35.501998
EDUARDO COSTA,2024-04-04 01:52:02,10.0,12.0,-11.278301,-35.501048
EDUARDO COSTA,2024-04-04 01:57:00,8.1,12.2,-11.262665,-35.494998
EDUARDO COSTA,2024-04-04 02:26:46,9.3,11.9,-11.169165,-35.457998
EDUARDO COSTA,2024-04-04 02:30:48,7.7,12.0,-11.156488,-35.452983
EDUARDO COSTA,2024-04-04 02:49:39,8.3,12.0,-11.097571,-35.429906
EDUARDO COSTA,2024-04-04 02:52:32,8.5,11.9,-11.088475,-35.426338
EDUARDO COSTA,2024-04-04 03:00:29,5.5,12.2,-11.063181,-35.416791
EDUARDO COSTA,2024-04-04 03:37:32,7.1,12.2,-10.943813,-35.373991
EDUARDO COSTA,2024-04-04 03:39:46,7.1,12.1,-10.936665,-35.371331
EDUARDO COSTA,2024-04-04 03:46:38,8.0,12.4,-10.914665,-35.363165
EDUARDO COSTA,2024-04-04 04:37:50,8.9,12.3,-10.751331,-35.297665
EDUARDO COSTA,2024-04-04 04:52:50,9.9,12.4,-10.702998,-35.277831
EDUARDO COSTA,2024-04-04 04:54:08,9.1,12.4,-10.698831,-35.275998
EDUARDO COSTA,2024-04-04 04:54:37,9.5,12.5,-10.697193,-35.275413
EDUARDO COSTA,2024-04-04 04:55:54,9.5,12.5,-10.692998,-35.273665
EDUARDO COSTA,2024-04-04 05:57:49,356.5,12.8,-10.482661,-35.22326
EDUARDO COSTA,2024-04-04 06:48:32,357.8,13.0,-10.301986,-35.19331
EDUARDO COSTA,2024-04-04 06:50:49,358.1,13.1,-10.293831,-35.191665
EDUARDO COSTA,2024-04-04 07:35:21,357.8,12.8,-10.136498,-35.162831
EDUARDO COSTA,2024-04-04 07:40:09,358.3,12.9,-10.119665,-35.159165
EDUARDO COSTA,2024-04-04 07:44:49,359.6,12.9,-10.103181,-35.155736
EDUARDO COSTA,2024-04-04 08:10:28,356.5,12.9,-10.012115,-35.137281
EDUARDO COSTA,2024-04-04 08:29:28,355.3,12.9,-9.943998,-35.124831
EDUARDO COSTA,2024-04-04 08:33:32,356.0,12.8,-9.929498,-35.122665
EDUARDO COSTA,2024-04-04 08:35:40,355.4,12.9,-9.921831,-35.121665
EDUARDO COSTA,2024-04-04 08:38:40,356.4,12.8,-9.911165,-35.119998
EDUARDO COSTA,2024-04-04 08:42:52,355.0,12.8,-9.89616,-35.11783
EDUARDO COSTA,2024-04-04 08:47:59,354.9,12.9,-9.878065,-35.11519
EDUARDO COSTA,2024-04-04 09:11:18,356.6,12.9,-9.795213,-35.102113
EDUARDO COSTA,2024-04-04 09:16:02,357.0,12.7,-9.778498,-35.099331
EDUARDO COSTA,2024-04-04 09:18:23,355.6,12.7,-9.770201,-35.09801
EDUARDO COSTA,2024-04-04 09:24:29,357.3,12.7,-9.74873,-35.094418
EDUARDO COSTA,2024-04-04 09:27:19,356.2,12.9,-9.7387,-35.092735
EDUARDO COSTA,2024-04-04 09:51:18,356.2,12.9,-9.653268,-35.078416
EDUARDO COSTA,2024-04-04 09:53:30,355.7,12.8,-9.645498,-35.077165
EDUARDO COSTA,2024-04-04 10:15:42,359.0,12.9,-9.56645,-35.062078
EDUARDO COSTA,2024-04-04 11:57:38,2.7,12.6,-9.206086,-34.989106
EDUARDO COSTA,2024-04-04 12:23:57,357.0,12.7,-9.114165,-34.971331
EDUARDO COSTA,2024-04-04 12:40:17,356.6,12.8,-9.056831,-34.961498
EDUARDO COSTA,2024-04-04 13:29:37,357.9,12.7,-8.883443,-34.929876
EDUARDO COSTA,2024-04-04 13:34:14,356.8,12.7,-8.867405,-34.926856
EDUARDO COSTA,2024-04-04 13:39:08,355.3,12.7,-8.85028,-34.92386
EDUARDO COSTA,2024-04-04 14:21:02,0.9,12.6,-8.704665,-34.897998
EDUARDO COSTA,2024-04-04 14:21:32,1.7,12.5,-8.702998,-34.897665
EDUARDO COSTA,2024-04-04 14:25:45,0.6,12.6,-8.68846,-34.894081
EDUARDO COSTA,2024-04-04 14:52:40,1.0,12.8,-8.595331,-34.871498
EDUARDO COSTA,2024-04-04 15:27:29,355.0,12.6,-8.474746,-34.848381
EDUARDO COSTA,2024-04-04 15:32:02,341.3,12.2,-8.459165,-34.849498
EDUARDO COSTA,2024-04-05 02:02:41,139.7,0.0,-8.392968,-34.892778
EDUARDO COSTA,2024-04-05 02:50:41,142.9,0.0,-8.392998,-34.892665
EDUARDO COSTA,2024-04-05 03:17:42,58.2,0.1,-8.392831,-34.892498
EDUARDO COSTA,2024-04-05 17:14:39,189.8,0.0,-8.392331,-34.890998
EDUARDO COSTA,2024-04-06 01:38:42,149.9,0.0,-8.392528,-34.892123
EDUARDO COSTA,2024-04-06 17:26:40,157.0,0.0,-8.392498,-34.891831
EDUARDO COSTA,2024-04-07 08:41:40,136.7,0.0,-8.392865,-34.892616
EDUARDO COSTA,2024-04-07 18:38:40,254.9,0.2,-8.392498,-34.891831
EDUARDO COSTA,2024-04-08 02:29:40,166.8,0.0,-8.392498,-34.891831
EDUARDO COSTA,2024-04-08 13:11:40,123.8,0.0,-8.393093,-34.89289
EDUARDO COSTA,2024-04-09 00:26:39,139.9,0.0,-8.392796,-34.892576
EDUARDO COSTA,2024-04-09 18:35:43,338.6,0.0,-8.398415,-34.953071
EDUARDO COSTA,2024-04-10 17:02:43,339.1,0.0,-8.398348,-34.953125
EDUARDO COSTA,2024-04-11 10:56:43,339.3,0.0,-8.398331,-34.953165
EDUARDO COSTA,2024-04-11 17:26:44,339.0,0.0,-8.398411,-34.953113
EDUARDO COSTA,2024-04-12 04:08:10,155.1,0.0,-8.37937,-34.897085
EDUARDO COSTA,2024-04-12 15:59:12,243.3,0.1,-8.379498,-34.897331
EDUARDO COSTA,2024-04-12 22:32:12,149.6,0.0,-8.379498,-34.897331
EDUARDO COSTA,2024-04-12 23:32:10,151.2,0.0,-8.379516,-34.897271
EDUARDO COSTA,2024-04-13 16:11:15,63.4,0.1,-8.379498,-34.897331
EDUARDO COSTA,2024-04-13 21:50:10,150.3,0.0,-8.379455,-34.89725
EDUARDO COSTA,2024-04-14 00:11:11,156.2,0.0,-8.379385,-34.897213
EDUARDO COSTA,2024-04-14 04:41:11,154.4,0.0,-8.379498,-34.897331
EDUARDO COSTA,2024-04-14 14:35:21,201.2,0.3,-8.379715,-34.89595
EDUARDO COSTA,2024-04-14 14:40:20,133.0,0.4,-8.380275,-34.89605
EDUARDO COSTA,2024-04-14 15:13:47,242.4,5.8,-8.382346,-34.930475
EDUARDO COSTA,2024-04-14 15:15:57,237.8,5.5,-8.383095,-34.933838
EDUARDO COSTA,2024-04-14 15:18:24,235.8,4.7,-8.384165,-34.937165
EDUARDO COSTA,2024-04-14 15:47:47,178.9,0.8,-8.392998,-34.950665
EDUARDO COSTA,2024-04-14 15:52:46,161.2,0.9,-8.394288,-34.95079
EDUARDO COSTA,2024-04-14 16:22:37,204.8,0.0,-8.395998,-34.950165
EDUARDO COSTA,2024-04-14 16:30:02,204.8,0.0,-8.396071,-34.950213
EDUARDO COSTA,2024-04-14 16:31:42,204.8,0.0,-8.396073,-34.950213
EDUARDO COSTA,2024-04-14 16:32:12,204.8,0.0,-8.396073,-34.950213
EDUARDO COSTA,2024-04-14 22:16:44,204.4,0.0,-8.396025,-34.950245
EDUARDO COSTA,2024-04-14 22:40:44,204.0,0.0,-8.39601,-34.950226
EDUARDO COSTA,2024-04-15 05:25:44,204.1,0.0,-8.396051,-34.950216
EDUARDO COSTA,2024-04-15 09:37:43,204.6,0.0,-8.396048,-34.950223
EDUARDO COSTA,2024-04-15 11:01:45,204.8,0.0,-8.396061,-34.950221
EDUARDO COSTA,2024-04-15 11:37:03,55.2,7.3,-8.380348,-34.93115
EDUARDO COSTA,2024-04-15 11:40:04,67.0,7.2,-8.37857,-34.92534
EDUARDO COSTA,2024-04-15 11:50:51,91.7,5.1,-8.37789,-34.905863
EDUARDO COSTA,2024-04-15 14:52:05,164.2,0.0,-8.394668,-34.89083
EDUARDO COSTA,2024-04-15 15:23:48,355.8,3.7,-8.395498,-34.886331
EDUARDO COSTA,2024-04-15 15:28:38,315.6,5.8,-8.389758,-34.889095
EDUARDO COSTA,2024-04-15 15:56:45,249.6,3.5,-8.381165,-34.922331
EDUARDO COSTA,2024-04-15 16:00:14,251.5,3.6,-8.381411,-34.925781
EDUARDO COSTA,2024-04-15 16:10:51,240.9,4.4,-8.384928,-34.939275
EDUARDO COSTA,2024-04-15 16:18:51,237.9,3.7,-8.387455,-34.948281
EDUARDO COSTA,2024-04-15 16:21:18,221.2,3.1,-8.388556,-34.950348
EDUARDO COSTA,2024-04-15 16:34:32,178.7,0.7,-8.395498,-34.952665
EDUARDO COSTA,2024-04-15 21:36:07,159.5,0.0,-8.39718,-34.953615
EDUARDO COSTA,2024-04-16 05:00:08,159.6,0.0,-8.397211,-34.953576
EDUARDO COSTA,2024-04-16 05:03:07,159.7,0.0,-8.39721,-34.953578
EDUARDO COSTA,2024-04-16 14:25:55,341.6,1.7,-8.395665,-34.953165
EDUARDO COSTA,2024-04-16 14:28:18,298.6,1.5,-8.394498,-34.953498
EDUARDO COSTA,2024-04-16 14:59:39,61.7,8.4,-8.366556,-34.910945
EDUARDO COSTA,2024-04-16 15:18:45,58.9,10.7,-8.352331,-34.865498
EDUARDO COSTA,2024-04-16 15:34:27,29.0,11.1,-8.3349,-34.817608
EDUARDO COSTA,2024-04-16 15:37:43,24.1,11.6,-8.326341,-34.811721
EDUARDO COSTA,2024-04-16 15:40:59,24.5,11.9,-8.31775,-34.805021
EDUARDO COSTA,2024-04-16 15:44:06,24.9,12.0,-8.309498,-34.798665
EDUARDO COSTA,2024-04-16 16:04:46,23.6,12.1,-8.254146,-34.755661
EDUARDO COSTA,2024-04-16 16:08:19,23.5,12.2,-8.244595,-34.74828
EDUARDO COSTA,2024-04-16 16:09:45,24.9,12.1,-8.240665,-34.745331
EDUARDO COSTA,2024-04-16 16:11:46,24.0,12.1,-8.235165,-34.741165
EDUARDO COSTA,2024-04-16 16:13:19,24.2,12.0,-8.230965,-34.738006
EDUARDO COSTA,2024-04-16 16:13:52,25.3,12.1,-8.229493,-34.73686
EDUARDO COSTA,2024-04-16 16:57:42,54.2,2.6,-8.164673,-34.675578
EDUARDO COSTA,2024-04-16 17:01:06,12.1,2.8,-8.162806,-34.673913
EDUARDO COSTA,2024-04-16 17:05:09,18.7,2.8,-8.160041,-34.672286
EDUARDO COSTA,2024-04-16 20:03:50,347.5,8.1,-8.016165,-34.601165
EDUARDO COSTA,2024-04-16 20:42:18,347.1,12.1,-7.890748,-34.60082
EDUARDO COSTA,2024-04-16 21:04:32,346.6,12.1,-7.81534,-34.601335
EDUARDO COSTA,2024-04-16 21:08:45,346.6,12.1,-7.801108,-34.601416
EDUARDO COSTA,2024-04-16 21:12:44,346.9,12.0,-7.787661,-34.601571
EDUARDO COSTA,2024-04-16 21:13:39,346.8,12.0,-7.784665,-34.601665
EDUARDO COSTA,2024-04-16 21:15:32,345.4,11.9,-7.778296,-34.601686
EDUARDO COSTA,2024-04-16 21:18:26,347.7,11.9,-7.768575,-34.60177
EDUARDO COSTA,2024-04-16 21:47:19,348.0,12.0,-7.672165,-34.602665
EDUARDO COSTA,2024-04-16 21:49:29,345.8,12.0,-7.664895,-34.60275
EDUARDO COSTA,2024-04-16 21:54:56,346.7,11.8,-7.646831,-34.602498
EDUARDO COSTA,2024-04-16 22:00:49,348.9,12.0,-7.627165,-34.602165
EDUARDO COSTA,2024-04-16 22:04:03,348.1,12.0,-7.616425,-34.60187
EDUARDO COSTA,2024-04-16 22:25:57,350.2,11.9,-7.542493,-34.599385
EDUARDO COSTA,2024-04-16 22:48:57,352.2,11.9,-7.466513,-34.595061
EDUARDO COSTA,2024-04-16 22:51:39,350.6,12.0,-7.457498,-34.594331
EDUARDO COSTA,2024-04-16 22:58:53,351.2,12.0,-7.43295,-34.592655
EDUARDO COSTA,2024-04-16 23:22:22,352.8,12.0,-7.354395,-34.58557
EDUARDO COSTA,2024-04-17 00:49:04,353.2,12.1,-7.06701,-34.556333
EDUARDO COSTA,2024-04-17 00:49:12,351.7,12.1,-7.066616,-34.556303
EDUARDO COSTA,2024-04-17 00:49:18,352.4,12.1,-7.066225,-34.55626
EDUARDO COSTA,2024-04-17 00:49:25,352.7,12.1,-7.065826,-34.55622
EDUARDO COSTA,2024-04-17 00:52:29,353.9,12.2,-7.055498,-34.555165
EDUARDO COSTA,2024-04-17 00:54:55,352.8,12.3,-7.047165,-34.554331
EDUARDO COSTA,2024-04-17 00:55:21,353.2,12.4,-7.045538,-34.554191
EDUARDO COSTA,2024-04-17 01:48:13,332.8,12.9,-6.861026,-34.581708
EDUARDO COSTA,2024-04-17 02:41:02,334.5,13.4,-6.675853,-34.6393
EDUARDO COSTA,2024-04-17 02:44:15,331.2,13.5,-6.664068,-34.642298
EDUARDO COSTA,2024-04-17 02:48:09,333.4,13.4,-6.649831,-34.645831
EDUARDO COSTA,2024-04-17 02:52:12,331.1,13.4,-6.635241,-34.649841
EDUARDO COSTA,2024-04-17 03:30:11,333.0,13.5,-6.496541,-34.684988
EDUARDO COSTA,2024-04-17 03:35:26,333.1,13.4,-6.477498,-34.689331
EDUARDO COSTA,2024-04-17 03:37:57,334.5,13.3,-6.46837,-34.691506
EDUARDO COSTA,2024-04-17 03:40:57,334.1,13.4,-6.457438,-34.69395
EDUARDO COSTA,2024-04-17 03:58:25,337.2,13.2,-6.393558,-34.707078
EDUARDO COSTA,2024-04-17 04:04:42,333.0,13.1,-6.370851,-34.71167
EDUARDO COSTA,2024-04-17 04:29:55,333.3,13.5,-6.279665,-34.735331
EDUARDO COSTA,2024-04-17 04:36:28,331.4,13.4,-6.255831,-34.742165
EDUARDO COSTA,2024-04-17 04:40:15,329.2,13.4,-6.242165,-34.746165
EDUARDO COSTA,2024-04-17 05:21:29,332.1,13.5,-6.09263,-34.793758
EDUARDO COSTA,2024-04-17 07:45:59,333.0,13.6,-5.566886,-34.933278
EDUARDO COSTA,2024-04-17 08:33:31,332.5,13.9,-5.389181,-34.978843
EDUARDO COSTA,2024-04-17 08:36:33,333.3,13.9,-5.377665,-34.981831
EDUARDO COSTA,2024-04-17 08:59:01,331.9,13.7,-5.293995,-35.004638
EDUARDO COSTA,2024-04-17 09:01:15,330.5,13.9,-5.285831,-35.006998
EDUARDO COSTA,2024-04-17 09:04:25,330.5,13.8,-5.273998,-35.010665
EDUARDO COSTA,2024-04-17 09:06:27,332.5,13.8,-5.266498,-35.012831
EDUARDO COSTA,2024-04-17 09:23:24,332.5,13.8,-5.202998,-35.031331
EDUARDO COSTA,2024-04-17 09:29:44,332.0,13.7,-5.179538,-35.038121
EDUARDO COSTA,2024-04-17 09:35:00,330.8,13.6,-5.160263,-35.043675
EDUARDO COSTA,2024-04-17 09:40:51,332.0,13.7,-5.138665,-35.049665
EDUARDO COSTA,2024-04-17 09:46:47,331.2,13.8,-5.116831,-35.055665
EDUARDO COSTA,2024-04-17 10:17:17,289.4,13.7,-5.01522,-35.104175
EDUARDO COSTA,2024-04-17 10:19:26,289.0,13.8,-5.010831,-35.111165
EDUARDO COSTA,2024-04-17 10:21:34,288.0,13.8,-5.006498,-35.118331
EDUARDO COSTA,2024-04-17 10:43:14,293.1,13.5,-4.96072,-35.186796
EDUARDO COSTA,2024-04-17 10:47:10,294.9,13.5,-4.951916,-35.198725
EDUARDO COSTA,2024-04-17 11:18:52,286.8,12.8,-4.895331,-35.298665
EDUARDO COSTA,2024-04-17 11:20:46,285.7,12.8,-4.89201,-35.304463
EDUARDO COSTA,2024-04-17 11:22:43,286.6,12.8,-4.888468,-35.310528
EDUARDO COSTA,2024-04-17 12:32:37,288.3,12.7,-4.762998,-35.525998
EDUARDO COSTA,2024-04-17 12:45:20,285.5,12.9,-4.7398,-35.564931
EDUARDO COSTA,2024-04-17 12:46:43,286.6,13.0,-4.737331,-35.569331
EDUARDO COSTA,2024-04-17 13:59:14,289.3,12.8,-4.599983,-35.798015
EDUARDO COSTA,2024-04-17 14:37:13,287.8,13.0,-4.532165,-35.916998
EDUARDO COSTA,2024-04-17 15:01:54,289.0,13.4,-4.484931,-35.99578
EDUARDO COSTA,2024-04-17 15:06:40,289.1,13.4,-4.475528,-36.011061
EDUARDO COSTA,2024-04-17 15:09:26,288.4,13.4,-4.470138,-36.019926
EDUARDO COSTA,2024-04-17 15:10:41,288.3,13.4,-4.467743,-36.023868
EDUARDO COSTA,2024-04-17 15:15:33,289.1,13.5,-4.458331,-36.039665
EDUARDO COSTA,2024-04-17 15:18:10,290.0,13.5,-4.452781,-36.047886
EDUARDO COSTA,2024-04-17 15:43:03,286.8,13.8,-4.402308,-36.127636
EDUARDO COSTA,2024-04-17 15:46:57,287.2,14.0,-4.394665,-36.140665
EDUARDO COSTA,2024-04-17 15:49:46,286.7,13.9,-4.389498,-36.149665
EDUARDO COSTA,2024-04-17 15:53:00,285.4,13.9,-4.38326,-36.160696
EDUARDO COSTA,2024-04-17 15:56:50,285.4,13.9,-4.375998,-36.173665
EDUARDO COSTA,2024-04-17 15:59:26,285.6,13.9,-4.371331,-36.182665
EDUARDO COSTA,2024-04-17 16:01:48,284.9,14.0,-4.366831,-36.190665
EDUARDO COSTA,2024-04-17 20:05:29,281.4,13.4,-3.901375,-36.996981
EDUARDO COSTA,2024-04-17 20:48:51,291.7,13.7,-3.819676,-37.13903
EDUARDO COSTA,2024-04-17 20:52:29,291.8,13.6,-3.811883,-37.150465
EDUARDO COSTA,2024-04-17 20:53:56,293.0,13.7,-3.808688,-37.154985
EDUARDO COSTA,2024-04-17 20:56:05,290.0,13.8,-3.803998,-37.161665
EDUARDO COSTA,2024-04-17 20:58:49,291.7,13.7,-3.798,-37.17028
EDUARDO COSTA,2024-04-17 21:23:33,290.8,14.0,-3.744665,-37.250498
EDUARDO COSTA,2024-04-17 21:27:08,290.1,13.9,-3.736831,-37.262165
EDUARDO COSTA,2024-04-17 21:58:19,291.1,13.8,-3.671903,-37.362575
EDUARDO COSTA,2024-04-17 22:01:37,289.8,13.9,-3.664831,-37.373331
EDUARDO COSTA,2024-04-17 22:34:23,287.1,13.8,-3.602331,-37.484498
EDUARDO COSTA,2024-04-17 22:40:31,287.9,13.9,-3.590498,-37.505165
EDUARDO COSTA,2024-04-17 22:43:25,287.2,13.9,-3.584906,-37.51487
EDUARDO COSTA,2024-04-18 00:37:45,288.0,14.5,-3.352498,-37.901831
EDUARDO COSTA,2024-04-18 00:37:48,288.1,14.6,-3.352498,-37.901831
EDUARDO COSTA,2024-04-18 00:38:20,288.4,14.5,-3.351331,-37.903831
EDUARDO COSTA,2024-04-18 00:38:23,288.4,14.5,-3.351165,-37.903998
EDUARDO COSTA,2024-04-18 00:38:29,287.6,14.6,-3.350998,-37.904331
EDUARDO COSTA,2024-04-18 00:38:37,287.2,14.6,-3.350665,-37.904831
EDUARDO COSTA,2024-04-18 00:38:39,288.0,14.5,-3.350665,-37.904831
EDUARDO COSTA,2024-04-18 00:38:41,288.1,14.5,-3.350498,-37.904998
EDUARDO COSTA,2024-04-18 00:38:45,287.6,14.6,-3.350498,-37.905331
EDUARDO COSTA,2024-04-18 00:38:55,287.7,14.5,-3.350165,-37.905831
EDUARDO COSTA,2024-04-18 00:39:01,287.8,14.5,-3.349831,-37.906165
EDUARDO COSTA,2024-04-18 00:39:09,287.6,14.4,-3.349665,-37.906665
EDUARDO COSTA,2024-04-18 00:39:13,287.9,14.5,-3.349498,-37.906831
EDUARDO COSTA,2024-04-18 00:39:15,287.2,14.4,-3.349368,-37.907056
EDUARDO COSTA,2024-04-18 00:40:15,287.1,14.5,-3.347365,-37.910573
EDUARDO COSTA,2024-04-18 00:40:51,286.0,14.5,-3.346165,-37.912665
EDUARDO COSTA,2024-04-18 00:40:59,286.1,14.5,-3.345998,-37.913165
EDUARDO COSTA,2024-04-18 00:41:20,286.7,14.5,-3.345165,-37.914331
EDUARDO COSTA,2024-04-18 00:42:39,287.2,14.4,-3.342665,-37.918998
EDUARDO COSTA,2024-04-18 00:42:47,287.4,14.3,-3.342331,-37.919331
EDUARDO COSTA,2024-04-18 00:43:20,287.0,14.4,-3.341195,-37.921353
EDUARDO COSTA,2024-04-18 00:50:23,285.2,14.3,-3.327331,-37.945831
EDUARDO COSTA,2024-04-18 00:51:31,285.9,14.3,-3.325165,-37.949831
EDUARDO COSTA,2024-04-18 00:51:53,286.8,14.3,-3.324331,-37.950998
EDUARDO COSTA,2024-04-18 00:52:05,286.1,14.2,-3.323998,-37.951665
EDUARDO COSTA,2024-04-18 00:53:59,288.0,14.3,-3.320165,-37.958331
EDUARDO COSTA,2024-04-18 00:54:05,287.3,14.2,-3.319998,-37.958665
EDUARDO COSTA,2024-04-18 00:54:25,287.4,14.2,-3.319331,-37.959831
EDUARDO COSTA,2024-04-18 00:55:31,287.2,14.3,-3.317165,-37.963498
EDUARDO COSTA,2024-04-18 00:55:53,287.1,14.3,-3.316331,-37.964831
EDUARDO COSTA,2024-04-18 02:28:24,288.8,14.0,-3.128665,-38.279665
EDUARDO COSTA,2024-04-18 02:35:55,288.3,14.1,-3.113331,-38.304831
EDUARDO COSTA,2024-04-18 02:38:59,288.0,14.2,-3.106998,-38.315165
EDUARDO COSTA,2024-04-18 02:57:46,286.5,13.9,-3.068998,-38.377831
EDUARDO COSTA,2024-04-18 03:00:32,286.8,14.0,-3.063498,-38.387165
EDUARDO COSTA,2024-04-18 03:02:33,285.8,14.0,-3.059498,-38.393998
EDUARDO COSTA,2024-04-18 03:09:12,287.9,14.1,-3.046498,-38.416498
EDUARDO COSTA,2024-04-18 03:26:15,287.3,14.0,-3.012831,-38.473831
EDUARDO COSTA,2024-04-18 03:28:55,286.3,13.9,-3.007665,-38.482831
EDUARDO COSTA,2024-04-18 03:29:44,285.9,13.9,-3.005998,-38.485665
EDUARDO COSTA,2024-04-18 03:31:55,287.0,14.0,-3.001665,-38.492998
EDUARDO COSTA,2024-04-18 03:33:28,286.8,13.9,-2.998665,-38.498165
EDUARDO COSTA,2024-04-18 03:34:48,287.2,13.9,-2.996165,-38.502665
EDUARDO COSTA,2024-04-18 03:37:32,284.6,13.9,-2.990831,-38.511831
EDUARDO COSTA,2024-04-18 03:55:58,287.2,13.9,-2.954831,-38.573665
EDUARDO COSTA,2024-04-18 03:56:42,287.0,13.8,-2.953331,-38.576165
EDUARDO COSTA,2024-04-18 03:57:26,285.9,13.8,-2.951998,-38.578665
EDUARDO COSTA,2024-04-18 04:04:38,287.1,13.7,-2.938331,-38.602498
EDUARDO COSTA,2024-04-18 04:06:40,288.3,13.7,-2.934331,-38.609331
EDUARDO COSTA,2024-04-18 04:10:49,285.8,13.7,-2.926498,-38.623165
EDUARDO COSTA,2024-04-18 04:15:49,288.1,13.9,-2.917165,-38.640165
EDUARDO COSTA,2024-04-18 04:19:39,286.5,13.6,-2.909998,-38.652998
EDUARDO COSTA,2024-04-18 04:47:48,285.8,13.8,-2.857498,-38.746831
EDUARDO COSTA,2024-04-18 05:12:21,280.4,13.7,-2.813831,-38.829665
EDUARDO COSTA,2024-04-18 05:18:36,279.9,13.8,-2.804331,-38.851498
EDUARDO COSTA,2024-04-18 05:28:14,280.6,13.8,-2.789665,-38.885498
EDUARDO COSTA,2024-04-18 05:28:17,281.1,13.8,-2.789553,-38.885685
EDUARDO COSTA,2024-04-18 05:29:14,281.0,13.8,-2.788165,-38.888998
EDUARDO COSTA,2024-04-18 05:29:15,281.0,13.8,-2.788165,-38.888998
EDUARDO COSTA,2024-04-18 05:29:37,280.5,13.8,-2.787513,-38.890408
EDUARDO COSTA,2024-04-18 05:29:44,280.6,14.0,-2.787331,-38.890831
EDUARDO COSTA,2024-04-18 05:29:56,280.7,13.8,-2.786998,-38.891498
EDUARDO COSTA,2024-04-18 05:30:21,279.1,13.8,-2.786498,-38.892998
EDUARDO COSTA,2024-04-18 05:31:14,280.6,13.8,-2.785165,-38.896165
EDUARDO COSTA,2024-04-18 05:31:56,280.8,13.8,-2.783998,-38.898665
EDUARDO COSTA,2024-04-18 05:32:14,280.7,13.8,-2.783498,-38.899665
EDUARDO COSTA,2024-04-18 05:32:27,281.2,13.9,-2.783185,-38.900443
EDUARDO COSTA,2024-04-18 05:32:30,280.8,13.8,-2.783165,-38.900665
EDUARDO COSTA,2024-04-18 05:32:36,281.5,13.8,-2.782998,-38.900998
EDUARDO COSTA,2024-04-18 05:33:46,281.5,13.8,-2.781165,-38.904998
EDUARDO COSTA,2024-04-18 08:29:15,281.0,12.7,-2.523498,-39.519831
EDUARDO COSTA,2024-04-18 08:38:13,279.4,12.7,-2.511123,-39.549036
EDUARDO COSTA,2024-04-18 09:11:09,280.1,12.9,-2.465275,-39.658881
EDUARDO COSTA,2024-04-18 09:13:32,278.0,12.7,-2.462185,-39.666858
EDUARDO COSTA,2024-04-18 09:17:02,278.1,12.7,-2.457783,-39.678483
EDUARDO COSTA,2024-04-18 09:20:35,278.9,12.7,-2.453231,-39.690183
EDUARDO COSTA,2024-04-18 09:22:39,279.4,12.6,-2.450498,-39.696998
EDUARDO COSTA,2024-04-18 09:25:29,279.8,12.6,-2.44678,-39.70611
EDUARDO COSTA,2024-04-18 09:42:59,280.6,12.7,-2.423976,-39.763508
EDUARDO COSTA,2024-04-18 09:45:03,278.5,12.6,-2.42133,-39.770258
EDUARDO COSTA,2024-04-18 09:49:26,278.7,12.6,-2.415446,-39.784583
EDUARDO COSTA,2024-04-18 10:16:48,277.0,12.7,-2.379921,-39.874465
EDUARDO COSTA,2024-04-18 10:19:38,276.3,12.6,-2.376331,-39.883831
EDUARDO COSTA,2024-04-18 10:22:16,272.0,12.6,-2.374233,-39.892841
EDUARDO COSTA,2024-04-18 10:25:18,268.8,12.6,-2.372061,-39.903366
EDUARDO COSTA,2024-04-18 10:53:36,269.4,12.6,-2.352331,-40.001165
EDUARDO COSTA,2024-04-18 11:00:21,270.5,12.6,-2.347355,-40.024458
EDUARDO COSTA,2024-04-18 11:03:05,269.7,12.5,-2.34535,-40.033686
EDUARDO COSTA,2024-04-18 12:51:08,267.1,12.8,-2.261165,-40.407576
EDUARDO COSTA,2024-04-18 13:35:22,268.8,12.5,-2.22943,-40.560973
EDUARDO COSTA,2024-04-18 14:46:45,266.3,12.7,-2.17472,-40.807673
EDUARDO COSTA,2024-04-18 14:51:27,266.6,12.7,-2.171626,-40.823936
EDUARDO COSTA,2024-04-18 14:54:39,267.4,12.7,-2.169541,-40.835155
EDUARDO COSTA,2024-04-18 14:57:46,267.3,12.6,-2.167665,-40.845831
EDUARDO COSTA,2024-04-18 15:20:26,267.2,12.4,-2.152573,-40.92288
EDUARDO COSTA,2024-04-18 15:23:58,267.2,12.6,-2.150281,-40.935018
EDUARDO COSTA,2024-04-18 15:26:02,268.4,12.4,-2.148965,-40.942026
EDUARDO COSTA,2024-04-18 15:45:55,269.5,12.3,-2.136216,-41.009263
EDUARDO COSTA,2024-04-18 15:51:19,269.9,12.3,-2.13218,-41.027343
EDUARDO COSTA,2024-04-18 15:52:43,270.0,12.3,-2.131141,-41.03203
EDUARDO COSTA,2024-04-18 15:56:59,269.1,12.3,-2.127735,-41.046345
EDUARDO COSTA,2024-04-18 16:00:19,268.4,12.3,-2.125216,-41.057476
EDUARDO COSTA,2024-04-18 16:01:33,269.8,12.3,-2.124331,-41.061831
EDUARDO COSTA,2024-04-18 17:39:10,270.2,12.3,-2.048481,-41.386413
EDUARDO COSTA,2024-04-18 17:39:13,271.8,12.3,-2.048498,-41.386665
EDUARDO COSTA,2024-04-18 17:39:30,270.4,12.3,-2.04821,-41.387528
EDUARDO COSTA,2024-04-18 17:39:34,270.8,12.3,-2.048158,-41.387753
EDUARDO COSTA,2024-04-18 20:25:32,268.4,12.1,-1.931038,-41.944953
EDUARDO COSTA,2024-04-18 20:51:01,287.2,12.0,-1.906665,-42.026998
EDUARDO COSTA,2024-04-18 20:57:46,287.3,12.0,-1.895331,-42.046665
EDUARDO COSTA,2024-04-18 21:04:52,285.0,12.0,-1.883628,-42.067341
EDUARDO COSTA,2024-04-18 21:33:33,285.2,12.0,-1.83625,-42.151095
EDUARDO COSTA,2024-04-18 21:37:39,287.7,12.0,-1.829361,-42.162825
EDUARDO COSTA,2024-04-18 21:39:39,287.8,12.0,-1.826031,-42.168616
EDUARDO COSTA,2024-04-18 21:44:22,287.7,11.9,-1.818153,-42.18226
EDUARDO COSTA,2024-04-18 21:48:09,287.9,12.0,-1.81184,-42.193103
EDUARDO COSTA,2024-04-18 22:10:25,285.6,11.8,-1.774666,-42.257051
EDUARDO COSTA,2024-04-19 00:32:45,288.0,12.6,-1.535331,-42.681998
EDUARDO COSTA,2024-04-19 00:33:01,288.1,12.6,-1.534733,-42.682885
EDUARDO COSTA,2024-04-19 00:34:08,288.2,12.7,-1.532735,-42.686225
EDUARDO COSTA,2024-04-19 00:46:12,284.7,12.6,-1.511573,-42.722803
EDUARDO COSTA,2024-04-19 00:47:48,282.3,12.5,-1.50901,-42.727778
EDUARDO COSTA,2024-04-19 00:47:55,285.5,12.5,-1.508831,-42.728165
EDUARDO COSTA,2024-04-19 00:48:16,282.9,12.5,-1.508261,-42.72923
EDUARDO COSTA,2024-04-19 00:49:32,281.1,12.4,-1.506233,-42.733161
EDUARDO COSTA,2024-04-19 00:51:22,284.9,12.4,-1.503363,-42.738846
EDUARDO COSTA,2024-04-19 01:01:45,285.7,12.6,-1.486331,-42.771165
EDUARDO COSTA,2024-04-19 02:24:33,287.7,13.0,-1.344143,-43.026848
EDUARDO COSTA,2024-04-19 02:31:15,287.8,13.0,-1.331873,-43.047848
EDUARDO COSTA,2024-04-19 02:34:01,288.8,13.0,-1.326691,-43.056533
EDUARDO COSTA,2024-04-19 02:36:34,286.3,12.9,-1.322061,-43.06444
EDUARDO COSTA,2024-04-19 02:38:55,287.7,12.9,-1.317938,-43.071766
EDUARDO COSTA,2024-04-19 03:06:05,286.8,13.0,-1.272246,-43.15773
EDUARDO COSTA,2024-04-19 03:09:08,286.8,12.9,-1.266665,-43.167331
EDUARDO COSTA,2024-04-19 03:11:18,288.1,12.8,-1.262831,-43.173998
EDUARDO COSTA,2024-04-19 03:14:54,287.9,12.8,-1.25635,-43.185066
EDUARDO COSTA,2024-04-19 03:17:25,285.4,12.8,-1.251941,-43.19282
EDUARDO COSTA,2024-04-19 03:24:39,288.8,12.6,-1.239165,-43.215165
EDUARDO COSTA,2024-04-19 03:41:38,288.3,12.6,-1.209413,-43.266661
EDUARDO COSTA,2024-04-19 04:18:56,286.9,12.6,-1.145513,-43.380108
EDUARDO COSTA,2024-04-19 05:43:23,287.8,12.4,-0.997831,-43.637331
EDUARDO COSTA,2024-04-19 05:46:07,286.8,12.6,-0.992998,-43.645498
EDUARDO COSTA,2024-04-19 05:46:20,287.5,12.7,-0.992556,-43.646218
EDUARDO COSTA,2024-04-19 05:46:23,288.8,12.6,-0.992498,-43.646331
EDUARDO COSTA,2024-04-19 05:47:44,286.3,12.7,-0.990003,-43.650461
EDUARDO COSTA,2024-04-19 05:47:53,287.1,12.7,-0.989665,-43.650998
EDUARDO COSTA,2024-04-19 05:48:17,287.4,12.7,-0.989055,-43.652093
EDUARDO COSTA,2024-04-19 05:48:44,286.8,12.7,-0.988203,-43.653508
EDUARDO COSTA,2024-04-19 05:49:37,287.0,12.7,-0.986665,-43.656165
EDUARDO COSTA,2024-04-19 07:39:06,281.6,12.5,-0.804165,-43.997331
EDUARDO COSTA,2024-04-19 08:11:45,287.7,12.5,-0.747861,-44.096315
EDUARDO COSTA,2024-04-19 08:18:34,290.2,12.5,-0.735165,-44.116498
EDUARDO COSTA,2024-04-19 08:23:59,288.9,12.5,-0.725243,-44.132325
EDUARDO COSTA,2024-04-19 08:47:28,269.2,12.3,-0.688981,-44.204923
EDUARDO COSTA,2024-04-19 09:08:12,271.1,12.4,-0.67194,-44.274216
EDUARDO COSTA,2024-04-19 09:19:16,266.2,12.5,-0.663498,-44.311498
EDUARDO COSTA,2024-04-19 12:43:52,265.3,12.5,-0.560213,-45.008723
EDUARDO COSTA,2024-04-19 12:45:46,260.4,12.5,-0.55942,-45.015283
EDUARDO COSTA,2024-04-19 12:45:55,260.7,12.5,-0.559368,-45.015865
EDUARDO COSTA,2024-04-19 12:46:09,261.1,12.6,-0.559331,-45.016665
EDUARDO COSTA,2024-04-19 12:46:21,262.8,12.6,-0.559228,-45.017385
EDUARDO COSTA,2024-04-19 12:47:29,264.4,12.7,-0.558665,-45.021331
EDUARDO COSTA,2024-04-19 12:47:42,265.1,12.8,-0.558606,-45.022058
EDUARDO COSTA,2024-04-19 12:47:55,263.9,12.7,-0.55847,-45.022876
EDUARDO COSTA,2024-04-19 13:52:59,267.4,13.6,-0.522498,-45.251831
EDUARDO COSTA,2024-04-19 13:55:09,263.9,13.5,-0.521038,-45.259811
EDUARDO COSTA,2024-04-19 14:23:41,263.2,12.7,-0.504706,-45.36284
EDUARDO COSTA,2024-04-19 14:46:46,267.9,12.9,-0.491665,-45.444165
EDUARDO COSTA,2024-04-19 15:35:49,266.2,12.8,-0.463831,-45.617498
EDUARDO COSTA,2024-04-19 15:39:49,266.8,12.7,-0.461546,-45.631401
EDUARDO COSTA,2024-04-19 16:00:23,266.8,13.1,-0.44909,-45.704271
EDUARDO COSTA,2024-04-19 17:52:29,277.1,13.3,-0.356945,-46.106385
EDUARDO COSTA,2024-04-19 17:54:26,278.2,13.3,-0.354318,-46.113081
EDUARDO COSTA,2024-04-19 17:54:56,279.3,13.3,-0.353665,-46.114831
EDUARDO COSTA,2024-04-19 20:34:53,276.1,12.9,-0.136418,-46.664405
EDUARDO COSTA,2024-04-19 20:37:13,277.4,12.9,-0.13345,-46.672238
EDUARDO COSTA,2024-04-19 20:42:24,276.2,12.8,-0.126925,-46.689631
EDUARDO COSTA,2024-04-19 21:08:25,272.8,12.8,-0.095615,-46.7774
EDUARDO COSTA,2024-04-19 21:10:45,272.0,12.9,-0.093206,-46.785525
EDUARDO COSTA,2024-04-19 21:14:19,272.8,13.2,-0.089796,-46.797953
EDUARDO COSTA,2024-04-19 21:29:54,244.5,12.1,-0.089508,-46.85069
EDUARDO COSTA,2024-04-19 21:33:12,241.0,12.1,-0.092436,-46.861355
EDUARDO COSTA,2024-04-19 21:36:38,241.5,12.1,-0.095778,-46.87239
EDUARDO COSTA,2024-04-19 21:45:33,241.0,12.1,-0.104506,-46.90113
EDUARDO COSTA,2024-04-19 21:48:39,239.6,12.0,-0.107493,-46.911066
EDUARDO COSTA,2024-04-19 21:51:23,240.8,12.1,-0.110151,-46.91981
EDUARDO COSTA,2024-04-19 22:21:46,233.0,12.0,-0.147498,-47.016998
EDUARDO COSTA,2024-04-19 22:24:39,234.5,11.9,-0.151323,-47.02588
EDUARDO COSTA,2024-04-19 22:26:59,233.1,11.9,-0.154413,-47.033048
EDUARDO COSTA,2024-04-20 00:43:44,236.6,11.3,-0.298421,-47.456481
EDUARDO COSTA,2024-04-20 00:43:49,238.0,11.4,-0.298498,-47.456665
EDUARDO COSTA,2024-04-20 00:44:15,238.0,11.4,-0.298998,-47.457998
EDUARDO COSTA,2024-04-20 00:44:21,236.6,11.3,-0.299073,-47.458376
EDUARDO COSTA,2024-04-20 00:44:22,236.6,11.3,-0.299073,-47.458376
EDUARDO COSTA,2024-04-20 00:44:31,237.3,11.3,-0.299253,-47.458871
EDUARDO COSTA,2024-04-20 00:44:34,236.3,11.3,-0.299288,-47.458975
EDUARDO COSTA,2024-04-20 00:44:48,238.4,11.4,-0.299538,-47.459668
EDUARDO COSTA,2024-04-20 00:45:08,238.2,11.3,-0.299893,-47.460663
EDUARDO COSTA,2024-04-20 00:45:28,236.9,11.4,-0.300238,-47.461665
EDUARDO COSTA,2024-04-20 00:45:35,236.5,11.4,-0.300331,-47.461998
EDUARDO COSTA,2024-04-20 00:45:38,236.9,11.4,-0.300415,-47.462166
EDUARDO COSTA,2024-04-20 00:45:41,237.6,11.4,-0.30049,-47.462365
EDUARDO COSTA,2024-04-20 00:45:44,236.5,11.4,-0.300518,-47.462466
EDUARDO COSTA,2024-04-20 00:46:21,237.4,11.5,-0.301196,-47.464373
EDUARDO COSTA,2024-04-20 00:46:35,237.1,11.4,-0.301498,-47.464998
EDUARDO COSTA,2024-04-20 00:47:08,237.8,11.5,-0.302036,-47.466676
EDUARDO COSTA,2024-04-20 00:47:18,236.5,11.5,-0.302216,-47.46718
EDUARDO COSTA,2024-04-20 00:47:21,236.8,11.5,-0.302291,-47.467378
EDUARDO COSTA,2024-04-20 00:47:35,235.5,11.5,-0.302498,-47.467998
EDUARDO COSTA,2024-04-20 01:23:25,77.5,11.8,-0.308028,-47.520836
EDUARDO COSTA,2024-04-20 01:24:52,76.6,12.0,-0.308035,-47.515953
EDUARDO COSTA,2024-04-20 01:30:52,76.4,12.3,-0.307703,-47.495545
EDUARDO COSTA,2024-04-20 02:19:15,256.2,10.9,-0.305998,-47.403831
EDUARDO COSTA,2024-04-20 02:43:32,229.9,11.1,-0.307441,-47.477241
EDUARDO COSTA,2024-04-20 02:46:56,231.8,11.1,-0.311998,-47.486665
EDUARDO COSTA,2024-04-20 03:11:46,61.3,12.4,-0.287165,-47.465665
EDUARDO COSTA,2024-04-20 03:14:26,62.6,12.4,-0.284831,-47.456831
EDUARDO COSTA,2024-04-20 03:16:33,62.9,12.4,-0.282928,-47.44967
EDUARDO COSTA,2024-04-20 03:18:05,63.1,12.4,-0.281498,-47.444498
EDUARDO COSTA,2024-04-20 03:20:11,62.5,12.5,-0.279665,-47.437498
EDUARDO COSTA,2024-04-20 03:24:05,63.1,12.3,-0.27606,-47.424513
EDUARDO COSTA,2024-04-20 03:57:19,64.2,11.7,-0.247055,-47.316203
EDUARDO COSTA,2024-04-20 04:02:32,123.2,9.7,-0.245286,-47.300548
EDUARDO COSTA,2024-04-20 04:04:39,199.5,8.0,-0.249976,-47.300198
EDUARDO COSTA,2024-04-20 04:07:09,240.7,8.8,-0.252365,-47.305235
EDUARDO COSTA,2024-04-20 05:38:26,227.5,12.5,-0.309998,-47.483665
EDUARDO COSTA,2024-04-20 07:49:02,291.2,3.9,-0.435998,-47.776165
EDUARDO COSTA,2024-04-20 08:12:18,313.7,11.6,-0.387275,-47.80818
EDUARDO COSTA,2024-04-20 08:14:51,255.4,11.9,-0.38461,-47.815551
EDUARDO COSTA,2024-04-20 08:21:12,243.9,13.5,-0.387498,-47.837998
EDUARDO COSTA,2024-04-20 08:26:26,247.2,13.8,-0.391165,-47.857665
EDUARDO COSTA,2024-04-20 08:54:28,213.4,14.3,-0.449498,-47.946998
EDUARDO COSTA,2024-04-20 08:56:46,213.2,14.3,-0.455976,-47.953728
EDUARDO COSTA,2024-04-20 08:59:35,213.8,14.2,-0.463665,-47.961831
EDUARDO COSTA,2024-04-20 09:01:48,213.9,14.3,-0.469498,-47.968331
EDUARDO COSTA,2024-04-20 09:28:38,231.0,15.2,-0.530998,-48.059331
EDUARDO COSTA,2024-04-20 09:57:22,214.7,13.8,-0.597875,-48.14865
EDUARDO COSTA,2024-04-20 12:39:22,197.1,13.8,-1.109153,-48.477231
EDUARDO COSTA,2024-04-20 12:40:00,197.0,13.6,-1.111238,-48.478461
EDUARDO COSTA,2024-04-20 12:40:22,197.7,13.3,-1.112421,-48.479158
EDUARDO COSTA,2024-04-20 12:40:48,197.1,13.1,-1.113796,-48.479963
EDUARDO COSTA,2024-04-20 12:41:00,197.4,13.0,-1.114425,-48.480331
EDUARDO COSTA,2024-04-20 12:43:08,196.7,12.1,-1.120881,-48.484063
EDUARDO COSTA,2024-04-20 13:48:00,216.0,13.0,-1.248908,-48.647101
EDUARDO COSTA,2024-04-20 14:01:55,213.0,12.9,-1.290186,-48.676145
EDUARDO COSTA,2024-04-20 14:35:41,185.0,12.7,-1.395498,-48.728331
EDUARDO COSTA,2024-04-20 14:41:21,187.0,12.7,-1.415498,-48.730498
EDUARDO COSTA,2024-04-20 18:12:31,102.0,0.0,-1.473998,-48.736665
EDUARDO COSTA,2024-04-21 09:00:33,84.0,0.2,-1.474331,-48.736331
EDUARDO COSTA,2024-04-21 09:06:33,97.0,0.1,-1.474331,-48.736331
EDUARDO COSTA,2024-04-21 19:47:22,130.0,0.0,-1.529665,-48.746498
EDUARDO COSTA,2024-04-22 02:29:21,60.0,0.1,-1.529665,-48.746498
EDUARDO COSTA,2024-04-22 13:35:21,266.0,0.0,-1.529733,-48.746583
EDUARDO COSTA,2024-04-22 13:47:20,107.0,0.0,-1.529738,-48.746571
EDUARDO COSTA,2024-04-23 02:05:20,7.0,0.1,-1.529665,-48.746498
EDUARDO COSTA,2024-04-23 08:53:20,300.0,0.1,-1.529665,-48.746498
EDUARDO COSTA,2024-04-23 12:37:50,30.0,10.9,-1.357333,-48.675086
EDUARDO COSTA,2024-04-23 12:44:11,34.0,11.6,-1.340665,-48.663998
EDUARDO COSTA,2024-04-23 13:17:30,33.0,10.8,-1.258001,-48.604521
EDUARDO COSTA,2024-04-23 13:30:21,34.0,10.4,-1.226165,-48.584498
EDUARDO COSTA,2024-04-23 13:58:01,39.0,10.6,-1.161188,-48.539778
EDUARDO COSTA,2024-04-23 14:21:10,176.0,13.4,-1.170466,-48.488958
EDUARDO COSTA,2024-04-23 14:28:51,186.0,13.0,-1.19891,-48.487926
EDUARDO COSTA,2024-04-24 07:21:03,185.0,0.1,-1.280998,-48.501331
EDUARDO COSTA,2024-04-24 07:54:05,42.0,0.1,-1.281296,-48.500885
EDUARDO COSTA,2024-04-24 20:06:04,167.0,0.3,-1.281498,-48.500998
EDUARDO COSTA,2024-04-24 20:18:04,291.0,0.1,-1.281165,-48.500831
EDUARDO COSTA,2024-04-25 13:12:05,101.0,0.2,-1.284621,-48.502733
EDUARDO COSTA,2024-04-26 06:42:05,17.0,0.1,-1.280915,-48.501306
EDUARDO COSTA,2024-04-26 13:57:51,174.0,11.5,-1.319498,-48.491998
EDUARDO COSTA,2024-04-26 13:58:21,174.0,11.7,-1.320998,-48.491831
EDUARDO COSTA,2024-04-26 14:00:41,174.0,12.0,-1.328665,-48.490998
EDUARDO COSTA,2024-04-26 18:57:09,275.0,0.0,-1.406545,-48.495068
EDUARDO COSTA,2024-04-27 06:36:20,234.0,0.0,-1.406498,-48.494998
EDUARDO COSTA,2024-04-27 18:27:18,189.0,0.1,-1.406498,-48.494998
EDUARDO COSTA,2024-04-28 06:27:19,208.0,0.1,-1.40654,-48.49507
EDUARDO COSTA,2024-04-28 12:06:20,235.0,0.0,-1.406498,-48.495165
EDUARDO COSTA,2024-04-28 12:30:20,236.0,0.1,-1.406498,-48.495165
EDUARDO COSTA,2024-04-28 17:00:43,28.0,12.7,-1.009476,-48.419105
EDUARDO COSTA,2024-04-28 17:03:53,28.0,12.4,-0.999706,-48.413816
EDUARDO COSTA,2024-04-28 17:08:50,28.0,12.7,-0.984185,-48.405365
EDUARDO COSTA,2024-04-28 17:10:18,27.0,12.6,-0.979623,-48.402885
EDUARDO COSTA,2024-04-28 17:10:24,27.0,12.6,-0.979308,-48.402725
EDUARDO COSTA,2024-04-28 17:10:27,27.0,12.6,-0.9791,-48.402618
EDUARDO COSTA,2024-04-28 17:10:37,32.0,12.5,-0.978593,-48.402326
EDUARDO COSTA,2024-04-28 17:10:51,33.0,12.5,-0.977998,-48.401998
EDUARDO COSTA,2024-04-28 17:10:54,33.0,12.4,-0.977808,-48.401825
EDUARDO COSTA,2024-04-28 17:11:24,34.0,12.6,-0.976358,-48.400855
EDUARDO COSTA,2024-04-28 17:11:50,34.0,12.6,-0.975091,-48.40002
EDUARDO COSTA,2024-04-28 17:12:01,36.0,12.6,-0.974498,-48.399665
EDUARDO COSTA,2024-04-28 17:12:11,35.0,12.6,-0.974165,-48.399331
EDUARDO COSTA,2024-04-28 17:12:17,34.0,12.6,-0.973831,-48.399165
EDUARDO COSTA,2024-04-28 17:34:53,35.0,13.4,-0.905605,-48.353196
EDUARDO COSTA,2024-04-28 17:37:43,34.0,13.5,-0.896665,-48.347331
EDUARDO COSTA,2024-04-28 17:54:18,29.0,14.2,-0.841998,-48.312831
EDUARDO COSTA,2024-04-28 17:56:30,28.0,14.2,-0.834331,-48.308498
EDUARDO COSTA,2024-04-28 18:03:58,28.0,14.6,-0.807331,-48.295831
EDUARDO COSTA,2024-04-28 18:08:59,24.0,14.7,-0.788665,-48.287331
EDUARDO COSTA,2024-04-28 18:11:28,24.0,14.8,-0.779165,-48.283165
EDUARDO COSTA,2024-04-28 18:44:16,34.0,15.9,-0.660331,-48.206498
EDUARDO COSTA,2024-04-28 18:45:30,34.0,16.0,-0.655831,-48.203498
EDUARDO COSTA,2024-04-28 18:47:54,34.0,16.0,-0.646998,-48.197665
EDUARDO COSTA,2024-04-28 18:48:48,34.0,16.1,-0.643565,-48.195331
EDUARDO COSTA,2024-04-28 19:15:23,49.0,17.1,-0.562331,-48.103831
EDUARDO COSTA,2024-04-28 19:19:23,56.0,17.0,-0.549998,-48.089331
EDUARDO COSTA,2024-04-28 21:57:51,64.0,14.1,-0.307831,-47.519165
EDUARDO COSTA,2024-04-28 22:37:55,73.0,14.0,-0.246331,-47.377498
EDUARDO COSTA,2024-04-28 23:06:44,77.0,14.1,-0.215831,-47.270236
EDUARDO COSTA,2024-04-28 23:13:06,77.0,13.9,-0.208998,-47.246665
EDUARDO COSTA,2024-04-28 23:31:20,99.0,14.9,-0.21421,-47.174285
EDUARDO COSTA,2024-04-28 23:36:17,94.0,14.4,-0.216126,-47.154748
EDUARDO COSTA,2024-04-28 23:38:33,92.0,14.3,-0.216673,-47.14591
EDUARDO COSTA,2024-04-28 23:41:38,93.0,13.7,-0.217395,-47.133811
EDUARDO COSTA,2024-04-28 23:42:00,98.0,14.2,-0.21749,-47.13238
EDUARDO COSTA,2024-04-28 23:44:57,95.0,14.3,-0.218218,-47.120926
EDUARDO COSTA,2024-04-29 00:18:21,100.0,14.1,-0.23051,-46.99022
EDUARDO COSTA,2024-04-29 00:20:30,99.0,14.4,-0.231716,-46.981936
EDUARDO COSTA,2024-04-29 00:25:09,97.0,14.3,-0.234115,-46.963638
EDUARDO COSTA,2024-04-29 00:27:19,90.0,14.0,-0.23514,-46.955291
EDUARDO COSTA,2024-04-29 00:31:11,97.0,14.3,-0.237188,-46.940263
EDUARDO COSTA,2024-04-29 00:46:05,99.0,14.4,-0.246611,-46.882223
EDUARDO COSTA,2024-04-29 00:51:01,103.0,14.6,-0.249988,-46.862773
EDUARDO COSTA,2024-04-29 01:21:01,103.0,14.7,-0.272513,-46.746166
EDUARDO COSTA,2024-04-29 01:26:50,97.0,14.3,-0.276978,-46.723456
EDUARDO COSTA,2024-04-29 01:44:09,102.0,14.4,-0.289841,-46.655581
EDUARDO COSTA,2024-04-29 01:45:01,96.0,14.3,-0.290455,-46.652205
EDUARDO COSTA,2024-04-29 01:45:17,101.0,14.2,-0.290653,-46.65117
EDUARDO COSTA,2024-04-29 01:45:21,101.0,14.3,-0.290711,-46.650911
EDUARDO COSTA,2024-04-29 01:47:49,104.0,14.3,-0.292451,-46.641326
EDUARDO COSTA,2024-04-29 01:48:01,95.0,14.1,-0.292593,-46.640546
EDUARDO COSTA,2024-04-29 03:44:56,97.0,15.5,-0.372356,-46.162885
EDUARDO COSTA,2024-04-29 04:14:18,99.0,15.3,-0.394798,-46.038545
EDUARDO COSTA,2024-04-29 05:16:46,109.0,14.9,-0.475313,-45.788485
EDUARDO COSTA,2024-04-29 05:17:10,110.0,15.0,-0.475891,-45.786926
EDUARDO COSTA,2024-04-29 05:17:18,110.0,15.1,-0.47608,-45.786408
EDUARDO COSTA,2024-04-29 05:17:44,104.0,15.3,-0.476701,-45.78472
EDUARDO COSTA,2024-04-29 05:18:21,109.0,14.9,-0.477598,-45.782326
EDUARDO COSTA,2024-04-29 05:18:22,112.0,14.7,-0.477623,-45.782263
EDUARDO COSTA,2024-04-29 05:18:26,111.0,14.9,-0.477726,-45.782006
EDUARDO COSTA,2024-04-29 05:18:54,110.0,14.9,-0.47839,-45.78019
EDUARDO COSTA,2024-04-29 05:19:24,110.0,14.9,-0.479101,-45.778243
EDUARDO COSTA,2024-04-29 05:19:26,111.0,15.0,-0.47915,-45.778113
EDUARDO COSTA,2024-04-29 05:19:50,108.0,14.7,-0.479721,-45.776565
EDUARDO COSTA,2024-04-29 05:21:32,110.0,14.8,-0.48214,-45.769993
EDUARDO COSTA,2024-04-29 06:18:47,109.0,14.9,-0.566893,-45.548046
EDUARDO COSTA,2024-04-29 06:30:38,114.0,14.5,-0.584035,-45.502661
EDUARDO COSTA,2024-04-29 10:14:33,110.0,13.1,-0.874831,-44.738831
EDUARDO COSTA,2024-04-29 10:18:03,110.0,12.7,-0.879165,-44.726998
EDUARDO COSTA,2024-04-29 11:03:20,109.0,13.2,-0.945991,-44.581411
EDUARDO COSTA,2024-04-29 11:27:54,114.0,13.3,-0.967498,-44.494331
EDUARDO COSTA,2024-04-29 11:51:32,109.0,13.9,-0.999101,-44.409326
EDUARDO COSTA,2024-04-29 11:52:51,111.0,14.1,-1.00086,-44.404426
EDUARDO COSTA,2024-04-29 11:55:10,108.0,14.0,-1.003915,-44.395998
EDUARDO COSTA,2024-04-29 11:58:40,105.0,13.9,-1.008486,-44.383146
EDUARDO COSTA,2024-04-29 12:05:11,112.0,14.2,-1.017125,-44.359028
EDUARDO COSTA,2024-04-29 15:51:18,118.0,13.5,-1.386498,-43.573165
EDUARDO COSTA,2024-04-29 15:56:37,125.0,13.5,-1.397331,-43.556665
EDUARDO COSTA,2024-04-29 15:58:55,121.0,13.7,-1.401998,-43.549331
EDUARDO COSTA,2024-04-29 16:03:28,121.0,13.7,-1.411605,-43.535026
EDUARDO COSTA,2024-04-29 16:09:37,122.0,13.5,-1.424456,-43.515438
EDUARDO COSTA,2024-04-29 16:30:42,111.0,13.4,-1.459016,-43.443865
EDUARDO COSTA,2024-04-29 16:32:44,117.0,13.6,-1.461841,-43.436736
EDUARDO COSTA,2024-04-29 16:38:47,111.0,13.4,-1.469746,-43.41549
EDUARDO COSTA,2024-04-29 16:56:42,114.0,13.2,-1.493665,-43.353498
EDUARDO COSTA,2024-04-29 17:00:16,117.0,13.3,-1.499331,-43.341498
EDUARDO COSTA,2024-04-29 17:07:57,113.0,13.3,-1.511665,-43.315665
EDUARDO COSTA,2024-04-29 17:11:40,118.0,13.4,-1.517883,-43.303245
EDUARDO COSTA,2024-04-29 17:22:39,117.0,13.4,-1.535711,-43.26629
EDUARDO COSTA,2024-04-29 17:24:51,116.0,13.2,-1.539331,-43.258831
EDUARDO COSTA,2024-04-29 17:25:02,117.0,13.4,-1.539628,-43.25827
EDUARDO COSTA,2024-04-29 17:26:02,116.0,13.5,-1.54126,-43.254913
EDUARDO COSTA,2024-04-29 17:30:33,114.0,13.4,-1.548665,-43.239831
EDUARDO COSTA,2024-04-29 17:44:33,111.0,13.7,-1.570665,-43.192831
EDUARDO COSTA,2024-04-29 17:47:06,114.0,13.2,-1.574665,-43.184165
EDUARDO COSTA,2024-04-29 17:49:33,110.0,13.4,-1.578331,-43.175831
EDUARDO COSTA,2024-04-29 17:50:00,112.0,13.5,-1.579103,-43.17433
EDUARDO COSTA,2024-04-29 17:57:07,116.0,13.5,-1.590165,-43.150331
EDUARDO COSTA,2024-04-29 20:53:58,119.0,13.8,-1.878815,-42.553195
EDUARDO COSTA,2024-04-29 21:42:46,117.0,13.5,-1.957155,-42.386681
EDUARDO COSTA,2024-04-29 22:38:00,114.0,13.6,-2.044826,-42.197641
EDUARDO COSTA,2024-04-29 22:42:14,114.0,13.6,-2.051393,-42.183173
EDUARDO COSTA,2024-04-29 22:43:23,114.0,13.4,-2.053165,-42.179331
EDUARDO COSTA,2024-04-29 22:44:23,114.0,13.4,-2.054665,-42.175831
EDUARDO COSTA,2024-04-29 23:22:21,96.0,12.9,-2.106941,-42.04697
EDUARDO COSTA,2024-04-29 23:29:12,96.0,12.7,-2.110165,-42.023165
EDUARDO COSTA,2024-04-29 23:55:55,94.0,12.4,-2.120383,-41.931291
EDUARDO COSTA,2024-04-30 04:22:15,94.0,13.4,-2.228161,-40.973511
EDUARDO COSTA,2024-04-30 04:24:59,92.0,13.1,-2.228831,-40.963665
EDUARDO COSTA,2024-04-30 04:32:25,96.0,13.3,-2.230331,-40.936165
EDUARDO COSTA,2024-04-30 04:52:59,99.0,13.3,-2.235165,-40.862165
EDUARDO COSTA,2024-04-30 04:55:25,92.0,13.4,-2.235788,-40.853225
EDUARDO COSTA,2024-04-30 05:03:31,89.0,13.2,-2.239233,-40.823765
EDUARDO COSTA,2024-04-30 05:18:34,93.0,13.2,-2.246331,-40.770331
EDUARDO COSTA,2024-04-30 05:30:46,99.0,13.4,-2.25224,-40.726296
EDUARDO COSTA,2024-04-30 05:33:44,101.0,13.3,-2.25382,-40.715318
EDUARDO COSTA,2024-04-30 05:34:13,101.0,13.2,-2.253998,-40.713498
EDUARDO COSTA,2024-04-30 05:34:54,100.0,13.1,-2.25445,-40.71107
EDUARDO COSTA,2024-04-30 05:36:43,97.0,12.8,-2.255498,-40.704498
EDUARDO COSTA,2024-04-30 06:06:19,99.0,13.2,-2.267831,-40.595498
EDUARDO COSTA,2024-04-30 06:12:10,97.0,12.6,-2.270165,-40.574665
EDUARDO COSTA,2024-04-30 06:13:50,93.0,12.9,-2.270701,-40.568868
EDUARDO COSTA,2024-04-30 09:24:07,100.0,13.3,-2.350665,-39.881331
EDUARDO COSTA,2024-04-30 09:56:03,110.0,13.0,-2.40666,-39.777721
EDUARDO COSTA,2024-04-30 10:28:50,113.0,12.8,-2.444523,-39.667358
EDUARDO COSTA,2024-04-30 10:32:33,112.0,13.3,-2.450068,-39.65523
EDUARDO COSTA,2024-04-30 10:56:13,112.0,12.5,-2.482711,-39.579061
EDUARDO COSTA,2024-04-30 10:58:23,116.0,12.6,-2.485811,-39.572203
EDUARDO COSTA,2024-04-30 11:08:54,113.0,12.6,-2.501141,-39.538531
EDUARDO COSTA,2024-04-30 11:44:53,114.0,12.7,-2.553403,-39.421808
EDUARDO COSTA,2024-04-30 11:45:16,110.0,12.5,-2.553831,-39.420498
EDUARDO COSTA,2024-04-30 11:45:53,110.0,12.5,-2.554706,-39.418588
EDUARDO COSTA,2024-04-30 11:47:13,112.0,12.1,-2.556438,-39.414376
EDUARDO COSTA,2024-04-30 11:50:26,114.0,11.9,-2.560498,-39.404331
EDUARDO COSTA,2024-04-30 11:56:22,109.0,11.8,-2.567331,-39.386165
EDUARDO COSTA,2024-04-30 15:01:13,116.0,11.3,-2.800498,-38.860331
EDUARDO COSTA,2024-04-30 15:34:14,119.0,11.1,-2.842778,-38.766646
EDUARDO COSTA,2024-04-30 15:38:23,120.0,11.2,-2.848998,-38.755331
EDUARDO COSTA,2024-04-30 16:02:01,119.0,11.1,-2.885971,-38.69123
EDUARDO COSTA,2024-04-30 16:05:21,121.0,11.1,-2.89103,-38.68214
EDUARDO COSTA,2024-04-30 16:05:31,125.0,11.2,-2.891286,-38.681688
EDUARDO COSTA,2024-04-30 16:06:18,119.0,11.2,-2.892463,-38.679538
EDUARDO COSTA,2024-04-30 16:42:16,121.0,11.3,-2.946665,-38.581331
EDUARDO COSTA,2024-04-30 16:48:13,122.0,11.2,-2.955685,-38.565383
EDUARDO COSTA,2024-04-30 16:50:43,120.0,11.1,-2.959563,-38.558728
EDUARDO COSTA,2024-04-30 16:55:29,125.0,11.1,-2.967063,-38.546031
EDUARDO COSTA,2024-04-30 16:57:53,125.0,11.2,-2.970831,-38.539665
EDUARDO COSTA,2024-04-30 17:19:24,125.0,11.2,-3.00455,-38.48281
EDUARDO COSTA,2024-04-30 17:22:07,121.0,11.0,-3.008831,-38.475665
EDUARDO COSTA,2024-04-30 17:39:19,119.0,10.9,-3.035868,-38.430868
EDUARDO COSTA,2024-04-30 17:39:33,118.0,10.9,-3.036233,-38.430258
EDUARDO COSTA,2024-04-30 17:39:46,119.0,11.0,-3.036498,-38.429665
EDUARDO COSTA,2024-04-30 17:39:59,123.0,11.0,-3.036915,-38.429121
EDUARDO COSTA,2024-04-30 17:40:25,120.0,10.9,-3.037665,-38.427998
EDUARDO COSTA,2024-04-30 17:40:56,120.0,11.2,-3.038331,-38.426665
EDUARDO COSTA,2024-04-30 17:42:56,123.0,10.8,-3.041665,-38.421331
EDUARDO COSTA,2024-04-30 17:44:05,117.0,11.1,-3.043498,-38.418331
EDUARDO COSTA,2024-04-30 17:44:43,123.0,11.1,-3.044416,-38.416686
EDUARDO COSTA,2024-04-30 20:45:04,119.0,10.8,-3.332981,-37.912953
EDUARDO COSTA,2024-04-30 21:37:13,106.5,11.3,-3.413998,-37.771998
EDUARDO COSTA,2024-04-30 21:39:20,107.8,11.3,-3.417331,-37.766165
EDUARDO COSTA,2024-04-30 21:45:37,107.0,11.3,-3.427331,-37.748998
EDUARDO COSTA,2024-04-30 22:19:04,105.7,10.9,-3.480703,-37.657546
EDUARDO COSTA,2024-04-30 22:24:03,106.8,11.4,-3.48856,-37.64413
EDUARDO COSTA,2024-04-30 22:26:22,106.2,11.3,-3.492165,-37.637665
EDUARDO COSTA,2024-04-30 22:26:50,105.8,11.4,-3.492928,-37.636491
EDUARDO COSTA,2024-04-30 22:29:03,106.7,11.3,-3.496491,-37.63038
EDUARDO COSTA,2024-04-30 22:53:50,99.9,11.2,-3.531491,-37.56164
EDUARDO COSTA,2024-04-30 22:56:57,99.0,11.2,-3.535165,-37.552665
EDUARDO COSTA,2024-04-30 23:25:17,105.4,11.2,-3.588498,-37.484165
EDUARDO COSTA,2024-04-30 23:25:50,106.4,11.2,-3.589331,-37.482665
EDUARDO COSTA,2024-04-30 23:29:50,105.5,11.1,-3.595291,-37.471721
EDUARDO COSTA,2024-05-01 00:17:54,105.5,11.2,-3.663281,-37.338596
EDUARDO COSTA,2024-05-01 01:16:14,106.8,11.2,-3.754498,-37.177498
EDUARDO COSTA,2024-05-01 01:16:23,106.2,11.3,-3.754696,-37.177078
EDUARDO COSTA,2024-05-01 01:16:53,105.3,11.3,-3.755481,-37.17566
EDUARDO COSTA,2024-05-01 03:26:20,108.4,11.8,-3.961831,-36.815498
EDUARDO COSTA,2024-05-01 03:29:20,107.8,11.6,-3.966998,-36.807165
EDUARDO COSTA,2024-05-01 04:17:53,103.8,11.8,-4.046498,-36.670498
EDUARDO COSTA,2024-05-01 04:22:03,104.3,12.0,-4.052918,-36.658201
EDUARDO COSTA,2024-05-01 04:24:44,105.1,11.9,-4.056998,-36.650331
EDUARDO COSTA,2024-05-01 04:31:53,105.4,11.8,-4.068331,-36.629665
EDUARDO COSTA,2024-05-01 04:36:17,105.6,11.8,-4.075331,-36.616998
EDUARDO COSTA,2024-05-01 05:12:14,106.9,12.1,-4.135831,-36.513665
EDUARDO COSTA,2024-05-01 05:15:04,106.7,12.0,-4.140503,-36.505376
EDUARDO COSTA,2024-05-01 05:43:00,107.2,11.9,-4.185961,-36.423073
EDUARDO COSTA,2024-05-01 05:45:13,105.8,12.0,-4.189665,-36.416665
EDUARDO COSTA,2024-05-01 05:50:01,107.3,11.9,-4.197871,-36.402608
EDUARDO COSTA,2024-05-01 05:52:12,106.0,12.0,-4.201498,-36.396331
EDUARDO COSTA,2024-05-01 08:23:23,106.1,11.9,-4.455155,-35.956865
EDUARDO COSTA,2024-05-01 08:26:23,106.1,11.8,-4.460026,-35.948193
EDUARDO COSTA,2024-05-01 08:57:03,106.2,12.0,-4.510498,-35.859998
EDUARDO COSTA,2024-05-01 09:00:00,106.0,12.0,-4.515498,-35.851498
EDUARDO COSTA,2024-05-01 09:31:39,105.2,12.1,-4.566626,-35.759046
EDUARDO COSTA,2024-05-01 09:36:17,105.7,12.0,-4.573998,-35.745331
EDUARDO COSTA,2024-05-01 09:58:24,106.4,12.8,-4.611173,-35.677898
EDUARDO COSTA,2024-05-01 10:04:33,107.4,12.6,-4.622153,-35.659023
EDUARDO COSTA,2024-05-01 10:05:03,108.5,12.6,-4.623038,-35.657503
EDUARDO COSTA,2024-05-01 10:11:13,105.5,12.6,-4.633831,-35.638831
EDUARDO COSTA,2024-05-01 10:43:20,107.2,12.1,-4.689498,-35.542831
EDUARDO COSTA,2024-05-01 10:47:24,106.9,12.1,-4.696331,-35.530998
EDUARDO COSTA,2024-05-01 10:48:33,107.4,12.2,-4.698346,-35.527641
EDUARDO COSTA,2024-05-01 10:53:54,107.7,12.2,-4.707653,-35.512043
EDUARDO COSTA,2024-05-01 10:58:40,106.7,12.6,-4.716038,-35.497416
EDUARDO COSTA,2024-05-01 11:42:14,105.1,12.9,-4.792831,-35.358498
EDUARDO COSTA,2024-05-01 11:42:17,105.0,12.9,-4.792831,-35.358331
EDUARDO COSTA,2024-05-01 11:42:43,104.3,12.8,-4.793498,-35.356998
EDUARDO COSTA,2024-05-01 13:59:47,156.5,11.2,-5.030665,-34.992498
EDUARDO COSTA,2024-05-01 14:38:36,150.9,10.7,-5.145998,-34.966498
EDUARDO COSTA,2024-05-01 14:59:43,159.4,10.4,-5.207165,-34.954498
EDUARDO COSTA,2024-05-01 15:07:04,153.8,10.2,-5.227906,-34.950433
EDUARDO COSTA,2024-05-01 15:09:27,153.1,10.1,-5.234498,-34.948998
EDUARDO COSTA,2024-05-01 15:17:04,153.2,10.2,-5.255831,-34.944498
EDUARDO COSTA,2024-05-01 15:44:50,153.7,10.6,-5.333945,-34.926726
EDUARDO COSTA,2024-05-01 15:47:37,152.9,10.6,-5.341831,-34.924831
EDUARDO COSTA,2024-05-01 15:50:36,154.6,10.5,-5.350498,-34.922831
EDUARDO COSTA,2024-05-01 15:56:56,152.4,10.4,-5.368665,-34.918165
EDUARDO COSTA,2024-05-01 15:59:16,152.1,10.5,-5.375331,-34.916498
EDUARDO COSTA,2024-05-01 16:16:09,152.2,10.4,-5.423498,-34.904665
EDUARDO COSTA,2024-05-01 16:16:11,153.1,10.4,-5.423665,-34.904665
EDUARDO COSTA,2024-05-01 16:17:11,152.4,10.5,-5.426498,-34.903831
EDUARDO COSTA,2024-05-01 16:17:13,153.1,10.5,-5.426665,-34.903831
EDUARDO COSTA,2024-05-01 16:18:11,151.8,10.6,-5.429383,-34.903155
EDUARDO COSTA,2024-05-01 16:19:27,151.4,10.7,-5.433008,-34.902168
EDUARDO COSTA,2024-05-01 16:22:49,153.3,10.7,-5.442831,-34.899665
EDUARDO COSTA,2024-05-01 16:22:54,153.7,10.6,-5.442998,-34.899665
EDUARDO COSTA,2024-05-01 16:24:27,152.2,10.8,-5.447658,-34.898545
EDUARDO COSTA,2024-05-01 16:26:07,152.5,10.8,-5.452516,-34.897345
EDUARDO COSTA,2024-05-01 16:44:50,153.9,11.0,-5.507941,-34.884328
EDUARDO COSTA,2024-05-01 16:47:36,153.9,10.8,-5.516331,-34.882498
EDUARDO COSTA,2024-05-01 17:55:44,154.1,10.9,-5.718331,-34.838998
EDUARDO COSTA,2024-05-01 17:55:57,153.8,10.9,-5.719026,-34.838856
EDUARDO COSTA,2024-05-01 17:56:31,152.1,11.0,-5.720726,-34.838498
EDUARDO COSTA,2024-05-01 19:45:12,153.6,10.6,-6.037165,-34.768165
EDUARDO COSTA,2024-05-01 19:48:59,155.8,10.6,-6.048165,-34.765998
EDUARDO COSTA,2024-05-01 21:26:47,153.3,10.5,-6.330665,-34.704165
EDUARDO COSTA,2024-05-01 21:33:37,152.4,10.5,-6.350165,-34.699331
EDUARDO COSTA,2024-05-01 21:55:23,152.9,10.6,-6.411855,-34.683461
EDUARDO COSTA,2024-05-01 21:57:53,153.4,10.4,-6.418955,-34.681621
EDUARDO COSTA,2024-05-01 22:20:33,157.3,10.4,-6.484181,-34.667413
EDUARDO COSTA,2024-05-01 22:27:17,156.9,10.8,-6.503831,-34.663665
EDUARDO COSTA,2024-05-01 22:31:24,154.2,10.8,-6.51606,-34.661206
EDUARDO COSTA,2024-05-01 22:33:27,154.5,10.8,-6.522165,-34.659831
EDUARDO COSTA,2024-05-01 22:40:00,150.9,10.8,-6.54147,-34.655025
EDUARDO COSTA,2024-05-01 23:06:43,150.5,11.0,-6.62033,-34.632153
EDUARDO COSTA,2024-05-01 23:09:19,150.0,10.9,-6.62797,-34.629846
EDUARDO COSTA,2024-05-01 23:14:19,150.3,11.0,-6.642831,-34.625498
EDUARDO COSTA,2024-05-01 23:15:30,149.0,11.0,-6.646241,-34.624548
EDUARDO COSTA,2024-05-02 01:08:59,157.2,12.2,-7.008713,-34.555878
EDUARDO COSTA,2024-05-02 01:34:30,167.4,12.0,-7.095696,-34.551996
EDUARDO COSTA,2024-05-02 02:58:30,168.5,12.1,-7.382498,-34.561331
EDUARDO COSTA,2024-05-02 03:20:37,180.0,12.2,-7.457831,-34.564831
EDUARDO COSTA,2024-05-02 03:24:00,177.0,11.7,-7.469331,-34.565331
EDUARDO COSTA,2024-05-02 03:26:13,180.0,12.6,-7.476998,-34.565665
EDUARDO COSTA,2024-05-02 03:36:06,180.0,12.1,-7.510831,-34.566998
EDUARDO COSTA,2024-05-02 03:38:49,176.0,12.8,-7.520165,-34.567331
EDUARDO COSTA,2024-05-02 04:08:44,182.0,12.5,-7.624105,-34.569375
EDUARDO COSTA,2024-05-02 04:10:23,176.0,12.6,-7.629998,-34.569331
EDUARDO COSTA,2024-05-02 04:11:27,178.0,12.8,-7.633498,-34.569331
EDUARDO COSTA,2024-05-02 04:13:03,186.0,12.6,-7.639178,-34.569195
EDUARDO COSTA,2024-05-02 04:13:37,183.0,12.2,-7.641165,-34.569165
EDUARDO COSTA,2024-05-02 04:15:13,187.0,12.7,-7.646721,-34.569055
EDUARDO COSTA,2024-05-02 04:16:34,174.0,12.6,-7.651366,-34.56899
EDUARDO COSTA,2024-05-02 04:28:25,178.0,12.3,-7.692998,-34.568498
EDUARDO COSTA,2024-05-02 04:30:18,182.0,12.2,-7.699525,-34.568445
EDUARDO COSTA,2024-05-02 04:30:21,184.0,12.6,-7.699665,-34.568498
EDUARDO COSTA,2024-05-02 04:30:58,179.0,12.7,-7.701841,-34.568463
EDUARDO COSTA,2024-05-02 04:31:02,173.0,12.3,-7.70207,-34.568436
EDUARDO COSTA,2024-05-02 04:31:15,185.0,12.2,-7.702831,-34.568498
EDUARDO COSTA,2024-05-02 04:31:21,182.0,12.6,-7.703165,-34.568498
EDUARDO COSTA,2024-05-02 04:31:25,184.0,12.4,-7.703331,-34.568498
EDUARDO COSTA,2024-05-02 04:32:32,182.0,12.9,-7.707295,-34.568383
EDUARDO COSTA,2024-05-02 04:32:35,182.0,12.9,-7.707498,-34.568331
EDUARDO COSTA,2024-05-02 04:33:18,180.0,12.4,-7.709978,-34.568388
EDUARDO COSTA,2024-05-02 04:34:21,177.0,12.9,-7.713665,-34.568498
EDUARDO COSTA,2024-05-02 04:35:21,181.0,12.5,-7.717165,-34.568498
EDUARDO COSTA,2024-05-02 04:36:02,181.0,13.0,-7.719575,-34.56852
EDUARDO COSTA,2024-05-02 04:37:15,179.0,12.7,-7.723831,-34.568665
EDUARDO COSTA,2024-05-02 04:42:57,187.0,12.4,-7.743665,-34.568831
EDUARDO COSTA,2024-05-02 04:45:17,182.0,12.4,-7.751831,-34.568831
EDUARDO COSTA,2024-05-02 04:48:40,182.0,12.6,-7.763848,-34.569161
EDUARDO COSTA,2024-05-02 04:53:40,192.0,12.7,-7.781433,-34.569605
EDUARDO COSTA,2024-05-02 05:17:47,185.0,12.8,-7.866665,-34.571831
EDUARDO COSTA,2024-05-02 05:21:04,186.0,12.5,-7.878285,-34.572145
EDUARDO COSTA,2024-05-02 05:26:27,183.0,12.5,-7.897165,-34.572665
EDUARDO COSTA,2024-05-02 07:59:12,30.9,13.9,-8.25446,-34.656246
EDUARDO COSTA,2024-05-02 08:30:54,292.7,11.4,-8.167876,-34.577103
EDUARDO COSTA,2024-05-02 08:33:27,250.2,11.4,-8.166033,-34.58496
EDUARDO COSTA,2024-05-02 08:35:31,237.3,12.0,-8.167831,-34.591498
EDUARDO COSTA,2024-05-02 09:05:17,222.8,13.0,-8.225331,-34.680998
EDUARDO COSTA,2024-05-02 09:07:30,221.3,13.0,-8.229831,-34.687665
EDUARDO COSTA,2024-05-02 09:10:57,221.3,13.3,-8.2371,-34.698026
EDUARDO COSTA,2024-05-02 09:40:57,211.6,12.3,-8.3055,-34.782838
EDUARDO COSTA,2024-05-02 09:47:08,226.6,9.6,-8.318396,-34.796763
EDUARDO COSTA,2024-05-02 09:53:57,231.3,9.6,-8.326331,-34.813165
EDUARDO COSTA,2024-05-02 10:14:24,228.7,11.4,-8.35574,-34.87019
EDUARDO COSTA,2024-05-02 10:42:34,237.4,6.9,-8.380998,-34.929331
EDUARDO COSTA,2024-05-02 10:48:34,241.7,4.4,-8.38399,-34.938425
EDUARDO COSTA,2024-05-02 20:28:53,159.1,0.0,-8.397396,-34.954218
EDUARDO COSTA,2024-05-02 20:55:55,159.4,0.0,-8.397331,-34.954165
EDUARDO COSTA,2024-05-02 21:22:54,159.9,0.0,-8.397498,-34.954165
EDUARDO COSTA,2024-05-02 23:22:52,159.5,0.0,-8.397498,-34.954165
EDUARDO COSTA,2024-05-03 05:01:53,159.6,0.0,-8.397401,-34.954198
EDUARDO COSTA,2024-05-03 16:40:52,160.0,0.0,-8.397498,-34.954165
EDUARDO COSTA,2024-05-03 21:16:53,160.1,0.0,-8.397458,-34.954203
EDUARDO COSTA,2024-05-04 19:23:10,127.9,7.5,-8.392331,-34.928331
EDUARDO COSTA,2024-05-04 19:28:01,134.8,7.9,-8.401331,-34.922498
EDUARDO COSTA,2024-05-04 20:13:11,171.1,11.0,-8.524665,-34.920831
EDUARDO COSTA,2024-05-04 20:15:28,170.4,10.9,-8.531665,-34.921331
EDUARDO COSTA,2024-05-04 20:19:54,164.4,11.1,-8.545331,-34.921998
EDUARDO COSTA,2024-05-04 20:47:24,162.4,11.2,-8.632098,-34.918296
EDUARDO COSTA,2024-05-04 20:51:54,164.8,11.4,-8.64639,-34.91765
EDUARDO COSTA,2024-05-04 21:05:44,165.4,11.4,-8.690675,-34.91676
EDUARDO COSTA,2024-05-04 21:07:54,165.1,11.3,-8.697615,-34.916575
EDUARDO COSTA,2024-05-04 21:11:43,163.9,11.4,-8.709831,-34.916331
EDUARDO COSTA,2024-05-04 21:17:34,163.3,11.4,-8.728498,-34.915998
EDUARDO COSTA,2024-05-04 21:19:48,166.8,11.4,-8.735616,-34.91573
EDUARDO COSTA,2024-05-04 21:24:51,164.5,11.6,-8.751831,-34.915498
EDUARDO COSTA,2024-05-04 21:58:56,167.3,11.8,-8.862478,-34.915595
EDUARDO COSTA,2024-05-04 22:00:03,167.8,11.7,-8.866165,-34.915665
EDUARDO COSTA,2024-05-04 22:28:38,168.3,11.6,-8.959981,-34.917583
EDUARDO COSTA,2024-05-04 23:03:27,204.9,12.0,-9.057498,-34.963665
EDUARDO COSTA,2024-05-05 00:23:58,209.0,12.0,-9.276093,-35.127066
EDUARDO COSTA,2024-05-05 00:28:21,205.5,12.0,-9.287331,-35.136831
EDUARDO COSTA,2024-05-05 00:34:23,203.7,12.0,-9.303331,-35.149665
EDUARDO COSTA,2024-05-05 00:34:54,202.5,12.0,-9.304665,-35.150665
EDUARDO COSTA,2024-05-05 00:35:30,202.3,11.9,-9.306331,-35.151831
EDUARDO COSTA,2024-05-05 00:36:34,204.3,12.0,-9.309165,-35.153998
EDUARDO COSTA,2024-05-05 00:54:13,204.7,12.0,-9.3562,-35.19064
EDUARDO COSTA,2024-05-05 00:56:10,202.6,11.9,-9.361331,-35.194665
EDUARDO COSTA,2024-05-05 00:56:46,202.8,11.9,-9.362955,-35.195926
EDUARDO COSTA,2024-05-05 00:57:14,204.4,11.9,-9.364165,-35.196831
EDUARDO COSTA,2024-05-05 00:58:30,203.3,11.9,-9.367498,-35.199331
EDUARDO COSTA,2024-05-05 02:09:41,206.0,12.1,-9.558331,-35.342665
EDUARDO COSTA,2024-05-05 02:12:21,204.5,12.0,-9.565331,-35.348331
EDUARDO COSTA,2024-05-05 02:23:57,204.3,11.8,-9.595665,-35.372498
EDUARDO COSTA,2024-05-05 02:29:31,204.2,11.9,-9.610165,-35.383998
EDUARDO COSTA,2024-05-05 02:55:11,203.3,11.9,-9.677831,-35.436331
EDUARDO COSTA,2024-05-05 02:56:11,203.3,11.8,-9.680498,-35.438331
EDUARDO COSTA,2024-05-05 03:01:14,203.3,11.8,-9.693665,-35.448665
EDUARDO COSTA,2024-05-05 03:01:17,203.3,11.7,-9.693998,-35.448831
EDUARDO COSTA,2024-05-05 03:03:34,205.4,11.9,-9.699831,-35.453331
EDUARDO COSTA,2024-05-05 03:28:10,203.7,11.7,-9.764165,-35.502998
EDUARDO COSTA,2024-05-05 03:30:37,204.3,11.8,-9.770498,-35.507998
EDUARDO COSTA,2024-05-05 03:37:06,205.8,11.8,-9.787498,-35.521331
EDUARDO COSTA,2024-05-05 03:47:19,204.1,11.9,-9.814498,-35.542165
EDUARDO COSTA,2024-05-05 03:50:46,205.1,11.8,-9.823578,-35.549261
EDUARDO COSTA,2024-05-05 03:51:46,203.9,11.7,-9.826195,-35.551296
EDUARDO COSTA,2024-05-05 03:54:38,203.4,11.9,-9.833831,-35.556998
EDUARDO COSTA,2024-05-05 04:02:01,202.9,11.7,-9.853165,-35.571665
EDUARDO COSTA,2024-05-05 04:04:23,202.1,11.7,-9.85954,-35.576351
EDUARDO COSTA,2024-05-05 04:07:20,201.8,11.8,-9.867498,-35.581998
EDUARDO COSTA,2024-05-05 04:11:23,200.8,11.8,-9.878498,-35.589831
EDUARDO COSTA,2024-05-05 04:45:24,203.2,11.8,-9.971596,-35.65341
EDUARDO COSTA,2024-05-05 05:18:53,206.6,12.0,-10.057953,-35.726403
EDUARDO COSTA,2024-05-05 05:19:00,205.1,12.0,-10.058331,-35.726665
EDUARDO COSTA,2024-05-05 05:19:17,205.6,11.9,-10.059041,-35.727291
EDUARDO COSTA,2024-05-05 05:20:40,205.3,12.0,-10.062665,-35.730165
EDUARDO COSTA,2024-05-05 05:20:43,206.2,11.9,-10.062723,-35.730326
EDUARDO COSTA,2024-05-05 05:20:47,206.2,12.0,-10.062898,-35.730461
EDUARDO COSTA,2024-05-05 05:23:17,204.4,12.0,-10.069463,-35.735716
EDUARDO COSTA,2024-05-05 05:23:20,204.8,11.9,-10.069665,-35.735831
EDUARDO COSTA,2024-05-05 05:24:03,204.3,12.0,-10.071498,-35.737331
EDUARDO COSTA,2024-05-05 05:34:41,204.0,11.9,-10.099665,-35.759331
EDUARDO COSTA,2024-05-05 06:11:34,202.3,12.1,-10.198031,-35.834926
EDUARDO COSTA,2024-05-05 06:41:31,202.8,12.0,-10.279831,-35.897165
EDUARDO COSTA,2024-05-05 06:44:31,200.8,11.9,-10.287998,-35.903165
EDUARDO COSTA,2024-05-05 06:50:21,202.2,12.0,-10.303665,-35.914998
EDUARDO COSTA,2024-05-05 07:17:41,204.3,11.9,-10.376863,-35.970198
EDUARDO COSTA,2024-05-05 07:19:54,203.6,11.9,-10.382831,-35.974665
EDUARDO COSTA,2024-05-05 07:22:11,202.7,11.9,-10.388831,-35.979331
EDUARDO COSTA,2024-05-05 07:51:04,204.4,11.7,-10.46513,-36.037328
EDUARDO COSTA,2024-05-05 07:54:54,203.8,11.8,-10.475118,-36.045091
EDUARDO COSTA,2024-05-05 08:28:01,205.7,12.2,-10.563608,-36.113396
EDUARDO COSTA,2024-05-05 08:30:11,204.1,12.3,-10.569331,-36.117998
EDUARDO COSTA,2024-05-05 08:32:54,205.3,12.4,-10.57672,-36.12399
EDUARDO COSTA,2024-05-05 08:44:31,203.6,12.3,-10.608183,-36.148925
EDUARDO COSTA,2024-05-05 08:49:07,203.8,12.1,-10.62056,-36.158721
EDUARDO COSTA,2024-05-05 09:04:24,203.2,12.3,-10.661498,-36.191331
EDUARDO COSTA,2024-05-05 09:29:47,202.4,12.1,-10.729138,-36.245718
EDUARDO COSTA,2024-05-05 09:32:51,203.2,12.0,-10.737331,-36.252165
EDUARDO COSTA,2024-05-05 09:35:51,204.1,12.1,-10.745331,-36.258331
EDUARDO COSTA,2024-05-05 09:37:38,205.0,12.2,-10.750241,-36.2621
EDUARDO COSTA,2024-05-05 10:22:37,202.7,11.8,-10.872165,-36.352998
EDUARDO COSTA,2024-05-05 10:29:18,203.2,11.9,-10.889675,-36.366551
EDUARDO COSTA,2024-05-05 12:09:37,203.9,11.8,-11.155993,-36.57497
EDUARDO COSTA,2024-05-05 12:59:27,202.3,11.6,-11.288058,-36.675258
EDUARDO COSTA,2024-05-05 14:02:59,203.0,11.6,-11.452331,-36.803998
EDUARDO COSTA,2024-05-05 14:05:31,201.7,11.7,-11.458998,-36.808998
EDUARDO COSTA,2024-05-05 14:08:11,202.4,11.6,-11.465998,-36.814165
EDUARDO COSTA,2024-05-05 14:10:31,202.8,11.6,-11.472165,-36.818831
EDUARDO COSTA,2024-05-05 14:36:51,203.4,11.9,-11.541165,-36.871165
EDUARDO COSTA,2024-05-05 14:40:21,203.0,11.9,-11.550331,-36.878331
EDUARDO COSTA,2024-05-05 14:40:24,202.6,11.9,-11.550665,-36.878498
EDUARDO COSTA,2024-05-05 14:42:41,203.6,11.9,-11.556665,-36.883165
EDUARDO COSTA,2024-05-05 14:45:18,203.4,12.0,-11.563665,-36.888498
EDUARDO COSTA,2024-05-05 15:11:58,202.9,11.9,-11.634695,-36.942696
EDUARDO COSTA,2024-05-05 15:17:28,203.1,11.8,-11.649253,-36.954066
EDUARDO COSTA,2024-05-05 15:21:43,204.5,12.1,-11.660485,-36.963056
EDUARDO COSTA,2024-05-05 15:24:10,203.9,12.1,-11.666998,-36.968331
EDUARDO COSTA,2024-05-05 15:26:40,206.5,12.1,-11.673665,-36.973498
EDUARDO COSTA,2024-05-05 15:33:03,204.5,11.9,-11.690331,-36.986998
EDUARDO COSTA,2024-05-05 15:45:40,206.2,11.9,-11.723331,-37.013665
EDUARDO COSTA,2024-05-05 15:47:30,205.0,11.9,-11.727998,-37.017665
EDUARDO COSTA,2024-05-05 15:48:09,207.3,11.9,-11.729831,-37.018998
EDUARDO COSTA,2024-05-05 15:50:19,206.0,12.0,-11.735498,-37.023665
EDUARDO COSTA,2024-05-05 15:52:17,204.4,12.0,-11.740498,-37.027831
EDUARDO COSTA,2024-05-05 16:13:37,203.8,12.0,-11.797318,-37.072523
EDUARDO COSTA,2024-05-05 17:23:52,204.2,11.9,-11.98305,-37.212746
EDUARDO COSTA,2024-05-05 17:24:09,205.1,11.8,-11.983831,-37.213331
EDUARDO COSTA,2024-05-05 17:24:29,204.7,11.8,-11.984665,-37.213998
EDUARDO COSTA,2024-05-05 17:26:49,205.2,12.0,-11.990665,-37.218998
EDUARDO COSTA,2024-05-05 17:26:52,207.3,12.1,-11.990888,-37.219151
EDUARDO COSTA,2024-05-05 17:26:59,205.2,12.0,-11.991165,-37.219331
EDUARDO COSTA,2024-05-05 17:27:02,205.3,12.0,-11.991331,-37.219498
EDUARDO COSTA,2024-05-05 17:28:02,205.8,11.9,-11.993933,-37.221643
EDUARDO COSTA,2024-05-05 17:28:46,204.9,12.0,-11.995831,-37.223165
EDUARDO COSTA,2024-05-05 17:34:32,203.2,12.1,-12.011331,-37.235165
EDUARDO COSTA,2024-05-05 17:34:35,204.2,11.9,-12.011331,-37.235331
EDUARDO COSTA,2024-05-05 17:35:22,202.3,12.2,-12.013498,-37.236998
EDUARDO COSTA,2024-05-05 17:35:28,203.5,12.1,-12.013831,-37.237165
EDUARDO COSTA,2024-05-05 17:35:45,202.8,12.0,-12.014531,-37.237725
EDUARDO COSTA,2024-05-05 17:35:48,204.1,12.2,-12.014665,-37.237831
EDUARDO COSTA,2024-05-05 17:36:28,203.4,12.1,-12.016498,-37.239165
EDUARDO COSTA,2024-05-05 17:38:22,204.4,12.2,-12.021498,-37.243331
EDUARDO COSTA,2024-05-05 17:38:35,203.5,12.1,-12.021998,-37.243665
EDUARDO COSTA,2024-05-05 17:41:41,204.5,12.1,-12.030473,-37.250261
EDUARDO COSTA,2024-05-05 18:24:04,202.3,12.2,-12.143341,-37.338613
EDUARDO COSTA,2024-05-05 18:26:27,202.8,12.1,-12.149831,-37.343498
EDUARDO COSTA,2024-05-05 19:15:51,204.4,11.7,-12.283665,-37.444165
EDUARDO COSTA,2024-05-05 20:04:58,203.5,11.7,-12.41234,-37.542861
EDUARDO COSTA,2024-05-05 20:07:47,203.3,11.7,-12.419728,-37.548631
EDUARDO COSTA,2024-05-05 20:10:04,204.6,11.7,-12.42561,-37.553373
EDUARDO COSTA,2024-05-05 20:15:01,203.5,11.7,-12.438498,-37.563498
EDUARDO COSTA,2024-05-05 20:25:27,204.9,12.0,-12.466151,-37.584855
EDUARDO COSTA,2024-05-05 20:55:41,203.4,11.9,-12.546831,-37.647665
EDUARDO COSTA,2024-05-05 20:56:01,202.6,12.0,-12.547831,-37.648331
EDUARDO COSTA,2024-05-05 20:57:51,205.4,12.0,-12.552665,-37.652165
EDUARDO COSTA,2024-05-05 21:00:47,202.8,12.0,-12.560558,-37.658213
EDUARDO COSTA,2024-05-05 21:00:58,203.0,11.9,-12.561006,-37.658551
EDUARDO COSTA,2024-05-05 21:04:04,204.2,12.1,-12.569331,-37.664998
EDUARDO COSTA,2024-05-05 21:28:47,205.5,12.0,-12.635665,-37.715998
EDUARDO COSTA,2024-05-05 21:30:58,206.0,12.1,-12.641415,-37.720676
EDUARDO COSTA,2024-05-05 21:33:17,204.2,12.0,-12.647498,-37.725665
EDUARDO COSTA,2024-05-05 22:02:44,203.7,12.4,-12.726498,-37.787831
EDUARDO COSTA,2024-05-05 23:25:48,221.4,12.3,-12.941815,-37.971386
EDUARDO COSTA,2024-05-06 00:12:11,234.0,13.3,-13.029498,-38.112331
EDUARDO COSTA,2024-05-06 00:21:23,242.0,13.2,-13.046345,-38.142073
EDUARDO COSTA,2024-05-06 00:51:10,244.0,12.7,-13.102331,-38.238165
EDUARDO COSTA,2024-05-06 01:08:11,267.0,13.2,-13.109998,-38.300665
EDUARDO COSTA,2024-05-06 01:10:37,261.0,13.4,-13.110498,-38.309831
EDUARDO COSTA,2024-05-06 01:14:48,239.0,13.3,-13.115465,-38.324648
EDUARDO COSTA,2024-05-06 02:04:33,256.0,11.3,-13.165331,-38.503165
EDUARDO COSTA,2024-05-06 02:53:53,282.0,8.1,-13.183665,-38.617998
EDUARDO COSTA,2024-05-06 03:03:19,294.0,5.1,-13.178781,-38.635675
EDUARDO COSTA,2024-05-06 03:07:40,318.0,4.8,-13.175486,-38.640748
EDUARDO COSTA,2024-05-06 03:10:17,323.0,4.8,-13.172831,-38.643165
EDUARDO COSTA,2024-05-06 03:12:23,327.0,5.2,-13.170331,-38.644665
EDUARDO COSTA,2024-05-06 03:42:03,338.0,1.1,-13.143998,-38.644665
EDUARDO COSTA,2024-05-06 20:37:27,231.0,0.8,-13.142273,-38.645116
EDUARDO COSTA,2024-05-07 07:43:27,95.0,0.2,-13.142261,-38.645295
EDUARDO COSTA,2024-05-07 08:25:28,210.0,0.4,-13.142311,-38.645301
EDUARDO COSTA,2024-05-07 11:04:01,103.0,0.4,-13.143165,-38.644831
EDUARDO COSTA,2024-05-07 11:15:33,107.0,1.6,-13.143978,-38.643925
EDUARDO COSTA,2024-05-07 12:10:11,8.0,9.0,-13.053831,-38.570165
EDUARDO COSTA,2024-05-07 12:11:10,11.0,9.0,-13.051331,-38.569665
EDUARDO COSTA,2024-05-07 12:42:10,332.0,5.7,-12.989383,-38.565263
EDUARDO COSTA,2024-05-07 13:51:23,251.0,0.2,-12.962925,-38.569321
EDUARDO COSTA,2024-05-07 14:21:24,301.0,0.2,-12.962998,-38.568998
EDUARDO COSTA,2024-05-08 03:00:23,357.0,0.1,-12.963243,-38.568685
EDUARDO COSTA,2024-05-08 04:36:23,227.0,0.2,-12.963165,-38.568498
EDUARDO COSTA,2024-05-08 06:06:25,291.0,0.2,-12.963165,-38.568998
EDUARDO COSTA,2024-05-08 09:12:24,82.0,0.5,-12.967688,-38.568695
EDUARDO COSTA,2024-05-08 19:54:23,179.0,0.2,-12.963505,-38.567931
EDUARDO COSTA,2024-05-10 07:21:24,188.0,0.1,-12.963768,-38.567663
EDUARDO COSTA,2024-05-10 17:00:21,234.0,0.1,-12.963665,-38.568498
EDUARDO COSTA,2024-05-11 03:51:23,60.0,0.0,-12.964331,-38.568665
EDUARDO COSTA,2024-05-11 08:05:11,184.0,0.2,-12.963831,-38.568498
EDUARDO COSTA,2024-05-12 00:28:29,350.0,0.1,-12.784603,-38.498425
EDUARDO COSTA,2024-05-12 04:28:30,28.0,0.0,-12.784608,-38.498406
EDUARDO COSTA,2024-05-12 05:34:29,218.0,0.1,-12.784665,-38.498331
EDUARDO COSTA,2024-05-12 06:16:29,241.0,0.0,-12.784596,-38.498411
EDUARDO COSTA,2024-05-12 17:31:28,95.0,0.0,-12.784665,-38.498331
EDUARDO COSTA,2024-05-12 18:04:28,154.0,0.1,-12.784665,-38.498331
EDUARDO COSTA,2024-05-13 04:40:46,249.0,4.3,-12.787665,-38.499831
EDUARDO COSTA,2024-05-13 05:11:26,211.0,12.2,-12.866828,-38.53863
EDUARDO COSTA,2024-05-13 05:17:07,210.0,12.1,-12.883331,-38.548498
EDUARDO COSTA,2024-05-13 05:47:46,170.0,11.6,-12.97974,-38.554258
EDUARDO COSTA,2024-05-13 05:57:16,169.0,6.3,-13.002665,-38.549665
EDUARDO COSTA,2024-05-13 05:59:36,167.0,5.8,-13.006426,-38.54871
EDUARDO COSTA,2024-05-13 06:03:15,162.0,4.9,-13.011838,-38.547503
EDUARDO COSTA,2024-05-13 06:21:53,209.0,10.1,-13.041831,-38.559831
EDUARDO COSTA,2024-05-13 06:51:22,192.0,10.7,-13.123998,-38.566331
EDUARDO COSTA,2024-05-13 06:54:02,180.0,9.9,-13.131665,-38.566331
EDUARDO COSTA,2024-05-13 07:00:36,187.0,11.8,-13.150998,-38.566331
EDUARDO COSTA,2024-05-13 07:03:05,163.0,13.1,-13.159496,-38.566056
EDUARDO COSTA,2024-05-13 07:48:26,134.0,13.2,-13.312935,-38.504776
EDUARDO COSTA,2024-05-13 08:34:34,142.0,12.8,-13.446721,-38.392541
EDUARDO COSTA,2024-05-13 08:37:37,143.0,12.6,-13.455898,-38.385583
EDUARDO COSTA,2024-05-13 10:16:14,139.0,13.8,-13.74456,-38.161371
EDUARDO COSTA,2024-05-13 10:18:54,140.0,13.1,-13.752231,-38.155101
EDUARDO COSTA,2024-05-13 10:20:59,142.0,13.1,-13.758331,-38.150165
EDUARDO COSTA,2024-05-13 10:50:10,142.0,13.5,-13.842425,-38.081141
EDUARDO COSTA,2024-05-13 10:55:07,145.0,12.9,-13.856665,-38.069665
EDUARDO COSTA,2024-05-13 10:57:36,142.0,13.8,-13.8639,-38.063623
EDUARDO COSTA,2024-05-13 11:23:19,141.0,13.2,-13.938331,-38.002665
EDUARDO COSTA,2024-05-13 11:28:37,144.0,13.2,-13.953498,-37.990498
EDUARDO COSTA,2024-05-13 11:31:41,143.0,13.3,-13.962665,-37.983331
EDUARDO COSTA,2024-05-13 11:55:11,144.0,12.9,-14.031831,-37.929165
EDUARDO COSTA,2024-05-13 11:57:24,137.0,13.1,-14.038331,-37.923998
EDUARDO COSTA,2024-05-13 12:03:46,141.0,12.9,-14.05693,-37.90966
EDUARDO COSTA,2024-05-13 12:07:46,140.0,13.1,-14.06861,-37.900655
EDUARDO COSTA,2024-05-13 12:47:59,139.0,13.4,-14.184165,-37.808498
EDUARDO COSTA,2024-05-13 12:50:18,148.0,13.4,-14.19092,-37.803051
EDUARDO COSTA,2024-05-13 12:53:45,145.0,13.6,-14.200953,-37.794991
EDUARDO COSTA,2024-05-13 13:12:54,142.0,12.9,-14.258141,-37.754361
EDUARDO COSTA,2024-05-13 14:00:25,150.0,13.4,-14.400473,-37.653058
EDUARDO COSTA,2024-05-13 14:28:18,185.0,13.8,-14.492165,-37.611998
EDUARDO COSTA,2024-05-13 14:32:26,187.0,13.5,-14.507831,-37.614165
EDUARDO COSTA,2024-05-13 14:36:05,186.0,13.5,-14.521648,-37.615998
EDUARDO COSTA,2024-05-13 14:47:54,183.0,13.4,-14.566165,-37.622331
EDUARDO COSTA,2024-05-13 15:23:26,183.0,13.7,-14.700465,-37.63553
EDUARDO COSTA,2024-05-13 15:28:48,179.0,13.7,-14.720773,-37.637343
EDUARDO COSTA,2024-05-13 15:38:50,193.0,13.6,-14.758353,-37.640926
EDUARDO COSTA,2024-05-13 16:09:33,193.0,13.5,-14.900498,-37.655998
EDUARDO COSTA,2024-05-13 16:10:19,190.0,13.7,-14.903325,-37.656308
EDUARDO COSTA,2024-05-13 16:12:17,192.0,13.5,-14.910831,-37.657331
EDUARDO COSTA,2024-05-13 16:19:31,191.0,14.0,-14.938035,-37.660906
EDUARDO COSTA,2024-05-13 18:14:59,190.0,13.2,-15.339665,-37.713831
EDUARDO COSTA,2024-05-13 18:20:56,188.0,13.1,-15.361523,-37.716341
EDUARDO COSTA,2024-05-13 18:23:40,183.0,13.3,-15.371523,-37.717655
EDUARDO COSTA,2024-05-13 18:25:50,194.0,13.0,-15.379418,-37.718545
EDUARDO COSTA,2024-05-13 18:48:32,188.0,13.5,-15.46351,-37.726646
EDUARDO COSTA,2024-05-13 18:50:41,192.0,13.2,-15.471665,-37.727331
EDUARDO COSTA,2024-05-13 18:54:38,187.0,13.6,-15.486385,-37.728738
EDUARDO COSTA,2024-05-13 18:58:23,185.0,13.8,-15.500698,-37.730011
EDUARDO COSTA,2024-05-13 19:24:34,181.0,13.8,-15.598331,-37.738165
EDUARDO COSTA,2024-05-13 19:27:26,184.0,13.6,-15.608996,-37.73917
EDUARDO COSTA,2024-05-13 19:33:22,186.0,13.2,-15.631143,-37.741141
EDUARDO COSTA,2024-05-13 19:51:48,186.0,13.3,-15.69948,-37.744796
EDUARDO COSTA,2024-05-13 19:54:20,179.0,13.1,-15.708831,-37.745165
EDUARDO COSTA,2024-05-13 21:42:08,195.0,13.0,-16.105831,-37.795331
EDUARDO COSTA,2024-05-13 22:26:24,190.0,13.4,-16.267523,-37.819578
EDUARDO COSTA,2024-05-13 22:28:54,183.0,13.5,-16.276831,-37.820831
EDUARDO COSTA,2024-05-13 22:31:26,182.0,13.6,-16.28615,-37.822056
EDUARDO COSTA,2024-05-13 23:17:11,191.0,13.2,-16.456331,-37.842998
EDUARDO COSTA,2024-05-13 23:19:50,188.0,13.2,-16.466138,-37.843763
EDUARDO COSTA,2024-05-13 23:23:29,180.0,13.0,-16.479331,-37.845165
EDUARDO COSTA,2024-05-13 23:24:34,186.0,13.1,-16.483331,-37.845498
EDUARDO COSTA,2024-05-13 23:52:37,177.0,13.7,-16.585151,-37.865391
EDUARDO COSTA,2024-05-13 23:54:44,183.0,13.5,-16.59296,-37.86557
EDUARDO COSTA,2024-05-14 00:00:24,175.0,13.5,-16.614238,-37.866008
EDUARDO COSTA,2024-05-14 00:02:36,175.0,12.9,-16.622465,-37.866028
EDUARDO COSTA,2024-05-14 00:13:38,191.0,13.2,-16.663241,-37.868175
EDUARDO COSTA,2024-05-14 00:30:10,184.0,13.5,-16.724968,-37.873676
EDUARDO COSTA,2024-05-14 00:32:56,187.0,13.5,-16.73538,-37.87486
EDUARDO COSTA,2024-05-14 00:36:26,193.0,13.7,-16.748506,-37.877465
EDUARDO COSTA,2024-05-14 01:02:15,182.0,13.0,-16.844331,-37.893998
EDUARDO COSTA,2024-05-14 01:10:37,184.0,13.1,-16.874831,-37.897498
EDUARDO COSTA,2024-05-14 01:22:36,190.0,13.3,-16.91933,-37.903335
EDUARDO COSTA,2024-05-14 01:35:58,187.0,14.0,-16.969445,-37.910123
EDUARDO COSTA,2024-05-14 01:38:58,189.0,13.5,-16.980831,-37.911903
EDUARDO COSTA,2024-05-14 01:51:54,185.0,13.6,-17.029603,-37.91924
EDUARDO COSTA,2024-05-14 01:55:58,193.0,14.0,-17.045001,-37.921321
EDUARDO COSTA,2024-05-14 01:58:14,187.0,13.7,-17.053555,-37.922126
EDUARDO COSTA,2024-05-14 02:27:35,181.0,13.6,-17.164298,-37.930571
EDUARDO COSTA,2024-05-14 02:30:49,174.0,13.7,-17.176498,-37.931165
EDUARDO COSTA,2024-05-14 02:52:18,191.0,13.9,-17.258278,-37.938448
EDUARDO COSTA,2024-05-14 02:57:08,180.0,13.6,-17.301108,-37.944305
EDUARDO COSTA,2024-05-14 02:57:12,192.0,13.9,-17.301361,-37.94434
EDUARDO COSTA,2024-05-14 02:57:24,185.0,13.9,-17.302165,-37.944498
EDUARDO COSTA,2024-05-14 03:06:44,189.0,13.7,-17.312808,-37.945813
EDUARDO COSTA,2024-05-14 03:37:49,190.0,13.7,-17.431331,-37.960165
EDUARDO COSTA,2024-05-14 03:40:26,184.0,14.5,-17.441396,-37.9612
EDUARDO COSTA,2024-05-14 03:42:50,172.0,14.1,-17.450621,-37.962173
EDUARDO COSTA,2024-05-14 04:09:57,191.0,13.9,-17.554998,-37.975498
EDUARDO COSTA,2024-05-14 04:12:03,179.0,14.0,-17.56313,-37.976553
EDUARDO COSTA,2024-05-14 04:14:37,182.0,13.7,-17.57288,-37.977715
EDUARDO COSTA,2024-05-14 04:17:03,188.0,13.6,-17.582165,-37.978831
EDUARDO COSTA,2024-05-14 04:35:36,194.0,13.8,-17.652825,-37.986613
EDUARDO COSTA,2024-05-14 04:35:48,184.0,13.8,-17.653585,-37.986696
EDUARDO COSTA,2024-05-14 04:35:56,191.0,13.7,-17.654093,-37.986751
EDUARDO COSTA,2024-05-14 04:36:16,183.0,13.8,-17.655365,-37.986891
EDUARDO COSTA,2024-05-14 04:36:38,187.0,14.0,-17.65676,-37.987063
EDUARDO COSTA,2024-05-14 04:36:48,184.0,14.0,-17.657461,-37.987135
EDUARDO COSTA,2024-05-14 04:36:52,189.0,13.7,-17.657665,-37.987165
EDUARDO COSTA,2024-05-14 04:36:56,184.0,13.7,-17.657905,-37.987195
EDUARDO COSTA,2024-05-14 04:37:04,186.0,13.5,-17.658413,-37.987253
EDUARDO COSTA,2024-05-14 04:37:08,186.0,14.1,-17.658671,-37.98727
EDUARDO COSTA,2024-05-14 04:37:16,183.0,14.0,-17.65918,-37.987325
EDUARDO COSTA,2024-05-14 04:37:34,187.0,13.7,-17.660325,-37.98745
EDUARDO COSTA,2024-05-14 04:37:36,193.0,14.2,-17.660516,-37.987491
EDUARDO COSTA,2024-05-14 04:37:40,185.0,13.6,-17.660831,-37.987498
EDUARDO COSTA,2024-05-14 04:37:42,182.0,13.7,-17.660833,-37.987515
EDUARDO COSTA,2024-05-14 04:37:44,188.0,13.8,-17.660961,-37.987528
EDUARDO COSTA,2024-05-14 04:38:00,185.0,13.6,-17.661983,-37.98765
EDUARDO COSTA,2024-05-14 04:38:36,180.0,13.9,-17.664281,-37.987895
EDUARDO COSTA,2024-05-14 04:38:48,198.0,13.9,-17.665041,-37.988016
EDUARDO COSTA,2024-05-14 04:39:16,186.0,14.0,-17.666826,-37.98821
EDUARDO COSTA,2024-05-14 04:39:56,190.0,13.2,-17.66943,-37.988528
EDUARDO COSTA,2024-05-14 04:40:12,185.0,13.4,-17.670385,-37.988633
EDUARDO COSTA,2024-05-14 04:40:34,183.0,14.0,-17.67178,-37.988805
EDUARDO COSTA,2024-05-14 04:40:46,185.0,13.5,-17.672665,-37.988831
EDUARDO COSTA,2024-05-14 04:41:00,183.0,13.9,-17.6735,-37.988983
EDUARDO COSTA,2024-05-14 04:41:52,188.0,13.7,-17.676831,-37.989331
EDUARDO COSTA,2024-05-14 04:47:01,188.0,13.4,-17.696363,-37.991218
EDUARDO COSTA,2024-05-14 04:51:56,187.0,13.9,-17.715356,-37.992833
EDUARDO COSTA,2024-05-14 04:56:42,190.0,13.4,-17.733536,-37.994523
EDUARDO COSTA,2024-05-14 05:24:30,196.0,14.1,-17.838498,-38.007831
EDUARDO COSTA,2024-05-14 05:27:36,195.0,13.2,-17.849925,-38.009661
EDUARDO COSTA,2024-05-14 05:51:00,186.0,13.2,-17.936165,-38.025165
EDUARDO COSTA,2024-05-14 05:56:40,193.0,13.5,-17.957235,-38.02915
EDUARDO COSTA,2024-05-14 06:01:02,192.0,13.4,-17.973636,-38.031946
EDUARDO COSTA,2024-05-14 06:35:40,219.0,13.8,-18.081498,-38.108498
EDUARDO COSTA,2024-05-14 06:43:38,221.0,13.8,-18.104346,-38.130408
EDUARDO COSTA,2024-05-14 06:45:48,223.0,14.1,-18.110611,-38.136325
EDUARDO COSTA,2024-05-14 06:48:16,217.0,13.9,-18.117665,-38.143165
EDUARDO COSTA,2024-05-14 06:51:28,221.0,14.1,-18.126801,-38.151808
EDUARDO COSTA,2024-05-14 06:53:40,219.0,13.9,-18.133118,-38.157733
EDUARDO COSTA,2024-05-14 06:56:03,223.0,14.0,-18.139941,-38.164218
EDUARDO COSTA,2024-05-14 09:15:56,220.0,13.5,-18.538665,-38.541498
EDUARDO COSTA,2024-05-14 09:18:50,220.0,13.6,-18.546998,-38.548998
EDUARDO COSTA,2024-05-14 09:54:26,220.0,13.7,-18.64838,-38.641928
EDUARDO COSTA,2024-05-14 09:56:30,221.0,13.8,-18.654283,-38.647331
EDUARDO COSTA,2024-05-14 10:23:16,224.0,13.4,-18.729331,-38.717831
EDUARDO COSTA,2024-05-14 10:27:43,223.0,13.5,-18.742045,-38.729935
EDUARDO COSTA,2024-05-14 11:55:40,223.0,13.9,-18.989698,-38.96207
EDUARDO COSTA,2024-05-14 12:19:19,220.0,13.6,-19.055811,-39.024848
EDUARDO COSTA,2024-05-14 12:39:47,222.0,13.8,-19.112985,-39.079696
EDUARDO COSTA,2024-05-14 12:47:20,223.0,13.6,-19.134166,-39.10038
EDUARDO COSTA,2024-05-14 13:49:16,220.0,14.0,-19.308973,-39.268371
EDUARDO COSTA,2024-05-14 13:53:42,222.0,13.9,-19.321273,-39.280561
EDUARDO COSTA,2024-05-14 14:41:37,224.0,13.7,-19.45486,-39.411978
EDUARDO COSTA,2024-05-14 15:23:09,211.0,13.4,-19.585178,-39.506176
EDUARDO COSTA,2024-05-14 15:29:10,205.0,13.7,-19.604953,-39.51797
EDUARDO COSTA,2024-05-14 15:37:28,212.0,13.3,-19.632138,-39.534513
EDUARDO COSTA,2024-05-14 15:39:52,215.0,13.6,-19.639946,-39.539496
EDUARDO COSTA,2024-05-14 16:24:27,208.0,13.5,-19.779331,-39.629498
EDUARDO COSTA,2024-05-14 16:30:39,209.0,13.4,-19.799498,-39.641998
EDUARDO COSTA,2024-05-14 16:30:43,209.0,13.4,-19.799498,-39.641998
EDUARDO COSTA,2024-05-14 16:30:52,212.0,13.1,-19.800198,-39.64249
EDUARDO COSTA,2024-05-14 16:35:03,209.0,13.2,-19.813498,-39.650498
EDUARDO COSTA,2024-05-14 16:36:04,205.0,13.4,-19.817018,-39.652543
EDUARDO COSTA,2024-05-14 16:36:37,210.0,13.3,-19.818786,-39.65363
EDUARDO COSTA,2024-05-14 16:36:43,210.0,13.5,-19.81906,-39.653786
EDUARDO COSTA,2024-05-14 16:37:23,209.0,13.3,-19.821218,-39.655083
EDUARDO COSTA,2024-05-14 16:37:41,209.0,13.2,-19.82219,-39.655648
EDUARDO COSTA,2024-05-14 16:38:21,213.0,13.3,-19.824345,-39.656935
EDUARDO COSTA,2024-05-14 16:38:23,207.0,13.4,-19.824455,-39.656998
EDUARDO COSTA,2024-05-14 17:23:42,214.0,12.8,-19.968498,-39.744165
EDUARDO COSTA,2024-05-14 17:53:56,207.0,12.7,-20.061831,-39.801665
EDUARDO COSTA,2024-05-14 17:56:48,212.0,12.8,-20.070785,-39.807051
EDUARDO COSTA,2024-05-14 18:24:23,216.0,12.4,-20.155165,-39.859498
EDUARDO COSTA,2024-05-14 19:01:16,208.0,12.6,-20.268498,-39.927998
EDUARDO COSTA,2024-05-14 19:07:10,218.0,12.6,-20.286345,-39.938958
EDUARDO COSTA,2024-05-14 19:34:16,208.0,12.5,-20.370498,-39.989331
EDUARDO COSTA,2024-05-14 19:49:49,202.0,12.4,-20.418993,-40.017736
EDUARDO COSTA,2024-05-14 20:32:50,191.0,12.9,-20.566328,-40.063521
EDUARDO COSTA,2024-05-14 20:40:23,201.0,13.0,-20.592565,-40.071025
EDUARDO COSTA,2024-05-14 20:43:09,186.0,12.9,-20.602228,-40.073426
EDUARDO COSTA,2024-05-14 21:26:37,191.0,12.8,-20.753165,-40.110998
EDUARDO COSTA,2024-05-14 21:31:03,195.0,13.0,-20.768498,-40.114665
EDUARDO COSTA,2024-05-14 21:54:02,190.0,12.7,-20.846665,-40.137498
EDUARDO COSTA,2024-05-14 22:17:43,199.0,12.8,-20.927381,-40.161695
EDUARDO COSTA,2024-05-14 22:23:30,194.0,12.8,-20.947008,-40.167793
EDUARDO COSTA,2024-05-14 22:26:49,198.0,12.9,-20.958353,-40.171235
EDUARDO COSTA,2024-05-14 22:32:29,199.0,12.8,-20.977498,-40.176998
EDUARDO COSTA,2024-05-14 22:36:30,187.0,13.1,-20.991243,-40.180978
EDUARDO COSTA,2024-05-14 23:44:29,200.0,12.7,-21.226331,-40.255498
EDUARDO COSTA,2024-05-15 00:05:35,196.0,12.9,-21.299478,-40.279801
EDUARDO COSTA,2024-05-15 00:07:42,203.0,13.2,-21.306831,-40.282165
EDUARDO COSTA,2024-05-15 00:11:49,198.0,13.3,-21.321415,-40.287013
EDUARDO COSTA,2024-05-15 00:23:01,196.0,13.7,-21.361165,-40.299998
EDUARDO COSTA,2024-05-15 00:39:47,192.0,13.7,-21.421941,-40.318903
EDUARDO COSTA,2024-05-15 00:42:45,196.0,13.9,-21.43282,-40.321985
EDUARDO COSTA,2024-05-15 00:45:04,194.0,13.4,-21.441331,-40.324331
EDUARDO COSTA,2024-05-15 00:56:35,196.0,14.0,-21.483498,-40.336165
EDUARDO COSTA,2024-05-15 01:12:09,186.0,13.8,-21.541366,-40.349726
EDUARDO COSTA,2024-05-15 01:18:53,192.0,14.0,-21.56672,-40.354323
EDUARDO COSTA,2024-05-15 01:22:09,190.0,13.8,-21.579051,-40.356575
EDUARDO COSTA,2024-05-15 01:29:20,194.0,13.6,-21.60625,-40.361616
EDUARDO COSTA,2024-05-15 01:50:38,191.0,13.0,-21.685831,-40.376165
EDUARDO COSTA,2024-05-15 02:05:39,191.0,12.5,-21.737998,-40.389831
EDUARDO COSTA,2024-05-15 02:08:29,195.0,12.9,-21.747955,-40.392375
EDUARDO COSTA,2024-05-15 02:38:40,206.0,12.5,-21.849861,-40.428351
EDUARDO COSTA,2024-05-15 02:41:33,206.0,13.1,-21.859165,-40.432998
EDUARDO COSTA,2024-05-15 02:58:59,210.0,13.2,-21.914911,-40.464561
EDUARDO COSTA,2024-05-15 03:16:33,202.0,12.4,-21.993651,-40.496648
EDUARDO COSTA,2024-05-15 03:17:16,200.0,12.6,-21.9767,-40.490023
EDUARDO COSTA,2024-05-15 03:17:33,197.0,13.0,-21.996998,-40.497998
EDUARDO COSTA,2024-05-15 03:17:54,199.0,12.8,-21.998165,-40.498331
EDUARDO COSTA,2024-05-15 03:17:57,200.0,12.6,-21.99833,-40.498461
EDUARDO COSTA,2024-05-15 03:18:00,202.0,12.4,-21.998498,-40.498498
EDUARDO COSTA,2024-05-15 03:52:25,235.0,13.1,-22.072851,-40.569565
EDUARDO COSTA,2024-05-15 04:20:29,236.0,11.4,-22.133536,-40.652321
EDUARDO COSTA,2024-05-15 04:25:18,233.0,12.6,-22.143791,-40.66613
EDUARDO COSTA,2024-05-15 04:52:43,228.0,12.9,-22.204331,-40.746233
EDUARDO COSTA,2024-05-15 04:55:30,231.0,13.4,-22.210498,-40.754498
EDUARDO COSTA,2024-05-15 04:57:30,238.0,12.6,-22.214998,-40.760665
EDUARDO COSTA,2024-05-15 04:58:14,230.0,13.5,-22.216665,-40.762831
EDUARDO COSTA,2024-05-15 04:58:44,231.0,13.1,-22.217665,-40.764331
EDUARDO COSTA,2024-05-15 04:58:47,229.0,12.6,-22.217843,-40.764448
EDUARDO COSTA,2024-05-15 04:59:17,234.0,13.3,-22.21895,-40.765951
EDUARDO COSTA,2024-05-15 05:00:44,233.0,12.3,-22.222165,-40.770331
EDUARDO COSTA,2024-05-15 05:04:47,225.0,12.8,-22.230998,-40.782165
EDUARDO COSTA,2024-05-15 05:35:47,236.0,12.5,-22.297498,-40.871165
EDUARDO COSTA,2024-05-15 05:45:33,239.0,12.6,-22.314498,-40.901331
EDUARDO COSTA,2024-05-15 05:57:36,239.0,12.4,-22.335165,-40.940165
EDUARDO COSTA,2024-05-15 06:31:30,218.0,12.1,-22.421121,-41.026663
EDUARDO COSTA,2024-05-15 06:40:31,244.0,12.4,-22.440665,-41.051831
EDUARDO COSTA,2024-05-15 07:12:17,224.0,11.8,-22.503026,-41.147673
EDUARDO COSTA,2024-05-15 07:27:13,229.0,12.1,-22.53711,-41.189565
EDUARDO COSTA,2024-05-15 07:41:50,226.0,12.4,-22.569998,-41.229998
EDUARDO COSTA,2024-05-15 08:19:27,235.0,12.2,-22.649331,-41.336831
EDUARDO COSTA,2024-05-15 08:24:03,237.0,11.8,-22.658165,-41.349831
EDUARDO COSTA,2024-05-15 08:49:30,232.0,11.7,-22.708331,-41.423165
EDUARDO COSTA,2024-05-15 08:52:26,230.0,12.1,-22.714498,-41.431665
EDUARDO COSTA,2024-05-15 08:55:06,230.0,12.4,-22.720198,-41.43948
EDUARDO COSTA,2024-05-15 08:57:59,235.0,12.5,-22.726331,-41.447998
EDUARDO COSTA,2024-05-15 09:28:10,234.0,11.5,-22.789998,-41.534165
EDUARDO COSTA,2024-05-15 09:55:41,241.0,12.0,-22.847331,-41.612998
EDUARDO COSTA,2024-05-15 10:34:26,229.0,11.7,-22.917655,-41.72683
EDUARDO COSTA,2024-05-15 10:36:50,228.0,11.5,-22.922165,-41.733165
EDUARDO COSTA,2024-05-15 11:11:40,226.0,11.0,-22.996665,-41.817831
EDUARDO COSTA,2024-05-15 11:40:37,231.0,10.0,-23.048478,-41.880058
EDUARDO COSTA,2024-05-15 11:43:07,230.0,9.3,-23.052498,-41.885665
EDUARDO COSTA,2024-05-15 11:51:17,217.0,10.1,-23.068116,-41.901715
EDUARDO COSTA,2024-05-15 12:01:52,226.0,10.2,-23.086271,-41.925756
EDUARDO COSTA,2024-05-15 12:28:14,255.0,10.3,-23.10836,-42.000551
EDUARDO COSTA,2024-05-15 12:32:54,255.0,11.3,-23.111331,-42.015665
EDUARDO COSTA,2024-05-15 12:35:27,271.0,12.0,-23.112831,-42.024165
EDUARDO COSTA,2024-05-15 12:37:47,258.0,11.7,-23.114165,-42.031831
EDUARDO COSTA,2024-05-15 13:23:21,256.0,11.3,-23.143831,-42.184498
EDUARDO COSTA,2024-05-15 13:35:03,267.0,11.7,-23.153276,-42.221691
EDUARDO COSTA,2024-05-15 13:47:06,253.0,11.4,-23.160165,-42.261665
EDUARDO COSTA,2024-05-15 14:35:10,256.0,11.9,-23.191998,-42.422331
EDUARDO COSTA,2024-05-15 16:20:06,268.0,11.5,-23.276665,-42.776831
EDUARDO COSTA,2024-05-15 16:23:15,274.0,12.6,-23.278498,-42.787498
EDUARDO COSTA,2024-05-15 16:23:41,248.0,11.6,-23.278808,-42.788941
EDUARDO COSTA,2024-05-15 16:27:02,261.0,11.6,-23.280831,-42.800331
EDUARDO COSTA,2024-05-15 16:47:51,255.0,11.6,-23.296331,-42.891498
EDUARDO COSTA,2024-05-15 17:29:07,252.0,10.3,-23.315665,-43.010165
EDUARDO COSTA,2024-05-15 18:03:07,250.0,11.0,-23.341183,-43.122376
EDUARDO COSTA,2024-05-15 18:40:14,256.0,11.8,-23.367975,-43.246033
EDUARDO COSTA,2024-05-15 18:45:14,262.0,11.6,-23.371611,-43.262926
EDUARDO COSTA,2024-05-15 19:10:34,260.0,7.6,-23.385568,-43.343293
EDUARDO COSTA,2024-05-15 19:55:17,267.0,6.5,-23.395741,-43.432393
EDUARDO COSTA,2024-05-15 20:28:34,253.0,11.2,-23.40838,-43.52332
EDUARDO COSTA,2024-05-15 20:28:53,266.0,12.1,-23.408498,-43.524498
EDUARDO COSTA,2024-05-15 21:14:26,244.0,12.2,-23.438058,-43.683433
EDUARDO COSTA,2024-05-15 21:23:46,250.0,11.1,-23.444553,-43.716443
EDUARDO COSTA,2024-05-15 21:37:57,261.0,12.5,-23.454165,-43.766331
EDUARDO COSTA,2024-05-15 22:14:41,263.0,12.2,-23.479351,-43.894225
EDUARDO COSTA,2024-05-15 23:10:31,263.0,12.0,-23.525331,-44.087831
EDUARDO COSTA,2024-05-15 23:11:41,262.0,12.3,-23.526165,-44.091998
EDUARDO COSTA,2024-05-15 23:37:37,258.0,11.7,-23.542181,-44.182343
EDUARDO COSTA,2024-05-15 23:44:20,263.0,9.6,-23.546498,-44.204498
EDUARDO COSTA,2024-05-15 23:49:39,258.0,6.3,-23.548478,-44.217043
EDUARDO COSTA,2024-05-15 23:50:34,264.0,5.6,-23.548665,-44.218665
EDUARDO COSTA,2024-05-15 23:57:23,180.0,3.7,-23.548471,-44.224891
EDUARDO COSTA,2024-05-16 00:10:54,176.0,1.0,-23.545001,-44.226568
EDUARDO COSTA,2024-05-16 00:13:03,358.0,1.2,-23.544331,-44.226665
EDUARDO COSTA,2024-05-16 00:18:30,349.0,1.4,-23.542233,-44.22667
EDUARDO COSTA,2024-05-16 00:23:57,341.0,4.8,-23.540498,-44.226998
EDUARDO COSTA,2024-05-16 00:28:20,297.0,2.4,-23.539535,-44.227813
EDUARDO COSTA,2024-05-16 00:33:20,240.0,2.1,-23.540665,-44.229831
EDUARDO COSTA,2024-05-16 00:48:54,72.0,1.9,-23.542896,-44.222783
EDUARDO COSTA,2024-05-16 01:06:54,43.0,2.5,-23.538025,-44.21357
EDUARDO COSTA,2024-05-16 01:23:03,8.0,1.4,-23.533498,-44.207165
EDUARDO COSTA,2024-05-16 01:27:15,89.0,2.0,-23.532165,-44.205665
EDUARDO COSTA,2024-05-16 01:55:24,41.0,1.8,-23.523978,-44.19715
EDUARDO COSTA,2024-05-16 02:00:40,73.0,4.6,-23.522498,-44.193165
EDUARDO COSTA,2024-05-16 02:11:03,176.0,3.8,-23.529015,-44.186505
EDUARDO COSTA,2024-05-16 02:37:00,154.0,4.8,-23.557165,-44.192331
EDUARDO COSTA,2024-05-16 02:47:20,288.0,2.3,-23.565165,-44.186498
EDUARDO COSTA,2024-05-16 02:50:26,180.0,1.8,-23.565331,-44.186331
EDUARDO COSTA,2024-05-16 03:20:39,34.0,2.6,-23.557665,-44.182331
EDUARDO COSTA,2024-05-16 03:25:49,3.0,1.1,-23.556331,-44.181998
EDUARDO COSTA,2024-05-16 03:35:58,332.0,1.4,-23.55238,-44.180833
EDUARDO COSTA,2024-05-16 03:36:20,317.0,1.1,-23.552165,-44.180831
EDUARDO COSTA,2024-05-16 03:36:38,334.0,1.1,-23.5521,-44.18074
EDUARDO COSTA,2024-05-16 03:38:15,48.0,4.5,-23.551331,-44.180498
EDUARDO COSTA,2024-05-16 03:48:23,31.0,2.6,-23.546665,-44.179498
EDUARDO COSTA,2024-05-16 03:54:26,29.0,2.7,-23.543665,-44.178665
EDUARDO COSTA,2024-05-16 03:59:32,345.0,1.7,-23.540978,-44.178053
EDUARDO COSTA,2024-05-16 04:04:32,338.0,1.1,-23.538398,-44.177621
EDUARDO COSTA,2024-05-16 04:38:40,356.0,1.7,-23.51975,-44.172303
EDUARDO COSTA,2024-05-16 04:54:20,162.0,2.0,-23.513665,-44.174831
EDUARDO COSTA,2024-05-16 05:10:10,154.0,3.9,-23.524665,-44.165331
EDUARDO COSTA,2024-05-16 05:12:10,161.0,4.1,-23.526331,-44.164998
EDUARDO COSTA,2024-05-16 05:16:38,170.0,2.9,-23.53041,-44.164675
EDUARDO COSTA,2024-05-16 05:16:58,165.0,4.0,-23.530736,-44.164675
EDUARDO COSTA,2024-05-16 05:37:23,195.0,3.4,-23.546831,-44.171665
EDUARDO COSTA,2024-05-16 05:41:23,241.0,3.2,-23.549998,-44.173665
EDUARDO COSTA,2024-05-16 05:43:27,197.0,3.3,-23.551498,-44.174665
EDUARDO COSTA,2024-05-16 05:45:33,185.0,3.4,-23.553165,-44.175831
EDUARDO COSTA,2024-05-16 08:24:51,331.0,10.4,-23.42003,-44.301058
EDUARDO COSTA,2024-05-16 08:30:25,332.0,10.6,-23.406331,-44.309831
EDUARDO COSTA,2024-05-16 08:59:47,323.0,10.6,-23.333998,-44.362165
EDUARDO COSTA,2024-05-16 09:03:40,320.0,10.6,-23.3245,-44.369348
EDUARDO COSTA,2024-05-16 09:05:59,328.0,10.5,-23.318831,-44.373498
EDUARDO COSTA,2024-05-16 09:33:54,306.0,6.8,-23.26278,-44.416011
EDUARDO COSTA,2024-05-16 09:38:24,339.0,6.7,-23.256831,-44.421665
EDUARDO COSTA,2024-05-16 09:40:39,335.0,6.0,-23.254165,-44.424331
EDUARDO COSTA,2024-05-16 10:14:36,325.0,4.4,-23.219331,-44.460616
EDUARDO COSTA,2024-05-16 10:50:38,326.0,1.9,-23.19441,-44.485606
EDUARDO COSTA,2024-05-16 11:56:32,81.0,0.3,-23.179998,-44.496331
EDUARDO COSTA,2024-05-16 11:56:42,7.0,0.4,-23.179998,-44.496331
EDUARDO COSTA,2024-05-16 11:58:18,311.0,0.3,-23.179971,-44.496396
EDUARDO COSTA,2024-05-16 11:58:30,276.0,0.2,-23.179998,-44.496331
EDUARDO COSTA,2024-05-16 18:55:30,119.0,0.4,-23.179831,-44.496165
EDUARDO COSTA,2024-05-16 19:24:34,94.0,8.6,-23.178481,-44.479696
EDUARDO COSTA,2024-05-16 19:29:34,77.0,8.0,-23.17588,-44.46751
EDUARDO COSTA,2024-05-17 02:12:44,97.0,0.3,-23.119165,-44.435498
EDUARDO COSTA,2024-05-17 06:24:44,33.0,0.6,-23.119343,-44.4354
EDUARDO COSTA,2024-05-17 09:14:30,157.0,0.3,-23.119165,-44.435165
EDUARDO COSTA,2024-05-17 17:52:32,176.0,5.8,-23.126571,-44.436118
EDUARDO COSTA,2024-05-17 18:31:04,152.0,5.5,-23.204998,-44.412165
EDUARDO COSTA,2024-05-17 18:32:24,152.0,6.9,-23.207165,-44.411165
EDUARDO COSTA,2024-05-17 18:35:28,161.0,10.2,-23.21381,-44.408193
EDUARDO COSTA,2024-05-17 18:56:37,157.0,9.0,-23.25345,-44.389268
EDUARDO COSTA,2024-05-17 19:25:22,158.0,11.9,-23.31849,-44.356481
EDUARDO COSTA,2024-05-17 19:36:56,160.0,11.9,-23.353165,-44.340936
EDUARDO COSTA,2024-05-17 19:39:38,157.0,9.3,-23.360831,-44.337665
EDUARDO COSTA,2024-05-17 20:12:51,162.0,11.7,-23.44929,-44.3016
EDUARDO COSTA,2024-05-17 21:19:42,242.0,11.8,-23.615575,-44.373143
EDUARDO COSTA,2024-05-17 21:58:24,227.0,11.8,-23.680146,-44.495898
EDUARDO COSTA,2024-05-17 22:59:54,229.0,12.6,-23.782186,-44.676991
EDUARDO COSTA,2024-05-17 23:25:06,235.0,12.7,-23.827306,-44.75547
EDUARDO COSTA,2024-05-17 23:28:15,231.0,11.6,-23.832643,-44.765063
EDUARDO COSTA,2024-05-17 23:34:22,230.0,10.2,-23.842758,-44.78172
EDUARDO COSTA,2024-05-17 23:39:41,236.0,11.0,-23.852066,-44.79572
EDUARDO COSTA,2024-05-17 23:39:48,225.0,11.6,-23.852313,-44.796053
EDUARDO COSTA,2024-05-17 23:42:35,235.0,10.6,-23.857405,-44.803131
EDUARDO COSTA,2024-05-18 00:00:39,252.0,10.9,-23.884331,-44.854831
EDUARDO COSTA,2024-05-18 00:02:59,247.0,10.9,-23.887498,-44.861665
EDUARDO COSTA,2024-05-18 00:05:20,246.0,10.3,-23.890596,-44.868456
EDUARDO COSTA,2024-05-18 00:08:20,245.0,11.0,-23.894745,-44.87719
EDUARDO COSTA,2024-05-18 00:17:27,247.0,10.5,-23.907498,-44.903665
EDUARDO COSTA,2024-05-18 00:19:32,228.0,11.0,-23.910665,-44.909498
EDUARDO COSTA,2024-05-18 00:41:09,231.0,11.0,-23.943998,-44.969998
EDUARDO COSTA,2024-05-18 00:44:06,246.0,10.4,-23.948556,-44.978378
EDUARDO COSTA,2024-05-18 00:54:10,235.0,11.0,-23.964533,-45.00656
EDUARDO COSTA,2024-05-18 00:57:18,238.0,11.0,-23.969498,-45.015331
EDUARDO COSTA,2024-05-18 01:02:05,231.0,10.4,-23.976981,-45.02832
EDUARDO COSTA,2024-05-18 01:03:35,241.0,10.7,-23.979305,-45.032356
EDUARDO COSTA,2024-05-18 01:09:32,236.0,10.7,-23.988518,-45.048245
EDUARDO COSTA,2024-05-18 01:11:59,243.0,10.6,-23.992331,-45.054665
EDUARDO COSTA,2024-05-18 01:13:31,240.0,9.7,-23.994831,-45.058831
EDUARDO COSTA,2024-05-18 01:14:28,236.0,10.5,-23.996258,-45.06125
EDUARDO COSTA,2024-05-18 01:15:04,241.0,10.7,-23.997165,-45.062831
EDUARDO COSTA,2024-05-18 01:15:34,251.0,9.9,-23.997831,-45.063998
EDUARDO COSTA,2024-05-18 01:57:12,245.0,11.3,-24.065576,-45.174463
EDUARDO COSTA,2024-05-18 02:00:12,235.0,11.4,-24.070061,-45.18331
EDUARDO COSTA,2024-05-18 02:35:12,237.0,11.2,-24.123783,-45.287818
EDUARDO COSTA,2024-05-18 02:37:51,245.0,11.6,-24.127788,-45.29617
EDUARDO COSTA,2024-05-18 03:00:48,238.0,12.8,-24.161331,-45.369665
EDUARDO COSTA,2024-05-18 03:08:52,241.0,12.1,-24.172908,-45.39589
EDUARDO COSTA,2024-05-18 03:11:48,233.0,11.7,-24.177331,-45.405498
EDUARDO COSTA,2024-05-18 03:44:18,228.0,12.3,-24.234165,-45.505998
EDUARDO COSTA,2024-05-18 04:09:42,240.0,11.8,-24.277831,-45.586165
EDUARDO COSTA,2024-05-18 04:10:27,255.0,12.2,-24.278978,-45.588528
EDUARDO COSTA,2024-05-18 04:22:05,238.0,12.1,-24.297831,-45.625665
EDUARDO COSTA,2024-05-18 05:15:29,243.0,11.7,-24.385998,-45.797998
EDUARDO COSTA,2024-05-18 05:26:11,246.0,11.8,-24.405856,-45.831975
EDUARDO COSTA,2024-05-18 05:30:41,239.0,12.4,-24.41384,-45.846283
EDUARDO COSTA,2024-05-18 05:34:28,248.0,13.2,-24.420665,-45.858665
EDUARDO COSTA,2024-05-18 05:43:29,241.0,11.9,-24.436401,-45.8881
EDUARDO COSTA,2024-05-18 05:46:46,237.0,12.7,-24.442165,-45.898831
EDUARDO COSTA,2024-05-18 05:50:18,243.0,12.3,-24.448331,-45.910331
EDUARDO COSTA,2024-05-18 05:55:49,241.0,12.5,-24.457831,-45.927998
EDUARDO COSTA,2024-05-18 06:16:25,231.0,13.0,-24.494831,-45.992165
EDUARDO COSTA,2024-05-18 06:26:32,243.0,12.7,-24.512273,-46.025011
EDUARDO COSTA,2024-05-18 06:28:15,242.0,12.7,-24.515265,-46.030681
EDUARDO COSTA,2024-05-18 06:30:52,243.0,12.2,-24.519776,-46.039171
EDUARDO COSTA,2024-05-18 06:59:58,236.0,12.0,-24.569998,-46.133331
EDUARDO COSTA,2024-05-18 07:05:12,239.0,12.7,-24.579366,-46.150143
EDUARDO COSTA,2024-05-18 07:05:51,235.0,12.3,-24.580568,-46.152281
EDUARDO COSTA,2024-05-18 07:11:08,245.0,12.4,-24.589831,-46.169498
EDUARDO COSTA,2024-05-18 07:33:11,243.0,12.1,-24.6284,-46.240873
EDUARDO COSTA,2024-05-18 08:12:48,230.0,12.7,-24.698165,-46.371165
EDUARDO COSTA,2024-05-18 08:43:58,238.0,12.5,-24.753665,-46.472331
EDUARDO COSTA,2024-05-18 08:46:25,245.0,11.9,-24.757795,-46.480276
EDUARDO COSTA,2024-05-18 09:18:21,240.0,12.6,-24.813053,-46.583878
EDUARDO COSTA,2024-05-18 09:21:31,234.0,11.8,-24.818611,-46.594111
EDUARDO COSTA,2024-05-18 09:50:28,236.0,12.8,-24.870151,-46.685453
EDUARDO COSTA,2024-05-18 09:55:18,230.0,12.2,-24.878768,-46.70077
EDUARDO COSTA,2024-05-18 10:47:32,241.0,12.2,-24.967078,-46.87097
EDUARDO COSTA,2024-05-18 11:22:32,246.0,13.0,-25.02906,-46.984531
EDUARDO COSTA,2024-05-18 11:34:05,250.0,12.7,-25.04968,-47.022665
EDUARDO COSTA,2024-05-18 11:48:58,230.0,12.7,-25.076498,-47.072498
EDUARDO COSTA,2024-05-18 12:11:38,242.0,12.9,-25.117331,-47.149331
EDUARDO COSTA,2024-05-18 12:16:58,233.0,12.6,-25.126998,-47.167665
EDUARDO COSTA,2024-05-18 13:20:01,244.0,13.5,-25.247665,-47.378998
EDUARDO COSTA,2024-05-18 13:22:34,220.0,13.1,-25.253081,-47.387118
EDUARDO COSTA,2024-05-18 14:15:48,240.0,13.2,-25.359123,-47.564676
EDUARDO COSTA,2024-05-18 15:03:52,189.0,13.1,-25.479143,-47.67883
EDUARDO COSTA,2024-05-18 15:07:19,181.0,13.0,-25.491498,-47.679831
EDUARDO COSTA,2024-05-18 16:13:13,181.0,12.7,-25.726331,-47.698331
EDUARDO COSTA,2024-05-18 16:31:26,180.0,12.1,-25.78908,-47.701455
EDUARDO COSTA,2024-05-18 16:40:13,179.0,12.6,-25.819831,-47.702165
EDUARDO COSTA,2024-05-18 17:23:00,184.0,11.9,-25.96589,-47.705883
EDUARDO COSTA,2024-05-18 17:25:13,182.0,12.0,-25.973498,-47.705998
EDUARDO COSTA,2024-05-18 17:34:52,187.0,11.9,-26.006165,-47.707498
EDUARDO COSTA,2024-05-18 17:36:58,178.0,12.3,-26.013231,-47.707648
EDUARDO COSTA,2024-05-18 17:37:12,185.0,12.0,-26.013998,-47.707665
EDUARDO COSTA,2024-05-18 17:39:52,184.0,12.1,-26.022998,-47.707998
EDUARDO COSTA,2024-05-18 17:39:58,184.0,12.4,-26.023415,-47.707985
EDUARDO COSTA,2024-05-18 18:18:01,183.0,12.2,-26.151498,-47.710498
EDUARDO COSTA,2024-05-18 18:24:14,183.0,12.1,-26.172665,-47.710831
EDUARDO COSTA,2024-05-18 18:41:16,182.0,11.7,-26.229498,-47.712831
EDUARDO COSTA,2024-05-18 19:08:37,184.0,11.7,-26.321253,-47.719466
EDUARDO COSTA,2024-05-18 19:16:11,186.0,12.2,-26.346831,-47.721831
EDUARDO COSTA,2024-05-18 19:18:30,185.0,12.0,-26.354665,-47.722665
EDUARDO COSTA,2024-05-18 20:01:10,184.0,12.0,-26.496515,-47.731943
EDUARDO COSTA,2024-05-18 20:07:21,181.0,12.2,-26.517153,-47.731823
EDUARDO COSTA,2024-05-18 20:25:47,183.0,12.3,-26.5771,-47.731696
EDUARDO COSTA,2024-05-18 20:57:51,183.0,11.4,-26.678998,-47.730665
EDUARDO COSTA,2024-05-18 20:59:07,184.0,11.4,-26.683185,-47.73104
EDUARDO COSTA,2024-05-18 21:31:41,182.0,10.8,-26.784831,-47.740165
EDUARDO COSTA,2024-05-18 22:03:29,180.0,11.0,-26.883165,-47.740831
EDUARDO COSTA,2024-05-18 22:07:09,191.0,10.0,-26.894498,-47.741331
EDUARDO COSTA,2024-05-18 23:37:26,189.0,10.5,-27.170468,-47.755478
EDUARDO COSTA,2024-05-18 23:44:56,178.0,10.7,-27.193118,-47.75753
EDUARDO COSTA,2024-05-18 23:47:29,184.0,11.0,-27.200831,-47.758165
EDUARDO COSTA,2024-05-19 00:09:42,181.0,10.7,-27.268331,-47.764165
EDUARDO COSTA,2024-05-19 00:16:03,183.0,10.5,-27.28745,-47.765448
EDUARDO COSTA,2024-05-19 00:19:03,181.0,11.1,-27.296241,-47.766128
EDUARDO COSTA,2024-05-19 00:26:22,179.0,10.3,-27.317998,-47.767831
EDUARDO COSTA,2024-05-19 00:41:36,184.0,10.8,-27.364065,-47.768401
EDUARDO COSTA,2024-05-19 00:44:22,183.0,10.6,-27.372401,-47.768603
EDUARDO COSTA,2024-05-19 00:45:42,180.0,9.9,-27.376565,-47.7687
EDUARDO COSTA,2024-05-19 00:50:13,177.0,10.7,-27.389993,-47.768885
EDUARDO COSTA,2024-05-19 00:54:06,176.0,12.2,-27.402201,-47.768845
EDUARDO COSTA,2024-05-19 01:03:45,186.0,11.6,-27.432068,-47.769188
EDUARDO COSTA,2024-05-19 01:33:16,183.0,11.2,-27.526065,-47.77138
EDUARDO COSTA,2024-05-19 01:37:39,178.0,11.8,-27.540331,-47.771498
EDUARDO COSTA,2024-05-19 01:41:16,180.0,11.1,-27.551986,-47.771538
EDUARDO COSTA,2024-05-19 01:58:02,178.0,11.2,-27.606331,-47.771998
EDUARDO COSTA,2024-05-19 02:03:02,185.0,11.7,-27.622665,-47.772165
EDUARDO COSTA,2024-05-19 02:31:36,182.0,12.1,-27.715531,-47.773365
EDUARDO COSTA,2024-05-19 02:38:16,177.0,12.6,-27.737153,-47.773786
EDUARDO COSTA,2024-05-19 02:42:43,176.0,12.0,-27.751796,-47.773941
EDUARDO COSTA,2024-05-19 02:45:43,183.0,12.2,-27.761751,-47.774085
EDUARDO COSTA,2024-05-19 04:14:32,183.0,10.5,-28.002695,-47.786355
EDUARDO COSTA,2024-05-19 04:22:09,185.0,12.4,-28.027331,-47.788331
EDUARDO COSTA,2024-05-19 04:26:44,184.0,12.0,-28.042165,-47.789498
EDUARDO COSTA,2024-05-19 04:29:04,181.0,11.7,-28.049831,-47.790165
EDUARDO COSTA,2024-05-19 04:47:12,189.0,11.4,-28.107993,-47.800558
EDUARDO COSTA,2024-05-19 05:22:52,229.0,12.1,-28.203788,-47.8712
EDUARDO COSTA,2024-05-19 05:24:55,217.0,12.4,-28.208331,-47.876831
EDUARDO COSTA,2024-05-19 05:31:47,231.0,11.7,-28.223998,-47.895665
EDUARDO COSTA,2024-05-19 06:02:05,231.0,9.9,-28.291165,-47.977665
EDUARDO COSTA,2024-05-19 06:07:38,236.0,10.5,-28.301995,-47.992308
EDUARDO COSTA,2024-05-19 06:11:44,247.0,11.7,-28.30955,-48.004126
EDUARDO COSTA,2024-05-19 06:14:58,228.0,11.7,-28.315665,-48.012998
EDUARDO COSTA,2024-05-19 06:21:44,220.0,11.3,-28.329165,-48.030831
EDUARDO COSTA,2024-05-19 06:40:48,233.0,12.1,-28.370366,-48.080321
EDUARDO COSTA,2024-05-19 07:03:47,225.0,11.2,-28.42217,-48.140156
EDUARDO COSTA,2024-05-19 07:05:59,218.0,11.2,-28.426831,-48.145665
EDUARDO COSTA,2024-05-19 07:09:52,219.0,10.7,-28.434761,-48.155235
EDUARDO COSTA,2024-05-19 07:14:22,223.0,11.3,-28.443935,-48.166466
EDUARDO COSTA,2024-05-19 07:45:18,219.0,10.6,-28.510678,-48.24358
EDUARDO COSTA,2024-05-19 07:50:05,221.0,11.6,-28.521498,-48.255665
EDUARDO COSTA,2024-05-19 07:54:55,220.0,11.4,-28.532453,-48.267886
EDUARDO COSTA,2024-05-19 08:20:11,225.0,10.3,-28.587783,-48.33536
EDUARDO COSTA,2024-05-19 08:23:49,227.0,9.9,-28.594831,-48.344498
EDUARDO COSTA,2024-05-19 08:52:21,238.0,11.3,-28.65239,-48.418241
EDUARDO COSTA,2024-05-19 08:52:52,226.0,11.5,-28.65332,-48.419666
EDUARDO COSTA,2024-05-19 08:58:18,237.0,11.8,-28.66316,-48.435446
EDUARDO COSTA,2024-05-19 10:22:51,237.0,12.2,-28.852241,-48.666956
EDUARDO COSTA,2024-05-19 10:33:38,220.0,12.6,-28.878998,-48.694665
EDUARDO COSTA,2024-05-19 10:36:34,230.0,12.3,-28.886165,-48.702331
EDUARDO COSTA,2024-05-19 11:43:31,228.0,12.0,-29.043831,-48.888831
EDUARDO COSTA,2024-05-19 11:47:35,227.0,12.3,-29.052851,-48.901015
EDUARDO COSTA,2024-05-19 12:03:45,234.0,12.6,-29.088831,-48.948831
EDUARDO COSTA,2024-05-19 12:10:13,226.0,12.2,-29.103595,-48.967761
EDUARDO COSTA,2024-05-19 12:25:45,221.0,13.0,-29.140498,-49.012998
EDUARDO COSTA,2024-05-19 12:57:29,236.0,13.1,-29.220626,-49.103821
EDUARDO COSTA,2024-05-19 12:58:13,217.0,13.5,-29.222498,-49.105831
EDUARDO COSTA,2024-05-19 13:06:36,231.0,12.8,-29.243998,-49.129665
EDUARDO COSTA,2024-05-19 13:17:04,215.0,13.0,-29.270928,-49.159151
EDUARDO COSTA,2024-05-19 13:17:37,217.0,13.0,-29.272331,-49.160831
EDUARDO COSTA,2024-05-19 13:58:37,213.3,12.6,-29.372195,-49.280256
EDUARDO COSTA,2024-05-19 14:55:50,213.4,12.5,-29.520333,-49.434441
EDUARDO COSTA,2024-05-19 15:32:41,217.0,13.0,-29.60728,-49.547845
EDUARDO COSTA,2024-05-19 15:36:59,215.8,12.8,-29.617498,-49.561331
EDUARDO COSTA,2024-05-19 15:47:18,215.8,11.9,-29.640795,-49.592136
EDUARDO COSTA,2024-05-19 16:16:40,214.3,12.1,-29.706191,-49.677035
EDUARDO COSTA,2024-05-19 16:16:49,214.8,12.1,-29.706498,-49.677498
EDUARDO COSTA,2024-05-19 16:17:10,216.4,12.1,-29.707331,-49.678498
EDUARDO COSTA,2024-05-19 16:17:49,215.2,12.1,-29.708831,-49.680331
EDUARDO COSTA,2024-05-19 16:23:34,214.1,12.3,-29.721708,-49.697161
EDUARDO COSTA,2024-05-19 17:33:46,215.8,12.6,-29.876581,-49.9097
EDUARDO COSTA,2024-05-19 17:37:47,214.3,12.7,-29.886311,-49.921491
EDUARDO COSTA,2024-05-19 17:49:58,214.8,11.9,-29.915665,-49.957331
EDUARDO COSTA,2024-05-19 18:15:57,238.0,9.2,-29.957691,-50.020891
EDUARDO COSTA,2024-05-19 18:19:35,247.2,9.6,-29.959498,-50.031498
EDUARDO COSTA,2024-05-19 18:33:51,135.0,2.7,-29.969351,-50.059928
EDUARDO COSTA,2024-05-19 18:42:34,210.4,0.8,-29.970665,-50.060165
EDUARDO COSTA,2024-05-19 18:46:56,230.6,0.6,-29.971205,-50.060916
EDUARDO COSTA,2024-05-19 18:51:46,321.6,0.7,-29.97128,-50.06141
EDUARDO COSTA,2024-05-19 19:27:12,337.7,0.4,-29.970665,-50.061498
EDUARDO COSTA,2024-05-20 11:14:43,234.2,0.1,-29.969331,-50.055665
EDUARDO COSTA,2024-05-20 19:49:09,83.0,0.2,-29.967963,-50.057843
EDUARDO COSTA,2024-05-20 22:55:08,145.0,0.0,-29.96821,-50.060036
EDUARDO COSTA,2024-05-21 11:45:19,303.0,1.5,-29.971665,-50.060665
EDUARDO COSTA,2024-05-21 11:55:17,138.0,1.7,-29.971498,-50.060165
EDUARDO COSTA,2024-05-21 12:06:17,145.0,1.2,-29.971665,-50.059665
EDUARDO COSTA,2024-05-21 12:58:10,211.0,6.1,-29.978498,-50.072998
EDUARDO COSTA,2024-05-21 13:43:37,207.0,3.2,-30.025665,-50.101165
EDUARDO COSTA,2024-05-21 13:48:37,181.0,2.2,-30.029331,-50.102998
EDUARDO COSTA,2024-05-21 15:18:26,85.0,0.1,-30.026246,-50.107455
EDUARDO COSTA,2024-05-21 15:32:07,30.0,2.3,-30.022325,-50.10413
EDUARDO COSTA,2024-05-21 16:09:39,349.0,1.1,-30.015161,-50.09816
EDUARDO COSTA,2024-05-21 16:16:47,100.0,0.9,-30.014606,-50.097206
EDUARDO COSTA,2024-05-21 16:18:52,97.0,1.2,-30.014296,-50.09683
EDUARDO COSTA,2024-05-21 16:21:41,322.0,0.4,-30.013946,-50.096533
EDUARDO COSTA,2024-05-21 16:42:57,73.0,1.0,-30.013798,-50.096683
EDUARDO COSTA,2024-05-21 16:46:46,172.0,0.6,-30.013641,-50.096721
EDUARDO COSTA,2024-05-21 16:47:29,177.0,0.9,-30.01373,-50.09681
EDUARDO COSTA,2024-05-21 16:48:56,89.0,0.8,-30.013736,-50.096851
EDUARDO COSTA,2024-05-21 16:49:00,61.0,0.4,-30.013738,-50.096833
EDUARDO COSTA,2024-05-21 16:49:42,99.0,0.8,-30.013661,-50.096788
EDUARDO COSTA,2024-05-21 16:50:23,126.0,1.0,-30.013638,-50.096731
EDUARDO COSTA,2024-05-21 17:02:39,109.0,1.4,-30.013873,-50.09661
EDUARDO COSTA,2024-05-21 17:04:54,308.0,2.4,-30.013906,-50.09666
EDUARDO COSTA,2024-05-21 17:57:56,140.0,0.8,-30.013745,-50.096911
EDUARDO COSTA,2024-05-21 17:57:57,140.0,0.8,-30.013745,-50.096911
EDUARDO COSTA,2024-05-21 17:59:05,135.0,0.4,-30.013746,-50.096885
EDUARDO COSTA,2024-05-21 18:26:38,318.0,1.0,-30.013665,-50.096831
EDUARDO COSTA,2024-05-21 18:28:46,43.0,0.5,-30.013781,-50.096831
EDUARDO COSTA,2024-05-21 18:29:49,126.0,1.0,-30.013771,-50.096813
EDUARDO COSTA,2024-05-21 18:32:34,302.0,3.4,-30.013745,-50.096848
EDUARDO COSTA,2024-05-21 19:11:24,123.0,1.6,-30.013773,-50.096771
EDUARDO COSTA,2024-05-21 19:41:39,139.0,0.1,-30.013848,-50.096706
EDUARDO COSTA,2024-05-21 19:46:26,293.0,2.2,-30.013855,-50.096658
EDUARDO COSTA,2024-05-21 19:51:33,123.0,2.5,-30.013848,-50.096663
EDUARDO COSTA,2024-05-21 20:20:58,147.0,0.9,-30.013831,-50.096665
EDUARDO COSTA,2024-05-21 21:30:12,289.0,2.3,-30.013945,-50.096398
EDUARDO COSTA,2024-05-21 21:47:27,271.0,0.7,-30.013881,-50.096531
EDUARDO COSTA,2024-05-21 21:58:50,293.0,4.1,-30.013898,-50.096531
EDUARDO COSTA,2024-05-21 22:31:41,303.0,1.0,-30.013888,-50.09653
EDUARDO COSTA,2024-05-21 22:38:31,116.0,2.5,-30.013928,-50.096483
EDUARDO COSTA,2024-05-21 22:41:45,295.0,0.7,-30.013913,-50.096483
EDUARDO COSTA,2024-05-22 00:11:06,123.0,2.8,-30.013998,-50.096498
EDUARDO COSTA,2024-05-22 00:27:34,29.0,0.1,-30.013918,-50.096515
EDUARDO COSTA,2024-05-22 00:40:42,253.0,0.1,-30.013886,-50.096591
EDUARDO COSTA,2024-05-22 00:46:57,294.0,1.1,-30.013963,-50.096416
EDUARDO COSTA,2024-05-22 00:47:57,301.0,1.3,-30.013985,-50.096396
EDUARDO COSTA,2024-05-22 00:48:49,96.0,1.3,-30.01399,-50.096393
EDUARDO COSTA,2024-05-22 00:49:26,119.0,0.7,-30.013995,-50.096381
EDUARDO COSTA,2024-05-22 00:52:02,295.0,1.8,-30.013956,-50.096445
EDUARDO COSTA,2024-05-22 00:54:14,308.0,1.4,-30.01394,-50.096485
EDUARDO COSTA,2024-05-22 01:25:26,297.0,1.1,-30.013885,-50.096555
EDUARDO COSTA,2024-05-22 01:30:23,173.0,0.2,-30.013831,-50.096665
EDUARDO COSTA,2024-05-22 01:34:02,258.0,0.8,-30.013831,-50.096665
EDUARDO COSTA,2024-05-22 01:51:51,117.0,2.0,-30.013831,-50.096498
EDUARDO COSTA,2024-05-22 02:02:53,122.0,2.8,-30.013831,-50.096498
EDUARDO COSTA,2024-05-22 02:07:55,121.0,1.8,-30.013998,-50.096498
EDUARDO COSTA,2024-05-22 02:17:56,348.0,0.5,-30.013831,-50.096665
EDUARDO COSTA,2024-05-22 02:21:58,338.0,0.2,-30.013831,-50.096665
EDUARDO COSTA,2024-05-22 03:37:28,295.0,2.6,-30.013963,-50.096405
EDUARDO COSTA,2024-05-22 03:40:36,296.0,0.9,-30.013971,-50.096401
EDUARDO COSTA,2024-05-22 03:41:20,124.0,0.9,-30.01396,-50.096428
EDUARDO COSTA,2024-05-22 03:43:34,116.0,0.5,-30.013965,-50.096426
EDUARDO COSTA,2024-05-22 04:09:17,86.0,0.3,-30.013998,-50.096331
EDUARDO COSTA,2024-05-22 05:18:54,90.0,0.0,-30.014023,-50.096245
EDUARDO COSTA,2024-05-22 05:19:54,101.0,1.1,-30.014015,-50.096271
EDUARDO COSTA,2024-05-22 05:52:15,279.0,1.0,-30.013998,-50.096165
EDUARDO COSTA,2024-05-22 05:55:49,254.0,0.3,-30.013998,-50.096165
EDUARDO COSTA,2024-05-22 05:59:00,126.0,1.0,-30.013998,-50.096165
EDUARDO COSTA,2024-05-22 06:03:46,301.0,1.5,-30.013998,-50.096331
EDUARDO COSTA,2024-05-22 07:05:44,121.0,0.1,-30.014093,-50.096066
EDUARDO COSTA,2024-05-22 07:10:39,100.0,0.4,-30.014165,-50.096165
EDUARDO COSTA,2024-05-22 08:19:54,279.0,0.6,-30.013998,-50.096165
EDUARDO COSTA,2024-05-22 21:31:20,304.0,0.7,-30.013708,-50.0968
EDUARDO COSTA,2024-05-22 21:32:02,328.0,0.4,-30.0137,-50.096803
EDUARDO COSTA,2024-05-23 04:59:41,271.0,0.2,-30.013831,-50.096665
EDUARDO COSTA,2024-05-23 05:32:40,261.0,0.3,-30.013998,-50.096165
EDUARDO COSTA,2024-05-23 05:45:40,106.0,0.5,-30.013898,-50.096341
EDUARDO COSTA,2024-05-23 05:49:49,250.0,0.4,-30.013808,-50.09659
EDUARDO COSTA,2024-05-23 06:09:43,310.0,0.7,-30.012831,-50.097165
EDUARDO COSTA,2024-05-23 06:39:55,296.0,1.8,-30.010688,-50.098661
EDUARDO COSTA,2024-05-23 06:44:55,3.0,2.0,-30.008576,-50.099395
EDUARDO COSTA,2024-05-23 06:48:23,4.0,2.4,-30.006331,-50.099331
EDUARDO COSTA,2024-05-23 06:50:29,20.0,3.3,-30.004665,-50.099165
EDUARDO COSTA,2024-05-23 07:15:47,67.0,7.9,-29.985293,-50.052133
EDUARDO COSTA,2024-05-23 07:51:19,58.0,5.7,-29.964998,-49.999331
EDUARDO COSTA,2024-05-23 07:56:06,35.0,9.1,-29.957671,-49.991388
EDUARDO COSTA,2024-05-23 08:28:29,45.0,13.4,-29.875165,-49.907498
EDUARDO COSTA,2024-05-23 08:30:27,49.0,13.2,-29.870165,-49.901331
EDUARDO COSTA,2024-05-23 08:59:41,46.0,13.2,-29.795165,-49.810998
EDUARDO COSTA,2024-05-23 09:07:22,49.0,13.4,-29.775545,-49.787005
EDUARDO COSTA,2024-05-23 09:57:23,45.0,14.1,-29.648498,-49.630331
EDUARDO COSTA,2024-05-23 10:14:08,48.0,13.5,-29.605621,-49.576981
EDUARDO COSTA,2024-05-23 11:41:41,44.0,13.6,-29.384285,-49.30821
EDUARDO COSTA,2024-05-23 11:59:36,46.0,13.3,-29.338128,-49.253075
EDUARDO COSTA,2024-05-23 13:36:39,51.0,13.0,-29.097331,-48.954665
EDUARDO COSTA,2024-05-23 14:22:23,46.0,13.4,-28.988165,-48.807998
EDUARDO COSTA,2024-05-23 14:49:08,42.0,13.1,-28.915433,-48.73378
EDUARDO COSTA,2024-05-23 14:51:35,43.0,12.9,-28.908833,-48.727033
EDUARDO COSTA,2024-05-23 15:25:39,48.0,13.3,-28.818331,-48.626165
EDUARDO COSTA,2024-05-23 15:55:58,50.0,13.5,-28.744331,-48.530665
EDUARDO COSTA,2024-05-23 15:59:59,49.0,13.2,-28.734665,-48.517998
EDUARDO COSTA,2024-05-23 16:39:10,45.0,13.3,-28.637983,-48.395073
EDUARDO COSTA,2024-05-23 17:05:39,47.0,12.1,-28.573945,-48.318385
EDUARDO COSTA,2024-05-23 17:08:13,46.0,12.5,-28.567998,-48.311165
EDUARDO COSTA,2024-05-23 17:11:16,46.0,12.6,-28.560696,-48.302515
EDUARDO COSTA,2024-05-23 17:20:23,47.0,12.5,-28.538256,-48.276326
EDUARDO COSTA,2024-05-23 17:21:19,47.0,12.8,-28.53613,-48.273658
EDUARDO COSTA,2024-05-23 17:21:27,49.0,12.6,-28.535831,-48.273165
EDUARDO COSTA,2024-05-23 17:22:58,50.0,12.5,-28.532165,-48.268665
EDUARDO COSTA,2024-05-23 17:23:12,48.0,12.6,-28.531665,-48.267998
EDUARDO COSTA,2024-05-23 17:25:17,49.0,12.5,-28.526725,-48.261811
EDUARDO COSTA,2024-05-23 17:40:40,47.0,12.3,-28.49037,-48.218123
EDUARDO COSTA,2024-05-23 17:48:56,48.0,12.4,-28.470778,-48.194471
EDUARDO COSTA,2024-05-23 17:52:30,45.0,12.4,-28.462413,-48.184118
EDUARDO COSTA,2024-05-23 19:24:59,45.0,12.3,-28.24765,-47.92045
EDUARDO COSTA,2024-05-23 20:02:09,45.0,12.7,-28.154665,-47.819665
EDUARDO COSTA,2024-05-23 20:23:09,41.0,13.1,-28.099756,-47.760881
EDUARDO COSTA,2024-05-23 20:29:27,43.0,12.8,-28.082831,-47.743831
EDUARDO COSTA,2024-05-23 21:07:38,40.0,12.1,-27.979665,-47.648998
EDUARDO COSTA,2024-05-23 21:38:30,36.0,12.4,-27.895498,-47.575831
EDUARDO COSTA,2024-05-23 22:42:30,35.0,11.9,-27.727036,-47.429096
EDUARDO COSTA,2024-05-23 22:44:40,39.0,11.9,-27.721395,-47.42417
EDUARDO COSTA,2024-05-23 22:47:29,37.0,11.7,-27.714165,-47.417665
EDUARDO COSTA,2024-05-23 23:04:19,37.0,11.9,-27.670331,-47.379665
EDUARDO COSTA,2024-05-23 23:18:40,40.0,12.1,-27.6329,-47.34611
EDUARDO COSTA,2024-05-23 23:26:00,40.0,12.1,-27.613606,-47.32845
EDUARDO COSTA,2024-05-24 00:01:18,38.0,12.4,-27.518665,-47.241831
EDUARDO COSTA,2024-05-24 00:30:28,36.0,12.8,-27.438498,-47.171998
EDUARDO COSTA,2024-05-24 00:36:58,39.0,12.5,-27.420253,-47.156446
EDUARDO COSTA,2024-05-24 00:37:18,37.0,12.5,-27.419331,-47.155665
EDUARDO COSTA,2024-05-24 00:39:39,38.0,12.4,-27.412831,-47.150165
EDUARDO COSTA,2024-05-24 01:13:49,41.0,12.5,-27.319233,-47.068826
EDUARDO COSTA,2024-05-24 01:16:52,40.0,12.5,-27.310831,-47.061498
EDUARDO COSTA,2024-05-24 01:18:48,37.0,12.6,-27.305498,-47.056831
EDUARDO COSTA,2024-05-24 01:19:09,37.0,12.6,-27.304488,-47.055983
EDUARDO COSTA,2024-05-24 02:13:58,35.0,12.3,-27.156331,-46.929498
EDUARDO COSTA,2024-05-24 02:19:42,37.0,12.2,-27.140665,-46.916498
EDUARDO COSTA,2024-05-24 02:56:00,40.0,12.2,-27.043831,-46.827998
EDUARDO COSTA,2024-05-24 03:27:49,39.0,11.7,-26.962931,-46.751441
EDUARDO COSTA,2024-05-24 03:56:09,43.0,11.4,-26.891998,-46.686165
EDUARDO COSTA,2024-05-24 04:12:06,44.0,11.2,-26.853165,-46.648165
EDUARDO COSTA,2024-05-24 04:12:27,41.0,11.1,-26.852331,-46.647331
EDUARDO COSTA,2024-05-24 04:12:36,39.0,11.4,-26.851998,-46.646998
EDUARDO COSTA,2024-05-24 04:16:01,40.0,11.4,-26.843998,-46.638998
EDUARDO COSTA,2024-05-24 04:16:07,44.0,11.0,-26.843665,-46.638831
EDUARDO COSTA,2024-05-24 04:45:19,39.0,11.0,-26.773998,-46.574998
EDUARDO COSTA,2024-05-24 04:49:39,40.0,11.1,-26.763631,-46.565378
EDUARDO COSTA,2024-05-24 05:09:38,36.0,11.1,-26.714985,-46.52286
EDUARDO COSTA,2024-05-24 05:37:49,36.0,11.2,-26.645331,-46.463498
EDUARDO COSTA,2024-05-24 06:17:32,36.0,11.5,-26.543665,-46.381998
EDUARDO COSTA,2024-05-24 06:23:00,32.0,11.5,-26.529156,-46.37121
EDUARDO COSTA,2024-05-24 06:56:59,33.0,12.2,-26.435316,-46.306861
EDUARDO COSTA,2024-05-24 07:34:59,33.0,12.2,-26.328165,-46.230331
EDUARDO COSTA,2024-05-24 08:50:26,30.0,11.8,-26.110671,-46.085736
EDUARDO COSTA,2024-05-24 08:54:23,32.0,12.0,-26.099331,-46.078331
EDUARDO COSTA,2024-05-24 09:14:59,33.0,12.0,-26.04033,-46.03893
EDUARDO COSTA,2024-05-24 12:25:09,27.0,12.5,-25.472941,-45.653286
EDUARDO COSTA,2024-05-24 12:37:14,30.0,12.4,-25.43711,-45.631263
EDUARDO COSTA,2024-05-24 12:42:57,28.0,12.5,-25.420331,-45.620665
EDUARDO COSTA,2024-05-24 13:55:11,29.0,12.7,-25.214165,-45.469665
EDUARDO COSTA,2024-05-24 14:06:07,34.0,12.5,-25.180165,-45.448331
EDUARDO COSTA,2024-05-24 14:26:50,32.0,13.1,-25.115665,-45.406498
EDUARDO COSTA,2024-05-24 14:58:53,33.0,13.2,-25.016536,-45.339528
EDUARDO COSTA,2024-05-24 15:01:16,31.0,13.4,-25.009165,-45.334498
EDUARDO COSTA,2024-05-24 15:05:34,35.0,13.2,-24.995665,-45.325165
EDUARDO COSTA,2024-05-24 15:50:40,34.0,13.2,-24.855998,-45.227331
EDUARDO COSTA,2024-05-24 16:02:14,36.0,13.4,-24.820165,-45.201331
EDUARDO COSTA,2024-05-24 16:02:22,35.0,13.4,-24.819816,-45.20103
EDUARDO COSTA,2024-05-24 16:02:39,33.0,13.3,-24.818998,-45.200331
EDUARDO COSTA,2024-05-24 16:03:06,35.0,13.2,-24.817545,-45.199383
EDUARDO COSTA,2024-05-24 16:04:49,33.0,13.2,-24.812165,-45.195498
EDUARDO COSTA,2024-05-24 16:04:52,31.0,13.3,-24.812023,-45.195385
EDUARDO COSTA,2024-05-24 16:08:25,36.0,13.5,-24.801165,-45.187331
EDUARDO COSTA,2024-05-24 16:50:25,32.0,13.4,-24.668665,-45.098998
EDUARDO COSTA,2024-05-24 17:31:31,27.0,13.2,-24.520165,-45.002331
EDUARDO COSTA,2024-05-24 17:40:05,33.0,13.3,-24.493268,-44.984335
EDUARDO COSTA,2024-05-24 17:40:23,29.0,13.5,-24.511536,-44.996738
EDUARDO COSTA,2024-05-24 17:46:00,36.0,13.1,-24.493998,-44.984831
EDUARDO COSTA,2024-05-24 17:48:39,34.0,13.6,-24.485665,-44.978998
EDUARDO COSTA,2024-05-24 17:49:47,32.0,13.4,-24.482146,-44.976628
EDUARDO COSTA,2024-05-24 17:51:39,34.0,13.3,-24.476331,-44.972498
EDUARDO COSTA,2024-05-24 17:52:39,32.0,13.1,-24.473165,-44.970331
EDUARDO COSTA,2024-05-24 18:31:10,30.0,13.1,-24.353665,-44.886998
EDUARDO COSTA,2024-05-24 18:37:58,29.0,13.2,-24.332695,-44.872373
EDUARDO COSTA,2024-05-24 21:08:27,35.0,13.1,-23.862981,-44.545143
EDUARDO COSTA,2024-05-24 21:18:14,36.0,12.9,-23.8346,-44.52219
EDUARDO COSTA,2024-05-24 21:43:21,28.0,12.8,-23.761665,-44.465498
EDUARDO COSTA,2024-05-24 21:47:37,21.0,12.7,-23.748066,-44.45787
EDUARDO COSTA,2024-05-24 22:18:51,28.0,12.9,-23.646498,-44.406331
EDUARDO COSTA,2024-05-24 23:41:34,351.0,12.4,-23.367253,-44.380848
EDUARDO COSTA,2024-05-25 00:15:51,348.0,11.8,-23.255665,-44.405165
EDUARDO COSTA,2024-05-25 00:22:24,340.0,10.7,-23.23544,-44.411015
EDUARDO COSTA,2024-05-25 00:25:17,339.0,9.4,-23.227998,-44.413998
EDUARDO COSTA,2024-05-25 00:31:43,340.0,8.1,-23.213428,-44.42005
EDUARDO COSTA,2024-05-25 00:32:43,336.0,8.1,-23.211328,-44.420913
EDUARDO COSTA,2024-05-25 00:57:37,31.0,7.3,-23.158498,-44.432831
EDUARDO COSTA,2024-05-25 01:07:57,36.0,4.2,-23.144273,-44.421166
EDUARDO COSTA,2024-05-25 11:36:29,174.0,9.0,-23.174665,-44.411165
EDUARDO COSTA,2024-05-25 11:43:48,172.0,9.5,-23.194876,-44.408583
EDUARDO COSTA,2024-05-25 14:02:58,84.0,13.3,-23.268165,-44.010998
EDUARDO COSTA,2024-05-25 14:31:37,79.0,13.2,-23.234203,-43.904713
EDUARDO COSTA,2024-05-25 14:37:37,79.0,13.1,-23.22984,-43.88145
EDUARDO COSTA,2024-05-25 15:01:18,80.0,13.0,-23.212125,-43.789575
EDUARDO COSTA,2024-05-25 16:17:17,81.0,13.2,-23.165118,-43.496473
EDUARDO COSTA,2024-05-25 16:22:25,84.0,13.0,-23.162385,-43.476611
EDUARDO COSTA,2024-05-25 16:38:48,81.0,13.0,-23.153273,-43.413375
EDUARDO COSTA,2024-05-25 16:44:38,81.0,12.9,-23.149665,-43.390831
EDUARDO COSTA,2024-05-25 17:34:35,73.0,13.1,-23.115998,-43.197831
EDUARDO COSTA,2024-05-25 17:55:49,49.0,13.1,-23.085808,-43.122671
EDUARDO COSTA,2024-05-25 17:58:05,44.0,13.0,-23.0799,-43.116416
EDUARDO COSTA,2024-05-25 17:59:27,38.0,13.0,-23.076165,-43.112831
EDUARDO COSTA,2024-05-25 19:34:58,10.0,9.1,-22.84793,-43.154593
EDUARDO COSTA,2024-05-25 19:37:22,10.0,8.7,-22.841973,-43.153503
EDUARDO COSTA,2024-05-25 19:40:29,10.0,8.6,-22.834498,-43.152165
EDUARDO COSTA,2024-05-25 22:50:58,136.0,0.1,-22.805498,-43.150665
EDUARDO COSTA,2024-05-26 01:08:58,20.0,0.1,-22.805458,-43.15066
EDUARDO COSTA,2024-05-26 06:56:58,130.0,0.0,-22.805441,-43.150663
EDUARDO COSTA,2024-05-26 22:59:59,240.0,0.0,-22.805498,-43.150665
EDUARDO COSTA,2024-05-27 00:41:57,250.0,0.1,-22.805458,-43.15066
EDUARDO COSTA,2024-05-27 05:44:58,190.0,0.1,-22.805451,-43.15066
EDUARDO COSTA,2024-05-27 13:11:59,104.0,0.1,-22.805498,-43.150665
EDUARDO COSTA,2024-05-27 23:02:58,239.0,0.1,-22.805498,-43.150665
EDUARDO COSTA,2024-05-28 05:50:59,243.0,0.1,-22.805498,-43.150665
EDUARDO COSTA,2024-05-28 07:38:59,287.0,0.0,-22.805498,-43.150665
EDUARDO COSTA,2024-05-28 13:53:59,327.0,0.1,-22.805498,-43.150665
EDUARDO COSTA,2024-05-29 07:33:46,159.0,3.4,-22.805401,-43.147335
EDUARDO COSTA,2024-05-29 08:19:34,166.0,7.1,-22.922165,-43.141998
EDUARDO COSTA,2024-05-29 08:28:38,172.0,9.1,-22.942436,-43.139113
EDUARDO COSTA,2024-05-29 10:19:51,92.0,14.4,-23.068796,-42.802928
EDUARDO COSTA,2024-05-29 10:24:15,95.0,14.3,-23.06916,-42.783898
EDUARDO COSTA,2024-05-29 10:27:31,89.0,14.4,-23.069466,-42.769735
EDUARDO COSTA,2024-05-29 10:39:09,89.0,14.9,-23.071455,-42.71875
EDUARDO COSTA,2024-05-29 10:39:29,95.0,14.8,-23.071508,-42.717343
EDUARDO COSTA,2024-05-29 10:40:57,90.0,15.1,-23.071688,-42.710826
EDUARDO COSTA,2024-05-29 11:11:38,93.0,13.8,-23.074338,-42.576111
EDUARDO COSTA,2024-05-29 11:49:41,92.0,13.9,-23.075775,-42.414591
EDUARDO COSTA,2024-05-29 11:53:43,87.0,14.2,-23.075998,-42.397665
EDUARDO COSTA,2024-05-29 12:14:19,91.0,14.5,-23.077245,-42.309423
EDUARDO COSTA,2024-05-29 12:14:47,91.0,14.2,-23.07726,-42.307481
EDUARDO COSTA,2024-05-29 12:14:57,89.0,14.5,-23.077265,-42.306766
EDUARDO COSTA,2024-05-29 12:15:09,90.0,14.3,-23.077331,-42.305831
EDUARDO COSTA,2024-05-29 12:17:39,96.0,13.9,-23.077405,-42.295175
EDUARDO COSTA,2024-05-29 12:20:24,91.0,14.3,-23.077498,-42.283498
EDUARDO COSTA,2024-05-29 12:22:25,84.0,14.4,-23.077498,-42.274831
EDUARDO COSTA,2024-05-29 12:23:55,94.0,14.3,-23.077696,-42.268336
EDUARDO COSTA,2024-05-29 12:23:57,94.0,14.8,-23.077665,-42.268165
EDUARDO COSTA,2024-05-29 12:23:59,90.0,14.3,-23.077665,-42.267998
EDUARDO COSTA,2024-05-29 12:24:15,91.0,14.2,-23.077715,-42.266906
EDUARDO COSTA,2024-05-29 12:24:59,96.0,14.1,-23.077788,-42.263768
EDUARDO COSTA,2024-05-29 12:25:03,88.0,14.5,-23.077783,-42.263551
EDUARDO COSTA,2024-05-29 12:25:54,94.0,14.3,-23.077831,-42.259998
EDUARDO COSTA,2024-05-29 12:26:07,94.0,14.3,-23.077911,-42.258921
EDUARDO COSTA,2024-05-29 12:26:21,93.0,14.3,-23.077938,-42.257925
EDUARDO COSTA,2024-05-29 12:26:42,101.0,14.4,-23.077998,-42.256498
EDUARDO COSTA,2024-05-29 12:28:11,100.0,14.1,-23.078181,-42.250195
EDUARDO COSTA,2024-05-29 12:50:55,88.0,14.4,-23.081018,-42.152223
EDUARDO COSTA,2024-05-29 12:53:04,99.0,14.6,-23.081315,-42.142978
EDUARDO COSTA,2024-05-29 12:55:52,87.0,14.5,-23.081685,-42.130825
EDUARDO COSTA,2024-05-29 13:00:34,91.0,14.1,-23.081998,-42.110665
EDUARDO COSTA,2024-05-29 13:03:50,96.0,14.3,-23.082578,-42.096721
EDUARDO COSTA,2024-05-29 13:28:54,87.0,14.4,-23.080856,-41.987906
EDUARDO COSTA,2024-05-29 13:31:00,89.0,14.6,-23.080331,-41.978665
EDUARDO COSTA,2024-05-29 13:33:31,81.0,14.4,-23.079665,-41.967665
EDUARDO COSTA,2024-05-29 13:38:13,81.0,14.0,-23.077331,-41.947665
EDUARDO COSTA,2024-05-29 14:13:22,47.0,14.0,-23.011633,-41.818153
EDUARDO COSTA,2024-05-29 14:32:58,50.0,13.5,-22.965278,-41.753555
EDUARDO COSTA,2024-05-29 15:23:20,49.0,13.6,-22.847416,-41.591523
EDUARDO COSTA,2024-05-29 15:25:56,46.0,13.8,-22.840928,-41.583396
EDUARDO COSTA,2024-05-29 15:28:06,50.0,13.8,-22.83557,-41.576496
EDUARDO COSTA,2024-05-29 15:47:28,47.0,14.0,-22.785753,-41.5145
EDUARDO COSTA,2024-05-29 15:47:56,48.0,14.0,-22.784583,-41.512983
EDUARDO COSTA,2024-05-29 15:48:46,48.0,14.0,-22.782483,-41.510261
EDUARDO COSTA,2024-05-29 15:51:22,49.0,14.1,-22.775831,-41.501665
EDUARDO COSTA,2024-05-29 15:51:38,53.0,14.5,-22.775186,-41.500915
EDUARDO COSTA,2024-05-29 15:51:48,51.0,14.1,-22.774765,-41.50038
EDUARDO COSTA,2024-05-29 16:12:18,48.0,13.4,-22.72353,-41.43511
EDUARDO COSTA,2024-05-29 16:17:18,51.0,14.1,-22.710861,-41.419465
EDUARDO COSTA,2024-05-29 16:21:54,56.0,13.8,-22.699085,-41.404696
EDUARDO COSTA,2024-05-29 17:07:30,54.0,14.5,-22.593331,-41.2496
EDUARDO COSTA,2024-05-29 17:22:40,56.0,13.7,-22.557885,-41.19882
EDUARDO COSTA,2024-05-29 17:23:36,52.0,13.8,-22.555766,-41.195703
EDUARDO COSTA,2024-05-29 17:23:39,55.0,13.8,-22.555611,-41.19548
EDUARDO COSTA,2024-05-29 17:23:40,55.0,13.8,-22.555611,-41.19548
EDUARDO COSTA,2024-05-29 17:24:12,56.0,13.9,-22.554408,-41.193701
EDUARDO COSTA,2024-05-29 17:24:28,51.0,14.0,-22.553798,-41.19282
EDUARDO COSTA,2024-05-29 17:24:40,53.0,13.7,-22.553346,-41.192153
EDUARDO COSTA,2024-05-29 17:27:26,52.0,13.9,-22.547125,-41.182973
EDUARDO COSTA,2024-05-29 17:27:27,52.0,13.9,-22.547125,-41.182973
EDUARDO COSTA,2024-05-29 17:28:40,55.0,13.6,-22.54436,-41.178913
EDUARDO COSTA,2024-05-29 17:28:45,55.0,13.6,-22.544135,-41.178585
EDUARDO COSTA,2024-05-29 17:28:48,53.0,13.7,-22.54406,-41.178476
EDUARDO COSTA,2024-05-29 17:30:37,53.0,13.6,-22.540011,-41.172511
EDUARDO COSTA,2024-05-29 17:57:19,56.0,13.8,-22.480456,-41.08349
EDUARDO COSTA,2024-05-29 18:00:56,44.0,14.2,-22.472346,-41.071543
EDUARDO COSTA,2024-05-29 18:07:39,51.0,13.8,-22.456586,-41.049625
EDUARDO COSTA,2024-05-29 18:16:05,54.0,13.8,-22.436831,-41.021998
EDUARDO COSTA,2024-05-29 18:36:42,52.0,14.2,-22.385585,-40.954698
EDUARDO COSTA,2024-05-29 19:04:32,46.0,14.3,-22.315196,-40.86221
EDUARDO COSTA,2024-05-29 19:15:10,48.0,14.0,-22.288781,-40.82671
EDUARDO COSTA,2024-05-29 19:17:22,56.0,14.6,-22.283521,-40.819268
EDUARDO COSTA,2024-05-29 19:27:08,50.0,14.3,-22.259401,-40.78615
EDUARDO COSTA,2024-05-29 19:38:32,45.0,14.5,-22.231213,-40.747668
EDUARDO COSTA,2024-05-29 19:46:58,51.0,14.4,-22.210165,-40.719165
EDUARDO COSTA,2024-05-29 19:51:07,49.0,14.0,-22.200165,-40.705331
EDUARDO COSTA,2024-05-29 20:02:02,60.0,14.4,-22.173253,-40.66903
EDUARDO COSTA,2024-05-29 20:04:24,47.0,14.4,-22.167565,-40.661158
EDUARDO COSTA,2024-05-29 20:17:20,61.0,14.1,-22.137633,-40.616015
EDUARDO COSTA,2024-05-29 20:19:48,59.0,14.3,-22.132165,-40.607331
EDUARDO COSTA,2024-05-29 20:25:06,54.0,14.2,-22.120331,-40.588665
EDUARDO COSTA,2024-05-29 21:08:21,36.0,14.5,-22.014665,-40.445998
EDUARDO COSTA,2024-05-29 21:11:15,26.0,14.3,-22.005036,-40.439025
EDUARDO COSTA,2024-05-29 21:41:00,18.0,14.6,-21.889165,-40.401998
EDUARDO COSTA,2024-05-29 21:44:32,22.0,14.3,-21.875818,-40.396431
EDUARDO COSTA,2024-05-29 21:48:14,25.0,14.6,-21.861988,-40.390115
EDUARDO COSTA,2024-05-29 22:01:12,27.0,14.5,-21.8141,-40.367395
EDUARDO COSTA,2024-05-29 22:15:12,1.0,14.2,-21.760331,-40.349498
EDUARDO COSTA,2024-05-29 22:19:26,5.0,14.8,-21.743165,-40.348165
EDUARDO COSTA,2024-05-29 22:21:51,4.0,14.5,-21.73333,-40.34736
EDUARDO COSTA,2024-05-29 22:49:19,6.0,14.6,-21.622041,-40.33762
EDUARDO COSTA,2024-05-29 22:51:42,11.0,14.4,-21.612498,-40.336165
EDUARDO COSTA,2024-05-29 22:53:18,9.0,14.7,-21.606165,-40.335331
EDUARDO COSTA,2024-05-29 22:55:31,7.0,14.2,-21.597288,-40.334041
EDUARDO COSTA,2024-05-29 22:57:47,3.0,14.2,-21.588425,-40.332841
EDUARDO COSTA,2024-05-29 23:34:00,13.0,13.4,-21.451101,-40.302393
EDUARDO COSTA,2024-05-29 23:40:50,14.0,13.5,-21.426165,-40.296665
EDUARDO COSTA,2024-05-29 23:56:33,11.0,13.4,-21.368165,-40.283165
EDUARDO COSTA,2024-05-30 00:00:20,14.0,13.6,-21.354331,-40.279831
EDUARDO COSTA,2024-05-30 00:01:30,12.0,13.6,-21.349998,-40.278831
EDUARDO COSTA,2024-05-30 00:05:11,12.0,13.2,-21.336665,-40.275665
EDUARDO COSTA,2024-05-30 00:30:05,5.0,13.3,-21.245665,-40.256665
EDUARDO COSTA,2024-05-30 00:34:01,12.0,13.4,-21.231331,-40.253831
EDUARDO COSTA,2024-05-30 00:37:50,10.0,13.6,-21.217165,-40.250998
EDUARDO COSTA,2024-05-30 00:37:53,13.0,13.5,-21.216981,-40.250938
EDUARDO COSTA,2024-05-30 00:40:51,10.0,13.3,-21.205998,-40.248831
EDUARDO COSTA,2024-05-30 00:43:57,13.0,13.2,-21.194523,-40.246781
EDUARDO COSTA,2024-05-30 01:38:32,12.0,13.4,-20.993951,-40.207551
EDUARDO COSTA,2024-05-30 03:19:23,14.0,13.4,-20.627165,-40.116331
EDUARDO COSTA,2024-05-30 03:21:40,17.0,13.4,-20.619275,-40.113026
EDUARDO COSTA,2024-05-30 03:24:43,25.0,13.5,-20.608831,-40.108498
EDUARDO COSTA,2024-05-30 03:54:15,8.0,13.2,-20.502835,-40.080278
EDUARDO COSTA,2024-05-30 04:24:52,17.0,14.0,-20.390665,-40.045331
EDUARDO COSTA,2024-05-30 04:27:52,30.0,14.0,-20.380498,-40.039665
EDUARDO COSTA,2024-05-30 04:32:49,28.0,13.8,-20.3641,-40.029255
EDUARDO COSTA,2024-05-30 04:34:56,35.0,13.9,-20.357165,-40.024831
EDUARDO COSTA,2024-05-30 04:38:08,31.0,14.1,-20.346665,-40.017998
EDUARDO COSTA,2024-05-30 05:02:22,33.0,13.7,-20.266305,-39.966471
EDUARDO COSTA,2024-05-30 05:05:20,30.0,14.0,-20.256665,-39.959498
EDUARDO COSTA,2024-05-30 05:11:02,35.0,14.0,-20.237946,-39.946511
EDUARDO COSTA,2024-05-30 05:38:01,30.0,13.2,-20.152153,-39.88588
EDUARDO COSTA,2024-05-30 05:40:32,29.0,13.2,-20.144331,-39.880498
EDUARDO COSTA,2024-05-30 06:22:38,28.0,13.8,-20.011405,-39.790371
EDUARDO COSTA,2024-05-30 06:24:50,35.0,13.4,-20.004186,-39.785796
EDUARDO COSTA,2024-05-30 06:30:36,34.0,13.4,-19.985325,-39.773943
EDUARDO COSTA,2024-05-30 06:32:38,39.0,13.7,-19.978763,-39.769758
EDUARDO COSTA,2024-05-30 08:07:58,40.0,13.9,-19.681665,-39.563498
EDUARDO COSTA,2024-05-30 08:33:42,35.0,13.7,-19.601108,-39.505901
EDUARDO COSTA,2024-05-30 09:22:52,38.0,13.8,-19.445045,-39.389256
EDUARDO COSTA,2024-05-30 09:25:42,38.0,13.7,-19.43644,-39.382216
EDUARDO COSTA,2024-05-30 10:19:22,37.0,13.9,-19.274743,-39.244598
EDUARDO COSTA,2024-05-30 10:33:13,39.0,13.7,-19.233448,-39.20856
EDUARDO COSTA,2024-05-30 10:33:39,39.0,13.6,-19.23219,-39.207445
EDUARDO COSTA,2024-05-30 10:33:57,38.0,13.8,-19.231275,-39.206623
EDUARDO COSTA,2024-05-30 11:11:12,36.0,13.2,-19.1217,-39.113326
EDUARDO COSTA,2024-05-30 11:18:57,45.0,13.4,-19.099591,-39.094726
EDUARDO COSTA,2024-05-30 11:25:32,39.0,13.5,-19.080171,-39.078393
EDUARDO COSTA,2024-05-30 11:56:31,40.0,13.5,-18.990331,-39.001998
EDUARDO COSTA,2024-05-30 11:59:28,38.0,13.2,-18.981941,-38.994728
EDUARDO COSTA,2024-05-30 12:01:20,40.0,13.5,-18.976665,-38.990165
EDUARDO COSTA,2024-05-30 12:02:21,41.0,13.2,-18.973831,-38.987665
EDUARDO COSTA,2024-05-30 12:04:44,40.0,13.1,-18.966971,-38.981815
EDUARDO COSTA,2024-05-30 12:10:20,42.0,13.4,-18.951165,-38.967998
EDUARDO COSTA,2024-05-30 12:34:20,38.0,12.7,-18.883831,-38.909165
EDUARDO COSTA,2024-05-30 13:04:21,42.0,13.1,-18.800331,-38.836498
EDUARDO COSTA,2024-05-30 13:10:47,36.0,13.5,-18.782025,-38.820711
EDUARDO COSTA,2024-05-30 14:26:24,33.0,13.2,-18.567338,-38.64477
EDUARDO COSTA,2024-05-30 15:13:20,41.0,13.0,-18.432165,-38.531665
EDUARDO COSTA,2024-05-30 15:17:12,41.0,13.1,-18.421378,-38.522218
EDUARDO COSTA,2024-05-30 15:18:50,40.0,12.8,-18.416831,-38.518331
EDUARDO COSTA,2024-05-30 16:03:52,38.0,13.3,-18.292513,-38.409845
EDUARDO COSTA,2024-05-30 16:04:23,39.0,13.1,-18.291165,-38.408665
EDUARDO COSTA,2024-05-30 16:04:52,39.0,12.9,-18.289733,-38.407406
EDUARDO COSTA,2024-05-30 16:06:52,43.0,12.8,-18.284141,-38.40256
EDUARDO COSTA,2024-05-30 16:09:58,40.0,12.9,-18.275331,-38.394998
EDUARDO COSTA,2024-05-30 16:27:20,40.0,12.8,-18.226968,-38.352598
EDUARDO COSTA,2024-05-30 16:29:30,40.0,13.3,-18.220998,-38.347331
EDUARDO COSTA,2024-05-30 17:01:53,41.0,13.2,-18.130076,-38.26904
EDUARDO COSTA,2024-05-30 17:33:30,39.0,12.9,-18.039998,-38.194498
EDUARDO COSTA,2024-05-30 17:37:20,37.0,13.1,-18.029165,-38.185665
EDUARDO COSTA,2024-05-30 18:09:15,39.0,13.5,-17.934918,-38.108743
EDUARDO COSTA,2024-05-30 18:13:40,41.0,13.5,-17.921661,-38.097933
EDUARDO COSTA,2024-05-30 18:17:42,43.0,13.1,-17.909463,-38.08827
EDUARDO COSTA,2024-05-30 18:44:47,359.0,12.9,-17.821498,-38.061831
EDUARDO COSTA,2024-05-30 18:47:13,3.0,13.2,-17.812553,-38.061835
EDUARDO COSTA,2024-05-30 19:21:31,352.0,12.5,-17.690331,-38.063331
EDUARDO COSTA,2024-05-30 19:26:14,350.0,12.8,-17.67368,-38.065195
EDUARDO COSTA,2024-05-30 19:39:17,357.0,12.9,-17.627331,-38.069831
EDUARDO COSTA,2024-05-30 21:17:34,1.0,13.6,-17.261501,-38.081033
EDUARDO COSTA,2024-05-30 21:20:47,3.0,13.1,-17.249581,-38.081463
EDUARDO COSTA,2024-05-30 21:26:22,357.0,13.3,-17.228831,-38.082165
EDUARDO COSTA,2024-05-30 21:50:34,359.0,13.3,-17.139831,-38.084165
EDUARDO COSTA,2024-05-30 21:55:20,358.0,13.7,-17.121998,-38.084498
EDUARDO COSTA,2024-05-30 21:58:40,356.0,13.5,-17.109578,-38.084741
EDUARDO COSTA,2024-05-30 22:26:02,2.0,13.4,-17.007766,-38.08571
EDUARDO COSTA,2024-05-30 22:28:09,5.0,13.6,-16.999831,-38.085665
EDUARDO COSTA,2024-05-30 22:30:28,358.0,13.4,-16.991165,-38.085665
EDUARDO COSTA,2024-05-30 22:33:21,0.0,13.3,-16.980476,-38.085638
EDUARDO COSTA,2024-05-30 22:35:35,3.0,13.3,-16.972175,-38.085598
EDUARDO COSTA,2024-05-30 22:41:28,2.0,13.4,-16.950433,-38.085531
EDUARDO COSTA,2024-05-30 23:01:27,0.0,13.3,-16.876493,-38.085848
EDUARDO COSTA,2024-05-30 23:04:21,1.0,13.1,-16.865718,-38.085668
EDUARDO COSTA,2024-05-30 23:39:42,355.0,13.0,-16.736498,-38.086498
EDUARDO COSTA,2024-05-30 23:52:54,0.0,13.5,-16.687665,-38.088665
EDUARDO COSTA,2024-05-30 23:53:49,357.0,13.4,-16.684331,-38.088831
EDUARDO COSTA,2024-05-30 23:54:54,355.0,13.4,-16.680331,-38.088998
EDUARDO COSTA,2024-05-30 23:55:35,356.0,13.2,-16.677831,-38.088998
EDUARDO COSTA,2024-05-30 23:55:48,0.0,13.4,-16.676998,-38.088998
EDUARDO COSTA,2024-05-30 23:56:34,356.0,13.4,-16.674165,-38.089165
EDUARDO COSTA,2024-05-30 23:56:35,356.0,13.4,-16.674165,-38.089165
EDUARDO COSTA,2024-05-31 00:58:41,358.0,13.5,-16.442656,-38.090516
EDUARDO COSTA,2024-05-31 01:48:49,1.0,13.2,-16.25527,-38.092916
EDUARDO COSTA,2024-05-31 01:51:16,357.0,13.0,-16.246331,-38.092998
EDUARDO COSTA,2024-05-31 01:53:21,1.0,13.3,-16.238831,-38.092998
EDUARDO COSTA,2024-05-31 03:03:01,354.0,13.4,-15.983165,-38.097498
EDUARDO COSTA,2024-05-31 04:48:06,0.0,13.6,-15.585923,-38.110951
EDUARDO COSTA,2024-05-31 05:16:46,359.0,13.5,-15.476998,-38.113498
EDUARDO COSTA,2024-05-31 05:20:50,358.0,13.7,-15.461535,-38.113985
EDUARDO COSTA,2024-05-31 05:23:54,354.0,13.4,-15.449998,-38.114331
EDUARDO COSTA,2024-05-31 05:26:20,356.0,13.3,-15.440831,-38.114498
EDUARDO COSTA,2024-05-31 05:56:07,3.0,13.5,-15.329543,-38.117733
EDUARDO COSTA,2024-05-31 06:15:44,358.0,13.2,-15.256498,-38.118831
EDUARDO COSTA,2024-05-31 06:20:54,2.0,13.4,-15.237331,-38.118998
EDUARDO COSTA,2024-05-31 06:25:24,1.0,13.4,-15.220665,-38.119165
EDUARDO COSTA,2024-05-31 06:27:55,7.0,13.2,-15.211498,-38.118331
EDUARDO COSTA,2024-05-31 07:09:50,356.0,13.3,-15.055785,-38.11827
EDUARDO COSTA,2024-05-31 09:16:36,3.0,13.7,-14.570303,-38.124436
EDUARDO COSTA,2024-05-31 09:23:02,1.0,13.5,-14.545598,-38.125003
EDUARDO COSTA,2024-05-31 11:29:30,5.0,13.9,-14.060603,-38.130676
EDUARDO COSTA,2024-05-31 11:34:54,0.0,14.0,-14.039826,-38.130823
EDUARDO COSTA,2024-05-31 11:55:13,4.0,13.7,-13.961498,-38.132331
EDUARDO COSTA,2024-05-31 11:56:27,0.0,13.8,-13.956823,-38.132398
EDUARDO COSTA,2024-05-31 11:56:35,3.0,13.8,-13.956313,-38.132408
EDUARDO COSTA,2024-05-31 11:57:37,0.0,13.7,-13.95235,-38.13248
EDUARDO COSTA,2024-05-31 11:57:41,356.0,13.8,-13.952093,-38.132496
EDUARDO COSTA,2024-05-31 11:58:07,359.0,13.9,-13.95037,-38.13252
EDUARDO COSTA,2024-05-31 11:58:53,5.0,13.9,-13.947498,-38.132583
EDUARDO COSTA,2024-05-31 11:59:51,1.0,13.8,-13.943796,-38.13266
EDUARDO COSTA,2024-05-31 12:03:20,354.0,13.6,-13.930541,-38.133033
EDUARDO COSTA,2024-05-31 12:11:02,0.0,13.7,-13.901086,-38.134006
EDUARDO COSTA,2024-05-31 12:49:42,353.0,13.5,-13.755998,-38.138998
EDUARDO COSTA,2024-05-31 15:11:14,352.0,13.6,-13.224191,-38.142308
EDUARDO COSTA,2024-05-31 15:13:28,7.0,13.5,-13.215665,-38.142498
EDUARDO COSTA,2024-05-31 16:02:19,29.0,13.4,-13.033498,-38.134165
EDUARDO COSTA,2024-05-31 16:05:59,36.0,13.3,-13.022656,-38.125723
EDUARDO COSTA,2024-05-31 16:09:02,43.0,13.4,-13.014021,-38.11814
EDUARDO COSTA,2024-05-31 16:23:05,38.0,13.5,-12.974331,-38.082665
EDUARDO COSTA,2024-05-31 16:23:10,41.0,13.5,-12.974005,-38.082396
EDUARDO COSTA,2024-05-31 16:23:33,41.0,13.3,-12.972998,-38.081498
EDUARDO COSTA,2024-05-31 16:23:39,40.0,13.3,-12.972665,-38.081165
EDUARDO COSTA,2024-05-31 16:26:29,44.0,13.3,-12.964998,-38.073831
EDUARDO COSTA,2024-05-31 16:27:20,40.0,13.5,-12.962596,-38.071616
EDUARDO COSTA,2024-05-31 16:29:15,40.0,13.5,-12.957331,-38.066665
EDUARDO COSTA,2024-05-31 16:29:48,47.0,13.5,-12.955738,-38.065216
EDUARDO COSTA,2024-05-31 16:55:16,38.0,13.7,-12.884345,-37.99916
EDUARDO COSTA,2024-05-31 17:09:40,37.0,13.5,-12.841685,-37.964668
EDUARDO COSTA,2024-05-31 17:11:42,40.0,13.7,-12.835615,-37.959841
EDUARDO COSTA,2024-05-31 17:15:18,41.0,13.4,-12.82487,-37.951335
EDUARDO COSTA,2024-05-31 17:44:19,43.0,13.3,-12.740165,-37.880498
EDUARDO COSTA,2024-05-31 17:47:19,40.0,13.3,-12.731665,-37.872998
EDUARDO COSTA,2024-05-31 17:50:29,42.0,13.4,-12.722665,-37.864998
EDUARDO COSTA,2024-05-31 18:01:22,43.0,13.5,-12.691913,-37.837243
EDUARDO COSTA,2024-05-31 18:04:10,36.0,13.7,-12.68399,-37.830181
EDUARDO COSTA,2024-05-31 18:17:47,39.0,13.1,-12.64556,-37.795955
EDUARDO COSTA,2024-05-31 18:24:47,39.0,13.2,-12.625871,-37.778145
EDUARDO COSTA,2024-05-31 20:55:36,39.0,13.3,-12.193365,-37.403906
EDUARDO COSTA,2024-05-31 21:29:57,40.0,13.2,-12.096023,-37.317235
EDUARDO COSTA,2024-05-31 21:33:41,45.0,13.5,-12.08555,-37.308
EDUARDO COSTA,2024-05-31 21:37:41,39.0,13.3,-12.074211,-37.298335
EDUARDO COSTA,2024-05-31 21:41:35,41.0,13.6,-12.063331,-37.288831
EDUARDO COSTA,2024-05-31 22:02:51,45.0,13.0,-12.003593,-37.23697
EDUARDO COSTA,2024-05-31 22:11:41,35.0,13.5,-11.978665,-37.215498
EDUARDO COSTA,2024-05-31 22:32:01,43.0,12.9,-11.92088,-37.165891
EDUARDO COSTA,2024-05-31 22:41:47,37.0,13.5,-11.893165,-37.142165
EDUARDO COSTA,2024-05-31 22:44:34,43.0,13.6,-11.885331,-37.135331
EDUARDO COSTA,2024-06-01 02:00:38,47.0,13.3,-11.326696,-36.653775
EDUARDO COSTA,2024-06-01 02:34:43,38.0,13.5,-11.229153,-36.569848
EDUARDO COSTA,2024-06-01 03:07:32,34.0,13.7,-11.13358,-36.49224
EDUARDO COSTA,2024-06-01 03:09:37,44.0,13.2,-11.127498,-36.487165
EDUARDO COSTA,2024-06-01 03:12:14,35.0,13.3,-11.119975,-36.48082
EDUARDO COSTA,2024-06-01 03:42:21,47.0,13.6,-11.033838,-36.40589
EDUARDO COSTA,2024-06-01 04:57:04,45.0,13.6,-10.818316,-36.218938
EDUARDO COSTA,2024-06-01 05:27:42,46.0,13.5,-10.731721,-36.141328
EDUARDO COSTA,2024-06-01 05:33:09,48.0,13.4,-10.7163,-36.127361
EDUARDO COSTA,2024-06-01 06:07:31,37.0,13.4,-10.618831,-36.044165
EDUARDO COSTA,2024-06-01 08:18:24,42.0,13.4,-10.244718,-35.724731
EDUARDO COSTA,2024-06-01 09:11:52,44.0,13.6,-10.092441,-35.591148
EDUARDO COSTA,2024-06-01 09:14:42,41.0,13.8,-10.084353,-35.583923
EDUARDO COSTA,2024-06-01 09:17:20,39.0,13.6,-10.076818,-35.577275
EDUARDO COSTA,2024-06-01 09:56:04,47.0,13.6,-9.964145,-35.479493
EDUARDO COSTA,2024-06-01 10:01:25,44.0,13.8,-9.94851,-35.466133
EDUARDO COSTA,2024-06-01 10:04:00,40.0,14.2,-9.941026,-35.459748
EDUARDO COSTA,2024-06-01 10:06:05,40.0,13.5,-9.934916,-35.454566
EDUARDO COSTA,2024-06-01 10:08:11,40.0,13.8,-9.928813,-35.449351
EDUARDO COSTA,2024-06-01 10:10:59,43.0,13.5,-9.920585,-35.442403
EDUARDO COSTA,2024-06-01 10:31:10,38.0,13.6,-9.860771,-35.392378
EDUARDO COSTA,2024-06-01 10:54:53,38.0,14.1,-9.788985,-35.333741
EDUARDO COSTA,2024-06-01 11:04:35,41.0,13.8,-9.759863,-35.309205
EDUARDO COSTA,2024-06-01 11:08:34,41.0,14.0,-9.748,-35.299161
EDUARDO COSTA,2024-06-01 11:10:46,41.0,13.9,-9.74142,-35.293618
EDUARDO COSTA,2024-06-01 11:37:40,14.0,14.0,-9.649688,-35.244008
EDUARDO COSTA,2024-06-01 11:40:41,20.0,13.8,-9.638795,-35.239905
EDUARDO COSTA,2024-06-01 11:41:27,22.0,13.7,-9.636036,-35.238835
EDUARDO COSTA,2024-06-01 11:43:02,27.0,13.9,-9.63042,-35.236621
EDUARDO COSTA,2024-06-01 11:45:32,17.0,13.8,-9.62141,-35.233213
EDUARDO COSTA,2024-06-01 11:49:20,25.0,13.8,-9.607611,-35.228068
EDUARDO COSTA,2024-06-01 11:50:41,22.0,13.9,-9.602603,-35.226206
EDUARDO COSTA,2024-06-01 11:51:35,25.0,13.8,-9.599308,-35.224965
EDUARDO COSTA,2024-06-01 11:51:41,16.0,14.0,-9.598936,-35.224836
EDUARDO COSTA,2024-06-01 11:51:46,27.0,14.1,-9.5987,-35.224726
EDUARDO COSTA,2024-06-01 13:22:16,21.0,13.8,-9.280431,-35.092076
EDUARDO COSTA,2024-06-01 15:02:23,25.0,13.6,-8.928331,-34.949331
EDUARDO COSTA,2024-06-01 15:04:56,24.0,13.8,-8.919446,-34.945448
EDUARDO COSTA,2024-06-01 15:36:11,19.0,13.9,-8.807343,-34.902873
EDUARDO COSTA,2024-06-01 15:55:42,22.0,13.8,-8.736855,-34.876023
EDUARDO COSTA,2024-06-01 16:02:02,31.0,13.6,-8.71466,-34.866535
EDUARDO COSTA,2024-06-01 16:06:54,36.0,13.8,-8.69875,-34.856946
EDUARDO COSTA,2024-06-01 16:42:15,24.0,14.2,-8.57413,-34.802398
EDUARDO COSTA,2024-06-01 16:44:53,19.0,14.0,-8.564448,-34.798753
EDUARDO COSTA,2024-06-01 16:46:43,22.0,13.6,-8.557688,-34.796215
EDUARDO COSTA,2024-06-01 16:48:53,19.0,14.1,-8.549808,-34.793128
EDUARDO COSTA,2024-06-01 16:50:37,22.0,14.1,-8.543545,-34.790665
EDUARDO COSTA,2024-06-01 16:51:11,26.0,13.9,-8.541505,-34.78985
EDUARDO COSTA,2024-06-01 17:18:10,21.0,14.3,-8.442498,-34.751998
EDUARDO COSTA,2024-06-01 17:53:30,20.0,13.9,-8.311655,-34.703331
EDUARDO COSTA,2024-06-01 19:57:47,3.0,14.0,-7.842516,-34.563931
EDUARDO COSTA,2024-06-01 20:37:47,2.0,13.9,-7.686991,-34.549831
EDUARDO COSTA,2024-06-01 21:06:01,3.0,14.1,-7.577008,-34.540318
EDUARDO COSTA,2024-06-01 21:08:39,359.0,14.2,-7.566723,-34.539735
EDUARDO COSTA,2024-06-01 21:10:41,357.0,13.8,-7.558845,-34.539245
EDUARDO COSTA,2024-06-01 21:13:13,2.0,13.7,-7.549046,-34.538655
EDUARDO COSTA,2024-06-01 21:33:44,9.0,14.2,-7.468986,-34.53632
EDUARDO COSTA,2024-06-01 21:36:02,2.0,14.1,-7.459903,-34.53586
EDUARDO COSTA,2024-06-01 21:39:38,7.0,14.2,-7.445666,-34.535085
EDUARDO COSTA,2024-06-01 21:40:42,7.0,14.4,-7.441465,-34.534876
EDUARDO COSTA,2024-06-01 21:44:36,5.0,14.1,-7.425998,-34.534165
EDUARDO COSTA,2024-06-01 21:47:00,6.0,14.1,-7.416605,-34.533645
EDUARDO COSTA,2024-06-01 21:49:20,2.0,14.1,-7.407406,-34.533205
EDUARDO COSTA,2024-06-01 22:14:23,6.0,13.9,-7.310976,-34.5288
EDUARDO COSTA,2024-06-01 22:16:28,2.0,14.1,-7.303093,-34.528405
EDUARDO COSTA,2024-06-01 22:22:18,1.0,13.6,-7.280945,-34.527046
EDUARDO COSTA,2024-06-01 22:22:46,4.0,13.6,-7.279163,-34.526933
EDUARDO COSTA,2024-06-01 22:24:54,0.0,13.6,-7.271035,-34.526475
EDUARDO COSTA,2024-06-01 22:25:04,1.0,13.4,-7.270401,-34.526435
EDUARDO COSTA,2024-06-01 22:27:06,6.0,13.9,-7.262681,-34.526005
EDUARDO COSTA,2024-06-01 22:30:16,0.0,13.7,-7.25059,-34.525261
EDUARDO COSTA,2024-06-01 22:32:23,6.0,13.4,-7.242448,-34.524766
EDUARDO COSTA,2024-06-01 22:51:45,1.0,13.7,-7.168316,-34.518971
EDUARDO COSTA,2024-06-01 23:20:26,1.0,14.1,-7.057296,-34.512091
EDUARDO COSTA,2024-06-01 23:22:38,4.0,14.2,-7.048648,-34.511806
EDUARDO COSTA,2024-06-01 23:28:20,2.0,14.0,-7.026293,-34.510983
EDUARDO COSTA,2024-06-02 02:47:38,343.0,14.3,-6.272778,-34.74197
EDUARDO COSTA,2024-06-02 03:19:19,345.0,14.4,-6.151433,-34.779935
EDUARDO COSTA,2024-06-02 03:23:04,345.0,14.5,-6.136788,-34.784098
EDUARDO COSTA,2024-06-02 03:26:33,344.0,14.2,-6.123351,-34.787885
EDUARDO COSTA,2024-06-02 03:29:34,344.0,14.4,-6.111773,-34.791271
EDUARDO COSTA,2024-06-02 03:33:24,344.0,14.0,-6.097045,-34.795498
EDUARDO COSTA,2024-06-02 03:53:04,343.0,13.9,-6.02206,-34.817236
EDUARDO COSTA,2024-06-02 03:56:50,347.0,14.2,-6.007885,-34.82121
EDUARDO COSTA,2024-06-02 04:02:32,343.0,13.9,-5.986388,-34.827356
EDUARDO COSTA,2024-06-02 04:16:38,346.0,13.6,-5.93354,-34.842231
EDUARDO COSTA,2024-06-02 04:27:08,340.0,14.1,-5.893908,-34.853085
EDUARDO COSTA,2024-06-02 04:27:16,341.0,14.3,-5.893401,-34.85322
EDUARDO COSTA,2024-06-02 04:35:54,341.0,14.0,-5.860756,-34.862365
EDUARDO COSTA,2024-06-02 04:37:59,351.0,13.9,-5.852868,-34.86447
EDUARDO COSTA,2024-06-02 05:02:51,345.0,13.8,-5.760806,-34.893255
EDUARDO COSTA,2024-06-02 05:07:23,342.0,13.9,-5.7441,-34.898916
EDUARDO COSTA,2024-06-02 05:10:17,339.0,13.9,-5.733456,-34.902521
EDUARDO COSTA,2024-06-02 05:12:28,341.0,13.8,-5.725525,-34.905236
EDUARDO COSTA,2024-06-02 05:14:32,340.0,14.0,-5.717921,-34.907828
EDUARDO COSTA,2024-06-02 05:36:50,338.0,13.8,-5.63532,-34.936386
EDUARDO COSTA,2024-06-02 05:39:48,341.0,14.1,-5.624288,-34.940183
EDUARDO COSTA,2024-06-02 05:43:00,347.0,14.1,-5.612205,-34.943956
EDUARDO COSTA,2024-06-02 08:56:35,297.0,14.5,-4.932665,-35.250331
EDUARDO COSTA,2024-06-02 08:59:41,296.0,14.4,-4.926846,-35.26104
EDUARDO COSTA,2024-06-02 09:03:30,299.0,14.3,-4.919603,-35.274353
EDUARDO COSTA,2024-06-02 09:06:02,302.0,14.5,-4.914691,-35.283233
EDUARDO COSTA,2024-06-02 09:32:28,296.0,14.3,-4.86319,-35.376801
EDUARDO COSTA,2024-06-02 09:56:05,295.0,13.6,-4.818331,-35.455998
EDUARDO COSTA,2024-06-02 10:01:35,299.0,13.7,-4.807831,-35.474165
EDUARDO COSTA,2024-06-02 10:01:36,299.0,13.7,-4.807831,-35.474165
EDUARDO COSTA,2024-06-02 10:04:54,299.0,13.7,-4.801631,-35.485131
EDUARDO COSTA,2024-06-02 10:08:16,298.0,13.8,-4.795211,-35.496291
EDUARDO COSTA,2024-06-02 10:38:47,295.0,13.6,-4.739665,-35.598331
EDUARDO COSTA,2024-06-02 10:50:47,295.0,13.4,-4.721215,-35.639925
EDUARDO COSTA,2024-06-02 11:38:15,299.0,13.9,-4.627878,-35.791655
EDUARDO COSTA,2024-06-02 11:42:15,296.0,13.6,-4.620548,-35.805068
EDUARDO COSTA,2024-06-02 11:42:45,297.0,13.7,-4.619625,-35.806743
EDUARDO COSTA,2024-06-02 11:43:45,298.0,13.8,-4.617766,-35.81008
EDUARDO COSTA,2024-06-02 11:44:01,301.0,13.7,-4.617273,-35.810968
EDUARDO COSTA,2024-06-02 11:46:06,300.0,13.7,-4.613385,-35.817985
EDUARDO COSTA,2024-06-02 12:13:08,300.0,14.0,-4.561926,-35.90823
EDUARDO COSTA,2024-06-02 13:18:09,301.0,14.8,-4.43577,-36.133941
EDUARDO COSTA,2024-06-02 14:06:58,300.0,14.2,-4.334478,-36.302938
EDUARDO COSTA,2024-06-02 14:58:46,298.0,14.2,-4.233756,-36.481673
EDUARDO COSTA,2024-06-02 15:40:40,298.0,14.1,-4.152831,-36.626998
EDUARDO COSTA,2024-06-02 15:42:58,300.0,14.5,-4.148245,-36.634955
EDUARDO COSTA,2024-06-02 15:45:10,300.0,14.7,-4.14397,-36.642598
EDUARDO COSTA,2024-06-02 15:47:40,300.0,14.4,-4.138998,-36.651331
EDUARDO COSTA,2024-06-02 15:48:40,298.0,14.5,-4.136998,-36.654998
EDUARDO COSTA,2024-06-02 15:51:52,299.0,14.4,-4.13065,-36.66611
EDUARDO COSTA,2024-06-02 15:53:58,299.0,14.4,-4.126465,-36.673488
EDUARDO COSTA,2024-06-02 16:15:58,298.0,14.4,-4.08299,-36.751601
EDUARDO COSTA,2024-06-02 16:22:04,298.0,14.7,-4.071018,-36.77335
EDUARDO COSTA,2024-06-02 16:38:46,298.0,14.8,-4.038115,-36.833216
EDUARDO COSTA,2024-06-02 16:47:59,299.0,14.6,-4.019701,-36.866416
EDUARDO COSTA,2024-06-02 16:52:51,299.0,15.0,-4.00978,-36.883855
EDUARDO COSTA,2024-06-02 16:58:33,300.0,15.1,-3.998031,-36.904513
EDUARDO COSTA,2024-06-02 17:01:27,300.0,15.1,-3.99217,-36.915073
EDUARDO COSTA,2024-06-02 17:23:30,301.0,15.0,-3.947246,-36.995355
EDUARDO COSTA,2024-06-02 19:33:22,299.0,15.2,-3.671333,-37.468585
EDUARDO COSTA,2024-06-02 20:37:36,299.0,14.8,-3.541165,-37.701665
EDUARDO COSTA,2024-06-02 20:39:24,296.0,14.7,-3.53756,-37.708181
EDUARDO COSTA,2024-06-02 20:47:04,301.0,15.0,-3.522383,-37.735946
EDUARDO COSTA,2024-06-02 21:18:19,299.0,14.7,-3.45778,-37.847293
EDUARDO COSTA,2024-06-02 21:29:30,302.0,15.1,-3.434091,-37.88693
EDUARDO COSTA,2024-06-02 21:49:23,300.0,15.0,-3.392458,-37.958648
EDUARDO COSTA,2024-06-02 21:52:12,298.0,14.9,-3.386665,-37.968831
EDUARDO COSTA,2024-06-02 21:56:41,301.0,15.0,-3.377476,-37.984888
EDUARDO COSTA,2024-06-02 22:15:36,299.0,15.0,-3.339205,-38.053385
EDUARDO COSTA,2024-06-02 22:20:12,298.0,15.1,-3.32984,-38.070296
EDUARDO COSTA,2024-06-02 22:22:18,297.0,15.1,-3.325563,-38.077941
EDUARDO COSTA,2024-06-02 22:24:34,298.0,15.3,-3.320881,-38.086258
EDUARDO COSTA,2024-06-02 22:28:29,301.0,15.3,-3.31279,-38.100793
EDUARDO COSTA,2024-06-02 23:05:24,301.0,15.4,-3.235198,-38.238335
EDUARDO COSTA,2024-06-02 23:07:24,299.0,15.5,-3.23094,-38.245813
EDUARDO COSTA,2024-06-03 00:49:58,298.0,15.7,-3.014105,-38.630676
EDUARDO COSTA,2024-06-03 00:50:47,300.0,15.8,-3.012371,-38.633698
EDUARDO COSTA,2024-06-03 00:52:41,303.0,15.8,-3.008228,-38.640883
EDUARDO COSTA,2024-06-03 00:53:41,301.0,15.8,-3.00605,-38.644671
EDUARDO COSTA,2024-06-03 00:56:11,297.0,16.0,-3.000665,-38.654331
EDUARDO COSTA,2024-06-03 01:12:41,299.0,15.5,-2.96491,-38.7162
EDUARDO COSTA,2024-06-03 01:15:47,300.0,15.5,-2.95824,-38.727928
EDUARDO COSTA,2024-06-03 02:58:42,303.0,15.9,-2.734331,-39.117331
EDUARDO COSTA,2024-06-03 03:18:50,300.0,15.7,-2.688011,-39.191238
EDUARDO COSTA,2024-06-03 03:21:26,302.0,15.3,-2.68183,-39.200565
EDUARDO COSTA,2024-06-03 03:23:54,303.0,15.1,-2.676038,-39.20929
EDUARDO COSTA,2024-06-03 03:26:02,305.0,15.0,-2.671125,-39.216788
EDUARDO COSTA,2024-06-03 03:29:32,303.0,14.8,-2.663246,-39.228931
EDUARDO COSTA,2024-06-03 03:33:37,298.0,14.8,-2.65463,-39.243431
EDUARDO COSTA,2024-06-03 04:03:40,299.0,14.3,-2.597165,-39.349173
EDUARDO COSTA,2024-06-03 04:08:03,299.0,14.1,-2.588933,-39.364525
EDUARDO COSTA,2024-06-03 04:08:52,299.0,14.1,-2.587456,-39.367306
EDUARDO COSTA,2024-06-03 04:17:52,296.0,14.0,-2.570858,-39.398518
EDUARDO COSTA,2024-06-03 05:00:18,298.0,14.0,-2.490623,-39.544293
EDUARDO COSTA,2024-06-03 05:06:28,299.0,13.9,-2.478881,-39.56557
EDUARDO COSTA,2024-06-03 05:07:16,299.0,13.9,-2.477331,-39.568331
EDUARDO COSTA,2024-06-03 05:09:16,299.0,14.0,-2.473586,-39.575128
EDUARDO COSTA,2024-06-03 05:09:28,300.0,14.0,-2.473206,-39.575813
EDUARDO COSTA,2024-06-03 10:18:24,272.0,13.2,-2.246165,-40.696165
EDUARDO COSTA,2024-06-03 10:21:55,275.0,13.5,-2.245388,-40.709206
EDUARDO COSTA,2024-06-03 10:53:35,275.0,13.4,-2.238331,-40.826998
EDUARDO COSTA,2024-06-03 11:33:16,275.0,13.4,-2.225665,-40.973498
EDUARDO COSTA,2024-06-03 17:18:06,277.0,12.8,-2.128196,-42.219443
EDUARDO COSTA,2024-06-03 18:04:01,273.0,13.1,-2.112331,-42.383665
EDUARDO COSTA,2024-06-03 18:04:10,272.0,12.9,-2.112281,-42.384271
EDUARDO COSTA,2024-06-03 18:04:27,279.0,13.0,-2.112165,-42.385165
EDUARDO COSTA,2024-06-03 18:05:34,276.0,12.8,-2.111776,-42.389271
EDUARDO COSTA,2024-06-03 18:06:34,273.0,12.8,-2.111463,-42.392788
EDUARDO COSTA,2024-06-03 21:16:35,273.0,12.1,-2.061485,-43.064805
EDUARDO COSTA,2024-06-03 22:06:44,278.0,12.1,-2.048665,-43.231998
EDUARDO COSTA,2024-06-03 22:08:46,275.0,12.0,-2.047998,-43.238831
EDUARDO COSTA,2024-06-03 22:10:16,276.0,11.9,-2.047498,-43.243665
EDUARDO COSTA,2024-06-03 22:16:06,275.0,12.2,-2.045498,-43.262998
EDUARDO COSTA,2024-06-03 22:39:47,277.0,12.0,-2.037498,-43.341331
EDUARDO COSTA,2024-06-04 00:37:55,272.0,11.9,-2.018296,-43.732236
EDUARDO COSTA,2024-06-04 00:40:25,273.0,12.2,-2.018006,-43.740625
EDUARDO COSTA,2024-06-04 00:41:05,270.0,12.2,-2.017923,-43.742888
EDUARDO COSTA,2024-06-04 00:41:46,273.0,12.3,-2.017831,-43.745165
EDUARDO COSTA,2024-06-04 01:03:41,273.0,12.8,-2.013498,-43.822165
EDUARDO COSTA,2024-06-04 01:52:55,275.0,13.3,-2.00152,-44.00179
EDUARDO COSTA,2024-06-04 03:04:09,211.0,11.5,-2.154356,-44.16962
EDUARDO COSTA,2024-06-04 03:40:37,213.0,12.0,-2.257665,-44.231165
EDUARDO COSTA,2024-06-04 03:43:06,211.0,11.9,-2.264753,-44.23557
EDUARDO COSTA,2024-06-04 04:10:49,204.0,9.3,-2.33516,-44.281603
EDUARDO COSTA,2024-06-04 04:12:39,208.0,9.1,-2.339378,-44.283711
EDUARDO COSTA,2024-06-04 04:15:36,192.0,9.3,-2.346498,-44.285831
EDUARDO COSTA,2024-06-04 04:17:39,191.0,9.6,-2.351885,-44.286926
EDUARDO COSTA,2024-06-04 04:50:35,89.0,3.7,-2.389748,-44.235155
EDUARDO COSTA,2024-06-04 04:53:56,91.0,2.6,-2.389665,-44.232331
EDUARDO COSTA,2024-06-04 04:57:15,77.0,1.1,-2.389498,-44.230665
EDUARDO COSTA,2024-06-04 05:25:41,293.0,0.1,-2.390331,-44.231831
EDUARDO COSTA,2024-06-04 08:49:42,339.0,0.2,-2.389498,-44.232165
EDUARDO COSTA,2024-06-04 09:40:42,76.0,0.2,-2.387498,-44.229331
EDUARDO COSTA,2024-06-04 16:37:43,292.0,0.1,-2.39041,-44.231393
EDUARDO COSTA,2024-06-04 16:58:42,91.0,0.1,-2.390498,-44.231331
EDUARDO COSTA,2024-06-05 08:49:43,177.0,0.1,-2.390021,-44.231286
EDUARDO COSTA,2024-06-05 15:07:44,229.0,0.1,-2.388415,-44.228745
EDUARDO COSTA,2024-06-06 03:01:43,169.0,0.1,-2.387665,-44.227665
EDUARDO COSTA,2024-06-06 03:55:43,237.0,0.1,-2.388306,-44.227983
EDUARDO COSTA,2024-06-06 04:22:40,222.0,0.1,-2.390165,-44.229498
EDUARDO COSTA,2024-06-07 00:49:42,116.0,0.2,-2.386998,-44.227665
EDUARDO COSTA,2024-06-07 01:34:43,136.0,0.2,-2.386973,-44.227605
EDUARDO COSTA,2024-06-07 04:43:41,90.0,0.0,-2.388331,-44.227665
EDUARDO COSTA,2024-06-07 12:46:42,303.0,0.1,-2.387665,-44.227665
EDUARDO COSTA,2024-06-07 14:49:42,306.0,0.3,-2.387165,-44.227665
EDUARDO COSTA,2024-06-07 20:55:43,299.0,0.1,-2.38976,-44.23054
EDUARDO COSTA,2024-06-08 04:52:42,200.0,0.3,-2.387686,-44.227615
EDUARDO COSTA,2024-06-08 08:45:07,195.0,0.2,-2.389665,-44.230331
EDUARDO COSTA,2024-06-08 08:47:57,255.0,0.3,-2.389998,-44.230498
EDUARDO COSTA,2024-06-08 08:51:57,13.0,0.4,-2.389498,-44.230665
EDUARDO COSTA,2024-06-08 09:10:36,217.0,7.3,-2.390668,-44.238328
EDUARDO COSTA,2024-06-08 09:14:23,217.0,8.9,-2.397831,-44.242998
EDUARDO COSTA,2024-06-08 09:16:56,217.0,9.3,-2.402998,-44.246998
EDUARDO COSTA,2024-06-08 13:48:02,29.0,0.0,-2.570665,-44.377331
EDUARDO COSTA,2024-06-08 17:06:01,226.0,0.1,-2.570616,-44.377406
EDUARDO COSTA,2024-06-09 01:48:04,93.0,0.0,-2.570601,-44.377426
EDUARDO COSTA,2024-06-09 05:12:02,121.0,0.1,-2.570665,-44.377331
EDUARDO COSTA,2024-06-09 08:21:02,255.0,0.1,-2.570616,-44.377405
EDUARDO COSTA,2024-06-09 14:00:04,3.0,0.1,-2.570621,-44.377406
EDUARDO COSTA,2024-06-09 14:06:04,84.0,0.0,-2.570621,-44.377405
EDUARDO COSTA,2024-06-09 18:02:18,9.0,7.5,-2.551965,-44.383866
EDUARDO COSTA,2024-06-09 18:31:49,57.0,9.8,-2.473165,-44.364498
EDUARDO COSTA,2024-06-09 19:05:56,31.0,12.7,-2.374998,-44.304165
EDUARDO COSTA,2024-06-09 19:38:47,33.0,13.0,-2.274998,-44.243165
EDUARDO COSTA,2024-06-09 19:51:36,36.0,12.3,-2.238165,-44.217498
EDUARDO COSTA,2024-06-09 20:12:47,30.0,11.9,-2.177665,-44.180165
EDUARDO COSTA,2024-06-09 20:15:57,33.0,11.7,-2.168636,-44.17465
EDUARDO COSTA,2024-06-09 20:49:46,34.0,11.7,-2.074998,-44.114331
EDUARDO COSTA,2024-06-09 23:52:46,18.0,12.1,-1.621163,-43.773566
EDUARDO COSTA,2024-06-09 23:56:20,0.0,11.9,-1.609331,-43.771498
EDUARDO COSTA,2024-06-10 00:28:16,341.0,12.3,-1.507998,-43.808165
EDUARDO COSTA,2024-06-10 00:28:25,340.0,12.3,-1.507476,-43.80839
EDUARDO COSTA,2024-06-10 00:28:29,338.0,12.1,-1.507263,-43.80847
EDUARDO COSTA,2024-06-10 00:28:59,340.0,12.2,-1.505666,-43.809088
EDUARDO COSTA,2024-06-10 00:29:19,340.0,12.3,-1.504601,-43.809498
EDUARDO COSTA,2024-06-10 00:29:23,338.0,12.3,-1.504386,-43.80957
EDUARDO COSTA,2024-06-10 00:29:25,334.0,12.4,-1.504281,-43.809618
EDUARDO COSTA,2024-06-10 00:29:32,340.0,12.5,-1.503853,-43.809778
EDUARDO COSTA,2024-06-10 00:29:36,338.0,12.2,-1.503643,-43.809861
EDUARDO COSTA,2024-06-10 00:29:40,337.0,12.3,-1.503498,-43.809998
EDUARDO COSTA,2024-06-10 00:30:09,341.0,12.1,-1.501883,-43.810538
EDUARDO COSTA,2024-06-10 00:30:19,338.0,12.5,-1.501403,-43.810725
EDUARDO COSTA,2024-06-10 00:30:33,338.0,12.3,-1.500655,-43.811013
EDUARDO COSTA,2024-06-10 00:30:36,337.0,12.5,-1.500443,-43.8111
EDUARDO COSTA,2024-06-10 00:30:39,341.0,12.3,-1.500335,-43.811138
EDUARDO COSTA,2024-06-10 00:30:49,340.0,12.4,-1.4998,-43.81134
EDUARDO COSTA,2024-06-10 00:31:03,340.0,12.4,-1.499051,-43.811625
EDUARDO COSTA,2024-06-10 00:31:07,338.0,12.2,-1.498838,-43.811708
EDUARDO COSTA,2024-06-10 00:31:36,339.0,12.2,-1.497235,-43.812311
EDUARDO COSTA,2024-06-10 00:44:56,341.0,12.6,-1.45414,-43.827718
EDUARDO COSTA,2024-06-10 01:17:04,337.0,12.7,-1.3486,-43.864788
EDUARDO COSTA,2024-06-10 01:36:17,342.0,12.6,-1.284498,-43.886998
EDUARDO COSTA,2024-06-10 01:39:00,341.0,12.9,-1.275366,-43.890041
EDUARDO COSTA,2024-06-10 01:41:06,341.0,12.7,-1.26835,-43.892476
EDUARDO COSTA,2024-06-10 01:43:24,339.0,12.5,-1.26066,-43.89517
EDUARDO COSTA,2024-06-10 01:47:26,340.0,12.9,-1.247165,-43.900165
EDUARDO COSTA,2024-06-10 01:55:00,338.0,13.0,-1.221828,-43.909265
EDUARDO COSTA,2024-06-10 02:22:44,340.0,12.8,-1.128355,-43.943268
EDUARDO COSTA,2024-06-10 02:26:20,339.0,13.0,-1.116306,-43.947981
EDUARDO COSTA,2024-06-10 02:27:26,336.0,12.8,-1.112498,-43.949498
EDUARDO COSTA,2024-06-10 02:28:27,340.0,12.9,-1.109165,-43.950665
EDUARDO COSTA,2024-06-10 02:31:23,338.0,13.1,-1.099296,-43.954658
EDUARDO COSTA,2024-06-10 02:59:47,336.0,13.1,-1.002998,-43.991498
EDUARDO COSTA,2024-06-10 03:03:20,341.0,13.0,-0.990896,-43.996288
EDUARDO COSTA,2024-06-10 03:37:50,336.0,13.3,-0.8735,-44.042033
EDUARDO COSTA,2024-06-10 03:53:08,338.0,13.2,-0.821271,-44.06263
EDUARDO COSTA,2024-06-10 05:21:15,302.0,13.3,-0.544498,-44.204998
EDUARDO COSTA,2024-06-10 05:21:48,301.0,13.3,-0.543475,-44.206723
EDUARDO COSTA,2024-06-10 05:22:21,300.0,13.5,-0.54241,-44.208535
EDUARDO COSTA,2024-06-10 05:22:38,300.0,13.6,-0.541831,-44.209498
EDUARDO COSTA,2024-06-10 05:22:58,299.0,13.5,-0.541366,-44.2105
EDUARDO COSTA,2024-06-10 05:23:15,299.0,13.4,-0.540831,-44.211498
EDUARDO COSTA,2024-06-10 05:23:38,299.0,13.4,-0.540165,-44.212831
EDUARDO COSTA,2024-06-10 05:23:55,299.0,13.3,-0.539831,-44.213665
EDUARDO COSTA,2024-06-10 05:24:48,300.0,13.3,-0.538171,-44.216496
EDUARDO COSTA,2024-06-10 05:25:14,300.0,13.3,-0.537363,-44.217886
EDUARDO COSTA,2024-06-10 05:25:25,301.0,13.4,-0.536998,-44.218498
EDUARDO COSTA,2024-06-10 05:25:35,300.0,13.2,-0.53669,-44.219065
EDUARDO COSTA,2024-06-10 05:26:12,299.0,13.4,-0.535578,-44.22099
EDUARDO COSTA,2024-06-10 05:27:48,300.0,13.4,-0.532665,-44.226165
EDUARDO COSTA,2024-06-10 05:27:58,298.0,13.6,-0.532365,-44.226711
EDUARDO COSTA,2024-06-10 05:28:14,298.0,13.3,-0.531878,-44.227576
EDUARDO COSTA,2024-06-10 05:29:58,301.0,13.6,-0.528688,-44.233173
EDUARDO COSTA,2024-06-10 06:43:27,299.0,13.4,-0.396351,-44.47341
EDUARDO COSTA,2024-06-10 06:44:33,296.0,13.7,-0.39437,-44.476973
EDUARDO COSTA,2024-06-10 06:45:23,299.0,13.2,-0.39287,-44.479673
EDUARDO COSTA,2024-06-10 06:47:30,299.0,13.4,-0.388998,-44.486498
EDUARDO COSTA,2024-06-10 06:50:10,299.0,13.4,-0.384331,-44.495165
EDUARDO COSTA,2024-06-10 07:13:46,299.0,13.2,-0.341723,-44.571065
EDUARDO COSTA,2024-06-10 07:18:30,301.0,13.2,-0.333258,-44.58622
EDUARDO COSTA,2024-06-10 09:55:10,298.0,13.2,-0.058566,-45.082338
EDUARDO COSTA,2024-06-10 12:25:06,300.0,13.2,0.211,-45.554998
EDUARDO COSTA,2024-06-10 13:01:20,298.0,13.1,0.27528,-45.669573
EDUARDO COSTA,2024-06-10 13:07:19,299.0,12.9,0.285638,-45.688393
EDUARDO COSTA,2024-06-10 13:29:56,301.0,12.8,0.324666,-45.758998
EDUARDO COSTA,2024-06-10 13:33:45,301.0,12.8,0.331333,-45.770831
EDUARDO COSTA,2024-06-10 13:38:06,298.0,12.9,0.338963,-45.784263
EDUARDO COSTA,2024-06-10 14:00:06,299.0,12.6,0.376333,-45.852831
EDUARDO COSTA,2024-06-10 14:05:16,297.0,12.9,0.384628,-45.868936
EDUARDO COSTA,2024-06-10 14:06:15,296.0,12.6,0.386246,-45.872083
EDUARDO COSTA,2024-06-10 14:08:45,298.0,12.8,0.390298,-45.879926
EDUARDO COSTA,2024-06-10 18:35:00,300.0,13.6,0.843478,-46.706038
EDUARDO COSTA,2024-06-10 18:37:37,301.0,13.5,0.848383,-46.714581
EDUARDO COSTA,2024-06-10 19:09:55,300.0,13.2,0.906125,-46.820423
EDUARDO COSTA,2024-06-10 19:36:27,296.0,13.6,0.952896,-46.908688
EDUARDO COSTA,2024-06-10 19:40:14,299.0,13.5,0.959666,-46.920998
EDUARDO COSTA,2024-06-10 19:47:21,296.0,13.6,0.972166,-46.944498
EDUARDO COSTA,2024-06-10 20:57:37,303.0,13.2,1.101985,-47.173911
EDUARDO COSTA,2024-06-11 00:24:56,299.0,13.3,1.475271,-47.843771
EDUARDO COSTA,2024-06-11 00:25:06,300.0,13.3,1.475578,-47.844306
EDUARDO COSTA,2024-06-11 00:26:45,301.0,13.3,1.478666,-47.849665
EDUARDO COSTA,2024-06-11 01:27:10,269.0,13.6,1.517066,-48.063846
EDUARDO COSTA,2024-06-11 01:29:19,270.0,13.8,1.517328,-48.072008
EDUARDO COSTA,2024-06-11 01:30:13,273.0,13.7,1.5175,-48.075331
EDUARDO COSTA,2024-06-11 01:33:00,275.0,13.8,1.517833,-48.085998
EDUARDO COSTA,2024-06-11 01:56:00,272.0,13.7,1.521,-48.172998
EDUARDO COSTA,2024-06-11 02:33:07,267.0,13.5,1.518166,-48.311498
EDUARDO COSTA,2024-06-11 02:37:16,269.0,13.5,1.517701,-48.326916
EDUARDO COSTA,2024-06-11 05:37:26,7.0,1.2,1.596761,-48.639841
EDUARDO COSTA,2024-06-11 05:38:44,5.0,1.1,1.597193,-48.63979
EDUARDO COSTA,2024-06-11 05:41:55,8.0,1.3,1.598275,-48.639596
EDUARDO COSTA,2024-06-11 05:42:55,27.0,1.3,1.598621,-48.639521
EDUARDO COSTA,2024-06-11 05:43:16,27.0,1.2,1.598743,-48.639495
EDUARDO COSTA,2024-06-11 05:43:55,9.0,1.3,1.598973,-48.639445
EDUARDO COSTA,2024-06-11 05:44:39,33.0,1.2,1.599225,-48.639381
EDUARDO COSTA,2024-06-11 06:19:26,9.0,1.8,1.614803,-48.636615
EDUARDO COSTA,2024-06-11 06:54:37,12.0,2.2,1.634166,-48.633831
EDUARDO COSTA,2024-06-11 06:57:57,8.0,2.2,1.636166,-48.633498
EDUARDO COSTA,2024-06-11 07:01:10,16.0,2.2,1.638166,-48.633331
EDUARDO COSTA,2024-06-11 07:07:59,2.0,2.4,1.642333,-48.632831
EDUARDO COSTA,2024-06-11 07:11:26,9.0,2.3,1.644575,-48.632591
EDUARDO COSTA,2024-06-11 07:28:27,0.0,2.2,1.654833,-48.631331
EDUARDO COSTA,2024-06-11 07:31:37,6.0,2.2,1.656833,-48.631165
EDUARDO COSTA,2024-06-11 07:34:16,11.0,2.1,1.658361,-48.630905
EDUARDO COSTA,2024-06-11 08:06:36,3.0,1.8,1.677338,-48.6297
EDUARDO COSTA,2024-06-11 08:56:35,351.0,1.8,1.702,-48.631831
EDUARDO COSTA,2024-06-11 13:09:06,246.0,9.3,1.429166,-49.165665
EDUARDO COSTA,2024-06-11 13:14:36,249.0,9.2,1.423851,-49.178831
EDUARDO COSTA,2024-06-11 13:44:05,244.0,9.4,1.397333,-49.248831
EDUARDO COSTA,2024-06-11 13:47:36,242.0,9.6,1.393166,-49.257165
EDUARDO COSTA,2024-06-11 13:55:56,242.0,9.9,1.382666,-49.277165
EDUARDO COSTA,2024-06-11 14:20:47,229.0,10.3,1.343833,-49.335498
EDUARDO COSTA,2024-06-11 17:50:23,261.0,12.9,0.857163,-49.884716
EDUARDO COSTA,2024-06-11 17:51:15,260.0,12.9,0.856583,-49.887786
EDUARDO COSTA,2024-06-11 17:53:03,258.0,13.0,0.85538,-49.894156
EDUARDO COSTA,2024-06-11 17:53:15,258.0,12.8,0.855223,-49.894858
EDUARDO COSTA,2024-06-11 18:38:08,242.0,13.6,0.77538,-50.034756
EDUARDO COSTA,2024-06-11 18:48:07,242.0,14.4,0.757181,-50.068891
EDUARDO COSTA,2024-06-11 19:19:07,258.0,13.8,0.728833,-50.187998
EDUARDO COSTA,2024-06-11 19:25:55,259.0,13.9,0.7235,-50.214165
EDUARDO COSTA,2024-06-11 19:26:19,257.0,14.2,0.723166,-50.215665
EDUARDO COSTA,2024-06-12 00:14:53,257.0,8.4,0.168433,-50.86151
EDUARDO COSTA,2024-06-12 00:18:11,260.0,9.0,0.166946,-50.869296
EDUARDO COSTA,2024-06-12 00:18:19,260.0,9.0,0.166886,-50.869621
EDUARDO COSTA,2024-06-12 00:29:52,260.0,9.4,0.161805,-50.898538
EDUARDO COSTA,2024-06-12 00:59:38,235.0,7.4,0.12552,-50.953563
EDUARDO COSTA,2024-06-12 01:21:51,206.0,8.4,0.090365,-50.98275
EDUARDO COSTA,2024-06-12 01:36:18,206.0,7.7,0.060205,-50.997161
EDUARDO COSTA,2024-06-12 01:52:19,202.0,2.9,0.036855,-51.00813
EDUARDO COSTA,2024-06-12 02:16:59,163.0,2.8,0.029333,-51.009831
EDUARDO COSTA,2024-06-12 06:13:35,255.0,8.9,-0.440248,-51.268828
EDUARDO COSTA,2024-06-12 07:51:59,228.0,8.7,-0.518998,-51.490665
EDUARDO COSTA,2024-06-12 12:44:11,259.0,10.2,-1.143711,-51.741853
EDUARDO COSTA,2024-06-12 12:46:23,260.0,10.1,-1.144831,-51.747998
EDUARDO COSTA,2024-06-12 12:56:19,258.0,10.4,-1.14962,-51.775948
EDUARDO COSTA,2024-06-12 13:21:22,277.0,10.0,-1.15187,-51.846336
EDUARDO COSTA,2024-06-12 13:49:02,179.0,9.9,-1.190373,-51.893481
EDUARDO COSTA,2024-06-12 13:57:43,181.0,9.9,-1.214665,-51.893331
EDUARDO COSTA,2024-06-12 17:55:03,250.0,9.1,-1.553848,-52.320761
EDUARDO COSTA,2024-06-12 18:22:52,261.0,9.6,-1.574576,-52.390031
EDUARDO COSTA,2024-06-12 18:30:23,262.0,9.4,-1.577928,-52.40952
EDUARDO COSTA,2024-06-12 18:53:36,271.0,9.9,-1.585581,-52.47178
EDUARDO COSTA,2024-06-12 18:56:27,270.0,10.2,-1.585665,-52.479665
EDUARDO COSTA,2024-06-12 18:58:59,271.0,10.2,-1.585665,-52.486665
EDUARDO COSTA,2024-06-12 19:18:54,270.0,9.6,-1.585165,-52.541831
EDUARDO COSTA,2024-06-12 19:21:37,271.0,9.4,-1.584998,-52.548998
EDUARDO COSTA,2024-06-12 19:25:17,269.0,9.4,-1.584831,-52.558665
EDUARDO COSTA,2024-06-12 19:34:35,268.0,9.2,-1.584665,-52.582665
EDUARDO COSTA,2024-06-13 00:23:40,271.0,8.5,-1.749293,-53.21904
EDUARDO COSTA,2024-06-13 00:26:10,270.0,8.4,-1.749331,-53.224998
EDUARDO COSTA,2024-06-13 00:34:20,273.0,8.8,-1.748861,-53.244126
EDUARDO COSTA,2024-06-13 01:04:11,239.0,8.8,-1.771165,-53.307498
EDUARDO COSTA,2024-06-13 01:10:31,241.0,9.0,-1.779015,-53.320975
EDUARDO COSTA,2024-06-13 01:15:09,239.0,9.0,-1.784881,-53.330788
EDUARDO COSTA,2024-06-13 01:18:20,232.0,9.4,-1.789665,-53.337498
EDUARDO COSTA,2024-06-13 01:45:11,237.0,8.5,-1.828378,-53.389583
EDUARDO COSTA,2024-06-13 01:47:20,236.0,8.7,-1.831331,-53.393831
EDUARDO COSTA,2024-06-13 01:48:30,235.0,8.8,-1.832998,-53.396165
EDUARDO COSTA,2024-06-13 01:49:30,234.0,9.0,-1.834498,-53.398165
EDUARDO COSTA,2024-06-13 06:06:35,249.0,8.3,-1.986741,-53.975576
EDUARDO COSTA,2024-06-13 06:44:19,214.0,8.8,-2.036971,-54.044441
EDUARDO COSTA,2024-06-13 06:47:25,198.0,7.9,-2.04323,-54.04771
EDUARDO COSTA,2024-06-13 06:54:28,186.0,7.8,-2.058498,-54.050331
EDUARDO COSTA,2024-06-13 07:16:09,182.0,8.9,-2.107831,-54.055165
EDUARDO COSTA,2024-06-13 07:21:38,173.0,9.5,-2.121888,-54.055396
EDUARDO COSTA,2024-06-13 07:42:57,172.0,8.7,-2.177498,-54.050165
EDUARDO COSTA,2024-06-13 07:58:40,177.0,8.4,-2.215013,-54.045293
EDUARDO COSTA,2024-06-13 08:25:58,190.0,8.8,-2.281415,-54.045601
EDUARDO COSTA,2024-06-13 11:15:56,251.0,8.6,-2.410836,-54.405506
EDUARDO COSTA,2024-06-13 12:49:08,299.0,9.7,-2.446665,-54.637831
EDUARDO COSTA,2024-06-13 12:51:18,298.0,9.6,-2.443831,-54.642831
EDUARDO COSTA,2024-06-13 12:52:19,299.0,9.5,-2.442498,-54.645165
EDUARDO COSTA,2024-06-13 13:28:38,326.0,9.0,-2.387498,-54.718498
EDUARDO COSTA,2024-06-13 13:32:58,326.0,8.8,-2.378525,-54.724313
EDUARDO COSTA,2024-06-13 18:19:46,283.0,8.5,-2.129831,-55.275831
EDUARDO COSTA,2024-06-13 18:20:46,283.0,8.7,-2.129331,-55.277998
EDUARDO COSTA,2024-06-13 18:21:53,283.0,8.6,-2.128831,-55.280665
EDUARDO COSTA,2024-06-13 18:22:00,281.0,8.5,-2.128718,-55.280935
EDUARDO COSTA,2024-06-13 18:22:19,290.0,8.4,-2.128485,-55.28164
EDUARDO COSTA,2024-06-13 18:22:33,291.0,8.5,-2.128331,-55.281831
EDUARDO COSTA,2024-06-13 18:22:36,289.0,8.5,-2.128353,-55.282006
EDUARDO COSTA,2024-06-13 18:22:40,289.0,8.4,-2.128228,-55.282375
EDUARDO COSTA,2024-06-13 18:22:47,288.0,8.5,-2.128165,-55.282665
EDUARDO COSTA,2024-06-13 18:22:55,288.0,8.5,-2.128165,-55.282665
EDUARDO COSTA,2024-06-13 18:23:07,290.0,8.5,-2.127831,-55.283331
EDUARDO COSTA,2024-06-13 18:23:13,290.0,8.5,-2.127831,-55.283331
EDUARDO COSTA,2024-06-13 18:23:46,288.0,8.4,-2.127331,-55.284831
EDUARDO COSTA,2024-06-13 18:24:00,291.0,8.6,-2.127188,-55.285326
EDUARDO COSTA,2024-06-13 18:24:05,290.0,8.5,-2.127106,-55.285546
EDUARDO COSTA,2024-06-13 18:24:13,289.0,8.3,-2.126998,-55.285831
EDUARDO COSTA,2024-06-13 18:24:20,288.0,8.5,-2.126998,-55.286165
EDUARDO COSTA,2024-06-13 18:25:53,290.0,8.5,-2.125831,-55.289331
EDUARDO COSTA,2024-06-13 18:27:47,290.0,8.7,-2.124165,-55.293831
EDUARDO COSTA,2024-06-13 18:28:55,289.0,8.7,-2.123498,-55.296165
EDUARDO COSTA,2024-06-13 18:33:54,298.0,8.9,-2.118265,-55.307053
EDUARDO COSTA,2024-06-13 19:08:00,314.0,9.1,-2.060331,-55.375165
EDUARDO COSTA,2024-06-13 19:10:54,315.0,8.9,-2.055165,-55.380165
EDUARDO COSTA,2024-06-13 19:11:35,317.0,8.9,-2.053998,-55.381331
EDUARDO COSTA,2024-06-13 19:40:47,308.0,8.9,-2.002165,-55.432998
EDUARDO COSTA,2024-06-13 19:44:11,304.0,9.1,-1.997165,-55.439998
EDUARDO COSTA,2024-06-13 23:33:50,253.0,9.0,-1.988998,-55.937331
EDUARDO COSTA,2024-06-14 00:21:11,226.0,8.1,-2.038753,-56.032958
EDUARDO COSTA,2024-06-14 00:44:31,232.0,8.5,-2.075165,-56.070331
EDUARDO COSTA,2024-06-14 00:46:42,230.0,8.7,-2.078476,-56.074425
EDUARDO COSTA,2024-06-14 01:05:18,229.0,7.8,-2.105458,-56.10735
EDUARDO COSTA,2024-06-14 01:07:29,231.0,8.2,-2.108498,-56.110998
EDUARDO COSTA,2024-06-14 01:11:01,232.0,7.9,-2.113331,-56.117165
EDUARDO COSTA,2024-06-14 01:16:10,231.0,7.9,-2.120498,-56.125998
EDUARDO COSTA,2024-06-14 01:32:22,228.0,8.2,-2.143998,-56.153831
EDUARDO COSTA,2024-06-14 01:32:54,230.0,8.2,-2.144831,-56.154665
EDUARDO COSTA,2024-06-14 01:35:06,231.0,8.3,-2.148165,-56.158498
EDUARDO COSTA,2024-06-14 01:35:12,229.0,8.3,-2.148331,-56.158665
EDUARDO COSTA,2024-06-14 01:35:24,229.0,8.3,-2.148665,-56.158998
EDUARDO COSTA,2024-06-14 01:37:34,235.0,8.5,-2.151831,-56.162831
EDUARDO COSTA,2024-06-14 01:37:54,237.0,8.4,-2.152331,-56.163498
EDUARDO COSTA,2024-06-14 01:38:18,236.0,8.4,-2.152831,-56.164331
EDUARDO COSTA,2024-06-14 01:38:30,236.0,8.4,-2.153165,-56.164665
EDUARDO COSTA,2024-06-14 01:38:32,235.0,8.4,-2.153165,-56.164831
EDUARDO COSTA,2024-06-14 01:38:34,236.0,8.2,-2.15321,-56.164858
EDUARDO COSTA,2024-06-14 01:38:53,236.0,8.4,-2.153615,-56.16543
EDUARDO COSTA,2024-06-14 01:39:07,236.0,8.4,-2.153926,-56.165875
EDUARDO COSTA,2024-06-14 01:39:10,235.0,8.4,-2.153998,-56.165998
EDUARDO COSTA,2024-06-14 01:39:16,237.0,8.4,-2.154165,-56.166165
EDUARDO COSTA,2024-06-14 01:39:18,238.0,8.3,-2.154165,-56.166165
EDUARDO COSTA,2024-06-14 01:39:23,237.0,8.3,-2.154271,-56.166393
EDUARDO COSTA,2024-06-14 01:39:24,237.0,8.5,-2.154331,-56.166498
EDUARDO COSTA,2024-06-14 01:39:27,236.0,8.7,-2.154356,-56.166523
EDUARDO COSTA,2024-06-14 01:39:31,238.0,8.3,-2.15444,-56.166655
EDUARDO COSTA,2024-06-14 01:39:32,237.0,8.2,-2.154498,-56.166665
EDUARDO COSTA,2024-06-14 01:39:34,238.0,8.4,-2.154526,-56.166783
EDUARDO COSTA,2024-06-14 01:39:36,236.0,8.4,-2.154498,-56.166831
EDUARDO COSTA,2024-06-14 01:39:53,235.0,8.4,-2.154926,-56.167358
EDUARDO COSTA,2024-06-14 01:39:55,236.0,8.5,-2.154998,-56.167331
EDUARDO COSTA,2024-06-14 01:39:56,236.0,8.2,-2.154998,-56.167498
EDUARDO COSTA,2024-06-14 01:39:58,235.0,8.5,-2.154998,-56.167498
EDUARDO COSTA,2024-06-14 01:40:00,236.0,8.3,-2.155165,-56.167665
EDUARDO COSTA,2024-06-14 01:40:07,237.0,8.6,-2.155231,-56.167808
EDUARDO COSTA,2024-06-14 01:40:27,238.0,8.4,-2.155665,-56.168498
EDUARDO COSTA,2024-06-14 01:40:58,237.0,8.2,-2.156331,-56.169498
EDUARDO COSTA,2024-06-14 01:41:00,238.0,8.3,-2.156358,-56.169591
EDUARDO COSTA,2024-06-14 04:54:22,215.0,9.0,-2.483665,-56.511331
EDUARDO COSTA,2024-06-14 06:17:25,243.0,8.7,-2.596831,-56.669331
EDUARDO COSTA,2024-06-14 06:20:43,242.0,8.7,-2.600618,-56.676486
EDUARDO COSTA,2024-06-14 06:49:12,282.0,9.0,-2.609331,-56.744165
EDUARDO COSTA,2024-06-14 06:49:25,283.0,8.9,-2.609165,-56.744498
EDUARDO COSTA,2024-06-14 06:51:25,282.0,9.1,-2.608165,-56.749498
EDUARDO COSTA,2024-06-14 06:53:51,279.0,9.1,-2.606998,-56.755665
EDUARDO COSTA,2024-06-14 07:32:20,277.0,8.8,-2.583498,-56.848998
EDUARDO COSTA,2024-06-14 07:36:41,297.0,8.8,-2.580998,-56.859331
EDUARDO COSTA,2024-06-14 07:39:27,294.0,8.9,-2.577998,-56.865498
EDUARDO COSTA,2024-06-14 11:23:40,350.0,7.9,-2.542831,-57.292998
EDUARDO COSTA,2024-06-14 12:31:38,301.0,8.6,-2.420978,-57.382743
EDUARDO COSTA,2024-06-14 13:00:54,281.0,9.4,-2.388915,-57.450715
EDUARDO COSTA,2024-06-14 13:08:10,283.0,9.2,-2.385035,-57.469108
EDUARDO COSTA,2024-06-14 13:31:18,220.0,9.3,-2.394731,-57.522921
EDUARDO COSTA,2024-06-14 13:36:21,214.0,9.7,-2.405385,-57.530863
EDUARDO COSTA,2024-06-14 13:40:03,213.0,9.8,-2.413498,-57.536498
EDUARDO COSTA,2024-06-24 19:45:33,80.0,16.8,-2.795331,-57.813831
EDUARDO COSTA,2024-06-24 20:22:21,39.0,17.1,-2.676998,-57.691665
EDUARDO COSTA,2024-06-24 20:23:21,36.0,17.0,-2.673331,-57.688665
EDUARDO COSTA,2024-06-24 20:44:32,25.0,17.5,-2.581331,-57.649165
EDUARDO COSTA,2024-06-24 20:49:45,27.0,18.0,-2.557998,-57.638165
EDUARDO COSTA,2024-06-24 21:16:19,33.0,17.0,-2.441665,-57.571165
EDUARDO COSTA,2024-06-24 21:19:44,34.0,16.4,-2.428331,-57.562665
EDUARDO COSTA,2024-06-24 21:20:41,33.0,16.3,-2.424665,-57.560331
EDUARDO COSTA,2024-06-24 21:24:57,42.0,16.0,-2.408831,-57.549331
EDUARDO COSTA,2024-06-25 01:28:57,50.0,18.0,-2.547998,-56.580665
EDUARDO COSTA,2024-06-25 02:00:36,37.0,17.1,-2.433998,-56.474498
EDUARDO COSTA,2024-06-25 02:23:45,11.0,16.5,-2.332998,-56.427331
EDUARDO COSTA,2024-06-25 02:25:49,11.0,16.3,-2.323665,-56.425665
EDUARDO COSTA,2024-06-25 02:28:21,19.0,16.2,-2.312498,-56.422665
EDUARDO COSTA,2024-06-25 02:53:07,71.0,17.4,-2.250331,-56.339998
EDUARDO COSTA,2024-06-25 02:56:00,70.0,17.8,-2.245665,-56.326831
EDUARDO COSTA,2024-06-25 02:57:31,69.0,17.5,-2.243165,-56.319998
EDUARDO COSTA,2024-06-25 04:38:23,82.0,17.7,-1.986998,-55.919831
EDUARDO COSTA,2024-06-25 04:39:23,81.0,17.7,-1.986331,-55.914998
EDUARDO COSTA,2024-06-25 04:40:58,80.0,17.4,-1.98518,-55.907348
EDUARDO COSTA,2024-06-25 04:41:37,81.0,17.3,-1.984665,-55.904331
EDUARDO COSTA,2024-06-25 07:27:54,100.0,18.6,-2.148331,-55.216331
EDUARDO COSTA,2024-06-25 07:32:58,103.0,18.4,-2.153463,-55.190946
EDUARDO COSTA,2024-06-25 07:56:31,121.0,16.2,-2.198596,-55.090903
EDUARDO COSTA,2024-06-25 07:59:37,129.0,15.9,-2.206188,-55.07907
EDUARDO COSTA,2024-06-25 07:59:46,129.0,16.0,-2.206498,-55.078665
EDUARDO COSTA,2024-06-25 08:04:22,133.0,16.2,-2.220331,-55.062998
EDUARDO COSTA,2024-06-25 08:34:23,66.0,16.1,-2.183831,-54.955998
EDUARDO COSTA,2024-06-25 08:46:27,78.0,16.9,-2.165498,-54.903831
EDUARDO COSTA,2024-06-25 08:49:52,79.0,16.8,-2.162665,-54.888165
EDUARDO COSTA,2024-06-25 09:07:21,111.0,16.8,-2.164998,-54.808998
EDUARDO COSTA,2024-06-25 09:12:53,141.0,16.9,-2.180498,-54.788498
EDUARDO COSTA,2024-06-25 09:45:15,163.0,18.0,-2.329665,-54.741831
EDUARDO COSTA,2024-06-25 14:02:55,78.0,16.9,-1.987498,-53.963331
EDUARDO COSTA,2024-06-25 14:03:19,81.0,16.8,-1.987165,-53.961498
EDUARDO COSTA,2024-06-25 14:17:22,61.0,16.7,-1.973378,-53.899351
EDUARDO COSTA,2024-06-25 14:19:19,59.0,16.9,-1.968998,-53.891498
EDUARDO COSTA,2024-06-25 14:46:11,75.0,17.0,-1.899331,-53.794331
EDUARDO COSTA,2024-06-25 14:49:40,71.0,17.0,-1.894385,-53.778676
EDUARDO COSTA,2024-06-25 16:50:09,85.0,16.5,-1.753998,-53.242665
EDUARDO COSTA,2024-06-25 18:25:21,39.0,17.3,-1.608498,-52.866831
EDUARDO COSTA,2024-06-25 18:44:57,102.0,16.9,-1.569398,-52.79117
EDUARDO COSTA,2024-06-25 19:44:16,90.0,18.2,-1.574906,-52.500983
EDUARDO COSTA,2024-06-25 19:47:16,90.0,18.3,-1.574921,-52.485731
EDUARDO COSTA,2024-06-25 20:14:09,71.0,17.0,-1.559831,-52.359498
EDUARDO COSTA,2024-06-25 20:16:39,70.0,17.4,-1.555831,-52.348331
EDUARDO COSTA,2024-06-25 20:26:27,75.0,18.0,-1.540486,-52.3029
EDUARDO COSTA,2024-06-26 00:54:40,30.0,14.8,-0.790415,-51.689436
EDUARDO COSTA,2024-06-26 01:25:29,33.0,15.4,-0.671665,-51.625665
EDUARDO COSTA,2024-06-26 01:32:47,39.0,16.0,-0.645998,-51.606665
EDUARDO COSTA,2024-06-26 01:52:39,40.0,16.2,-0.575498,-51.549331
EDUARDO COSTA,2024-06-26 01:54:58,44.0,15.9,-0.567831,-51.542665
EDUARDO COSTA,2024-06-26 01:57:00,45.0,16.1,-0.561331,-51.536165
EDUARDO COSTA,2024-06-26 01:58:35,45.0,15.7,-0.556331,-51.531165
EDUARDO COSTA,2024-06-26 01:59:36,45.0,16.1,-0.553165,-51.528165
EDUARDO COSTA,2024-06-26 02:00:55,46.0,16.1,-0.548998,-51.523831
EDUARDO COSTA,2024-06-26 02:03:16,51.0,16.2,-0.541665,-51.516165
EDUARDO COSTA,2024-06-26 02:30:52,77.0,15.8,-0.466831,-51.414665
EDUARDO COSTA,2024-06-26 02:35:16,80.0,16.7,-0.462831,-51.395331
EDUARDO COSTA,2024-06-26 02:42:28,84.0,17.0,-0.458498,-51.361998
EDUARDO COSTA,2024-06-26 04:51:23,339.0,15.2,-0.052831,-51.008498
EDUARDO COSTA,2024-06-26 04:52:01,340.0,15.2,-0.050331,-51.009498
EDUARDO COSTA,2024-06-26 04:53:55,341.0,15.5,-0.042665,-51.012165
EDUARDO COSTA,2024-06-26 04:54:45,342.0,15.8,-0.039165,-51.013165
EDUARDO COSTA,2024-06-26 04:54:51,343.0,15.8,-0.038665,-51.013331
EDUARDO COSTA,2024-06-26 04:54:55,343.0,15.7,-0.038498,-51.013498
EDUARDO COSTA,2024-06-26 04:54:57,343.0,15.8,-0.038331,-51.013498
EDUARDO COSTA,2024-06-26 04:55:31,343.0,15.9,-0.035831,-51.014165
EDUARDO COSTA,2024-06-26 04:55:35,343.0,15.7,-0.035665,-51.014331
EDUARDO COSTA,2024-06-26 04:55:39,343.0,16.0,-0.035331,-51.014331
EDUARDO COSTA,2024-06-26 04:56:53,343.0,15.7,-0.030165,-51.016165
EDUARDO COSTA,2024-06-26 04:58:47,3.0,15.1,-0.022165,-51.016998
EDUARDO COSTA,2024-06-26 06:25:23,81.0,14.6,0.17264,-50.815645
EDUARDO COSTA,2024-06-26 07:02:09,69.0,13.4,0.207086,-50.681386
EDUARDO COSTA,2024-06-26 07:02:50,69.0,13.5,0.207995,-50.679056
EDUARDO COSTA,2024-06-26 07:39:11,54.0,12.8,0.284233,-50.574251
EDUARDO COSTA,2024-06-26 07:45:41,54.0,12.4,0.297823,-50.55595
EDUARDO COSTA,2024-06-26 07:55:02,52.0,12.2,0.316666,-50.530331
EDUARDO COSTA,2024-06-26 08:10:58,36.0,13.0,0.358166,-50.492665
EDUARDO COSTA,2024-06-26 08:13:02,39.0,12.7,0.364166,-50.488165
EDUARDO COSTA,2024-06-26 08:40:02,14.0,13.7,0.453166,-50.447498
EDUARDO COSTA,2024-06-26 08:46:56,14.0,13.7,0.478833,-50.441665
EDUARDO COSTA,2024-06-26 08:48:05,11.0,13.8,0.483166,-50.440665
EDUARDO COSTA,2024-06-26 09:19:45,33.0,13.7,0.6035,-50.411331
EDUARDO COSTA,2024-06-26 12:11:56,37.0,15.5,0.8965,-49.747331
EDUARDO COSTA,2024-06-26 12:14:01,36.0,15.6,0.903783,-49.741918
EDUARDO COSTA,2024-06-26 12:16:14,35.0,15.5,0.911666,-49.736331
EDUARDO COSTA,2024-06-26 12:26:03,36.0,14.9,0.945833,-49.712665
EDUARDO COSTA,2024-06-26 13:18:07,36.0,12.8,1.109325,-49.597515
EDUARDO COSTA,2024-06-26 14:13:09,49.0,11.3,1.233166,-49.466665
EDUARDO COSTA,2024-06-26 14:26:58,49.0,11.2,1.26139,-49.433885
EDUARDO COSTA,2024-06-26 15:05:38,50.0,11.0,1.337,-49.343831
EDUARDO COSTA,2024-06-26 18:28:56,91.0,15.2,1.516833,-48.647998
EDUARDO COSTA,2024-06-26 18:38:10,92.0,15.0,1.516,-48.609665
EDUARDO COSTA,2024-06-26 18:39:51,92.0,14.8,1.515833,-48.602498
EDUARDO COSTA,2024-06-26 18:40:47,92.0,14.8,1.515666,-48.598665
EDUARDO COSTA,2024-06-26 18:50:38,91.0,14.7,1.515666,-48.558498
EDUARDO COSTA,2024-06-26 19:15:52,122.0,11.9,1.512833,-48.459831
EDUARDO COSTA,2024-06-26 19:22:28,121.0,12.5,1.499666,-48.441665
EDUARDO COSTA,2024-06-26 19:27:27,111.0,12.9,1.491833,-48.425665
EDUARDO COSTA,2024-06-26 19:31:04,119.0,12.9,1.486333,-48.414165
EDUARDO COSTA,2024-06-26 19:58:17,114.0,12.7,1.443055,-48.327248
EDUARDO COSTA,2024-06-26 20:04:14,111.0,13.0,1.433396,-48.308565
EDUARDO COSTA,2024-06-26 20:08:02,121.0,12.5,1.427211,-48.296785
EDUARDO COSTA,2024-06-26 20:11:48,129.0,12.7,1.4205,-48.284998
EDUARDO COSTA,2024-06-26 20:33:41,140.0,12.4,1.369215,-48.228606
EDUARDO COSTA,2024-06-26 20:36:04,153.0,12.7,1.362773,-48.223251
EDUARDO COSTA,2024-06-26 23:57:30,125.0,13.0,0.922526,-47.650553
EDUARDO COSTA,2024-06-27 00:13:12,132.0,13.2,0.891008,-47.604715
EDUARDO COSTA,2024-06-27 00:14:32,120.0,13.0,0.888398,-47.600683
EDUARDO COSTA,2024-06-27 00:14:59,128.0,13.2,0.887546,-47.599368
EDUARDO COSTA,2024-06-27 00:15:22,119.0,12.8,0.886833,-47.598165
EDUARDO COSTA,2024-06-27 01:01:56,116.0,12.8,0.7945,-47.460165
EDUARDO COSTA,2024-06-27 01:36:23,128.0,13.0,0.725921,-47.356268
EDUARDO COSTA,2024-06-27 01:39:56,128.0,13.0,0.718666,-47.345831
EDUARDO COSTA,2024-06-27 01:42:46,118.0,12.7,0.712833,-47.337498
EDUARDO COSTA,2024-06-27 05:10:38,126.0,13.0,0.312243,-46.704281
EDUARDO COSTA,2024-06-27 05:10:41,114.0,13.4,0.312191,-46.704168
EDUARDO COSTA,2024-06-27 05:10:44,122.0,13.0,0.312058,-46.703966
EDUARDO COSTA,2024-06-27 05:10:47,122.0,13.5,0.312,-46.703831
EDUARDO COSTA,2024-06-27 05:10:55,123.0,13.3,0.311748,-46.70344
EDUARDO COSTA,2024-06-27 05:11:04,120.0,13.3,0.3115,-46.702998
EDUARDO COSTA,2024-06-27 05:11:14,119.0,13.1,0.311126,-46.702393
EDUARDO COSTA,2024-06-27 05:11:38,120.0,12.9,0.310373,-46.701138
EDUARDO COSTA,2024-06-27 05:12:44,117.0,13.1,0.308318,-46.697685
EDUARDO COSTA,2024-06-27 06:37:59,121.0,12.9,0.144446,-46.4283
EDUARDO COSTA,2024-06-27 06:40:14,121.0,13.3,0.139923,-46.421423
EDUARDO COSTA,2024-06-27 06:47:00,118.0,13.3,0.1262,-46.400613
EDUARDO COSTA,2024-06-27 06:49:46,126.0,13.3,0.1205,-46.391998
EDUARDO COSTA,2024-06-27 07:10:54,119.0,13.6,0.081873,-46.324456
EDUARDO COSTA,2024-06-27 07:13:15,117.0,13.7,0.077666,-46.316831
EDUARDO COSTA,2024-06-27 07:16:54,119.0,13.3,0.070958,-46.30514
EDUARDO COSTA,2024-06-27 07:20:17,123.0,13.6,0.064666,-46.293998
EDUARDO COSTA,2024-06-27 07:43:34,125.0,13.8,0.020688,-46.219665
EDUARDO COSTA,2024-06-27 07:46:13,121.0,13.2,0.015525,-46.211225
EDUARDO COSTA,2024-06-27 07:47:18,125.0,13.0,0.013491,-46.207938
EDUARDO COSTA,2024-06-27 07:49:54,126.0,13.1,0.0085,-46.199831
EDUARDO COSTA,2024-06-27 07:52:04,121.0,13.1,0.004345,-46.193038
EDUARDO COSTA,2024-06-27 08:31:56,121.0,13.3,-0.074993,-46.07001
EDUARDO COSTA,2024-06-27 08:35:20,116.0,13.1,-0.081295,-46.059505
EDUARDO COSTA,2024-06-27 08:38:20,127.0,13.3,-0.087331,-46.050331
EDUARDO COSTA,2024-06-27 12:06:50,122.0,13.0,-0.455998,-45.400665
EDUARDO COSTA,2024-06-27 12:08:10,117.0,12.9,-0.458498,-45.396498
EDUARDO COSTA,2024-06-27 12:11:17,118.0,12.7,-0.463953,-45.386861
EDUARDO COSTA,2024-06-27 12:17:45,116.0,12.8,-0.475165,-45.366998
EDUARDO COSTA,2024-06-27 13:28:03,123.0,12.6,-0.602498,-45.153498
EDUARDO COSTA,2024-06-27 13:34:24,118.0,12.9,-0.613428,-45.133951
EDUARDO COSTA,2024-06-27 15:34:46,122.0,13.5,-0.837411,-44.736641
EDUARDO COSTA,2024-06-27 16:45:57,121.0,12.8,-0.952831,-44.535498
EDUARDO COSTA,2024-06-27 23:31:59,104.0,11.8,-1.412331,-43.239831
EDUARDO COSTA,2024-06-28 00:02:59,105.0,12.4,-1.443998,-43.140665
EDUARDO COSTA,2024-06-28 00:05:37,109.0,12.3,-1.44678,-43.13203
EDUARDO COSTA,2024-06-28 00:06:11,105.0,12.5,-1.44735,-43.130176
EDUARDO COSTA,2024-06-28 00:06:58,104.0,12.2,-1.448165,-43.127665
EDUARDO COSTA,2024-06-28 00:07:17,106.0,12.4,-1.448475,-43.126596
EDUARDO COSTA,2024-06-28 00:11:39,99.0,12.7,-1.45295,-43.112333
EDUARDO COSTA,2024-06-28 00:37:18,113.0,7.1,-1.473161,-43.053696
EDUARDO COSTA,2024-06-28 01:25:30,104.0,11.7,-1.520998,-42.913498
EDUARDO COSTA,2024-06-28 01:26:57,105.0,11.7,-1.522421,-42.908851
EDUARDO COSTA,2024-06-28 01:27:37,101.0,12.0,-1.523073,-42.906751
EDUARDO COSTA,2024-06-28 05:23:36,110.0,10.9,-1.783331,-42.168665
EDUARDO COSTA,2024-06-28 05:23:42,107.0,11.2,-1.783331,-42.168331
EDUARDO COSTA,2024-06-28 05:24:42,109.0,11.3,-1.784498,-42.165498
EDUARDO COSTA,2024-06-28 05:26:55,108.0,11.1,-1.786645,-42.158948
EDUARDO COSTA,2024-06-28 05:28:03,111.0,11.2,-1.787748,-42.155608
EDUARDO COSTA,2024-06-28 05:28:16,110.0,11.5,-1.787998,-42.154998
EDUARDO COSTA,2024-06-28 05:28:23,113.0,11.3,-1.788071,-42.154625
EDUARDO COSTA,2024-06-28 05:30:41,110.0,11.4,-1.790251,-42.147835
EDUARDO COSTA,2024-06-28 05:31:41,110.0,11.4,-1.791205,-42.144868
EDUARDO COSTA,2024-06-28 05:48:18,112.0,11.8,-1.807165,-42.094998
EDUARDO COSTA,2024-06-28 05:50:24,107.0,11.3,-1.808998,-42.088498
EDUARDO COSTA,2024-06-28 06:09:58,105.0,11.6,-1.826331,-42.028998
EDUARDO COSTA,2024-06-28 06:11:59,103.0,11.6,-1.828165,-42.022831
EDUARDO COSTA,2024-06-28 06:22:58,103.0,11.7,-1.837571,-41.988225
EDUARDO COSTA,2024-06-28 06:45:38,109.0,12.2,-1.857331,-41.915498
EDUARDO COSTA,2024-06-28 06:58:57,111.0,12.1,-1.868563,-41.872576
EDUARDO COSTA,2024-06-28 11:54:19,108.0,12.4,-2.187665,-40.917165
EDUARDO COSTA,2024-06-28 12:25:38,111.0,12.2,-2.220716,-40.814893
EDUARDO COSTA,2024-06-28 12:28:59,110.0,12.1,-2.224331,-40.804165
EDUARDO COSTA,2024-06-28 13:03:45,112.0,12.8,-2.261498,-40.691665
EDUARDO COSTA,2024-06-28 17:26:38,112.0,11.7,-2.53257,-39.863055
EDUARDO COSTA,2024-06-28 17:33:37,120.0,11.7,-2.541831,-39.842165
EDUARDO COSTA,2024-06-28 17:34:04,122.0,11.8,-2.542443,-39.84086
EDUARDO COSTA,2024-06-28 17:36:23,127.0,11.7,-2.546665,-39.834498
EDUARDO COSTA,2024-06-28 18:12:05,124.0,11.8,-2.614796,-39.740745
EDUARDO COSTA,2024-06-28 18:14:59,126.0,11.8,-2.620395,-39.733163
EDUARDO COSTA,2024-06-28 18:35:44,125.0,11.9,-2.660791,-39.678508
EDUARDO COSTA,2024-06-28 18:41:31,123.0,11.8,-2.671818,-39.663028
EDUARDO COSTA,2024-06-28 19:08:18,126.0,12.1,-2.72481,-39.59238
EDUARDO COSTA,2024-06-28 19:12:24,129.0,12.0,-2.733165,-39.581498
EDUARDO COSTA,2024-06-28 23:03:57,118.0,12.2,-3.194083,-38.933673
EDUARDO COSTA,2024-06-29 00:14:45,121.0,12.1,-3.328998,-38.731331
EDUARDO COSTA,2024-06-29 00:20:43,125.0,12.7,-3.339896,-38.71394
EDUARDO COSTA,2024-06-29 00:23:03,124.0,12.5,-3.344125,-38.707136
EDUARDO COSTA,2024-06-29 00:51:57,118.0,12.2,-3.395776,-38.622548
EDUARDO COSTA,2024-06-29 01:11:43,114.0,12.2,-3.426446,-38.562235
EDUARDO COSTA,2024-06-29 01:22:45,120.0,12.4,-3.443165,-38.528331
EDUARDO COSTA,2024-06-29 01:25:05,115.0,12.4,-3.446665,-38.521165
EDUARDO COSTA,2024-06-29 04:50:03,121.0,12.2,-3.804761,-37.923915
EDUARDO COSTA,2024-06-29 05:16:24,123.0,12.2,-3.851315,-37.84793
EDUARDO COSTA,2024-06-29 05:19:58,123.0,12.3,-3.85762,-37.83764
EDUARDO COSTA,2024-06-29 05:24:50,121.0,12.3,-3.86631,-37.823391
EDUARDO COSTA,2024-06-29 05:41:45,119.0,12.2,-3.896553,-37.774611
EDUARDO COSTA,2024-06-29 05:43:58,122.0,12.3,-3.900475,-37.768288
EDUARDO COSTA,2024-06-29 05:48:38,123.0,12.2,-3.908998,-37.754831
EDUARDO COSTA,2024-06-29 05:51:58,120.0,12.1,-3.914903,-37.74527
EDUARDO COSTA,2024-06-29 05:55:58,121.0,12.2,-3.922018,-37.73372
EDUARDO COSTA,2024-06-29 06:25:58,123.0,11.9,-3.976148,-37.647253
EDUARDO COSTA,2024-06-29 06:27:51,118.0,12.1,-3.979401,-37.641903
EDUARDO COSTA,2024-06-29 06:30:17,121.0,12.0,-3.983831,-37.634998
EDUARDO COSTA,2024-06-29 06:35:52,125.0,12.0,-3.99376,-37.619075
EDUARDO COSTA,2024-06-29 06:39:58,120.0,12.2,-4.00103,-37.607258
EDUARDO COSTA,2024-06-29 06:56:44,121.0,12.0,-4.031498,-37.559331
EDUARDO COSTA,2024-06-29 07:01:38,123.0,12.3,-4.040326,-37.545481
EDUARDO COSTA,2024-06-29 11:55:50,105.0,12.8,-4.5164,-36.648921
EDUARDO COSTA,2024-06-29 11:56:17,107.0,12.6,-4.516828,-36.647458
EDUARDO COSTA,2024-06-29 11:57:23,106.0,12.5,-4.51799,-36.643766
EDUARDO COSTA,2024-06-29 11:58:18,106.0,12.7,-4.518998,-36.640665
EDUARDO COSTA,2024-06-29 15:22:30,101.0,12.5,-4.699918,-35.928245
EDUARDO COSTA,2024-06-29 16:02:31,102.0,12.1,-4.735498,-35.769165
EDUARDO COSTA,2024-06-29 16:08:01,104.0,13.0,-4.739831,-35.750831
EDUARDO COSTA,2024-06-29 17:02:51,102.0,12.3,-4.780498,-35.595665
EDUARDO COSTA,2024-06-29 17:08:20,103.0,12.1,-4.784998,-35.577665
EDUARDO COSTA,2024-06-29 17:14:39,105.0,12.3,-4.79028,-35.55698
EDUARDO COSTA,2024-06-29 17:17:41,103.0,12.0,-4.792665,-35.547165
EDUARDO COSTA,2024-06-29 17:23:30,104.0,12.3,-4.797218,-35.528231
EDUARDO COSTA,2024-06-29 17:36:50,105.0,12.1,-4.807998,-35.484665
EDUARDO COSTA,2024-06-29 17:40:10,104.0,12.1,-4.810665,-35.473831
EDUARDO COSTA,2024-06-29 18:06:21,106.0,12.4,-4.831998,-35.387998
EDUARDO COSTA,2024-06-29 18:12:00,103.0,12.6,-4.83667,-35.369128
EDUARDO COSTA,2024-06-29 18:47:40,107.0,12.1,-4.86794,-35.252273
EDUARDO COSTA,2024-06-29 18:54:10,110.0,11.9,-4.87453,-35.231136
EDUARDO COSTA,2024-06-29 19:00:01,116.0,11.9,-4.881998,-35.212998
EDUARDO COSTA,2024-06-29 22:08:40,169.0,11.5,-5.448628,-34.982651
EDUARDO COSTA,2024-06-29 22:11:54,168.0,12.0,-5.458838,-34.980465
EDUARDO COSTA,2024-06-29 23:16:39,170.0,12.0,-5.667593,-34.93236
EDUARDO COSTA,2024-06-29 23:19:06,175.0,12.2,-5.675831,-34.931165
EDUARDO COSTA,2024-06-29 23:21:19,170.0,11.9,-5.683223,-34.929946
EDUARDO COSTA,2024-06-29 23:44:59,165.0,12.2,-5.762621,-34.915891
EDUARDO COSTA,2024-06-29 23:45:46,166.0,12.1,-5.765165,-34.915331
EDUARDO COSTA,2024-06-29 23:45:53,167.0,12.3,-5.765598,-34.915331
EDUARDO COSTA,2024-06-29 23:48:37,168.0,12.2,-5.774765,-34.913583
EDUARDO COSTA,2024-06-29 23:49:03,168.0,12.2,-5.776225,-34.91331
EDUARDO COSTA,2024-06-29 23:49:18,169.0,12.4,-5.77701,-34.913163
EDUARDO COSTA,2024-06-29 23:49:46,173.0,12.3,-5.778665,-34.912831
EDUARDO COSTA,2024-06-29 23:50:20,170.0,12.7,-5.78061,-34.912491
EDUARDO COSTA,2024-06-29 23:51:20,166.0,12.8,-5.783988,-34.911871
EDUARDO COSTA,2024-06-30 00:01:47,166.0,12.0,-5.818831,-34.903998
EDUARDO COSTA,2024-06-30 01:43:40,169.0,12.3,-6.159413,-34.816655
EDUARDO COSTA,2024-06-30 04:20:06,164.0,12.8,-6.686236,-34.67678
EDUARDO COSTA,2024-06-30 04:24:43,168.0,12.6,-6.701665,-34.672331
EDUARDO COSTA,2024-06-30 04:25:36,167.0,12.8,-6.70466,-34.671428
EDUARDO COSTA,2024-06-30 04:26:36,163.0,12.7,-6.708165,-34.670498
EDUARDO COSTA,2024-06-30 04:42:05,165.0,12.6,-6.761663,-34.658341
EDUARDO COSTA,2024-06-30 04:46:12,167.0,12.2,-6.775781,-34.655435
EDUARDO COSTA,2024-06-30 04:50:52,167.0,12.4,-6.79168,-34.651706
EDUARDO COSTA,2024-06-30 04:55:13,168.0,12.6,-6.806545,-34.648515
EDUARDO COSTA,2024-06-30 05:27:41,166.0,12.5,-6.917175,-34.62115
EDUARDO COSTA,2024-06-30 05:31:33,167.0,12.0,-6.930168,-34.617591
EDUARDO COSTA,2024-06-30 05:31:47,163.0,12.0,-6.930831,-34.617331
EDUARDO COSTA,2024-06-30 05:34:45,170.0,12.7,-6.940896,-34.6147
EDUARDO COSTA,2024-06-30 05:34:53,168.0,12.3,-6.941338,-34.61457
EDUARDO COSTA,2024-06-30 05:39:46,169.0,12.0,-6.957665,-34.610165
EDUARDO COSTA,2024-06-30 05:58:52,167.0,12.7,-7.02197,-34.593398
EDUARDO COSTA,2024-06-30 06:03:39,168.0,13.0,-7.03837,-34.589688
EDUARDO COSTA,2024-06-30 06:07:27,172.0,12.7,-7.051665,-34.587498
EDUARDO COSTA,2024-06-30 06:34:11,183.0,12.7,-7.146818,-34.586363
EDUARDO COSTA,2024-06-30 06:36:57,180.0,12.7,-7.156643,-34.586495
EDUARDO COSTA,2024-06-30 09:56:30,184.0,12.6,-7.867356,-34.584356
EDUARDO COSTA,2024-06-30 10:01:26,181.0,12.8,-7.885165,-34.584831
EDUARDO COSTA,2024-06-30 10:29:59,212.0,12.9,-7.987931,-34.592265
EDUARDO COSTA,2024-06-30 10:32:13,220.0,12.8,-7.994738,-34.59648
EDUARDO COSTA,2024-06-30 11:03:28,214.0,13.2,-8.094218,-34.662638
EDUARDO COSTA,2024-06-30 11:09:17,217.0,13.0,-8.111998,-34.674331
EDUARDO COSTA,2024-06-30 11:34:06,208.0,13.3,-8.189165,-34.725998
EDUARDO COSTA,2024-06-30 11:37:36,218.0,13.4,-8.200165,-34.732998
EDUARDO COSTA,2024-06-30 11:39:59,222.0,13.3,-8.207558,-34.738076
EDUARDO COSTA,2024-06-30 11:49:45,208.0,12.9,-8.237046,-34.75761
EDUARDO COSTA,2024-06-30 11:50:52,212.0,12.7,-8.240498,-34.759665
EDUARDO COSTA,2024-06-30 11:51:39,207.0,12.7,-8.242891,-34.761076
EDUARDO COSTA,2024-06-30 11:52:26,207.0,13.0,-8.245331,-34.762498
EDUARDO COSTA,2024-06-30 11:54:32,210.0,12.8,-8.251831,-34.766331
EDUARDO COSTA,2024-06-30 12:48:36,243.0,10.1,-8.364815,-34.891525
EDUARDO COSTA,2024-06-30 16:38:42,283.0,0.0,-8.395998,-34.950165
EDUARDO COSTA,2024-07-01 04:35:42,137.0,0.1,-8.395998,-34.950165
EDUARDO COSTA,2024-07-01 04:44:43,157.0,0.1,-8.396046,-34.950218
EDUARDO COSTA,2024-07-01 17:56:41,283.0,0.1,-8.395998,-34.950165
EDUARDO COSTA,2024-07-02 04:41:42,273.0,0.1,-8.39604,-34.950221
EDUARDO COSTA,2024-07-02 07:58:43,163.0,12.2,-8.53875,-34.860956
EDUARDO COSTA,2024-07-02 09:06:22,207.0,12.3,-8.765863,-34.908008
EDUARDO COSTA,2024-07-02 09:38:37,209.0,12.5,-8.865998,-34.958498
EDUARDO COSTA,2024-07-02 09:44:37,209.0,12.9,-8.885083,-34.968161
EDUARDO COSTA,2024-07-02 10:04:30,213.0,12.8,-8.947958,-34.999973
EDUARDO COSTA,2024-07-02 10:10:24,209.0,12.7,-8.966321,-35.009265
EDUARDO COSTA,2024-07-02 10:15:50,207.0,13.0,-8.9834,-35.018086
EDUARDO COSTA,2024-07-02 10:18:04,206.0,13.0,-8.990456,-35.02173
EDUARDO COSTA,2024-07-02 10:51:47,207.0,12.3,-9.094831,-35.075165
EDUARDO COSTA,2024-07-02 11:34:39,219.0,12.5,-9.220165,-35.150998
EDUARDO COSTA,2024-07-02 11:35:16,216.0,13.0,-9.221665,-35.152498
EDUARDO COSTA,2024-07-02 11:35:19,224.0,12.3,-9.221831,-35.152665
EDUARDO COSTA,2024-07-02 11:35:20,224.0,12.3,-9.221831,-35.152665
EDUARDO COSTA,2024-07-02 11:35:56,223.0,12.3,-9.223463,-35.153986
EDUARDO COSTA,2024-07-02 11:36:06,219.0,12.5,-9.223908,-35.154361
EDUARDO COSTA,2024-07-02 11:36:16,223.0,12.6,-9.224348,-35.154745
EDUARDO COSTA,2024-07-02 11:36:23,216.0,12.3,-9.224613,-35.154971
EDUARDO COSTA,2024-07-02 11:37:16,224.0,12.9,-9.227,-35.157016
EDUARDO COSTA,2024-07-02 11:37:33,221.0,12.4,-9.227711,-35.157615
EDUARDO COSTA,2024-07-02 11:38:36,218.0,12.6,-9.230498,-35.159998
EDUARDO COSTA,2024-07-02 11:40:20,220.0,12.3,-9.234998,-35.163998
EDUARDO COSTA,2024-07-02 11:46:54,224.0,12.3,-9.252203,-35.178818
EDUARDO COSTA,2024-07-02 11:50:27,212.0,12.7,-9.261498,-35.186831
EDUARDO COSTA,2024-07-02 11:53:11,219.0,12.4,-9.268756,-35.193036
EDUARDO COSTA,2024-07-02 12:02:14,224.0,12.4,-9.2923,-35.21354
EDUARDO COSTA,2024-07-02 12:25:40,218.0,12.7,-9.353831,-35.266998
EDUARDO COSTA,2024-07-02 15:10:48,248.0,10.0,-9.73309,-35.681316
EDUARDO COSTA,2024-07-02 15:18:04,253.0,9.2,-9.738998,-35.699831
EDUARDO COSTA,2024-07-02 15:22:22,289.0,7.9,-9.736906,-35.708506
EDUARDO COSTA,2024-07-02 15:47:27,327.0,2.9,-9.704423,-35.735738
EDUARDO COSTA,2024-07-02 15:52:54,357.0,2.7,-9.700425,-35.73649
EDUARDO COSTA,2024-07-02 15:55:45,44.0,2.9,-9.698545,-35.73628
EDUARDO COSTA,2024-07-02 16:07:48,31.0,2.5,-9.69063,-35.735146
EDUARDO COSTA,2024-07-02 16:22:11,35.0,2.0,-9.682663,-35.731296
EDUARDO COSTA,2024-07-02 16:24:31,40.0,1.4,-9.681805,-35.730558
EDUARDO COSTA,2024-07-02 16:52:49,34.0,0.6,-9.679831,-35.725831
EDUARDO COSTA,2024-07-02 16:57:08,34.0,0.2,-9.6795,-35.725691
EDUARDO COSTA,2024-07-02 16:59:40,48.0,0.3,-9.679458,-35.725665
EDUARDO COSTA,2024-07-02 17:06:19,222.0,0.1,-9.67942,-35.725771
EDUARDO COSTA,2024-07-02 17:52:43,244.0,0.1,-9.679348,-35.725868
EDUARDO COSTA,2024-07-02 23:17:37,315.0,0.1,-9.679346,-35.72588
EDUARDO COSTA,2024-07-03 11:29:36,191.0,0.2,-9.679331,-35.725831
EDUARDO COSTA,2024-07-03 11:32:37,3.0,0.2,-9.679335,-35.725893
EDUARDO COSTA,2024-07-03 16:05:37,300.0,0.0,-9.679338,-35.72587
EDUARDO COSTA,2024-07-03 16:44:37,17.0,0.1,-9.679331,-35.725831
EDUARDO COSTA,2024-07-03 22:13:25,178.0,7.0,-9.700878,-35.741021
EDUARDO COSTA,2024-07-03 22:16:41,161.0,7.8,-9.706998,-35.738998
EDUARDO COSTA,2024-07-03 22:20:54,157.0,10.5,-9.717193,-35.734763
EDUARDO COSTA,2024-07-03 22:50:00,202.0,12.6,-9.810985,-35.746935
EDUARDO COSTA,2024-07-03 22:54:28,207.0,13.0,-9.825863,-35.752763
EDUARDO COSTA,2024-07-03 22:56:55,199.0,12.6,-9.833831,-35.755998
EDUARDO COSTA,2024-07-03 23:28:40,204.0,12.6,-9.938211,-35.796198
EDUARDO COSTA,2024-07-03 23:30:46,197.0,12.7,-9.945165,-35.798831
EDUARDO COSTA,2024-07-03 23:54:39,199.0,13.3,-10.024885,-35.826298
EDUARDO COSTA,2024-07-04 00:00:45,196.0,11.9,-10.045165,-35.833331
EDUARDO COSTA,2024-07-04 00:08:48,198.0,12.8,-10.072068,-35.842996
EDUARDO COSTA,2024-07-04 00:47:06,203.0,12.5,-10.201468,-35.889376
EDUARDO COSTA,2024-07-04 00:59:23,201.0,12.5,-10.243525,-35.903868
EDUARDO COSTA,2024-07-04 02:31:41,214.0,12.8,-10.520831,-36.080331
EDUARDO COSTA,2024-07-04 03:19:31,206.0,13.1,-10.653165,-36.183831
EDUARDO COSTA,2024-07-04 03:21:39,209.0,12.3,-10.659428,-36.187635
EDUARDO COSTA,2024-07-04 03:26:39,214.0,11.9,-10.674046,-36.19662
EDUARDO COSTA,2024-07-04 04:16:38,220.0,12.5,-10.804883,-36.311095
EDUARDO COSTA,2024-07-04 04:21:14,209.0,12.7,-10.817165,-36.321665
EDUARDO COSTA,2024-07-04 04:24:58,214.0,12.7,-10.827055,-36.33005
EDUARDO COSTA,2024-07-04 04:31:02,220.0,12.4,-10.84318,-36.343965
EDUARDO COSTA,2024-07-04 04:55:11,231.0,13.6,-10.909423,-36.400376
EDUARDO COSTA,2024-07-04 04:57:23,217.0,12.8,-10.915581,-36.405458
EDUARDO COSTA,2024-07-04 05:04:41,216.0,13.1,-10.935998,-36.422165
EDUARDO COSTA,2024-07-04 05:08:12,210.0,14.1,-10.94596,-36.430193
EDUARDO COSTA,2024-07-04 05:26:23,220.0,13.0,-10.997331,-36.472498
EDUARDO COSTA,2024-07-04 05:27:25,215.0,12.7,-11.000331,-36.474831
EDUARDO COSTA,2024-07-04 05:27:49,213.0,13.3,-11.001498,-36.475665
EDUARDO COSTA,2024-07-04 05:28:31,225.0,13.1,-11.003498,-36.477331
EDUARDO COSTA,2024-07-04 05:30:33,208.0,13.8,-11.009331,-36.481998
EDUARDO COSTA,2024-07-04 07:04:52,224.0,12.8,-11.283498,-36.695331
EDUARDO COSTA,2024-07-04 07:07:08,220.0,13.3,-11.289831,-36.700831
EDUARDO COSTA,2024-07-04 08:15:37,222.0,13.2,-11.483498,-36.861998
EDUARDO COSTA,2024-07-04 08:51:33,217.0,12.6,-11.585531,-36.945618
EDUARDO COSTA,2024-07-04 08:54:47,215.0,13.0,-11.594993,-36.952715
EDUARDO COSTA,2024-07-04 09:59:56,223.0,13.6,-11.794331,-37.094831
EDUARDO COSTA,2024-07-04 10:02:17,213.0,13.1,-11.801665,-37.099831
EDUARDO COSTA,2024-07-04 11:23:06,219.0,13.1,-12.040831,-37.285165
EDUARDO COSTA,2024-07-04 11:25:30,223.0,13.4,-12.047831,-37.290831
EDUARDO COSTA,2024-07-04 11:29:22,213.0,13.7,-12.058998,-37.300165
EDUARDO COSTA,2024-07-04 11:29:50,221.0,12.9,-12.060331,-37.301331
EDUARDO COSTA,2024-07-04 11:34:49,219.0,13.9,-12.074998,-37.313331
EDUARDO COSTA,2024-07-04 11:50:50,216.0,13.5,-12.122665,-37.352331
EDUARDO COSTA,2024-07-04 15:35:34,225.0,13.5,-12.788498,-37.879831
EDUARDO COSTA,2024-07-04 15:45:11,222.0,13.7,-12.836165,-37.920831
EDUARDO COSTA,2024-07-04 16:38:29,226.0,13.9,-12.972665,-38.037998
EDUARDO COSTA,2024-07-04 16:42:09,221.0,13.8,-12.983331,-38.047165
EDUARDO COSTA,2024-07-04 16:46:19,220.0,14.1,-12.995498,-38.057665
EDUARDO COSTA,2024-07-04 17:34:16,178.0,13.6,-13.164996,-38.090173
EDUARDO COSTA,2024-07-04 17:59:12,183.0,13.1,-13.256998,-38.091165
EDUARDO COSTA,2024-07-04 17:59:22,184.0,12.9,-13.257498,-38.091165
EDUARDO COSTA,2024-07-04 17:59:36,181.0,13.1,-13.258498,-38.091165
EDUARDO COSTA,2024-07-04 18:45:42,179.0,13.1,-13.423528,-38.091213
EDUARDO COSTA,2024-07-04 22:09:31,179.0,13.2,-14.160686,-38.089783
EDUARDO COSTA,2024-07-04 22:21:49,179.0,13.0,-14.206165,-38.088998
EDUARDO COSTA,2024-07-04 23:44:17,185.0,13.6,-14.512468,-38.086453
EDUARDO COSTA,2024-07-04 23:54:12,182.0,13.3,-14.549665,-38.087665
EDUARDO COSTA,2024-07-05 01:19:48,183.0,13.5,-14.875665,-38.094498
EDUARDO COSTA,2024-07-05 04:02:09,178.0,13.5,-15.479498,-38.092165
EDUARDO COSTA,2024-07-05 04:07:59,182.0,12.9,-15.501165,-38.091331
EDUARDO COSTA,2024-07-05 05:11:53,175.0,14.1,-15.736165,-38.091331
EDUARDO COSTA,2024-07-05 05:46:37,187.0,13.8,-15.866911,-38.093601
EDUARDO COSTA,2024-07-05 05:48:48,180.0,13.5,-15.875021,-38.093875
EDUARDO COSTA,2024-07-05 06:42:30,185.0,14.1,-16.078998,-38.094831
EDUARDO COSTA,2024-07-05 06:47:06,183.0,14.0,-16.096831,-38.094998
EDUARDO COSTA,2024-07-05 07:12:51,179.0,13.5,-16.195498,-38.095831
EDUARDO COSTA,2024-07-05 07:17:15,182.0,13.6,-16.212165,-38.095998
EDUARDO COSTA,2024-07-05 07:45:44,181.0,14.2,-16.321998,-38.096165
EDUARDO COSTA,2024-07-05 07:59:21,176.0,14.5,-16.375165,-38.096165
EDUARDO COSTA,2024-07-05 08:58:08,186.0,13.7,-16.601331,-38.090831
EDUARDO COSTA,2024-07-05 09:32:07,190.0,14.4,-16.734498,-38.101831
EDUARDO COSTA,2024-07-05 09:38:53,179.0,14.7,-16.761998,-38.102831
EDUARDO COSTA,2024-07-05 10:33:10,181.0,14.1,-16.978498,-38.097831
EDUARDO COSTA,2024-07-05 10:37:32,173.0,14.2,-16.995831,-38.097498
EDUARDO COSTA,2024-07-05 10:40:08,176.0,14.2,-17.006165,-38.097331
EDUARDO COSTA,2024-07-05 10:43:08,181.0,14.2,-17.018165,-38.096998
EDUARDO COSTA,2024-07-05 10:47:46,177.0,14.4,-17.036831,-38.096498
EDUARDO COSTA,2024-07-05 11:18:42,180.0,13.8,-17.158331,-38.092831
EDUARDO COSTA,2024-07-05 11:20:46,183.0,13.9,-17.166331,-38.092498
EDUARDO COSTA,2024-07-05 11:21:04,181.0,13.8,-17.167498,-38.092498
EDUARDO COSTA,2024-07-05 11:37:27,178.0,14.2,-17.231845,-38.091895
EDUARDO COSTA,2024-07-05 12:18:50,182.0,13.6,-17.392498,-38.093665
EDUARDO COSTA,2024-07-05 12:52:03,173.0,14.1,-17.520713,-38.092083
EDUARDO COSTA,2024-07-05 13:23:27,184.0,13.7,-17.641998,-38.092165
EDUARDO COSTA,2024-07-05 13:56:24,182.0,13.7,-17.767331,-38.098665
EDUARDO COSTA,2024-07-05 13:58:46,182.0,13.7,-17.776331,-38.099165
EDUARDO COSTA,2024-07-05 14:33:13,187.0,14.1,-17.909348,-38.107915
EDUARDO COSTA,2024-07-05 14:37:25,182.0,14.3,-17.925665,-38.108831
EDUARDO COSTA,2024-07-05 14:39:51,178.0,13.8,-17.935165,-38.109498
EDUARDO COSTA,2024-07-05 15:43:48,220.0,14.8,-18.155325,-38.238355
EDUARDO COSTA,2024-07-05 15:48:57,217.0,15.0,-18.172331,-38.251998
EDUARDO COSTA,2024-07-05 17:42:51,219.0,14.9,-18.557498,-38.590831
EDUARDO COSTA,2024-07-05 17:43:59,222.0,14.6,-18.538223,-38.573098
EDUARDO COSTA,2024-07-05 19:16:36,218.0,14.7,-18.826753,-38.831103
EDUARDO COSTA,2024-07-05 19:25:47,221.0,14.6,-18.855665,-38.855831
EDUARDO COSTA,2024-07-05 19:28:42,219.0,14.7,-18.864791,-38.863675
EDUARDO COSTA,2024-07-05 19:31:47,216.0,14.3,-18.874498,-38.871998
EDUARDO COSTA,2024-07-05 21:12:29,222.0,14.4,-19.191165,-39.144665
EDUARDO COSTA,2024-07-05 21:15:04,222.0,14.5,-19.198831,-39.152165
EDUARDO COSTA,2024-07-05 21:27:58,223.0,14.4,-19.236491,-39.188755
EDUARDO COSTA,2024-07-05 21:30:26,225.0,14.0,-19.243665,-39.195665
EDUARDO COSTA,2024-07-05 21:32:54,220.0,14.5,-19.250831,-39.202831
EDUARDO COSTA,2024-07-05 22:01:34,223.0,14.4,-19.333498,-39.286165
EDUARDO COSTA,2024-07-05 22:03:51,222.0,14.4,-19.340165,-39.292831
EDUARDO COSTA,2024-07-05 22:11:54,220.0,14.8,-19.363331,-39.316998
EDUARDO COSTA,2024-07-05 22:35:03,225.0,14.5,-19.431498,-39.386165
EDUARDO COSTA,2024-07-05 22:37:13,228.0,14.9,-19.437998,-39.392498
EDUARDO COSTA,2024-07-05 22:39:35,225.0,15.0,-19.445165,-39.399331
EDUARDO COSTA,2024-07-05 22:44:37,212.0,14.6,-19.461498,-39.412665
EDUARDO COSTA,2024-07-05 22:46:29,212.0,14.5,-19.467831,-39.417165
EDUARDO COSTA,2024-07-05 23:08:56,219.0,14.9,-19.541331,-39.475665
EDUARDO COSTA,2024-07-05 23:20:06,220.0,15.5,-19.576831,-39.507165
EDUARDO COSTA,2024-07-05 23:50:13,220.0,15.0,-19.674331,-39.593331
EDUARDO COSTA,2024-07-05 23:56:13,219.0,14.8,-19.693331,-39.610331
EDUARDO COSTA,2024-07-06 00:40:26,219.0,15.2,-19.833831,-39.733331
EDUARDO COSTA,2024-07-06 00:40:30,221.0,14.6,-19.833998,-39.733498
EDUARDO COSTA,2024-07-06 00:41:32,212.0,14.7,-19.837331,-39.736331
EDUARDO COSTA,2024-07-06 00:41:34,218.0,14.7,-19.837331,-39.736498
EDUARDO COSTA,2024-07-06 00:41:36,226.0,15.1,-19.837498,-39.736498
EDUARDO COSTA,2024-07-06 00:41:40,219.0,14.7,-19.837665,-39.736831
EDUARDO COSTA,2024-07-06 00:41:50,216.0,14.8,-19.838165,-39.737165
EDUARDO COSTA,2024-07-06 00:41:53,221.0,15.0,-19.838386,-39.737341
EDUARDO COSTA,2024-07-06 00:42:00,217.0,14.5,-19.838831,-39.737665
EDUARDO COSTA,2024-07-06 00:42:08,223.0,14.5,-19.839165,-39.737998
EDUARDO COSTA,2024-07-06 00:42:14,216.0,14.5,-19.839498,-39.738331
EDUARDO COSTA,2024-07-06 00:42:16,223.0,14.6,-19.839665,-39.738498
EDUARDO COSTA,2024-07-06 00:42:26,223.0,15.1,-19.840165,-39.738831
EDUARDO COSTA,2024-07-06 00:42:50,217.0,14.8,-19.841331,-39.739998
EDUARDO COSTA,2024-07-06 00:43:06,219.0,14.5,-19.842165,-39.740831
EDUARDO COSTA,2024-07-06 00:43:10,219.0,15.0,-19.842498,-39.740998
EDUARDO COSTA,2024-07-06 00:43:18,217.0,15.1,-19.842831,-39.741331
EDUARDO COSTA,2024-07-06 00:43:56,220.0,15.1,-19.844831,-39.743165
EDUARDO COSTA,2024-07-06 00:44:08,215.0,14.9,-19.845498,-39.743665
EDUARDO COSTA,2024-07-06 00:44:30,220.0,14.5,-19.846665,-39.744665
EDUARDO COSTA,2024-07-06 01:01:12,222.0,14.4,-19.898998,-39.790998
EDUARDO COSTA,2024-07-06 01:01:40,222.0,14.5,-19.900331,-39.792331
EDUARDO COSTA,2024-07-06 01:03:36,221.0,14.7,-19.906498,-39.797665
EDUARDO COSTA,2024-07-06 01:03:44,220.0,14.8,-19.906831,-39.797998
EDUARDO COSTA,2024-07-06 01:04:38,225.0,14.5,-19.909665,-39.800498
EDUARDO COSTA,2024-07-06 01:04:40,226.0,14.7,-19.909665,-39.800665
EDUARDO COSTA,2024-07-06 01:04:42,219.0,14.5,-19.909831,-39.800665
EDUARDO COSTA,2024-07-06 01:24:36,219.0,14.4,-19.972401,-39.855388
EDUARDO COSTA,2024-07-06 01:27:36,220.0,14.7,-19.981801,-39.863485
EDUARDO COSTA,2024-07-06 02:14:11,197.0,14.1,-20.141831,-39.963998
EDUARDO COSTA,2024-07-06 02:16:37,197.0,14.1,-20.150998,-39.966831
EDUARDO COSTA,2024-07-06 02:19:19,195.0,14.2,-20.161331,-39.970165
EDUARDO COSTA,2024-07-06 02:42:19,197.0,14.4,-20.249498,-39.998165
EDUARDO COSTA,2024-07-06 03:04:13,202.0,14.6,-20.332998,-40.027498
EDUARDO COSTA,2024-07-06 03:07:49,199.0,14.8,-20.346918,-40.032761
EDUARDO COSTA,2024-07-06 04:08:49,196.0,14.4,-20.579165,-40.113998
EDUARDO COSTA,2024-07-06 04:11:24,198.0,14.5,-20.589331,-40.117165
EDUARDO COSTA,2024-07-06 04:16:23,200.0,14.6,-20.608665,-40.123331
EDUARDO COSTA,2024-07-06 04:26:58,195.0,14.6,-20.649936,-40.136151
EDUARDO COSTA,2024-07-06 04:27:14,197.0,14.4,-20.650831,-40.136498
EDUARDO COSTA,2024-07-06 04:27:27,193.0,14.3,-20.651831,-40.136665
EDUARDO COSTA,2024-07-06 04:27:45,193.0,14.4,-20.652998,-40.137165
EDUARDO COSTA,2024-07-06 04:27:47,192.0,14.8,-20.653165,-40.137165
EDUARDO COSTA,2024-07-06 04:27:52,201.0,14.3,-20.653408,-40.137246
EDUARDO COSTA,2024-07-06 04:28:26,197.0,14.0,-20.655498,-40.137831
EDUARDO COSTA,2024-07-06 04:28:31,197.0,14.1,-20.655831,-40.137998
EDUARDO COSTA,2024-07-06 04:28:35,197.0,14.7,-20.656165,-40.138165
EDUARDO COSTA,2024-07-06 04:28:37,196.0,14.5,-20.656331,-40.138165
EDUARDO COSTA,2024-07-06 04:28:58,196.0,14.2,-20.657641,-40.138576
EDUARDO COSTA,2024-07-06 04:29:20,197.0,14.4,-20.658998,-40.138998
EDUARDO COSTA,2024-07-06 04:30:00,195.0,14.5,-20.661631,-40.139836
EDUARDO COSTA,2024-07-06 04:30:21,194.0,14.6,-20.662998,-40.140331
EDUARDO COSTA,2024-07-06 04:30:32,194.0,14.4,-20.663665,-40.140498
EDUARDO COSTA,2024-07-06 04:30:46,197.0,14.2,-20.664588,-40.14078
EDUARDO COSTA,2024-07-06 04:31:34,197.0,14.3,-20.667678,-40.14174
EDUARDO COSTA,2024-07-06 04:46:41,195.0,14.1,-20.726331,-40.159308
EDUARDO COSTA,2024-07-06 04:50:41,195.0,14.9,-20.741998,-40.163831
EDUARDO COSTA,2024-07-06 05:05:04,195.0,14.5,-20.798831,-40.181331
EDUARDO COSTA,2024-07-06 05:09:04,195.0,14.7,-20.814331,-40.186165
EDUARDO COSTA,2024-07-06 05:26:20,196.0,14.3,-20.881293,-40.205765
EDUARDO COSTA,2024-07-06 06:04:32,202.0,14.4,-21.027831,-40.257831
EDUARDO COSTA,2024-07-06 06:21:41,199.0,14.5,-21.093815,-40.282413
EDUARDO COSTA,2024-07-06 06:39:03,195.0,14.9,-21.160165,-40.306665
EDUARDO COSTA,2024-07-06 06:55:22,199.0,14.3,-21.222498,-40.327498
EDUARDO COSTA,2024-07-06 07:56:21,196.0,13.6,-21.44451,-40.403243
EDUARDO COSTA,2024-07-06 07:59:01,200.0,13.5,-21.453998,-40.406498
EDUARDO COSTA,2024-07-06 08:01:44,200.0,13.3,-21.463665,-40.409998
EDUARDO COSTA,2024-07-06 08:36:59,201.0,13.4,-21.588165,-40.456165
EDUARDO COSTA,2024-07-06 11:12:22,233.0,13.9,-22.106831,-40.747498
EDUARDO COSTA,2024-07-06 11:13:10,230.0,13.6,-22.108831,-40.749998
EDUARDO COSTA,2024-07-06 11:14:55,228.0,14.3,-22.113301,-40.755593
EDUARDO COSTA,2024-07-06 11:17:50,233.0,14.0,-22.120665,-40.764998
EDUARDO COSTA,2024-07-06 11:19:06,231.0,14.1,-22.123946,-40.769276
EDUARDO COSTA,2024-07-06 11:53:39,230.0,13.8,-22.209831,-40.880498
EDUARDO COSTA,2024-07-06 12:47:42,225.0,13.8,-22.354498,-41.039831
EDUARDO COSTA,2024-07-06 13:03:36,226.0,13.1,-22.395165,-41.085998
EDUARDO COSTA,2024-07-06 13:32:26,226.0,12.7,-22.465538,-41.168306
EDUARDO COSTA,2024-07-06 13:36:26,231.0,12.9,-22.475165,-41.179665
EDUARDO COSTA,2024-07-06 14:44:18,222.0,13.8,-22.644498,-41.393331
EDUARDO COSTA,2024-07-06 14:48:00,227.0,13.8,-22.653831,-41.404831
EDUARDO COSTA,2024-07-06 14:50:20,235.0,14.0,-22.659665,-41.412165
EDUARDO COSTA,2024-07-06 15:13:32,230.0,14.1,-22.719331,-41.484998
EDUARDO COSTA,2024-07-06 15:34:50,226.0,14.0,-22.774201,-41.550698
EDUARDO COSTA,2024-07-06 15:53:38,229.0,13.3,-22.822165,-41.606998
EDUARDO COSTA,2024-07-06 15:56:50,228.0,12.9,-22.829831,-41.616165
EDUARDO COSTA,2024-07-06 16:25:53,231.0,12.7,-22.902498,-41.699498
EDUARDO COSTA,2024-07-06 16:32:02,228.0,12.5,-22.917241,-41.716983
EDUARDO COSTA,2024-07-06 16:45:47,227.0,12.5,-22.949498,-41.756498
EDUARDO COSTA,2024-07-06 17:22:02,223.0,11.3,-23.031235,-41.85285
EDUARDO COSTA,2024-07-06 17:25:02,224.0,11.9,-23.038163,-41.86003
EDUARDO COSTA,2024-07-06 18:16:41,260.0,12.1,-23.144696,-41.99672
EDUARDO COSTA,2024-07-06 19:10:46,262.0,12.9,-23.163831,-42.197998
EDUARDO COSTA,2024-07-06 20:07:54,282.0,13.9,-23.152866,-42.41604
EDUARDO COSTA,2024-07-06 20:10:56,281.0,14.0,-23.150665,-42.428331
EDUARDO COSTA,2024-07-06 21:36:22,262.0,13.8,-23.099665,-42.773665
EDUARDO COSTA,2024-07-06 21:38:36,276.0,13.3,-23.100165,-42.782831
EDUARDO COSTA,2024-07-06 21:41:07,286.0,13.6,-23.098111,-42.79268
EDUARDO COSTA,2024-07-06 22:13:01,274.0,13.5,-23.067665,-42.916831
EDUARDO COSTA,2024-07-06 22:17:10,278.0,13.1,-23.065128,-42.933213
EDUARDO COSTA,2024-07-06 22:19:43,281.0,13.5,-23.063681,-42.943343
EDUARDO COSTA,2024-07-06 22:40:33,281.0,13.3,-23.052025,-43.02559
EDUARDO COSTA,2024-07-06 22:52:20,281.0,12.8,-23.042303,-43.070555
EDUARDO COSTA,2024-07-06 23:20:23,250.0,1.3,-23.037956,-43.139958
EDUARDO COSTA,2024-07-07 00:26:33,339.0,0.5,-23.037216,-43.138243
EDUARDO COSTA,2024-07-07 04:05:33,325.0,1.2,-23.037165,-43.138331
EDUARDO COSTA,2024-07-07 07:02:35,114.0,0.2,-23.036853,-43.138613
EDUARDO COSTA,2024-07-07 12:35:31,210.0,3.5,-23.039275,-43.142083
EDUARDO COSTA,2024-07-07 12:52:38,2.0,5.5,-23.033831,-43.134165
EDUARDO COSTA,2024-07-07 12:52:51,7.0,5.6,-23.033568,-43.134198
EDUARDO COSTA,2024-07-07 12:53:38,356.0,6.0,-23.032331,-43.134165
EDUARDO COSTA,2024-07-07 13:06:39,354.0,4.2,-23.012998,-43.133498
EDUARDO COSTA,2024-07-07 13:41:37,3.0,3.2,-22.971226,-43.139135
EDUARDO COSTA,2024-07-07 13:48:21,1.0,5.3,-22.964561,-43.138791
EDUARDO COSTA,2024-07-07 14:17:48,350.0,9.5,-22.900665,-43.149665
EDUARDO COSTA,2024-07-07 14:20:31,345.0,9.7,-22.893343,-43.150865
EDUARDO COSTA,2024-07-07 14:23:58,349.0,9.5,-22.884331,-43.153331
EDUARDO COSTA,2024-07-07 14:51:25,57.0,3.4,-22.830386,-43.148308
EDUARDO COSTA,2024-07-07 16:22:21,214.0,0.1,-22.826331,-43.137665
EDUARDO COSTA,2024-07-08 12:37:22,253.0,0.0,-22.829998,-43.137998
EDUARDO COSTA,2024-07-08 12:37:23,253.0,0.0,-22.829998,-43.137998
EDUARDO COSTA,2024-07-10 04:50:46,183.0,0.2,-22.827758,-43.139333
EDUARDO COSTA,2024-07-11 05:53:47,180.0,0.0,-22.827165,-43.136998
EDUARDO COSTA,2024-07-11 10:23:47,127.0,0.1,-22.829998,-43.138165
EDUARDO COSTA,2024-07-11 11:29:45,150.0,0.2,-22.829908,-43.1382
EDUARDO COSTA,2024-07-11 23:47:46,222.0,0.2,-22.829998,-43.138331
EDUARDO COSTA,2024-07-12 04:26:45,207.0,0.1,-22.829736,-43.137231
EDUARDO COSTA,2024-07-12 13:56:45,154.0,0.1,-22.829918,-43.137715
EDUARDO COSTA,2024-07-12 14:56:47,198.0,0.2,-22.828665,-43.136331
EDUARDO COSTA,2024-07-12 19:47:47,202.0,0.0,-22.826626,-43.137373
EDUARDO COSTA,2024-07-13 03:08:46,6.0,0.1,-22.829236,-43.136316
EDUARDO COSTA,2024-07-13 12:59:46,258.0,0.0,-22.829998,-43.137665
EDUARDO COSTA,2024-07-13 21:14:47,186.0,0.1,-22.826665,-43.137665
EDUARDO COSTA,2024-07-14 08:32:47,213.0,0.0,-22.827165,-43.136831
EDUARDO COSTA,2024-07-14 13:23:45,265.0,0.2,-22.82971,-43.138043
EDUARDO COSTA,2024-07-15 03:13:17,354.0,0.0,-22.820498,-43.153165
EDUARDO COSTA,2024-07-16 01:19:16,25.0,0.0,-22.820565,-43.153181
EDUARDO COSTA,2024-07-16 18:46:17,96.0,0.1,-22.82058,-43.15318
EDUARDO COSTA,2024-07-16 22:22:18,171.0,0.1,-22.820568,-43.153173
EDUARDO COSTA,2024-07-17 03:28:17,158.0,0.0,-22.820566,-43.153186
EDUARDO COSTA,2024-07-17 03:31:17,65.0,0.1,-22.820498,-43.153165
EDUARDO COSTA,2024-07-17 04:40:17,268.0,0.1,-22.820573,-43.153183
EDUARDO COSTA,2024-07-17 07:26:16,180.0,8.1,-22.978185,-43.138335
EDUARDO COSTA,2024-07-17 07:28:45,178.0,7.7,-22.983633,-43.138155
EDUARDO COSTA,2024-07-17 08:33:46,263.0,11.5,-23.116165,-43.208165
EDUARDO COSTA,2024-07-17 09:36:47,247.0,12.2,-23.165831,-43.423831
EDUARDO COSTA,2024-07-17 10:09:15,256.0,11.7,-23.198831,-43.532998
EDUARDO COSTA,2024-07-17 11:31:26,252.0,11.7,-23.282498,-43.813998
EDUARDO COSTA,2024-07-17 12:30:16,254.0,12.2,-23.357013,-44.008306
EDUARDO COSTA,2024-07-17 12:37:16,242.0,12.1,-23.36627,-44.031378
EDUARDO COSTA,2024-07-17 13:23:44,248.0,11.9,-23.425165,-44.185331
EDUARDO COSTA,2024-07-17 16:15:13,242.0,11.5,-23.709546,-44.700428
EDUARDO COSTA,2024-07-17 18:54:34,226.0,10.7,-23.975665,-45.149998
EDUARDO COSTA,2024-07-17 20:03:15,271.0,12.1,-24.030498,-45.368331
EDUARDO COSTA,2024-07-17 21:21:44,355.0,11.1,-23.939986,-45.529088
EDUARDO COSTA,2024-07-17 23:34:20,323.0,1.8,-23.904456,-45.529441
EDUARDO COSTA,2024-07-18 09:54:52,52.0,6.5,-23.896165,-45.484498
EDUARDO COSTA,2024-07-18 15:16:09,310.0,0.1,-23.852831,-45.447998
EDUARDO COSTA,2024-07-19 00:07:09,343.0,0.0,-23.852998,-45.447831
EDUARDO COSTA,2024-07-19 00:37:08,253.0,0.1,-23.853048,-45.44782
EDUARDO COSTA,2024-07-19 11:31:08,137.0,0.1,-23.852831,-45.447998
EDUARDO COSTA,2024-07-20 00:50:49,64.0,4.4,-23.852165,-45.443331
EDUARDO COSTA,2024-07-20 01:22:19,30.0,7.5,-23.808805,-45.383638
EDUARDO COSTA,2024-07-20 02:46:05,96.0,0.1,-23.800831,-45.384831
EDUARDO COSTA,2024-07-20 06:16:06,1.0,0.1,-23.800866,-45.384846
EDUARDO COSTA,2024-07-20 08:55:05,270.0,0.1,-23.800853,-45.384863
EDUARDO COSTA,2024-07-20 21:01:05,141.0,0.0,-23.800876,-45.384848
EDUARDO COSTA,2024-07-21 09:45:19,326.0,0.9,-23.904665,-45.495998
EDUARDO COSTA,2024-07-21 12:18:21,41.0,0.2,-23.902665,-45.495498
EDUARDO COSTA,2024-07-22 01:45:18,329.0,0.4,-23.904505,-45.496706
EDUARDO COSTA,2024-07-22 05:30:18,136.0,0.1,-23.90427,-45.49652
EDUARDO COSTA,2024-07-22 12:27:20,168.0,0.4,-23.904665,-45.492665
EDUARDO COSTA,2024-07-22 22:25:15,161.0,0.2,-23.905498,-45.493498
EDUARDO COSTA,2024-07-23 01:03:32,347.0,2.3,-23.904165,-45.492998
EDUARDO COSTA,2024-07-23 01:30:54,154.0,1.4,-23.903618,-45.493085
EDUARDO COSTA,2024-07-23 01:30:58,327.0,2.0,-23.903665,-45.493165
EDUARDO COSTA,2024-07-23 01:31:35,312.0,0.6,-23.903618,-45.493091
EDUARDO COSTA,2024-07-23 04:56:07,324.0,0.6,-23.903391,-45.493383
EDUARDO COSTA,2024-07-25 15:02:36,258.0,0.3,-23.903125,-45.495243
EDUARDO COSTA,2024-07-25 19:26:36,64.0,0.5,-23.903196,-45.495801
EDUARDO COSTA,2024-07-26 00:44:36,134.0,1.3,-23.905831,-45.496331
EDUARDO COSTA,2024-07-26 03:49:09,299.0,0.3,-23.905831,-45.496331
EDUARDO COSTA,2024-07-26 10:52:09,172.0,0.1,-23.905998,-45.496165
EDUARDO COSTA,2024-07-26 21:53:43,311.0,0.2,-23.903998,-45.493165
EDUARDO COSTA,2024-07-28 00:06:18,46.0,6.6,-23.895098,-45.4817
EDUARDO COSTA,2024-07-28 01:11:51,27.0,4.0,-23.81007,-45.384888
EDUARDO COSTA,2024-07-28 01:14:01,21.0,4.2,-23.807821,-45.383695
EDUARDO COSTA,2024-07-28 01:14:51,17.0,4.1,-23.8069,-45.383348
EDUARDO COSTA,2024-07-28 21:26:18,158.0,0.0,-23.802031,-45.385496
EDUARDO COSTA,2024-07-29 10:17:18,203.0,0.0,-23.801998,-45.385498
EDUARDO COSTA,2024-07-29 14:32:18,141.0,0.1,-23.802005,-45.38551
EDUARDO COSTA,2024-07-29 22:05:19,224.0,0.1,-23.801998,-45.385498
EDUARDO COSTA,2024-07-29 22:11:19,345.0,0.1,-23.801998,-45.385498
EDUARDO COSTA,2024-07-30 18:35:50,227.0,7.2,-23.873178,-45.454108
EDUARDO COSTA,2024-07-30 19:16:26,117.0,9.8,-23.953851,-45.469978
EDUARDO COSTA,2024-07-30 19:40:42,110.0,13.4,-23.979831,-45.385331
EDUARDO COSTA,2024-07-30 19:43:55,107.0,13.5,-23.983165,-45.372831
EDUARDO COSTA,2024-07-30 19:48:48,111.0,12.8,-23.988166,-45.353941
EDUARDO COSTA,2024-07-30 19:50:50,104.0,13.4,-23.990165,-45.345998
EDUARDO COSTA,2024-07-30 20:05:09,102.0,12.5,-24.003331,-45.289998
EDUARDO COSTA,2024-07-30 20:24:16,83.0,12.6,-24.009871,-45.216841
EDUARDO COSTA,2024-07-30 20:39:47,78.0,13.7,-23.999331,-45.155498
EDUARDO COSTA,2024-07-30 20:42:22,87.0,13.9,-23.997331,-45.145165
EDUARDO COSTA,2024-07-30 20:51:17,78.0,13.3,-23.989831,-45.109665
EDUARDO COSTA,2024-07-30 20:54:19,78.0,13.0,-23.987498,-45.097665
EDUARDO COSTA,2024-07-30 21:09:49,72.0,13.0,-23.975498,-45.037498
EDUARDO COSTA,2024-07-30 21:16:12,66.0,13.5,-23.971108,-45.013378
EDUARDO COSTA,2024-07-30 21:44:08,79.0,12.6,-23.954331,-44.910331
EDUARDO COSTA,2024-07-30 21:51:45,77.0,12.4,-23.9494,-44.882581
EDUARDO COSTA,2024-07-30 22:18:55,78.0,11.7,-23.930998,-44.785665
EDUARDO COSTA,2024-07-30 22:52:27,83.0,11.9,-23.910953,-44.670805
EDUARDO COSTA,2024-07-30 22:58:12,86.0,12.5,-23.906733,-44.650521
EDUARDO COSTA,2024-07-30 23:28:38,85.0,12.0,-23.8863,-44.542278
EDUARDO COSTA,2024-07-31 00:40:09,82.0,11.7,-23.842331,-44.290998
EDUARDO COSTA,2024-07-31 00:41:09,76.0,11.8,-23.841498,-44.287498
EDUARDO COSTA,2024-07-31 00:42:12,70.0,12.4,-23.84059,-44.283956
EDUARDO COSTA,2024-07-31 00:49:51,80.0,12.0,-23.834601,-44.257301
EDUARDO COSTA,2024-07-31 00:49:58,74.0,11.7,-23.834498,-44.256831
EDUARDO COSTA,2024-07-31 00:50:07,78.0,11.5,-23.834331,-44.256331
EDUARDO COSTA,2024-07-31 00:50:38,74.0,11.6,-23.833998,-44.254498
EDUARDO COSTA,2024-07-31 00:53:08,76.0,11.7,-23.832165,-44.245831
EDUARDO COSTA,2024-07-31 00:58:15,78.0,12.0,-23.828133,-44.227836
EDUARDO COSTA,2024-07-31 01:00:51,82.0,12.5,-23.826071,-44.218653
EDUARDO COSTA,2024-07-31 01:02:21,81.0,12.1,-23.825091,-44.21323
EDUARDO COSTA,2024-07-31 01:03:15,79.0,12.3,-23.824521,-44.209951
EDUARDO COSTA,2024-07-31 01:03:38,78.0,13.0,-23.824331,-44.208498
EDUARDO COSTA,2024-07-31 01:36:45,70.0,13.1,-23.802665,-44.086831
EDUARDO COSTA,2024-07-31 02:14:52,76.0,11.8,-23.77928,-43.947271
EDUARDO COSTA,2024-07-31 02:17:49,82.0,12.6,-23.777998,-43.936331
EDUARDO COSTA,2024-07-31 02:24:46,71.0,11.9,-23.7743,-43.911726
EDUARDO COSTA,2024-07-31 03:25:10,78.0,12.4,-23.735831,-43.699665
EDUARDO COSTA,2024-07-31 03:56:24,77.0,12.3,-23.716085,-43.586303
EDUARDO COSTA,2024-07-31 04:26:19,72.0,12.5,-23.691665,-43.479165
EDUARDO COSTA,2024-07-31 04:28:26,71.0,12.4,-23.689831,-43.471498
EDUARDO COSTA,2024-07-31 04:31:29,81.0,12.1,-23.687055,-43.460443
EDUARDO COSTA,2024-07-31 04:58:34,77.0,11.0,-23.672246,-43.362816
EDUARDO COSTA,2024-07-31 05:03:01,67.0,11.7,-23.669998,-43.347498
EDUARDO COSTA,2024-07-31 05:06:37,75.0,11.8,-23.667505,-43.33531
EDUARDO COSTA,2024-07-31 05:41:54,77.0,11.6,-23.640518,-43.214198
EDUARDO COSTA,2024-07-31 05:48:13,80.0,11.5,-23.635381,-43.19237
EDUARDO COSTA,2024-07-31 06:33:51,81.0,11.5,-23.607831,-43.030498
EDUARDO COSTA,2024-07-31 06:37:56,84.0,12.0,-23.606165,-43.015998
EDUARDO COSTA,2024-07-31 06:40:50,78.0,12.1,-23.604998,-43.005665
EDUARDO COSTA,2024-07-31 07:20:47,75.0,11.3,-23.581316,-42.865943
EDUARDO COSTA,2024-07-31 07:26:43,77.0,12.0,-23.578346,-42.845565
EDUARDO COSTA,2024-07-31 07:28:53,79.0,10.9,-23.577295,-42.838263
EDUARDO COSTA,2024-07-31 08:19:14,81.0,12.7,-23.544451,-42.662256
EDUARDO COSTA,2024-07-31 08:21:41,84.0,12.1,-23.543331,-42.653331
EDUARDO COSTA,2024-07-31 11:02:40,76.0,11.6,-23.438831,-42.079665
EDUARDO COSTA,2024-07-31 11:19:59,80.0,11.7,-23.426801,-42.019635
EDUARDO COSTA,2024-07-31 11:20:59,83.0,11.5,-23.426126,-42.0162
EDUARDO COSTA,2024-07-31 11:30:00,86.0,11.8,-23.420165,-41.985665
EDUARDO COSTA,2024-07-31 11:32:41,85.0,11.8,-23.418665,-41.976665
EDUARDO COSTA,2024-07-31 12:08:30,73.0,11.9,-23.395831,-41.852665
EDUARDO COSTA,2024-07-31 12:36:19,38.0,12.1,-23.352118,-41.773235
EDUARDO COSTA,2024-07-31 12:39:06,43.0,11.4,-23.345165,-41.766831
EDUARDO COSTA,2024-07-31 12:41:26,38.0,11.7,-23.339498,-41.761165
EDUARDO COSTA,2024-07-31 12:51:53,49.0,11.6,-23.314145,-41.73647
EDUARDO COSTA,2024-07-31 12:58:13,47.0,11.5,-23.298438,-41.722573
EDUARDO COSTA,2024-07-31 13:50:07,49.0,11.3,-23.177998,-41.604998
EDUARDO COSTA,2024-07-31 14:19:34,39.0,12.8,-23.1028,-41.533195
EDUARDO COSTA,2024-07-31 14:22:56,40.0,12.9,-23.093665,-41.524831
EDUARDO COSTA,2024-07-31 14:32:27,38.0,12.4,-23.067665,-41.501998
EDUARDO COSTA,2024-07-31 15:19:46,42.0,12.3,-22.945966,-41.388858
EDUARDO COSTA,2024-07-31 16:13:00,49.0,11.5,-22.816998,-41.265998
EDUARDO COSTA,2024-07-31 16:16:07,47.0,10.6,-22.810331,-41.258831
EDUARDO COSTA,2024-07-31 16:35:08,49.0,11.3,-22.766831,-41.214998
EDUARDO COSTA,2024-07-31 16:38:38,42.0,11.4,-22.758831,-41.207331
EDUARDO COSTA,2024-07-31 16:38:48,49.0,11.3,-22.758331,-41.206831
EDUARDO COSTA,2024-07-31 16:39:05,38.0,11.2,-22.757721,-41.206261
EDUARDO COSTA,2024-07-31 16:39:14,43.0,11.5,-22.757331,-41.205998
EDUARDO COSTA,2024-07-31 16:39:45,42.0,10.9,-22.756165,-41.204831
EDUARDO COSTA,2024-07-31 16:40:34,42.0,11.4,-22.754165,-41.202998
EDUARDO COSTA,2024-07-31 16:40:45,43.0,11.1,-22.753806,-41.202595
EDUARDO COSTA,2024-07-31 16:42:08,39.0,11.4,-22.750498,-41.199498
EDUARDO COSTA,2024-07-31 16:42:14,46.0,11.1,-22.750331,-41.199165
EDUARDO COSTA,2024-07-31 16:42:28,39.0,11.4,-22.749831,-41.198665
EDUARDO COSTA,2024-07-31 16:42:34,46.0,11.2,-22.749498,-41.198498
EDUARDO COSTA,2024-07-31 16:42:52,39.0,10.7,-22.748831,-41.197831
EDUARDO COSTA,2024-07-31 17:01:30,40.0,11.6,-22.703831,-41.156331
EDUARDO COSTA,2024-07-31 17:39:46,49.0,11.5,-22.610878,-41.07223
EDUARDO COSTA,2024-07-31 17:58:47,48.0,11.5,-22.565816,-41.029335
EDUARDO COSTA,2024-07-31 18:05:54,51.0,11.8,-22.549083,-41.012866
EDUARDO COSTA,2024-07-31 18:19:32,45.0,11.7,-22.515766,-40.98031
EDUARDO COSTA,2024-07-31 18:30:34,44.0,12.2,-22.487831,-40.952831
EDUARDO COSTA,2024-07-31 18:40:51,41.0,12.4,-22.462165,-40.927498
EDUARDO COSTA,2024-07-31 18:44:14,44.0,11.8,-22.453498,-40.919498
EDUARDO COSTA,2024-07-31 18:47:21,42.0,11.8,-22.445831,-40.912331
EDUARDO COSTA,2024-07-31 19:04:23,45.0,10.9,-22.405758,-40.87434
EDUARDO COSTA,2024-07-31 19:06:46,46.0,11.4,-22.400826,-40.868391
EDUARDO COSTA,2024-07-31 19:17:28,44.0,11.6,-22.377186,-40.843456
EDUARDO COSTA,2024-07-31 19:20:28,37.0,11.7,-22.369731,-40.837
EDUARDO COSTA,2024-07-31 19:23:51,38.0,11.6,-22.361331,-40.829831
EDUARDO COSTA,2024-07-31 19:56:53,40.0,12.2,-22.277436,-40.756801
EDUARDO COSTA,2024-07-31 20:01:33,40.0,11.5,-22.266138,-40.746016
EDUARDO COSTA,2024-07-31 20:16:34,38.0,11.2,-22.229675,-40.711715
EDUARDO COSTA,2024-07-31 20:35:38,43.0,12.0,-22.18292,-40.668815
EDUARDO COSTA,2024-07-31 21:25:33,39.0,11.8,-22.059356,-40.55355
EDUARDO COSTA,2024-07-31 21:57:21,34.0,11.6,-21.980998,-40.478831
EDUARDO COSTA,2024-07-31 22:28:27,1.0,12.9,-21.881165,-40.461498
EDUARDO COSTA,2024-07-31 22:31:03,10.0,12.0,-21.872368,-40.460535
EDUARDO COSTA,2024-07-31 22:35:34,13.0,12.6,-21.858331,-40.455998
EDUARDO COSTA,2024-07-31 22:39:27,10.0,12.2,-21.845498,-40.451998
EDUARDO COSTA,2024-07-31 23:07:54,13.0,11.6,-21.755121,-40.425625
EDUARDO COSTA,2024-07-31 23:23:41,13.0,12.3,-21.705665,-40.410998
EDUARDO COSTA,2024-07-31 23:37:01,19.0,11.9,-21.663165,-40.398665
EDUARDO COSTA,2024-07-31 23:42:40,12.0,11.9,-21.644998,-40.393498
EDUARDO COSTA,2024-08-01 00:42:25,19.0,12.3,-21.449396,-40.335835
EDUARDO COSTA,2024-08-01 00:44:04,21.0,12.1,-21.444331,-40.333498
EDUARDO COSTA,2024-08-01 00:44:38,21.0,12.2,-21.442498,-40.332831
EDUARDO COSTA,2024-08-01 00:44:44,22.0,12.1,-21.442136,-40.332638
EDUARDO COSTA,2024-08-01 00:45:04,23.0,12.0,-21.441165,-40.332165
EDUARDO COSTA,2024-08-01 00:45:11,19.0,12.0,-21.440785,-40.332055
EDUARDO COSTA,2024-08-01 00:45:15,25.0,12.2,-21.440573,-40.331971
EDUARDO COSTA,2024-08-01 00:46:15,23.0,12.1,-21.43745,-40.330648
EDUARDO COSTA,2024-08-01 00:46:41,23.0,12.0,-21.436043,-40.330056
EDUARDO COSTA,2024-08-01 00:46:44,20.0,12.3,-21.435998,-40.329998
EDUARDO COSTA,2024-08-01 00:46:51,18.0,12.5,-21.435573,-40.329865
EDUARDO COSTA,2024-08-01 00:47:15,23.0,11.8,-21.434323,-40.329356
EDUARDO COSTA,2024-08-01 00:48:15,28.0,11.7,-21.431228,-40.327998
EDUARDO COSTA,2024-08-01 00:48:18,25.0,12.0,-21.430998,-40.327998
EDUARDO COSTA,2024-08-01 00:48:44,18.0,12.6,-21.429678,-40.327321
EDUARDO COSTA,2024-08-01 01:11:35,19.0,12.1,-21.357665,-40.303831
EDUARDO COSTA,2024-08-01 01:15:28,15.0,12.2,-21.344831,-40.301165
EDUARDO COSTA,2024-08-01 01:46:12,16.0,12.9,-21.240578,-40.27736
EDUARDO COSTA,2024-08-01 01:49:29,16.0,12.3,-21.229331,-40.274331
EDUARDO COSTA,2024-08-01 03:28:23,15.0,12.4,-20.90827,-40.181195
EDUARDO COSTA,2024-08-01 03:31:45,17.0,12.4,-20.897278,-40.177925
EDUARDO COSTA,2024-08-01 04:02:36,37.0,12.1,-20.799343,-40.140168
EDUARDO COSTA,2024-08-01 04:06:50,39.0,11.8,-20.787521,-40.131726
EDUARDO COSTA,2024-08-01 04:37:53,39.0,11.8,-20.704165,-40.067165
EDUARDO COSTA,2024-08-01 04:42:56,39.0,12.0,-20.690665,-40.056165
EDUARDO COSTA,2024-08-01 04:46:13,39.0,12.0,-20.681998,-40.048998
EDUARDO COSTA,2024-08-01 05:10:19,35.0,12.0,-20.618193,-39.997588
EDUARDO COSTA,2024-08-01 05:13:29,37.0,12.1,-20.609791,-39.990888
EDUARDO COSTA,2024-08-01 05:16:43,33.0,12.2,-20.601331,-39.983998
EDUARDO COSTA,2024-08-01 06:25:46,28.0,11.6,-20.417876,-39.842263
EDUARDO COSTA,2024-08-01 06:29:59,35.0,11.7,-20.406331,-39.834831
EDUARDO COSTA,2024-08-01 06:30:30,32.0,11.3,-20.404998,-39.833831
EDUARDO COSTA,2024-08-01 07:17:52,37.0,11.2,-20.282831,-39.744665
EDUARDO COSTA,2024-08-01 07:22:39,34.0,11.3,-20.269998,-39.736165
EDUARDO COSTA,2024-08-01 07:25:08,36.0,11.4,-20.263331,-39.731665
EDUARDO COSTA,2024-08-01 08:23:43,39.0,11.9,-20.105998,-39.624331
EDUARDO COSTA,2024-08-01 08:26:49,38.0,11.0,-20.097526,-39.618451
EDUARDO COSTA,2024-08-01 10:03:20,29.0,11.9,-19.841105,-39.434165
EDUARDO COSTA,2024-08-01 10:05:36,33.0,11.4,-19.834975,-39.429776
EDUARDO COSTA,2024-08-01 10:07:53,32.0,11.4,-19.828665,-39.425498
EDUARDO COSTA,2024-08-01 10:13:16,35.0,11.7,-19.813895,-39.415213
EDUARDO COSTA,2024-08-01 10:28:42,31.0,11.7,-19.771498,-39.385165
EDUARDO COSTA,2024-08-01 11:17:59,40.0,11.9,-19.641498,-39.280498
EDUARDO COSTA,2024-08-01 11:18:13,37.0,12.0,-19.640831,-39.279998
EDUARDO COSTA,2024-08-01 11:18:46,43.0,12.1,-19.639476,-39.278648
EDUARDO COSTA,2024-08-01 11:56:09,31.0,10.7,-19.550045,-39.201931
EDUARDO COSTA,2024-08-01 12:18:56,30.0,10.5,-19.493165,-39.164498
EDUARDO COSTA,2024-08-01 12:46:53,29.0,10.5,-19.420998,-39.119498
EDUARDO COSTA,2024-08-01 13:26:03,29.0,11.7,-19.311998,-39.059665
EDUARDO COSTA,2024-08-01 13:28:09,27.0,12.2,-19.306013,-39.055936
EDUARDO COSTA,2024-08-01 13:56:28,35.0,11.9,-19.226435,-39.004918
EDUARDO COSTA,2024-08-01 13:57:45,36.0,11.8,-19.222998,-39.002498
EDUARDO COSTA,2024-08-01 14:19:18,37.0,11.5,-19.16371,-38.961946
EDUARDO COSTA,2024-08-01 15:11:46,34.0,11.8,-19.0235,-38.863243
EDUARDO COSTA,2024-08-01 15:14:42,38.0,11.9,-19.015831,-38.857665
EDUARDO COSTA,2024-08-01 16:55:06,38.0,11.3,-18.755318,-38.66772
EDUARDO COSTA,2024-08-01 16:55:40,37.0,11.5,-18.75384,-38.666656
EDUARDO COSTA,2024-08-01 16:55:46,43.0,11.1,-18.753665,-38.666498
EDUARDO COSTA,2024-08-01 16:56:06,40.0,11.4,-18.75274,-38.665806
EDUARDO COSTA,2024-08-01 16:56:09,40.0,11.4,-18.75274,-38.665806
EDUARDO COSTA,2024-08-01 16:56:27,33.0,11.2,-18.751831,-38.665165
EDUARDO COSTA,2024-08-01 16:56:30,38.0,11.7,-18.751831,-38.664998
EDUARDO COSTA,2024-08-01 16:57:23,36.0,11.3,-18.749498,-38.663331
EDUARDO COSTA,2024-08-01 16:57:27,40.0,11.2,-18.749331,-38.663165
EDUARDO COSTA,2024-08-01 16:57:30,34.0,11.3,-18.749153,-38.66311
EDUARDO COSTA,2024-08-01 16:58:10,27.0,11.6,-18.747498,-38.661831
EDUARDO COSTA,2024-08-01 16:58:13,37.0,11.0,-18.747331,-38.661665
EDUARDO COSTA,2024-08-01 16:58:16,37.0,11.0,-18.747331,-38.661665
EDUARDO COSTA,2024-08-01 16:58:20,31.0,11.1,-18.747016,-38.661505
EDUARDO COSTA,2024-08-01 16:59:06,33.0,11.0,-18.745051,-38.660033
EDUARDO COSTA,2024-08-01 16:59:17,34.0,11.3,-18.744665,-38.659665
EDUARDO COSTA,2024-08-01 17:00:56,38.0,11.3,-18.740381,-38.656495
EDUARDO COSTA,2024-08-01 17:01:17,31.0,11.1,-18.739516,-38.655786
EDUARDO COSTA,2024-08-01 17:13:08,31.0,11.6,-18.706896,-38.637443
EDUARDO COSTA,2024-08-01 18:18:13,30.0,11.3,-18.528173,-38.53342
EDUARDO COSTA,2024-08-01 19:18:24,41.0,11.2,-18.374241,-38.416928
EDUARDO COSTA,2024-08-01 20:59:58,38.0,12.0,-18.099238,-38.236301
EDUARDO COSTA,2024-08-01 21:36:30,28.0,11.4,-17.999886,-38.17283
EDUARDO COSTA,2024-08-01 21:41:04,23.0,11.5,-17.986978,-38.16611
EDUARDO COSTA,2024-08-01 22:06:43,20.0,11.3,-17.909446,-38.138656
EDUARDO COSTA,2024-08-01 22:11:04,13.0,11.6,-17.896251,-38.134123
EDUARDO COSTA,2024-08-01 22:11:30,15.0,11.5,-17.894935,-38.133681
EDUARDO COSTA,2024-08-01 22:14:30,22.0,11.1,-17.885803,-38.130653
EDUARDO COSTA,2024-08-02 00:21:54,18.0,11.4,-17.498461,-37.998551
EDUARDO COSTA,2024-08-02 00:32:43,20.0,11.8,-17.46489,-37.987125
EDUARDO COSTA,2024-08-02 00:38:06,17.0,11.8,-17.448165,-37.981331
EDUARDO COSTA,2024-08-02 01:58:19,25.0,11.5,-17.200123,-37.910198
EDUARDO COSTA,2024-08-02 02:11:30,19.0,11.1,-17.161113,-37.895968
EDUARDO COSTA,2024-08-02 03:01:46,10.0,11.6,-17.011671,-37.841575
EDUARDO COSTA,2024-08-02 03:04:49,15.0,11.3,-17.002433,-37.83888
EDUARDO COSTA,2024-08-02 03:07:00,14.0,11.2,-16.995728,-37.836956
EDUARDO COSTA,2024-08-02 03:49:26,16.0,11.2,-16.866998,-37.798831
EDUARDO COSTA,2024-08-02 04:14:50,22.0,11.3,-16.790846,-37.772136
EDUARDO COSTA,2024-08-02 04:17:04,20.0,11.6,-16.7842,-37.76972
EDUARDO COSTA,2024-08-02 05:35:51,21.0,10.6,-16.553165,-37.688165
EDUARDO COSTA,2024-08-02 06:23:24,17.0,11.4,-16.415188,-37.637863
EDUARDO COSTA,2024-08-02 08:09:50,18.0,11.5,-16.087111,-37.540498
EDUARDO COSTA,2024-08-02 11:07:30,18.0,11.8,-15.540498,-37.365331
EDUARDO COSTA,2024-08-02 11:40:58,20.0,11.2,-15.440328,-37.327381
EDUARDO COSTA,2024-08-02 11:43:20,25.0,11.4,-15.433331,-37.324498
EDUARDO COSTA,2024-08-02 11:46:24,21.0,11.6,-15.424378,-37.320901
EDUARDO COSTA,2024-08-02 11:46:34,19.0,11.3,-15.423831,-37.320665
EDUARDO COSTA,2024-08-02 11:50:51,24.0,11.4,-15.411283,-37.315545
EDUARDO COSTA,2024-08-02 12:27:40,18.0,11.0,-15.300665,-37.278165
EDUARDO COSTA,2024-08-02 14:18:11,20.0,11.2,-14.972233,-37.171555
EDUARDO COSTA,2024-08-02 15:02:54,15.0,11.3,-14.839831,-37.127831
EDUARDO COSTA,2024-08-02 15:07:14,18.0,11.1,-14.827165,-37.123665
EDUARDO COSTA,2024-08-02 15:09:43,19.0,11.2,-14.819831,-37.121331
EDUARDO COSTA,2024-08-02 16:05:58,14.0,11.4,-14.650351,-37.070165
EDUARDO COSTA,2024-08-02 16:11:15,18.0,11.2,-14.634665,-37.064831
EDUARDO COSTA,2024-08-02 16:51:35,19.0,11.3,-14.513165,-37.023165
EDUARDO COSTA,2024-08-02 16:52:31,22.0,11.4,-14.510331,-37.021998
EDUARDO COSTA,2024-08-02 17:12:52,19.0,11.7,-14.448831,-36.998665
EDUARDO COSTA,2024-08-02 17:13:43,17.0,11.3,-14.446331,-36.997665
EDUARDO COSTA,2024-08-02 17:13:46,22.0,11.8,-14.445998,-36.997665
EDUARDO COSTA,2024-08-02 17:13:53,20.0,11.5,-14.445831,-36.997498
EDUARDO COSTA,2024-08-02 17:14:30,19.0,11.5,-14.443831,-36.996831
EDUARDO COSTA,2024-08-02 17:14:33,22.0,11.4,-14.443831,-36.996831
EDUARDO COSTA,2024-08-02 17:14:43,21.0,11.4,-14.443331,-36.996498
EDUARDO COSTA,2024-08-02 17:15:49,18.0,11.5,-14.439946,-36.995225
EDUARDO COSTA,2024-08-02 17:15:53,24.0,11.4,-14.439831,-36.995165
EDUARDO COSTA,2024-08-02 17:26:07,18.0,11.5,-14.409246,-36.983401
EDUARDO COSTA,2024-08-02 18:59:24,16.0,11.4,-14.126498,-36.897998
EDUARDO COSTA,2024-08-02 19:09:07,20.0,11.4,-14.097355,-36.888151
EDUARDO COSTA,2024-08-02 20:01:45,24.0,11.1,-13.940998,-36.836665
EDUARDO COSTA,2024-08-02 20:31:55,14.0,11.2,-13.850806,-36.808131
EDUARDO COSTA,2024-08-02 21:08:34,14.0,11.4,-13.740998,-36.773998
EDUARDO COSTA,2024-08-02 21:11:14,17.0,11.3,-13.732998,-36.771665
EDUARDO COSTA,2024-08-02 21:17:07,15.0,11.1,-13.715233,-36.766333
EDUARDO COSTA,2024-08-02 21:42:54,20.0,11.1,-13.638283,-36.742356
EDUARDO COSTA,2024-08-02 21:46:24,21.0,10.9,-13.628165,-36.738831
EDUARDO COSTA,2024-08-02 21:52:14,20.0,10.7,-13.611543,-36.732665
EDUARDO COSTA,2024-08-02 22:18:21,21.0,10.4,-13.538831,-36.705498
EDUARDO COSTA,2024-08-02 22:24:11,22.0,10.2,-13.522548,-36.699765
EDUARDO COSTA,2024-08-02 22:54:11,17.0,10.6,-13.438998,-36.670998
EDUARDO COSTA,2024-08-02 22:56:25,14.0,10.7,-13.432665,-36.669165
EDUARDO COSTA,2024-08-02 23:17:38,11.0,10.6,-13.372165,-36.652165
EDUARDO COSTA,2024-08-02 23:22:21,15.0,10.8,-13.358998,-36.648331
EDUARDO COSTA,2024-08-02 23:23:34,16.0,10.7,-13.355428,-36.647361
EDUARDO COSTA,2024-08-02 23:24:38,16.0,10.5,-13.352498,-36.646498
EDUARDO COSTA,2024-08-02 23:26:45,19.0,10.6,-13.346498,-36.644831
EDUARDO COSTA,2024-08-03 00:17:01,13.0,10.5,-13.214665,-36.595498
EDUARDO COSTA,2024-08-03 00:17:47,10.0,10.5,-13.212498,-36.594998
EDUARDO COSTA,2024-08-03 00:20:48,9.0,10.8,-13.203665,-36.593331
EDUARDO COSTA,2024-08-03 00:31:10,11.0,10.5,-13.173665,-36.587831
EDUARDO COSTA,2024-08-03 00:31:21,7.0,11.0,-13.173128,-36.587815
EDUARDO COSTA,2024-08-03 00:32:17,11.0,10.9,-13.170373,-36.587368
EDUARDO COSTA,2024-08-03 00:33:34,11.0,10.4,-13.166665,-36.586665
EDUARDO COSTA,2024-08-03 00:34:40,9.0,10.4,-13.163498,-36.586165
EDUARDO COSTA,2024-08-03 00:35:14,12.0,10.6,-13.161831,-36.585831
EDUARDO COSTA,2024-08-03 02:10:12,24.0,9.9,-12.898755,-36.498256
EDUARDO COSTA,2024-08-03 02:43:05,24.0,10.3,-12.806331,-36.470665
EDUARDO COSTA,2024-08-03 03:15:35,22.0,10.6,-12.715331,-36.443998
EDUARDO COSTA,2024-08-03 03:49:42,20.0,10.3,-12.621165,-36.412831
EDUARDO COSTA,2024-08-03 03:51:42,19.0,10.7,-12.615638,-36.411096
EDUARDO COSTA,2024-08-03 03:55:18,15.0,10.5,-12.605665,-36.407998
EDUARDO COSTA,2024-08-03 03:58:15,16.0,10.4,-12.597473,-36.405341
EDUARDO COSTA,2024-08-03 04:24:18,15.0,10.3,-12.525831,-36.382165
EDUARDO COSTA,2024-08-03 04:26:31,15.0,10.3,-12.51986,-36.380083
EDUARDO COSTA,2024-08-03 04:27:55,14.0,10.3,-12.516165,-36.378831
EDUARDO COSTA,2024-08-03 04:30:11,15.0,10.5,-12.509891,-36.376838
EDUARDO COSTA,2024-08-03 04:34:05,16.0,10.5,-12.499235,-36.37328
EDUARDO COSTA,2024-08-03 05:05:45,21.0,10.2,-12.412901,-36.344165
EDUARDO COSTA,2024-08-03 05:13:12,20.0,10.4,-12.392703,-36.337353
EDUARDO COSTA,2024-08-03 05:16:42,16.0,10.5,-12.383241,-36.334213
EDUARDO COSTA,2024-08-03 05:19:35,15.0,10.4,-12.37543,-36.33161
EDUARDO COSTA,2024-08-03 05:22:38,15.0,10.8,-12.366998,-36.328998
EDUARDO COSTA,2024-08-03 06:15:15,18.0,9.9,-12.225998,-36.280831
EDUARDO COSTA,2024-08-03 07:05:58,19.0,9.8,-12.090576,-36.240423
EDUARDO COSTA,2024-08-03 09:51:01,19.0,10.2,-11.659181,-36.092775
EDUARDO COSTA,2024-08-03 09:53:14,19.0,9.6,-11.653331,-36.090831
EDUARDO COSTA,2024-08-03 09:56:04,14.0,9.7,-11.645831,-36.088665
EDUARDO COSTA,2024-08-03 09:58:31,16.0,10.3,-11.639165,-36.086831
EDUARDO COSTA,2024-08-03 10:57:52,14.0,10.1,-11.480665,-36.044498
EDUARDO COSTA,2024-08-03 12:33:58,19.0,10.1,-11.222998,-35.963665
EDUARDO COSTA,2024-08-03 15:04:05,19.0,10.2,-10.816175,-35.83475
EDUARDO COSTA,2024-08-03 15:08:02,12.0,10.8,-10.805331,-35.831165
EDUARDO COSTA,2024-08-03 15:52:14,18.0,10.0,-10.683795,-35.791856
EDUARDO COSTA,2024-08-03 16:49:49,18.0,10.4,-10.524331,-35.740665
EDUARDO COSTA,2024-08-03 16:50:49,12.0,10.2,-10.521525,-35.739703
EDUARDO COSTA,2024-08-03 16:53:26,19.0,10.4,-10.514331,-35.737343
EDUARDO COSTA,2024-08-03 17:28:07,21.0,10.7,-10.417973,-35.70484
EDUARDO COSTA,2024-08-03 17:30:33,20.0,11.0,-10.411146,-35.702525
EDUARDO COSTA,2024-08-03 17:31:05,22.0,10.7,-10.40974,-35.702043
EDUARDO COSTA,2024-08-03 17:31:21,14.0,11.0,-10.408998,-35.701831
EDUARDO COSTA,2024-08-03 17:31:26,23.0,10.7,-10.408665,-35.701665
EDUARDO COSTA,2024-08-03 17:32:00,21.0,10.8,-10.407113,-35.701156
EDUARDO COSTA,2024-08-03 17:32:07,15.0,10.7,-10.406733,-35.701046
EDUARDO COSTA,2024-08-03 17:32:14,16.0,11.2,-10.406451,-35.700951
EDUARDO COSTA,2024-08-03 17:32:33,19.0,10.5,-10.40551,-35.700653
EDUARDO COSTA,2024-08-03 17:32:40,21.0,10.5,-10.405165,-35.700498
EDUARDO COSTA,2024-08-03 19:37:59,33.0,11.0,-10.042498,-35.576498
EDUARDO COSTA,2024-08-03 20:45:19,24.0,11.3,-9.853755,-35.482648
EDUARDO COSTA,2024-08-03 21:54:29,40.0,10.8,-9.662998,-35.381665
EDUARDO COSTA,2024-08-03 21:57:23,41.0,10.9,-9.655963,-35.376028
EDUARDO COSTA,2024-08-03 21:59:29,39.0,11.1,-9.650906,-35.372003
EDUARDO COSTA,2024-08-03 22:23:39,27.0,10.8,-9.59649,-35.322026
EDUARDO COSTA,2024-08-03 22:26:36,27.0,10.7,-9.588571,-35.317871
EDUARDO COSTA,2024-08-03 22:29:23,25.0,10.7,-9.58089,-35.313986
EDUARDO COSTA,2024-08-03 22:29:26,30.0,11.3,-9.580831,-35.313998
EDUARDO COSTA,2024-08-03 22:32:23,27.0,11.1,-9.572425,-35.31011
EDUARDO COSTA,2024-08-03 22:34:49,27.0,11.3,-9.565546,-35.306986
EDUARDO COSTA,2024-08-04 00:01:15,32.0,11.5,-9.321925,-35.191886
EDUARDO COSTA,2024-08-04 00:02:52,31.0,11.4,-9.31744,-35.189373
EDUARDO COSTA,2024-08-04 00:24:05,35.0,11.1,-9.259441,-35.157561
EDUARDO COSTA,2024-08-04 00:24:18,31.0,11.4,-9.258831,-35.157165
EDUARDO COSTA,2024-08-04 00:25:05,30.0,11.5,-9.256696,-35.156038
EDUARDO COSTA,2024-08-04 00:25:09,27.0,11.2,-9.256508,-35.155941
EDUARDO COSTA,2024-08-04 00:25:15,33.0,11.4,-9.256165,-35.155831
EDUARDO COSTA,2024-08-04 00:25:45,24.0,11.6,-9.254851,-35.155033
EDUARDO COSTA,2024-08-04 02:49:03,17.0,11.7,-8.860165,-34.940665
EDUARDO COSTA,2024-08-04 02:52:50,20.0,11.7,-8.848478,-34.937096
EDUARDO COSTA,2024-08-04 02:55:18,14.0,11.5,-8.84066,-34.93499
EDUARDO COSTA,2024-08-04 02:57:39,16.0,11.8,-8.833361,-34.933013
EDUARDO COSTA,2024-08-04 03:28:16,12.0,11.9,-8.73865,-34.905575
EDUARDO COSTA,2024-08-04 03:30:28,18.0,11.8,-8.731723,-34.903455
EDUARDO COSTA,2024-08-04 03:59:40,24.0,11.3,-8.642968,-34.872688
EDUARDO COSTA,2024-08-04 04:02:04,24.0,11.7,-8.63578,-34.870073
EDUARDO COSTA,2024-08-04 04:02:12,17.0,11.5,-8.635373,-34.869941
EDUARDO COSTA,2024-08-04 04:19:43,17.0,11.7,-8.582146,-34.850896
EDUARDO COSTA,2024-08-04 04:21:59,19.0,11.5,-8.575441,-34.848163
EDUARDO COSTA,2024-08-04 04:24:19,21.0,11.4,-8.5685,-34.845445
EDUARDO COSTA,2024-08-04 04:26:36,20.0,11.4,-8.561665,-34.842831
EDUARDO COSTA,2024-08-04 04:44:25,25.0,11.7,-8.509298,-34.822351
EDUARDO COSTA,2024-08-04 05:09:52,18.0,11.0,-8.435331,-34.792498
EDUARDO COSTA,2024-08-04 05:11:55,20.0,11.2,-8.429445,-34.790215
EDUARDO COSTA,2024-08-04 05:14:45,27.0,11.0,-8.421265,-34.786905
EDUARDO COSTA,2024-08-04 05:14:49,25.0,11.3,-8.42112,-34.786846
EDUARDO COSTA,2024-08-04 06:01:25,14.0,11.5,-8.286846,-34.73505
EDUARDO COSTA,2024-08-04 07:14:49,7.0,11.3,-8.070466,-34.663855
EDUARDO COSTA,2024-08-04 08:53:29,7.0,11.1,-7.767603,-34.629015
EDUARDO COSTA,2024-08-04 08:55:50,2.0,10.8,-7.760488,-34.628686
EDUARDO COSTA,2024-08-04 08:58:23,358.0,10.6,-7.752685,-34.62836
EDUARDO COSTA,2024-08-04 09:01:19,359.0,10.6,-7.743733,-34.628055
EDUARDO COSTA,2024-08-04 09:10:50,2.0,10.9,-7.714783,-34.62642
EDUARDO COSTA,2024-08-04 09:15:20,1.0,11.1,-7.700905,-34.625796
EDUARDO COSTA,2024-08-04 09:19:43,10.0,11.3,-7.687498,-34.624998
EDUARDO COSTA,2024-08-04 09:44:23,11.0,11.0,-7.611498,-34.621498
EDUARDO COSTA,2024-08-04 09:50:13,13.0,11.1,-7.593665,-34.620665
EDUARDO COSTA,2024-08-04 09:52:16,4.0,11.2,-7.587385,-34.62021
EDUARDO COSTA,2024-08-04 10:18:56,8.0,10.5,-7.505498,-34.616665
EDUARDO COSTA,2024-08-04 10:23:42,17.0,10.7,-7.490848,-34.615865
EDUARDO COSTA,2024-08-04 10:26:53,354.0,11.3,-7.480998,-34.615331
EDUARDO COSTA,2024-08-04 10:40:55,2.0,11.2,-7.437406,-34.61337
EDUARDO COSTA,2024-08-04 11:00:10,9.0,11.2,-7.378063,-34.610363
EDUARDO COSTA,2024-08-04 11:35:33,349.0,11.6,-7.268165,-34.605998
EDUARDO COSTA,2024-08-04 12:02:42,4.0,11.3,-7.183498,-34.603165
EDUARDO COSTA,2024-08-04 12:21:35,1.0,11.2,-7.124013,-34.601156
EDUARDO COSTA,2024-08-04 12:21:51,0.0,11.3,-7.123171,-34.601118
EDUARDO COSTA,2024-08-04 12:22:09,3.0,11.4,-7.122226,-34.601081
EDUARDO COSTA,2024-08-04 12:23:48,359.0,10.9,-7.11698,-34.600943
EDUARDO COSTA,2024-08-04 12:25:35,359.0,10.8,-7.111443,-34.600675
EDUARDO COSTA,2024-08-04 13:10:40,5.0,10.9,-6.97001,-34.598013
EDUARDO COSTA,2024-08-04 14:07:51,341.0,11.5,-6.794146,-34.648326
EDUARDO COSTA,2024-08-04 14:09:55,348.0,11.9,-6.787841,-34.650596
EDUARDO COSTA,2024-08-04 14:54:52,345.0,11.8,-6.647331,-34.696998
EDUARDO COSTA,2024-08-04 14:57:56,336.0,12.0,-6.637541,-34.699993
EDUARDO COSTA,2024-08-04 15:42:43,341.0,12.6,-6.490788,-34.746723
EDUARDO COSTA,2024-08-04 15:44:51,341.0,12.6,-6.483665,-34.748998
EDUARDO COSTA,2024-08-04 15:47:05,341.0,12.5,-6.476283,-34.751158
EDUARDO COSTA,2024-08-04 15:49:15,350.0,12.4,-6.469165,-34.753331
EDUARDO COSTA,2024-08-04 15:53:31,345.0,12.4,-6.455,-34.757636
EDUARDO COSTA,2024-08-04 15:55:35,346.0,12.4,-6.448151,-34.759606
EDUARDO COSTA,2024-08-04 15:57:58,342.0,12.4,-6.440176,-34.761906
EDUARDO COSTA,2024-08-04 16:25:13,341.0,12.3,-6.350393,-34.788563
EDUARDO COSTA,2024-08-04 16:28:56,342.0,12.5,-6.338135,-34.792233
EDUARDO COSTA,2024-08-04 16:33:32,344.0,12.9,-6.32289,-34.797021
EDUARDO COSTA,2024-08-04 16:39:36,344.0,12.8,-6.302665,-34.803498
EDUARDO COSTA,2024-08-04 17:01:56,335.0,13.1,-6.227115,-34.827073
EDUARDO COSTA,2024-08-04 17:04:16,342.0,12.7,-6.219165,-34.829331
EDUARDO COSTA,2024-08-04 17:07:22,343.0,13.0,-6.208498,-34.832665
EDUARDO COSTA,2024-08-04 17:49:04,337.0,13.0,-6.06543,-34.880723
EDUARDO COSTA,2024-08-04 20:19:36,345.0,12.6,-5.549498,-35.032665
EDUARDO COSTA,2024-08-04 20:22:36,343.0,12.7,-5.539498,-35.034998
EDUARDO COSTA,2024-08-04 21:03:18,352.0,12.6,-5.402235,-35.059605
EDUARDO COSTA,2024-08-04 21:23:10,349.0,12.5,-5.334665,-35.070831
EDUARDO COSTA,2024-08-04 21:25:20,350.0,12.6,-5.327478,-35.07243
EDUARDO COSTA,2024-08-04 21:30:33,347.0,12.2,-5.309883,-35.076271
EDUARDO COSTA,2024-08-04 21:33:30,347.0,12.1,-5.299983,-35.078373
EDUARDO COSTA,2024-08-04 21:35:57,345.0,12.4,-5.291831,-35.080165
EDUARDO COSTA,2024-08-04 22:05:26,348.0,11.9,-5.195165,-35.108165
EDUARDO COSTA,2024-08-04 22:13:06,341.0,12.2,-5.170331,-35.115665
EDUARDO COSTA,2024-08-04 22:46:34,346.0,11.9,-5.062363,-35.148655
EDUARDO COSTA,2024-08-04 23:06:33,349.0,12.1,-4.998756,-35.168628
EDUARDO COSTA,2024-08-05 00:15:53,302.0,11.9,-4.829015,-35.304108
EDUARDO COSTA,2024-08-05 00:16:20,301.0,11.8,-4.828331,-35.305331
EDUARDO COSTA,2024-08-05 00:16:37,300.0,11.9,-4.827785,-35.306201
EDUARDO COSTA,2024-08-05 00:17:57,300.0,11.9,-4.825621,-35.310058
EDUARDO COSTA,2024-08-05 00:18:09,300.0,11.9,-4.825286,-35.310631
EDUARDO COSTA,2024-08-05 00:18:13,299.0,11.9,-4.82518,-35.310823
EDUARDO COSTA,2024-08-05 00:18:23,302.0,11.9,-4.824903,-35.311301
EDUARDO COSTA,2024-08-05 00:18:26,299.0,11.9,-4.824831,-35.311498
EDUARDO COSTA,2024-08-05 01:57:27,302.0,11.7,-4.668818,-35.596978
EDUARDO COSTA,2024-08-05 03:02:20,299.0,11.9,-4.564711,-35.784293
EDUARDO COSTA,2024-08-05 03:05:07,297.0,12.0,-4.559998,-35.792165
EDUARDO COSTA,2024-08-05 03:21:33,299.0,11.9,-4.532708,-35.839206
EDUARDO COSTA,2024-08-05 03:24:43,297.0,12.0,-4.527415,-35.848246
EDUARDO COSTA,2024-08-05 03:38:44,296.0,11.8,-4.504223,-35.888283
EDUARDO COSTA,2024-08-05 03:41:16,296.0,11.9,-4.499998,-35.895665
EDUARDO COSTA,2024-08-05 04:10:29,302.0,12.1,-4.450325,-35.979041
EDUARDO COSTA,2024-08-05 04:11:00,301.0,12.1,-4.449498,-35.980498
EDUARDO COSTA,2024-08-05 04:15:17,302.0,12.2,-4.441946,-35.99289
EDUARDO COSTA,2024-08-05 04:18:11,302.0,12.4,-4.436831,-36.001165
EDUARDO COSTA,2024-08-05 05:05:56,298.0,12.2,-4.355968,-36.142946
EDUARDO COSTA,2024-08-05 05:23:04,300.0,12.3,-4.328043,-36.194415
EDUARDO COSTA,2024-08-05 08:48:46,300.0,13.7,-3.980331,-36.833665
EDUARDO COSTA,2024-08-05 09:22:07,301.0,13.0,-3.917498,-36.938998
EDUARDO COSTA,2024-08-05 09:24:47,300.0,13.1,-3.91251,-36.947321
EDUARDO COSTA,2024-08-05 09:44:16,300.0,13.4,-3.875833,-37.008198
EDUARDO COSTA,2024-08-05 09:59:46,299.0,13.6,-3.846331,-37.057665
EDUARDO COSTA,2024-08-05 10:27:50,301.0,13.5,-3.793065,-37.147908
EDUARDO COSTA,2024-08-05 10:30:08,301.0,13.2,-3.788663,-37.1552
EDUARDO COSTA,2024-08-05 10:34:08,300.0,13.3,-3.781163,-37.167926
EDUARDO COSTA,2024-08-05 12:14:45,296.0,13.3,-3.605165,-37.491165
EDUARDO COSTA,2024-08-05 14:48:13,298.0,13.3,-3.327841,-37.983638
EDUARDO COSTA,2024-08-05 15:26:47,297.0,13.7,-3.255665,-38.108331
EDUARDO COSTA,2024-08-05 15:28:58,302.0,13.6,-3.25162,-38.115483
EDUARDO COSTA,2024-08-05 15:43:16,300.0,13.7,-3.224835,-38.162758
EDUARDO COSTA,2024-08-05 15:46:06,299.0,13.7,-3.219811,-38.172165
EDUARDO COSTA,2024-08-05 15:59:26,298.0,13.5,-3.196203,-38.21681
EDUARDO COSTA,2024-08-05 16:01:59,298.0,13.7,-3.191498,-38.225331
EDUARDO COSTA,2024-08-05 16:05:16,301.0,13.7,-3.185665,-38.236165
EDUARDO COSTA,2024-08-05 16:27:36,297.0,13.7,-3.144998,-38.310831
EDUARDO COSTA,2024-08-05 16:31:06,298.0,13.7,-3.138498,-38.322498
EDUARDO COSTA,2024-08-05 16:31:26,299.0,13.6,-3.137961,-38.323468
EDUARDO COSTA,2024-08-05 16:33:08,299.0,13.7,-3.134998,-38.329165
EDUARDO COSTA,2024-08-05 16:34:06,299.0,13.6,-3.133165,-38.332498
EDUARDO COSTA,2024-08-05 16:36:49,297.0,13.6,-3.128331,-38.341331
EDUARDO COSTA,2024-08-05 20:19:23,311.0,13.2,-2.681831,-39.030831
EDUARDO COSTA,2024-08-05 21:04:39,313.0,13.6,-2.570831,-39.154498
EDUARDO COSTA,2024-08-05 21:07:20,314.0,13.6,-2.56396,-39.161716
EDUARDO COSTA,2024-08-05 21:11:44,312.0,13.6,-2.552541,-39.173731
EDUARDO COSTA,2024-08-05 21:42:17,314.0,13.7,-2.472558,-39.257575
EDUARDO COSTA,2024-08-05 21:45:23,312.0,13.9,-2.464331,-39.266165
EDUARDO COSTA,2024-08-05 22:03:12,311.0,14.0,-2.417653,-39.316566
EDUARDO COSTA,2024-08-05 22:05:55,312.0,14.1,-2.410665,-39.324498
EDUARDO COSTA,2024-08-05 22:08:06,312.0,14.1,-2.404903,-39.330811
EDUARDO COSTA,2024-08-05 22:16:48,307.0,14.1,-2.383255,-39.357058
EDUARDO COSTA,2024-08-05 22:21:19,308.0,14.1,-2.372498,-39.370998
EDUARDO COSTA,2024-08-06 00:09:08,273.0,12.1,-2.281831,-39.751165
EDUARDO COSTA,2024-08-06 00:12:08,273.0,12.1,-2.281331,-39.761165
EDUARDO COSTA,2024-08-06 00:47:49,274.0,12.1,-2.275998,-39.879165
EDUARDO COSTA,2024-08-06 01:07:37,276.0,11.8,-2.26981,-39.944178
EDUARDO COSTA,2024-08-06 01:08:37,276.0,11.6,-2.269481,-39.94743
EDUARDO COSTA,2024-08-06 01:08:47,276.0,11.8,-2.269425,-39.947971
EDUARDO COSTA,2024-08-06 02:04:18,272.0,12.0,-2.248665,-40.127498
EDUARDO COSTA,2024-08-06 02:37:47,273.0,11.8,-2.241998,-40.238331
EDUARDO COSTA,2024-08-06 03:11:18,272.0,12.1,-2.235998,-40.350831
EDUARDO COSTA,2024-08-06 03:13:26,273.0,12.1,-2.235635,-40.358051
EDUARDO COSTA,2024-08-06 03:14:37,271.0,12.1,-2.235416,-40.361946
EDUARDO COSTA,2024-08-06 03:17:37,273.0,11.9,-2.234858,-40.371971
EDUARDO COSTA,2024-08-06 03:47:08,273.0,12.0,-2.230331,-40.469998
EDUARDO COSTA,2024-08-06 03:51:58,273.0,11.9,-2.229831,-40.485998
EDUARDO COSTA,2024-08-06 03:55:17,273.0,11.9,-2.22939,-40.497093
EDUARDO COSTA,2024-08-06 04:02:19,272.0,12.0,-2.228498,-40.520331
EDUARDO COSTA,2024-08-06 04:04:39,271.0,12.0,-2.228165,-40.527998
EDUARDO COSTA,2024-08-06 04:21:19,272.0,11.9,-2.226331,-40.582998
EDUARDO COSTA,2024-08-06 04:24:28,272.0,11.8,-2.225998,-40.593498
EDUARDO COSTA,2024-08-06 04:27:08,273.0,11.9,-2.225595,-40.602141
EDUARDO COSTA,2024-08-06 04:51:48,276.0,11.8,-2.221665,-40.682665
EDUARDO COSTA,2024-08-06 05:01:47,277.0,11.7,-2.218798,-40.715105
EDUARDO COSTA,2024-08-06 05:36:07,276.0,11.7,-2.208388,-40.826608
EDUARDO COSTA,2024-08-06 08:55:58,273.0,12.1,-2.148745,-41.475293
EDUARDO COSTA,2024-08-06 08:58:07,276.0,12.2,-2.148148,-41.48257
EDUARDO COSTA,2024-08-06 09:00:17,275.0,12.1,-2.147585,-41.489835
EDUARDO COSTA,2024-08-06 09:30:29,274.0,12.2,-2.139331,-41.591498
EDUARDO COSTA,2024-08-06 10:02:28,274.0,11.9,-2.130708,-41.698585
EDUARDO COSTA,2024-08-06 10:08:08,275.0,12.0,-2.129136,-41.717201
EDUARDO COSTA,2024-08-06 10:26:48,275.0,11.9,-2.123831,-41.779165
EDUARDO COSTA,2024-08-06 10:30:59,277.0,11.9,-2.122498,-41.792998
EDUARDO COSTA,2024-08-06 13:00:27,273.0,11.5,-2.077165,-42.278665
EDUARDO COSTA,2024-08-06 13:01:27,272.0,11.7,-2.076998,-42.281998
EDUARDO COSTA,2024-08-06 14:41:42,273.0,11.5,-2.057435,-42.599936
EDUARDO COSTA,2024-08-06 15:00:48,273.0,11.4,-2.054665,-42.660998
EDUARDO COSTA,2024-08-06 15:03:09,270.0,11.8,-2.05424,-42.668455
EDUARDO COSTA,2024-08-06 16:25:19,273.0,11.6,-2.043498,-42.930498
EDUARDO COSTA,2024-08-06 16:45:59,278.0,11.6,-2.039063,-42.996808
EDUARDO COSTA,2024-08-06 17:20:49,277.0,11.8,-2.027111,-43.109486
EDUARDO COSTA,2024-08-06 20:08:19,267.0,12.8,-2.01786,-43.688798
EDUARDO COSTA,2024-08-06 21:03:18,268.0,12.6,-2.020831,-43.881831
EDUARDO COSTA,2024-08-06 21:21:38,276.0,12.2,-2.015498,-43.943998
EDUARDO COSTA,2024-08-06 21:54:06,225.0,11.4,-2.025293,-44.046808
EDUARDO COSTA,2024-08-06 22:26:55,207.0,9.6,-2.089068,-44.1124
EDUARDO COSTA,2024-08-06 22:29:29,209.0,9.5,-2.094998,-44.115831
EDUARDO COSTA,2024-08-06 22:50:10,190.0,6.5,-2.13514,-44.132965
EDUARDO COSTA,2024-08-06 22:59:45,192.0,6.3,-2.152593,-44.136801
EDUARDO COSTA,2024-08-07 09:43:31,235.0,0.1,-2.168128,-44.151613
EDUARDO COSTA,2024-08-07 15:22:31,263.0,0.3,-2.165375,-44.146681
EDUARDO COSTA,2024-08-08 02:58:31,328.0,0.7,-2.164998,-44.146665
EDUARDO COSTA,2024-08-09 02:34:32,227.0,0.4,-2.165601,-44.147903
EDUARDO COSTA,2024-08-09 08:52:32,143.0,0.2,-2.167573,-44.150683
EDUARDO COSTA,2024-08-10 03:22:32,42.0,0.5,-2.167085,-44.148676
EDUARDO COSTA,2024-08-10 08:28:32,144.0,0.3,-2.166808,-44.150396
EDUARDO COSTA,2024-08-10 17:41:56,214.0,9.1,-2.318608,-44.270725
EDUARDO COSTA,2024-08-10 17:43:45,216.0,9.2,-2.322498,-44.273331
EDUARDO COSTA,2024-08-10 18:51:05,218.0,6.6,-2.432998,-44.336498
EDUARDO COSTA,2024-08-10 19:05:24,211.0,8.3,-2.457998,-44.355165
EDUARDO COSTA,2024-08-10 19:39:08,176.0,6.8,-2.527038,-44.38512
EDUARDO COSTA,2024-08-10 19:41:28,188.0,6.5,-2.531498,-44.384998
EDUARDO COSTA,2024-08-10 20:11:38,131.0,2.5,-2.57036,-44.383836
EDUARDO COSTA,2024-08-10 20:31:38,28.0,0.4,-2.57105,-44.377718
EDUARDO COSTA,2024-08-10 20:33:58,22.0,0.4,-2.570876,-44.37766
EDUARDO COSTA,2024-08-10 20:39:29,56.0,0.4,-2.570665,-44.377498
EDUARDO COSTA,2024-08-10 20:44:38,91.0,0.0,-2.570665,-44.377498
EDUARDO COSTA,2024-08-11 02:54:41,113.0,0.1,-2.570593,-44.377403
EDUARDO COSTA,2024-08-13 02:03:42,303.0,0.1,-2.570665,-44.377331
EDUARDO COSTA,2024-08-13 07:45:42,292.0,0.1,-2.570598,-44.377406
EDUARDO COSTA,2024-08-13 12:12:57,170.0,0.2,-2.427498,-44.281665
EDUARDO COSTA,2024-08-13 12:43:18,145.0,0.1,-2.42762,-44.281628
EDUARDO COSTA,2024-08-13 12:43:47,177.0,0.1,-2.427631,-44.28162
EDUARDO COSTA,2024-08-13 12:47:17,301.0,0.0,-2.427653,-44.281565
EDUARDO COSTA,2024-08-13 12:59:37,147.0,0.2,-2.427711,-44.281526
EDUARDO COSTA,2024-08-13 13:16:56,309.0,0.0,-2.427665,-44.281665
EDUARDO COSTA,2024-08-13 13:52:17,263.0,0.1,-2.427753,-44.281461
EDUARDO COSTA,2024-08-13 14:45:28,358.0,0.1,-2.427703,-44.281536
EDUARDO COSTA,2024-08-13 16:58:10,33.0,11.4,-2.181013,-44.182306
EDUARDO COSTA,2024-08-13 16:58:19,33.0,11.5,-2.180653,-44.182075
EDUARDO COSTA,2024-08-13 17:51:10,33.0,12.3,-2.031665,-44.085331
EDUARDO COSTA,2024-08-13 18:26:30,24.0,12.2,-1.921331,-44.034165
EDUARDO COSTA,2024-08-13 18:58:01,24.0,12.5,-1.820498,-43.992165
EDUARDO COSTA,2024-08-13 19:00:12,24.0,12.5,-1.81352,-43.989101
EDUARDO COSTA,2024-08-13 19:02:50,25.0,12.7,-1.805165,-43.985331
EDUARDO COSTA,2024-08-13 19:05:12,25.0,12.6,-1.797575,-43.981786
EDUARDO COSTA,2024-08-13 19:08:00,23.0,12.6,-1.788498,-43.977831
EDUARDO COSTA,2024-08-13 19:23:48,14.0,12.4,-1.738626,-43.957023
EDUARDO COSTA,2024-08-13 19:40:31,9.0,12.3,-1.682331,-43.945998
EDUARDO COSTA,2024-08-13 20:05:18,7.0,12.6,-1.597525,-43.932951
EDUARDO COSTA,2024-08-14 00:35:31,295.0,13.1,-1.023131,-44.515476
EDUARDO COSTA,2024-08-14 00:45:01,291.0,13.3,-1.00855,-44.54709
EDUARDO COSTA,2024-08-14 01:10:52,295.0,13.0,-0.969976,-44.63291
EDUARDO COSTA,2024-08-14 06:15:31,293.0,12.9,-0.527331,-45.629831
EDUARDO COSTA,2024-08-14 07:20:42,293.0,12.6,-0.435331,-45.839498
EDUARDO COSTA,2024-08-14 07:44:18,294.0,12.8,-0.400831,-45.914331
EDUARDO COSTA,2024-08-14 07:52:32,294.0,12.5,-0.388831,-45.939928
EDUARDO COSTA,2024-08-14 07:58:51,293.0,12.4,-0.37979,-45.959856
EDUARDO COSTA,2024-08-14 12:38:12,273.0,12.8,-0.247498,-46.895998
EDUARDO COSTA,2024-08-14 12:39:42,270.0,12.7,-0.247498,-46.901331
EDUARDO COSTA,2024-08-14 12:42:12,270.0,12.6,-0.247331,-46.909998
EDUARDO COSTA,2024-08-14 12:50:33,269.0,12.7,-0.246998,-46.939165
EDUARDO COSTA,2024-08-14 13:23:12,270.0,12.7,-0.250376,-47.053206
EDUARDO COSTA,2024-08-14 13:28:32,269.0,12.9,-0.250701,-47.071993
EDUARDO COSTA,2024-08-14 13:44:55,268.0,12.7,-0.251556,-47.129773
EDUARDO COSTA,2024-08-14 17:16:20,276.0,1.2,-0.418785,-47.743973
EDUARDO COSTA,2024-08-14 17:16:49,276.0,1.5,-0.418751,-47.744181
EDUARDO COSTA,2024-08-15 01:09:32,241.0,8.4,-0.42279,-47.759598
EDUARDO COSTA,2024-08-15 01:11:43,240.0,9.0,-0.425498,-47.764165
EDUARDO COSTA,2024-08-15 01:14:13,245.0,8.2,-0.428498,-47.769331
EDUARDO COSTA,2024-08-15 01:19:46,239.0,6.4,-0.434045,-47.77927
EDUARDO COSTA,2024-08-15 01:49:33,240.0,12.5,-0.450331,-47.830665
EDUARDO COSTA,2024-08-15 01:51:53,241.0,12.4,-0.454155,-47.837581
EDUARDO COSTA,2024-08-15 01:53:54,240.0,12.5,-0.457498,-47.843665
EDUARDO COSTA,2024-08-15 06:21:24,208.0,11.9,-1.080665,-48.460331
EDUARDO COSTA,2024-08-15 06:45:13,197.0,11.0,-1.147298,-48.488195
EDUARDO COSTA,2024-08-15 06:54:03,179.0,6.7,-1.169418,-48.48967
EDUARDO COSTA,2024-08-15 07:28:53,196.0,10.5,-1.248331,-48.492165
EDUARDO COSTA,2024-08-16 23:54:06,280.0,0.1,-1.438486,-48.525426
EDUARDO COSTA,2024-08-17 01:57:05,290.0,0.1,-1.438165,-48.525998
EDUARDO COSTA,2024-08-17 05:33:07,346.0,0.1,-1.434665,-48.524165
EDUARDO COSTA,2024-08-17 11:35:07,355.0,7.0,-1.399101,-48.520591
EDUARDO COSTA,2024-08-17 11:38:41,341.0,7.2,-1.392498,-48.522665
EDUARDO COSTA,2024-08-17 12:30:40,14.0,11.0,-1.263998,-48.496831
EDUARDO COSTA,2024-08-17 13:10:04,354.0,10.7,-1.140331,-48.493165
EDUARDO COSTA,2024-08-17 13:17:31,27.0,10.4,-1.119498,-48.487498
EDUARDO COSTA,2024-08-17 16:10:19,56.0,14.0,-0.599586,-48.14869
EDUARDO COSTA,2024-08-17 17:06:39,80.0,14.1,-0.487165,-47.956498
EDUARDO COSTA,2024-08-17 17:18:55,91.0,12.3,-0.487001,-47.911285
EDUARDO COSTA,2024-08-17 17:25:47,87.0,11.7,-0.486165,-47.888165
EDUARDO COSTA,2024-08-17 18:29:30,60.0,10.2,-0.400665,-47.764331
EDUARDO COSTA,2024-08-17 18:32:46,78.0,10.3,-0.398293,-47.755421
EDUARDO COSTA,2024-08-17 18:37:17,78.0,10.7,-0.395738,-47.742601
EDUARDO COSTA,2024-08-17 21:42:19,75.0,11.0,-0.279165,-47.219331
EDUARDO COSTA,2024-08-17 23:58:07,78.0,12.5,-0.192936,-46.78717
EDUARDO COSTA,2024-08-18 00:03:07,81.0,12.4,-0.189498,-46.770498
EDUARDO COSTA,2024-08-18 00:12:37,76.0,12.6,-0.182998,-46.738498
EDUARDO COSTA,2024-08-18 00:15:07,75.0,12.4,-0.180936,-46.730051
EDUARDO COSTA,2024-08-18 01:01:16,82.0,12.4,-0.156391,-46.574053
EDUARDO COSTA,2024-08-18 01:01:48,84.0,12.5,-0.156165,-46.572331
EDUARDO COSTA,2024-08-18 05:27:39,85.0,11.1,-0.078165,-45.710998
EDUARDO COSTA,2024-08-18 05:42:37,85.0,11.4,-0.07397,-45.664361
EDUARDO COSTA,2024-08-18 10:01:28,107.0,12.3,-0.012935,-44.810445
EDUARDO COSTA,2024-08-18 10:38:28,114.0,12.0,-0.056321,-44.693845
EDUARDO COSTA,2024-08-18 10:41:58,119.0,11.8,-0.061498,-44.683331
EDUARDO COSTA,2024-08-18 10:42:59,120.0,12.0,-0.063165,-44.680331
EDUARDO COSTA,2024-08-18 11:12:15,111.0,12.2,-0.107665,-44.592665
EDUARDO COSTA,2024-08-18 11:15:08,112.0,12.0,-0.111331,-44.583498
EDUARDO COSTA,2024-08-18 11:27:34,115.0,11.9,-0.128331,-44.544831
EDUARDO COSTA,2024-08-18 11:50:09,114.0,12.2,-0.161165,-44.475831
EDUARDO COSTA,2024-08-18 12:07:49,112.0,12.2,-0.185681,-44.422733
EDUARDO COSTA,2024-08-18 17:01:17,116.0,10.0,-0.544165,-43.630165
EDUARDO COSTA,2024-08-18 17:34:58,116.0,10.5,-0.582011,-43.544226
EDUARDO COSTA,2024-08-18 18:17:46,113.0,10.3,-0.631165,-43.432998
EDUARDO COSTA,2024-08-18 22:15:26,112.0,11.0,-0.923153,-42.79292
EDUARDO COSTA,2024-08-18 22:27:09,113.0,11.3,-0.937461,-42.759308
EDUARDO COSTA,2024-08-18 22:33:10,112.0,11.3,-0.944825,-42.742021
EDUARDO COSTA,2024-08-18 22:58:24,112.0,11.6,-0.975533,-42.66827
EDUARDO COSTA,2024-08-18 23:00:49,112.0,11.4,-0.97844,-42.661195
EDUARDO COSTA,2024-08-18 23:04:08,111.0,11.7,-0.982496,-42.651405
EDUARDO COSTA,2024-08-18 23:04:58,114.0,11.6,-0.983498,-42.648998
EDUARDO COSTA,2024-08-18 23:07:08,114.0,11.6,-0.986331,-42.642665
EDUARDO COSTA,2024-08-18 23:38:10,112.0,11.5,-1.025998,-42.552331
EDUARDO COSTA,2024-08-18 23:40:19,113.0,11.5,-1.02882,-42.545905
EDUARDO COSTA,2024-08-19 00:04:19,115.0,11.5,-1.060083,-42.476063
EDUARDO COSTA,2024-08-19 00:44:28,116.0,11.5,-1.116498,-42.360498
EDUARDO COSTA,2024-08-19 04:46:30,114.0,11.6,-1.435111,-41.651916
EDUARDO COSTA,2024-08-19 05:19:19,114.0,11.9,-1.477406,-41.554275
EDUARDO COSTA,2024-08-19 10:30:50,112.0,11.8,-1.899795,-40.620798
EDUARDO COSTA,2024-08-19 10:49:09,115.0,11.9,-1.923665,-40.565165
EDUARDO COSTA,2024-08-19 11:22:58,114.0,11.7,-1.969498,-40.465331
EDUARDO COSTA,2024-08-19 12:01:39,111.0,11.4,-2.020696,-40.352706
EDUARDO COSTA,2024-08-19 12:36:29,115.0,11.2,-2.065511,-40.254503
EDUARDO COSTA,2024-08-19 15:27:30,120.0,11.8,-2.29161,-39.762178
EDUARDO COSTA,2024-08-19 16:02:43,121.0,11.4,-2.348165,-39.664165
EDUARDO COSTA,2024-08-19 16:31:46,119.0,11.3,-2.392195,-39.583646
EDUARDO COSTA,2024-08-19 16:35:50,119.0,11.4,-2.398128,-39.572243
EDUARDO COSTA,2024-08-19 16:37:53,119.0,11.5,-2.401165,-39.566498
EDUARDO COSTA,2024-08-19 16:57:56,116.0,11.4,-2.429831,-39.510165
EDUARDO COSTA,2024-08-19 16:59:46,118.0,11.5,-2.432321,-39.505203
EDUARDO COSTA,2024-08-19 17:01:27,118.0,11.2,-2.434811,-39.500348
EDUARDO COSTA,2024-08-19 17:49:32,121.0,11.2,-2.505165,-39.368831
EDUARDO COSTA,2024-08-19 21:29:58,119.0,10.9,-2.829498,-38.803331
EDUARDO COSTA,2024-08-19 22:04:45,121.0,11.0,-2.878911,-38.708626
EDUARDO COSTA,2024-08-19 22:35:49,114.0,10.9,-2.922498,-38.625331
EDUARDO COSTA,2024-08-19 22:54:49,119.0,10.7,-2.949058,-38.574206
EDUARDO COSTA,2024-08-19 22:59:29,119.0,10.7,-2.955476,-38.561858
EDUARDO COSTA,2024-08-19 23:11:22,121.0,10.7,-2.972331,-38.530831
EDUARDO COSTA,2024-08-19 23:14:05,123.0,10.8,-2.976551,-38.52395
EDUARDO COSTA,2024-08-20 04:21:29,120.0,10.5,-3.422768,-37.740653
EDUARDO COSTA,2024-08-20 04:26:49,121.0,10.6,-3.430471,-37.726711
EDUARDO COSTA,2024-08-20 04:57:12,120.0,10.4,-3.475665,-37.649498
EDUARDO COSTA,2024-08-20 04:59:33,117.0,10.6,-3.478998,-37.643665
EDUARDO COSTA,2024-08-20 05:31:36,116.0,10.3,-3.527051,-37.563393
EDUARDO COSTA,2024-08-20 09:30:53,116.0,10.6,-3.861165,-36.945665
EDUARDO COSTA,2024-08-20 09:35:30,107.0,10.6,-3.865301,-36.932671
EDUARDO COSTA,2024-08-20 10:22:58,130.0,10.8,-3.934165,-36.813331
EDUARDO COSTA,2024-08-20 10:25:35,129.0,10.6,-3.939078,-36.807425
EDUARDO COSTA,2024-08-20 10:25:36,129.0,10.6,-3.939078,-36.807425
EDUARDO COSTA,2024-08-20 10:32:09,129.0,10.6,-3.951165,-36.792665
EDUARDO COSTA,2024-08-20 11:51:18,118.0,10.8,-4.068498,-36.595331
EDUARDO COSTA,2024-08-20 11:51:58,117.0,10.6,-4.069331,-36.593498
EDUARDO COSTA,2024-08-20 16:12:20,105.8,10.8,-4.431651,-35.920163
EDUARDO COSTA,2024-08-20 19:20:08,119.9,11.1,-4.747998,-35.421665
EDUARDO COSTA,2024-08-20 21:04:16,124.7,11.2,-4.986536,-35.202171
EDUARDO COSTA,2024-08-20 21:09:33,124.9,11.2,-4.998998,-35.191331
EDUARDO COSTA,2024-08-20 21:34:54,137.0,11.2,-5.06322,-35.144238
EDUARDO COSTA,2024-08-20 21:37:11,136.2,11.1,-5.069445,-35.140751
EDUARDO COSTA,2024-08-20 21:40:45,135.8,11.2,-5.079113,-35.135345
EDUARDO COSTA,2024-08-20 21:42:51,139.5,11.2,-5.084998,-35.132331
EDUARDO COSTA,2024-08-20 21:54:23,150.9,11.7,-5.119665,-35.118831
EDUARDO COSTA,2024-08-20 22:12:12,153.4,11.6,-5.176165,-35.104165
EDUARDO COSTA,2024-08-20 22:15:46,152.2,11.6,-5.187386,-35.10137
EDUARDO COSTA,2024-08-20 22:49:48,153.3,11.6,-5.294998,-35.074998
EDUARDO COSTA,2024-08-20 22:55:46,153.8,11.6,-5.314033,-35.07095
EDUARDO COSTA,2024-08-20 23:43:21,151.6,11.7,-5.466831,-35.036831
EDUARDO COSTA,2024-08-21 00:07:05,149.5,11.5,-5.541071,-35.015316
EDUARDO COSTA,2024-08-21 02:33:16,148.5,11.4,-5.994633,-34.898708
EDUARDO COSTA,2024-08-21 04:00:18,152.5,12.0,-6.267498,-34.836165
EDUARDO COSTA,2024-08-21 04:18:16,151.1,12.0,-6.3261,-34.821843
EDUARDO COSTA,2024-08-21 08:31:57,156.6,11.8,-7.134498,-34.630165
EDUARDO COSTA,2024-08-21 09:23:13,161.0,11.7,-7.303165,-34.615998
EDUARDO COSTA,2024-08-21 09:25:16,159.6,11.8,-7.309995,-34.615448
EDUARDO COSTA,2024-08-21 09:27:28,156.5,11.8,-7.317331,-34.614665
EDUARDO COSTA,2024-08-21 09:28:35,157.5,11.7,-7.320963,-34.614085
EDUARDO COSTA,2024-08-21 09:31:32,156.1,11.8,-7.330498,-34.612665
EDUARDO COSTA,2024-08-21 09:37:19,158.2,11.9,-7.3494,-34.610033
EDUARDO COSTA,2024-08-21 09:59:28,160.7,11.7,-7.421998,-34.600665
EDUARDO COSTA,2024-08-21 10:04:13,167.4,11.7,-7.437665,-34.599998
EDUARDO COSTA,2024-08-21 10:07:43,167.1,11.8,-7.449165,-34.600165
EDUARDO COSTA,2024-08-21 10:10:03,167.8,11.6,-7.456831,-34.600498
EDUARDO COSTA,2024-08-21 11:45:36,158.2,11.8,-7.772331,-34.562998
EDUARDO COSTA,2024-08-21 11:45:38,159.5,11.9,-7.772331,-34.562998
EDUARDO COSTA,2024-08-21 12:02:42,158.4,11.6,-7.828331,-34.555831
EDUARDO COSTA,2024-08-21 12:02:46,157.8,11.7,-7.828498,-34.555831
EDUARDO COSTA,2024-08-21 12:02:55,158.7,11.7,-7.829165,-34.555665
EDUARDO COSTA,2024-08-21 13:56:09,157.9,12.1,-8.205498,-34.513998
EDUARDO COSTA,2024-08-21 14:01:53,162.9,12.1,-8.224831,-34.512998
EDUARDO COSTA,2024-08-21 14:32:30,163.0,12.1,-8.329711,-34.50745
EDUARDO COSTA,2024-08-21 14:38:58,163.1,12.2,-8.35165,-34.506446
EDUARDO COSTA,2024-08-21 15:07:16,199.2,12.7,-8.437381,-34.551743
EDUARDO COSTA,2024-08-21 15:12:20,198.9,12.6,-8.452405,-34.561405
EDUARDO COSTA,2024-08-21 15:45:35,197.2,12.7,-8.552165,-34.623831
EDUARDO COSTA,2024-08-21 16:38:02,195.3,12.5,-8.709665,-34.719498
EDUARDO COSTA,2024-08-21 16:40:45,197.0,12.5,-8.718055,-34.724168
EDUARDO COSTA,2024-08-21 16:43:05,195.0,12.4,-8.725165,-34.728165
EDUARDO COSTA,2024-08-21 16:46:52,195.8,12.5,-8.736665,-34.734665
EDUARDO COSTA,2024-08-21 18:20:03,199.0,12.5,-9.017965,-34.901161
EDUARDO COSTA,2024-08-21 18:22:36,199.5,12.4,-9.025331,-34.906165
EDUARDO COSTA,2024-08-21 18:53:50,201.3,12.4,-9.116708,-34.965231
EDUARDO COSTA,2024-08-21 20:39:03,200.1,12.2,-9.423498,-35.160498
EDUARDO COSTA,2024-08-21 20:41:40,203.2,12.3,-9.430991,-35.165628
EDUARDO COSTA,2024-08-21 21:02:23,201.6,12.3,-9.489498,-35.206998
EDUARDO COSTA,2024-08-21 21:11:43,201.9,12.4,-9.51591,-35.225811
EDUARDO COSTA,2024-08-21 21:14:19,200.1,12.3,-9.523321,-35.23099
EDUARDO COSTA,2024-08-21 21:17:43,201.7,12.3,-9.532998,-35.237665
EDUARDO COSTA,2024-08-21 21:46:12,203.2,12.3,-9.61411,-35.295333
EDUARDO COSTA,2024-08-21 21:48:47,202.6,12.5,-9.621498,-35.300665
EDUARDO COSTA,2024-08-21 21:48:48,202.6,12.5,-9.621498,-35.300665
EDUARDO COSTA,2024-08-21 21:51:41,202.4,12.4,-9.629831,-35.306498
EDUARDO COSTA,2024-08-21 21:51:42,202.4,12.4,-9.629831,-35.306498
EDUARDO COSTA,2024-08-21 22:47:51,208.9,12.5,-9.794896,-35.412891
EDUARDO COSTA,2024-08-21 23:37:41,265.5,12.9,-9.775133,-35.588975
EDUARDO COSTA,2024-08-22 03:13:52,38.2,0.2,-9.714143,-35.740858
EDUARDO COSTA,2024-08-22 03:20:15,41.9,0.1,-9.713498,-35.740665
EDUARDO COSTA,2024-08-22 03:29:59,236.9,0.2,-9.713998,-35.740998
EDUARDO COSTA,2024-08-22 03:32:18,105.5,0.1,-9.714166,-35.740998
EDUARDO COSTA,2024-08-22 03:35:45,29.4,0.4,-9.71401,-35.74074
EDUARDO COSTA,2024-08-22 04:13:15,226.6,0.3,-9.713998,-35.740998
EDUARDO COSTA,2024-08-22 04:15:28,191.6,0.1,-9.714165,-35.740998
EDUARDO COSTA,2024-08-22 04:43:51,5.9,0.2,-9.713498,-35.740665
EDUARDO COSTA,2024-08-22 07:27:44,214.3,0.4,-9.713656,-35.740911
EDUARDO COSTA,2024-08-22 07:29:47,201.0,0.1,-9.713831,-35.740998
EDUARDO COSTA,2024-08-22 07:32:00,102.2,0.1,-9.71386,-35.741043
EDUARDO COSTA,2024-08-22 08:21:18,5.3,0.4,-9.713843,-35.740891
EDUARDO COSTA,2024-08-22 09:16:54,172.6,0.2,-9.713046,-35.740508
EDUARDO COSTA,2024-08-22 09:34:42,21.9,0.4,-9.713398,-35.740775
EDUARDO COSTA,2024-08-22 09:37:35,14.2,0.2,-9.713165,-35.740665
EDUARDO COSTA,2024-08-22 09:42:42,196.0,0.4,-9.713396,-35.740685
EDUARDO COSTA,2024-08-22 09:47:42,203.2,0.4,-9.71388,-35.741106
EDUARDO COSTA,2024-08-22 10:12:28,96.6,0.0,-9.713998,-35.741165
EDUARDO COSTA,2024-08-22 10:16:22,16.1,0.4,-9.713865,-35.740928
EDUARDO COSTA,2024-08-22 10:47:49,41.8,0.2,-9.713125,-35.740691
EDUARDO COSTA,2024-08-22 11:35:58,209.2,0.5,-9.713665,-35.740831
EDUARDO COSTA,2024-08-22 13:00:59,181.0,0.4,-9.713766,-35.74097
EDUARDO COSTA,2024-08-22 13:04:56,193.6,0.2,-9.714113,-35.741201
EDUARDO COSTA,2024-08-22 14:04:30,186.0,0.4,-9.713465,-35.74071
EDUARDO COSTA,2024-08-22 14:43:11,10.0,0.4,-9.713331,-35.740665
EDUARDO COSTA,2024-08-22 14:49:18,186.4,0.3,-9.713165,-35.740665
EDUARDO COSTA,2024-08-22 15:17:08,218.0,0.4,-9.713831,-35.740998
EDUARDO COSTA,2024-08-22 15:19:12,203.3,0.5,-9.713998,-35.741165
EDUARDO COSTA,2024-08-22 15:40:33,215.2,0.4,-9.713665,-35.740998
EDUARDO COSTA,2024-08-22 15:51:49,37.7,0.2,-9.713165,-35.740665
EDUARDO COSTA,2024-08-23 16:18:19,199.8,3.2,-9.68881,-35.735245
EDUARDO COSTA,2024-08-23 16:20:44,179.3,4.5,-9.691208,-35.73628
EDUARDO COSTA,2024-08-23 16:20:50,177.2,4.5,-9.691333,-35.73632
EDUARDO COSTA,2024-08-23 16:21:13,180.5,4.8,-9.69186,-35.736453
EDUARDO COSTA,2024-08-23 16:21:34,178.1,5.1,-9.692328,-35.736541
EDUARDO COSTA,2024-08-23 16:22:19,178.8,5.6,-9.693478,-35.736798
EDUARDO COSTA,2024-08-23 16:24:23,178.9,6.6,-9.696965,-35.737551
EDUARDO COSTA,2024-08-23 16:25:13,179.6,6.8,-9.698518,-35.737916
EDUARDO COSTA,2024-08-23 16:25:47,180.4,6.9,-9.699498,-35.738165
EDUARDO COSTA,2024-08-23 16:25:53,177.5,6.8,-9.699785,-35.738268
EDUARDO COSTA,2024-08-23 16:25:56,180.4,6.9,-9.699831,-35.738331
EDUARDO COSTA,2024-08-23 16:26:00,175.4,6.7,-9.699998,-35.738331
EDUARDO COSTA,2024-08-23 16:27:00,151.3,5.7,-9.701831,-35.738331
EDUARDO COSTA,2024-08-23 19:47:56,20.5,12.0,-9.541665,-35.244331
EDUARDO COSTA,2024-08-23 19:50:30,22.5,11.8,-9.534498,-35.239498
EDUARDO COSTA,2024-08-23 20:46:46,17.3,11.7,-9.375165,-35.142165
EDUARDO COSTA,2024-08-23 21:35:44,17.5,11.6,-9.243481,-35.056045
EDUARDO COSTA,2024-08-23 21:36:50,16.6,11.5,-9.240413,-35.054213
EDUARDO COSTA,2024-08-23 21:39:21,16.7,11.5,-9.23335,-35.050115
EDUARDO COSTA,2024-08-23 21:39:30,16.4,11.5,-9.232998,-35.049831
EDUARDO COSTA,2024-08-23 22:28:10,24.7,11.4,-9.10013,-34.96353
EDUARDO COSTA,2024-08-23 23:34:46,18.6,11.8,-8.914998,-34.844831
EDUARDO COSTA,2024-08-24 00:47:31,329.5,12.0,-8.699895,-34.79927
EDUARDO COSTA,2024-08-24 01:18:23,331.0,12.2,-8.599856,-34.82939
EDUARDO COSTA,2024-08-24 01:33:41,332.0,12.1,-8.550165,-34.844498
EDUARDO COSTA,2024-08-24 02:08:00,324.5,10.9,-8.446933,-34.89453
EDUARDO COSTA,2024-08-24 02:11:44,324.0,10.8,-8.436345,-34.898818
EDUARDO COSTA,2024-08-24 02:41:47,342.5,0.8,-8.400331,-34.912831
EDUARDO COSTA,2024-08-24 02:44:24,346.8,0.7,-8.399863,-34.912945
EDUARDO COSTA,2024-08-24 02:47:51,39.8,1.1,-8.398998,-34.911831
EDUARDO COSTA,2024-08-24 02:52:51,305.1,0.4,-8.398331,-34.911498
EDUARDO COSTA,2024-08-24 02:58:57,221.4,1.0,-8.397998,-34.912498
EDUARDO COSTA,2024-08-24 03:01:44,215.7,0.5,-8.39845,-34.912833
EDUARDO COSTA,2024-08-24 03:16:33,339.1,0.1,-8.398473,-34.91284
EDUARDO COSTA,2024-08-24 03:50:11,3.4,0.4,-8.398831,-34.912831
EDUARDO COSTA,2024-08-24 03:56:04,169.8,0.1,-8.398398,-34.912771
EDUARDO COSTA,2024-08-24 06:25:06,7.6,0.4,-8.398718,-34.912903
EDUARDO COSTA,2024-08-24 07:11:40,164.2,0.2,-8.398025,-34.912556
EDUARDO COSTA,2024-08-24 07:17:40,213.2,0.3,-8.398581,-34.912848
EDUARDO COSTA,2024-08-24 07:37:54,216.5,0.6,-8.39867,-34.912818
EDUARDO COSTA,2024-08-24 07:42:07,92.3,0.1,-8.398998,-34.913165
EDUARDO COSTA,2024-08-24 08:07:14,0.3,0.2,-8.398116,-34.912548
EDUARDO COSTA,2024-08-24 08:10:00,310.9,0.1,-8.397885,-34.912503
EDUARDO COSTA,2024-08-24 08:13:10,195.7,0.4,-8.397998,-34.912498
EDUARDO COSTA,2024-08-24 08:13:54,197.6,0.6,-8.39814,-34.912566
EDUARDO COSTA,2024-08-24 08:16:14,197.1,0.5,-8.39845,-34.91274
EDUARDO COSTA,2024-08-24 08:20:56,188.5,0.1,-8.398998,-34.912998
EDUARDO COSTA,2024-08-24 08:43:50,15.1,0.3,-8.398498,-34.912831
EDUARDO COSTA,2024-08-24 08:47:39,129.4,0.0,-8.398053,-34.91264
EDUARDO COSTA,2024-08-24 08:54:03,211.5,0.3,-8.398556,-34.912883
EDUARDO COSTA,2024-08-24 13:53:40,113.4,0.0,-8.39827,-34.912795
EDUARDO COSTA,2024-08-24 15:23:47,235.5,5.4,-8.402831,-34.909998
EDUARDO COSTA,2024-08-24 15:29:57,296.2,9.5,-8.396498,-34.920998
EDUARDO COSTA,2024-08-24 15:40:03,297.4,5.2,-8.377331,-34.934498
EDUARDO COSTA,2024-08-24 16:34:57,159.7,0.0,-8.397433,-34.954191
EDUARDO COSTA,2024-08-24 16:40:56,159.5,0.0,-8.397431,-34.954195
EDUARDO COSTA,2024-08-25 02:25:54,160.0,0.0,-8.397391,-34.954135
EDUARDO COSTA,2024-08-25 12:43:56,25.6,3.5,-8.393498,-34.955331
EDUARDO COSTA,2024-08-25 12:44:21,25.3,4.1,-8.392998,-34.954831
EDUARDO COSTA,2024-08-25 12:46:13,23.5,6.0,-8.39091,-34.953263
EDUARDO COSTA,2024-08-25 12:46:26,22.9,6.3,-8.390665,-34.952998
EDUARDO COSTA,2024-08-25 12:52:49,60.1,8.5,-8.386038,-34.94057
EDUARDO COSTA,2024-08-25 13:29:17,20.6,12.0,-8.310331,-34.854998
EDUARDO COSTA,2024-08-25 13:33:16,17.0,11.8,-8.298998,-34.847831
EDUARDO COSTA,2024-08-25 13:35:20,17.7,11.7,-8.29326,-34.844255
EDUARDO COSTA,2024-08-25 14:02:30,21.1,11.7,-8.219785,-34.794311
EDUARDO COSTA,2024-08-25 14:06:36,21.1,11.6,-8.208665,-34.786665
EDUARDO COSTA,2024-08-25 14:24:23,22.3,11.6,-8.160998,-34.753165
EDUARDO COSTA,2024-08-25 14:29:07,20.2,11.6,-8.148331,-34.744165
EDUARDO COSTA,2024-08-25 14:41:39,20.8,11.6,-8.11392,-34.722208
EDUARDO COSTA,2024-08-25 14:44:42,19.1,11.5,-8.105665,-34.716831
EDUARDO COSTA,2024-08-25 15:15:49,352.1,11.7,-8.007233,-34.69996
EDUARDO COSTA,2024-08-25 15:16:21,354.0,11.7,-8.005705,-34.699821
EDUARDO COSTA,2024-08-25 15:16:30,351.3,11.7,-8.005268,-34.699778
EDUARDO COSTA,2024-08-25 15:19:24,352.8,11.8,-7.995771,-34.69891
EDUARDO COSTA,2024-08-25 16:53:26,353.5,12.1,-7.684156,-34.664438
EDUARDO COSTA,2024-08-25 16:53:38,353.6,12.1,-7.683481,-34.664355
EDUARDO COSTA,2024-08-25 16:53:44,354.3,12.2,-7.683143,-34.664326
EDUARDO COSTA,2024-08-25 16:53:50,353.4,12.1,-7.682806,-34.664285
EDUARDO COSTA,2024-08-25 16:53:58,353.1,12.1,-7.682498,-34.664165
EDUARDO COSTA,2024-08-25 16:54:02,353.8,12.2,-7.682126,-34.66422
EDUARDO COSTA,2024-08-25 16:54:10,353.6,12.1,-7.681676,-34.664161
EDUARDO COSTA,2024-08-25 16:54:14,353.5,12.1,-7.681455,-34.664128
EDUARDO COSTA,2024-08-25 16:54:44,353.6,12.1,-7.679766,-34.663941
EDUARDO COSTA,2024-08-25 16:54:52,353.6,12.1,-7.679315,-34.663898
EDUARDO COSTA,2024-08-25 16:55:00,352.2,12.1,-7.678865,-34.663841
EDUARDO COSTA,2024-08-25 16:55:02,353.6,12.1,-7.678751,-34.663836
EDUARDO COSTA,2024-08-25 16:55:06,353.0,12.2,-7.678528,-34.663808
EDUARDO COSTA,2024-08-25 16:55:10,351.9,12.1,-7.678301,-34.663781
EDUARDO COSTA,2024-08-25 16:55:22,353.3,12.1,-7.677628,-34.663701
EDUARDO COSTA,2024-08-25 16:55:24,353.2,12.1,-7.677515,-34.663685
EDUARDO COSTA,2024-08-25 16:56:22,353.2,12.2,-7.674246,-34.663301
EDUARDO COSTA,2024-08-25 16:56:32,353.6,12.1,-7.673683,-34.663226
EDUARDO COSTA,2024-08-25 16:56:52,353.4,12.1,-7.672553,-34.663091
EDUARDO COSTA,2024-08-25 16:57:00,352.8,12.3,-7.672101,-34.66304
EDUARDO COSTA,2024-08-25 16:57:48,352.4,12.2,-7.669393,-34.662728
EDUARDO COSTA,2024-08-25 16:58:28,352.7,12.2,-7.66714,-34.662468
EDUARDO COSTA,2024-08-25 16:58:41,352.9,12.1,-7.666331,-34.662331
EDUARDO COSTA,2024-08-25 16:59:58,352.7,12.2,-7.662076,-34.661871
EDUARDO COSTA,2024-08-25 17:15:37,354.6,12.2,-7.60895,-34.655786
EDUARDO COSTA,2024-08-25 18:42:54,353.6,12.1,-7.31218,-34.620693
EDUARDO COSTA,2024-08-25 18:59:39,352.8,12.0,-7.256018,-34.614806
EDUARDO COSTA,2024-08-25 19:02:03,352.4,12.0,-7.247973,-34.613948
EDUARDO COSTA,2024-08-25 19:04:36,351.6,12.0,-7.239498,-34.612998
EDUARDO COSTA,2024-08-25 19:34:13,345.1,12.1,-7.140998,-34.603665
EDUARDO COSTA,2024-08-25 19:39:10,345.5,12.3,-7.124043,-34.60409
EDUARDO COSTA,2024-08-25 19:41:27,345.8,12.5,-7.116165,-34.604331
EDUARDO COSTA,2024-08-25 20:07:13,345.8,12.2,-7.02749,-34.606181
EDUARDO COSTA,2024-08-25 20:14:53,345.8,12.4,-7.000983,-34.607333
EDUARDO COSTA,2024-08-25 20:24:29,343.1,12.7,-6.96738,-34.608815
EDUARDO COSTA,2024-08-25 20:27:03,343.5,12.7,-6.958165,-34.609498
EDUARDO COSTA,2024-08-25 21:25:14,326.3,13.3,-6.759053,-34.663626
EDUARDO COSTA,2024-08-25 22:11:52,328.2,12.7,-6.59639,-34.711628
EDUARDO COSTA,2024-08-26 00:15:26,323.0,13.0,-6.166411,-34.844843
EDUARDO COSTA,2024-08-26 00:19:29,324.4,13.1,-6.152998,-34.850665
EDUARDO COSTA,2024-08-26 00:40:29,329.7,13.0,-6.081026,-34.879495
EDUARDO COSTA,2024-08-26 00:40:56,328.9,12.9,-6.079476,-34.88
EDUARDO COSTA,2024-08-26 00:41:00,330.1,12.8,-6.079331,-34.879998
EDUARDO COSTA,2024-08-26 01:01:51,330.4,13.3,-6.007331,-34.903165
EDUARDO COSTA,2024-08-26 01:04:43,328.6,13.2,-5.997171,-34.906491
EDUARDO COSTA,2024-08-26 01:24:14,331.9,13.2,-5.927998,-34.928165
EDUARDO COSTA,2024-08-26 02:24:47,332.4,12.6,-5.715165,-34.986665
EDUARDO COSTA,2024-08-26 02:27:07,332.3,12.7,-5.707165,-34.988831
EDUARDO COSTA,2024-08-26 02:31:00,330.4,12.8,-5.693665,-34.992498
EDUARDO COSTA,2024-08-26 02:34:11,332.0,12.7,-5.682665,-34.995498
EDUARDO COSTA,2024-08-26 02:46:03,333.2,12.5,-5.641498,-35.005498
EDUARDO COSTA,2024-08-26 02:51:16,333.1,12.6,-5.623573,-35.009946
EDUARDO COSTA,2024-08-26 02:53:46,332.6,12.6,-5.615031,-35.01218
EDUARDO COSTA,2024-08-26 02:58:27,332.9,12.6,-5.599165,-35.016165
EDUARDO COSTA,2024-08-26 03:03:34,334.0,12.6,-5.58154,-35.02044
EDUARDO COSTA,2024-08-26 03:05:10,332.7,12.5,-5.575998,-35.021831
EDUARDO COSTA,2024-08-26 03:07:47,334.3,12.6,-5.566976,-35.023995
EDUARDO COSTA,2024-08-26 07:01:34,286.3,12.7,-4.853356,-35.363735
EDUARDO COSTA,2024-08-26 07:04:24,287.2,12.6,-4.848331,-35.372498
EDUARDO COSTA,2024-08-26 07:26:30,285.6,12.6,-4.809331,-35.440498
EDUARDO COSTA,2024-08-26 08:08:17,282.2,12.5,-4.738165,-35.568998
EDUARDO COSTA,2024-08-26 08:38:42,284.0,12.5,-4.689216,-35.662923
EDUARDO COSTA,2024-08-26 09:41:14,286.6,12.5,-4.585186,-35.855673
EDUARDO COSTA,2024-08-26 12:10:17,285.7,12.7,-4.323543,-36.30676
EDUARDO COSTA,2024-08-26 12:32:10,286.8,12.9,-4.284665,-36.374498
EDUARDO COSTA,2024-08-26 12:34:46,288.5,13.0,-4.279998,-36.382665
EDUARDO COSTA,2024-08-26 12:34:57,288.0,13.0,-4.279635,-36.383191
EDUARDO COSTA,2024-08-26 12:35:14,287.6,13.0,-4.279165,-36.383998
EDUARDO COSTA,2024-08-26 13:10:45,287.0,13.5,-4.212331,-36.498498
EDUARDO COSTA,2024-08-26 13:44:12,284.0,13.9,-4.150998,-36.611831
EDUARDO COSTA,2024-08-26 14:46:14,287.7,13.9,-4.040475,-36.825258
EDUARDO COSTA,2024-08-26 14:50:10,288.4,13.8,-4.032753,-36.83828
EDUARDO COSTA,2024-08-26 15:13:00,287.5,13.7,-3.987331,-36.913665
EDUARDO COSTA,2024-08-26 15:27:16,287.7,13.9,-3.958498,-36.960665
EDUARDO COSTA,2024-08-26 18:44:09,287.3,14.3,-3.580498,-37.630998
EDUARDO COSTA,2024-08-26 19:06:58,285.9,14.4,-3.535165,-37.710165
EDUARDO COSTA,2024-08-26 19:09:11,286.5,14.4,-3.530998,-37.717998
EDUARDO COSTA,2024-08-26 19:26:37,286.9,14.6,-3.495665,-37.778831
EDUARDO COSTA,2024-08-26 19:29:40,286.4,14.5,-3.489356,-37.78957
EDUARDO COSTA,2024-08-26 19:47:40,286.9,14.5,-3.452665,-37.852331
EDUARDO COSTA,2024-08-26 20:26:19,287.4,14.3,-3.375165,-37.986998
EDUARDO COSTA,2024-08-26 21:04:53,286.5,14.7,-3.298331,-38.122998
EDUARDO COSTA,2024-08-26 23:33:08,285.6,14.3,-3.001498,-38.650498
EDUARDO COSTA,2024-08-27 00:29:13,284.9,13.5,-2.895165,-38.845665
EDUARDO COSTA,2024-08-27 00:31:20,285.2,13.3,-2.891498,-38.852498
EDUARDO COSTA,2024-08-27 00:31:34,286.1,13.4,-2.891165,-38.853331
EDUARDO COSTA,2024-08-27 00:31:39,284.2,13.4,-2.890921,-38.853555
EDUARDO COSTA,2024-08-27 00:31:46,284.4,13.4,-2.890685,-38.853993
EDUARDO COSTA,2024-08-27 00:31:51,284.7,13.4,-2.890573,-38.854215
EDUARDO COSTA,2024-08-27 00:31:57,284.5,13.4,-2.890391,-38.854541
EDUARDO COSTA,2024-08-27 00:32:07,284.9,13.4,-2.890096,-38.855086
EDUARDO COSTA,2024-08-27 00:32:27,283.9,13.3,-2.889491,-38.85617
EDUARDO COSTA,2024-08-27 00:33:33,283.3,13.4,-2.887541,-38.859835
EDUARDO COSTA,2024-08-27 00:35:23,283.7,13.1,-2.884458,-38.865821
EDUARDO COSTA,2024-08-27 00:35:53,282.7,13.2,-2.883665,-38.867498
EDUARDO COSTA,2024-08-27 00:36:10,283.4,13.2,-2.883165,-38.868331
EDUARDO COSTA,2024-08-27 01:06:10,282.6,13.1,-2.83457,-38.966126
EDUARDO COSTA,2024-08-27 01:25:08,290.1,13.3,-2.799391,-39.027121
EDUARDO COSTA,2024-08-27 01:28:01,289.3,13.2,-2.793665,-39.036165
EDUARDO COSTA,2024-08-27 01:31:11,290.2,13.2,-2.787165,-39.045998
EDUARDO COSTA,2024-08-27 01:46:16,289.4,13.0,-2.75793,-39.092585
EDUARDO COSTA,2024-08-27 01:48:58,289.1,13.0,-2.752865,-39.100841
EDUARDO COSTA,2024-08-27 01:57:17,287.4,13.2,-2.7372,-39.127088
EDUARDO COSTA,2024-08-27 02:00:28,287.8,13.3,-2.731225,-39.137121
EDUARDO COSTA,2024-08-27 02:07:01,288.2,13.3,-2.718831,-39.157998
EDUARDO COSTA,2024-08-27 02:37:34,287.0,13.2,-2.65979,-39.255131
EDUARDO COSTA,2024-08-27 02:41:17,289.7,13.3,-2.652698,-39.26697
EDUARDO COSTA,2024-08-27 03:11:49,285.0,12.7,-2.598665,-39.363165
EDUARDO COSTA,2024-08-27 06:56:11,258.0,12.5,-2.31477,-40.091716
EDUARDO COSTA,2024-08-27 07:35:37,259.7,12.5,-2.31081,-40.22841
EDUARDO COSTA,2024-08-27 07:51:24,260.3,12.5,-2.307068,-40.283215
EDUARDO COSTA,2024-08-27 08:37:30,259.5,12.3,-2.297331,-40.443165
EDUARDO COSTA,2024-08-27 08:40:11,260.0,12.5,-2.296651,-40.452416
EDUARDO COSTA,2024-08-27 09:28:38,259.0,12.5,-2.289028,-40.620316
EDUARDO COSTA,2024-08-27 09:36:31,259.1,12.4,-2.288165,-40.647665
EDUARDO COSTA,2024-08-27 12:27:40,264.2,12.3,-2.244831,-41.231665
EDUARDO COSTA,2024-08-27 12:30:00,263.0,12.3,-2.243831,-41.239498
EDUARDO COSTA,2024-08-27 13:52:02,261.0,12.3,-2.21426,-41.51657
EDUARDO COSTA,2024-08-27 19:21:22,262.9,12.9,-2.083498,-42.684665
EDUARDO COSTA,2024-08-28 00:25:31,257.0,13.0,-1.9832,-43.777696
EDUARDO COSTA,2024-08-28 00:25:50,256.4,13.0,-1.98319,-43.778906
EDUARDO COSTA,2024-08-28 00:26:50,257.7,13.0,-1.983156,-43.782536
EDUARDO COSTA,2024-08-28 00:27:50,256.8,13.0,-1.983136,-43.78616
EDUARDO COSTA,2024-08-28 00:28:02,256.9,13.0,-1.983165,-43.786831
EDUARDO COSTA,2024-08-28 01:14:11,236.8,13.4,-2.01173,-43.951748
EDUARDO COSTA,2024-08-28 01:15:11,236.7,13.4,-2.012973,-43.95526
EDUARDO COSTA,2024-08-28 01:15:31,236.7,13.4,-2.0134,-43.956428
EDUARDO COSTA,2024-08-28 01:17:51,235.8,13.4,-2.016386,-43.964585
EDUARDO COSTA,2024-08-28 01:36:33,221.6,12.9,-2.054831,-44.021165
EDUARDO COSTA,2024-08-28 01:39:33,220.7,12.7,-2.061165,-44.029831
EDUARDO COSTA,2024-08-28 02:09:51,212.0,7.6,-2.117831,-44.099165
EDUARDO COSTA,2024-08-28 02:34:31,241.1,6.9,-2.128346,-44.137315
EDUARDO COSTA,2024-08-28 02:45:46,190.4,5.4,-2.139305,-44.155498
EDUARDO COSTA,2024-08-28 07:02:11,164.1,0.1,-2.152038,-44.152393
EDUARDO COSTA,2024-08-28 07:04:38,31.8,0.1,-2.152028,-44.152348
EDUARDO COSTA,2024-08-28 07:06:50,124.1,0.0,-2.152018,-44.152335
EDUARDO COSTA,2024-08-28 07:37:46,45.8,0.1,-2.151748,-44.152098
EDUARDO COSTA,2024-08-28 07:39:58,136.7,0.0,-2.15176,-44.152086
EDUARDO COSTA,2024-08-28 07:40:46,47.6,0.1,-2.151765,-44.152081
EDUARDO COSTA,2024-08-28 07:42:40,134.1,0.0,-2.151831,-44.151998
EDUARDO COSTA,2024-08-28 07:43:32,134.1,0.0,-2.151831,-44.151998
EDUARDO COSTA,2024-08-28 07:44:50,46.7,0.1,-2.151831,-44.151998
EDUARDO COSTA,2024-08-28 07:46:20,135.2,0.1,-2.151831,-44.151998
EDUARDO COSTA,2024-08-29 12:52:01,351.4,0.3,-2.151698,-44.152763
EDUARDO COSTA,2024-08-29 19:02:53,351.4,0.5,-2.153498,-44.152331
EDUARDO COSTA,2024-08-29 19:02:55,351.5,0.5,-2.153498,-44.152331
EDUARDO COSTA,2024-08-29 19:06:29,325.1,0.4,-2.153165,-44.152498
EDUARDO COSTA,2024-08-29 19:08:33,308.3,0.2,-2.152998,-44.152498
EDUARDO COSTA,2024-08-30 01:23:32,185.2,0.1,-2.152496,-44.152591
EDUARDO COSTA,2024-08-30 01:26:14,91.9,0.0,-2.152561,-44.152615
EDUARDO COSTA,2024-08-30 06:57:13,60.5,0.0,-2.153165,-44.152665
EDUARDO COSTA,2024-08-30 07:25:48,125.4,0.2,-2.15233,-44.152688
EDUARDO COSTA,2024-08-30 07:26:50,150.3,0.5,-2.152451,-44.152638
EDUARDO COSTA,2024-08-30 07:27:54,157.1,0.4,-2.152605,-44.152596
EDUARDO COSTA,2024-08-30 07:29:28,163.2,0.4,-2.152841,-44.15256
EDUARDO COSTA,2024-08-31 06:28:07,150.9,0.2,-2.153498,-44.152331
EDUARDO COSTA,2024-08-31 17:55:38,199.5,5.9,-2.420358,-44.337753
EDUARDO COSTA,2024-08-31 17:57:59,202.4,5.8,-2.423498,-44.339831
EDUARDO COSTA,2024-08-31 18:13:17,200.6,5.1,-2.439998,-44.353165
EDUARDO COSTA,2024-08-31 18:17:57,198.2,5.4,-2.445831,-44.356998
EDUARDO COSTA,2024-08-31 18:23:18,196.7,6.6,-2.453516,-44.361456
EDUARDO COSTA,2024-08-31 18:51:11,189.7,7.6,-2.491331,-44.383498
EDUARDO COSTA,2024-08-31 18:51:58,189.2,8.2,-2.492958,-44.384208
EDUARDO COSTA,2024-09-01 00:17:27,323.4,0.0,-2.576393,-44.370186
EDUARDO COSTA,2024-09-01 11:14:29,323.6,0.0,-2.576498,-44.370165
EDUARDO COSTA,2024-09-01 12:38:29,323.9,0.0,-2.576463,-44.370203
EDUARDO COSTA,2024-09-01 13:29:28,323.7,0.0,-2.576498,-44.370165
EDUARDO COSTA,2024-09-02 05:02:37,346.5,7.2,-2.531165,-44.381998
EDUARDO COSTA,2024-09-02 05:06:16,330.3,6.7,-2.523998,-44.382498
EDUARDO COSTA,2024-09-02 05:17:08,5.1,7.3,-2.50312,-44.384558
EDUARDO COSTA,2024-09-02 05:37:48,21.5,10.7,-2.456938,-44.357963
EDUARDO COSTA,2024-09-02 05:41:57,19.2,11.0,-2.446165,-44.351331
EDUARDO COSTA,2024-09-02 06:09:16,21.9,10.2,-2.376998,-44.308998
EDUARDO COSTA,2024-09-02 06:09:17,21.9,10.2,-2.376998,-44.308998
EDUARDO COSTA,2024-09-02 06:12:18,26.0,10.2,-2.370238,-44.30364
EDUARDO COSTA,2024-09-02 06:12:48,25.6,10.3,-2.369111,-44.302756
EDUARDO COSTA,2024-09-02 06:50:58,23.0,10.4,-2.27395,-44.24381
EDUARDO COSTA,2024-09-02 10:48:16,349.5,13.2,-1.579626,-43.920825
EDUARDO COSTA,2024-09-02 13:11:07,278.1,12.6,-1.19088,-44.127928
EDUARDO COSTA,2024-09-02 17:11:06,280.5,13.4,-0.819798,-44.99218
EDUARDO COSTA,2024-09-02 17:28:27,280.0,13.3,-0.816925,-44.998806
EDUARDO COSTA,2024-09-02 18:31:38,281.0,13.2,-0.719686,-45.210591
EDUARDO COSTA,2024-09-02 23:51:45,278.3,12.8,-0.243966,-46.280383
EDUARDO COSTA,2024-09-03 00:16:48,254.8,12.2,-0.232441,-46.36592
EDUARDO COSTA,2024-09-03 01:04:17,254.3,12.1,-0.234991,-46.526136
EDUARDO COSTA,2024-09-03 01:04:47,254.5,12.1,-0.234998,-46.527831
EDUARDO COSTA,2024-09-03 01:04:57,253.9,12.1,-0.23506,-46.528436
EDUARDO COSTA,2024-09-03 01:09:19,255.1,12.1,-0.23554,-46.543026
EDUARDO COSTA,2024-09-03 05:11:57,256.6,10.1,-0.250791,-47.296908
EDUARDO COSTA,2024-09-03 05:14:18,256.4,10.0,-0.250763,-47.303465
EDUARDO COSTA,2024-09-03 05:15:42,257.1,10.1,-0.250793,-47.307391
EDUARDO COSTA,2024-09-03 05:50:09,240.0,9.5,-0.255998,-47.400998
EDUARDO COSTA,2024-09-03 06:23:49,231.0,10.3,-0.284165,-47.485998
EDUARDO COSTA,2024-09-03 07:00:18,232.4,9.4,-0.321998,-47.569831
EDUARDO COSTA,2024-09-03 10:59:26,192.8,14.0,-0.740831,-48.261165
EDUARDO COSTA,2024-09-03 11:35:51,192.1,13.9,-0.866358,-48.33027
EDUARDO COSTA,2024-09-03 12:42:03,207.1,15.2,-1.086498,-48.472998
EDUARDO COSTA,2024-09-03 13:02:36,156.8,14.8,-1.164498,-48.492331
EDUARDO COSTA,2024-09-03 13:03:30,155.6,14.8,-1.168165,-48.491498
EDUARDO COSTA,2024-09-03 13:04:36,155.3,14.8,-1.172665,-48.490665
EDUARDO COSTA,2024-09-03 13:04:42,155.1,14.8,-1.172998,-48.490665
EDUARDO COSTA,2024-09-03 13:04:54,155.2,14.8,-1.173831,-48.490498
EDUARDO COSTA,2024-09-03 13:06:42,158.0,14.4,-1.180998,-48.488998
EDUARDO COSTA,2024-09-03 16:28:57,44.7,0.4,-1.444498,-48.527998
EDUARDO COSTA,2024-09-03 23:07:57,169.1,0.0,-1.44179,-48.527856
EDUARDO COSTA,2024-09-04 05:04:58,3.7,0.3,-1.443331,-48.529831
EDUARDO COSTA,2024-09-05 04:22:58,29.8,0.0,-1.445036,-48.529051
EDUARDO COSTA,2024-09-05 21:54:17,356.5,0.0,-1.406498,-48.494998
EDUARDO COSTA,2024-09-05 22:27:19,356.8,0.0,-1.406498,-48.494998
EDUARDO COSTA,2024-09-06 17:12:18,356.6,0.0,-1.406498,-48.494998
EDUARDO COSTA,2024-09-07 15:21:13,359.9,10.7,-1.249165,-48.495831
EDUARDO COSTA,2024-09-07 15:52:59,335.9,10.0,-1.156331,-48.492498
EDUARDO COSTA,2024-09-07 15:57:56,355.4,9.9,-1.142681,-48.492535
EDUARDO COSTA,2024-09-07 16:07:55,15.8,10.4,-1.115855,-48.482485
EDUARDO COSTA,2024-09-07 16:11:01,15.8,10.6,-1.107831,-48.478165
EDUARDO COSTA,2024-09-07 16:13:49,14.8,10.4,-1.100525,-48.474393
EDUARDO COSTA,2024-09-07 16:29:33,14.6,10.7,-1.058213,-48.452941
EDUARDO COSTA,2024-09-07 16:32:21,14.2,10.6,-1.050736,-48.449055
EDUARDO COSTA,2024-09-07 16:37:43,21.1,10.7,-1.037105,-48.440943
EDUARDO COSTA,2024-09-07 20:28:41,58.4,11.6,-0.479665,-47.867331
EDUARDO COSTA,2024-09-07 20:51:35,39.5,9.8,-0.453331,-47.830998
EDUARDO COSTA,2024-09-07 20:53:47,39.2,9.7,-0.449831,-47.826331
EDUARDO COSTA,2024-09-07 21:03:35,40.3,10.5,-0.432998,-47.804165
EDUARDO COSTA,2024-09-07 21:41:36,52.4,11.6,-0.377565,-47.696473
EDUARDO COSTA,2024-09-07 21:43:46,53.4,11.6,-0.374498,-47.690165
EDUARDO COSTA,2024-09-07 21:48:16,52.6,11.6,-0.368331,-47.676831
EDUARDO COSTA,2024-09-07 22:12:06,52.3,10.7,-0.337438,-47.61108
EDUARDO COSTA,2024-09-07 22:16:26,51.1,10.5,-0.33181,-47.599528
EDUARDO COSTA,2024-09-08 00:24:46,76.2,11.7,-0.201831,-47.244998
EDUARDO COSTA,2024-09-08 00:24:56,75.8,11.7,-0.201831,-47.244498
EDUARDO COSTA,2024-09-08 01:03:35,86.2,11.3,-0.210466,-47.122521
EDUARDO COSTA,2024-09-08 03:10:37,86.3,12.2,-0.277165,-46.716665
EDUARDO COSTA,2024-09-08 03:47:17,84.9,12.4,-0.297665,-46.592331
EDUARDO COSTA,2024-09-08 08:55:46,98.4,11.5,-0.557831,-45.568665
EDUARDO COSTA,2024-09-08 10:04:47,95.4,11.6,-0.639331,-45.359998
EDUARDO COSTA,2024-09-08 12:19:07,96.1,11.6,-0.78973,-44.95635
EDUARDO COSTA,2024-09-08 12:20:06,96.3,11.6,-0.790831,-44.953331
EDUARDO COSTA,2024-09-08 12:55:30,99.8,11.6,-0.831331,-44.846998
EDUARDO COSTA,2024-09-08 12:56:18,100.0,11.6,-0.832498,-44.844498
EDUARDO COSTA,2024-09-08 14:19:04,96.3,11.4,-0.927986,-44.596761
EDUARDO COSTA,2024-09-08 14:19:23,96.6,11.5,-0.928341,-44.595758
EDUARDO COSTA,2024-09-08 14:24:03,97.8,11.4,-0.933498,-44.581831
EDUARDO COSTA,2024-09-08 15:01:11,97.7,11.3,-0.97511,-44.472013
EDUARDO COSTA,2024-09-08 15:20:58,100.3,11.3,-0.998176,-44.414363
EDUARDO COSTA,2024-09-08 16:01:45,98.0,11.5,-1.047665,-44.293998
EDUARDO COSTA,2024-09-08 16:04:08,98.9,11.6,-1.050541,-44.286731
EDUARDO COSTA,2024-09-08 16:05:21,99.5,11.4,-1.051998,-44.283165
EDUARDO COSTA,2024-09-08 16:07:24,100.3,11.3,-1.054665,-44.277165
EDUARDO COSTA,2024-09-08 19:46:35,101.6,11.1,-1.347665,-43.666998
EDUARDO COSTA,2024-09-08 20:09:54,102.7,10.7,-1.378831,-43.602498
EDUARDO COSTA,2024-09-08 21:32:37,97.4,11.3,-1.485948,-43.376905
EDUARDO COSTA,2024-09-08 22:32:38,103.4,10.9,-1.564998,-43.206331
EDUARDO COSTA,2024-09-09 00:13:31,104.4,11.0,-1.701691,-42.918766
EDUARDO COSTA,2024-09-09 00:14:34,104.8,11.1,-1.703165,-42.915831
EDUARDO COSTA,2024-09-09 00:15:27,104.6,11.2,-1.704503,-42.913453
EDUARDO COSTA,2024-09-09 00:44:37,100.5,11.2,-1.744696,-42.831806
EDUARDO COSTA,2024-09-09 00:45:48,100.5,11.2,-1.746165,-42.828498
EDUARDO COSTA,2024-09-09 01:32:28,104.1,11.7,-1.809075,-42.690276
EDUARDO COSTA,2024-09-09 01:56:38,103.5,11.7,-1.844085,-42.620238
EDUARDO COSTA,2024-09-09 03:17:42,102.5,11.1,-1.953951,-42.39213
EDUARDO COSTA,2024-09-09 03:20:55,102.8,11.0,-1.958331,-42.383331
EDUARDO COSTA,2024-09-09 03:37:35,104.3,11.1,-1.981498,-42.337165
EDUARDO COSTA,2024-09-09 03:57:35,104.2,11.3,-2.010831,-42.282498
EDUARDO COSTA,2024-09-09 09:04:18,86.6,11.0,-2.226456,-41.346676
EDUARDO COSTA,2024-09-09 12:10:18,86.8,12.3,-2.325165,-40.759331
EDUARDO COSTA,2024-09-09 12:12:05,86.2,12.1,-2.326073,-40.753238
EDUARDO COSTA,2024-09-09 12:12:07,86.6,12.1,-2.326083,-40.753126
EDUARDO COSTA,2024-09-09 12:12:31,85.4,12.2,-2.326296,-40.751726
EDUARDO COSTA,2024-09-09 12:13:07,85.2,12.2,-2.326583,-40.749763
EDUARDO COSTA,2024-09-09 14:00:19,87.4,11.9,-2.385401,-40.401241
EDUARDO COSTA,2024-09-09 14:40:40,89.0,11.8,-2.407665,-40.2707
EDUARDO COSTA,2024-09-09 15:02:39,88.2,11.9,-2.421691,-40.200018
EDUARDO COSTA,2024-09-09 15:05:52,86.0,11.8,-2.423831,-40.189665
EDUARDO COSTA,2024-09-09 16:04:15,88.8,11.8,-2.450998,-40.000165
EDUARDO COSTA,2024-09-09 17:30:58,113.8,11.6,-2.611165,-39.741331
EDUARDO COSTA,2024-09-09 21:25:10,111.8,12.2,-3.045165,-39.132998
EDUARDO COSTA,2024-09-09 21:27:19,111.4,12.3,-3.04932,-39.126901
EDUARDO COSTA,2024-09-09 21:30:13,111.7,12.2,-3.054998,-39.118831
EDUARDO COSTA,2024-09-09 21:32:29,110.7,12.3,-3.059331,-39.112498
EDUARDO COSTA,2024-09-09 22:20:02,111.4,12.2,-3.151165,-38.978665
EDUARDO COSTA,2024-09-10 01:48:19,104.6,12.0,-3.554235,-38.39417
EDUARDO COSTA,2024-09-10 01:49:52,102.7,11.9,-3.55659,-38.389491
EDUARDO COSTA,2024-09-10 02:18:13,101.4,12.0,-3.595498,-38.304165
EDUARDO COSTA,2024-09-10 02:24:53,102.0,12.0,-3.60511,-38.283721
EDUARDO COSTA,2024-09-10 02:32:57,101.7,12.1,-3.616586,-38.258935
EDUARDO COSTA,2024-09-10 02:36:57,100.2,11.7,-3.621831,-38.246665
EDUARDO COSTA,2024-09-10 02:39:03,99.2,11.5,-3.624498,-38.240498
EDUARDO COSTA,2024-09-10 02:59:54,99.9,12.0,-3.65104,-38.17694
EDUARDO COSTA,2024-09-10 07:11:31,100.2,11.7,-3.990165,-37.418665
EDUARDO COSTA,2024-09-10 07:32:54,100.8,10.9,-4.016998,-37.356998
EDUARDO COSTA,2024-09-10 07:35:29,100.3,10.9,-4.020165,-37.349831
EDUARDO COSTA,2024-09-10 08:38:03,100.2,10.9,-4.095376,-37.175491
EDUARDO COSTA,2024-09-10 08:40:14,101.4,11.0,-4.098086,-37.169441
EDUARDO COSTA,2024-09-10 08:54:13,105.2,10.9,-4.116406,-37.130248
EDUARDO COSTA,2024-09-10 08:57:08,103.1,10.8,-4.120266,-37.122371
EDUARDO COSTA,2024-09-10 09:00:21,102.0,10.9,-4.124498,-37.113665
EDUARDO COSTA,2024-09-10 12:04:44,100.2,12.7,-4.380665,-36.543665
EDUARDO COSTA,2024-09-10 13:37:44,100.6,11.6,-4.508603,-36.256208
EDUARDO COSTA,2024-09-10 14:05:13,100.1,11.9,-4.545468,-36.174026
EDUARDO COSTA,2024-09-10 14:07:53,99.0,11.7,-4.549165,-36.165998
EDUARDO COSTA,2024-09-10 14:41:51,100.7,11.0,-4.592498,-36.067998
EDUARDO COSTA,2024-09-10 14:43:58,100.7,11.0,-4.595143,-36.061925
EDUARDO COSTA,2024-09-10 14:46:18,100.2,11.1,-4.598073,-36.055308
EDUARDO COSTA,2024-09-10 14:53:50,101.9,11.5,-4.607911,-36.033451
EDUARDO COSTA,2024-09-10 14:57:07,100.1,11.5,-4.61218,-36.023783
EDUARDO COSTA,2024-09-10 14:59:10,98.9,11.7,-4.614665,-36.017665
EDUARDO COSTA,2024-09-10 15:01:31,100.4,11.5,-4.617665,-36.010665
EDUARDO COSTA,2024-09-10 15:05:45,98.7,11.7,-4.623165,-35.998165
EDUARDO COSTA,2024-09-10 15:18:21,98.4,11.1,-4.638665,-35.960831
EDUARDO COSTA,2024-09-10 15:53:25,101.2,11.0,-4.682013,-35.861181
EDUARDO COSTA,2024-09-10 17:49:48,102.1,11.7,-4.834175,-35.521831
EDUARDO COSTA,2024-09-10 19:32:28,100.6,11.1,-4.964111,-35.224798
EDUARDO COSTA,2024-09-10 19:34:41,99.7,11.2,-4.966831,-35.218331
EDUARDO COSTA,2024-09-10 19:37:06,98.5,11.4,-4.96967,-35.211331
EDUARDO COSTA,2024-09-10 19:39:15,100.4,11.3,-4.972251,-35.205116
EDUARDO COSTA,2024-09-10 19:51:43,97.7,10.9,-4.987165,-35.169165
EDUARDO COSTA,2024-09-10 19:58:23,99.9,11.0,-4.994873,-35.150325
EDUARDO COSTA,2024-09-10 23:49:57,154.4,10.8,-5.6759,-34.948601
EDUARDO COSTA,2024-09-11 00:04:17,151.0,11.3,-5.717853,-34.939843
EDUARDO COSTA,2024-09-11 00:42:00,153.3,10.7,-5.832606,-34.91482
EDUARDO COSTA,2024-09-11 00:44:47,152.7,10.9,-5.840743,-34.913045
EDUARDO COSTA,2024-09-11 00:49:17,153.5,11.0,-5.854316,-34.909946
EDUARDO COSTA,2024-09-11 01:19:05,153.5,11.4,-5.945331,-34.886998
EDUARDO COSTA,2024-09-11 01:22:18,153.8,11.3,-5.955335,-34.884903
EDUARDO COSTA,2024-09-11 01:25:18,155.2,11.4,-5.96468,-34.8831
EDUARDO COSTA,2024-09-11 01:29:58,153.3,10.7,-5.979085,-34.880188
EDUARDO COSTA,2024-09-11 01:36:10,149.8,10.8,-5.997431,-34.875731
EDUARDO COSTA,2024-09-11 01:40:00,151.7,10.7,-6.008686,-34.872635
EDUARDO COSTA,2024-09-11 01:57:08,152.7,11.4,-6.05909,-34.859551
EDUARDO COSTA,2024-09-11 01:59:18,150.1,11.3,-6.06565,-34.857853
EDUARDO COSTA,2024-09-11 02:01:54,150.2,11.3,-6.073665,-34.855665
EDUARDO COSTA,2024-09-11 02:35:23,151.3,11.5,-6.177021,-34.833386
EDUARDO COSTA,2024-09-11 05:56:04,160.0,12.7,-6.837575,-34.677235
EDUARDO COSTA,2024-09-11 06:30:38,151.3,12.6,-6.954998,-34.658665
EDUARDO COSTA,2024-09-11 06:34:15,153.8,12.8,-6.967498,-34.655665
EDUARDO COSTA,2024-09-11 07:04:19,163.9,12.6,-7.071498,-34.644998
EDUARDO COSTA,2024-09-11 07:06:56,162.9,12.5,-7.080665,-34.644498
EDUARDO COSTA,2024-09-11 07:10:39,164.1,12.6,-7.093665,-34.644165
EDUARDO COSTA,2024-09-11 07:40:06,169.7,12.7,-7.198331,-34.649498
EDUARDO COSTA,2024-09-11 07:42:29,169.7,12.8,-7.206796,-34.650061
EDUARDO COSTA,2024-09-11 07:54:25,154.9,12.6,-7.248256,-34.644998
EDUARDO COSTA,2024-09-11 07:56:31,155.7,12.5,-7.255665,-34.643498
EDUARDO COSTA,2024-09-11 08:00:19,162.4,12.6,-7.26872,-34.641603
EDUARDO COSTA,2024-09-11 08:03:18,161.6,12.7,-7.279286,-34.64086
EDUARDO COSTA,2024-09-11 08:07:12,164.2,12.8,-7.293165,-34.639831
EDUARDO COSTA,2024-09-11 08:15:52,166.4,12.3,-7.32438,-34.639536
EDUARDO COSTA,2024-09-11 08:18:52,168.0,12.2,-7.334608,-34.639535
EDUARDO COSTA,2024-09-11 08:52:16,165.5,11.9,-7.445983,-34.63733
EDUARDO COSTA,2024-09-11 11:51:05,195.3,12.5,-8.046531,-34.665271
EDUARDO COSTA,2024-09-11 11:51:41,195.2,12.6,-8.048431,-34.66633
EDUARDO COSTA,2024-09-11 11:52:09,194.0,12.7,-8.049828,-34.667088
EDUARDO COSTA,2024-09-11 11:52:32,196.2,12.6,-8.051073,-34.667758
EDUARDO COSTA,2024-09-11 11:52:52,196.2,12.6,-8.051998,-34.668331
EDUARDO COSTA,2024-09-11 11:53:32,192.0,12.6,-8.054176,-34.66947
EDUARDO COSTA,2024-09-11 11:53:35,193.7,12.7,-8.054338,-34.669546
EDUARDO COSTA,2024-09-11 11:53:41,194.9,12.6,-8.054598,-34.669681
EDUARDO COSTA,2024-09-11 11:54:02,193.5,12.7,-8.055665,-34.670331
EDUARDO COSTA,2024-09-11 11:54:09,196.7,12.6,-8.056053,-34.670475
EDUARDO COSTA,2024-09-11 11:56:19,187.4,12.3,-8.062911,-34.673675
EDUARDO COSTA,2024-09-11 12:33:19,193.3,12.6,-8.185116,-34.724498
EDUARDO COSTA,2024-09-11 13:06:19,201.2,12.9,-8.283478,-34.793715
EDUARDO COSTA,2024-09-11 13:08:53,201.9,12.4,-8.290831,-34.798998
EDUARDO COSTA,2024-09-11 13:11:41,201.9,12.0,-8.298555,-34.804428
EDUARDO COSTA,2024-09-11 13:17:36,199.3,10.4,-8.313916,-34.815126
EDUARDO COSTA,2024-09-11 13:40:39,218.9,9.0,-8.352175,-34.855763
EDUARDO COSTA,2024-09-11 13:42:53,214.8,8.6,-8.355831,-34.859831
EDUARDO COSTA,2024-09-11 13:45:23,208.3,8.5,-8.359981,-34.86426
EDUARDO COSTA,2024-09-11 13:57:06,210.7,3.2,-8.37434,-34.878183
EDUARDO COSTA,2024-09-11 13:59:09,220.0,2.7,-8.375423,-34.879486
EDUARDO COSTA,2024-09-11 14:03:20,223.1,2.0,-8.37703,-34.881426
EDUARDO COSTA,2024-09-11 14:08:52,219.7,1.6,-8.378665,-34.883831
EDUARDO COSTA,2024-09-11 14:18:05,304.0,0.9,-8.378046,-34.886035
EDUARDO COSTA,2024-09-11 19:35:55,358.6,3.4,-8.378585,-34.88702
EDUARDO COSTA,2024-09-11 20:03:25,248.7,5.5,-8.381873,-34.93649
EDUARDO COSTA,2024-09-11 20:08:09,242.3,5.2,-8.383665,-34.943331
EDUARDO COSTA,2024-09-11 20:24:39,189.7,2.0,-8.394653,-34.954681
EDUARDO COSTA,2024-09-11 20:47:12,159.6,0.0,-8.397445,-34.954188
EDUARDO COSTA,2024-09-12 01:34:18,160.0,0.0,-8.397331,-34.954165
EDUARDO COSTA,2024-09-12 08:43:18,159.7,0.0,-8.397331,-34.954165
EDUARDO COSTA,2024-09-12 12:43:19,159.5,0.0,-8.397331,-34.954165
EDUARDO COSTA,2024-09-12 19:37:18,160.1,0.0,-8.397331,-34.954165
EDUARDO COSTA,2024-09-13 00:01:16,159.6,0.0,-8.397403,-34.954196
EDUARDO COSTA,2024-09-13 00:32:10,319.4,1.4,-8.396941,-34.954781
EDUARDO COSTA,2024-09-13 01:01:45,38.3,9.3,-8.375731,-34.922735
EDUARDO COSTA,2024-09-13 01:06:38,35.9,9.8,-8.367283,-34.912915
EDUARDO COSTA,2024-09-13 01:12:29,33.4,10.6,-8.35584,-34.900496
EDUARDO COSTA,2024-09-13 01:19:29,32.8,11.5,-8.340643,-34.884403
EDUARDO COSTA,2024-09-13 01:20:56,35.7,11.4,-8.337498,-34.880998
EDUARDO COSTA,2024-09-13 01:24:11,35.9,11.8,-8.33056,-34.873006
EDUARDO COSTA,2024-09-13 01:40:54,35.4,12.4,-8.292778,-34.829521
EDUARDO COSTA,2024-09-13 01:45:25,41.8,12.2,-8.282173,-34.817726
EDUARDO COSTA,2024-09-13 01:50:37,41.0,12.3,-8.271665,-34.803331
EDUARDO COSTA,2024-09-13 02:12:43,34.3,12.5,-8.222665,-34.742998
EDUARDO COSTA,2024-09-13 02:14:50,30.5,12.5,-8.21759,-34.73765
EDUARDO COSTA,2024-09-13 02:18:30,33.6,12.8,-8.208685,-34.728256
EDUARDO COSTA,2024-09-13 05:07:58,345.0,12.8,-7.64438,-34.636271
EDUARDO COSTA,2024-09-13 05:10:45,343.8,12.6,-7.634503,-34.63646
EDUARDO COSTA,2024-09-13 06:12:43,347.2,13.2,-7.406498,-34.639165
EDUARDO COSTA,2024-09-13 06:15:15,347.0,13.2,-7.396965,-34.63936
EDUARDO COSTA,2024-09-13 06:17:45,347.6,13.2,-7.387683,-34.6395
EDUARDO COSTA,2024-09-13 06:50:56,344.4,13.3,-7.266156,-34.644585
EDUARDO COSTA,2024-09-13 06:56:06,346.0,13.4,-7.24681,-34.64572
EDUARDO COSTA,2024-09-13 06:58:23,351.1,13.4,-7.238165,-34.645831
EDUARDO COSTA,2024-09-13 07:20:53,348.3,13.4,-7.154331,-34.643165
EDUARDO COSTA,2024-09-13 07:23:19,348.2,13.4,-7.145165,-34.642831
EDUARDO COSTA,2024-09-13 07:25:29,345.9,13.1,-7.136998,-34.642665
EDUARDO COSTA,2024-09-13 07:30:53,345.2,13.4,-7.116998,-34.642998
EDUARDO COSTA,2024-09-13 07:47:53,345.8,13.1,-7.053165,-34.644831
EDUARDO COSTA,2024-09-13 10:33:55,330.4,13.7,-6.446526,-34.775455
EDUARDO COSTA,2024-09-13 11:08:29,332.2,13.9,-6.317665,-34.803165
EDUARDO COSTA,2024-09-13 11:11:10,331.7,14.1,-6.30749,-34.805786
EDUARDO COSTA,2024-09-13 11:35:34,335.0,13.7,-6.213833,-34.826651
EDUARDO COSTA,2024-09-13 11:35:44,335.3,13.7,-6.213205,-34.826791
EDUARDO COSTA,2024-09-13 11:36:21,335.5,13.7,-6.210953,-34.827308
EDUARDO COSTA,2024-09-13 11:36:34,335.1,13.8,-6.210076,-34.827488
EDUARDO COSTA,2024-09-13 11:37:25,335.7,13.6,-6.206953,-34.828173
EDUARDO COSTA,2024-09-13 11:37:37,337.1,13.6,-6.206165,-34.828331
EDUARDO COSTA,2024-09-13 11:37:41,334.4,13.7,-6.205951,-34.82837
EDUARDO COSTA,2024-09-13 11:38:17,334.1,13.7,-6.203665,-34.828831
EDUARDO COSTA,2024-09-13 11:38:21,336.1,13.7,-6.203456,-34.82892
EDUARDO COSTA,2024-09-13 11:40:56,334.6,14.1,-6.193665,-34.830998
EDUARDO COSTA,2024-09-13 11:43:18,334.7,14.2,-6.184498,-34.832998
EDUARDO COSTA,2024-09-13 12:14:18,332.4,14.4,-6.063171,-34.860483
EDUARDO COSTA,2024-09-13 12:22:21,340.1,14.2,-6.031893,-34.867933
EDUARDO COSTA,2024-09-13 12:52:44,332.8,14.1,-5.914471,-34.895058
EDUARDO COSTA,2024-09-13 12:53:01,334.7,14.1,-5.913498,-34.895331
EDUARDO COSTA,2024-09-13 12:53:36,334.8,14.1,-5.911165,-34.895831
EDUARDO COSTA,2024-09-13 12:53:48,333.3,14.1,-5.910363,-34.896016
EDUARDO COSTA,2024-09-13 12:53:55,334.1,14.1,-5.909981,-34.89612
EDUARDO COSTA,2024-09-13 12:55:58,334.5,14.2,-5.901998,-34.897998
EDUARDO COSTA,2024-09-13 12:57:13,332.8,14.1,-5.8972,-34.899
EDUARDO COSTA,2024-09-13 12:57:23,334.3,14.1,-5.896556,-34.89914
EDUARDO COSTA,2024-09-13 12:59:51,334.9,14.1,-5.887,-34.90115
EDUARDO COSTA,2024-09-13 13:06:36,335.2,14.1,-5.860865,-34.906835
EDUARDO COSTA,2024-09-13 13:28:29,334.4,14.5,-5.775286,-34.926005
EDUARDO COSTA,2024-09-13 13:31:14,333.6,14.5,-5.764331,-34.928665
EDUARDO COSTA,2024-09-13 13:39:59,335.2,14.6,-5.729998,-34.936998
EDUARDO COSTA,2024-09-13 13:42:15,335.2,14.7,-5.720998,-34.938998
EDUARDO COSTA,2024-09-13 13:47:43,334.4,14.2,-5.699498,-34.944331
EDUARDO COSTA,2024-09-13 13:50:23,332.4,14.1,-5.68906,-34.946738
EDUARDO COSTA,2024-09-13 14:02:21,334.0,14.6,-5.641938,-34.95777
EDUARDO COSTA,2024-09-13 14:05:21,333.0,14.8,-5.629831,-34.960498
EDUARDO COSTA,2024-09-13 14:36:55,334.7,14.5,-5.501665,-34.988831
EDUARDO COSTA,2024-09-13 17:04:30,275.1,13.6,-4.990665,-35.181498
EDUARDO COSTA,2024-09-13 17:08:51,274.9,13.4,-4.985428,-35.197116
EDUARDO COSTA,2024-09-13 18:04:13,279.5,13.7,-4.900236,-35.387713
EDUARDO COSTA,2024-09-13 18:24:43,281.3,13.7,-4.868665,-35.459331
EDUARDO COSTA,2024-09-13 18:27:34,280.7,13.6,-4.864115,-35.46922
EDUARDO COSTA,2024-09-13 19:12:13,278.9,13.6,-4.796331,-35.626165
EDUARDO COSTA,2024-09-13 19:15:13,278.2,13.6,-4.791998,-35.636831
EDUARDO COSTA,2024-09-13 19:56:26,280.7,13.7,-4.73142,-35.782766
EDUARDO COSTA,2024-09-14 00:06:16,279.6,13.3,-4.367395,-36.619875
EDUARDO COSTA,2024-09-14 00:08:45,279.0,13.1,-4.363831,-36.628331
EDUARDO COSTA,2024-09-14 00:23:45,280.7,13.4,-4.342531,-36.679563
EDUARDO COSTA,2024-09-14 00:26:13,280.6,13.2,-4.338998,-36.687998
EDUARDO COSTA,2024-09-14 00:40:46,279.4,13.2,-4.318271,-36.737538
EDUARDO COSTA,2024-09-14 00:43:05,281.5,13.4,-4.314993,-36.745556
EDUARDO COSTA,2024-09-14 00:43:25,281.7,13.5,-4.314473,-36.7467
EDUARDO COSTA,2024-09-14 00:43:46,282.3,13.5,-4.31394,-36.747841
EDUARDO COSTA,2024-09-14 00:45:05,283.0,13.7,-4.311743,-36.752428
EDUARDO COSTA,2024-09-14 01:11:45,278.6,13.1,-4.27017,-36.843555
EDUARDO COSTA,2024-09-14 01:13:06,278.5,13.1,-4.268336,-36.848118
EDUARDO COSTA,2024-09-14 01:16:06,278.4,13.2,-4.264241,-36.858356
EDUARDO COSTA,2024-09-14 01:49:56,282.3,13.2,-4.216183,-36.973506
EDUARDO COSTA,2024-09-14 03:02:39,280.2,13.8,-4.108331,-37.226331
EDUARDO COSTA,2024-09-14 05:15:41,281.1,13.9,-3.903165,-37.696165
EDUARDO COSTA,2024-09-14 05:17:57,280.5,14.0,-3.89965,-37.704353
EDUARDO COSTA,2024-09-14 05:52:24,278.7,13.9,-3.8457,-37.82727
EDUARDO COSTA,2024-09-14 05:54:32,279.6,13.9,-3.842561,-37.834943
EDUARDO COSTA,2024-09-14 05:56:36,279.1,13.8,-3.839556,-37.842388
EDUARDO COSTA,2024-09-14 06:23:44,279.3,13.7,-3.800241,-37.938335
EDUARDO COSTA,2024-09-14 06:37:40,281.7,13.9,-3.779903,-37.9879
EDUARDO COSTA,2024-09-14 06:39:46,281.3,13.9,-3.77662,-37.995363
EDUARDO COSTA,2024-09-14 06:41:48,280.5,13.8,-3.773408,-38.002581
EDUARDO COSTA,2024-09-14 07:41:46,281.2,14.0,-3.679088,-38.215276
EDUARDO COSTA,2024-09-14 08:22:17,259.1,13.6,-3.651811,-38.366293
EDUARDO COSTA,2024-09-14 08:44:54,234.1,11.4,-3.665665,-38.442165
EDUARDO COSTA,2024-09-14 12:26:37,170.3,0.2,-3.697165,-38.503331
EDUARDO COSTA,2024-09-14 19:05:38,79.6,0.0,-3.697831,-38.503331
EDUARDO COSTA,2024-09-15 00:53:36,170.2,0.3,-3.697831,-38.503331
EDUARDO COSTA,2024-09-15 10:50:38,115.6,0.0,-3.69697,-38.50314
EDUARDO COSTA,2024-09-15 12:02:37,101.3,0.0,-3.69707,-38.503228
EDUARDO COSTA,2024-09-15 17:17:37,347.2,0.1,-3.697665,-38.503331
EDUARDO COSTA,2024-09-16 00:44:37,178.5,0.2,-3.6977,-38.503271
EDUARDO COSTA,2024-09-16 01:05:36,170.4,0.3,-3.697878,-38.503271
EDUARDO COSTA,2024-09-17 12:23:38,14.6,0.1,-3.696966,-38.503231
EDUARDO COSTA,2024-09-17 12:32:34,97.3,0.0,-3.697165,-38.503331
EDUARDO COSTA,2024-09-17 12:33:52,96.8,0.0,-3.697165,-38.503331
EDUARDO COSTA,2024-09-17 12:36:30,96.7,0.0,-3.697165,-38.503331
EDUARDO COSTA,2024-09-17 16:04:41,357.7,0.1,-3.697645,-38.503343
EDUARDO COSTA,2024-09-17 16:09:33,175.9,0.1,-3.697751,-38.50333
EDUARDO COSTA,2024-09-17 16:26:36,166.9,0.2,-3.697958,-38.503311
EDUARDO COSTA,2024-09-17 16:27:24,74.5,0.0,-3.697988,-38.503298
EDUARDO COSTA,2024-09-17 16:29:06,71.4,0.0,-3.697991,-38.503258
EDUARDO COSTA,2024-09-17 16:29:20,71.3,0.0,-3.697988,-38.503256
EDUARDO COSTA,2024-09-17 16:29:24,71.2,0.0,-3.697988,-38.503255
EDUARDO COSTA,2024-09-17 16:31:36,344.3,0.1,-3.6979,-38.50328
EDUARDO COSTA,2024-09-17 16:31:54,345.0,0.2,-3.697888,-38.503286
EDUARDO COSTA,2024-09-17 16:32:20,346.3,0.1,-3.697831,-38.503331
EDUARDO COSTA,2024-09-17 16:33:00,78.2,0.0,-3.69784,-38.503315
EDUARDO COSTA,2024-09-18 10:48:33,354.5,10.3,-3.668066,-38.486906
EDUARDO COSTA,2024-09-18 10:52:36,354.3,9.6,-3.656561,-38.485388
EDUARDO COSTA,2024-09-18 11:20:21,142.4,4.7,-3.657665,-38.489165
EDUARDO COSTA,2024-09-18 11:23:08,138.3,5.9,-3.661518,-38.487251
EDUARDO COSTA,2024-09-18 11:25:24,150.0,6.0,-3.665165,-38.485998
EDUARDO COSTA,2024-09-18 11:27:37,152.6,5.9,-3.668831,-38.485165
EDUARDO COSTA,2024-09-18 11:30:14,165.7,5.8,-3.673165,-38.484665
EDUARDO COSTA,2024-09-18 11:57:49,135.0,1.9,-3.706331,-38.483998
EDUARDO COSTA,2024-09-18 12:12:27,194.3,0.2,-3.70927,-38.482793
EDUARDO COSTA,2024-09-19 03:45:22,165.3,0.0,-3.709331,-38.482998
EDUARDO COSTA,2024-09-19 05:00:21,165.2,0.0,-3.709423,-38.483033
EDUARDO COSTA,2024-09-19 05:33:21,165.3,0.0,-3.70944,-38.483021
EDUARDO COSTA,2024-09-19 23:36:22,164.9,0.0,-3.709331,-38.482998
EDUARDO COSTA,2024-09-20 04:00:20,165.2,0.0,-3.709455,-38.482996
EDUARDO COSTA,2024-09-20 05:56:23,351.8,5.4,-3.683821,-38.488568
EDUARDO COSTA,2024-09-20 09:26:50,100.5,10.1,-3.804546,-37.932088
EDUARDO COSTA,2024-09-20 09:57:32,100.6,10.4,-3.83999,-37.850133
EDUARDO COSTA,2024-09-20 09:59:33,99.6,10.4,-3.842271,-37.844823
EDUARDO COSTA,2024-09-20 10:01:43,100.9,10.4,-3.844748,-37.839066
EDUARDO COSTA,2024-09-20 10:13:30,99.4,10.2,-3.85858,-37.807713
EDUARDO COSTA,2024-09-20 10:16:57,100.8,10.4,-3.862665,-37.798665
EDUARDO COSTA,2024-09-20 10:24:29,99.7,10.7,-3.871726,-37.778126
EDUARDO COSTA,2024-09-20 10:36:29,99.5,10.9,-3.885966,-37.745393
EDUARDO COSTA,2024-09-20 10:38:57,100.5,10.9,-3.888998,-37.738665
EDUARDO COSTA,2024-09-20 11:06:26,99.4,11.0,-3.921831,-37.662831
EDUARDO COSTA,2024-09-20 11:09:23,100.0,10.8,-3.925256,-37.654515
EDUARDO COSTA,2024-09-20 11:10:01,98.8,11.0,-3.925998,-37.652831
EDUARDO COSTA,2024-09-20 12:11:09,101.5,11.2,-4.000361,-37.480498
EDUARDO COSTA,2024-09-20 16:35:10,97.9,12.0,-4.346165,-36.678998
EDUARDO COSTA,2024-09-20 17:31:09,99.4,11.2,-4.416566,-36.512173
EDUARDO COSTA,2024-09-20 21:42:40,100.6,11.0,-4.710506,-35.825745
EDUARDO COSTA,2024-09-20 21:46:11,101.0,11.1,-4.714998,-35.815831
EDUARDO COSTA,2024-09-20 22:36:28,99.1,11.2,-4.776235,-35.673638
EDUARDO COSTA,2024-09-20 22:57:00,98.5,11.3,-4.801165,-35.614165
EDUARDO COSTA,2024-09-20 23:03:54,100.0,11.3,-4.809331,-35.593998
EDUARDO COSTA,2024-09-21 02:57:51,157.6,11.2,-5.218368,-35.05535
EDUARDO COSTA,2024-09-21 03:00:20,153.6,11.1,-5.225998,-35.053665
EDUARDO COSTA,2024-09-21 03:31:27,152.0,11.4,-5.32114,-35.031858
EDUARDO COSTA,2024-09-21 03:34:04,151.9,11.3,-5.329215,-35.029741
EDUARDO COSTA,2024-09-21 03:36:07,151.5,11.4,-5.335548,-35.02806
EDUARDO COSTA,2024-09-21 04:07:13,155.0,11.1,-5.43149,-35.006413
EDUARDO COSTA,2024-09-21 04:09:24,153.9,11.2,-5.438331,-35.004998
EDUARDO COSTA,2024-09-21 04:15:05,153.6,11.5,-5.455665,-35.000665
EDUARDO COSTA,2024-09-21 04:39:28,152.1,11.4,-5.531265,-34.982676
EDUARDO COSTA,2024-09-21 04:42:25,152.4,11.3,-5.540331,-34.980331
EDUARDO COSTA,2024-09-21 05:02:41,154.5,11.0,-5.603331,-34.965165
EDUARDO COSTA,2024-09-21 05:20:02,153.7,11.2,-5.655961,-34.954708
EDUARDO COSTA,2024-09-21 07:51:11,154.4,11.3,-6.120423,-34.846525
EDUARDO COSTA,2024-09-21 08:55:45,151.0,11.2,-6.320331,-34.801665
EDUARDO COSTA,2024-09-21 08:58:51,151.7,11.5,-6.329998,-34.799165
EDUARDO COSTA,2024-09-21 09:20:48,151.2,11.4,-6.397113,-34.781731
EDUARDO COSTA,2024-09-21 09:34:08,153.7,11.2,-6.438028,-34.77154
EDUARDO COSTA,2024-09-21 09:37:40,151.6,11.2,-6.448831,-34.768998
EDUARDO COSTA,2024-09-21 10:08:05,153.7,11.4,-6.541998,-34.745165
EDUARDO COSTA,2024-09-21 10:09:08,153.1,11.3,-6.545303,-34.744328
EDUARDO COSTA,2024-09-21 10:10:41,152.2,11.5,-6.550156,-34.743093
EDUARDO COSTA,2024-09-21 10:11:28,153.3,11.4,-6.552526,-34.742505
EDUARDO COSTA,2024-09-21 10:13:51,152.3,11.4,-6.559831,-34.740665
EDUARDO COSTA,2024-09-21 10:44:25,152.6,11.7,-6.654165,-34.715665
EDUARDO COSTA,2024-09-21 10:50:15,166.4,12.0,-6.673165,-34.713165
EDUARDO COSTA,2024-09-21 11:05:22,153.7,11.8,-6.72271,-34.708648
EDUARDO COSTA,2024-09-21 14:52:48,165.9,11.7,-7.45441,-34.639311
EDUARDO COSTA,2024-09-21 15:34:38,165.4,11.6,-7.591888,-34.635791
EDUARDO COSTA,2024-09-21 15:37:42,164.4,11.7,-7.601921,-34.635541
EDUARDO COSTA,2024-09-21 15:51:01,167.0,11.8,-7.64568,-34.636285
EDUARDO COSTA,2024-09-21 15:54:14,167.7,11.8,-7.656331,-34.636498
EDUARDO COSTA,2024-09-21 16:01:13,165.1,11.8,-7.679331,-34.636831
EDUARDO COSTA,2024-09-21 16:03:57,164.6,11.8,-7.688348,-34.636731
EDUARDO COSTA,2024-09-21 16:33:18,163.6,11.9,-7.785876,-34.635408
EDUARDO COSTA,2024-09-21 16:39:58,165.3,11.8,-7.807975,-34.634641
EDUARDO COSTA,2024-09-21 17:05:04,165.6,11.9,-7.891998,-34.633665
EDUARDO COSTA,2024-09-21 17:14:45,165.0,11.8,-7.979998,-34.635331
EDUARDO COSTA,2024-09-21 17:15:02,165.4,11.8,-7.980971,-34.63527
EDUARDO COSTA,2024-09-21 17:15:28,165.0,11.7,-7.982498,-34.635331
EDUARDO COSTA,2024-09-21 17:15:39,165.2,11.8,-7.982998,-34.635331
EDUARDO COSTA,2024-09-21 17:15:55,165.9,11.8,-7.983951,-34.635225
EDUARDO COSTA,2024-09-21 17:16:05,167.3,12.0,-7.984498,-34.635165
EDUARDO COSTA,2024-09-21 17:16:12,165.2,11.8,-7.984838,-34.635226
EDUARDO COSTA,2024-09-21 17:16:18,165.2,11.8,-7.985165,-34.635165
EDUARDO COSTA,2024-09-21 17:16:32,164.4,11.9,-7.985945,-34.635213
EDUARDO COSTA,2024-09-21 19:02:45,185.9,12.3,-8.277665,-34.688998
EDUARDO COSTA,2024-09-21 19:59:40,184.5,12.6,-8.463998,-34.756165
EDUARDO COSTA,2024-09-21 20:45:18,189.6,12.4,-8.615361,-34.80896
EDUARDO COSTA,2024-09-21 20:47:31,174.1,12.1,-8.622673,-34.810563
EDUARDO COSTA,2024-09-21 20:50:48,183.2,12.2,-8.633576,-34.812041
EDUARDO COSTA,2024-09-21 20:50:52,182.0,12.2,-8.633795,-34.812116
EDUARDO COSTA,2024-09-21 21:23:02,186.5,12.2,-8.73506,-34.85784
EDUARDO COSTA,2024-09-21 21:44:30,187.7,12.4,-8.804831,-34.883498
EDUARDO COSTA,2024-09-21 23:47:41,204.4,12.8,-9.195151,-35.076413
EDUARDO COSTA,2024-09-22 01:27:25,203.2,13.2,-9.484498,-35.300665
EDUARDO COSTA,2024-09-22 02:20:35,204.0,13.0,-9.637331,-35.421665
EDUARDO COSTA,2024-09-22 02:28:38,205.1,13.1,-9.660831,-35.439831
EDUARDO COSTA,2024-09-22 02:30:51,204.0,13.2,-9.667165,-35.444831
EDUARDO COSTA,2024-09-22 02:35:11,203.5,12.9,-9.679815,-35.454548
EDUARDO COSTA,2024-09-22 03:06:45,202.3,12.9,-9.77028,-35.525161
EDUARDO COSTA,2024-09-22 03:11:48,204.2,13.0,-9.784765,-35.53651
EDUARDO COSTA,2024-09-22 03:14:05,205.7,12.9,-9.791348,-35.541713
EDUARDO COSTA,2024-09-22 03:16:42,203.8,13.1,-9.798811,-35.547595
EDUARDO COSTA,2024-09-22 03:39:35,203.5,12.7,-9.864831,-35.598165
EDUARDO COSTA,2024-09-22 03:41:38,202.6,12.7,-9.870678,-35.602538
EDUARDO COSTA,2024-09-22 03:44:25,203.1,12.7,-9.878665,-35.608498
EDUARDO COSTA,2024-09-22 03:55:05,204.9,12.8,-9.909165,-35.631498
EDUARDO COSTA,2024-09-22 03:58:43,203.5,12.8,-9.919498,-35.639498
EDUARDO COSTA,2024-09-22 04:01:05,201.7,12.9,-9.926331,-35.644665
EDUARDO COSTA,2024-09-22 04:15:55,203.5,13.3,-9.969665,-35.676998
EDUARDO COSTA,2024-09-22 09:07:40,205.3,12.6,-10.805506,-36.332481
EDUARDO COSTA,2024-09-22 09:10:51,206.0,12.5,-10.814165,-36.339665
EDUARDO COSTA,2024-09-22 09:13:11,204.0,12.5,-10.820665,-36.344831
EDUARDO COSTA,2024-09-22 09:42:37,205.0,13.0,-10.902736,-36.412928
EDUARDO COSTA,2024-09-22 11:45:07,205.0,12.9,-11.255565,-36.67977
EDUARDO COSTA,2024-09-22 11:47:10,203.9,12.9,-11.261331,-36.684331
EDUARDO COSTA,2024-09-22 11:49:27,204.6,12.8,-11.267901,-36.68953
EDUARDO COSTA,2024-09-22 11:49:30,202.5,12.8,-11.267998,-36.689665
EDUARDO COSTA,2024-09-22 13:05:30,204.6,12.9,-11.483665,-36.863998
EDUARDO COSTA,2024-09-22 13:06:16,203.4,12.9,-11.485851,-36.865795
EDUARDO COSTA,2024-09-22 15:29:17,204.6,12.9,-11.900541,-37.189206
EDUARDO COSTA,2024-09-22 16:06:29,203.0,12.9,-12.006998,-37.273331
EDUARDO COSTA,2024-09-22 16:09:25,203.0,13.0,-12.015585,-37.28
EDUARDO COSTA,2024-09-22 16:11:21,203.8,12.9,-12.02111,-37.284358
EDUARDO COSTA,2024-09-22 16:12:12,203.3,12.9,-12.023488,-37.286245
EDUARDO COSTA,2024-09-22 16:12:28,203.6,12.8,-12.024338,-37.286933
EDUARDO COSTA,2024-09-22 16:13:45,204.7,13.0,-12.027975,-37.289776
EDUARDO COSTA,2024-09-22 18:49:18,203.5,13.0,-12.479145,-37.644421
EDUARDO COSTA,2024-09-22 19:48:15,203.8,13.3,-12.654831,-37.777998
EDUARDO COSTA,2024-09-22 20:44:34,208.3,13.5,-12.821665,-37.910331
EDUARDO COSTA,2024-09-22 21:31:01,202.7,13.7,-12.954498,-38.025665
EDUARDO COSTA,2024-09-22 22:04:32,169.0,12.7,-13.060873,-38.08649
EDUARDO COSTA,2024-09-22 22:08:31,169.8,12.7,-13.075103,-38.087183
EDUARDO COSTA,2024-09-22 22:13:01,168.1,12.8,-13.091198,-38.087878
EDUARDO COSTA,2024-09-22 22:48:31,162.5,13.0,-13.219435,-38.090066
EDUARDO COSTA,2024-09-22 23:27:55,166.4,12.8,-13.360665,-38.086665
EDUARDO COSTA,2024-09-22 23:48:08,163.4,13.0,-13.433998,-38.086831
EDUARDO COSTA,2024-09-23 00:50:28,167.1,12.9,-13.660665,-38.084831
EDUARDO COSTA,2024-09-23 00:50:48,168.0,13.0,-13.661998,-38.084998
EDUARDO COSTA,2024-09-23 00:51:48,167.0,13.1,-13.665498,-38.084998
EDUARDO COSTA,2024-09-23 00:53:46,167.4,13.1,-13.672831,-38.085331
EDUARDO COSTA,2024-09-23 01:12:55,171.1,13.1,-13.743076,-38.088018
EDUARDO COSTA,2024-09-23 01:14:12,169.6,13.1,-13.747831,-38.088165
EDUARDO COSTA,2024-09-23 01:31:18,165.7,13.0,-13.810286,-38.089961
EDUARDO COSTA,2024-09-23 01:33:39,167.0,13.1,-13.818831,-38.089998
EDUARDO COSTA,2024-09-23 02:06:09,165.3,12.6,-13.935331,-38.089665
EDUARDO COSTA,2024-09-23 02:12:02,165.7,12.5,-13.955998,-38.089498
EDUARDO COSTA,2024-09-23 02:37:42,165.0,12.6,-14.046945,-38.089541
EDUARDO COSTA,2024-09-23 02:40:29,167.3,12.9,-14.056831,-38.089665
EDUARDO COSTA,2024-09-23 02:43:22,166.1,12.9,-14.06726,-38.089773
EDUARDO COSTA,2024-09-23 02:57:06,166.3,12.8,-14.11656,-38.089908
EDUARDO COSTA,2024-09-23 03:01:06,168.0,13.0,-14.131096,-38.090085
EDUARDO COSTA,2024-09-23 03:11:15,166.1,13.2,-14.168251,-38.090533
EDUARDO COSTA,2024-09-23 03:14:06,166.5,13.3,-14.178735,-38.090766
EDUARDO COSTA,2024-09-23 03:56:42,165.5,13.1,-14.335998,-38.090165
EDUARDO COSTA,2024-09-23 04:21:55,166.5,13.0,-14.428373,-38.090093
EDUARDO COSTA,2024-09-23 04:26:22,168.0,13.1,-14.444495,-38.090358
EDUARDO COSTA,2024-09-23 04:44:02,164.4,12.9,-14.508831,-38.090331
EDUARDO COSTA,2024-09-23 06:54:42,165.1,13.2,-14.998326,-38.091368
EDUARDO COSTA,2024-09-23 07:29:22,165.4,13.1,-15.127376,-38.09106
EDUARDO COSTA,2024-09-23 07:35:12,165.2,13.2,-15.149068,-38.090933
EDUARDO COSTA,2024-09-23 07:38:02,166.0,13.3,-15.159678,-38.090891
EDUARDO COSTA,2024-09-23 08:12:48,166.8,13.4,-15.289998,-38.090331
EDUARDO COSTA,2024-09-23 09:19:53,167.7,13.7,-15.545403,-38.090481
EDUARDO COSTA,2024-09-23 10:01:16,164.6,13.6,-15.703505,-38.091711
EDUARDO COSTA,2024-09-23 10:06:39,164.9,13.3,-15.723831,-38.091831
EDUARDO COSTA,2024-09-23 10:33:55,164.7,13.3,-15.82567,-38.090478
EDUARDO COSTA,2024-09-23 10:47:32,164.1,13.4,-15.876498,-38.089665
EDUARDO COSTA,2024-09-23 11:53:19,166.3,13.1,-16.117253,-38.091733
EDUARDO COSTA,2024-09-23 12:49:02,168.9,13.2,-16.323165,-38.095998
EDUARDO COSTA,2024-09-23 13:32:52,164.6,12.8,-16.48426,-38.096321
EDUARDO COSTA,2024-09-23 14:37:25,168.1,13.4,-16.720061,-38.096626
EDUARDO COSTA,2024-09-23 15:03:35,168.3,13.8,-16.819693,-38.099228
EDUARDO COSTA,2024-09-23 15:19:22,165.0,13.8,-16.880831,-38.099165
EDUARDO COSTA,2024-09-23 15:40:38,167.2,13.6,-16.96266,-38.099995
EDUARDO COSTA,2024-09-23 15:42:48,167.7,13.6,-16.970998,-38.100165
EDUARDO COSTA,2024-09-23 15:51:59,166.0,13.9,-17.006331,-38.100498
EDUARDO COSTA,2024-09-23 16:18:57,163.5,13.7,-17.109898,-38.098823
EDUARDO COSTA,2024-09-23 16:20:17,165.2,13.6,-17.114998,-38.098665
EDUARDO COSTA,2024-09-23 16:21:46,163.1,13.6,-17.120273,-38.098605
EDUARDO COSTA,2024-09-23 16:21:53,165.1,13.6,-17.121165,-38.098498
EDUARDO COSTA,2024-09-23 16:22:57,163.5,13.6,-17.125165,-38.098498
EDUARDO COSTA,2024-09-23 16:23:04,164.0,13.6,-17.125603,-38.098451
EDUARDO COSTA,2024-09-23 16:23:28,165.1,13.6,-17.126998,-38.098331
EDUARDO COSTA,2024-09-23 16:23:51,165.6,13.5,-17.128516,-38.098351
EDUARDO COSTA,2024-09-23 16:23:56,165.6,13.5,-17.128516,-38.098351
EDUARDO COSTA,2024-09-23 16:24:57,164.9,13.5,-17.13276,-38.098235
EDUARDO COSTA,2024-09-23 16:28:17,164.3,13.7,-17.145498,-38.097831
EDUARDO COSTA,2024-09-23 17:04:33,167.3,13.7,-17.284331,-38.096998
EDUARDO COSTA,2024-09-23 18:02:04,167.5,13.6,-17.504028,-38.096976
EDUARDO COSTA,2024-09-23 18:41:17,166.9,14.4,-17.659998,-38.096498
EDUARDO COSTA,2024-09-23 18:47:15,167.7,14.3,-17.683998,-38.097331
EDUARDO COSTA,2024-09-23 20:33:54,215.5,13.3,-18.07181,-38.164328
EDUARDO COSTA,2024-09-23 20:34:38,213.8,13.3,-18.07365,-38.166465
EDUARDO COSTA,2024-09-23 20:38:01,205.6,13.7,-18.083331,-38.175165
EDUARDO COSTA,2024-09-23 20:38:24,206.2,13.6,-18.084528,-38.176173
EDUARDO COSTA,2024-09-23 21:08:24,205.3,13.6,-18.174346,-38.251426
EDUARDO COSTA,2024-09-23 21:10:27,204.9,13.7,-18.180566,-38.256583
EDUARDO COSTA,2024-09-23 21:17:08,206.0,13.7,-18.20038,-38.273506
EDUARDO COSTA,2024-09-23 21:22:41,207.1,13.7,-18.216665,-38.287998
EDUARDO COSTA,2024-09-23 21:44:37,208.7,13.7,-18.2807,-38.344626
EDUARDO COSTA,2024-09-23 21:49:01,208.1,13.5,-18.293178,-38.35634
EDUARDO COSTA,2024-09-23 22:15:18,208.1,13.5,-18.36656,-38.427341
EDUARDO COSTA,2024-09-23 22:16:01,206.7,13.5,-18.368655,-38.429258
EDUARDO COSTA,2024-09-23 22:23:23,204.0,14.1,-18.390498,-38.447831
EDUARDO COSTA,2024-09-23 22:49:14,202.8,13.5,-18.467665,-38.513165
EDUARDO COSTA,2024-09-23 22:58:41,207.8,13.4,-18.49472,-38.537185
EDUARDO COSTA,2024-09-23 23:25:15,208.2,13.5,-18.571525,-38.604966
EDUARDO COSTA,2024-09-23 23:59:22,205.9,13.3,-18.669971,-38.691738
EDUARDO COSTA,2024-09-24 00:29:55,206.4,13.6,-18.757381,-38.771413
EDUARDO COSTA,2024-09-24 00:31:04,207.2,13.6,-18.760665,-38.774331
EDUARDO COSTA,2024-09-24 00:32:55,206.3,13.5,-18.766111,-38.779113
EDUARDO COSTA,2024-09-24 01:07:12,205.9,13.5,-18.865291,-38.867138
EDUARDO COSTA,2024-09-24 01:09:28,206.4,13.6,-18.871901,-38.872986
EDUARDO COSTA,2024-09-24 01:12:16,206.5,13.6,-18.880058,-38.880138
EDUARDO COSTA,2024-09-24 01:15:01,207.1,13.5,-18.888161,-38.88733
EDUARDO COSTA,2024-09-24 01:20:26,207.2,13.4,-18.90391,-38.901083
EDUARDO COSTA,2024-09-24 01:38:05,207.7,13.5,-18.954665,-38.946665
EDUARDO COSTA,2024-09-24 01:42:18,208.1,13.6,-18.966665,-38.957665
EDUARDO COSTA,2024-09-24 02:13:02,206.0,13.4,-19.053696,-39.039111
EDUARDO COSTA,2024-09-24 02:17:34,206.4,13.6,-19.066831,-39.050665
EDUARDO COSTA,2024-09-24 02:19:41,207.6,13.4,-19.072888,-39.056191
EDUARDO COSTA,2024-09-24 02:57:39,207.3,13.5,-19.183831,-39.151998
EDUARDO COSTA,2024-09-24 06:01:59,209.2,14.3,-19.726741,-39.637593
EDUARDO COSTA,2024-09-24 07:07:05,206.4,14.2,-19.925165,-39.814165
EDUARDO COSTA,2024-09-24 07:09:09,207.6,14.2,-19.931331,-39.819831
EDUARDO COSTA,2024-09-24 07:11:17,207.9,14.1,-19.937831,-39.825498
EDUARDO COSTA,2024-09-24 07:40:25,206.6,14.3,-20.026331,-39.903998
EDUARDO COSTA,2024-09-24 07:43:49,205.7,14.2,-20.036831,-39.913165
EDUARDO COSTA,2024-09-24 08:55:05,182.3,13.9,-20.299331,-40.007665
EDUARDO COSTA,2024-09-24 08:58:01,181.0,14.0,-20.310498,-40.010998
EDUARDO COSTA,2024-09-24 09:46:19,180.6,14.0,-20.492331,-40.065831
EDUARDO COSTA,2024-09-24 09:49:17,179.9,14.0,-20.503498,-40.068831
EDUARDO COSTA,2024-09-24 09:51:19,179.4,14.1,-20.511331,-40.070831
EDUARDO COSTA,2024-09-24 09:53:47,179.5,14.1,-20.520665,-40.073498
EDUARDO COSTA,2024-09-24 10:47:27,179.8,14.3,-20.723998,-40.131165
EDUARDO COSTA,2024-09-24 10:51:21,180.4,14.4,-20.739248,-40.135028
EDUARDO COSTA,2024-09-24 10:51:31,181.0,14.4,-20.739831,-40.135165
EDUARDO COSTA,2024-09-24 11:38:11,183.6,14.1,-20.919498,-40.186498
EDUARDO COSTA,2024-09-24 11:40:53,184.9,14.2,-20.929831,-40.189831
EDUARDO COSTA,2024-09-24 13:18:45,182.4,14.8,-21.317381,-40.305135
EDUARDO COSTA,2024-09-24 14:15:01,180.2,15.0,-21.541498,-40.369831
EDUARDO COSTA,2024-09-24 14:23:49,182.2,14.7,-21.576665,-40.380498
EDUARDO COSTA,2024-09-24 15:07:07,182.8,13.8,-21.743838,-40.43134
EDUARDO COSTA,2024-09-24 15:25:12,183.7,13.6,-21.809665,-40.452831
EDUARDO COSTA,2024-09-24 15:52:25,189.1,13.3,-21.905898,-40.490143
EDUARDO COSTA,2024-09-24 15:55:15,193.6,13.2,-21.915563,-40.494625
EDUARDO COSTA,2024-09-24 15:59:41,210.4,13.5,-21.929165,-40.504831
EDUARDO COSTA,2024-09-24 16:25:24,214.4,13.6,-21.991498,-40.585665
EDUARDO COSTA,2024-09-24 16:29:11,217.0,13.8,-22.001176,-40.597148
EDUARDO COSTA,2024-09-24 16:33:53,209.0,13.7,-22.013428,-40.611553
EDUARDO COSTA,2024-09-24 16:33:54,209.0,13.7,-22.013428,-40.611553
EDUARDO COSTA,2024-09-24 16:34:59,208.9,13.8,-22.01655,-40.614605
EDUARDO COSTA,2024-09-24 16:38:00,209.2,13.7,-22.025108,-40.62298
EDUARDO COSTA,2024-09-24 16:38:03,208.1,13.8,-22.025165,-40.623165
EDUARDO COSTA,2024-09-24 16:38:29,208.8,13.8,-22.026541,-40.624371
EDUARDO COSTA,2024-09-24 16:39:55,209.0,13.9,-22.030665,-40.628331
EDUARDO COSTA,2024-09-24 16:40:39,209.4,13.9,-22.032665,-40.630498
EDUARDO COSTA,2024-09-24 16:41:19,207.7,14.0,-22.034665,-40.632331
EDUARDO COSTA,2024-09-24 16:43:17,207.1,14.0,-22.040498,-40.637665
EDUARDO COSTA,2024-09-24 16:43:31,206.3,13.9,-22.041165,-40.638165
EDUARDO COSTA,2024-09-24 16:50:47,204.4,13.9,-22.063165,-40.657331
EDUARDO COSTA,2024-09-24 16:54:55,202.9,13.8,-22.075665,-40.668165
EDUARDO COSTA,2024-09-24 16:57:18,205.4,14.0,-22.082831,-40.674498
EDUARDO COSTA,2024-09-24 17:07:40,205.9,14.2,-22.114331,-40.702165
EDUARDO COSTA,2024-09-24 17:10:48,206.2,14.2,-22.123998,-40.710831
EDUARDO COSTA,2024-09-24 17:51:31,206.0,14.0,-22.249378,-40.821746
EDUARDO COSTA,2024-09-24 18:19:44,214.0,14.2,-22.326331,-40.908665
EDUARDO COSTA,2024-09-24 18:51:50,204.9,14.4,-22.415665,-41.006498
EDUARDO COSTA,2024-09-24 19:27:37,217.5,14.3,-22.505798,-41.125825
EDUARDO COSTA,2024-09-24 19:33:31,219.0,14.0,-22.519853,-41.145873
EDUARDO COSTA,2024-09-24 20:19:20,217.9,13.9,-22.627498,-41.299165
EDUARDO COSTA,2024-09-24 20:38:51,207.9,14.1,-22.680998,-41.357331
EDUARDO COSTA,2024-09-24 21:17:39,218.6,14.1,-22.789998,-41.470831
EDUARDO COSTA,2024-09-24 21:20:13,217.7,14.0,-22.796498,-41.479165
EDUARDO COSTA,2024-09-24 21:22:59,218.3,14.0,-22.80331,-41.488418
EDUARDO COSTA,2024-09-24 21:26:44,217.3,14.1,-22.812495,-41.500835
EDUARDO COSTA,2024-09-24 21:44:56,217.9,14.1,-22.857165,-41.561498
EDUARDO COSTA,2024-09-24 21:52:48,220.2,14.1,-22.875998,-41.588331
EDUARDO COSTA,2024-09-24 21:58:03,219.1,14.3,-22.888331,-41.606331
EDUARDO COSTA,2024-09-24 22:02:59,218.8,14.0,-22.899998,-41.623331
EDUARDO COSTA,2024-09-24 22:21:50,217.2,14.1,-22.947165,-41.686165
EDUARDO COSTA,2024-09-24 22:26:28,214.9,14.2,-22.959331,-41.701165
EDUARDO COSTA,2024-09-24 22:31:34,212.0,14.3,-22.972998,-41.717331
EDUARDO COSTA,2024-09-24 22:39:16,215.5,14.4,-22.993998,-41.741998
EDUARDO COSTA,2024-09-24 22:57:23,175.3,13.9,-23.051998,-41.781498
EDUARDO COSTA,2024-09-24 23:09:03,234.1,14.3,-23.086998,-41.810498
EDUARDO COSTA,2024-09-24 23:14:31,246.6,14.4,-23.091998,-41.833498
EDUARDO COSTA,2024-09-24 23:40:28,253.9,14.2,-23.095665,-41.944165
EDUARDO COSTA,2024-09-25 00:37:39,252.1,14.1,-23.093165,-42.189831
EDUARDO COSTA,2024-09-25 00:40:31,253.0,14.0,-23.093905,-42.20212
EDUARDO COSTA,2024-09-25 01:15:00,262.8,13.5,-23.095118,-42.346285
EDUARDO COSTA,2024-09-25 01:41:12,256.4,13.7,-23.090998,-42.454165
EDUARDO COSTA,2024-09-25 01:49:38,258.1,13.8,-23.091096,-42.489303
EDUARDO COSTA,2024-09-25 01:55:20,255.6,14.0,-23.091165,-42.513165
EDUARDO COSTA,2024-09-25 03:52:00,237.4,12.8,-23.094861,-42.981471
EDUARDO COSTA,2024-09-25 04:26:33,236.3,13.0,-23.136498,-43.108498
EDUARDO COSTA,2024-09-25 04:27:40,235.7,12.9,-23.13782,-43.112618
EDUARDO COSTA,2024-09-25 04:31:12,240.2,13.1,-23.141681,-43.125936
EDUARDO COSTA,2024-09-25 04:38:22,246.0,13.0,-23.148165,-43.153498
EDUARDO COSTA,2024-09-25 05:31:43,248.2,13.1,-23.17798,-43.360425
EDUARDO COSTA,2024-09-25 05:34:20,247.3,13.0,-23.179478,-43.370606
EDUARDO COSTA,2024-09-25 06:11:45,249.2,13.5,-23.200331,-43.518165
EDUARDO COSTA,2024-09-25 06:14:32,247.9,13.5,-23.201736,-43.529391
EDUARDO COSTA,2024-09-25 06:42:47,239.8,13.6,-23.227331,-43.641165
EDUARDO COSTA,2024-09-25 07:18:09,241.3,13.9,-23.265498,-43.783165
EDUARDO COSTA,2024-09-25 07:49:31,240.8,13.7,-23.298858,-43.909718
EDUARDO COSTA,2024-09-25 09:43:42,221.5,13.5,-23.490845,-44.326786
EDUARDO COSTA,2024-09-25 09:45:54,207.3,13.2,-23.496118,-44.333606
EDUARDO COSTA,2024-09-25 09:48:18,198.3,13.2,-23.503331,-44.338998
EDUARDO COSTA,2024-09-25 09:50:54,198.2,13.2,-23.511615,-44.34413
EDUARDO COSTA,2024-09-25 11:26:37,219.9,13.7,-23.70052,-44.674065
EDUARDO COSTA,2024-09-25 11:30:21,220.6,13.7,-23.708831,-44.686665
EDUARDO COSTA,2024-09-25 13:14:29,218.4,13.1,-23.913665,-45.044165
EDUARDO COSTA,2024-09-25 13:18:23,218.4,13.1,-23.922331,-45.056498
EDUARDO COSTA,2024-09-25 13:23:21,219.9,13.2,-23.933331,-45.072331
EDUARDO COSTA,2024-09-25 14:04:56,222.8,12.7,-24.026331,-45.204998
EDUARDO COSTA,2024-09-25 14:55:56,261.7,12.2,-24.025665,-45.393498
EDUARDO COSTA,2024-09-25 14:58:58,263.0,12.5,-24.024548,-45.404895
EDUARDO COSTA,2024-09-25 15:31:31,345.5,11.7,-23.957498,-45.486831
EDUARDO COSTA,2024-09-25 15:34:06,342.5,11.5,-23.949098,-45.487378
EDUARDO COSTA,2024-09-25 16:41:59,57.2,5.0,-23.891171,-45.514505
EDUARDO COSTA,2024-09-25 16:54:09,77.5,5.9,-23.890831,-45.488165
EDUARDO COSTA,2024-09-25 17:15:37,33.2,1.2,-23.880548,-45.465686
EDUARDO COSTA,2024-09-29 05:35:26,39.7,0.0,-23.838268,-45.426386
EDUARDO COSTA,2024-09-29 23:47:27,329.9,0.4,-23.837916,-45.4275
EDUARDO COSTA,2024-09-30 04:44:26,150.5,0.2,-23.83841,-45.427486
EDUARDO COSTA,2024-09-30 14:39:39,17.2,3.7,-23.815165,-45.389665
EDUARDO COSTA,2024-09-30 15:06:46,356.0,1.2,-23.802268,-45.38326
EDUARDO COSTA,2024-10-01 01:13:25,208.5,0.0,-23.801236,-45.384225
EDUARDO COSTA,2024-10-01 05:58:25,208.5,0.0,-23.801165,-45.384331
EDUARDO COSTA,2024-10-01 20:46:25,208.6,0.0,-23.801138,-45.384285
EDUARDO COSTA,2024-10-02 01:16:24,208.2,0.0,-23.801331,-45.384165
EDUARDO COSTA,2024-10-02 17:04:24,208.7,0.0,-23.801113,-45.384301
EDUARDO COSTA,2024-10-02 20:25:25,208.5,0.0,-23.801141,-45.384303
EDUARDO COSTA,2024-10-02 22:28:26,209.0,0.0,-23.80117,-45.384315
EDUARDO COSTA,2024-10-03 06:58:26,208.6,0.0,-23.801165,-45.384331
EDUARDO COSTA,2024-10-03 07:49:27,208.7,0.0,-23.801165,-45.384331
EDUARDO COSTA,2024-10-03 12:13:52,153.6,11.3,-23.9416,-45.501973
EDUARDO COSTA,2024-10-03 12:35:01,134.7,11.7,-24.00621,-45.47306
EDUARDO COSTA,2024-10-03 12:52:58,86.8,13.3,-24.020165,-45.407165
EDUARDO COSTA,2024-10-03 13:13:38,84.4,13.8,-24.031831,-45.322165
EDUARDO COSTA,2024-10-03 13:22:57,81.7,13.8,-24.035331,-45.282998
EDUARDO COSTA,2024-10-03 13:59:18,44.4,13.7,-23.991921,-45.149526
EDUARDO COSTA,2024-10-03 14:35:05,37.6,13.2,-23.91498,-45.031966
EDUARDO COSTA,2024-10-03 15:45:56,43.2,12.7,-23.775668,-44.801671
EDUARDO COSTA,2024-10-03 15:48:13,42.6,12.7,-23.771181,-44.794325
EDUARDO COSTA,2024-10-03 16:16:28,45.5,12.9,-23.716965,-44.701748
EDUARDO COSTA,2024-10-03 16:38:21,43.3,12.7,-23.674096,-44.630261
EDUARDO COSTA,2024-10-03 17:15:30,45.0,12.6,-23.603163,-44.511533
EDUARDO COSTA,2024-10-03 17:17:40,45.5,12.6,-23.59914,-44.504433
EDUARDO COSTA,2024-10-03 17:18:34,45.9,12.6,-23.59753,-44.501546
EDUARDO COSTA,2024-10-03 17:19:00,44.7,12.6,-23.596723,-44.500141
EDUARDO COSTA,2024-10-03 17:19:17,44.3,12.6,-23.596165,-44.499165
EDUARDO COSTA,2024-10-03 17:19:36,44.4,12.6,-23.595498,-44.498165
EDUARDO COSTA,2024-10-03 17:20:00,44.0,12.6,-23.594841,-44.496916
EDUARDO COSTA,2024-10-03 17:28:02,44.0,12.5,-23.579498,-44.471498
EDUARDO COSTA,2024-10-03 17:35:39,40.9,12.4,-23.564165,-44.448165
EDUARDO COSTA,2024-10-03 18:03:14,40.4,12.3,-23.506863,-44.36501
EDUARDO COSTA,2024-10-03 18:10:22,41.6,12.3,-23.492165,-44.343831
EDUARDO COSTA,2024-10-03 18:37:55,44.9,12.3,-23.43729,-44.258903
EDUARDO COSTA,2024-10-03 18:47:11,45.8,12.4,-23.419981,-44.229513
EDUARDO COSTA,2024-10-03 18:49:58,44.9,12.4,-23.414831,-44.220498
EDUARDO COSTA,2024-10-03 18:54:25,45.6,12.5,-23.406598,-44.206346
EDUARDO COSTA,2024-10-03 20:20:28,59.5,12.5,-23.309998,-43.897831
EDUARDO COSTA,2024-10-03 20:28:39,58.9,12.3,-23.301498,-43.868498
EDUARDO COSTA,2024-10-03 20:54:07,61.7,12.4,-23.275638,-43.77689
EDUARDO COSTA,2024-10-03 21:13:18,61.8,12.5,-23.257825,-43.707058
EDUARDO COSTA,2024-10-03 21:29:39,61.1,12.5,-23.242165,-43.647331
EDUARDO COSTA,2024-10-03 21:33:39,60.1,12.5,-23.238146,-43.632646
EDUARDO COSTA,2024-10-03 21:45:48,62.9,12.7,-23.22697,-43.588048
EDUARDO COSTA,2024-10-03 22:10:18,50.3,12.8,-23.201175,-43.498346
EDUARDO COSTA,2024-10-03 22:38:18,58.6,12.7,-23.162165,-43.398831
EDUARDO COSTA,2024-10-03 23:52:50,37.0,12.5,-23.08202,-43.12182
EDUARDO COSTA,2024-10-04 00:10:18,348.0,4.8,-23.045665,-43.108498
EDUARDO COSTA,2024-10-04 00:10:38,347.4,4.8,-23.045165,-43.108498
EDUARDO COSTA,2024-10-04 00:42:38,99.4,8.3,-23.042665,-43.076165
EDUARDO COSTA,2024-10-04 00:43:12,100.2,8.4,-23.043163,-43.074853
EDUARDO COSTA,2024-10-04 00:45:10,100.3,9.1,-23.045091,-43.070083
EDUARDO COSTA,2024-10-04 01:17:29,92.6,13.7,-23.080331,-42.954665
EDUARDO COSTA,2024-10-04 01:53:08,78.5,13.7,-23.101176,-42.80915
EDUARDO COSTA,2024-10-04 01:55:49,76.1,13.7,-23.101331,-42.797998
EDUARDO COSTA,2024-10-04 02:25:59,79.1,12.2,-23.103831,-42.679498
EDUARDO COSTA,2024-10-04 03:33:19,75.3,11.7,-23.111331,-42.442165
EDUARDO COSTA,2024-10-04 03:38:39,74.8,11.6,-23.110703,-42.423255
EDUARDO COSTA,2024-10-04 04:20:39,76.9,11.9,-23.107998,-42.273498
EDUARDO COSTA,2024-10-04 04:39:48,74.6,12.4,-23.10747,-42.203236
EDUARDO COSTA,2024-10-04 06:00:32,74.4,12.1,-23.09929,-41.907126
EDUARDO COSTA,2024-10-04 06:05:22,71.5,12.2,-23.09846,-41.889413
EDUARDO COSTA,2024-10-04 06:05:55,66.5,12.1,-23.098165,-41.887498
EDUARDO COSTA,2024-10-04 07:43:15,33.9,12.5,-22.878665,-41.611831
EDUARDO COSTA,2024-10-04 08:35:52,36.6,12.7,-22.764926,-41.4539
EDUARDO COSTA,2024-10-04 08:38:58,36.0,12.7,-22.757853,-41.4448
EDUARDO COSTA,2024-10-04 10:25:38,45.2,12.6,-22.504831,-41.140831
EDUARDO COSTA,2024-10-04 11:17:52,34.7,12.9,-22.383703,-40.991446
EDUARDO COSTA,2024-10-04 11:19:58,35.5,12.9,-22.378498,-40.985498
EDUARDO COSTA,2024-10-04 12:10:21,38.9,13.2,-22.25802,-40.835195
EDUARDO COSTA,2024-10-04 12:23:19,35.7,12.9,-22.227831,-40.796165
EDUARDO COSTA,2024-10-04 12:52:59,34.9,12.9,-22.157331,-40.710165
EDUARDO COSTA,2024-10-04 13:56:28,46.0,13.3,-21.991141,-40.53643
EDUARDO COSTA,2024-10-04 14:48:49,358.4,13.3,-21.819498,-40.463998
EDUARDO COSTA,2024-10-04 15:36:39,358.6,13.4,-21.643288,-40.42502
EDUARDO COSTA,2024-10-04 15:40:15,358.3,13.5,-21.630063,-40.42228
EDUARDO COSTA,2024-10-04 16:29:28,1.7,13.2,-21.448331,-40.385998
EDUARDO COSTA,2024-10-04 16:32:09,1.8,13.2,-21.438665,-40.383498
EDUARDO COSTA,2024-10-04 16:35:19,1.0,13.3,-21.427331,-40.380498
EDUARDO COSTA,2024-10-04 16:40:17,1.6,13.1,-21.409331,-40.375665
EDUARDO COSTA,2024-10-04 17:09:45,0.4,13.0,-21.304998,-40.347331
EDUARDO COSTA,2024-10-04 17:19:08,2.2,13.2,-21.271431,-40.338246
EDUARDO COSTA,2024-10-04 17:23:32,0.7,13.4,-21.255498,-40.333831
EDUARDO COSTA,2024-10-04 17:45:09,2.3,13.2,-21.178168,-40.312275
EDUARDO COSTA,2024-10-04 17:49:58,1.9,13.3,-21.160843,-40.307291
EDUARDO COSTA,2024-10-04 17:56:58,3.5,13.3,-21.135831,-40.299831
EDUARDO COSTA,2024-10-04 18:22:18,358.1,13.0,-21.046268,-40.273635
EDUARDO COSTA,2024-10-04 18:24:19,359.2,13.1,-21.039028,-40.272038
EDUARDO COSTA,2024-10-04 18:59:17,359.6,13.0,-20.914998,-40.242998
EDUARDO COSTA,2024-10-04 19:05:00,359.5,12.9,-20.894753,-40.238266
EDUARDO COSTA,2024-10-04 19:32:47,359.7,12.9,-20.797665,-40.215498
EDUARDO COSTA,2024-10-04 19:55:56,13.0,13.1,-20.715165,-40.196331
EDUARDO COSTA,2024-10-04 19:59:35,13.0,13.1,-20.702165,-40.193331
EDUARDO COSTA,2024-10-04 20:11:20,359.5,13.1,-20.660221,-40.184131
EDUARDO COSTA,2024-10-04 20:31:41,359.8,13.0,-20.587498,-40.167665
EDUARDO COSTA,2024-10-04 21:07:59,359.3,13.3,-20.456788,-40.137626
EDUARDO COSTA,2024-10-04 21:10:19,358.8,13.2,-20.448316,-40.135728
EDUARDO COSTA,2024-10-04 21:42:39,11.9,13.2,-20.335665,-40.091665
EDUARDO COSTA,2024-10-04 21:49:20,13.6,13.3,-20.313185,-40.080516
EDUARDO COSTA,2024-10-04 22:13:13,13.2,13.1,-20.233913,-40.040511
EDUARDO COSTA,2024-10-04 22:49:39,13.8,13.2,-20.113058,-39.978858
EDUARDO COSTA,2024-10-04 22:52:39,12.3,13.1,-20.103125,-39.973711
EDUARDO COSTA,2024-10-04 22:56:49,13.0,13.2,-20.089331,-39.966665
EDUARDO COSTA,2024-10-04 23:40:35,26.6,13.1,-19.960498,-39.866331
EDUARDO COSTA,2024-10-04 23:46:46,29.9,13.2,-19.943338,-39.850665
EDUARDO COSTA,2024-10-04 23:49:04,29.9,13.1,-19.937058,-39.844655
EDUARDO COSTA,2024-10-04 23:51:14,30.8,13.0,-19.9312,-39.838955
EDUARDO COSTA,2024-10-04 23:53:51,30.2,13.1,-19.924065,-39.832043
EDUARDO COSTA,2024-10-05 01:24:13,28.1,13.1,-19.676498,-39.606165
EDUARDO COSTA,2024-10-05 02:02:32,28.1,13.0,-19.569331,-39.509665
EDUARDO COSTA,2024-10-05 02:33:26,26.8,13.0,-19.485665,-39.431498
EDUARDO COSTA,2024-10-05 03:08:23,27.2,13.2,-19.385831,-39.345665
EDUARDO COSTA,2024-10-05 03:17:05,26.7,13.3,-19.360811,-39.323961
EDUARDO COSTA,2024-10-05 03:40:17,27.2,13.4,-19.293998,-39.265831
EDUARDO COSTA,2024-10-05 03:42:22,27.3,13.2,-19.287998,-39.260665
EDUARDO COSTA,2024-10-05 04:18:19,26.2,13.2,-19.186146,-39.170548
EDUARDO COSTA,2024-10-05 04:21:29,27.2,13.1,-19.177266,-39.162605
EDUARDO COSTA,2024-10-05 04:24:32,26.2,13.1,-19.168498,-39.154998
EDUARDO COSTA,2024-10-05 04:56:23,27.1,13.1,-19.078831,-39.075998
EDUARDO COSTA,2024-10-05 05:04:03,27.5,13.1,-19.057331,-39.056831
EDUARDO COSTA,2024-10-05 05:08:06,26.7,13.2,-19.045793,-39.046716
EDUARDO COSTA,2024-10-05 05:50:46,30.7,13.3,-18.929165,-38.936165
EDUARDO COSTA,2024-10-05 05:55:05,30.3,13.1,-18.917753,-38.92474
EDUARDO COSTA,2024-10-05 06:44:16,26.7,11.8,-18.790831,-38.804665
EDUARDO COSTA,2024-10-05 06:51:59,25.7,11.8,-18.770746,-38.78778
EDUARDO COSTA,2024-10-05 08:35:55,30.4,11.9,-18.50564,-38.554253
EDUARDO COSTA,2024-10-05 10:16:36,25.1,12.8,-18.24367,-38.322611
EDUARDO COSTA,2024-10-05 10:19:59,24.5,12.8,-18.234026,-38.314771
EDUARDO COSTA,2024-10-05 10:24:23,29.5,12.7,-18.221998,-38.304165
EDUARDO COSTA,2024-10-05 10:53:47,30.6,12.9,-18.143998,-38.229165
EDUARDO COSTA,2024-10-05 11:21:26,28.7,12.9,-18.071476,-38.157401
EDUARDO COSTA,2024-10-05 11:28:20,28.0,13.0,-18.052338,-38.14054
EDUARDO COSTA,2024-10-05 11:51:39,349.7,12.6,-17.980476,-38.103096
EDUARDO COSTA,2024-10-05 11:53:42,351.7,12.6,-17.973331,-38.102665
EDUARDO COSTA,2024-10-05 11:57:42,350.8,12.6,-17.959165,-38.101831
EDUARDO COSTA,2024-10-05 12:00:36,347.4,12.6,-17.948831,-38.101331
EDUARDO COSTA,2024-10-05 12:31:59,349.4,12.5,-17.838261,-38.097741
EDUARDO COSTA,2024-10-05 13:51:56,346.5,12.1,-17.57123,-38.094891
EDUARDO COSTA,2024-10-05 14:36:13,0.5,12.5,-17.415498,-38.091998
EDUARDO COSTA,2024-10-05 14:39:16,0.6,12.6,-17.404998,-38.089665
EDUARDO COSTA,2024-10-05 14:47:10,359.3,12.5,-17.377975,-38.084071
EDUARDO COSTA,2024-10-05 15:31:16,343.8,12.0,-17.225861,-38.084353
EDUARDO COSTA,2024-10-05 17:26:27,343.4,12.6,-16.834498,-38.120331
EDUARDO COSTA,2024-10-05 18:27:00,346.9,12.4,-16.621018,-38.128323
EDUARDO COSTA,2024-10-05 18:33:57,348.2,12.5,-16.596831,-38.128165
EDUARDO COSTA,2024-10-05 19:34:00,2.0,12.6,-16.38638,-38.125206
EDUARDO COSTA,2024-10-05 20:11:53,346.2,12.0,-16.255365,-38.121576
EDUARDO COSTA,2024-10-05 20:14:13,345.3,12.1,-16.247498,-38.121831
EDUARDO COSTA,2024-10-05 20:41:34,346.8,12.0,-16.155053,-38.125
EDUARDO COSTA,2024-10-05 21:18:33,351.8,12.1,-16.029498,-38.129998
EDUARDO COSTA,2024-10-05 21:23:30,351.4,12.1,-16.012741,-38.12918
EDUARDO COSTA,2024-10-05 21:52:10,349.1,12.2,-15.915051,-38.12628
EDUARDO COSTA,2024-10-05 21:54:57,349.3,12.3,-15.905498,-38.125998
EDUARDO COSTA,2024-10-05 22:26:57,345.1,12.3,-15.795498,-38.129998
EDUARDO COSTA,2024-10-05 22:32:39,345.6,12.3,-15.775718,-38.13084
EDUARDO COSTA,2024-10-05 22:41:12,344.5,12.3,-15.746331,-38.132331
EDUARDO COSTA,2024-10-05 22:49:59,344.0,12.2,-15.716313,-38.133855
EDUARDO COSTA,2024-10-05 23:05:13,345.6,12.3,-15.663998,-38.136165
EDUARDO COSTA,2024-10-06 00:31:02,349.7,12.3,-15.369831,-38.140998
EDUARDO COSTA,2024-10-06 00:34:29,345.9,12.3,-15.358015,-38.140798
EDUARDO COSTA,2024-10-06 01:41:50,346.8,12.0,-15.129498,-38.1443
EDUARDO COSTA,2024-10-06 02:47:27,347.2,12.5,-14.904498,-38.144498
EDUARDO COSTA,2024-10-06 02:51:15,346.9,12.5,-14.891118,-38.144463
EDUARDO COSTA,2024-10-06 03:28:26,346.1,12.5,-14.760831,-38.148498
EDUARDO COSTA,2024-10-06 03:53:43,344.0,12.7,-14.671665,-38.152665
EDUARDO COSTA,2024-10-06 03:56:18,345.2,12.6,-14.662548,-38.153195
EDUARDO COSTA,2024-10-06 03:58:41,344.7,12.5,-14.654186,-38.153603
EDUARDO COSTA,2024-10-06 04:55:10,342.4,12.7,-14.454831,-38.163998
EDUARDO COSTA,2024-10-06 06:39:43,345.3,12.7,-14.087148,-38.1606
EDUARDO COSTA,2024-10-06 09:16:23,349.2,12.8,-13.53045,-38.166293
EDUARDO COSTA,2024-10-06 09:20:34,348.3,12.8,-13.515471,-38.165923
EDUARDO COSTA,2024-10-06 09:23:54,349.0,12.9,-13.503478,-38.165608
EDUARDO COSTA,2024-10-06 09:52:00,348.9,12.7,-13.402498,-38.162998
EDUARDO COSTA,2024-10-06 10:16:29,343.8,12.7,-13.315165,-38.165165
EDUARDO COSTA,2024-10-06 10:50:00,341.4,12.5,-13.196165,-38.171665
EDUARDO COSTA,2024-10-06 10:52:40,341.0,12.5,-13.18684,-38.17244
EDUARDO COSTA,2024-10-06 10:54:45,342.3,12.6,-13.179466,-38.17297
EDUARDO COSTA,2024-10-06 10:57:10,341.5,12.7,-13.170993,-38.173463
EDUARDO COSTA,2024-10-06 11:03:17,342.7,12.5,-13.149256,-38.174953
EDUARDO COSTA,2024-10-06 11:23:14,349.6,12.5,-13.079258,-38.176391
EDUARDO COSTA,2024-10-06 11:27:26,346.5,12.5,-13.064571,-38.176478
EDUARDO COSTA,2024-10-06 11:32:43,353.4,12.3,-13.046146,-38.175631
EDUARDO COSTA,2024-10-06 12:08:24,24.7,12.2,-12.944035,-38.111555
EDUARDO COSTA,2024-10-06 12:37:23,28.0,11.9,-12.86765,-38.049281
EDUARDO COSTA,2024-10-06 12:39:36,27.9,11.8,-12.861831,-38.044498
EDUARDO COSTA,2024-10-06 13:36:16,25.5,11.6,-12.717665,-37.924831
EDUARDO COSTA,2024-10-06 13:41:07,25.7,11.6,-12.705331,-37.914831
EDUARDO COSTA,2024-10-06 15:19:43,25.2,11.8,-12.447696,-37.712036
EDUARDO COSTA,2024-10-06 15:23:01,23.8,11.9,-12.438998,-37.705331
EDUARDO COSTA,2024-10-06 16:21:51,26.7,12.1,-12.281998,-37.582498
EDUARDO COSTA,2024-10-06 16:22:48,26.9,12.1,-12.279523,-37.580335
EDUARDO COSTA,2024-10-06 18:10:24,22.4,12.2,-11.990831,-37.347331
EDUARDO COSTA,2024-10-06 19:47:27,27.3,12.4,-11.737831,-37.124998
EDUARDO COSTA,2024-10-06 21:27:41,28.9,12.8,-11.459831,-36.907165
EDUARDO COSTA,2024-10-06 22:07:10,26.6,13.0,-11.351831,-36.814998
EDUARDO COSTA,2024-10-06 23:36:10,23.5,12.6,-11.099893,-36.61712
EDUARDO COSTA,2024-10-07 00:43:00,25.8,12.3,-10.917831,-36.468498
EDUARDO COSTA,2024-10-07 00:43:17,25.9,12.4,-10.917011,-36.467868
EDUARDO COSTA,2024-10-07 00:43:43,27.4,12.3,-10.915846,-36.466915
EDUARDO COSTA,2024-10-07 00:44:09,27.3,12.3,-10.914691,-36.465931
EDUARDO COSTA,2024-10-07 00:44:11,27.7,12.4,-10.914601,-36.46586
EDUARDO COSTA,2024-10-07 00:44:17,26.6,12.3,-10.914338,-36.465628
EDUARDO COSTA,2024-10-07 00:44:35,25.4,12.4,-10.913541,-36.464955
EDUARDO COSTA,2024-10-07 00:44:37,24.4,12.5,-10.913456,-36.464876
EDUARDO COSTA,2024-10-07 00:44:57,27.5,12.5,-10.912556,-36.464146
EDUARDO COSTA,2024-10-07 00:44:59,27.4,12.5,-10.912471,-36.46407
EDUARDO COSTA,2024-10-07 00:45:57,25.4,12.2,-10.909908,-36.461945
EDUARDO COSTA,2024-10-07 00:46:01,27.2,12.2,-10.90973,-36.4618
EDUARDO COSTA,2024-10-07 00:46:39,28.2,12.3,-10.908053,-36.460391
EDUARDO COSTA,2024-10-07 00:52:03,26.4,12.2,-10.893753,-36.448433
EDUARDO COSTA,2024-10-07 01:16:59,28.1,12.3,-10.827373,-36.393893
EDUARDO COSTA,2024-10-07 02:20:07,26.7,12.2,-10.661665,-36.258998
EDUARDO COSTA,2024-10-07 02:22:56,25.7,12.2,-10.654195,-36.252725
EDUARDO COSTA,2024-10-07 02:55:34,29.3,11.6,-10.563165,-36.190331
EDUARDO COSTA,2024-10-07 02:58:15,32.2,11.5,-10.556831,-36.184331
EDUARDO COSTA,2024-10-07 03:00:55,30.3,11.4,-10.550665,-36.178331
EDUARDO COSTA,2024-10-07 03:02:13,30.6,11.4,-10.547665,-36.175498
EDUARDO COSTA,2024-10-07 03:04:17,30.0,11.3,-10.542831,-36.170998
EDUARDO COSTA,2024-10-07 03:05:42,29.4,11.3,-10.539498,-36.167998
EDUARDO COSTA,2024-10-07 03:27:46,25.9,11.4,-10.484606,-36.12398
EDUARDO COSTA,2024-10-07 03:29:00,25.2,11.4,-10.481523,-36.121508
EDUARDO COSTA,2024-10-07 03:32:30,26.0,11.4,-10.472795,-36.114406
EDUARDO COSTA,2024-10-07 03:49:00,24.7,11.4,-10.431176,-36.081625
EDUARDO COSTA,2024-10-07 03:52:10,23.7,11.4,-10.423161,-36.075303
EDUARDO COSTA,2024-10-07 04:02:16,23.3,11.4,-10.397595,-36.055101
EDUARDO COSTA,2024-10-07 04:05:24,26.1,11.3,-10.389676,-36.048893
EDUARDO COSTA,2024-10-07 04:07:46,26.0,11.4,-10.383665,-36.044165
EDUARDO COSTA,2024-10-07 04:11:21,23.3,11.5,-10.374665,-36.036998
EDUARDO COSTA,2024-10-07 04:14:03,25.4,11.5,-10.36775,-36.031623
EDUARDO COSTA,2024-10-07 04:40:16,25.1,11.6,-10.300665,-35.979165
EDUARDO COSTA,2024-10-07 04:45:27,26.6,11.5,-10.287831,-35.968331
EDUARDO COSTA,2024-10-07 04:48:06,27.6,11.5,-10.281275,-35.962653
EDUARDO COSTA,2024-10-07 05:14:07,27.2,11.8,-10.216165,-35.907665
EDUARDO COSTA,2024-10-07 05:31:10,27.7,11.9,-10.172898,-35.871095
EDUARDO COSTA,2024-10-07 05:37:43,26.9,11.9,-10.156051,-35.85684
EDUARDO COSTA,2024-10-07 08:13:23,26.0,12.1,-9.748331,-35.525498
EDUARDO COSTA,2024-10-07 08:19:54,25.4,12.2,-9.73093,-35.511515
EDUARDO COSTA,2024-10-07 09:53:41,24.6,12.0,-9.483168,-35.312205
EDUARDO COSTA,2024-10-07 09:57:01,25.1,12.1,-9.4742,-35.305261
EDUARDO COSTA,2024-10-07 10:00:48,24.2,12.1,-9.463998,-35.297498
EDUARDO COSTA,2024-10-07 10:07:26,27.3,12.1,-9.446138,-35.283796
EDUARDO COSTA,2024-10-07 10:31:12,26.4,12.1,-9.383831,-35.232331
EDUARDO COSTA,2024-10-07 10:33:19,27.1,12.1,-9.378331,-35.227831
EDUARDO COSTA,2024-10-07 10:37:09,26.8,11.9,-9.368331,-35.219665
EDUARDO COSTA,2024-10-07 10:53:57,28.3,12.2,-9.324221,-35.18352
EDUARDO COSTA,2024-10-07 10:57:05,24.7,12.1,-9.31601,-35.176678
EDUARDO COSTA,2024-10-07 11:31:35,25.8,12.2,-9.225891,-35.102996
EDUARDO COSTA,2024-10-07 12:35:22,10.8,12.1,-9.049998,-34.977665
EDUARDO COSTA,2024-10-07 12:38:22,11.0,12.2,-9.040498,-34.973665
EDUARDO COSTA,2024-10-07 12:39:41,6.0,12.2,-9.036363,-34.97201
EDUARDO COSTA,2024-10-07 14:21:49,4.9,12.3,-8.700831,-34.867498
EDUARDO COSTA,2024-10-07 14:25:53,5.0,12.3,-8.687498,-34.863165
EDUARDO COSTA,2024-10-07 14:28:05,6.3,12.4,-8.680235,-34.860691
EDUARDO COSTA,2024-10-07 14:49:34,6.7,12.3,-8.609331,-34.838308
EDUARDO COSTA,2024-10-07 15:12:54,4.5,12.2,-8.532878,-34.814495
EDUARDO COSTA,2024-10-07 15:17:12,3.9,12.1,-8.518831,-34.810165
EDUARDO COSTA,2024-10-07 15:20:49,6.3,12.1,-8.507165,-34.806331
EDUARDO COSTA,2024-10-07 15:21:09,5.5,12.2,-8.506165,-34.805831
EDUARDO COSTA,2024-10-07 15:22:59,6.9,12.2,-8.500165,-34.803998
EDUARDO COSTA,2024-10-07 15:25:53,5.1,12.0,-8.490831,-34.800998
EDUARDO COSTA,2024-10-07 15:53:42,4.3,11.8,-8.402331,-34.772165
EDUARDO COSTA,2024-10-07 16:00:25,5.4,11.8,-8.381331,-34.765331
EDUARDO COSTA,2024-10-07 16:14:11,5.9,11.7,-8.33819,-34.751888
EDUARDO COSTA,2024-10-07 16:34:21,3.9,11.3,-8.276165,-34.732665
EDUARDO COSTA,2024-10-07 16:39:25,2.8,11.5,-8.260505,-34.727931
EDUARDO COSTA,2024-10-07 16:55:21,5.0,11.1,-8.211535,-34.714005
EDUARDO COSTA,2024-10-07 17:01:30,1.8,11.2,-8.193165,-34.708831
EDUARDO COSTA,2024-10-07 17:07:29,3.9,11.1,-8.174998,-34.703831
EDUARDO COSTA,2024-10-07 17:08:29,1.2,11.1,-8.171998,-34.702998
EDUARDO COSTA,2024-10-07 19:52:17,349.4,11.8,-7.644331,-34.666665
EDUARDO COSTA,2024-10-07 19:55:47,349.8,11.8,-7.632665,-34.666331
EDUARDO COSTA,2024-10-07 20:45:21,349.0,11.9,-7.467998,-34.661165
EDUARDO COSTA,2024-10-07 21:01:10,348.4,12.0,-7.414998,-34.659665
EDUARDO COSTA,2024-10-07 21:03:23,348.5,11.9,-7.40751,-34.659416
EDUARDO COSTA,2024-10-07 21:09:10,348.1,12.0,-7.38807,-34.658761
EDUARDO COSTA,2024-10-07 21:40:02,350.7,12.4,-7.282773,-34.652955
EDUARDO COSTA,2024-10-07 22:17:04,348.3,12.3,-7.153923,-34.648728
EDUARDO COSTA,2024-10-07 22:27:32,349.4,12.4,-7.117471,-34.647948
EDUARDO COSTA,2024-10-07 22:30:59,348.1,12.4,-7.10545,-34.6476
EDUARDO COSTA,2024-10-07 22:33:33,347.4,12.4,-7.096565,-34.647371
EDUARDO COSTA,2024-10-08 00:23:39,333.4,12.8,-6.718173,-34.710028
EDUARDO COSTA,2024-10-08 00:23:46,334.0,12.7,-6.717713,-34.710148
EDUARDO COSTA,2024-10-08 00:24:23,332.6,12.8,-6.715636,-34.710656
EDUARDO COSTA,2024-10-08 00:24:26,332.7,12.8,-6.715498,-34.710665
EDUARDO COSTA,2024-10-08 00:24:46,333.4,12.7,-6.714331,-34.710998
EDUARDO COSTA,2024-10-08 00:26:19,332.3,12.7,-6.70896,-34.712318
EDUARDO COSTA,2024-10-08 00:27:06,333.0,12.7,-6.706331,-34.712998
EDUARDO COSTA,2024-10-08 01:59:44,333.1,13.0,-6.378998,-34.789308
EDUARDO COSTA,2024-10-08 02:31:19,350.9,12.8,-6.265851,-34.802556
EDUARDO COSTA,2024-10-08 02:33:52,348.3,12.8,-6.256635,-34.802158
EDUARDO COSTA,2024-10-08 02:36:50,349.9,12.8,-6.245998,-34.801831
EDUARDO COSTA,2024-10-08 02:51:00,349.6,12.9,-6.195035,-34.7998
EDUARDO COSTA,2024-10-08 02:54:07,348.4,13.0,-6.183831,-34.799331
EDUARDO COSTA,2024-10-08 03:06:40,349.4,13.1,-6.137968,-34.797898
EDUARDO COSTA,2024-10-08 03:09:57,346.9,13.0,-6.125916,-34.797541
EDUARDO COSTA,2024-10-08 03:13:14,333.4,13.1,-6.114128,-34.799398
EDUARDO COSTA,2024-10-08 03:41:07,320.9,13.6,-6.019945,-34.844706
EDUARDO COSTA,2024-10-08 03:41:57,321.0,13.6,-6.017096,-34.84612
EDUARDO COSTA,2024-10-08 04:21:52,330.9,13.5,-5.87644,-34.901803
EDUARDO COSTA,2024-10-08 04:31:27,331.7,13.4,-5.841831,-34.910998
EDUARDO COSTA,2024-10-08 04:37:00,330.9,13.5,-5.821498,-34.916331
EDUARDO COSTA,2024-10-08 08:54:42,280.3,13.1,-4.968636,-35.226745
EDUARDO COSTA,2024-10-08 08:57:42,280.1,13.2,-4.96429,-35.236906
EDUARDO COSTA,2024-10-08 09:03:11,279.5,13.2,-4.956318,-35.255533
EDUARDO COSTA,2024-10-08 09:07:52,280.3,13.1,-4.949498,-35.271331
EDUARDO COSTA,2024-10-08 09:25:22,280.8,13.0,-4.92348,-35.330098
EDUARDO COSTA,2024-10-08 09:28:22,281.1,12.9,-4.919095,-35.34001
EDUARDO COSTA,2024-10-08 10:03:22,278.2,12.7,-4.868121,-35.453896
EDUARDO COSTA,2024-10-08 10:08:32,277.7,12.5,-4.861275,-35.470826
EDUARDO COSTA,2024-10-08 12:17:52,278.8,12.3,-4.685665,-35.892331
EDUARDO COSTA,2024-10-08 14:16:48,281.6,12.1,-4.52244,-36.26647
EDUARDO COSTA,2024-10-08 14:21:11,283.3,12.1,-4.516011,-36.279746
EDUARDO COSTA,2024-10-08 15:10:23,280.6,12.1,-4.444831,-36.432165
EDUARDO COSTA,2024-10-08 15:14:32,280.3,12.1,-4.439263,-36.445203
EDUARDO COSTA,2024-10-08 15:16:52,280.1,12.1,-4.436125,-36.452476
EDUARDO COSTA,2024-10-08 15:28:12,279.2,12.1,-4.421088,-36.487701
EDUARDO COSTA,2024-10-08 15:30:53,278.2,12.0,-4.417665,-36.495998
EDUARDO COSTA,2024-10-08 15:33:03,277.9,12.1,-4.414831,-36.502831
EDUARDO COSTA,2024-10-08 16:01:12,277.4,12.2,-4.380165,-36.591831
EDUARDO COSTA,2024-10-08 16:02:11,276.9,12.2,-4.378998,-36.595165
EDUARDO COSTA,2024-10-08 16:07:32,276.4,12.3,-4.372665,-36.612331
EDUARDO COSTA,2024-10-08 16:14:59,276.5,12.4,-4.364165,-36.636665
EDUARDO COSTA,2024-10-08 16:34:10,280.6,12.4,-4.337998,-36.697831
EDUARDO COSTA,2024-10-08 16:39:33,280.5,12.5,-4.330403,-36.714945
EDUARDO COSTA,2024-10-08 19:31:49,278.9,12.8,-4.089378,-37.269653
EDUARDO COSTA,2024-10-08 21:14:09,279.4,12.7,-3.944628,-37.606526
EDUARDO COSTA,2024-10-08 21:32:09,278.7,12.5,-3.919653,-37.664716
EDUARDO COSTA,2024-10-08 21:48:38,280.0,12.5,-3.897498,-37.717831
EDUARDO COSTA,2024-10-08 23:54:59,278.2,12.0,-3.730331,-38.116998
EDUARDO COSTA,2024-10-08 23:57:16,278.3,12.0,-3.727526,-38.124193
EDUARDO COSTA,2024-10-09 00:10:38,280.0,12.2,-3.711331,-38.166331
EDUARDO COSTA,2024-10-09 00:11:02,278.9,12.1,-3.710665,-38.167665
EDUARDO COSTA,2024-10-09 00:11:19,279.8,12.2,-3.710376,-38.168483
EDUARDO COSTA,2024-10-09 00:11:35,279.8,12.1,-3.71002,-38.169315
EDUARDO COSTA,2024-10-09 00:12:59,280.5,12.1,-3.708155,-38.173675
EDUARDO COSTA,2024-10-09 00:13:09,280.6,12.1,-3.707925,-38.17419
EDUARDO COSTA,2024-10-09 01:36:58,24.6,3.8,-3.643831,-38.408665
EDUARDO COSTA,2024-10-09 03:34:13,89.0,0.0,-3.642831,-38.402998
EDUARDO COSTA,2024-10-09 09:37:12,89.0,0.0,-3.642831,-38.402998
EDUARDO COSTA,2024-10-09 09:49:02,88.2,0.0,-3.642831,-38.402998
EDUARDO COSTA,2024-10-09 09:52:05,89.1,0.0,-3.642665,-38.402998
EDUARDO COSTA,2024-10-09 12:05:20,199.4,3.7,-3.659613,-38.487416
EDUARDO COSTA,2024-10-09 12:05:30,199.2,3.7,-3.659831,-38.487498
EDUARDO COSTA,2024-10-09 12:05:57,198.5,3.8,-3.660161,-38.487745
EDUARDO COSTA,2024-10-09 12:07:14,193.2,3.8,-3.661331,-38.488498
EDUARDO COSTA,2024-10-09 12:07:44,189.9,3.8,-3.661831,-38.488665
EDUARDO COSTA,2024-10-09 12:07:54,186.3,3.8,-3.661998,-38.488831
EDUARDO COSTA,2024-10-09 12:11:00,145.4,4.1,-3.665396,-38.488683
EDUARDO COSTA,2024-10-09 15:42:44,165.6,0.0,-3.709665,-38.483498
EDUARDO COSTA,2024-10-10 13:04:43,165.3,0.0,-3.709635,-38.483583
EDUARDO COSTA,2024-10-10 13:05:03,165.3,0.0,-3.709635,-38.483586
EDUARDO COSTA,2024-10-10 13:12:32,165.4,0.0,-3.709638,-38.483588
EDUARDO COSTA,2024-10-10 14:03:34,165.4,0.0,-3.709638,-38.483601
EDUARDO COSTA,2024-10-10 14:08:47,165.3,0.0,-3.70964,-38.483601
EDUARDO COSTA,2024-10-10 14:10:08,165.6,0.0,-3.70964,-38.4836
EDUARDO COSTA,2024-10-10 14:38:13,165.6,0.0,-3.709635,-38.483593
EDUARDO COSTA,2024-10-10 14:40:23,165.6,0.0,-3.709633,-38.483591
EDUARDO COSTA,2024-10-10 14:43:16,165.5,0.0,-3.709633,-38.483593
EDUARDO COSTA,2024-10-10 14:55:48,165.4,0.0,-3.709633,-38.483591
EDUARDO COSTA,2024-10-10 14:58:16,165.5,0.0,-3.709631,-38.483588
EDUARDO COSTA,2024-10-10 15:00:44,165.5,0.0,-3.709631,-38.483588
EDUARDO COSTA,2024-10-10 15:12:18,165.5,0.0,-3.709628,-38.483585
EDUARDO COSTA,2024-10-10 15:14:32,165.5,0.0,-3.709628,-38.483583
EDUARDO COSTA,2024-10-10 15:16:36,165.7,0.0,-3.70963,-38.483578
EDUARDO COSTA,2024-10-10 15:20:00,165.5,0.0,-3.70963,-38.48358
EDUARDO COSTA,2024-10-10 17:43:01,301.6,13.1,-3.575501,-38.574658
EDUARDO COSTA,2024-10-10 19:48:27,300.8,12.9,-3.256498,-38.904498
EDUARDO COSTA,2024-10-10 19:54:03,301.2,12.9,-3.242461,-38.919228
EDUARDO COSTA,2024-10-10 20:29:22,298.8,12.9,-3.153831,-39.011331
EDUARDO COSTA,2024-10-10 20:59:24,293.8,13.0,-3.085023,-39.095626
EDUARDO COSTA,2024-10-10 21:07:13,291.6,13.1,-3.067998,-39.118498
EDUARDO COSTA,2024-10-10 21:12:33,290.1,13.2,-3.056675,-39.134365
EDUARDO COSTA,2024-10-10 21:14:50,291.6,13.4,-3.051831,-39.141331
EDUARDO COSTA,2024-10-10 21:33:31,292.3,13.0,-3.011831,-39.197165
EDUARDO COSTA,2024-10-10 21:37:14,292.0,13.1,-3.003831,-39.208331
EDUARDO COSTA,2024-10-11 00:33:43,306.2,13.0,-2.54189,-39.655703
EDUARDO COSTA,2024-10-11 00:54:14,307.2,13.1,-2.484998,-39.703165
EDUARDO COSTA,2024-10-11 00:54:57,307.0,13.1,-2.482898,-39.704911
EDUARDO COSTA,2024-10-11 02:24:27,272.0,13.3,-2.333551,-39.988621
EDUARDO COSTA,2024-10-11 02:27:28,272.7,13.4,-2.330476,-39.999323
EDUARDO COSTA,2024-10-11 02:29:21,272.3,13.3,-2.328498,-40.005998
EDUARDO COSTA,2024-10-11 03:07:50,273.6,13.2,-2.288998,-40.142998
EDUARDO COSTA,2024-10-11 04:17:54,271.9,13.8,-2.217811,-40.397283
EDUARDO COSTA,2024-10-11 08:44:13,272.6,13.3,-1.928831,-41.352498
EDUARDO COSTA,2024-10-11 08:47:36,273.4,13.4,-1.92545,-41.364698
EDUARDO COSTA,2024-10-11 11:49:36,272.9,13.4,-1.730665,-42.024165
EDUARDO COSTA,2024-10-11 12:44:56,274.0,13.6,-1.669835,-42.224865
EDUARDO COSTA,2024-10-11 13:40:16,272.9,13.5,-1.610831,-42.424998
EDUARDO COSTA,2024-10-11 13:52:48,271.6,13.3,-1.597566,-42.469616
EDUARDO COSTA,2024-10-11 13:57:36,273.6,13.4,-1.592428,-42.486773
EDUARDO COSTA,2024-10-11 13:58:50,273.6,13.4,-1.591083,-42.491195
EDUARDO COSTA,2024-10-11 14:00:57,272.1,13.5,-1.588831,-42.498831
EDUARDO COSTA,2024-10-11 14:48:47,272.7,13.5,-1.536165,-42.670665
EDUARDO COSTA,2024-10-11 14:48:56,272.9,13.5,-1.535958,-42.671158
EDUARDO COSTA,2024-10-11 16:03:47,272.4,13.8,-1.460998,-42.944998
EDUARDO COSTA,2024-10-11 20:02:57,272.0,13.3,-1.197231,-43.807446
EDUARDO COSTA,2024-10-11 20:13:51,271.5,13.3,-1.186831,-43.846498
EDUARDO COSTA,2024-10-11 20:39:28,271.8,13.2,-1.162368,-43.937891
EDUARDO COSTA,2024-10-12 00:37:43,287.7,13.5,-0.82537,-44.759745
EDUARDO COSTA,2024-10-12 01:16:30,289.5,13.4,-0.748665,-44.882831
EDUARDO COSTA,2024-10-12 01:59:07,287.3,13.4,-0.666165,-45.018665
EDUARDO COSTA,2024-10-12 02:01:27,286.8,13.3,-0.66177,-45.02603
EDUARDO COSTA,2024-10-12 02:40:36,288.7,13.4,-0.586665,-45.150665
EDUARDO COSTA,2024-10-12 02:43:36,288.8,13.4,-0.580761,-45.160295
EDUARDO COSTA,2024-10-12 03:19:24,288.1,13.5,-0.510576,-45.274233
EDUARDO COSTA,2024-10-12 06:39:11,287.9,13.4,-0.116331,-45.907498
EDUARDO COSTA,2024-10-12 07:48:37,287.5,13.2,0.015333,-46.130831
EDUARDO COSTA,2024-10-12 07:51:19,286.7,13.2,0.020333,-46.139498
EDUARDO COSTA,2024-10-12 08:28:58,286.9,13.2,0.089911,-46.259953
EDUARDO COSTA,2024-10-12 08:35:48,285.4,13.2,0.102316,-46.281863
EDUARDO COSTA,2024-10-12 08:54:11,288.8,13.2,0.136968,-46.340381
EDUARDO COSTA,2024-10-12 12:57:51,289.5,13.5,0.606666,-47.106165
EDUARDO COSTA,2024-10-12 13:54:34,289.9,13.8,0.724693,-47.28682
EDUARDO COSTA,2024-10-12 13:55:04,289.1,13.7,0.725833,-47.288498
EDUARDO COSTA,2024-10-12 14:21:31,290.7,13.7,0.782333,-47.372831
EDUARDO COSTA,2024-10-12 14:37:34,290.8,13.9,0.817,-47.424165
EDUARDO COSTA,2024-10-12 14:41:22,290.4,13.8,0.825168,-47.436235
EDUARDO COSTA,2024-10-12 15:00:41,290.5,13.9,0.867,-47.498165
EDUARDO COSTA,2024-10-12 15:37:46,290.8,13.9,0.947348,-47.617905
EDUARDO COSTA,2024-10-12 16:32:20,283.7,13.6,1.062666,-47.798165
EDUARDO COSTA,2024-10-12 16:33:43,283.6,13.3,1.065008,-47.802761
EDUARDO COSTA,2024-10-12 16:33:57,284.5,13.2,1.065361,-47.803478
EDUARDO COSTA,2024-10-12 16:36:33,282.9,13.2,1.06968,-47.811965
EDUARDO COSTA,2024-10-12 16:36:59,282.9,13.2,1.070378,-47.8134
EDUARDO COSTA,2024-10-12 16:40:13,283.9,13.2,1.07573,-47.82404
EDUARDO COSTA,2024-10-12 19:00:06,291.1,13.9,1.38475,-48.26896
EDUARDO COSTA,2024-10-12 20:42:47,254.9,13.4,1.517608,-48.624991
EDUARDO COSTA,2024-10-12 20:46:20,253.8,13.2,1.517543,-48.638173
EDUARDO COSTA,2024-10-12 20:49:50,256.6,13.3,1.517475,-48.650996
EDUARDO COSTA,2024-10-12 20:53:47,256.5,13.1,1.517336,-48.665298
EDUARDO COSTA,2024-10-12 21:14:45,256.0,12.2,1.516666,-48.738831
EDUARDO COSTA,2024-10-12 21:17:48,254.1,12.3,1.516455,-48.749163
EDUARDO COSTA,2024-10-12 21:20:35,253.8,12.3,1.516266,-48.758715
EDUARDO COSTA,2024-10-12 21:23:21,255.2,12.4,1.516333,-48.768165
EDUARDO COSTA,2024-10-13 01:07:04,219.6,9.0,1.336166,-49.345665
EDUARDO COSTA,2024-10-13 01:07:33,218.2,9.0,1.335386,-49.346708
EDUARDO COSTA,2024-10-13 01:07:44,218.4,9.0,1.335166,-49.346998
EDUARDO COSTA,2024-10-13 01:08:33,218.6,9.1,1.333821,-49.348713
EDUARDO COSTA,2024-10-13 01:10:04,218.6,9.2,1.3315,-49.351665
EDUARDO COSTA,2024-10-13 01:18:06,218.8,9.3,1.318653,-49.368033
EDUARDO COSTA,2024-10-13 01:21:54,220.1,9.6,1.3125,-49.375998
EDUARDO COSTA,2024-10-13 01:41:25,225.5,9.6,1.283201,-49.419503
EDUARDO COSTA,2024-10-13 01:43:25,224.9,9.6,1.280403,-49.42407
EDUARDO COSTA,2024-10-13 01:44:25,225.9,9.5,1.279046,-49.426385
EDUARDO COSTA,2024-10-13 01:45:15,226.8,9.5,1.277901,-49.428293
EDUARDO COSTA,2024-10-13 02:11:34,213.4,9.6,1.231546,-49.479753
EDUARDO COSTA,2024-10-13 02:13:45,211.4,9.6,1.227333,-49.483831
EDUARDO COSTA,2024-10-13 07:18:25,247.5,11.1,0.730331,-50.17802
EDUARDO COSTA,2024-10-13 07:21:25,247.0,11.3,0.728928,-50.187301
EDUARDO COSTA,2024-10-13 07:35:38,245.2,11.4,0.721898,-50.23165
EDUARDO COSTA,2024-10-13 07:37:46,243.0,11.5,0.720395,-50.238238
EDUARDO COSTA,2024-10-13 07:53:46,242.8,11.6,0.708428,-50.288438
EDUARDO COSTA,2024-10-13 07:57:05,243.4,11.7,0.705833,-50.298998
EDUARDO COSTA,2024-10-13 07:59:56,240.4,11.8,0.703585,-50.308016
EDUARDO COSTA,2024-10-13 08:33:06,207.1,11.7,0.631776,-50.387546
EDUARDO COSTA,2024-10-13 09:01:04,179.8,12.2,0.549436,-50.424273
EDUARDO COSTA,2024-10-13 09:17:24,176.6,12.7,0.494166,-50.435998
EDUARDO COSTA,2024-10-13 13:00:54,245.4,6.6,0.1665,-50.883831
EDUARDO COSTA,2024-10-13 13:17:24,238.2,5.5,0.160716,-50.908911
EDUARDO COSTA,2024-10-13 13:17:41,238.8,5.7,0.160578,-50.909346
EDUARDO COSTA,2024-10-13 13:29:25,219.6,6.5,0.149231,-50.926338
EDUARDO COSTA,2024-10-13 13:31:55,219.8,6.6,0.14643,-50.930011
EDUARDO COSTA,2024-10-13 13:32:25,219.0,6.6,0.145856,-50.930746
EDUARDO COSTA,2024-10-13 13:32:35,219.1,6.6,0.145666,-50.930991
EDUARDO COSTA,2024-10-13 13:33:35,220.0,6.7,0.144521,-50.932473
EDUARDO COSTA,2024-10-13 13:56:34,200.5,6.6,0.11524,-50.965286
EDUARDO COSTA,2024-10-13 14:29:16,194.4,6.7,0.064248,-50.998266
EDUARDO COSTA,2024-10-13 14:31:26,194.4,6.7,0.060666,-51.000165
EDUARDO COSTA,2024-10-13 14:32:26,195.1,6.6,0.059,-51.000998
EDUARDO COSTA,2024-10-13 14:35:56,186.8,6.5,0.053056,-51.003435
EDUARDO COSTA,2024-10-13 15:23:13,169.5,12.9,-0.036165,-51.013831
EDUARDO COSTA,2024-10-13 19:43:43,201.1,11.9,-0.633998,-51.598831
EDUARDO COSTA,2024-10-13 19:55:27,198.0,12.0,-0.667376,-51.619841
EDUARDO COSTA,2024-10-13 20:55:16,167.0,11.7,-0.84535,-51.697255
EDUARDO COSTA,2024-10-14 00:38:06,207.2,10.9,-1.360765,-51.909501
EDUARDO COSTA,2024-10-14 00:56:35,198.9,11.4,-1.405753,-51.946453
EDUARDO COSTA,2024-10-14 00:57:15,200.5,11.4,-1.407513,-51.947651
EDUARDO COSTA,2024-10-14 00:57:46,199.0,11.5,-1.408998,-51.948498
EDUARDO COSTA,2024-10-14 01:08:27,250.8,11.1,-1.420331,-51.978165
EDUARDO COSTA,2024-10-14 01:12:17,245.8,11.1,-1.421331,-51.989998
EDUARDO COSTA,2024-10-14 01:16:56,246.1,11.0,-1.423998,-52.004165
EDUARDO COSTA,2024-10-14 01:20:36,246.1,10.9,-1.425988,-52.015191
EDUARDO COSTA,2024-10-14 01:20:46,246.0,11.0,-1.426165,-52.015665
EDUARDO COSTA,2024-10-14 01:20:56,246.6,10.9,-1.426158,-52.016195
EDUARDO COSTA,2024-10-14 01:21:06,247.3,10.9,-1.426165,-52.016665
EDUARDO COSTA,2024-10-14 02:03:25,237.1,11.0,-1.46001,-52.140951
EDUARDO COSTA,2024-10-14 02:17:57,237.2,11.1,-1.475331,-52.183331
EDUARDO COSTA,2024-10-14 02:22:57,227.2,10.8,-1.482165,-52.196998
EDUARDO COSTA,2024-10-14 02:52:50,226.8,10.8,-1.53102,-52.271995
EDUARDO COSTA,2024-10-14 02:55:26,229.9,10.8,-1.534998,-52.278831
EDUARDO COSTA,2024-10-14 02:55:34,230.1,10.8,-1.535165,-52.279165
EDUARDO COSTA,2024-10-14 07:31:55,256.0,11.7,-1.757498,-53.068498
EDUARDO COSTA,2024-10-14 07:34:33,256.5,11.8,-1.757498,-53.076998
EDUARDO COSTA,2024-10-14 08:04:15,261.8,11.7,-1.754331,-53.174831
EDUARDO COSTA,2024-10-14 08:07:05,260.5,11.8,-1.753498,-53.184165
EDUARDO COSTA,2024-10-14 08:42:53,236.9,12.1,-1.767495,-53.301688
EDUARDO COSTA,2024-10-14 12:54:13,172.1,11.8,-2.083706,-54.055141
EDUARDO COSTA,2024-10-14 13:34:13,164.8,12.1,-2.220108,-54.053468
EDUARDO COSTA,2024-10-14 14:07:04,197.5,12.1,-2.329441,-54.053288
EDUARDO COSTA,2024-10-14 14:10:07,195.8,12.2,-2.338331,-54.058498
EDUARDO COSTA,2024-10-14 14:24:04,242.3,12.1,-2.358831,-54.099498
EDUARDO COSTA,2024-10-14 16:58:51,275.3,12.0,-2.448331,-54.630331
EDUARDO COSTA,2024-10-14 18:37:52,330.8,11.2,-2.232498,-54.769331
EDUARDO COSTA,2024-10-14 18:57:56,305.0,10.9,-2.174531,-54.791518
EDUARDO COSTA,2024-10-14 19:19:54,255.5,11.4,-2.157166,-54.85511
EDUARDO COSTA,2024-10-14 19:51:34,231.4,11.2,-2.180665,-54.951498
EDUARDO COSTA,2024-10-14 19:55:44,231.2,11.3,-2.18622,-54.963306
EDUARDO COSTA,2024-10-14 20:23:40,251.4,10.7,-2.240831,-55.029831
EDUARDO COSTA,2024-10-14 20:41:33,291.1,11.4,-2.210665,-55.075331
EDUARDO COSTA,2024-10-15 00:43:56,234.9,11.5,-1.95465,-55.724643
EDUARDO COSTA,2024-10-15 00:46:02,235.3,11.5,-1.957126,-55.730925
EDUARDO COSTA,2024-10-15 00:46:23,234.1,11.6,-1.957525,-55.731923
EDUARDO COSTA,2024-10-15 00:46:43,235.4,11.6,-1.957916,-55.732926
EDUARDO COSTA,2024-10-15 01:07:13,246.8,11.7,-1.98041,-55.795915
EDUARDO COSTA,2024-10-15 01:22:53,256.0,11.3,-1.987665,-55.845331
EDUARDO COSTA,2024-10-15 01:52:23,242.1,11.7,-1.990095,-55.939845
EDUARDO COSTA,2024-10-15 01:52:37,240.8,11.7,-1.990331,-55.940498
EDUARDO COSTA,2024-10-15 01:56:43,250.4,11.6,-1.99234,-55.953686
EDUARDO COSTA,2024-10-15 01:57:34,255.4,11.5,-1.992498,-55.956498
EDUARDO COSTA,2024-10-15 02:01:14,252.7,11.5,-1.992621,-55.968225
EDUARDO COSTA,2024-10-15 02:30:54,211.3,11.6,-2.045885,-56.042495
EDUARDO COSTA,2024-10-15 02:59:15,217.2,11.8,-2.109998,-56.110831
EDUARDO COSTA,2024-10-15 03:03:54,216.6,12.1,-2.120035,-56.122875
EDUARDO COSTA,2024-10-15 07:37:42,270.4,11.9,-2.590216,-56.82179
EDUARDO COSTA,2024-10-15 07:41:19,269.1,11.9,-2.587498,-56.833498
EDUARDO COSTA,2024-10-15 07:46:59,268.4,12.1,-2.583461,-56.852018
EDUARDO COSTA,2024-10-15 08:18:04,269.4,11.7,-2.540831,-56.944998
EDUARDO COSTA,2024-10-15 12:37:48,181.4,11.0,-2.487998,-57.573998
EDUARDO COSTA,2024-10-15 12:38:29,182.1,11.1,-2.490026,-57.574511
EDUARDO COSTA,2024-10-15 13:17:30,196.9,11.1,-2.602498,-57.618331
EDUARDO COSTA,2024-10-15 13:39:35,206.4,10.9,-2.650831,-57.664665
EDUARDO COSTA,2024-10-15 13:42:46,202.9,10.7,-2.658331,-57.670498
EDUARDO COSTA,2024-10-15 14:19:44,205.5,11.3,-2.733665,-57.741665
EDUARDO COSTA,2024-10-15 14:20:17,205.7,11.3,-2.735165,-57.742831
EDUARDO COSTA,2024-10-15 14:20:45,205.4,11.3,-2.736331,-57.743665
EDUARDO COSTA,2024-10-15 14:21:21,206.4,11.4,-2.737665,-57.744998
EDUARDO COSTA,2024-10-15 14:21:45,206.1,11.4,-2.738665,-57.745831
EDUARDO COSTA,2024-10-15 14:23:14,206.0,11.4,-2.742331,-57.748665
EDUARDO COSTA,2024-10-15 14:48:07,246.1,11.7,-2.794165,-57.809665
EDUARDO COSTA,2024-11-16 01:58:20,73.1,14.5,-2.799498,-57.847498
EDUARDO COSTA,2024-11-16 01:58:27,73.0,14.5,-2.799498,-57.847165
EDUARDO COSTA,2024-11-16 01:58:33,72.8,14.5,-2.799438,-57.846643
EDUARDO COSTA,2024-11-16 01:59:33,72.4,14.5,-2.799171,-57.842608
EDUARDO COSTA,2024-11-16 02:00:09,73.5,14.4,-2.798998,-57.840331
EDUARDO COSTA,2024-11-16 02:00:21,72.2,14.4,-2.798998,-57.839498
EDUARDO COSTA,2024-11-16 02:00:38,72.2,14.4,-2.798891,-57.838266
EDUARDO COSTA,2024-11-16 02:04:58,69.4,14.1,-2.797165,-57.821331
EDUARDO COSTA,2024-11-16 02:17:05,33.2,14.0,-2.776998,-57.780498
EDUARDO COSTA,2024-11-16 02:20:34,27.6,14.3,-2.766498,-57.771331
EDUARDO COSTA,2024-11-16 02:35:45,25.5,14.4,-2.722331,-57.729665
EDUARDO COSTA,2024-11-16 02:40:36,24.5,14.6,-2.706998,-57.717665
EDUARDO COSTA,2024-11-16 02:43:09,24.0,14.5,-2.698665,-57.711331
EDUARDO COSTA,2024-11-16 03:06:50,10.2,14.4,-2.614665,-57.665165
EDUARDO COSTA,2024-11-16 03:10:22,12.2,14.3,-2.601665,-57.659498
EDUARDO COSTA,2024-11-16 03:13:22,12.7,14.3,-2.590665,-57.654498
EDUARDO COSTA,2024-11-16 03:16:12,15.1,14.2,-2.580498,-57.649498
EDUARDO COSTA,2024-11-16 07:52:57,90.7,14.6,-2.591698,-56.826585
EDUARDO COSTA,2024-11-16 08:20:11,75.6,6.9,-2.613665,-56.735165
EDUARDO COSTA,2024-11-16 13:00:24,63.3,12.3,-1.996925,-55.991766
EDUARDO COSTA,2024-11-16 13:01:04,61.9,12.5,-1.996308,-55.989525
EDUARDO COSTA,2024-11-16 13:13:47,67.2,13.0,-1.990281,-55.944216
EDUARDO COSTA,2024-11-16 13:17:13,66.5,13.4,-1.987901,-55.931768
EDUARDO COSTA,2024-11-16 13:21:25,69.3,13.3,-1.985453,-55.91628
EDUARDO COSTA,2024-11-16 13:45:55,76.7,13.4,-1.988331,-55.826998
EDUARDO COSTA,2024-11-16 13:47:38,74.6,13.1,-1.98823,-55.82058
EDUARDO COSTA,2024-11-16 13:48:25,67.0,13.1,-1.987831,-55.817831
EDUARDO COSTA,2024-11-16 13:48:36,67.0,13.1,-1.9877,-55.817111
EDUARDO COSTA,2024-11-16 13:49:37,67.3,13.1,-1.987081,-55.813505
EDUARDO COSTA,2024-11-16 13:51:59,67.3,13.0,-1.985518,-55.804985
EDUARDO COSTA,2024-11-16 15:04:04,98.8,11.8,-1.901331,-55.563498
EDUARDO COSTA,2024-11-16 17:21:58,95.9,12.2,-2.160371,-55.1671
EDUARDO COSTA,2024-11-16 17:24:40,95.8,12.2,-2.163498,-55.158498
EDUARDO COSTA,2024-11-16 17:24:58,96.7,12.2,-2.163841,-55.157466
EDUARDO COSTA,2024-11-16 17:25:40,96.4,12.2,-2.164665,-55.155331
EDUARDO COSTA,2024-11-16 17:26:10,96.4,12.2,-2.16522,-55.153618
EDUARDO COSTA,2024-11-16 17:26:20,96.2,12.2,-2.165331,-55.153165
EDUARDO COSTA,2024-11-16 17:26:50,97.0,12.2,-2.165998,-55.151498
EDUARDO COSTA,2024-11-16 17:29:13,100.8,12.0,-2.16891,-55.14401
EDUARDO COSTA,2024-11-16 17:30:03,102.1,12.1,-2.170046,-55.141455
EDUARDO COSTA,2024-11-16 19:02:37,66.7,12.2,-2.160656,-54.877883
EDUARDO COSTA,2024-11-16 19:33:18,140.2,11.9,-2.186165,-54.784721
EDUARDO COSTA,2024-11-16 19:39:17,142.3,12.2,-2.204665,-54.776498
EDUARDO COSTA,2024-11-16 19:41:21,143.4,12.3,-2.211183,-54.773771
EDUARDO COSTA,2024-11-17 00:50:24,339.7,12.7,-2.192038,-54.047963
EDUARDO COSTA,2024-11-17 00:52:34,338.7,13.0,-2.184331,-54.049165
EDUARDO COSTA,2024-11-17 00:52:55,338.4,13.0,-2.182991,-54.049348
EDUARDO COSTA,2024-11-17 01:03:05,339.7,12.8,-2.146645,-54.05467
EDUARDO COSTA,2024-11-17 01:20:53,351.0,12.7,-2.083615,-54.058601
EDUARDO COSTA,2024-11-17 01:25:14,354.9,12.7,-2.068161,-54.057368
EDUARDO COSTA,2024-11-17 01:29:42,1.8,12.8,-2.052495,-54.054361
EDUARDO COSTA,2024-11-17 01:33:05,15.0,13.0,-2.041331,-54.049665
EDUARDO COSTA,2024-11-17 01:35:13,20.9,13.1,-2.034453,-54.04583
EDUARDO COSTA,2024-11-17 01:35:45,24.5,13.1,-2.03295,-54.044791
EDUARDO COSTA,2024-11-17 01:38:55,30.4,13.0,-2.024558,-54.037018
EDUARDO COSTA,2024-11-17 01:41:46,31.3,13.1,-2.017165,-54.029831
EDUARDO COSTA,2024-11-17 02:45:39,24.8,12.0,-1.920905,-53.844928
EDUARDO COSTA,2024-11-17 02:50:46,44.2,11.6,-1.910165,-53.832331
EDUARDO COSTA,2024-11-17 06:19:08,83.3,13.1,-1.755665,-53.147665
EDUARDO COSTA,2024-11-17 06:46:12,86.6,13.7,-1.773498,-53.045165
EDUARDO COSTA,2024-11-17 06:49:24,78.0,13.3,-1.774165,-53.033331
EDUARDO COSTA,2024-11-17 07:22:12,10.9,12.9,-1.710165,-52.938165
EDUARDO COSTA,2024-11-17 08:00:08,27.2,13.1,-1.596331,-52.860665
EDUARDO COSTA,2024-11-17 11:57:02,65.1,11.8,-1.440331,-52.083331
EDUARDO COSTA,2024-11-17 12:42:00,41.3,12.0,-1.400181,-51.942675
EDUARDO COSTA,2024-11-17 12:43:27,33.4,11.9,-1.397213,-51.938781
EDUARDO COSTA,2024-11-17 12:44:40,33.7,11.9,-1.39446,-51.935918
EDUARDO COSTA,2024-11-17 12:45:18,32.6,11.9,-1.392948,-51.93446
EDUARDO COSTA,2024-11-17 12:45:27,33.0,11.9,-1.392665,-51.934165
EDUARDO COSTA,2024-11-17 12:45:38,30.4,11.9,-1.392138,-51.933711
EDUARDO COSTA,2024-11-17 12:45:50,32.0,11.9,-1.391675,-51.93324
EDUARDO COSTA,2024-11-17 12:45:58,33.6,11.7,-1.391373,-51.93292
EDUARDO COSTA,2024-11-17 12:47:40,27.1,11.8,-1.387276,-51.929103
EDUARDO COSTA,2024-11-17 12:47:44,27.4,11.7,-1.386998,-51.928998
EDUARDO COSTA,2024-11-17 12:48:40,27.7,11.8,-1.384743,-51.926991
EDUARDO COSTA,2024-11-17 12:50:08,26.3,11.9,-1.381001,-51.923896
EDUARDO COSTA,2024-11-17 12:51:25,27.6,11.8,-1.377775,-51.921203
EDUARDO COSTA,2024-11-17 12:52:11,27.4,12.0,-1.375831,-51.919498
EDUARDO COSTA,2024-11-17 12:54:32,27.0,12.2,-1.369665,-51.914498
EDUARDO COSTA,2024-11-17 13:25:42,347.0,12.4,-1.269556,-51.893023
EDUARDO COSTA,2024-11-17 15:25:50,321.6,14.0,-1.021331,-51.670998
EDUARDO COSTA,2024-11-17 17:39:28,27.1,13.2,-0.562998,-51.541498
EDUARDO COSTA,2024-11-17 17:39:38,29.2,13.1,-0.562665,-51.541165
EDUARDO COSTA,2024-11-17 17:39:49,32.6,13.0,-0.562138,-51.54067
EDUARDO COSTA,2024-11-17 17:39:59,33.7,13.0,-0.561723,-51.540233
EDUARDO COSTA,2024-11-17 17:40:05,35.3,13.0,-0.56148,-51.539966
EDUARDO COSTA,2024-11-17 17:40:18,36.6,12.9,-0.560998,-51.539331
EDUARDO COSTA,2024-11-17 17:40:21,36.1,12.9,-0.560843,-51.539243
EDUARDO COSTA,2024-11-17 17:40:28,36.8,13.0,-0.560498,-51.538998
EDUARDO COSTA,2024-11-17 17:41:18,36.3,13.0,-0.558665,-51.536665
EDUARDO COSTA,2024-11-17 17:42:28,36.2,13.1,-0.555831,-51.533498
EDUARDO COSTA,2024-11-17 18:33:40,71.8,11.4,-0.463498,-51.390498
EDUARDO COSTA,2024-11-17 18:36:29,73.0,11.3,-0.462693,-51.381698
EDUARDO COSTA,2024-11-17 18:39:19,68.1,11.3,-0.461331,-51.372831
EDUARDO COSTA,2024-11-17 19:17:59,61.8,10.9,-0.43683,-51.257783
EDUARDO COSTA,2024-11-17 23:27:05,341.3,6.8,-0.018678,-51.008265
EDUARDO COSTA,2024-11-18 00:27:47,9.1,4.4,0.058166,-51.000331
EDUARDO COSTA,2024-11-18 00:36:30,9.6,4.0,0.067365,-50.996578
EDUARDO COSTA,2024-11-18 00:37:16,9.6,4.0,0.068158,-50.996246
EDUARDO COSTA,2024-11-18 00:37:40,10.1,4.0,0.068583,-50.996063
EDUARDO COSTA,2024-11-18 00:37:53,10.6,4.1,0.068835,-50.995956
EDUARDO COSTA,2024-11-18 00:38:57,8.8,4.3,0.07,-50.995498
EDUARDO COSTA,2024-11-18 00:43:24,19.3,3.7,0.074836,-50.993245
EDUARDO COSTA,2024-11-18 00:45:16,26.3,3.4,0.07636,-50.992173
EDUARDO COSTA,2024-11-18 01:07:27,115.9,1.4,0.0755,-50.979165
EDUARDO COSTA,2024-11-18 01:07:47,125.9,1.3,0.075333,-50.979165
EDUARDO COSTA,2024-11-18 01:08:21,189.9,0.6,0.075226,-50.979135
EDUARDO COSTA,2024-11-18 01:10:38,203.6,0.6,0.074833,-50.979331
EDUARDO COSTA,2024-11-18 06:53:55,38.8,0.0,0.088853,-50.970748
EDUARDO COSTA,2024-11-18 07:03:55,34.4,0.0,0.088731,-50.970588
EDUARDO COSTA,2024-11-18 16:20:34,37.7,12.8,0.274333,-50.586665
EDUARDO COSTA,2024-11-18 16:20:44,37.7,12.7,0.274666,-50.586165
EDUARDO COSTA,2024-11-18 17:54:12,357.9,11.5,0.525166,-50.428498
EDUARDO COSTA,2024-11-18 17:56:12,357.9,11.5,0.5315,-50.427331
EDUARDO COSTA,2024-11-18 18:09:36,358.3,10.7,0.572166,-50.418665
EDUARDO COSTA,2024-11-18 18:47:57,27.9,11.2,0.669205,-50.35731
EDUARDO COSTA,2024-11-18 23:07:11,38.1,11.6,1.161196,-49.554546
EDUARDO COSTA,2024-11-18 23:26:10,39.6,10.7,1.199166,-49.507665
EDUARDO COSTA,2024-11-19 00:14:01,36.9,7.9,1.268438,-49.42244
EDUARDO COSTA,2024-11-19 00:26:19,37.3,7.0,1.284333,-49.402331
EDUARDO COSTA,2024-11-19 00:27:10,37.8,7.0,1.285333,-49.400998
EDUARDO COSTA,2024-11-19 00:32:10,33.7,6.9,1.291833,-49.393831
EDUARDO COSTA,2024-11-19 00:45:50,37.8,6.5,1.307888,-49.373946
EDUARDO COSTA,2024-11-19 00:49:51,37.9,7.1,1.312871,-49.368191
EDUARDO COSTA,2024-11-19 01:23:46,38.9,8.0,1.35855,-49.311678
EDUARDO COSTA,2024-11-19 02:11:19,52.5,9.1,1.405833,-49.210998
EDUARDO COSTA,2024-11-19 06:34:37,137.0,12.5,1.373615,-48.38091
EDUARDO COSTA,2024-11-19 12:22:23,132.9,12.8,0.252166,-47.742331
EDUARDO COSTA,2024-11-19 13:59:03,140.3,12.6,-0.046665,-47.573831
EDUARDO COSTA,2024-11-19 17:12:39,90.2,14.2,-0.46136,-47.089156
EDUARDO COSTA,2024-11-19 17:45:48,87.9,13.8,-0.490031,-46.96345
EDUARDO COSTA,2024-11-19 17:47:59,87.6,13.9,-0.491746,-46.955285
EDUARDO COSTA,2024-11-19 18:10:04,86.3,13.5,-0.508891,-46.872071
EDUARDO COSTA,2024-11-19 18:18:05,86.8,13.5,-0.51436,-46.842416
EDUARDO COSTA,2024-11-19 18:20:14,87.4,13.4,-0.515906,-46.834426
EDUARDO COSTA,2024-11-19 18:22:33,88.1,13.4,-0.517498,-46.825998
EDUARDO COSTA,2024-11-19 18:25:43,88.4,13.4,-0.519716,-46.814346
EDUARDO COSTA,2024-11-19 22:45:48,85.7,11.8,-0.682831,-45.941665
EDUARDO COSTA,2024-11-19 23:17:44,89.5,12.2,-0.705998,-45.837165
EDUARDO COSTA,2024-11-19 23:18:15,88.5,12.1,-0.706353,-45.83541
EDUARDO COSTA,2024-11-19 23:51:27,86.7,12.3,-0.729738,-45.72573
EDUARDO COSTA,2024-11-20 00:01:04,87.9,12.2,-0.735946,-45.693588
EDUARDO COSTA,2024-11-20 00:22:46,89.3,12.3,-0.749498,-45.620831
EDUARDO COSTA,2024-11-20 01:00:41,88.9,12.5,-0.772998,-45.491665
EDUARDO COSTA,2024-11-20 06:08:35,86.9,11.8,-0.988376,-44.433078
EDUARDO COSTA,2024-11-20 06:47:24,93.5,11.7,-1.025831,-44.309498
EDUARDO COSTA,2024-11-20 10:39:57,95.3,11.7,-1.241165,-43.587498
EDUARDO COSTA,2024-11-20 11:06:34,94.2,11.9,-1.268313,-43.503668
EDUARDO COSTA,2024-11-20 11:36:24,93.4,11.5,-1.297548,-43.411085
EDUARDO COSTA,2024-11-20 11:39:24,92.3,11.5,-1.300215,-43.401806
EDUARDO COSTA,2024-11-20 12:08:54,93.2,11.1,-1.324995,-43.312125
EDUARDO COSTA,2024-11-20 12:08:55,93.2,11.1,-1.324995,-43.312125
EDUARDO COSTA,2024-11-20 12:11:36,91.7,11.2,-1.327331,-43.304165
EDUARDO COSTA,2024-11-20 12:12:35,93.8,11.2,-1.328165,-43.301165
EDUARDO COSTA,2024-11-20 12:25:01,94.6,11.1,-1.340498,-43.264665
EDUARDO COSTA,2024-11-20 12:55:11,92.6,10.9,-1.371498,-43.176998
EDUARDO COSTA,2024-11-20 16:47:31,85.9,10.9,-1.588831,-42.496831
EDUARDO COSTA,2024-11-20 16:48:05,85.1,10.9,-1.588998,-42.494998
EDUARDO COSTA,2024-11-20 16:48:49,87.7,10.9,-1.589406,-42.492853
EDUARDO COSTA,2024-11-20 16:49:09,86.7,10.9,-1.589585,-42.491911
EDUARDO COSTA,2024-11-20 16:50:55,88.1,10.9,-1.590665,-42.486665
EDUARDO COSTA,2024-11-20 16:51:59,88.7,11.0,-1.591331,-42.483498
EDUARDO COSTA,2024-11-20 17:19:11,94.8,11.0,-1.611831,-42.403331
EDUARDO COSTA,2024-11-20 17:26:01,93.8,11.0,-1.618331,-42.383331
EDUARDO COSTA,2024-11-20 17:57:53,97.7,11.2,-1.649861,-42.289976
EDUARDO COSTA,2024-11-20 18:01:13,95.4,11.4,-1.653298,-42.279998
EDUARDO COSTA,2024-11-20 18:29:25,89.0,10.9,-1.676421,-42.196425
EDUARDO COSTA,2024-11-20 18:33:58,98.4,10.9,-1.680165,-42.183165
EDUARDO COSTA,2024-11-20 22:14:14,91.8,11.2,-1.877488,-41.526936
EDUARDO COSTA,2024-11-20 22:49:11,95.3,11.2,-1.908665,-41.422331
EDUARDO COSTA,2024-11-20 23:08:34,94.0,10.9,-1.92707,-41.365538
EDUARDO COSTA,2024-11-20 23:12:35,94.2,10.9,-1.930588,-41.353886
EDUARDO COSTA,2024-11-20 23:42:45,92.1,11.1,-1.975665,-41.274498
EDUARDO COSTA,2024-11-21 00:05:25,92.3,11.0,-1.994498,-41.206831
EDUARDO COSTA,2024-11-21 01:15:30,91.0,11.6,-2.052106,-40.99351
EDUARDO COSTA,2024-11-21 01:15:57,88.6,11.6,-2.052498,-40.992165
EDUARDO COSTA,2024-11-21 03:57:07,94.7,12.3,-2.198665,-40.478165
EDUARDO COSTA,2024-11-21 04:04:44,95.1,11.6,-2.206678,-40.454208
EDUARDO COSTA,2024-11-21 04:35:58,91.1,11.8,-2.236665,-40.356498
EDUARDO COSTA,2024-11-21 04:40:02,91.6,11.7,-2.239998,-40.343665
EDUARDO COSTA,2024-11-21 05:41:17,95.4,12.0,-2.300948,-40.150828
EDUARDO COSTA,2024-11-21 05:43:57,95.0,12.1,-2.303831,-40.142498
EDUARDO COSTA,2024-11-21 08:54:34,118.3,11.7,-2.600165,-39.596498
EDUARDO COSTA,2024-11-21 09:30:36,120.8,11.9,-2.681665,-39.507831
EDUARDO COSTA,2024-11-21 10:02:45,119.6,12.0,-2.754831,-39.430165
EDUARDO COSTA,2024-11-21 10:35:44,123.5,12.1,-2.834998,-39.354831
EDUARDO COSTA,2024-11-21 10:35:48,123.0,12.0,-2.835165,-39.354665
EDUARDO COSTA,2024-11-21 10:38:14,122.7,12.0,-2.841218,-39.349045
EDUARDO COSTA,2024-11-21 10:41:40,122.9,12.1,-2.849658,-39.341203
EDUARDO COSTA,2024-11-21 10:41:54,122.9,12.0,-2.850223,-39.340655
EDUARDO COSTA,2024-11-21 11:06:38,122.9,12.1,-2.910331,-39.282498
EDUARDO COSTA,2024-11-21 11:09:31,120.2,11.9,-2.917073,-39.27557
EDUARDO COSTA,2024-11-21 11:12:38,118.7,11.9,-2.924165,-39.267998
EDUARDO COSTA,2024-11-21 11:14:52,118.5,12.0,-2.929165,-39.262498
EDUARDO COSTA,2024-11-21 11:24:25,117.4,12.0,-2.950598,-39.238788
EDUARDO COSTA,2024-11-21 11:27:07,119.7,11.9,-2.956665,-39.231998
EDUARDO COSTA,2024-11-21 11:53:55,118.2,12.2,-3.01657,-39.164523
EDUARDO COSTA,2024-11-21 11:56:27,115.9,12.1,-3.022296,-39.158011
EDUARDO COSTA,2024-11-21 11:56:44,117.4,12.0,-3.022921,-39.157288
EDUARDO COSTA,2024-11-21 11:56:54,117.8,12.1,-3.023263,-39.156913
EDUARDO COSTA,2024-11-21 11:57:44,116.4,12.1,-3.025108,-39.154785
EDUARDO COSTA,2024-11-21 11:57:47,115.6,12.1,-3.025165,-39.154665
EDUARDO COSTA,2024-11-21 11:58:27,117.1,12.1,-3.026741,-39.152928
EDUARDO COSTA,2024-11-21 11:59:17,116.8,12.0,-3.028498,-39.150831
EDUARDO COSTA,2024-11-21 12:55:30,104.7,11.7,-3.165665,-39.024665
EDUARDO COSTA,2024-11-21 13:03:51,98.1,11.7,-3.177498,-38.999998
EDUARDO COSTA,2024-11-21 13:06:40,97.6,11.8,-3.180816,-38.991208
EDUARDO COSTA,2024-11-21 13:07:17,97.5,11.7,-3.181498,-38.989331
EDUARDO COSTA,2024-11-21 13:07:45,97.1,11.7,-3.182165,-38.987998
EDUARDO COSTA,2024-11-21 15:25:36,105.4,11.8,-3.352498,-38.565665
EDUARDO COSTA,2024-11-21 15:53:26,101.8,11.9,-3.390998,-38.482665
EDUARDO COSTA,2024-11-21 16:27:04,100.2,11.9,-3.437466,-38.381835
EDUARDO COSTA,2024-11-21 17:01:06,101.0,12.1,-3.48554,-38.280646
EDUARDO COSTA,2024-11-21 17:01:13,101.5,12.0,-3.485665,-38.280331
EDUARDO COSTA,2024-11-21 17:01:15,101.6,12.0,-3.485831,-38.280165
EDUARDO COSTA,2024-11-21 17:01:19,101.4,12.0,-3.485831,-38.279998
EDUARDO COSTA,2024-11-21 17:01:43,101.0,12.2,-3.486498,-38.278831
EDUARDO COSTA,2024-11-21 17:02:15,100.8,12.2,-3.487268,-38.277091
EDUARDO COSTA,2024-11-21 17:02:23,100.3,12.1,-3.487498,-38.276665
EDUARDO COSTA,2024-11-21 17:02:26,99.1,12.1,-3.48752,-38.276586
EDUARDO COSTA,2024-11-21 17:02:36,101.1,12.2,-3.48776,-38.276075
EDUARDO COSTA,2024-11-21 17:02:45,101.3,12.1,-3.487998,-38.275665
EDUARDO COSTA,2024-11-21 17:02:55,101.5,12.2,-3.488245,-38.275058
EDUARDO COSTA,2024-11-21 17:03:02,101.9,12.1,-3.488391,-38.274753
EDUARDO COSTA,2024-11-21 17:06:01,99.9,12.0,-3.492741,-38.26561
EDUARDO COSTA,2024-11-21 17:30:09,102.1,12.0,-3.525981,-38.192525
EDUARDO COSTA,2024-11-21 17:32:28,101.3,11.8,-3.529165,-38.185498
EDUARDO COSTA,2024-11-21 17:40:12,100.8,12.0,-3.539831,-38.161998
EDUARDO COSTA,2024-11-21 18:06:45,97.7,12.0,-3.576498,-38.080165
EDUARDO COSTA,2024-11-21 20:22:05,101.7,11.8,-3.759831,-37.661998
EDUARDO COSTA,2024-11-21 21:50:28,101.4,12.0,-3.875391,-37.39572
EDUARDO COSTA,2024-11-21 22:02:38,105.3,11.7,-3.893035,-37.35947
EDUARDO COSTA,2024-11-21 22:08:55,106.5,12.0,-3.903371,-37.341093
EDUARDO COSTA,2024-11-21 22:13:25,106.2,11.7,-3.910788,-37.328181
EDUARDO COSTA,2024-11-21 22:25:42,104.0,11.5,-3.930331,-37.293998
EDUARDO COSTA,2024-11-21 22:29:35,107.0,11.7,-3.936665,-37.282998
EDUARDO COSTA,2024-11-21 22:58:44,96.3,11.6,-3.975498,-37.197665
EDUARDO COSTA,2024-11-21 23:00:14,96.6,11.5,-3.97711,-37.193178
EDUARDO COSTA,2024-11-21 23:01:35,96.5,11.6,-3.978665,-37.189165
EDUARDO COSTA,2024-11-21 23:06:43,97.0,11.7,-3.984325,-37.173305
EDUARDO COSTA,2024-11-21 23:30:36,96.6,11.6,-4.010331,-37.100665
EDUARDO COSTA,2024-11-21 23:38:16,95.9,12.3,-4.018665,-37.076665
EDUARDO COSTA,2024-11-22 00:47:01,103.1,12.0,-4.117998,-36.872331
EDUARDO COSTA,2024-11-22 00:51:14,102.5,12.1,-4.124215,-36.85951
EDUARDO COSTA,2024-11-22 03:41:35,102.4,12.0,-4.364011,-36.334225
EDUARDO COSTA,2024-11-22 03:44:14,102.4,12.3,-4.368046,-36.326046
EDUARDO COSTA,2024-11-22 04:06:55,99.0,11.6,-4.400893,-36.258208
EDUARDO COSTA,2024-11-22 04:09:41,101.9,11.7,-4.404831,-36.249998
EDUARDO COSTA,2024-11-22 04:43:35,98.6,12.1,-4.451556,-36.148393
EDUARDO COSTA,2024-11-22 04:46:21,99.0,12.2,-4.455165,-36.139665
EDUARDO COSTA,2024-11-22 05:26:35,102.7,11.8,-4.507535,-36.017445
EDUARDO COSTA,2024-11-22 07:55:55,100.3,12.4,-4.708461,-35.560815
EDUARDO COSTA,2024-11-22 09:03:58,99.7,12.5,-4.807023,-35.34519
EDUARDO COSTA,2024-11-22 10:08:18,101.1,12.1,-4.897498,-35.143331
EDUARDO COSTA,2024-11-22 10:09:58,126.4,11.4,-4.900781,-35.138911
EDUARDO COSTA,2024-11-22 10:27:22,151.7,12.5,-4.955165,-35.115998
EDUARDO COSTA,2024-11-22 10:46:08,148.4,12.6,-5.0188,-35.098528
EDUARDO COSTA,2024-11-22 11:22:29,150.7,12.7,-5.143195,-35.064638
EDUARDO COSTA,2024-11-22 11:23:18,149.8,12.7,-5.146056,-35.063853
EDUARDO COSTA,2024-11-22 11:24:42,150.4,12.7,-5.150831,-35.062498
EDUARDO COSTA,2024-11-22 11:43:55,152.3,12.7,-5.218665,-35.046665
EDUARDO COSTA,2024-11-22 11:44:28,153.5,12.7,-5.220541,-35.046278
EDUARDO COSTA,2024-11-22 11:45:11,153.2,12.6,-5.222998,-35.045665
EDUARDO COSTA,2024-11-22 11:48:41,154.0,12.7,-5.235165,-35.042998
EDUARDO COSTA,2024-11-22 12:37:04,152.1,12.6,-5.401976,-35.005913
EDUARDO COSTA,2024-11-22 12:38:08,152.6,12.6,-5.40563,-35.005021
EDUARDO COSTA,2024-11-22 12:38:31,151.1,12.7,-5.406998,-35.004665
EDUARDO COSTA,2024-11-22 12:40:38,150.7,12.9,-5.41434,-35.002801
EDUARDO COSTA,2024-11-22 12:40:57,151.1,13.0,-5.415511,-35.0025
EDUARDO COSTA,2024-11-22 15:20:18,142.8,12.5,-5.94947,-34.861795
EDUARDO COSTA,2024-11-22 15:42:46,153.4,12.4,-6.024433,-34.838766
EDUARDO COSTA,2024-11-22 15:43:11,153.3,12.5,-6.025831,-34.838498
EDUARDO COSTA,2024-11-22 15:43:55,154.1,12.5,-6.028331,-34.837998
EDUARDO COSTA,2024-11-22 16:01:47,153.1,12.7,-6.089323,-34.823731
EDUARDO COSTA,2024-11-22 16:08:25,152.6,12.9,-6.112198,-34.818258
EDUARDO COSTA,2024-11-22 16:32:36,152.1,12.4,-6.195331,-34.798331
EDUARDO COSTA,2024-11-22 16:34:55,152.3,12.5,-6.203331,-34.796498
EDUARDO COSTA,2024-11-22 17:05:54,153.7,12.5,-6.309998,-34.771331
EDUARDO COSTA,2024-11-22 17:15:56,148.8,12.6,-6.344458,-34.761765
EDUARDO COSTA,2024-11-22 17:17:40,148.7,12.7,-6.350331,-34.759998
EDUARDO COSTA,2024-11-22 17:18:17,149.3,12.6,-6.352375,-34.759296
EDUARDO COSTA,2024-11-22 17:18:27,148.9,12.7,-6.35294,-34.759125
EDUARDO COSTA,2024-11-22 20:20:38,152.4,13.4,-6.993488,-34.586676
EDUARDO COSTA,2024-11-22 21:07:26,171.7,13.4,-7.168703,-34.59705
EDUARDO COSTA,2024-11-22 21:11:44,170.6,13.3,-7.184665,-34.598165
EDUARDO COSTA,2024-11-22 21:59:37,168.9,13.5,-7.36525,-34.608346
EDUARDO COSTA,2024-11-22 22:02:44,171.1,13.6,-7.376998,-34.608998
EDUARDO COSTA,2024-11-22 22:03:06,169.8,13.5,-7.378456,-34.609153
EDUARDO COSTA,2024-11-22 22:07:02,170.3,13.8,-7.393496,-34.610325
EDUARDO COSTA,2024-11-22 22:32:10,173.9,13.8,-7.491085,-34.621225
EDUARDO COSTA,2024-11-22 22:36:34,173.3,13.9,-7.508116,-34.623408
EDUARDO COSTA,2024-11-22 22:52:29,173.0,13.9,-7.569378,-34.631361
EDUARDO COSTA,2024-11-22 22:55:55,174.3,14.0,-7.582721,-34.633113
EDUARDO COSTA,2024-11-22 23:08:27,176.1,13.7,-7.630868,-34.639701
EDUARDO COSTA,2024-11-22 23:13:14,175.9,13.8,-7.648998,-34.642665
EDUARDO COSTA,2024-11-23 01:59:56,187.4,14.5,-8.292288,-34.755495
EDUARDO COSTA,2024-11-23 02:36:49,186.9,14.6,-8.433143,-34.808388
EDUARDO COSTA,2024-11-23 02:39:03,187.7,14.8,-8.441763,-34.811636
EDUARDO COSTA,2024-11-23 03:09:05,186.1,14.8,-8.55851,-34.852898
EDUARDO COSTA,2024-11-23 03:11:29,186.8,14.7,-8.56774,-34.856283
EDUARDO COSTA,2024-11-23 03:14:01,185.0,14.8,-8.577575,-34.859821
EDUARDO COSTA,2024-11-23 03:16:49,186.1,14.8,-8.588556,-34.863626
EDUARDO COSTA,2024-11-23 03:39:57,186.0,14.7,-8.678563,-34.896081
EDUARDO COSTA,2024-11-23 03:42:49,185.3,14.6,-8.689665,-34.899998
EDUARDO COSTA,2024-11-23 03:45:57,186.0,14.7,-8.701758,-34.904408
EDUARDO COSTA,2024-11-23 04:53:36,185.1,14.6,-8.9636,-34.998143
EDUARDO COSTA,2024-11-23 06:56:01,185.6,14.5,-9.438543,-35.172076
EDUARDO COSTA,2024-11-23 08:01:07,186.3,14.7,-9.687165,-35.263498
EDUARDO COSTA,2024-11-23 08:37:59,186.3,14.6,-9.83048,-35.315768
EDUARDO COSTA,2024-11-23 08:41:55,184.9,14.6,-9.845655,-35.321335
EDUARDO COSTA,2024-11-23 09:09:21,184.9,14.9,-9.951618,-35.36052
EDUARDO COSTA,2024-11-23 09:12:37,185.5,15.0,-9.964588,-35.365031
EDUARDO COSTA,2024-11-23 09:30:54,184.8,14.9,-10.037303,-35.389843
EDUARDO COSTA,2024-11-23 09:43:28,184.8,15.0,-10.087375,-35.40711
EDUARDO COSTA,2024-11-23 09:46:58,186.0,15.1,-10.101283,-35.411906
EDUARDO COSTA,2024-11-23 09:49:22,185.6,14.9,-10.110741,-35.415323
EDUARDO COSTA,2024-11-23 10:19:47,183.9,14.6,-10.22948,-35.45665
EDUARDO COSTA,2024-11-23 10:24:41,185.0,14.6,-10.248383,-35.463033
EDUARDO COSTA,2024-11-23 10:25:41,185.3,14.4,-10.252228,-35.464363
EDUARDO COSTA,2024-11-23 10:38:07,184.4,14.3,-10.299883,-35.480043
EDUARDO COSTA,2024-11-23 11:09:55,186.3,14.2,-10.420831,-35.523831
EDUARDO COSTA,2024-11-23 11:11:59,188.3,14.4,-10.42855,-35.526766
EDUARDO COSTA,2024-11-23 11:15:33,188.1,14.3,-10.441951,-35.531903
EDUARDO COSTA,2024-11-23 11:18:31,187.9,14.4,-10.453165,-35.536331
EDUARDO COSTA,2024-11-23 11:21:37,187.6,14.3,-10.464715,-35.540763
EDUARDO COSTA,2024-11-23 11:36:25,187.1,14.3,-10.520165,-35.561998
EDUARDO COSTA,2024-11-23 11:36:30,186.6,14.3,-10.520453,-35.562123
EDUARDO COSTA,2024-11-23 11:36:40,186.9,14.3,-10.521075,-35.562363
EDUARDO COSTA,2024-11-23 11:36:48,186.8,14.3,-10.521575,-35.562553
EDUARDO COSTA,2024-11-23 11:37:02,186.6,14.3,-10.52245,-35.56289
EDUARDO COSTA,2024-11-23 11:37:20,187.2,14.3,-10.523576,-35.563316
EDUARDO COSTA,2024-11-23 11:38:46,186.9,14.3,-10.528963,-35.56538
EDUARDO COSTA,2024-11-23 11:40:10,187.4,14.2,-10.534158,-35.567446
EDUARDO COSTA,2024-11-23 12:12:36,183.8,13.9,-10.654658,-35.610443
EDUARDO COSTA,2024-11-23 13:52:14,186.6,13.9,-11.022341,-35.746118
EDUARDO COSTA,2024-11-23 13:57:21,187.8,14.0,-11.041078,-35.753423
EDUARDO COSTA,2024-11-23 15:08:41,185.2,13.6,-11.297816,-35.84638
EDUARDO COSTA,2024-11-23 15:52:18,186.0,13.5,-11.453665,-35.902831
EDUARDO COSTA,2024-11-23 15:52:52,185.2,13.4,-11.455665,-35.903498
EDUARDO COSTA,2024-11-23 15:52:59,184.0,13.4,-11.456071,-35.903636
EDUARDO COSTA,2024-11-23 15:53:19,186.2,13.4,-11.457253,-35.904056
EDUARDO COSTA,2024-11-23 15:54:31,185.9,13.3,-11.461498,-35.905498
EDUARDO COSTA,2024-11-23 15:54:59,185.5,13.4,-11.462998,-35.906165
EDUARDO COSTA,2024-11-23 16:09:13,186.0,13.5,-11.513331,-35.924665
EDUARDO COSTA,2024-11-23 16:44:52,185.6,13.3,-11.639695,-35.970423
EDUARDO COSTA,2024-11-23 16:47:53,183.5,13.4,-11.650296,-35.97413
EDUARDO COSTA,2024-11-23 17:22:59,184.6,13.4,-11.774331,-36.018165
EDUARDO COSTA,2024-11-23 20:57:42,186.5,13.3,-12.528331,-36.294831
EDUARDO COSTA,2024-11-23 21:47:38,186.0,13.3,-12.704498,-36.358998
EDUARDO COSTA,2024-11-23 21:51:58,186.2,13.4,-12.719708,-36.36453
EDUARDO COSTA,2024-11-23 21:54:46,184.8,13.4,-12.729498,-36.367998
EDUARDO COSTA,2024-11-23 22:10:44,186.7,13.5,-12.786151,-36.388555
EDUARDO COSTA,2024-11-23 22:43:34,185.2,13.1,-12.901886,-36.431038
EDUARDO COSTA,2024-11-23 22:43:57,186.5,13.3,-12.903331,-36.431498
EDUARDO COSTA,2024-11-23 22:50:19,185.7,13.3,-12.925335,-36.43967
EDUARDO COSTA,2024-11-24 03:18:02,187.0,12.5,-13.812665,-36.759665
EDUARDO COSTA,2024-11-24 03:21:32,185.6,12.5,-13.824331,-36.763665
EDUARDO COSTA,2024-11-24 03:23:34,186.6,12.4,-13.83094,-36.766235
EDUARDO COSTA,2024-11-24 03:53:15,188.2,11.9,-13.924998,-36.801831
EDUARDO COSTA,2024-11-24 03:56:57,185.8,12.5,-13.936698,-36.806268
EDUARDO COSTA,2024-11-24 05:52:52,186.5,11.9,-14.305498,-36.942998
EDUARDO COSTA,2024-11-24 06:26:29,189.1,12.1,-14.415405,-36.984175
EDUARDO COSTA,2024-11-24 07:03:28,188.1,12.2,-14.5348,-37.030735
EDUARDO COSTA,2024-11-24 07:37:08,184.3,11.6,-14.640831,-37.067998
EDUARDO COSTA,2024-11-24 08:08:22,184.3,11.9,-14.738498,-37.103665
EDUARDO COSTA,2024-11-24 08:10:29,186.7,11.9,-14.745125,-37.106033
EDUARDO COSTA,2024-11-24 08:13:02,182.5,12.0,-14.753165,-37.108998
EDUARDO COSTA,2024-11-24 08:43:06,185.5,12.1,-14.848498,-37.145665
EDUARDO COSTA,2024-11-24 08:44:18,187.0,12.1,-14.852331,-37.147165
EDUARDO COSTA,2024-11-24 08:48:38,185.4,12.3,-14.866508,-37.152285
EDUARDO COSTA,2024-11-24 08:51:22,186.4,12.1,-14.875165,-37.155498
EDUARDO COSTA,2024-11-24 09:18:27,185.2,12.4,-14.960498,-37.188165
EDUARDO COSTA,2024-11-24 09:21:48,188.7,11.9,-14.971293,-37.19227
EDUARDO COSTA,2024-11-24 09:24:05,187.9,11.9,-14.978321,-37.195123
EDUARDO COSTA,2024-11-24 09:29:48,186.2,12.1,-14.996198,-37.202121
EDUARDO COSTA,2024-11-24 09:53:14,183.9,12.1,-15.069925,-37.22937
EDUARDO COSTA,2024-11-24 09:55:32,184.8,12.2,-15.077331,-37.231831
EDUARDO COSTA,2024-11-24 10:14:05,184.0,11.8,-15.135823,-37.251125
EDUARDO COSTA,2024-11-24 10:19:14,183.2,11.4,-15.152175,-37.256355
EDUARDO COSTA,2024-11-24 11:06:58,189.6,12.1,-15.303151,-37.307751
EDUARDO COSTA,2024-11-24 11:17:29,186.5,11.9,-15.335673,-37.321828
EDUARDO COSTA,2024-11-24 11:22:44,186.9,11.9,-15.352331,-37.327998
EDUARDO COSTA,2024-11-24 11:24:01,187.1,11.8,-15.356165,-37.329665
EDUARDO COSTA,2024-11-24 11:26:58,185.1,11.8,-15.365436,-37.333075
EDUARDO COSTA,2024-11-24 12:31:35,186.8,12.3,-15.576831,-37.412998
EDUARDO COSTA,2024-11-24 12:56:35,182.9,12.4,-15.655665,-37.441498
EDUARDO COSTA,2024-11-24 13:18:38,186.7,11.9,-15.725876,-37.467043
EDUARDO COSTA,2024-11-24 13:20:07,184.8,12.1,-15.730665,-37.468665
EDUARDO COSTA,2024-11-24 13:44:45,186.6,12.7,-15.81028,-37.496833
EDUARDO COSTA,2024-11-24 15:49:02,188.9,12.4,-16.215165,-37.648831
EDUARDO COSTA,2024-11-24 16:03:39,187.3,12.3,-16.262331,-37.668331
EDUARDO COSTA,2024-11-24 16:03:43,187.6,12.3,-16.262498,-37.668331
EDUARDO COSTA,2024-11-24 16:05:43,188.6,12.6,-16.269165,-37.670998
EDUARDO COSTA,2024-11-24 16:05:56,186.5,12.6,-16.2698,-37.671306
EDUARDO COSTA,2024-11-24 16:07:12,185.6,12.8,-16.274021,-37.672945
EDUARDO COSTA,2024-11-24 16:09:33,187.1,12.6,-16.281831,-37.675998
EDUARDO COSTA,2024-11-24 16:10:06,187.1,12.6,-16.28373,-37.676675
EDUARDO COSTA,2024-11-24 16:20:00,188.0,12.7,-16.316498,-37.690498
EDUARDO COSTA,2024-11-24 16:51:59,185.0,12.4,-16.421573,-37.730895
EDUARDO COSTA,2024-11-24 16:54:41,187.5,12.3,-16.430498,-37.734331
EDUARDO COSTA,2024-11-24 17:43:31,184.8,12.5,-16.590665,-37.794331
EDUARDO COSTA,2024-11-24 17:43:55,187.1,12.3,-16.592058,-37.794778
EDUARDO COSTA,2024-11-24 17:44:31,187.7,12.6,-16.593998,-37.795498
EDUARDO COSTA,2024-11-24 17:48:35,184.9,12.6,-16.607416,-37.80074
EDUARDO COSTA,2024-11-24 18:09:56,188.1,13.0,-16.678998,-37.828665
EDUARDO COSTA,2024-11-24 18:13:42,186.5,12.9,-16.691665,-37.833665
EDUARDO COSTA,2024-11-24 19:00:48,184.1,12.2,-16.846643,-37.889716
EDUARDO COSTA,2024-11-24 19:56:24,188.1,12.1,-17.020795,-37.954326
EDUARDO COSTA,2024-11-24 20:00:35,189.4,12.0,-17.034006,-37.95986
EDUARDO COSTA,2024-11-24 20:04:38,187.8,12.1,-17.046665,-37.965165
EDUARDO COSTA,2024-11-24 20:46:24,182.7,11.8,-17.177208,-38.015796
EDUARDO COSTA,2024-11-24 20:49:24,181.1,11.9,-17.186745,-38.01862
EDUARDO COSTA,2024-11-24 20:53:54,181.8,11.8,-17.201251,-38.022805
EDUARDO COSTA,2024-11-24 21:44:34,183.7,11.9,-17.358998,-38.076665
EDUARDO COSTA,2024-11-24 21:51:05,185.1,12.0,-17.379666,-38.083608
EDUARDO COSTA,2024-11-24 21:54:18,184.0,11.8,-17.389941,-38.087115
EDUARDO COSTA,2024-11-24 22:20:35,188.0,11.6,-17.47286,-38.116761
EDUARDO COSTA,2024-11-24 22:24:35,187.0,11.9,-17.485128,-38.121858
EDUARDO COSTA,2024-11-24 23:00:44,186.8,12.3,-17.599733,-38.168445
EDUARDO COSTA,2024-11-24 23:05:44,186.6,12.4,-17.615771,-38.17498
EDUARDO COSTA,2024-11-24 23:26:18,189.4,12.4,-17.681496,-38.203303
EDUARDO COSTA,2024-11-24 23:34:02,185.1,12.1,-17.706331,-38.212998
EDUARDO COSTA,2024-11-24 23:39:14,185.7,11.9,-17.722806,-38.219105
EDUARDO COSTA,2024-11-25 00:57:51,185.7,12.3,-17.979165,-38.310331
EDUARDO COSTA,2024-11-25 01:07:58,185.0,12.3,-18.011998,-38.322331
EDUARDO COSTA,2024-11-25 01:22:47,182.9,12.4,-18.06093,-38.339538
EDUARDO COSTA,2024-11-25 01:41:22,187.4,12.6,-18.121331,-38.363998
EDUARDO COSTA,2024-11-25 02:16:48,190.2,13.1,-18.23864,-38.416195
EDUARDO COSTA,2024-11-25 02:23:47,191.5,13.2,-18.262028,-38.427731
EDUARDO COSTA,2024-11-25 02:51:51,188.0,12.8,-18.355831,-38.468831
EDUARDO COSTA,2024-11-25 02:54:11,187.3,13.1,-18.363665,-38.472165
EDUARDO COSTA,2024-11-25 03:29:58,196.7,13.1,-18.481375,-38.53248
EDUARDO COSTA,2024-11-25 05:26:24,197.0,12.7,-18.869998,-38.712165
EDUARDO COSTA,2024-11-25 06:03:25,190.6,13.0,-18.989665,-38.773331
EDUARDO COSTA,2024-11-25 06:34:25,188.0,13.0,-19.093331,-38.822165
EDUARDO COSTA,2024-11-25 07:08:32,189.8,12.9,-19.207165,-38.872831
EDUARDO COSTA,2024-11-25 07:10:48,188.3,12.7,-19.214715,-38.876168
EDUARDO COSTA,2024-11-25 07:42:42,189.8,13.0,-19.319331,-38.925665
EDUARDO COSTA,2024-11-25 07:48:44,193.1,12.7,-19.339095,-38.93521
EDUARDO COSTA,2024-11-25 08:17:31,189.4,12.2,-19.431498,-38.979498
EDUARDO COSTA,2024-11-25 08:21:44,190.2,12.5,-19.444883,-38.985695
EDUARDO COSTA,2024-11-25 08:24:58,191.4,12.2,-19.454831,-38.990665
EDUARDO COSTA,2024-11-25 08:51:44,191.9,12.5,-19.539425,-39.031928
EDUARDO COSTA,2024-11-25 08:54:54,189.8,12.6,-19.549505,-39.03696
EDUARDO COSTA,2024-11-25 09:29:18,190.6,12.7,-19.658175,-39.090975
EDUARDO COSTA,2024-11-25 09:31:43,192.7,12.6,-19.665921,-39.094898
EDUARDO COSTA,2024-11-25 10:12:12,191.2,12.6,-19.794998,-39.161331
EDUARDO COSTA,2024-11-25 10:15:59,191.2,12.6,-19.806921,-39.16746
EDUARDO COSTA,2024-11-25 10:55:31,190.3,12.5,-19.934165,-39.225998
EDUARDO COSTA,2024-11-25 10:57:45,191.5,12.4,-19.941423,-39.22892
EDUARDO COSTA,2024-11-25 11:02:10,187.1,12.5,-19.955665,-39.235498
EDUARDO COSTA,2024-11-25 11:15:41,197.0,12.6,-19.998665,-39.257498
EDUARDO COSTA,2024-11-25 12:02:08,204.4,12.7,-20.120428,-39.376916
EDUARDO COSTA,2024-11-25 12:41:50,213.2,13.1,-20.223831,-39.483331
EDUARDO COSTA,2024-11-25 12:45:23,208.3,13.1,-20.233026,-39.493275
EDUARDO COSTA,2024-11-25 12:46:31,210.2,13.1,-20.235998,-39.496165
EDUARDO COSTA,2024-11-25 12:47:27,208.7,13.1,-20.238498,-39.498665
EDUARDO COSTA,2024-11-25 12:49:11,206.8,13.2,-20.243331,-39.503165
EDUARDO COSTA,2024-11-25 14:31:20,209.7,13.8,-20.515831,-39.784998
EDUARDO COSTA,2024-11-25 15:26:11,208.5,14.1,-20.667235,-39.942838
EDUARDO COSTA,2024-11-25 15:55:13,209.1,14.3,-20.750031,-40.027825
EDUARDO COSTA,2024-11-25 15:58:15,210.8,14.1,-20.75861,-40.03682
EDUARDO COSTA,2024-11-25 16:18:04,208.8,14.4,-20.815351,-40.095358
EDUARDO COSTA,2024-11-25 16:19:40,209.0,14.5,-20.819973,-40.10012
EDUARDO COSTA,2024-11-25 16:21:16,211.1,14.6,-20.824641,-40.10492
EDUARDO COSTA,2024-11-25 16:21:20,211.9,14.5,-20.824855,-40.105105
EDUARDO COSTA,2024-11-25 16:23:12,210.5,14.5,-20.8303,-40.110751
EDUARDO COSTA,2024-11-25 16:28:15,211.7,14.4,-20.844701,-40.12586
EDUARDO COSTA,2024-11-25 16:34:45,211.8,14.3,-20.863366,-40.145233
EDUARDO COSTA,2024-11-25 16:37:49,209.1,14.5,-20.87226,-40.154373
EDUARDO COSTA,2024-11-25 17:03:44,210.9,14.2,-20.94837,-40.230136
EDUARDO COSTA,2024-11-25 17:08:23,204.5,14.1,-20.962525,-40.242516
EDUARDO COSTA,2024-11-25 17:12:21,201.6,14.2,-20.97522,-40.252296
EDUARDO COSTA,2024-11-25 17:16:49,195.8,14.0,-20.989996,-40.262638
EDUARDO COSTA,2024-11-25 17:53:00,181.9,14.3,-21.123941,-40.322373
EDUARDO COSTA,2024-11-25 17:58:11,181.1,14.4,-21.143861,-40.328468
EDUARDO COSTA,2024-11-25 17:59:19,182.2,14.4,-21.148201,-40.329736
EDUARDO COSTA,2024-11-25 18:01:11,182.1,14.5,-21.155498,-40.331998
EDUARDO COSTA,2024-11-25 18:02:35,180.2,14.6,-21.160998,-40.333665
EDUARDO COSTA,2024-11-25 18:06:32,183.7,14.6,-21.176108,-40.33821
EDUARDO COSTA,2024-11-25 18:18:19,188.1,14.4,-21.22051,-40.357215
EDUARDO COSTA,2024-11-25 18:22:19,186.7,14.5,-21.23542,-40.363625
EDUARDO COSTA,2024-11-25 18:56:47,186.2,14.5,-21.365393,-40.419683
EDUARDO COSTA,2024-11-25 18:59:47,185.5,14.5,-21.376775,-40.424218
EDUARDO COSTA,2024-11-25 19:47:15,190.4,13.5,-21.548498,-40.495498
EDUARDO COSTA,2024-11-25 19:49:39,189.7,13.4,-21.556765,-40.499675
EDUARDO COSTA,2024-11-25 20:37:02,189.9,13.3,-21.718185,-40.578466
EDUARDO COSTA,2024-11-25 20:40:13,186.6,13.2,-21.72908,-40.583186
EDUARDO COSTA,2024-11-25 20:47:06,188.4,13.3,-21.752831,-40.593331
EDUARDO COSTA,2024-11-25 21:50:06,188.6,13.3,-21.969331,-40.690331
EDUARDO COSTA,2024-11-25 21:56:50,187.7,13.5,-21.992498,-40.700331
EDUARDO COSTA,2024-11-25 21:59:49,186.8,13.5,-22.003083,-40.704831
EDUARDO COSTA,2024-11-25 22:03:55,186.8,13.5,-22.017565,-40.711018
EDUARDO COSTA,2024-11-25 22:21:59,187.8,13.8,-22.080498,-40.738998
EDUARDO COSTA,2024-11-25 22:29:27,211.1,14.3,-22.103906,-40.756825
EDUARDO COSTA,2024-11-25 22:32:27,211.7,14.4,-22.112316,-40.766193
EDUARDO COSTA,2024-11-25 22:34:59,212.7,14.4,-22.119403,-40.774096
EDUARDO COSTA,2024-11-25 22:55:54,207.9,14.3,-22.178303,-40.837846
EDUARDO COSTA,2024-11-25 22:56:09,209.5,14.4,-22.178993,-40.838531
EDUARDO COSTA,2024-11-25 23:37:08,209.7,14.4,-22.298345,-40.962483
EDUARDO COSTA,2024-11-25 23:39:23,211.4,14.3,-22.30458,-40.969416
EDUARDO COSTA,2024-11-25 23:43:54,211.9,14.4,-22.317325,-40.983368
EDUARDO COSTA,2024-11-25 23:49:44,211.1,14.4,-22.333588,-41.001485
EDUARDO COSTA,2024-11-26 00:09:54,211.3,14.3,-22.389835,-41.063725
EDUARDO COSTA,2024-11-26 00:24:49,216.1,14.4,-22.432246,-41.11077
EDUARDO COSTA,2024-11-26 00:29:58,212.0,14.6,-22.446848,-41.12681
EDUARDO COSTA,2024-11-26 00:30:34,212.5,14.6,-22.448563,-41.128683
EDUARDO COSTA,2024-11-26 00:31:14,213.0,14.6,-22.450456,-41.130785
EDUARDO COSTA,2024-11-26 00:31:34,213.0,14.7,-22.451401,-41.131846
EDUARDO COSTA,2024-11-26 00:31:38,212.8,14.6,-22.451601,-41.132046
EDUARDO COSTA,2024-11-26 00:31:46,212.0,14.7,-22.451975,-41.132475
EDUARDO COSTA,2024-11-26 00:32:52,211.8,14.6,-22.455101,-41.135966
EDUARDO COSTA,2024-11-26 00:37:16,212.2,14.5,-22.467646,-41.149695
EDUARDO COSTA,2024-11-26 00:40:08,210.3,14.4,-22.475681,-41.158653
EDUARDO COSTA,2024-11-26 00:42:41,211.6,14.4,-22.483088,-41.166416
EDUARDO COSTA,2024-11-26 00:56:33,209.9,14.6,-22.522791,-41.208383
EDUARDO COSTA,2024-11-26 01:15:25,218.7,14.2,-22.569583,-41.273291
EDUARDO COSTA,2024-11-26 01:19:37,220.8,14.3,-22.579943,-41.287553
EDUARDO COSTA,2024-11-26 01:21:55,215.3,14.4,-22.585608,-41.295318
EDUARDO COSTA,2024-11-26 01:24:05,217.8,14.3,-22.590981,-41.302666
EDUARDO COSTA,2024-11-26 01:48:53,204.9,14.4,-22.659851,-41.378835
EDUARDO COSTA,2024-11-26 01:51:51,203.9,14.3,-22.669313,-41.38675
EDUARDO COSTA,2024-11-26 02:06:07,207.9,14.3,-22.713128,-41.426093
EDUARDO COSTA,2024-11-26 02:22:29,215.0,14.0,-22.757308,-41.477538
EDUARDO COSTA,2024-11-26 02:26:13,211.9,13.6,-22.76704,-41.489095
EDUARDO COSTA,2024-11-26 02:30:50,215.2,13.7,-22.778998,-41.503331
EDUARDO COSTA,2024-11-26 06:09:07,251.9,14.9,-23.17852,-42.269458
EDUARDO COSTA,2024-11-26 06:44:09,248.8,15.1,-23.191953,-42.427021
EDUARDO COSTA,2024-11-26 06:47:31,251.2,15.1,-23.193505,-42.442255
EDUARDO COSTA,2024-11-26 07:19:40,253.0,14.9,-23.204376,-42.588383
EDUARDO COSTA,2024-11-26 07:22:00,253.6,14.8,-23.20487,-42.598911
EDUARDO COSTA,2024-11-26 07:48:32,251.4,15.1,-23.211615,-42.719136
EDUARDO COSTA,2024-11-26 08:23:41,252.3,14.8,-23.221438,-42.876263
EDUARDO COSTA,2024-11-26 08:27:33,252.4,14.6,-23.22242,-42.893351
EDUARDO COSTA,2024-11-26 08:29:35,252.8,14.6,-23.222926,-42.902331
EDUARDO COSTA,2024-11-26 09:06:56,254.3,13.9,-23.23041,-43.06464
EDUARDO COSTA,2024-11-26 09:56:57,248.7,13.6,-23.246665,-43.270498
EDUARDO COSTA,2024-11-26 10:02:11,250.2,13.8,-23.248831,-43.292165
EDUARDO COSTA,2024-11-26 10:53:17,253.7,13.8,-23.268343,-43.506475
EDUARDO COSTA,2024-11-26 11:02:46,253.2,14.0,-23.269843,-43.546455
EDUARDO COSTA,2024-11-26 11:02:47,253.2,14.0,-23.269843,-43.546455
EDUARDO COSTA,2024-11-26 11:06:08,254.5,13.9,-23.27035,-43.560618
EDUARDO COSTA,2024-11-26 11:06:18,253.0,13.9,-23.270373,-43.56132
EDUARDO COSTA,2024-11-26 12:31:52,251.3,14.3,-23.297903,-43.926446
EDUARDO COSTA,2024-11-26 12:35:44,251.4,14.3,-23.298908,-43.943221
EDUARDO COSTA,2024-11-26 12:46:04,252.0,13.8,-23.301768,-43.98705
EDUARDO COSTA,2024-11-26 14:58:18,323.1,8.4,-23.251223,-44.428911
EDUARDO COSTA,2024-11-26 15:15:40,335.8,8.9,-23.208331,-44.438165
EDUARDO COSTA,2024-11-26 15:27:31,338.5,4.1,-23.189873,-44.441978
EDUARDO COSTA,2024-11-26 16:04:21,339.8,3.4,-23.147366,-44.449436
EDUARDO COSTA,2024-11-26 16:39:41,265.2,0.4,-23.126743,-44.453743
EDUARDO COSTA,2024-11-26 21:53:52,160.4,7.6,-23.138331,-44.448665
EDUARDO COSTA,2024-11-26 21:58:54,159.3,8.0,-23.149498,-44.447165
EDUARDO COSTA,2024-11-26 22:04:48,159.6,8.7,-23.163498,-44.445331
EDUARDO COSTA,2024-11-26 22:06:56,159.4,8.6,-23.168665,-44.444665
EDUARDO COSTA,2024-11-26 22:29:24,160.9,8.1,-23.220665,-44.437831
EDUARDO COSTA,2024-11-26 22:35:44,160.6,8.1,-23.234998,-44.435998
EDUARDO COSTA,2024-11-26 22:39:34,158.5,9.9,-23.244165,-44.434998
EDUARDO COSTA,2024-11-26 22:44:30,157.1,13.1,-23.260665,-44.432665
EDUARDO COSTA,2024-11-26 23:11:38,199.7,14.4,-23.356331,-44.440331
EDUARDO COSTA,2024-11-26 23:43:45,204.3,15.2,-23.461165,-44.524998
EDUARDO COSTA,2024-11-26 23:48:50,204.1,15.0,-23.477831,-44.538998
EDUARDO COSTA,2024-11-26 23:51:34,203.6,15.1,-23.486945,-44.546716
EDUARDO COSTA,2024-11-27 00:48:58,205.6,14.8,-23.684998,-44.688165
EDUARDO COSTA,2024-11-27 00:52:22,203.2,14.8,-23.696115,-44.697531
EDUARDO COSTA,2024-11-27 01:24:09,199.0,15.0,-23.802165,-44.783998
EDUARDO COSTA,2024-11-27 01:27:08,200.1,14.8,-23.812498,-44.791665
EDUARDO COSTA,2024-11-27 01:34:01,200.5,14.7,-23.836165,-44.808831
EDUARDO COSTA,2024-11-27 01:34:29,201.2,14.7,-23.837665,-44.809998
EDUARDO COSTA,2024-11-27 01:34:57,201.7,14.7,-23.839331,-44.811165
EDUARDO COSTA,2024-11-27 01:34:59,200.3,14.8,-23.839331,-44.811331
EDUARDO COSTA,2024-11-27 01:39:50,200.4,14.7,-23.855831,-44.823498
EDUARDO COSTA,2024-11-27 01:57:18,203.3,15.0,-23.914165,-44.870665
EDUARDO COSTA,2024-11-27 02:00:34,202.8,15.0,-23.925165,-44.879665
EDUARDO COSTA,2024-11-27 02:32:34,197.4,15.2,-24.037831,-44.963498
EDUARDO COSTA,2024-11-27 02:37:18,198.2,15.3,-24.054831,-44.975331
EDUARDO COSTA,2024-11-27 02:51:14,209.4,15.4,-24.100165,-45.017998
EDUARDO COSTA,2024-11-27 03:07:10,208.5,16.1,-24.152831,-45.068331
EDUARDO COSTA,2024-11-27 03:59:45,207.4,15.6,-24.326831,-45.238998
EDUARDO COSTA,2024-11-27 04:36:41,210.8,15.0,-24.448665,-45.351665
EDUARDO COSTA,2024-11-27 05:01:56,211.4,14.7,-24.523331,-45.431665
EDUARDO COSTA,2024-11-27 05:10:40,210.0,15.3,-24.549165,-45.459498
EDUARDO COSTA,2024-11-27 05:37:55,208.2,14.5,-24.633498,-45.542498
EDUARDO COSTA,2024-11-27 05:45:57,209.6,14.3,-24.656665,-45.567165
EDUARDO COSTA,2024-11-27 06:16:26,208.0,14.2,-24.744831,-45.658831
EDUARDO COSTA,2024-11-27 06:19:40,208.5,14.3,-24.754665,-45.668165
EDUARDO COSTA,2024-11-27 06:49:42,209.7,13.9,-24.841998,-45.754498
EDUARDO COSTA,2024-11-27 06:52:34,209.2,13.8,-24.850165,-45.762831
EDUARDO COSTA,2024-11-27 07:28:23,205.9,13.5,-24.950648,-45.863548
EDUARDO COSTA,2024-11-27 07:31:20,208.6,13.4,-24.958778,-45.87186
EDUARDO COSTA,2024-11-27 08:00:13,209.4,13.7,-25.039498,-45.955831
EDUARDO COSTA,2024-11-27 08:02:57,209.9,13.7,-25.047013,-45.963653
EDUARDO COSTA,2024-11-27 08:06:39,209.2,13.7,-25.057323,-45.974533
EDUARDO COSTA,2024-11-27 08:34:57,209.7,13.5,-25.13514,-46.054785
EDUARDO COSTA,2024-11-27 09:56:03,209.1,13.8,-25.362498,-46.283998
EDUARDO COSTA,2024-11-27 10:00:36,210.0,13.7,-25.375331,-46.297331
EDUARDO COSTA,2024-11-27 10:49:40,205.8,13.7,-25.514795,-46.43722
EDUARDO COSTA,2024-11-27 10:50:16,207.9,13.8,-25.516586,-46.438931
EDUARDO COSTA,2024-11-27 10:50:39,207.3,13.8,-25.517678,-46.440026
EDUARDO COSTA,2024-11-27 11:37:46,208.1,13.9,-25.653165,-46.574665
EDUARDO COSTA,2024-11-27 12:22:45,209.6,14.0,-25.782998,-46.707165
EDUARDO COSTA,2024-11-27 12:23:03,207.4,14.0,-25.783998,-46.707998
EDUARDO COSTA,2024-11-27 12:23:33,207.6,13.9,-25.785331,-46.709498
EDUARDO COSTA,2024-11-27 12:23:55,208.9,13.8,-25.786498,-46.710498
EDUARDO COSTA,2024-11-27 12:24:35,208.7,13.8,-25.788383,-46.712451
EDUARDO COSTA,2024-11-27 12:27:17,210.5,13.8,-25.795998,-46.720165
EDUARDO COSTA,2024-11-27 13:33:12,209.3,13.6,-25.983076,-46.911483
EDUARDO COSTA,2024-11-27 14:18:03,209.9,13.5,-26.106908,-47.038311
EDUARDO COSTA,2024-11-27 15:06:01,207.2,13.3,-26.241331,-47.171665
EDUARDO COSTA,2024-11-27 15:36:29,207.0,12.9,-26.324998,-47.252998
EDUARDO COSTA,2024-11-27 15:46:09,208.1,12.7,-26.350901,-47.278728
EDUARDO COSTA,2024-11-27 15:56:54,202.5,12.8,-26.380998,-47.304998
EDUARDO COSTA,2024-11-27 16:01:24,202.8,12.8,-26.393861,-47.315888
EDUARDO COSTA,2024-11-27 16:17:09,202.7,12.8,-26.439331,-47.353331
EDUARDO COSTA,2024-11-27 16:48:46,201.9,12.8,-26.532998,-47.425331
EDUARDO COSTA,2024-11-27 16:48:53,202.4,12.8,-26.533303,-47.425573
EDUARDO COSTA,2024-11-27 16:59:09,200.7,12.9,-26.563331,-47.449165
EDUARDO COSTA,2024-11-27 17:20:53,199.8,12.8,-26.62727,-47.498771
EDUARDO COSTA,2024-11-27 18:42:43,202.7,13.0,-26.869153,-47.692985
EDUARDO COSTA,2024-11-27 19:26:38,200.0,13.0,-26.999715,-47.795315
EDUARDO COSTA,2024-11-27 20:24:42,201.2,13.0,-27.174036,-47.931023
EDUARDO COSTA,2024-11-27 21:29:28,198.9,13.0,-27.367481,-48.081658
EDUARDO COSTA,2024-11-27 22:17:25,183.0,13.6,-27.520831,-48.181498
EDUARDO COSTA,2024-11-27 22:19:43,178.3,13.7,-27.529223,-48.184151
EDUARDO COSTA,2024-11-27 22:35:22,181.3,13.7,-27.58704,-48.202538
EDUARDO COSTA,2024-11-27 22:48:57,181.1,13.9,-27.637816,-48.218811
EDUARDO COSTA,2024-11-27 23:10:44,183.6,14.1,-27.718831,-48.249165
EDUARDO COSTA,2024-11-27 23:13:54,183.6,14.1,-27.730665,-48.253331
EDUARDO COSTA,2024-11-27 23:21:14,181.6,14.0,-27.758498,-48.262331
EDUARDO COSTA,2024-11-27 23:23:49,180.3,14.2,-27.768331,-48.265498
EDUARDO COSTA,2024-11-27 23:28:30,180.6,14.1,-27.786233,-48.271066
EDUARDO COSTA,2024-11-27 23:33:18,181.2,14.2,-27.804493,-48.276805
EDUARDO COSTA,2024-11-27 23:50:00,183.4,14.2,-27.868331,-48.296331
EDUARDO COSTA,2024-11-27 23:53:47,179.5,14.4,-27.882998,-48.300831
EDUARDO COSTA,2024-11-27 23:56:14,184.5,14.1,-27.892165,-48.304165
EDUARDO COSTA,2024-11-28 00:02:19,187.3,14.3,-27.91505,-48.31348
EDUARDO COSTA,2024-11-28 00:04:35,187.4,14.5,-27.923498,-48.317331
EDUARDO COSTA,2024-11-28 00:07:35,188.9,14.3,-27.934665,-48.322331
EDUARDO COSTA,2024-11-28 00:09:10,187.7,14.4,-27.940498,-48.324998
EDUARDO COSTA,2024-11-28 00:17:34,183.9,14.5,-27.972701,-48.337141
EDUARDO COSTA,2024-11-28 00:26:23,179.3,14.7,-28.007606,-48.347198
EDUARDO COSTA,2024-11-28 00:40:19,179.1,13.9,-28.062143,-48.362621
EDUARDO COSTA,2024-11-28 01:08:26,185.4,13.1,-28.164146,-48.394888
EDUARDO COSTA,2024-11-28 01:15:56,184.8,13.0,-28.189831,-48.404831
EDUARDO COSTA,2024-11-28 01:31:43,186.9,13.2,-28.244165,-48.426665
EDUARDO COSTA,2024-11-28 01:40:16,184.5,13.0,-28.273918,-48.438391
EDUARDO COSTA,2024-11-28 01:52:03,186.3,13.1,-28.314331,-48.454498
EDUARDO COSTA,2024-11-28 02:04:17,184.8,13.3,-28.357268,-48.47082
EDUARDO COSTA,2024-11-28 02:06:37,184.3,13.5,-28.365606,-48.473885
EDUARDO COSTA,2024-11-28 02:12:01,183.0,13.3,-28.38475,-48.481125
EDUARDO COSTA,2024-11-28 02:24:23,180.9,13.6,-28.429833,-48.494221
EDUARDO COSTA,2024-11-28 02:51:16,182.2,13.3,-28.5285,-48.522773
EDUARDO COSTA,2024-11-28 03:27:06,207.3,13.0,-28.634165,-48.607165
EDUARDO COSTA,2024-11-28 05:47:27,209.3,13.2,-29.021253,-48.993001
EDUARDO COSTA,2024-11-28 05:50:17,210.2,13.3,-29.028998,-49.000998
EDUARDO COSTA,2024-11-28 07:03:28,209.1,13.0,-29.230175,-49.20701
EDUARDO COSTA,2024-11-28 07:07:54,207.5,13.0,-29.242158,-49.219378
EDUARDO COSTA,2024-11-28 09:43:18,207.9,10.4,-29.656831,-49.641831
EDUARDO COSTA,2024-11-28 09:46:05,206.3,10.3,-29.662998,-49.647998
EDUARDO COSTA,2024-11-28 09:48:15,209.7,10.2,-29.66771,-49.652808
EDUARDO COSTA,2024-11-28 09:50:54,206.4,10.3,-29.673331,-49.658498
EDUARDO COSTA,2024-11-28 11:33:59,209.7,7.2,-29.879998,-49.874665
EDUARDO COSTA,2024-11-28 11:36:53,207.5,7.5,-29.884331,-49.879165
EDUARDO COSTA,2024-11-28 12:13:11,229.5,6.2,-29.920498,-49.952665
EDUARDO COSTA,2024-11-28 12:22:38,232.3,6.0,-29.927331,-49.969498
EDUARDO COSTA,2024-11-28 12:30:14,228.4,5.4,-29.932831,-49.982665
EDUARDO COSTA,2024-11-28 17:41:36,61.9,0.2,-29.936665,-50.010831
EDUARDO COSTA,2024-11-28 18:05:30,151.7,0.0,-29.936651,-50.010768
EDUARDO COSTA,2024-11-28 18:07:48,244.4,0.1,-29.936651,-50.010766
EDUARDO COSTA,2024-11-28 18:09:50,152.7,0.0,-29.936683,-50.010843
EDUARDO COSTA,2024-11-28 18:35:45,146.1,0.1,-29.936731,-50.010941
EDUARDO COSTA,2024-11-28 18:38:41,143.8,0.0,-29.936758,-50.01089
EDUARDO COSTA,2024-11-28 18:40:25,235.6,0.1,-29.936735,-50.010861
EDUARDO COSTA,2024-11-28 18:40:29,28.6,0.2,-29.936741,-50.010861
EDUARDO COSTA,2024-11-28 20:26:33,145.5,0.0,-29.936886,-50.011085
EDUARDO COSTA,2024-11-28 20:32:57,141.0,0.0,-29.936936,-50.01112
EDUARDO COSTA,2024-11-28 21:09:17,132.0,0.0,-29.937165,-50.011498
EDUARDO COSTA,2024-11-28 21:36:00,157.8,0.0,-29.936721,-50.010813
EDUARDO COSTA,2024-11-28 21:38:26,227.3,0.3,-29.936831,-50.010831
EDUARDO COSTA,2024-11-28 21:42:56,35.3,0.2,-29.936831,-50.010998
EDUARDO COSTA,2024-11-28 21:53:26,144.0,0.0,-29.9369,-50.01105
EDUARDO COSTA,2024-11-28 22:21:18,241.7,0.1,-29.936841,-50.011005
EDUARDO COSTA,2024-11-28 22:24:41,231.9,0.2,-29.936831,-50.011165
EDUARDO COSTA,2024-11-28 22:28:29,137.8,0.0,-29.936998,-50.011165
EDUARDO COSTA,2024-11-28 22:30:59,142.7,0.0,-29.936998,-50.011165
EDUARDO COSTA,2024-11-28 22:33:47,231.6,0.1,-29.936991,-50.011288
EDUARDO COSTA,2024-11-28 22:47:39,39.9,0.1,-29.937165,-50.011498
EDUARDO COSTA,2024-11-28 23:00:01,44.8,0.1,-29.937165,-50.011498
EDUARDO COSTA,2024-11-28 23:02:14,43.8,0.1,-29.937145,-50.011463
EDUARDO COSTA,2024-11-28 23:07:52,44.5,0.2,-29.937165,-50.011331
EDUARDO COSTA,2024-11-28 23:23:42,124.4,0.0,-29.937338,-50.011515
EDUARDO COSTA,2024-11-28 23:31:24,41.0,0.1,-29.937158,-50.011358
EDUARDO COSTA,2024-11-28 23:36:15,141.7,0.0,-29.936998,-50.011165
EDUARDO COSTA,2024-11-28 23:41:16,52.2,0.1,-29.937078,-50.011285
EDUARDO COSTA,2024-11-29 00:00:48,233.3,0.1,-29.937068,-50.011205
EDUARDO COSTA,2024-11-29 00:17:16,131.7,0.0,-29.937165,-50.011498
EDUARDO COSTA,2024-11-29 00:33:09,130.6,0.0,-29.937165,-50.011498
EDUARDO COSTA,2024-11-29 01:01:53,41.5,0.1,-29.937165,-50.011331
EDUARDO COSTA,2024-11-29 01:23:47,124.2,0.0,-29.937331,-50.011665
EDUARDO COSTA,2024-11-29 01:24:43,124.5,0.0,-29.937331,-50.011498
EDUARDO COSTA,2024-11-29 01:25:55,36.8,0.1,-29.937165,-50.011498
EDUARDO COSTA,2024-11-29 01:26:05,37.2,0.1,-29.937211,-50.011528
EDUARDO COSTA,2024-11-29 01:26:49,38.9,0.1,-29.937165,-50.011498
EDUARDO COSTA,2024-11-29 01:42:12,141.0,0.0,-29.937165,-50.011331
EDUARDO COSTA,2024-11-29 02:00:00,123.5,0.0,-29.937331,-50.011665
EDUARDO COSTA,2024-11-29 02:11:15,52.3,0.2,-29.936998,-50.011331
EDUARDO COSTA,2024-11-29 02:35:08,34.0,0.1,-29.937165,-50.011498
EDUARDO COSTA,2024-11-29 02:58:49,119.8,0.1,-29.937165,-50.011498
EDUARDO COSTA,2024-11-29 04:17:16,145.4,0.0,-29.936998,-50.011165
EDUARDO COSTA,2024-11-29 04:48:15,183.2,0.1,-29.937093,-50.011371
EDUARDO COSTA,2024-11-29 04:50:57,223.2,0.1,-29.937165,-50.011498
EDUARDO COSTA,2024-11-29 05:21:30,202.0,0.2,-29.937165,-50.011331
EDUARDO COSTA,2024-11-29 05:25:36,219.9,0.2,-29.937331,-50.011498
EDUARDO COSTA,2024-11-29 05:28:56,208.8,0.2,-29.937498,-50.011831
EDUARDO COSTA,2024-11-29 06:02:55,130.2,0.0,-29.937158,-50.011443
EDUARDO COSTA,2024-11-29 06:07:39,131.8,0.0,-29.93717,-50.011461
EDUARDO COSTA,2024-11-29 06:29:54,130.6,0.0,-29.937111,-50.011498
EDUARDO COSTA,2024-11-29 06:40:24,47.1,0.1,-29.937276,-50.011331
EDUARDO COSTA,2024-11-29 07:06:39,257.2,0.2,-29.937048,-50.011333
EDUARDO COSTA,2024-11-29 07:11:51,49.8,0.1,-29.937028,-50.01129
EDUARDO COSTA,2024-11-29 07:44:02,152.3,0.0,-29.936788,-50.01093
EDUARDO COSTA,2024-11-29 09:39:07,285.9,2.4,-29.9779,-50.056088
EDUARDO COSTA,2024-11-29 11:28:29,95.2,0.3,-30.009611,-50.095851
EDUARDO COSTA,2024-11-29 11:59:36,248.3,0.2,-30.009648,-50.096281
EDUARDO COSTA,2024-11-29 12:06:48,159.7,0.0,-30.009836,-50.096438
EDUARDO COSTA,2024-11-29 13:05:27,210.7,0.1,-30.010558,-50.097451
EDUARDO COSTA,2024-11-29 13:12:41,118.1,0.0,-30.01063,-50.097496
EDUARDO COSTA,2024-11-29 14:01:03,133.3,0.0,-30.010036,-50.096878
EDUARDO COSTA,2024-11-29 14:16:36,211.9,0.2,-30.010606,-50.097488
EDUARDO COSTA,2024-11-29 14:50:49,129.8,0.0,-30.010286,-50.097215
EDUARDO COSTA,2024-11-29 14:59:01,213.7,0.1,-30.010446,-50.097373
EDUARDO COSTA,2024-11-29 16:08:02,139.4,0.0,-30.010128,-50.09703
EDUARDO COSTA,2024-11-29 16:29:13,137.8,0.0,-30.010165,-50.096998
EDUARDO COSTA,2024-11-29 16:34:17,136.4,0.0,-30.010165,-50.097165
EDUARDO COSTA,2024-11-29 16:42:01,219.9,0.1,-30.010331,-50.097331
EDUARDO COSTA,2024-11-29 17:03:43,28.2,0.1,-30.010665,-50.097498
EDUARDO COSTA,2024-11-29 17:05:47,31.2,0.1,-30.010618,-50.097483
EDUARDO COSTA,2024-11-29 17:07:55,32.6,0.1,-30.010665,-50.097498
EDUARDO COSTA,2024-11-29 17:10:31,122.1,0.0,-30.010576,-50.097471
EDUARDO COSTA,2024-11-29 17:14:25,120.4,0.0,-30.010665,-50.097498
EDUARDO COSTA,2024-11-29 17:14:47,120.7,0.0,-30.010595,-50.097473
EDUARDO COSTA,2024-11-29 17:15:47,121.2,0.0,-30.010593,-50.097473
EDUARDO COSTA,2024-11-29 17:16:57,122.4,0.0,-30.01059,-50.097471
EDUARDO COSTA,2024-11-29 17:17:13,122.3,0.0,-30.010665,-50.097498
EDUARDO COSTA,2024-11-29 17:18:13,122.0,0.0,-30.010665,-50.097498
EDUARDO COSTA,2024-11-29 17:19:37,123.4,0.0,-30.0106,-50.09748
EDUARDO COSTA,2024-11-29 17:19:45,123.5,0.0,-30.010598,-50.097476
EDUARDO COSTA,2024-11-29 17:20:43,124.2,0.0,-30.010665,-50.097498
EDUARDO COSTA,2024-11-29 17:21:35,124.0,0.0,-30.010665,-50.097498
EDUARDO COSTA,2024-11-29 17:28:16,125.2,0.0,-30.010498,-50.097498
EDUARDO COSTA,2024-11-29 17:34:06,126.0,0.0,-30.010498,-50.097498
EDUARDO COSTA,2024-11-29 17:50:20,124.8,0.0,-30.010505,-50.097405
EDUARDO COSTA,2024-11-29 18:17:37,116.2,0.0,-30.010735,-50.097565
EDUARDO COSTA,2024-11-29 18:21:17,117.3,0.0,-30.010716,-50.097533
EDUARDO COSTA,2024-11-29 18:21:36,117.6,0.0,-30.010713,-50.097533
EDUARDO COSTA,2024-11-29 18:23:58,117.5,0.0,-30.010705,-50.097535
EDUARDO COSTA,2024-11-29 18:56:27,122.7,0.0,-30.010665,-50.097498
EDUARDO COSTA,2024-11-29 18:59:07,123.9,0.0,-30.010665,-50.097498
EDUARDO COSTA,2024-11-29 19:14:36,113.1,0.0,-30.010963,-50.097676
EDUARDO COSTA,2024-11-29 19:29:40,114.0,0.0,-30.010895,-50.097636
EDUARDO COSTA,2024-11-29 19:34:25,117.1,0.0,-30.010831,-50.097665
EDUARDO COSTA,2024-11-29 20:03:52,109.2,0.0,-30.011126,-50.097741
EDUARDO COSTA,2024-11-29 20:08:16,108.9,0.0,-30.011098,-50.097731
EDUARDO COSTA,2024-11-29 20:43:33,103.3,0.0,-30.011216,-50.097736
EDUARDO COSTA,2024-11-29 21:10:46,106.2,0.0,-30.011165,-50.097665
EDUARDO COSTA,2024-11-29 21:14:46,104.9,0.0,-30.011165,-50.097831
EDUARDO COSTA,2024-11-29 21:17:06,104.8,0.0,-30.011165,-50.097831
EDUARDO COSTA,2024-11-29 23:46:37,90.4,0.0,-30.01176,-50.097818
EDUARDO COSTA,2024-11-29 23:48:43,88.6,0.0,-30.011775,-50.097805
EDUARDO COSTA,2024-11-30 00:19:30,147.0,0.3,-30.012345,-50.097775
EDUARDO COSTA,2024-11-30 00:40:02,174.5,0.1,-30.01194,-50.097848
EDUARDO COSTA,2024-11-30 00:42:58,85.6,0.0,-30.0119,-50.097826
EDUARDO COSTA,2024-11-30 00:47:55,87.9,0.0,-30.011841,-50.097846
EDUARDO COSTA,2024-11-30 00:54:02,178.5,0.1,-30.01176,-50.097845
EDUARDO COSTA,2024-11-30 00:59:41,92.6,0.0,-30.01172,-50.097838
EDUARDO COSTA,2024-11-30 01:12:54,90.9,0.0,-30.011653,-50.097823
EDUARDO COSTA,2024-11-30 01:19:11,90.6,0.0,-30.011613,-50.097821
EDUARDO COSTA,2024-11-30 01:32:59,88.3,0.0,-30.01168,-50.097803
EDUARDO COSTA,2024-11-30 01:36:54,88.3,0.0,-30.011685,-50.09781
EDUARDO COSTA,2024-11-30 01:42:18,89.5,0.0,-30.011623,-50.097808
EDUARDO COSTA,2024-11-30 01:43:42,359.6,0.1,-30.011626,-50.097806
EDUARDO COSTA,2024-11-30 01:43:50,359.7,0.1,-30.011623,-50.097803
EDUARDO COSTA,2024-11-30 01:47:20,89.5,0.0,-30.011595,-50.097793
EDUARDO COSTA,2024-11-30 02:08:03,98.9,0.0,-30.011363,-50.09772
EDUARDO COSTA,2024-11-30 02:23:46,194.9,0.1,-30.011221,-50.097675
EDUARDO COSTA,2024-11-30 02:43:07,190.4,0.1,-30.011461,-50.0978
EDUARDO COSTA,2024-11-30 02:43:28,99.9,0.0,-30.011476,-50.097806
EDUARDO COSTA,2024-11-30 02:43:40,189.7,0.2,-30.011478,-50.097806
EDUARDO COSTA,2024-11-30 03:12:19,87.6,0.0,-30.011973,-50.097896
EDUARDO COSTA,2024-11-30 03:21:19,92.8,0.0,-30.01178,-50.097871
EDUARDO COSTA,2024-11-30 03:54:33,4.7,0.1,-30.01173,-50.097846
EDUARDO COSTA,2024-11-30 04:29:44,5.8,0.2,-30.011665,-50.097831
EDUARDO COSTA,2024-11-30 04:59:40,96.8,0.0,-30.011498,-50.097831
EDUARDO COSTA,2024-11-30 05:03:37,92.2,0.0,-30.011498,-50.097831
EDUARDO COSTA,2024-11-30 05:06:28,90.4,0.0,-30.011665,-50.097831
EDUARDO COSTA,2024-11-30 05:27:11,93.1,0.0,-30.011665,-50.097831
EDUARDO COSTA,2024-11-30 05:37:57,94.8,0.0,-30.011665,-50.097831
EDUARDO COSTA,2024-11-30 06:14:34,186.6,0.1,-30.011665,-50.097831
EDUARDO COSTA,2024-11-30 06:38:38,140.4,0.1,-30.011533,-50.09784
EDUARDO COSTA,2024-11-30 06:51:32,96.3,0.0,-30.011498,-50.097831
EDUARDO COSTA,2024-11-30 09:25:54,160.6,0.0,-30.009665,-50.096331
EDUARDO COSTA,2024-11-30 09:28:34,161.7,0.0,-30.009665,-50.096331
EDUARDO COSTA,2024-11-30 09:31:46,253.2,0.1,-30.009665,-50.096331
EDUARDO COSTA,2024-11-30 14:29:13,44.1,5.8,-29.976553,-50.055173
EDUARDO COSTA,2024-11-30 14:40:50,50.3,3.2,-29.966786,-50.037563
EDUARDO COSTA,2024-11-30 14:46:18,45.0,3.2,-29.96536,-50.032273
EDUARDO COSTA,2024-11-30 14:49:36,37.2,2.6,-29.963528,-50.030035
EDUARDO COSTA,2024-11-30 15:35:58,158.6,0.0,-29.958293,-50.028978
EDUARDO COSTA,2024-11-30 15:41:10,327.9,0.1,-29.958331,-50.029165
EDUARDO COSTA,2024-11-30 15:41:11,327.9,0.1,-29.958331,-50.029165
EDUARDO COSTA,2024-11-30 16:10:39,149.4,0.0,-29.958171,-50.02907
EDUARDO COSTA,2024-11-30 16:13:36,148.0,0.0,-29.958193,-50.029051
EDUARDO COSTA,2024-11-30 16:22:57,152.3,0.0,-29.958165,-50.028998
EDUARDO COSTA,2024-11-30 16:40:58,55.6,0.1,-29.958331,-50.029165
EDUARDO COSTA,2024-11-30 16:49:16,148.1,0.0,-29.958165,-50.029165
EDUARDO COSTA,2024-11-30 16:52:00,148.3,0.0,-29.958331,-50.029165
EDUARDO COSTA,2024-11-30 17:16:09,148.0,0.0,-29.958165,-50.029165
EDUARDO COSTA,2024-11-30 17:19:57,149.1,0.0,-29.958165,-50.029165
EDUARDO COSTA,2024-11-30 17:20:50,59.3,0.1,-29.958331,-50.029165
EDUARDO COSTA,2024-11-30 17:24:58,147.6,0.0,-29.958331,-50.029165
EDUARDO COSTA,2024-11-30 17:25:15,147.3,0.0,-29.958331,-50.029165
EDUARDO COSTA,2024-11-30 17:29:32,144.5,0.0,-29.958331,-50.029165
EDUARDO COSTA,2024-11-30 17:29:36,54.4,0.1,-29.958331,-50.029165
EDUARDO COSTA,2024-11-30 17:29:39,54.5,0.1,-29.958331,-50.029165
EDUARDO COSTA,2024-11-30 17:29:58,54.6,0.1,-29.958331,-50.029165
EDUARDO COSTA,2024-11-30 17:34:02,144.4,0.0,-29.958331,-50.029165
EDUARDO COSTA,2024-11-30 17:34:06,144.4,0.0,-29.958331,-50.029165
EDUARDO COSTA,2024-11-30 17:34:53,189.9,0.1,-29.958331,-50.029165
EDUARDO COSTA,2024-11-30 18:35:37,51.2,0.1,-29.958331,-50.029331
EDUARDO COSTA,2024-11-30 20:53:13,137.1,0.0,-29.958498,-50.029498
EDUARDO COSTA,2024-11-30 21:33:23,138.7,0.0,-29.95849,-50.029391
EDUARDO COSTA,2024-11-30 21:35:59,137.2,0.0,-29.95851,-50.029406
EDUARDO COSTA,2024-11-30 21:55:51,134.2,0.0,-29.958498,-50.029331
EDUARDO COSTA,2024-11-30 22:02:53,136.5,0.0,-29.958498,-50.029331
EDUARDO COSTA,2024-11-30 22:17:40,136.4,0.0,-29.958498,-50.029498
EDUARDO COSTA,2024-11-30 22:27:02,133.3,0.0,-29.958498,-50.029498
EDUARDO COSTA,2024-11-30 22:30:55,131.4,0.0,-29.958548,-50.029468
EDUARDO COSTA,2024-11-30 22:33:15,131.1,0.0,-29.958498,-50.029498
EDUARDO COSTA,2024-11-30 22:38:29,137.8,0.0,-29.958498,-50.029331
EDUARDO COSTA,2024-11-30 22:42:16,138.9,0.0,-29.958498,-50.029331
EDUARDO COSTA,2024-11-30 22:46:23,137.8,0.0,-29.958498,-50.029331
EDUARDO COSTA,2024-11-30 22:53:29,129.5,0.0,-29.958665,-50.029665
EDUARDO COSTA,2024-11-30 23:06:03,121.7,0.0,-29.958831,-50.029665
EDUARDO COSTA,2024-11-30 23:18:48,130.8,0.0,-29.958706,-50.029553
EDUARDO COSTA,2024-11-30 23:25:10,123.8,0.0,-29.958831,-50.029665
EDUARDO COSTA,2024-11-30 23:39:39,130.1,0.0,-29.958665,-50.029498
EDUARDO COSTA,2024-11-30 23:45:39,133.3,0.0,-29.95867,-50.029493
EDUARDO COSTA,2024-12-01 00:00:38,133.4,0.0,-29.958665,-50.029498
EDUARDO COSTA,2024-12-01 00:18:47,96.0,0.1,-29.958331,-50.029165
EDUARDO COSTA,2024-12-01 00:30:00,141.0,0.0,-29.958331,-50.028998
EDUARDO COSTA,2024-12-01 00:48:27,157.2,0.0,-29.958165,-50.028665
EDUARDO COSTA,2024-12-01 00:58:20,150.0,0.0,-29.958331,-50.028665
EDUARDO COSTA,2024-12-01 00:58:40,150.0,0.0,-29.958331,-50.028665
EDUARDO COSTA,2024-12-01 00:59:40,61.2,0.1,-29.958331,-50.028665
EDUARDO COSTA,2024-12-01 00:59:45,61.1,0.1,-29.958331,-50.028665
EDUARDO COSTA,2024-12-01 00:59:59,61.6,0.1,-29.958331,-50.028665
EDUARDO COSTA,2024-12-01 01:00:07,61.8,0.1,-29.958331,-50.028665
EDUARDO COSTA,2024-12-01 01:00:20,62.2,0.1,-29.958331,-50.028665
EDUARDO COSTA,2024-12-01 01:00:35,152.3,0.0,-29.958331,-50.028665
EDUARDO COSTA,2024-12-01 01:00:45,62.7,0.1,-29.958331,-50.028665
EDUARDO COSTA,2024-12-01 01:01:49,154.7,0.0,-29.958331,-50.028498
EDUARDO COSTA,2024-12-01 01:02:55,66.2,0.1,-29.958331,-50.028498
EDUARDO COSTA,2024-12-01 01:08:45,161.8,0.0,-29.958331,-50.028331
EDUARDO COSTA,2024-12-01 01:13:14,64.7,0.6,-29.958165,-50.028331
EDUARDO COSTA,2024-12-01 01:23:47,173.2,0.0,-29.958165,-50.027998
EDUARDO COSTA,2024-12-01 01:35:06,182.6,0.0,-29.958165,-50.027831
EDUARDO COSTA,2024-12-01 01:40:24,186.5,0.0,-29.958165,-50.027665
EDUARDO COSTA,2024-12-01 02:14:41,293.2,0.1,-29.958331,-50.027165
EDUARDO COSTA,2024-12-01 02:21:33,113.8,0.2,-29.958331,-50.027165
EDUARDO COSTA,2024-12-01 02:37:50,214.0,0.0,-29.958498,-50.026998
EDUARDO COSTA,2024-12-01 02:43:24,217.1,0.0,-29.958498,-50.026998
EDUARDO COSTA,2024-12-01 03:22:16,212.7,0.0,-29.958331,-50.027165
EDUARDO COSTA,2024-12-01 03:27:16,123.0,0.2,-29.958331,-50.027165
EDUARDO COSTA,2024-12-01 03:55:59,295.4,0.2,-29.958331,-50.027165
EDUARDO COSTA,2024-12-01 04:05:44,289.8,0.1,-29.958165,-50.027331
EDUARDO COSTA,2024-12-01 04:26:20,277.6,0.2,-29.958165,-50.027665
EDUARDO COSTA,2024-12-01 04:32:18,192.4,0.0,-29.958165,-50.027498
EDUARDO COSTA,2024-12-01 05:12:37,169.7,0.0,-29.958331,-50.027831
EDUARDO COSTA,2024-12-01 05:45:55,249.6,0.1,-29.958331,-50.028165
EDUARDO COSTA,2024-12-01 05:48:02,158.5,0.0,-29.958331,-50.028165
EDUARDO COSTA,2024-12-01 06:14:23,221.5,0.1,-29.958498,-50.028998
EDUARDO COSTA,2024-12-01 06:16:31,131.3,0.0,-29.958498,-50.028998
EDUARDO COSTA,2024-12-01 06:18:44,131.2,0.0,-29.958498,-50.028998
EDUARDO COSTA,2024-12-01 06:52:47,157.5,0.0,-29.958241,-50.028261
EDUARDO COSTA,2024-12-01 07:44:28,236.2,0.1,-29.958331,-50.028665
EDUARDO COSTA,2024-12-01 08:35:57,303.1,0.1,-29.960285,-50.029876
EDUARDO COSTA,2024-12-01 09:25:15,72.0,0.0,-29.960665,-50.030165
EDUARDO COSTA,2024-12-01 11:05:57,329.8,0.1,-29.96096,-50.030023
EDUARDO COSTA,2024-12-01 11:09:57,327.5,0.2,-29.960981,-50.030045
EDUARDO COSTA,2024-12-01 11:14:47,316.1,0.5,-29.961018,-50.030006
EDUARDO COSTA,2024-12-01 11:21:57,58.4,0.0,-29.961043,-50.029986
EDUARDO COSTA,2024-12-01 11:33:44,54.2,0.0,-29.96121,-50.029886
EDUARDO COSTA,2024-12-01 11:39:32,141.2,0.2,-29.961305,-50.029836
EDUARDO COSTA,2024-12-01 11:53:52,320.5,0.1,-29.961356,-50.029861
EDUARDO COSTA,2024-12-01 11:57:56,50.5,0.0,-29.961403,-50.029891
EDUARDO COSTA,2024-12-01 12:04:42,49.4,0.0,-29.961451,-50.029828
EDUARDO COSTA,2024-12-01 12:55:02,51.7,0.0,-29.961493,-50.02983
EDUARDO COSTA,2024-12-01 12:58:04,138.1,0.3,-29.96158,-50.02982
EDUARDO COSTA,2024-12-01 13:07:48,39.6,0.0,-29.961703,-50.029718
EDUARDO COSTA,2024-12-01 13:09:24,308.6,0.1,-29.961705,-50.029718
EDUARDO COSTA,2024-12-01 13:09:28,101.8,0.2,-29.961698,-50.029725
EDUARDO COSTA,2024-12-01 13:09:54,38.6,0.0,-29.9617,-50.029735
EDUARDO COSTA,2024-12-01 13:11:28,40.5,0.0,-29.961663,-50.029781
EDUARDO COSTA,2024-12-01 13:16:58,49.3,0.0,-29.96156,-50.029883
EDUARDO COSTA,2024-12-01 13:17:58,50.2,0.0,-29.961563,-50.029875
EDUARDO COSTA,2024-12-01 13:44:37,44.7,0.0,-29.961856,-50.029798
EDUARDO COSTA,2024-12-01 17:49:31,36.4,0.0,-29.96212,-50.029833
EDUARDO COSTA,2024-12-01 18:43:32,293.6,0.5,-29.962845,-50.029621
EDUARDO COSTA,2024-12-01 19:51:28,42.6,0.0,-29.962665,-50.029998
EDUARDO COSTA,2024-12-01 20:19:12,129.5,0.4,-29.962905,-50.02957
EDUARDO COSTA,2024-12-01 20:38:53,103.3,0.1,-29.962596,-50.030308
EDUARDO COSTA,2024-12-01 20:55:54,133.9,0.4,-29.96345,-50.029431
EDUARDO COSTA,2024-12-01 21:08:52,334.2,0.3,-29.963488,-50.029318
EDUARDO COSTA,2024-12-01 21:48:26,316.1,0.6,-29.963038,-50.02994
EDUARDO COSTA,2024-12-01 22:06:14,117.6,0.5,-29.963561,-50.029218
EDUARDO COSTA,2024-12-01 22:44:52,302.6,0.7,-29.963068,-50.029761
EDUARDO COSTA,2024-12-01 22:52:47,137.3,0.4,-29.963443,-50.02947
EDUARDO COSTA,2024-12-01 23:15:12,161.8,0.1,-29.96349,-50.029438
EDUARDO COSTA,2024-12-02 02:24:33,279.9,0.3,-29.962558,-50.030361
EDUARDO COSTA,2024-12-02 02:29:19,81.0,0.2,-29.962316,-50.030201
EDUARDO COSTA,2024-12-02 04:07:13,315.1,0.2,-29.963183,-50.029463
EDUARDO COSTA,2024-12-02 04:10:07,204.6,0.1,-29.963123,-50.029538
EDUARDO COSTA,2024-12-02 04:16:07,117.2,0.2,-29.963176,-50.029486
EDUARDO COSTA,2024-12-02 04:43:28,283.7,0.4,-29.963361,-50.029208
EDUARDO COSTA,2024-12-02 04:46:28,24.3,0.0,-29.963263,-50.029431
EDUARDO COSTA,2024-12-02 04:48:36,152.8,0.1,-29.963318,-50.02938
EDUARDO COSTA,2024-12-02 05:19:23,131.6,0.2,-29.962928,-50.02986
EDUARDO COSTA,2024-12-02 05:47:25,309.7,0.1,-29.962955,-50.029861
EDUARDO COSTA,2024-12-02 05:50:45,128.6,0.3,-29.963046,-50.029743
EDUARDO COSTA,2024-12-02 05:53:05,119.1,0.3,-29.963211,-50.029528
EDUARDO COSTA,2024-12-02 05:57:43,290.3,0.3,-29.963203,-50.02947
EDUARDO COSTA,2024-12-02 05:59:45,290.4,0.1,-29.963145,-50.02952
EDUARDO COSTA,2024-12-02 06:30:14,296.9,0.1,-29.963168,-50.029645
EDUARDO COSTA,2024-12-02 06:58:13,41.8,0.0,-29.962973,-50.02985
EDUARDO COSTA,2024-12-02 07:32:40,216.8,0.1,-29.963141,-50.029651
EDUARDO COSTA,2024-12-02 09:09:50,32.1,0.0,-29.962875,-50.029736
EDUARDO COSTA,2024-12-02 09:12:24,30.7,0.0,-29.962831,-50.029665
EDUARDO COSTA,2024-12-02 09:17:52,310.4,0.2,-29.962665,-50.03004
EDUARDO COSTA,2024-12-02 12:55:34,142.3,0.1,-29.959911,-50.026625
EDUARDO COSTA,2024-12-02 12:56:56,233.0,0.0,-29.959935,-50.026656
EDUARDO COSTA,2024-12-02 12:57:06,233.0,0.0,-29.959933,-50.02666
EDUARDO COSTA,2024-12-02 14:22:55,278.7,0.1,-29.959321,-50.027758
EDUARDO COSTA,2024-12-02 14:29:46,89.6,0.1,-29.959331,-50.027998
EDUARDO COSTA,2024-12-02 14:43:51,279.6,0.1,-29.959331,-50.027665
EDUARDO COSTA,2024-12-02 15:16:16,87.1,0.1,-29.959831,-50.027831
EDUARDO COSTA,2024-12-02 15:18:00,93.3,0.2,-29.959831,-50.027665
EDUARDO COSTA,2024-12-02 15:50:17,196.1,0.0,-29.959831,-50.027331
EDUARDO COSTA,2024-12-02 16:06:54,239.1,0.1,-29.959331,-50.027831
EDUARDO COSTA,2024-12-02 16:24:16,81.7,0.1,-29.959331,-50.028331
EDUARDO COSTA,2024-12-02 16:24:28,171.9,0.0,-29.959331,-50.028331
EDUARDO COSTA,2024-12-02 16:26:16,173.4,0.0,-29.959331,-50.028165
EDUARDO COSTA,2024-12-02 17:58:25,237.3,0.3,-29.959435,-50.029331
EDUARDO COSTA,2024-12-02 18:01:40,54.9,0.1,-29.959498,-50.029331
EDUARDO COSTA,2024-12-02 18:19:33,62.3,0.1,-29.959331,-50.029165
EDUARDO COSTA,2024-12-02 18:46:09,155.4,0.0,-29.959376,-50.029153
EDUARDO COSTA,2024-12-02 19:27:25,56.6,0.1,-29.959455,-50.029241
EDUARDO COSTA,2024-12-02 20:15:46,57.6,0.2,-29.959433,-50.029295
EDUARDO COSTA,2024-12-02 21:25:36,236.8,0.1,-29.959413,-50.029438
EDUARDO COSTA,2024-12-02 21:39:25,53.2,0.1,-29.959391,-50.029353
EDUARDO COSTA,2024-12-02 21:49:55,147.9,0.0,-29.959418,-50.029296
EDUARDO COSTA,2024-12-02 22:01:38,146.1,0.0,-29.959401,-50.029251
EDUARDO COSTA,2024-12-02 22:33:55,334.4,0.1,-29.95929,-50.02911
EDUARDO COSTA,2024-12-02 22:34:11,335.1,0.1,-29.959283,-50.029118
EDUARDO COSTA,2024-12-02 23:09:06,146.4,0.0,-29.959446,-50.029335
EDUARDO COSTA,2024-12-02 23:44:07,60.8,0.1,-29.95942,-50.029176
EDUARDO COSTA,2024-12-03 00:37:43,61.5,0.2,-29.959331,-50.029165
EDUARDO COSTA,2024-12-03 00:46:19,161.5,0.0,-29.959331,-50.028998
EDUARDO COSTA,2024-12-03 00:51:05,165.2,0.0,-29.959331,-50.028831
EDUARDO COSTA,2024-12-03 01:18:54,70.6,0.1,-29.959331,-50.028831
EDUARDO COSTA,2024-12-03 01:50:48,76.2,0.1,-29.959293,-50.028775
EDUARDO COSTA,2024-12-03 01:51:38,167.4,0.1,-29.959323,-50.028745
EDUARDO COSTA,2024-12-03 01:51:46,167.5,0.1,-29.959331,-50.028665
EDUARDO COSTA,2024-12-03 03:43:22,253.6,0.1,-29.959321,-50.028641
EDUARDO COSTA,2024-12-03 04:15:13,87.5,0.1,-29.959198,-50.028291
EDUARDO COSTA,2024-12-03 04:49:26,191.9,0.0,-29.959331,-50.027831
EDUARDO COSTA,2024-12-03 04:52:37,102.9,0.1,-29.959331,-50.027831
EDUARDO COSTA,2024-12-03 04:55:26,195.0,0.0,-29.959331,-50.027831
EDUARDO COSTA,2024-12-03 05:00:44,195.7,0.0,-29.959331,-50.027831
EDUARDO COSTA,2024-12-03 05:31:03,196.1,0.0,-29.959298,-50.02796
EDUARDO COSTA,2024-12-03 05:35:26,99.3,0.1,-29.959331,-50.027998
EDUARDO COSTA,2024-12-03 06:02:21,201.6,0.0,-29.959291,-50.027778
EDUARDO COSTA,2024-12-03 06:35:35,193.2,0.0,-29.959273,-50.027786
EDUARDO COSTA,2024-12-03 07:21:33,205.3,0.0,-29.959246,-50.027508
EDUARDO COSTA,2024-12-03 07:27:25,203.3,0.0,-29.95928,-50.027711
EDUARDO COSTA,2024-12-03 09:53:16,93.7,0.1,-29.959165,-50.027998
EDUARDO COSTA,2024-12-03 09:55:50,183.9,0.0,-29.959165,-50.027998
EDUARDO COSTA,2024-12-03 10:01:11,187.9,0.0,-29.959165,-50.027998
EDUARDO COSTA,2024-12-03 10:03:38,185.0,0.0,-29.959165,-50.027998
EDUARDO COSTA,2024-12-03 10:54:06,250.9,0.2,-29.959165,-50.027998
EDUARDO COSTA,2024-12-03 12:40:58,176.7,0.0,-29.95903,-50.028218
EDUARDO COSTA,2024-12-03 12:46:05,172.6,0.0,-29.958998,-50.028331
EDUARDO COSTA,2024-12-03 12:47:39,174.7,0.0,-29.958998,-50.028331
EDUARDO COSTA,2024-12-03 12:48:05,175.1,0.0,-29.958998,-50.028331
EDUARDO COSTA,2024-12-03 12:48:39,175.5,0.0,-29.958998,-50.028331
EDUARDO COSTA,2024-12-03 12:50:45,173.9,0.0,-29.959051,-50.02826
EDUARDO COSTA,2024-12-03 13:13:52,264.2,0.2,-29.958998,-50.028331
EDUARDO COSTA,2024-12-03 13:24:29,352.6,0.1,-29.959026,-50.0283
EDUARDO COSTA,2024-12-03 13:29:52,176.4,0.0,-29.959048,-50.028315
EDUARDO COSTA,2024-12-03 13:32:31,263.1,0.2,-29.959006,-50.02839
EDUARDO COSTA,2024-12-03 14:18:09,264.4,0.1,-29.958998,-50.028498
EDUARDO COSTA,2024-12-03 14:20:49,258.0,0.1,-29.958998,-50.028665
EDUARDO COSTA,2024-12-03 14:22:49,164.0,0.0,-29.958998,-50.028665
EDUARDO COSTA,2024-12-03 14:26:06,73.0,0.1,-29.958998,-50.028665
EDUARDO COSTA,2024-12-03 14:26:14,73.2,0.1,-29.958998,-50.028665
EDUARDO COSTA,2024-12-03 14:28:31,77.6,0.1,-29.958998,-50.028498
EDUARDO COSTA,2024-12-03 14:59:27,72.5,0.1,-29.958998,-50.028665
EDUARDO COSTA,2024-12-03 15:07:57,177.1,0.0,-29.958998,-50.028498
EDUARDO COSTA,2024-12-03 15:17:15,52.0,0.3,-29.958998,-50.028665
EDUARDO COSTA,2024-12-03 15:19:35,163.6,0.0,-29.958998,-50.028665
EDUARDO COSTA,2024-12-03 15:35:40,162.7,0.0,-29.958998,-50.028831
EDUARDO COSTA,2024-12-03 15:56:48,71.0,0.1,-29.959045,-50.028773
EDUARDO COSTA,2024-12-03 16:08:28,74.4,0.1,-29.958998,-50.028665
EDUARDO COSTA,2024-12-03 16:38:42,71.4,0.2,-29.959026,-50.028755
EDUARDO COSTA,2024-12-03 16:38:45,71.5,0.2,-29.958998,-50.028831
EDUARDO COSTA,2024-12-03 16:42:23,174.1,0.0,-29.958998,-50.028665
EDUARDO COSTA,2024-12-03 16:45:39,214.3,0.1,-29.958998,-50.028831
EDUARDO COSTA,2024-12-03 16:49:25,339.7,0.2,-29.958998,-50.028998
EDUARDO COSTA,2024-12-03 19:53:14,167.8,0.0,-29.958998,-50.028665
EDUARDO COSTA,2024-12-03 20:05:47,72.3,0.2,-29.958998,-50.028498
EDUARDO COSTA,2024-12-03 20:11:17,240.2,0.2,-29.958893,-50.028446
EDUARDO COSTA,2024-12-03 20:16:09,258.9,0.1,-29.95893,-50.02874
EDUARDO COSTA,2024-12-03 20:19:07,157.0,0.0,-29.958936,-50.028803
EDUARDO COSTA,2024-12-03 20:21:19,67.6,0.2,-29.958948,-50.028628
EDUARDO COSTA,2024-12-03 20:24:35,62.0,0.3,-29.958883,-50.028315
EDUARDO COSTA,2024-12-03 21:33:02,240.1,0.1,-29.958498,-50.027831
EDUARDO COSTA,2024-12-03 21:37:14,269.3,0.3,-29.958498,-50.028498
EDUARDO COSTA,2024-12-03 21:46:27,73.4,0.5,-29.958331,-50.027831
EDUARDO COSTA,2024-12-03 23:20:25,344.5,0.2,-29.958331,-50.028498
EDUARDO COSTA,2024-12-03 23:36:53,342.7,0.1,-29.958165,-50.028498
EDUARDO COSTA,2024-12-04 00:18:07,187.4,0.1,-29.957998,-50.027831
EDUARDO COSTA,2024-12-04 00:18:41,188.0,0.2,-29.957998,-50.027831
EDUARDO COSTA,2024-12-04 00:28:30,76.2,0.2,-29.957998,-50.028331
EDUARDO COSTA,2024-12-04 00:49:29,62.7,0.3,-29.957998,-50.027831
EDUARDO COSTA,2024-12-04 00:54:16,258.4,0.3,-29.957998,-50.027998
EDUARDO COSTA,2024-12-04 00:58:45,165.7,0.0,-29.957998,-50.028498
EDUARDO COSTA,2024-12-04 01:28:44,267.2,0.4,-29.957998,-50.028331
EDUARDO COSTA,2024-12-04 02:04:48,111.4,0.2,-29.957998,-50.027831
EDUARDO COSTA,2024-12-04 02:13:16,177.4,0.0,-29.957998,-50.027831
EDUARDO COSTA,2024-12-04 02:40:32,354.4,0.1,-29.957998,-50.027998
EDUARDO COSTA,2024-12-04 02:42:55,81.5,0.1,-29.957831,-50.027998
EDUARDO COSTA,2024-12-04 02:45:17,174.3,0.0,-29.957998,-50.027831
EDUARDO COSTA,2024-12-04 02:50:04,97.6,0.2,-29.957831,-50.027498
EDUARDO COSTA,2024-12-04 02:51:29,254.3,0.4,-29.957998,-50.027498
EDUARDO COSTA,2024-12-04 02:56:47,178.7,0.1,-29.957831,-50.027998
EDUARDO COSTA,2024-12-04 03:10:17,277.7,0.3,-29.957998,-50.027665
EDUARDO COSTA,2024-12-04 03:15:06,84.8,0.1,-29.957831,-50.027831
EDUARDO COSTA,2024-12-04 03:17:21,44.1,0.1,-29.957831,-50.027831
EDUARDO COSTA,2024-12-04 03:46:05,177.5,0.0,-29.957831,-50.027831
EDUARDO COSTA,2024-12-04 03:50:16,64.2,0.2,-29.957998,-50.027665
EDUARDO COSTA,2024-12-04 03:54:02,142.8,0.1,-29.957998,-50.027665
EDUARDO COSTA,2024-12-04 03:58:38,270.4,0.1,-29.957831,-50.027831
EDUARDO COSTA,2024-12-04 04:27:16,359.9,0.1,-29.957998,-50.027665
EDUARDO COSTA,2024-12-04 04:30:16,138.5,0.1,-29.957831,-50.027665
EDUARDO COSTA,2024-12-04 05:02:58,277.4,0.2,-29.957998,-50.027665
EDUARDO COSTA,2024-12-04 05:35:19,93.2,0.4,-29.957998,-50.027498
EDUARDO COSTA,2024-12-04 06:18:10,282.8,0.1,-29.957998,-50.027665
EDUARDO COSTA,2024-12-04 07:12:28,64.0,0.2,-29.957998,-50.027498
EDUARDO COSTA,2024-12-04 07:17:39,241.9,0.1,-29.957925,-50.027358
EDUARDO COSTA,2024-12-04 07:17:50,197.0,0.1,-29.957998,-50.027331
EDUARDO COSTA,2024-12-04 08:08:18,150.1,0.3,-29.95797,-50.027626
EDUARDO COSTA,2024-12-04 09:49:11,183.2,0.0,-29.957931,-50.027653
EDUARDO COSTA,2024-12-04 09:53:18,285.8,0.1,-29.957831,-50.027498
EDUARDO COSTA,2024-12-04 09:55:47,240.5,0.1,-29.957955,-50.02751
EDUARDO COSTA,2024-12-04 09:58:09,242.9,0.1,-29.95798,-50.027561
EDUARDO COSTA,2024-12-04 10:44:21,183.2,0.0,-29.957998,-50.027831
EDUARDO COSTA,2024-12-04 10:48:36,96.1,0.1,-29.957831,-50.027665
EDUARDO COSTA,2024-12-04 11:00:20,189.4,0.0,-29.957831,-50.027831
EDUARDO COSTA,2024-12-04 11:00:24,188.7,0.0,-29.957888,-50.027811
EDUARDO COSTA,2024-12-04 11:00:33,278.4,0.1,-29.957831,-50.027831
EDUARDO COSTA,2024-12-04 11:00:45,277.2,0.2,-29.957831,-50.027831
EDUARDO COSTA,2024-12-04 11:00:49,277.6,0.1,-29.957831,-50.027831
EDUARDO COSTA,2024-12-04 11:38:40,136.4,0.1,-29.957831,-50.027831
EDUARDO COSTA,2024-12-04 11:42:42,96.9,0.2,-29.957831,-50.027831
EDUARDO COSTA,2024-12-04 12:47:52,172.8,0.0,-29.957998,-50.028165
EDUARDO COSTA,2024-12-04 13:19:12,80.8,0.1,-29.957998,-50.028165
EDUARDO COSTA,2024-12-04 13:23:21,183.1,0.0,-29.957998,-50.027998
EDUARDO COSTA,2024-12-04 13:27:17,181.1,0.0,-29.957998,-50.028165
EDUARDO COSTA,2024-12-04 13:50:42,273.0,0.4,-29.958165,-50.028331
EDUARDO COSTA,2024-12-04 13:53:46,351.5,0.1,-29.958028,-50.028465
EDUARDO COSTA,2024-12-04 13:59:46,81.6,0.2,-29.957998,-50.028165
EDUARDO COSTA,2024-12-04 14:07:46,176.0,0.0,-29.958165,-50.028331
EDUARDO COSTA,2024-12-04 14:12:36,352.1,0.1,-29.957998,-50.028331
EDUARDO COSTA,2024-12-04 14:16:35,76.0,0.2,-29.957998,-50.028331
EDUARDO COSTA,2024-12-04 14:26:29,40.8,0.1,-29.957998,-50.028331
EDUARDO COSTA,2024-12-04 14:31:00,86.5,0.1,-29.957998,-50.028331
EDUARDO COSTA,2024-12-04 14:34:58,260.9,0.1,-29.957998,-50.028498
EDUARDO COSTA,2024-12-04 14:58:51,32.5,0.1,-29.957998,-50.028331
EDUARDO COSTA,2024-12-04 15:01:40,87.3,0.2,-29.957998,-50.028165
EDUARDO COSTA,2024-12-04 15:02:27,177.0,0.2,-29.957998,-50.028331
EDUARDO COSTA,2024-12-04 15:05:15,124.7,0.1,-29.958165,-50.028331
EDUARDO COSTA,2024-12-04 15:06:24,167.8,0.0,-29.958165,-50.028331
EDUARDO COSTA,2024-12-04 15:07:46,347.3,0.1,-29.958165,-50.028331
EDUARDO COSTA,2024-12-04 15:08:37,33.4,0.1,-29.958165,-50.028331
EDUARDO COSTA,2024-12-04 15:10:07,38.8,0.3,-29.957998,-50.028165
EDUARDO COSTA,2024-12-04 15:32:46,177.4,0.2,-29.957998,-50.028165
EDUARDO COSTA,2024-12-04 15:35:15,173.4,0.0,-29.957998,-50.028331
EDUARDO COSTA,2024-12-04 15:41:05,261.2,0.1,-29.957998,-50.028498
EDUARDO COSTA,2024-12-04 15:43:30,257.3,0.1,-29.957998,-50.028498
EDUARDO COSTA,2024-12-04 15:49:41,175.2,0.1,-29.957998,-50.028498
EDUARDO COSTA,2024-12-04 15:55:42,170.6,0.0,-29.958165,-50.028498
EDUARDO COSTA,2024-12-04 15:58:34,350.1,0.1,-29.957998,-50.028665
EDUARDO COSTA,2024-12-04 16:06:39,32.6,0.1,-29.957998,-50.028665
EDUARDO COSTA,2024-12-04 16:09:08,162.1,0.1,-29.958165,-50.028665
EDUARDO COSTA,2024-12-04 16:19:55,167.8,0.0,-29.958165,-50.028498
EDUARDO COSTA,2024-12-04 16:47:31,162.6,0.0,-29.958165,-50.028831
EDUARDO COSTA,2024-12-04 16:49:40,297.7,0.1,-29.958165,-50.028831
EDUARDO COSTA,2024-12-04 16:52:53,152.5,0.0,-29.958165,-50.028998
EDUARDO COSTA,2024-12-04 16:53:01,151.9,0.1,-29.958165,-50.028998
EDUARDO COSTA,2024-12-04 16:53:07,151.5,0.1,-29.958165,-50.028998
EDUARDO COSTA,2024-12-04 16:53:17,151.0,0.1,-29.958165,-50.028998
EDUARDO COSTA,2024-12-04 17:27:25,154.7,0.0,-29.958165,-50.028998
EDUARDO COSTA,2024-12-04 17:39:29,95.1,0.1,-29.958331,-50.029165
EDUARDO COSTA,2024-12-04 17:59:36,89.2,0.3,-29.958331,-50.029331
EDUARDO COSTA,2024-12-04 18:42:54,309.3,0.1,-29.958331,-50.029165
EDUARDO COSTA,2024-12-04 19:08:11,142.1,0.1,-29.958331,-50.028998
EDUARDO COSTA,2024-12-04 19:17:43,218.7,0.1,-29.958498,-50.029165
EDUARDO COSTA,2024-12-04 22:21:17,3.0,0.2,-29.95953,-50.03003
EDUARDO COSTA,2024-12-04 22:32:13,184.3,0.2,-29.959873,-50.03026
EDUARDO COSTA,2024-12-04 22:33:37,337.7,0.6,-29.959998,-50.030331
EDUARDO COSTA,2024-12-04 22:36:13,142.9,0.2,-29.960001,-50.030278
EDUARDO COSTA,2024-12-04 22:38:47,124.9,0.4,-29.959831,-50.030331
EDUARDO COSTA,2024-12-04 22:43:57,357.4,0.2,-29.959861,-50.030243
EDUARDO COSTA,2024-12-04 22:52:47,157.2,0.3,-29.959998,-50.030331
EDUARDO COSTA,2024-12-04 23:10:23,184.8,0.4,-29.959831,-50.030331
EDUARDO COSTA,2024-12-04 23:29:05,135.9,0.2,-29.960665,-50.030331
EDUARDO COSTA,2024-12-05 00:05:01,338.3,0.1,-29.960745,-50.03027
EDUARDO COSTA,2024-12-05 00:05:44,342.4,0.6,-29.960715,-50.03027
EDUARDO COSTA,2024-12-05 00:05:52,73.1,0.1,-29.960705,-50.03027
EDUARDO COSTA,2024-12-05 00:07:54,78.8,0.0,-29.960713,-50.030261
EDUARDO COSTA,2024-12-05 00:37:12,115.7,0.1,-29.960898,-50.030246
EDUARDO COSTA,2024-12-05 00:53:16,290.9,0.1,-29.960903,-50.030246
EDUARDO COSTA,2024-12-05 01:05:07,144.1,0.5,-29.96107,-50.030138
EDUARDO COSTA,2024-12-05 01:13:33,303.3,0.2,-29.96108,-50.03018
EDUARDO COSTA,2024-12-05 01:44:40,36.8,0.2,-29.961498,-50.029998
EDUARDO COSTA,2024-12-05 01:44:48,333.4,0.4,-29.961438,-50.02991
EDUARDO COSTA,2024-12-05 01:50:28,140.9,0.2,-29.961668,-50.029801
EDUARDO COSTA,2024-12-05 02:13:22,59.2,0.0,-29.961521,-50.030001
EDUARDO COSTA,2024-12-05 02:23:29,318.5,0.2,-29.961761,-50.029746
EDUARDO COSTA,2024-12-05 02:26:56,142.8,0.2,-29.9617,-50.029875
EDUARDO COSTA,2024-12-05 02:53:29,230.1,0.2,-29.961818,-50.029846
EDUARDO COSTA,2024-12-05 02:58:49,279.0,0.1,-29.961775,-50.029911
EDUARDO COSTA,2024-12-05 03:26:32,144.8,0.3,-29.96183,-50.029971
EDUARDO COSTA,2024-12-05 03:29:29,315.7,0.4,-29.961958,-50.029895
EDUARDO COSTA,2024-12-05 03:34:49,54.9,0.0,-29.961843,-50.029963
EDUARDO COSTA,2024-12-05 03:57:32,220.0,0.1,-29.9621,-50.029715
EDUARDO COSTA,2024-12-05 04:01:09,304.3,0.2,-29.96204,-50.029773
EDUARDO COSTA,2024-12-05 04:03:12,325.7,0.4,-29.961886,-50.02993
EDUARDO COSTA,2024-12-05 04:33:53,147.9,0.2,-29.961843,-50.029801
EDUARDO COSTA,2024-12-05 04:43:55,316.5,0.5,-29.961675,-50.030051
EDUARDO COSTA,2024-12-05 05:11:37,342.2,0.3,-29.961311,-50.030285
EDUARDO COSTA,2024-12-05 05:14:29,116.4,0.1,-29.9614,-50.030201
EDUARDO COSTA,2024-12-05 05:18:39,238.6,0.1,-29.961665,-50.030165
EDUARDO COSTA,2024-12-05 05:46:09,341.1,0.3,-29.961161,-50.030393
EDUARDO COSTA,2024-12-05 07:04:49,132.0,0.4,-29.961588,-50.03012
EDUARDO COSTA,2024-12-05 07:08:53,285.2,0.1,-29.961501,-50.030173
EDUARDO COSTA,2024-12-05 07:12:29,317.6,0.3,-29.961426,-50.030218
EDUARDO COSTA,2024-12-05 07:55:11,53.2,0.0,-29.961665,-50.029998
EDUARDO COSTA,2024-12-05 08:47:42,317.1,0.2,-29.961831,-50.029998
EDUARDO COSTA,2024-12-05 08:50:58,51.2,0.0,-29.961665,-50.029998
EDUARDO COSTA,2024-12-05 08:53:48,144.4,0.2,-29.961665,-50.029998
EDUARDO COSTA,2024-12-05 12:54:43,344.9,0.2,-29.960998,-50.030331
EDUARDO COSTA,2024-12-05 12:59:57,69.1,0.0,-29.960998,-50.030331
EDUARDO COSTA,2024-12-05 13:10:55,331.3,0.1,-29.961263,-50.030276
EDUARDO COSTA,2024-12-05 13:13:23,333.3,0.1,-29.96121,-50.030291
EDUARDO COSTA,2024-12-05 13:28:31,142.8,0.3,-29.960958,-50.030348
EDUARDO COSTA,2024-12-05 14:00:04,343.5,0.1,-29.960671,-50.030383
EDUARDO COSTA,2024-12-05 14:01:00,346.2,0.1,-29.96067,-50.030376
EDUARDO COSTA,2024-12-05 14:10:22,193.4,0.2,-29.960705,-50.030428
EDUARDO COSTA,2024-12-05 14:10:26,212.1,0.1,-29.960691,-50.030435
EDUARDO COSTA,2024-12-05 14:34:40,74.6,0.0,-29.960831,-50.030331
EDUARDO COSTA,2024-12-05 14:37:45,315.0,0.2,-29.960791,-50.030373
EDUARDO COSTA,2024-12-05 14:50:35,170.9,0.2,-29.960603,-50.030385
EDUARDO COSTA,2024-12-05 17:35:35,81.7,0.0,-29.960331,-50.030498
EDUARDO COSTA,2024-12-05 17:37:39,86.7,0.0,-29.960331,-50.030498
EDUARDO COSTA,2024-12-05 17:39:01,176.0,0.3,-29.960328,-50.030491
EDUARDO COSTA,2024-12-05 20:35:54,186.6,0.3,-29.960665,-50.030498
EDUARDO COSTA,2024-12-05 20:45:54,166.9,0.3,-29.960831,-50.030498
EDUARDO COSTA,2024-12-05 21:01:10,163.0,0.3,-29.960998,-50.030498
EDUARDO COSTA,2024-12-05 21:12:16,165.0,0.3,-29.960831,-50.030498
EDUARDO COSTA,2024-12-05 21:16:46,69.7,0.0,-29.960998,-50.030498
EDUARDO COSTA,2024-12-05 21:33:30,334.8,0.2,-29.961165,-50.030331
EDUARDO COSTA,2024-12-05 21:38:00,323.5,0.4,-29.961165,-50.030331
EDUARDO COSTA,2024-12-05 21:45:13,153.6,0.1,-29.961331,-50.030331
EDUARDO COSTA,2024-12-05 21:48:33,303.9,0.2,-29.961331,-50.030331
EDUARDO COSTA,2024-12-05 22:12:54,61.1,0.1,-29.961331,-50.030331
EDUARDO COSTA,2024-12-05 22:14:57,331.4,0.3,-29.961331,-50.030165
EDUARDO COSTA,2024-12-05 22:29:09,332.2,0.1,-29.961331,-50.030331
EDUARDO COSTA,2024-12-05 23:37:00,147.6,0.1,-29.961598,-50.030181
EDUARDO COSTA,2024-12-05 23:53:28,327.2,0.1,-29.96166,-50.030106
EDUARDO COSTA,2024-12-05 23:53:34,133.0,0.4,-29.96164,-50.030116
EDUARDO COSTA,2024-12-05 23:53:44,56.3,0.1,-29.961648,-50.030108
EDUARDO COSTA,2024-12-05 23:53:50,128.1,0.6,-29.961651,-50.0301
EDUARDO COSTA,2024-12-05 23:54:34,144.3,0.3,-29.961688,-50.030068
EDUARDO COSTA,2024-12-05 23:54:46,125.5,0.3,-29.961698,-50.030061
EDUARDO COSTA,2024-12-05 23:54:48,125.4,0.3,-29.961698,-50.03006
EDUARDO COSTA,2024-12-05 23:54:50,143.6,0.2,-29.961705,-50.030055
EDUARDO COSTA,2024-12-05 23:56:58,275.0,0.1,-29.961801,-50.030015
EDUARDO COSTA,2024-12-05 23:59:06,47.0,0.0,-29.961835,-50.029988
EDUARDO COSTA,2024-12-06 00:08:42,54.1,0.0,-29.961776,-50.030055
EDUARDO COSTA,2024-12-06 00:12:02,322.9,0.1,-29.961855,-50.030026
EDUARDO COSTA,2024-12-06 00:13:24,306.8,0.5,-29.961903,-50.029945
EDUARDO COSTA,2024-12-06 00:47:50,325.1,0.1,-29.961798,-50.030086
EDUARDO COSTA,2024-12-06 00:50:08,55.7,0.1,-29.961831,-50.029998
EDUARDO COSTA,2024-12-06 01:10:16,46.4,0.0,-29.961998,-50.029831
EDUARDO COSTA,2024-12-06 01:28:39,36.1,0.0,-29.962176,-50.029751
EDUARDO COSTA,2024-12-06 01:29:11,79.2,0.1,-29.962165,-50.029748
EDUARDO COSTA,2024-12-06 01:46:26,299.4,0.6,-29.96221,-50.029678
EDUARDO COSTA,2024-12-06 01:49:59,303.0,0.7,-29.961838,-50.029995
EDUARDO COSTA,2024-12-06 01:50:46,315.2,0.1,-29.961831,-50.029998
EDUARDO COSTA,2024-12-06 01:56:49,136.5,0.9,-29.961831,-50.029998
EDUARDO COSTA,2024-12-06 01:56:59,133.0,0.8,-29.961796,-50.030016
EDUARDO COSTA,2024-12-06 01:57:43,139.5,0.4,-29.961831,-50.029998
EDUARDO COSTA,2024-12-06 01:57:45,153.6,0.3,-29.961831,-50.029998
EDUARDO COSTA,2024-12-06 01:57:49,141.5,0.5,-29.961831,-50.029998
EDUARDO COSTA,2024-12-06 01:57:57,130.5,0.5,-29.961831,-50.029998
EDUARDO COSTA,2024-12-06 01:58:38,130.0,0.6,-29.961955,-50.029866
EDUARDO COSTA,2024-12-06 02:28:18,312.2,0.3,-29.961665,-50.030331
EDUARDO COSTA,2024-12-06 02:59:17,308.7,0.3,-29.961866,-50.030091
EDUARDO COSTA,2024-12-06 03:02:11,303.9,0.6,-29.961635,-50.030358
EDUARDO COSTA,2024-12-06 03:34:29,317.2,0.4,-29.962055,-50.02999
EDUARDO COSTA,2024-12-06 03:37:13,312.7,0.4,-29.961731,-50.0302
EDUARDO COSTA,2024-12-06 08:44:57,146.6,0.2,-29.962878,-50.029585
EDUARDO COSTA,2024-12-06 09:23:24,15.8,0.5,-29.962665,-50.029498
EDUARDO COSTA,2024-12-06 09:28:53,335.9,0.6,-29.961635,-50.02966
EDUARDO COSTA,2024-12-06 09:33:26,88.2,0.6,-29.961616,-50.029216
EDUARDO COSTA,2024-12-06 09:42:34,345.2,0.6,-29.961733,-50.02842
EDUARDO COSTA,2024-12-06 11:52:54,128.9,4.8,-30.008665,-50.084331
EDUARDO COSTA,2024-12-06 13:41:02,147.8,0.3,-30.015498,-50.098331
EDUARDO COSTA,2024-12-06 15:19:49,38.6,0.0,-30.013665,-50.096831
EDUARDO COSTA,2024-12-06 15:21:57,41.5,0.0,-30.013665,-50.096831
EDUARDO COSTA,2024-12-06 16:00:37,126.4,0.1,-30.013666,-50.096803
EDUARDO COSTA,2024-12-06 16:03:41,307.2,0.1,-30.01363,-50.096866
EDUARDO COSTA,2024-12-06 16:36:15,350.6,0.1,-30.013546,-50.096881
EDUARDO COSTA,2024-12-06 16:36:46,306.8,0.2,-30.013498,-50.096831
EDUARDO COSTA,2024-12-06 18:46:51,109.7,0.1,-30.014101,-50.09599
EDUARDO COSTA,2024-12-06 18:53:47,309.8,0.3,-30.013976,-50.09632
EDUARDO COSTA,2024-12-06 19:02:25,301.1,0.1,-30.013873,-50.096591
EDUARDO COSTA,2024-12-06 19:04:53,34.0,0.0,-30.013826,-50.096588
EDUARDO COSTA,2024-12-06 19:08:37,299.6,0.1,-30.013873,-50.096583
EDUARDO COSTA,2024-12-06 19:29:37,20.6,0.0,-30.013971,-50.096253
EDUARDO COSTA,2024-12-06 19:59:01,6.5,0.0,-30.014031,-50.09599
EDUARDO COSTA,2024-12-06 20:01:25,98.9,0.1,-30.013985,-50.096018
EDUARDO COSTA,2024-12-06 20:29:43,17.1,0.0,-30.013926,-50.09638
EDUARDO COSTA,2024-12-06 21:29:09,274.0,0.3,-30.013745,-50.096585
EDUARDO COSTA,2024-12-06 21:40:03,35.8,0.0,-30.013651,-50.09688
EDUARDO COSTA,2024-12-06 21:46:27,91.9,0.2,-30.013758,-50.096703
EDUARDO COSTA,2024-12-06 21:48:49,27.3,0.0,-30.013715,-50.096688
EDUARDO COSTA,2024-12-06 21:50:59,113.5,0.2,-30.013703,-50.096665
EDUARDO COSTA,2024-12-06 21:58:26,302.1,0.2,-30.013768,-50.096728
EDUARDO COSTA,2024-12-06 22:02:18,34.3,0.0,-30.013755,-50.096736
EDUARDO COSTA,2024-12-06 22:04:42,37.9,0.0,-30.013711,-50.09678
EDUARDO COSTA,2024-12-06 22:17:04,314.6,0.1,-30.013606,-50.096915
EDUARDO COSTA,2024-12-06 23:12:30,291.1,0.4,-30.013498,-50.097165
EDUARDO COSTA,2024-12-07 01:17:51,108.2,0.0,-30.011665,-50.097831
EDUARDO COSTA,2024-12-07 01:34:00,106.8,0.0,-30.011441,-50.09778
EDUARDO COSTA,2024-12-07 01:56:46,185.0,0.2,-30.011436,-50.097748
EDUARDO COSTA,2024-12-07 02:00:02,2.0,0.4,-30.011656,-50.09776
EDUARDO COSTA,2024-12-07 02:35:53,100.7,0.0,-30.011665,-50.097831
EDUARDO COSTA,2024-12-07 02:38:01,99.0,0.0,-30.011665,-50.097831
EDUARDO COSTA,2024-12-07 03:01:37,43.7,0.1,-30.010665,-50.097498
EDUARDO COSTA,2024-12-07 03:11:22,136.5,0.0,-30.010665,-50.097498
EDUARDO COSTA,2024-12-07 03:14:58,218.1,0.1,-30.010831,-50.097498
EDUARDO COSTA,2024-12-07 03:17:24,127.3,0.1,-30.010831,-50.097498
EDUARDO COSTA,2024-12-07 03:42:14,168.1,0.1,-30.010998,-50.097498
EDUARDO COSTA,2024-12-07 03:47:06,163.1,0.1,-30.010998,-50.097665
EDUARDO COSTA,2024-12-07 03:49:36,293.8,0.1,-30.010998,-50.097665
EDUARDO COSTA,2024-12-07 04:27:24,46.9,0.1,-30.010165,-50.096998
EDUARDO COSTA,2024-12-07 04:55:58,190.9,0.1,-30.009998,-50.096998
EDUARDO COSTA,2024-12-07 04:58:44,187.7,0.1,-30.010165,-50.096998
EDUARDO COSTA,2024-12-07 05:02:42,225.0,0.1,-30.010331,-50.097165
EDUARDO COSTA,2024-12-07 05:10:17,50.1,0.1,-30.010165,-50.097165
EDUARDO COSTA,2024-12-07 07:40:08,141.3,0.0,-30.010165,-50.096998
EDUARDO COSTA,2024-12-07 07:42:10,138.7,0.0,-30.010165,-50.096998
EDUARDO COSTA,2024-12-07 07:44:26,137.7,0.0,-30.010165,-50.096998
EDUARDO COSTA,2024-12-07 07:49:20,140.1,0.0,-30.009998,-50.096831
EDUARDO COSTA,2024-12-07 08:33:16,157.6,0.0,-30.009665,-50.096331
EDUARDO COSTA,2024-12-07 08:36:25,66.2,0.1,-30.009665,-50.096331
EDUARDO COSTA,2024-12-07 08:42:15,158.4,0.0,-30.009665,-50.096165
EDUARDO COSTA,2024-12-07 09:27:03,152.5,0.0,-30.009831,-50.096498
EDUARDO COSTA,2024-12-07 10:26:16,151.8,0.0,-30.009665,-50.096498
EDUARDO COSTA,2024-12-07 11:06:00,143.4,0.0,-30.009998,-50.096831
EDUARDO COSTA,2024-12-07 11:09:23,144.7,0.0,-30.009831,-50.096831
EDUARDO COSTA,2024-12-07 11:11:37,142.9,0.0,-30.009831,-50.096831
EDUARDO COSTA,2024-12-07 11:34:51,143.7,0.0,-30.009831,-50.096665
EDUARDO COSTA,2024-12-07 11:53:57,51.4,0.1,-30.009831,-50.096665
EDUARDO COSTA,2024-12-07 11:57:20,57.4,0.2,-30.009831,-50.096498
EDUARDO COSTA,2024-12-07 11:58:49,58.5,0.1,-30.009665,-50.096498
EDUARDO COSTA,2024-12-07 12:01:59,150.5,0.0,-30.009665,-50.096331
EDUARDO COSTA,2024-12-07 12:09:30,155.8,0.0,-30.009626,-50.096271
EDUARDO COSTA,2024-12-07 12:41:02,145.8,0.0,-30.009831,-50.096665
EDUARDO COSTA,2024-12-07 12:43:52,148.4,0.0,-30.009831,-50.096665
EDUARDO COSTA,2024-12-07 12:50:53,55.7,0.1,-30.009831,-50.096498
EDUARDO COSTA,2024-12-07 13:00:13,62.6,0.1,-30.009665,-50.096331
EDUARDO COSTA,2024-12-07 13:02:33,64.6,0.1,-30.009665,-50.096331
EDUARDO COSTA,2024-12-07 13:11:24,64.4,0.1,-30.009665,-50.096165
EDUARDO COSTA,2024-12-07 13:12:05,66.0,0.1,-30.009665,-50.096165
EDUARDO COSTA,2024-12-07 13:20:12,160.5,0.0,-30.009555,-50.09603
EDUARDO COSTA,2024-12-07 13:23:27,161.8,0.0,-30.009558,-50.096041
EDUARDO COSTA,2024-12-07 13:43:39,245.3,0.1,-30.009685,-50.096393
EDUARDO COSTA,2024-12-07 13:49:55,152.3,0.0,-30.009713,-50.096441
EDUARDO COSTA,2024-12-07 13:50:53,241.6,0.2,-30.009708,-50.096458
EDUARDO COSTA,2024-12-07 13:53:31,153.2,0.0,-30.009696,-50.09643
EDUARDO COSTA,2024-12-07 13:53:46,153.3,0.0,-30.009665,-50.096498
EDUARDO COSTA,2024-12-07 14:17:31,242.7,0.1,-30.009711,-50.09648
EDUARDO COSTA,2024-12-07 14:19:33,149.9,0.0,-30.009716,-50.096501
EDUARDO COSTA,2024-12-07 14:28:17,241.7,0.1,-30.009665,-50.096498
EDUARDO COSTA,2024-12-07 14:42:49,146.4,0.0,-30.009831,-50.096665
EDUARDO COSTA,2024-12-07 14:58:51,149.9,0.0,-30.009806,-50.09664
EDUARDO COSTA,2024-12-07 15:02:09,63.2,0.1,-30.009771,-50.096551
EDUARDO COSTA,2024-12-07 15:04:23,155.7,0.0,-30.009665,-50.096498
EDUARDO COSTA,2024-12-07 15:24:59,157.8,0.0,-30.009665,-50.096165
EDUARDO COSTA,2024-12-07 15:32:20,153.8,0.0,-30.009665,-50.096331
EDUARDO COSTA,2024-12-07 15:36:39,238.9,0.1,-30.009831,-50.096665
EDUARDO COSTA,2024-12-07 15:37:45,147.6,0.0,-30.009831,-50.096665
EDUARDO COSTA,2024-12-07 16:01:15,147.5,0.0,-30.009783,-50.096566
EDUARDO COSTA,2024-12-07 16:05:27,236.0,0.1,-30.009831,-50.096658
EDUARDO COSTA,2024-12-07 16:05:45,235.8,0.1,-30.009831,-50.096665
EDUARDO COSTA,2024-12-07 16:07:41,233.4,0.1,-30.009831,-50.096831
EDUARDO COSTA,2024-12-07 16:17:19,229.1,0.1,-30.009998,-50.096998
EDUARDO COSTA,2024-12-07 16:30:35,134.5,0.0,-30.010146,-50.097066
EDUARDO COSTA,2024-12-07 16:40:59,133.3,0.0,-30.010165,-50.096998
EDUARDO COSTA,2024-12-07 16:44:05,133.8,0.0,-30.010131,-50.097071
EDUARDO COSTA,2024-12-07 16:47:27,136.2,0.0,-30.010165,-50.096998
EDUARDO COSTA,2024-12-07 17:21:41,139.6,0.0,-30.009998,-50.096831
EDUARDO COSTA,2024-12-07 17:36:57,142.3,0.0,-30.009831,-50.096665
EDUARDO COSTA,2024-12-07 17:37:00,142.5,0.0,-30.009883,-50.096726
EDUARDO COSTA,2024-12-07 17:37:09,142.6,0.0,-30.009831,-50.096665
EDUARDO COSTA,2024-12-07 17:37:18,142.7,0.0,-30.009831,-50.096665
EDUARDO COSTA,2024-12-07 17:37:40,52.9,0.1,-30.009831,-50.096665
EDUARDO COSTA,2024-12-07 17:37:54,53.1,0.1,-30.009831,-50.096665
EDUARDO COSTA,2024-12-07 17:37:59,143.0,0.0,-30.009868,-50.09671
EDUARDO COSTA,2024-12-07 17:38:15,143.0,0.0,-30.009831,-50.096665
EDUARDO COSTA,2024-12-07 17:38:18,143.1,0.0,-30.009831,-50.096665
EDUARDO COSTA,2024-12-07 17:38:37,143.1,0.0,-30.009831,-50.096665
EDUARDO COSTA,2024-12-07 17:39:01,53.0,0.1,-30.009831,-50.096665
EDUARDO COSTA,2024-12-07 17:39:23,142.7,0.0,-30.009831,-50.096665
EDUARDO COSTA,2024-12-07 17:39:51,142.4,0.0,-30.009831,-50.096665
EDUARDO COSTA,2024-12-07 17:40:51,141.6,0.0,-30.009831,-50.096665
EDUARDO COSTA,2024-12-07 17:41:57,141.4,0.0,-30.009831,-50.096665
EDUARDO COSTA,2024-12-07 17:42:49,51.9,0.1,-30.009846,-50.096633
EDUARDO COSTA,2024-12-07 17:45:09,55.5,0.1,-30.009791,-50.09656
EDUARDO COSTA,2024-12-07 17:45:13,55.5,0.1,-30.009788,-50.096555
EDUARDO COSTA,2024-12-07 17:45:35,146.1,0.0,-30.009831,-50.096498
EDUARDO COSTA,2024-12-07 17:46:59,58.0,0.1,-30.00976,-50.09651
EDUARDO COSTA,2024-12-07 17:55:46,64.3,0.1,-30.009665,-50.096331
EDUARDO COSTA,2024-12-07 18:08:05,155.5,0.0,-30.009665,-50.096165
EDUARDO COSTA,2024-12-07 18:24:03,156.8,0.0,-30.009608,-50.09618
EDUARDO COSTA,2024-12-07 19:51:43,84.2,0.1,-30.009498,-50.095498
EDUARDO COSTA,2024-12-07 20:29:07,174.8,0.0,-30.009508,-50.09534
EDUARDO COSTA,2024-12-07 20:51:08,175.5,0.0,-30.00952,-50.09535
EDUARDO COSTA,2024-12-07 20:51:47,175.8,0.0,-30.009498,-50.095331
EDUARDO COSTA,2024-12-07 20:56:48,175.7,0.0,-30.009508,-50.095391
EDUARDO COSTA,2024-12-07 21:19:24,171.2,0.0,-30.00946,-50.095438
EDUARDO COSTA,2024-12-07 21:25:00,173.2,0.0,-30.009443,-50.095378
EDUARDO COSTA,2024-12-07 21:29:52,176.0,0.0,-30.009498,-50.095331
EDUARDO COSTA,2024-12-07 21:34:36,179.7,0.0,-30.009498,-50.095165
EDUARDO COSTA,2024-12-07 21:50:39,265.5,0.1,-30.009451,-50.095311
EDUARDO COSTA,2024-12-07 22:57:48,92.5,0.1,-30.009498,-50.094998
EDUARDO COSTA,2024-12-07 23:02:56,182.1,0.0,-30.009498,-50.094998
EDUARDO COSTA,2024-12-07 23:20:49,177.3,0.0,-30.00956,-50.095198
EDUARDO COSTA,2024-12-07 23:48:31,92.1,0.1,-30.009511,-50.094891
EDUARDO COSTA,2024-12-07 23:50:35,94.3,0.1,-30.009496,-50.094865
EDUARDO COSTA,2024-12-07 23:54:09,186.1,0.0,-30.009503,-50.094863
EDUARDO COSTA,2024-12-07 23:57:01,184.4,0.0,-30.009483,-50.09491
EDUARDO COSTA,2024-12-08 00:23:05,183.8,0.0,-30.00952,-50.09479
EDUARDO COSTA,2024-12-08 00:29:30,183.6,0.0,-30.009508,-50.094815
EDUARDO COSTA,2024-12-08 00:56:11,189.3,0.0,-30.009566,-50.094598
EDUARDO COSTA,2024-12-08 00:59:59,192.7,0.0,-30.009575,-50.0946
EDUARDO COSTA,2024-12-08 01:02:22,281.1,0.1,-30.009563,-50.094665
EDUARDO COSTA,2024-12-08 01:02:36,280.9,0.1,-30.009565,-50.094668
EDUARDO COSTA,2024-12-08 01:03:34,279.7,0.1,-30.009573,-50.0947
EDUARDO COSTA,2024-12-08 01:04:34,188.6,0.0,-30.009586,-50.094718
EDUARDO COSTA,2024-12-08 01:04:36,188.6,0.0,-30.009588,-50.094718
EDUARDO COSTA,2024-12-08 01:06:40,277.3,0.1,-30.009561,-50.094741
EDUARDO COSTA,2024-12-08 01:07:40,187.1,0.0,-30.009598,-50.09474
EDUARDO COSTA,2024-12-08 01:34:49,187.9,0.1,-30.00942,-50.094853
EDUARDO COSTA,2024-12-08 01:41:51,299.0,0.3,-30.009365,-50.094933
EDUARDO COSTA,2024-12-08 02:13:43,277.2,0.1,-30.009521,-50.094803
EDUARDO COSTA,2024-12-08 02:18:13,183.6,0.0,-30.00953,-50.094888
EDUARDO COSTA,2024-12-08 02:32:10,187.0,0.0,-30.009493,-50.094815
EDUARDO COSTA,2024-12-08 02:37:24,186.9,0.0,-30.009485,-50.094816
EDUARDO COSTA,2024-12-08 02:40:51,188.0,0.0,-30.009493,-50.09482
EDUARDO COSTA,2024-12-08 02:42:54,276.3,0.1,-30.009485,-50.094845
EDUARDO COSTA,2024-12-08 02:46:57,184.0,0.0,-30.009503,-50.094843
EDUARDO COSTA,2024-12-08 03:16:47,192.2,0.0,-30.009521,-50.094716
EDUARDO COSTA,2024-12-08 03:20:42,186.3,0.0,-30.009491,-50.094821
EDUARDO COSTA,2024-12-08 03:23:15,183.2,0.0,-30.009488,-50.094861
EDUARDO COSTA,2024-12-08 03:27:57,183.3,0.0,-30.009511,-50.09482
EDUARDO COSTA,2024-12-08 03:56:57,185.9,0.0,-30.009536,-50.094613
EDUARDO COSTA,2024-12-08 04:03:26,185.7,0.0,-30.009531,-50.094618
EDUARDO COSTA,2024-12-08 04:25:15,96.8,0.1,-30.009555,-50.094515
EDUARDO COSTA,2024-12-08 04:32:47,189.6,0.0,-30.009561,-50.094463
EDUARDO COSTA,2024-12-08 05:00:42,188.5,0.0,-30.009583,-50.094413
EDUARDO COSTA,2024-12-08 05:02:27,188.1,0.0,-30.009583,-50.094406
EDUARDO COSTA,2024-12-08 05:57:35,192.0,0.0,-30.009536,-50.094336
EDUARDO COSTA,2024-12-08 06:38:21,190.6,0.0,-30.009531,-50.094346
EDUARDO COSTA,2024-12-08 06:41:57,191.5,0.0,-30.009538,-50.094335
EDUARDO COSTA,2024-12-08 06:44:11,191.3,0.0,-30.009518,-50.094356
EDUARDO COSTA,2024-12-08 07:31:39,185.6,0.0,-30.009493,-50.094566
EDUARDO COSTA,2024-12-08 07:33:55,186.0,0.0,-30.009518,-50.094531
EDUARDO COSTA,2024-12-08 07:36:01,186.7,0.0,-30.009515,-50.094491
EDUARDO COSTA,2024-12-08 07:42:57,189.0,0.0,-30.009501,-50.094511
EDUARDO COSTA,2024-12-08 08:23:27,188.1,0.0,-30.009483,-50.094476
EDUARDO COSTA,2024-12-08 08:26:07,189.2,0.0,-30.009488,-50.094471
EDUARDO COSTA,2024-12-08 09:15:46,183.4,0.0,-30.009463,-50.0946
EDUARDO COSTA,2024-12-08 09:22:14,96.7,0.1,-30.009471,-50.094536
EDUARDO COSTA,2024-12-08 09:26:17,185.1,0.0,-30.00947,-50.09458
EDUARDO COSTA,2024-12-08 10:16:29,185.4,0.0,-30.009455,-50.094635
EDUARDO COSTA,2024-12-08 11:01:10,27.1,1.0,-30.008496,-50.094113
EDUARDO COSTA,2024-12-08 11:10:27,316.7,2.0,-30.005666,-50.09283
EDUARDO COSTA,2024-12-08 11:33:53,30.8,4.2,-29.990885,-50.08348
EDUARDO COSTA,2024-12-08 11:42:42,39.6,7.0,-29.982401,-50.069983
EDUARDO COSTA,2024-12-08 11:42:50,41.8,7.0,-29.982235,-50.069743
EDUARDO COSTA,2024-12-08 11:42:56,40.5,7.2,-29.982128,-50.069551
EDUARDO COSTA,2024-12-08 11:43:00,42.9,7.1,-29.982043,-50.069428
EDUARDO COSTA,2024-12-08 11:43:10,42.4,7.2,-29.98186,-50.069106
EDUARDO COSTA,2024-12-08 11:43:26,42.1,7.2,-29.981533,-50.068611
EDUARDO COSTA,2024-12-08 11:43:32,42.4,7.2,-29.981415,-50.068416
EDUARDO COSTA,2024-12-08 11:43:50,43.4,7.2,-29.981081,-50.06783
EDUARDO COSTA,2024-12-08 11:44:34,36.1,7.6,-29.98025,-50.066385
EDUARDO COSTA,2024-12-08 11:54:51,42.3,9.3,-29.967308,-50.044063
EDUARDO COSTA,2024-12-08 11:57:26,45.3,10.3,-29.963248,-50.037205
EDUARDO COSTA,2024-12-08 12:00:35,44.1,11.4,-29.958008,-50.028021
EDUARDO COSTA,2024-12-08 12:12:49,47.3,12.5,-29.936015,-49.987381
EDUARDO COSTA,2024-12-08 12:14:55,46.4,12.6,-29.932318,-49.98003
EDUARDO COSTA,2024-12-08 12:48:29,23.9,12.1,-29.873863,-49.869708
EDUARDO COSTA,2024-12-08 12:48:51,23.4,12.2,-29.872873,-49.868853
EDUARDO COSTA,2024-12-08 12:53:29,26.0,12.2,-29.860348,-49.858005
EDUARDO COSTA,2024-12-08 12:55:53,26.3,12.1,-29.853883,-49.85233
EDUARDO COSTA,2024-12-08 13:14:14,26.7,12.3,-29.804865,-49.807858
EDUARDO COSTA,2024-12-08 13:14:18,30.3,12.2,-29.804675,-49.807706
EDUARDO COSTA,2024-12-08 13:18:02,26.6,12.2,-29.795015,-49.798106
EDUARDO COSTA,2024-12-08 13:55:17,27.4,12.3,-29.698075,-49.703323
EDUARDO COSTA,2024-12-08 14:00:09,24.4,12.3,-29.685063,-49.691288
EDUARDO COSTA,2024-12-08 14:28:27,26.1,12.1,-29.607998,-49.624998
EDUARDO COSTA,2024-12-08 14:29:58,25.2,12.1,-29.603831,-49.621498
EDUARDO COSTA,2024-12-08 15:12:03,29.6,12.2,-29.494331,-49.516831
EDUARDO COSTA,2024-12-08 15:23:10,28.6,12.2,-29.466806,-49.48701
EDUARDO COSTA,2024-12-08 16:17:50,31.9,12.4,-29.334331,-49.333331
EDUARDO COSTA,2024-12-08 16:21:16,34.4,12.2,-29.326165,-49.323498
EDUARDO COSTA,2024-12-08 16:21:49,33.1,12.3,-29.32488,-49.321878
EDUARDO COSTA,2024-12-08 16:23:26,34.3,12.2,-29.321056,-49.317161
EDUARDO COSTA,2024-12-08 16:24:06,35.0,12.3,-29.319498,-49.315331
EDUARDO COSTA,2024-12-08 16:31:28,34.9,12.2,-29.302331,-49.294331
EDUARDO COSTA,2024-12-08 16:46:07,33.8,12.1,-29.267998,-49.253165
EDUARDO COSTA,2024-12-08 16:51:19,32.2,12.3,-29.255436,-49.238741
EDUARDO COSTA,2024-12-08 16:55:57,35.0,12.2,-29.244498,-49.225998
EDUARDO COSTA,2024-12-08 17:41:24,29.3,12.1,-29.129998,-49.105998
EDUARDO COSTA,2024-12-08 17:58:45,29.9,12.1,-29.086716,-49.06057
EDUARDO COSTA,2024-12-08 17:59:21,30.6,12.0,-29.085236,-49.059008
EDUARDO COSTA,2024-12-08 17:59:25,29.2,12.0,-29.085075,-49.058828
EDUARDO COSTA,2024-12-08 18:00:25,31.5,11.9,-29.082618,-49.056223
EDUARDO COSTA,2024-12-08 18:00:53,27.9,11.9,-29.081478,-49.055008
EDUARDO COSTA,2024-12-08 18:34:40,29.5,12.1,-28.996395,-48.969016
EDUARDO COSTA,2024-12-08 18:38:34,28.3,12.2,-28.98663,-48.958765
EDUARDO COSTA,2024-12-08 18:41:02,31.1,12.2,-28.980415,-48.952325
EDUARDO COSTA,2024-12-08 18:53:05,27.6,12.2,-28.950128,-48.9209
EDUARDO COSTA,2024-12-08 19:08:20,30.2,12.2,-28.911165,-48.881831
EDUARDO COSTA,2024-12-08 19:12:53,30.3,12.2,-28.899645,-48.870141
EDUARDO COSTA,2024-12-08 19:18:00,30.5,12.2,-28.886498,-48.856998
EDUARDO COSTA,2024-12-08 19:19:50,27.3,12.2,-28.881831,-48.852331
EDUARDO COSTA,2024-12-08 19:26:56,28.6,12.3,-28.863665,-48.834165
EDUARDO COSTA,2024-12-08 19:29:33,28.9,12.3,-28.856961,-48.827385
EDUARDO COSTA,2024-12-08 19:31:31,27.9,12.3,-28.851808,-48.822178
EDUARDO COSTA,2024-12-08 19:43:39,26.4,12.3,-28.820498,-48.790665
EDUARDO COSTA,2024-12-08 19:45:46,29.6,12.3,-28.815008,-48.78518
EDUARDO COSTA,2024-12-08 19:53:10,30.1,12.3,-28.795998,-48.765998
EDUARDO COSTA,2024-12-08 19:56:40,29.5,12.4,-28.786831,-48.756998
EDUARDO COSTA,2024-12-08 20:01:30,28.1,12.5,-28.774165,-48.744331
EDUARDO COSTA,2024-12-08 20:14:51,31.0,12.4,-28.739406,-48.70956
EDUARDO COSTA,2024-12-08 20:18:22,28.8,12.4,-28.730285,-48.700248
EDUARDO COSTA,2024-12-08 20:24:36,30.1,12.5,-28.714331,-48.683665
EDUARDO COSTA,2024-12-08 20:29:15,28.7,12.4,-28.702331,-48.671165
EDUARDO COSTA,2024-12-08 20:31:45,30.1,12.5,-28.695998,-48.664498
EDUARDO COSTA,2024-12-08 20:36:25,28.7,12.5,-28.683998,-48.651998
EDUARDO COSTA,2024-12-08 20:53:34,29.4,12.5,-28.640165,-48.605998
EDUARDO COSTA,2024-12-09 00:03:42,4.7,12.4,-28.02873,-48.351293
EDUARDO COSTA,2024-12-09 00:42:00,3.9,12.3,-27.901998,-48.307665
EDUARDO COSTA,2024-12-09 00:58:33,1.7,12.3,-27.846998,-48.290331
EDUARDO COSTA,2024-12-09 01:11:06,2.2,12.3,-27.805333,-48.277438
EDUARDO COSTA,2024-12-09 02:03:46,4.4,12.2,-27.63039,-48.22282
EDUARDO COSTA,2024-12-09 03:27:03,23.0,11.5,-27.379498,-48.097331
EDUARDO COSTA,2024-12-09 04:46:37,24.1,11.0,-27.176498,-47.932165
EDUARDO COSTA,2024-12-09 05:43:41,23.0,10.7,-27.032561,-47.820086
EDUARDO COSTA,2024-12-09 06:28:25,22.2,10.5,-26.922201,-47.732036
EDUARDO COSTA,2024-12-09 12:55:54,27.0,10.8,-25.975956,-46.903181
EDUARDO COSTA,2024-12-09 12:56:47,29.0,10.8,-25.973998,-46.901165
EDUARDO COSTA,2024-12-09 12:59:36,30.0,10.9,-25.967831,-46.894498
EDUARDO COSTA,2024-12-09 13:00:20,29.9,10.9,-25.966256,-46.892853
EDUARDO COSTA,2024-12-09 14:11:47,29.3,10.8,-25.803998,-46.732165
EDUARDO COSTA,2024-12-09 15:18:07,31.4,11.1,-25.654665,-46.579998
EDUARDO COSTA,2024-12-09 16:08:45,27.1,11.5,-25.540106,-46.457716
EDUARDO COSTA,2024-12-09 16:14:11,26.9,11.6,-25.526885,-46.445018
EDUARDO COSTA,2024-12-09 16:29:37,27.5,11.6,-25.489063,-46.409051
EDUARDO COSTA,2024-12-09 16:32:19,27.7,11.6,-25.48236,-46.402746
EDUARDO COSTA,2024-12-09 16:32:22,26.7,11.5,-25.482165,-46.402665
EDUARDO COSTA,2024-12-09 16:34:42,28.1,11.6,-25.47646,-46.397295
EDUARDO COSTA,2024-12-09 16:36:36,27.7,11.5,-25.471665,-46.392831
EDUARDO COSTA,2024-12-09 16:39:42,29.1,11.6,-25.464103,-46.385751
EDUARDO COSTA,2024-12-09 17:11:47,33.5,11.6,-25.388165,-46.307498
EDUARDO COSTA,2024-12-09 17:20:33,30.1,11.7,-25.367498,-46.285665
EDUARDO COSTA,2024-12-09 17:44:21,33.2,12.0,-25.309786,-46.226391
EDUARDO COSTA,2024-12-09 17:53:41,33.7,11.9,-25.287838,-46.201916
EDUARDO COSTA,2024-12-09 18:14:04,35.6,11.9,-25.242331,-46.145998
EDUARDO COSTA,2024-12-09 18:17:21,34.8,11.9,-25.234995,-46.137056
EDUARDO COSTA,2024-12-09 18:50:27,33.2,11.7,-25.160995,-46.048076
EDUARDO COSTA,2024-12-09 19:03:01,33.1,11.8,-25.132625,-46.014803
EDUARDO COSTA,2024-12-09 19:54:47,31.8,11.9,-25.004831,-45.890331
EDUARDO COSTA,2024-12-09 19:57:07,30.7,11.7,-24.999165,-45.884498
EDUARDO COSTA,2024-12-09 21:03:48,24.7,11.9,-24.822998,-45.736498
EDUARDO COSTA,2024-12-09 21:06:01,25.2,12.0,-24.817225,-45.731391
EDUARDO COSTA,2024-12-09 21:08:07,27.0,11.9,-24.811831,-45.726498
EDUARDO COSTA,2024-12-09 21:40:41,29.1,11.9,-24.731001,-45.647261
EDUARDO COSTA,2024-12-09 22:30:58,27.5,11.3,-24.610831,-45.526165
EDUARDO COSTA,2024-12-09 22:32:58,28.6,11.2,-24.605998,-45.521498
EDUARDO COSTA,2024-12-09 22:46:58,32.9,11.2,-24.573665,-45.488831
EDUARDO COSTA,2024-12-09 23:40:08,29.4,11.4,-24.451998,-45.361165
EDUARDO COSTA,2024-12-10 00:12:48,27.6,11.3,-24.373831,-45.284498
EDUARDO COSTA,2024-12-10 00:15:11,30.1,11.3,-24.368328,-45.278903
EDUARDO COSTA,2024-12-10 00:20:34,31.2,11.1,-24.355998,-45.266331
EDUARDO COSTA,2024-12-10 00:38:37,50.4,11.3,-24.317165,-45.221831
EDUARDO COSTA,2024-12-10 00:43:27,44.2,11.2,-24.309165,-45.207831
EDUARDO COSTA,2024-12-10 01:20:17,19.2,11.5,-24.214331,-45.131998
EDUARDO COSTA,2024-12-10 01:23:25,22.8,11.5,-24.205866,-45.126055
EDUARDO COSTA,2024-12-10 01:26:20,20.8,11.3,-24.198165,-45.120498
EDUARDO COSTA,2024-12-10 01:34:45,23.2,11.3,-24.175965,-45.10447
EDUARDO COSTA,2024-12-10 01:36:42,22.9,11.3,-24.17097,-45.100628
EDUARDO COSTA,2024-12-10 01:36:45,21.8,11.4,-24.170808,-45.100485
EDUARDO COSTA,2024-12-10 01:37:19,21.4,11.3,-24.169331,-45.099331
EDUARDO COSTA,2024-12-10 01:37:49,21.9,11.2,-24.167998,-45.098498
EDUARDO COSTA,2024-12-10 01:38:05,21.5,11.3,-24.167316,-45.097868
EDUARDO COSTA,2024-12-10 01:38:19,21.7,11.4,-24.166831,-45.097498
EDUARDO COSTA,2024-12-10 02:00:20,21.1,12.0,-24.107665,-45.052665
EDUARDO COSTA,2024-12-10 02:23:33,29.4,11.8,-24.050038,-44.997211
EDUARDO COSTA,2024-12-10 02:30:53,29.7,11.7,-24.03199,-44.979631
EDUARDO COSTA,2024-12-10 03:06:45,26.0,11.2,-23.943665,-44.899665
EDUARDO COSTA,2024-12-10 03:09:23,26.0,11.2,-23.937258,-44.894058
EDUARDO COSTA,2024-12-10 04:36:19,20.7,11.3,-23.722165,-44.715831
EDUARDO COSTA,2024-12-10 04:39:06,20.4,11.4,-23.714821,-44.710511
EDUARDO COSTA,2024-12-10 04:44:32,21.3,11.4,-23.700395,-44.70018
EDUARDO COSTA,2024-12-10 04:46:38,19.5,11.5,-23.694665,-44.696165
EDUARDO COSTA,2024-12-10 05:31:43,23.2,11.2,-23.579138,-44.604513
EDUARDO COSTA,2024-12-10 05:36:20,25.1,11.3,-23.567665,-44.594831
EDUARDO COSTA,2024-12-10 06:25:23,16.9,11.5,-23.440725,-44.495923
EDUARDO COSTA,2024-12-10 06:28:26,16.7,11.5,-23.432165,-44.490665
EDUARDO COSTA,2024-12-10 06:31:26,17.6,11.5,-23.423726,-44.485343
EDUARDO COSTA,2024-12-10 07:14:03,285.2,8.5,-23.299611,-44.431146
EDUARDO COSTA,2024-12-10 07:18:50,186.7,8.5,-23.304831,-44.438998
EDUARDO COSTA,2024-12-10 08:59:45,339.8,6.5,-23.214498,-44.438498
EDUARDO COSTA,2024-12-10 10:45:35,272.4,0.2,-23.144165,-44.465831
EDUARDO COSTA,2024-12-10 11:10:49,38.1,0.9,-23.140331,-44.467165
EDUARDO COSTA,2024-12-10 11:17:55,55.3,0.3,-23.139998,-44.466331
EDUARDO COSTA,2024-12-10 11:58:47,171.4,0.0,-23.139856,-44.465703
EDUARDO COSTA,2024-12-10 12:28:39,163.4,0.0,-23.139831,-44.465831
EDUARDO COSTA,2024-12-10 12:32:26,164.6,0.0,-23.139868,-44.46586
EDUARDO COSTA,2024-12-10 12:45:25,158.8,0.0,-23.1399,-44.465951
EDUARDO COSTA,2024-12-10 12:46:05,158.9,0.0,-23.139831,-44.465998
EDUARDO COSTA,2024-12-10 14:19:26,114.9,0.3,-23.140873,-44.46514
EDUARDO COSTA,2024-12-10 14:21:36,144.0,0.6,-23.141165,-44.464998
EDUARDO COSTA,2024-12-10 15:09:03,155.2,11.0,-23.249383,-44.437316
EDUARDO COSTA,2024-12-10 15:12:20,154.9,11.0,-23.259331,-44.435165
EDUARDO COSTA,2024-12-10 16:20:36,79.0,12.0,-23.336165,-44.251498
EDUARDO COSTA,2024-12-10 16:36:16,76.3,12.1,-23.336998,-44.194165
EDUARDO COSTA,2024-12-10 16:40:10,76.8,12.1,-23.337165,-44.179831
EDUARDO COSTA,2024-12-10 16:46:32,78.3,12.1,-23.337623,-44.156525
EDUARDO COSTA,2024-12-10 16:47:18,78.7,12.0,-23.337665,-44.153665
EDUARDO COSTA,2024-12-10 16:49:55,78.1,12.2,-23.337831,-44.144165
EDUARDO COSTA,2024-12-10 16:52:36,78.5,12.2,-23.33805,-44.134193
EDUARDO COSTA,2024-12-10 16:55:32,78.0,12.1,-23.3381,-44.123421
EDUARDO COSTA,2024-12-10 17:22:40,72.5,12.0,-23.329165,-44.024831
EDUARDO COSTA,2024-12-10 17:50:43,67.8,12.2,-23.314933,-43.922763
EDUARDO COSTA,2024-12-10 18:03:03,68.9,12.2,-23.308833,-43.877698
EDUARDO COSTA,2024-12-10 18:22:03,68.6,12.0,-23.30022,-43.808648
EDUARDO COSTA,2024-12-10 18:29:16,66.9,12.0,-23.297048,-43.782518
EDUARDO COSTA,2024-12-10 18:32:48,69.7,12.0,-23.295696,-43.769776
EDUARDO COSTA,2024-12-10 18:36:18,71.2,12.0,-23.294331,-43.756998
EDUARDO COSTA,2024-12-10 19:08:25,69.8,12.2,-23.279031,-43.640011
EDUARDO COSTA,2024-12-10 19:29:27,67.7,12.2,-23.268753,-43.562811
EDUARDO COSTA,2024-12-10 19:31:29,68.5,12.2,-23.267665,-43.555331
EDUARDO COSTA,2024-12-10 19:33:33,68.6,12.2,-23.26673,-43.547858
EDUARDO COSTA,2024-12-10 20:03:50,48.9,12.0,-23.240165,-43.443165
EDUARDO COSTA,2024-12-10 20:06:12,50.5,11.9,-23.236343,-43.43556
EDUARDO COSTA,2024-12-10 20:11:16,59.6,11.8,-23.229445,-43.419028
EDUARDO COSTA,2024-12-10 20:41:26,55.7,11.9,-23.196876,-43.315496
EDUARDO COSTA,2024-12-10 20:45:02,55.4,12.0,-23.192246,-43.303373
EDUARDO COSTA,2024-12-10 20:56:09,54.7,12.0,-23.177998,-43.266165
EDUARDO COSTA,2024-12-10 21:32:30,55.1,5.5,-23.131331,-43.159998
EDUARDO COSTA,2024-12-10 22:41:39,87.5,1.9,-23.114331,-43.142998
EDUARDO COSTA,2024-12-10 23:12:06,169.6,6.0,-23.142916,-43.142336
EDUARDO COSTA,2024-12-10 23:14:49,169.9,6.2,-23.147498,-43.142665
EDUARDO COSTA,2024-12-10 23:49:36,3.7,1.2,-23.166998,-43.141831
EDUARDO COSTA,2024-12-11 00:27:52,10.3,1.4,-23.152425,-43.135108
EDUARDO COSTA,2024-12-11 00:29:55,9.8,1.4,-23.151665,-43.134831
EDUARDO COSTA,2024-12-11 00:30:28,9.9,1.4,-23.151441,-43.134655
EDUARDO COSTA,2024-12-11 00:53:13,8.2,1.7,-23.142813,-43.131006
EDUARDO COSTA,2024-12-11 00:56:26,14.0,1.6,-23.141665,-43.130498
EDUARDO COSTA,2024-12-11 01:06:36,13.7,1.4,-23.137956,-43.128503
EDUARDO COSTA,2024-12-11 01:32:20,9.3,1.5,-23.128665,-43.123998
EDUARDO COSTA,2024-12-11 01:36:56,10.9,1.3,-23.126998,-43.123331
EDUARDO COSTA,2024-12-11 02:04:52,32.5,1.2,-23.116643,-43.119623
EDUARDO COSTA,2024-12-11 02:42:23,184.7,1.5,-23.123973,-43.11439
EDUARDO COSTA,2024-12-11 02:46:23,198.7,1.6,-23.125608,-43.115265
EDUARDO COSTA,2024-12-11 02:48:36,199.8,1.6,-23.126498,-43.115998
EDUARDO COSTA,2024-12-11 03:13:27,204.9,2.0,-23.135025,-43.121285
EDUARDO COSTA,2024-12-11 03:20:13,199.4,2.2,-23.138176,-43.124251
EDUARDO COSTA,2024-12-11 04:36:00,281.5,1.7,-23.138498,-43.148665
EDUARDO COSTA,2024-12-11 04:38:23,286.0,1.6,-23.137963,-43.149783
EDUARDO COSTA,2024-12-11 04:40:40,281.8,1.7,-23.137498,-43.150831
EDUARDO COSTA,2024-12-11 05:27:05,150.4,0.0,-23.136175,-43.164761
EDUARDO COSTA,2024-12-11 05:33:49,78.7,0.2,-23.136498,-43.164831
EDUARDO COSTA,2024-12-11 06:17:59,94.6,0.2,-23.138063,-43.162316
EDUARDO COSTA,2024-12-11 06:26:10,89.8,0.4,-23.137998,-43.161331
EDUARDO COSTA,2024-12-11 07:59:19,116.0,0.0,-23.148831,-43.156998
EDUARDO COSTA,2024-12-11 09:19:09,28.7,0.3,-23.151908,-43.152938
EDUARDO COSTA,2024-12-11 09:51:36,124.2,0.9,-23.156165,-43.149165
EDUARDO COSTA,2024-12-11 10:20:42,4.1,1.7,-23.148123,-43.144246
EDUARDO COSTA,2024-12-11 10:25:12,48.6,0.4,-23.147078,-43.143478
EDUARDO COSTA,2024-12-11 10:27:59,39.6,0.1,-23.146998,-43.143165
EDUARDO COSTA,2024-12-11 10:57:13,339.5,0.4,-23.14483,-43.145081
EDUARDO COSTA,2024-12-11 11:00:42,333.4,0.3,-23.14444,-43.14515
EDUARDO COSTA,2024-12-11 11:00:49,352.4,0.2,-23.144498,-43.145165
EDUARDO COSTA,2024-12-11 11:01:09,319.4,0.4,-23.144331,-43.145165
EDUARDO COSTA,2024-12-11 11:02:24,327.6,0.2,-23.144331,-43.145165
EDUARDO COSTA,2024-12-11 11:03:12,340.4,0.7,-23.144243,-43.145255
EDUARDO COSTA,2024-12-11 11:04:15,284.4,0.4,-23.144165,-43.145331
EDUARDO COSTA,2024-12-11 11:04:38,314.9,0.4,-23.144165,-43.145331
EDUARDO COSTA,2024-12-11 11:26:36,328.2,0.2,-23.143165,-43.146831
EDUARDO COSTA,2024-12-11 11:29:07,311.9,0.4,-23.142813,-43.147128
EDUARDO COSTA,2024-12-11 11:35:59,335.2,0.4,-23.142375,-43.147443
EDUARDO COSTA,2024-12-11 11:38:33,339.5,0.1,-23.142246,-43.147498
EDUARDO COSTA,2024-12-11 12:04:03,352.3,0.1,-23.14135,-43.14741
EDUARDO COSTA,2024-12-11 12:07:07,170.4,0.1,-23.141328,-43.147436
EDUARDO COSTA,2024-12-11 12:11:10,324.4,0.9,-23.141331,-43.147498
EDUARDO COSTA,2024-12-11 12:30:46,177.5,0.1,-23.140383,-43.14693
EDUARDO COSTA,2024-12-11 12:34:15,170.0,0.1,-23.140498,-43.146831
EDUARDO COSTA,2024-12-11 12:48:06,259.6,0.1,-23.140831,-43.146998
EDUARDO COSTA,2024-12-11 13:02:59,321.1,0.8,-23.141165,-43.147331
EDUARDO COSTA,2024-12-11 13:03:25,125.2,0.9,-23.141165,-43.147331
EDUARDO COSTA,2024-12-11 13:18:00,71.3,0.5,-23.140165,-43.146831
EDUARDO COSTA,2024-12-11 13:55:02,48.7,0.4,-23.137673,-43.143371
EDUARDO COSTA,2024-12-11 14:07:13,341.6,0.2,-23.137355,-43.142715
EDUARDO COSTA,2024-12-11 14:14:03,344.6,0.9,-23.137626,-43.14245
EDUARDO COSTA,2024-12-11 15:03:49,335.0,1.0,-23.136288,-43.139123
EDUARDO COSTA,2024-12-11 15:04:45,13.7,0.4,-23.136226,-43.139051
EDUARDO COSTA,2024-12-11 15:37:59,58.7,0.4,-23.136165,-43.137165
EDUARDO COSTA,2024-12-11 15:40:49,33.1,0.4,-23.135998,-43.136831
EDUARDO COSTA,2024-12-11 16:16:15,68.1,0.3,-23.133941,-43.133471
EDUARDO COSTA,2024-12-11 16:51:06,42.9,0.3,-23.132805,-43.131495
EDUARDO COSTA,2024-12-11 16:56:13,345.4,0.7,-23.13226,-43.131151
EDUARDO COSTA,2024-12-11 16:59:07,52.0,0.3,-23.131966,-43.130901
EDUARDO COSTA,2024-12-11 17:02:01,45.9,0.2,-23.131698,-43.130668
EDUARDO COSTA,2024-12-11 17:03:33,355.6,0.8,-23.131603,-43.130518
EDUARDO COSTA,2024-12-11 17:03:44,358.3,0.6,-23.131498,-43.130498
EDUARDO COSTA,2024-12-11 17:03:50,93.2,0.4,-23.13155,-43.130501
EDUARDO COSTA,2024-12-11 17:04:04,106.4,0.4,-23.131523,-43.130478
EDUARDO COSTA,2024-12-11 17:04:44,11.3,0.6,-23.131498,-43.130498
EDUARDO COSTA,2024-12-11 17:05:59,17.4,0.4,-23.131275,-43.13032
EDUARDO COSTA,2024-12-11 17:07:13,97.4,0.1,-23.13112,-43.130258
EDUARDO COSTA,2024-12-11 17:08:04,7.5,0.1,-23.131075,-43.130235
EDUARDO COSTA,2024-12-11 17:08:13,51.7,0.1,-23.131061,-43.130231
EDUARDO COSTA,2024-12-11 17:08:37,141.1,0.1,-23.130998,-43.130165
EDUARDO COSTA,2024-12-11 17:08:44,94.5,0.1,-23.130998,-43.130165
EDUARDO COSTA,2024-12-11 17:09:24,351.0,0.6,-23.130998,-43.130165
EDUARDO COSTA,2024-12-11 17:11:04,81.2,0.1,-23.131031,-43.13015
EDUARDO COSTA,2024-12-11 17:27:39,65.3,0.3,-23.129981,-43.128475
EDUARDO COSTA,2024-12-11 17:28:13,67.7,0.3,-23.129951,-43.128398
EDUARDO COSTA,2024-12-11 17:30:19,42.8,0.6,-23.129831,-43.128165
EDUARDO COSTA,2024-12-11 17:56:20,43.0,0.4,-23.128665,-43.126665
EDUARDO COSTA,2024-12-11 18:31:55,6.2,0.5,-23.124831,-43.122498
EDUARDO COSTA,2024-12-11 18:34:14,21.9,0.6,-23.1246,-43.122375
EDUARDO COSTA,2024-12-11 18:48:43,32.8,0.6,-23.122683,-43.120865
EDUARDO COSTA,2024-12-11 19:04:15,100.0,0.8,-23.120998,-43.118831
EDUARDO COSTA,2024-12-11 19:07:23,21.2,0.4,-23.12071,-43.118545
EDUARDO COSTA,2024-12-11 19:20:13,1.4,0.9,-23.119816,-43.117415
EDUARDO COSTA,2024-12-11 19:38:13,320.5,0.6,-23.118046,-43.118466
EDUARDO COSTA,2024-12-11 19:40:40,317.2,0.4,-23.117831,-43.118665
EDUARDO COSTA,2024-12-11 19:45:16,10.2,0.1,-23.117665,-43.118831
EDUARDO COSTA,2024-12-11 19:49:19,141.9,0.2,-23.117335,-43.118848
EDUARDO COSTA,2024-12-11 20:16:49,310.9,0.6,-23.115165,-43.120331
EDUARDO COSTA,2024-12-11 20:19:03,42.2,0.1,-23.115051,-43.120386
EDUARDO COSTA,2024-12-11 20:52:23,290.8,0.1,-23.111358,-43.121045
EDUARDO COSTA,2024-12-11 21:00:23,144.0,0.2,-23.110668,-43.121833
EDUARDO COSTA,2024-12-11 22:06:29,72.5,5.9,-23.105831,-43.076831
EDUARDO COSTA,2024-12-11 22:10:42,73.4,5.6,-23.105183,-43.069531
EDUARDO COSTA,2024-12-11 22:14:02,76.5,5.7,-23.104738,-43.06386
EDUARDO COSTA,2024-12-11 22:16:48,71.2,5.7,-23.1043,-43.059098
EDUARDO COSTA,2024-12-11 22:19:11,70.9,5.7,-23.103958,-43.055055
EDUARDO COSTA,2024-12-12 00:01:41,311.3,0.9,-23.097556,-42.996068
EDUARDO COSTA,2024-12-12 00:10:35,244.7,0.4,-23.096165,-42.997498
EDUARDO COSTA,2024-12-12 00:10:38,298.7,0.9,-23.096206,-42.997536
EDUARDO COSTA,2024-12-12 00:12:32,297.4,0.8,-23.096003,-42.997898
EDUARDO COSTA,2024-12-12 00:12:48,278.2,0.6,-23.095998,-42.997998
EDUARDO COSTA,2024-12-12 00:13:19,281.3,0.4,-23.095831,-42.997998
EDUARDO COSTA,2024-12-12 00:13:45,285.8,0.6,-23.095831,-42.998165
EDUARDO COSTA,2024-12-12 00:16:15,291.6,0.6,-23.095498,-42.998665
EDUARDO COSTA,2024-12-12 00:18:12,287.4,0.6,-23.095251,-42.998976
EDUARDO COSTA,2024-12-12 00:34:49,315.9,0.9,-23.092831,-43.001498
EDUARDO COSTA,2024-12-12 00:38:02,315.4,1.4,-23.092206,-43.001978
EDUARDO COSTA,2024-12-12 01:40:59,89.6,1.1,-23.121553,-42.99336
EDUARDO COSTA,2024-12-12 01:45:29,98.4,1.0,-23.121665,-42.991998
EDUARDO COSTA,2024-12-12 01:51:06,71.5,1.5,-23.122081,-42.989231
EDUARDO COSTA,2024-12-12 02:12:56,312.6,0.4,-23.119831,-42.986665
EDUARDO COSTA,2024-12-12 02:17:13,327.8,0.1,-23.119168,-42.987151
EDUARDO COSTA,2024-12-12 02:20:03,320.8,0.7,-23.118718,-42.987471
EDUARDO COSTA,2024-12-12 02:41:35,314.8,0.6,-23.115165,-42.989831
EDUARDO COSTA,2024-12-12 03:56:19,300.1,0.9,-23.103831,-42.999998
EDUARDO COSTA,2024-12-12 04:21:52,297.7,0.9,-23.098991,-43.003536
EDUARDO COSTA,2024-12-12 04:24:26,299.5,1.5,-23.098498,-43.003831
EDUARDO COSTA,2024-12-12 04:30:35,298.2,1.2,-23.097498,-43.004498
EDUARDO COSTA,2024-12-12 04:33:10,305.0,0.9,-23.096998,-43.004998
EDUARDO COSTA,2024-12-12 05:18:23,308.2,0.6,-23.091783,-43.011275
EDUARDO COSTA,2024-12-12 05:20:40,306.0,0.7,-23.091498,-43.011665
EDUARDO COSTA,2024-12-12 05:22:49,305.9,0.8,-23.091231,-43.011965
EDUARDO COSTA,2024-12-12 05:26:36,289.5,0.4,-23.090665,-43.012665
EDUARDO COSTA,2024-12-12 06:13:03,112.4,3.9,-23.094378,-43.002981
EDUARDO COSTA,2024-12-12 06:56:10,279.6,1.2,-23.102331,-43.006831
EDUARDO COSTA,2024-12-12 06:58:25,277.9,1.1,-23.102258,-43.007513
EDUARDO COSTA,2024-12-12 07:00:49,262.4,1.1,-23.10208,-43.008348
EDUARDO COSTA,2024-12-12 08:00:00,264.5,1.5,-23.100331,-43.030665
EDUARDO COSTA,2024-12-12 08:39:16,328.4,7.8,-23.077998,-43.037165
EDUARDO COSTA,2024-12-12 08:44:25,317.9,7.8,-23.067665,-43.042998
EDUARDO COSTA,2024-12-12 09:23:33,291.4,7.3,-23.027476,-43.093306
EDUARDO COSTA,2024-12-12 09:52:29,297.6,9.6,-22.988498,-43.158665
EDUARDO COSTA,2024-12-12 10:00:18,16.7,6.6,-22.976848,-43.162861
EDUARDO COSTA,2024-12-12 15:47:58,150.8,0.0,-22.879876,-43.149383
EDUARDO COSTA,2024-12-13 00:50:59,180.8,0.0,-22.879833,-43.148103
EDUARDO COSTA,2024-12-13 13:54:00,183.3,0.0,-22.879831,-43.147998
EDUARDO COSTA,2024-12-14 11:14:36,357.4,1.3,-22.881165,-43.146831
EDUARDO COSTA,2024-12-14 11:55:15,190.5,7.9,-22.942831,-43.142998
EDUARDO COSTA,2024-12-14 12:03:33,194.2,8.7,-22.959505,-43.152646
EDUARDO COSTA,2024-12-14 12:03:46,196.2,8.7,-22.959998,-43.152998
EDUARDO COSTA,2024-12-14 12:06:06,190.1,8.8,-22.964998,-43.155831
EDUARDO COSTA,2024-12-14 12:54:06,119.6,10.0,-23.050165,-43.07138
EDUARDO COSTA,2024-12-14 12:56:56,118.9,10.0,-23.055498,-43.064998
EDUARDO COSTA,2024-12-14 13:06:41,103.2,10.0,-23.070331,-43.040998
EDUARDO COSTA,2024-12-14 13:11:17,104.6,9.8,-23.076021,-43.028616
EDUARDO COSTA,2024-12-14 13:51:49,78.5,9.4,-23.117998,-42.923665
EDUARDO COSTA,2024-12-14 14:36:56,74.1,9.4,-23.119331,-42.794331
EDUARDO COSTA,2024-12-14 14:59:26,75.6,9.6,-23.114665,-42.729998
EDUARDO COSTA,2024-12-14 15:33:38,83.8,9.5,-23.118498,-42.632498
EDUARDO COSTA,2024-12-14 15:44:23,87.4,9.4,-23.123105,-42.60243
EDUARDO COSTA,2024-12-14 15:50:02,87.7,9.4,-23.125831,-42.586498
EDUARDO COSTA,2024-12-14 16:09:26,79.4,9.2,-23.132998,-42.533165
EDUARDO COSTA,2024-12-14 16:10:38,78.1,9.1,-23.133041,-42.529758
EDUARDO COSTA,2024-12-14 16:13:53,80.2,9.2,-23.133388,-42.520821
EDUARDO COSTA,2024-12-14 16:14:32,81.4,9.1,-23.13348,-42.51897
EDUARDO COSTA,2024-12-14 16:46:06,76.0,9.2,-23.133998,-42.431831
EDUARDO COSTA,2024-12-14 17:49:19,75.0,8.9,-23.129331,-42.256331
EDUARDO COSTA,2024-12-14 17:49:20,75.0,8.9,-23.129331,-42.256331
EDUARDO COSTA,2024-12-14 17:52:40,76.8,9.1,-23.129318,-42.247126
EDUARDO COSTA,2024-12-14 17:53:03,78.0,9.2,-23.129331,-42.245998
EDUARDO COSTA,2024-12-14 17:53:36,79.3,9.1,-23.129346,-42.244528
EDUARDO COSTA,2024-12-14 17:55:43,77.8,9.1,-23.129498,-42.238665
EDUARDO COSTA,2024-12-14 17:58:17,80.3,9.3,-23.129498,-42.231498
EDUARDO COSTA,2024-12-14 18:29:10,77.8,9.5,-23.130331,-42.142998
EDUARDO COSTA,2024-12-14 18:57:56,77.0,9.4,-23.130506,-42.06017
EDUARDO COSTA,2024-12-14 19:16:24,77.5,9.5,-23.131498,-42.006998
EDUARDO COSTA,2024-12-14 19:32:27,77.7,9.5,-23.132998,-41.960498
EDUARDO COSTA,2024-12-14 19:37:00,80.1,9.7,-23.133521,-41.947216
EDUARDO COSTA,2024-12-14 20:54:56,33.9,9.7,-23.005665,-41.767831
EDUARDO COSTA,2024-12-14 20:57:16,34.4,9.8,-23.001443,-41.762713
EDUARDO COSTA,2024-12-14 21:00:06,34.2,9.8,-22.996271,-41.756426
EDUARDO COSTA,2024-12-14 21:01:37,36.4,9.7,-22.993498,-41.752998
EDUARDO COSTA,2024-12-14 21:04:21,35.8,9.9,-22.988648,-41.746868
EDUARDO COSTA,2024-12-14 22:41:47,33.0,10.2,-22.798676,-41.53402
EDUARDO COSTA,2024-12-14 22:46:50,34.8,10.3,-22.788665,-41.522671
EDUARDO COSTA,2024-12-15 00:26:26,39.1,9.6,-22.60016,-41.29988
EDUARDO COSTA,2024-12-15 00:57:21,24.9,9.4,-22.544398,-41.23521
EDUARDO COSTA,2024-12-15 00:59:51,24.4,9.5,-22.539155,-41.230946
EDUARDO COSTA,2024-12-15 02:23:26,39.5,9.0,-22.3967,-41.046033
EDUARDO COSTA,2024-12-15 03:07:10,42.3,9.0,-22.340998,-40.941665
EDUARDO COSTA,2024-12-15 03:16:23,33.1,9.0,-22.325098,-40.923673
EDUARDO COSTA,2024-12-15 03:59:11,28.7,9.0,-22.249435,-40.841486
EDUARDO COSTA,2024-12-15 04:01:29,30.1,9.0,-22.245275,-40.836956
EDUARDO COSTA,2024-12-15 04:01:49,31.2,9.1,-22.244665,-40.836331
EDUARDO COSTA,2024-12-15 04:05:16,30.7,9.0,-22.238665,-40.829498
EDUARDO COSTA,2024-12-15 04:07:36,31.9,9.0,-22.23452,-40.82496
EDUARDO COSTA,2024-12-15 04:10:43,31.9,9.1,-22.228998,-40.818831
EDUARDO COSTA,2024-12-15 04:56:20,31.1,9.3,-22.14486,-40.731936
EDUARDO COSTA,2024-12-15 04:58:57,30.5,9.3,-22.139831,-40.726831
EDUARDO COSTA,2024-12-15 05:47:38,38.3,9.9,-22.052493,-40.625178
EDUARDO COSTA,2024-12-15 07:24:29,4.9,9.7,-21.825165,-40.477165
EDUARDO COSTA,2024-12-15 07:28:00,1.3,9.8,-21.815856,-40.474231
EDUARDO COSTA,2024-12-15 07:32:59,0.2,9.7,-21.802665,-40.470665
EDUARDO COSTA,2024-12-15 08:41:31,358.9,9.3,-21.623583,-40.422676
EDUARDO COSTA,2024-12-15 08:46:17,358.9,9.4,-21.611453,-40.41981
EDUARDO COSTA,2024-12-15 09:20:47,3.4,8.7,-21.525336,-40.396533
EDUARDO COSTA,2024-12-15 09:47:00,2.3,8.3,-21.465165,-40.379331
EDUARDO COSTA,2024-12-15 10:14:11,1.9,8.3,-21.403896,-40.36139
EDUARDO COSTA,2024-12-15 10:24:54,1.6,8.5,-21.379665,-40.354831
EDUARDO COSTA,2024-12-15 11:42:10,359.0,8.9,-21.195303,-40.309721
EDUARDO COSTA,2024-12-15 11:42:46,359.3,8.9,-21.193831,-40.309331
EDUARDO COSTA,2024-12-15 11:43:43,1.5,8.9,-21.191498,-40.308831
EDUARDO COSTA,2024-12-15 11:44:50,0.0,8.9,-21.188821,-40.308163
EDUARDO COSTA,2024-12-15 11:44:59,359.4,8.9,-21.188498,-40.307998
EDUARDO COSTA,2024-12-15 11:51:20,1.7,8.9,-21.172998,-40.304331
EDUARDO COSTA,2024-12-15 11:54:56,4.1,8.9,-21.164348,-40.301915
EDUARDO COSTA,2024-12-15 11:58:30,2.1,8.9,-21.155813,-40.299335
EDUARDO COSTA,2024-12-15 12:47:17,27.4,9.4,-21.052131,-40.230436
EDUARDO COSTA,2024-12-15 12:47:42,25.3,9.2,-21.051165,-40.229665
EDUARDO COSTA,2024-12-15 12:52:10,27.0,9.4,-21.042331,-40.221665
EDUARDO COSTA,2024-12-15 12:55:26,27.7,9.4,-21.035676,-40.21587
EDUARDO COSTA,2024-12-15 13:32:59,30.2,8.9,-20.962998,-40.147498
EDUARDO COSTA,2024-12-15 13:39:40,32.3,8.9,-20.951045,-40.13509
EDUARDO COSTA,2024-12-15 14:36:40,30.8,9.3,-20.844665,-40.027165
EDUARDO COSTA,2024-12-15 14:41:37,32.4,9.3,-20.835175,-40.017776
EDUARDO COSTA,2024-12-15 14:50:21,29.6,9.2,-20.818645,-40.00124
EDUARDO COSTA,2024-12-15 15:08:54,25.5,9.1,-20.783331,-39.966665
EDUARDO COSTA,2024-12-15 15:18:00,27.6,9.3,-20.76537,-39.950361
EDUARDO COSTA,2024-12-15 16:27:49,29.6,9.7,-20.627498,-39.822665
EDUARDO COSTA,2024-12-15 16:28:46,31.3,9.7,-20.625598,-39.820806
EDUARDO COSTA,2024-12-15 16:28:47,31.3,9.7,-20.625598,-39.820806
EDUARDO COSTA,2024-12-15 16:29:43,31.4,9.7,-20.623665,-39.818998
EDUARDO COSTA,2024-12-15 16:29:49,28.7,9.7,-20.623498,-39.818665
EDUARDO COSTA,2024-12-15 16:30:46,29.2,9.7,-20.621646,-39.81686
EDUARDO COSTA,2024-12-15 17:25:14,32.0,10.2,-20.509831,-39.706665
EDUARDO COSTA,2024-12-15 17:27:43,29.6,10.3,-20.504665,-39.701498
EDUARDO COSTA,2024-12-15 17:58:26,28.8,10.6,-20.439331,-39.636331
EDUARDO COSTA,2024-12-15 18:01:44,28.2,10.7,-20.432165,-39.629498
EDUARDO COSTA,2024-12-15 18:04:34,28.4,10.6,-20.425998,-39.623331
EDUARDO COSTA,2024-12-15 18:08:56,28.2,10.7,-20.416283,-39.614025
EDUARDO COSTA,2024-12-15 18:34:17,28.6,10.9,-20.359955,-39.558798
EDUARDO COSTA,2024-12-15 18:37:57,29.3,10.9,-20.35185,-39.55062
EDUARDO COSTA,2024-12-15 19:09:14,25.1,10.6,-20.281331,-39.484498
EDUARDO COSTA,2024-12-15 19:12:57,25.8,10.6,-20.272441,-39.477423
EDUARDO COSTA,2024-12-15 19:58:50,30.1,10.7,-20.168901,-39.382306
EDUARDO COSTA,2024-12-15 20:03:24,30.3,10.6,-20.158998,-39.372331
EDUARDO COSTA,2024-12-15 23:58:57,13.3,10.2,-19.562331,-39.005498
EDUARDO COSTA,2024-12-16 00:07:17,11.7,10.2,-19.540998,-38.994665
EDUARDO COSTA,2024-12-16 01:12:51,15.0,10.5,-19.367165,-38.907498
EDUARDO COSTA,2024-12-16 01:16:51,14.9,10.6,-19.356665,-38.901665
EDUARDO COSTA,2024-12-16 01:25:50,17.7,10.6,-19.333498,-38.887998
EDUARDO COSTA,2024-12-16 02:09:24,14.5,10.9,-19.221765,-38.817863
EDUARDO COSTA,2024-12-16 02:12:11,14.8,10.8,-19.214396,-38.813663
EDUARDO COSTA,2024-12-16 02:56:53,14.5,10.6,-19.095165,-38.747165
EDUARDO COSTA,2024-12-16 03:03:32,15.7,10.6,-19.077665,-38.737165
EDUARDO COSTA,2024-12-16 03:52:41,14.5,10.7,-18.945846,-38.667385
EDUARDO COSTA,2024-12-16 03:55:56,13.2,10.7,-18.936998,-38.662831
EDUARDO COSTA,2024-12-16 04:43:51,16.0,10.7,-18.810165,-38.592665
EDUARDO COSTA,2024-12-16 06:25:38,15.8,10.3,-18.546811,-38.439198
EDUARDO COSTA,2024-12-16 07:11:03,17.4,9.9,-18.4352,-38.371808
EDUARDO COSTA,2024-12-16 07:35:33,11.8,9.9,-18.375941,-38.337645
EDUARDO COSTA,2024-12-16 07:39:08,12.0,9.9,-18.366816,-38.333458
EDUARDO COSTA,2024-12-16 08:12:09,13.8,10.2,-18.283165,-38.290831
EDUARDO COSTA,2024-12-16 08:17:02,15.6,10.2,-18.270833,-38.284301
EDUARDO COSTA,2024-12-16 08:21:29,13.2,10.0,-18.259663,-38.278258
EDUARDO COSTA,2024-12-16 08:50:43,13.6,10.2,-18.185851,-38.238423
EDUARDO COSTA,2024-12-16 08:53:03,14.3,10.2,-18.179941,-38.235191
EDUARDO COSTA,2024-12-16 09:25:12,15.7,10.3,-18.097535,-38.191306
EDUARDO COSTA,2024-12-16 10:08:08,7.0,10.3,-17.980831,-38.142498
EDUARDO COSTA,2024-12-16 10:59:12,6.9,10.2,-17.841585,-38.092911
EDUARDO COSTA,2024-12-16 11:28:18,8.1,10.1,-17.764331,-38.062165
EDUARDO COSTA,2024-12-16 11:28:38,9.6,10.0,-17.763533,-38.061883
EDUARDO COSTA,2024-12-16 11:28:58,10.3,10.0,-17.762623,-38.061496
EDUARDO COSTA,2024-12-16 11:29:12,10.4,10.0,-17.76206,-38.061251
EDUARDO COSTA,2024-12-16 11:51:58,7.7,10.1,-17.702535,-38.036158
EDUARDO COSTA,2024-12-16 12:05:32,6.0,10.0,-17.666998,-38.021831
EDUARDO COSTA,2024-12-16 12:08:42,5.5,10.0,-17.658746,-38.018681
EDUARDO COSTA,2024-12-16 13:49:34,2.9,10.4,-17.385598,-37.921981
EDUARDO COSTA,2024-12-16 14:08:08,3.6,10.6,-17.333878,-37.903868
EDUARDO COSTA,2024-12-16 14:10:12,359.1,10.6,-17.32791,-37.902438
EDUARDO COSTA,2024-12-16 14:12:23,358.9,10.7,-17.32159,-37.901136
EDUARDO COSTA,2024-12-16 14:19:08,359.8,10.6,-17.301818,-37.896955
EDUARDO COSTA,2024-12-16 16:29:14,5.5,10.7,-16.939456,-37.753198
EDUARDO COSTA,2024-12-16 16:43:47,3.2,10.9,-16.897331,-37.739831
EDUARDO COSTA,2024-12-16 16:46:47,3.9,10.9,-16.888665,-37.736998
EDUARDO COSTA,2024-12-16 16:46:50,4.1,10.8,-16.888331,-37.736998
EDUARDO COSTA,2024-12-16 16:47:08,4.2,10.9,-16.887565,-37.73672
EDUARDO COSTA,2024-12-16 16:47:47,4.1,10.9,-16.885665,-37.736165
EDUARDO COSTA,2024-12-16 22:29:55,2.6,10.5,-15.916376,-37.363321
EDUARDO COSTA,2024-12-17 00:02:34,6.9,10.6,-15.654498,-37.276331
EDUARDO COSTA,2024-12-17 00:13:25,6.5,10.5,-15.624665,-37.264831
EDUARDO COSTA,2024-12-17 01:53:25,8.6,10.5,-15.348498,-37.165831
EDUARDO COSTA,2024-12-17 01:56:31,9.2,10.5,-15.339998,-37.162331
EDUARDO COSTA,2024-12-17 02:02:58,8.7,10.5,-15.32261,-37.154946
EDUARDO COSTA,2024-12-17 02:09:19,9.4,10.4,-15.305498,-37.147498
EDUARDO COSTA,2024-12-17 06:36:08,6.5,10.5,-14.553716,-36.86919
EDUARDO COSTA,2024-12-17 07:15:01,7.9,10.7,-14.444165,-36.828831
EDUARDO COSTA,2024-12-17 07:15:02,7.9,10.7,-14.444165,-36.828831
EDUARDO COSTA,2024-12-17 09:05:29,5.9,10.7,-14.132486,-36.716175
EDUARDO COSTA,2024-12-17 11:14:48,4.9,10.7,-13.773856,-36.582463
EDUARDO COSTA,2024-12-17 12:21:37,7.4,11.0,-13.581831,-36.513331
EDUARDO COSTA,2024-12-17 12:22:37,7.7,10.9,-13.57897,-36.512133
EDUARDO COSTA,2024-12-17 12:32:27,6.4,11.0,-13.550665,-36.501331
EDUARDO COSTA,2024-12-17 12:39:08,7.3,11.1,-13.531165,-36.494165
EDUARDO COSTA,2024-12-17 12:44:04,5.9,11.2,-13.516498,-36.488665
EDUARDO COSTA,2024-12-17 12:44:11,6.5,11.2,-13.516331,-36.488665
EDUARDO COSTA,2024-12-17 13:07:28,5.6,11.2,-13.447498,-36.463665
EDUARDO COSTA,2024-12-17 13:10:49,6.7,11.2,-13.437585,-36.460126
EDUARDO COSTA,2024-12-17 13:19:18,5.3,11.1,-13.412498,-36.451165
EDUARDO COSTA,2024-12-17 13:30:22,6.3,11.1,-13.380043,-36.43961
EDUARDO COSTA,2024-12-17 14:28:28,7.6,11.0,-13.210665,-36.375665
EDUARDO COSTA,2024-12-17 15:26:17,5.4,11.1,-13.042998,-36.311498
EDUARDO COSTA,2024-12-17 16:04:18,5.1,10.8,-12.932665,-36.273998
EDUARDO COSTA,2024-12-17 17:00:06,6.7,10.9,-12.77217,-36.217413
EDUARDO COSTA,2024-12-17 17:02:06,5.5,10.9,-12.766498,-36.215331
EDUARDO COSTA,2024-12-17 17:02:40,6.6,10.9,-12.76479,-36.21465
EDUARDO COSTA,2024-12-17 17:02:53,7.6,10.9,-12.764216,-36.214431
EDUARDO COSTA,2024-12-17 17:03:06,7.7,11.0,-12.763665,-36.214165
EDUARDO COSTA,2024-12-17 17:03:36,9.2,11.0,-12.762165,-36.213665
EDUARDO COSTA,2024-12-17 17:06:20,7.4,10.9,-12.754331,-36.210831
EDUARDO COSTA,2024-12-17 17:11:12,7.2,10.9,-12.740498,-36.205165
EDUARDO COSTA,2024-12-17 17:14:28,8.5,10.9,-12.731331,-36.201498
EDUARDO COSTA,2024-12-18 00:16:18,8.2,11.2,-11.503831,-35.749665
EDUARDO COSTA,2024-12-18 00:34:45,8.5,11.2,-11.449831,-35.728665
EDUARDO COSTA,2024-12-18 00:38:18,10.3,11.2,-11.439498,-35.724498
EDUARDO COSTA,2024-12-18 00:39:28,9.2,11.1,-11.436018,-35.723206
EDUARDO COSTA,2024-12-18 00:39:48,7.3,11.2,-11.435061,-35.722823
EDUARDO COSTA,2024-12-18 01:01:58,7.8,11.3,-11.369868,-35.697868
EDUARDO COSTA,2024-12-18 01:06:37,7.0,11.1,-11.356165,-35.692665
EDUARDO COSTA,2024-12-18 06:10:34,8.9,10.9,-10.469571,-35.378808
EDUARDO COSTA,2024-12-18 06:15:28,8.1,11.0,-10.455606,-35.373055
EDUARDO COSTA,2024-12-18 06:43:09,8.2,11.1,-10.376231,-35.340898
EDUARDO COSTA,2024-12-18 06:46:49,8.9,11.1,-10.365696,-35.336501
EDUARDO COSTA,2024-12-18 06:49:32,9.8,11.1,-10.357831,-35.333331
EDUARDO COSTA,2024-12-18 06:51:39,6.1,11.0,-10.351736,-35.33097
EDUARDO COSTA,2024-12-18 06:53:47,6.1,11.0,-10.345331,-35.328831
EDUARDO COSTA,2024-12-18 07:25:18,5.0,11.2,-10.252331,-35.298831
EDUARDO COSTA,2024-12-18 07:53:08,4.2,11.1,-10.16953,-35.272151
EDUARDO COSTA,2024-12-18 07:57:26,3.3,11.1,-10.156665,-35.267998
EDUARDO COSTA,2024-12-18 07:59:18,8.2,11.1,-10.151155,-35.266148
EDUARDO COSTA,2024-12-18 11:35:08,6.7,11.4,-9.506881,-35.024766
EDUARDO COSTA,2024-12-18 11:39:48,5.9,11.4,-9.492895,-35.019776
EDUARDO COSTA,2024-12-18 12:36:28,8.7,11.5,-9.32258,-34.959228
EDUARDO COSTA,2024-12-18 12:39:05,7.3,11.4,-9.314665,-34.956331
EDUARDO COSTA,2024-12-18 15:04:29,0.7,11.3,-8.877618,-34.79065
EDUARDO COSTA,2024-12-18 15:33:26,340.9,11.5,-8.757998,-34.789831
EDUARDO COSTA,2024-12-18 16:50:19,314.7,11.3,-8.551331,-34.849331
EDUARDO COSTA,2024-12-18 16:54:25,315.1,11.3,-8.540311,-34.856058
EDUARDO COSTA,2024-12-18 17:20:49,317.0,8.3,-8.47641,-34.894823
EDUARDO COSTA,2024-12-18 17:28:12,321.9,8.1,-8.461831,-34.903665
EDUARDO COSTA,2024-12-18 17:54:49,19.1,3.1,-8.420498,-34.904665
EDUARDO COSTA,2024-12-18 17:57:18,21.6,3.2,-8.418731,-34.903293
EDUARDO COSTA,2024-12-18 18:02:36,31.2,3.1,-8.415498,-34.899831
EDUARDO COSTA,2024-12-19 05:50:48,118.9,0.0,-8.408511,-34.898558
EDUARDO COSTA,2024-12-19 12:54:07,122.3,0.3,-8.408831,-34.896998
EDUARDO COSTA,2024-12-19 15:46:48,338.9,0.0,-8.398665,-34.953998
EDUARDO COSTA,2024-12-19 15:49:17,338.7,0.0,-8.398693,-34.95403
EDUARDO COSTA,2024-12-19 16:26:38,338.9,0.0,-8.398665,-34.953998
EDUARDO COSTA,2024-12-19 16:57:27,339.2,0.0,-8.398665,-34.953998
EDUARDO COSTA,2024-12-19 17:30:48,339.0,0.0,-8.398701,-34.954043
EDUARDO COSTA,2024-12-19 17:31:07,338.9,0.0,-8.3987,-34.954043
EDUARDO COSTA,2024-12-19 17:32:07,338.9,0.0,-8.3987,-34.95404
EDUARDO COSTA,2024-12-19 17:33:08,339.0,0.0,-8.398698,-34.954031
EDUARDO COSTA,2024-12-19 17:33:27,339.0,0.0,-8.398698,-34.954026
EDUARDO COSTA,2024-12-19 17:34:07,338.9,0.0,-8.398695,-34.954023
EDUARDO COSTA,2024-12-19 17:37:47,338.9,0.0,-8.398693,-34.954021
EDUARDO COSTA,2024-12-20 06:01:38,338.9,0.0,-8.398711,-34.954016
EDUARDO COSTA,2024-12-20 06:34:39,339.0,0.0,-8.398665,-34.953998
EDUARDO COSTA,2024-12-20 15:55:08,26.1,8.2,-8.367331,-34.899331
EDUARDO COSTA,2024-12-20 15:58:54,25.9,9.9,-8.359998,-34.893165
EDUARDO COSTA,2024-12-20 16:30:24,24.2,11.3,-8.285498,-34.832665
EDUARDO COSTA,2024-12-20 16:37:30,16.5,11.3,-8.267361,-34.819306
EDUARDO COSTA,2024-12-20 17:03:17,18.1,10.7,-8.199498,-34.777831
EDUARDO COSTA,2024-12-20 17:05:39,19.1,10.8,-8.193306,-34.774085
EDUARDO COSTA,2024-12-20 17:07:41,19.1,10.8,-8.188165,-34.770831
EDUARDO COSTA,2024-12-20 17:42:34,4.0,11.0,-8.095498,-34.720331
EDUARDO COSTA,2024-12-20 17:45:14,4.5,11.1,-8.087498,-34.717831
EDUARDO COSTA,2024-12-20 17:47:32,2.4,11.3,-8.080665,-34.715665
EDUARDO COSTA,2024-12-20 17:48:32,5.6,11.2,-8.077665,-34.714665
EDUARDO COSTA,2024-12-20 18:20:34,355.8,11.2,-7.980066,-34.69856
EDUARDO COSTA,2024-12-20 18:23:40,355.3,11.3,-7.970373,-34.697165
EDUARDO COSTA,2024-12-20 21:59:54,351.9,11.3,-7.288358,-34.619533
EDUARDO COSTA,2024-12-20 22:02:14,352.5,11.3,-7.280998,-34.618665
EDUARDO COSTA,2024-12-20 22:29:08,355.3,11.0,-7.197498,-34.608331
EDUARDO COSTA,2024-12-20 22:31:11,355.7,11.1,-7.191195,-34.607495
EDUARDO COSTA,2024-12-20 22:59:51,354.3,11.0,-7.102936,-34.596451
EDUARDO COSTA,2024-12-20 23:40:14,327.6,11.2,-6.980665,-34.617498
EDUARDO COSTA,2024-12-20 23:44:48,326.9,11.3,-6.967165,-34.622165
EDUARDO COSTA,2024-12-20 23:50:37,327.4,11.3,-6.949665,-34.628331
EDUARDO COSTA,2024-12-21 00:32:58,333.6,11.4,-6.820331,-34.666498
EDUARDO COSTA,2024-12-21 00:48:40,335.7,11.5,-6.771401,-34.678186
EDUARDO COSTA,2024-12-21 00:49:40,333.9,11.5,-6.76828,-34.678891
EDUARDO COSTA,2024-12-21 00:50:14,334.7,11.4,-6.766506,-34.679295
EDUARDO COSTA,2024-12-21 00:50:20,334.9,11.5,-6.766198,-34.67937
EDUARDO COSTA,2024-12-21 00:51:10,334.3,11.4,-6.7636,-34.679958
EDUARDO COSTA,2024-12-21 00:51:13,334.9,11.4,-6.76339,-34.68001
EDUARDO COSTA,2024-12-21 00:51:50,334.6,11.4,-6.761516,-34.68042
EDUARDO COSTA,2024-12-21 00:52:37,334.2,11.4,-6.758998,-34.680998
EDUARDO COSTA,2024-12-21 00:53:03,334.8,11.4,-6.757661,-34.681251
EDUARDO COSTA,2024-12-21 00:53:06,334.6,11.4,-6.757498,-34.681331
EDUARDO COSTA,2024-12-21 00:53:17,334.1,11.4,-6.756998,-34.681331
EDUARDO COSTA,2024-12-21 00:53:20,334.5,11.4,-6.756826,-34.681421
EDUARDO COSTA,2024-12-21 03:13:47,324.7,11.2,-6.327623,-34.829286
EDUARDO COSTA,2024-12-21 04:57:29,332.2,11.9,-6.002275,-34.921255
EDUARDO COSTA,2024-12-21 04:59:03,333.2,11.9,-5.997203,-34.922463
EDUARDO COSTA,2024-12-21 04:59:45,332.9,11.9,-5.994925,-34.92299
EDUARDO COSTA,2024-12-21 05:26:49,334.2,11.7,-5.907331,-34.944331
EDUARDO COSTA,2024-12-21 05:30:03,333.6,11.8,-5.896925,-34.946773
EDUARDO COSTA,2024-12-21 05:32:44,332.8,11.8,-5.888331,-34.948831
EDUARDO COSTA,2024-12-21 05:35:19,332.6,11.8,-5.879831,-34.950998
EDUARDO COSTA,2024-12-21 05:37:20,335.4,11.9,-5.873331,-34.952498
EDUARDO COSTA,2024-12-21 06:05:55,331.2,12.0,-5.780895,-34.977351
EDUARDO COSTA,2024-12-21 06:10:48,330.3,12.0,-5.765165,-34.981665
EDUARDO COSTA,2024-12-21 06:39:29,331.4,11.7,-5.673276,-35.00691
EDUARDO COSTA,2024-12-21 09:26:07,331.2,11.5,-5.146065,-35.124321
EDUARDO COSTA,2024-12-21 10:19:25,310.5,11.5,-4.990331,-35.185331
EDUARDO COSTA,2024-12-21 10:23:05,311.3,11.5,-4.980665,-35.191998
EDUARDO COSTA,2024-12-21 10:26:48,311.5,11.6,-4.970998,-35.198998
EDUARDO COSTA,2024-12-21 11:10:08,284.4,11.4,-4.885995,-35.305978
EDUARDO COSTA,2024-12-21 11:11:20,283.9,11.4,-4.884165,-35.309331
EDUARDO COSTA,2024-12-21 11:50:09,284.8,11.5,-4.826165,-35.419665
EDUARDO COSTA,2024-12-21 11:50:58,285.2,11.5,-4.824958,-35.421881
EDUARDO COSTA,2024-12-21 11:51:12,285.2,11.5,-4.824588,-35.422533
EDUARDO COSTA,2024-12-21 11:51:28,284.6,11.4,-4.824136,-35.423325
EDUARDO COSTA,2024-12-21 11:51:31,285.9,11.5,-4.824063,-35.423466
EDUARDO COSTA,2024-12-21 11:51:32,285.9,11.5,-4.824063,-35.423466
EDUARDO COSTA,2024-12-21 11:52:08,284.2,11.4,-4.82312,-35.425145
EDUARDO COSTA,2024-12-21 11:53:08,284.4,11.4,-4.821545,-35.427933
EDUARDO COSTA,2024-12-21 11:53:25,284.7,11.4,-4.821165,-35.428665
EDUARDO COSTA,2024-12-21 11:53:28,285.1,11.5,-4.821015,-35.42886
EDUARDO COSTA,2024-12-21 11:54:58,285.0,11.5,-4.818665,-35.433165
EDUARDO COSTA,2024-12-21 11:57:37,286.5,11.4,-4.814331,-35.440498
EDUARDO COSTA,2024-12-21 12:06:28,285.2,11.5,-4.800308,-35.465153
EDUARDO COSTA,2024-12-21 12:10:22,285.3,11.4,-4.794183,-35.476001
EDUARDO COSTA,2024-12-21 12:12:47,285.2,11.4,-4.790331,-35.482665
EDUARDO COSTA,2024-12-21 12:34:08,285.8,11.5,-4.756646,-35.542243
EDUARDO COSTA,2024-12-21 12:35:58,285.8,11.5,-4.753723,-35.547331
EDUARDO COSTA,2024-12-21 12:36:55,284.8,11.5,-4.752165,-35.549998
EDUARDO COSTA,2024-12-21 12:37:01,285.3,11.4,-4.752046,-35.5503
EDUARDO COSTA,2024-12-21 12:37:35,285.3,11.4,-4.751165,-35.551831
EDUARDO COSTA,2024-12-21 12:38:01,284.9,11.5,-4.750493,-35.553096
EDUARDO COSTA,2024-12-21 12:38:08,285.4,11.4,-4.75034,-35.553376
EDUARDO COSTA,2024-12-21 12:38:11,285.0,11.5,-4.750331,-35.553498
EDUARDO COSTA,2024-12-21 12:39:47,285.0,11.5,-4.747831,-35.557998
EDUARDO COSTA,2024-12-21 16:09:22,281.1,12.5,-4.391498,-36.179831
EDUARDO COSTA,2024-12-21 16:10:10,281.6,12.5,-4.390331,-36.182498
EDUARDO COSTA,2024-12-21 16:23:20,284.7,12.4,-4.368905,-36.222815
EDUARDO COSTA,2024-12-21 16:26:06,285.1,12.4,-4.364275,-36.231203
EDUARDO COSTA,2024-12-21 16:26:13,285.9,12.3,-4.364165,-36.231498
EDUARDO COSTA,2024-12-21 16:26:26,285.0,12.3,-4.363726,-36.232221
EDUARDO COSTA,2024-12-21 16:26:33,284.5,12.4,-4.363498,-36.232498
EDUARDO COSTA,2024-12-21 16:27:06,285.6,12.4,-4.362611,-36.234245
EDUARDO COSTA,2024-12-21 16:27:15,284.3,12.4,-4.362331,-36.234665
EDUARDO COSTA,2024-12-21 16:27:26,284.7,12.5,-4.362061,-36.235261
EDUARDO COSTA,2024-12-21 16:28:06,284.7,12.4,-4.360961,-36.237293
EDUARDO COSTA,2024-12-21 16:28:15,285.9,12.4,-4.360665,-36.237831
EDUARDO COSTA,2024-12-21 16:28:36,285.9,12.4,-4.360098,-36.238865
EDUARDO COSTA,2024-12-21 16:29:10,285.5,12.3,-4.35917,-36.240533
EDUARDO COSTA,2024-12-21 16:29:28,285.5,12.3,-4.358723,-36.241345
EDUARDO COSTA,2024-12-21 16:40:50,286.0,12.4,-4.339498,-36.275665
EDUARDO COSTA,2024-12-21 16:46:26,284.5,12.6,-4.329998,-36.292665
EDUARDO COSTA,2024-12-21 16:48:42,286.4,12.4,-4.326208,-36.299625
EDUARDO COSTA,2024-12-21 17:17:20,286.1,12.5,-4.278165,-36.386831
EDUARDO COSTA,2024-12-21 17:20:00,285.3,12.5,-4.273831,-36.394998
EDUARDO COSTA,2024-12-21 17:20:42,284.3,12.6,-4.272665,-36.397165
EDUARDO COSTA,2024-12-21 17:23:22,284.7,12.5,-4.268165,-36.405331
EDUARDO COSTA,2024-12-21 17:47:29,285.7,12.2,-4.228061,-36.478196
EDUARDO COSTA,2024-12-21 17:49:34,286.4,12.1,-4.224665,-36.484498
EDUARDO COSTA,2024-12-21 17:52:40,285.2,12.1,-4.219498,-36.493665
EDUARDO COSTA,2024-12-21 19:11:18,288.0,12.0,-4.086831,-36.722998
EDUARDO COSTA,2024-12-21 22:42:45,285.7,12.4,-3.735498,-37.347831
EDUARDO COSTA,2024-12-21 22:45:49,285.1,12.4,-3.73042,-37.35707
EDUARDO COSTA,2024-12-21 22:49:33,285.8,12.4,-3.72413,-37.36839
EDUARDO COSTA,2024-12-21 23:13:42,286.3,12.4,-3.682961,-37.441288
EDUARDO COSTA,2024-12-21 23:17:29,286.8,12.5,-3.676491,-37.452641
EDUARDO COSTA,2024-12-21 23:20:02,286.8,12.4,-3.67208,-37.460378
EDUARDO COSTA,2024-12-21 23:34:58,286.9,12.5,-3.646291,-37.505408
EDUARDO COSTA,2024-12-21 23:37:19,287.7,12.5,-3.64224,-37.512515
EDUARDO COSTA,2024-12-22 04:04:01,280.7,12.4,-3.175498,-38.314998
EDUARDO COSTA,2024-12-22 04:31:09,284.8,12.3,-3.13507,-38.399903
EDUARDO COSTA,2024-12-22 05:04:48,284.1,12.6,-3.078806,-38.503095
EDUARDO COSTA,2024-12-22 05:06:49,285.1,12.7,-3.07548,-38.509336
EDUARDO COSTA,2024-12-22 05:41:52,284.8,12.6,-3.016998,-38.617998
EDUARDO COSTA,2024-12-22 05:46:21,286.0,12.6,-3.009475,-38.631916
EDUARDO COSTA,2024-12-22 09:24:06,284.8,11.8,-2.627998,-39.291165
EDUARDO COSTA,2024-12-22 10:10:24,285.3,11.8,-2.554665,-39.424998
EDUARDO COSTA,2024-12-22 10:12:41,285.6,11.8,-2.550998,-39.431498
EDUARDO COSTA,2024-12-22 10:15:08,284.9,11.8,-2.547211,-39.438615
EDUARDO COSTA,2024-12-22 11:06:11,283.2,11.9,-2.469498,-39.588498
EDUARDO COSTA,2024-12-22 11:06:12,283.2,11.9,-2.469498,-39.588498
EDUARDO COSTA,2024-12-22 11:09:56,283.5,11.9,-2.463831,-39.599331
EDUARDO COSTA,2024-12-22 11:11:31,283.7,11.9,-2.461435,-39.604143
EDUARDO COSTA,2024-12-22 11:14:18,283.3,11.9,-2.457165,-39.612331
EDUARDO COSTA,2024-12-22 11:35:16,284.5,11.8,-2.425331,-39.673498
EDUARDO COSTA,2024-12-22 11:39:05,283.9,11.8,-2.419498,-39.684665
EDUARDO COSTA,2024-12-22 11:39:47,284.0,11.8,-2.418498,-39.686831
EDUARDO COSTA,2024-12-22 11:40:20,284.7,11.8,-2.417665,-39.688331
EDUARDO COSTA,2024-12-22 11:41:09,284.5,11.8,-2.416498,-39.690831
EDUARDO COSTA,2024-12-22 11:54:22,284.6,11.7,-2.396546,-39.729406
EDUARDO COSTA,2024-12-22 13:38:55,262.9,11.6,-2.330331,-40.057831
EDUARDO COSTA,2024-12-22 15:44:02,260.8,11.5,-2.290383,-40.460121
EDUARDO COSTA,2024-12-22 16:15:19,260.9,11.4,-2.279488,-40.558821
EDUARDO COSTA,2024-12-22 16:17:48,261.1,11.3,-2.278831,-40.566665
EDUARDO COSTA,2024-12-22 16:19:56,260.3,11.3,-2.278331,-40.573331
EDUARDO COSTA,2024-12-22 16:41:00,260.5,11.3,-2.273331,-40.639498
EDUARDO COSTA,2024-12-22 16:41:40,261.2,11.3,-2.273165,-40.641665
EDUARDO COSTA,2024-12-22 16:41:46,262.4,11.4,-2.273165,-40.641831
EDUARDO COSTA,2024-12-22 16:42:44,260.9,11.4,-2.272831,-40.644998
EDUARDO COSTA,2024-12-22 16:42:46,261.7,11.3,-2.272831,-40.644998
EDUARDO COSTA,2024-12-22 16:42:50,259.3,11.3,-2.272831,-40.645331
EDUARDO COSTA,2024-12-22 16:43:08,260.1,11.3,-2.272831,-40.646165
EDUARDO COSTA,2024-12-22 16:43:17,260.9,11.4,-2.272755,-40.646678
EDUARDO COSTA,2024-12-22 16:43:46,259.7,11.3,-2.272665,-40.648165
EDUARDO COSTA,2024-12-22 16:44:54,259.5,11.3,-2.272331,-40.651831
EDUARDO COSTA,2024-12-22 16:45:00,260.1,11.4,-2.27236,-40.652141
EDUARDO COSTA,2024-12-22 16:45:20,260.3,11.3,-2.272278,-40.653191
EDUARDO COSTA,2024-12-22 16:45:24,260.0,11.4,-2.272331,-40.653331
EDUARDO COSTA,2024-12-22 16:46:00,258.6,11.4,-2.272165,-40.655165
EDUARDO COSTA,2024-12-22 16:46:04,260.1,11.4,-2.272165,-40.655498
EDUARDO COSTA,2024-12-22 16:46:10,258.4,11.4,-2.272165,-40.655831
EDUARDO COSTA,2024-12-22 17:24:35,259.6,11.4,-2.264165,-40.776498
EDUARDO COSTA,2024-12-22 17:28:32,259.7,11.3,-2.263501,-40.788943
EDUARDO COSTA,2024-12-22 17:30:58,260.9,11.5,-2.262998,-40.796665
EDUARDO COSTA,2024-12-22 22:17:46,261.2,10.9,-2.194331,-41.701498
EDUARDO COSTA,2024-12-22 22:36:51,265.2,11.1,-2.18792,-41.759976
EDUARDO COSTA,2024-12-22 23:57:58,262.2,11.6,-2.173665,-42.018165
EDUARDO COSTA,2024-12-23 00:16:42,266.1,11.6,-2.166083,-42.078483
EDUARDO COSTA,2024-12-23 01:05:45,263.7,11.5,-2.120831,-42.229331
EDUARDO COSTA,2024-12-23 01:06:25,264.4,11.5,-2.120498,-42.231331
EDUARDO COSTA,2024-12-23 01:22:42,263.7,11.3,-2.113913,-42.282765
EDUARDO COSTA,2024-12-23 01:25:38,263.4,11.3,-2.112665,-42.291831
EDUARDO COSTA,2024-12-23 01:25:41,263.5,11.3,-2.112665,-42.292165
EDUARDO COSTA,2024-12-23 04:03:35,264.5,11.0,-2.067165,-42.777665
EDUARDO COSTA,2024-12-23 04:06:48,262.2,11.0,-2.06587,-42.787588
EDUARDO COSTA,2024-12-23 04:09:31,265.7,11.0,-2.064831,-42.795831
EDUARDO COSTA,2024-12-23 04:36:42,263.4,11.1,-2.053256,-42.878985
EDUARDO COSTA,2024-12-23 04:39:42,263.6,11.1,-2.051998,-42.888165
EDUARDO COSTA,2024-12-23 04:40:01,262.4,11.2,-2.051998,-42.889165
EDUARDO COSTA,2024-12-23 04:41:49,261.6,11.1,-2.051378,-42.894646
EDUARDO COSTA,2024-12-23 04:46:53,260.2,11.1,-2.049766,-42.910183
EDUARDO COSTA,2024-12-23 05:10:42,263.0,10.8,-2.041665,-42.982831
EDUARDO COSTA,2024-12-23 05:14:59,263.6,11.1,-2.040076,-42.99581
EDUARDO COSTA,2024-12-23 06:27:39,265.2,10.9,-2.011538,-43.215873
EDUARDO COSTA,2024-12-23 06:32:22,262.2,10.9,-2.010331,-43.230165
EDUARDO COSTA,2024-12-23 09:14:58,263.0,11.3,-1.968611,-43.724875
EDUARDO COSTA,2024-12-23 10:05:26,88.0,9.6,-1.966665,-43.716331
EDUARDO COSTA,2024-12-23 10:08:21,85.9,9.6,-1.968123,-43.708611
EDUARDO COSTA,2024-12-23 10:10:32,84.6,9.6,-1.968918,-43.702865
EDUARDO COSTA,2024-12-23 10:35:12,88.5,9.3,-1.977998,-43.638165
EDUARDO COSTA,2024-12-23 10:50:25,253.6,10.6,-1.969498,-43.636165
EDUARDO COSTA,2024-12-23 10:58:05,257.6,11.6,-1.969665,-43.660331
EDUARDO COSTA,2024-12-23 11:24:25,256.8,11.9,-1.967165,-43.746998
EDUARDO COSTA,2024-12-23 11:46:40,81.1,8.5,-1.959498,-43.774665
EDUARDO COSTA,2024-12-23 11:48:40,82.7,8.8,-1.959831,-43.769831
EDUARDO COSTA,2024-12-23 11:51:40,83.3,9.0,-1.960498,-43.762331
EDUARDO COSTA,2024-12-23 12:17:59,295.7,8.7,-1.954165,-43.708665
EDUARDO COSTA,2024-12-23 12:57:35,249.4,11.8,-1.970498,-43.833165
EDUARDO COSTA,2024-12-23 12:57:51,248.7,11.8,-1.970498,-43.833998
EDUARDO COSTA,2024-12-23 12:58:35,247.5,11.8,-1.970831,-43.836331
EDUARDO COSTA,2024-12-23 12:59:35,248.6,11.8,-1.971331,-43.839665
EDUARDO COSTA,2024-12-23 13:00:35,249.2,11.9,-1.971831,-43.842831
EDUARDO COSTA,2024-12-23 13:01:55,249.3,11.8,-1.972331,-43.847165
EDUARDO COSTA,2024-12-23 13:08:42,247.6,11.8,-1.975795,-43.86932
EDUARDO COSTA,2024-12-23 13:09:28,246.5,11.9,-1.97619,-43.871818
EDUARDO COSTA,2024-12-23 13:09:35,248.1,11.9,-1.976331,-43.872165
EDUARDO COSTA,2024-12-23 13:09:42,247.3,11.8,-1.976303,-43.87258
EDUARDO COSTA,2024-12-23 13:11:28,247.9,11.8,-1.97719,-43.878346
EDUARDO COSTA,2024-12-23 13:11:48,248.2,11.8,-1.977351,-43.879436
EDUARDO COSTA,2024-12-23 14:40:36,251.8,11.4,-1.980998,-43.889331
EDUARDO COSTA,2024-12-23 15:24:07,250.8,11.4,-1.995386,-44.027613
EDUARDO COSTA,2024-12-23 15:46:56,193.7,8.8,-2.024218,-44.085448
EDUARDO COSTA,2024-12-23 15:49:00,193.8,8.8,-2.028746,-44.087831
EDUARDO COSTA,2024-12-23 16:23:53,200.3,5.7,-2.086235,-44.121385
EDUARDO COSTA,2024-12-23 16:27:57,199.3,5.7,-2.091688,-44.125003
EDUARDO COSTA,2024-12-23 16:30:19,197.2,5.7,-2.094948,-44.126955
EDUARDO COSTA,2024-12-23 17:00:50,201.9,6.1,-2.136331,-44.153331
EDUARDO COSTA,2024-12-23 17:03:11,202.4,6.0,-2.139498,-44.155665
EDUARDO COSTA,2024-12-23 17:04:50,204.7,6.0,-2.14179,-44.157265
EDUARDO COSTA,2024-12-23 17:08:00,211.8,5.8,-2.145691,-44.160755
EDUARDO COSTA,2024-12-23 17:37:20,204.0,5.7,-2.180831,-44.192831
EDUARDO COSTA,2024-12-23 18:34:39,197.9,5.7,-2.257088,-44.239368
EDUARDO COSTA,2024-12-23 22:26:51,162.8,4.3,-2.537331,-44.386165
EDUARDO COSTA,2024-12-23 22:28:01,165.4,4.5,-2.538788,-44.386051
EDUARDO COSTA,2024-12-23 22:55:52,133.2,2.5,-2.569331,-44.383165
EDUARDO COSTA,2024-12-23 22:58:50,100.6,1.9,-2.570446,-44.38171
EDUARDO COSTA,2024-12-23 23:18:21,125.4,0.0,-2.570665,-44.377498
EDUARDO COSTA,2024-12-23 23:20:30,125.4,0.0,-2.570665,-44.377498
EDUARDO COSTA,2024-12-24 05:19:09,125.2,0.0,-2.570646,-44.377371
EDUARDO COSTA,2024-12-24 05:28:07,125.2,0.0,-2.570665,-44.377331
EDUARDO COSTA,2024-12-24 10:46:08,125.5,0.0,-2.570665,-44.377331
EDUARDO COSTA,2024-12-24 12:49:07,125.0,0.0,-2.570665,-44.377331
EDUARDO COSTA,2024-12-24 17:13:05,125.5,0.0,-2.570665,-44.377331
EDUARDO COSTA,2024-12-24 23:07:08,125.5,0.0,-2.570598,-44.377403
EDUARDO COSTA,2024-12-25 16:07:08,125.5,0.0,-2.570665,-44.377331
EDUARDO COSTA,2024-12-25 22:10:10,125.4,0.0,-2.570665,-44.377331
EDUARDO COSTA,2024-12-26 00:25:08,125.0,0.0,-2.5706,-44.37745
EDUARDO COSTA,2024-12-26 03:55:08,124.9,0.0,-2.570665,-44.377331
EDUARDO COSTA,2024-12-26 04:28:09,125.7,0.0,-2.570665,-44.377331
EDUARDO COSTA,2024-12-27 14:44:24,20.8,10.3,-2.415636,-44.331001
EDUARDO COSTA,2024-12-27 14:48:13,21.2,10.2,-2.406498,-44.324998
EDUARDO COSTA,2024-12-27 15:15:34,17.6,10.0,-2.341998,-44.285665
EDUARDO COSTA,2024-12-27 15:18:14,17.6,10.2,-2.335498,-44.281831
EDUARDO COSTA,2024-12-27 15:24:14,16.0,10.1,-2.320665,-44.273498
EDUARDO COSTA,2024-12-27 15:55:04,19.1,9.3,-2.250998,-44.227498
EDUARDO COSTA,2024-12-27 16:18:50,17.0,9.9,-2.19645,-44.193046
EDUARDO COSTA,2024-12-27 19:19:50,75.4,12.1,-1.96378,-43.74342
EDUARDO COSTA,2024-12-27 21:52:03,84.7,11.9,-2.021761,-43.243128
EDUARDO COSTA,2024-12-27 21:53:37,85.8,11.9,-2.022476,-43.237926
EDUARDO COSTA,2024-12-27 21:57:17,81.5,11.8,-2.024165,-43.225831
EDUARDO COSTA,2024-12-27 23:55:34,82.1,11.3,-2.06893,-42.84612
EDUARDO COSTA,2024-12-28 02:31:54,80.9,10.8,-2.124046,-42.376796
EDUARDO COSTA,2024-12-28 02:34:23,81.2,10.8,-2.124498,-42.369331
EDUARDO COSTA,2024-12-28 03:03:11,80.8,10.8,-2.12989,-42.283725
EDUARDO COSTA,2024-12-28 03:05:29,81.4,10.7,-2.130413,-42.276741
EDUARDO COSTA,2024-12-28 03:39:44,81.0,10.7,-2.139498,-42.174998
EDUARDO COSTA,2024-12-28 03:45:37,82.3,10.7,-2.141165,-42.157331
EDUARDO COSTA,2024-12-28 04:18:47,84.6,10.9,-2.152631,-42.058873
EDUARDO COSTA,2024-12-28 07:39:56,83.7,11.2,-2.215088,-41.434078
EDUARDO COSTA,2024-12-28 07:45:00,83.9,11.0,-2.216708,-41.418536
EDUARDO COSTA,2024-12-28 09:05:49,83.4,10.5,-2.249306,-41.179503
EDUARDO COSTA,2024-12-28 09:20:50,83.3,10.6,-2.254331,-41.135808
EDUARDO COSTA,2024-12-28 11:50:55,82.2,10.7,-2.280498,-40.691665
EDUARDO COSTA,2024-12-28 11:51:55,80.1,10.8,-2.280831,-40.688665
EDUARDO COSTA,2024-12-28 11:52:55,79.6,10.7,-2.280998,-40.685665
EDUARDO COSTA,2024-12-28 11:53:19,79.9,10.8,-2.280998,-40.684498
EDUARDO COSTA,2024-12-28 11:55:19,79.8,10.8,-2.281498,-40.678498
EDUARDO COSTA,2024-12-28 11:55:23,79.4,10.9,-2.281498,-40.678331
EDUARDO COSTA,2024-12-28 11:55:39,79.2,10.9,-2.281498,-40.677498
EDUARDO COSTA,2024-12-28 14:14:52,82.0,10.7,-2.310998,-40.257498
EDUARDO COSTA,2024-12-28 14:16:59,82.0,10.7,-2.311506,-40.251156
EDUARDO COSTA,2024-12-28 14:20:59,81.4,10.7,-2.312411,-40.239286
EDUARDO COSTA,2024-12-28 14:50:35,81.3,10.7,-2.31871,-40.151688
EDUARDO COSTA,2024-12-28 15:27:19,80.6,10.6,-2.326463,-40.04245
EDUARDO COSTA,2024-12-28 15:30:42,82.0,10.6,-2.32717,-40.032471
EDUARDO COSTA,2024-12-28 19:12:31,108.7,10.6,-2.559673,-39.4334
EDUARDO COSTA,2024-12-28 19:41:25,108.4,10.7,-2.603981,-39.360036
EDUARDO COSTA,2024-12-28 19:43:00,108.2,10.7,-2.606431,-39.355955
EDUARDO COSTA,2024-12-28 20:02:00,105.5,11.0,-2.635643,-39.306976
EDUARDO COSTA,2024-12-28 20:51:17,103.0,10.3,-2.701285,-39.173335
EDUARDO COSTA,2024-12-28 20:53:53,100.8,10.2,-2.704498,-39.166498
EDUARDO COSTA,2024-12-28 20:58:24,105.7,10.3,-2.710165,-39.155165
EDUARDO COSTA,2024-12-28 21:00:54,106.7,10.3,-2.713665,-39.148831
EDUARDO COSTA,2024-12-28 21:31:21,109.3,9.8,-2.760011,-39.075328
EDUARDO COSTA,2024-12-28 21:44:33,109.0,9.9,-2.780351,-39.045161
EDUARDO COSTA,2024-12-28 21:47:37,110.0,9.9,-2.784998,-39.037998
EDUARDO COSTA,2024-12-29 01:21:46,103.1,9.2,-3.064705,-38.537713
EDUARDO COSTA,2024-12-29 01:21:50,104.3,9.2,-3.064775,-38.537555
EDUARDO COSTA,2024-12-29 01:22:50,107.0,9.2,-3.066025,-38.535298
EDUARDO COSTA,2024-12-29 01:22:56,104.4,9.3,-3.066173,-38.535085
EDUARDO COSTA,2024-12-29 01:24:30,104.7,9.3,-3.068183,-38.531568
EDUARDO COSTA,2024-12-29 01:26:17,107.4,9.4,-3.070498,-38.527498
EDUARDO COSTA,2024-12-29 01:26:20,109.3,9.4,-3.070563,-38.527425
EDUARDO COSTA,2024-12-29 01:32:44,105.9,9.2,-3.078836,-38.513011
EDUARDO COSTA,2024-12-29 01:37:43,105.5,9.2,-3.08511,-38.50186
EDUARDO COSTA,2024-12-29 02:03:00,105.7,9.2,-3.117535,-38.444918
EDUARDO COSTA,2024-12-29 02:10:35,106.0,9.1,-3.126998,-38.428331
EDUARDO COSTA,2024-12-29 02:12:59,105.2,9.2,-3.130091,-38.4226
EDUARDO COSTA,2024-12-29 02:40:04,105.7,9.5,-3.16553,-38.361663
EDUARDO COSTA,2024-12-29 02:43:16,107.5,9.5,-3.169743,-38.354271
EDUARDO COSTA,2024-12-29 02:45:54,105.1,9.5,-3.173198,-38.348206
EDUARDO COSTA,2024-12-29 02:48:26,106.1,9.4,-3.176556,-38.342346
EDUARDO COSTA,2024-12-29 03:13:31,108.3,9.2,-3.20911,-38.285425
EDUARDO COSTA,2024-12-29 03:23:10,106.1,9.0,-3.221255,-38.263755
EDUARDO COSTA,2024-12-29 03:49:24,103.9,9.1,-3.253165,-38.205165
EDUARDO COSTA,2024-12-29 05:49:53,106.4,9.5,-3.403701,-37.937731
EDUARDO COSTA,2024-12-29 08:12:41,106.0,10.0,-3.594926,-37.598546
EDUARDO COSTA,2024-12-29 08:27:30,104.2,9.9,-3.614283,-37.561933
EDUARDO COSTA,2024-12-29 09:14:58,106.2,9.9,-3.679901,-37.446615
EDUARDO COSTA,2024-12-29 09:16:19,107.8,10.1,-3.681778,-37.443393
EDUARDO COSTA,2024-12-29 09:17:52,107.6,10.1,-3.683968,-37.439596
EDUARDO COSTA,2024-12-29 09:22:23,106.4,10.0,-3.690331,-37.428665
EDUARDO COSTA,2024-12-29 13:09:54,106.7,10.1,-4.001533,-36.877483
EDUARDO COSTA,2024-12-29 13:11:51,107.7,9.9,-4.004331,-36.872831
EDUARDO COSTA,2024-12-29 13:12:11,108.2,9.9,-4.004831,-36.871998
EDUARDO COSTA,2024-12-29 13:15:21,107.8,10.0,-4.009498,-36.864498
EDUARDO COSTA,2024-12-29 13:52:30,109.0,10.2,-4.063498,-36.774998
EDUARDO COSTA,2024-12-29 13:56:14,108.4,10.1,-4.068831,-36.765998
EDUARDO COSTA,2024-12-29 13:57:31,107.3,10.1,-4.070831,-36.762831
EDUARDO COSTA,2024-12-29 14:24:38,107.0,10.5,-4.110036,-36.69629
EDUARDO COSTA,2024-12-29 14:28:18,107.3,10.4,-4.115441,-36.687093
EDUARDO COSTA,2024-12-29 14:31:35,108.0,10.2,-4.120201,-36.679026
EDUARDO COSTA,2024-12-29 14:34:15,107.4,10.2,-4.124165,-36.672331
EDUARDO COSTA,2024-12-29 14:38:22,106.1,10.3,-4.13014,-36.662201
EDUARDO COSTA,2024-12-29 16:18:22,103.5,9.9,-4.265998,-36.408998
EDUARDO COSTA,2024-12-29 16:23:42,106.7,10.0,-4.272831,-36.395831
EDUARDO COSTA,2024-12-29 16:40:54,108.2,9.9,-4.307735,-36.332923
EDUARDO COSTA,2024-12-29 16:41:35,107.2,9.9,-4.308665,-36.331331
EDUARDO COSTA,2024-12-29 16:43:12,108.2,9.9,-4.310985,-36.327396
EDUARDO COSTA,2024-12-29 19:53:09,106.8,10.2,-4.564996,-35.87755
EDUARDO COSTA,2024-12-29 20:26:42,106.6,10.8,-4.616003,-35.791738
EDUARDO COSTA,2024-12-29 20:28:44,105.2,10.8,-4.618966,-35.786385
EDUARDO COSTA,2024-12-29 20:51:02,101.4,11.3,-4.647831,-35.723998
EDUARDO COSTA,2024-12-29 21:37:14,108.3,11.1,-4.711165,-35.595831
EDUARDO COSTA,2024-12-29 21:44:21,109.0,10.9,-4.722435,-35.577275
EDUARDO COSTA,2024-12-30 00:34:35,138.2,10.7,-5.01416,-35.155591
EDUARDO COSTA,2024-12-30 00:50:18,155.7,10.9,-5.060251,-35.143938
EDUARDO COSTA,2024-12-30 00:51:48,155.8,10.8,-5.064715,-35.143115
EDUARDO COSTA,2024-12-30 00:51:58,157.9,10.7,-5.065201,-35.14302
EDUARDO COSTA,2024-12-30 00:52:05,156.7,10.8,-5.065498,-35.142998
EDUARDO COSTA,2024-12-30 00:52:08,156.6,10.8,-5.06569,-35.142928
EDUARDO COSTA,2024-12-30 00:52:10,155.9,10.8,-5.065788,-35.142918
EDUARDO COSTA,2024-12-30 00:52:30,156.2,10.8,-5.066778,-35.142743
EDUARDO COSTA,2024-12-30 00:52:35,156.9,10.8,-5.066998,-35.142665
EDUARDO COSTA,2024-12-30 00:52:45,156.2,10.8,-5.067498,-35.142665
EDUARDO COSTA,2024-12-30 00:52:50,155.6,10.8,-5.067803,-35.14259
EDUARDO COSTA,2024-12-30 00:53:00,156.1,10.9,-5.06831,-35.142503
EDUARDO COSTA,2024-12-30 00:53:34,155.5,10.8,-5.070043,-35.142178
EDUARDO COSTA,2024-12-30 00:53:44,155.8,10.9,-5.070486,-35.142085
EDUARDO COSTA,2024-12-30 00:53:57,158.0,10.9,-5.071165,-35.141998
EDUARDO COSTA,2024-12-30 01:08:11,156.3,10.7,-5.112951,-35.134566
EDUARDO COSTA,2024-12-30 01:12:28,157.9,10.8,-5.125683,-35.132241
EDUARDO COSTA,2024-12-30 01:18:54,157.3,10.7,-5.144831,-35.128665
EDUARDO COSTA,2024-12-30 01:42:31,150.3,10.7,-5.21368,-35.11181
EDUARDO COSTA,2024-12-30 01:44:48,149.6,10.8,-5.220331,-35.109831
EDUARDO COSTA,2024-12-30 01:47:31,149.3,10.8,-5.22827,-35.10761
EDUARDO COSTA,2024-12-30 02:13:32,150.0,10.7,-5.303331,-35.086498
EDUARDO COSTA,2024-12-30 02:16:21,152.7,10.6,-5.311501,-35.084373
EDUARDO COSTA,2024-12-30 02:20:28,150.7,10.7,-5.323433,-35.081115
EDUARDO COSTA,2024-12-30 02:25:25,149.7,10.7,-5.337718,-35.07728
EDUARDO COSTA,2024-12-30 02:50:58,151.9,10.7,-5.41144,-35.057633
EDUARDO COSTA,2024-12-30 02:55:02,151.4,10.7,-5.423165,-35.054498
EDUARDO COSTA,2024-12-30 03:24:01,145.8,10.4,-5.502866,-35.024266
EDUARDO COSTA,2024-12-30 03:26:28,143.8,10.6,-5.509638,-35.021681
EDUARDO COSTA,2024-12-30 06:30:42,148.7,10.8,-6.040165,-34.888998
EDUARDO COSTA,2024-12-30 07:06:51,144.8,10.9,-6.143165,-34.849831
EDUARDO COSTA,2024-12-30 07:27:04,148.5,10.9,-6.20082,-34.828203
EDUARDO COSTA,2024-12-30 08:15:31,151.7,10.8,-6.341498,-34.786165
EDUARDO COSTA,2024-12-30 08:17:31,151.9,10.8,-6.347475,-34.784575
EDUARDO COSTA,2024-12-30 08:17:32,151.9,10.8,-6.347475,-34.784575
EDUARDO COSTA,2024-12-30 08:23:48,152.3,10.7,-6.365798,-34.779941
EDUARDO COSTA,2024-12-30 08:48:18,150.2,10.7,-6.436851,-34.759638
EDUARDO COSTA,2024-12-30 08:53:07,151.0,10.4,-6.4506,-34.75559
EDUARDO COSTA,2024-12-30 08:56:48,151.6,10.5,-6.461008,-34.752711
EDUARDO COSTA,2024-12-30 09:06:58,151.5,10.4,-6.489831,-34.744498
EDUARDO COSTA,2024-12-30 11:27:21,101.2,4.3,-6.821831,-34.551665
EDUARDO COSTA,2024-12-30 11:29:30,100.2,3.1,-6.822646,-34.549505
EDUARDO COSTA,2024-12-30 11:42:46,254.7,0.2,-6.823831,-34.546165
EDUARDO COSTA,2024-12-30 12:17:54,269.3,1.4,-6.821275,-34.558865
EDUARDO COSTA,2024-12-30 12:24:08,269.2,1.3,-6.820735,-34.561335
EDUARDO COSTA,2024-12-30 12:39:54,268.7,1.6,-6.819376,-34.567865
EDUARDO COSTA,2024-12-30 12:50:42,193.9,2.1,-6.818843,-34.572376
EDUARDO COSTA,2024-12-30 13:01:24,176.3,10.2,-6.842646,-34.577651
EDUARDO COSTA,2024-12-30 13:31:01,176.8,10.9,-6.932935,-34.586283
EDUARDO COSTA,2024-12-30 13:34:15,176.3,11.0,-6.942665,-34.588165
EDUARDO COSTA,2024-12-30 13:36:25,177.1,11.1,-6.949241,-34.589453
EDUARDO COSTA,2024-12-30 14:00:51,161.6,10.8,-7.024501,-34.588656
EDUARDO COSTA,2024-12-30 14:03:45,163.7,10.7,-7.033331,-34.587998
EDUARDO COSTA,2024-12-30 17:01:13,173.9,10.4,-7.548026,-34.64837
EDUARDO COSTA,2024-12-30 17:02:39,173.0,10.3,-7.552165,-34.648998
EDUARDO COSTA,2024-12-30 17:02:52,174.3,10.4,-7.552831,-34.648998
EDUARDO COSTA,2024-12-30 17:05:49,173.9,10.4,-7.561331,-34.650165
EDUARDO COSTA,2024-12-30 17:06:19,174.4,10.4,-7.562665,-34.650331
EDUARDO COSTA,2024-12-30 17:41:29,171.3,10.4,-7.664121,-34.659981
EDUARDO COSTA,2024-12-30 18:54:01,171.5,10.6,-7.876498,-34.679498
EDUARDO COSTA,2024-12-30 18:56:12,171.4,10.6,-7.882831,-34.680165
EDUARDO COSTA,2024-12-30 19:53:18,175.6,10.8,-8.052721,-34.698556
EDUARDO COSTA,2024-12-30 20:36:01,181.7,11.0,-8.178665,-34.732998
EDUARDO COSTA,2024-12-30 20:38:19,182.8,10.9,-8.185356,-34.73485
EDUARDO COSTA,2024-12-30 20:40:42,181.6,10.8,-8.192331,-34.736831
EDUARDO COSTA,2024-12-30 20:47:21,182.4,10.9,-8.212191,-34.742588
EDUARDO COSTA,2024-12-30 21:08:55,182.4,11.1,-8.276445,-34.760536
EDUARDO COSTA,2024-12-30 21:37:45,182.6,11.1,-8.362906,-34.785113
EDUARDO COSTA,2024-12-31 00:17:08,185.1,11.9,-8.857565,-34.936191
EDUARDO COSTA,2024-12-31 00:17:48,186.6,11.8,-8.859666,-34.9369
EDUARDO COSTA,2024-12-31 00:41:55,184.1,11.9,-8.936113,-34.962543
EDUARDO COSTA,2024-12-31 00:51:18,178.5,11.9,-8.966241,-34.970936
EDUARDO COSTA,2024-12-31 00:52:38,175.5,11.8,-8.97058,-34.9718
EDUARDO COSTA,2024-12-31 00:52:48,177.5,11.8,-8.971121,-34.971911
EDUARDO COSTA,2024-12-31 01:19:24,189.5,12.0,-9.055595,-34.999563
EDUARDO COSTA,2024-12-31 02:22:59,183.1,12.0,-9.254276,-35.076003
EDUARDO COSTA,2024-12-31 02:25:05,182.4,11.9,-9.261013,-35.077986
EDUARDO COSTA,2024-12-31 02:28:22,183.3,11.9,-9.271616,-35.08109
EDUARDO COSTA,2024-12-31 02:30:35,182.4,12.0,-9.278668,-35.0832
EDUARDO COSTA,2024-12-31 02:32:51,182.0,11.8,-9.285998,-35.085331
EDUARDO COSTA,2024-12-31 05:29:10,185.0,11.7,-9.840761,-35.276213
EDUARDO COSTA,2024-12-31 05:31:50,184.7,11.8,-9.849098,-35.278996
EDUARDO COSTA,2024-12-31 09:09:47,186.7,11.4,-10.519498,-35.510498
EDUARDO COSTA,2024-12-31 13:42:30,184.1,11.6,-11.360128,-35.809063
EDUARDO COSTA,2024-12-31 14:19:22,186.3,11.7,-11.474386,-35.848738
EDUARDO COSTA,2024-12-31 14:21:43,185.6,11.8,-11.481665,-35.851331
EDUARDO COSTA,2024-12-31 14:25:21,185.0,11.7,-11.492893,-35.85532
EDUARDO COSTA,2024-12-31 14:28:07,186.4,11.6,-11.501498,-35.858331
EDUARDO COSTA,2024-12-31 16:38:23,183.9,11.6,-11.906831,-35.997165
EDUARDO COSTA,2024-12-31 16:42:17,184.3,11.7,-11.918835,-36.001333
EDUARDO COSTA,2024-12-31 16:59:51,184.1,11.9,-12.027286,-36.038026
EDUARDO COSTA,2024-12-31 17:01:07,183.3,11.8,-12.031331,-36.039331
EDUARDO COSTA,2024-12-31 19:38:19,184.1,11.6,-12.468383,-36.197461
EDUARDO COSTA,2024-12-31 19:40:27,184.0,11.6,-12.47495,-36.199581
EDUARDO COSTA,2024-12-31 20:28:50,185.3,11.5,-12.624498,-36.249998
EDUARDO COSTA,2024-12-31 20:30:25,185.2,11.5,-12.62928,-36.251708
EDUARDO COSTA,2024-12-31 20:34:59,185.9,11.3,-12.642998,-36.256665
EDUARDO COSTA,2024-12-31 20:37:25,185.0,11.3,-12.649998,-36.259165
EDUARDO COSTA,2025-01-01 00:21:52,185.5,11.4,-13.321165,-36.493998
EDUARDO COSTA,2025-01-01 00:36:04,184.5,11.3,-13.364226,-36.508573
EDUARDO COSTA,2025-01-01 00:53:30,184.5,11.0,-13.415816,-36.526095
EDUARDO COSTA,2025-01-01 00:54:05,184.5,11.0,-13.417498,-36.526665
EDUARDO COSTA,2025-01-01 01:19:51,184.5,11.0,-13.492665,-36.551831
EDUARDO COSTA,2025-01-01 01:21:28,183.4,11.0,-13.49744,-36.553473
EDUARDO COSTA,2025-01-01 01:21:31,183.7,10.9,-13.497665,-36.553498
EDUARDO COSTA,2025-01-01 01:21:34,184.5,11.0,-13.497791,-36.553575
EDUARDO COSTA,2025-01-01 01:28:51,183.9,10.9,-13.519165,-36.560498
EDUARDO COSTA,2025-01-01 01:31:19,184.0,10.8,-13.526276,-36.562835
EDUARDO COSTA,2025-01-01 02:38:12,187.7,11.0,-13.724331,-36.629831
EDUARDO COSTA,2025-01-01 02:41:52,187.5,10.9,-13.734831,-36.633998
EDUARDO COSTA,2025-01-01 03:36:41,187.0,11.5,-13.895665,-36.700165
EDUARDO COSTA,2025-01-01 05:25:41,185.0,11.6,-14.230415,-36.813226
EDUARDO COSTA,2025-01-01 06:12:21,185.4,11.4,-14.372831,-36.863498
EDUARDO COSTA,2025-01-01 06:16:52,184.7,11.6,-14.386583,-36.86821
EDUARDO COSTA,2025-01-01 07:04:42,184.2,11.7,-14.53403,-36.918461
EDUARDO COSTA,2025-01-01 07:08:04,185.8,11.8,-14.544665,-36.921998
EDUARDO COSTA,2025-01-01 07:10:12,183.7,11.7,-14.55122,-36.924241
EDUARDO COSTA,2025-01-01 08:01:33,186.6,12.0,-14.713498,-36.978831
EDUARDO COSTA,2025-01-01 08:02:29,185.8,11.9,-14.716331,-36.979998
EDUARDO COSTA,2025-01-01 08:04:45,185.8,12.0,-14.723498,-36.982665
EDUARDO COSTA,2025-01-01 08:10:45,186.7,12.0,-14.742331,-36.989831
EDUARDO COSTA,2025-01-01 08:31:05,185.8,12.0,-14.806538,-37.013666
EDUARDO COSTA,2025-01-01 08:33:20,186.6,12.0,-14.813545,-37.016335
EDUARDO COSTA,2025-01-01 08:35:50,187.2,12.0,-14.821331,-37.019331
EDUARDO COSTA,2025-01-01 08:38:20,185.5,12.0,-14.829165,-37.022165
EDUARDO COSTA,2025-01-01 09:43:09,187.6,12.0,-15.033831,-37.098331
EDUARDO COSTA,2025-01-01 12:31:37,183.6,12.4,-15.573831,-37.284498
EDUARDO COSTA,2025-01-01 12:38:19,182.5,12.2,-15.595831,-37.291665
EDUARDO COSTA,2025-01-01 13:07:34,186.9,12.2,-15.692165,-37.322498
EDUARDO COSTA,2025-01-01 13:09:13,186.5,12.3,-15.697498,-37.324665
EDUARDO COSTA,2025-01-01 13:09:39,185.5,12.3,-15.698831,-37.325165
EDUARDO COSTA,2025-01-01 13:09:48,186.8,12.2,-15.699331,-37.325331
EDUARDO COSTA,2025-01-01 13:18:58,186.9,12.2,-15.728665,-37.336831
EDUARDO COSTA,2025-01-01 13:22:04,186.4,12.2,-15.738665,-37.340831
EDUARDO COSTA,2025-01-01 13:44:40,186.0,12.1,-15.810665,-37.368831
EDUARDO COSTA,2025-01-01 15:10:29,185.4,12.3,-16.088511,-37.469186
EDUARDO COSTA,2025-01-01 15:37:08,185.0,12.3,-16.175398,-37.49924
EDUARDO COSTA,2025-01-01 15:54:56,184.9,12.3,-16.233768,-37.519816
EDUARDO COSTA,2025-01-01 15:55:07,185.5,12.3,-16.234425,-37.520046
EDUARDO COSTA,2025-01-01 16:52:07,185.5,12.3,-16.419498,-37.587331
EDUARDO COSTA,2025-01-01 16:54:29,186.7,12.4,-16.427058,-37.590156
EDUARDO COSTA,2025-01-01 17:21:41,184.2,12.5,-16.516831,-37.623831
EDUARDO COSTA,2025-01-01 17:31:57,184.0,12.5,-16.551206,-37.635758
EDUARDO COSTA,2025-01-01 17:32:33,185.3,12.5,-16.553201,-37.63645
EDUARDO COSTA,2025-01-01 17:32:39,184.4,12.6,-16.553665,-37.636665
EDUARDO COSTA,2025-01-01 17:35:36,183.8,12.5,-16.563388,-37.64
EDUARDO COSTA,2025-01-01 18:37:08,185.1,12.0,-16.76201,-37.712621
EDUARDO COSTA,2025-01-01 18:41:07,182.6,11.9,-16.774831,-37.716831
EDUARDO COSTA,2025-01-01 19:13:49,184.9,12.1,-16.878305,-37.752876
EDUARDO COSTA,2025-01-01 19:33:30,187.2,12.1,-16.941665,-37.777165
EDUARDO COSTA,2025-01-01 19:39:04,186.9,12.3,-16.959396,-37.784361
EDUARDO COSTA,2025-01-01 20:24:48,184.4,11.9,-17.105498,-37.839665
EDUARDO COSTA,2025-01-01 20:27:10,186.4,12.0,-17.113036,-37.842375
EDUARDO COSTA,2025-01-01 20:29:18,184.4,11.9,-17.119665,-37.844831
EDUARDO COSTA,2025-01-01 20:34:18,185.4,12.0,-17.135498,-37.850331
EDUARDO COSTA,2025-01-01 21:16:59,181.0,11.7,-17.274508,-37.890198
EDUARDO COSTA,2025-01-01 21:23:59,184.6,11.7,-17.296693,-37.89683
EDUARDO COSTA,2025-01-01 22:09:28,184.6,12.5,-17.445331,-37.950831
EDUARDO COSTA,2025-01-01 22:14:41,185.9,12.6,-17.462831,-37.957331
EDUARDO COSTA,2025-01-01 23:47:58,183.9,12.4,-17.767498,-38.066165
EDUARDO COSTA,2025-01-01 23:54:41,182.6,12.4,-17.789831,-38.073498
EDUARDO COSTA,2025-01-02 00:44:37,185.2,12.1,-17.945331,-38.139998
EDUARDO COSTA,2025-01-02 00:46:07,186.7,12.0,-17.949998,-38.141831
EDUARDO COSTA,2025-01-02 01:37:48,193.7,11.9,-18.113331,-38.203165
EDUARDO COSTA,2025-01-02 02:07:58,192.9,11.8,-18.203818,-38.24942
EDUARDO COSTA,2025-01-02 02:55:18,195.1,12.0,-18.343665,-38.326665
EDUARDO COSTA,2025-01-02 05:15:13,192.2,11.7,-18.755498,-38.555165
EDUARDO COSTA,2025-01-02 05:17:53,191.7,11.7,-18.763498,-38.558998
EDUARDO COSTA,2025-01-02 10:25:22,194.8,12.3,-19.682165,-39.079665
EDUARDO COSTA,2025-01-02 10:28:06,193.7,12.2,-19.690551,-39.084333
EDUARDO COSTA,2025-01-02 10:30:16,194.6,12.3,-19.697131,-39.08801
EDUARDO COSTA,2025-01-02 10:50:29,193.2,12.1,-19.756983,-39.123831
EDUARDO COSTA,2025-01-02 10:57:58,193.9,12.3,-19.779665,-39.135831
EDUARDO COSTA,2025-01-02 11:00:58,192.6,12.2,-19.788998,-39.140665
EDUARDO COSTA,2025-01-02 11:34:38,193.5,12.1,-19.89196,-39.192891
EDUARDO COSTA,2025-01-02 12:21:40,196.2,12.0,-20.032265,-39.269498
EDUARDO COSTA,2025-01-02 12:22:03,195.1,12.1,-20.033331,-39.270165
EDUARDO COSTA,2025-01-02 12:23:34,194.7,11.9,-20.037818,-39.272808
EDUARDO COSTA,2025-01-02 14:02:54,208.3,11.8,-20.292498,-39.492998
EDUARDO COSTA,2025-01-02 14:08:24,208.0,12.0,-20.306331,-39.505665
EDUARDO COSTA,2025-01-02 14:12:51,206.7,11.9,-20.31763,-39.515856
EDUARDO COSTA,2025-01-02 16:06:29,207.7,12.3,-20.598998,-39.790331
EDUARDO COSTA,2025-01-02 16:07:13,208.1,12.3,-20.600813,-39.792128
EDUARDO COSTA,2025-01-02 16:07:17,208.4,12.3,-20.600945,-39.792248
EDUARDO COSTA,2025-01-02 16:09:27,207.7,12.3,-20.606455,-39.797625
EDUARDO COSTA,2025-01-02 16:09:29,207.7,12.3,-20.606665,-39.797665
EDUARDO COSTA,2025-01-02 16:10:13,208.7,12.4,-20.608411,-39.799531
EDUARDO COSTA,2025-01-02 16:18:53,209.7,12.5,-20.630496,-39.821145
EDUARDO COSTA,2025-01-02 16:23:49,208.5,12.5,-20.643155,-39.83365
EDUARDO COSTA,2025-01-02 16:26:26,209.0,12.6,-20.649998,-39.840165
EDUARDO COSTA,2025-01-02 17:37:33,205.2,13.2,-20.85154,-40.010371
EDUARDO COSTA,2025-01-02 17:39:49,203.8,13.2,-20.858135,-40.015881
EDUARDO COSTA,2025-01-02 17:42:33,209.6,13.3,-20.865613,-40.023106
EDUARDO COSTA,2025-01-04 20:53:52,2.5,0.0,-22.805498,-43.150665
EDUARDO COSTA,2025-01-05 01:02:52,164.0,0.0,-22.805498,-43.150665
EDUARDO COSTA,2025-01-05 08:05:52,1.9,0.0,-22.805498,-43.150665
EDUARDO COSTA,2025-01-05 19:05:52,2.7,0.0,-22.805498,-43.150665
EDUARDO COSTA,2025-01-05 21:37:17,147.6,7.2,-22.894165,-43.151331
EDUARDO COSTA,2025-01-05 21:39:47,146.3,7.1,-22.898831,-43.149331
EDUARDO COSTA,2025-01-05 23:20:17,194.3,10.4,-23.110665,-43.099665
EDUARDO COSTA,2025-01-05 23:22:00,194.2,10.6,-23.115165,-43.102331
EDUARDO COSTA,2025-01-05 23:25:29,194.3,10.7,-23.124331,-43.107665
EDUARDO COSTA,2025-01-05 23:56:06,236.5,10.3,-23.19894,-43.159096
EDUARDO COSTA,2025-01-06 00:01:30,239.9,10.3,-23.203665,-43.175165
EDUARDO COSTA,2025-01-06 00:26:00,236.2,10.2,-23.226331,-43.247331
EDUARDO COSTA,2025-01-06 00:30:40,238.4,10.1,-23.230665,-43.260831
EDUARDO COSTA,2025-01-06 00:37:37,237.1,10.0,-23.237165,-43.280665
EDUARDO COSTA,2025-01-06 00:56:19,252.5,10.4,-23.250165,-43.335498
EDUARDO COSTA,2025-01-06 00:56:32,253.0,10.5,-23.250331,-43.336165
EDUARDO COSTA,2025-01-06 00:58:33,253.0,10.3,-23.250665,-43.342498
EDUARDO COSTA,2025-01-06 01:00:39,254.2,10.3,-23.250998,-43.348998
EDUARDO COSTA,2025-01-06 01:02:39,254.8,10.4,-23.250998,-43.355165
EDUARDO COSTA,2025-01-06 01:04:33,257.2,10.3,-23.250831,-43.361165
EDUARDO COSTA,2025-01-06 01:08:09,257.0,10.4,-23.250498,-43.372498
EDUARDO COSTA,2025-01-06 01:12:09,255.9,10.3,-23.250165,-43.384998
EDUARDO COSTA,2025-01-06 01:41:06,202.3,9.8,-23.285998,-43.459165
EDUARDO COSTA,2025-01-06 01:41:15,201.6,9.8,-23.286331,-43.459498
EDUARDO COSTA,2025-01-06 02:03:29,224.3,9.4,-23.334998,-43.496498
EDUARDO COSTA,2025-01-06 02:54:59,234.4,10.5,-23.389665,-43.641998
EDUARDO COSTA,2025-01-06 02:58:19,231.3,10.3,-23.393331,-43.651498
EDUARDO COSTA,2025-01-06 03:00:52,231.2,10.4,-23.396498,-43.658831
EDUARDO COSTA,2025-01-06 03:41:45,231.9,10.3,-23.445498,-43.772498
EDUARDO COSTA,2025-01-06 03:46:56,232.4,10.3,-23.451831,-43.786998
EDUARDO COSTA,2025-01-06 03:49:06,230.1,10.3,-23.454498,-43.793165
EDUARDO COSTA,2025-01-06 03:52:06,231.9,10.5,-23.458165,-43.801665
EDUARDO COSTA,2025-01-06 04:40:39,231.4,10.7,-23.515831,-43.942498
EDUARDO COSTA,2025-01-06 04:43:59,232.4,10.8,-23.519998,-43.952331
EDUARDO COSTA,2025-01-06 05:32:15,230.0,10.2,-23.576998,-44.091998
EDUARDO COSTA,2025-01-06 06:29:50,229.0,10.0,-23.653831,-44.253498
EDUARDO COSTA,2025-01-06 07:01:00,230.9,10.2,-23.681331,-44.345998
EDUARDO COSTA,2025-01-06 07:34:56,231.3,10.3,-23.721165,-44.443165
EDUARDO COSTA,2025-01-06 08:17:39,230.8,10.4,-23.771831,-44.565831
EDUARDO COSTA,2025-01-06 08:46:13,232.7,10.2,-23.803665,-44.648998
EDUARDO COSTA,2025-01-06 10:25:50,234.9,9.9,-23.915331,-44.928498
EDUARDO COSTA,2025-01-06 13:35:49,292.1,5.0,-23.979165,-45.443331
EDUARDO COSTA,2025-01-06 13:40:56,296.4,3.1,-23.975831,-45.448165
EDUARDO COSTA,2025-01-06 15:19:37,3.2,7.2,-23.921331,-45.495665
EDUARDO COSTA,2025-01-06 15:48:46,30.8,7.7,-23.870498,-45.451831
EDUARDO COSTA,2025-01-06 15:52:26,33.3,8.2,-23.864831,-45.445331
EDUARDO COSTA,2025-01-07 03:41:29,22.4,0.0,-23.839831,-45.430165
EDUARDO COSTA,2025-01-09 01:35:11,208.7,0.0,-23.801165,-45.384331
EDUARDO COSTA,2025-01-10 15:16:35,208.6,0.0,-23.801106,-45.384288
EDUARDO COSTA,2025-01-10 15:18:55,208.7,0.0,-23.801165,-45.384331
EDUARDO COSTA,2025-01-12 22:05:36,242.8,0.0,-23.838958,-45.426506
EDUARDO COSTA,2025-01-13 01:56:36,154.0,0.2,-23.839198,-45.42638
EDUARDO COSTA,2025-01-15 01:20:34,51.2,0.0,-23.840665,-45.429665
EDUARDO COSTA,2025-01-15 06:32:38,61.0,0.0,-23.840498,-45.429998
EDUARDO COSTA,2025-01-15 06:38:37,56.2,0.0,-23.840506,-45.42987
EDUARDO COSTA,2025-01-16 12:14:37,319.4,0.1,-23.840765,-45.429786
EDUARDO COSTA,2025-01-16 21:02:35,53.6,0.0,-23.840665,-45.429998
EDUARDO COSTA,2025-01-17 04:14:35,58.1,0.0,-23.840331,-45.430165
EDUARDO COSTA,2025-01-17 22:38:35,59.8,0.0,-23.840381,-45.43025
EDUARDO COSTA,2025-01-20 00:47:36,116.8,0.2,-23.838473,-45.426751
EDUARDO COSTA,2025-01-20 05:41:37,163.8,0.1,-23.83884,-45.426638
EDUARDO COSTA,2025-01-20 20:29:37,62.1,0.0,-23.839925,-45.43036
EDUARDO COSTA,2025-01-21 11:10:23,40.9,5.9,-23.829573,-45.404775
EDUARDO COSTA,2025-01-21 19:00:19,28.1,0.0,-23.802335,-45.384966
EDUARDO COSTA,2025-01-22 04:18:17,27.5,0.0,-23.802331,-45.384998
EDUARDO COSTA,2025-01-23 00:06:15,28.0,0.0,-23.802331,-45.384998
EDUARDO COSTA,2025-01-23 08:45:17,220.7,8.2,-23.916998,-45.524498
EDUARDO COSTA,2025-01-23 12:10:15,243.4,9.2,-24.056331,-46.078331
EDUARDO COSTA,2025-01-23 12:13:46,244.6,9.2,-24.058331,-46.087831
EDUARDO COSTA,2025-01-23 12:16:32,245.4,9.2,-24.059831,-46.095331
EDUARDO COSTA,2025-01-23 12:23:42,232.2,8.9,-24.064498,-46.114498
EDUARDO COSTA,2025-01-23 13:13:43,58.7,0.1,-24.101813,-46.160188
EDUARDO COSTA,2025-01-24 04:32:41,164.4,0.0,-24.101165,-46.162165
EDUARDO COSTA,2025-01-25 01:47:40,113.0,0.0,-24.102113,-46.16522
EDUARDO COSTA,2025-01-25 02:23:42,100.6,0.0,-24.102331,-46.165331
EDUARDO COSTA,2025-01-25 11:12:41,274.2,6.9,-24.07439,-46.25578
EDUARDO COSTA,2025-01-25 13:39:01,262.3,6.9,-23.919665,-46.344831
EDUARDO COSTA,2025-01-25 16:55:38,281.3,0.0,-23.918245,-46.365428
EDUARDO COSTA,2025-01-25 16:59:57,281.4,0.0,-23.918245,-46.365428
EDUARDO COSTA,2025-01-25 17:48:40,281.7,0.0,-23.918255,-46.365428
EDUARDO COSTA,2025-01-25 21:40:46,281.2,0.0,-23.918331,-46.365498
EDUARDO COSTA,2025-01-26 00:48:31,279.5,0.0,-23.918286,-46.365403
EDUARDO COSTA,2025-01-26 02:32:01,281.7,0.0,-23.918281,-46.365408
EDUARDO COSTA,2025-01-26 04:13:20,280.8,0.0,-23.918235,-46.365406
EDUARDO COSTA,2025-01-26 09:39:50,281.1,0.0,-23.91824,-46.365423
EDUARDO COSTA,2025-01-26 17:10:59,280.2,0.0,-23.918245,-46.365426
EDUARDO COSTA,2025-01-26 18:55:59,280.4,0.0,-23.918246,-46.365423
EDUARDO COSTA,2025-01-26 20:34:19,280.8,0.0,-23.918263,-46.365423
EDUARDO COSTA,2025-01-27 00:57:11,100.0,9.2,-24.076083,-46.214695
EDUARDO COSTA,2025-01-27 01:28:48,159.0,5.5,-24.095165,-46.134831
EDUARDO COSTA,2025-01-27 02:08:51,238.0,0.0,-24.098826,-46.134298
EDUARDO COSTA,2025-01-27 02:12:00,234.4,0.1,-24.098998,-46.134331
EDUARDO COSTA,2025-01-27 02:12:01,234.4,0.1,-24.098998,-46.134331
EDUARDO COSTA,2025-01-27 02:44:11,245.4,0.0,-24.099331,-46.134288
EDUARDO COSTA,2025-01-27 04:19:11,244.9,0.0,-24.098831,-46.134165
EDUARDO COSTA,2025-01-27 08:09:30,242.8,0.0,-24.098746,-46.134273
EDUARDO COSTA,2025-01-27 10:49:32,234.3,0.0,-24.098331,-46.134498
EDUARDO COSTA,2025-01-27 10:52:01,234.4,0.0,-24.098395,-46.134461
EDUARDO COSTA,2025-01-27 10:57:38,233.7,0.0,-24.098331,-46.134498
EDUARDO COSTA,2025-01-27 19:41:07,52.3,6.1,-24.087903,-46.123335
EDUARDO COSTA,2025-01-27 20:31:27,59.0,11.1,-24.032321,-45.98752
EDUARDO COSTA,2025-01-27 22:19:42,81.4,10.6,-23.963165,-45.692498
EDUARDO COSTA,2025-01-27 22:29:51,81.2,10.7,-23.965331,-45.659665
EDUARDO COSTA,2025-01-27 22:49:54,88.2,10.8,-23.972231,-45.593985
EDUARDO COSTA,2025-01-27 22:53:21,87.6,10.8,-23.974118,-45.582715
EDUARDO COSTA,2025-01-28 00:34:01,90.0,11.0,-24.037498,-45.241998
EDUARDO COSTA,2025-01-28 01:06:38,43.8,11.3,-23.986831,-45.149498
EDUARDO COSTA,2025-01-28 01:33:11,42.8,10.9,-23.940831,-45.074498
EDUARDO COSTA,2025-01-28 02:17:09,43.1,10.3,-23.870788,-44.954828
EDUARDO COSTA,2025-01-28 03:29:22,44.0,10.5,-23.753165,-44.767498
EDUARDO COSTA,2025-01-28 07:09:01,51.9,10.7,-23.387331,-44.171998
EDUARDO COSTA,2025-01-28 07:11:20,54.3,10.7,-23.384608,-44.165045
EDUARDO COSTA,2025-01-28 07:33:51,59.8,10.6,-23.359786,-44.097191
EDUARDO COSTA,2025-01-28 07:39:32,60.3,10.7,-23.354665,-44.079665
EDUARDO COSTA,2025-01-28 08:58:32,64.4,10.5,-23.297665,-43.832498
EDUARDO COSTA,2025-01-28 09:50:32,64.5,10.6,-23.264831,-43.671165
EDUARDO COSTA,2025-01-28 09:53:32,63.5,10.6,-23.262998,-43.661831
EDUARDO COSTA,2025-01-28 14:10:45,74.3,10.8,-23.141731,-42.845525
EDUARDO COSTA,2025-01-28 15:24:22,84.1,10.5,-23.139165,-42.600665
EDUARDO COSTA,2025-01-28 15:29:12,84.3,10.3,-23.140831,-42.585498
EDUARDO COSTA,2025-01-28 15:52:24,86.5,10.3,-23.153665,-42.485831
EDUARDO COSTA,2025-01-28 16:00:11,86.7,10.3,-23.152986,-42.490421
EDUARDO COSTA,2025-01-28 17:07:02,66.3,9.8,-23.134831,-42.296665
EDUARDO COSTA,2025-01-28 17:36:35,69.1,10.0,-23.120331,-42.209165
EDUARDO COSTA,2025-01-28 17:36:55,69.0,10.0,-23.120331,-42.208165
EDUARDO COSTA,2025-01-28 17:38:26,69.6,10.1,-23.119665,-42.203498
EDUARDO COSTA,2025-01-28 17:39:36,69.7,10.1,-23.119165,-42.199998
EDUARDO COSTA,2025-01-28 17:40:36,68.8,10.2,-23.118665,-42.196831
EDUARDO COSTA,2025-01-28 17:40:46,68.9,10.2,-23.118665,-42.196331
EDUARDO COSTA,2025-01-28 17:40:52,69.0,10.1,-23.118665,-42.195998
EDUARDO COSTA,2025-01-28 17:41:01,70.1,10.2,-23.118498,-42.195665
EDUARDO COSTA,2025-01-28 17:41:26,71.4,10.2,-23.118498,-42.194498
EDUARDO COSTA,2025-01-28 17:41:36,72.1,10.1,-23.118331,-42.193831
EDUARDO COSTA,2025-01-28 17:41:44,71.4,10.1,-23.118331,-42.193498
EDUARDO COSTA,2025-01-28 17:42:05,73.4,10.1,-23.118331,-42.192331
EDUARDO COSTA,2025-01-28 17:42:36,73.6,10.1,-23.118165,-42.190831
EDUARDO COSTA,2025-01-28 19:30:39,54.3,9.7,-23.104656,-41.858866
EDUARDO COSTA,2025-01-28 20:25:46,34.5,9.8,-23.00598,-41.73557
EDUARDO COSTA,2025-01-28 21:17:36,35.0,9.8,-22.909998,-41.623165
EDUARDO COSTA,2025-01-28 21:49:14,34.6,8.1,-22.852523,-41.555128
EDUARDO COSTA,2025-01-28 23:00:58,203.6,0.6,-22.83927,-41.537081
EDUARDO COSTA,2025-01-28 23:02:39,198.9,0.6,-22.839528,-41.537275
EDUARDO COSTA,2025-01-28 23:14:12,206.3,0.8,-22.841331,-41.538831
EDUARDO COSTA,2025-01-29 00:01:11,241.0,0.7,-22.847331,-41.545831
EDUARDO COSTA,2025-01-29 00:11:15,219.8,0.4,-22.848165,-41.546998
EDUARDO COSTA,2025-01-29 00:39:45,199.6,0.4,-22.850995,-41.549885
EDUARDO COSTA,2025-01-29 00:42:16,200.9,0.4,-22.851331,-41.550165
EDUARDO COSTA,2025-01-29 00:52:59,226.0,0.6,-22.852331,-41.551331
EDUARDO COSTA,2025-01-29 00:57:41,218.1,0.4,-22.852753,-41.551883
EDUARDO COSTA,2025-01-29 00:58:20,218.0,0.4,-22.852803,-41.55197
EDUARDO COSTA,2025-01-29 01:15:14,344.7,1.6,-22.853186,-41.553798
EDUARDO COSTA,2025-01-29 01:19:15,36.3,3.8,-22.850746,-41.552013
EDUARDO COSTA,2025-01-29 01:55:32,36.0,9.5,-22.795651,-41.482706
EDUARDO COSTA,2025-01-29 02:17:23,34.2,6.3,-22.764545,-41.446121
EDUARDO COSTA,2025-01-29 02:28:13,41.1,5.8,-22.75499,-41.434756
EDUARDO COSTA,2025-01-29 04:23:50,35.4,11.1,-22.519468,-41.154815
EDUARDO COSTA,2025-01-29 06:38:45,35.2,8.9,-22.256331,-40.830498
EDUARDO COSTA,2025-01-29 07:50:15,37.7,9.6,-22.134998,-40.676998
EDUARDO COSTA,2025-01-29 07:54:34,35.3,9.5,-22.127523,-40.66759
EDUARDO COSTA,2025-01-29 07:57:19,36.3,9.6,-22.122768,-40.66161
EDUARDO COSTA,2025-01-29 07:59:46,36.1,9.6,-22.118498,-40.656331
EDUARDO COSTA,2025-01-29 08:18:58,36.8,9.5,-22.085498,-40.614165
EDUARDO COSTA,2025-01-29 08:45:57,31.7,9.4,-22.038165,-40.556831
EDUARDO COSTA,2025-01-29 09:40:15,13.5,9.4,-21.921251,-40.47414
EDUARDO COSTA,2025-01-29 09:42:45,13.1,9.3,-21.915431,-40.47089
EDUARDO COSTA,2025-01-29 09:46:45,355.6,9.3,-21.905393,-40.468216
EDUARDO COSTA,2025-01-29 11:24:15,359.6,9.1,-21.65772,-40.422681
EDUARDO COSTA,2025-01-29 12:13:03,1.5,9.1,-21.535331,-40.392665
EDUARDO COSTA,2025-01-29 12:13:34,1.3,9.1,-21.533981,-40.392266
EDUARDO COSTA,2025-01-29 12:13:43,1.4,9.1,-21.533565,-40.392161
EDUARDO COSTA,2025-01-29 12:14:04,0.9,9.2,-21.532731,-40.391948
EDUARDO COSTA,2025-01-29 13:07:21,1.3,9.3,-21.418331,-40.362498
EDUARDO COSTA,2025-01-29 14:57:39,1.1,10.1,-21.12716,-40.293481
EDUARDO COSTA,2025-01-29 15:01:21,359.7,10.0,-21.116998,-40.290831
EDUARDO COSTA,2025-01-29 16:08:41,0.9,10.3,-20.925165,-40.240331
EDUARDO COSTA,2025-01-29 16:12:38,2.4,10.3,-20.914165,-40.237331
EDUARDO COSTA,2025-01-29 16:13:52,2.0,10.4,-20.910665,-40.236498
EDUARDO COSTA,2025-01-29 16:15:10,2.7,10.2,-20.907076,-40.235376
EDUARDO COSTA,2025-01-29 16:15:48,2.3,10.2,-20.905221,-40.234861
EDUARDO COSTA,2025-01-29 16:16:01,2.3,10.2,-20.90476,-40.234731
EDUARDO COSTA,2025-01-29 16:16:48,3.0,10.2,-20.902455,-40.234071
EDUARDO COSTA,2025-01-29 16:16:55,2.3,10.2,-20.902165,-40.233998
EDUARDO COSTA,2025-01-29 16:17:08,2.2,10.1,-20.901533,-40.23381
EDUARDO COSTA,2025-01-29 16:17:29,1.6,10.2,-20.900498,-40.233498
EDUARDO COSTA,2025-01-29 16:18:25,2.7,10.2,-20.898133,-40.232835
EDUARDO COSTA,2025-01-29 16:19:08,3.0,10.2,-20.896023,-40.232221
EDUARDO COSTA,2025-01-29 16:36:28,0.9,10.3,-20.848053,-40.21894
EDUARDO COSTA,2025-01-29 16:42:07,2.3,10.1,-20.832288,-40.214546
EDUARDO COSTA,2025-01-29 16:42:18,1.7,10.2,-20.831826,-40.21442
EDUARDO COSTA,2025-01-29 16:45:18,1.6,9.6,-20.823665,-40.212165
EDUARDO COSTA,2025-01-29 16:46:34,2.8,8.8,-20.820498,-40.211331
EDUARDO COSTA,2025-01-29 17:21:01,0.8,7.8,-20.785165,-40.203165
EDUARDO COSTA,2025-01-29 18:27:44,356.6,10.4,-20.623998,-40.156331
EDUARDO COSTA,2025-01-29 18:29:51,355.6,10.5,-20.617831,-40.155498
EDUARDO COSTA,2025-01-29 18:34:05,354.6,10.6,-20.605331,-40.153665
EDUARDO COSTA,2025-01-29 19:23:17,0.9,10.2,-20.464401,-40.123151
EDUARDO COSTA,2025-01-29 19:25:41,0.3,10.1,-20.457623,-40.121458
EDUARDO COSTA,2025-01-29 19:37:54,3.5,10.0,-20.424165,-40.112998
EDUARDO COSTA,2025-01-29 20:25:33,15.3,5.4,-20.307165,-40.060165
EDUARDO COSTA,2025-01-29 20:46:10,10.4,9.7,-20.264165,-40.040498
EDUARDO COSTA,2025-01-29 21:23:34,8.7,9.4,-20.178188,-40.001551
EDUARDO COSTA,2025-01-29 22:05:14,8.5,8.7,-20.081895,-39.960161
EDUARDO COSTA,2025-01-29 22:08:52,10.5,9.1,-20.073331,-39.956665
EDUARDO COSTA,2025-01-29 22:10:55,15.7,9.3,-20.068831,-39.954165
EDUARDO COSTA,2025-01-29 22:32:14,25.0,9.1,-20.025498,-39.919665
EDUARDO COSTA,2025-01-29 22:36:04,25.9,9.2,-20.017665,-39.913331
EDUARDO COSTA,2025-01-29 23:07:24,26.5,9.3,-19.954505,-39.857978
EDUARDO COSTA,2025-01-29 23:41:37,28.0,9.3,-19.88602,-39.797361
EDUARDO COSTA,2025-01-29 23:55:12,25.8,9.4,-19.858728,-39.773493
EDUARDO COSTA,2025-01-29 23:57:12,26.0,9.4,-19.854661,-39.769981
EDUARDO COSTA,2025-01-30 00:15:13,25.8,9.5,-19.817626,-39.738371
EDUARDO COSTA,2025-01-30 00:21:34,29.5,9.6,-19.804696,-39.726566
EDUARDO COSTA,2025-01-30 01:00:12,27.8,9.9,-19.726998,-39.649998
EDUARDO COSTA,2025-01-30 01:31:33,24.7,9.8,-19.660331,-39.593165
EDUARDO COSTA,2025-01-30 01:55:53,26.1,9.9,-19.607831,-39.549665
EDUARDO COSTA,2025-01-30 16:32:11,141.6,1.2,-18.144998,-38.228831
EDUARDO COSTA,2025-01-30 16:35:30,144.2,1.1,-18.146125,-38.228481
EDUARDO COSTA,2025-01-30 18:19:41,20.4,10.1,-18.057233,-38.156395
EDUARDO COSTA,2025-01-30 21:38:26,345.6,10.6,-17.501993,-38.11103
EDUARDO COSTA,2025-01-31 00:31:40,345.8,10.4,-16.991165,-38.114498
EDUARDO COSTA,2025-01-31 00:57:53,346.2,10.4,-16.91377,-38.11521
EDUARDO COSTA,2025-01-31 01:00:31,344.9,10.5,-16.905998,-38.115331
EDUARDO COSTA,2025-01-31 01:03:55,343.2,10.5,-16.896073,-38.115721
EDUARDO COSTA,2025-01-31 01:21:08,345.9,10.4,-16.845868,-38.118208
EDUARDO COSTA,2025-01-31 01:22:44,344.2,10.4,-16.841206,-38.118476
EDUARDO COSTA,2025-01-31 01:23:08,344.2,10.4,-16.839998,-38.118541
EDUARDO COSTA,2025-01-31 02:15:53,345.1,10.6,-16.684991,-38.124803
EDUARDO COSTA,2025-01-31 04:36:43,349.2,10.2,-16.279665,-38.119998
EDUARDO COSTA,2025-01-31 06:16:50,343.7,9.6,-15.994831,-38.119998
EDUARDO COSTA,2025-01-31 06:19:34,342.7,9.6,-15.987498,-38.120665
EDUARDO COSTA,2025-01-31 08:04:52,346.3,9.9,-15.699835,-38.12928
EDUARDO COSTA,2025-01-31 08:11:23,344.3,9.9,-15.681815,-38.12963
EDUARDO COSTA,2025-01-31 08:30:12,342.5,9.8,-15.629831,-38.133165
EDUARDO COSTA,2025-01-31 08:34:06,343.1,9.9,-15.619071,-38.133935
EDUARDO COSTA,2025-01-31 08:37:23,342.0,10.0,-15.609998,-38.134665
EDUARDO COSTA,2025-01-31 09:28:16,343.8,9.8,-15.469548,-38.14267
EDUARDO COSTA,2025-01-31 11:39:20,344.3,10.0,-15.105665,-38.143165
EDUARDO COSTA,2025-01-31 11:39:26,344.2,10.0,-15.105283,-38.143188
EDUARDO COSTA,2025-01-31 11:44:00,344.3,10.0,-15.092498,-38.143831
EDUARDO COSTA,2025-01-31 11:44:33,344.7,10.0,-15.090998,-38.143831
EDUARDO COSTA,2025-01-31 13:32:46,347.1,10.1,-14.786246,-38.152533
EDUARDO COSTA,2025-01-31 14:09:56,347.2,10.1,-14.682056,-38.153088
EDUARDO COSTA,2025-01-31 16:31:23,347.4,4.4,-14.290998,-38.155665
EDUARDO COSTA,2025-01-31 16:34:20,355.5,6.3,-14.286498,-38.155498
EDUARDO COSTA,2025-01-31 20:04:53,346.4,9.9,-13.720665,-38.161831
EDUARDO COSTA,2025-01-31 20:09:00,346.8,9.9,-13.709165,-38.161831
EDUARDO COSTA,2025-01-31 20:30:24,344.1,10.0,-13.649331,-38.162831
EDUARDO COSTA,2025-01-31 23:59:10,348.5,9.8,-13.055831,-38.175165
EDUARDO COSTA,2025-02-01 00:35:46,38.0,9.5,-12.970455,-38.133166
EDUARDO COSTA,2025-02-01 00:38:47,24.8,9.1,-12.964303,-38.128375
EDUARDO COSTA,2025-02-01 00:44:52,24.2,9.2,-12.951801,-38.118686
EDUARDO COSTA,2025-02-01 00:46:33,23.9,9.1,-12.948331,-38.115998
EDUARDO COSTA,2025-02-01 00:46:36,24.0,9.1,-12.94828,-38.115891
EDUARDO COSTA,2025-02-01 00:46:46,24.7,9.1,-12.947943,-38.115623
EDUARDO COSTA,2025-02-01 00:50:43,24.7,9.2,-12.939998,-38.109331
EDUARDO COSTA,2025-02-01 01:13:40,27.4,9.2,-12.893665,-38.071831
EDUARDO COSTA,2025-02-01 06:35:13,22.3,9.7,-12.22789,-37.510335
EDUARDO COSTA,2025-02-01 06:38:53,21.6,9.8,-12.219676,-37.504496
EDUARDO COSTA,2025-02-01 06:41:23,21.8,9.7,-12.214053,-37.500543
EDUARDO COSTA,2025-02-01 08:23:25,28.8,10.3,-11.985116,-37.324778
EDUARDO COSTA,2025-02-01 08:24:04,28.8,10.3,-11.983831,-37.323498
EDUARDO COSTA,2025-02-01 08:26:20,28.8,10.1,-11.978951,-37.319106
EDUARDO COSTA,2025-02-01 08:28:30,29.4,10.1,-11.974331,-37.314998
EDUARDO COSTA,2025-02-01 08:29:16,29.6,10.1,-11.972751,-37.313425
EDUARDO COSTA,2025-02-01 14:08:07,28.0,9.5,-11.200188,-36.734736
EDUARDO COSTA,2025-02-01 14:10:24,28.8,9.4,-11.195665,-36.730665
EDUARDO COSTA,2025-02-01 14:13:22,28.6,9.3,-11.189768,-36.725533
EDUARDO COSTA,2025-02-01 14:16:17,28.2,9.2,-11.184088,-36.720546
EDUARDO COSTA,2025-02-01 14:20:14,26.3,9.3,-11.176331,-36.713831
EDUARDO COSTA,2025-02-01 14:54:53,22.5,9.3,-11.104831,-36.656831
EDUARDO COSTA,2025-02-01 15:26:43,27.1,9.3,-11.038568,-36.606015
EDUARDO COSTA,2025-02-01 15:27:16,27.6,9.4,-11.037498,-36.604998
EDUARDO COSTA,2025-02-01 16:22:04,25.5,9.2,-10.929498,-36.510665
EDUARDO COSTA,2025-02-01 17:06:18,24.2,9.2,-10.839498,-36.439331
EDUARDO COSTA,2025-02-01 17:08:05,24.9,9.3,-10.835755,-36.436485
EDUARDO COSTA,2025-02-01 18:07:52,26.6,9.1,-10.716541,-36.338498
EDUARDO COSTA,2025-02-01 19:39:43,29.2,9.1,-10.53215,-36.187185
EDUARDO COSTA,2025-02-01 23:38:24,26.8,9.3,-10.059665,-35.791498
EDUARDO COSTA,2025-02-01 23:43:24,26.6,9.3,-10.049498,-35.782998
EDUARDO COSTA,2025-02-02 00:08:42,24.8,9.5,-9.997831,-35.740831
EDUARDO COSTA,2025-02-02 00:08:43,24.8,9.5,-9.997831,-35.740831
EDUARDO COSTA,2025-02-02 00:15:57,25.9,9.4,-9.982928,-35.728725
EDUARDO COSTA,2025-02-02 00:44:59,23.4,9.5,-9.922831,-35.680665
EDUARDO COSTA,2025-02-02 01:21:57,27.7,9.4,-9.84586,-35.619498
EDUARDO COSTA,2025-02-02 02:29:00,24.5,9.8,-9.707121,-35.50315
EDUARDO COSTA,2025-02-02 06:04:47,25.9,10.0,-9.24413,-35.126473
EDUARDO COSTA,2025-02-02 06:06:56,26.9,10.1,-9.239411,-35.122535
EDUARDO COSTA,2025-02-02 06:09:37,26.3,10.1,-9.233596,-35.117676
EDUARDO COSTA,2025-02-02 07:22:44,14.8,10.2,-9.062831,-35.001165
EDUARDO COSTA,2025-02-02 07:26:57,12.4,10.3,-9.052018,-34.995551
EDUARDO COSTA,2025-02-02 10:54:11,5.7,9.9,-8.493498,-34.807665
EDUARDO COSTA,2025-02-02 12:44:31,4.9,9.8,-8.201998,-34.711831
EDUARDO COSTA,2025-02-02 13:08:31,3.9,9.8,-8.139278,-34.690705
EDUARDO COSTA,2025-02-02 13:12:32,3.7,9.9,-8.128665,-34.687331
EDUARDO COSTA,2025-02-02 13:46:01,349.5,10.1,-8.038831,-34.673665
EDUARDO COSTA,2025-02-02 13:49:52,349.5,10.1,-8.027998,-34.673331
EDUARDO COSTA,2025-02-02 15:42:45,349.6,10.2,-7.706498,-34.657665
EDUARDO COSTA,2025-02-02 16:15:42,349.1,9.9,-7.613651,-34.653506
EDUARDO COSTA,2025-02-02 17:05:42,348.3,10.0,-7.47355,-34.648656
EDUARDO COSTA,2025-02-02 17:11:08,347.2,10.1,-7.436998,-34.647998
EDUARDO COSTA,2025-02-02 18:48:31,350.9,10.0,-7.183105,-34.640986
EDUARDO COSTA,2025-02-02 18:54:42,351.5,10.0,-7.165831,-34.639831
EDUARDO COSTA,2025-02-02 18:58:11,352.1,10.0,-7.156058,-34.638933
EDUARDO COSTA,2025-02-02 19:43:08,334.5,10.1,-7.030418,-34.653526
EDUARDO COSTA,2025-02-02 19:45:28,331.2,10.0,-7.024165,-34.655331
EDUARDO COSTA,2025-02-02 19:50:11,332.9,9.9,-7.011485,-34.659128
EDUARDO COSTA,2025-02-02 19:52:15,331.1,10.1,-7.005803,-34.660391
EDUARDO COSTA,2025-02-02 20:15:11,332.1,10.2,-6.943098,-34.676448
EDUARDO COSTA,2025-02-02 20:20:10,332.8,10.1,-6.929383,-34.680033
EDUARDO COSTA,2025-02-02 23:09:30,331.4,10.6,-6.456695,-34.801095
EDUARDO COSTA,2025-02-02 23:44:48,334.1,10.5,-6.354998,-34.827165
EDUARDO COSTA,2025-02-02 23:51:22,334.6,10.5,-6.336165,-34.831498
EDUARDO COSTA,2025-02-03 00:23:05,345.0,10.3,-6.245713,-34.855361
EDUARDO COSTA,2025-02-03 00:52:52,348.0,10.8,-6.160165,-34.875665
EDUARDO COSTA,2025-02-03 01:01:28,330.8,10.6,-6.135665,-34.881331
EDUARDO COSTA,2025-02-03 01:04:51,329.0,10.4,-6.126165,-34.884165
EDUARDO COSTA,2025-02-03 01:07:40,329.7,10.4,-6.118193,-34.886551
EDUARDO COSTA,2025-02-03 01:08:37,330.5,10.6,-6.115498,-34.887331
EDUARDO COSTA,2025-02-03 05:05:18,331.5,10.2,-5.437831,-35.064331
EDUARDO COSTA,2025-02-03 07:09:41,328.8,10.3,-5.090141,-35.152581
EDUARDO COSTA,2025-02-03 07:12:12,330.6,10.3,-5.083165,-35.154665
EDUARDO COSTA,2025-02-03 07:18:51,333.2,10.3,-5.064498,-35.159498
EDUARDO COSTA,2025-02-03 11:36:48,283.5,10.6,-4.678165,-35.785331
EDUARDO COSTA,2025-02-03 11:57:41,284.1,10.6,-4.648665,-35.839998
EDUARDO COSTA,2025-02-03 12:09:58,282.1,10.7,-4.631495,-35.872666
EDUARDO COSTA,2025-02-03 12:13:38,285.9,10.9,-4.626498,-35.882331
EDUARDO COSTA,2025-02-03 12:27:41,283.3,10.9,-4.606473,-35.920393
EDUARDO COSTA,2025-02-03 12:28:41,284.5,10.8,-4.605045,-35.923103
EDUARDO COSTA,2025-02-03 12:41:57,283.3,11.1,-4.586331,-35.958998
EDUARDO COSTA,2025-02-03 12:45:40,283.0,11.1,-4.581165,-35.969331
EDUARDO COSTA,2025-02-03 12:48:41,282.9,11.1,-4.576831,-35.977665
EDUARDO COSTA,2025-02-03 12:50:04,282.1,11.1,-4.574985,-35.981566
EDUARDO COSTA,2025-02-03 12:50:34,283.2,11.0,-4.574293,-35.98295
EDUARDO COSTA,2025-02-03 12:50:50,282.7,11.0,-4.573913,-35.983685
EDUARDO COSTA,2025-02-03 12:51:07,284.0,11.1,-4.573498,-35.984498
EDUARDO COSTA,2025-02-03 12:51:41,285.5,11.0,-4.572665,-35.985998
EDUARDO COSTA,2025-02-03 12:51:57,282.7,11.0,-4.572331,-35.986831
EDUARDO COSTA,2025-02-03 12:53:54,283.9,11.1,-4.569635,-35.992128
EDUARDO COSTA,2025-02-03 12:53:57,284.4,11.1,-4.569498,-35.992331
EDUARDO COSTA,2025-02-03 12:54:21,282.9,11.0,-4.568998,-35.993331
EDUARDO COSTA,2025-02-03 13:21:08,284.2,10.9,-4.530831,-36.065831
EDUARDO COSTA,2025-02-03 13:55:48,288.1,10.7,-4.480165,-36.157831
EDUARDO COSTA,2025-02-03 17:51:35,284.2,11.0,-4.127068,-36.7774
EDUARDO COSTA,2025-02-03 18:40:50,283.7,11.1,-4.053153,-36.911226
EDUARDO COSTA,2025-02-03 18:42:35,286.1,11.1,-4.05059,-36.915901
EDUARDO COSTA,2025-02-03 18:47:31,285.1,11.2,-4.043331,-36.929498
EDUARDO COSTA,2025-02-03 18:50:17,284.8,11.1,-4.039165,-36.936998
EDUARDO COSTA,2025-02-03 19:08:35,286.1,11.1,-4.012006,-36.987086
EDUARDO COSTA,2025-02-03 19:11:52,284.2,11.2,-4.007165,-36.996165
EDUARDO COSTA,2025-02-03 19:13:55,284.2,11.2,-4.004063,-37.001726
EDUARDO COSTA,2025-02-03 19:16:18,286.7,11.2,-4.000498,-37.008331
EDUARDO COSTA,2025-02-03 23:53:15,286.0,11.6,-3.56979,-37.777621
EDUARDO COSTA,2025-02-03 23:58:15,283.5,11.5,-3.562246,-37.791928
EDUARDO COSTA,2025-02-04 00:00:31,285.7,11.5,-3.558831,-37.798498
EDUARDO COSTA,2025-02-04 00:01:54,284.9,11.4,-3.55673,-37.80234
EDUARDO COSTA,2025-02-04 00:18:31,283.1,11.4,-3.531831,-37.849665
EDUARDO COSTA,2025-02-04 00:18:34,283.8,11.4,-3.531735,-37.84985
EDUARDO COSTA,2025-02-04 00:29:58,285.8,11.8,-3.514665,-37.882831
EDUARDO COSTA,2025-02-04 00:32:07,284.6,11.7,-3.51133,-37.889086
EDUARDO COSTA,2025-02-04 00:33:00,284.1,11.8,-3.509998,-37.891591
EDUARDO COSTA,2025-02-04 00:33:18,284.9,11.7,-3.509665,-37.892498
EDUARDO COSTA,2025-02-04 01:03:45,285.7,11.8,-3.462008,-37.979668
EDUARDO COSTA,2025-02-04 01:05:58,287.0,11.7,-3.458498,-37.985998
EDUARDO COSTA,2025-02-04 01:12:11,290.0,11.8,-3.448331,-38.003831
EDUARDO COSTA,2025-02-04 01:41:15,290.9,11.6,-3.397608,-38.083343
EDUARDO COSTA,2025-02-04 05:50:26,290.0,11.5,-3.002498,-38.662831
EDUARDO COSTA,2025-02-04 06:08:39,289.2,11.6,-2.970315,-38.71218
EDUARDO COSTA,2025-02-04 06:14:46,290.5,11.5,-2.959498,-38.728665
EDUARDO COSTA,2025-02-04 07:04:48,284.7,12.2,-2.869738,-38.865995
EDUARDO COSTA,2025-02-04 07:05:46,285.4,12.3,-2.868331,-38.868831
EDUARDO COSTA,2025-02-04 07:09:56,287.0,12.3,-2.861165,-38.881165
EDUARDO COSTA,2025-02-04 11:11:12,287.6,10.8,-2.463015,-39.528485
EDUARDO COSTA,2025-02-04 11:13:52,286.5,10.6,-2.458931,-39.53529
EDUARDO COSTA,2025-02-04 12:12:46,289.9,10.6,-2.369718,-39.68419
EDUARDO COSTA,2025-02-04 12:13:25,285.9,10.5,-2.368665,-39.685831
EDUARDO COSTA,2025-02-04 12:13:39,288.0,10.6,-2.368331,-39.686331
EDUARDO COSTA,2025-02-04 12:13:46,287.2,10.6,-2.36815,-39.686681
EDUARDO COSTA,2025-02-04 12:16:06,288.5,10.5,-2.36451,-39.692478
EDUARDO COSTA,2025-02-04 12:16:12,288.2,10.5,-2.364358,-39.69273
EDUARDO COSTA,2025-02-04 12:16:19,288.8,10.6,-2.364165,-39.692998
EDUARDO COSTA,2025-02-04 12:17:19,288.3,10.6,-2.362665,-39.695498
EDUARDO COSTA,2025-02-04 12:20:19,288.2,10.5,-2.357998,-39.702998
EDUARDO COSTA,2025-02-04 12:27:42,289.9,10.5,-2.346265,-39.721383
EDUARDO COSTA,2025-02-04 12:29:45,285.5,10.5,-2.343075,-39.726503
EDUARDO COSTA,2025-02-04 13:28:46,280.2,10.3,-2.267165,-39.882665
EDUARDO COSTA,2025-02-04 14:05:32,280.6,10.4,-2.221475,-39.978498
EDUARDO COSTA,2025-02-04 16:16:58,279.4,11.2,-2.064165,-40.330665
EDUARDO COSTA,2025-02-04 16:17:11,280.6,11.3,-2.063888,-40.331336
EDUARDO COSTA,2025-02-04 16:17:42,279.0,11.4,-2.063231,-40.332825
EDUARDO COSTA,2025-02-04 16:53:29,275.7,11.7,-2.018165,-40.438831
EDUARDO COSTA,2025-02-04 16:57:49,279.0,11.7,-2.012831,-40.451998
EDUARDO COSTA,2025-02-04 17:42:07,278.0,12.2,-1.96011,-40.590205
EDUARDO COSTA,2025-02-04 17:45:50,275.8,12.2,-1.955331,-40.601998
EDUARDO COSTA,2025-02-04 17:47:16,277.2,12.3,-1.95361,-40.606468
EDUARDO COSTA,2025-02-04 17:53:30,279.0,12.3,-1.945831,-40.626331
EDUARDO COSTA,2025-02-04 18:07:22,282.1,12.2,-1.925948,-40.669481
EDUARDO COSTA,2025-02-04 18:10:33,284.7,12.2,-1.921003,-40.679068
EDUARDO COSTA,2025-02-04 18:13:23,288.0,12.0,-1.916556,-40.68769
EDUARDO COSTA,2025-02-04 18:31:46,283.9,12.2,-1.887878,-40.743545
EDUARDO COSTA,2025-02-04 18:34:26,282.2,12.1,-1.883665,-40.751665
EDUARDO COSTA,2025-02-04 18:36:33,284.4,12.2,-1.880353,-40.757955
EDUARDO COSTA,2025-02-04 19:32:19,279.4,12.8,-1.804165,-40.937998
EDUARDO COSTA,2025-02-04 22:22:00,277.7,12.0,-1.564165,-41.466165
EDUARDO COSTA,2025-02-04 22:51:59,276.2,11.7,-1.525665,-41.557831
EDUARDO COSTA,2025-02-04 23:03:16,278.5,11.7,-1.511531,-41.59194
EDUARDO COSTA,2025-02-04 23:32:32,279.7,11.7,-1.474455,-41.679651
EDUARDO COSTA,2025-02-05 00:04:52,279.0,11.4,-1.432798,-41.77445
EDUARDO COSTA,2025-02-05 00:05:49,279.7,11.4,-1.431665,-41.777165
EDUARDO COSTA,2025-02-05 00:08:37,278.1,11.4,-1.428028,-41.785321
EDUARDO COSTA,2025-02-05 00:12:53,280.3,11.4,-1.422576,-41.797851
EDUARDO COSTA,2025-02-05 00:36:49,279.2,11.4,-1.391831,-41.867831
EDUARDO COSTA,2025-02-05 00:38:55,279.7,11.6,-1.389165,-41.873998
EDUARDO COSTA,2025-02-05 00:43:29,279.6,11.6,-1.383331,-41.887498
EDUARDO COSTA,2025-02-05 00:45:46,278.5,11.5,-1.380331,-41.894165
EDUARDO COSTA,2025-02-05 00:48:30,281.2,11.5,-1.376831,-41.902331
EDUARDO COSTA,2025-02-05 01:09:35,278.7,11.8,-1.349331,-41.965165
EDUARDO COSTA,2025-02-05 01:30:39,280.0,11.5,-1.321665,-42.027998
EDUARDO COSTA,2025-02-05 01:31:02,279.6,11.6,-1.321196,-42.02918
EDUARDO COSTA,2025-02-05 01:31:15,281.7,11.6,-1.320998,-42.029831
EDUARDO COSTA,2025-02-05 06:01:20,279.1,11.6,-0.957998,-42.822831
EDUARDO COSTA,2025-02-05 06:04:17,279.5,11.6,-0.954135,-42.831563
EDUARDO COSTA,2025-02-05 06:06:50,282.2,11.4,-0.950831,-42.838998
EDUARDO COSTA,2025-02-05 16:28:25,280.6,10.4,-0.149593,-44.658396
EDUARDO COSTA,2025-02-05 16:29:56,280.3,10.4,-0.147831,-44.662498
EDUARDO COSTA,2025-02-05 16:31:03,276.9,10.4,-0.146585,-44.665456
EDUARDO COSTA,2025-02-05 16:34:13,280.3,10.5,-0.142891,-44.673916
EDUARDO COSTA,2025-02-05 16:35:09,278.4,10.4,-0.141798,-44.676425
EDUARDO COSTA,2025-02-05 17:33:37,280.7,10.5,-0.076405,-44.834848
EDUARDO COSTA,2025-02-05 18:30:24,280.4,10.6,-0.013665,-44.988998
EDUARDO COSTA,2025-02-05 18:31:38,276.6,10.6,-0.012126,-44.99232
EDUARDO COSTA,2025-02-05 18:33:18,279.0,10.5,-0.010165,-44.996831
EDUARDO COSTA,2025-02-05 23:01:54,281.9,10.0,0.292763,-45.705158
EDUARDO COSTA,2025-02-06 00:14:45,277.1,10.5,0.377616,-45.896325
EDUARDO COSTA,2025-02-06 00:17:04,277.9,10.4,0.380135,-45.902638
EDUARDO COSTA,2025-02-06 00:19:25,274.1,10.3,0.382635,-45.908926
EDUARDO COSTA,2025-02-06 00:32:58,279.1,10.3,0.39751,-45.944948
EDUARDO COSTA,2025-02-06 00:46:51,279.0,10.2,0.413063,-45.98163
EDUARDO COSTA,2025-02-06 00:52:28,278.9,10.6,0.419526,-45.996673
EDUARDO COSTA,2025-02-06 00:53:10,277.0,10.7,0.42034,-45.998573
EDUARDO COSTA,2025-02-06 00:53:44,279.7,10.5,0.421006,-46.000106
EDUARDO COSTA,2025-02-06 00:53:45,279.7,10.5,0.421006,-46.000106
EDUARDO COSTA,2025-02-06 00:53:47,280.6,10.6,0.421,-46.000165
EDUARDO COSTA,2025-02-06 00:53:58,281.6,10.6,0.421273,-46.000738
EDUARDO COSTA,2025-02-06 00:54:07,280.1,10.6,0.4215,-46.001165
EDUARDO COSTA,2025-02-06 05:02:08,279.0,10.7,0.713333,-46.670498
EDUARDO COSTA,2025-02-06 05:30:44,278.5,10.3,0.747496,-46.747466
EDUARDO COSTA,2025-02-06 05:33:05,281.7,10.4,0.750311,-46.753595
EDUARDO COSTA,2025-02-06 05:36:15,278.2,10.4,0.754098,-46.761971
EDUARDO COSTA,2025-02-06 05:56:03,280.4,10.4,0.777833,-46.814998
EDUARDO COSTA,2025-02-06 05:58:24,281.2,10.4,0.780645,-46.821236
EDUARDO COSTA,2025-02-06 06:46:57,280.6,10.3,0.83691,-46.95045
EDUARDO COSTA,2025-02-06 06:50:41,279.0,10.4,0.841151,-46.960381
EDUARDO COSTA,2025-02-06 11:59:58,278.9,10.2,1.203666,-47.776831
EDUARDO COSTA,2025-02-06 12:38:55,279.8,10.3,1.247306,-47.88074
EDUARDO COSTA,2025-02-06 13:19:04,282.3,10.3,1.292853,-47.985341
EDUARDO COSTA,2025-02-06 13:19:24,279.4,10.3,1.293268,-47.986198
EDUARDO COSTA,2025-02-06 13:19:37,282.4,10.1,1.2935,-47.986831
EDUARDO COSTA,2025-02-06 13:19:44,281.0,10.2,1.293698,-47.987046
EDUARDO COSTA,2025-02-06 16:32:12,258.4,10.8,1.510963,-48.491743
EDUARDO COSTA,2025-02-06 16:42:45,259.8,10.8,1.511833,-48.523831
EDUARDO COSTA,2025-02-06 16:45:22,258.6,10.8,1.512136,-48.531615
EDUARDO COSTA,2025-02-06 16:46:45,257.9,10.8,1.512333,-48.535831
EDUARDO COSTA,2025-02-06 16:47:05,258.0,10.9,1.512328,-48.53683
EDUARDO COSTA,2025-02-06 16:48:38,257.9,10.8,1.5125,-48.541498
EDUARDO COSTA,2025-02-06 17:56:05,255.2,11.0,1.516666,-48.748665
EDUARDO COSTA,2025-02-06 18:17:19,257.9,10.7,1.517326,-48.812826
EDUARDO COSTA,2025-02-06 23:13:59,219.8,7.0,1.256,-49.437998
EDUARDO COSTA,2025-02-06 23:43:47,216.7,6.7,1.221333,-49.482165
EDUARDO COSTA,2025-02-06 23:51:07,223.2,6.6,1.2125,-49.492498
EDUARDO COSTA,2025-02-07 00:28:09,213.9,6.6,1.1679,-49.543555
EDUARDO COSTA,2025-02-07 00:53:09,204.4,6.7,1.135691,-49.575268
EDUARDO COSTA,2025-02-07 00:59:48,204.2,6.6,1.125166,-49.583498
EDUARDO COSTA,2025-02-07 01:09:58,204.4,5.6,1.11259,-49.593663
EDUARDO COSTA,2025-02-07 01:10:48,203.1,5.7,1.111508,-49.594473
EDUARDO COSTA,2025-02-07 01:10:58,202.0,5.6,1.111318,-49.594613
EDUARDO COSTA,2025-02-07 01:47:48,203.4,5.9,1.060041,-49.632145
EDUARDO COSTA,2025-02-07 01:50:28,203.2,5.8,1.056536,-49.634745
EDUARDO COSTA,2025-02-07 05:45:31,228.6,6.8,0.815416,-49.97628
EDUARDO COSTA,2025-02-07 05:47:39,227.1,6.8,0.813448,-49.979863
EDUARDO COSTA,2025-02-07 12:09:55,222.9,11.1,0.212445,-50.669683
EDUARDO COSTA,2025-02-07 12:41:01,246.7,11.7,0.185166,-50.763998
EDUARDO COSTA,2025-02-07 13:03:00,247.4,11.6,0.174998,-50.837455
EDUARDO COSTA,2025-02-07 13:03:11,247.7,11.6,0.174833,-50.837998
EDUARDO COSTA,2025-02-07 18:39:02,241.2,7.7,-0.447498,-51.300831
EDUARDO COSTA,2025-02-07 23:26:42,167.1,7.4,-0.843498,-51.700665
EDUARDO COSTA,2025-02-07 23:59:52,157.6,7.7,-0.913665,-51.697831
EDUARDO COSTA,2025-02-08 00:57:31,144.2,6.8,-1.028665,-51.669998
EDUARDO COSTA,2025-02-08 01:11:54,136.1,8.5,-1.055671,-51.655223
EDUARDO COSTA,2025-02-08 04:45:41,184.5,8.1,-1.335808,-51.895236
EDUARDO COSTA,2025-02-08 04:50:12,190.8,7.9,-1.345703,-51.898356
EDUARDO COSTA,2025-02-08 05:17:42,205.8,8.8,-1.395411,-51.938883
EDUARDO COSTA,2025-02-08 05:36:44,239.6,8.5,-1.42042,-51.977063
EDUARDO COSTA,2025-02-08 05:43:12,245.2,8.1,-1.423331,-51.991498
EDUARDO COSTA,2025-02-08 10:03:00,264.5,7.5,-1.578998,-52.552831
EDUARDO COSTA,2025-02-08 11:11:00,259.4,7.6,-1.58159,-52.69012
EDUARDO COSTA,2025-02-08 11:42:55,266.4,8.1,-1.576086,-52.7596
EDUARDO COSTA,2025-02-08 11:45:11,268.7,8.2,-1.574998,-52.764665
EDUARDO COSTA,2025-02-08 11:49:18,267.6,8.0,-1.573165,-52.773831
EDUARDO COSTA,2025-02-08 12:47:21,206.9,7.5,-1.618998,-52.874665
EDUARDO COSTA,2025-02-08 12:47:51,207.6,7.5,-1.619831,-52.875331
EDUARDO COSTA,2025-02-08 13:12:10,201.2,8.2,-1.661165,-52.908831
EDUARDO COSTA,2025-02-08 17:11:02,226.5,7.3,-1.786331,-53.336831
EDUARDO COSTA,2025-02-08 17:13:00,219.5,7.5,-1.788628,-53.340331
EDUARDO COSTA,2025-02-08 17:14:02,220.4,7.5,-1.789883,-53.342003
EDUARDO COSTA,2025-02-08 17:14:21,220.1,7.5,-1.790276,-53.342536
EDUARDO COSTA,2025-02-08 17:17:02,221.2,7.4,-1.793623,-53.347043
EDUARDO COSTA,2025-02-08 17:33:40,224.7,6.8,-1.813223,-53.373846
EDUARDO COSTA,2025-02-08 17:35:41,222.6,7.0,-1.815331,-53.377165
EDUARDO COSTA,2025-02-08 18:04:00,224.5,6.6,-1.846998,-53.420665
EDUARDO COSTA,2025-02-08 22:19:02,222.4,7.4,-1.975165,-53.900665
EDUARDO COSTA,2025-02-08 23:36:52,212.4,7.9,-2.032998,-54.041331
EDUARDO COSTA,2025-02-09 00:02:01,177.8,7.1,-2.078498,-54.054165
EDUARDO COSTA,2025-02-09 00:05:32,173.6,7.6,-2.085665,-54.055165
EDUARDO COSTA,2025-02-09 00:08:42,173.7,7.8,-2.092498,-54.055998
EDUARDO COSTA,2025-02-09 00:09:01,173.1,7.8,-2.093101,-54.05609
EDUARDO COSTA,2025-02-09 02:05:51,211.5,7.8,-2.341165,-54.057998
EDUARDO COSTA,2025-02-09 02:07:10,216.8,7.9,-2.343021,-54.060211
EDUARDO COSTA,2025-02-09 02:07:21,217.2,7.9,-2.343331,-54.060498
EDUARDO COSTA,2025-02-09 03:52:21,253.8,7.3,-2.396856,-54.277113
EDUARDO COSTA,2025-02-09 04:14:31,245.8,7.8,-2.402998,-54.322998
EDUARDO COSTA,2025-02-09 05:28:02,243.6,7.7,-2.441331,-54.467831
EDUARDO COSTA,2025-02-09 05:30:11,240.8,7.8,-2.442523,-54.47232
EDUARDO COSTA,2025-02-09 05:31:21,240.7,7.9,-2.443165,-54.474831
EDUARDO COSTA,2025-02-09 05:33:52,243.8,7.8,-2.444533,-54.480146
EDUARDO COSTA,2025-02-09 05:35:21,241.3,7.8,-2.445331,-54.483331
EDUARDO COSTA,2025-02-09 06:00:22,242.1,7.1,-2.457498,-54.535998
EDUARDO COSTA,2025-02-09 13:27:26,286.1,6.5,-2.422665,-54.680665
EDUARDO COSTA,2025-02-09 14:07:57,319.1,7.2,-2.366068,-54.731036
EDUARDO COSTA,2025-02-09 14:12:16,326.1,6.8,-2.358353,-54.734445
EDUARDO COSTA,2025-02-09 17:01:13,237.3,7.4,-2.177331,-54.941998
EDUARDO COSTA,2025-02-09 17:27:35,212.4,4.5,-2.198998,-54.984998
EDUARDO COSTA,2025-02-09 17:28:35,212.8,4.4,-2.199831,-54.985831
EDUARDO COSTA,2025-02-09 17:28:57,206.5,4.3,-2.200196,-54.986198
EDUARDO COSTA,2025-02-09 17:29:04,206.9,4.3,-2.200288,-54.98628
EDUARDO COSTA,2025-02-09 17:29:14,210.0,4.4,-2.20043,-54.986425
EDUARDO COSTA,2025-02-09 17:29:35,212.3,4.3,-2.200665,-54.986665
EDUARDO COSTA,2025-02-09 17:31:14,213.5,4.3,-2.202118,-54.98817
EDUARDO COSTA,2025-02-09 17:58:07,222.4,8.1,-2.230486,-55.01448
EDUARDO COSTA,2025-02-09 22:25:53,295.6,8.0,-1.951685,-55.495983
EDUARDO COSTA,2025-02-09 23:06:27,266.1,7.3,-1.899788,-55.56479
EDUARDO COSTA,2025-02-09 23:07:47,255.3,7.3,-1.899698,-55.567476
EDUARDO COSTA,2025-02-09 23:09:49,256.6,7.4,-1.899545,-55.571656
EDUARDO COSTA,2025-02-10 04:28:40,215.1,7.4,-2.144498,-56.151831
EDUARDO COSTA,2025-02-10 04:33:06,222.2,7.5,-2.150498,-56.158831
EDUARDO COSTA,2025-02-10 04:36:06,223.5,7.6,-2.153998,-56.164165
EDUARDO COSTA,2025-02-10 04:54:37,223.5,7.7,-2.175831,-56.196498
EDUARDO COSTA,2025-02-10 04:57:32,222.0,7.5,-2.179331,-56.201665
EDUARDO COSTA,2025-02-10 05:02:18,221.8,7.5,-2.184831,-56.209998
EDUARDO COSTA,2025-02-10 05:20:08,217.2,7.6,-2.206831,-56.240331
EDUARDO COSTA,2025-02-10 05:22:37,217.8,7.8,-2.210331,-56.244498
EDUARDO COSTA,2025-02-10 06:16:38,218.3,7.4,-2.308331,-56.296831
EDUARDO COSTA,2025-02-10 10:20:32,239.9,7.7,-2.605451,-56.700911
EDUARDO COSTA,2025-02-10 11:28:36,272.9,7.2,-2.586998,-56.839831
EDUARDO COSTA,2025-02-10 11:28:37,273.0,7.2,-2.586998,-56.839831
EDUARDO COSTA,2025-02-10 13:40:48,201.1,6.8,-2.575831,-57.083998
EDUARDO COSTA,2025-02-10 14:44:25,246.6,6.5,-2.633831,-57.184665
EDUARDO COSTA,2025-02-10 16:01:24,330.3,6.2,-2.570345,-57.282593
EDUARDO COSTA,2025-02-10 17:22:39,300.8,6.3,-2.442998,-57.350831
EDUARDO COSTA,2025-02-10 17:41:06,292.5,7.5,-2.420278,-57.378286
EDUARDO COSTA,2025-02-10 17:42:54,292.5,7.5,-2.418068,-57.381355
EDUARDO COSTA,2025-02-10 17:43:18,290.5,7.5,-2.417665,-57.381998
EDUARDO COSTA,2025-02-10 17:43:27,290.5,7.5,-2.417425,-57.38227
EDUARDO COSTA,2025-02-10 17:43:28,290.5,7.5,-2.417383,-57.382325
EDUARDO COSTA,2025-02-10 17:43:32,291.2,7.5,-2.417331,-57.382331
EDUARDO COSTA,2025-02-10 17:43:37,292.7,7.5,-2.417211,-57.382545
EDUARDO COSTA,2025-02-10 17:43:40,293.2,7.5,-2.417165,-57.382665
EDUARDO COSTA,2025-02-10 17:43:42,293.7,7.5,-2.417165,-57.382665
EDUARDO COSTA,2025-02-10 17:43:47,294.0,7.5,-2.41699,-57.382816
EDUARDO COSTA,2025-02-10 17:43:52,295.1,7.4,-2.416831,-57.382998
EDUARDO COSTA,2025-02-10 17:44:04,292.8,7.5,-2.416665,-57.383331
EDUARDO COSTA,2025-02-10 17:44:05,292.8,7.5,-2.416665,-57.383331
EDUARDO COSTA,2025-02-10 17:44:37,289.8,7.5,-2.415985,-57.38424
EDUARDO COSTA,2025-02-10 21:33:26,207.0,7.7,-2.681556,-57.682195
EDUARDO COSTA,2025-03-03 01:13:38,60.5,15.2,-2.378831,-57.509665
EDUARDO COSTA,2025-03-03 01:13:50,59.2,15.4,-2.378466,-57.508805
EDUARDO COSTA,2025-03-03 01:13:54,59.4,15.3,-2.378388,-57.50853
EDUARDO COSTA,2025-03-03 01:14:58,65.0,15.6,-2.377155,-57.504086
EDUARDO COSTA,2025-03-03 01:15:09,67.5,15.5,-2.37704,-57.503375
EDUARDO COSTA,2025-03-03 01:15:34,69.2,15.6,-2.376735,-57.501521
EDUARDO COSTA,2025-03-03 01:15:42,71.1,15.5,-2.376678,-57.500948
EDUARDO COSTA,2025-03-03 01:16:38,78.8,15.7,-2.376665,-57.496998
EDUARDO COSTA,2025-03-03 01:17:26,80.2,15.9,-2.376831,-57.493498
EDUARDO COSTA,2025-03-03 01:58:51,133.1,17.3,-2.466925,-57.331465
EDUARDO COSTA,2025-03-03 02:01:37,135.6,16.9,-2.47818,-57.324303
EDUARDO COSTA,2025-03-03 02:27:50,133.1,17.3,-2.592998,-57.271165
EDUARDO COSTA,2025-03-03 02:32:14,126.2,17.6,-2.610665,-57.258665
EDUARDO COSTA,2025-03-03 03:04:48,43.4,15.1,-2.617935,-57.11767
EDUARDO COSTA,2025-03-03 03:09:01,27.6,15.5,-2.605498,-57.104998
EDUARDO COSTA,2025-03-03 03:09:21,26.8,15.6,-2.60445,-57.104098
EDUARDO COSTA,2025-03-03 04:09:50,101.9,16.5,-2.579866,-56.86369
EDUARDO COSTA,2025-03-03 04:15:37,95.5,16.7,-2.588998,-56.838665
EDUARDO COSTA,2025-03-03 08:21:42,69.4,15.1,-1.99484,-55.984818
EDUARDO COSTA,2025-03-03 08:28:30,73.3,16.0,-1.991593,-55.955396
EDUARDO COSTA,2025-03-03 09:36:40,51.6,17.1,-1.925145,-55.649321
EDUARDO COSTA,2025-03-03 09:39:09,50.2,16.9,-1.919831,-55.638831
EDUARDO COSTA,2025-03-03 09:42:45,50.8,16.9,-1.912233,-55.623586
EDUARDO COSTA,2025-03-03 13:07:43,98.3,16.1,-2.169288,-54.800496
EDUARDO COSTA,2025-03-03 13:08:43,96.5,16.0,-2.170843,-54.796318
EDUARDO COSTA,2025-03-03 13:09:00,100.4,15.9,-2.171273,-54.795231
EDUARDO COSTA,2025-03-03 13:09:08,104.9,15.6,-2.171538,-54.794723
EDUARDO COSTA,2025-03-03 13:10:10,128.7,14.2,-2.174386,-54.79169
EDUARDO COSTA,2025-03-03 13:40:38,155.2,16.8,-2.303961,-54.748481
EDUARDO COSTA,2025-03-03 14:13:37,107.5,15.3,-2.421498,-54.683998
EDUARDO COSTA,2025-03-03 14:24:31,107.4,16.2,-2.446665,-54.642331
EDUARDO COSTA,2025-03-03 14:54:19,63.8,15.8,-2.460998,-54.517331
EDUARDO COSTA,2025-03-03 15:22:45,48.2,16.7,-2.410563,-54.401536
EDUARDO COSTA,2025-03-03 15:28:38,66.0,16.1,-2.400591,-54.3764
EDUARDO COSTA,2025-03-03 17:57:29,32.8,15.1,-2.014823,-54.026203
EDUARDO COSTA,2025-03-03 17:58:49,36.2,15.1,-2.011063,-54.022026
EDUARDO COSTA,2025-03-03 18:00:01,37.4,15.2,-2.007766,-54.01818
EDUARDO COSTA,2025-03-03 19:02:31,67.7,16.4,-1.896323,-53.783241
EDUARDO COSTA,2025-03-03 19:04:54,68.2,16.7,-1.89486,-53.772275
EDUARDO COSTA,2025-03-03 20:16:48,55.4,15.7,-1.867556,-53.47525
EDUARDO COSTA,2025-03-03 20:20:14,57.3,15.9,-1.862356,-53.461096
EDUARDO COSTA,2025-03-03 20:22:50,57.3,16.2,-1.858331,-53.450331
EDUARDO COSTA,2025-03-03 20:47:00,41.9,16.8,-1.802085,-53.355083
EDUARDO COSTA,2025-03-03 20:50:48,45.5,16.7,-1.791995,-53.340463
EDUARDO COSTA,2025-03-03 21:05:26,48.8,16.0,-1.759165,-53.283665
EDUARDO COSTA,2025-03-04 00:57:56,57.5,14.9,-1.559675,-52.3486
EDUARDO COSTA,2025-03-04 00:58:08,57.7,14.9,-1.5594,-52.347816
EDUARDO COSTA,2025-03-04 00:58:15,58.6,14.9,-1.559265,-52.347423
EDUARDO COSTA,2025-03-04 00:59:15,58.1,14.8,-1.557861,-52.343513
EDUARDO COSTA,2025-03-04 00:59:32,57.5,14.9,-1.557445,-52.342338
EDUARDO COSTA,2025-03-04 00:59:38,58.1,14.9,-1.557308,-52.341945
EDUARDO COSTA,2025-03-04 01:00:03,57.3,14.9,-1.556743,-52.34038
EDUARDO COSTA,2025-03-04 01:00:15,58.6,14.9,-1.556471,-52.339593
EDUARDO COSTA,2025-03-04 01:01:03,58.1,14.9,-1.555341,-52.336466
EDUARDO COSTA,2025-03-04 02:29:54,59.5,16.0,-1.421281,-51.975315
EDUARDO COSTA,2025-03-04 02:30:22,57.2,15.7,-1.420671,-51.973341
EDUARDO COSTA,2025-03-04 02:39:11,37.0,14.2,-1.401423,-51.943506
EDUARDO COSTA,2025-03-04 03:10:16,342.2,15.1,-1.288226,-51.892326
EDUARDO COSTA,2025-03-04 04:23:57,51.9,14.6,-1.130401,-51.706723
EDUARDO COSTA,2025-03-04 06:54:56,37.8,16.1,-0.54465,-51.51111
EDUARDO COSTA,2025-03-04 06:56:27,37.8,16.2,-0.540373,-51.505943
EDUARDO COSTA,2025-03-04 07:48:44,66.4,15.5,-0.444906,-51.295221
EDUARDO COSTA,2025-03-04 08:38:16,32.4,12.7,-0.361831,-51.128998
EDUARDO COSTA,2025-03-04 08:43:29,33.6,12.4,-0.349165,-51.115831
EDUARDO COSTA,2025-03-04 08:45:53,31.9,12.2,-0.34346,-51.109991
EDUARDO COSTA,2025-03-04 08:46:12,33.0,12.3,-0.342668,-51.109168
EDUARDO COSTA,2025-03-04 09:03:13,12.1,11.4,-0.297148,-51.074383
EDUARDO COSTA,2025-03-04 09:35:13,351.5,11.7,-0.200331,-51.038998
EDUARDO COSTA,2025-03-04 10:28:35,342.5,12.4,-0.026165,-51.008665
EDUARDO COSTA,2025-03-04 12:48:20,40.8,16.3,0.243521,-50.628205
EDUARDO COSTA,2025-03-04 12:49:31,39.8,16.4,0.246811,-50.62384
EDUARDO COSTA,2025-03-04 12:49:58,38.9,16.3,0.247996,-50.622265
EDUARDO COSTA,2025-03-04 12:50:12,40.6,16.2,0.248623,-50.621413
EDUARDO COSTA,2025-03-04 12:50:16,40.4,16.3,0.248808,-50.621176
EDUARDO COSTA,2025-03-04 12:50:36,40.7,16.2,0.249698,-50.619961
EDUARDO COSTA,2025-03-04 12:50:56,39.9,16.2,0.25059,-50.618753
EDUARDO COSTA,2025-03-04 12:52:08,41.3,16.1,0.253785,-50.614395
EDUARDO COSTA,2025-03-04 12:52:42,41.1,16.1,0.255276,-50.61233
EDUARDO COSTA,2025-03-04 12:52:44,41.0,16.1,0.25536,-50.612205
EDUARDO COSTA,2025-03-04 12:52:48,41.9,16.1,0.25553,-50.61196
EDUARDO COSTA,2025-03-04 12:52:52,42.7,16.1,0.255706,-50.611718
EDUARDO COSTA,2025-03-04 12:52:56,41.9,16.0,0.255886,-50.61148
EDUARDO COSTA,2025-03-04 12:53:14,42.1,16.0,0.256671,-50.610388
EDUARDO COSTA,2025-03-04 13:52:07,358.3,17.6,0.458425,-50.440013
EDUARDO COSTA,2025-03-04 14:10:32,358.0,18.2,0.549115,-50.423568
EDUARDO COSTA,2025-03-04 14:31:26,28.6,18.8,0.64469,-50.378253
EDUARDO COSTA,2025-03-04 15:01:39,64.3,16.6,0.713653,-50.258026
EDUARDO COSTA,2025-03-04 19:14:37,41.0,14.9,1.172513,-49.538625
EDUARDO COSTA,2025-03-04 19:19:17,40.4,15.4,1.18465,-49.522953
EDUARDO COSTA,2025-03-04 19:27:40,39.2,15.4,1.20675,-49.494508
EDUARDO COSTA,2025-03-04 19:46:25,37.3,15.7,1.25723,-49.430496
EDUARDO COSTA,2025-03-04 19:52:13,38.8,16.3,1.273708,-49.410666
EDUARDO COSTA,2025-03-04 20:13:20,36.6,16.4,1.333973,-49.333903
EDUARDO COSTA,2025-03-04 21:03:33,52.2,15.9,1.435185,-49.143323
EDUARDO COSTA,2025-03-04 21:11:03,52.1,15.6,1.449461,-49.113653
EDUARDO COSTA,2025-03-04 23:56:52,76.2,11.9,1.518666,-48.513831
EDUARDO COSTA,2025-03-05 00:43:29,116.9,12.2,1.4355,-48.385331
EDUARDO COSTA,2025-03-05 00:43:45,116.8,12.2,1.434848,-48.384593
EDUARDO COSTA,2025-03-05 00:47:29,116.9,12.2,1.4265,-48.374998
EDUARDO COSTA,2025-03-05 01:02:59,115.9,12.6,1.391723,-48.333741
EDUARDO COSTA,2025-03-05 01:06:43,113.8,12.4,1.383381,-48.323846
EDUARDO COSTA,2025-03-05 01:08:49,115.4,12.4,1.378833,-48.317998
EDUARDO COSTA,2025-03-05 01:38:19,119.0,13.0,1.314136,-48.237266
EDUARDO COSTA,2025-03-05 01:43:20,116.6,12.9,1.3015,-48.224165
EDUARDO COSTA,2025-03-05 01:45:55,121.1,13.1,1.295166,-48.217331
EDUARDO COSTA,2025-03-05 01:47:19,116.9,12.9,1.291741,-48.213588
EDUARDO COSTA,2025-03-05 01:47:53,120.7,13.0,1.290345,-48.212085
EDUARDO COSTA,2025-03-05 01:48:22,118.4,13.0,1.289166,-48.210831
EDUARDO COSTA,2025-03-05 01:48:26,119.0,13.0,1.289,-48.210665
EDUARDO COSTA,2025-03-05 01:48:31,117.3,13.0,1.288666,-48.210331
EDUARDO COSTA,2025-03-05 01:48:36,119.7,13.1,1.288531,-48.210143
EDUARDO COSTA,2025-03-05 01:48:43,112.8,13.0,1.288245,-48.209906
EDUARDO COSTA,2025-03-05 01:49:22,117.9,13.0,1.286666,-48.208165
EDUARDO COSTA,2025-03-05 01:49:26,118.5,13.0,1.2865,-48.207998
EDUARDO COSTA,2025-03-05 01:50:19,119.7,13.0,1.284328,-48.205633
EDUARDO COSTA,2025-03-05 01:50:29,118.1,13.0,1.283833,-48.205165
EDUARDO COSTA,2025-03-05 01:50:36,118.0,12.9,1.283586,-48.204845
EDUARDO COSTA,2025-03-05 01:51:02,118.1,12.9,1.2825,-48.203831
EDUARDO COSTA,2025-03-05 02:10:29,118.9,13.0,1.235095,-48.152955
EDUARDO COSTA,2025-03-05 02:13:20,120.0,13.0,1.227833,-48.145498
EDUARDO COSTA,2025-03-05 02:45:59,118.3,13.0,1.145666,-48.059665
EDUARDO COSTA,2025-03-05 02:48:00,121.0,12.8,1.140666,-48.054498
EDUARDO COSTA,2025-03-05 02:53:30,119.5,12.8,1.127166,-48.039831
EDUARDO COSTA,2025-03-05 06:51:40,117.4,12.4,0.572166,-47.431498
EDUARDO COSTA,2025-03-05 07:36:59,120.1,13.1,0.463573,-47.310616
EDUARDO COSTA,2025-03-05 07:40:22,118.9,13.2,0.454955,-47.301395
EDUARDO COSTA,2025-03-05 07:42:33,118.4,13.2,0.449503,-47.295461
EDUARDO COSTA,2025-03-05 08:03:40,116.9,13.4,0.397,-47.238498
EDUARDO COSTA,2025-03-05 08:08:43,123.8,13.1,0.384,-47.224831
EDUARDO COSTA,2025-03-05 08:11:16,117.3,13.1,0.377833,-47.217998
EDUARDO COSTA,2025-03-05 08:28:09,120.3,13.7,0.335085,-47.172405
EDUARDO COSTA,2025-03-05 08:30:47,123.3,13.7,0.328045,-47.165115
EDUARDO COSTA,2025-03-05 08:33:19,124.8,13.4,0.321316,-47.158355
EDUARDO COSTA,2025-03-05 09:23:48,107.9,13.3,0.181621,-47.023456
EDUARDO COSTA,2025-03-05 09:30:19,109.7,13.2,0.16893,-47.003271
EDUARDO COSTA,2025-03-05 11:44:07,229.5,14.3,-0.057008,-46.870903
EDUARDO COSTA,2025-03-05 12:34:51,234.0,14.3,-0.134831,-47.054998
EDUARDO COSTA,2025-03-05 12:35:00,234.0,14.3,-0.135055,-47.055601
EDUARDO COSTA,2025-03-05 12:35:08,233.7,14.3,-0.135255,-47.056093
EDUARDO COSTA,2025-03-05 12:35:10,232.6,14.3,-0.135293,-47.056221
EDUARDO COSTA,2025-03-05 12:35:18,235.7,14.4,-0.1355,-47.056713
EDUARDO COSTA,2025-03-05 12:35:20,234.3,14.4,-0.135498,-47.056831
EDUARDO COSTA,2025-03-05 12:37:50,233.5,14.3,-0.13929,-47.066145
EDUARDO COSTA,2025-03-05 12:39:37,234.1,14.5,-0.141936,-47.072745
EDUARDO COSTA,2025-03-05 13:22:12,231.8,14.6,-0.210878,-47.232736
EDUARDO COSTA,2025-03-05 13:25:49,230.6,14.7,-0.217141,-47.246101
EDUARDO COSTA,2025-03-05 13:27:16,231.4,14.5,-0.219625,-47.251348
EDUARDO COSTA,2025-03-05 13:27:52,231.0,14.5,-0.220605,-47.253556
EDUARDO COSTA,2025-03-05 13:28:32,231.2,14.5,-0.22171,-47.255998
EDUARDO COSTA,2025-03-05 14:01:56,232.2,13.8,-0.272343,-47.378115
EDUARDO COSTA,2025-03-05 14:06:09,238.8,13.4,-0.277665,-47.392998
EDUARDO COSTA,2025-03-05 14:07:13,241.2,13.3,-0.278665,-47.396831
EDUARDO COSTA,2025-03-05 14:10:15,307.0,7.1,-0.278498,-47.405331
EDUARDO COSTA,2025-03-05 14:34:30,78.1,11.7,-0.277665,-47.344998
EDUARDO COSTA,2025-03-05 14:37:16,78.3,11.5,-0.277831,-47.336165
EDUARDO COSTA,2025-03-05 18:26:10,74.5,13.3,-0.275498,-46.529165
EDUARDO COSTA,2025-03-05 18:42:26,79.0,14.0,-0.275541,-46.467168
EDUARDO COSTA,2025-03-05 18:47:41,78.8,13.3,-0.275998,-46.447331
EDUARDO COSTA,2025-03-05 19:07:24,75.8,12.9,-0.276831,-46.375165
EDUARDO COSTA,2025-03-05 20:00:15,76.4,12.1,-0.275915,-46.188016
EDUARDO COSTA,2025-03-05 20:03:41,77.5,11.9,-0.275998,-46.176665
EDUARDO COSTA,2025-03-05 20:04:38,74.7,11.9,-0.275998,-46.173498
EDUARDO COSTA,2025-03-05 20:05:51,76.3,11.7,-0.275998,-46.169331
EDUARDO COSTA,2025-03-05 20:27:27,79.7,12.1,-0.277665,-46.097998
EDUARDO COSTA,2025-03-05 20:29:37,77.4,12.2,-0.277831,-46.090831
EDUARDO COSTA,2025-03-05 23:33:41,105.3,12.3,-0.499245,-45.517561
EDUARDO COSTA,2025-03-06 00:07:15,101.6,12.0,-0.548498,-45.414498
EDUARDO COSTA,2025-03-06 00:09:22,100.5,12.1,-0.551331,-45.408165
EDUARDO COSTA,2025-03-06 00:25:43,101.4,12.1,-0.573331,-45.357498
EDUARDO COSTA,2025-03-06 00:26:57,99.1,12.2,-0.574998,-45.353665
EDUARDO COSTA,2025-03-06 00:27:01,102.2,12.2,-0.575165,-45.353498
EDUARDO COSTA,2025-03-06 00:30:41,96.9,12.2,-0.579831,-45.341998
EDUARDO COSTA,2025-03-06 00:39:38,97.6,12.1,-0.591236,-45.313763
EDUARDO COSTA,2025-03-06 01:08:14,95.7,12.3,-0.628296,-45.221075
EDUARDO COSTA,2025-03-06 01:12:14,98.2,12.5,-0.633541,-45.208223
EDUARDO COSTA,2025-03-06 01:14:35,99.0,12.5,-0.636521,-45.200673
EDUARDO COSTA,2025-03-06 01:45:28,95.1,12.7,-0.673368,-45.100218
EDUARDO COSTA,2025-03-06 01:47:34,93.8,12.5,-0.675498,-45.093165
EDUARDO COSTA,2025-03-06 01:49:51,97.9,12.2,-0.677831,-45.085665
EDUARDO COSTA,2025-03-06 01:51:55,95.8,12.3,-0.679998,-45.078831
EDUARDO COSTA,2025-03-06 02:24:44,99.4,11.9,-0.722331,-44.973498
EDUARDO COSTA,2025-03-06 06:38:05,92.3,12.3,-1.06247,-44.157176
EDUARDO COSTA,2025-03-06 06:39:04,93.4,12.6,-1.063495,-44.153856
EDUARDO COSTA,2025-03-06 06:40:22,94.0,12.5,-1.064831,-44.149665
EDUARDO COSTA,2025-03-06 06:42:45,91.3,12.6,-1.06728,-44.141618
EDUARDO COSTA,2025-03-06 06:43:44,98.6,12.8,-1.068268,-44.138235
EDUARDO COSTA,2025-03-06 06:47:48,94.5,12.7,-1.072688,-44.12443
EDUARDO COSTA,2025-03-06 07:05:01,89.9,12.2,-1.089441,-44.067386
EDUARDO COSTA,2025-03-06 07:09:58,91.1,12.3,-1.094165,-44.051165
EDUARDO COSTA,2025-03-06 07:13:48,92.9,12.3,-1.097665,-44.038498
EDUARDO COSTA,2025-03-06 07:29:02,95.2,12.2,-1.112165,-43.988498
EDUARDO COSTA,2025-03-06 07:33:42,93.9,12.1,-1.116498,-43.973331
EDUARDO COSTA,2025-03-06 08:26:31,93.8,12.0,-1.170165,-43.803498
EDUARDO COSTA,2025-03-06 08:54:38,90.6,11.9,-1.198665,-43.714331
EDUARDO COSTA,2025-03-06 12:13:03,95.1,11.8,-1.376831,-43.092998
EDUARDO COSTA,2025-03-06 12:18:57,93.8,11.7,-1.382831,-43.074665
EDUARDO COSTA,2025-03-06 12:22:45,92.3,11.7,-1.387023,-43.062923
EDUARDO COSTA,2025-03-06 12:23:44,94.9,11.8,-1.388075,-43.05982
EDUARDO COSTA,2025-03-06 13:00:17,94.8,11.9,-1.426498,-42.945331
EDUARDO COSTA,2025-03-06 13:03:22,96.4,12.0,-1.429498,-42.935498
EDUARDO COSTA,2025-03-06 13:07:14,90.1,12.0,-1.433388,-42.923043
EDUARDO COSTA,2025-03-06 13:11:41,93.4,11.9,-1.437805,-42.908928
EDUARDO COSTA,2025-03-06 13:13:04,93.5,11.9,-1.439165,-42.904498
EDUARDO COSTA,2025-03-06 13:33:10,95.5,12.0,-1.458768,-42.83991
EDUARDO COSTA,2025-03-06 13:37:27,91.3,12.1,-1.463165,-42.825998
EDUARDO COSTA,2025-03-06 13:43:12,93.7,11.9,-1.468498,-42.807665
EDUARDO COSTA,2025-03-06 16:58:36,92.8,11.8,-1.651105,-42.206088
EDUARDO COSTA,2025-03-06 17:01:16,91.0,11.9,-1.653498,-42.197665
EDUARDO COSTA,2025-03-06 17:01:26,92.2,12.0,-1.653665,-42.197165
EDUARDO COSTA,2025-03-06 17:01:29,91.4,12.0,-1.653831,-42.196831
EDUARDO COSTA,2025-03-06 17:01:56,91.3,12.0,-1.654165,-42.195498
EDUARDO COSTA,2025-03-06 17:02:09,94.3,12.2,-1.654368,-42.194816
EDUARDO COSTA,2025-03-06 17:02:22,93.1,12.0,-1.654608,-42.19407
EDUARDO COSTA,2025-03-06 17:02:36,92.4,12.0,-1.654816,-42.193315
EDUARDO COSTA,2025-03-06 17:02:42,91.6,11.9,-1.654998,-42.192998
EDUARDO COSTA,2025-03-06 17:02:53,89.6,11.9,-1.655165,-42.192331
EDUARDO COSTA,2025-03-06 17:03:22,92.7,12.1,-1.655531,-42.19085
EDUARDO COSTA,2025-03-06 17:03:52,92.6,12.0,-1.655998,-42.189331
EDUARDO COSTA,2025-03-06 17:04:06,92.7,12.0,-1.656165,-42.188498
EDUARDO COSTA,2025-03-06 17:05:09,89.4,12.0,-1.657165,-42.185165
EDUARDO COSTA,2025-03-06 17:05:19,91.0,11.9,-1.657165,-42.184498
EDUARDO COSTA,2025-03-06 17:05:22,94.2,11.9,-1.657165,-42.184498
EDUARDO COSTA,2025-03-06 17:08:42,90.4,11.7,-1.660058,-42.17376
EDUARDO COSTA,2025-03-06 17:41:58,91.6,12.1,-1.687831,-42.066998
EDUARDO COSTA,2025-03-06 17:47:51,89.8,12.0,-1.692465,-42.047891
EDUARDO COSTA,2025-03-06 18:16:47,92.8,11.6,-1.717165,-41.956498
EDUARDO COSTA,2025-03-06 19:00:54,91.1,12.1,-1.759165,-41.816998
EDUARDO COSTA,2025-03-06 19:01:38,91.3,12.0,-1.759831,-41.814665
EDUARDO COSTA,2025-03-06 19:03:58,95.6,11.9,-1.761971,-41.807091
EDUARDO COSTA,2025-03-06 19:07:18,95.9,11.8,-1.765376,-41.796616
EDUARDO COSTA,2025-03-06 19:31:04,94.1,11.6,-1.788136,-41.721665
EDUARDO COSTA,2025-03-06 19:52:37,94.9,11.1,-1.808998,-41.655831
EDUARDO COSTA,2025-03-06 23:08:21,95.8,11.5,-1.981831,-41.067831
EDUARDO COSTA,2025-03-06 23:41:14,94.1,11.3,-2.011831,-40.968831
EDUARDO COSTA,2025-03-06 23:44:05,91.8,11.4,-2.014665,-40.960165
EDUARDO COSTA,2025-03-06 23:48:54,87.5,11.4,-2.018165,-40.944998
EDUARDO COSTA,2025-03-07 00:14:34,95.8,11.3,-2.043665,-40.867165
EDUARDO COSTA,2025-03-07 00:21:58,96.9,11.6,-2.051316,-40.844595
EDUARDO COSTA,2025-03-07 00:45:45,93.2,11.8,-2.07385,-40.770531
EDUARDO COSTA,2025-03-07 01:24:03,90.2,12.0,-2.105498,-40.647498
EDUARDO COSTA,2025-03-07 01:27:24,92.2,12.1,-2.108498,-40.636498
EDUARDO COSTA,2025-03-07 01:54:38,90.6,11.9,-2.132498,-40.548998
EDUARDO COSTA,2025-03-07 02:00:01,93.5,11.8,-2.137498,-40.531831
EDUARDO COSTA,2025-03-07 02:00:24,92.3,11.8,-2.13785,-40.53055
EDUARDO COSTA,2025-03-07 02:00:31,90.5,11.7,-2.137963,-40.53024
EDUARDO COSTA,2025-03-07 04:49:48,89.9,11.5,-2.293831,-40.009331
EDUARDO COSTA,2025-03-07 05:40:02,97.4,11.7,-2.341831,-39.853165
EDUARDO COSTA,2025-03-07 05:46:38,91.8,11.7,-2.34841,-39.832461
EDUARDO COSTA,2025-03-07 06:06:22,85.5,11.7,-2.368998,-39.772998
EDUARDO COSTA,2025-03-07 06:31:58,125.3,11.7,-2.427435,-39.71544
EDUARDO COSTA,2025-03-07 06:34:01,125.9,11.7,-2.432498,-39.710998
EDUARDO COSTA,2025-03-07 07:23:18,130.7,12.1,-2.555165,-39.599165
EDUARDO COSTA,2025-03-07 07:25:35,131.4,12.2,-2.561508,-39.594691
EDUARDO COSTA,2025-03-07 07:25:45,130.1,12.2,-2.561968,-39.59436
EDUARDO COSTA,2025-03-07 07:51:12,117.0,11.8,-2.625665,-39.537998
EDUARDO COSTA,2025-03-07 10:51:54,123.8,11.3,-3.052128,-39.118373
EDUARDO COSTA,2025-03-07 10:58:39,124.5,11.5,-3.067998,-39.104165
EDUARDO COSTA,2025-03-07 11:31:45,99.4,11.2,-3.137891,-39.027106
EDUARDO COSTA,2025-03-07 11:48:52,94.0,11.4,-3.157165,-38.978331
EDUARDO COSTA,2025-03-07 12:02:11,95.9,10.8,-3.170501,-38.9389
EDUARDO COSTA,2025-03-07 12:05:21,96.6,10.8,-3.173665,-38.929998
EDUARDO COSTA,2025-03-07 12:05:57,97.4,10.7,-3.174331,-38.928331
EDUARDO COSTA,2025-03-07 12:06:07,94.9,10.7,-3.174498,-38.927831
EDUARDO COSTA,2025-03-07 12:06:33,102.2,10.7,-3.174998,-38.926498
EDUARDO COSTA,2025-03-07 12:06:34,102.2,10.7,-3.174998,-38.926498
EDUARDO COSTA,2025-03-07 12:06:37,98.9,10.6,-3.174998,-38.926331
EDUARDO COSTA,2025-03-07 12:06:43,100.4,10.8,-3.17512,-38.926066
EDUARDO COSTA,2025-03-07 12:06:47,96.0,10.6,-3.175165,-38.925998
EDUARDO COSTA,2025-03-07 12:07:24,96.6,10.5,-3.175826,-38.924221
EDUARDO COSTA,2025-03-07 12:08:13,97.4,10.6,-3.176665,-38.921998
EDUARDO COSTA,2025-03-07 12:08:57,97.6,10.7,-3.177426,-38.91989
EDUARDO COSTA,2025-03-07 12:33:28,96.7,9.9,-3.200498,-38.852165
EDUARDO COSTA,2025-03-07 12:33:41,93.6,10.0,-3.200736,-38.851585
EDUARDO COSTA,2025-03-07 13:10:21,89.3,11.5,-3.235651,-38.744471
EDUARDO COSTA,2025-03-07 13:12:48,96.3,11.7,-3.237998,-38.736998
EDUARDO COSTA,2025-03-07 13:37:05,95.9,12.5,-3.267831,-38.660831
EDUARDO COSTA,2025-03-07 13:46:38,98.9,12.6,-3.279498,-38.629498
EDUARDO COSTA,2025-03-07 15:32:35,97.9,12.0,-3.406986,-38.261598
EDUARDO COSTA,2025-03-07 16:20:34,96.5,11.8,-3.44968,-38.137045
EDUARDO COSTA,2025-03-07 16:40:24,97.9,11.4,-3.471946,-38.076648
EDUARDO COSTA,2025-03-07 16:48:35,93.9,11.2,-3.480081,-38.05255
EDUARDO COSTA,2025-03-07 17:15:56,104.2,10.8,-3.511831,-37.974798
EDUARDO COSTA,2025-03-07 17:16:00,105.5,10.8,-3.511831,-37.974665
EDUARDO COSTA,2025-03-07 17:16:49,105.9,10.9,-3.513165,-37.972498
EDUARDO COSTA,2025-03-07 17:16:56,105.2,10.8,-3.513165,-37.972165
EDUARDO COSTA,2025-03-07 17:17:09,105.6,10.9,-3.513665,-37.971498
EDUARDO COSTA,2025-03-07 17:18:09,106.4,11.0,-3.514998,-37.968831
EDUARDO COSTA,2025-03-07 18:03:16,103.8,10.5,-3.580331,-37.851331
EDUARDO COSTA,2025-03-07 18:05:21,106.2,10.6,-3.583165,-37.845665
EDUARDO COSTA,2025-03-07 18:06:48,102.9,10.6,-3.585165,-37.841998
EDUARDO COSTA,2025-03-07 18:07:45,102.5,10.6,-3.586331,-37.839331
EDUARDO COSTA,2025-03-07 18:24:31,105.8,10.6,-3.608998,-37.794831
EDUARDO COSTA,2025-03-07 18:26:37,111.0,10.5,-3.612165,-37.789498
EDUARDO COSTA,2025-03-07 18:28:57,105.2,10.6,-3.615498,-37.783665
EDUARDO COSTA,2025-03-07 18:31:04,103.6,10.5,-3.618558,-37.778151
EDUARDO COSTA,2025-03-07 18:52:38,106.6,10.6,-3.649831,-37.722165
EDUARDO COSTA,2025-03-07 18:55:28,106.1,10.5,-3.653998,-37.714831
EDUARDO COSTA,2025-03-07 19:02:18,104.8,10.5,-3.663665,-37.697331
EDUARDO COSTA,2025-03-07 19:53:38,105.0,10.9,-3.735831,-37.562998
EDUARDO COSTA,2025-03-07 22:45:18,106.0,11.7,-3.989165,-37.092165
EDUARDO COSTA,2025-03-07 22:46:48,106.7,11.7,-3.991498,-37.087998
EDUARDO COSTA,2025-03-07 22:49:31,107.6,11.6,-3.995998,-37.080331
EDUARDO COSTA,2025-03-07 23:11:58,110.6,11.5,-4.032708,-37.01773
EDUARDO COSTA,2025-03-07 23:51:37,102.3,11.1,-4.096165,-36.911665
EDUARDO COSTA,2025-03-07 23:53:23,100.5,11.3,-4.098498,-36.906665
EDUARDO COSTA,2025-03-08 00:25:25,106.2,10.8,-4.140906,-36.818133
EDUARDO COSTA,2025-03-08 00:30:52,104.4,10.8,-4.148998,-36.803665
EDUARDO COSTA,2025-03-08 00:33:47,106.2,10.7,-4.153165,-36.795831
EDUARDO COSTA,2025-03-08 00:55:20,111.9,10.8,-4.184665,-36.739331
EDUARDO COSTA,2025-03-08 01:12:07,105.4,10.8,-4.209256,-36.69537
EDUARDO COSTA,2025-03-08 01:12:57,105.4,10.8,-4.210498,-36.693165
EDUARDO COSTA,2025-03-08 01:13:30,106.4,11.0,-4.211331,-36.691665
EDUARDO COSTA,2025-03-08 01:14:10,106.4,10.9,-4.212165,-36.689831
EDUARDO COSTA,2025-03-08 01:14:27,104.4,10.9,-4.212665,-36.689165
EDUARDO COSTA,2025-03-08 01:14:50,107.3,11.0,-4.213236,-36.688161
EDUARDO COSTA,2025-03-08 01:15:23,108.7,11.1,-4.213998,-36.686665
EDUARDO COSTA,2025-03-08 01:15:33,111.4,11.0,-4.214331,-36.686165
EDUARDO COSTA,2025-03-08 01:15:40,102.7,10.9,-4.214501,-36.68593
EDUARDO COSTA,2025-03-08 01:16:30,105.4,10.8,-4.215735,-36.683701
EDUARDO COSTA,2025-03-08 01:16:57,105.0,10.9,-4.21641,-36.682456
EDUARDO COSTA,2025-03-08 03:49:00,101.1,11.1,-4.432816,-36.282863
EDUARDO COSTA,2025-03-08 05:28:48,103.2,11.7,-4.576331,-36.004331
EDUARDO COSTA,2025-03-08 05:31:34,102.0,12.0,-4.580498,-35.995998
EDUARDO COSTA,2025-03-08 05:35:05,104.1,11.9,-4.585738,-35.985641
EDUARDO COSTA,2025-03-08 06:23:38,104.1,12.2,-4.658228,-35.839796
EDUARDO COSTA,2025-03-08 06:26:17,104.6,12.1,-4.6627,-35.831946
EDUARDO COSTA,2025-03-08 06:27:08,106.0,12.0,-4.663998,-35.829498
EDUARDO COSTA,2025-03-08 06:28:37,106.7,12.0,-4.666541,-35.825076
EDUARDO COSTA,2025-03-08 06:30:38,107.6,11.9,-4.669831,-35.819331
EDUARDO COSTA,2025-03-08 06:33:52,105.6,12.0,-4.675165,-35.809831
EDUARDO COSTA,2025-03-08 06:48:44,103.0,12.0,-4.699688,-35.765766
EDUARDO COSTA,2025-03-08 06:58:44,106.5,12.1,-4.715998,-35.735998
EDUARDO COSTA,2025-03-08 09:22:34,103.2,11.7,-4.942648,-35.312068
EDUARDO COSTA,2025-03-08 09:51:43,103.3,11.8,-4.987165,-35.226665
EDUARDO COSTA,2025-03-08 10:25:14,143.4,11.7,-5.061998,-35.150331
EDUARDO COSTA,2025-03-08 10:31:14,154.2,11.7,-5.081331,-35.145831
EDUARDO COSTA,2025-03-08 11:00:37,153.1,11.7,-5.175498,-35.123998
EDUARDO COSTA,2025-03-08 11:08:50,154.7,11.7,-5.201771,-35.117886
EDUARDO COSTA,2025-03-08 11:17:47,154.6,11.5,-5.230165,-35.111665
EDUARDO COSTA,2025-03-08 11:19:35,153.3,11.5,-5.235695,-35.110426
EDUARDO COSTA,2025-03-08 11:35:28,152.8,12.0,-5.286498,-35.097998
EDUARDO COSTA,2025-03-08 11:39:11,153.2,11.8,-5.298676,-35.095126
EDUARDO COSTA,2025-03-08 11:46:37,151.1,11.9,-5.322665,-35.089331
EDUARDO COSTA,2025-03-08 11:47:50,153.1,11.8,-5.326671,-35.088318
EDUARDO COSTA,2025-03-08 11:48:17,151.8,11.9,-5.327998,-35.087998
EDUARDO COSTA,2025-03-08 11:48:43,152.9,11.8,-5.329498,-35.087665
EDUARDO COSTA,2025-03-08 11:49:20,153.3,11.8,-5.331483,-35.087145
EDUARDO COSTA,2025-03-08 11:49:50,153.1,11.9,-5.333111,-35.08677
EDUARDO COSTA,2025-03-08 11:51:00,151.7,11.9,-5.33689,-35.08586
EDUARDO COSTA,2025-03-08 11:51:30,152.2,11.9,-5.338515,-35.085466
EDUARDO COSTA,2025-03-08 11:51:50,152.8,11.9,-5.339601,-35.085221
EDUARDO COSTA,2025-03-08 12:07:17,154.3,9.5,-5.386665,-35.074498
EDUARDO COSTA,2025-03-08 12:08:20,152.3,9.3,-5.389438,-35.073815
EDUARDO COSTA,2025-03-08 12:10:40,154.0,9.2,-5.39533,-35.072465
EDUARDO COSTA,2025-03-08 12:13:00,153.3,9.1,-5.401158,-35.071168
EDUARDO COSTA,2025-03-08 12:55:30,151.1,11.6,-5.530273,-35.036008
EDUARDO COSTA,2025-03-08 12:57:17,150.5,11.7,-5.535831,-35.034331
EDUARDO COSTA,2025-03-08 15:23:08,149.5,11.5,-5.986165,-34.916331
EDUARDO COSTA,2025-03-08 15:43:24,154.2,11.3,-6.048831,-34.899665
EDUARDO COSTA,2025-03-08 15:46:14,152.8,11.2,-6.057498,-34.897665
EDUARDO COSTA,2025-03-08 16:13:48,152.9,11.4,-6.141818,-34.876296
EDUARDO COSTA,2025-03-08 17:00:41,153.6,11.6,-6.289498,-34.838998
EDUARDO COSTA,2025-03-08 17:07:57,150.5,11.4,-6.311998,-34.833165
EDUARDO COSTA,2025-03-08 17:26:18,151.0,11.2,-6.36798,-34.817933
EDUARDO COSTA,2025-03-08 17:31:21,152.9,11.2,-6.383583,-34.813835
EDUARDO COSTA,2025-03-08 17:31:24,152.9,11.2,-6.383583,-34.813835
EDUARDO COSTA,2025-03-08 17:54:17,155.5,11.7,-6.455831,-34.798665
EDUARDO COSTA,2025-03-08 18:01:07,153.0,11.6,-6.477628,-34.793833
EDUARDO COSTA,2025-03-08 18:47:15,154.1,12.0,-6.624816,-34.756878
EDUARDO COSTA,2025-03-08 18:49:54,153.0,12.0,-6.633498,-34.754665
EDUARDO COSTA,2025-03-08 18:51:58,152.1,12.1,-6.640165,-34.752831
EDUARDO COSTA,2025-03-08 18:52:37,151.1,12.1,-6.642331,-34.752165
EDUARDO COSTA,2025-03-08 18:56:08,151.2,12.1,-6.653831,-34.749165
EDUARDO COSTA,2025-03-08 19:43:20,150.9,11.8,-6.805831,-34.706831
EDUARDO COSTA,2025-03-08 19:46:20,151.8,12.1,-6.815498,-34.704331
EDUARDO COSTA,2025-03-08 23:36:11,165.4,12.2,-7.57294,-34.643846
EDUARDO COSTA,2025-03-08 23:56:17,169.9,12.1,-7.64115,-34.64843
EDUARDO COSTA,2025-03-09 00:01:05,168.4,12.2,-7.657268,-34.649686
EDUARDO COSTA,2025-03-09 00:05:25,169.0,12.1,-7.67197,-34.65058
EDUARDO COSTA,2025-03-09 00:35:00,168.7,12.2,-7.772831,-34.656831
EDUARDO COSTA,2025-03-09 00:39:24,170.2,12.2,-7.787896,-34.6577
EDUARDO COSTA,2025-03-09 03:40:38,179.4,12.8,-8.410025,-34.774788
EDUARDO COSTA,2025-03-09 04:07:15,183.7,12.6,-8.49788,-34.808563
EDUARDO COSTA,2025-03-09 04:33:52,182.1,12.5,-8.587498,-34.836331
EDUARDO COSTA,2025-03-09 05:23:00,185.2,12.7,-8.754165,-34.890998
EDUARDO COSTA,2025-03-09 05:24:31,184.7,12.7,-8.75904,-34.8926
EDUARDO COSTA,2025-03-09 05:26:39,183.9,12.8,-8.766498,-34.895165
EDUARDO COSTA,2025-03-09 05:31:11,184.6,12.6,-8.781665,-34.900165
EDUARDO COSTA,2025-03-09 05:51:28,184.9,12.7,-8.849711,-34.924858
EDUARDO COSTA,2025-03-09 05:57:18,184.8,12.7,-8.869331,-34.931331
EDUARDO COSTA,2025-03-09 05:59:34,183.1,12.7,-8.877135,-34.933716
EDUARDO COSTA,2025-03-09 08:49:34,204.9,13.2,-9.394831,-35.235331
EDUARDO COSTA,2025-03-09 08:52:58,204.8,13.3,-9.404498,-35.243331
EDUARDO COSTA,2025-03-09 09:23:27,205.1,13.5,-9.492331,-35.317165
EDUARDO COSTA,2025-03-09 10:04:32,203.1,13.3,-9.609998,-35.416165
EDUARDO COSTA,2025-03-09 10:28:31,203.6,13.3,-9.679998,-35.471165
EDUARDO COSTA,2025-03-09 10:33:18,203.9,13.6,-9.693998,-35.482331
EDUARDO COSTA,2025-03-09 10:37:51,204.4,13.6,-9.707665,-35.493165
EDUARDO COSTA,2025-03-09 11:06:11,204.8,13.5,-9.79003,-35.560998
EDUARDO COSTA,2025-03-09 11:09:22,206.0,13.6,-9.799165,-35.568831
EDUARDO COSTA,2025-03-09 11:12:38,207.0,13.6,-9.808665,-35.576998
EDUARDO COSTA,2025-03-09 11:15:27,205.4,13.6,-9.816831,-35.583998
EDUARDO COSTA,2025-03-09 11:35:01,206.5,13.8,-9.874331,-35.631831
EDUARDO COSTA,2025-03-09 11:35:07,206.1,13.7,-9.874665,-35.631998
EDUARDO COSTA,2025-03-09 11:36:33,206.6,13.7,-9.878831,-35.635665
EDUARDO COSTA,2025-03-09 11:37:03,205.3,13.8,-9.880331,-35.636831
EDUARDO COSTA,2025-03-09 11:38:49,205.7,13.7,-9.885583,-35.641126
EDUARDO COSTA,2025-03-09 11:47:30,204.8,13.6,-9.911303,-35.662476
EDUARDO COSTA,2025-03-09 11:50:47,206.3,13.6,-9.920998,-35.670498
EDUARDO COSTA,2025-03-09 12:23:00,205.6,13.6,-10.016165,-35.750165
EDUARDO COSTA,2025-03-09 12:53:48,206.9,14.0,-10.108843,-35.826618
EDUARDO COSTA,2025-03-09 13:05:06,206.3,13.9,-10.142866,-35.855491
EDUARDO COSTA,2025-03-09 13:07:38,207.0,13.8,-10.150363,-35.861926
EDUARDO COSTA,2025-03-09 16:24:45,203.2,13.4,-10.721665,-36.335165
EDUARDO COSTA,2025-03-09 16:56:40,206.8,13.4,-10.812998,-36.414331
EDUARDO COSTA,2025-03-09 17:45:22,205.0,13.2,-10.951498,-36.533831
EDUARDO COSTA,2025-03-09 17:51:42,206.6,13.5,-10.969665,-36.548665
EDUARDO COSTA,2025-03-09 18:38:09,205.0,13.5,-11.10554,-36.660516
EDUARDO COSTA,2025-03-09 18:44:55,205.2,13.6,-11.125611,-36.676626
EDUARDO COSTA,2025-03-09 18:47:32,205.9,14.0,-11.133331,-36.683165
EDUARDO COSTA,2025-03-09 22:59:32,204.6,13.7,-11.895665,-37.289998
EDUARDO COSTA,2025-03-09 23:36:38,203.9,13.6,-12.004831,-37.379331
EDUARDO COSTA,2025-03-10 00:10:50,202.6,13.6,-12.107165,-37.460165
EDUARDO COSTA,2025-03-10 00:17:20,200.7,13.7,-12.126998,-37.475165
EDUARDO COSTA,2025-03-10 00:21:09,202.5,13.5,-12.138665,-37.483831
EDUARDO COSTA,2025-03-10 00:38:40,203.6,13.5,-12.192165,-37.523165
EDUARDO COSTA,2025-03-10 00:44:27,201.8,13.4,-12.209665,-37.536331
EDUARDO COSTA,2025-03-10 00:57:00,203.4,13.3,-12.247331,-37.564165
EDUARDO COSTA,2025-03-10 00:57:13,204.5,13.3,-12.248041,-37.564733
EDUARDO COSTA,2025-03-10 01:19:56,201.1,12.9,-12.307396,-37.624146
EDUARDO COSTA,2025-03-10 01:20:59,204.5,12.9,-12.310498,-37.626498
EDUARDO COSTA,2025-03-10 01:21:47,203.5,12.8,-12.312665,-37.628165
EDUARDO COSTA,2025-03-10 01:22:47,202.9,12.8,-12.315665,-37.630331
EDUARDO COSTA,2025-03-10 01:22:57,203.1,12.8,-12.316165,-37.630831
EDUARDO COSTA,2025-03-10 01:23:06,203.3,12.9,-12.316523,-37.631078
EDUARDO COSTA,2025-03-10 01:23:19,203.4,12.8,-12.317165,-37.631498
EDUARDO COSTA,2025-03-10 01:23:47,202.8,12.8,-12.318498,-37.632498
EDUARDO COSTA,2025-03-10 01:26:52,202.6,12.8,-12.327363,-37.63933
EDUARDO COSTA,2025-03-10 02:00:27,199.9,12.7,-12.424045,-37.711801
EDUARDO COSTA,2025-03-10 02:41:50,201.3,12.7,-12.541515,-37.801186
EDUARDO COSTA,2025-03-10 03:28:56,207.3,13.4,-12.675498,-37.912831
EDUARDO COSTA,2025-03-10 03:31:10,205.4,13.4,-12.681831,-37.918498
EDUARDO COSTA,2025-03-10 04:20:17,201.4,13.1,-12.831793,-38.025235
EDUARDO COSTA,2025-03-10 04:24:30,202.3,13.2,-12.844331,-38.034498
EDUARDO COSTA,2025-03-10 05:16:20,190.5,12.7,-12.994498,-38.150831
EDUARDO COSTA,2025-03-10 06:10:32,165.1,12.9,-13.186331,-38.171831
EDUARDO COSTA,2025-03-10 06:10:43,165.1,12.9,-13.18693,-38.171851
EDUARDO COSTA,2025-03-10 06:16:20,165.1,12.8,-13.206998,-38.171165
EDUARDO COSTA,2025-03-10 06:19:42,167.1,12.8,-13.219165,-38.171165
EDUARDO COSTA,2025-03-10 06:32:37,164.8,13.0,-13.265943,-38.170313
EDUARDO COSTA,2025-03-10 06:36:50,165.6,13.0,-13.281331,-38.170165
EDUARDO COSTA,2025-03-10 06:39:56,163.9,12.9,-13.292565,-38.170178
EDUARDO COSTA,2025-03-10 06:43:30,167.1,12.9,-13.305331,-38.169831
EDUARDO COSTA,2025-03-10 07:49:39,165.8,12.7,-13.542498,-38.166665
EDUARDO COSTA,2025-03-10 09:02:16,165.4,12.8,-13.801943,-38.164945
EDUARDO COSTA,2025-03-10 09:04:16,164.7,12.7,-13.809076,-38.164808
EDUARDO COSTA,2025-03-10 09:31:39,163.8,12.9,-13.906998,-38.160165
EDUARDO COSTA,2025-03-10 10:06:10,165.6,12.9,-14.031998,-38.155831
EDUARDO COSTA,2025-03-10 10:11:06,163.7,12.8,-14.049665,-38.155331
EDUARDO COSTA,2025-03-10 10:15:49,163.9,12.9,-14.06681,-38.15489
EDUARDO COSTA,2025-03-10 10:44:06,168.5,13.0,-14.169498,-38.156331
EDUARDO COSTA,2025-03-10 10:47:20,165.9,13.2,-14.181331,-38.156331
EDUARDO COSTA,2025-03-10 11:16:37,166.6,13.2,-14.289665,-38.158165
EDUARDO COSTA,2025-03-10 11:58:55,166.8,13.1,-14.445665,-38.157665
EDUARDO COSTA,2025-03-10 12:51:46,166.2,13.2,-14.639831,-38.154831
EDUARDO COSTA,2025-03-10 12:52:50,165.0,13.2,-14.643831,-38.154831
EDUARDO COSTA,2025-03-10 12:53:56,165.5,13.2,-14.647831,-38.154831
EDUARDO COSTA,2025-03-10 12:54:56,166.9,13.2,-14.651568,-38.154765
EDUARDO COSTA,2025-03-10 13:05:37,165.2,13.3,-14.690998,-38.154665
EDUARDO COSTA,2025-03-10 13:43:57,164.6,13.0,-14.83207,-38.152695
EDUARDO COSTA,2025-03-10 14:56:14,164.8,13.4,-15.099331,-38.145498
EDUARDO COSTA,2025-03-10 14:59:57,163.4,13.4,-15.113243,-38.144861
EDUARDO COSTA,2025-03-10 15:03:00,163.1,13.4,-15.124665,-38.144331
EDUARDO COSTA,2025-03-10 15:26:36,162.2,13.4,-15.213831,-38.139831
EDUARDO COSTA,2025-03-10 16:08:28,165.5,13.5,-15.404668,-38.135303
EDUARDO COSTA,2025-03-10 16:08:39,166.3,13.5,-15.4053,-38.135298
EDUARDO COSTA,2025-03-10 16:08:52,165.7,13.6,-15.406165,-38.135331
EDUARDO COSTA,2025-03-10 16:09:41,164.1,13.5,-15.409331,-38.135165
EDUARDO COSTA,2025-03-10 16:10:28,164.3,13.6,-15.412266,-38.135163
EDUARDO COSTA,2025-03-10 16:12:48,163.1,13.5,-15.420998,-38.134831
EDUARDO COSTA,2025-03-10 16:12:51,162.8,13.5,-15.421331,-38.134831
EDUARDO COSTA,2025-03-10 16:13:25,162.9,13.4,-15.423498,-38.134665
EDUARDO COSTA,2025-03-10 16:13:48,163.1,13.4,-15.424831,-38.134665
EDUARDO COSTA,2025-03-10 16:13:55,163.5,13.4,-15.425331,-38.134665
EDUARDO COSTA,2025-03-10 16:14:25,163.8,13.3,-15.427165,-38.134498
EDUARDO COSTA,2025-03-10 16:14:55,164.0,13.2,-15.428953,-38.13448
EDUARDO COSTA,2025-03-10 16:18:55,165.4,11.8,-15.443165,-38.133998
EDUARDO COSTA,2025-03-10 16:47:53,165.1,13.6,-15.513165,-38.133331
EDUARDO COSTA,2025-03-10 16:52:13,165.3,13.5,-15.52961,-38.133151
EDUARDO COSTA,2025-03-10 17:08:18,165.1,14.0,-15.590853,-38.132603
EDUARDO COSTA,2025-03-10 17:40:59,166.3,13.6,-15.716998,-38.132498
EDUARDO COSTA,2025-03-10 17:48:19,165.1,13.6,-15.744831,-38.131665
EDUARDO COSTA,2025-03-10 18:31:27,166.4,13.9,-15.911055,-38.12733
EDUARDO COSTA,2025-03-10 18:33:57,166.4,13.8,-15.920756,-38.127351
EDUARDO COSTA,2025-03-10 18:39:26,166.2,13.7,-15.941831,-38.127498
EDUARDO COSTA,2025-03-10 23:17:02,166.8,13.3,-16.991165,-38.117998
EDUARDO COSTA,2025-03-10 23:44:39,168.3,13.3,-17.093411,-38.121118
EDUARDO COSTA,2025-03-10 23:47:16,166.0,13.2,-17.103165,-38.121331
EDUARDO COSTA,2025-03-10 23:50:05,166.0,13.4,-17.113665,-38.121165
EDUARDO COSTA,2025-03-10 23:52:23,166.3,13.4,-17.122216,-38.12109
EDUARDO COSTA,2025-03-10 23:53:01,165.1,13.4,-17.124665,-38.120998
EDUARDO COSTA,2025-03-11 00:25:46,164.5,13.3,-17.247498,-38.118998
EDUARDO COSTA,2025-03-11 00:36:01,163.6,13.3,-17.285665,-38.117331
EDUARDO COSTA,2025-03-11 00:36:13,162.3,13.3,-17.286331,-38.117165
EDUARDO COSTA,2025-03-11 00:36:59,162.5,13.4,-17.289213,-38.117043
EDUARDO COSTA,2025-03-11 01:04:26,163.4,13.6,-17.391831,-38.111998
EDUARDO COSTA,2025-03-11 01:30:12,165.0,14.0,-17.491428,-38.108135
EDUARDO COSTA,2025-03-11 01:34:23,164.2,13.9,-17.507683,-38.107836
EDUARDO COSTA,2025-03-11 01:37:40,163.2,13.8,-17.520331,-38.107498
EDUARDO COSTA,2025-03-11 02:09:04,163.1,14.3,-17.644701,-38.104648
EDUARDO COSTA,2025-03-11 02:09:28,163.0,14.3,-17.646305,-38.104575
EDUARDO COSTA,2025-03-11 02:09:47,163.1,14.4,-17.64751,-38.104515
EDUARDO COSTA,2025-03-11 02:09:51,162.7,14.4,-17.647831,-38.104498
EDUARDO COSTA,2025-03-11 02:10:04,162.8,14.4,-17.648713,-38.104456
EDUARDO COSTA,2025-03-11 02:32:15,165.1,14.5,-17.738933,-38.100463
EDUARDO COSTA,2025-03-11 03:19:12,168.9,13.7,-17.927831,-38.095665
EDUARDO COSTA,2025-03-11 03:22:40,169.5,13.6,-17.941165,-38.096165
EDUARDO COSTA,2025-03-11 04:09:45,203.1,14.0,-18.094498,-38.183165
EDUARDO COSTA,2025-03-11 04:12:53,201.6,13.9,-18.104325,-38.190638
EDUARDO COSTA,2025-03-11 04:16:41,202.6,14.0,-18.116396,-38.19965
EDUARDO COSTA,2025-03-11 05:07:09,208.4,14.1,-18.265716,-38.336336
EDUARDO COSTA,2025-03-11 05:36:55,204.4,14.1,-18.353955,-38.41702
EDUARDO COSTA,2025-03-11 05:40:01,206.9,14.0,-18.363406,-38.425105
EDUARDO COSTA,2025-03-11 05:44:55,204.4,14.2,-18.378358,-38.438021
EDUARDO COSTA,2025-03-11 05:57:51,204.9,13.9,-18.418106,-38.471385
EDUARDO COSTA,2025-03-11 06:51:42,207.6,13.6,-18.575665,-38.615165
EDUARDO COSTA,2025-03-11 06:56:43,207.7,13.7,-18.590298,-38.628255
EDUARDO COSTA,2025-03-11 07:02:36,206.5,13.6,-18.607348,-38.643611
EDUARDO COSTA,2025-03-11 07:16:57,207.2,13.7,-18.648898,-38.681785
EDUARDO COSTA,2025-03-11 08:01:50,206.5,13.7,-18.778998,-38.799665
EDUARDO COSTA,2025-03-11 09:08:04,209.5,13.6,-18.974165,-38.970998
EDUARDO COSTA,2025-03-11 09:43:04,209.5,13.5,-19.072816,-39.064031
EDUARDO COSTA,2025-03-11 10:08:58,205.2,13.5,-19.145998,-39.132831
EDUARDO COSTA,2025-03-11 10:15:44,206.3,13.5,-19.165725,-39.149981
EDUARDO COSTA,2025-03-11 11:07:28,203.6,13.6,-19.318498,-39.280331
EDUARDO COSTA,2025-03-11 11:08:04,204.8,13.6,-19.320331,-39.281831
EDUARDO COSTA,2025-03-11 11:08:08,204.4,13.6,-19.320498,-39.281998
EDUARDO COSTA,2025-03-11 11:28:38,204.3,13.1,-19.380165,-39.332165
EDUARDO COSTA,2025-03-11 12:14:45,208.3,13.2,-19.511801,-39.446973
EDUARDO COSTA,2025-03-11 14:01:56,210.0,14.1,-19.820665,-39.737665
EDUARDO COSTA,2025-03-11 14:06:33,208.0,14.1,-19.83419,-39.750635
EDUARDO COSTA,2025-03-11 15:39:49,186.5,14.3,-20.132836,-39.985125
EDUARDO COSTA,2025-03-11 15:46:31,187.1,14.4,-20.15787,-39.995296
EDUARDO COSTA,2025-03-11 16:07:44,188.7,14.3,-20.237653,-40.027851
EDUARDO COSTA,2025-03-11 16:11:05,188.5,14.4,-20.250018,-40.033351
EDUARDO COSTA,2025-03-11 17:31:22,179.1,14.1,-20.550725,-40.145295
EDUARDO COSTA,2025-03-11 17:31:23,179.1,14.1,-20.550725,-40.145295
EDUARDO COSTA,2025-03-11 17:33:47,178.9,14.1,-20.559918,-40.147643
EDUARDO COSTA,2025-03-11 17:35:51,180.9,14.0,-20.567813,-40.14962
EDUARDO COSTA,2025-03-11 17:38:37,180.7,14.0,-20.578365,-40.152303
EDUARDO COSTA,2025-03-11 18:24:29,178.2,14.8,-20.760115,-40.197708
EDUARDO COSTA,2025-03-11 18:30:15,176.2,14.8,-20.78341,-40.203375
EDUARDO COSTA,2025-03-11 19:18:20,179.4,15.0,-20.979498,-40.250831
EDUARDO COSTA,2025-03-11 19:25:15,177.0,14.9,-21.007961,-40.257306
EDUARDO COSTA,2025-03-11 23:43:52,181.5,12.6,-21.981498,-40.511165
EDUARDO COSTA,2025-03-11 23:56:34,213.5,12.7,-22.017498,-40.538998
EDUARDO COSTA,2025-03-12 00:14:10,214.0,13.0,-22.059831,-40.589548
EDUARDO COSTA,2025-03-12 00:15:50,213.9,13.0,-22.063881,-40.594415
EDUARDO COSTA,2025-03-12 00:20:07,213.6,13.0,-22.074331,-40.606831
EDUARDO COSTA,2025-03-12 00:21:00,213.6,12.9,-22.07647,-40.609373
EDUARDO COSTA,2025-03-12 00:35:31,212.8,12.8,-22.111498,-40.650831
EDUARDO COSTA,2025-03-12 00:37:32,212.8,12.6,-22.116331,-40.656331
EDUARDO COSTA,2025-03-12 01:03:11,212.2,12.3,-22.177331,-40.727831
EDUARDO COSTA,2025-03-12 01:31:20,216.9,12.2,-22.240705,-40.805906
EDUARDO COSTA,2025-03-12 01:43:20,216.2,12.2,-22.266998,-40.839498
EDUARDO COSTA,2025-03-12 02:20:24,213.3,12.4,-22.350331,-40.941831
EDUARDO COSTA,2025-03-12 03:08:46,214.8,12.3,-22.460665,-41.075165
EDUARDO COSTA,2025-03-12 03:12:33,214.4,12.4,-22.469331,-41.085498
EDUARDO COSTA,2025-03-12 04:34:09,214.9,12.9,-22.657831,-41.316165
EDUARDO COSTA,2025-03-12 04:50:19,215.2,13.0,-22.695831,-41.364331
EDUARDO COSTA,2025-03-12 05:48:40,214.3,13.0,-22.836585,-41.53561
EDUARDO COSTA,2025-03-12 05:52:56,214.9,13.0,-22.846831,-41.548331
EDUARDO COSTA,2025-03-12 05:59:23,213.5,13.1,-22.862331,-41.567165
EDUARDO COSTA,2025-03-12 06:02:13,214.8,13.0,-22.869165,-41.575331
EDUARDO COSTA,2025-03-12 06:18:53,214.4,13.1,-22.909433,-41.62488
EDUARDO COSTA,2025-03-12 06:21:19,215.2,13.0,-22.915251,-41.63216
EDUARDO COSTA,2025-03-12 06:24:19,212.7,13.1,-22.922575,-41.64091
EDUARDO COSTA,2025-03-12 06:26:43,212.6,12.7,-22.928498,-41.647831
EDUARDO COSTA,2025-03-12 06:28:53,215.2,13.0,-22.933665,-41.654331
EDUARDO COSTA,2025-03-12 07:28:24,220.4,13.3,-23.081566,-41.82994
EDUARDO COSTA,2025-03-12 08:05:23,252.5,13.0,-23.109831,-41.966998
EDUARDO COSTA,2025-03-12 08:10:43,253.1,13.0,-23.110331,-41.987998
EDUARDO COSTA,2025-03-12 08:44:11,258.6,12.9,-23.107765,-42.117238
EDUARDO COSTA,2025-03-12 09:17:14,254.8,13.2,-23.100998,-42.247165
EDUARDO COSTA,2025-03-12 09:46:10,254.0,13.3,-23.098998,-42.362665
EDUARDO COSTA,2025-03-12 09:53:48,254.3,13.4,-23.099165,-42.393665
EDUARDO COSTA,2025-03-12 10:47:43,256.5,13.3,-23.099665,-42.610498
EDUARDO COSTA,2025-03-12 10:49:50,254.9,13.3,-23.099598,-42.61904
EDUARDO COSTA,2025-03-12 12:19:21,254.6,12.6,-23.090905,-42.973446
EDUARDO COSTA,2025-03-12 12:19:53,254.6,12.5,-23.090831,-42.975498
EDUARDO COSTA,2025-03-12 12:21:33,257.3,12.6,-23.090831,-42.981831
EDUARDO COSTA,2025-03-12 12:21:50,255.8,12.6,-23.09073,-42.982983
EDUARDO COSTA,2025-03-12 12:22:19,256.5,12.6,-23.090665,-42.984831
EDUARDO COSTA,2025-03-12 13:01:22,292.3,9.5,-23.041498,-43.1056
EDUARDO COSTA,2025-03-12 13:05:37,292.5,9.9,-23.034665,-43.115831
EDUARDO COSTA,2025-03-12 13:15:47,260.7,5.6,-23.022458,-43.137928
EDUARDO COSTA,2025-03-12 13:16:32,254.3,5.5,-23.022498,-43.139165
EDUARDO COSTA,2025-03-13 05:24:38,227.8,0.2,-23.029331,-43.154331
EDUARDO COSTA,2025-03-13 08:48:38,228.3,0.1,-23.029498,-43.155831
EDUARDO COSTA,2025-03-13 20:42:14,354.5,0.1,-22.957433,-43.141211
EDUARDO COSTA,2025-03-14 01:11:43,36.1,0.0,-22.80291,-43.137091
EDUARDO COSTA,2025-03-14 06:11:42,209.1,0.0,-22.800375,-43.134963
EDUARDO COSTA,2025-03-14 08:26:44,6.5,0.0,-22.803498,-43.135998
EDUARDO COSTA,2025-03-14 09:32:43,7.3,0.0,-22.803583,-43.136026
EDUARDO COSTA,2025-03-15 22:14:44,20.7,0.0,-22.802998,-43.136498
EDUARDO COSTA,2025-03-16 00:56:44,33.1,0.0,-22.802831,-43.136831
EDUARDO COSTA,2025-03-16 07:32:43,243.3,0.2,-22.800246,-43.136581
EDUARDO COSTA,2025-03-16 16:05:43,177.0,0.0,-22.799831,-43.135831
EDUARDO COSTA,2025-03-17 00:32:43,36.3,0.0,-22.803331,-43.136831
EDUARDO COSTA,2025-03-17 01:41:44,39.3,0.0,-22.803331,-43.136831
EDUARDO COSTA,2025-03-17 05:59:36,151.1,9.1,-22.893671,-43.151068
EDUARDO COSTA,2025-03-17 06:28:58,167.5,7.6,-22.947831,-43.140331
EDUARDO COSTA,2025-03-17 06:37:58,160.3,7.9,-22.966665,-43.139165
EDUARDO COSTA,2025-03-17 07:10:00,187.2,3.5,-23.031498,-43.136895
EDUARDO COSTA,2025-03-17 16:18:19,209.6,0.0,-23.034998,-43.139165
EDUARDO COSTA,2025-03-17 22:54:22,192.1,0.1,-23.03488,-43.141031
EDUARDO COSTA,2025-03-18 12:09:21,124.5,0.2,-23.037701,-43.140906
EDUARDO COSTA,2025-03-18 23:14:38,350.3,3.1,-23.019831,-43.143165
EDUARDO COSTA,2025-03-18 23:38:22,347.7,8.6,-22.978578,-43.141516
EDUARDO COSTA,2025-03-18 23:56:49,349.2,7.8,-22.938831,-43.139831
EDUARDO COSTA,2025-03-19 00:29:22,346.3,3.2,-22.89164,-43.151093
EDUARDO COSTA,2025-03-19 00:31:52,352.5,3.5,-22.889165,-43.150998
EDUARDO COSTA,2025-03-19 12:46:46,347.4,0.0,-22.883666,-43.14705
EDUARDO COSTA,2025-03-20 01:43:45,308.1,0.2,-22.88063,-43.145773
EDUARDO COSTA,2025-03-21 00:09:57,345.3,5.4,-22.865425,-43.154633
EDUARDO COSTA,2025-03-21 00:13:57,343.7,5.6,-22.859498,-43.154665
EDUARDO COSTA,2025-03-21 02:31:34,30.6,0.0,-22.8334,-43.133501
EDUARDO COSTA,2025-03-21 04:13:32,22.8,0.0,-22.833483,-43.133265
EDUARDO COSTA,2025-03-21 05:58:34,25.4,0.0,-22.833438,-43.133366
EDUARDO COSTA,2025-03-22 00:07:33,71.0,0.0,-22.83222,-43.134043
EDUARDO COSTA,2025-03-23 03:27:32,319.0,5.1,-22.82626,-43.134416
EDUARDO COSTA,2025-03-23 03:34:39,304.3,4.6,-22.81844,-43.14063
EDUARDO COSTA,2025-03-23 09:16:49,2.9,0.0,-22.805418,-43.150655
EDUARDO COSTA,2025-03-24 00:37:48,2.6,0.0,-22.805498,-43.150665
EDUARDO COSTA,2025-03-24 11:16:48,2.5,0.0,-22.805498,-43.150665
EDUARDO COSTA,2025-03-25 03:42:00,152.3,3.4,-22.806331,-43.147998
EDUARDO COSTA,2025-03-25 04:18:30,166.6,6.1,-22.868998,-43.154665
EDUARDO COSTA,2025-03-25 04:20:40,167.2,6.5,-22.872923,-43.154753
EDUARDO COSTA,2025-03-25 04:49:50,152.7,6.0,-22.918073,-43.142191
EDUARDO COSTA,2025-03-25 04:52:20,150.8,6.5,-22.922348,-43.140988
EDUARDO COSTA,2025-03-25 05:25:59,121.9,8.9,-22.986331,-43.116331
EDUARDO COSTA,2025-03-25 06:34:50,107.7,9.8,-23.128331,-42.982665
EDUARDO COSTA,2025-03-25 07:15:07,77.2,11.6,-23.125065,-42.85194
EDUARDO COSTA,2025-03-25 08:31:14,75.2,12.4,-23.126498,-42.570831
EDUARDO COSTA,2025-03-25 08:36:51,76.3,12.2,-23.126268,-42.550035
EDUARDO COSTA,2025-03-25 08:40:21,76.8,12.2,-23.126205,-42.537146
EDUARDO COSTA,2025-03-25 09:00:21,76.3,12.1,-23.124821,-42.463876
EDUARDO COSTA,2025-03-25 10:21:22,75.3,12.0,-23.126708,-42.167356
EDUARDO COSTA,2025-03-25 10:41:37,76.2,12.2,-23.125613,-42.093251
EDUARDO COSTA,2025-03-25 11:57:06,41.6,13.1,-23.045105,-41.829473
EDUARDO COSTA,2025-03-25 11:57:19,42.0,13.1,-23.044665,-41.828831
EDUARDO COSTA,2025-03-25 11:58:03,41.4,13.0,-23.042998,-41.826498
EDUARDO COSTA,2025-03-25 11:58:13,40.9,13.0,-23.042665,-41.825998
EDUARDO COSTA,2025-03-25 13:50:51,36.2,12.3,-22.782755,-41.50024
EDUARDO COSTA,2025-03-25 13:55:41,35.9,12.2,-22.77158,-41.486983
EDUARDO COSTA,2025-03-25 14:00:30,35.8,12.3,-22.760831,-41.473498
EDUARDO COSTA,2025-03-25 17:24:03,37.4,11.9,-22.299918,-40.926936
EDUARDO COSTA,2025-03-25 17:50:03,36.3,11.9,-22.244165,-40.855498
EDUARDO COSTA,2025-03-25 17:54:40,36.8,12.0,-22.234141,-40.842946
EDUARDO COSTA,2025-03-25 17:59:40,34.2,12.0,-22.223205,-40.82938
EDUARDO COSTA,2025-03-25 18:17:30,38.0,11.8,-22.184331,-40.780998
EDUARDO COSTA,2025-03-25 18:31:09,36.1,12.0,-22.154498,-40.743831
EDUARDO COSTA,2025-03-25 18:34:21,37.0,11.9,-22.147463,-40.73512
EDUARDO COSTA,2025-03-25 18:40:24,35.5,12.1,-22.134165,-40.718665
EDUARDO COSTA,2025-03-25 19:11:11,38.6,12.1,-22.066391,-40.633963
EDUARDO COSTA,2025-03-25 19:37:03,26.3,12.1,-22.006665,-40.565498
EDUARDO COSTA,2025-03-25 19:42:56,20.2,12.2,-21.990181,-40.553346
EDUARDO COSTA,2025-03-25 20:06:01,11.1,12.0,-21.922791,-40.51101
EDUARDO COSTA,2025-03-25 21:46:57,2.9,12.4,-21.594381,-40.417743
EDUARDO COSTA,2025-03-25 22:36:27,1.8,10.9,-21.439498,-40.370831
EDUARDO COSTA,2025-03-25 22:40:51,1.7,10.8,-21.426571,-40.36761
EDUARDO COSTA,2025-03-25 22:44:20,359.5,10.8,-21.416221,-40.36497
EDUARDO COSTA,2025-03-25 23:34:29,359.9,11.0,-21.267331,-40.328665
EDUARDO COSTA,2025-03-25 23:35:13,0.7,10.9,-21.265165,-40.328165
EDUARDO COSTA,2025-03-26 00:23:34,8.2,11.2,-21.120498,-40.286498
EDUARDO COSTA,2025-03-26 00:30:26,19.4,11.0,-21.101011,-40.278015
EDUARDO COSTA,2025-03-26 00:32:57,29.0,10.9,-21.095131,-40.272878
EDUARDO COSTA,2025-03-26 00:35:00,28.3,10.9,-21.090398,-40.268428
EDUARDO COSTA,2025-03-26 00:38:10,29.2,11.0,-21.083036,-40.261673
EDUARDO COSTA,2025-03-26 00:40:50,28.9,10.9,-21.076956,-40.25599
EDUARDO COSTA,2025-03-26 00:54:10,27.8,11.1,-21.045775,-40.227433
EDUARDO COSTA,2025-03-26 01:00:46,27.2,11.2,-21.030021,-40.213306
EDUARDO COSTA,2025-03-26 01:03:26,28.0,11.2,-21.023686,-40.207533
EDUARDO COSTA,2025-03-26 01:11:19,29.5,11.1,-21.005165,-40.190498
EDUARDO COSTA,2025-03-26 01:11:49,30.4,11.1,-21.003998,-40.189331
EDUARDO COSTA,2025-03-26 01:48:20,28.0,11.1,-20.91942,-40.108333
EDUARDO COSTA,2025-03-26 01:48:37,27.6,11.1,-20.918831,-40.107665
EDUARDO COSTA,2025-03-26 01:48:39,28.8,11.2,-20.918665,-40.107665
EDUARDO COSTA,2025-03-26 01:51:17,29.0,11.1,-20.912498,-40.101831
EDUARDO COSTA,2025-03-26 01:51:39,28.0,11.0,-20.911665,-40.101165
EDUARDO COSTA,2025-03-26 02:44:14,30.4,11.1,-20.791498,-39.982831
EDUARDO COSTA,2025-03-26 03:44:37,27.7,11.2,-20.655633,-39.843745
EDUARDO COSTA,2025-03-26 03:49:00,29.7,11.2,-20.6453,-39.834108
EDUARDO COSTA,2025-03-26 03:52:21,29.2,11.3,-20.637461,-39.826741
EDUARDO COSTA,2025-03-26 04:22:46,29.0,11.4,-20.565933,-39.758881
EDUARDO COSTA,2025-03-26 05:01:09,28.2,11.7,-20.473331,-39.669998
EDUARDO COSTA,2025-03-26 05:04:59,29.7,11.7,-20.463831,-39.661165
EDUARDO COSTA,2025-03-26 05:07:09,29.7,11.8,-20.458498,-39.656165
EDUARDO COSTA,2025-03-26 07:37:20,16.1,11.9,-20.083165,-39.312831
EDUARDO COSTA,2025-03-26 07:57:07,18.6,11.9,-20.025288,-39.278505
EDUARDO COSTA,2025-03-26 09:17:51,17.7,11.8,-19.790488,-39.137418
EDUARDO COSTA,2025-03-26 09:21:30,17.2,11.7,-19.779831,-39.131331
EDUARDO COSTA,2025-03-26 09:26:47,16.3,11.9,-19.764363,-39.122555
EDUARDO COSTA,2025-03-26 09:43:20,13.7,11.6,-19.716498,-39.095498
EDUARDO COSTA,2025-03-26 11:02:00,66.3,0.9,-19.538165,-39.002665
EDUARDO COSTA,2025-03-26 11:34:00,180.9,0.2,-19.539331,-38.999665
EDUARDO COSTA,2025-03-26 11:36:40,152.8,0.2,-19.539498,-38.999831
EDUARDO COSTA,2025-03-26 11:39:57,177.4,0.3,-19.539831,-38.999998
EDUARDO COSTA,2025-03-26 11:53:27,183.8,0.4,-19.541163,-39.000826
EDUARDO COSTA,2025-03-26 11:56:20,184.4,0.4,-19.5415,-39.001043
EDUARDO COSTA,2025-03-26 12:01:30,181.8,0.5,-19.542165,-39.001498
EDUARDO COSTA,2025-03-26 12:03:41,194.7,0.4,-19.54242,-39.001585
EDUARDO COSTA,2025-03-26 12:50:17,14.9,4.4,-19.543821,-39.007896
EDUARDO COSTA,2025-03-26 18:03:01,16.0,12.5,-18.593165,-38.462331
EDUARDO COSTA,2025-03-26 18:06:49,16.2,12.5,-18.58152,-38.455488
EDUARDO COSTA,2025-03-26 18:39:01,14.9,11.9,-18.484318,-38.40121
EDUARDO COSTA,2025-03-26 19:14:51,14.5,11.9,-18.378626,-38.344236
EDUARDO COSTA,2025-03-26 20:51:39,8.1,12.0,-18.08815,-38.183768
EDUARDO COSTA,2025-03-26 21:37:07,6.8,12.1,-17.944575,-38.127386
EDUARDO COSTA,2025-03-26 22:28:09,3.2,11.1,-17.787366,-38.069225
EDUARDO COSTA,2025-03-26 22:30:20,1.7,11.1,-17.780871,-38.067333
EDUARDO COSTA,2025-03-26 22:36:14,1.0,11.2,-17.763165,-38.062498
EDUARDO COSTA,2025-03-26 23:24:21,7.9,11.3,-17.618866,-38.013756
EDUARDO COSTA,2025-03-26 23:26:20,7.1,11.3,-17.612886,-38.011433
EDUARDO COSTA,2025-03-26 23:28:11,7.3,11.4,-17.607358,-38.009421
EDUARDO COSTA,2025-03-26 23:33:40,7.4,11.5,-17.590748,-38.003043
EDUARDO COSTA,2025-03-26 23:49:07,6.6,11.6,-17.543606,-37.985913
EDUARDO COSTA,2025-03-26 23:54:20,5.5,11.8,-17.527333,-37.980306
EDUARDO COSTA,2025-03-26 23:56:50,5.7,11.8,-17.519498,-37.977831
EDUARDO COSTA,2025-03-27 00:53:20,9.8,12.2,-17.337831,-37.911498
EDUARDO COSTA,2025-03-27 00:53:40,9.2,12.3,-17.336665,-37.911165
EDUARDO COSTA,2025-03-27 00:54:10,8.1,12.2,-17.335165,-37.910498
EDUARDO COSTA,2025-03-27 00:55:10,10.4,12.2,-17.331998,-37.909165
EDUARDO COSTA,2025-03-27 00:58:03,8.0,12.3,-17.322665,-37.905331
EDUARDO COSTA,2025-03-27 01:16:20,10.6,12.3,-17.264456,-37.881656
EDUARDO COSTA,2025-03-27 01:23:29,9.7,12.2,-17.241653,-37.87252
EDUARDO COSTA,2025-03-27 01:43:56,8.9,11.9,-17.177346,-37.846361
EDUARDO COSTA,2025-03-27 02:19:37,4.7,11.9,-17.065118,-37.80597
EDUARDO COSTA,2025-03-27 02:50:40,9.3,11.7,-16.968831,-37.769165
EDUARDO COSTA,2025-03-27 02:55:20,9.9,11.7,-16.954478,-37.763435
EDUARDO COSTA,2025-03-27 03:23:29,3.7,11.9,-16.867331,-37.729498
EDUARDO COSTA,2025-03-27 03:26:26,4.8,11.8,-16.858061,-37.726395
EDUARDO COSTA,2025-03-27 03:29:00,4.4,11.8,-16.850035,-37.723553
EDUARDO COSTA,2025-03-27 04:00:11,5.6,11.9,-16.75248,-37.688405
EDUARDO COSTA,2025-03-27 04:07:51,6.9,12.0,-16.728203,-37.679696
EDUARDO COSTA,2025-03-27 04:32:00,7.6,11.7,-16.652591,-37.652165
EDUARDO COSTA,2025-03-27 04:34:30,7.9,11.7,-16.644831,-37.649331
EDUARDO COSTA,2025-03-27 04:40:10,6.0,11.7,-16.627258,-37.642661
EDUARDO COSTA,2025-03-27 04:42:11,5.9,11.8,-16.621015,-37.64041
EDUARDO COSTA,2025-03-27 05:05:00,9.2,11.9,-16.550165,-37.613998
EDUARDO COSTA,2025-03-27 05:13:34,6.6,11.9,-16.523331,-37.603831
EDUARDO COSTA,2025-03-27 05:49:04,8.2,11.7,-16.414498,-37.559998
EDUARDO COSTA,2025-03-27 08:21:33,8.6,12.0,-15.936665,-37.379831
EDUARDO COSTA,2025-03-27 08:46:51,5.6,12.2,-15.855663,-37.351273
EDUARDO COSTA,2025-03-27 10:01:51,7.2,12.1,-15.614171,-37.265525
EDUARDO COSTA,2025-03-27 10:05:37,5.5,12.1,-15.601998,-37.261165
EDUARDO COSTA,2025-03-27 10:06:13,8.5,12.1,-15.600165,-37.260498
EDUARDO COSTA,2025-03-27 10:09:51,6.0,12.1,-15.588593,-37.25634
EDUARDO COSTA,2025-03-27 10:25:23,6.8,12.1,-15.539331,-37.238165
EDUARDO COSTA,2025-03-27 10:28:13,6.7,12.0,-15.530331,-37.234831
EDUARDO COSTA,2025-03-27 10:32:31,6.7,12.0,-15.516743,-37.229501
EDUARDO COSTA,2025-03-27 11:16:10,7.6,12.1,-15.377998,-37.176998
EDUARDO COSTA,2025-03-27 11:17:27,7.1,12.0,-15.373963,-37.175528
EDUARDO COSTA,2025-03-27 11:18:01,8.0,12.1,-15.372158,-37.174848
EDUARDO COSTA,2025-03-27 11:18:17,7.6,12.1,-15.371311,-37.174518
EDUARDO COSTA,2025-03-27 11:18:31,8.8,12.2,-15.370565,-37.174243
EDUARDO COSTA,2025-03-27 11:18:37,7.0,12.1,-15.370248,-37.174106
EDUARDO COSTA,2025-03-27 11:18:39,8.8,12.2,-15.370165,-37.173998
EDUARDO COSTA,2025-03-27 11:19:39,7.8,12.3,-15.366831,-37.172831
EDUARDO COSTA,2025-03-27 11:45:11,6.7,12.3,-15.284236,-37.142688
EDUARDO COSTA,2025-03-27 11:49:50,6.6,12.3,-15.268991,-37.137251
EDUARDO COSTA,2025-03-27 11:54:04,4.9,12.3,-15.255165,-37.132331
EDUARDO COSTA,2025-03-27 12:38:56,6.2,11.8,-15.11163,-37.080641
EDUARDO COSTA,2025-03-27 12:41:23,8.2,11.8,-15.103998,-37.077831
EDUARDO COSTA,2025-03-27 12:43:29,8.0,11.9,-15.097498,-37.075331
EDUARDO COSTA,2025-03-27 12:44:29,5.8,11.9,-15.094301,-37.074105
EDUARDO COSTA,2025-03-27 12:46:09,8.8,11.8,-15.089165,-37.072165
EDUARDO COSTA,2025-03-27 12:46:30,7.3,11.9,-15.088031,-37.071803
EDUARDO COSTA,2025-03-27 12:49:03,6.3,11.8,-15.079998,-37.068831
EDUARDO COSTA,2025-03-27 15:26:06,7.3,12.4,-14.542498,-36.865831
EDUARDO COSTA,2025-03-27 15:26:22,7.1,12.5,-14.541596,-36.865435
EDUARDO COSTA,2025-03-27 16:58:06,7.6,12.2,-14.264078,-36.770285
EDUARDO COSTA,2025-03-27 17:10:16,5.8,12.2,-14.224998,-36.755165
EDUARDO COSTA,2025-03-27 17:38:43,7.1,12.3,-14.134165,-36.720498
EDUARDO COSTA,2025-03-27 18:12:56,7.6,12.2,-14.024211,-36.677225
EDUARDO COSTA,2025-03-27 18:41:37,6.3,12.2,-13.932673,-36.641656
EDUARDO COSTA,2025-03-27 20:40:15,6.4,12.4,-13.550831,-36.503665
EDUARDO COSTA,2025-03-27 21:36:14,8.4,12.3,-13.368331,-36.436665
EDUARDO COSTA,2025-03-27 21:36:20,8.5,12.4,-13.36801,-36.436461
EDUARDO COSTA,2025-03-27 22:22:44,7.0,12.5,-13.215165,-36.382665
EDUARDO COSTA,2025-03-27 22:25:23,7.0,12.4,-13.206331,-36.379498
EDUARDO COSTA,2025-03-27 22:27:43,7.3,12.4,-13.198665,-36.376665
EDUARDO COSTA,2025-03-27 22:47:32,9.2,12.5,-13.133998,-36.351665
EDUARDO COSTA,2025-03-27 22:49:36,7.8,12.5,-13.127258,-36.349003
EDUARDO COSTA,2025-03-27 22:54:16,9.3,12.6,-13.112068,-36.342796
EDUARDO COSTA,2025-03-27 23:02:00,8.9,12.6,-13.086678,-36.332635
EDUARDO COSTA,2025-03-27 23:18:07,9.7,12.3,-13.034331,-36.311665
EDUARDO COSTA,2025-03-28 00:08:50,6.9,12.8,-12.865285,-36.250121
EDUARDO COSTA,2025-03-28 00:13:57,5.6,12.8,-12.847861,-36.244301
EDUARDO COSTA,2025-03-28 00:16:07,6.3,12.8,-12.840498,-36.241693
EDUARDO COSTA,2025-03-28 00:35:47,6.5,13.0,-12.773133,-36.2181
EDUARDO COSTA,2025-03-28 00:41:33,5.8,12.7,-12.753498,-36.211498
EDUARDO COSTA,2025-03-28 00:41:50,5.1,12.8,-12.752538,-36.2112
EDUARDO COSTA,2025-03-28 01:49:21,8.7,12.7,-12.530331,-36.124665
EDUARDO COSTA,2025-03-28 01:53:40,7.3,12.6,-12.51612,-36.118986
EDUARDO COSTA,2025-03-28 03:02:47,7.5,12.5,-12.288725,-36.03222
EDUARDO COSTA,2025-03-28 03:04:57,6.8,12.4,-12.281648,-36.029606
EDUARDO COSTA,2025-03-28 03:33:29,7.7,12.5,-12.187613,-35.995955
EDUARDO COSTA,2025-03-28 03:36:20,8.3,12.4,-12.178308,-35.992528
EDUARDO COSTA,2025-03-28 04:08:57,7.2,12.4,-12.071046,-35.953875
EDUARDO COSTA,2025-03-28 04:12:24,5.6,12.5,-12.059665,-35.949998
EDUARDO COSTA,2025-03-28 04:15:40,5.2,12.5,-12.048815,-35.94633
EDUARDO COSTA,2025-03-28 04:44:51,7.0,12.6,-11.951331,-35.914331
EDUARDO COSTA,2025-03-28 04:49:30,3.7,12.5,-11.935831,-35.909165
EDUARDO COSTA,2025-03-28 04:52:27,4.1,12.4,-11.925895,-35.906078
EDUARDO COSTA,2025-03-28 04:54:34,3.6,12.5,-11.918831,-35.903831
EDUARDO COSTA,2025-03-28 05:21:07,6.6,12.5,-11.830331,-35.873831
EDUARDO COSTA,2025-03-28 05:24:50,8.7,12.5,-11.818063,-35.869365
EDUARDO COSTA,2025-03-28 09:03:42,7.5,12.7,-11.095498,-35.606165
EDUARDO COSTA,2025-03-28 09:06:30,7.5,12.6,-11.086265,-35.602746
EDUARDO COSTA,2025-03-28 09:24:59,8.1,12.6,-11.024998,-35.579498
EDUARDO COSTA,2025-03-28 09:29:33,9.9,12.6,-11.009831,-35.573831
EDUARDO COSTA,2025-03-28 09:31:56,7.9,12.7,-11.001831,-35.570831
EDUARDO COSTA,2025-03-28 09:34:56,8.4,12.7,-10.992063,-35.567001
EDUARDO COSTA,2025-03-28 10:45:39,5.9,12.7,-10.756665,-35.479498
EDUARDO COSTA,2025-03-28 10:49:37,4.5,12.7,-10.743398,-35.475023
EDUARDO COSTA,2025-03-28 10:55:16,5.7,12.6,-10.724263,-35.468911
EDUARDO COSTA,2025-03-28 11:00:20,4.5,12.7,-10.707246,-35.46316
EDUARDO COSTA,2025-03-28 11:05:16,5.0,12.7,-10.690578,-35.457793
EDUARDO COSTA,2025-03-28 11:58:10,9.7,12.5,-10.512665,-35.394665
EDUARDO COSTA,2025-03-28 12:01:59,7.7,12.5,-10.499831,-35.389665
EDUARDO COSTA,2025-03-28 12:02:46,7.7,12.7,-10.497338,-35.388821
EDUARDO COSTA,2025-03-28 12:34:29,7.8,12.6,-10.392165,-35.349665
EDUARDO COSTA,2025-03-28 12:36:19,7.5,12.6,-10.386165,-35.347331
EDUARDO COSTA,2025-03-28 14:22:47,8.4,12.6,-10.033033,-35.214121
EDUARDO COSTA,2025-03-28 15:47:41,6.0,12.9,-9.742831,-35.113498
EDUARDO COSTA,2025-03-28 15:49:55,4.4,13.0,-9.735155,-35.110995
EDUARDO COSTA,2025-03-28 15:50:09,4.9,13.0,-9.734343,-35.110735
EDUARDO COSTA,2025-03-28 15:50:15,5.6,13.0,-9.733998,-35.110665
EDUARDO COSTA,2025-03-28 15:51:09,6.1,12.9,-9.730866,-35.109646
EDUARDO COSTA,2025-03-28 15:52:09,6.2,13.0,-9.727405,-35.108525
EDUARDO COSTA,2025-03-28 15:55:48,5.1,13.1,-9.714705,-35.104428
EDUARDO COSTA,2025-03-28 16:02:00,4.4,13.1,-9.693383,-35.097346
EDUARDO COSTA,2025-03-28 16:08:04,7.0,13.0,-9.672498,-35.090331
EDUARDO COSTA,2025-03-28 16:09:00,5.9,12.9,-9.669331,-35.089165
EDUARDO COSTA,2025-03-28 16:31:51,5.5,13.1,-9.590498,-35.061831
EDUARDO COSTA,2025-03-28 16:39:34,5.1,13.0,-9.563831,-35.052665
EDUARDO COSTA,2025-03-28 17:18:27,5.8,13.2,-9.428898,-35.005878
EDUARDO COSTA,2025-03-28 21:22:19,336.0,12.1,-8.601331,-34.802165
EDUARDO COSTA,2025-03-28 21:25:03,338.5,11.9,-8.592331,-34.803498
EDUARDO COSTA,2025-03-28 21:27:27,338.9,11.9,-8.584365,-34.804756
EDUARDO COSTA,2025-03-28 21:46:50,324.3,8.9,-8.531593,-34.813091
EDUARDO COSTA,2025-03-28 21:50:34,312.3,9.0,-8.523331,-34.817665
EDUARDO COSTA,2025-03-28 21:54:50,312.2,9.2,-8.514498,-34.823831
EDUARDO COSTA,2025-03-28 22:13:21,313.8,9.1,-8.47467,-34.851668
EDUARDO COSTA,2025-03-28 22:14:21,312.1,9.2,-8.472513,-34.853131
EDUARDO COSTA,2025-03-28 22:17:43,313.0,9.2,-8.465331,-34.858165
EDUARDO COSTA,2025-03-28 23:08:24,39.4,2.2,-8.405665,-34.887665
EDUARDO COSTA,2025-03-28 23:08:51,34.5,2.2,-8.405498,-34.887498
EDUARDO COSTA,2025-03-28 23:09:57,33.3,2.4,-8.405003,-34.88687
EDUARDO COSTA,2025-03-28 23:16:27,346.5,0.5,-8.402998,-34.885165
EDUARDO COSTA,2025-03-28 23:31:46,156.8,0.1,-8.401641,-34.886933
EDUARDO COSTA,2025-03-28 23:36:50,30.7,0.1,-8.401498,-34.886831
EDUARDO COSTA,2025-03-28 23:42:40,39.4,0.2,-8.401555,-34.886783
EDUARDO COSTA,2025-03-29 00:17:50,19.5,0.1,-8.402086,-34.887108
EDUARDO COSTA,2025-03-29 00:18:09,109.1,0.0,-8.402091,-34.887101
EDUARDO COSTA,2025-03-29 00:18:39,108.2,0.0,-8.402165,-34.887165
EDUARDO COSTA,2025-03-29 00:19:50,195.6,0.1,-8.402123,-34.887076
EDUARDO COSTA,2025-03-29 00:19:59,195.2,0.1,-8.402128,-34.887075
EDUARDO COSTA,2025-03-29 00:20:49,103.3,0.0,-8.402165,-34.887165
EDUARDO COSTA,2025-03-29 00:21:00,103.0,0.0,-8.40214,-34.887083
EDUARDO COSTA,2025-03-29 00:22:30,99.9,0.0,-8.402165,-34.886998
EDUARDO COSTA,2025-03-29 00:22:49,9.7,0.1,-8.402165,-34.886998
EDUARDO COSTA,2025-03-29 00:58:33,106.0,0.0,-8.401998,-34.886998
EDUARDO COSTA,2025-03-29 00:59:03,106.3,0.0,-8.401998,-34.886998
EDUARDO COSTA,2025-03-29 01:00:43,107.4,0.0,-8.401998,-34.887165
EDUARDO COSTA,2025-03-29 01:01:16,107.5,0.0,-8.401991,-34.887088
EDUARDO COSTA,2025-03-29 01:02:26,108.9,0.0,-8.401991,-34.887078
EDUARDO COSTA,2025-03-29 01:02:36,109.0,0.0,-8.401991,-34.887076
EDUARDO COSTA,2025-03-29 01:04:26,109.3,0.0,-8.402025,-34.887078
EDUARDO COSTA,2025-03-29 01:04:33,109.3,0.0,-8.401998,-34.886998
EDUARDO COSTA,2025-03-29 02:37:50,105.4,0.0,-8.401936,-34.887078
EDUARDO COSTA,2025-03-29 15:02:36,110.6,0.0,-8.384373,-34.90038
EDUARDO COSTA,2025-03-29 15:33:17,108.7,0.0,-8.384456,-34.9004
EDUARDO COSTA,2025-03-29 16:04:13,102.8,0.0,-8.384566,-34.90045
EDUARDO COSTA,2025-03-29 16:09:43,14.8,0.1,-8.384498,-34.900331
EDUARDO COSTA,2025-03-29 16:13:56,107.0,0.0,-8.38449,-34.900406
EDUARDO COSTA,2025-03-29 16:44:00,110.5,0.0,-8.384498,-34.900498
EDUARDO COSTA,2025-03-29 16:47:07,106.9,0.0,-8.384518,-34.900428
EDUARDO COSTA,2025-03-29 17:23:26,15.6,0.1,-8.384435,-34.900383
EDUARDO COSTA,2025-03-29 19:32:55,95.5,0.0,-8.384831,-34.900498
EDUARDO COSTA,2025-03-29 19:36:34,95.4,0.0,-8.384831,-34.900331
EDUARDO COSTA,2025-03-29 20:23:26,198.7,0.1,-8.384665,-34.900331
EDUARDO COSTA,2025-03-29 21:11:29,104.6,0.0,-8.38458,-34.900395
EDUARDO COSTA,2025-03-29 21:13:37,105.5,0.0,-8.384578,-34.900408
EDUARDO COSTA,2025-03-29 21:21:45,192.4,0.1,-8.384665,-34.900331
EDUARDO COSTA,2025-03-29 22:10:17,102.9,0.0,-8.38458,-34.900401
EDUARDO COSTA,2025-03-29 22:12:37,100.2,0.0,-8.384665,-34.900498
EDUARDO COSTA,2025-03-29 22:15:37,100.9,0.0,-8.384665,-34.900331
EDUARDO COSTA,2025-03-29 22:18:47,102.9,0.0,-8.384553,-34.900395
EDUARDO COSTA,2025-03-29 22:33:57,104.3,0.0,-8.384553,-34.900445
EDUARDO COSTA,2025-03-29 22:39:43,99.5,0.0,-8.384665,-34.900498
EDUARDO COSTA,2025-03-29 23:01:16,188.2,0.1,-8.384716,-34.900558
EDUARDO COSTA,2025-03-30 00:02:23,106.3,0.0,-8.384498,-34.900331
EDUARDO COSTA,2025-03-30 00:04:05,106.3,0.0,-8.384498,-34.900331
EDUARDO COSTA,2025-03-30 00:05:46,105.7,0.0,-8.384551,-34.900416
EDUARDO COSTA,2025-03-30 01:36:53,14.5,0.1,-8.384498,-34.900498
EDUARDO COSTA,2025-03-30 01:39:57,17.4,0.1,-8.38448,-34.900471
EDUARDO COSTA,2025-03-30 02:46:54,105.5,0.0,-8.384498,-34.900498
EDUARDO COSTA,2025-03-30 02:52:36,192.8,0.1,-8.384665,-34.900498
EDUARDO COSTA,2025-03-30 03:19:27,193.7,0.1,-8.384656,-34.900446
EDUARDO COSTA,2025-03-30 03:54:16,106.9,0.0,-8.384498,-34.900331
EDUARDO COSTA,2025-03-30 04:31:58,109.7,0.0,-8.384498,-34.900331
EDUARDO COSTA,2025-03-30 04:35:00,196.0,0.1,-8.384498,-34.900498
EDUARDO COSTA,2025-03-30 07:07:06,104.5,0.0,-8.384491,-34.900405
EDUARDO COSTA,2025-03-30 07:26:27,105.9,0.0,-8.384495,-34.900388
EDUARDO COSTA,2025-03-30 08:45:35,11.4,0.1,-8.384498,-34.900331
EDUARDO COSTA,2025-03-30 08:51:27,197.9,0.1,-8.384425,-34.900326
EDUARDO COSTA,2025-03-30 08:54:37,108.4,0.0,-8.384498,-34.900331
EDUARDO COSTA,2025-03-30 09:14:26,93.6,0.0,-8.384786,-34.900481
EDUARDO COSTA,2025-03-30 09:35:40,97.3,0.0,-8.384696,-34.900443
EDUARDO COSTA,2025-03-30 10:31:08,2.8,0.1,-8.384831,-34.900498
EDUARDO COSTA,2025-03-30 10:32:08,93.7,0.0,-8.384831,-34.900498
EDUARDO COSTA,2025-03-30 10:35:55,7.4,0.1,-8.384716,-34.900463
EDUARDO COSTA,2025-03-30 10:40:19,95.4,0.0,-8.384741,-34.90047
EDUARDO COSTA,2025-03-30 12:01:47,103.7,0.0,-8.384665,-34.900498
EDUARDO COSTA,2025-03-30 12:17:40,98.6,0.0,-8.384665,-34.900498
EDUARDO COSTA,2025-03-30 12:32:37,105.7,0.0,-8.384498,-34.900498
EDUARDO COSTA,2025-03-30 15:41:57,112.8,0.0,-8.384165,-34.900331
EDUARDO COSTA,2025-03-30 16:18:27,115.6,0.0,-8.384183,-34.900311
EDUARDO COSTA,2025-03-30 16:23:27,113.0,0.0,-8.384206,-34.90033
EDUARDO COSTA,2025-03-30 16:57:03,29.8,0.1,-8.383998,-34.900165
EDUARDO COSTA,2025-03-30 18:30:36,119.5,0.0,-8.383998,-34.900165
EDUARDO COSTA,2025-03-30 18:32:37,119.8,0.0,-8.384003,-34.900206
EDUARDO COSTA,2025-03-30 20:11:26,115.5,0.0,-8.38417,-34.900273
