NOME,DATAHORA,RUMO,VELOCIDADE,LATITUDE,LONGITUDE
FELIPE RIBEIRO,2023-11-25 16:34:55,34.3,1.4,-23.80241,-45.384266
FELIPE RIBEIRO,2023-11-25 16:34:56,34.3,1.4,-23.80241,-45.384266
FELIPE RIBEIRO,2023-11-25 16:37:06,46.1,2.1,-23.801788,-45.383345
FELIPE RIBEIRO,2023-11-25 16:40:56,54.5,5.4,-23.79909,-45.379476
FELIPE RIBEIRO,2023-11-25 17:07:23,12.9,4.9,-23.755148,-45.361395
FELIPE RIBEIRO,2023-11-25 17:13:15,10.7,3.6,-23.748343,-45.3596
FELIPE RIBEIRO,2023-11-25 17:13:24,9.4,3.5,-23.7482,-45.359573
FELIPE RIBEIRO,2023-11-25 17:14:14,6.0,2.3,-23.747631,-45.359493
FELIPE RIBEIRO,2023-11-25 17:14:24,10.0,2.0,-23.747545,-45.359478
FELIPE RIBEIRO,2023-11-25 19:46:27,85.6,0.0,-23.746956,-45.361576
FELIPE RIBEIRO,2023-11-26 01:22:27,73.6,0.0,-23.747481,-45.361365
FELIPE RIBEIRO,2023-11-26 03:10:27,21.8,0.0,-23.748643,-45.360133
FELIPE RIBEIRO,2023-11-26 05:58:27,237.0,0.0,-23.745113,-45.357551
FELIPE RIBEIRO,2023-11-26 12:46:26,122.5,0.0,-23.744941,-45.360885
FELIPE RIBEIRO,2023-11-26 13:46:27,101.2,0.0,-23.745645,-45.361185
FELIPE RIBEIRO,2023-11-26 14:46:27,96.3,0.0,-23.745935,-45.361425
FELIPE RIBEIRO,2023-11-26 17:28:23,95.8,0.0,-23.746256,-45.361486
FELIPE RIBEIRO,2023-11-26 18:01:26,5.4,0.1,-23.746563,-45.362065
FELIPE RIBEIRO,2023-11-26 21:07:27,54.1,0.0,-23.748023,-45.361426
FELIPE RIBEIRO,2023-11-27 01:34:27,39.4,0.0,-23.748478,-45.361296
FELIPE RIBEIRO,2023-11-27 03:22:27,21.3,0.0,-23.748648,-45.360703
FELIPE RIBEIRO,2023-11-27 05:46:25,22.0,0.0,-23.748745,-45.360725
FELIPE RIBEIRO,2023-11-27 05:52:26,22.3,0.0,-23.748785,-45.360688
FELIPE RIBEIRO,2023-11-27 16:25:27,24.7,0.0,-23.748875,-45.360268
FELIPE RIBEIRO,2023-11-27 18:55:27,27.7,0.0,-23.748855,-45.360323
FELIPE RIBEIRO,2023-11-27 23:58:28,227.5,11.4,-23.834133,-45.40966
FELIPE RIBEIRO,2023-11-28 00:33:29,201.5,10.2,-23.907851,-45.49301
FELIPE RIBEIRO,2023-11-28 00:35:38,204.0,10.4,-23.913441,-45.495625
FELIPE RIBEIRO,2023-11-28 00:39:29,205.6,10.4,-23.92326,-45.500411
FELIPE RIBEIRO,2023-11-28 01:08:29,168.8,9.9,-23.998463,-45.49867
FELIPE RIBEIRO,2023-11-28 01:15:10,168.3,9.9,-24.016101,-45.494743
FELIPE RIBEIRO,2023-11-28 01:43:18,183.3,10.5,-24.09135,-45.481236
FELIPE RIBEIRO,2023-11-28 01:45:08,188.2,10.6,-24.096566,-45.481706
FELIPE RIBEIRO,2023-11-28 01:45:38,186.5,10.6,-24.098076,-45.481926
FELIPE RIBEIRO,2023-11-28 01:47:38,193.1,11.0,-24.103955,-45.482948
FELIPE RIBEIRO,2023-11-28 01:49:28,192.3,11.1,-24.109383,-45.484206
FELIPE RIBEIRO,2023-11-28 02:02:48,220.5,11.6,-24.145813,-45.504776
FELIPE RIBEIRO,2023-11-28 02:07:08,220.3,11.5,-24.15615,-45.514431
FELIPE RIBEIRO,2023-11-28 02:07:17,218.8,11.5,-24.156503,-45.514751
FELIPE RIBEIRO,2023-11-28 02:49:37,222.4,11.6,-24.27139,-45.528775
FELIPE RIBEIRO,2023-11-28 02:52:48,236.2,11.5,-24.277568,-45.537143
FELIPE RIBEIRO,2023-11-28 03:10:50,240.5,11.6,-24.306266,-45.590413
FELIPE RIBEIRO,2023-11-28 03:25:38,237.5,11.6,-24.33019,-45.633986
FELIPE RIBEIRO,2023-11-28 03:26:48,240.2,11.5,-24.332075,-45.63741
FELIPE RIBEIRO,2023-11-28 03:27:49,238.8,11.5,-24.333721,-45.640385
FELIPE RIBEIRO,2023-11-28 04:01:39,221.0,11.3,-24.395075,-45.733136
FELIPE RIBEIRO,2023-11-28 04:35:20,220.3,11.5,-24.472366,-45.808828
FELIPE RIBEIRO,2023-11-28 04:40:37,223.1,11.5,-24.484646,-45.820853
FELIPE RIBEIRO,2023-11-28 04:45:49,222.6,11.4,-24.496561,-45.832578
FELIPE RIBEIRO,2023-11-28 04:49:39,222.3,11.5,-24.505501,-45.841281
FELIPE RIBEIRO,2023-11-28 04:52:49,221.2,11.5,-24.512836,-45.84841
FELIPE RIBEIRO,2023-11-28 04:57:30,222.0,11.4,-24.523695,-45.859098
FELIPE RIBEIRO,2023-11-28 05:15:10,222.8,11.3,-24.564155,-45.898675
FELIPE RIBEIRO,2023-11-28 05:36:19,221.2,11.2,-24.612295,-45.945556
FELIPE RIBEIRO,2023-11-28 05:41:29,220.5,11.2,-24.624036,-45.956835
FELIPE RIBEIRO,2023-11-28 06:04:08,221.5,11.2,-24.676173,-46.006335
FELIPE RIBEIRO,2023-11-28 06:04:27,221.1,11.2,-24.67693,-46.007048
FELIPE RIBEIRO,2023-11-28 06:04:38,220.5,11.2,-24.67736,-46.007448
FELIPE RIBEIRO,2023-11-28 06:06:48,220.1,11.2,-24.682308,-46.012108
FELIPE RIBEIRO,2023-11-28 06:07:27,220.6,11.2,-24.683748,-46.013448
FELIPE RIBEIRO,2023-11-28 06:08:08,220.6,11.3,-24.685343,-46.014958
FELIPE RIBEIRO,2023-11-28 06:38:58,220.2,11.2,-24.7567,-46.080875
FELIPE RIBEIRO,2023-11-28 06:53:09,219.3,11.2,-24.789993,-46.110668
FELIPE RIBEIRO,2023-11-28 07:02:07,219.1,11.2,-24.811296,-46.129461
FELIPE RIBEIRO,2023-11-28 07:27:19,218.7,11.1,-24.870753,-46.181178
FELIPE RIBEIRO,2023-11-28 07:30:28,218.2,11.1,-24.87816,-46.187543
FELIPE RIBEIRO,2023-11-28 07:33:38,214.4,11.1,-24.885781,-46.19376
FELIPE RIBEIRO,2023-11-28 08:15:58,205.6,11.1,-25.000916,-46.253563
FELIPE RIBEIRO,2023-11-28 08:35:14,205.8,11.0,-25.052965,-46.28065
FELIPE RIBEIRO,2023-11-28 08:37:16,204.4,11.0,-25.058425,-46.283511
FELIPE RIBEIRO,2023-11-28 08:41:53,205.5,10.9,-25.07078,-46.289921
FELIPE RIBEIRO,2023-11-28 08:44:34,204.9,10.8,-25.07783,-46.293605
FELIPE RIBEIRO,2023-11-28 09:14:08,206.1,10.7,-25.15651,-46.33454
FELIPE RIBEIRO,2023-11-28 09:17:49,204.7,10.7,-25.16616,-46.339715
FELIPE RIBEIRO,2023-11-28 09:48:29,206.7,10.8,-25.247011,-46.38314
FELIPE RIBEIRO,2023-11-28 09:51:49,207.2,10.8,-25.255731,-46.388045
FELIPE RIBEIRO,2023-11-28 10:08:19,206.7,10.9,-25.29918,-46.412323
FELIPE RIBEIRO,2023-11-28 10:56:59,203.5,11.0,-25.428653,-46.484296
FELIPE RIBEIRO,2023-11-28 10:58:39,205.1,11.0,-25.433116,-46.48657
FELIPE RIBEIRO,2023-11-28 11:01:39,203.6,11.0,-25.441296,-46.49065
FELIPE RIBEIRO,2023-11-28 11:02:27,203.9,11.0,-25.443475,-46.491723
FELIPE RIBEIRO,2023-11-28 11:04:09,204.1,11.0,-25.448036,-46.494046
FELIPE RIBEIRO,2023-11-28 11:04:58,204.5,10.9,-25.450236,-46.495153
FELIPE RIBEIRO,2023-11-28 11:07:48,203.2,10.9,-25.457948,-46.499001
FELIPE RIBEIRO,2023-11-28 11:28:00,206.3,11.1,-25.512375,-46.527821
FELIPE RIBEIRO,2023-11-28 11:46:48,206.9,11.0,-25.562851,-46.556018
FELIPE RIBEIRO,2023-11-28 11:49:39,206.1,11.0,-25.570485,-46.56033
FELIPE RIBEIRO,2023-11-28 11:59:39,208.5,11.0,-25.597213,-46.575576
FELIPE RIBEIRO,2023-11-28 12:06:58,208.5,10.9,-25.616668,-46.586838
FELIPE RIBEIRO,2023-11-28 12:11:28,207.6,11.0,-25.628691,-46.5938
FELIPE RIBEIRO,2023-11-28 12:27:37,206.6,11.0,-25.672206,-46.61865
FELIPE RIBEIRO,2023-11-28 12:27:48,206.7,11.0,-25.672703,-46.618926
FELIPE RIBEIRO,2023-11-28 12:37:47,208.1,11.0,-25.699735,-46.634198
FELIPE RIBEIRO,2023-11-28 12:39:47,207.6,11.0,-25.705028,-46.637225
FELIPE RIBEIRO,2023-11-28 12:43:08,207.0,11.0,-25.714073,-46.642451
FELIPE RIBEIRO,2023-11-28 12:44:20,206.2,11.1,-25.717255,-46.644238
FELIPE RIBEIRO,2023-11-28 13:10:38,203.1,11.3,-25.790268,-46.684535
FELIPE RIBEIRO,2023-11-28 13:15:59,204.9,11.4,-25.805373,-46.692388
FELIPE RIBEIRO,2023-11-28 13:19:18,205.6,11.3,-25.81478,-46.6973
FELIPE RIBEIRO,2023-11-28 13:28:49,204.5,11.4,-25.84186,-46.711428
FELIPE RIBEIRO,2023-11-28 13:33:49,204.6,11.3,-25.856058,-46.718831
FELIPE RIBEIRO,2023-11-28 13:47:19,204.6,11.4,-25.894596,-46.738671
FELIPE RIBEIRO,2023-11-28 14:02:48,205.6,11.4,-25.939015,-46.761426
FELIPE RIBEIRO,2023-11-28 14:20:49,204.6,11.4,-25.990301,-46.787715
FELIPE RIBEIRO,2023-11-28 14:27:37,204.2,11.4,-26.009853,-46.797613
FELIPE RIBEIRO,2023-11-28 14:28:38,205.6,11.4,-26.012725,-46.799048
FELIPE RIBEIRO,2023-11-28 15:03:48,206.4,11.3,-26.112458,-46.852015
FELIPE RIBEIRO,2023-11-28 15:12:49,206.2,11.3,-26.137628,-46.866066
FELIPE RIBEIRO,2023-11-28 15:24:29,206.8,11.4,-26.170713,-46.884233
FELIPE RIBEIRO,2023-11-28 15:31:20,205.9,11.5,-26.190103,-46.895006
FELIPE RIBEIRO,2023-11-28 15:37:49,206.0,11.4,-26.20853,-46.905136
FELIPE RIBEIRO,2023-11-28 15:40:38,206.1,11.4,-26.2164,-46.909446
FELIPE RIBEIRO,2023-11-28 16:12:18,206.6,11.3,-26.306083,-46.957556
FELIPE RIBEIRO,2023-11-28 16:14:38,205.7,11.5,-26.312518,-46.961096
FELIPE RIBEIRO,2023-11-28 16:21:17,207.0,11.4,-26.331548,-46.971348
FELIPE RIBEIRO,2023-11-28 16:21:26,206.6,11.4,-26.331973,-46.971578
FELIPE RIBEIRO,2023-11-28 16:21:58,206.4,11.5,-26.333451,-46.97238
FELIPE RIBEIRO,2023-11-28 16:22:06,206.7,11.5,-26.333835,-46.972593
FELIPE RIBEIRO,2023-11-28 16:22:16,206.7,11.5,-26.3343,-46.972855
FELIPE RIBEIRO,2023-11-28 16:46:38,205.5,11.3,-26.402285,-47.01009
FELIPE RIBEIRO,2023-11-28 16:51:40,206.8,11.4,-26.416431,-47.017671
FELIPE RIBEIRO,2023-11-28 17:14:29,205.1,11.5,-26.481283,-47.051908
FELIPE RIBEIRO,2023-11-28 17:18:18,204.9,11.5,-26.492211,-47.057621
FELIPE RIBEIRO,2023-11-28 17:20:59,204.8,11.4,-26.499863,-47.061545
FELIPE RIBEIRO,2023-11-28 17:23:29,205.2,11.3,-26.506961,-47.06524
FELIPE RIBEIRO,2023-11-28 17:49:19,204.6,11.4,-26.580238,-47.102708
FELIPE RIBEIRO,2023-11-28 17:52:29,203.4,11.3,-26.589245,-47.107255
FELIPE RIBEIRO,2023-11-28 17:54:37,205.4,11.3,-26.595423,-47.110395
FELIPE RIBEIRO,2023-11-28 17:56:08,204.0,11.3,-26.599746,-47.112531
FELIPE RIBEIRO,2023-11-28 18:02:17,204.7,11.2,-26.617243,-47.12121
FELIPE RIBEIRO,2023-11-28 18:04:07,203.7,11.2,-26.622463,-47.123743
FELIPE RIBEIRO,2023-11-28 18:05:29,203.0,11.2,-26.62632,-47.125641
FELIPE RIBEIRO,2023-11-28 18:25:18,203.1,11.2,-26.68241,-47.152746
FELIPE RIBEIRO,2023-11-28 18:57:08,203.4,11.1,-26.772096,-47.195803
FELIPE RIBEIRO,2023-11-28 18:58:48,202.1,11.1,-26.776788,-47.197996
FELIPE RIBEIRO,2023-11-28 19:01:48,203.1,11.1,-26.785305,-47.202058
FELIPE RIBEIRO,2023-11-28 19:03:49,203.0,11.1,-26.790981,-47.204705
FELIPE RIBEIRO,2023-11-28 19:33:19,202.7,11.2,-26.875163,-47.244823
FELIPE RIBEIRO,2023-11-28 19:34:18,201.9,11.2,-26.878008,-47.246151
FELIPE RIBEIRO,2023-11-28 19:34:20,201.9,11.2,-26.878008,-47.246151
FELIPE RIBEIRO,2023-11-28 19:35:38,203.0,11.1,-26.881778,-47.247926
FELIPE RIBEIRO,2023-11-28 19:37:07,202.7,11.1,-26.885998,-47.249896
FELIPE RIBEIRO,2023-11-28 19:39:17,203.8,11.0,-26.892046,-47.252746
FELIPE RIBEIRO,2023-11-28 19:42:27,203.4,11.0,-26.900968,-47.256998
FELIPE RIBEIRO,2023-11-28 20:01:30,202.3,10.9,-26.953936,-47.282075
FELIPE RIBEIRO,2023-11-28 20:09:49,203.7,10.7,-26.976831,-47.293066
FELIPE RIBEIRO,2023-11-28 20:11:29,203.1,10.7,-26.981288,-47.295253
FELIPE RIBEIRO,2023-11-28 20:15:19,204.0,10.6,-26.991713,-47.30035
FELIPE RIBEIRO,2023-11-28 20:43:29,207.5,10.8,-27.067635,-47.339465
FELIPE RIBEIRO,2023-11-28 20:45:38,206.4,10.8,-27.073413,-47.342606
FELIPE RIBEIRO,2023-11-28 21:16:20,208.0,11.0,-27.156551,-47.3898
FELIPE RIBEIRO,2023-11-28 21:16:38,207.0,11.0,-27.157428,-47.390275
FELIPE RIBEIRO,2023-11-28 21:16:48,207.5,11.0,-27.15783,-47.390516
FELIPE RIBEIRO,2023-11-28 21:18:49,206.1,11.0,-27.163273,-47.393836
FELIPE RIBEIRO,2023-11-28 21:19:30,207.1,11.0,-27.165088,-47.394888
FELIPE RIBEIRO,2023-11-28 21:48:59,209.2,11.0,-27.243846,-47.444411
FELIPE RIBEIRO,2023-11-28 21:52:38,210.5,11.0,-27.2536,-47.450515
FELIPE RIBEIRO,2023-11-28 21:54:59,211.8,11.1,-27.259858,-47.454621
FELIPE RIBEIRO,2023-11-28 22:21:19,208.2,11.0,-27.330753,-47.499998
FELIPE RIBEIRO,2023-11-28 22:29:18,209.4,10.9,-27.352191,-47.513053
FELIPE RIBEIRO,2023-11-28 22:56:07,203.8,10.8,-27.4233,-47.555985
FELIPE RIBEIRO,2023-11-28 22:57:38,210.5,10.8,-27.427301,-47.55835
FELIPE RIBEIRO,2023-11-28 23:01:08,208.5,10.7,-27.436511,-47.563866
FELIPE RIBEIRO,2023-11-28 23:02:07,206.9,10.7,-27.439165,-47.565466
FELIPE RIBEIRO,2023-11-28 23:04:29,209.3,10.8,-27.445301,-47.569421
FELIPE RIBEIRO,2023-11-28 23:37:08,215.0,11.0,-27.53178,-47.626073
FELIPE RIBEIRO,2023-11-29 00:19:28,214.5,10.9,-27.641401,-47.704141
FELIPE RIBEIRO,2023-11-29 00:19:39,209.2,10.9,-27.641891,-47.704456
FELIPE RIBEIRO,2023-11-29 00:20:28,217.6,10.9,-27.644075,-47.706055
FELIPE RIBEIRO,2023-11-29 00:21:17,217.5,11.0,-27.646066,-47.707556
FELIPE RIBEIRO,2023-11-29 00:21:28,218.6,11.0,-27.646573,-47.707931
FELIPE RIBEIRO,2023-11-29 00:23:28,205.6,10.9,-27.65167,-47.711613
FELIPE RIBEIRO,2023-11-29 00:39:28,214.4,11.0,-27.692945,-47.740443
FELIPE RIBEIRO,2023-11-29 00:43:19,213.2,11.0,-27.703011,-47.747396
FELIPE RIBEIRO,2023-11-29 00:45:29,206.6,10.9,-27.708726,-47.750993
FELIPE RIBEIRO,2023-11-29 00:47:59,202.8,10.6,-27.71552,-47.754476
FELIPE RIBEIRO,2023-11-29 00:50:17,206.3,10.5,-27.72176,-47.757425
FELIPE RIBEIRO,2023-11-29 01:13:48,209.1,10.9,-27.784425,-47.795383
FELIPE RIBEIRO,2023-11-29 01:17:48,214.6,10.8,-27.794938,-47.801971
FELIPE RIBEIRO,2023-11-29 01:22:27,210.4,10.7,-27.806935,-47.80932
FELIPE RIBEIRO,2023-11-29 01:24:48,208.0,10.8,-27.813151,-47.813086
FELIPE RIBEIRO,2023-11-29 01:31:57,210.3,10.6,-27.832023,-47.824378
FELIPE RIBEIRO,2023-11-29 01:44:17,205.4,10.8,-27.864945,-47.842468
FELIPE RIBEIRO,2023-11-29 01:53:00,201.3,10.7,-27.887988,-47.855463
FELIPE RIBEIRO,2023-11-29 01:58:08,205.4,10.7,-27.901706,-47.862655
FELIPE RIBEIRO,2023-11-29 01:58:27,200.9,10.7,-27.902603,-47.863116
FELIPE RIBEIRO,2023-11-29 02:01:19,203.1,10.7,-27.910253,-47.867028
FELIPE RIBEIRO,2023-11-29 02:11:37,207.5,10.8,-27.938085,-47.881706
FELIPE RIBEIRO,2023-11-29 02:25:59,208.6,10.9,-27.97648,-47.902423
FELIPE RIBEIRO,2023-11-29 02:28:19,204.9,10.9,-27.982821,-47.905921
FELIPE RIBEIRO,2023-11-29 02:29:37,207.5,11.0,-27.98641,-47.90785
FELIPE RIBEIRO,2023-11-29 02:31:37,202.5,11.0,-27.991938,-47.910635
FELIPE RIBEIRO,2023-11-29 03:04:28,206.3,11.1,-28.082971,-47.954841
FELIPE RIBEIRO,2023-11-29 03:19:38,208.7,11.4,-28.126458,-47.974905
FELIPE RIBEIRO,2023-11-29 03:50:29,204.3,11.1,-28.212846,-48.015581
FELIPE RIBEIRO,2023-11-29 03:55:29,199.6,10.7,-28.226296,-48.02201
FELIPE RIBEIRO,2023-11-29 04:09:19,204.8,10.8,-28.26412,-48.039948
FELIPE RIBEIRO,2023-11-29 04:12:19,203.4,10.8,-28.272465,-48.043765
FELIPE RIBEIRO,2023-11-29 04:16:40,202.8,11.1,-28.284873,-48.04936
FELIPE RIBEIRO,2023-11-29 04:44:22,193.5,11.1,-28.362931,-48.083373
FELIPE RIBEIRO,2023-11-29 04:44:52,207.3,11.1,-28.364415,-48.084048
FELIPE RIBEIRO,2023-11-29 04:46:18,199.3,11.2,-28.368263,-48.085646
FELIPE RIBEIRO,2023-11-29 04:49:23,198.9,11.3,-28.377403,-48.089633
FELIPE RIBEIRO,2023-11-29 04:50:02,202.0,11.3,-28.37922,-48.090431
FELIPE RIBEIRO,2023-11-29 04:50:32,198.8,11.2,-28.380681,-48.091121
FELIPE RIBEIRO,2023-11-29 04:50:38,198.8,11.2,-28.380681,-48.091121
FELIPE RIBEIRO,2023-11-29 04:50:43,206.2,11.2,-28.381141,-48.091383
FELIPE RIBEIRO,2023-11-29 04:50:52,207.4,11.2,-28.381598,-48.09162
FELIPE RIBEIRO,2023-11-29 04:51:52,203.5,11.0,-28.384313,-48.092808
FELIPE RIBEIRO,2023-11-29 04:52:52,198.9,11.0,-28.387205,-48.094015
FELIPE RIBEIRO,2023-11-29 05:10:38,202.5,11.2,-28.438523,-48.115186
FELIPE RIBEIRO,2023-11-29 05:34:29,194.7,11.0,-28.50717,-48.143125
FELIPE RIBEIRO,2023-11-29 05:39:08,200.4,11.0,-28.520586,-48.14843
FELIPE RIBEIRO,2023-11-29 05:42:48,198.1,11.1,-28.531173,-48.152665
FELIPE RIBEIRO,2023-11-29 06:01:49,204.8,11.5,-28.586131,-48.177666
FELIPE RIBEIRO,2023-11-29 06:48:19,207.0,11.5,-28.717263,-48.246878
FELIPE RIBEIRO,2023-11-29 07:16:48,209.4,11.3,-28.7982,-48.290363
FELIPE RIBEIRO,2023-11-29 07:19:48,208.0,11.5,-28.806853,-48.294973
FELIPE RIBEIRO,2023-11-29 07:23:59,207.0,11.3,-28.81862,-48.301453
FELIPE RIBEIRO,2023-11-29 07:28:17,203.0,11.2,-28.830645,-48.308075
FELIPE RIBEIRO,2023-11-29 07:37:39,206.6,11.2,-28.85675,-48.322491
FELIPE RIBEIRO,2023-11-29 07:39:48,204.1,11.1,-28.862628,-48.325796
FELIPE RIBEIRO,2023-11-29 07:43:08,204.8,11.0,-28.871876,-48.330676
FELIPE RIBEIRO,2023-11-29 08:05:26,206.5,11.0,-28.93322,-48.364323
FELIPE RIBEIRO,2023-11-29 08:05:56,208.2,11.0,-28.934586,-48.365075
FELIPE RIBEIRO,2023-11-29 08:07:16,206.3,11.1,-28.938233,-48.36703
FELIPE RIBEIRO,2023-11-29 08:07:26,207.5,11.1,-28.938731,-48.36732
FELIPE RIBEIRO,2023-11-29 08:08:16,207.3,11.1,-28.940965,-48.368621
FELIPE RIBEIRO,2023-11-29 08:11:29,209.9,11.1,-28.949666,-48.373448
FELIPE RIBEIRO,2023-11-29 08:16:39,206.1,11.2,-28.963915,-48.38141
FELIPE RIBEIRO,2023-11-29 08:19:29,209.1,11.2,-28.971845,-48.385745
FELIPE RIBEIRO,2023-11-29 08:28:50,208.3,11.3,-28.997866,-48.40019
FELIPE RIBEIRO,2023-11-29 08:35:08,203.8,11.2,-29.015553,-48.409848
FELIPE RIBEIRO,2023-11-29 09:01:08,205.8,11.2,-29.088123,-48.449105
FELIPE RIBEIRO,2023-11-29 09:05:19,203.4,11.3,-29.099838,-48.455531
FELIPE RIBEIRO,2023-11-29 09:08:29,209.1,11.3,-29.108803,-48.460415
FELIPE RIBEIRO,2023-11-29 09:11:59,205.4,11.3,-29.118595,-48.465878
FELIPE RIBEIRO,2023-11-29 09:28:28,203.5,11.6,-29.165706,-48.491281
FELIPE RIBEIRO,2023-11-29 09:55:17,233.8,11.5,-29.227516,-48.554611
FELIPE RIBEIRO,2023-11-29 09:58:17,234.6,11.4,-29.233038,-48.56337
FELIPE RIBEIRO,2023-11-29 10:02:28,234.4,11.5,-29.240828,-48.57579
FELIPE RIBEIRO,2023-11-29 10:28:09,236.9,11.7,-29.28869,-48.65114
FELIPE RIBEIRO,2023-11-29 10:37:10,234.8,11.7,-29.30502,-48.678353
FELIPE RIBEIRO,2023-11-29 10:47:09,234.0,11.7,-29.323365,-48.70867
FELIPE RIBEIRO,2023-11-29 10:51:37,234.3,11.8,-29.33161,-48.722215
FELIPE RIBEIRO,2023-11-29 11:05:17,237.0,11.8,-29.356343,-48.763606
FELIPE RIBEIRO,2023-11-29 11:06:38,235.4,11.8,-29.358751,-48.767643
FELIPE RIBEIRO,2023-11-29 11:07:17,236.7,11.8,-29.359938,-48.769698
FELIPE RIBEIRO,2023-11-29 11:09:37,237.5,11.7,-29.364068,-48.776773
FELIPE RIBEIRO,2023-11-29 11:13:28,237.2,11.6,-29.37088,-48.78849
FELIPE RIBEIRO,2023-11-29 11:43:07,237.3,12.0,-29.424243,-48.879861
FELIPE RIBEIRO,2023-11-29 11:49:07,236.3,11.8,-29.435048,-48.898336
FELIPE RIBEIRO,2023-11-29 12:13:38,240.2,11.5,-29.476561,-48.973793
FELIPE RIBEIRO,2023-11-29 12:23:09,240.7,11.6,-29.491163,-49.0036
FELIPE RIBEIRO,2023-11-29 12:38:27,245.4,11.6,-29.513091,-49.052073
FELIPE RIBEIRO,2023-11-29 12:41:19,242.9,11.5,-29.51705,-49.061165
FELIPE RIBEIRO,2023-11-29 12:42:19,243.7,11.5,-29.51841,-49.064256
FELIPE RIBEIRO,2023-11-29 12:44:38,243.7,11.5,-29.521576,-49.071595
FELIPE RIBEIRO,2023-11-29 12:48:58,244.1,11.4,-29.527503,-49.085283
FELIPE RIBEIRO,2023-11-29 12:57:08,243.7,11.3,-29.53848,-49.111005
FELIPE RIBEIRO,2023-11-29 13:18:07,244.3,11.3,-29.566951,-49.177271
FELIPE RIBEIRO,2023-11-29 13:24:47,243.6,11.3,-29.57602,-49.198293
FELIPE RIBEIRO,2023-11-29 13:26:27,243.7,11.3,-29.578265,-49.203536
FELIPE RIBEIRO,2023-11-29 13:59:48,241.4,11.0,-29.624816,-49.307698
FELIPE RIBEIRO,2023-11-29 14:07:09,241.0,11.0,-29.635651,-49.330576
FELIPE RIBEIRO,2023-11-29 14:12:59,241.4,11.0,-29.644243,-49.348706
FELIPE RIBEIRO,2023-11-29 14:19:09,241.4,10.9,-29.65334,-49.367708
FELIPE RIBEIRO,2023-11-29 14:21:59,239.8,10.9,-29.657615,-49.376373
FELIPE RIBEIRO,2023-11-29 14:30:09,240.6,11.0,-29.669963,-49.401371
FELIPE RIBEIRO,2023-11-29 14:34:49,239.2,11.0,-29.676956,-49.415603
FELIPE RIBEIRO,2023-11-29 15:05:57,240.6,11.0,-29.724418,-49.511418
FELIPE RIBEIRO,2023-11-29 15:10:27,241.0,11.0,-29.73131,-49.525345
FELIPE RIBEIRO,2023-11-29 15:15:08,239.6,11.0,-29.738466,-49.539808
FELIPE RIBEIRO,2023-11-29 15:44:29,239.8,11.1,-29.783011,-49.630378
FELIPE RIBEIRO,2023-11-29 15:47:09,240.5,11.0,-29.787061,-49.638595
FELIPE RIBEIRO,2023-11-29 16:18:29,240.6,11.1,-29.835128,-49.735283
FELIPE RIBEIRO,2023-11-29 16:19:08,240.8,11.0,-29.836128,-49.737291
FELIPE RIBEIRO,2023-11-29 16:22:50,240.6,11.0,-29.841828,-49.748648
FELIPE RIBEIRO,2023-11-29 16:25:39,239.7,11.0,-29.846196,-49.757315
FELIPE RIBEIRO,2023-11-29 16:36:56,240.3,11.0,-29.863731,-49.792153
FELIPE RIBEIRO,2023-11-29 16:37:56,240.0,10.9,-29.865265,-49.79517
FELIPE RIBEIRO,2023-11-29 16:38:07,239.9,11.0,-29.865578,-49.79578
FELIPE RIBEIRO,2023-11-29 16:46:58,238.1,11.1,-29.879603,-49.822905
FELIPE RIBEIRO,2023-11-29 16:49:18,239.7,11.1,-29.883396,-49.830085
FELIPE RIBEIRO,2023-11-29 16:49:58,238.7,11.0,-29.884423,-49.832123
FELIPE RIBEIRO,2023-11-29 16:52:50,238.4,11.2,-29.889071,-49.840866
FELIPE RIBEIRO,2023-11-29 16:58:29,238.0,11.0,-29.898318,-49.858221
FELIPE RIBEIRO,2023-11-29 17:01:29,238.4,11.1,-29.903215,-49.867446
FELIPE RIBEIRO,2023-11-29 17:22:18,237.7,11.2,-29.937343,-49.931316
FELIPE RIBEIRO,2023-11-29 17:23:57,236.8,11.2,-29.940103,-49.936468
FELIPE RIBEIRO,2023-11-29 17:24:08,237.5,11.2,-29.94039,-49.936993
FELIPE RIBEIRO,2023-11-29 17:24:26,238.6,11.2,-29.940911,-49.937971
FELIPE RIBEIRO,2023-11-29 17:24:59,238.0,11.2,-29.94172,-49.93949
FELIPE RIBEIRO,2023-11-29 17:27:47,238.5,11.2,-29.946471,-49.948138
FELIPE RIBEIRO,2023-11-29 17:29:57,239.6,11.2,-29.949923,-49.954835
FELIPE RIBEIRO,2023-11-29 17:29:59,239.6,11.2,-29.949923,-49.954835
FELIPE RIBEIRO,2023-11-29 17:30:57,239.4,11.1,-29.951505,-49.957916
FELIPE RIBEIRO,2023-11-29 17:31:08,240.0,11.1,-29.951798,-49.958485
FELIPE RIBEIRO,2023-11-29 17:31:27,238.0,11.0,-29.952305,-49.959446
FELIPE RIBEIRO,2023-11-29 17:32:49,237.7,10.5,-29.954416,-49.963401
FELIPE RIBEIRO,2023-11-29 17:59:49,279.6,5.0,-29.980193,-50.03075
FELIPE RIBEIRO,2023-11-29 18:01:58,300.0,2.0,-29.979181,-50.032981
FELIPE RIBEIRO,2023-11-29 18:04:38,323.7,1.4,-29.977846,-50.03412
FELIPE RIBEIRO,2023-11-29 18:07:38,359.6,0.6,-29.977076,-50.03473
FELIPE RIBEIRO,2023-11-29 18:10:29,280.4,1.3,-29.976741,-50.035611
FELIPE RIBEIRO,2023-11-30 00:21:57,55.7,0.0,-29.977256,-50.03858
FELIPE RIBEIRO,2023-11-30 01:54:56,60.9,0.0,-29.977146,-50.038636
FELIPE RIBEIRO,2023-11-30 04:39:57,351.8,0.2,-29.97707,-50.03866
FELIPE RIBEIRO,2023-11-30 05:33:56,359.6,0.3,-29.97672,-50.03886
FELIPE RIBEIRO,2023-11-30 05:48:57,13.3,0.1,-29.976703,-50.038825
FELIPE RIBEIRO,2023-11-30 05:54:57,7.0,0.2,-29.976496,-50.038961
FELIPE RIBEIRO,2023-11-30 06:36:56,59.1,0.0,-29.976848,-50.038631
FELIPE RIBEIRO,2023-11-30 06:39:56,353.7,0.2,-29.97698,-50.03869
FELIPE RIBEIRO,2023-11-30 10:48:56,64.9,0.0,-29.976201,-50.038953
FELIPE RIBEIRO,2023-11-30 11:00:56,68.3,0.0,-29.976238,-50.039106
FELIPE RIBEIRO,2023-11-30 11:57:57,337.0,0.1,-29.976266,-50.038963
FELIPE RIBEIRO,2023-11-30 12:30:56,67.6,0.0,-29.97635,-50.038975
FELIPE RIBEIRO,2023-11-30 18:15:57,65.0,0.0,-29.976345,-50.039016
FELIPE RIBEIRO,2023-11-30 18:48:56,334.4,0.1,-29.976476,-50.03884
FELIPE RIBEIRO,2023-11-30 22:15:56,62.1,0.0,-29.976751,-50.038871
FELIPE RIBEIRO,2023-11-30 22:48:57,354.7,0.2,-29.976745,-50.038805
FELIPE RIBEIRO,2023-12-01 01:48:56,339.4,0.1,-29.976278,-50.03903
FELIPE RIBEIRO,2023-12-01 03:06:56,348.7,0.1,-29.975915,-50.039136
FELIPE RIBEIRO,2023-12-01 03:36:57,76.5,0.0,-29.976001,-50.03913
FELIPE RIBEIRO,2023-12-01 04:39:57,343.0,0.1,-29.976306,-50.039018
FELIPE RIBEIRO,2023-12-01 04:54:57,68.7,0.0,-29.97621,-50.038965
FELIPE RIBEIRO,2023-12-01 04:57:57,69.2,0.0,-29.976226,-50.038983
FELIPE RIBEIRO,2023-12-01 05:21:56,68.5,0.0,-29.976358,-50.038978
FELIPE RIBEIRO,2023-12-01 05:24:56,66.6,0.0,-29.976381,-50.038926
FELIPE RIBEIRO,2023-12-01 05:45:57,67.2,0.0,-29.976338,-50.039001
FELIPE RIBEIRO,2023-12-01 09:45:57,63.8,0.0,-29.976346,-50.039053
FELIPE RIBEIRO,2023-12-01 11:30:57,70.9,0.0,-29.976285,-50.039035
FELIPE RIBEIRO,2023-12-01 14:12:57,57.6,0.0,-29.976751,-50.038838
FELIPE RIBEIRO,2023-12-01 16:42:25,154.0,2.7,-29.994486,-50.030498
FELIPE RIBEIRO,2023-12-01 16:45:24,154.8,2.3,-29.996433,-50.029385
FELIPE RIBEIRO,2023-12-01 16:48:45,154.8,1.8,-29.99811,-50.02838
FELIPE RIBEIRO,2023-12-01 17:09:22,185.0,1.2,-30.0061,-50.02701
FELIPE RIBEIRO,2023-12-01 17:09:32,187.5,1.1,-30.006118,-50.027018
FELIPE RIBEIRO,2023-12-01 17:10:15,190.7,1.0,-30.006345,-50.027061
FELIPE RIBEIRO,2023-12-01 17:10:22,191.8,1.1,-30.006406,-50.027075
FELIPE RIBEIRO,2023-12-01 17:10:43,193.7,1.2,-30.00654,-50.027098
FELIPE RIBEIRO,2023-12-01 17:10:53,193.9,1.1,-30.006608,-50.027113
FELIPE RIBEIRO,2023-12-01 17:12:24,193.5,1.4,-30.007161,-50.027235
FELIPE RIBEIRO,2023-12-01 17:12:25,193.5,1.4,-30.007161,-50.027235
FELIPE RIBEIRO,2023-12-01 17:13:43,189.7,1.2,-30.00764,-50.027335
FELIPE RIBEIRO,2023-12-01 17:15:43,192.2,1.3,-30.008366,-50.027528
FELIPE RIBEIRO,2023-12-01 17:16:22,190.0,1.4,-30.008628,-50.027578
FELIPE RIBEIRO,2023-12-01 17:16:43,186.8,1.2,-30.008895,-50.02761
FELIPE RIBEIRO,2023-12-01 17:16:46,186.8,1.2,-30.008895,-50.02761
FELIPE RIBEIRO,2023-12-01 17:23:16,197.9,1.4,-30.01135,-50.0284
FELIPE RIBEIRO,2023-12-01 17:46:26,192.3,1.7,-30.02098,-50.031596
FELIPE RIBEIRO,2023-12-01 17:51:05,166.3,2.7,-30.024131,-50.031263
FELIPE RIBEIRO,2023-12-01 17:54:45,132.0,2.6,-30.02654,-50.02955
FELIPE RIBEIRO,2023-12-01 18:19:36,353.4,4.1,-29.994683,-50.035021
FELIPE RIBEIRO,2023-12-01 18:29:15,0.7,0.7,-29.989328,-50.037308
FELIPE RIBEIRO,2023-12-02 00:10:08,351.4,0.1,-29.990351,-50.039863
FELIPE RIBEIRO,2023-12-02 00:19:07,7.8,0.2,-29.99033,-50.039865
FELIPE RIBEIRO,2023-12-02 03:04:07,32.5,0.0,-29.990551,-50.039596
FELIPE RIBEIRO,2023-12-02 04:01:05,30.0,0.0,-29.990706,-50.039435
FELIPE RIBEIRO,2023-12-02 05:25:08,344.0,0.1,-29.990545,-50.039558
FELIPE RIBEIRO,2023-12-02 06:16:08,359.3,0.2,-29.9907,-50.039331
FELIPE RIBEIRO,2023-12-02 10:37:08,14.0,0.1,-29.99108,-50.038501
FELIPE RIBEIRO,2023-12-02 18:01:08,38.9,0.0,-29.990466,-50.039733
FELIPE RIBEIRO,2023-12-02 19:46:08,353.5,0.1,-29.990463,-50.03972
FELIPE RIBEIRO,2023-12-02 20:52:08,34.8,0.0,-29.990646,-50.03935
FELIPE RIBEIRO,2023-12-02 21:34:08,358.5,0.2,-29.990656,-50.039233
FELIPE RIBEIRO,2023-12-02 21:43:08,23.6,0.0,-29.990638,-50.039286
FELIPE RIBEIRO,2023-12-02 23:16:07,49.5,0.0,-29.990223,-50.039795
FELIPE RIBEIRO,2023-12-03 01:46:07,40.8,0.0,-29.990401,-50.039385
FELIPE RIBEIRO,2023-12-03 03:49:08,347.6,0.1,-29.98934,-50.040146
FELIPE RIBEIRO,2023-12-03 04:37:08,84.5,0.0,-29.988996,-50.040221
FELIPE RIBEIRO,2023-12-03 05:34:08,9.1,0.1,-29.98841,-50.040156
FELIPE RIBEIRO,2023-12-03 05:55:06,16.4,0.1,-29.988178,-50.04022
FELIPE RIBEIRO,2023-12-03 06:10:08,10.1,0.1,-29.988318,-50.04016
FELIPE RIBEIRO,2023-12-03 07:13:07,96.0,0.0,-29.988631,-50.040141
FELIPE RIBEIRO,2023-12-03 09:37:41,214.9,5.1,-30.034381,-50.05619
FELIPE RIBEIRO,2023-12-03 09:59:10,291.6,1.3,-30.045988,-50.071293
FELIPE RIBEIRO,2023-12-03 10:34:10,187.1,1.5,-30.04395,-50.077501
FELIPE RIBEIRO,2023-12-03 11:15:32,82.7,1.1,-30.028485,-50.090438
FELIPE RIBEIRO,2023-12-03 11:20:00,106.5,1.2,-30.028631,-50.088783
FELIPE RIBEIRO,2023-12-03 11:21:51,109.2,1.1,-30.028818,-50.087961
FELIPE RIBEIRO,2023-12-03 11:24:00,108.4,1.0,-30.02901,-50.087296
FELIPE RIBEIRO,2023-12-03 11:50:00,105.0,0.5,-30.030655,-50.081746
FELIPE RIBEIRO,2023-12-03 11:52:21,105.4,0.4,-30.030745,-50.081378
FELIPE RIBEIRO,2023-12-03 11:54:09,106.4,0.4,-30.030738,-50.081111
FELIPE RIBEIRO,2023-12-03 11:54:59,106.9,0.3,-30.030755,-50.081011
FELIPE RIBEIRO,2023-12-03 11:55:59,107.5,0.3,-30.030766,-50.080896
FELIPE RIBEIRO,2023-12-03 11:57:00,108.4,0.3,-30.030778,-50.080801
FELIPE RIBEIRO,2023-12-03 12:08:01,161.0,0.1,-30.031228,-50.079575
FELIPE RIBEIRO,2023-12-03 12:17:30,122.1,0.0,-30.03112,-50.079391
FELIPE RIBEIRO,2023-12-03 12:25:39,121.8,0.0,-30.031006,-50.079375
FELIPE RIBEIRO,2023-12-03 12:26:00,121.6,0.0,-30.030998,-50.079378
FELIPE RIBEIRO,2023-12-03 12:26:40,121.4,0.0,-30.030998,-50.079395
FELIPE RIBEIRO,2023-12-03 12:26:50,121.4,0.0,-30.030996,-50.079391
FELIPE RIBEIRO,2023-12-03 12:28:29,121.2,0.0,-30.031003,-50.079433
FELIPE RIBEIRO,2023-12-03 12:31:11,120.1,0.0,-30.030905,-50.079468
FELIPE RIBEIRO,2023-12-03 12:31:29,119.9,0.0,-30.0309,-50.079478
FELIPE RIBEIRO,2023-12-04 02:44:10,259.8,1.4,-30.025316,-50.076303
FELIPE RIBEIRO,2023-12-04 02:47:20,289.0,2.3,-30.025058,-50.078183
FELIPE RIBEIRO,2023-12-04 03:16:42,49.0,2.6,-30.006476,-50.070525
FELIPE RIBEIRO,2023-12-04 03:19:22,52.8,3.1,-30.004883,-50.068713
FELIPE RIBEIRO,2023-12-04 03:23:22,65.2,5.3,-30.002405,-50.063973
FELIPE RIBEIRO,2023-12-04 03:26:22,66.0,7.4,-30.000045,-50.058168
FELIPE RIBEIRO,2023-12-04 03:43:31,67.0,9.9,-29.983153,-50.011545
FELIPE RIBEIRO,2023-12-04 03:45:41,67.0,10.0,-29.980846,-50.005286
FELIPE RIBEIRO,2023-12-04 04:05:21,60.5,10.0,-29.958,-49.949178
FELIPE RIBEIRO,2023-12-04 04:14:51,58.0,10.0,-29.944665,-49.923658
FELIPE RIBEIRO,2023-12-04 04:32:43,56.9,10.0,-29.918886,-49.876453
FELIPE RIBEIRO,2023-12-04 04:35:01,56.9,9.9,-29.915506,-49.870488
FELIPE RIBEIRO,2023-12-04 04:37:02,57.0,9.9,-29.912591,-49.86524
FELIPE RIBEIRO,2023-12-04 05:03:02,62.5,10.1,-29.875898,-49.79579
FELIPE RIBEIRO,2023-12-04 05:06:02,60.7,10.1,-29.871893,-49.787501
FELIPE RIBEIRO,2023-12-04 05:21:52,61.5,10.0,-29.851203,-49.743955
FELIPE RIBEIRO,2023-12-04 05:26:52,62.5,10.0,-29.84479,-49.73025
FELIPE RIBEIRO,2023-12-04 05:56:01,45.1,9.9,-29.800153,-49.657066
FELIPE RIBEIRO,2023-12-04 06:03:42,45.0,10.0,-29.785525,-49.64037
FELIPE RIBEIRO,2023-12-04 06:07:01,44.4,10.0,-29.77909,-49.633188
FELIPE RIBEIRO,2023-12-04 06:08:01,44.4,10.0,-29.77714,-49.631048
FELIPE RIBEIRO,2023-12-04 06:13:11,44.0,10.0,-29.76715,-49.619865
FELIPE RIBEIRO,2023-12-04 06:17:10,43.2,10.1,-29.759276,-49.611246
FELIPE RIBEIRO,2023-12-04 06:48:43,43.5,10.1,-29.697656,-49.542728
FELIPE RIBEIRO,2023-12-04 06:54:11,45.0,10.1,-29.686865,-49.530756
FELIPE RIBEIRO,2023-12-04 07:06:21,44.6,9.8,-29.663201,-49.504905
FELIPE RIBEIRO,2023-12-04 07:12:31,42.9,9.7,-29.651401,-49.491988
FELIPE RIBEIRO,2023-12-04 07:26:41,43.9,9.7,-29.624658,-49.462426
FELIPE RIBEIRO,2023-12-04 07:28:51,42.4,9.7,-29.620618,-49.457926
FELIPE RIBEIRO,2023-12-04 07:47:21,45.1,9.7,-29.58648,-49.418708
FELIPE RIBEIRO,2023-12-04 07:54:21,44.3,9.6,-29.573851,-49.403795
FELIPE RIBEIRO,2023-12-04 07:57:31,46.2,9.7,-29.568013,-49.396985
FELIPE RIBEIRO,2023-12-04 08:03:52,45.6,9.7,-29.556405,-49.383461
FELIPE RIBEIRO,2023-12-04 08:26:22,47.6,9.6,-29.516058,-49.334695
FELIPE RIBEIRO,2023-12-04 08:29:51,49.9,9.7,-29.509998,-49.3269
FELIPE RIBEIRO,2023-12-04 08:33:32,47.7,9.7,-29.503523,-49.31862
FELIPE RIBEIRO,2023-12-04 08:38:31,49.9,9.7,-29.494651,-49.307456
FELIPE RIBEIRO,2023-12-04 08:39:43,48.8,9.7,-29.492598,-49.304805
FELIPE RIBEIRO,2023-12-04 08:40:43,48.2,9.7,-29.490843,-49.302541
FELIPE RIBEIRO,2023-12-04 09:09:12,46.9,9.7,-29.440323,-49.238831
FELIPE RIBEIRO,2023-12-04 09:12:01,47.7,9.8,-29.435343,-49.232515
FELIPE RIBEIRO,2023-12-04 09:29:43,47.7,9.8,-29.403483,-49.192928
FELIPE RIBEIRO,2023-12-04 09:41:31,46.2,9.9,-29.381968,-49.166596
FELIPE RIBEIRO,2023-12-04 09:44:31,47.2,9.9,-29.376468,-49.159785
FELIPE RIBEIRO,2023-12-04 10:18:52,48.4,10.2,-29.312598,-49.08163
FELIPE RIBEIRO,2023-12-04 10:19:21,47.7,10.1,-29.311751,-49.080566
FELIPE RIBEIRO,2023-12-04 10:21:41,48.2,10.1,-29.307425,-49.075016
FELIPE RIBEIRO,2023-12-04 10:26:41,46.3,10.3,-29.298026,-49.063246
FELIPE RIBEIRO,2023-12-04 10:50:01,47.5,10.3,-29.253898,-49.008145
FELIPE RIBEIRO,2023-12-04 10:54:22,47.1,10.4,-29.24576,-48.997805
FELIPE RIBEIRO,2023-12-04 10:57:11,48.5,10.3,-29.24051,-48.99114
FELIPE RIBEIRO,2023-12-04 11:12:31,48.1,10.2,-29.212065,-48.95521
FELIPE RIBEIRO,2023-12-04 11:15:01,48.9,10.2,-29.207521,-48.949335
FELIPE RIBEIRO,2023-12-04 11:21:52,48.8,10.0,-29.195063,-48.933488
FELIPE RIBEIRO,2023-12-04 11:33:12,48.7,10.0,-29.174573,-48.90732
FELIPE RIBEIRO,2023-12-04 11:47:32,48.3,9.8,-29.148831,-48.87448
FELIPE RIBEIRO,2023-12-04 11:49:07,49.0,9.9,-29.15414,-48.881465
FELIPE RIBEIRO,2023-12-04 11:50:40,48.6,9.9,-29.143191,-48.867298
FELIPE RIBEIRO,2023-12-04 12:02:13,50.6,10.0,-29.122428,-48.840631
FELIPE RIBEIRO,2023-12-04 12:06:21,47.1,9.9,-29.115036,-48.831098
FELIPE RIBEIRO,2023-12-04 12:07:12,50.3,9.9,-29.113526,-48.829145
FELIPE RIBEIRO,2023-12-04 12:09:01,49.9,9.9,-29.110295,-48.82494
FELIPE RIBEIRO,2023-12-04 12:22:41,50.7,9.9,-29.086251,-48.793145
FELIPE RIBEIRO,2023-12-04 12:23:31,48.6,10.0,-29.08476,-48.791225
FELIPE RIBEIRO,2023-12-04 12:24:22,49.4,10.0,-29.083313,-48.789278
FELIPE RIBEIRO,2023-12-04 12:25:50,49.8,9.9,-29.080728,-48.78582
FELIPE RIBEIRO,2023-12-04 12:26:00,48.1,9.9,-29.080401,-48.785398
FELIPE RIBEIRO,2023-12-04 12:41:52,49.5,10.0,-29.052783,-48.747911
FELIPE RIBEIRO,2023-12-04 12:58:41,49.7,10.0,-29.023771,-48.70759
FELIPE RIBEIRO,2023-12-04 13:07:51,48.8,10.1,-29.007698,-48.685523
FELIPE RIBEIRO,2023-12-04 13:17:12,48.5,10.2,-28.990596,-48.663361
FELIPE RIBEIRO,2023-12-04 13:35:42,44.7,10.1,-28.955308,-48.620963
FELIPE RIBEIRO,2023-12-04 13:42:42,45.2,10.1,-28.941705,-48.605251
FELIPE RIBEIRO,2023-12-04 14:09:02,45.6,10.2,-28.890413,-48.545765
FELIPE RIBEIRO,2023-12-04 14:20:52,42.3,10.4,-28.866825,-48.519418
FELIPE RIBEIRO,2023-12-04 14:26:01,36.7,10.3,-28.855603,-48.508876
FELIPE RIBEIRO,2023-12-04 14:41:50,20.5,10.0,-28.815625,-48.488276
FELIPE RIBEIRO,2023-12-04 14:47:50,23.1,10.1,-28.800253,-48.481386
FELIPE RIBEIRO,2023-12-04 14:55:50,25.1,10.0,-28.780108,-48.471396
FELIPE RIBEIRO,2023-12-04 15:01:31,22.8,10.1,-28.765838,-48.464305
FELIPE RIBEIRO,2023-12-04 15:20:21,23.5,10.1,-28.71847,-48.44009
FELIPE RIBEIRO,2023-12-04 15:28:52,25.4,10.1,-28.69714,-48.429086
FELIPE RIBEIRO,2023-12-04 15:33:00,23.3,10.1,-28.68673,-48.423726
FELIPE RIBEIRO,2023-12-04 15:36:40,21.9,10.1,-28.677498,-48.418928
FELIPE RIBEIRO,2023-12-04 15:51:12,23.7,10.2,-28.641076,-48.399831
FELIPE RIBEIRO,2023-12-04 16:00:02,23.4,10.2,-28.618555,-48.388135
FELIPE RIBEIRO,2023-12-04 16:05:22,22.9,10.3,-28.604823,-48.381178
FELIPE RIBEIRO,2023-12-04 16:06:51,24.5,10.3,-28.60103,-48.379256
FELIPE RIBEIRO,2023-12-04 16:12:31,20.8,10.3,-28.586415,-48.37181
FELIPE RIBEIRO,2023-12-04 16:26:29,23.1,10.4,-28.54914,-48.356366
FELIPE RIBEIRO,2023-12-04 16:26:38,21.2,10.4,-28.548735,-48.356205
FELIPE RIBEIRO,2023-12-04 16:26:39,21.2,10.4,-28.548735,-48.356205
FELIPE RIBEIRO,2023-12-04 16:28:29,20.4,10.4,-28.543731,-48.35415
FELIPE RIBEIRO,2023-12-04 16:28:38,19.7,10.5,-28.543375,-48.354006
FELIPE RIBEIRO,2023-12-04 16:30:30,21.8,10.5,-28.538413,-48.352003
FELIPE RIBEIRO,2023-12-04 16:30:49,22.1,10.5,-28.537471,-48.351611
FELIPE RIBEIRO,2023-12-04 16:31:49,20.1,10.5,-28.534765,-48.350525
FELIPE RIBEIRO,2023-12-04 16:40:11,18.2,10.5,-28.512133,-48.341561
FELIPE RIBEIRO,2023-12-04 17:04:22,17.7,10.7,-28.445715,-48.315403
FELIPE RIBEIRO,2023-12-04 17:06:33,19.6,10.7,-28.439758,-48.313075
FELIPE RIBEIRO,2023-12-04 17:08:52,18.1,10.6,-28.43342,-48.310578
FELIPE RIBEIRO,2023-12-04 17:19:51,16.0,10.7,-28.403391,-48.298956
FELIPE RIBEIRO,2023-12-04 17:46:51,19.5,10.6,-28.329458,-48.270225
FELIPE RIBEIRO,2023-12-04 17:49:11,18.0,10.6,-28.323056,-48.267801
FELIPE RIBEIRO,2023-12-04 17:54:50,17.9,10.6,-28.307513,-48.261933
FELIPE RIBEIRO,2023-12-04 17:58:21,15.2,10.7,-28.297838,-48.25825
FELIPE RIBEIRO,2023-12-04 18:11:49,19.8,10.8,-28.260525,-48.243945
FELIPE RIBEIRO,2023-12-04 18:53:22,19.3,10.7,-28.14536,-48.198243
FELIPE RIBEIRO,2023-12-04 19:32:41,16.9,10.8,-28.036458,-48.153258
FELIPE RIBEIRO,2023-12-04 19:35:31,18.7,10.8,-28.028668,-48.150351
FELIPE RIBEIRO,2023-12-04 19:41:19,18.4,10.8,-28.012473,-48.144353
FELIPE RIBEIRO,2023-12-04 19:49:01,17.4,10.6,-27.99117,-48.136658
FELIPE RIBEIRO,2023-12-04 20:08:11,17.4,10.5,-27.938435,-48.11759
FELIPE RIBEIRO,2023-12-04 20:08:41,17.0,10.6,-27.937113,-48.117118
FELIPE RIBEIRO,2023-12-04 20:33:31,17.8,10.5,-27.869043,-48.092433
FELIPE RIBEIRO,2023-12-04 20:39:32,17.6,10.5,-27.852625,-48.086543
FELIPE RIBEIRO,2023-12-04 20:42:41,17.8,10.4,-27.844026,-48.083545
FELIPE RIBEIRO,2023-12-04 21:09:31,16.6,10.6,-27.770206,-48.058016
FELIPE RIBEIRO,2023-12-04 21:18:11,12.7,10.7,-27.745848,-48.050503
FELIPE RIBEIRO,2023-12-04 21:26:01,14.6,10.8,-27.723523,-48.044176
FELIPE RIBEIRO,2023-12-04 21:33:00,13.7,10.8,-27.703595,-48.038566
FELIPE RIBEIRO,2023-12-04 21:42:50,11.1,10.8,-27.67531,-48.031198
FELIPE RIBEIRO,2023-12-04 22:16:13,16.6,10.5,-27.580498,-48.008163
FELIPE RIBEIRO,2023-12-04 22:17:12,15.3,10.6,-27.577676,-48.007328
FELIPE RIBEIRO,2023-12-04 22:24:11,15.3,10.5,-27.558218,-48.00159
FELIPE RIBEIRO,2023-12-04 22:24:51,16.9,10.5,-27.556378,-48.001028
FELIPE RIBEIRO,2023-12-04 22:52:22,15.9,10.6,-27.48047,-47.977205
FELIPE RIBEIRO,2023-12-04 22:56:10,13.8,10.6,-27.4699,-47.973843
FELIPE RIBEIRO,2023-12-04 22:58:41,13.6,10.5,-27.462886,-47.971718
FELIPE RIBEIRO,2023-12-04 23:01:11,15.6,10.6,-27.455876,-47.969748
FELIPE RIBEIRO,2023-12-04 23:08:20,13.5,10.6,-27.435646,-47.963956
FELIPE RIBEIRO,2023-12-04 23:12:21,8.0,10.6,-27.42415,-47.961338
FELIPE RIBEIRO,2023-12-04 23:28:30,2.9,10.7,-27.377033,-47.957263
FELIPE RIBEIRO,2023-12-04 23:35:21,358.5,10.7,-27.356931,-47.95666
FELIPE RIBEIRO,2023-12-04 23:37:32,1.2,10.6,-27.350603,-47.956683
FELIPE RIBEIRO,2023-12-05 00:09:32,357.4,10.6,-27.257505,-47.958591
FELIPE RIBEIRO,2023-12-05 00:12:41,359.8,10.5,-27.248321,-47.958738
FELIPE RIBEIRO,2023-12-05 00:38:41,359.1,10.5,-27.174088,-47.958978
FELIPE RIBEIRO,2023-12-05 00:50:40,1.7,10.4,-27.140041,-47.958961
FELIPE RIBEIRO,2023-12-05 00:53:41,1.3,10.5,-27.131428,-47.958886
FELIPE RIBEIRO,2023-12-05 01:03:21,1.4,10.4,-27.103915,-47.958073
FELIPE RIBEIRO,2023-12-05 01:07:01,1.9,10.5,-27.093511,-47.957873
FELIPE RIBEIRO,2023-12-05 01:12:41,359.9,10.5,-27.077385,-47.957578
FELIPE RIBEIRO,2023-12-05 01:21:10,0.5,10.4,-27.053255,-47.957905
FELIPE RIBEIRO,2023-12-05 01:25:22,359.8,10.4,-27.041406,-47.957946
FELIPE RIBEIRO,2023-12-05 01:28:22,0.0,10.4,-27.03291,-47.958053
FELIPE RIBEIRO,2023-12-05 01:30:43,356.7,10.4,-27.026275,-47.958255
FELIPE RIBEIRO,2023-12-05 01:34:22,359.4,10.5,-27.015875,-47.958298
FELIPE RIBEIRO,2023-12-05 01:37:10,358.3,10.4,-27.007915,-47.958283
FELIPE RIBEIRO,2023-12-05 01:41:30,354.7,10.3,-26.995715,-47.959021
FELIPE RIBEIRO,2023-12-05 01:43:01,352.0,10.3,-26.9915,-47.959605
FELIPE RIBEIRO,2023-12-05 01:44:43,354.4,10.3,-26.98678,-47.96019
FELIPE RIBEIRO,2023-12-05 01:45:30,350.4,10.3,-26.984553,-47.960515
FELIPE RIBEIRO,2023-12-05 01:47:21,347.4,10.3,-26.97946,-47.961623
FELIPE RIBEIRO,2023-12-05 01:48:30,347.6,10.3,-26.97629,-47.962365
FELIPE RIBEIRO,2023-12-05 02:21:43,342.3,10.7,-26.883658,-47.988318
FELIPE RIBEIRO,2023-12-05 02:24:52,341.0,10.7,-26.874986,-47.991536
FELIPE RIBEIRO,2023-12-05 02:41:30,327.9,10.8,-26.831015,-48.0139
FELIPE RIBEIRO,2023-12-05 03:13:21,329.4,11.0,-26.750488,-48.068511
FELIPE RIBEIRO,2023-12-05 03:39:03,328.8,10.9,-26.684726,-48.112098
FELIPE RIBEIRO,2023-12-05 04:04:02,328.5,11.0,-26.620838,-48.154993
FELIPE RIBEIRO,2023-12-05 04:06:51,328.9,10.9,-26.61361,-48.159758
FELIPE RIBEIRO,2023-12-05 04:23:11,329.4,11.0,-26.571901,-48.187453
FELIPE RIBEIRO,2023-12-05 04:50:31,327.9,10.7,-26.502731,-48.233156
FELIPE RIBEIRO,2023-12-05 04:51:21,329.3,10.8,-26.500606,-48.23455
FELIPE RIBEIRO,2023-12-05 04:52:21,330.7,10.7,-26.498196,-48.236131
FELIPE RIBEIRO,2023-12-05 04:52:50,331.1,10.7,-26.496988,-48.236891
FELIPE RIBEIRO,2023-12-05 04:53:49,330.5,10.7,-26.494465,-48.23848
FELIPE RIBEIRO,2023-12-05 04:54:39,330.0,10.7,-26.492365,-48.239835
FELIPE RIBEIRO,2023-12-05 04:58:40,330.6,10.7,-26.482281,-48.246426
FELIPE RIBEIRO,2023-12-05 04:58:42,330.6,10.7,-26.482281,-48.246426
FELIPE RIBEIRO,2023-12-05 05:15:03,330.5,10.6,-26.441201,-48.27252
FELIPE RIBEIRO,2023-12-05 05:17:43,329.6,10.6,-26.434575,-48.276738
FELIPE RIBEIRO,2023-12-05 06:07:11,5.1,0.6,-26.382061,-48.290098
FELIPE RIBEIRO,2023-12-05 06:14:52,15.4,0.7,-26.380378,-48.289608
FELIPE RIBEIRO,2023-12-05 06:45:02,14.6,0.7,-26.373635,-48.289003
FELIPE RIBEIRO,2023-12-05 07:00:22,80.9,2.8,-26.369313,-48.28543
FELIPE RIBEIRO,2023-12-05 07:03:32,135.8,3.8,-26.370296,-48.281861
FELIPE RIBEIRO,2023-12-05 07:35:51,151.4,7.7,-26.423968,-48.249261
FELIPE RIBEIRO,2023-12-05 07:36:43,151.3,7.6,-26.425458,-48.248353
FELIPE RIBEIRO,2023-12-05 07:39:22,152.8,7.6,-26.430268,-48.245446
FELIPE RIBEIRO,2023-12-05 08:03:34,59.1,5.4,-26.468706,-48.218103
FELIPE RIBEIRO,2023-12-05 08:07:00,344.3,6.5,-26.463631,-48.216068
FELIPE RIBEIRO,2023-12-05 08:09:41,337.6,8.1,-26.45849,-48.21841
FELIPE RIBEIRO,2023-12-05 08:38:42,334.7,10.4,-26.385921,-48.25542
FELIPE RIBEIRO,2023-12-05 08:41:32,333.5,10.4,-26.378771,-48.259368
FELIPE RIBEIRO,2023-12-05 08:46:01,328.3,10.5,-26.367443,-48.265705
FELIPE RIBEIRO,2023-12-05 09:20:31,332.1,6.3,-26.297046,-48.312488
FELIPE RIBEIRO,2023-12-05 09:25:02,327.5,6.6,-26.290275,-48.317011
FELIPE RIBEIRO,2023-12-05 09:50:33,253.4,2.0,-26.25723,-48.34617
FELIPE RIBEIRO,2023-12-05 09:54:21,175.2,1.4,-26.259088,-48.347706
FELIPE RIBEIRO,2023-12-05 12:21:16,176.5,0.0,-26.25649,-48.345518
FELIPE RIBEIRO,2023-12-05 15:06:17,177.0,0.0,-26.25653,-48.345548
FELIPE RIBEIRO,2023-12-05 15:42:17,87.5,0.1,-26.25659,-48.345595
FELIPE RIBEIRO,2023-12-05 20:54:17,172.4,0.0,-26.256595,-48.345826
FELIPE RIBEIRO,2023-12-05 21:54:17,162.4,0.0,-26.256745,-48.346078
FELIPE RIBEIRO,2023-12-06 03:24:17,132.3,0.0,-26.257603,-48.347705
FELIPE RIBEIRO,2023-12-06 03:57:16,137.5,0.0,-26.257491,-48.347691
FELIPE RIBEIRO,2023-12-06 06:42:17,131.9,0.0,-26.257668,-48.347971
FELIPE RIBEIRO,2023-12-06 10:15:17,128.8,0.0,-26.257693,-48.348031
FELIPE RIBEIRO,2023-12-06 16:30:16,141.5,0.0,-26.257475,-48.347693
FELIPE RIBEIRO,2023-12-06 23:03:17,126.7,0.0,-26.2576,-48.347756
FELIPE RIBEIRO,2023-12-07 03:54:17,77.1,0.0,-26.259766,-48.34844
FELIPE RIBEIRO,2023-12-07 05:09:17,73.6,0.0,-26.259743,-48.348336
FELIPE RIBEIRO,2023-12-07 05:12:17,73.9,0.0,-26.25978,-48.348391
FELIPE RIBEIRO,2023-12-07 05:30:14,71.5,0.0,-26.259876,-48.34835
FELIPE RIBEIRO,2023-12-07 06:00:16,80.4,0.0,-26.259416,-48.348298
FELIPE RIBEIRO,2023-12-07 08:33:17,336.2,0.1,-26.259891,-48.348226
FELIPE RIBEIRO,2023-12-07 09:36:26,313.3,7.7,-26.252393,-48.36755
FELIPE RIBEIRO,2023-12-07 09:58:46,294.8,1.5,-26.227963,-48.39987
FELIPE RIBEIRO,2023-12-07 09:59:56,326.7,0.9,-26.227828,-48.400278
FELIPE RIBEIRO,2023-12-07 11:20:26,344.0,0.1,-26.228896,-48.416665
FELIPE RIBEIRO,2023-12-08 07:32:14,333.9,1.1,-26.226635,-48.419743
FELIPE RIBEIRO,2023-12-08 07:34:45,9.7,0.2,-26.226283,-48.420003
FELIPE RIBEIRO,2023-12-08 07:38:44,341.9,0.2,-26.226003,-48.420035
FELIPE RIBEIRO,2023-12-08 08:03:26,96.0,1.0,-26.226071,-48.418561
FELIPE RIBEIRO,2023-12-08 08:08:17,97.0,0.8,-26.226298,-48.417236
FELIPE RIBEIRO,2023-12-08 08:08:26,91.3,0.9,-26.226308,-48.417195
FELIPE RIBEIRO,2023-12-08 08:11:06,91.7,0.9,-26.226428,-48.416343
FELIPE RIBEIRO,2023-12-08 08:13:16,100.6,1.3,-26.226548,-48.415575
FELIPE RIBEIRO,2023-12-08 08:14:46,86.2,1.1,-26.226583,-48.415006
FELIPE RIBEIRO,2023-12-08 08:39:35,93.0,9.0,-26.226613,-48.373021
FELIPE RIBEIRO,2023-12-08 08:48:36,71.9,9.4,-26.22587,-48.347586
FELIPE RIBEIRO,2023-12-08 09:04:26,44.9,10.0,-26.197286,-48.312358
FELIPE RIBEIRO,2023-12-08 09:07:05,43.6,10.0,-26.191956,-48.306723
FELIPE RIBEIRO,2023-12-08 09:52:16,47.1,9.7,-26.10024,-48.213798
FELIPE RIBEIRO,2023-12-08 09:55:16,48.4,9.6,-26.094745,-48.207001
FELIPE RIBEIRO,2023-12-08 09:57:55,48.1,9.7,-26.090056,-48.201143
FELIPE RIBEIRO,2023-12-08 10:48:46,48.7,9.6,-26.000681,-48.087548
FELIPE RIBEIRO,2023-12-08 11:28:57,50.4,9.8,-25.932383,-47.996425
FELIPE RIBEIRO,2023-12-08 11:31:45,49.5,9.7,-25.927568,-47.99007
FELIPE RIBEIRO,2023-12-08 11:37:35,50.6,9.7,-25.917566,-47.976958
FELIPE RIBEIRO,2023-12-08 11:40:14,50.3,9.8,-25.91302,-47.970875
FELIPE RIBEIRO,2023-12-08 11:41:26,51.3,9.8,-25.91101,-47.968185
FELIPE RIBEIRO,2023-12-08 11:58:55,51.2,9.8,-25.881875,-47.927696
FELIPE RIBEIRO,2023-12-08 12:02:45,53.7,9.7,-25.8757,-47.918713
FELIPE RIBEIRO,2023-12-08 12:09:14,53.8,9.6,-25.865426,-47.903398
FELIPE RIBEIRO,2023-12-08 12:12:05,55.4,9.7,-25.86103,-47.896736
FELIPE RIBEIRO,2023-12-08 12:15:25,56.2,9.6,-25.855911,-47.888988
FELIPE RIBEIRO,2023-12-08 12:16:34,54.8,9.5,-25.854115,-47.886338
FELIPE RIBEIRO,2023-12-08 12:32:54,52.5,9.5,-25.828868,-47.848906
FELIPE RIBEIRO,2023-12-08 12:41:57,55.2,9.4,-25.814931,-47.828515
FELIPE RIBEIRO,2023-12-08 12:44:57,51.2,9.4,-25.810256,-47.821793
FELIPE RIBEIRO,2023-12-08 12:48:55,50.2,9.5,-25.803963,-47.812865
FELIPE RIBEIRO,2023-12-08 12:51:56,51.6,9.4,-25.799246,-47.80612
FELIPE RIBEIRO,2023-12-08 13:12:35,54.9,9.4,-25.76685,-47.75977
FELIPE RIBEIRO,2023-12-08 13:15:15,53.4,9.5,-25.762671,-47.753756
FELIPE RIBEIRO,2023-12-08 13:57:57,55.6,9.5,-25.69855,-47.655901
FELIPE RIBEIRO,2023-12-08 14:02:04,54.2,9.5,-25.692521,-47.646223
FELIPE RIBEIRO,2023-12-08 14:14:34,54.1,9.5,-25.673711,-47.617133
FELIPE RIBEIRO,2023-12-08 14:29:26,54.8,9.4,-25.65178,-47.5825
FELIPE RIBEIRO,2023-12-08 14:31:35,53.3,9.5,-25.648573,-47.57752
FELIPE RIBEIRO,2023-12-08 14:37:05,55.6,9.5,-25.64033,-47.564655
FELIPE RIBEIRO,2023-12-08 14:56:15,53.9,9.4,-25.612313,-47.51963
FELIPE RIBEIRO,2023-12-08 14:58:25,56.8,9.4,-25.609118,-47.514583
FELIPE RIBEIRO,2023-12-08 15:02:15,53.8,9.4,-25.603485,-47.50563
FELIPE RIBEIRO,2023-12-08 15:05:35,58.8,9.4,-25.598718,-47.497906
FELIPE RIBEIRO,2023-12-08 15:09:47,53.0,9.4,-25.592778,-47.48807
FELIPE RIBEIRO,2023-12-08 15:12:05,56.1,9.4,-25.589446,-47.482655
FELIPE RIBEIRO,2023-12-08 15:29:04,56.2,9.5,-25.564701,-47.442821
FELIPE RIBEIRO,2023-12-08 15:36:15,54.7,9.5,-25.554461,-47.425853
FELIPE RIBEIRO,2023-12-08 15:38:34,56.4,9.6,-25.55106,-47.420373
FELIPE RIBEIRO,2023-12-08 15:44:36,54.7,9.7,-25.5422,-47.406005
FELIPE RIBEIRO,2023-12-08 16:14:57,55.5,9.6,-25.496875,-47.334181
FELIPE RIBEIRO,2023-12-08 16:19:25,54.8,9.6,-25.490103,-47.323748
FELIPE RIBEIRO,2023-12-08 16:45:55,52.3,9.8,-25.44888,-47.261846
FELIPE RIBEIRO,2023-12-08 16:49:24,52.8,9.7,-25.44326,-47.253775
FELIPE RIBEIRO,2023-12-08 16:53:26,54.6,9.7,-25.436733,-47.244525
FELIPE RIBEIRO,2023-12-08 17:21:27,49.2,9.9,-25.38997,-47.180203
FELIPE RIBEIRO,2023-12-08 17:24:35,50.6,10.0,-25.384516,-47.173
FELIPE RIBEIRO,2023-12-08 17:43:44,51.8,9.9,-25.351633,-47.128985
FELIPE RIBEIRO,2023-12-08 17:45:23,49.2,9.9,-25.34875,-47.125188
FELIPE RIBEIRO,2023-12-08 18:20:26,50.1,10.0,-25.28887,-47.044703
FELIPE RIBEIRO,2023-12-08 18:24:35,49.0,9.9,-25.28174,-47.035165
FELIPE RIBEIRO,2023-12-08 18:26:56,53.4,9.9,-25.277818,-47.029788
FELIPE RIBEIRO,2023-12-08 18:29:46,50.9,10.0,-25.272983,-47.02325
FELIPE RIBEIRO,2023-12-08 18:30:34,49.6,10.0,-25.271525,-47.021345
FELIPE RIBEIRO,2023-12-08 18:32:25,50.5,10.0,-25.26835,-47.017056
FELIPE RIBEIRO,2023-12-08 19:06:54,50.5,9.8,-25.209918,-46.938343
FELIPE RIBEIRO,2023-12-08 19:14:55,50.4,9.9,-25.196445,-46.920075
FELIPE RIBEIRO,2023-12-08 19:22:44,48.5,9.8,-25.1832,-46.902363
FELIPE RIBEIRO,2023-12-08 19:38:54,52.0,9.9,-25.155981,-46.865225
FELIPE RIBEIRO,2023-12-08 19:43:36,50.7,9.9,-25.148095,-46.85453
FELIPE RIBEIRO,2023-12-08 20:05:36,50.0,9.9,-25.110893,-46.80422
FELIPE RIBEIRO,2023-12-08 20:16:04,50.4,9.9,-25.093088,-46.780125
FELIPE RIBEIRO,2023-12-08 20:47:35,51.4,9.8,-25.039638,-46.707901
FELIPE RIBEIRO,2023-12-08 20:50:06,53.7,9.9,-25.035365,-46.702081
FELIPE RIBEIRO,2023-12-08 20:52:35,51.8,9.9,-25.031306,-46.696261
FELIPE RIBEIRO,2023-12-08 20:54:36,51.2,10.0,-25.027993,-46.691525
FELIPE RIBEIRO,2023-12-08 21:03:55,51.4,9.9,-25.012668,-46.669773
FELIPE RIBEIRO,2023-12-08 21:06:25,53.7,9.9,-25.008623,-46.663913
FELIPE RIBEIRO,2023-12-08 21:21:44,52.9,9.8,-24.983576,-46.628365
FELIPE RIBEIRO,2023-12-08 21:24:46,53.4,9.9,-24.978695,-46.621256
FELIPE RIBEIRO,2023-12-08 21:26:56,50.0,9.8,-24.97512,-46.616281
FELIPE RIBEIRO,2023-12-08 21:30:26,50.0,9.8,-24.969323,-46.608185
FELIPE RIBEIRO,2023-12-08 21:57:35,51.9,9.9,-24.924795,-46.54487
FELIPE RIBEIRO,2023-12-08 21:58:45,51.3,9.9,-24.922908,-46.542203
FELIPE RIBEIRO,2023-12-08 22:01:36,51.0,9.9,-24.91816,-46.535555
FELIPE RIBEIRO,2023-12-08 22:29:45,52.6,9.9,-24.871216,-46.470141
FELIPE RIBEIRO,2023-12-08 22:35:57,50.3,10.0,-24.860783,-46.455655
FELIPE RIBEIRO,2023-12-08 23:05:06,50.4,10.0,-24.811508,-46.387675
FELIPE RIBEIRO,2023-12-08 23:08:16,49.7,10.0,-24.806103,-46.380383
FELIPE RIBEIRO,2023-12-08 23:11:16,51.0,10.0,-24.801045,-46.373341
FELIPE RIBEIRO,2023-12-08 23:18:56,51.1,10.0,-24.788081,-46.355568
FELIPE RIBEIRO,2023-12-08 23:22:45,51.8,10.0,-24.781593,-46.346633
FELIPE RIBEIRO,2023-12-08 23:34:45,52.4,10.1,-24.761188,-46.318446
FELIPE RIBEIRO,2023-12-08 23:38:55,50.0,10.1,-24.754143,-46.30866
FELIPE RIBEIRO,2023-12-08 23:41:45,52.8,10.1,-24.749346,-46.301968
FELIPE RIBEIRO,2023-12-08 23:44:55,53.2,10.1,-24.743946,-46.294535
FELIPE RIBEIRO,2023-12-08 23:53:15,49.7,10.0,-24.72966,-46.274865
FELIPE RIBEIRO,2023-12-08 23:54:15,50.7,10.1,-24.727958,-46.2725
FELIPE RIBEIRO,2023-12-08 23:54:46,51.2,10.1,-24.727125,-46.271328
FELIPE RIBEIRO,2023-12-08 23:57:35,51.3,10.0,-24.722268,-46.264603
FELIPE RIBEIRO,2023-12-09 00:06:15,51.2,10.1,-24.707575,-46.244386
FELIPE RIBEIRO,2023-12-09 00:10:46,52.3,10.1,-24.699905,-46.233805
FELIPE RIBEIRO,2023-12-09 00:14:46,52.3,10.0,-24.693156,-46.224413
FELIPE RIBEIRO,2023-12-09 00:18:25,54.9,10.0,-24.68703,-46.215933
FELIPE RIBEIRO,2023-12-09 00:33:06,49.4,9.9,-24.662245,-46.182018
FELIPE RIBEIRO,2023-12-09 00:39:24,51.5,9.9,-24.651615,-46.167466
FELIPE RIBEIRO,2023-12-09 01:01:56,52.3,9.9,-24.613635,-46.115405
FELIPE RIBEIRO,2023-12-09 01:09:16,52.3,10.0,-24.601355,-46.098203
FELIPE RIBEIRO,2023-12-09 01:11:35,51.3,10.0,-24.597475,-46.092783
FELIPE RIBEIRO,2023-12-09 01:23:25,52.8,9.9,-24.578071,-46.064936
FELIPE RIBEIRO,2023-12-09 01:28:26,53.6,10.0,-24.56993,-46.05317
FELIPE RIBEIRO,2023-12-09 01:30:36,52.9,9.9,-24.566373,-46.048076
FELIPE RIBEIRO,2023-12-09 01:30:45,52.6,9.9,-24.566125,-46.047721
FELIPE RIBEIRO,2023-12-09 01:32:36,53.6,9.8,-24.563218,-46.043411
FELIPE RIBEIRO,2023-12-09 01:37:26,51.1,9.9,-24.555346,-46.032273
FELIPE RIBEIRO,2023-12-09 01:49:06,53.7,9.7,-24.537261,-46.004886
FELIPE RIBEIRO,2023-12-09 01:55:55,55.1,9.7,-24.526673,-45.988906
FELIPE RIBEIRO,2023-12-09 01:58:46,53.7,9.7,-24.522276,-45.98223
FELIPE RIBEIRO,2023-12-09 02:01:46,54.9,9.8,-24.51763,-45.975178
FELIPE RIBEIRO,2023-12-09 02:16:16,54.7,9.6,-24.495221,-45.941408
FELIPE RIBEIRO,2023-12-09 02:21:45,53.3,9.7,-24.486866,-45.928583
FELIPE RIBEIRO,2023-12-09 03:06:55,53.8,9.6,-24.41658,-45.825101
FELIPE RIBEIRO,2023-12-09 03:10:16,52.7,9.6,-24.411443,-45.817516
FELIPE RIBEIRO,2023-12-09 03:12:46,53.1,9.6,-24.407543,-45.811781
FELIPE RIBEIRO,2023-12-09 03:57:27,51.9,9.7,-24.339525,-45.708575
FELIPE RIBEIRO,2023-12-09 04:00:56,51.8,9.7,-24.333976,-45.70058
FELIPE RIBEIRO,2023-12-09 04:04:15,51.8,9.8,-24.328638,-45.692881
FELIPE RIBEIRO,2023-12-09 04:06:46,51.1,9.8,-24.32445,-45.687243
FELIPE RIBEIRO,2023-12-09 04:51:16,44.3,10.0,-24.244763,-45.591328
FELIPE RIBEIRO,2023-12-09 04:53:07,43.6,10.1,-24.241131,-45.587513
FELIPE RIBEIRO,2023-12-09 04:56:46,42.7,10.1,-24.234025,-45.580006
FELIPE RIBEIRO,2023-12-09 04:58:56,45.7,10.1,-24.229778,-45.575481
FELIPE RIBEIRO,2023-12-09 05:19:46,42.7,10.1,-24.187975,-45.53344
FELIPE RIBEIRO,2023-12-09 05:39:16,44.3,10.0,-24.148915,-45.493531
FELIPE RIBEIRO,2023-12-09 05:55:05,42.9,10.0,-24.117628,-45.461198
FELIPE RIBEIRO,2023-12-09 05:55:36,41.8,10.0,-24.116608,-45.460153
FELIPE RIBEIRO,2023-12-09 05:55:44,41.4,10.0,-24.116346,-45.459885
FELIPE RIBEIRO,2023-12-09 05:57:44,42.5,10.0,-24.112451,-45.455843
FELIPE RIBEIRO,2023-12-09 05:57:45,42.5,10.0,-24.112451,-45.455843
FELIPE RIBEIRO,2023-12-09 06:00:34,37.3,10.0,-24.106806,-45.450103
FELIPE RIBEIRO,2023-12-09 06:00:35,37.3,10.0,-24.106806,-45.450103
FELIPE RIBEIRO,2023-12-09 06:02:05,31.7,9.8,-24.103523,-45.447558
FELIPE RIBEIRO,2023-12-09 06:28:06,348.9,8.9,-24.040766,-45.451025
FELIPE RIBEIRO,2023-12-09 06:38:45,342.8,8.4,-24.01616,-45.45653
FELIPE RIBEIRO,2023-12-09 07:07:05,337.7,8.2,-23.957306,-45.47987
FELIPE RIBEIRO,2023-12-09 07:46:08,219.4,3.3,-23.884213,-45.511626
FELIPE RIBEIRO,2023-12-09 08:02:25,113.6,1.3,-23.894543,-45.505533
FELIPE RIBEIRO,2023-12-09 08:05:17,107.4,1.2,-23.894953,-45.504421
FELIPE RIBEIRO,2023-12-09 08:20:07,101.9,1.1,-23.895613,-45.498435
FELIPE RIBEIRO,2023-12-09 08:22:56,92.7,1.0,-23.895616,-45.49738
FELIPE RIBEIRO,2023-12-09 08:46:15,210.6,0.7,-23.895746,-45.490623
FELIPE RIBEIRO,2023-12-09 08:54:26,271.6,3.2,-23.89806,-45.495131
FELIPE RIBEIRO,2023-12-09 08:56:46,221.7,4.1,-23.899036,-45.497521
FELIPE RIBEIRO,2023-12-09 08:58:05,193.6,4.5,-23.900501,-45.49834
FELIPE RIBEIRO,2023-12-09 09:46:56,46.7,6.4,-23.850903,-45.429606
FELIPE RIBEIRO,2023-12-09 09:51:25,48.3,6.5,-23.845625,-45.42306
FELIPE RIBEIRO,2023-12-09 10:44:45,10.4,5.1,-23.768828,-45.3665
FELIPE RIBEIRO,2023-12-09 12:08:04,291.1,0.1,-23.74521,-45.358345
FELIPE RIBEIRO,2023-12-09 12:47:04,92.9,0.2,-23.744871,-45.359045
FELIPE RIBEIRO,2023-12-09 15:47:05,115.0,0.2,-23.744946,-45.359298
FELIPE RIBEIRO,2023-12-09 19:14:05,195.6,0.0,-23.744956,-45.358635
FELIPE RIBEIRO,2023-12-10 19:50:04,31.8,0.1,-23.750051,-45.360383
FELIPE RIBEIRO,2023-12-10 20:32:04,276.8,0.1,-23.750536,-45.360046
FELIPE RIBEIRO,2023-12-10 23:07:03,315.3,0.2,-23.750663,-45.360661
FELIPE RIBEIRO,2023-12-10 23:09:23,19.8,0.0,-23.750581,-45.360735
FELIPE RIBEIRO,2023-12-10 23:56:14,232.3,0.8,-23.800768,-45.381346
FELIPE RIBEIRO,2023-12-11 00:01:54,232.2,0.5,-23.80136,-45.382621
FELIPE RIBEIRO,2023-12-11 00:17:44,209.0,0.0,-23.801101,-45.384118
FELIPE RIBEIRO,2023-12-11 00:22:43,208.9,0.0,-23.801083,-45.384108
FELIPE RIBEIRO,2023-12-11 00:23:43,209.0,0.0,-23.801138,-45.384161
FELIPE RIBEIRO,2023-12-11 00:25:43,209.0,0.0,-23.801101,-45.384108
FELIPE RIBEIRO,2023-12-12 03:38:49,284.0,1.9,-23.80273,-45.382285
FELIPE RIBEIRO,2023-12-12 03:41:19,8.3,1.3,-23.80199,-45.382621
FELIPE RIBEIRO,2023-12-12 03:46:18,37.0,3.5,-23.799331,-45.380548
FELIPE RIBEIRO,2023-12-12 04:10:59,17.3,4.9,-23.764811,-45.365271
FELIPE RIBEIRO,2023-12-12 04:14:10,17.5,4.7,-23.760843,-45.363846
FELIPE RIBEIRO,2023-12-12 04:36:29,143.1,0.4,-23.750171,-45.358453
FELIPE RIBEIRO,2023-12-12 04:42:40,234.3,0.3,-23.75118,-45.358006
FELIPE RIBEIRO,2023-12-12 04:46:28,346.8,0.0,-23.75129,-45.357765
FELIPE RIBEIRO,2023-12-12 19:44:49,178.1,0.0,-23.747271,-45.357996
FELIPE RIBEIRO,2023-12-12 20:20:48,177.4,0.0,-23.747398,-45.358085
FELIPE RIBEIRO,2023-12-12 20:53:49,182.7,0.0,-23.747466,-45.357801
FELIPE RIBEIRO,2023-12-12 21:02:49,184.2,0.0,-23.747435,-45.357733
FELIPE RIBEIRO,2023-12-12 22:56:49,166.3,0.0,-23.74749,-45.358311
FELIPE RIBEIRO,2023-12-13 01:32:49,144.6,0.0,-23.747985,-45.359043
FELIPE RIBEIRO,2023-12-13 02:41:48,59.7,0.0,-23.750866,-45.360265
FELIPE RIBEIRO,2023-12-13 16:59:49,32.4,0.0,-23.751688,-45.35938
FELIPE RIBEIRO,2023-12-13 17:29:47,36.5,0.0,-23.751651,-45.359283
FELIPE RIBEIRO,2023-12-13 20:35:48,15.6,0.0,-23.752018,-45.35917
FELIPE RIBEIRO,2023-12-14 05:08:48,4.3,0.0,-23.752078,-45.358788
FELIPE RIBEIRO,2023-12-14 11:56:48,349.8,0.0,-23.751993,-45.35804
FELIPE RIBEIRO,2023-12-14 16:50:49,357.6,0.0,-23.75204,-45.358523
FELIPE RIBEIRO,2023-12-14 18:56:49,347.9,0.0,-23.751935,-45.358085
FELIPE RIBEIRO,2023-12-14 23:35:49,354.4,0.0,-23.752196,-45.35804
FELIPE RIBEIRO,2023-12-15 01:41:49,4.3,0.0,-23.752091,-45.35853
FELIPE RIBEIRO,2023-12-15 02:26:49,357.3,0.0,-23.75217,-45.358213
FELIPE RIBEIRO,2023-12-15 04:47:49,19.7,0.0,-23.751998,-45.358961
FELIPE RIBEIRO,2023-12-15 06:02:48,6.4,0.0,-23.752081,-45.358611
FELIPE RIBEIRO,2023-12-15 06:05:48,5.8,0.0,-23.752126,-45.358561
FELIPE RIBEIRO,2023-12-15 15:55:30,179.5,0.0,-23.745433,-45.358048
FELIPE RIBEIRO,2023-12-15 18:34:30,194.0,0.0,-23.745755,-45.35752
FELIPE RIBEIRO,2023-12-16 01:10:29,187.9,0.0,-23.745421,-45.357673
FELIPE RIBEIRO,2023-12-16 01:13:29,95.4,0.1,-23.745488,-45.357673
FELIPE RIBEIRO,2023-12-16 01:22:29,185.3,0.0,-23.745581,-45.357476
FELIPE RIBEIRO,2023-12-16 01:28:30,188.8,0.0,-23.745573,-45.357375
FELIPE RIBEIRO,2023-12-16 04:49:28,189.2,0.0,-23.745551,-45.357285
FELIPE RIBEIRO,2023-12-16 07:13:02,197.6,2.0,-23.748471,-45.35806
FELIPE RIBEIRO,2023-12-16 07:15:53,197.7,2.7,-23.750295,-45.35876
FELIPE RIBEIRO,2023-12-16 07:19:34,196.9,4.7,-23.754055,-45.359985
FELIPE RIBEIRO,2023-12-16 07:21:51,197.2,5.7,-23.757311,-45.361061
FELIPE RIBEIRO,2023-12-16 07:22:41,196.5,6.1,-23.75869,-45.36155
FELIPE RIBEIRO,2023-12-16 07:23:11,196.9,6.3,-23.759526,-45.361786
FELIPE RIBEIRO,2023-12-16 07:23:43,197.3,6.7,-23.76043,-45.362076
FELIPE RIBEIRO,2023-12-16 07:26:22,196.5,7.6,-23.765598,-45.363788
FELIPE RIBEIRO,2023-12-16 08:07:42,227.1,9.5,-23.846163,-45.423271
FELIPE RIBEIRO,2023-12-16 08:11:02,227.5,9.5,-23.852035,-45.430301
FELIPE RIBEIRO,2023-12-16 08:52:13,177.0,10.0,-23.9335,-45.496435
FELIPE RIBEIRO,2023-12-16 08:54:33,173.9,9.9,-23.93976,-45.496048
FELIPE RIBEIRO,2023-12-16 08:59:03,159.0,10.1,-23.951778,-45.49364
FELIPE RIBEIRO,2023-12-16 09:04:32,109.0,9.2,-23.961671,-45.48339
FELIPE RIBEIRO,2023-12-16 09:27:12,106.5,10.5,-23.98042,-45.418183
FELIPE RIBEIRO,2023-12-16 09:29:42,106.6,10.5,-23.982491,-45.410741
FELIPE RIBEIRO,2023-12-16 09:32:31,109.5,10.5,-23.984896,-45.402313
FELIPE RIBEIRO,2023-12-16 09:41:32,108.7,10.2,-23.993098,-45.376223
FELIPE RIBEIRO,2023-12-16 09:58:23,107.0,10.5,-24.007585,-45.326855
FELIPE RIBEIRO,2023-12-16 10:00:33,107.3,10.5,-24.009425,-45.32044
FELIPE RIBEIRO,2023-12-16 10:05:13,109.1,10.3,-24.013648,-45.306871
FELIPE RIBEIRO,2023-12-16 10:07:33,108.4,10.3,-24.015781,-45.300258
FELIPE RIBEIRO,2023-12-16 10:17:11,110.4,10.3,-24.024723,-45.272706
FELIPE RIBEIRO,2023-12-16 10:38:23,61.2,9.4,-24.020401,-45.213541
FELIPE RIBEIRO,2023-12-16 10:51:32,64.4,9.5,-24.004455,-45.181098
FELIPE RIBEIRO,2023-12-16 11:16:41,66.7,9.6,-23.976966,-45.116853
FELIPE RIBEIRO,2023-12-16 11:24:22,67.9,9.5,-23.969385,-45.096813
FELIPE RIBEIRO,2023-12-16 11:26:32,69.1,9.5,-23.967316,-45.091195
FELIPE RIBEIRO,2023-12-16 11:29:32,68.2,9.5,-23.964421,-45.08335
FELIPE RIBEIRO,2023-12-16 11:45:12,66.4,9.3,-23.94866,-45.04372
FELIPE RIBEIRO,2023-12-16 11:46:51,64.8,9.3,-23.94681,-45.039486
FELIPE RIBEIRO,2023-12-16 11:48:22,64.6,9.3,-23.945148,-45.035718
FELIPE RIBEIRO,2023-12-16 11:50:13,65.3,9.3,-23.943193,-45.031121
FELIPE RIBEIRO,2023-12-16 11:50:51,66.3,9.3,-23.94253,-45.029538
FELIPE RIBEIRO,2023-12-16 11:51:01,66.6,9.3,-23.942355,-45.02912
FELIPE RIBEIRO,2023-12-16 11:51:51,64.7,9.3,-23.941458,-45.027035
FELIPE RIBEIRO,2023-12-16 11:53:01,65.6,9.3,-23.940213,-45.024073
FELIPE RIBEIRO,2023-12-16 11:53:02,65.6,9.3,-23.940213,-45.024073
FELIPE RIBEIRO,2023-12-16 11:56:12,65.6,9.3,-23.936856,-45.016146
FELIPE RIBEIRO,2023-12-16 11:58:51,65.3,9.3,-23.934093,-45.009461
FELIPE RIBEIRO,2023-12-16 12:01:01,67.3,9.3,-23.931806,-45.003953
FELIPE RIBEIRO,2023-12-16 12:26:54,67.9,9.2,-23.905775,-44.938371
FELIPE RIBEIRO,2023-12-16 12:29:53,64.1,9.1,-23.902541,-44.931066
FELIPE RIBEIRO,2023-12-16 12:32:12,63.3,9.1,-23.899981,-44.925451
FELIPE RIBEIRO,2023-12-16 12:35:22,62.2,9.2,-23.89634,-44.917703
FELIPE RIBEIRO,2023-12-16 13:00:03,64.6,9.1,-23.870268,-44.85722
FELIPE RIBEIRO,2023-12-16 13:09:32,65.5,9.1,-23.860168,-44.834233
FELIPE RIBEIRO,2023-12-16 13:31:31,66.1,9.1,-23.837951,-44.780753
FELIPE RIBEIRO,2023-12-16 14:14:42,65.6,9.3,-23.794553,-44.672823
FELIPE RIBEIRO,2023-12-16 14:18:51,65.5,9.2,-23.790223,-44.662536
FELIPE RIBEIRO,2023-12-16 14:45:43,65.1,9.2,-23.762241,-44.59627
FELIPE RIBEIRO,2023-12-16 14:50:52,65.4,9.2,-23.756801,-44.583543
FELIPE RIBEIRO,2023-12-16 14:53:51,63.7,9.2,-23.753628,-44.576165
FELIPE RIBEIRO,2023-12-16 14:59:31,64.9,9.3,-23.747618,-44.562226
FELIPE RIBEIRO,2023-12-16 15:18:41,63.9,9.4,-23.726925,-44.514883
FELIPE RIBEIRO,2023-12-16 15:42:32,64.5,9.5,-23.70048,-44.455145
FELIPE RIBEIRO,2023-12-16 15:46:53,63.2,9.6,-23.695538,-44.444188
FELIPE RIBEIRO,2023-12-16 15:51:32,64.1,9.5,-23.690296,-44.432381
FELIPE RIBEIRO,2023-12-16 15:53:13,63.0,9.6,-23.688396,-44.42811
FELIPE RIBEIRO,2023-12-16 15:54:01,63.8,9.6,-23.687471,-44.426028
FELIPE RIBEIRO,2023-12-16 16:31:21,65.4,9.8,-23.644666,-44.330191
FELIPE RIBEIRO,2023-12-16 16:32:11,65.6,9.8,-23.643715,-44.32804
FELIPE RIBEIRO,2023-12-16 16:36:41,64.8,9.7,-23.638671,-44.316331
FELIPE RIBEIRO,2023-12-16 16:37:21,65.8,9.7,-23.637896,-44.314581
FELIPE RIBEIRO,2023-12-16 16:39:12,65.8,9.8,-23.635843,-44.309735
FELIPE RIBEIRO,2023-12-16 16:40:21,65.5,9.8,-23.63454,-44.306708
FELIPE RIBEIRO,2023-12-16 16:41:31,65.3,9.7,-23.63326,-44.303706
FELIPE RIBEIRO,2023-12-16 16:42:31,65.3,9.7,-23.632141,-44.301131
FELIPE RIBEIRO,2023-12-16 16:43:31,65.3,9.7,-23.631008,-44.298513
FELIPE RIBEIRO,2023-12-16 16:47:21,61.6,9.6,-23.626735,-44.288716
FELIPE RIBEIRO,2023-12-16 17:07:11,64.8,9.5,-23.605156,-44.238286
FELIPE RIBEIRO,2023-12-16 17:33:12,65.9,9.5,-23.577701,-44.17177
FELIPE RIBEIRO,2023-12-16 17:41:23,68.1,9.5,-23.569725,-44.150648
FELIPE RIBEIRO,2023-12-16 17:43:52,67.7,9.4,-23.567236,-44.144181
FELIPE RIBEIRO,2023-12-16 18:11:11,64.4,9.5,-23.539435,-44.073505
FELIPE RIBEIRO,2023-12-16 18:13:31,67.9,9.5,-23.537028,-44.067528
FELIPE RIBEIRO,2023-12-16 18:20:22,66.1,9.5,-23.529948,-44.050086
FELIPE RIBEIRO,2023-12-16 18:28:22,64.3,9.4,-23.521803,-44.029748
FELIPE RIBEIRO,2023-12-16 18:44:41,72.4,9.4,-23.508666,-43.987071
FELIPE RIBEIRO,2023-12-16 18:47:41,72.7,9.4,-23.506456,-43.979196
FELIPE RIBEIRO,2023-12-16 18:49:53,73.0,9.3,-23.504791,-43.9734
FELIPE RIBEIRO,2023-12-16 19:13:31,64.8,9.3,-23.48492,-43.912345
FELIPE RIBEIRO,2023-12-16 19:19:32,63.0,9.4,-23.47844,-43.897358
FELIPE RIBEIRO,2023-12-16 19:21:52,65.0,9.4,-23.47597,-43.891533
FELIPE RIBEIRO,2023-12-16 19:27:22,65.0,9.3,-23.469971,-43.87784
FELIPE RIBEIRO,2023-12-16 19:59:14,62.9,9.2,-23.435685,-43.799671
FELIPE RIBEIRO,2023-12-16 20:01:52,62.1,9.2,-23.43274,-43.793365
FELIPE RIBEIRO,2023-12-16 20:13:34,61.2,9.1,-23.419518,-43.765531
FELIPE RIBEIRO,2023-12-16 20:31:02,61.8,9.0,-23.399881,-43.724386
FELIPE RIBEIRO,2023-12-16 20:33:32,62.2,9.0,-23.397056,-43.718508
FELIPE RIBEIRO,2023-12-16 20:35:41,62.3,9.0,-23.39461,-43.713351
FELIPE RIBEIRO,2023-12-16 20:39:12,61.9,9.0,-23.390801,-43.705216
FELIPE RIBEIRO,2023-12-16 20:42:32,62.8,9.1,-23.387055,-43.697376
FELIPE RIBEIRO,2023-12-16 20:45:12,63.2,8.9,-23.384086,-43.691173
FELIPE RIBEIRO,2023-12-16 20:48:12,63.1,8.9,-23.380688,-43.684096
FELIPE RIBEIRO,2023-12-16 20:49:42,60.5,8.9,-23.379091,-43.680696
FELIPE RIBEIRO,2023-12-16 21:04:32,60.7,8.9,-23.362205,-43.646206
FELIPE RIBEIRO,2023-12-16 21:31:31,62.3,9.0,-23.33086,-43.583885
FELIPE RIBEIRO,2023-12-16 21:37:51,60.6,9.0,-23.323411,-43.56932
FELIPE RIBEIRO,2023-12-16 21:41:12,61.5,9.0,-23.31945,-43.561575
FELIPE RIBEIRO,2023-12-16 21:43:23,62.6,9.0,-23.31691,-43.556583
FELIPE RIBEIRO,2023-12-16 21:56:23,61.7,8.9,-23.301781,-43.526835
FELIPE RIBEIRO,2023-12-16 22:00:32,62.2,8.8,-23.297048,-43.517588
FELIPE RIBEIRO,2023-12-16 22:22:12,65.5,8.5,-23.274768,-43.468865
FELIPE RIBEIRO,2023-12-16 22:30:41,65.4,8.4,-23.266676,-43.449768
FELIPE RIBEIRO,2023-12-16 22:34:51,64.4,8.4,-23.262751,-43.4404
FELIPE RIBEIRO,2023-12-16 22:51:12,67.4,8.3,-23.24775,-43.40407
FELIPE RIBEIRO,2023-12-16 22:53:52,68.6,8.3,-23.245583,-43.39806
FELIPE RIBEIRO,2023-12-16 23:21:23,69.5,8.3,-23.22344,-43.335638
FELIPE RIBEIRO,2023-12-16 23:22:13,69.2,8.3,-23.222843,-43.333763
FELIPE RIBEIRO,2023-12-16 23:41:01,69.5,8.5,-23.208078,-43.29036
FELIPE RIBEIRO,2023-12-16 23:41:11,68.8,8.5,-23.207926,-43.289956
FELIPE RIBEIRO,2023-12-16 23:44:51,67.9,8.6,-23.204698,-43.2815
FELIPE RIBEIRO,2023-12-16 23:44:52,67.9,8.6,-23.204698,-43.2815
FELIPE RIBEIRO,2023-12-16 23:47:33,68.7,8.7,-23.202291,-43.275218
FELIPE RIBEIRO,2023-12-17 00:33:12,66.9,8.9,-23.160205,-43.168335
FELIPE RIBEIRO,2023-12-17 00:37:33,66.6,8.8,-23.156026,-43.158245
FELIPE RIBEIRO,2023-12-17 01:06:32,61.0,4.1,-23.129238,-43.09768
FELIPE RIBEIRO,2023-12-17 01:06:42,62.8,4.0,-23.129151,-43.097491
FELIPE RIBEIRO,2023-12-17 01:06:52,64.1,3.9,-23.129088,-43.097346
FELIPE RIBEIRO,2023-12-17 01:08:22,67.8,3.3,-23.128548,-43.095916
FELIPE RIBEIRO,2023-12-17 01:08:32,68.4,3.3,-23.1285,-43.095761
FELIPE RIBEIRO,2023-12-17 01:09:41,75.0,3.0,-23.128218,-43.094796
FELIPE RIBEIRO,2023-12-17 01:10:32,78.0,2.7,-23.128076,-43.094128
FELIPE RIBEIRO,2023-12-17 01:13:32,99.1,2.1,-23.128023,-43.092071
FELIPE RIBEIRO,2023-12-17 01:19:02,130.7,1.4,-23.128996,-43.089566
FELIPE RIBEIRO,2023-12-17 01:21:52,144.6,1.3,-23.12972,-43.088785
FELIPE RIBEIRO,2023-12-17 01:26:03,158.3,1.3,-23.13087,-43.088063
FELIPE RIBEIRO,2023-12-17 01:28:53,167.3,1.3,-23.131678,-43.08776
FELIPE RIBEIRO,2023-12-17 02:01:33,204.4,1.3,-23.142745,-43.091181
FELIPE RIBEIRO,2023-12-17 02:18:02,206.6,1.4,-23.148498,-43.094141
FELIPE RIBEIRO,2023-12-17 02:45:03,202.0,1.4,-23.158501,-43.09894
FELIPE RIBEIRO,2023-12-17 02:50:12,200.6,1.4,-23.160491,-43.099698
FELIPE RIBEIRO,2023-12-17 02:53:32,199.3,1.5,-23.161776,-43.1002
FELIPE RIBEIRO,2023-12-17 02:54:22,200.6,1.3,-23.162105,-43.100336
FELIPE RIBEIRO,2023-12-17 03:19:32,199.3,1.4,-23.171828,-43.104105
FELIPE RIBEIRO,2023-12-17 03:22:03,201.1,1.4,-23.172826,-43.104475
FELIPE RIBEIRO,2023-12-17 03:25:02,199.3,1.5,-23.17396,-43.10492
FELIPE RIBEIRO,2023-12-17 03:27:22,202.7,1.5,-23.174826,-43.105341
FELIPE RIBEIRO,2023-12-17 03:29:42,204.8,1.5,-23.175685,-43.105785
FELIPE RIBEIRO,2023-12-17 03:43:53,205.5,1.5,-23.181175,-43.108685
FELIPE RIBEIRO,2023-12-17 03:49:04,207.8,1.5,-23.183256,-43.109738
FELIPE RIBEIRO,2023-12-17 03:53:43,207.2,1.5,-23.185156,-43.110811
FELIPE RIBEIRO,2023-12-17 03:59:53,207.8,1.4,-23.187613,-43.112143
FELIPE RIBEIRO,2023-12-17 04:25:43,200.7,1.5,-23.197915,-43.116518
FELIPE RIBEIRO,2023-12-17 04:29:43,201.7,1.5,-23.199515,-43.11719
FELIPE RIBEIRO,2023-12-17 04:35:23,200.6,1.5,-23.201705,-43.118125
FELIPE RIBEIRO,2023-12-17 04:40:23,203.6,1.5,-23.203745,-43.118968
FELIPE RIBEIRO,2023-12-17 04:43:03,201.8,1.5,-23.204818,-43.119471
FELIPE RIBEIRO,2023-12-17 04:44:31,204.0,1.5,-23.205406,-43.11974
FELIPE RIBEIRO,2023-12-17 04:59:21,201.4,1.4,-23.211425,-43.122275
FELIPE RIBEIRO,2023-12-17 04:59:31,200.6,1.4,-23.211495,-43.122298
FELIPE RIBEIRO,2023-12-17 05:01:42,199.5,1.4,-23.21237,-43.122623
FELIPE RIBEIRO,2023-12-17 05:03:12,200.0,1.4,-23.212965,-43.12279
FELIPE RIBEIRO,2023-12-17 05:04:01,199.7,1.3,-23.213273,-43.122905
FELIPE RIBEIRO,2023-12-17 05:04:51,197.6,1.3,-23.213598,-43.123006
FELIPE RIBEIRO,2023-12-17 05:05:32,198.3,1.3,-23.213893,-43.123118
FELIPE RIBEIRO,2023-12-17 05:09:03,198.5,1.3,-23.215261,-43.123523
FELIPE RIBEIRO,2023-12-17 05:36:33,200.5,1.4,-23.225456,-43.127121
FELIPE RIBEIRO,2023-12-17 05:43:13,202.9,1.3,-23.227908,-43.128093
FELIPE RIBEIRO,2023-12-17 06:16:52,207.9,1.3,-23.239711,-43.133728
FELIPE RIBEIRO,2023-12-17 06:19:32,208.6,1.3,-23.240603,-43.134241
FELIPE RIBEIRO,2023-12-17 06:20:32,211.4,1.3,-23.240946,-43.134446
FELIPE RIBEIRO,2023-12-17 06:27:42,210.1,1.3,-23.243463,-43.135865
FELIPE RIBEIRO,2023-12-17 06:53:34,204.7,1.3,-23.252545,-43.140418
FELIPE RIBEIRO,2023-12-17 07:08:42,202.9,1.3,-23.257895,-43.142911
FELIPE RIBEIRO,2023-12-17 07:17:43,203.0,1.3,-23.261058,-43.144341
FELIPE RIBEIRO,2023-12-17 07:21:03,203.4,1.3,-23.26224,-43.144905
FELIPE RIBEIRO,2023-12-17 07:28:43,200.8,1.2,-23.264965,-43.146126
FELIPE RIBEIRO,2023-12-17 07:57:22,194.3,0.9,-23.27406,-43.148991
FELIPE RIBEIRO,2023-12-17 07:59:33,195.1,0.9,-23.274613,-43.149255
FELIPE RIBEIRO,2023-12-17 08:05:13,207.7,1.0,-23.276105,-43.149676
FELIPE RIBEIRO,2023-12-17 08:09:23,212.0,1.1,-23.27713,-43.150063
FELIPE RIBEIRO,2023-12-17 08:25:33,184.7,2.3,-23.282555,-43.151905
FELIPE RIBEIRO,2023-12-17 08:31:42,145.3,3.2,-23.2877,-43.150621
FELIPE RIBEIRO,2023-12-17 08:35:43,115.1,3.2,-23.29019,-43.147438
FELIPE RIBEIRO,2023-12-17 09:00:53,23.3,4.3,-23.269465,-43.134176
FELIPE RIBEIRO,2023-12-17 09:03:32,19.9,4.3,-23.266571,-43.132906
FELIPE RIBEIRO,2023-12-17 09:05:42,20.7,5.1,-23.263846,-43.131751
FELIPE RIBEIRO,2023-12-17 09:08:32,18.8,6.1,-23.259445,-43.130075
FELIPE RIBEIRO,2023-12-17 09:11:02,19.1,6.8,-23.25516,-43.128411
FELIPE RIBEIRO,2023-12-17 09:17:32,19.8,7.5,-23.242971,-43.123755
FELIPE RIBEIRO,2023-12-17 09:36:11,19.3,7.8,-23.205403,-43.109603
FELIPE RIBEIRO,2023-12-17 09:40:51,20.6,6.5,-23.197366,-43.10653
FELIPE RIBEIRO,2023-12-17 09:44:02,19.9,6.0,-23.192423,-43.104696
FELIPE RIBEIRO,2023-12-17 09:52:41,21.0,5.4,-23.180138,-43.099991
FELIPE RIBEIRO,2023-12-17 10:15:32,20.5,5.3,-23.149191,-43.087923
FELIPE RIBEIRO,2023-12-17 10:20:13,21.0,5.3,-23.142941,-43.085431
FELIPE RIBEIRO,2023-12-17 10:28:02,19.3,5.0,-23.132686,-43.081481
FELIPE RIBEIRO,2023-12-17 10:45:14,50.8,2.2,-23.117821,-43.073928
FELIPE RIBEIRO,2023-12-17 10:48:32,61.2,1.9,-23.116793,-43.072298
FELIPE RIBEIRO,2023-12-17 11:01:52,83.4,1.0,-23.115238,-43.06686
FELIPE RIBEIRO,2023-12-17 11:05:32,81.6,0.8,-23.115083,-43.065805
FELIPE RIBEIRO,2023-12-17 11:22:02,59.4,0.2,-23.114658,-43.063153
FELIPE RIBEIRO,2023-12-17 11:26:51,10.4,0.1,-23.114605,-43.06289
FELIPE RIBEIRO,2023-12-17 11:34:12,30.7,0.6,-23.114515,-43.06256
FELIPE RIBEIRO,2023-12-17 11:37:12,36.0,1.5,-23.11381,-43.06171
FELIPE RIBEIRO,2023-12-17 11:39:53,25.8,2.1,-23.112566,-43.060836
FELIPE RIBEIRO,2023-12-17 11:42:11,11.7,2.7,-23.11104,-43.06028
FELIPE RIBEIRO,2023-12-17 11:42:43,11.4,2.9,-23.110633,-43.06019
FELIPE RIBEIRO,2023-12-17 11:44:31,4.6,3.3,-23.109013,-43.059985
FELIPE RIBEIRO,2023-12-17 11:59:52,354.7,8.0,-23.083146,-43.062188
FELIPE RIBEIRO,2023-12-17 12:06:02,351.1,8.3,-23.069676,-43.064011
FELIPE RIBEIRO,2023-12-17 12:14:12,332.2,6.4,-23.05452,-43.069991
FELIPE RIBEIRO,2023-12-17 12:48:23,307.7,8.6,-23.006385,-43.124988
FELIPE RIBEIRO,2023-12-17 13:19:32,27.0,9.4,-22.947958,-43.14612
FELIPE RIBEIRO,2023-12-17 13:24:52,18.3,9.2,-22.936041,-43.139681
FELIPE RIBEIRO,2023-12-17 13:53:22,1.1,9.4,-22.867891,-43.154786
FELIPE RIBEIRO,2023-12-17 13:55:22,355.7,9.4,-22.862761,-43.154776
FELIPE RIBEIRO,2023-12-17 13:58:12,358.6,9.0,-22.8558,-43.155236
FELIPE RIBEIRO,2023-12-17 13:58:42,358.7,8.8,-22.854578,-43.155275
FELIPE RIBEIRO,2023-12-17 14:01:52,9.1,7.0,-22.847958,-43.15501
FELIPE RIBEIRO,2023-12-17 14:23:24,2.2,1.8,-22.823876,-43.15201
FELIPE RIBEIRO,2023-12-17 14:52:12,3.8,0.0,-22.820808,-43.152531
FELIPE RIBEIRO,2023-12-18 12:57:53,3.8,0.0,-22.820813,-43.152563
FELIPE RIBEIRO,2023-12-18 16:14:10,180.4,8.8,-22.854578,-43.154756
FELIPE RIBEIRO,2023-12-18 16:18:50,180.1,9.1,-22.86616,-43.154723
FELIPE RIBEIRO,2023-12-18 16:22:40,181.9,9.5,-22.876055,-43.154751
FELIPE RIBEIRO,2023-12-18 16:44:18,182.1,10.1,-22.933116,-43.1399
FELIPE RIBEIRO,2023-12-18 16:54:50,208.8,9.3,-22.958213,-43.152091
FELIPE RIBEIRO,2023-12-18 17:11:18,174.3,9.0,-22.99478,-43.151795
FELIPE RIBEIRO,2023-12-18 17:12:28,180.7,8.9,-22.997636,-43.151708
FELIPE RIBEIRO,2023-12-18 17:13:28,180.7,9.1,-23.000078,-43.15176
FELIPE RIBEIRO,2023-12-18 17:14:17,178.3,9.2,-23.002206,-43.151756
FELIPE RIBEIRO,2023-12-18 17:14:46,181.0,9.2,-23.003413,-43.151723
FELIPE RIBEIRO,2023-12-18 17:15:28,186.0,9.4,-23.005156,-43.151846
FELIPE RIBEIRO,2023-12-18 17:16:28,191.1,9.5,-23.007723,-43.152243
FELIPE RIBEIRO,2023-12-18 17:17:08,202.8,9.4,-23.009383,-43.15284
FELIPE RIBEIRO,2023-12-18 17:17:17,201.9,9.4,-23.009733,-43.152991
FELIPE RIBEIRO,2023-12-18 17:18:17,218.2,9.3,-23.011893,-43.154291
FELIPE RIBEIRO,2023-12-18 17:18:28,217.7,9.2,-23.012231,-43.154565
FELIPE RIBEIRO,2023-12-18 17:18:46,217.7,9.2,-23.012823,-43.155038
FELIPE RIBEIRO,2023-12-18 17:18:56,219.9,9.2,-23.013145,-43.155315
FELIPE RIBEIRO,2023-12-18 17:19:17,219.8,9.2,-23.013893,-43.15599
FELIPE RIBEIRO,2023-12-18 17:23:09,225.6,9.8,-23.021398,-43.163141
FELIPE RIBEIRO,2023-12-18 17:58:29,254.5,10.8,-23.075566,-43.249768
FELIPE RIBEIRO,2023-12-18 18:03:39,254.5,10.7,-23.079515,-43.265228
FELIPE RIBEIRO,2023-12-18 18:11:26,257.9,10.8,-23.084536,-43.288946
FELIPE RIBEIRO,2023-12-18 18:32:29,256.0,10.5,-23.097888,-43.352331
FELIPE RIBEIRO,2023-12-18 18:37:09,256.9,10.7,-23.101088,-43.366275
FELIPE RIBEIRO,2023-12-18 19:04:09,255.7,10.6,-23.119436,-43.44724
FELIPE RIBEIRO,2023-12-18 19:07:00,256.5,10.6,-23.121366,-43.455665
FELIPE RIBEIRO,2023-12-18 20:21:18,256.5,11.2,-23.177626,-43.683526
FELIPE RIBEIRO,2023-12-18 20:27:09,256.7,11.1,-23.181658,-43.701766
FELIPE RIBEIRO,2023-12-18 20:30:30,256.6,11.1,-23.183966,-43.712183
FELIPE RIBEIRO,2023-12-18 20:36:50,257.2,11.1,-23.188371,-43.731918
FELIPE RIBEIRO,2023-12-18 20:54:20,253.6,11.1,-23.200706,-43.786673
FELIPE RIBEIRO,2023-12-18 22:09:10,254.9,11.1,-23.26218,-44.018293
FELIPE RIBEIRO,2023-12-18 22:17:39,255.5,11.2,-23.268546,-44.044938
FELIPE RIBEIRO,2023-12-18 22:37:59,248.1,11.2,-23.285821,-44.108398
FELIPE RIBEIRO,2023-12-18 23:10:59,258.3,11.1,-23.311986,-44.211146
FELIPE RIBEIRO,2023-12-18 23:23:00,258.6,11.1,-23.318298,-44.249165
FELIPE RIBEIRO,2023-12-18 23:25:19,268.1,11.0,-23.319176,-44.256515
FELIPE RIBEIRO,2023-12-19 00:14:09,328.6,10.0,-23.271526,-44.379193
FELIPE RIBEIRO,2023-12-19 00:16:49,330.0,10.0,-23.265345,-44.383298
FELIPE RIBEIRO,2023-12-19 00:24:20,330.0,10.1,-23.24766,-44.394558
FELIPE RIBEIRO,2023-12-19 01:00:30,341.8,6.5,-23.183163,-44.427563
FELIPE RIBEIRO,2023-12-19 01:00:50,341.9,6.6,-23.182565,-44.427753
FELIPE RIBEIRO,2023-12-19 01:01:50,343.2,6.7,-23.180735,-44.428398
FELIPE RIBEIRO,2023-12-19 01:02:30,343.3,6.8,-23.179518,-44.42876
FELIPE RIBEIRO,2023-12-19 01:02:39,342.9,6.8,-23.179245,-44.428846
FELIPE RIBEIRO,2023-12-19 01:03:30,338.0,7.0,-23.177671,-44.42943
FELIPE RIBEIRO,2023-12-19 01:04:08,337.6,7.1,-23.176505,-44.429951
FELIPE RIBEIRO,2023-12-19 01:05:00,336.8,7.2,-23.174928,-44.430655
FELIPE RIBEIRO,2023-12-19 01:05:08,337.4,7.2,-23.174671,-44.430761
FELIPE RIBEIRO,2023-12-19 01:05:39,337.8,7.3,-23.173766,-44.431176
FELIPE RIBEIRO,2023-12-19 01:28:38,358.0,3.8,-23.138903,-44.44436
FELIPE RIBEIRO,2023-12-19 17:37:42,88.8,0.0,-23.117883,-44.42846
FELIPE RIBEIRO,2023-12-19 19:34:42,101.9,0.0,-23.1176,-44.428616
FELIPE RIBEIRO,2023-12-19 22:34:42,42.0,0.0,-23.119773,-44.427955
FELIPE RIBEIRO,2023-12-19 23:58:42,41.2,0.0,-23.119795,-44.427585
FELIPE RIBEIRO,2023-12-20 01:55:42,6.2,0.0,-23.120316,-44.42632
FELIPE RIBEIRO,2023-12-20 02:10:42,10.1,0.0,-23.120243,-44.426396
FELIPE RIBEIRO,2023-12-20 05:58:41,10.8,0.0,-23.12024,-44.426338
FELIPE RIBEIRO,2023-12-20 06:07:41,10.1,0.0,-23.120288,-44.426371
FELIPE RIBEIRO,2023-12-20 06:46:42,10.1,0.0,-23.119833,-44.426155
FELIPE RIBEIRO,2023-12-20 06:58:42,10.0,0.0,-23.119906,-44.426188
FELIPE RIBEIRO,2023-12-20 07:16:42,12.0,0.0,-23.119993,-44.426266
FELIPE RIBEIRO,2023-12-20 08:34:42,315.3,0.0,-23.119376,-44.424251
FELIPE RIBEIRO,2023-12-20 10:52:42,275.5,0.0,-23.118151,-44.423723
FELIPE RIBEIRO,2023-12-20 11:34:41,269.7,0.0,-23.118266,-44.423913
FELIPE RIBEIRO,2023-12-20 16:16:42,142.1,0.0,-23.115933,-44.427535
FELIPE RIBEIRO,2023-12-20 16:40:42,116.7,0.0,-23.11644,-44.428186
FELIPE RIBEIRO,2023-12-20 18:01:42,110.8,0.0,-23.116735,-44.42839
FELIPE RIBEIRO,2023-12-20 20:40:41,153.4,0.0,-23.115631,-44.427011
FELIPE RIBEIRO,2023-12-20 23:13:40,165.3,0.0,-23.115811,-44.426446
FELIPE RIBEIRO,2023-12-20 23:49:41,159.5,0.0,-23.116145,-44.427058
FELIPE RIBEIRO,2023-12-21 04:04:41,325.6,0.0,-23.119553,-44.424415
FELIPE RIBEIRO,2023-12-21 06:49:42,290.9,0.0,-23.118916,-44.423781
FELIPE RIBEIRO,2023-12-21 08:37:41,277.4,0.0,-23.118325,-44.42357
FELIPE RIBEIRO,2023-12-21 09:19:42,244.5,0.0,-23.117135,-44.423736
FELIPE RIBEIRO,2023-12-21 09:58:42,246.1,0.0,-23.11736,-44.423838
FELIPE RIBEIRO,2023-12-21 16:28:40,172.2,0.0,-23.115195,-44.426313
FELIPE RIBEIRO,2023-12-21 20:34:42,43.8,0.0,-23.119351,-44.427675
FELIPE RIBEIRO,2023-12-21 22:22:42,15.3,0.0,-23.119843,-44.426633
FELIPE RIBEIRO,2023-12-22 01:58:42,355.2,0.0,-23.119611,-44.425361
FELIPE RIBEIRO,2023-12-22 09:04:42,84.1,0.0,-23.117943,-44.427923
FELIPE RIBEIRO,2023-12-22 10:34:42,162.2,0.0,-23.115258,-44.426648
FELIPE RIBEIRO,2023-12-22 15:10:42,141.7,0.0,-23.115535,-44.427396
FELIPE RIBEIRO,2023-12-22 16:49:40,135.3,0.0,-23.11571,-44.427613
FELIPE RIBEIRO,2023-12-22 20:22:41,133.2,0.0,-23.115761,-44.427793
FELIPE RIBEIRO,2023-12-22 22:13:41,137.4,0.0,-23.115791,-44.427811
FELIPE RIBEIRO,2023-12-23 01:04:42,114.8,0.0,-23.116376,-44.428276
FELIPE RIBEIRO,2023-12-23 01:22:41,111.7,0.0,-23.11653,-44.428378
FELIPE RIBEIRO,2023-12-23 01:40:42,110.0,0.0,-23.116486,-44.428253
FELIPE RIBEIRO,2023-12-23 04:55:41,104.3,0.0,-23.116646,-44.428308
FELIPE RIBEIRO,2023-12-23 05:13:39,107.0,0.0,-23.116685,-44.428526
FELIPE RIBEIRO,2023-12-23 05:34:42,97.1,0.0,-23.116896,-44.428466
FELIPE RIBEIRO,2023-12-23 06:52:42,118.7,0.0,-23.116171,-44.428001
FELIPE RIBEIRO,2023-12-23 09:13:42,159.1,0.0,-23.115293,-44.426823
FELIPE RIBEIRO,2023-12-23 09:49:42,171.8,0.0,-23.115153,-44.426396
FELIPE RIBEIRO,2023-12-23 15:58:41,169.2,0.0,-23.115178,-44.426658
FELIPE RIBEIRO,2023-12-23 17:40:42,154.4,0.0,-23.115436,-44.427205
FELIPE RIBEIRO,2023-12-23 19:04:42,156.5,0.0,-23.11559,-44.427236
FELIPE RIBEIRO,2023-12-23 21:16:42,97.3,0.0,-23.117196,-44.428493
FELIPE RIBEIRO,2023-12-23 22:01:41,81.1,0.0,-23.117708,-44.428525
FELIPE RIBEIRO,2023-12-24 00:25:41,160.7,0.0,-23.115653,-44.42645
FELIPE RIBEIRO,2023-12-24 01:10:42,184.5,0.0,-23.115423,-44.425573
FELIPE RIBEIRO,2023-12-24 04:40:41,230.2,0.0,-23.116231,-44.424098
FELIPE RIBEIRO,2023-12-24 06:43:39,251.3,0.0,-23.117103,-44.423738
FELIPE RIBEIRO,2023-12-24 08:04:41,266.8,0.0,-23.11774,-44.423953
FELIPE RIBEIRO,2023-12-24 09:04:41,244.1,0.0,-23.116756,-44.423815
FELIPE RIBEIRO,2023-12-24 09:13:41,239.4,0.0,-23.116565,-44.423836
FELIPE RIBEIRO,2023-12-24 09:19:41,238.4,0.0,-23.116505,-44.423865
FELIPE RIBEIRO,2023-12-24 10:16:41,246.9,0.0,-23.11675,-44.423673
FELIPE RIBEIRO,2023-12-24 10:28:42,247.7,0.0,-23.116866,-44.423723
FELIPE RIBEIRO,2023-12-24 11:25:41,226.7,0.0,-23.11597,-44.42439
FELIPE RIBEIRO,2023-12-24 12:43:41,202.1,0.0,-23.11546,-44.424956
FELIPE RIBEIRO,2023-12-24 14:28:42,208.7,0.0,-23.115451,-44.42486
FELIPE RIBEIRO,2023-12-24 15:31:41,177.0,0.0,-23.115143,-44.426108
FELIPE RIBEIRO,2023-12-24 16:13:42,172.2,0.0,-23.115175,-44.426368
FELIPE RIBEIRO,2023-12-24 21:04:41,218.5,0.0,-23.115758,-44.424641
FELIPE RIBEIRO,2023-12-24 22:46:42,198.1,0.0,-23.115368,-44.425325
FELIPE RIBEIRO,2023-12-25 04:31:42,252.3,0.0,-23.116928,-44.42367
FELIPE RIBEIRO,2023-12-25 08:55:42,256.6,0.0,-23.117346,-44.423663
FELIPE RIBEIRO,2023-12-25 10:43:42,252.8,0.0,-23.117,-44.423665
FELIPE RIBEIRO,2023-12-25 12:52:42,215.9,0.0,-23.11588,-44.424515
FELIPE RIBEIRO,2023-12-25 13:10:41,212.5,0.0,-23.115753,-44.424583
FELIPE RIBEIRO,2023-12-25 14:37:42,190.8,0.0,-23.115191,-44.425416
FELIPE RIBEIRO,2023-12-25 15:40:41,195.9,0.0,-23.115253,-44.425213
FELIPE RIBEIRO,2023-12-25 18:55:42,60.5,0.0,-23.11849,-44.428226
FELIPE RIBEIRO,2023-12-25 19:40:42,72.4,0.0,-23.118225,-44.428213
FELIPE RIBEIRO,2023-12-25 20:07:41,58.5,0.0,-23.11876,-44.427955
FELIPE RIBEIRO,2023-12-25 20:58:41,44.9,0.0,-23.119255,-44.428041
FELIPE RIBEIRO,2023-12-26 02:10:42,286.5,0.0,-23.118641,-44.423878
FELIPE RIBEIRO,2023-12-26 09:10:41,5.6,0.0,-23.120231,-44.426385
FELIPE RIBEIRO,2023-12-26 09:43:42,7.3,0.0,-23.120158,-44.426426
FELIPE RIBEIRO,2023-12-26 11:52:42,133.8,0.0,-23.116483,-44.427325
FELIPE RIBEIRO,2023-12-26 13:07:41,164.7,0.0,-23.115388,-44.426511
FELIPE RIBEIRO,2023-12-26 13:40:42,1.1,0.2,-23.114023,-44.425536
FELIPE RIBEIRO,2023-12-26 13:43:42,26.7,0.2,-23.113785,-44.425483
FELIPE RIBEIRO,2023-12-26 15:28:42,182.5,0.0,-23.113256,-44.4255
FELIPE RIBEIRO,2023-12-26 16:31:42,180.6,0.0,-23.113238,-44.425576
FELIPE RIBEIRO,2023-12-26 17:55:39,175.9,0.0,-23.113353,-44.425823
FELIPE RIBEIRO,2023-12-26 18:16:41,178.1,0.0,-23.11338,-44.425813
FELIPE RIBEIRO,2023-12-26 18:46:42,170.4,0.0,-23.113486,-44.426141
FELIPE RIBEIRO,2023-12-26 19:34:42,173.9,0.0,-23.113411,-44.425921
FELIPE RIBEIRO,2023-12-26 22:52:42,216.1,0.0,-23.113813,-44.424143
FELIPE RIBEIRO,2023-12-27 02:43:54,212.2,0.0,-23.113731,-44.423971
FELIPE RIBEIRO,2023-12-27 07:58:41,244.8,0.0,-23.115218,-44.42283
FELIPE RIBEIRO,2023-12-27 12:46:41,210.7,0.0,-23.113795,-44.423938
FELIPE RIBEIRO,2023-12-27 15:34:42,177.6,0.0,-23.113278,-44.425481
FELIPE RIBEIRO,2023-12-27 17:01:42,183.0,0.0,-23.113383,-44.425148
FELIPE RIBEIRO,2023-12-28 04:16:42,213.9,0.0,-23.113616,-44.423916
FELIPE RIBEIRO,2023-12-28 04:58:40,121.3,0.1,-23.113611,-44.424111
FELIPE RIBEIRO,2023-12-28 07:01:41,208.8,0.0,-23.113571,-44.424488
FELIPE RIBEIRO,2023-12-28 11:04:42,181.1,0.0,-23.113263,-44.42557
FELIPE RIBEIRO,2023-12-28 11:43:41,183.8,0.0,-23.113286,-44.425336
FELIPE RIBEIRO,2023-12-28 11:58:42,183.2,0.0,-23.113238,-44.42544
FELIPE RIBEIRO,2023-12-28 17:10:42,197.2,0.0,-23.113331,-44.424846
FELIPE RIBEIRO,2023-12-28 18:31:40,210.8,0.0,-23.113603,-44.424385
FELIPE RIBEIRO,2023-12-28 18:34:40,209.3,0.0,-23.113591,-44.424496
FELIPE RIBEIRO,2023-12-28 18:34:42,209.3,0.0,-23.113591,-44.424496
FELIPE RIBEIRO,2023-12-28 20:34:42,192.0,0.0,-23.11348,-44.425246
FELIPE RIBEIRO,2023-12-28 23:49:41,102.6,0.0,-23.114718,-44.427888
FELIPE RIBEIRO,2023-12-29 00:46:41,82.8,0.0,-23.11562,-44.427531
FELIPE RIBEIRO,2023-12-29 04:07:41,227.2,0.0,-23.114065,-44.423726
FELIPE RIBEIRO,2023-12-29 05:04:42,233.9,0.0,-23.114373,-44.42336
FELIPE RIBEIRO,2023-12-29 05:16:39,240.1,0.0,-23.114523,-44.423311
FELIPE RIBEIRO,2023-12-29 05:55:42,241.4,0.0,-23.114963,-44.423311
FELIPE RIBEIRO,2023-12-29 06:43:41,252.7,0.0,-23.115163,-44.423041
FELIPE RIBEIRO,2023-12-29 08:28:41,246.3,0.0,-23.114813,-44.423143
FELIPE RIBEIRO,2023-12-29 08:34:41,246.8,0.0,-23.114958,-44.423136
FELIPE RIBEIRO,2023-12-29 08:58:42,255.6,0.0,-23.115323,-44.42313
FELIPE RIBEIRO,2023-12-29 11:40:42,252.0,0.0,-23.114891,-44.423156
FELIPE RIBEIRO,2023-12-29 12:43:41,265.3,0.0,-23.115505,-44.42307
FELIPE RIBEIRO,2023-12-29 13:04:41,263.5,0.0,-23.115641,-44.42307
FELIPE RIBEIRO,2023-12-29 17:58:42,169.7,0.0,-23.113376,-44.425883
FELIPE RIBEIRO,2023-12-29 18:28:42,161.7,0.0,-23.113508,-44.42607
FELIPE RIBEIRO,2023-12-30 06:40:40,300.8,0.0,-23.117293,-44.423513
FELIPE RIBEIRO,2023-12-30 08:04:42,316.7,0.0,-23.11772,-44.424263
FELIPE RIBEIRO,2023-12-30 11:34:42,251.7,0.0,-23.114811,-44.42334
FELIPE RIBEIRO,2023-12-30 13:16:47,183.4,0.0,-23.113281,-44.425103
FELIPE RIBEIRO,2023-12-30 14:55:42,192.7,0.0,-23.113325,-44.424925
FELIPE RIBEIRO,2023-12-30 19:28:42,197.5,0.3,-23.114901,-44.425215
FELIPE RIBEIRO,2023-12-30 20:03:37,171.7,0.4,-23.113813,-44.425463
FELIPE RIBEIRO,2023-12-30 20:08:27,170.1,1.8,-23.115471,-44.425721
FELIPE RIBEIRO,2023-12-30 20:29:47,78.4,7.9,-23.13428,-44.400681
FELIPE RIBEIRO,2023-12-30 21:11:09,67.1,10.1,-23.091605,-44.292125
FELIPE RIBEIRO,2023-12-30 21:13:09,67.4,10.1,-23.089503,-44.286608
FELIPE RIBEIRO,2023-12-30 21:18:48,79.0,9.9,-23.08513,-44.270723
FELIPE RIBEIRO,2023-12-30 21:45:08,73.9,3.4,-23.067173,-44.22838
FELIPE RIBEIRO,2023-12-30 21:48:28,62.5,2.7,-23.066053,-44.225205
FELIPE RIBEIRO,2023-12-30 22:54:38,281.3,0.0,-23.060771,-44.227426
FELIPE RIBEIRO,2023-12-30 22:58:46,281.3,0.0,-23.060866,-44.227541
FELIPE RIBEIRO,2023-12-30 23:02:46,281.3,0.0,-23.060853,-44.227505
FELIPE RIBEIRO,2023-12-30 23:04:57,281.3,0.0,-23.060821,-44.227486
FELIPE RIBEIRO,2023-12-31 15:41:00,281.3,0.0,-23.060738,-44.227481
FELIPE RIBEIRO,2024-01-01 15:53:30,227.4,2.6,-23.064563,-44.223665
FELIPE RIBEIRO,2024-01-01 16:19:49,256.9,7.8,-23.083753,-44.265906
FELIPE RIBEIRO,2024-01-01 16:22:49,257.1,7.8,-23.085208,-44.272606
FELIPE RIBEIRO,2024-01-01 16:23:18,254.0,7.8,-23.085491,-44.273773
FELIPE RIBEIRO,2024-01-01 16:23:47,251.8,7.8,-23.085828,-44.274833
FELIPE RIBEIRO,2024-01-01 16:39:39,246.9,8.1,-23.098818,-44.309341
FELIPE RIBEIRO,2024-01-01 16:42:09,246.7,8.2,-23.100965,-44.314841
FELIPE RIBEIRO,2024-01-01 16:46:21,247.5,8.2,-23.104613,-44.324081
FELIPE RIBEIRO,2024-01-01 17:02:17,246.4,8.1,-23.118623,-44.359371
FELIPE RIBEIRO,2024-01-01 17:02:58,244.8,8.1,-23.119233,-44.360823
FELIPE RIBEIRO,2024-01-01 17:13:10,234.2,7.7,-23.129981,-44.381096
FELIPE RIBEIRO,2024-01-01 17:34:18,260.9,2.7,-23.1258,-44.417458
FELIPE RIBEIRO,2024-01-01 17:36:39,232.4,1.9,-23.126433,-44.418953
FELIPE RIBEIRO,2024-01-01 17:39:18,216.4,1.3,-23.127305,-44.419896
FELIPE RIBEIRO,2024-01-01 17:55:37,344.7,0.2,-23.126495,-44.420348
FELIPE RIBEIRO,2024-01-01 17:56:37,11.3,0.3,-23.12642,-44.420373
FELIPE RIBEIRO,2024-01-01 17:59:48,352.5,0.3,-23.12609,-44.420423
FELIPE RIBEIRO,2024-01-01 17:59:57,352.5,0.3,-23.12609,-44.420426
FELIPE RIBEIRO,2024-01-01 18:00:57,10.9,0.3,-23.126008,-44.420435
FELIPE RIBEIRO,2024-01-01 18:01:08,10.9,0.3,-23.125986,-44.420438
FELIPE RIBEIRO,2024-01-01 18:01:57,10.6,0.3,-23.125868,-44.420458
FELIPE RIBEIRO,2024-01-01 18:04:19,8.6,0.3,-23.125631,-44.420506
FELIPE RIBEIRO,2024-01-01 18:06:21,93.9,0.1,-23.125595,-44.420616
FELIPE RIBEIRO,2024-01-01 18:13:00,177.0,0.0,-23.125756,-44.420788
FELIPE RIBEIRO,2024-01-01 18:22:58,176.4,0.0,-23.125633,-44.420751
FELIPE RIBEIRO,2024-01-01 18:25:19,176.5,0.0,-23.125628,-44.420778
FELIPE RIBEIRO,2024-01-01 18:27:59,177.6,0.0,-23.125656,-44.420718
FELIPE RIBEIRO,2024-01-01 18:33:29,179.9,0.0,-23.125646,-44.420701
FELIPE RIBEIRO,2024-01-01 19:00:50,182.3,0.0,-23.125703,-44.420708
FELIPE RIBEIRO,2024-01-01 19:15:39,170.4,0.0,-23.125658,-44.421061
FELIPE RIBEIRO,2024-01-01 19:18:08,169.4,0.0,-23.125725,-44.421101
FELIPE RIBEIRO,2024-01-01 19:20:18,167.7,0.0,-23.125773,-44.421126
FELIPE RIBEIRO,2024-01-01 19:23:09,166.0,0.0,-23.125806,-44.421176
FELIPE RIBEIRO,2024-01-01 19:26:09,74.1,0.1,-23.125821,-44.42116
FELIPE RIBEIRO,2024-01-01 19:53:01,160.5,0.0,-23.12585,-44.421406
FELIPE RIBEIRO,2024-01-01 19:55:10,158.2,0.0,-23.125801,-44.421495
FELIPE RIBEIRO,2024-01-01 19:57:39,157.1,0.0,-23.125803,-44.421555
FELIPE RIBEIRO,2024-01-01 20:07:59,156.9,0.0,-23.125896,-44.421663
FELIPE RIBEIRO,2024-01-01 20:16:30,151.7,0.0,-23.125866,-44.421826
FELIPE RIBEIRO,2024-01-01 20:23:09,150.0,0.0,-23.125933,-44.421866
FELIPE RIBEIRO,2024-01-01 20:26:09,149.9,0.0,-23.125951,-44.421861
FELIPE RIBEIRO,2024-01-01 20:29:40,149.3,0.0,-23.125958,-44.421855
FELIPE RIBEIRO,2024-01-01 20:58:29,164.8,0.0,-23.12573,-44.42126
FELIPE RIBEIRO,2024-01-01 21:01:19,165.6,0.0,-23.125755,-44.421218
FELIPE RIBEIRO,2024-01-01 21:05:49,76.9,0.1,-23.12574,-44.42113
FELIPE RIBEIRO,2024-01-01 21:29:39,173.7,0.0,-23.125686,-44.420981
FELIPE RIBEIRO,2024-01-01 21:33:31,174.1,0.0,-23.125738,-44.420991
FELIPE RIBEIRO,2024-01-01 21:37:50,172.3,0.0,-23.1257,-44.420995
FELIPE RIBEIRO,2024-01-01 21:40:10,171.1,0.0,-23.125653,-44.421013
FELIPE RIBEIRO,2024-01-01 21:42:21,171.2,0.0,-23.125623,-44.421026
FELIPE RIBEIRO,2024-01-01 22:07:30,171.8,0.0,-23.125736,-44.420993
FELIPE RIBEIRO,2024-01-01 22:35:40,148.4,0.0,-23.126023,-44.421881
FELIPE RIBEIRO,2024-01-01 22:42:10,139.3,0.0,-23.126065,-44.422226
FELIPE RIBEIRO,2024-01-01 22:46:40,227.7,0.1,-23.12616,-44.422291
FELIPE RIBEIRO,2024-01-01 23:18:40,114.2,0.0,-23.126856,-44.423035
FELIPE RIBEIRO,2024-01-01 23:21:40,111.8,0.0,-23.126913,-44.423065
FELIPE RIBEIRO,2024-01-01 23:25:29,113.7,0.0,-23.126913,-44.423076
FELIPE RIBEIRO,2024-01-01 23:25:30,113.7,0.0,-23.126913,-44.423076
FELIPE RIBEIRO,2024-01-01 23:30:59,114.9,0.0,-23.126925,-44.423106
FELIPE RIBEIRO,2024-01-01 23:57:29,115.4,0.0,-23.126806,-44.42303
FELIPE RIBEIRO,2024-01-02 00:14:59,120.6,0.0,-23.126666,-44.422783
FELIPE RIBEIRO,2024-01-02 00:17:30,120.0,0.0,-23.126653,-44.422803
FELIPE RIBEIRO,2024-01-02 00:19:50,120.1,0.0,-23.12663,-44.422775
FELIPE RIBEIRO,2024-01-02 00:22:20,121.6,0.0,-23.12658,-44.422718
FELIPE RIBEIRO,2024-01-02 00:31:49,128.6,0.0,-23.126381,-44.422551
FELIPE RIBEIRO,2024-01-02 00:32:00,128.7,0.0,-23.126381,-44.42255
FELIPE RIBEIRO,2024-01-02 00:34:29,128.4,0.0,-23.126376,-44.422533
FELIPE RIBEIRO,2024-01-02 00:50:59,138.1,0.0,-23.126168,-44.422248
FELIPE RIBEIRO,2024-01-02 00:54:39,140.1,0.0,-23.12617,-44.422163
FELIPE RIBEIRO,2024-01-02 00:54:59,139.8,0.0,-23.126175,-44.42217
FELIPE RIBEIRO,2024-01-02 00:55:39,139.9,0.0,-23.126161,-44.422173
FELIPE RIBEIRO,2024-01-02 01:04:40,140.5,0.0,-23.126091,-44.422111
FELIPE RIBEIRO,2024-01-02 01:06:40,142.4,0.0,-23.126058,-44.422058
FELIPE RIBEIRO,2024-01-02 01:07:00,232.9,0.1,-23.126053,-44.422046
FELIPE RIBEIRO,2024-01-02 01:10:11,145.5,0.0,-23.126055,-44.421978
FELIPE RIBEIRO,2024-01-02 01:50:30,166.3,0.0,-23.125828,-44.42113
FELIPE RIBEIRO,2024-01-02 01:51:30,166.1,0.0,-23.125818,-44.421131
FELIPE RIBEIRO,2024-01-02 01:51:38,166.0,0.0,-23.125815,-44.42113
FELIPE RIBEIRO,2024-01-02 01:58:38,164.0,0.0,-23.12576,-44.421176
FELIPE RIBEIRO,2024-01-02 02:01:20,164.3,0.0,-23.125766,-44.421185
FELIPE RIBEIRO,2024-01-02 02:04:51,164.3,0.0,-23.125771,-44.421165
FELIPE RIBEIRO,2024-01-02 02:10:00,163.8,0.0,-23.125771,-44.42116
FELIPE RIBEIRO,2024-01-02 02:13:29,164.6,0.0,-23.125808,-44.42117
FELIPE RIBEIRO,2024-01-02 02:31:49,164.6,0.0,-23.125805,-44.421116
FELIPE RIBEIRO,2024-01-02 02:39:11,164.8,0.0,-23.125841,-44.421081
FELIPE RIBEIRO,2024-01-02 02:44:30,164.5,0.0,-23.125873,-44.421058
FELIPE RIBEIRO,2024-01-02 02:46:41,164.4,0.0,-23.125828,-44.421071
FELIPE RIBEIRO,2024-01-02 02:47:49,164.5,0.0,-23.125821,-44.421095
FELIPE RIBEIRO,2024-01-02 02:50:19,164.4,0.0,-23.125805,-44.421078
FELIPE RIBEIRO,2024-01-02 02:52:00,164.3,0.0,-23.125848,-44.421071
FELIPE RIBEIRO,2024-01-02 02:52:49,164.2,0.0,-23.125836,-44.421085
FELIPE RIBEIRO,2024-01-02 03:14:40,158.5,0.0,-23.125946,-44.421263
FELIPE RIBEIRO,2024-01-02 03:17:19,156.6,0.0,-23.125923,-44.421316
FELIPE RIBEIRO,2024-01-02 03:19:59,154.8,0.0,-23.125913,-44.421358
FELIPE RIBEIRO,2024-01-02 03:22:48,154.0,0.0,-23.125901,-44.421425
FELIPE RIBEIRO,2024-01-02 03:25:29,153.9,0.0,-23.125863,-44.421485
FELIPE RIBEIRO,2024-01-02 03:27:39,153.7,0.0,-23.125853,-44.421536
FELIPE RIBEIRO,2024-01-02 03:47:19,147.7,0.0,-23.126005,-44.421706
FELIPE RIBEIRO,2024-01-02 03:50:39,147.3,0.0,-23.126036,-44.421675
FELIPE RIBEIRO,2024-01-02 03:55:39,145.0,0.0,-23.12606,-44.421695
FELIPE RIBEIRO,2024-01-02 03:59:59,144.8,0.0,-23.126036,-44.42174
FELIPE RIBEIRO,2024-01-02 04:21:39,148.0,0.0,-23.125976,-44.421678
FELIPE RIBEIRO,2024-01-02 04:25:39,147.1,0.0,-23.125986,-44.421713
FELIPE RIBEIRO,2024-01-02 04:31:30,146.4,0.0,-23.12602,-44.421723
FELIPE RIBEIRO,2024-01-02 04:34:21,145.7,0.0,-23.126016,-44.42175
FELIPE RIBEIRO,2024-01-02 04:36:39,145.9,0.0,-23.126033,-44.421726
FELIPE RIBEIRO,2024-01-02 04:42:26,148.7,0.0,-23.125975,-44.421686
FELIPE RIBEIRO,2024-01-02 04:44:18,149.5,0.0,-23.12596,-44.421656
FELIPE RIBEIRO,2024-01-02 04:44:46,149.5,0.0,-23.12595,-44.421648
FELIPE RIBEIRO,2024-01-02 04:44:57,149.6,0.0,-23.125943,-44.421648
FELIPE RIBEIRO,2024-01-02 04:45:26,149.6,0.0,-23.125943,-44.421651
FELIPE RIBEIRO,2024-01-02 04:45:57,149.8,0.0,-23.125943,-44.421648
FELIPE RIBEIRO,2024-01-02 04:46:57,150.2,0.0,-23.125935,-44.421648
FELIPE RIBEIRO,2024-01-02 04:47:36,150.4,0.0,-23.125911,-44.421665
FELIPE RIBEIRO,2024-01-02 04:48:57,150.8,0.0,-23.125926,-44.421633
FELIPE RIBEIRO,2024-01-02 04:49:06,150.8,0.0,-23.125926,-44.421633
FELIPE RIBEIRO,2024-01-02 04:51:06,151.6,0.0,-23.125918,-44.421618
FELIPE RIBEIRO,2024-01-02 04:57:39,151.2,0.0,-23.125901,-44.421623
FELIPE RIBEIRO,2024-01-02 05:08:39,145.9,0.0,-23.12599,-44.421741
FELIPE RIBEIRO,2024-01-02 05:10:51,145.1,0.0,-23.126015,-44.421776
FELIPE RIBEIRO,2024-01-02 05:16:30,145.1,0.0,-23.126048,-44.421793
FELIPE RIBEIRO,2024-01-02 05:32:21,142.2,0.0,-23.126066,-44.42196
FELIPE RIBEIRO,2024-01-02 05:39:40,188.7,0.1,-23.126035,-44.421988
FELIPE RIBEIRO,2024-01-02 05:43:08,143.1,0.0,-23.126041,-44.422031
FELIPE RIBEIRO,2024-01-02 05:45:19,142.1,0.0,-23.12607,-44.422035
FELIPE RIBEIRO,2024-01-02 05:47:28,141.0,0.0,-23.126053,-44.422063
FELIPE RIBEIRO,2024-01-02 05:50:19,139.8,0.0,-23.126055,-44.422071
FELIPE RIBEIRO,2024-01-02 05:52:28,140.5,0.0,-23.12604,-44.422078
FELIPE RIBEIRO,2024-01-02 06:10:09,139.6,0.0,-23.126055,-44.422068
FELIPE RIBEIRO,2024-01-02 06:12:10,140.2,0.0,-23.126055,-44.422051
FELIPE RIBEIRO,2024-01-02 06:15:10,140.9,0.0,-23.126071,-44.422028
FELIPE RIBEIRO,2024-01-02 06:25:29,141.3,0.0,-23.126046,-44.422011
FELIPE RIBEIRO,2024-01-02 06:47:51,145.0,0.0,-23.126006,-44.421933
FELIPE RIBEIRO,2024-01-02 06:53:00,144.7,0.0,-23.126035,-44.421885
FELIPE RIBEIRO,2024-01-02 06:58:09,145.0,0.0,-23.126015,-44.421943
FELIPE RIBEIRO,2024-01-02 07:20:40,137.9,0.0,-23.126265,-44.422208
FELIPE RIBEIRO,2024-01-02 07:22:50,136.3,0.0,-23.126236,-44.4222
FELIPE RIBEIRO,2024-01-02 07:28:30,133.8,0.0,-23.126208,-44.42229
FELIPE RIBEIRO,2024-01-02 07:37:00,134.2,0.0,-23.126188,-44.422288
FELIPE RIBEIRO,2024-01-02 07:51:48,137.0,0.0,-23.126221,-44.422116
FELIPE RIBEIRO,2024-01-02 07:58:19,135.4,0.0,-23.126208,-44.422158
FELIPE RIBEIRO,2024-01-02 08:04:00,134.1,0.0,-23.126225,-44.422245
FELIPE RIBEIRO,2024-01-02 08:07:00,134.7,0.0,-23.126216,-44.422245
FELIPE RIBEIRO,2024-01-02 08:09:31,135.2,0.0,-23.12623,-44.422248
FELIPE RIBEIRO,2024-01-02 08:33:40,218.6,0.1,-23.126551,-44.42262
FELIPE RIBEIRO,2024-01-02 08:40:10,123.4,0.0,-23.126788,-44.422763
FELIPE RIBEIRO,2024-01-02 08:42:29,121.2,0.0,-23.126883,-44.422825
FELIPE RIBEIRO,2024-01-02 08:46:59,116.6,0.0,-23.12701,-44.422898
FELIPE RIBEIRO,2024-01-02 09:29:19,89.3,0.0,-23.128166,-44.423138
FELIPE RIBEIRO,2024-01-02 09:35:18,86.5,0.0,-23.12828,-44.423186
FELIPE RIBEIRO,2024-01-02 09:39:28,84.5,0.0,-23.128361,-44.42329
FELIPE RIBEIRO,2024-01-02 09:39:29,84.5,0.0,-23.128361,-44.42329
FELIPE RIBEIRO,2024-01-02 09:43:30,83.3,0.0,-23.128405,-44.423275
FELIPE RIBEIRO,2024-01-02 10:16:51,82.7,0.0,-23.128433,-44.423415
FELIPE RIBEIRO,2024-01-02 10:20:20,83.9,0.0,-23.128415,-44.423393
FELIPE RIBEIRO,2024-01-02 10:30:19,87.3,0.0,-23.128251,-44.423351
FELIPE RIBEIRO,2024-01-02 10:35:08,90.6,0.0,-23.128138,-44.423415
FELIPE RIBEIRO,2024-01-02 10:50:40,94.4,0.0,-23.127886,-44.423361
FELIPE RIBEIRO,2024-01-02 10:55:30,97.0,0.0,-23.127805,-44.423328
FELIPE RIBEIRO,2024-01-02 11:17:39,100.3,0.0,-23.127618,-44.423453
FELIPE RIBEIRO,2024-01-02 11:19:40,100.3,0.0,-23.127651,-44.423428
FELIPE RIBEIRO,2024-01-02 11:22:08,100.4,0.0,-23.127685,-44.423415
FELIPE RIBEIRO,2024-01-02 11:24:59,100.1,0.0,-23.127683,-44.423465
FELIPE RIBEIRO,2024-01-02 11:25:59,100.1,0.0,-23.12768,-44.423458
FELIPE RIBEIRO,2024-01-02 11:27:58,99.8,0.0,-23.127703,-44.423415
FELIPE RIBEIRO,2024-01-02 11:59:39,94.0,0.0,-23.127938,-44.423538
FELIPE RIBEIRO,2024-01-02 12:26:20,89.8,0.0,-23.128293,-44.423476
FELIPE RIBEIRO,2024-01-02 12:29:08,89.3,0.0,-23.128325,-44.423508
FELIPE RIBEIRO,2024-01-02 12:31:20,88.6,0.0,-23.128325,-44.423465
FELIPE RIBEIRO,2024-01-02 12:32:29,88.2,0.0,-23.12836,-44.423503
FELIPE RIBEIRO,2024-01-02 12:33:00,88.3,0.0,-23.128363,-44.423501
FELIPE RIBEIRO,2024-01-02 12:33:39,88.1,0.0,-23.128383,-44.423493
FELIPE RIBEIRO,2024-01-02 12:38:10,87.6,0.0,-23.12843,-44.423458
FELIPE RIBEIRO,2024-01-02 12:41:40,87.0,0.0,-23.128401,-44.423451
FELIPE RIBEIRO,2024-01-02 13:05:39,88.5,0.0,-23.128331,-44.42347
FELIPE RIBEIRO,2024-01-02 13:07:30,89.2,0.0,-23.128301,-44.423463
FELIPE RIBEIRO,2024-01-02 13:08:50,90.4,0.0,-23.128275,-44.423473
FELIPE RIBEIRO,2024-01-02 13:09:59,91.1,0.0,-23.128235,-44.423475
FELIPE RIBEIRO,2024-01-02 13:12:19,90.6,0.0,-23.128215,-44.42344
FELIPE RIBEIRO,2024-01-02 13:15:59,91.1,0.0,-23.1282,-44.423443
FELIPE RIBEIRO,2024-01-02 13:40:49,95.5,0.0,-23.127751,-44.423448
FELIPE RIBEIRO,2024-01-02 13:43:19,97.1,0.0,-23.127706,-44.423393
FELIPE RIBEIRO,2024-01-02 13:45:51,98.6,0.0,-23.127635,-44.42333
FELIPE RIBEIRO,2024-01-02 13:49:59,102.8,0.0,-23.12752,-44.423215
FELIPE RIBEIRO,2024-01-02 14:00:50,110.0,0.0,-23.12719,-44.423046
FELIPE RIBEIRO,2024-01-02 14:17:19,114.7,0.0,-23.126773,-44.422998
FELIPE RIBEIRO,2024-01-02 14:21:30,118.1,0.0,-23.126656,-44.422926
FELIPE RIBEIRO,2024-01-02 14:34:11,123.8,0.0,-23.126551,-44.422655
FELIPE RIBEIRO,2024-01-02 14:48:29,128.1,0.0,-23.126315,-44.422628
FELIPE RIBEIRO,2024-01-02 14:52:19,131.2,0.0,-23.126266,-44.422578
FELIPE RIBEIRO,2024-01-02 15:22:40,134.4,0.0,-23.12619,-44.422388
FELIPE RIBEIRO,2024-01-02 15:42:00,137.5,0.0,-23.126155,-44.422328
FELIPE RIBEIRO,2024-01-02 15:47:00,138.9,0.0,-23.126158,-44.422325
FELIPE RIBEIRO,2024-01-02 16:14:20,138.8,0.0,-23.126218,-44.422231
FELIPE RIBEIRO,2024-01-02 16:33:10,140.8,0.0,-23.126128,-44.422355
FELIPE RIBEIRO,2024-01-02 16:35:19,141.0,0.0,-23.126153,-44.422316
FELIPE RIBEIRO,2024-01-02 16:37:18,140.9,0.0,-23.126188,-44.422316
FELIPE RIBEIRO,2024-01-02 16:37:58,140.9,0.0,-23.126188,-44.422323
FELIPE RIBEIRO,2024-01-02 16:38:00,140.9,0.0,-23.126188,-44.422323
FELIPE RIBEIRO,2024-01-02 16:38:47,140.8,0.0,-23.126168,-44.422311
FELIPE RIBEIRO,2024-01-02 16:39:18,140.7,0.0,-23.126173,-44.422306
FELIPE RIBEIRO,2024-01-02 16:42:37,140.2,0.0,-23.126201,-44.422316
FELIPE RIBEIRO,2024-01-02 16:44:18,139.8,0.0,-23.126213,-44.42232
FELIPE RIBEIRO,2024-01-02 17:08:19,141.7,0.0,-23.126105,-44.422241
FELIPE RIBEIRO,2024-01-02 17:15:50,142.5,0.0,-23.126046,-44.422186
FELIPE RIBEIRO,2024-01-02 17:25:59,145.0,0.0,-23.126023,-44.422078
FELIPE RIBEIRO,2024-01-02 17:28:19,146.5,0.0,-23.12604,-44.422028
FELIPE RIBEIRO,2024-01-02 17:28:21,146.5,0.0,-23.12604,-44.422028
FELIPE RIBEIRO,2024-01-02 17:29:19,147.1,0.0,-23.126008,-44.422033
FELIPE RIBEIRO,2024-01-02 17:29:39,147.3,0.0,-23.126033,-44.421986
FELIPE RIBEIRO,2024-01-02 17:29:57,147.4,0.0,-23.126021,-44.421986
FELIPE RIBEIRO,2024-01-02 17:30:08,147.4,0.0,-23.12602,-44.42198
FELIPE RIBEIRO,2024-01-02 17:31:50,148.1,0.0,-23.126023,-44.42196
FELIPE RIBEIRO,2024-01-02 17:31:58,148.1,0.0,-23.126016,-44.421953
FELIPE RIBEIRO,2024-01-02 17:33:08,148.6,0.0,-23.126033,-44.421906
FELIPE RIBEIRO,2024-01-02 17:33:39,148.8,0.0,-23.126031,-44.421896
FELIPE RIBEIRO,2024-01-02 17:34:27,149.1,0.0,-23.125993,-44.4219
FELIPE RIBEIRO,2024-01-02 17:56:20,156.2,0.0,-23.125826,-44.421773
FELIPE RIBEIRO,2024-01-02 18:03:09,157.3,0.0,-23.125853,-44.421726
FELIPE RIBEIRO,2024-01-02 18:06:10,157.5,0.0,-23.125831,-44.421733
FELIPE RIBEIRO,2024-01-02 18:12:29,159.8,0.0,-23.125793,-44.421673
FELIPE RIBEIRO,2024-01-02 18:13:29,160.1,0.0,-23.125826,-44.421601
FELIPE RIBEIRO,2024-01-02 18:13:38,160.2,0.0,-23.125825,-44.4216
FELIPE RIBEIRO,2024-01-02 18:15:49,161.0,0.0,-23.125795,-44.421616
FELIPE RIBEIRO,2024-01-02 18:16:49,161.2,0.0,-23.125803,-44.421605
FELIPE RIBEIRO,2024-01-02 18:17:29,161.5,0.0,-23.12582,-44.42158
FELIPE RIBEIRO,2024-01-02 18:17:58,161.6,0.0,-23.125841,-44.421561
FELIPE RIBEIRO,2024-01-02 18:19:57,162.2,0.0,-23.12585,-44.421555
FELIPE RIBEIRO,2024-01-02 18:19:59,162.2,0.0,-23.12585,-44.421555
FELIPE RIBEIRO,2024-01-02 18:22:39,162.8,0.0,-23.12587,-44.421538
FELIPE RIBEIRO,2024-01-02 18:26:39,163.7,0.0,-23.12588,-44.421481
FELIPE RIBEIRO,2024-01-02 18:54:50,166.7,0.0,-23.12599,-44.421443
FELIPE RIBEIRO,2024-01-02 19:13:20,169.8,0.0,-23.125876,-44.421496
FELIPE RIBEIRO,2024-01-02 19:18:10,166.6,0.0,-23.125863,-44.42158
FELIPE RIBEIRO,2024-01-02 19:47:50,149.8,0.0,-23.125973,-44.421953
FELIPE RIBEIRO,2024-01-02 20:04:39,146.2,0.0,-23.12608,-44.422165
FELIPE RIBEIRO,2024-01-02 20:06:51,145.0,0.0,-23.126085,-44.422208
FELIPE RIBEIRO,2024-01-02 20:09:51,142.8,0.0,-23.126088,-44.422305
FELIPE RIBEIRO,2024-01-02 20:31:49,129.9,0.0,-23.126445,-44.422725
FELIPE RIBEIRO,2024-01-02 20:38:39,123.4,0.0,-23.126561,-44.422808
FELIPE RIBEIRO,2024-01-02 20:41:20,121.5,0.0,-23.126591,-44.422818
FELIPE RIBEIRO,2024-01-02 20:43:39,120.8,0.0,-23.126641,-44.422786
FELIPE RIBEIRO,2024-01-02 21:08:11,119.8,0.0,-23.12669,-44.42288
FELIPE RIBEIRO,2024-01-02 21:13:10,120.6,0.0,-23.126698,-44.422971
FELIPE RIBEIRO,2024-01-02 21:16:11,118.9,0.0,-23.12675,-44.42298
FELIPE RIBEIRO,2024-01-02 21:33:50,110.2,0.0,-23.127038,-44.42309
FELIPE RIBEIRO,2024-01-02 21:37:11,106.9,0.0,-23.12709,-44.423125
FELIPE RIBEIRO,2024-01-02 21:52:10,105.8,0.0,-23.127291,-44.423206
FELIPE RIBEIRO,2024-01-02 22:18:39,99.6,0.0,-23.127446,-44.42329
FELIPE RIBEIRO,2024-01-02 22:22:41,100.3,0.0,-23.127501,-44.423283
FELIPE RIBEIRO,2024-01-02 22:26:00,100.7,0.0,-23.127488,-44.423261
FELIPE RIBEIRO,2024-01-02 22:27:39,100.0,0.0,-23.127525,-44.423271
FELIPE RIBEIRO,2024-01-02 22:29:59,98.4,0.0,-23.127546,-44.423246
FELIPE RIBEIRO,2024-01-02 22:55:50,100.8,0.0,-23.127428,-44.42339
FELIPE RIBEIRO,2024-01-02 23:02:49,104.3,0.0,-23.127445,-44.423343
FELIPE RIBEIRO,2024-01-02 23:19:29,101.8,0.0,-23.127571,-44.423316
FELIPE RIBEIRO,2024-01-02 23:21:49,100.6,0.0,-23.127628,-44.423326
FELIPE RIBEIRO,2024-01-02 23:24:09,99.1,0.0,-23.127668,-44.423328
FELIPE RIBEIRO,2024-01-02 23:34:30,95.5,0.0,-23.12777,-44.423418
FELIPE RIBEIRO,2024-01-03 00:09:19,150.8,0.7,-23.128463,-44.422201
FELIPE RIBEIRO,2024-01-03 00:13:39,147.5,1.8,-23.129631,-44.421068
FELIPE RIBEIRO,2024-01-03 00:39:59,175.5,9.9,-23.177603,-44.416773
FELIPE RIBEIRO,2024-01-03 00:48:28,175.6,10.2,-23.200833,-44.414876
FELIPE RIBEIRO,2024-01-03 00:50:49,175.6,10.1,-23.207295,-44.414363
FELIPE RIBEIRO,2024-01-03 00:51:00,175.4,10.1,-23.207761,-44.414323
FELIPE RIBEIRO,2024-01-03 00:59:39,176.0,9.9,-23.23127,-44.41256
FELIPE RIBEIRO,2024-01-03 01:04:50,176.4,9.9,-23.245156,-44.411596
FELIPE RIBEIRO,2024-01-03 01:07:41,175.5,9.8,-23.252826,-44.411095
FELIPE RIBEIRO,2024-01-03 01:19:21,180.0,9.9,-23.284018,-44.409573
FELIPE RIBEIRO,2024-01-03 01:42:21,182.5,10.2,-23.34663,-44.411806
FELIPE RIBEIRO,2024-01-03 01:47:39,182.8,10.3,-23.361303,-44.412371
FELIPE RIBEIRO,2024-01-03 01:52:10,181.4,10.2,-23.373833,-44.412868
FELIPE RIBEIRO,2024-01-03 01:54:29,182.6,10.3,-23.380301,-44.413168
FELIPE RIBEIRO,2024-01-03 02:16:19,180.7,10.3,-23.441036,-44.415025
FELIPE RIBEIRO,2024-01-03 02:50:39,178.5,10.3,-23.537016,-44.414888
FELIPE RIBEIRO,2024-01-03 02:57:49,180.9,10.3,-23.55696,-44.414975
FELIPE RIBEIRO,2024-01-03 02:58:48,180.8,10.3,-23.559716,-44.415
FELIPE RIBEIRO,2024-01-03 03:03:30,181.0,10.2,-23.572693,-44.415183
FELIPE RIBEIRO,2024-01-03 03:23:19,181.3,10.2,-23.627356,-44.416466
FELIPE RIBEIRO,2024-01-03 03:26:30,180.8,10.2,-23.636126,-44.416558
FELIPE RIBEIRO,2024-01-03 03:29:10,181.4,10.2,-23.643488,-44.416691
FELIPE RIBEIRO,2024-01-03 03:29:28,181.6,10.2,-23.64444,-44.41671
FELIPE RIBEIRO,2024-01-03 03:31:11,181.7,10.1,-23.64896,-44.416836
FELIPE RIBEIRO,2024-01-03 03:33:11,182.2,10.1,-23.654435,-44.417046
FELIPE RIBEIRO,2024-01-03 03:33:50,181.7,10.1,-23.656263,-44.417081
FELIPE RIBEIRO,2024-01-03 03:40:30,182.3,10.0,-23.674528,-44.417463
FELIPE RIBEIRO,2024-01-03 03:53:40,181.8,10.1,-23.71068,-44.418255
FELIPE RIBEIRO,2024-01-03 03:57:49,180.7,10.2,-23.72219,-44.418443
FELIPE RIBEIRO,2024-01-03 04:01:09,181.1,10.2,-23.731421,-44.418706
FELIPE RIBEIRO,2024-01-03 04:04:00,181.2,10.1,-23.739333,-44.418928
FELIPE RIBEIRO,2024-01-03 04:06:41,181.7,10.2,-23.746786,-44.419093
FELIPE RIBEIRO,2024-01-03 04:07:50,180.6,10.2,-23.750051,-44.419165
FELIPE RIBEIRO,2024-01-03 04:11:29,181.9,10.3,-23.760245,-44.419356
FELIPE RIBEIRO,2024-01-03 04:14:09,181.2,10.4,-23.76775,-44.419543
FELIPE RIBEIRO,2024-01-03 04:16:30,181.4,10.2,-23.774313,-44.419738
FELIPE RIBEIRO,2024-01-03 04:33:50,182.4,10.3,-23.823026,-44.421375
FELIPE RIBEIRO,2024-01-03 04:39:10,183.9,10.5,-23.838116,-44.42233
FELIPE RIBEIRO,2024-01-03 04:42:29,182.9,10.4,-23.84761,-44.422973
FELIPE RIBEIRO,2024-01-03 04:48:09,182.6,10.5,-23.86375,-44.424006
FELIPE RIBEIRO,2024-01-03 04:50:50,183.0,10.4,-23.871391,-44.424338
FELIPE RIBEIRO,2024-01-03 04:57:38,182.6,10.3,-23.890806,-44.42532
FELIPE RIBEIRO,2024-01-03 04:57:48,182.4,10.3,-23.891335,-44.42534
FELIPE RIBEIRO,2024-01-03 04:58:58,182.4,10.3,-23.894655,-44.425545
FELIPE RIBEIRO,2024-01-03 05:00:48,183.1,10.3,-23.899885,-44.42582
FELIPE RIBEIRO,2024-01-03 05:01:08,183.8,10.3,-23.900836,-44.42588
FELIPE RIBEIRO,2024-01-03 05:01:58,182.5,10.3,-23.903163,-44.426021
FELIPE RIBEIRO,2024-01-03 05:02:49,183.6,10.4,-23.905615,-44.426178
FELIPE RIBEIRO,2024-01-03 05:03:28,183.4,10.4,-23.907465,-44.426296
FELIPE RIBEIRO,2024-01-03 05:03:58,183.6,10.4,-23.908896,-44.426363
FELIPE RIBEIRO,2024-01-03 05:04:58,183.0,10.3,-23.911683,-44.426501
FELIPE RIBEIRO,2024-01-03 05:10:20,183.6,10.2,-23.926818,-44.427353
FELIPE RIBEIRO,2024-01-03 05:15:09,182.9,10.1,-23.940265,-44.4281
FELIPE RIBEIRO,2024-01-03 05:17:20,183.9,10.1,-23.94638,-44.42845
FELIPE RIBEIRO,2024-01-03 05:20:00,183.8,10.1,-23.953831,-44.428946
FELIPE RIBEIRO,2024-01-03 05:22:51,182.8,10.1,-23.961845,-44.429396
FELIPE RIBEIRO,2024-01-03 05:41:39,178.6,9.9,-24.014735,-44.431395
FELIPE RIBEIRO,2024-01-03 05:48:50,177.5,9.9,-24.034648,-44.430786
FELIPE RIBEIRO,2024-01-03 05:50:40,177.3,9.9,-24.039663,-44.430593
FELIPE RIBEIRO,2024-01-03 05:53:40,178.6,9.9,-24.048011,-44.430305
FELIPE RIBEIRO,2024-01-03 06:00:21,174.7,9.8,-24.066258,-44.429348
FELIPE RIBEIRO,2024-01-03 06:20:39,173.1,9.7,-24.121576,-44.426225
FELIPE RIBEIRO,2024-01-03 06:27:00,174.4,9.6,-24.13861,-44.424363
FELIPE RIBEIRO,2024-01-03 06:33:20,171.3,9.4,-24.15518,-44.422176
FELIPE RIBEIRO,2024-01-03 06:36:00,171.9,9.4,-24.162211,-44.421083
FELIPE RIBEIRO,2024-01-03 07:01:40,288.0,9.4,-24.21631,-44.44002
FELIPE RIBEIRO,2024-01-03 07:03:59,312.3,9.0,-24.213336,-44.445663
FELIPE RIBEIRO,2024-01-03 07:04:10,313.3,9.0,-24.213023,-44.44602
FELIPE RIBEIRO,2024-01-03 07:07:18,347.3,8.2,-24.20647,-44.449853
FELIPE RIBEIRO,2024-01-03 07:08:38,357.8,8.2,-24.203401,-44.450146
FELIPE RIBEIRO,2024-01-03 07:08:40,357.8,8.2,-24.203401,-44.450146
FELIPE RIBEIRO,2024-01-03 07:11:59,9.6,8.4,-24.195506,-44.449316
FELIPE RIBEIRO,2024-01-03 07:12:59,8.5,8.6,-24.19314,-44.44889
FELIPE RIBEIRO,2024-01-03 07:13:20,8.3,8.6,-24.192313,-44.448758
FELIPE RIBEIRO,2024-01-03 07:35:10,7.4,9.6,-24.135391,-44.441281
FELIPE RIBEIRO,2024-01-03 07:41:39,6.1,9.5,-24.118261,-44.438951
FELIPE RIBEIRO,2024-01-03 07:45:10,7.5,9.5,-24.108958,-44.437708
FELIPE RIBEIRO,2024-01-03 08:10:19,6.5,9.3,-24.04325,-44.429088
FELIPE RIBEIRO,2024-01-03 08:20:21,6.5,9.2,-24.017615,-44.42561
FELIPE RIBEIRO,2024-01-03 08:31:29,1.8,9.1,-23.989396,-44.423481
FELIPE RIBEIRO,2024-01-03 08:33:49,2.3,9.2,-23.98344,-44.423228
FELIPE RIBEIRO,2024-01-03 08:35:59,2.6,9.2,-23.97788,-44.423018
FELIPE RIBEIRO,2024-01-03 08:41:39,355.8,9.4,-23.963328,-44.423333
FELIPE RIBEIRO,2024-01-03 09:17:10,0.2,9.3,-23.871873,-44.424378
FELIPE RIBEIRO,2024-01-03 09:20:00,0.3,9.4,-23.864625,-44.424326
FELIPE RIBEIRO,2024-01-03 09:23:00,1.6,9.3,-23.856903,-44.424165
FELIPE RIBEIRO,2024-01-03 09:25:10,2.7,9.3,-23.851458,-44.424
FELIPE RIBEIRO,2024-01-03 09:30:40,7.9,9.3,-23.837603,-44.422201
FELIPE RIBEIRO,2024-01-03 09:32:49,7.2,9.3,-23.832228,-44.42144
FELIPE RIBEIRO,2024-01-03 09:36:40,8.1,9.2,-23.822633,-44.420038
FELIPE RIBEIRO,2024-01-03 09:50:40,3.2,9.1,-23.78814,-44.414788
FELIPE RIBEIRO,2024-01-03 10:13:39,357.2,9.3,-23.72991,-44.415565
FELIPE RIBEIRO,2024-01-03 10:23:10,358.0,9.4,-23.705815,-44.416433
FELIPE RIBEIRO,2024-01-03 10:33:30,359.4,9.2,-23.679793,-44.417
FELIPE RIBEIRO,2024-01-03 10:49:50,1.2,9.2,-23.638808,-44.416481
FELIPE RIBEIRO,2024-01-03 10:50:28,2.1,9.2,-23.637223,-44.416443
FELIPE RIBEIRO,2024-01-03 10:51:28,1.7,9.3,-23.634648,-44.416323
FELIPE RIBEIRO,2024-01-03 11:23:18,1.4,9.6,-23.552958,-44.413726
FELIPE RIBEIRO,2024-01-03 11:32:19,1.3,9.6,-23.529501,-44.413111
FELIPE RIBEIRO,2024-01-03 11:37:09,358.5,9.6,-23.516963,-44.413071
FELIPE RIBEIRO,2024-01-03 11:39:49,359.1,9.6,-23.509973,-44.4133
FELIPE RIBEIRO,2024-01-03 12:01:19,0.5,10.0,-23.452828,-44.41471
FELIPE RIBEIRO,2024-01-03 12:06:19,1.5,10.1,-23.439256,-44.414625
FELIPE RIBEIRO,2024-01-03 12:08:40,0.6,10.2,-23.432751,-44.414448
FELIPE RIBEIRO,2024-01-03 12:16:29,1.5,10.0,-23.41144,-44.413803
FELIPE RIBEIRO,2024-01-03 12:22:38,1.6,10.0,-23.394753,-44.413203
FELIPE RIBEIRO,2024-01-03 12:23:00,2.0,10.0,-23.393768,-44.413153
FELIPE RIBEIRO,2024-01-03 12:23:40,2.3,10.0,-23.392018,-44.413088
FELIPE RIBEIRO,2024-01-03 12:27:00,1.3,10.0,-23.382953,-44.412785
FELIPE RIBEIRO,2024-01-03 12:48:18,359.6,10.1,-23.325411,-44.411385
FELIPE RIBEIRO,2024-01-03 12:50:19,1.1,10.1,-23.319965,-44.411355
FELIPE RIBEIRO,2024-01-03 12:54:38,0.9,10.0,-23.30828,-44.41126
FELIPE RIBEIRO,2024-01-03 12:56:59,0.8,10.0,-23.301928,-44.411191
FELIPE RIBEIRO,2024-01-03 13:15:58,353.0,9.9,-23.250646,-44.411516
FELIPE RIBEIRO,2024-01-03 13:20:29,353.0,10.0,-23.238566,-44.413138
FELIPE RIBEIRO,2024-01-03 13:26:02,349.2,9.9,-23.223823,-44.416045
FELIPE RIBEIRO,2024-01-03 13:33:40,350.2,10.0,-23.20345,-44.420161
FELIPE RIBEIRO,2024-01-03 13:58:18,349.2,5.7,-23.15139,-44.430153
FELIPE RIBEIRO,2024-01-03 14:23:00,99.1,2.1,-23.126755,-44.422291
FELIPE RIBEIRO,2024-01-03 14:27:00,188.7,0.4,-23.127026,-44.420995
FELIPE RIBEIRO,2024-01-03 14:30:10,244.7,0.1,-23.1269,-44.420793
FELIPE RIBEIRO,2024-01-03 17:28:39,159.2,0.0,-23.125156,-44.421138
FELIPE RIBEIRO,2024-01-03 19:04:39,167.6,0.0,-23.125148,-44.420851
FELIPE RIBEIRO,2024-01-04 00:07:38,165.2,0.0,-23.125173,-44.42088
FELIPE RIBEIRO,2024-01-04 01:07:38,155.5,0.0,-23.125263,-44.421155
FELIPE RIBEIRO,2024-01-04 04:19:39,101.4,0.0,-23.126636,-44.422505
FELIPE RIBEIRO,2024-01-04 05:01:39,92.8,0.0,-23.126963,-44.422521
FELIPE RIBEIRO,2024-01-04 06:13:38,134.5,0.0,-23.125605,-44.421751
FELIPE RIBEIRO,2024-01-04 07:16:39,204.3,0.0,-23.125276,-44.419216
FELIPE RIBEIRO,2024-01-04 07:40:38,200.9,0.0,-23.125271,-44.41932
FELIPE RIBEIRO,2024-01-04 07:40:39,200.9,0.0,-23.125271,-44.41932
FELIPE RIBEIRO,2024-01-04 17:13:36,180.7,0.0,-23.12509,-44.420253
FELIPE RIBEIRO,2024-01-04 18:43:39,177.2,0.0,-23.125083,-44.420263
FELIPE RIBEIRO,2024-01-04 18:55:38,177.9,0.0,-23.125036,-44.420191
FELIPE RIBEIRO,2024-01-04 22:13:38,205.7,0.0,-23.12535,-44.419006
FELIPE RIBEIRO,2024-01-05 04:22:38,202.8,0.0,-23.12525,-44.419326
FELIPE RIBEIRO,2024-01-05 04:37:39,198.6,0.0,-23.125173,-44.419345
FELIPE RIBEIRO,2024-01-05 05:31:38,203.3,0.0,-23.125208,-44.419313
FELIPE RIBEIRO,2024-01-05 06:52:39,192.2,0.0,-23.125153,-44.41968
FELIPE RIBEIRO,2024-01-05 09:40:38,203.8,0.0,-23.125185,-44.419193
FELIPE RIBEIRO,2024-01-05 09:43:38,204.7,0.0,-23.12522,-44.419206
FELIPE RIBEIRO,2024-01-05 14:19:38,182.7,0.0,-23.12509,-44.419975
FELIPE RIBEIRO,2024-01-05 15:07:39,190.1,0.0,-23.125,-44.419813
FELIPE RIBEIRO,2024-01-05 15:19:39,184.0,0.0,-23.125071,-44.419965
FELIPE RIBEIRO,2024-01-05 17:31:36,199.5,0.0,-23.125173,-44.419403
FELIPE RIBEIRO,2024-01-05 19:31:38,183.3,0.0,-23.125045,-44.419995
FELIPE RIBEIRO,2024-01-05 22:55:39,184.8,0.0,-23.12511,-44.420031
FELIPE RIBEIRO,2024-01-05 23:46:38,181.8,0.0,-23.12509,-44.420131
FELIPE RIBEIRO,2024-01-06 00:01:38,184.9,0.0,-23.125133,-44.42012
FELIPE RIBEIRO,2024-01-06 04:43:39,181.8,0.0,-23.125038,-44.420206
FELIPE RIBEIRO,2024-01-06 05:16:39,190.0,0.0,-23.125085,-44.41992
FELIPE RIBEIRO,2024-01-06 05:22:39,191.1,0.0,-23.1251,-44.419871
FELIPE RIBEIRO,2024-01-06 06:52:39,182.4,0.0,-23.125083,-44.420276
FELIPE RIBEIRO,2024-01-06 08:19:39,180.3,0.0,-23.1252,-44.420185
FELIPE RIBEIRO,2024-01-06 09:13:39,193.1,0.0,-23.125116,-44.419891
FELIPE RIBEIRO,2024-01-06 09:19:38,189.0,0.0,-23.125076,-44.419953
FELIPE RIBEIRO,2024-01-06 15:22:38,189.3,0.0,-23.125236,-44.419988
FELIPE RIBEIRO,2024-01-06 17:46:36,178.3,0.0,-23.125078,-44.420261
FELIPE RIBEIRO,2024-01-06 21:10:38,170.8,0.0,-23.125125,-44.420488
FELIPE RIBEIRO,2024-01-06 22:01:39,179.3,0.0,-23.125121,-44.42023
FELIPE RIBEIRO,2024-01-06 22:04:39,179.7,0.0,-23.125145,-44.420208
FELIPE RIBEIRO,2024-01-07 01:55:39,183.6,0.0,-23.125175,-44.420273
FELIPE RIBEIRO,2024-01-07 04:34:38,169.5,0.0,-23.125178,-44.420738
FELIPE RIBEIRO,2024-01-07 04:37:38,167.5,0.0,-23.125168,-44.420815
FELIPE RIBEIRO,2024-01-07 04:52:39,158.5,0.0,-23.125236,-44.421131
FELIPE RIBEIRO,2024-01-07 06:31:39,185.0,0.0,-23.12512,-44.420098
FELIPE RIBEIRO,2024-01-07 07:43:39,184.3,0.0,-23.125146,-44.420135
FELIPE RIBEIRO,2024-01-07 08:19:38,184.5,0.0,-23.125321,-44.420066
FELIPE RIBEIRO,2024-01-07 10:34:38,201.1,0.0,-23.125266,-44.419375
FELIPE RIBEIRO,2024-01-07 12:28:38,208.8,0.0,-23.125336,-44.419068
FELIPE RIBEIRO,2024-01-07 15:10:39,193.1,0.0,-23.125106,-44.419586
FELIPE RIBEIRO,2024-01-07 16:04:39,184.5,0.0,-23.125508,-44.419915
FELIPE RIBEIRO,2024-01-07 16:55:36,182.6,0.0,-23.125215,-44.420086
FELIPE RIBEIRO,2024-01-07 16:58:36,181.7,0.0,-23.12521,-44.4201
FELIPE RIBEIRO,2024-01-07 21:07:39,123.3,0.0,-23.126051,-44.422186
FELIPE RIBEIRO,2024-01-07 21:58:38,124.1,0.0,-23.126048,-44.42225
FELIPE RIBEIRO,2024-01-07 23:58:38,139.5,0.0,-23.125605,-44.421666
FELIPE RIBEIRO,2024-01-08 01:01:38,106.8,0.0,-23.12665,-44.422605
FELIPE RIBEIRO,2024-01-08 04:52:37,56.4,0.0,-23.128868,-44.422316
FELIPE RIBEIRO,2024-01-08 05:31:39,62.0,0.0,-23.128738,-44.422263
FELIPE RIBEIRO,2024-01-08 07:07:39,55.7,0.0,-23.128986,-44.422138
FELIPE RIBEIRO,2024-01-08 09:37:39,61.5,0.0,-23.128693,-44.42214
FELIPE RIBEIRO,2024-01-08 09:40:39,62.7,0.0,-23.128706,-44.422171
FELIPE RIBEIRO,2024-01-08 18:19:39,149.8,0.0,-23.125328,-44.421306
FELIPE RIBEIRO,2024-01-08 18:22:37,149.7,0.0,-23.12534,-44.421335
FELIPE RIBEIRO,2024-01-08 19:10:38,137.0,0.0,-23.125631,-44.421798
FELIPE RIBEIRO,2024-01-08 22:43:39,96.6,0.0,-23.12689,-44.422275
FELIPE RIBEIRO,2024-01-08 23:31:39,103.0,0.0,-23.126708,-44.422388
FELIPE RIBEIRO,2024-01-09 04:07:39,197.7,0.0,-23.12545,-44.419528
FELIPE RIBEIRO,2024-01-09 07:01:38,238.2,0.0,-23.126166,-44.418351
FELIPE RIBEIRO,2024-01-09 09:16:39,233.8,0.0,-23.126101,-44.418371
FELIPE RIBEIRO,2024-01-09 10:19:39,208.6,0.0,-23.12534,-44.419148
FELIPE RIBEIRO,2024-01-09 13:16:39,174.3,0.0,-23.125115,-44.420281
FELIPE RIBEIRO,2024-01-09 14:43:38,184.3,0.0,-23.125116,-44.420161
FELIPE RIBEIRO,2024-01-09 15:49:39,147.5,0.0,-23.12529,-44.421533
FELIPE RIBEIRO,2024-01-09 17:19:39,155.7,0.0,-23.125266,-44.421346
FELIPE RIBEIRO,2024-01-09 18:25:38,130.6,0.0,-23.125646,-44.421951
FELIPE RIBEIRO,2024-01-09 19:37:39,138.6,0.0,-23.125718,-44.421818
FELIPE RIBEIRO,2024-01-09 20:07:38,131.6,0.0,-23.12606,-44.422078
FELIPE RIBEIRO,2024-01-09 21:46:39,107.8,0.0,-23.126595,-44.422565
FELIPE RIBEIRO,2024-01-10 01:28:39,201.0,0.0,-23.125386,-44.419323
FELIPE RIBEIRO,2024-01-10 14:52:39,187.2,0.0,-23.125058,-44.419913
FELIPE RIBEIRO,2024-01-10 15:37:38,177.7,0.0,-23.125105,-44.42008
FELIPE RIBEIRO,2024-01-10 17:31:38,161.4,0.0,-23.12518,-44.420976
FELIPE RIBEIRO,2024-01-10 17:58:39,149.0,0.0,-23.125365,-44.421456
FELIPE RIBEIRO,2024-01-10 22:31:39,14.2,0.0,-23.129453,-44.421033
FELIPE RIBEIRO,2024-01-10 23:19:38,16.9,0.0,-23.12934,-44.421026
FELIPE RIBEIRO,2024-01-11 01:28:38,338.6,0.0,-23.129235,-44.419293
FELIPE RIBEIRO,2024-01-11 03:55:39,268.4,0.0,-23.127546,-44.41779
FELIPE RIBEIRO,2024-01-11 07:10:39,248.2,0.0,-23.126866,-44.418085
FELIPE RIBEIRO,2024-01-11 07:19:39,249.5,0.0,-23.126965,-44.418161
FELIPE RIBEIRO,2024-01-11 07:43:39,273.5,0.0,-23.127663,-44.418128
FELIPE RIBEIRO,2024-01-11 10:13:39,321.5,0.0,-23.129058,-44.418748
FELIPE RIBEIRO,2024-01-11 13:31:38,245.3,0.0,-23.126358,-44.41806
FELIPE RIBEIRO,2024-01-11 14:43:39,191.1,0.0,-23.125131,-44.419681
FELIPE RIBEIRO,2024-01-11 18:13:39,149.0,0.0,-23.125298,-44.421261
FELIPE RIBEIRO,2024-01-11 20:37:38,51.4,0.0,-23.12882,-44.422203
FELIPE RIBEIRO,2024-01-11 21:31:39,17.8,0.0,-23.129481,-44.421236
FELIPE RIBEIRO,2024-01-12 00:56:26,339.4,0.0,-23.129605,-44.419885
FELIPE RIBEIRO,2024-01-12 01:43:39,330.3,0.0,-23.129313,-44.419341
FELIPE RIBEIRO,2024-01-12 04:07:39,249.7,0.0,-23.126898,-44.417966
FELIPE RIBEIRO,2024-01-12 05:07:38,262.1,0.0,-23.127438,-44.417885
FELIPE RIBEIRO,2024-01-12 07:25:38,318.0,0.0,-23.12928,-44.418723
FELIPE RIBEIRO,2024-01-12 08:01:39,339.9,0.0,-23.129526,-44.419415
FELIPE RIBEIRO,2024-01-12 09:43:39,288.0,0.0,-23.128203,-44.418193
FELIPE RIBEIRO,2024-01-12 10:22:39,305.1,0.0,-23.128711,-44.418385
FELIPE RIBEIRO,2024-01-12 10:49:38,310.7,0.0,-23.128633,-44.418606
FELIPE RIBEIRO,2024-01-12 15:28:39,182.8,0.0,-23.12499,-44.420135
FELIPE RIBEIRO,2024-01-12 18:19:39,180.7,0.0,-23.125135,-44.420311
FELIPE RIBEIRO,2024-01-12 18:46:39,177.1,0.0,-23.125093,-44.42033
FELIPE RIBEIRO,2024-01-12 19:37:39,176.9,0.0,-23.125046,-44.420391
FELIPE RIBEIRO,2024-01-12 23:34:38,256.6,0.0,-23.12715,-44.417823
FELIPE RIBEIRO,2024-01-13 01:22:39,265.1,0.0,-23.127188,-44.41785
FELIPE RIBEIRO,2024-01-13 03:34:38,211.6,0.0,-23.125488,-44.418903
FELIPE RIBEIRO,2024-01-13 04:37:38,214.9,0.0,-23.125501,-44.419076
FELIPE RIBEIRO,2024-01-13 04:40:38,216.8,0.0,-23.12555,-44.419071
FELIPE RIBEIRO,2024-01-13 04:43:38,218.5,0.0,-23.125666,-44.419101
FELIPE RIBEIRO,2024-01-13 05:40:39,221.5,0.0,-23.125725,-44.418963
FELIPE RIBEIRO,2024-01-13 05:55:38,229.4,0.0,-23.125855,-44.418851
FELIPE RIBEIRO,2024-01-13 11:43:38,197.8,0.0,-23.125255,-44.419651
FELIPE RIBEIRO,2024-01-13 11:43:39,197.8,0.0,-23.125255,-44.419651
FELIPE RIBEIRO,2024-01-13 15:10:39,213.8,0.0,-23.125491,-44.41872
FELIPE RIBEIRO,2024-01-13 15:19:39,211.9,0.0,-23.12536,-44.418823
FELIPE RIBEIRO,2024-01-13 16:01:38,190.3,0.0,-23.125048,-44.419608
FELIPE RIBEIRO,2024-01-13 16:49:39,177.1,0.0,-23.124941,-44.420416
FELIPE RIBEIRO,2024-01-13 20:25:39,148.2,0.0,-23.125245,-44.4217
FELIPE RIBEIRO,2024-01-14 00:16:39,158.5,0.0,-23.125175,-44.42144
FELIPE RIBEIRO,2024-01-14 02:49:38,166.7,0.0,-23.125086,-44.421125
FELIPE RIBEIRO,2024-01-14 04:58:37,168.8,0.0,-23.125068,-44.420926
FELIPE RIBEIRO,2024-01-14 08:28:39,263.5,0.1,-23.125311,-44.42122
FELIPE RIBEIRO,2024-01-14 09:28:39,162.5,0.0,-23.12565,-44.42167
FELIPE RIBEIRO,2024-01-14 15:22:39,162.1,0.0,-23.125113,-44.42133
FELIPE RIBEIRO,2024-01-14 17:19:37,153.9,0.0,-23.125226,-44.421631
FELIPE RIBEIRO,2024-01-14 17:22:37,154.6,0.0,-23.12524,-44.421615
FELIPE RIBEIRO,2024-01-14 17:25:37,155.2,0.0,-23.125216,-44.421636
FELIPE RIBEIRO,2024-01-14 21:31:39,132.2,0.0,-23.125806,-44.422403
FELIPE RIBEIRO,2024-01-14 22:16:39,127.0,0.0,-23.125831,-44.422431
FELIPE RIBEIRO,2024-01-14 22:37:38,126.7,0.0,-23.125836,-44.422305
FELIPE RIBEIRO,2024-01-15 02:25:39,184.0,0.0,-23.124983,-44.420298
FELIPE RIBEIRO,2024-01-15 05:13:37,198.3,0.0,-23.125053,-44.419655
FELIPE RIBEIRO,2024-01-15 09:07:38,129.0,0.0,-23.125778,-44.422335
FELIPE RIBEIRO,2024-01-15 10:52:39,110.7,0.0,-23.126241,-44.422656
FELIPE RIBEIRO,2024-01-15 18:21:05,177.1,0.0,-23.125003,-44.420485
FELIPE RIBEIRO,2024-01-15 21:42:04,131.8,0.0,-23.125748,-44.422118
FELIPE RIBEIRO,2024-01-15 23:36:05,105.3,0.0,-23.126723,-44.422863
FELIPE RIBEIRO,2024-01-16 00:48:05,90.3,0.0,-23.127503,-44.422736
FELIPE RIBEIRO,2024-01-16 07:03:05,136.0,0.0,-23.12579,-44.421585
FELIPE RIBEIRO,2024-01-16 11:39:04,65.6,0.0,-23.12855,-44.422295
FELIPE RIBEIRO,2024-01-16 14:58:58,65.4,7.9,-23.12097,-44.365125
FELIPE RIBEIRO,2024-01-16 15:02:59,66.6,7.4,-23.117796,-44.357225
FELIPE RIBEIRO,2024-01-16 15:07:09,66.2,8.7,-23.113968,-44.347746
FELIPE RIBEIRO,2024-01-16 15:36:08,77.0,7.8,-23.085803,-44.276273
FELIPE RIBEIRO,2024-01-16 15:38:18,78.2,7.1,-23.084963,-44.271713
FELIPE RIBEIRO,2024-01-16 15:41:08,79.5,6.5,-23.083918,-44.266303
FELIPE RIBEIRO,2024-01-16 16:14:38,49.4,1.1,-23.063701,-44.230165
FELIPE RIBEIRO,2024-01-16 16:36:57,102.3,0.0,-23.062083,-44.229408
FELIPE RIBEIRO,2024-01-17 07:43:50,249.7,8.7,-23.085006,-44.272555
FELIPE RIBEIRO,2024-01-17 07:47:08,248.8,8.7,-23.087833,-44.280451
FELIPE RIBEIRO,2024-01-17 09:25:29,178.9,0.5,-23.15592,-44.395106
FELIPE RIBEIRO,2024-01-17 09:29:59,177.5,0.4,-23.156478,-44.394996
FELIPE RIBEIRO,2024-01-17 09:32:08,176.7,0.4,-23.156708,-44.394941
FELIPE RIBEIRO,2024-01-17 09:46:29,171.6,0.2,-23.157998,-44.394723
FELIPE RIBEIRO,2024-01-17 10:11:08,338.0,4.4,-23.164213,-44.404458
FELIPE RIBEIRO,2024-01-17 11:09:08,66.4,9.5,-23.091975,-44.292441
FELIPE RIBEIRO,2024-01-17 11:12:28,66.8,9.4,-23.088623,-44.283975
FELIPE RIBEIRO,2024-01-17 11:36:38,54.3,4.3,-23.070815,-44.242386
FELIPE RIBEIRO,2024-01-17 11:36:49,54.7,4.3,-23.070681,-44.242205
FELIPE RIBEIRO,2024-01-17 11:40:37,55.2,4.1,-23.06817,-44.238365
FELIPE RIBEIRO,2024-01-17 12:23:18,101.3,0.0,-23.0615,-44.22946
FELIPE RIBEIRO,2024-01-18 11:07:00,211.6,1.0,-23.062145,-44.229865
FELIPE RIBEIRO,2024-01-18 11:09:10,162.4,2.0,-23.062576,-44.229886
FELIPE RIBEIRO,2024-01-18 11:26:40,238.3,9.4,-23.077,-44.250035
FELIPE RIBEIRO,2024-01-18 11:37:08,247.3,9.7,-23.086488,-44.277445
FELIPE RIBEIRO,2024-01-18 12:17:29,239.1,9.8,-23.13123,-44.386155
FELIPE RIBEIRO,2024-01-18 12:49:29,174.4,9.6,-23.20484,-44.406028
FELIPE RIBEIRO,2024-01-18 13:10:10,178.0,9.7,-23.25963,-44.403495
FELIPE RIBEIRO,2024-01-18 13:39:39,178.5,9.7,-23.336863,-44.399798
FELIPE RIBEIRO,2024-01-18 13:59:19,180.9,9.3,-23.387938,-44.396283
FELIPE RIBEIRO,2024-01-18 14:10:38,191.3,9.5,-23.416928,-44.39916
FELIPE RIBEIRO,2024-01-18 14:15:20,192.8,9.7,-23.428931,-44.402093
FELIPE RIBEIRO,2024-01-18 14:49:49,179.3,9.9,-23.518658,-44.415561
FELIPE RIBEIRO,2024-01-18 14:55:00,179.3,10.0,-23.532681,-44.41543
FELIPE RIBEIRO,2024-01-18 15:21:39,181.0,10.1,-23.605321,-44.415405
FELIPE RIBEIRO,2024-01-18 15:26:10,180.0,10.1,-23.617626,-44.415451
FELIPE RIBEIRO,2024-01-18 15:28:49,180.3,10.0,-23.624826,-44.415486
FELIPE RIBEIRO,2024-01-18 15:29:59,180.0,9.9,-23.628125,-44.415445
FELIPE RIBEIRO,2024-01-18 15:32:38,181.3,9.9,-23.635301,-44.415566
FELIPE RIBEIRO,2024-01-18 15:56:19,180.7,9.8,-23.699136,-44.415858
FELIPE RIBEIRO,2024-01-18 16:04:39,180.7,9.8,-23.721601,-44.416036
FELIPE RIBEIRO,2024-01-18 16:14:58,179.8,9.8,-23.749348,-44.41608
FELIPE RIBEIRO,2024-01-18 16:18:28,180.3,9.7,-23.758733,-44.41603
FELIPE RIBEIRO,2024-01-18 16:18:30,180.3,9.7,-23.758733,-44.41603
FELIPE RIBEIRO,2024-01-18 16:19:28,180.0,9.8,-23.761421,-44.416033
FELIPE RIBEIRO,2024-01-18 16:21:47,180.1,9.7,-23.767541,-44.416033
FELIPE RIBEIRO,2024-01-18 16:23:38,179.6,9.6,-23.772388,-44.416061
FELIPE RIBEIRO,2024-01-18 16:24:57,179.9,9.6,-23.775935,-44.416126
FELIPE RIBEIRO,2024-01-18 16:25:28,179.9,9.6,-23.777248,-44.416123
FELIPE RIBEIRO,2024-01-18 16:25:57,180.0,9.6,-23.77853,-44.416101
FELIPE RIBEIRO,2024-01-18 16:41:00,180.4,9.6,-23.817991,-44.416231
FELIPE RIBEIRO,2024-01-18 17:01:19,180.0,9.5,-23.871423,-44.41538
FELIPE RIBEIRO,2024-01-18 17:13:38,282.0,8.6,-23.890455,-44.428383
FELIPE RIBEIRO,2024-01-18 17:17:28,245.7,8.9,-23.891123,-44.438843
FELIPE RIBEIRO,2024-01-18 17:43:29,171.8,9.4,-23.95127,-44.437675
FELIPE RIBEIRO,2024-01-18 17:54:29,174.3,9.5,-23.980198,-44.434191
FELIPE RIBEIRO,2024-01-18 17:59:37,174.2,9.7,-23.993806,-44.432803
FELIPE RIBEIRO,2024-01-18 18:00:40,174.6,9.7,-23.996571,-44.432516
FELIPE RIBEIRO,2024-01-18 18:01:18,175.2,9.6,-23.998305,-44.432335
FELIPE RIBEIRO,2024-01-18 18:03:20,174.4,9.6,-24.003716,-44.431715
FELIPE RIBEIRO,2024-01-18 18:17:41,173.4,9.6,-24.042105,-44.427458
FELIPE RIBEIRO,2024-01-18 18:55:38,353.7,10.2,-24.03672,-44.407786
FELIPE RIBEIRO,2024-01-18 18:59:19,355.4,10.3,-24.02626,-44.408676
FELIPE RIBEIRO,2024-01-18 19:02:08,354.3,10.2,-24.018238,-44.409363
FELIPE RIBEIRO,2024-01-18 19:04:58,355.5,10.3,-24.010178,-44.409981
FELIPE RIBEIRO,2024-01-18 19:20:20,354.4,10.3,-23.966641,-44.413703
FELIPE RIBEIRO,2024-01-18 19:28:19,353.6,10.4,-23.943961,-44.415986
FELIPE RIBEIRO,2024-01-18 19:52:38,357.9,10.2,-23.875053,-44.422725
FELIPE RIBEIRO,2024-01-18 20:31:59,3.3,10.3,-23.76362,-44.421756
FELIPE RIBEIRO,2024-01-18 20:34:48,3.3,10.3,-23.755615,-44.421191
FELIPE RIBEIRO,2024-01-18 20:41:19,5.1,10.2,-23.737381,-44.419995
FELIPE RIBEIRO,2024-01-18 20:59:30,2.5,10.1,-23.686755,-44.418398
FELIPE RIBEIRO,2024-01-18 21:02:18,2.1,10.1,-23.678978,-44.418155
FELIPE RIBEIRO,2024-01-18 21:04:49,1.9,9.9,-23.672151,-44.417945
FELIPE RIBEIRO,2024-01-18 21:10:47,1.8,9.6,-23.656258,-44.417518
FELIPE RIBEIRO,2024-01-18 21:15:20,2.1,9.4,-23.644436,-44.41702
FELIPE RIBEIRO,2024-01-18 21:19:39,2.2,9.4,-23.6333,-44.416651
FELIPE RIBEIRO,2024-01-18 21:31:40,2.8,9.5,-23.60227,-44.415513
FELIPE RIBEIRO,2024-01-18 21:33:49,1.1,9.5,-23.596726,-44.415313
FELIPE RIBEIRO,2024-01-18 21:40:39,2.1,9.5,-23.578936,-44.414626
FELIPE RIBEIRO,2024-01-18 21:43:19,1.1,9.5,-23.572151,-44.41444
FELIPE RIBEIRO,2024-01-18 21:55:10,359.8,9.6,-23.541406,-44.413498
FELIPE RIBEIRO,2024-01-18 22:05:59,1.0,9.5,-23.513378,-44.413055
FELIPE RIBEIRO,2024-01-18 22:11:00,1.4,9.5,-23.500453,-44.412793
FELIPE RIBEIRO,2024-01-18 22:28:39,2.2,10.1,-23.453548,-44.41109
FELIPE RIBEIRO,2024-01-18 22:46:29,1.1,10.0,-23.404791,-44.40953
FELIPE RIBEIRO,2024-01-18 22:50:08,2.2,10.0,-23.394901,-44.409116
FELIPE RIBEIRO,2024-01-18 23:05:38,0.7,10.1,-23.352796,-44.407843
FELIPE RIBEIRO,2024-01-18 23:34:20,0.1,9.6,-23.27664,-44.406636
FELIPE RIBEIRO,2024-01-18 23:36:50,358.1,9.6,-23.270108,-44.406611
FELIPE RIBEIRO,2024-01-18 23:41:30,356.2,9.7,-23.25795,-44.407593
FELIPE RIBEIRO,2024-01-19 00:01:00,345.1,9.7,-23.20761,-44.418721
FELIPE RIBEIRO,2024-01-19 00:06:30,347.2,9.1,-23.193978,-44.422603
FELIPE RIBEIRO,2024-01-19 00:09:09,347.7,7.8,-23.188378,-44.423956
FELIPE RIBEIRO,2024-01-19 00:11:40,347.3,6.9,-23.183531,-44.425148
FELIPE RIBEIRO,2024-01-19 00:16:10,344.9,6.1,-23.175921,-44.427113
FELIPE RIBEIRO,2024-01-19 00:18:28,349.0,5.7,-23.172413,-44.427846
FELIPE RIBEIRO,2024-01-19 00:19:50,347.3,5.5,-23.170421,-44.428253
FELIPE RIBEIRO,2024-01-19 00:40:48,356.6,3.0,-23.14464,-44.4322
FELIPE RIBEIRO,2024-01-19 00:42:49,357.6,2.7,-23.14305,-44.432256
FELIPE RIBEIRO,2024-01-19 00:46:39,11.4,2.2,-23.140556,-44.43204
FELIPE RIBEIRO,2024-01-19 00:52:58,25.1,1.5,-23.137453,-44.431206
FELIPE RIBEIRO,2024-01-19 00:53:30,28.5,1.4,-23.137245,-44.431085
FELIPE RIBEIRO,2024-01-19 00:55:48,37.5,2.0,-23.136266,-44.43038
FELIPE RIBEIRO,2024-01-19 00:56:38,37.2,2.2,-23.135806,-44.429973
FELIPE RIBEIRO,2024-01-19 00:56:59,34.0,2.3,-23.135646,-44.429818
FELIPE RIBEIRO,2024-01-19 00:57:38,46.8,2.4,-23.135373,-44.429501
FELIPE RIBEIRO,2024-01-19 01:17:21,64.0,2.2,-23.129718,-44.418821
FELIPE RIBEIRO,2024-01-19 01:23:28,95.2,0.1,-23.128735,-44.417016
FELIPE RIBEIRO,2024-01-19 01:37:09,296.6,0.3,-23.127973,-44.417921
FELIPE RIBEIRO,2024-01-19 01:39:20,304.8,0.2,-23.127823,-44.4181
FELIPE RIBEIRO,2024-01-19 03:24:46,192.7,0.0,-23.126088,-44.415193
FELIPE RIBEIRO,2024-01-19 04:18:46,226.6,0.0,-23.126556,-44.414136
FELIPE RIBEIRO,2024-01-19 05:15:45,257.4,0.0,-23.127568,-44.41356
FELIPE RIBEIRO,2024-01-19 11:03:47,137.0,0.1,-23.130178,-44.417911
FELIPE RIBEIRO,2024-01-19 16:12:46,152.5,0.0,-23.126248,-44.416953
FELIPE RIBEIRO,2024-01-19 22:36:46,181.8,0.0,-23.126001,-44.415868
FELIPE RIBEIRO,2024-01-19 22:39:46,182.7,0.0,-23.126005,-44.415901
FELIPE RIBEIRO,2024-01-19 23:06:46,176.2,0.0,-23.12605,-44.416038
FELIPE RIBEIRO,2024-01-20 00:12:45,161.4,0.0,-23.125993,-44.416576
FELIPE RIBEIRO,2024-01-20 02:27:45,141.9,0.0,-23.126375,-44.417108
FELIPE RIBEIRO,2024-01-20 04:15:46,223.4,0.0,-23.126453,-44.414485
FELIPE RIBEIRO,2024-01-20 06:00:45,238.2,0.0,-23.12679,-44.414241
FELIPE RIBEIRO,2024-01-20 07:09:46,211.5,0.0,-23.126035,-44.414766
FELIPE RIBEIRO,2024-01-20 07:24:45,197.2,0.0,-23.125855,-44.415358
FELIPE RIBEIRO,2024-01-20 08:09:45,129.5,0.0,-23.126286,-44.417375
FELIPE RIBEIRO,2024-01-20 14:00:46,154.5,0.0,-23.125825,-44.416653
FELIPE RIBEIRO,2024-01-20 14:03:46,155.2,0.0,-23.125825,-44.416646
FELIPE RIBEIRO,2024-01-20 14:39:46,165.5,0.1,-23.125743,-44.416291
FELIPE RIBEIRO,2024-01-20 15:18:46,162.5,0.1,-23.125908,-44.416255
FELIPE RIBEIRO,2024-01-20 16:54:43,196.1,0.0,-23.12571,-44.415203
FELIPE RIBEIRO,2024-01-20 17:51:46,174.7,0.0,-23.125738,-44.415995
FELIPE RIBEIRO,2024-01-20 17:54:46,172.9,0.0,-23.125741,-44.416026
FELIPE RIBEIRO,2024-01-20 18:48:46,146.6,0.0,-23.126005,-44.416885
FELIPE RIBEIRO,2024-01-20 19:18:46,140.5,0.0,-23.126146,-44.416985
FELIPE RIBEIRO,2024-01-20 20:15:46,115.7,0.0,-23.126755,-44.417613
FELIPE RIBEIRO,2024-01-21 05:15:45,86.3,0.0,-23.128346,-44.417771
FELIPE RIBEIRO,2024-01-21 11:57:46,221.1,0.0,-23.12644,-44.414001
FELIPE RIBEIRO,2024-01-21 12:33:46,213.1,0.0,-23.126355,-44.414386
FELIPE RIBEIRO,2024-01-21 13:39:46,219.8,0.0,-23.125993,-44.414271
FELIPE RIBEIRO,2024-01-21 16:27:46,182.4,0.0,-23.125686,-44.415383
FELIPE RIBEIRO,2024-01-21 18:36:46,194.1,0.0,-23.125175,-44.414905
FELIPE RIBEIRO,2024-01-21 22:54:45,185.7,0.0,-23.125121,-44.415311
FELIPE RIBEIRO,2024-01-22 04:00:45,170.0,0.0,-23.125128,-44.415923
FELIPE RIBEIRO,2024-01-22 13:15:46,202.4,0.0,-23.125321,-44.414708
FELIPE RIBEIRO,2024-01-22 14:54:46,199.0,0.0,-23.125246,-44.414666
FELIPE RIBEIRO,2024-01-22 17:36:45,200.2,0.0,-23.125335,-44.41456
FELIPE RIBEIRO,2024-01-22 21:57:46,207.4,0.0,-23.125461,-44.414248
FELIPE RIBEIRO,2024-01-22 23:39:46,205.9,0.0,-23.125476,-44.414298
FELIPE RIBEIRO,2024-01-23 01:09:46,201.9,0.0,-23.125366,-44.414621
FELIPE RIBEIRO,2024-01-23 03:03:46,194.1,0.0,-23.125233,-44.414943
FELIPE RIBEIRO,2024-01-23 03:06:46,192.6,0.0,-23.125205,-44.41499
FELIPE RIBEIRO,2024-01-23 04:45:46,267.2,0.1,-23.125171,-44.415863
FELIPE RIBEIRO,2024-01-23 07:57:46,178.5,0.0,-23.125125,-44.415621
FELIPE RIBEIRO,2024-01-23 13:30:46,170.6,0.0,-23.125071,-44.415933
FELIPE RIBEIRO,2024-01-23 16:45:46,157.5,0.0,-23.125243,-44.416705
FELIPE RIBEIRO,2024-01-24 00:54:46,219.9,0.0,-23.125651,-44.414195
FELIPE RIBEIRO,2024-01-24 08:06:46,219.7,0.0,-23.125558,-44.41414
FELIPE RIBEIRO,2024-01-24 18:39:46,174.4,0.0,-23.125066,-44.415938
FELIPE RIBEIRO,2024-01-24 23:21:46,120.9,0.0,-23.126056,-44.41752
FELIPE RIBEIRO,2024-01-25 05:39:46,227.4,0.0,-23.125735,-44.41432
FELIPE RIBEIRO,2024-01-25 08:57:46,200.6,0.0,-23.12526,-44.415038
FELIPE RIBEIRO,2024-01-25 09:42:46,197.3,0.0,-23.125215,-44.415175
FELIPE RIBEIRO,2024-01-25 09:48:46,198.0,0.0,-23.125196,-44.415191
FELIPE RIBEIRO,2024-01-25 11:45:45,188.6,0.0,-23.125043,-44.415418
FELIPE RIBEIRO,2024-01-25 15:27:46,198.0,0.0,-23.12524,-44.41426
FELIPE RIBEIRO,2024-01-25 16:39:44,208.7,0.0,-23.12531,-44.414266
FELIPE RIBEIRO,2024-01-25 19:21:46,187.2,0.0,-23.125035,-44.415085
FELIPE RIBEIRO,2024-01-25 21:18:46,176.9,0.0,-23.125058,-44.415675
FELIPE RIBEIRO,2024-01-25 21:24:46,177.4,0.0,-23.12505,-44.415641
FELIPE RIBEIRO,2024-01-26 05:06:45,216.5,0.0,-23.1255,-44.413828
FELIPE RIBEIRO,2024-01-26 11:06:46,200.7,0.0,-23.1252,-44.41469
FELIPE RIBEIRO,2024-01-26 19:18:46,157.0,0.0,-23.125276,-44.416555
FELIPE RIBEIRO,2024-01-26 21:03:46,142.7,0.0,-23.125588,-44.417046
FELIPE RIBEIRO,2024-01-27 04:18:46,178.2,0.0,-23.125053,-44.415581
FELIPE RIBEIRO,2024-01-27 06:42:46,184.8,0.0,-23.125188,-44.415445
FELIPE RIBEIRO,2024-01-27 16:18:46,169.4,0.0,-23.12511,-44.415833
FELIPE RIBEIRO,2024-01-27 20:21:46,147.1,0.0,-23.125466,-44.416813
FELIPE RIBEIRO,2024-01-27 21:12:46,152.0,0.0,-23.12538,-44.416713
FELIPE RIBEIRO,2024-01-28 00:18:45,153.5,0.0,-23.125488,-44.416666
FELIPE RIBEIRO,2024-01-28 03:57:46,182.8,0.0,-23.12525,-44.41564
FELIPE RIBEIRO,2024-01-28 08:30:46,181.4,0.0,-23.125265,-44.415706
FELIPE RIBEIRO,2024-01-28 10:54:46,165.5,0.0,-23.125206,-44.416253
FELIPE RIBEIRO,2024-01-28 14:54:46,167.0,0.0,-23.125026,-44.415973
FELIPE RIBEIRO,2024-01-28 15:18:46,226.0,0.2,-23.125073,-44.416238
FELIPE RIBEIRO,2024-01-28 21:24:46,148.9,0.0,-23.12569,-44.417
FELIPE RIBEIRO,2024-01-29 01:18:46,117.2,0.0,-23.126413,-44.417876
FELIPE RIBEIRO,2024-01-29 02:24:46,110.3,0.0,-23.126551,-44.417653
FELIPE RIBEIRO,2024-01-29 07:14:04,153.3,0.0,-23.125351,-44.416803
FELIPE RIBEIRO,2024-01-29 09:20:41,63.9,9.0,-23.116626,-44.353235
FELIPE RIBEIRO,2024-01-29 09:23:01,66.5,9.3,-23.114166,-44.347356
FELIPE RIBEIRO,2024-01-29 10:11:52,60.5,4.5,-23.0688,-44.233811
FELIPE RIBEIRO,2024-01-29 10:24:58,29.4,2.6,-23.062821,-44.223173
FELIPE RIBEIRO,2024-01-29 10:27:20,341.8,2.1,-23.061151,-44.223016
FELIPE RIBEIRO,2024-01-29 10:55:19,281.0,0.0,-23.060215,-44.227451
FELIPE RIBEIRO,2024-01-29 10:55:40,280.4,0.0,-23.060216,-44.227478
FELIPE RIBEIRO,2024-01-29 10:57:52,10.4,0.1,-23.060256,-44.227488
FELIPE RIBEIRO,2024-01-29 11:03:12,279.5,0.1,-23.060265,-44.227435
FELIPE RIBEIRO,2024-01-29 11:06:42,281.2,0.0,-23.060311,-44.227428
FELIPE RIBEIRO,2024-01-30 16:27:42,281.4,0.0,-23.060356,-44.227398
FELIPE RIBEIRO,2024-01-30 18:42:38,281.4,0.0,-23.060371,-44.227436
FELIPE RIBEIRO,2024-01-30 19:11:37,239.0,9.6,-23.074823,-44.2454
FELIPE RIBEIRO,2024-01-30 19:26:47,247.1,9.6,-23.089115,-44.284748
FELIPE RIBEIRO,2024-01-30 19:52:56,247.7,8.9,-23.114801,-44.34922
FELIPE RIBEIRO,2024-01-30 19:55:08,248.0,8.9,-23.116866,-44.354558
FELIPE RIBEIRO,2024-01-30 20:29:38,298.3,2.0,-23.132543,-44.42006
FELIPE RIBEIRO,2024-01-30 20:34:18,69.4,0.2,-23.132071,-44.420625
FELIPE RIBEIRO,2024-01-30 20:52:59,4.5,0.2,-23.130336,-44.41956
FELIPE RIBEIRO,2024-01-30 21:04:38,336.7,0.1,-23.129025,-44.419366
FELIPE RIBEIRO,2024-01-30 21:07:17,330.0,0.1,-23.128766,-44.419586
FELIPE RIBEIRO,2024-01-31 00:25:45,135.6,0.0,-23.128523,-44.42349
FELIPE RIBEIRO,2024-01-31 01:04:46,138.3,0.0,-23.12835,-44.423403
FELIPE RIBEIRO,2024-01-31 02:58:46,145.3,0.0,-23.128258,-44.423091
FELIPE RIBEIRO,2024-01-31 04:28:45,151.8,0.0,-23.128048,-44.422966
FELIPE RIBEIRO,2024-01-31 05:19:46,164.6,0.0,-23.12779,-44.42234
FELIPE RIBEIRO,2024-01-31 09:40:46,88.8,0.0,-23.129871,-44.424091
FELIPE RIBEIRO,2024-01-31 11:55:46,172.1,0.0,-23.127858,-44.421968
FELIPE RIBEIRO,2024-01-31 12:28:45,188.9,0.0,-23.127815,-44.421386
FELIPE RIBEIRO,2024-01-31 17:43:46,173.1,0.0,-23.127708,-44.421888
FELIPE RIBEIRO,2024-01-31 21:40:46,173.1,0.0,-23.127786,-44.421941
FELIPE RIBEIRO,2024-01-31 23:22:46,136.1,0.0,-23.128666,-44.423515
FELIPE RIBEIRO,2024-02-01 00:04:45,81.8,0.0,-23.130545,-44.424363
FELIPE RIBEIRO,2024-02-01 01:16:46,101.2,0.0,-23.129786,-44.424366
FELIPE RIBEIRO,2024-02-01 08:10:46,153.3,0.0,-23.128158,-44.422338
FELIPE RIBEIRO,2024-02-01 09:01:45,265.6,0.0,-23.130221,-44.419358
FELIPE RIBEIRO,2024-02-01 11:04:46,271.4,0.0,-23.130323,-44.4192
FELIPE RIBEIRO,2024-02-01 13:22:46,234.9,0.0,-23.128816,-44.419595
FELIPE RIBEIRO,2024-02-01 23:01:45,126.4,0.0,-23.128615,-44.423686
FELIPE RIBEIRO,2024-02-02 01:58:46,92.7,0.0,-23.129628,-44.42424
FELIPE RIBEIRO,2024-02-02 07:04:46,271.6,0.0,-23.130253,-44.419341
FELIPE RIBEIRO,2024-02-02 09:25:46,273.0,0.0,-23.130296,-44.419423
FELIPE RIBEIRO,2024-02-02 13:01:46,245.1,0.0,-23.129101,-44.419491
FELIPE RIBEIRO,2024-02-02 13:43:45,234.2,0.0,-23.128713,-44.419705
FELIPE RIBEIRO,2024-02-02 15:34:44,223.7,0.0,-23.128441,-44.419928
FELIPE RIBEIRO,2024-02-02 16:10:16,221.7,0.4,-23.129236,-44.420845
FELIPE RIBEIRO,2024-02-02 16:15:27,234.3,0.5,-23.129776,-44.421025
FELIPE RIBEIRO,2024-02-02 16:19:47,195.3,2.2,-23.131145,-44.422616
FELIPE RIBEIRO,2024-02-02 16:28:57,169.4,6.3,-23.141751,-44.421468
FELIPE RIBEIRO,2024-02-02 17:05:06,171.4,9.9,-23.236565,-44.407875
FELIPE RIBEIRO,2024-02-02 17:16:16,169.8,10.1,-23.266756,-44.402721
FELIPE RIBEIRO,2024-02-02 17:16:45,170.6,10.1,-23.268115,-44.402486
FELIPE RIBEIRO,2024-02-02 17:17:25,168.9,10.2,-23.269876,-44.40213
FELIPE RIBEIRO,2024-02-02 17:17:45,169.8,10.2,-23.270813,-44.401975
FELIPE RIBEIRO,2024-02-02 17:23:17,167.6,10.2,-23.285786,-44.398788
FELIPE RIBEIRO,2024-02-02 17:24:34,164.5,10.3,-23.289385,-44.397841
FELIPE RIBEIRO,2024-02-02 17:25:05,163.8,10.3,-23.290736,-44.397433
FELIPE RIBEIRO,2024-02-02 17:25:25,162.3,10.3,-23.29161,-44.397138
FELIPE RIBEIRO,2024-02-02 17:32:57,152.0,10.5,-23.311173,-44.387406
FELIPE RIBEIRO,2024-02-02 17:38:17,151.4,10.6,-23.324661,-44.37956
FELIPE RIBEIRO,2024-02-02 17:40:57,151.0,10.6,-23.331415,-44.375568
FELIPE RIBEIRO,2024-02-02 18:00:26,152.3,10.2,-23.379095,-44.346868
FELIPE RIBEIRO,2024-02-02 18:08:07,153.7,10.3,-23.398295,-44.336201
FELIPE RIBEIRO,2024-02-02 18:11:16,153.3,10.4,-23.406248,-44.331896
FELIPE RIBEIRO,2024-02-02 18:14:06,153.8,10.3,-23.413433,-44.32804
FELIPE RIBEIRO,2024-02-02 19:07:18,164.4,9.9,-23.549036,-44.264543
FELIPE RIBEIRO,2024-02-02 19:23:47,165.0,10.1,-23.592606,-44.251678
FELIPE RIBEIRO,2024-02-02 19:51:27,160.2,10.0,-23.665053,-44.229031
FELIPE RIBEIRO,2024-02-02 19:59:58,160.8,10.2,-23.6871,-44.220665
FELIPE RIBEIRO,2024-02-02 20:22:07,160.7,10.0,-23.744866,-44.198931
FELIPE RIBEIRO,2024-02-02 20:29:56,160.9,10.0,-23.76519,-44.191251
FELIPE RIBEIRO,2024-02-02 20:35:18,162.0,9.8,-23.77895,-44.186345
FELIPE RIBEIRO,2024-02-02 20:38:18,161.0,9.7,-23.78662,-44.18358
FELIPE RIBEIRO,2024-02-02 21:19:07,160.8,9.9,-23.892071,-44.143965
FELIPE RIBEIRO,2024-02-02 21:22:36,160.1,10.0,-23.90113,-44.140476
FELIPE RIBEIRO,2024-02-02 21:27:48,161.8,9.8,-23.914491,-44.13549
FELIPE RIBEIRO,2024-02-02 21:27:55,162.2,9.8,-23.914825,-44.13537
FELIPE RIBEIRO,2024-02-02 21:30:48,161.4,9.6,-23.92201,-44.132873
FELIPE RIBEIRO,2024-02-02 21:33:15,160.5,9.5,-23.928215,-44.130606
FELIPE RIBEIRO,2024-02-02 22:08:57,159.1,10.1,-24.018903,-44.09184
FELIPE RIBEIRO,2024-02-02 22:16:27,159.5,10.3,-24.038803,-44.083566
FELIPE RIBEIRO,2024-02-02 22:22:57,158.4,10.2,-24.056106,-44.076411
FELIPE RIBEIRO,2024-02-02 23:14:46,83.9,2.7,-24.153775,-44.004811
FELIPE RIBEIRO,2024-02-02 23:17:26,73.3,2.3,-24.153436,-44.002991
FELIPE RIBEIRO,2024-02-02 23:19:37,73.9,1.8,-24.153066,-44.001745
FELIPE RIBEIRO,2024-02-02 23:21:45,58.7,1.6,-24.152656,-44.00081
FELIPE RIBEIRO,2024-02-02 23:24:55,46.8,1.3,-24.151813,-43.999815
FELIPE RIBEIRO,2024-02-02 23:48:27,321.0,0.6,-24.148063,-43.999948
FELIPE RIBEIRO,2024-02-02 23:51:46,315.2,0.8,-24.147516,-44.000643
FELIPE RIBEIRO,2024-02-02 23:52:27,315.7,0.9,-24.147426,-44.000785
FELIPE RIBEIRO,2024-02-02 23:52:46,315.2,0.9,-24.147383,-44.000865
FELIPE RIBEIRO,2024-02-02 23:53:46,314.7,1.0,-24.147216,-44.001061
FELIPE RIBEIRO,2024-02-02 23:54:27,313.5,1.0,-24.147111,-44.00117
FELIPE RIBEIRO,2024-02-02 23:54:46,312.9,1.0,-24.147081,-44.001263
FELIPE RIBEIRO,2024-02-02 23:55:26,311.6,1.0,-24.14699,-44.001423
FELIPE RIBEIRO,2024-02-02 23:59:17,303.1,1.0,-24.146515,-44.002226
FELIPE RIBEIRO,2024-02-03 00:01:06,302.0,1.0,-24.146335,-44.002556
FELIPE RIBEIRO,2024-02-03 00:22:16,314.5,0.6,-24.144258,-44.007445
FELIPE RIBEIRO,2024-02-03 00:55:48,333.1,0.3,-24.136255,-44.01306
FELIPE RIBEIRO,2024-02-03 01:01:37,247.8,0.3,-24.135833,-44.013663
FELIPE RIBEIRO,2024-02-03 01:05:47,272.6,0.4,-24.136043,-44.014258
FELIPE RIBEIRO,2024-02-03 01:30:27,279.1,0.5,-24.136108,-44.018758
FELIPE RIBEIRO,2024-02-03 01:30:36,279.1,0.5,-24.13611,-44.018788
FELIPE RIBEIRO,2024-02-03 01:33:18,261.1,0.4,-24.136248,-44.019201
FELIPE RIBEIRO,2024-02-03 01:38:37,244.6,0.5,-24.136781,-44.019858
FELIPE RIBEIRO,2024-02-03 02:21:26,279.1,0.8,-24.13814,-44.028258
FELIPE RIBEIRO,2024-02-03 02:24:46,268.3,1.0,-24.138198,-44.029031
FELIPE RIBEIRO,2024-02-03 02:41:27,262.2,0.8,-24.139783,-44.03185
FELIPE RIBEIRO,2024-02-03 03:12:38,230.8,0.7,-24.141663,-44.037678
FELIPE RIBEIRO,2024-02-03 03:16:57,240.3,0.6,-24.142246,-44.038338
FELIPE RIBEIRO,2024-02-03 03:19:16,254.6,0.5,-24.142363,-44.038806
FELIPE RIBEIRO,2024-02-03 03:21:47,268.9,0.5,-24.142425,-44.039378
FELIPE RIBEIRO,2024-02-03 04:03:24,240.9,0.5,-24.144626,-44.04691
FELIPE RIBEIRO,2024-02-03 04:04:35,240.8,0.6,-24.14473,-44.047096
FELIPE RIBEIRO,2024-02-03 04:05:04,240.8,0.6,-24.144765,-44.04718
FELIPE RIBEIRO,2024-02-03 04:06:14,240.7,0.6,-24.144826,-44.047396
FELIPE RIBEIRO,2024-02-03 04:07:04,252.6,0.5,-24.144846,-44.047558
FELIPE RIBEIRO,2024-02-03 04:07:14,252.8,0.5,-24.144885,-44.047571
FELIPE RIBEIRO,2024-02-03 04:08:04,253.5,0.5,-24.144938,-44.047753
FELIPE RIBEIRO,2024-02-03 04:08:16,251.8,0.6,-24.144945,-44.047783
FELIPE RIBEIRO,2024-02-03 04:09:04,254.2,0.5,-24.144983,-44.047951
FELIPE RIBEIRO,2024-02-03 04:10:04,252.5,0.6,-24.145041,-44.048123
FELIPE RIBEIRO,2024-02-03 04:21:27,247.8,0.6,-24.145926,-44.049843
FELIPE RIBEIRO,2024-02-03 04:27:36,248.8,0.5,-24.146126,-44.051056
FELIPE RIBEIRO,2024-02-03 04:53:45,251.8,0.8,-24.148775,-44.054435
FELIPE RIBEIRO,2024-02-03 05:16:06,222.5,0.5,-24.15066,-44.059063
FELIPE RIBEIRO,2024-02-03 05:20:28,216.1,0.6,-24.151135,-44.059478
FELIPE RIBEIRO,2024-02-03 05:38:34,223.4,0.4,-24.152478,-44.062911
FELIPE RIBEIRO,2024-02-03 05:39:24,235.5,0.4,-24.152578,-44.063006
FELIPE RIBEIRO,2024-02-03 05:40:04,235.3,0.4,-24.152628,-44.063056
FELIPE RIBEIRO,2024-02-03 05:40:34,235.0,0.4,-24.15266,-44.0631
FELIPE RIBEIRO,2024-02-03 05:41:34,234.6,0.4,-24.152725,-44.06324
FELIPE RIBEIRO,2024-02-03 05:43:24,253.2,0.4,-24.152845,-44.063498
FELIPE RIBEIRO,2024-02-03 05:43:46,245.2,0.5,-24.152868,-44.06356
FELIPE RIBEIRO,2024-02-03 05:43:55,245.3,0.5,-24.152876,-44.06359
FELIPE RIBEIRO,2024-02-03 05:44:15,253.6,0.5,-24.152888,-44.063653
FELIPE RIBEIRO,2024-02-03 05:44:46,261.8,0.5,-24.152915,-44.063751
FELIPE RIBEIRO,2024-02-03 05:44:55,261.9,0.5,-24.152918,-44.063783
FELIPE RIBEIRO,2024-02-03 05:45:35,262.4,0.5,-24.152945,-44.06392
FELIPE RIBEIRO,2024-02-03 05:46:08,262.8,0.5,-24.152955,-44.064055
FELIPE RIBEIRO,2024-02-03 05:52:18,256.9,0.5,-24.153216,-44.065276
FELIPE RIBEIRO,2024-02-03 06:05:06,264.0,0.5,-24.153553,-44.067133
FELIPE RIBEIRO,2024-02-03 06:08:06,261.8,0.4,-24.1537,-44.067635
FELIPE RIBEIRO,2024-02-03 06:56:56,248.3,0.3,-24.156506,-44.073151
FELIPE RIBEIRO,2024-02-03 06:59:17,223.1,0.2,-24.156676,-44.073333
FELIPE RIBEIRO,2024-02-03 07:04:38,222.1,0.3,-24.1569,-44.073631
FELIPE RIBEIRO,2024-02-03 07:35:38,236.3,0.0,-24.157733,-44.075406
FELIPE RIBEIRO,2024-02-03 07:39:56,233.7,0.0,-24.1577,-44.075506
FELIPE RIBEIRO,2024-02-03 07:53:08,300.3,0.2,-24.157748,-44.076051
FELIPE RIBEIRO,2024-02-03 07:53:37,301.3,0.2,-24.157733,-44.076063
FELIPE RIBEIRO,2024-02-03 07:57:16,289.5,0.1,-24.157765,-44.076133
FELIPE RIBEIRO,2024-02-03 08:22:06,8.1,0.1,-24.158493,-44.076511
FELIPE RIBEIRO,2024-02-03 08:33:05,294.0,0.0,-24.158631,-44.076786
FELIPE RIBEIRO,2024-02-03 08:41:46,211.4,0.1,-24.15892,-44.077266
FELIPE RIBEIRO,2024-02-03 08:45:37,300.2,0.0,-24.159005,-44.077248
FELIPE RIBEIRO,2024-02-03 08:55:48,292.8,0.1,-24.15883,-44.077426
FELIPE RIBEIRO,2024-02-03 08:58:26,318.4,0.2,-24.158735,-44.077611
FELIPE RIBEIRO,2024-02-03 09:01:48,292.7,0.2,-24.158658,-44.077868
FELIPE RIBEIRO,2024-02-03 09:06:36,247.9,0.1,-24.158725,-44.078083
FELIPE RIBEIRO,2024-02-03 09:24:36,276.2,0.2,-24.158688,-44.079066
FELIPE RIBEIRO,2024-02-03 09:34:06,186.1,0.1,-24.15884,-44.079603
FELIPE RIBEIRO,2024-02-03 09:39:27,227.3,0.1,-24.15884,-44.079745
FELIPE RIBEIRO,2024-02-03 10:05:47,308.1,0.1,-24.158581,-44.081418
FELIPE RIBEIRO,2024-02-03 10:12:26,289.7,0.2,-24.15844,-44.081861
FELIPE RIBEIRO,2024-02-03 10:19:25,218.9,0.1,-24.158548,-44.082198
FELIPE RIBEIRO,2024-02-03 10:52:27,258.8,0.2,-24.158486,-44.08438
FELIPE RIBEIRO,2024-02-03 11:09:37,254.0,0.2,-24.158293,-44.085636
FELIPE RIBEIRO,2024-02-03 11:20:58,256.7,0.1,-24.158468,-44.08629
FELIPE RIBEIRO,2024-02-03 11:54:27,253.4,0.2,-24.158778,-44.088636
FELIPE RIBEIRO,2024-02-03 11:57:16,254.2,0.2,-24.158873,-44.088813
FELIPE RIBEIRO,2024-02-03 12:07:07,248.1,0.3,-24.158961,-44.08963
FELIPE RIBEIRO,2024-02-03 12:08:46,248.6,0.3,-24.159015,-44.089773
FELIPE RIBEIRO,2024-02-03 12:13:26,251.5,0.2,-24.159315,-44.09009
FELIPE RIBEIRO,2024-02-03 12:13:46,251.6,0.2,-24.15933,-44.090106
FELIPE RIBEIRO,2024-02-03 12:13:57,251.6,0.2,-24.159335,-44.090111
FELIPE RIBEIRO,2024-02-03 12:31:06,244.9,0.2,-24.160051,-44.09151
FELIPE RIBEIRO,2024-02-03 12:44:48,263.2,0.2,-24.160293,-44.092698
FELIPE RIBEIRO,2024-02-03 12:46:48,235.7,0.2,-24.160313,-44.09284
FELIPE RIBEIRO,2024-02-03 12:48:56,263.3,0.2,-24.160471,-44.093086
FELIPE RIBEIRO,2024-02-03 12:54:06,285.9,0.1,-24.160578,-44.093376
FELIPE RIBEIRO,2024-02-03 13:26:27,237.8,0.2,-24.160575,-44.096041
FELIPE RIBEIRO,2024-02-03 13:32:05,280.5,0.1,-24.16054,-44.096511
FELIPE RIBEIRO,2024-02-03 13:33:45,262.5,0.2,-24.160551,-44.096621
FELIPE RIBEIRO,2024-02-03 13:42:46,281.7,0.1,-24.160668,-44.097335
FELIPE RIBEIRO,2024-02-03 13:43:17,282.5,0.1,-24.160685,-44.097363
FELIPE RIBEIRO,2024-02-03 14:09:38,282.1,0.2,-24.160215,-44.099398
FELIPE RIBEIRO,2024-02-03 14:14:37,262.0,0.2,-24.160168,-44.09991
FELIPE RIBEIRO,2024-02-03 14:17:45,288.3,0.3,-24.160025,-44.100376
FELIPE RIBEIRO,2024-02-03 14:19:46,288.1,0.3,-24.159966,-44.100635
FELIPE RIBEIRO,2024-02-03 14:39:27,293.2,0.3,-24.159611,-44.102471
FELIPE RIBEIRO,2024-02-03 14:44:46,300.2,0.2,-24.159441,-44.103035
FELIPE RIBEIRO,2024-02-03 14:49:47,249.3,0.3,-24.15935,-44.103648
FELIPE RIBEIRO,2024-02-03 14:52:26,285.4,0.3,-24.159185,-44.104026
FELIPE RIBEIRO,2024-02-03 14:55:26,296.4,0.4,-24.15918,-44.104438
FELIPE RIBEIRO,2024-02-03 15:16:16,288.2,0.2,-24.15877,-44.10692
FELIPE RIBEIRO,2024-02-03 15:25:16,274.6,0.3,-24.158558,-44.108071
FELIPE RIBEIRO,2024-02-03 15:27:27,280.1,0.2,-24.158561,-44.108408
FELIPE RIBEIRO,2024-02-03 15:30:57,279.5,0.2,-24.158488,-44.108683
FELIPE RIBEIRO,2024-02-03 15:59:24,294.8,0.4,-24.157853,-44.111595
FELIPE RIBEIRO,2024-02-03 16:00:45,291.3,0.3,-24.157818,-44.111726
FELIPE RIBEIRO,2024-02-03 16:01:54,291.8,0.3,-24.157758,-44.111848
FELIPE RIBEIRO,2024-02-03 16:04:47,291.9,0.3,-24.157673,-44.112173
FELIPE RIBEIRO,2024-02-03 16:31:15,283.8,0.3,-24.156568,-44.11542
FELIPE RIBEIRO,2024-02-03 16:35:07,294.4,0.5,-24.156308,-44.116051
FELIPE RIBEIRO,2024-02-03 16:40:18,303.8,0.6,-24.156041,-44.1169
FELIPE RIBEIRO,2024-02-03 17:09:37,285.7,0.5,-24.154478,-44.12148
FELIPE RIBEIRO,2024-02-03 17:12:17,300.0,0.5,-24.15425,-44.121946
FELIPE RIBEIRO,2024-02-03 17:14:57,306.3,0.6,-24.154046,-44.122413
FELIPE RIBEIRO,2024-02-03 17:17:47,302.4,0.5,-24.153863,-44.122948
FELIPE RIBEIRO,2024-02-03 17:29:58,288.5,0.7,-24.152751,-44.125865
FELIPE RIBEIRO,2024-02-03 17:32:24,288.4,0.8,-24.152588,-44.126596
FELIPE RIBEIRO,2024-02-03 17:34:24,283.2,0.9,-24.15242,-44.127191
FELIPE RIBEIRO,2024-02-03 17:40:54,287.3,0.8,-24.152045,-44.128855
FELIPE RIBEIRO,2024-02-03 17:47:56,288.0,0.6,-24.15163,-44.130453
FELIPE RIBEIRO,2024-02-03 18:06:07,278.5,0.5,-24.150175,-44.134891
FELIPE RIBEIRO,2024-02-03 18:06:45,278.2,0.5,-24.15015,-44.135053
FELIPE RIBEIRO,2024-02-03 18:08:46,281.8,0.6,-24.150073,-44.13552
FELIPE RIBEIRO,2024-02-03 18:11:57,288.9,0.8,-24.149916,-44.136258
FELIPE RIBEIRO,2024-02-03 18:14:26,289.4,0.8,-24.14973,-44.136906
FELIPE RIBEIRO,2024-02-03 18:14:27,289.4,0.8,-24.14973,-44.136906
FELIPE RIBEIRO,2024-02-03 18:18:17,285.6,0.8,-24.149471,-44.137958
FELIPE RIBEIRO,2024-02-03 18:20:26,286.6,0.8,-24.149363,-44.13855
FELIPE RIBEIRO,2024-02-03 18:49:06,284.7,0.7,-24.147381,-44.145963
FELIPE RIBEIRO,2024-02-03 18:53:16,282.4,0.7,-24.14717,-44.147021
FELIPE RIBEIRO,2024-02-03 18:56:26,285.0,0.9,-24.146996,-44.147846
FELIPE RIBEIRO,2024-02-03 18:59:56,287.8,1.0,-24.14672,-44.148853
FELIPE RIBEIRO,2024-02-03 19:20:07,290.1,0.9,-24.145361,-44.154653
FELIPE RIBEIRO,2024-02-03 19:22:36,290.1,0.9,-24.145245,-44.155386
FELIPE RIBEIRO,2024-02-03 19:29:57,290.4,0.9,-24.14479,-44.157338
FELIPE RIBEIRO,2024-02-03 19:54:36,81.3,7.9,-24.132665,-44.16076
FELIPE RIBEIRO,2024-02-03 19:59:27,81.7,9.1,-24.131073,-44.147558
FELIPE RIBEIRO,2024-02-03 20:21:36,92.2,9.7,-24.126345,-44.083933
FELIPE RIBEIRO,2024-02-03 20:23:46,91.9,9.7,-24.12646,-44.0775
FELIPE RIBEIRO,2024-02-03 20:27:46,78.7,9.6,-24.125171,-44.065995
FELIPE RIBEIRO,2024-02-03 20:30:46,77.8,9.5,-24.1234,-44.057446
FELIPE RIBEIRO,2024-02-03 20:33:57,77.0,9.7,-24.121421,-44.048355
FELIPE RIBEIRO,2024-02-03 21:06:06,74.7,9.4,-24.100525,-43.957105
FELIPE RIBEIRO,2024-02-03 21:15:37,75.1,9.3,-24.093986,-43.930875
FELIPE RIBEIRO,2024-02-03 21:21:16,74.2,9.4,-24.089978,-43.915306
FELIPE RIBEIRO,2024-02-03 21:23:17,74.0,9.5,-24.088588,-43.909703
FELIPE RIBEIRO,2024-02-03 22:09:57,217.1,1.3,-24.09298,-43.866483
FELIPE RIBEIRO,2024-02-03 22:12:18,218.5,1.3,-24.093553,-43.866976
FELIPE RIBEIRO,2024-02-03 22:17:57,226.3,1.0,-24.094983,-43.86839
FELIPE RIBEIRO,2024-02-03 22:18:38,228.7,1.0,-24.095085,-43.868558
FELIPE RIBEIRO,2024-02-03 22:21:47,237.4,0.8,-24.095643,-43.869168
FELIPE RIBEIRO,2024-02-03 22:49:46,244.7,1.0,-24.100135,-43.876801
FELIPE RIBEIRO,2024-02-03 22:55:48,242.3,1.0,-24.101108,-43.878783
FELIPE RIBEIRO,2024-02-03 22:56:57,238.7,1.0,-24.101315,-43.879185
FELIPE RIBEIRO,2024-02-03 23:05:57,248.1,0.8,-24.102471,-43.881638
FELIPE RIBEIRO,2024-02-03 23:23:16,240.4,1.0,-24.105198,-43.886293
FELIPE RIBEIRO,2024-02-03 23:26:57,247.0,1.0,-24.105825,-43.887435
FELIPE RIBEIRO,2024-02-03 23:30:16,240.6,0.9,-24.106348,-43.888555
FELIPE RIBEIRO,2024-02-03 23:50:37,237.9,1.1,-24.109813,-43.895576
FELIPE RIBEIRO,2024-02-03 23:51:05,238.4,1.1,-24.109863,-43.895735
FELIPE RIBEIRO,2024-02-03 23:52:55,241.7,1.1,-24.110203,-43.896403
FELIPE RIBEIRO,2024-02-03 23:53:55,238.9,1.1,-24.110408,-43.89677
FELIPE RIBEIRO,2024-02-03 23:54:36,240.1,1.1,-24.110536,-43.897028
FELIPE RIBEIRO,2024-02-03 23:54:55,241.2,1.2,-24.110606,-43.89716
FELIPE RIBEIRO,2024-02-03 23:55:15,240.0,1.2,-24.110683,-43.897273
FELIPE RIBEIRO,2024-02-03 23:55:55,239.1,1.1,-24.1108,-43.897525
FELIPE RIBEIRO,2024-02-04 00:02:16,235.2,1.2,-24.111993,-43.899621
FELIPE RIBEIRO,2024-02-04 00:32:57,246.6,1.7,-24.117973,-43.910371
FELIPE RIBEIRO,2024-02-04 00:40:47,242.6,1.4,-24.119543,-43.914188
FELIPE RIBEIRO,2024-02-04 00:46:16,239.2,1.2,-24.12089,-43.916798
FELIPE RIBEIRO,2024-02-04 01:07:06,249.2,1.5,-24.124883,-43.924226
FELIPE RIBEIRO,2024-02-04 01:13:17,253.9,1.4,-24.125588,-43.926803
FELIPE RIBEIRO,2024-02-04 01:15:17,251.4,1.4,-24.12581,-43.927618
FELIPE RIBEIRO,2024-02-04 01:15:56,249.4,1.4,-24.125896,-43.927911
FELIPE RIBEIRO,2024-02-04 01:17:56,247.7,1.3,-24.126201,-43.928748
FELIPE RIBEIRO,2024-02-04 01:18:07,246.8,1.3,-24.126223,-43.928828
FELIPE RIBEIRO,2024-02-04 01:18:56,246.1,1.3,-24.126358,-43.929156
FELIPE RIBEIRO,2024-02-04 01:23:36,241.6,1.2,-24.127258,-43.93107
FELIPE RIBEIRO,2024-02-04 01:28:18,242.8,1.2,-24.128133,-43.932861
FELIPE RIBEIRO,2024-02-04 01:28:35,242.6,1.2,-24.128191,-43.932956
FELIPE RIBEIRO,2024-02-04 01:30:57,245.2,1.3,-24.128596,-43.933815
FELIPE RIBEIRO,2024-02-04 01:31:27,245.2,1.3,-24.128681,-43.934
FELIPE RIBEIRO,2024-02-04 01:35:47,246.3,1.5,-24.129381,-43.935551
FELIPE RIBEIRO,2024-02-04 01:40:06,245.8,1.4,-24.129965,-43.937171
FELIPE RIBEIRO,2024-02-04 02:13:45,257.7,1.3,-24.13481,-43.950296
FELIPE RIBEIRO,2024-02-04 02:19:27,273.7,1.4,-24.134883,-43.95267
FELIPE RIBEIRO,2024-02-04 02:19:37,273.0,1.4,-24.134881,-43.952731
FELIPE RIBEIRO,2024-02-04 02:22:15,259.5,1.5,-24.134956,-43.95376
FELIPE RIBEIRO,2024-02-04 03:09:56,269.1,1.3,-24.143605,-43.972776
FELIPE RIBEIRO,2024-02-04 03:22:27,236.1,1.5,-24.145546,-43.97778
FELIPE RIBEIRO,2024-02-04 04:00:56,234.7,1.7,-24.1544,-43.9944
FELIPE RIBEIRO,2024-02-04 04:06:36,233.4,1.7,-24.156131,-43.996853
FELIPE RIBEIRO,2024-02-04 04:12:47,251.4,1.6,-24.157556,-43.999888
FELIPE RIBEIRO,2024-02-04 04:20:27,233.2,1.8,-24.159391,-44.003688
FELIPE RIBEIRO,2024-02-04 04:22:46,231.3,1.7,-24.160171,-44.004733
FELIPE RIBEIRO,2024-02-04 04:52:28,236.3,1.8,-24.169808,-44.017893
FELIPE RIBEIRO,2024-02-04 05:08:26,222.1,1.7,-24.175136,-44.025615
FELIPE RIBEIRO,2024-02-04 05:14:06,226.7,1.7,-24.177196,-44.02799
FELIPE RIBEIRO,2024-02-04 05:16:27,227.9,1.8,-24.178048,-44.02896
FELIPE RIBEIRO,2024-02-04 05:43:47,226.6,2.0,-24.188253,-44.040893
FELIPE RIBEIRO,2024-02-04 05:54:24,224.5,2.0,-24.192651,-44.045861
FELIPE RIBEIRO,2024-02-04 05:59:14,223.9,2.2,-24.19482,-44.048096
FELIPE RIBEIRO,2024-02-04 05:59:35,225.6,2.1,-24.194988,-44.048271
FELIPE RIBEIRO,2024-02-04 06:05:48,225.2,2.2,-24.197785,-44.051375
FELIPE RIBEIRO,2024-02-04 06:08:27,225.7,2.1,-24.199055,-44.052783
FELIPE RIBEIRO,2024-02-04 06:37:37,219.2,2.2,-24.213551,-44.065543
FELIPE RIBEIRO,2024-02-04 06:53:36,217.5,2.3,-24.221873,-44.072876
FELIPE RIBEIRO,2024-02-04 06:55:37,215.8,2.2,-24.222958,-44.073725
FELIPE RIBEIRO,2024-02-04 06:57:47,213.0,2.3,-24.224095,-44.074633
FELIPE RIBEIRO,2024-02-04 06:59:55,216.5,2.3,-24.225221,-44.075531
FELIPE RIBEIRO,2024-02-04 07:30:37,210.2,2.2,-24.242856,-44.088248
FELIPE RIBEIRO,2024-02-04 07:31:16,209.0,2.3,-24.243125,-44.088618
FELIPE RIBEIRO,2024-02-04 07:34:36,207.6,2.3,-24.24514,-44.089798
FELIPE RIBEIRO,2024-02-04 07:49:58,208.8,2.4,-24.254478,-44.095295
FELIPE RIBEIRO,2024-02-04 07:59:37,207.4,2.4,-24.26044,-44.098848
FELIPE RIBEIRO,2024-02-04 08:01:46,206.0,2.4,-24.26188,-44.099578
FELIPE RIBEIRO,2024-02-04 08:06:57,208.3,2.4,-24.265073,-44.101545
FELIPE RIBEIRO,2024-02-04 08:09:28,207.0,2.3,-24.266723,-44.102355
FELIPE RIBEIRO,2024-02-04 08:26:16,203.2,2.4,-24.277223,-44.107865
FELIPE RIBEIRO,2024-02-04 08:34:36,199.3,2.3,-24.282535,-44.110136
FELIPE RIBEIRO,2024-02-04 08:38:56,202.9,2.3,-24.285206,-44.111393
FELIPE RIBEIRO,2024-02-04 09:05:06,196.5,2.2,-24.301571,-44.117536
FELIPE RIBEIRO,2024-02-04 09:12:37,197.7,2.1,-24.306176,-44.119005
FELIPE RIBEIRO,2024-02-04 09:14:36,195.9,2.0,-24.307385,-44.119403
FELIPE RIBEIRO,2024-02-04 09:17:46,197.1,2.0,-24.30922,-44.119991
FELIPE RIBEIRO,2024-02-04 09:20:17,197.1,2.0,-24.310731,-44.120398
FELIPE RIBEIRO,2024-02-04 09:48:57,199.8,1.9,-24.326348,-44.126028
FELIPE RIBEIRO,2024-02-04 10:04:45,198.4,1.9,-24.334571,-44.128991
FELIPE RIBEIRO,2024-02-04 10:13:25,198.8,1.8,-24.338885,-44.130596
FELIPE RIBEIRO,2024-02-04 10:19:36,204.4,2.0,-24.341901,-44.131841
FELIPE RIBEIRO,2024-02-04 10:22:36,204.7,1.9,-24.343378,-44.132556
FELIPE RIBEIRO,2024-02-04 10:28:25,203.7,1.7,-24.346178,-44.133881
FELIPE RIBEIRO,2024-02-04 10:56:05,205.0,1.7,-24.359293,-44.140555
FELIPE RIBEIRO,2024-02-04 10:57:17,204.2,1.7,-24.359878,-44.14079
FELIPE RIBEIRO,2024-02-04 10:59:58,206.0,1.6,-24.361106,-44.14145
FELIPE RIBEIRO,2024-02-04 11:02:25,203.4,1.6,-24.362201,-44.142025
FELIPE RIBEIRO,2024-02-04 11:05:35,205.5,1.7,-24.363606,-44.142763
FELIPE RIBEIRO,2024-02-04 11:30:47,211.1,1.6,-24.374278,-44.149183
FELIPE RIBEIRO,2024-02-04 11:37:06,185.3,2.7,-24.377406,-44.150706
FELIPE RIBEIRO,2024-02-04 11:52:46,38.3,9.0,-24.370723,-44.129913
FELIPE RIBEIRO,2024-02-04 11:53:36,38.2,9.0,-24.369073,-44.128468
FELIPE RIBEIRO,2024-02-04 11:55:15,38.2,9.2,-24.365721,-44.125608
FELIPE RIBEIRO,2024-02-04 11:56:45,39.7,9.2,-24.362706,-44.122926
FELIPE RIBEIRO,2024-02-04 12:03:06,42.0,9.1,-24.350266,-44.111598
FELIPE RIBEIRO,2024-02-04 12:04:36,40.8,9.0,-24.34742,-44.108881
FELIPE RIBEIRO,2024-02-04 12:05:06,40.8,9.0,-24.346468,-44.107995
FELIPE RIBEIRO,2024-02-04 12:05:36,40.3,9.0,-24.345515,-44.107103
FELIPE RIBEIRO,2024-02-04 12:08:16,41.2,9.0,-24.34041,-44.102391
FELIPE RIBEIRO,2024-02-04 12:08:26,40.8,9.0,-24.340093,-44.1021
FELIPE RIBEIRO,2024-02-04 12:08:46,40.7,9.0,-24.33946,-44.101503
FELIPE RIBEIRO,2024-02-04 12:42:15,42.1,8.3,-24.278203,-44.04299
FELIPE RIBEIRO,2024-02-04 13:31:07,40.4,8.2,-24.19156,-43.963113
FELIPE RIBEIRO,2024-02-04 13:33:58,38.7,8.2,-24.186536,-43.958598
FELIPE RIBEIRO,2024-02-04 13:37:26,38.4,8.3,-24.180301,-43.953106
FELIPE RIBEIRO,2024-02-04 13:39:58,38.3,8.2,-24.175795,-43.949148
FELIPE RIBEIRO,2024-02-04 13:43:15,38.7,8.4,-24.169755,-43.943946
FELIPE RIBEIRO,2024-02-04 13:45:25,40.3,8.4,-24.165793,-43.940441
FELIPE RIBEIRO,2024-02-04 13:48:16,37.2,8.3,-24.160541,-43.935973
FELIPE RIBEIRO,2024-02-04 14:12:06,35.7,8.7,-24.115171,-43.898865
FELIPE RIBEIRO,2024-02-04 14:16:36,35.1,8.6,-24.106378,-43.89186
FELIPE RIBEIRO,2024-02-04 14:19:17,36.0,8.6,-24.101135,-43.88769
FELIPE RIBEIRO,2024-02-04 14:23:17,36.1,7.7,-24.09333,-43.881543
FELIPE RIBEIRO,2024-02-04 14:30:47,12.9,2.8,-24.084396,-43.875996
FELIPE RIBEIRO,2024-02-04 14:48:16,291.1,1.7,-24.077146,-43.882356
FELIPE RIBEIRO,2024-02-04 14:53:15,282.6,1.6,-24.076478,-43.884851
FELIPE RIBEIRO,2024-02-04 15:26:15,241.4,1.4,-24.080363,-43.898558
FELIPE RIBEIRO,2024-02-04 15:33:25,241.0,1.4,-24.081811,-43.901225
FELIPE RIBEIRO,2024-02-04 15:53:46,232.7,1.4,-24.086108,-43.90801
FELIPE RIBEIRO,2024-02-04 15:56:37,230.8,1.3,-24.08686,-43.90898
FELIPE RIBEIRO,2024-02-04 16:04:27,235.8,1.4,-24.088821,-43.911646
FELIPE RIBEIRO,2024-02-04 16:15:36,242.4,1.2,-24.091038,-43.915753
FELIPE RIBEIRO,2024-02-04 16:16:17,242.1,1.2,-24.091155,-43.915973
FELIPE RIBEIRO,2024-02-04 16:18:56,239.0,1.3,-24.091618,-43.91686
FELIPE RIBEIRO,2024-02-04 16:19:06,238.5,1.3,-24.09165,-43.916913
FELIPE RIBEIRO,2024-02-04 16:30:36,238.7,1.2,-24.093921,-43.921121
FELIPE RIBEIRO,2024-02-04 16:32:56,238.0,1.3,-24.09444,-43.921921
FELIPE RIBEIRO,2024-02-04 16:36:17,236.4,1.4,-24.095231,-43.923185
FELIPE RIBEIRO,2024-02-04 16:44:16,236.8,1.2,-24.097058,-43.926126
FELIPE RIBEIRO,2024-02-04 16:52:46,240.4,1.2,-24.098803,-43.929163
FELIPE RIBEIRO,2024-02-04 17:04:05,245.1,1.2,-24.100821,-43.933228
FELIPE RIBEIRO,2024-02-04 17:06:45,246.9,1.2,-24.10127,-43.934201
FELIPE RIBEIRO,2024-02-04 17:06:55,246.2,1.2,-24.101275,-43.934271
FELIPE RIBEIRO,2024-02-04 17:18:07,244.7,1.2,-24.10297,-43.938196
FELIPE RIBEIRO,2024-02-04 17:20:48,242.3,1.2,-24.103408,-43.939228
FELIPE RIBEIRO,2024-02-04 17:25:37,236.0,1.2,-24.104315,-43.940973
FELIPE RIBEIRO,2024-02-04 17:28:27,239.3,1.2,-24.104905,-43.941988
FELIPE RIBEIRO,2024-02-04 17:39:47,239.0,1.3,-24.107118,-43.946173
FELIPE RIBEIRO,2024-02-04 17:42:27,242.3,1.2,-24.107623,-43.947145
FELIPE RIBEIRO,2024-02-04 17:51:54,239.7,1.2,-24.109166,-43.950335
FELIPE RIBEIRO,2024-02-04 17:52:15,240.2,1.2,-24.10921,-43.950458
FELIPE RIBEIRO,2024-02-04 17:52:54,241.7,1.2,-24.109325,-43.95069
FELIPE RIBEIRO,2024-02-04 17:53:15,241.6,1.1,-24.109358,-43.950826
FELIPE RIBEIRO,2024-02-04 17:53:54,240.6,1.1,-24.10948,-43.951025
FELIPE RIBEIRO,2024-02-04 17:53:56,240.6,1.1,-24.10948,-43.951025
FELIPE RIBEIRO,2024-02-04 17:59:46,240.2,1.3,-24.11044,-43.952923
FELIPE RIBEIRO,2024-02-04 18:02:46,240.6,1.2,-24.110996,-43.953968
FELIPE RIBEIRO,2024-02-04 18:28:25,357.6,0.9,-24.115088,-43.961891
FELIPE RIBEIRO,2024-02-04 18:33:36,356.0,0.8,-24.115731,-43.963131
FELIPE RIBEIRO,2024-02-04 18:35:37,241.9,0.9,-24.116013,-43.963638
FELIPE RIBEIRO,2024-02-04 18:37:55,237.8,1.1,-24.11636,-43.96428
FELIPE RIBEIRO,2024-02-04 18:51:26,233.9,0.9,-24.11885,-43.967808
FELIPE RIBEIRO,2024-02-04 18:54:17,236.7,0.9,-24.119338,-43.96854
FELIPE RIBEIRO,2024-02-04 19:04:28,234.9,1.1,-24.120981,-43.971293
FELIPE RIBEIRO,2024-02-04 19:25:37,236.3,1.0,-24.124403,-43.977223
FELIPE RIBEIRO,2024-02-04 19:31:56,239.4,1.0,-24.125491,-43.979015
FELIPE RIBEIRO,2024-02-04 20:13:07,218.8,0.8,-24.132435,-43.988945
FELIPE RIBEIRO,2024-02-04 20:16:26,2.4,0.9,-24.13315,-43.989553
FELIPE RIBEIRO,2024-02-04 20:18:25,356.2,0.8,-24.133515,-43.989891
FELIPE RIBEIRO,2024-02-04 20:19:28,0.0,0.7,-24.133731,-43.989973
FELIPE RIBEIRO,2024-02-04 20:45:06,301.5,0.0,-24.137686,-43.993431
FELIPE RIBEIRO,2024-02-04 21:03:36,1.7,0.4,-24.140443,-43.99529
FELIPE RIBEIRO,2024-02-04 21:09:06,2.7,0.4,-24.141168,-43.995905
FELIPE RIBEIRO,2024-02-04 21:11:16,359.2,0.4,-24.141426,-43.996081
FELIPE RIBEIRO,2024-02-04 21:13:57,355.0,0.2,-24.141633,-43.996338
FELIPE RIBEIRO,2024-02-04 21:14:46,353.8,0.2,-24.141678,-43.996411
FELIPE RIBEIRO,2024-02-04 21:18:37,2.6,0.2,-24.141763,-43.996708
FELIPE RIBEIRO,2024-02-04 21:49:58,358.9,0.4,-24.146271,-44.000276
FELIPE RIBEIRO,2024-02-04 21:54:36,358.8,0.4,-24.146791,-44.000715
FELIPE RIBEIRO,2024-02-04 21:57:46,359.6,0.4,-24.147056,-44.001026
FELIPE RIBEIRO,2024-02-04 22:03:08,2.0,0.4,-24.147585,-44.001568
FELIPE RIBEIRO,2024-02-04 22:26:26,5.6,0.4,-24.150181,-44.004071
FELIPE RIBEIRO,2024-02-04 22:32:37,1.4,0.5,-24.150805,-44.004815
FELIPE RIBEIRO,2024-02-04 22:49:27,0.6,0.5,-24.15242,-44.007071
FELIPE RIBEIRO,2024-02-04 22:53:26,356.0,0.6,-24.15288,-44.00754
FELIPE RIBEIRO,2024-02-04 22:56:26,359.6,0.6,-24.153306,-44.007868
FELIPE RIBEIRO,2024-02-04 22:59:56,3.0,0.6,-24.15382,-44.008266
FELIPE RIBEIRO,2024-02-04 23:32:48,0.4,0.7,-24.160081,-44.01285
FELIPE RIBEIRO,2024-02-04 23:39:07,356.3,0.7,-24.161293,-44.01376
FELIPE RIBEIRO,2024-02-04 23:42:37,358.6,0.8,-24.161963,-44.01433
FELIPE RIBEIRO,2024-02-04 23:46:58,355.2,0.8,-24.162818,-44.015055
FELIPE RIBEIRO,2024-02-04 23:48:46,0.2,0.8,-24.16315,-44.015336
FELIPE RIBEIRO,2024-02-04 23:48:56,0.1,0.8,-24.163186,-44.015376
FELIPE RIBEIRO,2024-02-04 23:49:56,359.3,0.8,-24.163396,-44.015585
FELIPE RIBEIRO,2024-02-04 23:50:06,359.2,0.8,-24.163418,-44.015595
FELIPE RIBEIRO,2024-02-04 23:50:56,358.5,0.8,-24.163606,-44.015703
FELIPE RIBEIRO,2024-02-04 23:51:57,357.8,0.8,-24.163818,-44.015863
FELIPE RIBEIRO,2024-02-05 00:09:58,356.1,0.7,-24.167376,-44.018751
FELIPE RIBEIRO,2024-02-05 00:13:28,355.1,0.7,-24.168053,-44.01929
FELIPE RIBEIRO,2024-02-05 00:40:56,358.7,0.9,-24.17339,-44.024451
FELIPE RIBEIRO,2024-02-05 01:31:27,359.3,0.7,-24.176341,-44.033718
FELIPE RIBEIRO,2024-02-05 01:36:17,237.7,1.1,-24.176991,-44.035123
FELIPE RIBEIRO,2024-02-05 01:50:28,0.4,0.7,-24.178315,-44.038456
FELIPE RIBEIRO,2024-02-05 01:53:06,3.4,0.8,-24.178371,-44.038953
FELIPE RIBEIRO,2024-02-05 02:04:28,243.1,1.0,-24.179313,-44.041961
FELIPE RIBEIRO,2024-02-05 02:07:27,237.9,1.0,-24.179766,-44.042861
FELIPE RIBEIRO,2024-02-05 02:28:08,3.1,0.8,-24.180758,-44.048011
FELIPE RIBEIRO,2024-02-05 02:55:37,248.3,1.1,-24.183711,-44.05624
FELIPE RIBEIRO,2024-02-05 03:15:46,258.0,1.1,-24.185746,-44.06252
FELIPE RIBEIRO,2024-02-05 03:49:08,252.5,1.2,-24.188765,-44.073933
FELIPE RIBEIRO,2024-02-05 03:56:57,253.2,1.2,-24.189588,-44.076823
FELIPE RIBEIRO,2024-02-05 04:35:15,249.1,0.9,-24.193713,-44.089338
FELIPE RIBEIRO,2024-02-05 04:36:15,248.9,1.0,-24.193835,-44.089648
FELIPE RIBEIRO,2024-02-05 04:36:34,248.0,1.0,-24.193873,-44.089748
FELIPE RIBEIRO,2024-02-05 04:36:45,248.3,0.9,-24.193893,-44.089811
FELIPE RIBEIRO,2024-02-05 04:37:15,247.6,1.0,-24.193948,-44.089963
FELIPE RIBEIRO,2024-02-05 04:37:34,247.8,1.0,-24.193986,-44.09006
FELIPE RIBEIRO,2024-02-05 04:38:15,250.2,1.1,-24.194073,-44.09029
FELIPE RIBEIRO,2024-02-05 04:38:55,248.7,1.0,-24.194158,-44.0905
FELIPE RIBEIRO,2024-02-05 04:39:24,249.9,1.0,-24.194213,-44.090663
FELIPE RIBEIRO,2024-02-05 04:40:35,249.6,1.0,-24.194388,-44.091001
FELIPE RIBEIRO,2024-02-05 04:40:55,251.7,1.0,-24.194413,-44.091113
FELIPE RIBEIRO,2024-02-05 04:41:35,249.6,1.0,-24.194478,-44.091331
FELIPE RIBEIRO,2024-02-05 04:42:55,249.0,1.0,-24.19463,-44.09174
FELIPE RIBEIRO,2024-02-05 04:44:07,250.2,1.0,-24.194745,-44.092078
FELIPE RIBEIRO,2024-02-05 05:02:26,252.5,1.1,-24.196713,-44.097718
FELIPE RIBEIRO,2024-02-05 05:05:35,250.3,0.9,-24.197016,-44.098726
FELIPE RIBEIRO,2024-02-05 05:07:46,2.0,0.9,-24.197326,-44.099343
FELIPE RIBEIRO,2024-02-05 05:09:56,2.6,0.9,-24.197616,-44.09992
FELIPE RIBEIRO,2024-02-05 05:54:37,0.7,0.8,-24.203206,-44.112501
FELIPE RIBEIRO,2024-02-05 05:58:46,251.5,0.9,-24.20375,-44.113581
FELIPE RIBEIRO,2024-02-05 06:49:17,237.9,1.1,-24.211813,-44.127783
FELIPE RIBEIRO,2024-02-05 06:51:47,237.0,1.1,-24.212295,-44.128555
FELIPE RIBEIRO,2024-02-05 07:00:25,235.1,1.1,-24.21397,-44.131221
FELIPE RIBEIRO,2024-02-05 07:07:15,235.9,1.1,-24.21534,-44.133375
FELIPE RIBEIRO,2024-02-05 07:33:38,224.0,1.3,-24.22161,-44.14171
FELIPE RIBEIRO,2024-02-05 07:35:15,224.6,1.3,-24.222031,-44.142215
FELIPE RIBEIRO,2024-02-05 07:37:16,224.4,1.3,-24.22263,-44.142786
FELIPE RIBEIRO,2024-02-05 07:40:26,224.0,1.2,-24.22344,-44.14375
FELIPE RIBEIRO,2024-02-05 07:41:07,226.5,1.3,-24.223631,-44.143955
FELIPE RIBEIRO,2024-02-05 07:44:26,224.2,1.3,-24.22459,-44.144945
FELIPE RIBEIRO,2024-02-05 08:11:56,217.4,1.3,-24.232393,-44.15273
FELIPE RIBEIRO,2024-02-05 08:14:27,216.8,1.3,-24.233128,-44.15339
FELIPE RIBEIRO,2024-02-05 09:12:47,214.3,1.2,-24.250438,-44.167015
FELIPE RIBEIRO,2024-02-05 09:15:07,213.6,1.1,-24.25107,-44.16754
FELIPE RIBEIRO,2024-02-05 09:22:57,211.8,1.1,-24.253235,-44.169115
FELIPE RIBEIRO,2024-02-05 09:55:36,204.7,1.1,-24.26283,-44.174941
FELIPE RIBEIRO,2024-02-05 09:57:46,208.8,1.1,-24.263468,-44.175281
FELIPE RIBEIRO,2024-02-05 10:06:47,266.0,1.2,-24.26574,-44.17718
FELIPE RIBEIRO,2024-02-05 10:55:37,235.1,1.0,-24.26924,-44.189375
FELIPE RIBEIRO,2024-02-05 11:43:47,57.3,5.8,-24.278206,-44.20263
FELIPE RIBEIRO,2024-02-05 11:49:18,57.7,7.9,-24.27228,-44.192938
FELIPE RIBEIRO,2024-02-05 11:50:05,57.0,8.2,-24.27127,-44.191235
FELIPE RIBEIRO,2024-02-05 11:52:25,59.7,8.8,-24.268226,-44.186118
FELIPE RIBEIRO,2024-02-05 12:01:36,57.8,8.9,-24.25575,-44.165261
FELIPE RIBEIRO,2024-02-05 12:04:36,57.5,9.0,-24.25163,-44.158345
FELIPE RIBEIRO,2024-02-05 12:41:28,55.5,9.1,-24.2003,-44.074276
FELIPE RIBEIRO,2024-02-05 13:18:47,55.1,9.2,-24.145753,-43.989503
FELIPE RIBEIRO,2024-02-05 13:19:46,53.1,9.2,-24.144305,-43.98722
FELIPE RIBEIRO,2024-02-05 13:31:38,58.6,9.1,-24.12635,-43.960041
FELIPE RIBEIRO,2024-02-05 13:47:48,60.7,8.9,-24.10534,-43.921311
FELIPE RIBEIRO,2024-02-05 13:55:38,62.3,9.0,-24.096178,-43.902585
FELIPE RIBEIRO,2024-02-05 14:25:06,74.9,2.0,-24.070041,-43.844066
FELIPE RIBEIRO,2024-02-05 14:28:26,85.5,1.3,-24.069838,-43.842355
FELIPE RIBEIRO,2024-02-05 14:32:37,0.8,0.6,-24.069848,-43.841123
FELIPE RIBEIRO,2024-02-05 14:38:55,356.8,0.5,-24.07015,-43.840553
FELIPE RIBEIRO,2024-02-05 14:59:07,359.3,0.8,-24.073576,-43.843386
FELIPE RIBEIRO,2024-02-05 15:03:57,0.3,0.9,-24.074636,-43.844175
FELIPE RIBEIRO,2024-02-05 15:38:27,233.1,1.2,-24.082311,-43.852721
FELIPE RIBEIRO,2024-02-05 15:44:17,221.3,1.1,-24.08366,-43.85436
FELIPE RIBEIRO,2024-02-05 15:53:57,221.4,1.1,-24.08607,-43.856548
FELIPE RIBEIRO,2024-02-05 16:29:45,241.6,1.1,-24.09301,-43.86609
FELIPE RIBEIRO,2024-02-05 16:31:54,240.6,1.2,-24.09339,-43.866755
FELIPE RIBEIRO,2024-02-05 16:32:54,239.5,1.1,-24.093533,-43.867076
FELIPE RIBEIRO,2024-02-05 16:33:12,239.8,1.1,-24.093576,-43.867165
FELIPE RIBEIRO,2024-02-05 16:35:43,236.2,1.0,-24.094073,-43.867911
FELIPE RIBEIRO,2024-02-05 16:37:32,241.0,1.2,-24.094395,-43.868451
FELIPE RIBEIRO,2024-02-05 16:37:54,239.1,1.0,-24.094455,-43.868561
FELIPE RIBEIRO,2024-02-05 17:32:27,249.5,1.1,-24.103043,-43.886285
FELIPE RIBEIRO,2024-02-05 17:34:37,250.0,1.2,-24.103311,-43.887081
FELIPE RIBEIRO,2024-02-05 17:36:46,251.1,1.2,-24.103543,-43.887933
FELIPE RIBEIRO,2024-02-05 18:05:35,245.0,1.3,-24.107648,-43.898595
FELIPE RIBEIRO,2024-02-05 18:06:13,245.0,1.3,-24.107751,-43.89881
FELIPE RIBEIRO,2024-02-05 18:06:44,245.2,1.3,-24.107826,-43.898998
FELIPE RIBEIRO,2024-02-05 18:08:04,244.6,1.3,-24.108068,-43.89952
FELIPE RIBEIRO,2024-02-05 18:08:13,243.9,1.2,-24.108093,-43.899575
FELIPE RIBEIRO,2024-02-05 18:08:15,243.9,1.2,-24.108093,-43.899575
FELIPE RIBEIRO,2024-02-05 18:11:43,244.9,1.3,-24.10859,-43.90085
FELIPE RIBEIRO,2024-02-05 18:12:15,247.7,1.2,-24.108673,-43.901036
FELIPE RIBEIRO,2024-02-05 18:33:47,247.8,1.2,-24.111325,-43.909156
FELIPE RIBEIRO,2024-02-05 18:46:27,246.2,1.2,-24.112993,-43.91372
FELIPE RIBEIRO,2024-02-05 19:07:46,250.5,1.1,-24.115671,-43.920905
FELIPE RIBEIRO,2024-02-05 19:15:27,254.9,1.1,-24.11644,-43.923353
FELIPE RIBEIRO,2024-02-05 19:18:15,254.3,1.2,-24.11667,-43.924406
FELIPE RIBEIRO,2024-02-05 19:18:16,254.3,1.2,-24.11667,-43.924406
FELIPE RIBEIRO,2024-02-05 20:13:56,253.7,1.4,-24.122973,-43.944606
FELIPE RIBEIRO,2024-02-05 20:17:37,253.6,1.3,-24.123365,-43.946045
FELIPE RIBEIRO,2024-02-05 20:53:56,259.8,1.3,-24.126855,-43.960093
FELIPE RIBEIRO,2024-02-05 21:48:07,265.3,1.5,-24.130345,-43.982571
FELIPE RIBEIRO,2024-02-05 22:02:37,272.1,1.5,-24.130468,-43.988595
FELIPE RIBEIRO,2024-02-05 22:07:27,270.2,1.5,-24.130426,-43.990808
FELIPE RIBEIRO,2024-02-05 22:39:05,278.2,1.1,-24.129151,-44.003715
FELIPE RIBEIRO,2024-02-05 23:07:27,284.5,1.3,-24.126878,-44.01503
FELIPE RIBEIRO,2024-02-05 23:10:27,281.7,1.2,-24.12662,-44.016248
FELIPE RIBEIRO,2024-02-05 23:14:26,282.4,1.3,-24.126296,-44.017808
FELIPE RIBEIRO,2024-02-05 23:16:36,283.0,1.2,-24.12608,-44.018716
FELIPE RIBEIRO,2024-02-05 23:19:36,281.6,1.3,-24.125846,-44.019945
FELIPE RIBEIRO,2024-02-05 23:41:36,279.4,1.4,-24.124323,-44.029083
FELIPE RIBEIRO,2024-02-05 23:44:27,285.0,1.2,-24.124101,-44.030245
FELIPE RIBEIRO,2024-02-05 23:45:15,284.8,1.2,-24.12406,-44.030553
FELIPE RIBEIRO,2024-02-05 23:47:17,279.3,1.4,-24.123885,-44.031388
FELIPE RIBEIRO,2024-02-05 23:47:46,277.8,1.4,-24.123856,-44.031593
FELIPE RIBEIRO,2024-02-06 00:19:26,276.6,1.3,-24.122035,-44.044841
FELIPE RIBEIRO,2024-02-06 00:23:07,277.4,1.3,-24.121808,-44.046391
FELIPE RIBEIRO,2024-02-06 00:24:26,277.5,1.3,-24.121756,-44.046985
FELIPE RIBEIRO,2024-02-06 00:25:58,278.0,1.3,-24.121626,-44.047613
FELIPE RIBEIRO,2024-02-06 00:37:07,279.7,1.3,-24.120936,-44.052258
FELIPE RIBEIRO,2024-02-06 00:49:08,281.8,1.3,-24.12005,-44.05719
FELIPE RIBEIRO,2024-02-06 01:00:07,283.6,1.4,-24.119018,-44.061783
FELIPE RIBEIRO,2024-02-06 01:00:46,283.5,1.4,-24.118996,-44.062058
FELIPE RIBEIRO,2024-02-06 01:05:08,283.6,1.3,-24.118551,-44.06387
FELIPE RIBEIRO,2024-02-06 01:07:07,281.5,1.3,-24.118363,-44.064721
FELIPE RIBEIRO,2024-02-06 01:10:47,283.4,1.4,-24.118073,-44.066351
FELIPE RIBEIRO,2024-02-06 01:19:16,283.0,1.4,-24.117338,-44.070051
FELIPE RIBEIRO,2024-02-06 01:21:16,282.5,1.4,-24.117125,-44.07091
FELIPE RIBEIRO,2024-02-06 01:21:27,282.1,1.4,-24.117103,-44.070973
FELIPE RIBEIRO,2024-02-06 01:22:27,281.8,1.5,-24.117031,-44.07142
FELIPE RIBEIRO,2024-02-06 01:22:36,283.3,1.5,-24.117018,-44.071491
FELIPE RIBEIRO,2024-02-06 01:24:16,281.6,1.4,-24.116878,-44.072223
FELIPE RIBEIRO,2024-02-06 01:24:36,282.1,1.4,-24.11685,-44.072363
FELIPE RIBEIRO,2024-02-06 01:25:55,282.6,1.4,-24.116735,-44.072941
FELIPE RIBEIRO,2024-02-06 01:27:27,282.1,1.4,-24.116593,-44.073576
FELIPE RIBEIRO,2024-02-06 02:01:37,283.4,1.3,-24.11361,-44.087553
FELIPE RIBEIRO,2024-02-06 02:04:07,281.4,1.3,-24.113418,-44.08852
FELIPE RIBEIRO,2024-02-06 02:05:16,282.1,1.2,-24.113343,-44.088983
FELIPE RIBEIRO,2024-02-06 02:52:17,279.4,1.3,-24.10979,-44.10741
FELIPE RIBEIRO,2024-02-06 03:11:57,280.3,1.3,-24.108738,-44.11474
FELIPE RIBEIRO,2024-02-06 03:15:06,280.1,1.2,-24.108583,-44.115845
FELIPE RIBEIRO,2024-02-06 03:39:27,277.2,1.3,-24.107395,-44.124763
FELIPE RIBEIRO,2024-02-06 03:42:45,277.2,1.1,-24.107258,-44.125923
FELIPE RIBEIRO,2024-02-06 03:52:07,276.9,1.0,-24.1069,-44.129121
FELIPE RIBEIRO,2024-02-06 04:09:56,275.4,0.9,-24.106286,-44.135531
FELIPE RIBEIRO,2024-02-06 04:10:18,276.2,1.1,-24.10627,-44.135655
FELIPE RIBEIRO,2024-02-06 04:52:15,358.2,0.8,-24.10589,-44.148996
FELIPE RIBEIRO,2024-02-06 04:52:45,358.1,0.8,-24.105915,-44.14913
FELIPE RIBEIRO,2024-02-06 04:52:56,356.6,0.9,-24.105923,-44.14918
FELIPE RIBEIRO,2024-02-06 04:53:15,356.4,0.9,-24.105935,-44.149261
FELIPE RIBEIRO,2024-02-06 04:53:45,357.7,0.8,-24.105965,-44.149395
FELIPE RIBEIRO,2024-02-06 04:54:15,357.5,0.8,-24.105961,-44.149536
FELIPE RIBEIRO,2024-02-06 04:54:45,357.4,0.8,-24.105978,-44.149676
FELIPE RIBEIRO,2024-02-06 04:55:47,357.0,0.8,-24.105998,-44.149943
FELIPE RIBEIRO,2024-02-06 04:56:34,1.1,0.9,-24.106055,-44.150165
FELIPE RIBEIRO,2024-02-06 04:58:36,357.2,0.7,-24.10609,-44.150718
FELIPE RIBEIRO,2024-02-06 05:01:15,359.9,0.8,-24.106156,-44.151475
FELIPE RIBEIRO,2024-02-06 05:02:17,354.4,0.7,-24.10621,-44.151726
FELIPE RIBEIRO,2024-02-06 05:03:14,0.7,0.7,-24.106198,-44.152016
FELIPE RIBEIRO,2024-02-06 05:29:48,0.3,0.6,-24.107393,-44.158485
FELIPE RIBEIRO,2024-02-06 05:44:38,4.4,0.6,-24.108405,-44.161683
FELIPE RIBEIRO,2024-02-06 05:46:48,3.5,0.6,-24.108601,-44.16207
FELIPE RIBEIRO,2024-02-06 05:50:38,7.5,0.5,-24.108901,-44.162891
FELIPE RIBEIRO,2024-02-06 05:52:48,2.5,0.4,-24.109158,-44.163173
FELIPE RIBEIRO,2024-02-06 06:38:06,2.6,0.5,-24.112955,-44.169581
FELIPE RIBEIRO,2024-02-06 06:40:28,4.3,0.5,-24.113196,-44.169853
FELIPE RIBEIRO,2024-02-06 06:42:17,5.9,0.5,-24.1134,-44.170073
FELIPE RIBEIRO,2024-02-06 06:44:28,356.6,0.3,-24.113558,-44.17031
FELIPE RIBEIRO,2024-02-06 06:44:38,356.9,0.3,-24.113576,-44.170333
FELIPE RIBEIRO,2024-02-06 07:08:47,359.9,0.4,-24.115981,-44.173543
FELIPE RIBEIRO,2024-02-06 07:17:47,353.6,0.5,-24.116801,-44.174818
FELIPE RIBEIRO,2024-02-06 07:18:35,356.6,0.4,-24.116865,-44.174928
FELIPE RIBEIRO,2024-02-06 07:44:27,358.9,0.4,-24.118706,-44.178286
FELIPE RIBEIRO,2024-02-06 07:46:47,349.3,0.3,-24.118836,-44.178591
FELIPE RIBEIRO,2024-02-06 07:50:56,1.3,0.3,-24.119015,-44.179151
FELIPE RIBEIRO,2024-02-06 08:11:25,356.9,0.4,-24.12008,-44.181646
FELIPE RIBEIRO,2024-02-06 08:50:46,5.9,0.5,-24.121533,-44.186496
FELIPE RIBEIRO,2024-02-06 08:54:27,2.0,0.6,-24.121673,-44.186985
FELIPE RIBEIRO,2024-02-06 09:04:26,354.0,0.5,-24.122128,-44.188355
FELIPE RIBEIRO,2024-02-06 09:05:35,353.0,0.5,-24.122175,-44.188503
FELIPE RIBEIRO,2024-02-06 09:08:57,350.9,0.4,-24.12233,-44.188983
FELIPE RIBEIRO,2024-02-06 09:30:25,358.4,0.4,-24.123275,-44.192113
FELIPE RIBEIRO,2024-02-06 09:35:55,352.0,0.4,-24.123468,-44.192758
FELIPE RIBEIRO,2024-02-06 09:51:47,0.3,0.4,-24.124313,-44.194855
FELIPE RIBEIRO,2024-02-06 09:56:35,359.1,0.2,-24.124611,-44.195495
FELIPE RIBEIRO,2024-02-06 10:06:57,358.3,0.2,-24.124991,-44.196713
FELIPE RIBEIRO,2024-02-06 10:09:28,359.3,0.2,-24.125136,-44.197003
FELIPE RIBEIRO,2024-02-06 10:48:48,358.4,0.2,-24.126713,-44.201416
FELIPE RIBEIRO,2024-02-06 11:34:26,11.6,0.1,-24.127751,-44.205788
FELIPE RIBEIRO,2024-02-06 11:37:45,353.5,0.2,-24.127798,-44.206055
FELIPE RIBEIRO,2024-02-06 11:41:58,4.2,0.3,-24.127833,-44.20637
FELIPE RIBEIRO,2024-02-06 11:54:56,355.4,0.3,-24.127978,-44.207438
FELIPE RIBEIRO,2024-02-06 11:56:47,338.8,0.1,-24.127955,-44.207548
FELIPE RIBEIRO,2024-02-06 11:57:26,339.3,0.1,-24.127955,-44.207596
FELIPE RIBEIRO,2024-02-06 11:57:48,6.2,0.2,-24.127955,-44.207621
FELIPE RIBEIRO,2024-02-06 12:01:16,7.6,0.2,-24.127953,-44.207941
FELIPE RIBEIRO,2024-02-06 12:05:06,342.1,0.1,-24.127998,-44.208306
FELIPE RIBEIRO,2024-02-06 13:04:57,1.8,0.4,-24.126863,-44.212846
FELIPE RIBEIRO,2024-02-06 13:18:07,354.1,0.2,-24.12655,-44.213918
FELIPE RIBEIRO,2024-02-06 13:32:57,3.9,0.4,-24.126213,-44.215188
FELIPE RIBEIRO,2024-02-06 13:34:16,352.0,0.3,-24.126148,-44.215258
FELIPE RIBEIRO,2024-02-06 13:35:46,351.9,0.3,-24.126126,-44.21539
FELIPE RIBEIRO,2024-02-06 13:41:58,359.3,0.1,-24.125886,-44.21589
FELIPE RIBEIRO,2024-02-06 14:01:45,0.1,0.5,-24.125261,-44.21745
FELIPE RIBEIRO,2024-02-06 14:04:45,10.9,0.2,-24.125176,-44.217658
FELIPE RIBEIRO,2024-02-06 14:10:16,359.3,0.5,-24.125013,-44.21814
FELIPE RIBEIRO,2024-02-06 14:13:56,351.2,0.1,-24.124935,-44.218425
FELIPE RIBEIRO,2024-02-06 14:19:16,352.8,0.1,-24.12469,-44.218768
FELIPE RIBEIRO,2024-02-06 14:38:45,357.7,0.2,-24.12421,-44.22011
FELIPE RIBEIRO,2024-02-06 14:41:57,0.9,0.1,-24.124158,-44.220318
FELIPE RIBEIRO,2024-02-06 14:53:37,353.5,0.3,-24.123725,-44.220951
FELIPE RIBEIRO,2024-02-06 15:06:27,0.1,0.3,-24.123411,-44.22167
FELIPE RIBEIRO,2024-02-06 15:18:17,338.3,0.1,-24.12295,-44.222078
FELIPE RIBEIRO,2024-02-06 15:20:07,250.2,0.0,-24.122861,-44.222158
FELIPE RIBEIRO,2024-02-06 15:22:37,7.3,0.2,-24.122711,-44.222223
FELIPE RIBEIRO,2024-02-06 15:24:57,7.2,0.2,-24.122608,-44.222271
FELIPE RIBEIRO,2024-02-06 15:27:28,7.7,0.2,-24.122525,-44.222368
FELIPE RIBEIRO,2024-02-06 15:46:37,355.9,0.1,-24.122018,-44.222406
FELIPE RIBEIRO,2024-02-06 15:52:16,9.0,0.1,-24.121981,-44.222325
FELIPE RIBEIRO,2024-02-06 15:53:26,12.9,0.1,-24.12195,-44.22228
FELIPE RIBEIRO,2024-02-06 15:58:47,1.5,0.2,-24.121573,-44.221986
FELIPE RIBEIRO,2024-02-06 16:05:08,356.3,0.1,-24.121181,-44.221658
FELIPE RIBEIRO,2024-02-06 16:15:07,322.9,0.0,-24.120808,-44.221508
FELIPE RIBEIRO,2024-02-06 16:31:28,353.0,0.2,-24.119985,-44.221243
FELIPE RIBEIRO,2024-02-06 16:32:26,353.5,0.2,-24.119956,-44.221238
FELIPE RIBEIRO,2024-02-06 16:46:43,2.9,0.4,-24.11885,-44.2205
FELIPE RIBEIRO,2024-02-06 16:46:54,2.9,0.5,-24.118825,-44.22049
FELIPE RIBEIRO,2024-02-06 16:47:24,3.0,0.5,-24.118793,-44.220466
FELIPE RIBEIRO,2024-02-06 16:47:54,3.1,0.4,-24.118731,-44.22043
FELIPE RIBEIRO,2024-02-06 16:48:24,3.2,0.5,-24.11865,-44.22038
FELIPE RIBEIRO,2024-02-06 16:59:07,346.6,0.2,-24.117381,-44.219645
FELIPE RIBEIRO,2024-02-06 17:11:07,1.7,0.2,-24.116223,-44.219023
FELIPE RIBEIRO,2024-02-06 17:13:28,1.4,0.4,-24.116001,-44.218903
FELIPE RIBEIRO,2024-02-06 17:43:17,353.4,0.4,-24.111943,-44.218038
FELIPE RIBEIRO,2024-02-06 17:50:47,2.0,0.5,-24.11079,-44.218048
FELIPE RIBEIRO,2024-02-06 18:14:57,359.0,0.5,-24.106123,-44.219185
FELIPE RIBEIRO,2024-02-06 18:21:26,1.4,0.9,-24.104691,-44.219276
FELIPE RIBEIRO,2024-02-06 18:24:24,4.3,0.8,-24.103913,-44.219328
FELIPE RIBEIRO,2024-02-06 18:26:04,0.7,0.8,-24.103475,-44.219381
FELIPE RIBEIRO,2024-02-06 18:27:44,4.0,0.7,-24.103103,-44.219448
FELIPE RIBEIRO,2024-02-06 18:44:38,2.3,0.5,-24.100368,-44.220831
FELIPE RIBEIRO,2024-02-06 18:52:26,358.9,0.8,-24.098831,-44.221648
FELIPE RIBEIRO,2024-02-06 19:08:46,357.0,0.7,-24.09605,-44.22321
FELIPE RIBEIRO,2024-02-06 19:15:37,359.4,0.7,-24.094895,-44.223713
FELIPE RIBEIRO,2024-02-06 19:16:06,357.9,0.8,-24.094811,-44.223818
FELIPE RIBEIRO,2024-02-06 19:21:56,355.8,0.7,-24.0938,-44.224431
FELIPE RIBEIRO,2024-02-06 19:26:47,354.4,0.6,-24.092951,-44.224996
FELIPE RIBEIRO,2024-02-06 19:49:17,0.0,0.6,-24.089981,-44.22772
FELIPE RIBEIRO,2024-02-06 19:52:35,0.0,0.6,-24.08956,-44.228188
FELIPE RIBEIRO,2024-02-06 20:02:26,356.1,0.4,-24.08812,-44.229611
FELIPE RIBEIRO,2024-02-06 20:05:36,262.9,3.9,-24.088473,-44.231526
FELIPE RIBEIRO,2024-02-06 20:27:07,77.1,10.0,-24.065261,-44.205893
FELIPE RIBEIRO,2024-02-06 20:31:46,77.1,10.1,-24.062205,-44.191976
FELIPE RIBEIRO,2024-02-06 20:50:26,76.1,10.3,-24.049655,-44.135435
FELIPE RIBEIRO,2024-02-06 20:53:47,77.1,10.3,-24.047486,-44.125273
FELIPE RIBEIRO,2024-02-06 20:59:37,76.9,10.2,-24.043758,-44.107506
FELIPE RIBEIRO,2024-02-06 21:06:17,77.2,10.1,-24.039623,-44.08726
FELIPE RIBEIRO,2024-02-06 21:08:48,78.8,10.0,-24.038158,-44.079683
FELIPE RIBEIRO,2024-02-06 21:43:25,80.1,10.1,-24.019536,-43.974781
FELIPE RIBEIRO,2024-02-06 22:14:57,354.9,1.3,-24.000521,-43.9259
FELIPE RIBEIRO,2024-02-06 22:45:06,356.4,0.4,-23.995308,-43.928648
FELIPE RIBEIRO,2024-02-06 22:50:57,357.1,0.3,-23.99487,-43.92921
FELIPE RIBEIRO,2024-02-06 23:24:25,359.0,0.2,-23.993793,-43.931353
FELIPE RIBEIRO,2024-02-06 23:42:36,3.5,0.2,-23.99341,-43.932206
FELIPE RIBEIRO,2024-02-06 23:54:08,1.7,0.3,-23.993085,-43.932633
FELIPE RIBEIRO,2024-02-07 00:04:08,2.4,0.2,-23.99294,-43.932976
FELIPE RIBEIRO,2024-02-07 00:09:46,1.7,0.1,-23.992683,-43.933151
FELIPE RIBEIRO,2024-02-07 00:30:47,1.7,0.2,-23.992195,-43.934315
FELIPE RIBEIRO,2024-02-07 00:32:57,1.7,0.2,-23.99205,-43.934398
FELIPE RIBEIRO,2024-02-07 00:47:57,359.7,0.2,-23.991583,-43.935323
FELIPE RIBEIRO,2024-02-07 00:55:37,359.7,0.3,-23.991315,-43.935738
FELIPE RIBEIRO,2024-02-07 00:55:46,359.9,0.4,-23.991315,-43.935753
FELIPE RIBEIRO,2024-02-07 01:01:45,357.8,0.1,-23.991136,-43.93613
FELIPE RIBEIRO,2024-02-07 01:05:56,359.2,0.3,-23.991003,-43.936423
FELIPE RIBEIRO,2024-02-07 01:06:38,359.6,0.3,-23.990988,-43.936448
FELIPE RIBEIRO,2024-02-07 01:10:07,358.2,0.1,-23.990893,-43.936665
FELIPE RIBEIRO,2024-02-07 01:56:56,13.0,0.1,-23.990206,-43.940445
FELIPE RIBEIRO,2024-02-07 02:40:27,359.5,0.2,-23.990336,-43.944236
FELIPE RIBEIRO,2024-02-07 03:02:27,356.5,0.1,-23.990636,-43.946041
FELIPE RIBEIRO,2024-02-07 03:04:36,1.0,0.6,-23.990646,-43.946166
FELIPE RIBEIRO,2024-02-07 03:07:58,11.2,0.2,-23.990668,-43.946428
FELIPE RIBEIRO,2024-02-07 03:37:26,353.6,0.1,-23.991235,-43.948601
FELIPE RIBEIRO,2024-02-07 03:39:06,11.3,0.2,-23.991256,-43.948798
FELIPE RIBEIRO,2024-02-07 03:42:36,352.6,0.1,-23.991303,-43.949065
FELIPE RIBEIRO,2024-02-07 03:46:16,2.9,0.3,-23.991343,-43.949375
FELIPE RIBEIRO,2024-02-07 04:01:27,8.8,0.4,-23.991335,-43.950675
FELIPE RIBEIRO,2024-02-07 04:28:47,0.5,0.3,-23.99078,-43.95306
FELIPE RIBEIRO,2024-02-07 04:57:47,9.3,0.1,-23.990723,-43.95476
FELIPE RIBEIRO,2024-02-07 05:07:06,12.3,0.2,-23.99079,-43.955191
FELIPE RIBEIRO,2024-02-07 05:08:06,13.1,0.2,-23.990846,-43.955208
FELIPE RIBEIRO,2024-02-07 05:11:06,17.0,0.1,-23.990925,-43.955401
FELIPE RIBEIRO,2024-02-07 05:11:15,17.2,0.2,-23.990933,-43.955411
FELIPE RIBEIRO,2024-02-07 05:11:36,359.3,0.3,-23.990941,-43.955445
FELIPE RIBEIRO,2024-02-07 05:12:06,18.4,0.1,-23.990961,-43.955471
FELIPE RIBEIRO,2024-02-07 05:14:46,355.4,0.2,-23.99105,-43.955566
FELIPE RIBEIRO,2024-02-07 05:15:15,355.7,0.2,-23.991075,-43.955548
FELIPE RIBEIRO,2024-02-07 05:15:46,23.0,0.1,-23.991095,-43.95556
FELIPE RIBEIRO,2024-02-07 05:19:46,27.4,0.1,-23.991216,-43.95584
FELIPE RIBEIRO,2024-02-07 05:39:28,310.0,0.0,-23.99177,-43.956863
FELIPE RIBEIRO,2024-02-07 05:44:36,310.2,0.0,-23.99187,-43.957093
FELIPE RIBEIRO,2024-02-07 06:37:16,17.1,0.1,-23.993178,-43.95904
FELIPE RIBEIRO,2024-02-07 06:47:28,288.5,0.0,-23.99345,-43.959368
FELIPE RIBEIRO,2024-02-07 07:22:28,329.9,10.0,-23.953446,-43.994348
FELIPE RIBEIRO,2024-02-07 07:25:28,328.6,9.9,-23.946261,-43.998926
FELIPE RIBEIRO,2024-02-07 07:27:46,327.4,9.8,-23.940871,-44.002485
FELIPE RIBEIRO,2024-02-07 07:28:26,329.1,9.9,-23.939276,-44.003508
FELIPE RIBEIRO,2024-02-07 07:52:26,323.7,10.1,-23.88496,-44.045408
FELIPE RIBEIRO,2024-02-07 07:56:26,322.6,10.1,-23.875818,-44.052728
FELIPE RIBEIRO,2024-02-07 08:39:37,317.8,10.2,-23.781151,-44.137603
FELIPE RIBEIRO,2024-02-07 08:55:48,308.5,10.0,-23.749961,-44.173583
FELIPE RIBEIRO,2024-02-07 09:04:56,330.2,10.0,-23.731233,-44.191931
FELIPE RIBEIRO,2024-02-07 09:10:26,329.3,10.2,-23.71782,-44.200458
FELIPE RIBEIRO,2024-02-07 09:44:37,333.4,10.3,-23.632861,-44.252898
FELIPE RIBEIRO,2024-02-07 09:47:17,332.2,10.2,-23.62607,-44.25656
FELIPE RIBEIRO,2024-02-07 09:53:15,335.8,10.3,-23.61066,-44.264718
FELIPE RIBEIRO,2024-02-07 09:56:05,336.7,10.3,-23.60322,-44.268225
FELIPE RIBEIRO,2024-02-07 10:19:56,334.0,10.2,-23.540928,-44.29925
FELIPE RIBEIRO,2024-02-07 10:37:56,338.2,10.3,-23.494266,-44.32315
FELIPE RIBEIRO,2024-02-07 10:43:26,339.9,10.3,-23.4795,-44.329421
FELIPE RIBEIRO,2024-02-07 10:55:26,338.1,10.3,-23.447291,-44.3431
FELIPE RIBEIRO,2024-02-07 12:19:46,356.2,7.5,-23.220965,-44.41318
FELIPE RIBEIRO,2024-02-07 12:25:47,358.8,6.3,-23.209715,-44.413858
FELIPE RIBEIRO,2024-02-07 12:27:56,356.1,6.1,-23.205983,-44.414085
FELIPE RIBEIRO,2024-02-07 12:28:26,354.9,6.1,-23.205186,-44.414146
FELIPE RIBEIRO,2024-02-07 12:30:26,358.5,5.6,-23.2019,-44.414378
FELIPE RIBEIRO,2024-02-07 13:00:07,358.7,5.0,-23.158961,-44.415343
FELIPE RIBEIRO,2024-02-07 13:05:17,358.1,5.0,-23.151641,-44.415476
FELIPE RIBEIRO,2024-02-07 13:08:37,0.4,5.0,-23.146878,-44.415666
FELIPE RIBEIRO,2024-02-07 13:40:45,0.8,0.7,-23.119301,-44.425736
FELIPE RIBEIRO,2024-02-07 13:44:58,4.6,0.6,-23.119348,-44.425143
FELIPE RIBEIRO,2024-02-07 13:53:37,357.8,0.4,-23.119365,-44.42326
FELIPE RIBEIRO,2024-02-07 17:16:29,4.2,0.1,-23.116331,-44.425656
FELIPE RIBEIRO,2024-02-07 17:52:29,157.0,0.0,-23.116178,-44.426763
FELIPE RIBEIRO,2024-02-07 19:28:29,146.2,0.0,-23.11638,-44.426931
FELIPE RIBEIRO,2024-02-08 00:46:28,112.3,0.0,-23.117358,-44.428106
FELIPE RIBEIRO,2024-02-08 06:55:29,0.7,0.1,-23.120186,-44.424663
FELIPE RIBEIRO,2024-02-08 13:55:28,177.8,0.0,-23.116156,-44.426116
FELIPE RIBEIRO,2024-02-08 15:16:28,349.3,0.1,-23.116045,-44.42639
FELIPE RIBEIRO,2024-02-08 17:25:26,150.6,0.0,-23.116263,-44.427023
FELIPE RIBEIRO,2024-02-08 17:28:28,150.5,0.0,-23.11627,-44.427043
FELIPE RIBEIRO,2024-02-08 17:37:28,148.6,0.0,-23.116376,-44.42709
FELIPE RIBEIRO,2024-02-08 19:04:29,131.6,0.0,-23.116621,-44.427525
FELIPE RIBEIRO,2024-02-08 23:07:29,345.8,0.2,-23.11899,-44.429051
FELIPE RIBEIRO,2024-02-09 01:13:28,355.9,0.2,-23.118595,-44.429055
FELIPE RIBEIRO,2024-02-09 04:13:26,44.9,0.0,-23.120135,-44.427891
FELIPE RIBEIRO,2024-02-09 04:40:31,31.5,0.0,-23.120455,-44.427521
FELIPE RIBEIRO,2024-02-09 04:43:31,29.7,0.0,-23.120463,-44.427483
FELIPE RIBEIRO,2024-02-09 06:34:29,3.5,0.1,-23.120745,-44.426891
FELIPE RIBEIRO,2024-02-09 06:40:29,6.4,0.1,-23.120721,-44.426896
FELIPE RIBEIRO,2024-02-09 11:43:28,4.2,0.1,-23.11979,-44.424881
FELIPE RIBEIRO,2024-02-09 13:25:28,203.4,0.0,-23.116358,-44.425381
FELIPE RIBEIRO,2024-02-10 01:07:28,109.8,0.0,-23.11765,-44.428735
FELIPE RIBEIRO,2024-02-10 02:49:29,358.2,0.1,-23.1162,-44.426716
FELIPE RIBEIRO,2024-02-10 03:37:29,3.9,0.1,-23.117045,-44.424745
FELIPE RIBEIRO,2024-02-10 10:19:29,291.2,0.0,-23.119665,-44.424136
FELIPE RIBEIRO,2024-02-10 17:49:29,233.3,0.0,-23.117376,-44.42431
FELIPE RIBEIRO,2024-02-10 18:31:27,243.1,0.0,-23.11769,-44.423893
FELIPE RIBEIRO,2024-02-10 19:34:29,18.3,0.2,-23.119375,-44.42396
FELIPE RIBEIRO,2024-02-10 21:16:29,33.8,0.0,-23.120491,-44.427668
FELIPE RIBEIRO,2024-02-11 01:49:28,55.0,0.0,-23.119818,-44.428411
FELIPE RIBEIRO,2024-02-11 02:22:29,353.4,0.2,-23.118971,-44.428763
FELIPE RIBEIRO,2024-02-11 04:28:29,352.3,0.1,-23.118973,-44.428685
FELIPE RIBEIRO,2024-02-11 04:40:27,350.6,0.1,-23.119071,-44.428631
FELIPE RIBEIRO,2024-02-11 05:10:29,68.0,0.0,-23.119531,-44.42847
FELIPE RIBEIRO,2024-02-11 06:28:29,46.6,0.0,-23.12014,-44.427908
FELIPE RIBEIRO,2024-02-11 07:28:29,52.0,0.0,-23.119968,-44.428011
FELIPE RIBEIRO,2024-02-11 13:10:29,11.9,0.1,-23.119191,-44.424218
FELIPE RIBEIRO,2024-02-11 15:01:29,207.4,0.0,-23.11658,-44.425013
FELIPE RIBEIRO,2024-02-11 17:25:19,240.4,0.0,-23.117411,-44.424123
FELIPE RIBEIRO,2024-02-11 19:34:29,217.7,0.0,-23.116786,-44.424875
FELIPE RIBEIRO,2024-02-11 22:37:29,336.8,0.0,-23.120451,-44.425851
FELIPE RIBEIRO,2024-02-12 00:13:28,354.4,0.1,-23.12087,-44.426396
FELIPE RIBEIRO,2024-02-12 01:04:29,344.9,0.1,-23.120613,-44.426053
FELIPE RIBEIRO,2024-02-12 05:01:26,216.5,0.0,-23.117068,-44.424755
FELIPE RIBEIRO,2024-02-12 05:25:28,12.1,0.1,-23.117628,-44.424373
FELIPE RIBEIRO,2024-02-12 16:52:26,190.8,0.0,-23.116281,-44.425686
FELIPE RIBEIRO,2024-02-12 16:58:26,11.8,0.1,-23.116331,-44.425591
FELIPE RIBEIRO,2024-02-12 18:28:29,239.1,0.0,-23.117341,-44.424313
FELIPE RIBEIRO,2024-02-12 18:31:27,240.5,0.0,-23.117366,-44.424348
FELIPE RIBEIRO,2024-02-13 10:37:38,170.8,5.6,-23.123238,-44.43242
FELIPE RIBEIRO,2024-02-13 10:42:18,120.4,8.1,-23.129808,-44.426438
FELIPE RIBEIRO,2024-02-13 11:08:48,66.7,10.4,-23.116333,-44.353755
FELIPE RIBEIRO,2024-02-13 11:14:09,66.9,10.4,-23.110161,-44.33844
FELIPE RIBEIRO,2024-02-13 11:19:49,66.7,10.4,-23.10362,-44.322133
FELIPE RIBEIRO,2024-02-13 11:29:18,68.4,10.5,-23.092686,-44.29464
FELIPE RIBEIRO,2024-02-13 11:32:47,65.0,10.2,-23.088733,-44.284578
FELIPE RIBEIRO,2024-02-13 11:51:48,68.3,7.4,-23.072205,-44.239611
FELIPE RIBEIRO,2024-02-13 11:54:07,67.3,6.4,-23.07052,-44.23519
FELIPE RIBEIRO,2024-02-13 12:12:46,282.5,2.1,-23.060321,-44.224238
FELIPE RIBEIRO,2024-02-13 23:20:21,353.2,0.5,-23.062155,-44.220373
FELIPE RIBEIRO,2024-02-13 23:26:01,234.4,3.0,-23.06399,-44.222398
FELIPE RIBEIRO,2024-02-13 23:28:30,243.7,5.2,-23.065473,-44.22504
FELIPE RIBEIRO,2024-02-13 23:57:29,248.5,9.4,-23.093836,-44.296213
FELIPE RIBEIRO,2024-02-14 00:08:49,247.4,8.7,-23.104776,-44.32366
FELIPE RIBEIRO,2024-02-14 00:16:00,248.2,8.7,-23.11139,-44.340858
FELIPE RIBEIRO,2024-02-14 00:23:00,262.5,8.4,-23.116896,-44.35793
FELIPE RIBEIRO,2024-02-14 00:31:38,267.7,6.2,-23.118266,-44.376856
FELIPE RIBEIRO,2024-02-14 00:37:40,269.8,5.5,-23.11846,-44.38741
FELIPE RIBEIRO,2024-02-14 00:50:20,271.1,2.8,-23.118285,-44.40135
FELIPE RIBEIRO,2024-02-14 00:51:28,272.1,3.0,-23.118288,-44.402366
FELIPE RIBEIRO,2024-02-14 00:53:20,264.3,2.7,-23.118346,-44.404028
FELIPE RIBEIRO,2024-02-14 00:57:50,243.2,3.0,-23.119103,-44.407665
FELIPE RIBEIRO,2024-02-14 01:04:18,223.9,3.3,-23.123173,-44.412736
FELIPE RIBEIRO,2024-02-14 01:15:00,225.2,1.8,-23.12766,-44.417646
FELIPE RIBEIRO,2024-02-14 01:22:49,0.1,0.7,-23.12851,-44.41857
FELIPE RIBEIRO,2024-02-14 01:24:38,355.7,0.7,-23.128185,-44.418171
FELIPE RIBEIRO,2024-02-14 01:25:00,355.6,0.7,-23.128135,-44.41811
FELIPE RIBEIRO,2024-02-14 02:24:10,1.7,0.2,-23.127185,-44.419833
FELIPE RIBEIRO,2024-02-14 04:00:08,355.7,0.6,-23.127753,-44.417
FELIPE RIBEIRO,2024-02-14 04:03:11,3.3,0.2,-23.127445,-44.417225
FELIPE RIBEIRO,2024-02-14 10:27:11,146.4,0.0,-23.126496,-44.420223
FELIPE RIBEIRO,2024-02-14 17:27:08,179.7,0.0,-23.12606,-44.419353
FELIPE RIBEIRO,2024-02-14 17:27:09,179.7,0.0,-23.12606,-44.419353
FELIPE RIBEIRO,2024-02-14 19:03:09,189.4,0.0,-23.126208,-44.419098
FELIPE RIBEIRO,2024-02-14 21:57:11,156.7,0.0,-23.126488,-44.420401
FELIPE RIBEIRO,2024-02-15 03:09:10,128.7,0.0,-23.126983,-44.421151
FELIPE RIBEIRO,2024-02-15 05:51:10,352.5,0.1,-23.126166,-44.419526
FELIPE RIBEIRO,2024-02-15 10:33:11,177.2,0.0,-23.12609,-44.419176
FELIPE RIBEIRO,2024-02-15 11:18:02,352.3,0.1,-23.126081,-44.419456
FELIPE RIBEIRO,2024-02-15 17:24:10,349.3,0.2,-23.125753,-44.420516
FELIPE RIBEIRO,2024-02-15 17:24:11,349.3,0.2,-23.125753,-44.420516
FELIPE RIBEIRO,2024-02-15 18:33:11,352.8,0.2,-23.125718,-44.420358
FELIPE RIBEIRO,2024-02-15 19:09:10,349.6,0.2,-23.125745,-44.420363
FELIPE RIBEIRO,2024-02-15 21:42:10,340.4,0.1,-23.125866,-44.420603
FELIPE RIBEIRO,2024-02-16 00:21:11,355.7,0.1,-23.125778,-44.42009
FELIPE RIBEIRO,2024-02-16 02:42:11,337.1,0.1,-23.125901,-44.420925
FELIPE RIBEIRO,2024-02-16 03:18:10,340.3,0.1,-23.125825,-44.420668
FELIPE RIBEIRO,2024-02-16 06:09:10,345.7,0.2,-23.125858,-44.420393
FELIPE RIBEIRO,2024-02-16 08:27:11,352.5,0.2,-23.12566,-44.420216
FELIPE RIBEIRO,2024-02-16 09:27:10,4.3,0.2,-23.125753,-44.419743
FELIPE RIBEIRO,2024-02-16 15:30:11,356.5,0.2,-23.125661,-44.420153
FELIPE RIBEIRO,2024-02-16 16:51:09,340.2,0.1,-23.125786,-44.420845
FELIPE RIBEIRO,2024-02-17 00:36:10,5.1,0.1,-23.126375,-44.421683
FELIPE RIBEIRO,2024-02-17 07:48:10,349.6,0.1,-23.125723,-44.420545
FELIPE RIBEIRO,2024-02-17 07:54:10,350.0,0.1,-23.125783,-44.420495
FELIPE RIBEIRO,2024-02-17 09:18:10,11.7,0.1,-23.125811,-44.419586
FELIPE RIBEIRO,2024-02-17 09:42:11,199.6,0.0,-23.12604,-44.419345
FELIPE RIBEIRO,2024-02-17 11:00:11,204.4,0.0,-23.126026,-44.419283
FELIPE RIBEIRO,2024-02-17 18:18:08,147.7,0.0,-23.126005,-44.421405
FELIPE RIBEIRO,2024-02-17 18:24:10,145.7,0.0,-23.126098,-44.42144
FELIPE RIBEIRO,2024-02-17 21:09:11,152.7,0.0,-23.125998,-44.42107
FELIPE RIBEIRO,2024-02-17 22:27:10,147.8,0.0,-23.126116,-44.421308
FELIPE RIBEIRO,2024-02-17 23:00:11,134.7,0.0,-23.126481,-44.421811
FELIPE RIBEIRO,2024-02-18 00:06:11,129.5,0.0,-23.126525,-44.42163
FELIPE RIBEIRO,2024-02-18 00:30:10,139.5,0.0,-23.126265,-44.421415
FELIPE RIBEIRO,2024-02-18 00:54:10,358.5,0.2,-23.126165,-44.42083
FELIPE RIBEIRO,2024-02-18 03:06:11,352.3,0.1,-23.1259,-44.420268
FELIPE RIBEIRO,2024-02-18 05:06:09,205.4,0.0,-23.126148,-44.419251
FELIPE RIBEIRO,2024-02-18 09:18:11,141.6,0.0,-23.126196,-44.421378
FELIPE RIBEIRO,2024-02-18 12:45:11,138.0,0.0,-23.126303,-44.421611
FELIPE RIBEIRO,2024-02-18 13:57:11,149.0,0.0,-23.12609,-44.421398
FELIPE RIBEIRO,2024-02-18 14:09:10,139.9,0.0,-23.126191,-44.421593
FELIPE RIBEIRO,2024-02-18 15:39:11,145.3,0.0,-23.126191,-44.421501
FELIPE RIBEIRO,2024-02-18 16:09:11,134.2,0.0,-23.12637,-44.42176
FELIPE RIBEIRO,2024-02-18 18:48:11,350.8,0.2,-23.126178,-44.421133
FELIPE RIBEIRO,2024-02-18 19:42:11,164.5,0.0,-23.125908,-44.420721
FELIPE RIBEIRO,2024-02-18 20:18:11,333.7,0.1,-23.12602,-44.420756
FELIPE RIBEIRO,2024-02-18 22:03:11,161.5,0.0,-23.125973,-44.420726
FELIPE RIBEIRO,2024-02-18 22:57:10,202.7,0.0,-23.12617,-44.419328
FELIPE RIBEIRO,2024-02-19 00:03:11,12.2,0.1,-23.126795,-44.418245
FELIPE RIBEIRO,2024-02-19 04:12:10,7.0,0.1,-23.126016,-44.420068
FELIPE RIBEIRO,2024-02-19 05:27:10,170.7,0.0,-23.125961,-44.420638
FELIPE RIBEIRO,2024-02-19 10:06:11,199.9,0.0,-23.126141,-44.419761
FELIPE RIBEIRO,2024-02-19 12:42:10,352.2,0.1,-23.125893,-44.420596
FELIPE RIBEIRO,2024-02-19 16:57:10,155.6,0.0,-23.125901,-44.420928
FELIPE RIBEIRO,2024-02-19 16:57:11,155.6,0.0,-23.125901,-44.420928
FELIPE RIBEIRO,2024-02-19 17:00:10,335.2,0.1,-23.125916,-44.42093
FELIPE RIBEIRO,2024-02-19 22:51:11,116.6,0.0,-23.126943,-44.422133
FELIPE RIBEIRO,2024-02-20 02:12:11,0.2,0.2,-23.127346,-44.417755
FELIPE RIBEIRO,2024-02-20 04:00:11,359.3,0.3,-23.126931,-44.418045
FELIPE RIBEIRO,2024-02-20 04:33:11,219.8,0.0,-23.126465,-44.41844
FELIPE RIBEIRO,2024-02-20 09:03:10,344.0,0.1,-23.127338,-44.417948
FELIPE RIBEIRO,2024-02-20 10:48:11,347.1,0.1,-23.127563,-44.417678
FELIPE RIBEIRO,2024-02-20 10:54:10,6.7,0.2,-23.127395,-44.417765
FELIPE RIBEIRO,2024-02-20 11:03:10,337.4,0.1,-23.127285,-44.417898
FELIPE RIBEIRO,2024-02-20 12:45:11,225.1,0.0,-23.126468,-44.418468
FELIPE RIBEIRO,2024-02-20 22:42:11,118.8,0.0,-23.126875,-44.421868
FELIPE RIBEIRO,2024-02-21 01:48:11,353.3,0.2,-23.126886,-44.417973
FELIPE RIBEIRO,2024-02-21 02:30:11,234.3,0.0,-23.126816,-44.417871
FELIPE RIBEIRO,2024-02-21 05:21:11,357.0,0.1,-23.126431,-44.418475
FELIPE RIBEIRO,2024-02-21 05:54:09,223.3,0.0,-23.126568,-44.418293
FELIPE RIBEIRO,2024-02-21 11:03:11,206.4,0.0,-23.126061,-44.41914
FELIPE RIBEIRO,2024-02-21 12:36:11,10.2,0.3,-23.125948,-44.41963
FELIPE RIBEIRO,2024-02-21 21:57:11,17.4,0.1,-23.126205,-44.419676
FELIPE RIBEIRO,2024-02-21 22:51:11,226.3,0.0,-23.12659,-44.418695
FELIPE RIBEIRO,2024-02-22 00:21:11,202.9,0.0,-23.126046,-44.41921
FELIPE RIBEIRO,2024-02-22 00:51:11,199.7,0.0,-23.126135,-44.41925
FELIPE RIBEIRO,2024-02-22 01:27:10,209.9,0.0,-23.126281,-44.419095
FELIPE RIBEIRO,2024-02-22 01:51:10,23.8,0.1,-23.12622,-44.41927
FELIPE RIBEIRO,2024-02-22 02:39:11,10.5,0.1,-23.126138,-44.419623
FELIPE RIBEIRO,2024-02-22 04:33:09,159.0,0.0,-23.125998,-44.42062
FELIPE RIBEIRO,2024-02-22 07:36:10,348.2,0.2,-23.127761,-44.4175
FELIPE RIBEIRO,2024-02-22 08:09:10,0.6,0.3,-23.12853,-44.41779
FELIPE RIBEIRO,2024-02-22 12:21:10,17.9,0.1,-23.126086,-44.419136
FELIPE RIBEIRO,2024-02-22 13:09:11,19.8,0.1,-23.125933,-44.419073
FELIPE RIBEIRO,2024-02-22 14:51:11,2.2,0.1,-23.12576,-44.419823
FELIPE RIBEIRO,2024-02-22 18:03:08,155.6,0.0,-23.125975,-44.420973
FELIPE RIBEIRO,2024-02-22 18:09:08,150.5,0.0,-23.126005,-44.421033
FELIPE RIBEIRO,2024-02-22 18:12:11,150.0,0.0,-23.126113,-44.420996
FELIPE RIBEIRO,2024-02-23 04:51:10,211.7,0.0,-23.126268,-44.418693
FELIPE RIBEIRO,2024-02-23 06:45:11,233.9,0.0,-23.126755,-44.418206
FELIPE RIBEIRO,2024-02-23 12:27:10,222.7,0.0,-23.126566,-44.418308
FELIPE RIBEIRO,2024-02-23 16:43:45,6.5,0.1,-23.125906,-44.419776
FELIPE RIBEIRO,2024-02-23 19:46:42,126.4,0.0,-23.126596,-44.421845
FELIPE RIBEIRO,2024-02-23 20:31:08,182.2,8.6,-23.154948,-44.420163
FELIPE RIBEIRO,2024-02-23 20:34:49,182.5,9.8,-23.164205,-44.42061
FELIPE RIBEIRO,2024-02-23 20:40:29,182.0,10.6,-23.180466,-44.421313
FELIPE RIBEIRO,2024-02-23 20:46:58,181.3,10.6,-23.199765,-44.421966
FELIPE RIBEIRO,2024-02-23 20:52:58,181.6,10.6,-23.217503,-44.422376
FELIPE RIBEIRO,2024-02-23 20:55:29,181.0,10.4,-23.224843,-44.422568
FELIPE RIBEIRO,2024-02-23 21:41:49,179.6,10.4,-23.359931,-44.42452
FELIPE RIBEIRO,2024-02-23 21:44:39,184.7,10.4,-23.368221,-44.424671
FELIPE RIBEIRO,2024-02-23 23:14:00,229.0,11.2,-23.557585,-44.631665
FELIPE RIBEIRO,2024-02-23 23:24:49,228.6,11.3,-23.580591,-44.658791
FELIPE RIBEIRO,2024-02-24 00:00:48,233.5,11.2,-23.652596,-44.7535
FELIPE RIBEIRO,2024-02-24 00:07:10,232.6,11.2,-23.664345,-44.770825
FELIPE RIBEIRO,2024-02-24 00:07:48,232.7,11.2,-23.665585,-44.772631
FELIPE RIBEIRO,2024-02-24 00:13:29,233.5,11.2,-23.676045,-44.788155
FELIPE RIBEIRO,2024-02-24 00:15:08,234.2,11.2,-23.679256,-44.79266
FELIPE RIBEIRO,2024-02-24 00:24:59,231.5,11.0,-23.69744,-44.819316
FELIPE RIBEIRO,2024-02-24 00:39:39,231.7,11.0,-23.72543,-44.858348
FELIPE RIBEIRO,2024-02-24 01:13:09,229.0,11.0,-23.790023,-44.945768
FELIPE RIBEIRO,2024-02-24 01:13:30,229.4,11.0,-23.790743,-44.946685
FELIPE RIBEIRO,2024-02-24 01:15:39,229.1,11.0,-23.795061,-44.952111
FELIPE RIBEIRO,2024-02-24 01:18:10,229.2,11.0,-23.80007,-44.95847
FELIPE RIBEIRO,2024-02-24 01:31:29,229.0,10.9,-23.826536,-44.99186
FELIPE RIBEIRO,2024-02-24 01:33:48,228.1,10.9,-23.83107,-44.997613
FELIPE RIBEIRO,2024-02-24 01:42:49,228.9,11.0,-23.849116,-45.020301
FELIPE RIBEIRO,2024-02-24 01:44:58,229.1,10.9,-23.853358,-45.025641
FELIPE RIBEIRO,2024-02-24 01:44:59,229.1,10.9,-23.853358,-45.025641
FELIPE RIBEIRO,2024-02-24 01:49:58,228.7,10.9,-23.863465,-45.038048
FELIPE RIBEIRO,2024-02-24 01:54:40,228.3,10.9,-23.872948,-45.049481
FELIPE RIBEIRO,2024-02-24 02:20:39,227.4,10.9,-23.925506,-45.11284
FELIPE RIBEIRO,2024-02-24 02:26:59,227.6,11.0,-23.938295,-45.128473
FELIPE RIBEIRO,2024-02-24 02:51:29,227.6,11.0,-23.989408,-45.188215
FELIPE RIBEIRO,2024-02-24 02:55:29,227.2,11.0,-23.997853,-45.198061
FELIPE RIBEIRO,2024-02-24 03:33:29,285.4,10.5,-24.02637,-45.305166
FELIPE RIBEIRO,2024-02-24 03:33:37,286.8,10.5,-24.026225,-45.305626
FELIPE RIBEIRO,2024-02-24 03:34:58,286.0,10.4,-24.02513,-45.309725
FELIPE RIBEIRO,2024-02-24 03:35:09,286.3,10.4,-24.024981,-45.310283
FELIPE RIBEIRO,2024-02-24 03:35:29,286.0,10.4,-24.024708,-45.311303
FELIPE RIBEIRO,2024-02-24 03:40:19,288.2,10.5,-24.020631,-45.326001
FELIPE RIBEIRO,2024-02-24 04:22:29,284.1,9.8,-23.98752,-45.450311
FELIPE RIBEIRO,2024-02-24 04:45:09,291.0,10.1,-23.968931,-45.51682
FELIPE RIBEIRO,2024-02-24 05:04:09,291.5,10.0,-23.948846,-45.571185
FELIPE RIBEIRO,2024-02-24 05:04:58,292.7,10.1,-23.94796,-45.57355
FELIPE RIBEIRO,2024-02-24 05:06:09,291.5,10.1,-23.946705,-45.576861
FELIPE RIBEIRO,2024-02-24 05:06:28,292.1,10.0,-23.946345,-45.577805
FELIPE RIBEIRO,2024-02-24 05:06:39,292.2,9.9,-23.946166,-45.578271
FELIPE RIBEIRO,2024-02-24 05:06:58,292.6,9.7,-23.945808,-45.579193
FELIPE RIBEIRO,2024-02-24 05:07:58,293.4,9.5,-23.944795,-45.5819
FELIPE RIBEIRO,2024-02-24 05:09:39,292.5,8.9,-23.94316,-45.586271
FELIPE RIBEIRO,2024-02-24 05:10:19,292.3,8.9,-23.942535,-45.587876
FELIPE RIBEIRO,2024-02-24 05:11:19,292.5,8.3,-23.941626,-45.590261
FELIPE RIBEIRO,2024-02-24 05:15:29,315.6,5.0,-23.93829,-45.59804
FELIPE RIBEIRO,2024-02-24 05:20:38,359.6,2.8,-23.933576,-45.600073
FELIPE RIBEIRO,2024-02-24 05:23:58,9.6,2.2,-23.931291,-45.599836
FELIPE RIBEIRO,2024-02-24 06:12:58,9.1,0.5,-23.920938,-45.592795
FELIPE RIBEIRO,2024-02-24 06:14:50,10.5,0.4,-23.920785,-45.592553
FELIPE RIBEIRO,2024-02-24 08:02:59,356.3,0.7,-23.917665,-45.572051
FELIPE RIBEIRO,2024-02-24 08:05:09,356.1,0.8,-23.9177,-45.571583
FELIPE RIBEIRO,2024-02-24 08:07:00,356.0,0.7,-23.91775,-45.571201
FELIPE RIBEIRO,2024-02-24 08:39:20,357.3,0.6,-23.91841,-45.564833
FELIPE RIBEIRO,2024-02-24 08:44:49,0.1,0.5,-23.918541,-45.563846
FELIPE RIBEIRO,2024-02-24 08:47:19,359.2,0.6,-23.918575,-45.563428
FELIPE RIBEIRO,2024-02-24 09:07:50,355.1,0.5,-23.919168,-45.559821
FELIPE RIBEIRO,2024-02-24 09:18:30,69.1,3.7,-23.917281,-45.555015
FELIPE RIBEIRO,2024-02-24 09:20:49,96.9,4.1,-23.917141,-45.552125
FELIPE RIBEIRO,2024-02-24 09:23:19,118.8,4.1,-23.918141,-45.549098
FELIPE RIBEIRO,2024-02-24 09:25:20,138.3,3.9,-23.919511,-45.547115
FELIPE RIBEIRO,2024-02-24 09:39:29,164.3,4.9,-23.936781,-45.540995
FELIPE RIBEIRO,2024-02-24 09:49:19,137.2,5.3,-23.948441,-45.532308
FELIPE RIBEIRO,2024-02-24 09:56:28,138.2,5.3,-23.956273,-45.524048
FELIPE RIBEIRO,2024-02-24 09:59:08,120.8,5.0,-23.95889,-45.520826
FELIPE RIBEIRO,2024-02-24 10:02:28,79.7,4.3,-23.959726,-45.516236
FELIPE RIBEIRO,2024-02-24 10:33:49,27.8,8.2,-23.920175,-45.492556
FELIPE RIBEIRO,2024-02-24 10:35:29,24.9,8.4,-23.916688,-45.490643
FELIPE RIBEIRO,2024-02-24 11:03:49,43.6,10.7,-23.856148,-45.435646
FELIPE RIBEIRO,2024-02-24 11:07:09,45.5,10.8,-23.8489,-45.427908
FELIPE RIBEIRO,2024-02-24 11:09:49,46.1,10.7,-23.843351,-45.421713
FELIPE RIBEIRO,2024-02-24 11:37:49,26.6,8.2,-23.789183,-45.371283
FELIPE RIBEIRO,2024-02-24 12:00:39,11.4,2.9,-23.752473,-45.359556
FELIPE RIBEIRO,2024-02-24 12:13:09,6.7,0.2,-23.749506,-45.358738
FELIPE RIBEIRO,2024-02-24 12:17:39,178.3,0.7,-23.750378,-45.358965
FELIPE RIBEIRO,2024-02-24 12:18:38,177.2,0.6,-23.750585,-45.358993
FELIPE RIBEIRO,2024-02-24 12:19:29,175.3,0.5,-23.750701,-45.35903
FELIPE RIBEIRO,2024-02-24 15:01:19,174.7,0.0,-23.745436,-45.358218
FELIPE RIBEIRO,2024-02-24 19:37:18,191.7,0.0,-23.745386,-45.357575
FELIPE RIBEIRO,2024-02-25 00:13:19,192.6,0.0,-23.745383,-45.357588
FELIPE RIBEIRO,2024-02-25 01:26:15,194.8,5.3,-23.75208,-45.359376
FELIPE RIBEIRO,2024-02-25 01:41:46,200.3,8.0,-23.783143,-45.369911
FELIPE RIBEIRO,2024-02-25 01:50:25,203.2,5.0,-23.796483,-45.375808
FELIPE RIBEIRO,2024-02-25 02:29:36,32.5,0.0,-23.809651,-45.387765
FELIPE RIBEIRO,2024-02-25 02:38:14,32.3,0.0,-23.80964,-45.387776
FELIPE RIBEIRO,2024-02-27 23:30:54,39.3,1.1,-23.809991,-45.386558
FELIPE RIBEIRO,2024-02-27 23:37:14,36.0,3.9,-23.806643,-45.383408
FELIPE RIBEIRO,2024-02-28 00:12:15,21.5,3.1,-23.761805,-45.363398
FELIPE RIBEIRO,2024-02-28 01:23:39,8.3,0.0,-23.752395,-45.358558
FELIPE RIBEIRO,2024-02-28 10:02:38,350.4,0.0,-23.751916,-45.358455
FELIPE RIBEIRO,2024-02-28 10:08:38,348.7,0.0,-23.75173,-45.358365
FELIPE RIBEIRO,2024-02-29 02:56:38,11.3,0.0,-23.751701,-45.358618
FELIPE RIBEIRO,2024-02-29 05:56:39,1.8,0.1,-23.751626,-45.358778
FELIPE RIBEIRO,2024-02-29 08:32:39,354.7,0.0,-23.751471,-45.358646
FELIPE RIBEIRO,2024-02-29 13:38:39,190.0,0.0,-23.747165,-45.357978
FELIPE RIBEIRO,2024-03-01 00:38:38,188.6,0.0,-23.744733,-45.356791
FELIPE RIBEIRO,2024-03-01 01:08:39,191.8,0.0,-23.74478,-45.356683
FELIPE RIBEIRO,2024-03-01 05:38:39,188.2,0.0,-23.744673,-45.356958
FELIPE RIBEIRO,2024-03-01 06:23:38,185.7,0.0,-23.744705,-45.35701
FELIPE RIBEIRO,2024-03-01 10:26:39,182.9,0.0,-23.744648,-45.357225
FELIPE RIBEIRO,2024-03-02 00:02:39,189.7,0.0,-23.744841,-45.356836
FELIPE RIBEIRO,2024-03-02 01:14:38,188.5,0.0,-23.745831,-45.357263
FELIPE RIBEIRO,2024-03-02 01:53:19,201.1,5.4,-23.759176,-45.362923
FELIPE RIBEIRO,2024-03-02 01:56:19,198.8,6.0,-23.763706,-45.364658
FELIPE RIBEIRO,2024-03-02 02:04:38,198.5,6.2,-23.777011,-45.3696
FELIPE RIBEIRO,2024-03-02 02:45:10,220.0,0.8,-23.809546,-45.386831
FELIPE RIBEIRO,2024-03-02 02:53:59,263.5,0.3,-23.809885,-45.387466
FELIPE RIBEIRO,2024-03-03 22:46:47,138.5,0.4,-23.809896,-45.387585
FELIPE RIBEIRO,2024-03-03 23:17:06,229.7,3.6,-23.816623,-45.389766
FELIPE RIBEIRO,2024-03-03 23:51:46,225.8,8.0,-23.864901,-45.445241
FELIPE RIBEIRO,2024-03-04 00:14:54,193.0,8.8,-23.903991,-45.481958
FELIPE RIBEIRO,2024-03-04 00:28:37,167.1,9.3,-23.937163,-45.476398
FELIPE RIBEIRO,2024-03-04 00:41:44,131.4,9.2,-23.959306,-45.45181
FELIPE RIBEIRO,2024-03-04 00:54:16,132.6,9.5,-23.980828,-45.426115
FELIPE RIBEIRO,2024-03-04 00:56:27,132.6,9.5,-23.984676,-45.421666
FELIPE RIBEIRO,2024-03-04 01:06:15,105.5,8.8,-23.995723,-45.398793
FELIPE RIBEIRO,2024-03-04 01:07:34,104.1,8.8,-23.996505,-45.395438
FELIPE RIBEIRO,2024-03-04 01:09:06,103.5,8.9,-23.997485,-45.391508
FELIPE RIBEIRO,2024-03-04 01:09:55,105.0,8.9,-23.998,-45.389425
FELIPE RIBEIRO,2024-03-04 01:10:55,104.0,8.9,-23.998635,-45.386876
FELIPE RIBEIRO,2024-03-04 01:11:04,104.5,8.9,-23.998741,-45.38645
FELIPE RIBEIRO,2024-03-04 01:11:36,104.7,9.0,-23.999056,-45.385121
FELIPE RIBEIRO,2024-03-04 01:11:55,104.3,9.0,-23.999245,-45.384313
FELIPE RIBEIRO,2024-03-04 01:12:25,104.4,9.0,-23.999548,-45.383066
FELIPE RIBEIRO,2024-03-04 01:40:27,106.0,8.8,-24.01752,-45.31178
FELIPE RIBEIRO,2024-03-04 01:48:57,101.1,8.5,-24.022683,-45.290865
FELIPE RIBEIRO,2024-03-04 02:35:37,67.2,8.2,-23.996296,-45.183431
FELIPE RIBEIRO,2024-03-04 02:37:06,67.1,8.2,-23.99505,-45.18002
FELIPE RIBEIRO,2024-03-04 02:39:56,65.5,8.2,-23.992618,-45.173756
FELIPE RIBEIRO,2024-03-04 03:09:26,62.2,8.5,-23.965261,-45.107236
FELIPE RIBEIRO,2024-03-04 03:13:25,62.8,8.5,-23.961036,-45.09844
FELIPE RIBEIRO,2024-03-04 03:18:17,59.3,8.6,-23.955476,-45.087823
FELIPE RIBEIRO,2024-03-04 03:46:56,63.6,8.4,-23.925455,-45.024738
FELIPE RIBEIRO,2024-03-04 03:49:56,62.7,8.3,-23.922423,-45.01803
FELIPE RIBEIRO,2024-03-04 03:54:27,63.9,8.2,-23.917926,-45.008108
FELIPE RIBEIRO,2024-03-04 04:30:16,66.2,8.2,-23.883138,-44.929026
FELIPE RIBEIRO,2024-03-04 04:38:25,65.7,8.1,-23.875485,-44.9112
FELIPE RIBEIRO,2024-03-04 05:10:35,66.0,8.0,-23.845545,-44.84102
FELIPE RIBEIRO,2024-03-04 05:13:46,65.4,8.0,-23.842655,-44.834143
FELIPE RIBEIRO,2024-03-04 05:27:27,62.1,8.1,-23.829653,-44.804883
FELIPE RIBEIRO,2024-03-04 05:31:45,62.3,8.1,-23.825301,-44.795768
FELIPE RIBEIRO,2024-03-04 05:33:57,64.7,8.1,-23.823041,-44.791106
FELIPE RIBEIRO,2024-03-04 05:44:16,64.8,8.1,-23.812933,-44.769023
FELIPE RIBEIRO,2024-03-04 05:46:37,62.5,8.1,-23.810703,-44.763998
FELIPE RIBEIRO,2024-03-04 05:49:37,64.6,8.1,-23.80794,-44.757501
FELIPE RIBEIRO,2024-03-04 05:56:53,63.3,8.0,-23.801033,-44.741728
FELIPE RIBEIRO,2024-03-04 06:01:24,64.2,8.1,-23.796813,-44.73192
FELIPE RIBEIRO,2024-03-04 06:01:54,66.8,8.2,-23.796368,-44.730865
FELIPE RIBEIRO,2024-03-04 06:02:24,64.7,8.2,-23.795918,-44.729795
FELIPE RIBEIRO,2024-03-04 06:04:24,64.9,8.2,-23.794003,-44.725418
FELIPE RIBEIRO,2024-03-04 06:13:36,64.8,8.0,-23.785491,-44.705528
FELIPE RIBEIRO,2024-03-04 06:19:05,65.0,8.0,-23.780501,-44.693736
FELIPE RIBEIRO,2024-03-04 06:57:37,63.4,8.2,-23.744985,-44.610843
FELIPE RIBEIRO,2024-03-04 07:00:27,63.5,8.1,-23.742305,-44.604691
FELIPE RIBEIRO,2024-03-04 07:25:45,16.1,7.7,-23.710378,-44.563336
FELIPE RIBEIRO,2024-03-04 07:31:35,14.8,8.1,-23.698025,-44.559855
FELIPE RIBEIRO,2024-03-04 08:08:06,15.9,8.2,-23.618678,-44.537105
FELIPE RIBEIRO,2024-03-04 08:24:17,15.0,8.4,-23.58397,-44.52441
FELIPE RIBEIRO,2024-03-04 09:09:46,17.4,8.8,-23.484888,-44.488623
FELIPE RIBEIRO,2024-03-04 09:13:24,21.1,8.8,-23.476738,-44.485445
FELIPE RIBEIRO,2024-03-04 09:22:35,19.0,8.9,-23.455981,-44.477586
FELIPE RIBEIRO,2024-03-04 10:04:05,2.9,9.0,-23.358271,-44.45097
FELIPE RIBEIRO,2024-03-04 10:10:26,5.0,9.2,-23.342656,-44.449923
FELIPE RIBEIRO,2024-03-04 11:39:25,4.0,5.9,-23.134503,-44.435946
FELIPE RIBEIRO,2024-03-04 11:40:35,359.0,5.5,-23.132686,-44.435815
FELIPE RIBEIRO,2024-03-04 11:41:42,343.6,4.8,-23.131108,-44.436053
FELIPE RIBEIRO,2024-03-04 11:41:49,341.7,4.7,-23.130983,-44.436098
FELIPE RIBEIRO,2024-03-04 11:42:56,318.9,3.9,-23.129798,-44.436801
FELIPE RIBEIRO,2024-03-04 11:45:55,268.5,2.2,-23.128733,-44.439213
FELIPE RIBEIRO,2024-03-04 11:59:57,59.5,0.2,-23.12914,-44.439465
FELIPE RIBEIRO,2024-03-04 14:32:55,214.8,0.0,-23.127285,-44.439821
FELIPE RIBEIRO,2024-03-04 15:26:54,205.8,0.0,-23.127018,-44.440243
FELIPE RIBEIRO,2024-03-04 16:17:55,206.4,0.0,-23.126941,-44.440405
FELIPE RIBEIRO,2024-03-04 19:32:54,130.8,0.0,-23.127306,-44.443191
FELIPE RIBEIRO,2024-03-04 20:06:01,356.0,0.1,-23.126683,-44.44246
FELIPE RIBEIRO,2024-03-04 20:39:21,168.6,6.1,-23.137201,-44.441528
FELIPE RIBEIRO,2024-03-04 21:09:51,166.7,9.2,-23.208338,-44.422431
FELIPE RIBEIRO,2024-03-04 21:12:22,166.0,9.2,-23.214546,-44.420765
FELIPE RIBEIRO,2024-03-04 21:13:22,166.2,9.1,-23.217035,-44.420115
FELIPE RIBEIRO,2024-03-04 21:17:32,166.5,9.2,-23.227295,-44.417556
FELIPE RIBEIRO,2024-03-04 21:43:31,168.8,9.3,-23.292418,-44.401515
FELIPE RIBEIRO,2024-03-04 21:47:31,168.2,9.4,-23.302578,-44.399165
FELIPE RIBEIRO,2024-03-04 21:50:31,167.0,9.5,-23.3102,-44.397375
FELIPE RIBEIRO,2024-03-04 22:10:40,87.2,8.9,-23.318575,-44.353523
FELIPE RIBEIRO,2024-03-04 22:17:21,86.8,9.1,-23.317448,-44.335323
FELIPE RIBEIRO,2024-03-04 22:25:41,85.2,9.1,-23.315951,-44.312361
FELIPE RIBEIRO,2024-03-04 22:28:20,86.7,9.1,-23.315476,-44.305081
FELIPE RIBEIRO,2024-03-04 22:59:51,87.5,9.0,-23.309278,-44.218628
FELIPE RIBEIRO,2024-03-04 23:00:32,85.2,9.0,-23.309133,-44.216776
FELIPE RIBEIRO,2024-03-04 23:35:01,87.6,8.9,-23.303135,-44.123038
FELIPE RIBEIRO,2024-03-04 23:54:52,84.5,8.9,-23.300048,-44.069865
FELIPE RIBEIRO,2024-03-05 00:00:29,84.1,8.8,-23.29867,-44.054786
FELIPE RIBEIRO,2024-03-05 00:02:29,84.6,8.8,-23.29825,-44.049443
FELIPE RIBEIRO,2024-03-05 00:02:50,84.1,8.8,-23.29816,-44.048628
FELIPE RIBEIRO,2024-03-05 00:05:29,85.1,8.8,-23.297456,-44.041511
FELIPE RIBEIRO,2024-03-05 00:06:29,84.7,8.8,-23.297226,-44.038851
FELIPE RIBEIRO,2024-03-05 00:42:22,85.4,8.7,-23.289331,-43.94412
FELIPE RIBEIRO,2024-03-05 00:45:32,84.5,8.7,-23.288608,-43.935715
FELIPE RIBEIRO,2024-03-05 00:47:51,84.9,8.8,-23.28808,-43.929571
FELIPE RIBEIRO,2024-03-05 01:00:20,83.5,8.8,-23.285313,-43.896618
FELIPE RIBEIRO,2024-03-05 01:01:50,86.2,8.7,-23.284985,-43.892653
FELIPE RIBEIRO,2024-03-05 01:02:20,84.2,8.8,-23.284853,-43.89134
FELIPE RIBEIRO,2024-03-05 01:05:09,85.0,8.6,-23.284233,-43.88389
FELIPE RIBEIRO,2024-03-05 01:05:20,84.3,8.6,-23.2842,-43.88345
FELIPE RIBEIRO,2024-03-05 01:05:50,85.3,8.7,-23.284088,-43.882111
FELIPE RIBEIRO,2024-03-05 01:06:20,85.1,8.7,-23.28397,-43.880805
FELIPE RIBEIRO,2024-03-05 01:08:50,84.7,8.7,-23.283381,-43.874188
FELIPE RIBEIRO,2024-03-05 01:33:10,82.9,8.7,-23.277413,-43.810336
FELIPE RIBEIRO,2024-03-05 01:38:31,84.2,8.7,-23.27606,-43.796295
FELIPE RIBEIRO,2024-03-05 01:41:00,82.6,8.7,-23.275436,-43.789766
FELIPE RIBEIRO,2024-03-05 01:41:31,82.2,8.7,-23.275286,-43.788408
FELIPE RIBEIRO,2024-03-05 01:43:12,82.9,8.7,-23.274868,-43.78408
FELIPE RIBEIRO,2024-03-05 02:14:50,82.8,8.6,-23.266935,-43.701275
FELIPE RIBEIRO,2024-03-05 02:17:09,83.4,8.5,-23.266273,-43.695225
FELIPE RIBEIRO,2024-03-05 02:27:32,84.2,8.6,-23.263591,-43.668516
FELIPE RIBEIRO,2024-03-05 02:28:50,82.9,8.6,-23.263265,-43.665161
FELIPE RIBEIRO,2024-03-05 02:32:31,83.0,8.6,-23.262265,-43.655631
FELIPE RIBEIRO,2024-03-05 02:44:11,83.2,8.8,-23.25912,-43.625176
FELIPE RIBEIRO,2024-03-05 02:47:11,83.4,8.8,-23.258308,-43.617276
FELIPE RIBEIRO,2024-03-05 02:50:09,84.3,8.8,-23.25751,-43.6095
FELIPE RIBEIRO,2024-03-05 02:52:21,84.0,8.8,-23.256941,-43.603735
FELIPE RIBEIRO,2024-03-05 02:56:19,83.1,8.8,-23.25589,-43.593248
FELIPE RIBEIRO,2024-03-05 03:09:19,83.8,8.8,-23.252625,-43.559056
FELIPE RIBEIRO,2024-03-05 03:10:28,85.2,8.8,-23.252363,-43.555966
FELIPE RIBEIRO,2024-03-05 03:10:37,84.2,8.7,-23.252333,-43.555571
FELIPE RIBEIRO,2024-03-05 03:11:28,84.2,8.8,-23.25214,-43.553328
FELIPE RIBEIRO,2024-03-05 03:11:37,84.6,8.8,-23.252105,-43.552933
FELIPE RIBEIRO,2024-03-05 03:16:50,86.0,8.7,-23.250946,-43.539355
FELIPE RIBEIRO,2024-03-05 03:22:49,84.9,8.8,-23.249615,-43.52355
FELIPE RIBEIRO,2024-03-05 03:25:11,86.0,8.7,-23.249133,-43.51724
FELIPE RIBEIRO,2024-03-05 03:27:49,85.1,8.8,-23.248588,-43.510268
FELIPE RIBEIRO,2024-03-05 03:37:41,85.2,8.9,-23.246406,-43.484191
FELIPE RIBEIRO,2024-03-05 03:39:52,84.9,8.8,-23.245968,-43.47845
FELIPE RIBEIRO,2024-03-05 03:52:31,85.8,8.8,-23.243163,-43.444926
FELIPE RIBEIRO,2024-03-05 03:58:10,84.2,8.7,-23.241806,-43.430043
FELIPE RIBEIRO,2024-03-05 04:03:10,83.8,8.8,-23.240686,-43.41687
FELIPE RIBEIRO,2024-03-05 04:14:12,85.0,8.7,-23.238161,-43.388015
FELIPE RIBEIRO,2024-03-05 04:29:32,84.7,8.6,-23.234673,-43.348433
FELIPE RIBEIRO,2024-03-05 04:34:22,84.4,8.6,-23.233556,-43.335935
FELIPE RIBEIRO,2024-03-05 04:36:31,83.6,8.6,-23.233073,-43.33035
FELIPE RIBEIRO,2024-03-05 04:37:08,86.0,8.6,-23.232936,-43.328621
FELIPE RIBEIRO,2024-03-05 04:38:38,85.8,8.6,-23.232601,-43.324745
FELIPE RIBEIRO,2024-03-05 04:39:08,84.7,8.6,-23.232461,-43.323418
FELIPE RIBEIRO,2024-03-05 04:39:38,82.5,8.5,-23.232345,-43.322146
FELIPE RIBEIRO,2024-03-05 04:40:38,84.8,8.6,-23.232153,-43.31956
FELIPE RIBEIRO,2024-03-05 04:40:57,85.1,8.6,-23.232096,-43.318701
FELIPE RIBEIRO,2024-03-05 04:41:18,86.0,8.6,-23.23204,-43.317845
FELIPE RIBEIRO,2024-03-05 04:41:29,85.8,8.6,-23.232005,-43.317356
FELIPE RIBEIRO,2024-03-05 04:42:10,85.0,8.6,-23.231855,-43.315725
FELIPE RIBEIRO,2024-03-05 04:42:29,85.3,8.7,-23.231785,-43.31479
FELIPE RIBEIRO,2024-03-05 04:42:57,85.1,8.6,-23.231691,-43.313553
FELIPE RIBEIRO,2024-03-05 04:43:07,85.5,8.6,-23.231663,-43.313125
FELIPE RIBEIRO,2024-03-05 04:43:38,85.6,8.7,-23.23157,-43.311831
FELIPE RIBEIRO,2024-03-05 04:44:49,84.9,8.6,-23.231328,-43.308823
FELIPE RIBEIRO,2024-03-05 04:44:52,84.9,8.6,-23.231328,-43.308823
FELIPE RIBEIRO,2024-03-05 04:47:51,85.3,8.7,-23.230731,-43.301108
FELIPE RIBEIRO,2024-03-05 04:50:31,85.3,8.6,-23.230186,-43.294178
FELIPE RIBEIRO,2024-03-05 05:09:30,82.0,8.8,-23.226145,-43.244705
FELIPE RIBEIRO,2024-03-05 05:22:11,81.8,8.9,-23.22203,-43.21141
FELIPE RIBEIRO,2024-03-05 05:25:11,82.7,8.9,-23.221063,-43.203471
FELIPE RIBEIRO,2024-03-05 05:27:40,82.7,8.9,-23.220273,-43.196913
FELIPE RIBEIRO,2024-03-05 05:54:00,84.3,8.9,-23.212025,-43.126738
FELIPE RIBEIRO,2024-03-05 05:57:00,85.5,9.0,-23.211375,-43.118645
FELIPE RIBEIRO,2024-03-05 05:59:22,84.6,8.9,-23.210881,-43.112333
FELIPE RIBEIRO,2024-03-05 06:28:41,83.9,9.0,-23.20262,-43.034215
FELIPE RIBEIRO,2024-03-05 06:30:52,85.8,9.0,-23.202185,-43.028336
FELIPE RIBEIRO,2024-03-05 06:33:11,86.4,9.0,-23.201831,-43.022006
FELIPE RIBEIRO,2024-03-05 06:35:59,87.1,9.0,-23.20126,-43.014386
FELIPE RIBEIRO,2024-03-05 07:05:52,86.1,8.8,-23.195811,-42.933856
FELIPE RIBEIRO,2024-03-05 07:08:21,86.7,8.9,-23.195466,-42.927106
FELIPE RIBEIRO,2024-03-05 07:10:31,83.2,9.0,-23.194901,-42.921316
FELIPE RIBEIRO,2024-03-05 07:12:21,83.1,8.8,-23.194423,-42.916356
FELIPE RIBEIRO,2024-03-05 07:39:41,85.1,8.8,-23.187656,-42.842575
FELIPE RIBEIRO,2024-03-05 07:41:52,83.3,9.0,-23.187108,-42.836705
FELIPE RIBEIRO,2024-03-05 07:44:01,85.0,9.0,-23.186496,-42.830875
FELIPE RIBEIRO,2024-03-05 08:12:42,79.9,8.8,-23.17461,-42.754858
FELIPE RIBEIRO,2024-03-05 08:14:52,80.0,9.0,-23.173651,-42.749093
FELIPE RIBEIRO,2024-03-05 08:18:12,79.6,9.0,-23.172198,-42.740225
FELIPE RIBEIRO,2024-03-05 08:20:19,78.7,9.0,-23.171216,-42.73455
FELIPE RIBEIRO,2024-03-05 09:12:22,85.2,8.8,-23.161101,-42.595368
FELIPE RIBEIRO,2024-03-05 09:14:30,84.3,8.8,-23.160646,-42.589683
FELIPE RIBEIRO,2024-03-05 09:18:11,84.7,8.9,-23.159851,-42.57989
FELIPE RIBEIRO,2024-03-05 09:53:09,84.1,8.5,-23.154203,-42.488011
FELIPE RIBEIRO,2024-03-05 09:54:51,90.6,8.4,-23.154023,-42.483693
FELIPE RIBEIRO,2024-03-05 10:04:52,90.1,8.5,-23.154845,-42.45814
FELIPE RIBEIRO,2024-03-05 10:07:41,96.1,8.3,-23.155478,-42.451018
FELIPE RIBEIRO,2024-03-05 10:27:59,87.9,8.3,-23.160201,-42.399476
FELIPE RIBEIRO,2024-03-05 10:58:22,82.1,8.4,-23.149235,-42.323501
FELIPE RIBEIRO,2024-03-05 11:02:31,79.7,8.3,-23.14767,-42.313098
FELIPE RIBEIRO,2024-03-05 11:05:30,79.6,8.4,-23.146513,-42.30559
FELIPE RIBEIRO,2024-03-05 11:34:41,79.0,8.5,-23.134086,-42.232435
FELIPE RIBEIRO,2024-03-05 11:35:20,80.1,8.5,-23.133818,-42.23074
FELIPE RIBEIRO,2024-03-05 11:36:31,80.1,8.5,-23.133336,-42.227715
FELIPE RIBEIRO,2024-03-05 11:38:20,80.3,8.5,-23.132553,-42.223151
FELIPE RIBEIRO,2024-03-05 11:40:50,79.9,8.5,-23.13148,-42.216823
FELIPE RIBEIRO,2024-03-05 11:49:01,95.5,8.2,-23.129145,-42.19611
FELIPE RIBEIRO,2024-03-05 12:11:21,105.8,8.6,-23.142895,-42.140865
FELIPE RIBEIRO,2024-03-05 12:13:51,104.6,8.6,-23.144543,-42.134578
FELIPE RIBEIRO,2024-03-05 12:41:42,105.4,9.1,-23.163166,-42.063235
FELIPE RIBEIRO,2024-03-05 12:50:32,100.3,9.1,-23.168646,-42.039811
FELIPE RIBEIRO,2024-03-05 13:59:40,94.5,9.5,-23.183291,-41.844146
FELIPE RIBEIRO,2024-03-05 14:24:21,93.6,9.7,-23.188843,-41.773231
FELIPE RIBEIRO,2024-03-05 14:59:02,94.4,9.5,-23.196006,-41.67169
FELIPE RIBEIRO,2024-03-05 15:01:20,94.2,9.6,-23.196433,-41.665066
FELIPE RIBEIRO,2024-03-05 15:08:41,94.8,9.5,-23.197693,-41.644183
FELIPE RIBEIRO,2024-03-05 15:20:31,94.0,9.3,-23.199695,-41.610296
FELIPE RIBEIRO,2024-03-05 15:48:52,92.1,9.7,-23.204951,-41.528788
FELIPE RIBEIRO,2024-03-05 15:53:30,92.7,9.7,-23.205423,-41.515336
FELIPE RIBEIRO,2024-03-05 15:57:21,93.2,9.5,-23.205925,-41.504141
FELIPE RIBEIRO,2024-03-05 16:00:02,92.9,9.6,-23.206278,-41.496375
FELIPE RIBEIRO,2024-03-05 16:05:02,92.2,9.5,-23.207051,-41.481863
FELIPE RIBEIRO,2024-03-05 16:10:32,94.4,9.5,-23.207876,-41.465951
FELIPE RIBEIRO,2024-03-05 16:13:02,94.3,9.4,-23.208325,-41.458796
FELIPE RIBEIRO,2024-03-05 16:32:30,93.2,9.5,-23.211895,-41.40273
FELIPE RIBEIRO,2024-03-05 16:32:49,93.7,9.6,-23.211956,-41.401765
FELIPE RIBEIRO,2024-03-05 16:33:30,93.3,9.5,-23.212091,-41.399791
FELIPE RIBEIRO,2024-03-05 16:33:49,94.5,9.5,-23.212153,-41.398875
FELIPE RIBEIRO,2024-03-05 16:34:20,93.8,9.5,-23.212253,-41.397426
FELIPE RIBEIRO,2024-03-05 16:34:49,94.2,9.5,-23.212361,-41.396016
FELIPE RIBEIRO,2024-03-05 16:35:49,93.9,9.5,-23.212521,-41.393056
FELIPE RIBEIRO,2024-03-05 16:36:49,93.0,9.6,-23.212681,-41.3902
FELIPE RIBEIRO,2024-03-05 16:37:49,93.5,9.6,-23.212891,-41.38729
FELIPE RIBEIRO,2024-03-05 16:37:50,93.5,9.6,-23.212891,-41.38729
FELIPE RIBEIRO,2024-03-05 16:38:49,94.8,9.6,-23.213106,-41.384335
FELIPE RIBEIRO,2024-03-05 16:38:50,94.8,9.6,-23.213106,-41.384335
FELIPE RIBEIRO,2024-03-05 16:39:10,94.3,9.6,-23.213178,-41.383316
FELIPE RIBEIRO,2024-03-05 16:46:12,92.4,9.5,-23.214555,-41.362958
FELIPE RIBEIRO,2024-03-05 16:49:51,96.1,9.6,-23.21529,-41.352423
FELIPE RIBEIRO,2024-03-05 16:52:32,95.3,9.5,-23.215918,-41.34468
FELIPE RIBEIRO,2024-03-05 16:59:41,94.7,9.4,-23.217405,-41.324098
FELIPE RIBEIRO,2024-03-05 17:05:10,95.0,9.4,-23.218545,-41.308563
FELIPE RIBEIRO,2024-03-05 17:09:10,93.3,9.5,-23.219341,-41.297055
FELIPE RIBEIRO,2024-03-05 17:52:32,84.7,8.5,-23.227516,-41.178136
FELIPE RIBEIRO,2024-03-05 17:57:52,101.3,8.6,-23.226755,-41.16445
FELIPE RIBEIRO,2024-03-05 18:00:10,105.6,8.9,-23.228246,-41.158433
FELIPE RIBEIRO,2024-03-05 18:02:21,98.8,8.6,-23.229341,-41.152746
FELIPE RIBEIRO,2024-03-05 18:08:49,94.9,8.8,-23.230553,-41.135731
FELIPE RIBEIRO,2024-03-05 18:09:28,93.1,8.7,-23.230671,-41.134003
FELIPE RIBEIRO,2024-03-05 18:16:30,93.9,8.8,-23.23194,-41.115243
FELIPE RIBEIRO,2024-03-05 18:17:30,94.4,8.8,-23.232103,-41.112575
FELIPE RIBEIRO,2024-03-05 18:17:50,94.8,8.9,-23.232171,-41.111673
FELIPE RIBEIRO,2024-03-05 18:19:30,95.1,8.9,-23.232498,-41.107188
FELIPE RIBEIRO,2024-03-05 18:31:11,95.0,8.8,-23.235093,-41.07601
FELIPE RIBEIRO,2024-03-05 18:46:41,93.4,8.9,-23.2384,-41.034235
FELIPE RIBEIRO,2024-03-05 18:49:10,94.5,8.9,-23.238923,-41.0275
FELIPE RIBEIRO,2024-03-05 19:36:11,97.6,8.7,-23.252186,-40.903265
FELIPE RIBEIRO,2024-03-05 19:42:20,98.3,8.9,-23.254103,-40.88695
FELIPE RIBEIRO,2024-03-05 19:43:52,98.6,8.8,-23.254568,-40.882805
FELIPE RIBEIRO,2024-03-05 19:44:31,96.8,8.8,-23.254755,-40.881055
FELIPE RIBEIRO,2024-03-05 20:12:10,94.6,9.0,-23.262541,-40.806931
FELIPE RIBEIRO,2024-03-05 20:17:40,95.0,8.9,-23.264035,-40.792003
FELIPE RIBEIRO,2024-03-05 20:42:21,98.9,9.2,-23.277911,-40.725773
FELIPE RIBEIRO,2024-03-05 20:50:49,101.7,9.1,-23.282513,-40.702765
FELIPE RIBEIRO,2024-03-05 20:53:09,102.5,9.1,-23.28369,-40.696465
FELIPE RIBEIRO,2024-03-05 21:08:21,97.4,9.2,-23.290918,-40.6551
FELIPE RIBEIRO,2024-03-05 21:12:39,102.5,9.0,-23.292771,-40.643346
FELIPE RIBEIRO,2024-03-05 21:19:10,101.9,9.2,-23.295368,-40.625643
FELIPE RIBEIRO,2024-03-05 21:24:41,98.3,9.2,-23.297503,-40.610535
FELIPE RIBEIRO,2024-03-05 21:27:21,98.5,9.3,-23.298501,-40.603168
FELIPE RIBEIRO,2024-03-05 21:29:31,99.1,9.3,-23.299295,-40.597121
FELIPE RIBEIRO,2024-03-05 22:00:19,97.7,9.3,-23.309486,-40.511785
FELIPE RIBEIRO,2024-03-05 22:03:11,97.4,9.3,-23.310361,-40.503843
FELIPE RIBEIRO,2024-03-05 22:03:50,97.4,9.2,-23.31058,-40.502003
FELIPE RIBEIRO,2024-03-05 22:05:32,95.7,9.4,-23.311108,-40.497323
FELIPE RIBEIRO,2024-03-05 22:27:30,95.1,9.4,-23.317493,-40.435738
FELIPE RIBEIRO,2024-03-05 22:38:20,96.9,9.3,-23.320445,-40.405363
FELIPE RIBEIRO,2024-03-05 22:59:01,100.1,9.5,-23.32705,-40.347145
FELIPE RIBEIRO,2024-03-05 23:20:11,98.6,9.4,-23.334453,-40.286766
FELIPE RIBEIRO,2024-03-05 23:20:40,97.7,9.6,-23.334605,-40.285351
FELIPE RIBEIRO,2024-03-05 23:44:31,96.4,9.7,-23.342751,-40.216768
FELIPE RIBEIRO,2024-03-05 23:46:41,98.1,9.6,-23.343556,-40.2105
FELIPE RIBEIRO,2024-03-05 23:49:11,100.0,9.6,-23.34451,-40.203338
FELIPE RIBEIRO,2024-03-06 00:37:11,98.9,9.6,-23.363811,-40.065766
FELIPE RIBEIRO,2024-03-06 00:40:21,97.5,9.5,-23.36503,-40.056788
FELIPE RIBEIRO,2024-03-06 00:44:10,100.5,9.4,-23.366555,-40.04593
FELIPE RIBEIRO,2024-03-06 00:55:21,100.3,9.4,-23.370956,-40.014248
FELIPE RIBEIRO,2024-03-06 00:56:11,97.0,9.5,-23.37131,-40.01184
FELIPE RIBEIRO,2024-03-06 00:56:21,100.1,9.5,-23.371385,-40.011371
FELIPE RIBEIRO,2024-03-06 00:57:11,99.9,9.6,-23.37172,-40.00901
FELIPE RIBEIRO,2024-03-06 00:57:41,97.4,9.5,-23.371916,-40.00759
FELIPE RIBEIRO,2024-03-06 00:59:51,94.7,9.5,-23.3728,-40.001436
FELIPE RIBEIRO,2024-03-06 01:00:01,101.0,9.5,-23.372875,-40.001013
FELIPE RIBEIRO,2024-03-06 01:01:41,97.9,9.4,-23.373526,-39.996238
FELIPE RIBEIRO,2024-03-06 01:18:12,97.4,9.4,-23.380093,-39.949568
FELIPE RIBEIRO,2024-03-06 01:29:52,97.1,9.6,-23.38414,-39.916321
FELIPE RIBEIRO,2024-03-06 01:49:12,95.0,9.6,-23.390931,-39.860576
FELIPE RIBEIRO,2024-03-06 01:51:31,95.6,9.7,-23.391755,-39.85384
FELIPE RIBEIRO,2024-03-06 01:54:40,97.4,9.3,-23.392895,-39.84492
FELIPE RIBEIRO,2024-03-06 02:05:50,96.8,9.4,-23.397053,-39.813043
FELIPE RIBEIRO,2024-03-06 02:21:51,97.5,9.4,-23.403443,-39.767808
FELIPE RIBEIRO,2024-03-06 02:23:52,98.5,9.3,-23.40423,-39.762188
FELIPE RIBEIRO,2024-03-06 02:33:22,100.6,9.2,-23.408278,-39.735543
FELIPE RIBEIRO,2024-03-06 02:41:20,98.0,9.6,-23.41163,-39.713061
FELIPE RIBEIRO,2024-03-06 03:03:01,101.5,9.6,-23.421411,-39.651351
FELIPE RIBEIRO,2024-03-06 03:05:21,95.6,9.5,-23.422421,-39.644611
FELIPE RIBEIRO,2024-03-06 03:07:31,100.7,9.5,-23.423383,-39.638348
FELIPE RIBEIRO,2024-03-06 03:17:11,97.1,9.5,-23.427643,-39.610793
FELIPE RIBEIRO,2024-03-06 03:24:31,97.9,9.6,-23.430761,-39.589766
FELIPE RIBEIRO,2024-03-06 03:24:41,98.8,9.4,-23.430828,-39.589291
FELIPE RIBEIRO,2024-03-06 03:25:00,101.6,9.5,-23.43097,-39.588296
FELIPE RIBEIRO,2024-03-06 03:25:41,97.2,9.5,-23.431213,-39.586388
FELIPE RIBEIRO,2024-03-06 03:26:51,97.2,9.6,-23.431665,-39.583116
FELIPE RIBEIRO,2024-03-06 03:27:00,100.6,9.7,-23.431726,-39.582643
FELIPE RIBEIRO,2024-03-06 03:27:10,93.3,9.4,-23.431791,-39.582171
FELIPE RIBEIRO,2024-03-06 03:29:10,98.5,9.4,-23.432668,-39.576515
FELIPE RIBEIRO,2024-03-06 03:35:01,97.0,9.4,-23.43488,-39.560003
FELIPE RIBEIRO,2024-03-06 03:38:41,97.9,9.4,-23.436228,-39.549633
FELIPE RIBEIRO,2024-03-06 03:41:02,98.0,9.5,-23.437086,-39.543006
FELIPE RIBEIRO,2024-03-06 03:43:20,96.2,9.4,-23.437945,-39.536465
FELIPE RIBEIRO,2024-03-06 03:49:20,95.0,9.3,-23.440205,-39.519616
FELIPE RIBEIRO,2024-03-06 03:51:32,95.4,9.4,-23.441055,-39.513445
FELIPE RIBEIRO,2024-03-06 03:52:10,101.6,9.3,-23.441303,-39.511628
FELIPE RIBEIRO,2024-03-06 04:07:51,101.4,9.2,-23.446941,-39.467921
FELIPE RIBEIRO,2024-03-06 04:11:51,98.9,9.3,-23.448486,-39.456708
FELIPE RIBEIRO,2024-03-06 04:17:21,100.0,9.3,-23.450533,-39.441205
FELIPE RIBEIRO,2024-03-06 04:24:41,96.1,9.4,-23.453178,-39.420625
FELIPE RIBEIRO,2024-03-06 04:26:42,98.8,9.3,-23.45394,-39.414966
FELIPE RIBEIRO,2024-03-06 04:29:10,99.8,9.3,-23.4548,-39.408086
FELIPE RIBEIRO,2024-03-06 04:45:21,98.9,9.5,-23.460865,-39.362386
FELIPE RIBEIRO,2024-03-06 04:51:01,101.8,9.3,-23.46303,-39.346236
FELIPE RIBEIRO,2024-03-06 04:53:30,100.9,9.3,-23.46402,-39.339118
FELIPE RIBEIRO,2024-03-06 04:54:52,95.8,9.5,-23.464565,-39.335333
FELIPE RIBEIRO,2024-03-06 04:56:11,100.3,9.5,-23.46506,-39.331558
FELIPE RIBEIRO,2024-03-06 04:57:02,98.1,9.5,-23.465351,-39.329236
FELIPE RIBEIRO,2024-03-06 04:57:51,96.8,9.6,-23.465648,-39.326891
FELIPE RIBEIRO,2024-03-06 04:58:01,96.1,9.5,-23.465718,-39.326415
FELIPE RIBEIRO,2024-03-06 04:59:39,95.0,9.6,-23.466293,-39.32173
FELIPE RIBEIRO,2024-03-06 05:00:00,94.9,9.5,-23.466413,-39.320761
FELIPE RIBEIRO,2024-03-06 05:01:11,93.6,9.5,-23.466841,-39.317413
FELIPE RIBEIRO,2024-03-06 05:21:01,96.2,9.6,-23.473865,-39.26126
FELIPE RIBEIRO,2024-03-06 05:23:20,103.0,9.5,-23.474766,-39.25456
FELIPE RIBEIRO,2024-03-06 05:30:21,104.0,9.4,-23.477243,-39.234676
FELIPE RIBEIRO,2024-03-06 05:35:50,100.0,9.5,-23.479235,-39.219046
FELIPE RIBEIRO,2024-03-06 06:08:59,94.1,9.3,-23.491136,-39.124698
FELIPE RIBEIRO,2024-03-06 06:14:29,98.2,9.4,-23.493748,-39.10928
FELIPE RIBEIRO,2024-03-06 06:39:02,96.8,9.3,-23.505373,-39.040601
FELIPE RIBEIRO,2024-03-06 06:44:21,98.1,9.3,-23.50778,-39.0256
FELIPE RIBEIRO,2024-03-06 06:48:11,101.4,9.4,-23.50951,-39.014818
FELIPE RIBEIRO,2024-03-06 07:18:41,91.6,9.6,-23.52062,-38.928838
FELIPE RIBEIRO,2024-03-06 07:18:51,90.8,9.4,-23.520683,-38.928303
FELIPE RIBEIRO,2024-03-06 07:51:51,103.8,9.5,-23.531143,-38.834531
FELIPE RIBEIRO,2024-03-06 08:05:12,101.3,9.5,-23.537298,-38.797068
FELIPE RIBEIRO,2024-03-06 08:09:20,97.1,9.1,-23.539365,-38.785593
FELIPE RIBEIRO,2024-03-06 08:12:42,97.7,9.3,-23.541095,-38.776318
FELIPE RIBEIRO,2024-03-06 08:15:13,100.0,9.5,-23.542355,-38.76931
FELIPE RIBEIRO,2024-03-06 08:20:40,100.6,9.4,-23.545231,-38.754213
FELIPE RIBEIRO,2024-03-06 08:23:11,103.6,9.2,-23.546468,-38.747473
FELIPE RIBEIRO,2024-03-06 08:52:20,102.2,9.1,-23.5588,-38.667731
FELIPE RIBEIRO,2024-03-06 08:55:20,100.6,9.1,-23.55991,-38.659465
FELIPE RIBEIRO,2024-03-06 09:01:21,98.3,9.3,-23.562235,-38.642876
FELIPE RIBEIRO,2024-03-06 09:05:11,100.0,9.2,-23.563723,-38.632301
FELIPE RIBEIRO,2024-03-06 09:07:22,99.7,9.2,-23.564581,-38.62631
FELIPE RIBEIRO,2024-03-06 09:09:52,99.2,9.3,-23.565455,-38.61936
FELIPE RIBEIRO,2024-03-06 09:26:11,100.2,8.9,-23.571116,-38.574378
FELIPE RIBEIRO,2024-03-06 09:29:11,96.3,9.1,-23.572108,-38.566105
FELIPE RIBEIRO,2024-03-06 09:31:21,97.9,8.6,-23.572815,-38.560265
FELIPE RIBEIRO,2024-03-06 09:49:09,99.5,8.9,-23.578408,-38.512141
FELIPE RIBEIRO,2024-03-06 09:54:51,99.7,9.1,-23.580135,-38.496815
FELIPE RIBEIRO,2024-03-06 10:01:40,99.6,9.1,-23.5822,-38.478361
FELIPE RIBEIRO,2024-03-06 10:03:00,98.1,8.9,-23.582615,-38.47473
FELIPE RIBEIRO,2024-03-06 10:05:20,93.1,8.9,-23.583343,-38.468433
FELIPE RIBEIRO,2024-03-06 10:35:42,96.5,8.9,-23.592858,-38.38668
FELIPE RIBEIRO,2024-03-06 10:38:02,101.2,8.6,-23.59367,-38.380445
FELIPE RIBEIRO,2024-03-06 10:41:21,96.4,8.9,-23.595228,-38.371681
FELIPE RIBEIRO,2024-03-06 10:42:50,105.6,9.0,-23.595943,-38.36775
FELIPE RIBEIRO,2024-03-06 10:49:30,107.5,9.0,-23.599323,-38.35012
FELIPE RIBEIRO,2024-03-06 10:52:50,98.6,9.0,-23.601005,-38.341346
FELIPE RIBEIRO,2024-03-06 11:09:22,100.2,9.0,-23.60907,-38.297511
FELIPE RIBEIRO,2024-03-06 11:13:11,100.9,8.9,-23.610578,-38.287351
FELIPE RIBEIRO,2024-03-06 11:15:41,102.1,9.0,-23.611531,-38.280625
FELIPE RIBEIRO,2024-03-06 11:30:41,100.9,9.0,-23.617581,-38.240348
FELIPE RIBEIRO,2024-03-06 11:32:51,99.3,9.1,-23.618518,-38.234438
FELIPE RIBEIRO,2024-03-06 11:33:20,101.4,9.0,-23.61872,-38.233135
FELIPE RIBEIRO,2024-03-06 11:33:51,101.6,9.0,-23.618928,-38.231766
FELIPE RIBEIRO,2024-03-06 11:35:30,103.4,8.7,-23.619626,-38.227258
FELIPE RIBEIRO,2024-03-06 11:37:30,102.3,9.1,-23.620501,-38.221913
FELIPE RIBEIRO,2024-03-06 11:40:31,96.2,9.1,-23.621795,-38.213711
FELIPE RIBEIRO,2024-03-06 11:40:50,107.5,9.0,-23.621975,-38.212865
FELIPE RIBEIRO,2024-03-06 11:49:10,103.6,9.2,-23.62562,-38.190255
FELIPE RIBEIRO,2024-03-06 11:51:49,101.7,9.1,-23.626743,-38.182998
FELIPE RIBEIRO,2024-03-06 12:00:29,101.1,9.0,-23.630403,-38.15918
FELIPE RIBEIRO,2024-03-06 12:01:29,98.2,9.1,-23.630838,-38.156428
FELIPE RIBEIRO,2024-03-06 12:03:00,98.3,9.2,-23.631493,-38.152341
FELIPE RIBEIRO,2024-03-06 12:05:00,99.5,9.2,-23.63238,-38.146891
FELIPE RIBEIRO,2024-03-06 12:18:32,104.0,9.3,-23.638483,-38.109696
FELIPE RIBEIRO,2024-03-06 12:28:00,96.6,9.1,-23.64284,-38.083535
FELIPE RIBEIRO,2024-03-06 12:32:31,105.6,9.1,-23.645086,-38.071123
FELIPE RIBEIRO,2024-03-06 12:37:00,101.5,9.2,-23.647136,-38.058725
FELIPE RIBEIRO,2024-03-06 12:53:42,96.7,9.3,-23.654966,-38.012628
FELIPE RIBEIRO,2024-03-06 13:29:31,97.2,9.3,-23.668545,-37.91218
FELIPE RIBEIRO,2024-03-06 13:36:31,97.2,9.5,-23.670918,-37.892331
FELIPE RIBEIRO,2024-03-06 14:00:02,94.2,9.5,-23.678488,-37.82443
FELIPE RIBEIRO,2024-03-06 14:03:12,96.8,9.5,-23.679496,-37.81523
FELIPE RIBEIRO,2024-03-06 14:06:22,101.2,9.8,-23.680448,-37.806005
FELIPE RIBEIRO,2024-03-06 14:09:02,97.6,9.7,-23.681293,-37.798185
FELIPE RIBEIRO,2024-03-06 14:15:21,95.2,9.7,-23.683196,-37.779555
FELIPE RIBEIRO,2024-03-06 14:18:01,95.5,9.8,-23.684063,-37.771726
FELIPE RIBEIRO,2024-03-06 14:21:01,98.4,9.6,-23.684925,-37.762936
FELIPE RIBEIRO,2024-03-06 14:51:51,97.0,9.9,-23.69345,-37.672498
FELIPE RIBEIRO,2024-03-06 14:56:41,98.3,9.7,-23.694505,-37.658218
FELIPE RIBEIRO,2024-03-06 14:59:12,95.6,9.9,-23.695123,-37.650796
FELIPE RIBEIRO,2024-03-06 15:02:02,97.1,9.6,-23.69571,-37.64246
FELIPE RIBEIRO,2024-03-06 15:08:51,96.8,9.7,-23.697155,-37.62228
FELIPE RIBEIRO,2024-03-06 15:11:02,90.8,10.0,-23.697511,-37.61584
FELIPE RIBEIRO,2024-03-06 15:14:51,96.1,9.6,-23.698575,-37.60474
FELIPE RIBEIRO,2024-03-06 15:44:52,101.7,9.6,-23.713221,-37.518456
FELIPE RIBEIRO,2024-03-06 15:59:42,102.8,9.9,-23.721368,-37.475526
FELIPE RIBEIRO,2024-03-06 16:01:31,106.6,9.6,-23.72243,-37.470221
FELIPE RIBEIRO,2024-03-06 16:07:12,100.3,9.7,-23.725713,-37.453871
FELIPE RIBEIRO,2024-03-06 16:09:50,95.3,9.8,-23.727106,-37.446235
FELIPE RIBEIRO,2024-03-06 16:44:22,96.2,9.6,-23.737971,-37.345038
FELIPE RIBEIRO,2024-03-06 16:48:19,96.4,9.7,-23.739183,-37.333351
FELIPE RIBEIRO,2024-03-06 16:48:27,97.2,9.8,-23.739231,-37.33291
FELIPE RIBEIRO,2024-03-06 16:48:49,96.8,9.8,-23.739335,-37.331828
FELIPE RIBEIRO,2024-03-06 16:49:19,93.3,9.9,-23.739475,-37.330358
FELIPE RIBEIRO,2024-03-06 16:50:19,95.7,9.6,-23.739758,-37.327458
FELIPE RIBEIRO,2024-03-06 16:50:49,100.2,10.0,-23.739898,-37.325973
FELIPE RIBEIRO,2024-03-06 16:51:09,98.6,10.0,-23.740005,-37.324943
FELIPE RIBEIRO,2024-03-06 16:51:49,101.5,9.6,-23.740226,-37.322971
FELIPE RIBEIRO,2024-03-06 16:52:09,96.3,9.5,-23.740331,-37.321988
FELIPE RIBEIRO,2024-03-06 16:53:23,98.2,9.7,-23.740696,-37.318546
FELIPE RIBEIRO,2024-03-06 16:53:27,96.7,9.7,-23.740731,-37.318155
FELIPE RIBEIRO,2024-03-06 16:53:49,98.7,9.7,-23.740858,-37.317075
FELIPE RIBEIRO,2024-03-06 16:54:08,92.4,9.7,-23.74094,-37.31615
FELIPE RIBEIRO,2024-03-06 16:54:19,94.3,9.8,-23.741006,-37.315613
FELIPE RIBEIRO,2024-03-06 16:54:28,97.3,9.8,-23.741055,-37.315171
FELIPE RIBEIRO,2024-03-06 16:55:48,99.7,9.9,-23.741458,-37.311291
FELIPE RIBEIRO,2024-03-06 16:56:28,99.9,10.1,-23.741655,-37.309273
FELIPE RIBEIRO,2024-03-06 16:59:41,96.2,9.9,-23.742621,-37.299935
FELIPE RIBEIRO,2024-03-06 17:32:42,93.0,9.8,-23.754018,-37.202588
FELIPE RIBEIRO,2024-03-06 17:36:00,91.6,9.8,-23.755203,-37.192895
FELIPE RIBEIRO,2024-03-06 17:46:30,91.3,9.5,-23.758833,-37.161963
FELIPE RIBEIRO,2024-03-06 17:50:20,98.9,9.8,-23.760433,-37.150736
FELIPE RIBEIRO,2024-03-06 17:52:50,100.5,9.9,-23.761571,-37.143343
FELIPE RIBEIRO,2024-03-06 17:54:41,103.1,9.6,-23.762406,-37.13783
FELIPE RIBEIRO,2024-03-06 18:28:20,103.1,9.9,-23.775793,-37.037315
FELIPE RIBEIRO,2024-03-06 18:39:39,97.7,10.0,-23.780398,-37.003351
FELIPE RIBEIRO,2024-03-06 18:43:42,99.9,9.8,-23.782108,-36.991358
FELIPE RIBEIRO,2024-03-06 18:46:21,99.2,9.9,-23.783318,-36.983485
FELIPE RIBEIRO,2024-03-06 19:11:32,101.7,9.9,-23.794751,-36.90829
FELIPE RIBEIRO,2024-03-06 19:20:51,95.8,9.9,-23.798841,-36.880556
FELIPE RIBEIRO,2024-03-06 19:33:32,95.6,9.8,-23.804273,-36.84305
FELIPE RIBEIRO,2024-03-06 19:52:41,102.0,10.0,-23.814938,-36.786436
FELIPE RIBEIRO,2024-03-06 20:13:21,99.7,9.8,-23.824686,-36.724963
FELIPE RIBEIRO,2024-03-06 20:23:00,98.8,10.1,-23.82815,-36.696011
FELIPE RIBEIRO,2024-03-06 20:26:42,99.9,9.9,-23.829585,-36.684935
FELIPE RIBEIRO,2024-03-06 20:30:30,103.1,9.8,-23.831023,-36.673626
FELIPE RIBEIRO,2024-03-06 20:56:10,99.5,10.0,-23.841098,-36.59785
FELIPE RIBEIRO,2024-03-06 20:59:30,96.7,9.8,-23.842438,-36.587971
FELIPE RIBEIRO,2024-03-06 21:02:51,97.2,9.7,-23.843745,-36.5781
FELIPE RIBEIRO,2024-03-06 21:03:02,96.3,10.1,-23.843811,-36.577555
FELIPE RIBEIRO,2024-03-06 21:05:30,96.5,9.9,-23.84483,-36.57029
FELIPE RIBEIRO,2024-03-06 21:05:31,96.5,9.9,-23.84483,-36.57029
FELIPE RIBEIRO,2024-03-06 21:07:42,95.9,9.8,-23.845803,-36.563863
FELIPE RIBEIRO,2024-08-27 17:31:52,276.0,9.2,-23.834055,-36.551615
FELIPE RIBEIRO,2024-08-27 17:35:52,278.2,9.3,-23.832806,-36.562756
FELIPE RIBEIRO,2024-08-27 17:49:32,281.3,9.0,-23.828498,-36.600235
FELIPE RIBEIRO,2024-08-27 18:02:32,278.9,8.9,-23.824501,-36.63492
FELIPE RIBEIRO,2024-08-27 18:04:33,278.3,9.1,-23.823816,-36.64036
FELIPE RIBEIRO,2024-08-27 18:09:33,275.2,9.3,-23.82226,-36.654188
FELIPE RIBEIRO,2024-08-27 18:13:33,275.6,9.1,-23.821015,-36.66528
FELIPE RIBEIRO,2024-08-27 18:38:13,274.5,9.0,-23.814061,-36.732175
FELIPE RIBEIRO,2024-08-27 18:41:03,276.5,8.9,-23.81339,-36.739783
FELIPE RIBEIRO,2024-08-27 18:43:13,278.1,8.9,-23.81277,-36.74558
FELIPE RIBEIRO,2024-08-27 19:19:13,277.1,9.4,-23.801741,-36.843591
FELIPE RIBEIRO,2024-08-27 19:23:13,279.3,9.2,-23.80006,-36.854655
FELIPE RIBEIRO,2024-08-27 19:30:53,282.6,9.1,-23.795628,-36.875533
FELIPE RIBEIRO,2024-08-27 19:33:24,283.4,9.3,-23.794158,-36.882468
FELIPE RIBEIRO,2024-08-27 20:11:32,279.1,9.3,-23.773471,-36.987556
FELIPE RIBEIRO,2024-08-27 20:17:22,276.5,9.4,-23.77071,-37.003773
FELIPE RIBEIRO,2024-08-27 20:22:53,278.4,9.4,-23.76789,-37.01903
FELIPE RIBEIRO,2024-08-27 21:05:14,282.1,9.7,-23.745305,-37.138053
FELIPE RIBEIRO,2024-08-27 21:08:04,284.4,9.8,-23.743698,-37.146178
FELIPE RIBEIRO,2024-08-27 21:11:03,279.0,9.8,-23.742351,-37.154806
FELIPE RIBEIRO,2024-08-27 21:13:53,272.4,9.8,-23.741593,-37.163095
FELIPE RIBEIRO,2024-08-27 21:16:03,272.1,9.5,-23.741078,-37.169478
FELIPE RIBEIRO,2024-08-27 21:19:14,276.1,9.5,-23.740381,-37.178656
FELIPE RIBEIRO,2024-08-27 21:21:34,276.9,9.5,-23.739945,-37.185365
FELIPE RIBEIRO,2024-08-27 21:57:33,275.5,9.7,-23.73304,-37.288618
FELIPE RIBEIRO,2024-08-27 22:06:22,281.4,9.9,-23.72987,-37.314243
FELIPE RIBEIRO,2024-08-27 22:50:54,281.6,9.9,-23.710801,-37.445203
FELIPE RIBEIRO,2024-08-27 22:53:34,278.0,9.8,-23.709565,-37.452996
FELIPE RIBEIRO,2024-08-27 22:57:33,278.1,9.9,-23.70761,-37.464718
FELIPE RIBEIRO,2024-08-27 22:59:23,281.1,10.0,-23.706716,-37.470038
FELIPE RIBEIRO,2024-08-27 23:00:33,284.0,10.0,-23.706108,-37.473545
FELIPE RIBEIRO,2024-08-27 23:02:51,279.6,9.9,-23.70499,-37.480305
FELIPE RIBEIRO,2024-08-27 23:49:24,277.8,10.0,-23.686033,-37.61733
FELIPE RIBEIRO,2024-08-28 00:16:12,275.6,10.1,-23.675475,-37.697793
FELIPE RIBEIRO,2024-08-28 00:16:53,276.9,10.0,-23.675215,-37.699881
FELIPE RIBEIRO,2024-08-28 00:18:13,280.3,10.1,-23.67466,-37.703865
FELIPE RIBEIRO,2024-08-28 00:19:13,281.1,10.2,-23.674151,-37.706838
FELIPE RIBEIRO,2024-08-28 00:19:23,282.0,10.1,-23.674068,-37.707333
FELIPE RIBEIRO,2024-08-28 00:20:03,276.2,10.0,-23.673771,-37.709365
FELIPE RIBEIRO,2024-08-28 00:20:23,279.3,10.0,-23.673616,-37.710308
FELIPE RIBEIRO,2024-08-28 00:20:33,279.4,10.1,-23.67353,-37.710818
FELIPE RIBEIRO,2024-08-28 00:20:43,279.5,10.1,-23.673446,-37.711365
FELIPE RIBEIRO,2024-08-28 00:20:53,278.6,10.0,-23.67339,-37.711806
FELIPE RIBEIRO,2024-08-28 00:21:33,276.5,10.1,-23.673126,-37.71385
FELIPE RIBEIRO,2024-08-28 00:22:33,278.8,10.1,-23.672716,-37.716823
FELIPE RIBEIRO,2024-08-28 00:23:33,277.7,10.2,-23.67229,-37.719851
FELIPE RIBEIRO,2024-08-28 00:42:24,279.6,10.3,-23.664923,-37.777028
FELIPE RIBEIRO,2024-08-28 00:50:53,277.8,10.1,-23.661608,-37.803176
FELIPE RIBEIRO,2024-08-28 01:05:12,282.0,10.2,-23.656011,-37.84685
FELIPE RIBEIRO,2024-08-28 01:07:03,279.6,10.2,-23.655165,-37.852425
FELIPE RIBEIRO,2024-08-28 01:08:32,279.5,10.2,-23.654416,-37.856938
FELIPE RIBEIRO,2024-08-28 01:09:02,280.9,10.2,-23.654163,-37.858505
FELIPE RIBEIRO,2024-08-28 01:10:02,280.7,10.4,-23.653681,-37.8615
FELIPE RIBEIRO,2024-08-28 01:10:52,281.0,10.2,-23.653236,-37.86408
FELIPE RIBEIRO,2024-08-28 01:11:44,279.6,10.2,-23.652796,-37.866666
FELIPE RIBEIRO,2024-08-28 01:11:52,280.1,10.2,-23.652733,-37.867075
FELIPE RIBEIRO,2024-08-28 01:12:43,278.9,10.3,-23.652338,-37.869726
FELIPE RIBEIRO,2024-08-28 01:33:13,280.3,10.2,-23.64268,-37.932271
FELIPE RIBEIRO,2024-08-28 01:42:14,270.8,7.2,-23.639721,-37.95661
FELIPE RIBEIRO,2024-08-28 01:50:52,256.0,4.3,-23.642576,-37.970483
FELIPE RIBEIRO,2024-08-28 01:51:03,253.7,4.2,-23.642651,-37.970698
FELIPE RIBEIRO,2024-08-28 02:13:11,298.4,1.6,-23.641891,-37.987796
FELIPE RIBEIRO,2024-08-28 02:17:12,256.2,0.9,-23.641465,-37.989273
FELIPE RIBEIRO,2024-08-28 02:19:22,304.3,1.2,-23.64127,-37.989923
FELIPE RIBEIRO,2024-08-28 02:21:33,271.6,0.6,-23.641073,-37.990398
FELIPE RIBEIRO,2024-08-28 02:23:41,305.5,0.5,-23.640926,-37.99077
FELIPE RIBEIRO,2024-08-28 02:27:13,308.5,0.3,-23.640588,-37.991201
FELIPE RIBEIRO,2024-08-28 02:50:24,11.4,1.1,-23.636898,-37.992091
FELIPE RIBEIRO,2024-08-28 02:53:03,4.6,0.6,-23.636316,-37.99202
FELIPE RIBEIRO,2024-08-28 02:55:53,7.7,0.8,-23.635696,-37.992011
FELIPE RIBEIRO,2024-08-28 03:16:34,332.9,0.4,-23.63155,-37.99184
FELIPE RIBEIRO,2024-08-28 03:26:52,0.8,1.2,-23.629373,-37.99209
FELIPE RIBEIRO,2024-08-28 03:31:42,355.2,0.8,-23.628411,-37.992223
FELIPE RIBEIRO,2024-08-28 03:33:44,0.0,1.0,-23.627958,-37.992316
FELIPE RIBEIRO,2024-08-28 03:36:12,341.6,0.6,-23.627491,-37.992416
FELIPE RIBEIRO,2024-08-28 04:08:53,323.5,0.3,-23.62107,-37.993481
FELIPE RIBEIRO,2024-08-28 04:10:13,3.4,1.0,-23.620783,-37.993495
FELIPE RIBEIRO,2024-08-28 04:13:04,345.5,0.6,-23.620171,-37.99361
FELIPE RIBEIRO,2024-08-28 04:35:54,328.1,0.4,-23.615778,-37.994596
FELIPE RIBEIRO,2024-08-28 04:43:22,345.4,0.6,-23.614586,-37.994961
FELIPE RIBEIRO,2024-08-28 05:02:52,338.0,0.4,-23.6114,-37.995443
FELIPE RIBEIRO,2024-08-28 05:15:32,343.6,0.4,-23.609101,-37.995883
FELIPE RIBEIRO,2024-08-28 05:43:13,1.6,1.0,-23.60421,-37.997283
FELIPE RIBEIRO,2024-08-28 05:51:52,357.4,0.8,-23.602696,-37.997681
FELIPE RIBEIRO,2024-08-28 05:52:34,355.4,0.9,-23.602601,-37.997726
FELIPE RIBEIRO,2024-08-28 05:56:34,298.1,0.1,-23.601956,-37.99784
FELIPE RIBEIRO,2024-08-28 06:26:22,6.7,1.0,-23.596651,-37.998285
FELIPE RIBEIRO,2024-08-28 06:38:13,348.1,0.6,-23.594386,-37.998525
FELIPE RIBEIRO,2024-08-28 06:41:24,344.6,0.5,-23.593831,-37.998576
FELIPE RIBEIRO,2024-08-28 06:44:14,0.6,0.8,-23.593273,-37.998608
FELIPE RIBEIRO,2024-08-28 06:46:53,347.5,0.4,-23.5928,-37.998635
FELIPE RIBEIRO,2024-08-28 06:49:22,350.2,0.4,-23.592375,-37.998641
FELIPE RIBEIRO,2024-08-28 06:57:03,354.8,0.5,-23.591131,-37.998625
FELIPE RIBEIRO,2024-08-28 07:00:14,7.5,0.3,-23.590551,-37.998611
FELIPE RIBEIRO,2024-08-28 07:09:52,11.3,1.1,-23.588731,-37.9985
FELIPE RIBEIRO,2024-08-28 07:34:12,1.6,0.8,-23.58402,-37.99853
FELIPE RIBEIRO,2024-08-28 07:36:14,356.4,0.6,-23.583718,-37.998546
FELIPE RIBEIRO,2024-08-28 07:40:14,4.8,0.8,-23.583041,-37.998485
FELIPE RIBEIRO,2024-08-28 07:43:23,6.2,1.0,-23.5825,-37.998473
FELIPE RIBEIRO,2024-08-28 07:45:54,2.5,0.9,-23.58204,-37.998495
FELIPE RIBEIRO,2024-08-28 07:49:24,349.4,0.4,-23.581393,-37.99848
FELIPE RIBEIRO,2024-08-28 07:55:03,334.3,0.3,-23.58024,-37.998443
FELIPE RIBEIRO,2024-08-28 08:10:32,346.8,0.6,-23.576791,-37.998291
FELIPE RIBEIRO,2024-08-28 08:13:03,355.7,0.6,-23.576223,-37.998326
FELIPE RIBEIRO,2024-08-28 08:20:22,359.0,1.0,-23.574588,-37.998478
FELIPE RIBEIRO,2024-08-28 08:25:03,357.7,1.3,-23.573508,-37.998643
FELIPE RIBEIRO,2024-08-28 08:46:54,347.5,0.5,-23.568796,-37.999163
FELIPE RIBEIRO,2024-08-28 08:50:54,1.7,1.0,-23.567806,-37.99922
FELIPE RIBEIRO,2024-08-28 08:54:13,341.3,0.3,-23.567111,-37.99927
FELIPE RIBEIRO,2024-08-28 08:57:14,350.5,0.6,-23.566433,-37.999341
FELIPE RIBEIRO,2024-08-28 09:02:42,335.8,0.6,-23.565208,-37.999461
FELIPE RIBEIRO,2024-08-28 09:18:54,351.6,0.7,-23.561198,-37.99971
FELIPE RIBEIRO,2024-08-28 09:21:13,353.3,0.8,-23.560678,-37.99982
FELIPE RIBEIRO,2024-08-28 09:31:43,4.8,1.2,-23.558275,-38.000136
FELIPE RIBEIRO,2024-08-28 09:36:14,2.9,1.3,-23.557215,-38.000258
FELIPE RIBEIRO,2024-08-28 09:39:53,4.3,1.1,-23.556228,-38.000338
FELIPE RIBEIRO,2024-08-28 09:55:03,351.9,0.9,-23.552401,-38.000615
FELIPE RIBEIRO,2024-08-28 10:04:53,0.2,0.8,-23.54991,-38.000696
FELIPE RIBEIRO,2024-08-28 10:07:33,1.5,1.1,-23.549271,-38.0007
FELIPE RIBEIRO,2024-08-28 10:10:33,352.6,0.6,-23.548623,-38.000661
FELIPE RIBEIRO,2024-08-28 10:13:24,343.1,0.4,-23.548036,-38.000663
FELIPE RIBEIRO,2024-08-28 10:31:54,4.2,1.8,-23.542826,-38.000893
FELIPE RIBEIRO,2024-08-28 10:36:52,342.6,0.7,-23.541458,-38.001026
FELIPE RIBEIRO,2024-08-28 10:48:22,343.5,0.7,-23.538495,-38.001605
FELIPE RIBEIRO,2024-08-28 10:53:52,357.0,1.6,-23.537,-38.001873
FELIPE RIBEIRO,2024-08-28 10:54:52,347.5,0.9,-23.536763,-38.001886
FELIPE RIBEIRO,2024-08-28 11:02:13,342.4,0.9,-23.534958,-38.002248
FELIPE RIBEIRO,2024-08-28 11:05:53,343.3,0.7,-23.534125,-38.002443
FELIPE RIBEIRO,2024-08-28 11:36:14,352.7,1.1,-23.526105,-38.004188
FELIPE RIBEIRO,2024-08-28 11:40:42,348.2,1.0,-23.524985,-38.004441
FELIPE RIBEIRO,2024-08-28 11:44:33,333.7,0.6,-23.524025,-38.004738
FELIPE RIBEIRO,2024-08-28 12:12:52,340.9,0.9,-23.51677,-38.006663
FELIPE RIBEIRO,2024-08-28 12:17:23,320.0,0.5,-23.515685,-38.007045
FELIPE RIBEIRO,2024-08-28 12:22:53,341.2,0.8,-23.514211,-38.00747
FELIPE RIBEIRO,2024-08-28 12:28:23,345.0,1.0,-23.5127,-38.007791
FELIPE RIBEIRO,2024-08-28 12:29:23,343.9,0.9,-23.512466,-38.007858
FELIPE RIBEIRO,2024-08-28 12:51:41,328.9,0.7,-23.506561,-38.009448
FELIPE RIBEIRO,2024-08-28 13:09:32,338.6,1.0,-23.502223,-38.010855
FELIPE RIBEIRO,2024-08-28 13:10:13,349.6,1.4,-23.502058,-38.010901
FELIPE RIBEIRO,2024-08-28 13:17:33,343.9,1.0,-23.500251,-38.011475
FELIPE RIBEIRO,2024-08-28 13:22:53,324.9,0.9,-23.498881,-38.011963
FELIPE RIBEIRO,2024-08-28 13:41:41,314.5,0.4,-23.494061,-38.0137
FELIPE RIBEIRO,2024-08-28 14:00:17,355.5,1.6,-23.489486,-38.01502
FELIPE RIBEIRO,2024-08-28 14:17:32,282.7,0.4,-23.485208,-38.016126
FELIPE RIBEIRO,2024-08-28 14:51:43,337.8,0.6,-23.476091,-38.018506
FELIPE RIBEIRO,2024-08-28 14:53:34,354.4,1.1,-23.475581,-38.018635
FELIPE RIBEIRO,2024-08-28 14:54:54,356.6,1.5,-23.475215,-38.01872
FELIPE RIBEIRO,2024-08-28 14:56:54,343.4,0.8,-23.474708,-38.018806
FELIPE RIBEIRO,2024-08-28 15:02:53,304.8,2.1,-23.473063,-38.020581
FELIPE RIBEIRO,2024-08-28 15:05:53,290.5,2.6,-23.472276,-38.022475
FELIPE RIBEIRO,2024-08-28 15:24:32,194.7,3.7,-23.479941,-38.034665
FELIPE RIBEIRO,2024-08-28 16:02:13,243.5,5.3,-23.504111,-38.073113
FELIPE RIBEIRO,2024-08-28 16:34:14,269.4,5.9,-23.510936,-38.12494
FELIPE RIBEIRO,2024-08-28 16:36:32,271.4,5.9,-23.511121,-38.129043
FELIPE RIBEIRO,2024-08-28 16:41:32,265.1,5.9,-23.511198,-38.137935
FELIPE RIBEIRO,2024-08-28 16:46:14,267.2,5.8,-23.51111,-38.146265
FELIPE RIBEIRO,2024-08-28 16:50:13,272.3,6.0,-23.510696,-38.15343
FELIPE RIBEIRO,2024-08-28 17:10:22,282.8,6.2,-23.50589,-38.19029
FELIPE RIBEIRO,2024-08-28 17:37:54,277.6,6.3,-23.49926,-38.241698
FELIPE RIBEIRO,2024-08-28 17:46:34,277.9,6.3,-23.496995,-38.258061
FELIPE RIBEIRO,2024-08-28 18:33:24,276.6,8.1,-23.485473,-38.355468
FELIPE RIBEIRO,2024-08-28 18:45:31,275.0,9.1,-23.482545,-38.386726
FELIPE RIBEIRO,2024-08-28 18:49:13,272.0,9.2,-23.481773,-38.396885
FELIPE RIBEIRO,2024-08-28 19:13:42,277.5,10.0,-23.475135,-38.468268
FELIPE RIBEIRO,2024-08-28 19:22:53,275.2,10.0,-23.472335,-38.495571
FELIPE RIBEIRO,2024-08-28 19:25:13,276.2,10.1,-23.47177,-38.502688
FELIPE RIBEIRO,2024-08-28 19:59:42,275.6,10.2,-23.463246,-38.600973
FELIPE RIBEIRO,2024-08-28 20:02:33,269.0,10.2,-23.462631,-38.609638
FELIPE RIBEIRO,2024-08-28 20:05:54,272.2,10.2,-23.461773,-38.619973
FELIPE RIBEIRO,2024-08-28 20:08:23,276.5,10.5,-23.461095,-38.62778
FELIPE RIBEIRO,2024-08-28 20:12:24,275.5,10.4,-23.459791,-38.64031
FELIPE RIBEIRO,2024-08-28 20:14:24,273.8,10.5,-23.45936,-38.646568
FELIPE RIBEIRO,2024-08-28 20:14:53,271.5,10.5,-23.45926,-38.648033
FELIPE RIBEIRO,2024-08-28 20:17:13,273.0,10.6,-23.458671,-38.655555
FELIPE RIBEIRO,2024-08-28 20:19:44,275.3,10.9,-23.45797,-38.663748
FELIPE RIBEIRO,2024-08-28 20:58:04,279.1,11.6,-23.446838,-38.795775
FELIPE RIBEIRO,2024-08-28 21:07:33,279.5,11.4,-23.442965,-38.828418
FELIPE RIBEIRO,2024-08-28 21:51:13,279.1,10.7,-23.428378,-38.975963
FELIPE RIBEIRO,2024-08-28 21:58:03,247.5,7.0,-23.429341,-38.993911
FELIPE RIBEIRO,2024-08-28 22:00:13,228.0,5.3,-23.431455,-38.996915
FELIPE RIBEIRO,2024-08-28 22:02:34,199.6,4.2,-23.434033,-38.998506
FELIPE RIBEIRO,2024-08-28 22:05:23,174.7,3.1,-23.43673,-38.998641
FELIPE RIBEIRO,2024-08-28 23:41:22,9.9,1.8,-23.42843,-38.980793
FELIPE RIBEIRO,2024-08-28 23:48:33,16.1,0.8,-23.426905,-38.980261
FELIPE RIBEIRO,2024-08-28 23:51:33,27.7,0.2,-23.426296,-38.980085
FELIPE RIBEIRO,2024-08-29 00:04:21,359.6,0.4,-23.423421,-38.979138
FELIPE RIBEIRO,2024-08-29 00:04:53,112.9,0.1,-23.42334,-38.979093
FELIPE RIBEIRO,2024-08-29 00:08:12,13.1,1.6,-23.422678,-38.978838
FELIPE RIBEIRO,2024-08-29 00:09:12,16.3,1.2,-23.422521,-38.978775
FELIPE RIBEIRO,2024-08-29 00:09:43,44.5,0.3,-23.422433,-38.978753
FELIPE RIBEIRO,2024-08-29 00:09:53,168.2,0.4,-23.422401,-38.978741
FELIPE RIBEIRO,2024-08-29 00:10:12,12.4,1.5,-23.42235,-38.97871
FELIPE RIBEIRO,2024-08-29 00:10:53,13.3,1.4,-23.422235,-38.978646
FELIPE RIBEIRO,2024-08-29 00:11:03,10.0,2.0,-23.422186,-38.97863
FELIPE RIBEIRO,2024-08-29 00:11:12,12.8,1.5,-23.42216,-38.97861
FELIPE RIBEIRO,2024-08-29 00:11:32,66.8,0.4,-23.422088,-38.978563
FELIPE RIBEIRO,2024-08-29 00:12:12,41.2,1.0,-23.421936,-38.978496
FELIPE RIBEIRO,2024-08-29 00:12:43,32.7,1.3,-23.421831,-38.97841
FELIPE RIBEIRO,2024-08-29 00:13:03,32.6,1.3,-23.421763,-38.978341
FELIPE RIBEIRO,2024-08-29 00:33:54,185.1,3.0,-23.428163,-38.967741
FELIPE RIBEIRO,2024-08-29 00:51:02,271.8,5.7,-23.433925,-38.984453
FELIPE RIBEIRO,2024-08-29 00:52:53,272.8,6.4,-23.43389,-38.987805
FELIPE RIBEIRO,2024-08-29 00:53:42,263.7,6.8,-23.43385,-38.989463
FELIPE RIBEIRO,2024-08-29 00:55:32,269.0,7.1,-23.433825,-38.993336
FELIPE RIBEIRO,2024-08-29 01:14:53,271.6,9.8,-23.434866,-39.045028
FELIPE RIBEIRO,2024-08-29 01:17:32,278.1,9.8,-23.434615,-39.052978
FELIPE RIBEIRO,2024-08-29 01:23:12,272.1,10.5,-23.43403,-39.070406
FELIPE RIBEIRO,2024-08-29 01:31:21,267.3,10.6,-23.432806,-39.096486
FELIPE RIBEIRO,2024-08-29 01:50:02,274.7,11.1,-23.428786,-39.158005
FELIPE RIBEIRO,2024-08-29 01:52:33,271.7,11.2,-23.428345,-39.16644
FELIPE RIBEIRO,2024-08-29 02:01:02,274.4,11.1,-23.426633,-39.194951
FELIPE RIBEIRO,2024-08-29 02:35:13,275.9,11.6,-23.417551,-39.310658
FELIPE RIBEIRO,2024-08-29 03:01:23,275.3,11.6,-23.410775,-39.40117
FELIPE RIBEIRO,2024-08-29 03:05:23,271.5,11.4,-23.409718,-39.415015
FELIPE RIBEIRO,2024-08-29 03:08:44,275.1,11.7,-23.408813,-39.426741
FELIPE RIBEIRO,2024-08-29 03:12:32,276.8,11.7,-23.407685,-39.44003
FELIPE RIBEIRO,2024-08-29 03:39:33,274.2,11.6,-23.401776,-39.534646
FELIPE RIBEIRO,2024-08-29 03:44:34,274.0,11.7,-23.400703,-39.552295
FELIPE RIBEIRO,2024-08-29 03:56:12,272.4,11.6,-23.399141,-39.593171
FELIPE RIBEIRO,2024-08-29 04:02:34,272.7,11.6,-23.39853,-39.61533
FELIPE RIBEIRO,2024-08-29 04:05:34,269.5,11.6,-23.39806,-39.625806
FELIPE RIBEIRO,2024-08-29 04:13:13,268.1,11.6,-23.397273,-39.65256
FELIPE RIBEIRO,2024-08-29 04:53:14,277.5,11.5,-23.38591,-39.791471
FELIPE RIBEIRO,2024-08-29 04:56:44,276.0,11.4,-23.384503,-39.803521
FELIPE RIBEIRO,2024-08-29 05:48:12,280.3,11.5,-23.363161,-39.97952
FELIPE RIBEIRO,2024-08-29 06:40:23,280.9,11.9,-23.338508,-40.159386
FELIPE RIBEIRO,2024-08-29 06:44:23,278.9,11.8,-23.336551,-40.173345
FELIPE RIBEIRO,2024-08-29 07:20:33,275.0,11.8,-23.320013,-40.300505
FELIPE RIBEIRO,2024-08-29 07:28:33,272.6,11.9,-23.316841,-40.32889
FELIPE RIBEIRO,2024-08-29 08:00:02,276.6,11.8,-23.30525,-40.440611
FELIPE RIBEIRO,2024-08-29 08:22:54,275.5,11.9,-23.297886,-40.521788
FELIPE RIBEIRO,2024-08-29 08:28:32,280.2,11.8,-23.294918,-40.541641
FELIPE RIBEIRO,2024-08-29 08:30:42,278.3,12.0,-23.293703,-40.549313
FELIPE RIBEIRO,2024-08-29 08:34:13,279.0,11.9,-23.291813,-40.561758
FELIPE RIBEIRO,2024-08-29 08:37:13,278.5,11.9,-23.290463,-40.572493
FELIPE RIBEIRO,2024-08-29 08:54:03,275.0,12.0,-23.283965,-40.632473
FELIPE RIBEIRO,2024-08-29 09:06:23,273.7,12.0,-23.280236,-40.677058
FELIPE RIBEIRO,2024-08-29 09:34:23,282.8,11.9,-23.26806,-40.777228
FELIPE RIBEIRO,2024-08-29 09:35:32,283.3,11.8,-23.267255,-40.781205
FELIPE RIBEIRO,2024-08-29 09:41:13,283.8,11.8,-23.26343,-40.801033
FELIPE RIBEIRO,2024-08-29 09:49:04,282.8,12.1,-23.257531,-40.828535
FELIPE RIBEIRO,2024-08-29 09:59:53,282.9,11.9,-23.249551,-40.867028
FELIPE RIBEIRO,2024-08-29 10:07:24,225.3,7.3,-23.247138,-40.890578
FELIPE RIBEIRO,2024-08-29 10:21:52,143.8,4.4,-23.263483,-40.890866
FELIPE RIBEIRO,2024-08-29 10:34:53,251.2,7.4,-23.28311,-40.893438
FELIPE RIBEIRO,2024-08-29 10:38:33,256.9,8.6,-23.285283,-40.902048
FELIPE RIBEIRO,2024-08-29 10:41:33,271.2,8.7,-23.28561,-40.909708
FELIPE RIBEIRO,2024-08-29 10:47:12,285.7,9.5,-23.283,-40.924848
FELIPE RIBEIRO,2024-08-29 10:52:53,285.9,10.1,-23.278791,-40.941108
FELIPE RIBEIRO,2024-08-29 11:13:03,288.7,10.7,-23.260491,-41.00201
FELIPE RIBEIRO,2024-08-29 11:22:32,289.1,10.8,-23.25015,-41.030696
FELIPE RIBEIRO,2024-08-29 12:14:12,275.2,10.4,-23.196255,-41.18603
FELIPE RIBEIRO,2024-08-29 12:14:32,273.0,10.4,-23.196238,-41.187073
FELIPE RIBEIRO,2024-08-29 12:15:32,270.4,10.5,-23.196203,-41.190311
FELIPE RIBEIRO,2024-08-29 12:16:43,273.7,10.3,-23.196131,-41.19399
FELIPE RIBEIRO,2024-08-29 12:19:33,273.7,10.4,-23.195891,-41.202811
FELIPE RIBEIRO,2024-08-29 12:22:33,271.4,10.4,-23.195606,-41.212245
FELIPE RIBEIRO,2024-08-29 12:27:12,272.2,10.4,-23.194741,-41.226753
FELIPE RIBEIRO,2024-08-29 12:49:13,273.6,10.7,-23.188693,-41.296051
FELIPE RIBEIRO,2024-08-29 12:55:52,277.6,10.6,-23.186241,-41.317056
FELIPE RIBEIRO,2024-08-29 12:59:12,278.8,10.6,-23.184761,-41.327546
FELIPE RIBEIRO,2024-08-29 13:55:24,279.6,10.0,-23.159221,-41.500433
FELIPE RIBEIRO,2024-08-29 15:01:33,273.8,10.3,-23.158698,-41.70186
FELIPE RIBEIRO,2024-08-29 15:31:43,265.6,10.4,-23.162305,-41.795681
FELIPE RIBEIRO,2024-08-29 15:35:43,265.0,10.4,-23.163068,-41.80817
FELIPE RIBEIRO,2024-08-29 15:37:23,263.2,10.5,-23.163455,-41.813413
FELIPE RIBEIRO,2024-08-29 15:40:53,264.8,10.4,-23.16422,-41.824353
FELIPE RIBEIRO,2024-08-29 15:49:33,266.1,10.5,-23.166061,-41.851593
FELIPE RIBEIRO,2024-08-29 16:07:52,269.8,10.4,-23.168931,-41.909531
FELIPE RIBEIRO,2024-08-29 16:11:53,274.3,10.4,-23.169178,-41.92214
FELIPE RIBEIRO,2024-08-29 16:46:22,269.0,10.3,-23.169546,-42.029761
FELIPE RIBEIRO,2024-08-29 17:14:14,263.2,9.9,-23.176621,-42.11088
FELIPE RIBEIRO,2024-08-29 17:20:43,263.1,10.0,-23.178616,-42.130311
FELIPE RIBEIRO,2024-08-29 17:25:53,261.6,10.1,-23.180118,-42.145886
FELIPE RIBEIRO,2024-08-29 17:54:13,267.2,10.2,-23.1894,-42.231651
FELIPE RIBEIRO,2024-08-29 18:31:11,270.8,10.1,-23.19121,-42.344711
FELIPE RIBEIRO,2024-08-29 19:05:44,272.4,10.5,-23.191453,-42.452736
FELIPE RIBEIRO,2024-08-29 19:13:33,274.5,10.5,-23.19098,-42.47748
FELIPE RIBEIRO,2024-08-29 19:16:53,269.2,10.5,-23.190786,-42.48797
FELIPE RIBEIRO,2024-08-29 19:58:13,258.9,10.4,-23.193481,-42.617478
FELIPE RIBEIRO,2024-08-29 20:51:12,255.3,10.6,-23.225415,-42.780495
FELIPE RIBEIRO,2024-08-29 20:53:33,254.4,10.5,-23.226986,-42.78773
FELIPE RIBEIRO,2024-08-29 20:59:32,256.5,10.5,-23.231088,-42.806076
FELIPE RIBEIRO,2024-08-29 21:02:24,257.0,10.5,-23.233123,-42.814833
FELIPE RIBEIRO,2024-08-29 22:38:33,263.5,11.0,-23.240806,-43.120398
FELIPE RIBEIRO,2024-08-29 22:39:14,261.9,11.1,-23.241075,-43.122585
FELIPE RIBEIRO,2024-08-29 22:44:03,273.2,11.1,-23.241586,-43.13869
FELIPE RIBEIRO,2024-08-29 22:46:34,272.2,11.1,-23.241181,-43.147013
FELIPE RIBEIRO,2024-08-29 23:56:23,267.3,10.4,-23.253928,-43.369226
FELIPE RIBEIRO,2024-08-29 23:58:13,265.7,10.4,-23.254331,-43.37501
FELIPE RIBEIRO,2024-08-30 00:05:02,263.1,10.4,-23.255571,-43.39641
FELIPE RIBEIRO,2024-08-30 00:16:33,280.3,10.5,-23.255008,-43.432628
FELIPE RIBEIRO,2024-08-30 00:22:33,285.0,10.6,-23.250701,-43.451061
FELIPE RIBEIRO,2024-08-30 00:26:13,283.2,10.5,-23.247646,-43.462271
FELIPE RIBEIRO,2024-08-30 00:32:22,272.9,10.4,-23.245186,-43.48157
FELIPE RIBEIRO,2024-08-30 00:50:23,264.9,10.6,-23.249826,-43.538468
FELIPE RIBEIRO,2024-08-30 01:27:03,264.1,10.8,-23.261331,-43.656346
FELIPE RIBEIRO,2024-08-30 01:35:42,265.0,10.9,-23.263638,-43.684693
FELIPE RIBEIRO,2024-08-30 01:35:43,265.0,10.9,-23.263638,-43.684693
FELIPE RIBEIRO,2024-08-30 01:38:12,266.4,11.0,-23.264346,-43.692911
FELIPE RIBEIRO,2024-08-30 01:38:33,265.3,11.0,-23.264428,-43.694006
FELIPE RIBEIRO,2024-08-30 01:38:42,265.7,11.0,-23.264463,-43.6945
FELIPE RIBEIRO,2024-08-30 01:39:13,266.0,11.0,-23.26459,-43.696198
FELIPE RIBEIRO,2024-08-30 02:04:54,258.3,10.9,-23.271378,-43.780946
FELIPE RIBEIRO,2024-08-30 02:05:42,260.0,10.9,-23.271908,-43.783536
FELIPE RIBEIRO,2024-08-30 02:07:13,257.8,10.9,-23.272841,-43.788468
FELIPE RIBEIRO,2024-08-30 02:09:23,255.8,10.9,-23.274098,-43.795333
FELIPE RIBEIRO,2024-08-30 02:09:33,258.1,10.9,-23.274205,-43.795921
FELIPE RIBEIRO,2024-08-30 02:10:13,257.9,11.0,-23.27463,-43.798118
FELIPE RIBEIRO,2024-08-30 02:12:42,257.4,10.9,-23.276185,-43.806076
FELIPE RIBEIRO,2024-08-30 02:30:14,269.4,11.2,-23.284965,-43.86407
FELIPE RIBEIRO,2024-08-30 02:33:23,271.4,11.1,-23.285041,-43.874511
FELIPE RIBEIRO,2024-08-30 02:38:43,268.6,11.2,-23.285135,-43.892593
FELIPE RIBEIRO,2024-08-30 02:41:34,271.5,11.1,-23.285076,-43.902105
FELIPE RIBEIRO,2024-08-30 02:44:13,270.5,11.1,-23.284911,-43.91104
FELIPE RIBEIRO,2024-08-30 03:02:53,270.1,10.9,-23.28407,-43.973053
FELIPE RIBEIRO,2024-08-30 03:05:53,270.3,11.0,-23.283845,-43.982951
FELIPE RIBEIRO,2024-08-30 03:11:43,269.3,10.9,-23.283925,-44.002171
FELIPE RIBEIRO,2024-08-30 03:15:34,271.2,10.9,-23.28388,-44.014778
FELIPE RIBEIRO,2024-08-30 03:20:13,271.7,10.8,-23.283813,-44.030055
FELIPE RIBEIRO,2024-08-30 03:45:33,270.7,10.8,-23.283601,-44.113003
FELIPE RIBEIRO,2024-08-30 04:00:53,271.0,10.8,-23.283193,-44.163206
FELIPE RIBEIRO,2024-08-30 04:42:53,85.3,9.5,-23.284558,-44.102123
FELIPE RIBEIRO,2024-08-30 04:47:33,86.8,9.5,-23.28335,-44.088795
FELIPE RIBEIRO,2024-08-30 05:04:03,86.1,9.7,-23.27913,-44.041346
FELIPE RIBEIRO,2024-08-30 05:35:54,263.2,9.1,-23.287546,-44.043246
FELIPE RIBEIRO,2024-08-30 05:40:23,267.9,9.7,-23.288335,-44.056126
FELIPE RIBEIRO,2024-08-30 05:43:04,269.4,10.1,-23.288551,-44.064151
FELIPE RIBEIRO,2024-08-30 06:33:24,271.2,10.8,-23.29296,-44.225728
FELIPE RIBEIRO,2024-08-30 06:54:03,272.6,10.6,-23.292543,-44.292553
FELIPE RIBEIRO,2024-08-30 06:56:12,269.9,10.7,-23.292568,-44.299511
FELIPE RIBEIRO,2024-08-30 07:21:12,268.7,10.8,-23.293053,-44.380501
FELIPE RIBEIRO,2024-08-30 07:27:14,335.5,8.5,-23.288055,-44.396421
FELIPE RIBEIRO,2024-08-30 07:29:33,342.8,8.3,-23.283026,-44.398426
FELIPE RIBEIRO,2024-08-30 07:30:33,345.5,8.1,-23.280793,-44.39908
FELIPE RIBEIRO,2024-08-30 07:32:44,349.9,7.8,-23.276088,-44.400095
FELIPE RIBEIRO,2024-08-30 08:02:51,338.2,5.7,-23.223318,-44.417118
FELIPE RIBEIRO,2024-08-30 08:05:12,337.8,5.7,-23.21986,-44.418558
FELIPE RIBEIRO,2024-08-30 08:08:52,337.3,5.6,-23.21451,-44.42084
FELIPE RIBEIRO,2024-08-30 09:18:44,341.7,4.7,-23.114145,-44.45913
FELIPE RIBEIRO,2024-08-30 09:24:04,309.2,3.6,-23.10852,-44.462086
FELIPE RIBEIRO,2024-08-30 09:34:33,195.8,1.1,-23.109935,-44.46801
FELIPE RIBEIRO,2024-08-30 09:38:14,24.2,0.2,-23.110368,-44.468091
FELIPE RIBEIRO,2024-08-30 09:43:12,23.2,0.5,-23.109813,-44.467515
FELIPE RIBEIRO,2024-08-30 09:46:11,13.5,0.4,-23.109451,-44.467381
FELIPE RIBEIRO,2024-08-30 09:48:31,341.9,0.4,-23.109235,-44.467348
FELIPE RIBEIRO,2024-08-30 09:52:32,344.1,0.3,-23.108886,-44.467305
FELIPE RIBEIRO,2024-08-30 10:12:26,274.6,0.4,-23.10897,-44.467776
FELIPE RIBEIRO,2024-08-30 12:48:26,276.5,0.0,-23.108548,-44.468388
FELIPE RIBEIRO,2024-08-30 13:00:26,274.9,0.0,-23.10862,-44.46848
FELIPE RIBEIRO,2024-08-30 15:42:26,263.5,0.1,-23.108713,-44.468961
FELIPE RIBEIRO,2024-08-30 18:00:26,226.3,0.1,-23.108585,-44.468785
FELIPE RIBEIRO,2024-08-30 20:03:26,251.7,0.1,-23.108715,-44.468991
FELIPE RIBEIRO,2024-08-30 23:51:25,242.5,0.0,-23.108668,-44.468793
FELIPE RIBEIRO,2024-08-31 00:12:25,43.4,0.1,-23.108698,-44.468691
FELIPE RIBEIRO,2024-08-31 04:36:25,279.9,0.0,-23.108601,-44.46818
FELIPE RIBEIRO,2024-08-31 04:36:26,279.9,0.0,-23.108601,-44.46818
FELIPE RIBEIRO,2024-08-31 09:48:25,90.0,0.1,-23.108691,-44.468038
FELIPE RIBEIRO,2024-08-31 12:03:25,285.0,0.1,-23.108705,-44.467311
FELIPE RIBEIRO,2024-08-31 13:51:26,312.7,0.1,-23.108551,-44.46829
FELIPE RIBEIRO,2024-08-31 18:24:23,94.6,0.1,-23.108651,-44.468783
FELIPE RIBEIRO,2024-08-31 19:00:26,134.5,0.1,-23.108511,-44.468383
FELIPE RIBEIRO,2024-08-31 19:48:26,241.2,0.0,-23.108578,-44.468501
FELIPE RIBEIRO,2024-09-01 00:39:25,124.4,0.1,-23.108806,-44.468783
FELIPE RIBEIRO,2024-09-01 00:42:25,191.1,0.0,-23.108875,-44.468768
FELIPE RIBEIRO,2024-09-01 03:39:26,58.1,0.0,-23.109058,-44.468936
FELIPE RIBEIRO,2024-09-01 07:18:25,216.2,0.2,-23.1121,-44.466186
FELIPE RIBEIRO,2024-09-01 07:57:26,36.8,0.1,-23.112635,-44.466325
FELIPE RIBEIRO,2024-09-01 11:24:26,356.2,0.1,-23.111718,-44.466055
FELIPE RIBEIRO,2024-09-01 16:18:25,118.9,0.1,-23.109118,-44.466756
FELIPE RIBEIRO,2024-09-01 19:36:26,251.5,0.1,-23.1086,-44.468013
FELIPE RIBEIRO,2024-09-01 21:30:26,264.5,0.1,-23.108685,-44.468468
FELIPE RIBEIRO,2024-09-01 23:33:25,185.4,0.1,-23.108738,-44.468711
FELIPE RIBEIRO,2024-09-02 00:15:26,273.1,0.1,-23.108775,-44.468651
FELIPE RIBEIRO,2024-09-02 03:06:25,286.0,0.2,-23.108776,-44.46822
FELIPE RIBEIRO,2024-09-02 04:24:26,293.8,0.2,-23.108506,-44.46813
FELIPE RIBEIRO,2024-09-02 17:09:01,108.3,0.0,-23.108451,-44.46812
FELIPE RIBEIRO,2024-09-03 05:18:25,55.8,0.1,-23.108566,-44.468748
FELIPE RIBEIRO,2024-09-03 08:00:26,135.4,0.4,-23.109071,-44.46699
FELIPE RIBEIRO,2024-09-03 13:30:26,297.8,0.1,-23.108475,-44.46844
FELIPE RIBEIRO,2024-09-03 17:19:58,269.4,0.2,-23.108555,-44.46766
FELIPE RIBEIRO,2024-09-03 23:24:25,85.5,0.1,-23.108643,-44.468215
FELIPE RIBEIRO,2024-09-04 00:36:25,59.3,0.2,-23.11066,-44.46773
FELIPE RIBEIRO,2024-09-04 00:48:25,267.2,0.0,-23.1103,-44.467533
FELIPE RIBEIRO,2024-09-04 00:54:25,343.6,0.1,-23.110251,-44.467453
FELIPE RIBEIRO,2024-09-04 11:21:26,37.9,0.1,-23.111241,-44.470341
FELIPE RIBEIRO,2024-09-04 12:33:26,18.4,0.0,-23.110451,-44.469883
FELIPE RIBEIRO,2024-09-04 13:02:02,142.2,3.4,-23.114826,-44.465876
FELIPE RIBEIRO,2024-09-04 13:07:52,143.6,5.9,-23.120581,-44.460948
FELIPE RIBEIRO,2024-09-04 13:13:43,161.4,7.9,-23.13059,-44.454911
FELIPE RIBEIRO,2024-09-04 13:16:22,167.2,8.6,-23.136443,-44.453406
FELIPE RIBEIRO,2024-09-04 13:19:54,167.8,9.6,-23.145186,-44.451333
FELIPE RIBEIRO,2024-09-04 13:36:53,167.6,11.4,-23.195173,-44.439408
FELIPE RIBEIRO,2024-09-04 13:41:24,167.7,11.6,-23.209241,-44.435943
FELIPE RIBEIRO,2024-09-04 13:43:32,166.8,11.6,-23.215983,-44.434238
FELIPE RIBEIRO,2024-09-04 14:13:23,167.6,11.8,-23.310271,-44.409546
FELIPE RIBEIRO,2024-09-04 14:15:43,167.4,11.7,-23.317715,-44.40775
FELIPE RIBEIRO,2024-09-04 14:46:44,184.8,12.2,-23.420556,-44.403423
FELIPE RIBEIRO,2024-09-04 14:58:04,187.1,12.2,-23.4588,-44.406623
FELIPE RIBEIRO,2024-09-04 15:02:02,192.2,12.1,-23.472065,-44.409345
FELIPE RIBEIRO,2024-09-04 15:21:19,207.0,12.2,-23.528598,-44.43648
FELIPE RIBEIRO,2024-09-04 15:28:47,207.6,12.3,-23.543166,-44.444933
FELIPE RIBEIRO,2024-09-04 15:55:13,230.3,12.9,-23.617661,-44.525111
FELIPE RIBEIRO,2024-09-04 16:14:30,233.3,12.8,-23.66089,-44.583903
FELIPE RIBEIRO,2024-09-04 16:15:01,232.6,12.8,-23.66208,-44.585526
FELIPE RIBEIRO,2024-09-04 16:15:11,231.6,12.8,-23.662455,-44.58603
FELIPE RIBEIRO,2024-09-04 16:15:21,230.0,12.9,-23.66279,-44.586486
FELIPE RIBEIRO,2024-09-04 16:16:01,234.9,12.8,-23.664253,-44.58854
FELIPE RIBEIRO,2024-09-04 16:28:24,231.4,12.8,-23.691478,-44.626501
FELIPE RIBEIRO,2024-09-04 16:31:43,231.8,12.8,-23.698813,-44.636828
FELIPE RIBEIRO,2024-09-04 16:47:22,233.2,12.8,-23.731055,-44.686525
FELIPE RIBEIRO,2024-09-04 17:00:04,231.0,12.9,-23.757301,-44.726763
FELIPE RIBEIRO,2024-09-04 17:08:22,226.5,12.9,-23.776785,-44.751335
FELIPE RIBEIRO,2024-09-04 17:30:33,236.1,13.2,-23.826896,-44.820193
FELIPE RIBEIRO,2024-09-04 17:39:04,230.5,13.4,-23.846333,-44.8472
FELIPE RIBEIRO,2024-09-04 18:21:35,233.2,13.9,-23.94467,-44.988773
FELIPE RIBEIRO,2024-09-04 18:24:05,234.0,13.8,-23.950485,-44.997198
FELIPE RIBEIRO,2024-09-04 18:26:23,233.7,13.8,-23.955821,-45.004868
FELIPE RIBEIRO,2024-09-04 18:28:47,233.8,13.9,-23.96134,-45.012978
FELIPE RIBEIRO,2024-09-04 18:31:11,231.4,13.9,-23.966756,-45.02111
FELIPE RIBEIRO,2024-09-04 19:11:14,232.8,14.3,-24.059176,-45.156921
FELIPE RIBEIRO,2024-09-04 19:14:14,238.6,14.5,-24.066148,-45.167598
FELIPE RIBEIRO,2024-09-04 20:13:50,277.6,14.0,-24.093473,-45.419596
FELIPE RIBEIRO,2024-09-04 20:16:02,280.7,13.6,-24.092215,-45.42875
FELIPE RIBEIRO,2024-09-04 21:56:13,63.9,8.3,-23.888663,-45.48112
FELIPE RIBEIRO,2024-09-04 21:57:33,64.0,8.1,-23.887335,-45.478028
FELIPE RIBEIRO,2024-09-04 22:01:44,57.8,8.4,-23.882908,-45.468793
FELIPE RIBEIRO,2024-09-04 22:04:12,60.1,8.6,-23.879885,-45.463321
FELIPE RIBEIRO,2024-09-04 22:23:24,46.3,9.0,-23.847755,-45.426123
FELIPE RIBEIRO,2024-09-04 22:28:15,44.6,7.7,-23.83999,-45.417521
FELIPE RIBEIRO,2024-09-04 23:02:13,16.7,1.7,-23.808818,-45.385096
FELIPE RIBEIRO,2024-09-04 23:05:03,13.7,1.5,-23.807646,-45.384646
FELIPE RIBEIRO,2024-09-04 23:28:54,257.8,0.1,-23.802708,-45.384891
FELIPE RIBEIRO,2024-09-04 23:33:14,11.1,0.0,-23.80262,-45.384936
FELIPE RIBEIRO,2024-09-04 23:35:33,27.6,0.0,-23.80262,-45.384963
FELIPE RIBEIRO,2024-09-05 23:09:38,277.8,0.0,-23.80257,-45.384995
FELIPE RIBEIRO,2024-09-12 02:43:42,111.9,1.1,-23.803051,-45.384565
FELIPE RIBEIRO,2024-09-12 02:46:12,82.6,0.9,-23.803106,-45.383666
FELIPE RIBEIRO,2024-09-12 02:48:55,44.8,2.0,-23.802485,-45.383085
FELIPE RIBEIRO,2024-09-12 03:14:21,226.5,12.1,-23.834546,-45.411496
FELIPE RIBEIRO,2024-09-12 03:17:33,225.7,12.6,-23.842081,-45.420028
FELIPE RIBEIRO,2024-09-12 03:46:33,224.0,11.4,-23.89474,-45.489276
FELIPE RIBEIRO,2024-09-12 03:54:33,174.7,12.5,-23.918135,-45.49445
FELIPE RIBEIRO,2024-09-12 03:56:43,175.2,13.2,-23.925985,-45.493715
FELIPE RIBEIRO,2024-09-12 04:18:32,105.1,13.5,-23.977615,-45.435501
FELIPE RIBEIRO,2024-09-12 04:22:32,102.4,13.7,-23.981368,-45.419588
FELIPE RIBEIRO,2024-09-12 04:26:22,102.6,13.7,-23.984561,-45.404711
FELIPE RIBEIRO,2024-09-12 04:34:24,104.0,13.9,-23.991565,-45.371486
FELIPE RIBEIRO,2024-09-12 04:48:18,110.8,14.2,-24.010071,-45.315538
FELIPE RIBEIRO,2024-09-12 04:58:00,114.5,13.7,-24.024531,-45.277083
FELIPE RIBEIRO,2024-09-12 05:00:13,115.5,13.3,-24.027995,-45.26896
FELIPE RIBEIRO,2024-09-12 05:03:13,115.0,13.2,-24.032618,-45.257945
FELIPE RIBEIRO,2024-09-12 05:09:13,61.6,9.9,-24.038253,-45.237143
FELIPE RIBEIRO,2024-09-12 05:27:32,46.5,12.7,-23.996188,-45.189956
FELIPE RIBEIRO,2024-09-12 05:31:52,46.1,12.8,-23.985575,-45.17797
FELIPE RIBEIRO,2024-09-12 06:00:33,46.6,13.0,-23.913488,-45.098068
FELIPE RIBEIRO,2024-09-12 06:35:28,46.4,13.9,-23.82589,-44.993261
FELIPE RIBEIRO,2024-09-12 06:37:45,47.7,13.8,-23.819998,-44.986166
FELIPE RIBEIRO,2024-09-12 06:42:28,45.7,13.7,-23.807521,-44.971575
FELIPE RIBEIRO,2024-09-12 07:06:51,50.3,14.1,-23.743001,-44.895298
FELIPE RIBEIRO,2024-09-12 07:12:51,48.3,14.1,-23.727618,-44.875855
FELIPE RIBEIRO,2024-09-12 07:17:16,49.5,14.0,-23.716436,-44.86168
FELIPE RIBEIRO,2024-09-12 07:42:05,51.8,13.8,-23.655588,-44.780688
FELIPE RIBEIRO,2024-09-12 07:50:05,53.1,14.0,-23.636425,-44.753846
FELIPE RIBEIRO,2024-09-12 08:03:34,50.0,13.9,-23.603691,-44.709418
FELIPE RIBEIRO,2024-09-12 08:21:44,48.3,13.7,-23.557601,-44.652436
FELIPE RIBEIRO,2024-09-12 08:41:34,46.4,13.8,-23.506378,-44.5917
FELIPE RIBEIRO,2024-09-12 08:48:05,45.7,13.6,-23.489518,-44.57171
FELIPE RIBEIRO,2024-09-12 10:24:54,353.6,9.5,-23.252305,-44.411405
FELIPE RIBEIRO,2024-09-12 10:29:25,355.0,8.8,-23.240946,-44.412625
FELIPE RIBEIRO,2024-09-12 10:57:55,349.3,6.8,-23.17901,-44.42357
FELIPE RIBEIRO,2024-09-12 11:29:45,352.7,2.3,-23.136386,-44.430638
FELIPE RIBEIRO,2024-09-12 12:01:44,215.0,0.4,-23.126556,-44.431508
FELIPE RIBEIRO,2024-09-12 12:07:43,192.7,0.4,-23.127275,-44.431728
FELIPE RIBEIRO,2024-09-12 13:20:57,316.0,0.0,-23.1269,-44.432611
FELIPE RIBEIRO,2024-09-12 15:44:58,331.3,0.0,-23.1263,-44.433031
FELIPE RIBEIRO,2024-09-12 17:32:58,131.8,0.2,-23.126698,-44.432453
FELIPE RIBEIRO,2024-09-13 01:08:57,288.7,0.1,-23.127243,-44.431243
FELIPE RIBEIRO,2024-09-13 01:11:57,101.5,0.1,-23.127253,-44.43123
FELIPE RIBEIRO,2024-09-13 05:38:57,244.4,0.0,-23.126803,-44.429566
FELIPE RIBEIRO,2024-09-13 09:23:58,255.4,0.1,-23.121508,-44.431848
FELIPE RIBEIRO,2024-09-13 09:56:57,272.9,0.1,-23.1215,-44.43219
FELIPE RIBEIRO,2024-09-13 12:17:58,247.4,0.1,-23.121525,-44.432368
FELIPE RIBEIRO,2024-09-13 12:23:57,308.3,0.1,-23.121551,-44.432495
FELIPE RIBEIRO,2024-09-13 12:59:57,91.6,0.0,-23.1215,-44.432385
FELIPE RIBEIRO,2024-09-13 16:29:58,90.8,0.0,-23.121728,-44.432878
FELIPE RIBEIRO,2024-09-13 16:56:54,234.9,0.0,-23.121641,-44.432776
FELIPE RIBEIRO,2024-09-13 17:02:54,112.9,0.1,-23.121661,-44.432793
FELIPE RIBEIRO,2024-09-13 18:32:56,243.1,0.1,-23.121586,-44.432681
FELIPE RIBEIRO,2024-09-14 00:56:57,276.3,0.0,-23.12175,-44.432461
FELIPE RIBEIRO,2024-09-14 00:59:57,271.6,0.1,-23.121786,-44.432466
FELIPE RIBEIRO,2024-09-14 01:53:58,92.3,0.1,-23.121841,-44.431825
FELIPE RIBEIRO,2024-09-14 05:14:58,174.8,0.2,-23.123066,-44.429658
FELIPE RIBEIRO,2024-09-14 10:38:58,240.6,0.3,-23.12557,-44.430301
FELIPE RIBEIRO,2024-09-14 11:29:57,232.3,0.1,-23.126483,-44.432741
FELIPE RIBEIRO,2024-09-14 17:14:54,72.5,0.0,-23.120323,-44.432276
FELIPE RIBEIRO,2024-09-14 17:14:58,72.5,0.0,-23.120323,-44.432276
FELIPE RIBEIRO,2024-09-14 18:53:58,43.6,0.0,-23.12048,-44.432481
FELIPE RIBEIRO,2024-09-14 21:14:57,246.0,0.2,-23.12108,-44.43311
FELIPE RIBEIRO,2024-09-14 23:14:58,226.2,0.0,-23.120638,-44.432301
FELIPE RIBEIRO,2024-09-15 00:17:57,9.1,0.0,-23.121178,-44.433163
FELIPE RIBEIRO,2024-09-15 03:02:57,28.3,0.1,-23.12131,-44.43313
FELIPE RIBEIRO,2024-09-15 04:53:57,162.5,0.1,-23.124086,-44.432508
FELIPE RIBEIRO,2024-09-15 11:20:57,330.3,0.1,-23.12082,-44.429866
FELIPE RIBEIRO,2024-09-15 19:41:57,56.6,0.1,-23.1204,-44.432055
FELIPE RIBEIRO,2024-09-15 20:32:58,33.4,0.1,-23.12043,-44.432128
FELIPE RIBEIRO,2024-09-15 20:38:58,48.9,0.1,-23.120355,-44.432041
FELIPE RIBEIRO,2024-09-15 23:14:58,81.6,0.1,-23.120395,-44.432148
FELIPE RIBEIRO,2024-09-16 00:02:58,45.8,0.1,-23.120301,-44.432011
FELIPE RIBEIRO,2024-09-16 03:14:58,239.3,0.1,-23.120263,-44.43164
FELIPE RIBEIRO,2024-09-16 11:02:58,136.1,0.0,-23.120243,-44.431006
FELIPE RIBEIRO,2024-09-16 13:32:58,271.1,0.0,-23.12029,-44.432038
FELIPE RIBEIRO,2024-09-16 16:08:55,105.0,0.2,-23.1202,-44.431645
FELIPE RIBEIRO,2024-09-16 16:11:55,87.2,0.1,-23.120238,-44.431521
FELIPE RIBEIRO,2024-09-16 16:59:58,334.9,0.4,-23.120246,-44.430395
FELIPE RIBEIRO,2024-09-16 17:44:56,161.7,0.1,-23.120233,-44.431201
FELIPE RIBEIRO,2024-09-16 18:41:58,102.9,0.2,-23.120198,-44.43132
FELIPE RIBEIRO,2024-09-16 21:20:58,90.1,0.1,-23.120081,-44.431193
FELIPE RIBEIRO,2024-09-17 00:29:57,232.5,0.1,-23.119585,-44.431076
FELIPE RIBEIRO,2024-09-17 03:20:58,203.9,0.2,-23.119563,-44.431861
FELIPE RIBEIRO,2024-09-17 08:14:57,81.1,0.2,-23.119903,-44.432821
FELIPE RIBEIRO,2024-09-17 10:41:58,248.4,0.2,-23.119616,-44.432555
FELIPE RIBEIRO,2024-09-17 13:14:57,213.6,0.1,-23.119661,-44.43249
FELIPE RIBEIRO,2024-09-17 13:23:58,74.3,0.2,-23.119528,-44.432286
FELIPE RIBEIRO,2024-09-17 16:23:54,173.6,0.1,-23.119555,-44.4323
FELIPE RIBEIRO,2024-09-18 00:20:58,313.4,0.3,-23.119736,-44.430538
FELIPE RIBEIRO,2024-09-18 08:02:58,217.1,0.1,-23.119781,-44.432926
FELIPE RIBEIRO,2024-09-18 09:38:58,74.2,0.1,-23.119918,-44.433023
FELIPE RIBEIRO,2024-09-18 13:13:55,177.3,7.4,-23.130811,-44.427221
FELIPE RIBEIRO,2024-09-18 13:16:45,181.2,9.3,-23.137458,-44.427296
FELIPE RIBEIRO,2024-09-18 13:18:55,180.7,10.7,-23.143476,-44.427466
FELIPE RIBEIRO,2024-09-18 13:20:57,180.2,11.9,-23.149865,-44.427545
FELIPE RIBEIRO,2024-09-18 13:59:24,178.4,13.2,-23.293373,-44.426988
FELIPE RIBEIRO,2024-09-18 14:01:45,177.1,13.3,-23.302043,-44.426665
FELIPE RIBEIRO,2024-09-18 14:55:47,178.5,12.8,-23.493256,-44.417251
FELIPE RIBEIRO,2024-09-18 15:00:56,178.4,12.4,-23.511566,-44.41688
FELIPE RIBEIRO,2024-09-18 16:48:46,357.2,15.0,-23.402181,-44.4203
FELIPE RIBEIRO,2024-09-18 16:51:46,357.9,15.0,-23.3896,-44.420886
FELIPE RIBEIRO,2024-09-18 17:11:04,357.1,13.1,-23.31016,-44.424565
FELIPE RIBEIRO,2024-09-18 17:17:44,357.0,12.1,-23.287028,-44.425635
FELIPE RIBEIRO,2024-09-18 17:47:06,359.7,8.2,-23.20488,-44.429693
FELIPE RIBEIRO,2024-09-18 17:50:15,357.8,8.0,-23.197756,-44.429895
FELIPE RIBEIRO,2024-09-18 17:54:34,356.5,7.6,-23.188433,-44.430345
FELIPE RIBEIRO,2024-09-18 18:17:34,3.0,4.3,-23.153433,-44.430006
FELIPE RIBEIRO,2024-09-18 18:21:04,358.8,3.9,-23.149473,-44.429805
FELIPE RIBEIRO,2024-09-18 18:21:36,359.5,3.8,-23.14895,-44.429801
FELIPE RIBEIRO,2024-09-18 18:24:26,3.0,4.1,-23.145978,-44.429715
FELIPE RIBEIRO,2024-09-18 18:28:05,0.1,3.7,-23.141981,-44.429468
FELIPE RIBEIRO,2024-09-18 18:32:15,5.6,3.3,-23.137945,-44.429285
FELIPE RIBEIRO,2024-09-18 19:36:30,260.6,0.5,-23.117613,-44.435618
FELIPE RIBEIRO,2024-09-18 20:06:29,347.7,0.2,-23.119316,-44.43753
FELIPE RIBEIRO,2024-09-18 21:06:30,13.0,0.2,-23.118265,-44.437018
FELIPE RIBEIRO,2024-09-19 03:12:30,38.4,0.1,-23.117411,-44.4357
FELIPE RIBEIRO,2024-09-19 09:48:30,86.9,0.0,-23.117363,-44.434618
FELIPE RIBEIRO,2024-09-19 16:51:30,81.4,0.2,-23.117155,-44.434606
FELIPE RIBEIRO,2024-09-19 17:54:30,105.7,0.1,-23.117113,-44.434863
FELIPE RIBEIRO,2024-09-19 18:36:29,95.7,0.2,-23.117205,-44.434851
FELIPE RIBEIRO,2024-09-19 21:45:29,334.3,0.2,-23.117521,-44.433631
FELIPE RIBEIRO,2024-09-19 22:39:29,299.4,0.1,-23.117581,-44.433571
FELIPE RIBEIRO,2024-09-19 23:24:30,128.1,0.0,-23.117618,-44.433395
FELIPE RIBEIRO,2024-09-20 00:12:29,337.1,0.1,-23.117836,-44.433026
FELIPE RIBEIRO,2024-09-20 02:06:30,123.9,0.0,-23.117498,-44.433411
FELIPE RIBEIRO,2024-09-20 03:51:29,283.2,0.1,-23.11724,-44.434151
FELIPE RIBEIRO,2024-09-20 07:05:12,101.2,9.4,-23.137898,-44.408736
FELIPE RIBEIRO,2024-09-20 07:40:12,66.7,10.8,-23.103965,-44.322136
FELIPE RIBEIRO,2024-09-20 07:41:01,66.0,11.0,-23.102963,-44.3196
FELIPE RIBEIRO,2024-09-20 07:42:21,66.1,11.3,-23.101331,-44.315423
FELIPE RIBEIRO,2024-09-20 07:47:40,64.4,12.0,-23.09437,-44.298243
FELIPE RIBEIRO,2024-09-20 08:09:22,49.9,5.4,-23.073766,-44.246028
FELIPE RIBEIRO,2024-09-20 08:11:32,49.9,4.9,-23.071781,-44.243515
FELIPE RIBEIRO,2024-09-20 08:14:12,48.2,4.4,-23.069456,-44.240688
FELIPE RIBEIRO,2024-09-20 08:17:41,48.3,2.6,-23.067081,-44.23796
FELIPE RIBEIRO,2024-09-20 08:44:11,16.7,0.5,-23.061666,-44.229338
FELIPE RIBEIRO,2024-09-20 08:48:42,289.6,0.1,-23.061486,-44.229356
FELIPE RIBEIRO,2024-09-21 19:26:13,150.5,0.7,-23.061965,-44.229163
FELIPE RIBEIRO,2024-09-21 19:30:58,152.1,2.6,-23.063255,-44.227855
FELIPE RIBEIRO,2024-09-21 19:46:55,239.3,9.3,-23.078493,-44.252136
FELIPE RIBEIRO,2024-09-21 20:04:53,248.4,9.0,-23.095536,-44.301595
FELIPE RIBEIRO,2024-09-21 20:33:14,272.7,7.2,-23.116066,-44.363341
FELIPE RIBEIRO,2024-09-21 20:43:34,271.9,6.8,-23.113766,-44.385258
FELIPE RIBEIRO,2024-09-22 00:56:14,202.3,0.2,-23.125428,-44.435893
FELIPE RIBEIRO,2024-09-22 01:08:13,211.9,0.2,-23.12571,-44.436073
FELIPE RIBEIRO,2024-09-22 02:11:13,42.2,0.1,-23.125786,-44.436066
FELIPE RIBEIRO,2024-09-22 03:02:14,28.2,0.2,-23.12486,-44.435681
FELIPE RIBEIRO,2024-09-22 05:02:14,31.5,0.0,-23.124403,-44.435223
FELIPE RIBEIRO,2024-09-22 06:44:14,47.3,0.0,-23.124243,-44.432635
FELIPE RIBEIRO,2024-09-22 11:53:13,75.8,0.1,-23.123958,-44.433791
FELIPE RIBEIRO,2024-09-22 13:08:13,296.4,0.1,-23.123895,-44.433775
FELIPE RIBEIRO,2024-09-22 16:14:14,146.3,0.1,-23.123943,-44.434785
FELIPE RIBEIRO,2024-09-22 17:44:11,58.8,0.1,-23.124166,-44.435053
FELIPE RIBEIRO,2024-09-23 00:50:13,261.1,0.1,-23.124931,-44.43583
FELIPE RIBEIRO,2024-09-23 00:59:13,188.9,0.1,-23.125113,-44.435695
FELIPE RIBEIRO,2024-09-23 01:05:13,202.4,0.1,-23.125106,-44.435865
FELIPE RIBEIRO,2024-09-23 02:35:13,69.8,0.1,-23.125146,-44.43588
FELIPE RIBEIRO,2024-09-23 07:35:14,10.5,0.1,-23.124513,-44.43545
FELIPE RIBEIRO,2024-09-23 16:05:13,255.2,0.0,-23.124058,-44.434966
FELIPE RIBEIRO,2024-09-23 20:26:13,272.4,0.0,-23.124115,-44.435066
FELIPE RIBEIRO,2024-09-23 20:26:14,272.4,0.0,-23.124115,-44.435066
FELIPE RIBEIRO,2024-09-23 23:20:14,25.8,0.0,-23.124593,-44.435551
FELIPE RIBEIRO,2024-09-24 01:05:14,186.7,0.0,-23.124673,-44.435515
FELIPE RIBEIRO,2024-09-24 04:14:14,229.4,0.0,-23.124416,-44.43542
FELIPE RIBEIRO,2024-09-24 05:59:14,211.0,0.1,-23.124093,-44.434995
FELIPE RIBEIRO,2024-09-24 06:35:13,78.5,0.0,-23.124141,-44.435045
FELIPE RIBEIRO,2024-09-24 07:38:14,256.0,0.0,-23.123966,-44.434621
FELIPE RIBEIRO,2024-09-24 12:32:14,162.7,0.1,-23.124131,-44.434828
FELIPE RIBEIRO,2024-09-24 15:56:14,115.9,0.1,-23.123811,-44.434175
FELIPE RIBEIRO,2024-09-24 16:44:12,266.0,0.0,-23.123868,-44.434506
FELIPE RIBEIRO,2024-09-24 18:11:11,184.8,0.2,-23.124063,-44.434343
FELIPE RIBEIRO,2024-09-24 20:17:14,294.3,0.0,-23.123763,-44.434065
FELIPE RIBEIRO,2024-09-24 21:47:13,87.4,0.1,-23.123718,-44.433538
FELIPE RIBEIRO,2024-09-24 22:57:46,227.8,2.0,-23.126076,-44.434203
FELIPE RIBEIRO,2024-09-24 23:04:06,220.4,5.0,-23.130338,-44.439283
FELIPE RIBEIRO,2024-09-24 23:23:57,73.8,9.3,-23.137236,-44.408266
FELIPE RIBEIRO,2024-09-24 23:28:36,74.7,9.4,-23.134456,-44.395871
FELIPE RIBEIRO,2024-09-24 23:33:25,66.3,11.7,-23.129565,-44.381175
FELIPE RIBEIRO,2024-09-24 23:44:55,66.1,13.5,-23.111346,-44.341035
FELIPE RIBEIRO,2024-09-25 00:04:05,78.1,8.9,-23.085411,-44.277263
FELIPE RIBEIRO,2024-09-25 00:07:04,82.4,8.5,-23.084168,-44.269478
FELIPE RIBEIRO,2024-09-25 00:07:54,81.6,8.4,-23.083851,-44.267323
FELIPE RIBEIRO,2024-09-25 00:09:15,80.9,8.3,-23.08349,-44.263985
FELIPE RIBEIRO,2024-09-25 00:10:25,66.1,7.8,-23.082751,-44.261283
FELIPE RIBEIRO,2024-09-25 00:11:45,54.8,7.5,-23.081288,-44.258681
FELIPE RIBEIRO,2024-09-25 00:37:56,79.0,1.2,-23.062318,-44.232155
FELIPE RIBEIRO,2024-09-25 00:40:45,78.9,1.4,-23.062173,-44.231178
FELIPE RIBEIRO,2024-09-25 00:43:55,84.0,1.0,-23.06204,-44.23002
FELIPE RIBEIRO,2024-09-25 00:54:25,28.3,0.1,-23.061583,-44.229375
FELIPE RIBEIRO,2024-09-26 15:36:02,131.3,2.3,-23.063178,-44.22797
FELIPE RIBEIRO,2024-09-26 15:41:22,232.5,2.5,-23.065421,-44.228993
FELIPE RIBEIRO,2024-09-26 16:11:32,246.8,10.0,-23.094073,-44.297326
FELIPE RIBEIRO,2024-09-26 16:31:50,246.0,9.0,-23.11478,-44.349923
FELIPE RIBEIRO,2024-09-26 16:39:20,262.4,7.5,-23.117958,-44.367805
FELIPE RIBEIRO,2024-09-26 16:48:23,258.3,5.5,-23.120508,-44.385603
FELIPE RIBEIRO,2024-09-26 17:03:40,293.7,0.5,-23.123205,-44.401086
FELIPE RIBEIRO,2024-09-26 17:06:40,261.1,0.6,-23.123091,-44.401701
FELIPE RIBEIRO,2024-09-26 17:09:00,275.9,0.6,-23.1231,-44.402105
FELIPE RIBEIRO,2024-09-26 17:09:10,265.4,0.5,-23.1231,-44.402143
FELIPE RIBEIRO,2024-09-26 17:12:00,41.9,0.2,-23.122995,-44.40225
FELIPE RIBEIRO,2024-09-26 22:45:10,224.7,0.1,-23.120195,-44.405028
FELIPE RIBEIRO,2024-09-26 22:51:11,237.1,0.1,-23.120245,-44.405186
FELIPE RIBEIRO,2024-09-26 23:12:11,236.3,0.1,-23.12047,-44.405565
FELIPE RIBEIRO,2024-09-27 00:39:11,191.9,0.0,-23.121688,-44.40629
FELIPE RIBEIRO,2024-09-27 01:39:11,50.6,0.1,-23.121608,-44.406155
FELIPE RIBEIRO,2024-09-27 02:30:11,118.0,0.1,-23.122313,-44.406263
FELIPE RIBEIRO,2024-09-27 06:24:11,213.4,0.0,-23.119611,-44.404553
FELIPE RIBEIRO,2024-09-27 20:09:11,75.4,0.1,-23.119803,-44.404058
FELIPE RIBEIRO,2024-09-27 20:42:11,264.5,0.0,-23.11974,-44.403191
FELIPE RIBEIRO,2024-09-27 22:57:10,233.1,0.1,-23.119716,-44.403171
FELIPE RIBEIRO,2024-09-28 00:06:11,146.7,0.2,-23.120065,-44.402671
FELIPE RIBEIRO,2024-09-28 05:00:11,326.6,0.0,-23.119951,-44.404403
FELIPE RIBEIRO,2024-09-28 05:24:10,50.2,0.1,-23.119808,-44.404273
FELIPE RIBEIRO,2024-09-28 06:03:11,226.7,0.0,-23.119773,-44.40391
FELIPE RIBEIRO,2024-09-28 12:39:10,113.6,0.1,-23.119706,-44.402955
FELIPE RIBEIRO,2024-09-28 17:09:11,65.2,0.1,-23.119646,-44.403936
FELIPE RIBEIRO,2024-09-28 21:33:11,258.0,0.0,-23.119711,-44.40373
FELIPE RIBEIRO,2024-09-28 21:51:11,115.7,0.2,-23.11974,-44.403603
FELIPE RIBEIRO,2024-09-28 22:30:11,281.0,0.1,-23.119785,-44.403338
FELIPE RIBEIRO,2024-09-29 01:18:11,105.9,0.1,-23.119838,-44.403278
FELIPE RIBEIRO,2024-09-29 06:12:11,140.8,0.0,-23.119698,-44.403483
FELIPE RIBEIRO,2024-09-29 09:15:11,266.6,0.1,-23.119755,-44.403261
FELIPE RIBEIRO,2024-09-29 12:18:10,120.7,0.0,-23.119813,-44.402976
FELIPE RIBEIRO,2024-09-29 13:21:11,302.2,0.2,-23.119765,-44.40296
FELIPE RIBEIRO,2024-09-29 23:42:10,135.1,0.2,-23.120143,-44.402446
FELIPE RIBEIRO,2024-09-30 00:18:10,293.3,0.3,-23.120031,-44.402651
FELIPE RIBEIRO,2024-09-30 00:57:11,99.7,0.1,-23.120146,-44.402408
FELIPE RIBEIRO,2024-09-30 05:51:11,203.3,0.3,-23.123011,-44.402035
FELIPE RIBEIRO,2024-09-30 06:27:10,214.7,0.0,-23.123763,-44.402855
FELIPE RIBEIRO,2024-09-30 11:43:19,67.0,9.6,-23.120046,-44.362673
FELIPE RIBEIRO,2024-09-30 11:46:09,67.4,8.9,-23.11719,-44.355468
FELIPE RIBEIRO,2024-09-30 11:50:09,68.0,8.3,-23.113615,-44.345863
FELIPE RIBEIRO,2024-09-30 12:02:27,66.7,11.0,-23.100153,-44.312363
FELIPE RIBEIRO,2024-09-30 12:08:58,65.9,10.1,-23.092206,-44.293103
FELIPE RIBEIRO,2024-09-30 12:10:18,66.5,9.7,-23.090715,-44.289425
FELIPE RIBEIRO,2024-09-30 12:10:38,65.8,9.6,-23.090343,-44.288508
FELIPE RIBEIRO,2024-09-30 12:11:18,66.2,9.4,-23.089635,-44.286805
FELIPE RIBEIRO,2024-09-30 12:11:38,66.5,9.3,-23.08928,-44.285951
FELIPE RIBEIRO,2024-09-30 12:11:57,66.3,9.2,-23.088926,-44.2851
FELIPE RIBEIRO,2024-09-30 12:19:49,79.0,7.7,-23.084406,-44.26635
FELIPE RIBEIRO,2024-09-30 12:42:39,56.8,2.0,-23.064923,-44.235621
FELIPE RIBEIRO,2024-10-01 22:57:17,240.0,7.4,-23.07399,-44.243281
FELIPE RIBEIRO,2024-10-01 23:41:17,247.9,9.7,-23.117663,-44.358166
FELIPE RIBEIRO,2024-10-02 00:16:06,185.3,11.7,-23.193846,-44.405275
FELIPE RIBEIRO,2024-10-02 00:20:46,185.8,12.0,-23.209291,-44.406913
FELIPE RIBEIRO,2024-10-02 00:34:35,174.2,12.0,-23.255368,-44.4089
FELIPE RIBEIRO,2024-10-02 00:50:26,168.2,12.1,-23.307621,-44.400175
FELIPE RIBEIRO,2024-10-02 00:51:55,169.0,12.1,-23.312605,-44.399068
FELIPE RIBEIRO,2024-10-02 00:52:06,168.7,12.1,-23.313213,-44.398941
FELIPE RIBEIRO,2024-10-02 00:52:14,168.7,12.1,-23.313655,-44.398853
FELIPE RIBEIRO,2024-10-02 00:56:26,169.6,12.1,-23.327668,-44.395995
FELIPE RIBEIRO,2024-10-02 00:57:44,169.7,12.2,-23.332078,-44.395163
FELIPE RIBEIRO,2024-10-02 00:57:45,169.7,12.2,-23.332078,-44.395163
FELIPE RIBEIRO,2024-10-02 01:05:56,170.1,12.3,-23.35956,-44.389913
FELIPE RIBEIRO,2024-10-02 01:07:25,168.4,12.3,-23.364531,-44.388898
FELIPE RIBEIRO,2024-10-02 01:11:24,169.3,12.4,-23.378176,-44.386038
FELIPE RIBEIRO,2024-10-02 01:13:16,169.0,12.4,-23.384353,-44.384771
FELIPE RIBEIRO,2024-10-02 01:15:46,170.7,12.2,-23.392813,-44.383088
FELIPE RIBEIRO,2024-10-02 01:16:26,170.1,12.3,-23.395083,-44.382703
FELIPE RIBEIRO,2024-10-02 01:16:46,170.3,12.3,-23.396206,-44.382516
FELIPE RIBEIRO,2024-10-02 01:17:34,170.0,12.3,-23.398896,-44.382033
FELIPE RIBEIRO,2024-10-02 01:17:45,170.4,12.3,-23.399518,-44.381925
FELIPE RIBEIRO,2024-10-02 01:17:55,169.8,12.3,-23.400026,-44.381838
FELIPE RIBEIRO,2024-10-02 01:18:16,170.4,12.3,-23.401291,-44.381615
FELIPE RIBEIRO,2024-10-02 01:24:17,164.9,10.8,-23.4209,-44.377628
FELIPE RIBEIRO,2024-10-02 01:27:07,163.7,9.4,-23.42862,-44.375323
FELIPE RIBEIRO,2024-10-02 01:30:55,165.1,8.0,-23.437456,-44.372618
FELIPE RIBEIRO,2024-10-02 02:02:07,186.5,0.3,-23.442961,-44.355638
FELIPE RIBEIRO,2024-10-02 02:07:06,272.1,0.3,-23.44306,-44.355915
FELIPE RIBEIRO,2024-10-02 02:23:15,275.1,0.6,-23.443433,-44.358158
FELIPE RIBEIRO,2024-10-02 02:28:35,256.1,0.7,-23.443546,-44.359213
FELIPE RIBEIRO,2024-10-02 02:36:36,258.0,0.9,-23.443838,-44.361221
FELIPE RIBEIRO,2024-10-02 02:39:26,254.7,0.8,-23.444013,-44.361953
FELIPE RIBEIRO,2024-10-02 02:41:15,258.7,0.9,-23.444108,-44.362436
FELIPE RIBEIRO,2024-10-02 02:44:25,249.1,0.9,-23.444331,-44.36335
FELIPE RIBEIRO,2024-10-02 02:50:57,254.0,1.0,-23.444945,-44.365125
FELIPE RIBEIRO,2024-10-02 03:47:46,252.2,1.1,-23.450283,-44.378353
FELIPE RIBEIRO,2024-10-02 03:50:16,255.9,0.9,-23.450445,-44.37904
FELIPE RIBEIRO,2024-10-02 03:54:06,255.2,0.9,-23.45068,-44.380111
FELIPE RIBEIRO,2024-10-02 04:25:47,283.6,0.5,-23.448616,-44.386356
FELIPE RIBEIRO,2024-10-02 04:28:56,278.1,0.5,-23.448538,-44.386806
FELIPE RIBEIRO,2024-10-02 04:52:27,257.2,0.7,-23.449226,-44.39093
FELIPE RIBEIRO,2024-10-02 05:00:06,252.1,0.9,-23.449733,-44.392725
FELIPE RIBEIRO,2024-10-02 05:30:47,218.7,0.8,-23.454348,-44.399295
FELIPE RIBEIRO,2024-10-02 05:33:46,214.9,0.7,-23.454808,-44.39972
FELIPE RIBEIRO,2024-10-02 05:36:16,224.5,0.7,-23.455098,-44.40008
FELIPE RIBEIRO,2024-10-02 05:38:27,224.6,0.7,-23.455398,-44.400393
FELIPE RIBEIRO,2024-10-02 06:01:46,223.5,0.9,-23.458428,-44.404055
FELIPE RIBEIRO,2024-10-02 06:05:26,226.3,0.9,-23.458965,-44.404753
FELIPE RIBEIRO,2024-10-02 06:09:46,229.2,0.8,-23.459583,-44.405575
FELIPE RIBEIRO,2024-10-02 06:11:55,232.1,0.8,-23.45992,-44.405988
FELIPE RIBEIRO,2024-10-02 06:19:25,228.7,1.0,-23.461023,-44.407665
FELIPE RIBEIRO,2024-10-02 06:37:26,247.1,0.9,-23.463285,-44.41207
FELIPE RIBEIRO,2024-10-02 06:43:07,255.2,1.0,-23.463716,-44.413576
FELIPE RIBEIRO,2024-10-02 07:06:34,65.9,1.2,-23.46298,-44.416823
FELIPE RIBEIRO,2024-10-02 07:09:05,71.4,1.5,-23.462593,-44.415848
FELIPE RIBEIRO,2024-10-02 07:11:16,74.5,1.7,-23.462275,-44.41483
FELIPE RIBEIRO,2024-10-02 07:14:15,86.8,2.1,-23.461996,-44.413048
FELIPE RIBEIRO,2024-10-02 07:57:07,182.4,1.3,-23.495355,-44.404
FELIPE RIBEIRO,2024-10-02 07:59:34,189.8,1.1,-23.496213,-44.4042
FELIPE RIBEIRO,2024-10-02 08:00:25,190.3,1.0,-23.496486,-44.404216
FELIPE RIBEIRO,2024-10-02 08:02:34,199.1,1.0,-23.49704,-44.404378
FELIPE RIBEIRO,2024-10-02 08:02:47,196.8,1.0,-23.497085,-44.404395
FELIPE RIBEIRO,2024-10-02 08:05:56,199.2,0.8,-23.497818,-44.404671
FELIPE RIBEIRO,2024-10-02 08:06:17,201.3,0.9,-23.497913,-44.404703
FELIPE RIBEIRO,2024-10-02 08:53:25,159.6,12.9,-23.595945,-44.36534
FELIPE RIBEIRO,2024-10-02 09:46:47,47.2,7.9,-23.772683,-44.282898
FELIPE RIBEIRO,2024-10-02 09:49:24,348.4,7.4,-23.767656,-44.281548
FELIPE RIBEIRO,2024-10-02 09:51:55,338.8,8.6,-23.762248,-44.283295
FELIPE RIBEIRO,2024-10-02 10:40:24,159.0,12.4,-23.721596,-44.315598
FELIPE RIBEIRO,2024-10-02 11:20:34,339.6,10.6,-23.790595,-44.273808
FELIPE RIBEIRO,2024-10-02 11:28:04,340.8,12.2,-23.76819,-44.283018
FELIPE RIBEIRO,2024-10-02 11:31:04,339.3,12.5,-23.758531,-44.287021
FELIPE RIBEIRO,2024-10-02 11:33:54,340.4,12.8,-23.74919,-44.29084
FELIPE RIBEIRO,2024-10-02 11:36:14,339.7,12.9,-23.741375,-44.294026
FELIPE RIBEIRO,2024-10-02 11:39:53,339.3,13.2,-23.728936,-44.29933
FELIPE RIBEIRO,2024-10-02 11:40:43,339.8,13.3,-23.726076,-44.300466
FELIPE RIBEIRO,2024-10-02 11:45:22,338.7,13.8,-23.709723,-44.307546
FELIPE RIBEIRO,2024-10-02 11:46:22,338.3,13.8,-23.706185,-44.309155
FELIPE RIBEIRO,2024-10-02 11:47:53,337.7,14.0,-23.700808,-44.311483
FELIPE RIBEIRO,2024-10-02 11:48:05,337.9,13.9,-23.70004,-44.311808
FELIPE RIBEIRO,2024-10-02 11:48:17,338.4,14.0,-23.699311,-44.312113
FELIPE RIBEIRO,2024-10-02 11:48:35,338.0,14.0,-23.698221,-44.31258
FELIPE RIBEIRO,2024-10-02 11:49:17,336.8,14.0,-23.695731,-44.313665
FELIPE RIBEIRO,2024-10-02 11:49:22,338.3,14.0,-23.69537,-44.313828
FELIPE RIBEIRO,2024-10-02 11:51:23,336.7,14.1,-23.688101,-44.317148
FELIPE RIBEIRO,2024-10-02 11:51:41,336.9,14.1,-23.687031,-44.317633
FELIPE RIBEIRO,2024-10-02 11:51:46,336.7,14.1,-23.686731,-44.317778
FELIPE RIBEIRO,2024-10-02 11:52:53,338.3,14.2,-23.682681,-44.319558
FELIPE RIBEIRO,2024-10-02 12:03:11,337.5,14.4,-23.64474,-44.336571
FELIPE RIBEIRO,2024-10-02 12:25:09,162.0,11.9,-23.633953,-44.383585
FELIPE RIBEIRO,2024-10-02 12:37:00,159.6,13.5,-23.67375,-44.367671
FELIPE RIBEIRO,2024-10-02 12:41:21,159.3,13.8,-23.689216,-44.361261
FELIPE RIBEIRO,2024-10-02 12:43:41,159.3,13.9,-23.697571,-44.357815
FELIPE RIBEIRO,2024-10-02 12:50:16,157.5,14.3,-23.721878,-44.34749
FELIPE RIBEIRO,2024-10-02 12:53:17,153.9,14.4,-23.732855,-44.34195
FELIPE RIBEIRO,2024-10-02 12:53:29,154.2,14.4,-23.733571,-44.341573
FELIPE RIBEIRO,2024-10-02 12:55:17,153.5,14.4,-23.740025,-44.33821
FELIPE RIBEIRO,2024-10-02 12:56:04,154.3,14.5,-23.742916,-44.336686
FELIPE RIBEIRO,2024-10-02 12:56:17,154.3,14.5,-23.743713,-44.336268
FELIPE RIBEIRO,2024-10-02 12:57:05,153.4,14.5,-23.74658,-44.334745
FELIPE RIBEIRO,2024-10-02 12:58:17,153.9,14.6,-23.751016,-44.332348
FELIPE RIBEIRO,2024-10-02 12:59:41,153.7,14.6,-23.756075,-44.329606
FELIPE RIBEIRO,2024-10-02 13:08:29,146.6,14.7,-23.788125,-44.31185
FELIPE RIBEIRO,2024-10-02 13:12:12,100.0,13.6,-23.795798,-44.299
FELIPE RIBEIRO,2024-10-02 13:14:41,69.3,13.0,-23.794908,-44.289171
FELIPE RIBEIRO,2024-10-02 13:17:31,31.9,12.3,-23.788593,-44.281213
FELIPE RIBEIRO,2024-10-02 13:19:40,4.0,12.1,-23.781588,-44.278831
FELIPE RIBEIRO,2024-10-02 13:25:39,339.2,13.1,-23.76163,-44.284683
FELIPE RIBEIRO,2024-10-02 13:42:26,340.5,14.8,-23.69976,-44.310985
FELIPE RIBEIRO,2024-10-02 13:48:02,343.2,14.4,-23.677871,-44.318166
FELIPE RIBEIRO,2024-10-02 14:17:09,344.7,13.8,-23.569248,-44.350546
FELIPE RIBEIRO,2024-10-02 14:19:50,346.1,13.8,-23.559295,-44.353448
FELIPE RIBEIRO,2024-10-02 14:24:09,345.2,13.8,-23.543275,-44.35814
FELIPE RIBEIRO,2024-10-02 14:50:09,350.9,13.8,-23.445405,-44.38195
FELIPE RIBEIRO,2024-10-02 14:53:08,351.0,13.8,-23.434046,-44.383936
FELIPE RIBEIRO,2024-10-02 15:28:09,351.5,12.8,-23.306785,-44.406193
FELIPE RIBEIRO,2024-10-02 15:50:59,351.4,6.0,-23.248293,-44.416068
FELIPE RIBEIRO,2024-10-02 15:54:49,350.4,5.3,-23.242373,-44.417236
FELIPE RIBEIRO,2024-10-02 16:42:30,344.4,5.6,-23.151145,-44.439148
FELIPE RIBEIRO,2024-10-02 16:47:20,348.4,3.9,-23.144668,-44.440926
FELIPE RIBEIRO,2024-10-02 16:49:29,359.5,3.5,-23.142491,-44.441133
FELIPE RIBEIRO,2024-10-02 16:52:09,7.2,3.2,-23.140016,-44.440938
FELIPE RIBEIRO,2024-10-02 17:04:37,352.8,3.1,-23.129886,-44.439503
FELIPE RIBEIRO,2024-10-02 17:31:14,154.0,0.4,-23.128661,-44.446441
FELIPE RIBEIRO,2024-10-02 17:33:53,233.1,0.3,-23.128846,-44.44653
FELIPE RIBEIRO,2024-10-02 17:49:09,199.8,1.2,-23.129888,-44.448128
FELIPE RIBEIRO,2024-10-02 17:53:40,173.9,3.5,-23.132646,-44.448403
FELIPE RIBEIRO,2024-10-02 18:28:19,153.2,12.8,-23.219273,-44.404521
FELIPE RIBEIRO,2024-10-02 18:35:30,153.6,13.1,-23.2425,-44.391993
FELIPE RIBEIRO,2024-10-02 18:37:40,153.4,13.0,-23.249583,-44.388218
FELIPE RIBEIRO,2024-10-02 18:46:30,147.8,13.0,-23.276666,-44.369943
FELIPE RIBEIRO,2024-10-02 18:57:00,147.3,13.0,-23.308668,-44.347646
FELIPE RIBEIRO,2024-10-02 18:59:39,147.7,13.0,-23.316768,-44.342085
FELIPE RIBEIRO,2024-10-02 19:03:59,146.5,13.0,-23.329976,-44.332673
FELIPE RIBEIRO,2024-10-02 19:13:41,114.8,11.6,-23.351213,-44.30764
FELIPE RIBEIRO,2024-10-02 19:17:00,118.4,12.1,-23.35626,-44.297176
FELIPE RIBEIRO,2024-10-02 19:35:21,117.3,12.9,-23.38664,-44.23513
FELIPE RIBEIRO,2024-10-02 19:37:30,117.1,13.0,-23.390165,-44.227523
FELIPE RIBEIRO,2024-10-02 19:40:21,115.6,13.1,-23.394671,-44.217566
FELIPE RIBEIRO,2024-10-02 19:42:09,115.6,13.1,-23.397533,-44.211135
FELIPE RIBEIRO,2024-10-02 19:45:40,116.2,13.1,-23.403271,-44.198518
FELIPE RIBEIRO,2024-10-02 19:49:28,116.2,13.1,-23.409403,-44.18496
FELIPE RIBEIRO,2024-10-02 19:53:10,116.9,13.1,-23.415415,-44.17182
FELIPE RIBEIRO,2024-10-02 19:55:31,116.4,13.2,-23.419201,-44.163493
FELIPE RIBEIRO,2024-10-02 20:09:09,116.8,13.0,-23.441608,-44.114963
FELIPE RIBEIRO,2024-10-02 20:12:09,116.6,13.0,-23.446431,-44.104463
FELIPE RIBEIRO,2024-10-02 20:21:19,119.1,13.1,-23.461353,-44.072025
FELIPE RIBEIRO,2024-10-02 20:25:10,118.7,13.1,-23.468178,-44.05872
FELIPE RIBEIRO,2024-10-02 20:27:39,119.2,13.1,-23.472573,-44.050126
FELIPE RIBEIRO,2024-10-02 20:29:49,118.4,13.1,-23.476378,-44.042615
FELIPE RIBEIRO,2024-10-02 20:43:59,118.1,13.3,-23.501245,-43.992865
FELIPE RIBEIRO,2024-10-02 20:46:49,117.5,13.2,-23.506108,-43.982818
FELIPE RIBEIRO,2024-10-02 20:50:59,115.9,13.3,-23.513188,-43.967958
FELIPE RIBEIRO,2024-10-02 20:56:31,115.5,13.3,-23.52239,-43.948006
FELIPE RIBEIRO,2024-10-02 21:01:49,115.5,13.5,-23.530986,-43.928706
FELIPE RIBEIRO,2024-10-02 21:21:29,116.4,13.4,-23.56381,-43.857
FELIPE RIBEIRO,2024-10-02 21:23:39,115.7,13.4,-23.567335,-43.849161
FELIPE RIBEIRO,2024-10-02 21:26:39,115.7,13.4,-23.572283,-43.838298
FELIPE RIBEIRO,2024-10-02 21:36:10,120.2,13.1,-23.588168,-43.804015
FELIPE RIBEIRO,2024-10-02 21:38:38,120.2,13.0,-23.592673,-43.795531
FELIPE RIBEIRO,2024-10-02 21:55:09,119.4,12.9,-23.622003,-43.739598
FELIPE RIBEIRO,2024-10-02 21:58:00,119.1,12.9,-23.627058,-43.729963
FELIPE RIBEIRO,2024-10-02 22:01:00,119.0,12.9,-23.632336,-43.719778
FELIPE RIBEIRO,2024-10-02 22:10:49,119.2,13.0,-23.649725,-43.686035
FELIPE RIBEIRO,2024-10-02 22:13:10,119.3,12.9,-23.653976,-43.678056
FELIPE RIBEIRO,2024-10-02 22:27:51,119.4,12.8,-23.679895,-43.628595
FELIPE RIBEIRO,2024-10-02 22:32:29,115.0,12.6,-23.687863,-43.612681
FELIPE RIBEIRO,2024-10-02 22:35:11,115.2,12.8,-23.691986,-43.603435
FELIPE RIBEIRO,2024-10-02 22:44:50,115.5,12.9,-23.706968,-43.569521
FELIPE RIBEIRO,2024-10-02 23:04:20,115.5,12.7,-23.736441,-43.501231
FELIPE RIBEIRO,2024-10-02 23:14:30,117.9,12.7,-23.752451,-43.466208
FELIPE RIBEIRO,2024-10-02 23:16:28,117.5,12.7,-23.755706,-43.459376
FELIPE RIBEIRO,2024-10-02 23:20:00,117.1,12.7,-23.761301,-43.447311
FELIPE RIBEIRO,2024-10-02 23:34:58,117.9,12.7,-23.785833,-43.3957
FELIPE RIBEIRO,2024-10-02 23:37:49,117.5,12.7,-23.790368,-43.386048
FELIPE RIBEIRO,2024-10-02 23:55:49,117.9,12.6,-23.820666,-43.325606
FELIPE RIBEIRO,2024-10-03 00:01:30,118.1,12.7,-23.830311,-43.306596
FELIPE RIBEIRO,2024-10-03 00:04:39,119.5,12.5,-23.835773,-43.29601
FELIPE RIBEIRO,2024-10-03 00:08:10,118.2,12.8,-23.841756,-43.284095
FELIPE RIBEIRO,2024-10-03 00:26:50,117.7,12.9,-23.873243,-43.220398
FELIPE RIBEIRO,2024-10-03 00:27:29,117.7,12.9,-23.874391,-43.218031
FELIPE RIBEIRO,2024-10-03 00:27:39,117.7,12.8,-23.87469,-43.217441
FELIPE RIBEIRO,2024-10-03 00:27:49,118.1,12.9,-23.87494,-43.216913
FELIPE RIBEIRO,2024-10-03 00:28:29,118.0,12.9,-23.876085,-43.214665
FELIPE RIBEIRO,2024-10-03 00:28:50,117.4,12.9,-23.876688,-43.21347
FELIPE RIBEIRO,2024-10-03 00:30:19,118.9,12.9,-23.879216,-43.208331
FELIPE RIBEIRO,2024-10-03 00:30:50,118.3,12.9,-23.880105,-43.206538
FELIPE RIBEIRO,2024-10-03 00:31:50,118.0,12.9,-23.88178,-43.203073
FELIPE RIBEIRO,2024-10-03 00:32:50,118.1,12.9,-23.883466,-43.199606
FELIPE RIBEIRO,2024-10-03 00:33:10,117.5,12.9,-23.884025,-43.198458
FELIPE RIBEIRO,2024-10-03 00:36:00,118.0,12.9,-23.88875,-43.188701
FELIPE RIBEIRO,2024-10-03 01:07:08,116.0,12.6,-23.939776,-43.082335
FELIPE RIBEIRO,2024-10-03 01:37:38,116.3,13.0,-23.987653,-42.976515
FELIPE RIBEIRO,2024-10-03 01:41:29,114.9,13.1,-23.993641,-42.96287
FELIPE RIBEIRO,2024-10-03 01:44:39,115.2,13.1,-23.998511,-42.951453
FELIPE RIBEIRO,2024-10-03 01:50:30,113.4,13.2,-24.00773,-42.930375
FELIPE RIBEIRO,2024-10-03 01:53:50,114.1,13.3,-24.012788,-42.918073
FELIPE RIBEIRO,2024-10-03 02:09:49,118.3,13.2,-24.037998,-42.859891
FELIPE RIBEIRO,2024-10-03 02:14:09,116.6,13.3,-24.045193,-42.844385
FELIPE RIBEIRO,2024-10-03 02:17:09,116.8,13.2,-24.050183,-42.83373
FELIPE RIBEIRO,2024-10-03 02:51:30,120.3,13.3,-24.102903,-42.708838
FELIPE RIBEIRO,2024-10-03 02:53:50,119.4,13.4,-24.10714,-42.70074
FELIPE RIBEIRO,2024-10-03 03:22:09,120.7,13.2,-24.159715,-42.60176
FELIPE RIBEIRO,2024-10-03 03:25:08,121.6,13.3,-24.16539,-42.591565
FELIPE RIBEIRO,2024-10-03 03:27:28,121.3,13.3,-24.169951,-42.58358
FELIPE RIBEIRO,2024-10-03 03:30:38,122.6,13.2,-24.175991,-42.572733
FELIPE RIBEIRO,2024-10-03 03:34:49,122.7,13.2,-24.184066,-42.558555
FELIPE RIBEIRO,2024-10-03 03:37:49,118.8,13.1,-24.189751,-42.548336
FELIPE RIBEIRO,2024-10-03 03:55:29,118.8,13.1,-24.219536,-42.486085
FELIPE RIBEIRO,2024-10-03 03:58:19,119.2,13.2,-24.224546,-42.476151
FELIPE RIBEIRO,2024-10-03 04:02:09,118.4,13.2,-24.23136,-42.462606
FELIPE RIBEIRO,2024-10-03 04:31:09,119.0,13.3,-24.281198,-42.359581
FELIPE RIBEIRO,2024-10-03 04:36:39,119.9,13.3,-24.291196,-42.340336
FELIPE RIBEIRO,2024-10-03 05:07:09,117.6,12.6,-24.345651,-42.235461
FELIPE RIBEIRO,2024-10-03 05:10:29,118.0,12.6,-24.35113,-42.224125
FELIPE RIBEIRO,2024-10-03 05:14:39,119.0,12.6,-24.358186,-42.210211
FELIPE RIBEIRO,2024-10-03 05:18:39,116.2,12.4,-24.364565,-42.196718
FELIPE RIBEIRO,2024-10-03 05:20:20,116.0,12.4,-24.367221,-42.19104
FELIPE RIBEIRO,2024-10-03 05:38:50,116.5,12.4,-24.395323,-42.12857
FELIPE RIBEIRO,2024-10-03 06:12:10,117.0,12.8,-24.44482,-42.013433
FELIPE RIBEIRO,2024-10-03 06:14:51,116.7,12.7,-24.449151,-42.00416
FELIPE RIBEIRO,2024-10-03 06:19:49,117.5,12.8,-24.457261,-41.986966
FELIPE RIBEIRO,2024-10-03 06:57:10,116.8,12.8,-24.515431,-41.85661
FELIPE RIBEIRO,2024-10-03 06:59:49,115.1,12.8,-24.519576,-41.847371
FELIPE RIBEIRO,2024-10-03 07:07:00,116.0,12.7,-24.530555,-41.82198
FELIPE RIBEIRO,2024-10-03 07:49:59,117.6,12.8,-24.596811,-41.670423
FELIPE RIBEIRO,2024-10-03 07:55:49,117.0,13.0,-24.606481,-41.65016
FELIPE RIBEIRO,2024-10-03 07:59:30,118.3,13.0,-24.612796,-41.637315
FELIPE RIBEIRO,2024-10-03 08:44:09,117.8,12.8,-24.687901,-41.482095
FELIPE RIBEIRO,2024-10-03 08:45:29,118.1,12.7,-24.69016,-41.477451
FELIPE RIBEIRO,2024-10-03 08:48:20,117.4,12.8,-24.694748,-41.46762
FELIPE RIBEIRO,2024-10-03 08:49:20,117.4,12.8,-24.696398,-41.464173
FELIPE RIBEIRO,2024-10-03 08:51:50,116.9,12.7,-24.700575,-41.45567
FELIPE RIBEIRO,2024-10-03 09:37:39,118.4,12.8,-24.77709,-41.299406
FELIPE RIBEIRO,2024-10-03 09:41:40,120.3,12.7,-24.784098,-41.285861
FELIPE RIBEIRO,2024-10-03 10:31:49,115.5,12.9,-24.865201,-41.11107
FELIPE RIBEIRO,2024-10-03 10:32:28,116.3,12.9,-24.866256,-41.108631
FELIPE RIBEIRO,2024-10-03 10:34:48,115.6,12.9,-24.869843,-41.100348
FELIPE RIBEIRO,2024-10-03 11:02:30,115.7,13.1,-24.912736,-41.000231
FELIPE RIBEIRO,2024-10-03 11:06:39,114.8,13.1,-24.919413,-40.985155
FELIPE RIBEIRO,2024-10-03 11:22:00,115.3,13.1,-24.943465,-40.929318
FELIPE RIBEIRO,2024-10-03 11:24:09,114.8,13.1,-24.946805,-40.921431
FELIPE RIBEIRO,2024-10-03 11:26:20,116.1,13.1,-24.950276,-40.913443
FELIPE RIBEIRO,2024-10-03 11:35:50,115.8,13.2,-24.965236,-40.87877
FELIPE RIBEIRO,2024-10-03 11:36:10,114.5,13.2,-24.965768,-40.877526
FELIPE RIBEIRO,2024-10-03 11:37:29,114.4,13.2,-24.967826,-40.872611
FELIPE RIBEIRO,2024-10-03 11:38:10,113.9,13.2,-24.968873,-40.870096
FELIPE RIBEIRO,2024-10-03 11:38:39,114.5,13.3,-24.969611,-40.868356
FELIPE RIBEIRO,2024-10-03 11:39:59,115.1,13.3,-24.971665,-40.863505
FELIPE RIBEIRO,2024-10-03 11:40:29,115.5,13.3,-24.972461,-40.861621
FELIPE RIBEIRO,2024-10-03 11:41:29,115.2,13.3,-24.974015,-40.858013
FELIPE RIBEIRO,2024-10-03 11:41:38,114.4,13.3,-24.97428,-40.857396
FELIPE RIBEIRO,2024-10-03 11:41:59,114.7,13.3,-24.974811,-40.856166
FELIPE RIBEIRO,2024-10-03 11:42:08,114.8,13.2,-24.975078,-40.855551
FELIPE RIBEIRO,2024-10-03 11:42:29,114.7,13.2,-24.975626,-40.854291
FELIPE RIBEIRO,2024-10-03 11:42:38,115.6,13.3,-24.975871,-40.853745
FELIPE RIBEIRO,2024-10-03 11:42:49,116.1,13.2,-24.976138,-40.853145
FELIPE RIBEIRO,2024-10-03 11:43:18,114.6,13.2,-24.97693,-40.851301
FELIPE RIBEIRO,2024-10-03 11:43:29,114.5,13.2,-24.977218,-40.850628
FELIPE RIBEIRO,2024-10-03 11:43:50,114.4,13.2,-24.977711,-40.849463
FELIPE RIBEIRO,2024-10-03 12:12:10,116.9,13.2,-25.02139,-40.745525
FELIPE RIBEIRO,2024-10-03 12:15:10,117.3,13.2,-25.026225,-40.734743
FELIPE RIBEIRO,2024-10-03 12:18:10,116.1,13.1,-25.031203,-40.723986
FELIPE RIBEIRO,2024-10-03 12:20:19,115.0,13.1,-25.034738,-40.716248
FELIPE RIBEIRO,2024-10-03 12:53:49,120.4,13.2,-25.09233,-40.59711
FELIPE RIBEIRO,2024-10-03 13:03:10,119.7,13.1,-25.109243,-40.564591
FELIPE RIBEIRO,2024-10-03 13:07:59,118.3,13.1,-25.118085,-40.547783
FELIPE RIBEIRO,2024-10-03 13:10:29,119.7,13.1,-25.12255,-40.539148
FELIPE RIBEIRO,2024-10-03 13:13:20,119.6,13.1,-25.127701,-40.529115
FELIPE RIBEIRO,2024-10-03 13:21:10,120.1,13.2,-25.141955,-40.501715
FELIPE RIBEIRO,2024-10-03 13:26:49,112.4,12.9,-25.15023,-40.481226
FELIPE RIBEIRO,2024-10-03 13:29:49,113.0,12.9,-25.154478,-40.4703
FELIPE RIBEIRO,2024-10-03 13:56:49,116.0,13.0,-25.196698,-40.373455
FELIPE RIBEIRO,2024-10-03 13:59:20,117.8,13.0,-25.200788,-40.364446
FELIPE RIBEIRO,2024-10-03 14:00:49,118.0,13.0,-25.203231,-40.359133
FELIPE RIBEIRO,2024-10-03 14:01:50,117.1,13.1,-25.204933,-40.355615
FELIPE RIBEIRO,2024-10-03 14:03:08,117.9,13.1,-25.207198,-40.350955
FELIPE RIBEIRO,2024-10-03 14:04:40,119.5,13.0,-25.209801,-40.345631
FELIPE RIBEIRO,2024-10-03 14:07:20,117.5,13.0,-25.214328,-40.336288
FELIPE RIBEIRO,2024-10-03 14:29:49,113.4,12.9,-25.250255,-40.256198
FELIPE RIBEIRO,2024-10-03 14:32:29,114.5,13.0,-25.254186,-40.246626
FELIPE RIBEIRO,2024-10-03 14:34:39,114.2,13.0,-25.257473,-40.23877
FELIPE RIBEIRO,2024-10-03 14:37:20,113.4,12.9,-25.26145,-40.2291
FELIPE RIBEIRO,2024-10-03 14:50:39,117.3,13.2,-25.284326,-40.181793
FELIPE RIBEIRO,2024-10-03 14:52:49,116.9,13.2,-25.288091,-40.17418
FELIPE RIBEIRO,2024-10-03 14:54:59,117.9,13.2,-25.291888,-40.166395
FELIPE RIBEIRO,2024-10-03 14:57:19,119.9,13.3,-25.295995,-40.1581
FELIPE RIBEIRO,2024-10-03 15:12:08,118.7,13.3,-25.321791,-40.10492
FELIPE RIBEIRO,2024-10-03 15:40:48,117.0,13.3,-25.366376,-39.998918
FELIPE RIBEIRO,2024-10-03 15:41:07,116.3,13.2,-25.366886,-39.997761
FELIPE RIBEIRO,2024-10-03 15:41:17,115.6,13.2,-25.36715,-39.99716
FELIPE RIBEIRO,2024-10-03 15:41:48,116.1,13.3,-25.36795,-39.995321
FELIPE RIBEIRO,2024-10-03 15:42:30,116.0,13.2,-25.369021,-39.992865
FELIPE RIBEIRO,2024-10-03 15:43:00,115.5,13.3,-25.369826,-39.991036
FELIPE RIBEIRO,2024-10-03 15:43:17,115.0,13.2,-25.370345,-39.989805
FELIPE RIBEIRO,2024-10-03 15:43:27,114.3,13.2,-25.370576,-39.98925
FELIPE RIBEIRO,2024-10-03 15:44:27,115.6,13.3,-25.372158,-39.985595
FELIPE RIBEIRO,2024-10-03 15:44:36,115.5,13.3,-25.372428,-39.984988
FELIPE RIBEIRO,2024-10-03 15:44:56,116.4,13.3,-25.372945,-39.983831
FELIPE RIBEIRO,2024-10-03 15:45:27,116.7,13.2,-25.37379,-39.981943
FELIPE RIBEIRO,2024-10-03 15:45:36,116.6,13.3,-25.374058,-39.981331
FELIPE RIBEIRO,2024-10-03 15:45:39,116.6,13.3,-25.374058,-39.981331
FELIPE RIBEIRO,2024-10-03 15:46:27,117.1,13.3,-25.375398,-39.978296
FELIPE RIBEIRO,2024-10-03 15:46:36,117.5,13.3,-25.375666,-39.97769
FELIPE RIBEIRO,2024-10-03 15:52:19,116.3,13.3,-25.384851,-39.957073
FELIPE RIBEIRO,2024-10-03 16:13:31,116.6,13.2,-25.420831,-39.880893
FELIPE RIBEIRO,2024-10-03 16:20:40,116.1,13.2,-25.432805,-39.855015
FELIPE RIBEIRO,2024-10-03 16:35:28,116.1,13.3,-25.456681,-39.800938
FELIPE RIBEIRO,2024-10-03 16:37:48,115.7,13.3,-25.460553,-39.792328
FELIPE RIBEIRO,2024-10-03 16:55:09,115.3,13.4,-25.488791,-39.728393
FELIPE RIBEIRO,2024-10-03 16:57:18,114.3,13.4,-25.49219,-39.720361
FELIPE RIBEIRO,2024-10-03 17:09:29,116.7,13.4,-25.512165,-39.675185
FELIPE RIBEIRO,2024-10-03 17:14:48,115.5,13.4,-25.520835,-39.655546
FELIPE RIBEIRO,2024-10-03 17:15:58,113.9,13.3,-25.522681,-39.651148
FELIPE RIBEIRO,2024-10-03 17:16:08,114.2,13.4,-25.522948,-39.650506
FELIPE RIBEIRO,2024-10-03 17:16:17,114.1,13.4,-25.523188,-39.649951
FELIPE RIBEIRO,2024-10-03 17:17:17,115.4,13.4,-25.524771,-39.646256
FELIPE RIBEIRO,2024-10-03 17:17:48,115.8,13.4,-25.52561,-39.644331
FELIPE RIBEIRO,2024-10-03 17:18:27,115.5,13.4,-25.526648,-39.641951
FELIPE RIBEIRO,2024-10-03 17:18:58,114.7,13.4,-25.527508,-39.639981
FELIPE RIBEIRO,2024-10-03 17:19:07,114.3,13.4,-25.527743,-39.639423
FELIPE RIBEIRO,2024-10-03 17:19:27,115.3,13.4,-25.528261,-39.638203
FELIPE RIBEIRO,2024-10-03 17:20:27,115.5,13.3,-25.529875,-39.634456
FELIPE RIBEIRO,2024-10-03 17:20:58,115.7,13.3,-25.530685,-39.63255
FELIPE RIBEIRO,2024-10-03 17:21:07,113.6,13.3,-25.530891,-39.632056
FELIPE RIBEIRO,2024-10-03 17:25:08,115.8,13.3,-25.537401,-39.617163
FELIPE RIBEIRO,2024-10-03 17:26:08,115.0,13.3,-25.53901,-39.613438
FELIPE RIBEIRO,2024-10-03 17:27:59,115.5,13.3,-25.541876,-39.606773
FELIPE RIBEIRO,2024-10-03 17:28:08,115.8,13.2,-25.542143,-39.606156
FELIPE RIBEIRO,2024-10-03 17:30:00,118.0,13.4,-25.5451,-39.599418
FELIPE RIBEIRO,2024-10-03 17:35:49,117.0,13.2,-25.554575,-39.578063
FELIPE RIBEIRO,2024-10-03 17:43:20,115.3,13.2,-25.566725,-39.55059
FELIPE RIBEIRO,2024-10-03 17:46:50,116.1,13.2,-25.572328,-39.537863
FELIPE RIBEIRO,2024-10-03 18:01:10,114.4,13.1,-25.594931,-39.485906
FELIPE RIBEIRO,2024-10-03 18:05:19,115.7,13.1,-25.60138,-39.470933
FELIPE RIBEIRO,2024-10-03 18:15:30,115.1,13.0,-25.617381,-39.434005
FELIPE RIBEIRO,2024-10-03 18:21:09,115.2,13.1,-25.626221,-39.4136
FELIPE RIBEIRO,2024-10-03 18:36:39,113.9,13.1,-25.650228,-39.357223
FELIPE RIBEIRO,2024-10-03 18:40:59,116.1,13.0,-25.656888,-39.34141
FELIPE RIBEIRO,2024-10-03 18:43:59,113.9,13.0,-25.661563,-39.33057
FELIPE RIBEIRO,2024-10-03 18:45:08,113.9,13.0,-25.663368,-39.326396
FELIPE RIBEIRO,2024-10-03 18:47:38,115.4,13.0,-25.667276,-39.31737
FELIPE RIBEIRO,2024-10-03 18:52:49,115.3,13.1,-25.675386,-39.298696
FELIPE RIBEIRO,2024-10-03 18:57:09,117.0,13.0,-25.682191,-39.283026
FELIPE RIBEIRO,2024-10-03 19:07:29,114.9,12.9,-25.698128,-39.245961
FELIPE RIBEIRO,2024-10-03 19:10:10,114.6,12.8,-25.702236,-39.236405
FELIPE RIBEIRO,2024-10-03 19:12:40,117.3,12.9,-25.706058,-39.227435
FELIPE RIBEIRO,2024-10-03 19:15:30,115.5,12.9,-25.710455,-39.2174
FELIPE RIBEIRO,2024-10-03 19:26:08,115.9,12.8,-25.72672,-39.17929
FELIPE RIBEIRO,2024-10-03 19:32:10,116.3,12.7,-25.73588,-39.157978
FELIPE RIBEIRO,2024-10-03 19:44:59,114.5,12.4,-25.754981,-39.113363
FELIPE RIBEIRO,2024-10-03 19:48:00,115.3,12.4,-25.759483,-39.102981
FELIPE RIBEIRO,2024-10-03 19:51:00,113.1,12.3,-25.763853,-39.092748
FELIPE RIBEIRO,2024-10-03 19:53:29,114.9,12.4,-25.767533,-39.08412
FELIPE RIBEIRO,2024-10-03 20:02:49,113.2,12.4,-25.781261,-39.052046
FELIPE RIBEIRO,2024-10-03 20:05:29,115.6,12.4,-25.7852,-39.042776
FELIPE RIBEIRO,2024-10-03 20:18:00,113.9,12.4,-25.803626,-38.999463
FELIPE RIBEIRO,2024-10-03 20:20:09,113.5,12.4,-25.80677,-38.992015
FELIPE RIBEIRO,2024-10-03 20:23:50,116.1,12.4,-25.81221,-38.979281
FELIPE RIBEIRO,2024-10-03 20:33:51,114.7,12.5,-25.827125,-38.944626
FELIPE RIBEIRO,2024-10-03 20:40:08,116.3,12.6,-25.836555,-38.922553
FELIPE RIBEIRO,2024-10-03 20:54:39,116.4,12.6,-25.858593,-38.872201
FELIPE RIBEIRO,2024-10-03 20:57:09,115.6,12.6,-25.862373,-38.863545
FELIPE RIBEIRO,2024-10-03 20:59:49,114.8,12.6,-25.866543,-38.854245
FELIPE RIBEIRO,2024-10-03 21:12:09,115.0,12.7,-25.885168,-38.81059
FELIPE RIBEIRO,2024-10-03 21:14:40,115.2,12.8,-25.888931,-38.801705
FELIPE RIBEIRO,2024-10-03 21:26:19,113.4,12.7,-25.906338,-38.760386
FELIPE RIBEIRO,2024-10-03 21:28:50,113.1,12.8,-25.910106,-38.751415
FELIPE RIBEIRO,2024-12-10 20:04:18,270.7,13.4,-24.141925,-36.633075
FELIPE RIBEIRO,2024-12-10 20:06:38,272.5,13.5,-24.141785,-36.642658
FELIPE RIBEIRO,2024-12-10 20:10:18,274.1,13.3,-24.141353,-36.657661
FELIPE RIBEIRO,2024-12-10 20:18:19,269.8,13.6,-24.140615,-36.690565
FELIPE RIBEIRO,2024-12-10 20:21:19,271.2,13.7,-24.140311,-36.702911
FELIPE RIBEIRO,2024-12-10 20:38:57,270.4,13.6,-24.138701,-36.776031
FELIPE RIBEIRO,2024-12-10 20:43:58,269.4,13.4,-24.13828,-36.796631
FELIPE RIBEIRO,2024-12-10 20:54:39,268.6,13.1,-24.137833,-36.840125
FELIPE RIBEIRO,2024-12-10 20:57:30,269.4,12.9,-24.137683,-36.851331
FELIPE RIBEIRO,2024-12-10 21:28:19,270.8,13.6,-24.136143,-36.977755
FELIPE RIBEIRO,2024-12-10 21:32:49,265.6,13.7,-24.136135,-36.996266
FELIPE RIBEIRO,2024-12-10 21:34:59,271.2,13.5,-24.136106,-37.005083
FELIPE RIBEIRO,2024-12-10 21:35:38,272.4,13.5,-24.136076,-37.00788
FELIPE RIBEIRO,2024-12-10 22:04:59,268.4,13.6,-24.135711,-37.128391
FELIPE RIBEIRO,2024-12-10 22:40:57,270.9,13.8,-24.136421,-37.277376
FELIPE RIBEIRO,2024-12-10 22:43:18,268.4,13.7,-24.136418,-37.287158
FELIPE RIBEIRO,2024-12-10 23:08:37,272.3,14.6,-24.13691,-37.394086
FELIPE RIBEIRO,2024-12-10 23:13:25,269.2,14.7,-24.137176,-37.41559
FELIPE RIBEIRO,2024-12-10 23:13:31,269.0,14.7,-24.137193,-37.415965
FELIPE RIBEIRO,2024-12-10 23:15:37,267.7,14.8,-24.137193,-37.425483
FELIPE RIBEIRO,2024-12-10 23:17:20,272.0,15.0,-24.137168,-37.43325
FELIPE RIBEIRO,2024-12-10 23:18:30,271.7,14.9,-24.137168,-37.438511
FELIPE RIBEIRO,2024-12-10 23:19:31,271.6,14.9,-24.13718,-37.443041
FELIPE RIBEIRO,2024-12-10 23:20:49,274.0,14.9,-24.13712,-37.448995
FELIPE RIBEIRO,2024-12-10 23:21:56,272.3,14.9,-24.137123,-37.453913
FELIPE RIBEIRO,2024-12-10 23:46:13,271.2,14.5,-24.1359,-37.562861
FELIPE RIBEIRO,2024-12-10 23:49:50,268.1,14.7,-24.135865,-37.57885
FELIPE RIBEIRO,2024-12-10 23:52:14,266.7,14.6,-24.135948,-37.589476
FELIPE RIBEIRO,2024-12-11 00:02:02,269.0,14.5,-24.135718,-37.63298
FELIPE RIBEIRO,2024-12-11 00:21:25,271.7,14.6,-24.134331,-37.719243
FELIPE RIBEIRO,2024-12-11 00:24:25,273.8,14.5,-24.13419,-37.732531
FELIPE RIBEIRO,2024-12-11 00:26:55,268.5,14.6,-24.134038,-37.743638
FELIPE RIBEIRO,2024-12-11 00:28:07,269.4,14.5,-24.134001,-37.748886
FELIPE RIBEIRO,2024-12-11 00:29:07,265.6,14.7,-24.133968,-37.7534
FELIPE RIBEIRO,2024-12-11 00:29:31,270.1,14.6,-24.13399,-37.755196
FELIPE RIBEIRO,2024-12-11 00:29:37,270.0,14.5,-24.134003,-37.755638
FELIPE RIBEIRO,2024-12-11 00:30:37,273.5,14.7,-24.133911,-37.760085
FELIPE RIBEIRO,2024-12-11 00:31:01,278.1,14.4,-24.133878,-37.76182
FELIPE RIBEIRO,2024-12-11 00:31:25,271.3,14.5,-24.13383,-37.763651
FELIPE RIBEIRO,2024-12-11 00:31:37,268.5,14.6,-24.133836,-37.764446
FELIPE RIBEIRO,2024-12-11 00:58:20,267.9,14.9,-24.133325,-37.883418
FELIPE RIBEIRO,2024-12-11 00:58:32,268.8,14.9,-24.133321,-37.88432
FELIPE RIBEIRO,2024-12-11 01:01:08,273.5,14.7,-24.13325,-37.89617
FELIPE RIBEIRO,2024-12-11 01:01:14,265.4,15.0,-24.133275,-37.896546
FELIPE RIBEIRO,2024-12-11 01:03:25,264.3,14.6,-24.133278,-37.906281
FELIPE RIBEIRO,2024-12-11 01:03:32,267.7,14.7,-24.133281,-37.906798
FELIPE RIBEIRO,2024-12-11 01:04:48,268.0,14.3,-24.13334,-37.912426
FELIPE RIBEIRO,2024-12-11 01:05:01,270.0,14.3,-24.133355,-37.913395
FELIPE RIBEIRO,2024-12-11 01:05:24,270.6,14.6,-24.133383,-37.915073
FELIPE RIBEIRO,2024-12-11 01:05:31,270.1,14.5,-24.133416,-37.91559
FELIPE RIBEIRO,2024-12-11 01:07:37,269.4,14.6,-24.133475,-37.92495
FELIPE RIBEIRO,2024-12-11 01:08:30,272.0,14.7,-24.133436,-37.928918
FELIPE RIBEIRO,2024-12-11 01:08:48,270.6,14.7,-24.133441,-37.930261
FELIPE RIBEIRO,2024-12-11 01:09:07,267.1,14.9,-24.133495,-37.931673
FELIPE RIBEIRO,2024-12-11 01:09:37,270.0,14.7,-24.133468,-37.933906
FELIPE RIBEIRO,2024-12-11 01:26:13,269.9,14.6,-24.134518,-38.007563
FELIPE RIBEIRO,2024-12-11 01:28:25,269.8,14.7,-24.134621,-38.017435
FELIPE RIBEIRO,2024-12-11 01:30:49,267.6,14.8,-24.13465,-38.028138
FELIPE RIBEIRO,2024-12-11 01:35:02,264.0,14.8,-24.134755,-38.046996
FELIPE RIBEIRO,2024-12-11 02:06:01,265.0,14.2,-24.136241,-38.183813
FELIPE RIBEIRO,2024-12-11 02:08:13,268.2,14.1,-24.136285,-38.193186
FELIPE RIBEIRO,2024-12-11 02:42:30,269.2,13.4,-24.13716,-38.337081
FELIPE RIBEIRO,2024-12-11 02:44:40,265.7,13.3,-24.137316,-38.345861
FELIPE RIBEIRO,2024-12-11 02:45:01,268.5,13.2,-24.137333,-38.347275
FELIPE RIBEIRO,2024-12-11 02:47:10,272.4,12.9,-24.137513,-38.35598
FELIPE RIBEIRO,2024-12-11 02:49:20,269.1,13.1,-24.137731,-38.364548
FELIPE RIBEIRO,2024-12-11 03:46:29,268.7,12.8,-24.141266,-38.589525
FELIPE RIBEIRO,2024-12-11 03:46:51,268.9,12.8,-24.141241,-38.590903
FELIPE RIBEIRO,2024-12-11 04:28:36,288.2,12.7,-24.136718,-38.7555
FELIPE RIBEIRO,2024-12-11 04:29:56,293.0,12.7,-24.135033,-38.76039
FELIPE RIBEIRO,2024-12-11 04:33:16,297.6,12.5,-24.130995,-38.772426
FELIPE RIBEIRO,2024-12-11 04:35:36,289.5,12.5,-24.128275,-38.78079
FELIPE RIBEIRO,2024-12-11 05:20:05,288.2,11.9,-24.078371,-38.937466
FELIPE RIBEIRO,2024-12-11 05:22:16,289.7,11.8,-24.07607,-38.944918
FELIPE RIBEIRO,2024-12-11 05:25:06,290.4,12.2,-24.072783,-38.954726
FELIPE RIBEIRO,2024-12-11 05:27:26,287.8,12.2,-24.070233,-38.962871
FELIPE RIBEIRO,2024-12-11 06:14:15,292.7,12.4,-24.015431,-39.124526
FELIPE RIBEIRO,2024-12-11 06:14:35,294.0,12.4,-24.014985,-39.125603
FELIPE RIBEIRO,2024-12-11 06:17:06,295.7,12.4,-24.01149,-39.134186
FELIPE RIBEIRO,2024-12-11 06:21:06,294.9,12.2,-24.005831,-39.148038
FELIPE RIBEIRO,2024-12-11 06:27:15,295.3,12.2,-23.99789,-39.169658
FELIPE RIBEIRO,2024-12-11 07:05:55,260.5,13.2,-23.996903,-39.3195
FELIPE RIBEIRO,2024-12-11 07:17:46,240.8,13.2,-24.01033,-39.363143
FELIPE RIBEIRO,2024-12-11 07:53:27,242.2,12.6,-24.077685,-39.483233
FELIPE RIBEIRO,2024-12-11 08:59:25,245.2,12.3,-24.182881,-39.688441
FELIPE RIBEIRO,2024-12-11 09:10:47,301.6,12.9,-24.181156,-39.72857
FELIPE RIBEIRO,2024-12-11 09:44:03,296.2,13.6,-24.131696,-39.852898
FELIPE RIBEIRO,2024-12-11 09:49:42,267.3,13.0,-24.129773,-39.875045
FELIPE RIBEIRO,2024-12-11 09:55:13,285.1,13.6,-24.127081,-39.897058
FELIPE RIBEIRO,2024-12-11 09:55:23,283.5,13.7,-24.127028,-39.897671
FELIPE RIBEIRO,2024-12-11 10:20:17,269.6,13.8,-24.112685,-40.000888
FELIPE RIBEIRO,2024-12-11 10:23:43,276.1,14.0,-24.110288,-40.01488
FELIPE RIBEIRO,2024-12-11 10:28:02,281.9,13.7,-24.107345,-40.03245
FELIPE RIBEIRO,2024-12-11 10:39:36,280.3,14.0,-24.099331,-40.079978
FELIPE RIBEIRO,2024-12-11 10:44:48,287.6,13.9,-24.095635,-40.1013
FELIPE RIBEIRO,2024-12-11 10:47:30,280.2,13.8,-24.093748,-40.112498
FELIPE RIBEIRO,2024-12-11 10:47:48,287.0,14.0,-24.09353,-40.113816
FELIPE RIBEIRO,2024-12-11 10:53:40,276.9,13.1,-24.089295,-40.13727
FELIPE RIBEIRO,2024-12-11 10:58:32,278.3,13.7,-24.085466,-40.15686
FELIPE RIBEIRO,2024-12-11 10:59:32,277.7,13.7,-24.08477,-40.160983
FELIPE RIBEIRO,2024-12-11 11:01:15,283.4,13.7,-24.083516,-40.167956
FELIPE RIBEIRO,2024-12-11 11:01:32,288.3,14.0,-24.08328,-40.169181
FELIPE RIBEIRO,2024-12-11 11:02:14,279.8,14.0,-24.082773,-40.172071
FELIPE RIBEIRO,2024-12-11 11:02:32,279.7,13.8,-24.082521,-40.173293
FELIPE RIBEIRO,2024-12-11 11:02:38,290.1,14.0,-24.082403,-40.173693
FELIPE RIBEIRO,2024-12-11 11:03:02,277.1,13.7,-24.082138,-40.175335
FELIPE RIBEIRO,2024-12-11 11:04:15,280.6,13.9,-24.081175,-40.180261
FELIPE RIBEIRO,2024-12-11 11:05:02,287.7,14.1,-24.08052,-40.183561
FELIPE RIBEIRO,2024-12-11 11:05:08,276.3,13.9,-24.08047,-40.18398
FELIPE RIBEIRO,2024-12-11 11:05:14,283.8,13.9,-24.080388,-40.184321
FELIPE RIBEIRO,2024-12-11 11:05:20,281.7,13.9,-24.080323,-40.184811
FELIPE RIBEIRO,2024-12-11 11:05:26,275.7,13.8,-24.080275,-40.185255
FELIPE RIBEIRO,2024-12-11 11:25:48,285.5,13.7,-24.064611,-40.267198
FELIPE RIBEIRO,2024-12-11 11:29:32,283.1,13.8,-24.0618,-40.282133
FELIPE RIBEIRO,2024-12-11 11:32:55,282.6,13.4,-24.059176,-40.29579
FELIPE RIBEIRO,2024-12-11 11:37:16,280.8,13.7,-24.055758,-40.312938
FELIPE RIBEIRO,2024-12-11 11:38:35,282.4,14.0,-24.054686,-40.318413
FELIPE RIBEIRO,2024-12-11 11:43:39,285.2,13.7,-24.050501,-40.338921
FELIPE RIBEIRO,2024-12-11 12:03:38,266.3,13.1,-24.037058,-40.420271
FELIPE RIBEIRO,2024-12-11 12:11:37,258.8,13.0,-24.041061,-40.451356
FELIPE RIBEIRO,2024-12-11 12:25:17,263.7,13.4,-24.050983,-40.504741
FELIPE RIBEIRO,2024-12-11 12:29:58,260.1,13.4,-24.054298,-40.523003
FELIPE RIBEIRO,2024-12-11 12:34:28,255.1,13.3,-24.057625,-40.540738
FELIPE RIBEIRO,2024-12-11 12:34:38,256.5,13.1,-24.057746,-40.5414
FELIPE RIBEIRO,2024-12-11 12:40:07,262.8,13.3,-24.061425,-40.562965
FELIPE RIBEIRO,2024-12-11 12:42:17,257.8,13.0,-24.062928,-40.5715
FELIPE RIBEIRO,2024-12-11 12:48:47,255.8,13.0,-24.067853,-40.596673
FELIPE RIBEIRO,2024-12-11 13:02:48,260.8,12.8,-24.079068,-40.650566
FELIPE RIBEIRO,2024-12-11 13:05:17,254.1,12.9,-24.08113,-40.659988
FELIPE RIBEIRO,2024-12-11 13:06:17,251.2,13.1,-24.082015,-40.663825
FELIPE RIBEIRO,2024-12-11 13:07:17,259.1,12.7,-24.08278,-40.667633
FELIPE RIBEIRO,2024-12-11 13:21:59,253.7,13.2,-24.094873,-40.724658
FELIPE RIBEIRO,2024-12-11 13:50:40,262.6,13.8,-24.11911,-40.8378
FELIPE RIBEIRO,2024-12-11 13:54:40,253.7,13.3,-24.122501,-40.853505
FELIPE RIBEIRO,2024-12-11 14:06:58,270.5,13.6,-24.130255,-40.903678
FELIPE RIBEIRO,2024-12-11 14:28:25,279.7,14.6,-24.127651,-40.993625
FELIPE RIBEIRO,2024-12-11 14:58:10,268.5,13.8,-24.122963,-41.119701
FELIPE RIBEIRO,2024-12-11 14:59:09,265.7,14.1,-24.122855,-41.123856
FELIPE RIBEIRO,2024-12-11 15:05:40,264.2,13.6,-24.122211,-41.151356
FELIPE RIBEIRO,2024-12-11 15:07:35,275.5,13.8,-24.122095,-41.15928
FELIPE RIBEIRO,2024-12-11 15:28:56,269.0,14.0,-24.120323,-41.249813
FELIPE RIBEIRO,2024-12-11 15:29:01,269.7,13.9,-24.120335,-41.25016
FELIPE RIBEIRO,2024-12-11 15:29:50,271.1,13.9,-24.120255,-41.253626
FELIPE RIBEIRO,2024-12-11 15:30:25,268.4,14.2,-24.120218,-41.256196
FELIPE RIBEIRO,2024-12-11 15:31:25,269.7,14.2,-24.12011,-41.260405
FELIPE RIBEIRO,2024-12-11 15:32:56,272.3,13.8,-24.119918,-41.266843
FELIPE RIBEIRO,2024-12-11 15:38:34,271.8,14.4,-24.11955,-41.290806
FELIPE RIBEIRO,2024-12-11 15:40:45,273.5,14.2,-24.119345,-41.300303
FELIPE RIBEIRO,2024-12-11 15:46:52,275.3,13.9,-24.118241,-41.326051
FELIPE RIBEIRO,2024-12-11 16:13:16,272.8,14.1,-24.106985,-41.43938
FELIPE RIBEIRO,2024-12-11 16:16:04,282.5,14.1,-24.105523,-41.451303
FELIPE RIBEIRO,2024-12-11 16:43:03,277.1,14.2,-24.089063,-41.567265
FELIPE RIBEIRO,2024-12-11 16:47:28,279.2,14.0,-24.08636,-41.58587
FELIPE RIBEIRO,2024-12-11 16:50:09,282.7,13.9,-24.084735,-41.597125
FELIPE RIBEIRO,2024-12-11 16:52:27,279.4,13.9,-24.08339,-41.606818
FELIPE RIBEIRO,2024-12-11 16:55:46,279.9,13.7,-24.081285,-41.620281
FELIPE RIBEIRO,2024-12-11 17:01:13,282.2,13.8,-24.077375,-41.642848
FELIPE RIBEIRO,2024-12-11 17:01:24,280.3,13.5,-24.077235,-41.643655
FELIPE RIBEIRO,2024-12-11 17:02:36,279.9,13.6,-24.076416,-41.64826
FELIPE RIBEIRO,2024-12-11 17:02:54,280.8,13.7,-24.07616,-41.649686
FELIPE RIBEIRO,2024-12-11 17:03:13,282.3,13.9,-24.075913,-41.651038
FELIPE RIBEIRO,2024-12-11 17:04:04,284.4,13.5,-24.075245,-41.654403
FELIPE RIBEIRO,2024-12-11 17:04:15,284.2,13.3,-24.075096,-41.655136
FELIPE RIBEIRO,2024-12-11 17:04:51,282.5,13.5,-24.074603,-41.65759
FELIPE RIBEIRO,2024-12-11 17:05:04,282.7,13.3,-24.074455,-41.658395
FELIPE RIBEIRO,2024-12-11 17:05:09,281.1,13.6,-24.074381,-41.658796
FELIPE RIBEIRO,2024-12-11 17:05:12,281.1,13.6,-24.074381,-41.658796
FELIPE RIBEIRO,2024-12-11 17:06:15,279.4,13.5,-24.07354,-41.663108
FELIPE RIBEIRO,2024-12-11 17:06:28,283.1,13.5,-24.073368,-41.663966
FELIPE RIBEIRO,2024-12-11 17:07:09,281.1,13.4,-24.072831,-41.66669
FELIPE RIBEIRO,2024-12-11 17:07:18,283.7,13.5,-24.072715,-41.66714
FELIPE RIBEIRO,2024-12-11 17:07:21,281.1,13.4,-24.072661,-41.66747
FELIPE RIBEIRO,2024-12-11 17:08:20,285.4,13.1,-24.071845,-41.671308
FELIPE RIBEIRO,2024-12-11 17:08:29,284.9,13.3,-24.071713,-41.671891
FELIPE RIBEIRO,2024-12-11 17:08:39,286.2,13.2,-24.071586,-41.672535
FELIPE RIBEIRO,2024-12-11 17:08:48,282.9,13.3,-24.071468,-41.673193
FELIPE RIBEIRO,2024-12-11 17:09:00,281.5,13.3,-24.071335,-41.673911
FELIPE RIBEIRO,2024-12-11 17:09:09,281.0,13.0,-24.071233,-41.6745
FELIPE RIBEIRO,2024-12-11 17:09:20,280.9,13.3,-24.071103,-41.675225
FELIPE RIBEIRO,2024-12-11 17:09:29,284.2,13.2,-24.07099,-41.675813
FELIPE RIBEIRO,2024-12-11 17:09:39,284.7,13.3,-24.070868,-41.676471
FELIPE RIBEIRO,2024-12-11 17:11:39,284.0,13.4,-24.069285,-41.684421
FELIPE RIBEIRO,2024-12-11 17:18:02,284.8,13.2,-24.063583,-41.709125
FELIPE RIBEIRO,2024-12-11 17:24:12,282.6,13.6,-24.058316,-41.733738
FELIPE RIBEIRO,2024-12-11 17:28:21,283.6,12.9,-24.054723,-41.749841
FELIPE RIBEIRO,2024-12-11 17:56:42,286.2,13.2,-24.030998,-41.86048
FELIPE RIBEIRO,2024-12-11 18:03:51,278.9,13.1,-24.025775,-41.888286
FELIPE RIBEIRO,2024-12-11 18:37:40,263.1,13.4,-24.03328,-42.022433
FELIPE RIBEIRO,2024-12-11 19:04:00,263.9,11.7,-24.046836,-42.123311
FELIPE RIBEIRO,2024-12-11 19:20:50,248.9,12.9,-24.057861,-42.185163
FELIPE RIBEIRO,2024-12-11 19:36:50,253.8,13.7,-24.076565,-42.247575
FELIPE RIBEIRO,2024-12-11 19:40:42,255.1,13.6,-24.080948,-42.262906
FELIPE RIBEIRO,2024-12-11 19:43:06,252.7,13.9,-24.083756,-42.272471
FELIPE RIBEIRO,2024-12-11 20:19:04,266.5,13.5,-24.107201,-42.417603
FELIPE RIBEIRO,2024-12-11 20:29:54,270.7,13.1,-24.108416,-42.46093
FELIPE RIBEIRO,2024-12-11 20:44:14,269.2,13.7,-24.108605,-42.519715
FELIPE RIBEIRO,2024-12-11 20:48:22,270.1,13.8,-24.108493,-42.536826
FELIPE RIBEIRO,2024-12-11 20:51:01,272.1,13.6,-24.108443,-42.547916
FELIPE RIBEIRO,2024-12-11 20:56:54,270.8,13.9,-24.10839,-42.572578
FELIPE RIBEIRO,2024-12-11 21:30:04,268.0,14.0,-24.10711,-42.711726
FELIPE RIBEIRO,2024-12-11 22:06:09,275.6,14.7,-24.102333,-42.868905
FELIPE RIBEIRO,2024-12-11 22:10:03,272.7,14.4,-24.10177,-42.885878
FELIPE RIBEIRO,2024-12-11 22:10:58,273.6,14.3,-24.101623,-42.889785
FELIPE RIBEIRO,2024-12-11 22:12:33,273.7,14.5,-24.101381,-42.896905
FELIPE RIBEIRO,2024-12-11 22:18:16,273.7,14.4,-24.100485,-42.921941
FELIPE RIBEIRO,2024-12-11 22:19:04,274.8,14.6,-24.100345,-42.925445
FELIPE RIBEIRO,2024-12-11 22:41:57,272.8,14.5,-24.096716,-43.026611
FELIPE RIBEIRO,2024-12-11 22:47:28,270.8,14.4,-24.095965,-43.0508
FELIPE RIBEIRO,2024-12-11 23:50:09,273.3,14.6,-24.085505,-43.328761
FELIPE RIBEIRO,2024-12-11 23:57:40,276.1,14.8,-24.08401,-43.361888
FELIPE RIBEIRO,2024-12-11 23:58:39,272.4,14.6,-24.083888,-43.366456
FELIPE RIBEIRO,2024-12-12 00:03:03,271.8,14.4,-24.083168,-43.385965
FELIPE RIBEIRO,2024-12-12 00:03:04,271.8,14.4,-24.083168,-43.385965
FELIPE RIBEIRO,2024-12-12 00:11:33,270.3,13.9,-24.082086,-43.422118
FELIPE RIBEIRO,2024-12-12 00:13:39,271.8,13.7,-24.082006,-43.430951
FELIPE RIBEIRO,2024-12-12 00:13:57,268.8,13.8,-24.081976,-43.432141
FELIPE RIBEIRO,2024-12-12 00:15:39,268.4,13.7,-24.081921,-43.439221
FELIPE RIBEIRO,2024-12-12 00:31:20,268.3,14.0,-24.081163,-43.50528
FELIPE RIBEIRO,2024-12-12 00:33:37,268.0,14.1,-24.081036,-43.515046
FELIPE RIBEIRO,2024-12-12 00:34:07,271.9,14.0,-24.081008,-43.517236
FELIPE RIBEIRO,2024-12-12 00:34:19,274.6,14.2,-24.080981,-43.5181
FELIPE RIBEIRO,2024-12-12 00:35:07,273.1,14.1,-24.080948,-43.52144
FELIPE RIBEIRO,2024-12-12 00:35:24,274.3,14.0,-24.080926,-43.522716
FELIPE RIBEIRO,2024-12-12 00:36:07,270.1,13.9,-24.080901,-43.525765
FELIPE RIBEIRO,2024-12-12 00:37:49,270.5,14.1,-24.080808,-43.532898
FELIPE RIBEIRO,2024-12-12 01:36:50,270.4,14.1,-24.082575,-43.78538
FELIPE RIBEIRO,2024-12-12 01:39:14,269.1,14.2,-24.08273,-43.795648
FELIPE RIBEIRO,2024-12-12 01:41:14,266.2,14.1,-24.082891,-43.804165
FELIPE RIBEIRO,2024-12-12 01:41:38,267.4,14.2,-24.082925,-43.805956
FELIPE RIBEIRO,2024-12-12 01:44:56,268.4,14.1,-24.083165,-43.820173
FELIPE RIBEIRO,2024-12-12 01:46:19,269.4,14.2,-24.083275,-43.826133
FELIPE RIBEIRO,2024-12-12 01:46:48,267.0,14.1,-24.083313,-43.828368
FELIPE RIBEIRO,2024-12-12 01:47:07,268.8,14.2,-24.083331,-43.829588
FELIPE RIBEIRO,2024-12-12 01:47:36,268.7,14.2,-24.083381,-43.831756
FELIPE RIBEIRO,2024-12-12 01:47:48,268.9,14.3,-24.083388,-43.832625
FELIPE RIBEIRO,2024-12-12 01:53:37,269.7,14.2,-24.083741,-43.857888
FELIPE RIBEIRO,2024-12-12 01:53:49,270.4,14.2,-24.083743,-43.858741
FELIPE RIBEIRO,2024-12-12 02:07:37,270.3,14.3,-24.084255,-43.918171
FELIPE RIBEIRO,2024-12-12 02:09:01,268.0,14.1,-24.084326,-43.924291
FELIPE RIBEIRO,2024-12-12 02:09:25,268.0,14.3,-24.08435,-43.926031
FELIPE RIBEIRO,2024-12-12 02:09:37,270.9,14.4,-24.084338,-43.926828
FELIPE RIBEIRO,2024-12-12 02:09:48,269.6,14.1,-24.084348,-43.92769
FELIPE RIBEIRO,2024-12-12 02:10:01,268.6,14.2,-24.08436,-43.92857
FELIPE RIBEIRO,2024-12-12 02:10:06,269.5,14.3,-24.08436,-43.929005
FELIPE RIBEIRO,2024-12-12 02:11:38,265.5,14.4,-24.0845,-43.935453
FELIPE RIBEIRO,2024-12-12 02:12:13,267.9,14.1,-24.084533,-43.938091
FELIPE RIBEIRO,2024-12-12 02:45:36,270.2,14.3,-24.087161,-44.08182
FELIPE RIBEIRO,2024-12-12 03:30:12,272.4,14.5,-24.08932,-44.27566
FELIPE RIBEIRO,2024-12-12 03:33:25,271.5,14.5,-24.08916,-44.289808
FELIPE RIBEIRO,2024-12-12 04:21:24,262.7,14.7,-24.094441,-44.50159
FELIPE RIBEIRO,2024-12-12 04:25:55,263.1,14.8,-24.096266,-44.521673
FELIPE RIBEIRO,2024-12-12 04:28:07,261.3,14.9,-24.097205,-44.531346
FELIPE RIBEIRO,2024-12-12 04:30:43,265.1,14.5,-24.098261,-44.542848
FELIPE RIBEIRO,2024-12-12 04:33:02,265.6,14.7,-24.099025,-44.5531
FELIPE RIBEIRO,2024-12-12 05:12:31,272.0,14.6,-24.101686,-44.728843
FELIPE RIBEIRO,2024-12-12 05:14:38,271.4,14.8,-24.101493,-44.73819
FELIPE RIBEIRO,2024-12-12 05:16:56,271.6,14.9,-24.10125,-44.748551
FELIPE RIBEIRO,2024-12-12 05:18:08,269.6,14.9,-24.101155,-44.753886
FELIPE RIBEIRO,2024-12-12 05:20:38,270.2,14.5,-24.100908,-44.765128
FELIPE RIBEIRO,2024-12-12 05:23:56,270.7,14.6,-24.100635,-44.779776
FELIPE RIBEIRO,2024-12-12 05:27:26,269.5,14.9,-24.100523,-44.795425
FELIPE RIBEIRO,2024-12-12 06:51:25,270.1,13.6,-24.115295,-45.15623
FELIPE RIBEIRO,2024-12-12 06:57:36,268.1,13.4,-24.116316,-45.181545
FELIPE RIBEIRO,2024-12-12 06:59:25,270.8,13.4,-24.11664,-45.189046
FELIPE RIBEIRO,2024-12-12 07:10:05,269.9,13.6,-24.118428,-45.23282
FELIPE RIBEIRO,2024-12-12 07:53:45,317.8,13.2,-24.093458,-45.40402
FELIPE RIBEIRO,2024-12-12 08:40:55,355.7,12.6,-23.948328,-45.495436
FELIPE RIBEIRO,2024-12-12 08:43:25,354.9,12.7,-23.939583,-45.495865
FELIPE RIBEIRO,2024-12-12 08:46:25,357.4,12.2,-23.929065,-45.495911
FELIPE RIBEIRO,2024-12-12 09:44:26,63.7,0.7,-23.903235,-45.543098
FELIPE RIBEIRO,2024-12-12 09:53:16,26.4,0.6,-23.901338,-45.542825
FELIPE RIBEIRO,2024-12-12 10:03:36,5.5,0.8,-23.89926,-45.54256
FELIPE RIBEIRO,2024-12-12 10:33:06,91.8,5.3,-23.892208,-45.530373
FELIPE RIBEIRO,2024-12-12 10:35:26,83.9,5.7,-23.892126,-45.5265
FELIPE RIBEIRO,2024-12-12 10:36:36,86.0,5.8,-23.8921,-45.524463
FELIPE RIBEIRO,2024-12-12 10:37:56,87.1,6.2,-23.892075,-45.522016
FELIPE RIBEIRO,2024-12-12 10:39:56,87.4,6.2,-23.891998,-45.518351
FELIPE RIBEIRO,2024-12-12 10:50:14,110.5,6.1,-23.892345,-45.498278
FELIPE RIBEIRO,2024-12-12 11:04:01,346.1,5.6,-23.902541,-45.497863
FELIPE RIBEIRO,2024-12-12 11:05:25,28.7,6.0,-23.900501,-45.497311
FELIPE RIBEIRO,2024-12-12 11:08:26,48.9,10.0,-23.895468,-45.49239
FELIPE RIBEIRO,2024-12-12 11:11:06,65.6,12.0,-23.891288,-45.48465
FELIPE RIBEIRO,2024-12-12 11:38:06,50.6,9.7,-23.837786,-45.413788
FELIPE RIBEIRO,2024-12-12 11:43:26,53.7,9.0,-23.829195,-45.401925
FELIPE RIBEIRO,2024-12-12 12:17:06,12.8,7.5,-23.754415,-45.356633
FELIPE RIBEIRO,2024-12-12 12:17:24,13.1,7.3,-23.753773,-45.356485
FELIPE RIBEIRO,2024-12-12 12:18:44,14.3,6.5,-23.751286,-45.355821
FELIPE RIBEIRO,2024-12-12 12:19:56,13.9,6.0,-23.749345,-45.355296
FELIPE RIBEIRO,2024-12-12 12:20:15,13.5,5.8,-23.748783,-45.355153
FELIPE RIBEIRO,2024-12-12 12:20:55,11.2,5.5,-23.747748,-45.354928
FELIPE RIBEIRO,2024-12-12 12:22:16,359.3,4.9,-23.745843,-45.354686
FELIPE RIBEIRO,2024-12-12 12:22:44,358.4,4.7,-23.745171,-45.35468
FELIPE RIBEIRO,2024-12-12 12:23:15,354.9,4.6,-23.744516,-45.354726
FELIPE RIBEIRO,2024-12-12 12:23:44,355.2,4.5,-23.743893,-45.354796
FELIPE RIBEIRO,2024-12-12 12:24:06,354.9,4.4,-23.743461,-45.35483
FELIPE RIBEIRO,2024-12-12 12:32:31,189.4,0.7,-23.734573,-45.355961
FELIPE RIBEIRO,2024-12-12 12:32:46,352.9,2.1,-23.734805,-45.355858
FELIPE RIBEIRO,2024-12-12 12:33:04,354.0,1.6,-23.73465,-45.355871
FELIPE RIBEIRO,2024-12-12 12:34:35,150.3,0.6,-23.734961,-45.355838
FELIPE RIBEIRO,2024-12-12 12:34:46,189.4,0.7,-23.734573,-45.355961
FELIPE RIBEIRO,2024-12-12 14:45:11,212.1,0.4,-23.731998,-45.358275
FELIPE RIBEIRO,2024-12-13 11:18:12,129.6,0.0,-23.7356,-45.35822
FELIPE RIBEIRO,2024-12-13 12:09:11,103.6,0.0,-23.73526,-45.35862
FELIPE RIBEIRO,2024-12-13 16:03:10,133.8,0.1,-23.735615,-45.35858
FELIPE RIBEIRO,2024-12-13 17:45:11,142.1,0.0,-23.735771,-45.358438
FELIPE RIBEIRO,2024-12-13 18:12:12,296.1,0.1,-23.735728,-45.358491
FELIPE RIBEIRO,2024-12-13 20:12:11,36.5,0.1,-23.735663,-45.35858
FELIPE RIBEIRO,2024-12-14 03:18:12,180.6,0.0,-23.735828,-45.358296
FELIPE RIBEIRO,2024-12-14 04:06:12,264.3,0.0,-23.735938,-45.358191
FELIPE RIBEIRO,2024-12-14 08:30:11,286.6,0.1,-23.736208,-45.357411
FELIPE RIBEIRO,2024-12-14 13:06:11,305.1,0.1,-23.736295,-45.357296
FELIPE RIBEIRO,2024-12-15 08:45:12,76.5,0.0,-23.736353,-45.35701
FELIPE RIBEIRO,2024-12-15 11:30:02,184.0,2.3,-23.73551,-45.355836
FELIPE RIBEIRO,2024-12-15 11:39:42,197.0,9.3,-23.752333,-45.361631
FELIPE RIBEIRO,2024-12-15 11:40:02,196.4,9.4,-23.753158,-45.361891
FELIPE RIBEIRO,2024-12-15 11:40:31,197.0,9.4,-23.754368,-45.362273
FELIPE RIBEIRO,2024-12-15 11:44:02,199.8,9.2,-23.763175,-45.365391
FELIPE RIBEIRO,2024-12-15 11:44:31,198.9,9.2,-23.764313,-45.365806
FELIPE RIBEIRO,2024-12-15 11:46:02,199.9,9.2,-23.768038,-45.367181
FELIPE RIBEIRO,2024-12-15 11:46:31,199.0,9.2,-23.769148,-45.367615
FELIPE RIBEIRO,2024-12-15 11:48:11,197.1,9.0,-23.773138,-45.369173
FELIPE RIBEIRO,2024-12-15 11:53:32,191.3,8.1,-23.78575,-45.372768
FELIPE RIBEIRO,2024-12-15 11:56:32,195.5,7.1,-23.79182,-45.374513
FELIPE RIBEIRO,2024-12-15 12:34:32,273.6,0.3,-23.809668,-45.387625
FELIPE RIBEIRO,2024-12-15 12:35:32,272.1,0.3,-23.809676,-45.387713
FELIPE RIBEIRO,2024-12-15 12:35:43,271.2,0.3,-23.809676,-45.387728
FELIPE RIBEIRO,2024-12-15 12:35:53,271.3,0.3,-23.809675,-45.387745
FELIPE RIBEIRO,2024-12-15 12:40:32,35.6,0.2,-23.80964,-45.387816
FELIPE RIBEIRO,2024-12-16 02:12:06,184.2,0.0,-23.809618,-45.387746
FELIPE RIBEIRO,2024-12-17 02:04:25,23.6,10.6,-23.796383,-45.378731
FELIPE RIBEIRO,2024-12-17 02:06:35,23.8,11.9,-23.790125,-45.375741
FELIPE RIBEIRO,2024-12-17 09:01:23,213.0,0.0,-23.740176,-45.361051
FELIPE RIBEIRO,2024-12-17 10:13:24,122.7,0.1,-23.740246,-45.36079
FELIPE RIBEIRO,2024-12-17 14:25:24,93.6,0.1,-23.740076,-45.360613
FELIPE RIBEIRO,2024-12-17 17:01:22,151.1,0.0,-23.740113,-45.360563
FELIPE RIBEIRO,2024-12-17 21:52:24,126.5,0.1,-23.739468,-45.360153
FELIPE RIBEIRO,2024-12-17 23:46:24,335.4,0.1,-23.739551,-45.36011
FELIPE RIBEIRO,2024-12-17 23:49:24,123.7,0.1,-23.739521,-45.360041
FELIPE RIBEIRO,2024-12-18 20:25:23,126.3,0.0,-23.743193,-45.363138
FELIPE RIBEIRO,2024-12-18 22:43:24,108.5,0.1,-23.744133,-45.36162
FELIPE RIBEIRO,2024-12-19 03:31:23,267.3,0.0,-23.744035,-45.362398
FELIPE RIBEIRO,2024-12-19 12:19:23,85.1,0.0,-23.744415,-45.36191
FELIPE RIBEIRO,2024-12-19 14:37:23,72.4,0.1,-23.744558,-45.361828
FELIPE RIBEIRO,2024-12-19 17:25:23,286.4,0.0,-23.744756,-45.362215
FELIPE RIBEIRO,2024-12-19 19:13:24,110.3,0.2,-23.744721,-45.362455
FELIPE RIBEIRO,2024-12-19 19:56:10,52.1,1.9,-23.744136,-45.361155
FELIPE RIBEIRO,2024-12-22 01:11:11,170.1,0.0,-23.809673,-45.387778
FELIPE RIBEIRO,2024-12-22 16:11:12,293.8,0.0,-23.80958,-45.387786
FELIPE RIBEIRO,2024-12-23 04:41:12,292.0,0.0,-23.809631,-45.387781
FELIPE RIBEIRO,2024-12-23 21:07:59,218.5,1.2,-23.811323,-45.383626
FELIPE RIBEIRO,2024-12-23 22:22:08,176.1,11.3,-23.946376,-45.484975
FELIPE RIBEIRO,2024-12-23 22:25:18,177.1,11.7,-23.956478,-45.484308
FELIPE RIBEIRO,2024-12-23 22:34:38,137.6,10.6,-23.986288,-45.480556
FELIPE RIBEIRO,2024-12-23 22:57:27,123.6,12.1,-24.02509,-45.414883
FELIPE RIBEIRO,2024-12-23 23:23:18,122.1,12.2,-24.074766,-45.335378
FELIPE RIBEIRO,2024-12-23 23:26:18,115.3,12.2,-24.079718,-45.325671
FELIPE RIBEIRO,2024-12-24 00:12:28,87.5,12.9,-24.085355,-45.150301
FELIPE RIBEIRO,2024-12-24 00:14:57,87.6,12.8,-24.085251,-45.14058
FELIPE RIBEIRO,2024-12-24 00:16:17,89.6,12.8,-24.085198,-45.135405
FELIPE RIBEIRO,2024-12-24 00:20:27,91.5,12.8,-24.085156,-45.119241
FELIPE RIBEIRO,2024-12-24 00:40:58,90.4,12.7,-24.084395,-45.039961
FELIPE RIBEIRO,2024-12-24 00:41:37,90.6,12.7,-24.08441,-45.037531
FELIPE RIBEIRO,2024-12-24 00:41:58,90.4,12.6,-24.084438,-45.036178
FELIPE RIBEIRO,2024-12-24 00:42:07,89.4,12.7,-24.084451,-45.035601
FELIPE RIBEIRO,2024-12-24 00:42:37,92.0,12.6,-24.084473,-45.033685
FELIPE RIBEIRO,2024-12-24 00:43:37,90.4,12.7,-24.084493,-45.029851
FELIPE RIBEIRO,2024-12-24 00:43:57,90.8,12.7,-24.084513,-45.028506
FELIPE RIBEIRO,2024-12-24 00:44:07,90.6,12.7,-24.08452,-45.027861
FELIPE RIBEIRO,2024-12-24 00:44:57,90.2,12.7,-24.084568,-45.02472
FELIPE RIBEIRO,2024-12-24 00:45:37,90.4,12.6,-24.084596,-45.022071
FELIPE RIBEIRO,2024-12-24 00:45:47,90.3,12.6,-24.08461,-45.021431
FELIPE RIBEIRO,2024-12-24 00:46:38,90.3,12.7,-24.084685,-45.018165
FELIPE RIBEIRO,2024-12-24 00:48:47,89.9,12.6,-24.084858,-45.00997
FELIPE RIBEIRO,2024-12-24 00:49:16,91.2,12.6,-24.08492,-45.008036
FELIPE RIBEIRO,2024-12-24 00:49:28,91.3,12.6,-24.084938,-45.007288
FELIPE RIBEIRO,2024-12-24 00:50:06,93.4,12.5,-24.084995,-45.00486
FELIPE RIBEIRO,2024-12-24 01:02:59,93.7,12.5,-24.085933,-44.955893
FELIPE RIBEIRO,2024-12-24 01:07:39,89.9,12.4,-24.086308,-44.938255
FELIPE RIBEIRO,2024-12-24 01:12:47,93.7,12.4,-24.086993,-44.91888
FELIPE RIBEIRO,2024-12-24 01:57:49,92.2,11.8,-24.092273,-44.755511
FELIPE RIBEIRO,2024-12-24 02:00:37,89.5,11.7,-24.092003,-44.745496
FELIPE RIBEIRO,2024-12-24 02:23:38,84.8,11.8,-24.089455,-44.663935
FELIPE RIBEIRO,2024-12-24 02:51:37,85.9,11.8,-24.087453,-44.563698
FELIPE RIBEIRO,2024-12-24 02:55:37,86.3,11.9,-24.087056,-44.549366
FELIPE RIBEIRO,2024-12-24 03:40:17,90.5,12.4,-24.083383,-44.38442
FELIPE RIBEIRO,2024-12-24 03:42:57,90.5,12.3,-24.08341,-44.374496
FELIPE RIBEIRO,2024-12-24 03:45:27,87.0,12.4,-24.08347,-44.365075
FELIPE RIBEIRO,2024-12-24 03:46:48,88.3,12.3,-24.083566,-44.36007
FELIPE RIBEIRO,2024-12-24 04:22:09,96.1,12.5,-24.091076,-44.226923
FELIPE RIBEIRO,2024-12-24 04:52:47,92.4,12.6,-24.097591,-44.110453
FELIPE RIBEIRO,2024-12-24 04:55:47,91.7,12.6,-24.09812,-44.098893
FELIPE RIBEIRO,2024-12-24 04:58:17,92.3,12.8,-24.098631,-44.089233
FELIPE RIBEIRO,2024-12-24 05:25:29,91.5,12.7,-24.098726,-43.983936
FELIPE RIBEIRO,2024-12-24 05:27:37,89.1,12.6,-24.098683,-43.975645
FELIPE RIBEIRO,2024-12-24 05:28:17,92.0,12.7,-24.098711,-43.973066
FELIPE RIBEIRO,2024-12-24 05:32:58,86.1,12.6,-24.098791,-43.95506
FELIPE RIBEIRO,2024-12-24 05:33:58,88.1,12.6,-24.098793,-43.951331
FELIPE RIBEIRO,2024-12-24 06:03:37,86.6,12.4,-24.095506,-43.839173
FELIPE RIBEIRO,2024-12-24 06:05:49,87.6,12.4,-24.095135,-43.83089
FELIPE RIBEIRO,2024-12-24 06:08:17,83.7,12.5,-24.09478,-43.821503
FELIPE RIBEIRO,2024-12-24 06:22:18,86.8,12.4,-24.092473,-43.769098
FELIPE RIBEIRO,2024-12-24 06:25:18,90.3,12.2,-24.092525,-43.757861
FELIPE RIBEIRO,2024-12-24 06:34:08,89.3,12.3,-24.092735,-43.72493
FELIPE RIBEIRO,2024-12-24 06:38:48,90.6,12.3,-24.092828,-43.707488
FELIPE RIBEIRO,2024-12-24 06:44:27,89.9,12.3,-24.092798,-43.686415
FELIPE RIBEIRO,2024-12-24 07:09:59,91.4,12.4,-24.092786,-43.590435
FELIPE RIBEIRO,2024-12-24 07:14:29,89.4,12.5,-24.09283,-43.573536
FELIPE RIBEIRO,2024-12-24 07:17:59,90.3,12.4,-24.092793,-43.56031
FELIPE RIBEIRO,2024-12-24 07:19:09,89.7,12.5,-24.092781,-43.555825
FELIPE RIBEIRO,2024-12-24 07:21:19,92.7,12.6,-24.092856,-43.547641
FELIPE RIBEIRO,2024-12-24 07:40:47,88.9,12.6,-24.092495,-43.473536
FELIPE RIBEIRO,2024-12-24 08:05:39,86.6,12.7,-24.091396,-43.37825
FELIPE RIBEIRO,2024-12-24 08:08:09,88.6,12.7,-24.091166,-43.368633
FELIPE RIBEIRO,2024-12-24 08:25:49,91.1,12.8,-24.089745,-43.300631
FELIPE RIBEIRO,2024-12-24 08:59:38,90.2,12.9,-24.094851,-43.169748
FELIPE RIBEIRO,2024-12-24 09:00:49,90.8,13.0,-24.09488,-43.165171
FELIPE RIBEIRO,2024-12-24 09:02:59,88.3,13.0,-24.094943,-43.156651
FELIPE RIBEIRO,2024-12-24 09:05:09,91.1,13.1,-24.095026,-43.148198
FELIPE RIBEIRO,2024-12-24 09:07:18,90.4,13.0,-24.095068,-43.13966
FELIPE RIBEIRO,2024-12-24 09:33:37,88.3,13.3,-24.094998,-43.034356
FELIPE RIBEIRO,2024-12-24 09:47:39,87.3,13.4,-24.09444,-42.977738
FELIPE RIBEIRO,2024-12-24 09:55:09,88.1,13.7,-24.09386,-42.9469
FELIPE RIBEIRO,2024-12-24 10:10:58,91.5,13.9,-24.09373,-42.880828
FELIPE RIBEIRO,2024-12-24 10:41:01,90.6,13.8,-24.094086,-42.754451
FELIPE RIBEIRO,2024-12-24 10:44:12,90.3,13.8,-24.094141,-42.741156
FELIPE RIBEIRO,2024-12-24 10:45:20,91.6,13.8,-24.094138,-42.736335
FELIPE RIBEIRO,2024-12-24 10:54:22,90.7,13.7,-24.094158,-42.698618
FELIPE RIBEIRO,2024-12-24 10:57:20,89.9,13.7,-24.094323,-42.686145
FELIPE RIBEIRO,2024-12-24 11:02:10,90.2,13.7,-24.094391,-42.66594
FELIPE RIBEIRO,2024-12-24 11:07:16,89.6,13.6,-24.094148,-42.644735
FELIPE RIBEIRO,2024-12-24 11:14:56,91.4,13.6,-24.094105,-42.612871
FELIPE RIBEIRO,2024-12-24 11:15:56,90.8,13.7,-24.094108,-42.608658
FELIPE RIBEIRO,2024-12-24 11:19:06,89.8,13.6,-24.094143,-42.595523
FELIPE RIBEIRO,2024-12-24 11:19:17,89.2,13.7,-24.094143,-42.594833
FELIPE RIBEIRO,2024-12-24 11:19:26,88.8,13.7,-24.094145,-42.594141
FELIPE RIBEIRO,2024-12-24 11:19:35,91.4,13.6,-24.094161,-42.593593
FELIPE RIBEIRO,2024-12-24 11:20:27,88.4,13.7,-24.094155,-42.589998
FELIPE RIBEIRO,2024-12-24 11:21:17,89.2,13.7,-24.094158,-42.58653
FELIPE RIBEIRO,2024-12-24 11:24:17,91.0,13.7,-24.094141,-42.574075
FELIPE RIBEIRO,2024-12-24 11:27:17,90.4,13.7,-24.09414,-42.56159
FELIPE RIBEIRO,2024-12-24 11:29:27,90.1,13.7,-24.094205,-42.552686
FELIPE RIBEIRO,2024-12-24 11:32:27,90.5,13.5,-24.094338,-42.5403
FELIPE RIBEIRO,2024-12-24 11:34:06,89.7,13.7,-24.094371,-42.533468
FELIPE RIBEIRO,2024-12-24 11:56:06,91.4,13.5,-24.09487,-42.44306
FELIPE RIBEIRO,2024-12-24 11:58:16,91.9,13.5,-24.095003,-42.434193
FELIPE RIBEIRO,2024-12-24 12:25:16,81.9,13.4,-24.091645,-42.324593
FELIPE RIBEIRO,2024-12-24 12:29:35,89.0,13.4,-24.09048,-42.307071
FELIPE RIBEIRO,2024-12-24 12:32:26,86.3,13.4,-24.09001,-42.295563
FELIPE RIBEIRO,2024-12-24 12:43:27,90.4,13.3,-24.090611,-42.250706
FELIPE RIBEIRO,2024-12-24 12:45:57,91.2,13.5,-24.090796,-42.240588
FELIPE RIBEIRO,2024-12-24 12:47:56,88.8,13.4,-24.090908,-42.232381
FELIPE RIBEIRO,2024-12-24 12:48:27,88.4,13.4,-24.090911,-42.230323
FELIPE RIBEIRO,2024-12-24 12:48:56,91.5,13.4,-24.090926,-42.228283
FELIPE RIBEIRO,2024-12-24 12:49:16,86.6,13.4,-24.090936,-42.226988
FELIPE RIBEIRO,2024-12-24 12:49:27,87.5,13.3,-24.090945,-42.226181
FELIPE RIBEIRO,2024-12-24 12:50:16,88.7,13.3,-24.090966,-42.222876
FELIPE RIBEIRO,2024-12-24 12:50:27,90.3,13.4,-24.090968,-42.2222
FELIPE RIBEIRO,2024-12-24 12:50:36,90.3,13.4,-24.090966,-42.221591
FELIPE RIBEIRO,2024-12-24 12:51:26,90.4,13.4,-24.090958,-42.218195
FELIPE RIBEIRO,2024-12-24 12:51:36,90.3,13.4,-24.090951,-42.217445
FELIPE RIBEIRO,2024-12-24 12:52:46,89.8,13.4,-24.090901,-42.212773
FELIPE RIBEIRO,2024-12-24 13:00:17,88.8,13.5,-24.090621,-42.182131
FELIPE RIBEIRO,2024-12-24 13:03:17,90.9,13.5,-24.090553,-42.169913
FELIPE RIBEIRO,2024-12-24 13:05:26,91.1,13.4,-24.090451,-42.161183
FELIPE RIBEIRO,2024-12-24 13:08:07,88.3,13.3,-24.090251,-42.15026
FELIPE RIBEIRO,2024-12-24 13:08:36,89.1,13.3,-24.090221,-42.148293
FELIPE RIBEIRO,2024-12-24 13:11:07,92.6,13.4,-24.090055,-42.138156
FELIPE RIBEIRO,2024-12-24 13:15:36,88.4,13.3,-24.089786,-42.119955
FELIPE RIBEIRO,2024-12-24 13:37:06,81.0,13.4,-24.079598,-42.03421
FELIPE RIBEIRO,2024-12-24 14:13:17,83.3,13.5,-24.063086,-41.887046
FELIPE RIBEIRO,2024-12-24 14:18:07,87.2,13.1,-24.061751,-41.867558
FELIPE RIBEIRO,2024-12-24 14:29:25,91.4,12.8,-24.06224,-41.82314
FELIPE RIBEIRO,2024-12-24 14:47:27,96.0,12.3,-24.066193,-41.754341
FELIPE RIBEIRO,2024-12-24 14:51:47,99.0,12.2,-24.067413,-41.738268
FELIPE RIBEIRO,2024-12-24 14:56:37,97.8,12.0,-24.068915,-41.720558
FELIPE RIBEIRO,2024-12-24 15:19:47,98.4,11.5,-24.07809,-41.638798
FELIPE RIBEIRO,2024-12-24 15:22:37,94.0,11.3,-24.083576,-41.601185
FELIPE RIBEIRO,2024-12-24 15:23:08,98.7,11.4,-24.083856,-41.599428
FELIPE RIBEIRO,2024-12-24 15:24:27,97.6,11.3,-24.080358,-41.622731
FELIPE RIBEIRO,2024-12-24 15:25:37,102.2,11.4,-24.085163,-41.590995
FELIPE RIBEIRO,2024-12-24 15:28:07,97.6,11.3,-24.082198,-41.61024
FELIPE RIBEIRO,2024-12-24 15:55:36,99.6,11.4,-24.095871,-41.51704
FELIPE RIBEIRO,2024-12-24 16:09:17,96.9,11.5,-24.102601,-41.469801
FELIPE RIBEIRO,2024-12-24 16:12:46,97.8,11.5,-24.104098,-41.457658
FELIPE RIBEIRO,2024-12-24 16:13:56,100.0,11.6,-24.104601,-41.453603
FELIPE RIBEIRO,2024-12-24 16:30:36,96.9,11.7,-24.11153,-41.395045
FELIPE RIBEIRO,2024-12-24 16:43:57,88.3,12.0,-24.114225,-41.347226
FELIPE RIBEIRO,2024-12-24 17:02:14,91.0,12.2,-24.113085,-41.280265
FELIPE RIBEIRO,2024-12-24 17:02:23,89.3,12.2,-24.113066,-41.279708
FELIPE RIBEIRO,2024-12-24 17:02:34,88.2,12.2,-24.113048,-41.279021
FELIPE RIBEIRO,2024-12-24 17:03:34,89.0,12.2,-24.11298,-41.275301
FELIPE RIBEIRO,2024-12-24 17:04:04,88.1,12.2,-24.112938,-41.27344
FELIPE RIBEIRO,2024-12-24 17:04:23,90.6,12.2,-24.112908,-41.272263
FELIPE RIBEIRO,2024-12-24 17:04:34,90.0,12.3,-24.11289,-41.271583
FELIPE RIBEIRO,2024-12-24 17:05:04,88.2,12.2,-24.112858,-41.269676
FELIPE RIBEIRO,2024-12-24 17:05:14,87.8,12.2,-24.112851,-41.269058
FELIPE RIBEIRO,2024-12-24 17:06:04,89.0,12.4,-24.112775,-41.266015
FELIPE RIBEIRO,2024-12-24 17:06:23,89.5,12.2,-24.11274,-41.264833
FELIPE RIBEIRO,2024-12-24 17:06:54,84.9,12.3,-24.112693,-41.262836
FELIPE RIBEIRO,2024-12-24 17:08:54,88.6,12.3,-24.112506,-41.255475
FELIPE RIBEIRO,2024-12-24 17:10:34,89.1,12.3,-24.11246,-41.249201
FELIPE RIBEIRO,2024-12-24 17:10:44,89.8,12.3,-24.112451,-41.248591
FELIPE RIBEIRO,2024-12-24 17:11:44,87.8,12.3,-24.112395,-41.244863
FELIPE RIBEIRO,2024-12-24 17:49:06,91.2,12.8,-24.11029,-41.102976
FELIPE RIBEIRO,2024-12-24 17:51:56,93.4,12.8,-24.11034,-41.092056
FELIPE RIBEIRO,2024-12-24 17:55:27,90.4,12.8,-24.11046,-41.078336
FELIPE RIBEIRO,2024-12-24 17:56:26,86.9,12.8,-24.110456,-41.074441
FELIPE RIBEIRO,2024-12-24 17:57:37,87.6,12.9,-24.11044,-41.069885
FELIPE RIBEIRO,2024-12-24 17:59:35,88.4,13.0,-24.11037,-41.06213
FELIPE RIBEIRO,2024-12-24 18:00:46,90.3,12.9,-24.110335,-41.057558
FELIPE RIBEIRO,2024-12-24 18:24:47,88.2,13.0,-24.109675,-40.962761
FELIPE RIBEIRO,2024-12-24 18:29:27,90.7,13.0,-24.109683,-40.94421
FELIPE RIBEIRO,2024-12-24 19:39:05,88.8,13.1,-24.109798,-40.670405
FELIPE RIBEIRO,2024-12-24 19:41:45,89.3,13.1,-24.10972,-40.6598
FELIPE RIBEIRO,2024-12-24 19:41:46,89.3,13.1,-24.10972,-40.6598
FELIPE RIBEIRO,2024-12-24 19:45:17,88.4,13.2,-24.1096,-40.645765
FELIPE RIBEIRO,2024-12-24 19:47:46,91.8,13.1,-24.109545,-40.635755
FELIPE RIBEIRO,2024-12-24 20:10:57,91.0,13.2,-24.108256,-40.54275
FELIPE RIBEIRO,2024-12-24 20:13:06,88.7,13.3,-24.108353,-40.53411
FELIPE RIBEIRO,2024-12-24 21:22:27,92.8,13.0,-24.115805,-40.257051
FELIPE RIBEIRO,2024-12-24 21:22:56,95.2,13.1,-24.115933,-40.255135
FELIPE RIBEIRO,2024-12-24 21:25:26,94.2,13.2,-24.116561,-40.245193
FELIPE RIBEIRO,2024-12-24 21:35:36,94.3,13.0,-24.119186,-40.205061
FELIPE RIBEIRO,2024-12-24 22:24:16,89.4,12.9,-24.12243,-40.014558
FELIPE RIBEIRO,2024-12-24 22:26:27,88.4,12.9,-24.122323,-40.005948
FELIPE RIBEIRO,2024-12-24 22:29:06,88.5,12.9,-24.122186,-39.995603
FELIPE RIBEIRO,2024-12-24 23:07:27,86.5,12.7,-24.119148,-39.847666
FELIPE RIBEIRO,2024-12-24 23:11:16,86.3,12.8,-24.118743,-39.832875
FELIPE RIBEIRO,2024-12-24 23:13:25,89.9,12.8,-24.118468,-39.824573
FELIPE RIBEIRO,2024-12-24 23:15:56,89.5,12.6,-24.118123,-39.815
FELIPE RIBEIRO,2024-12-24 23:19:06,85.9,12.6,-24.117763,-39.802736
FELIPE RIBEIRO,2024-12-24 23:22:27,89.6,12.7,-24.117383,-39.789903
FELIPE RIBEIRO,2024-12-25 00:04:06,93.2,12.5,-24.113355,-39.629766
FELIPE RIBEIRO,2024-12-25 00:07:37,91.6,12.6,-24.113493,-39.616386
FELIPE RIBEIRO,2024-12-25 00:10:37,87.3,12.5,-24.113515,-39.604951
FELIPE RIBEIRO,2024-12-25 00:13:07,91.2,12.5,-24.11356,-39.595501
FELIPE RIBEIRO,2024-12-25 00:13:15,89.1,12.6,-24.113543,-39.594863
FELIPE RIBEIRO,2024-12-25 00:14:15,90.5,12.4,-24.113566,-39.591083
FELIPE RIBEIRO,2024-12-25 00:14:57,90.7,12.5,-24.113576,-39.58849
FELIPE RIBEIRO,2024-12-25 00:15:36,90.3,12.4,-24.113595,-39.586008
FELIPE RIBEIRO,2024-12-25 00:15:46,88.9,12.5,-24.113598,-39.585386
FELIPE RIBEIRO,2024-12-25 00:16:26,90.9,12.5,-24.113588,-39.58291
FELIPE RIBEIRO,2024-12-25 00:16:36,89.6,12.5,-24.11359,-39.58221
FELIPE RIBEIRO,2024-12-25 00:17:46,89.8,12.5,-24.11364,-39.57787
FELIPE RIBEIRO,2024-12-25 00:27:06,89.9,12.3,-24.114128,-39.542678
FELIPE RIBEIRO,2024-12-25 00:28:46,92.5,12.3,-24.114263,-39.536475
FELIPE RIBEIRO,2024-12-25 00:29:06,90.4,12.3,-24.11427,-39.535255
FELIPE RIBEIRO,2024-12-25 00:30:06,95.2,12.3,-24.114378,-39.531568
FELIPE RIBEIRO,2024-12-25 00:30:15,91.3,12.3,-24.11438,-39.531005
FELIPE RIBEIRO,2024-12-25 00:30:46,91.3,12.3,-24.114428,-39.529001
FELIPE RIBEIRO,2024-12-25 00:34:16,94.7,12.3,-24.114725,-39.515961
FELIPE RIBEIRO,2024-12-25 00:37:06,90.5,12.4,-24.114898,-39.505436
FELIPE RIBEIRO,2024-12-25 00:55:56,89.1,12.3,-24.115328,-39.435173
FELIPE RIBEIRO,2024-12-25 00:58:56,91.9,12.3,-24.11535,-39.42405
FELIPE RIBEIRO,2024-12-25 00:59:26,90.6,12.3,-24.115373,-39.422113
FELIPE RIBEIRO,2024-12-25 01:01:26,90.9,12.4,-24.115356,-39.414648
FELIPE RIBEIRO,2024-12-25 01:03:06,91.0,12.3,-24.11542,-39.408421
FELIPE RIBEIRO,2024-12-25 01:05:36,88.3,12.4,-24.11551,-39.39912
FELIPE RIBEIRO,2024-12-25 01:46:16,89.9,12.4,-24.117646,-39.245526
FELIPE RIBEIRO,2024-12-25 01:49:15,91.5,12.4,-24.117741,-39.234158
FELIPE RIBEIRO,2024-12-25 01:50:06,94.0,12.5,-24.11779,-39.231005
FELIPE RIBEIRO,2024-12-25 01:51:06,88.6,12.5,-24.117823,-39.227253
FELIPE RIBEIRO,2024-12-25 01:52:06,89.1,12.6,-24.117853,-39.223433
FELIPE RIBEIRO,2024-12-25 01:53:06,91.9,12.5,-24.117915,-39.219573
FELIPE RIBEIRO,2024-12-25 01:53:56,92.7,12.5,-24.117973,-39.216446
FELIPE RIBEIRO,2024-12-25 01:55:16,88.9,12.6,-24.118048,-39.21134
FELIPE RIBEIRO,2024-12-25 01:57:17,91.2,12.6,-24.118191,-39.203795
FELIPE RIBEIRO,2024-12-25 02:36:47,91.6,12.5,-24.121441,-39.05335
FELIPE RIBEIRO,2024-12-25 02:46:47,91.3,12.6,-24.122028,-39.015198
FELIPE RIBEIRO,2024-12-25 02:48:47,89.8,12.6,-24.12213,-39.007586
FELIPE RIBEIRO,2024-12-25 03:40:57,91.3,12.9,-24.128465,-38.805163
FELIPE RIBEIRO,2024-12-25 03:58:36,92.3,13.1,-24.129993,-38.735843
FELIPE RIBEIRO,2024-12-25 04:00:57,91.8,13.0,-24.130221,-38.726421
FELIPE RIBEIRO,2024-12-25 04:22:26,91.2,13.0,-24.131255,-38.641583
FELIPE RIBEIRO,2024-12-25 04:27:56,87.8,12.9,-24.131621,-38.619845
FELIPE RIBEIRO,2024-12-25 04:31:38,93.6,13.0,-24.131898,-38.605395
FELIPE RIBEIRO,2024-12-25 04:33:06,91.4,13.1,-24.13204,-38.59948
FELIPE RIBEIRO,2024-12-25 04:35:17,89.4,12.9,-24.132243,-38.590901
FELIPE RIBEIRO,2024-12-25 04:55:37,92.3,13.2,-24.13306,-38.509845
FELIPE RIBEIRO,2024-12-25 05:00:36,91.7,13.3,-24.133116,-38.489566
FELIPE RIBEIRO,2024-12-25 05:04:37,89.4,13.1,-24.133246,-38.473426
FELIPE RIBEIRO,2024-12-25 05:07:07,90.6,13.3,-24.133296,-38.463385
FELIPE RIBEIRO,2024-12-25 05:09:17,91.5,13.2,-24.133275,-38.454665
FELIPE RIBEIRO,2024-12-25 05:24:56,88.1,13.1,-24.133228,-38.391545
FELIPE RIBEIRO,2024-12-25 05:27:05,90.2,13.1,-24.13329,-38.382931
FELIPE RIBEIRO,2024-12-25 05:33:57,90.6,13.3,-24.133311,-38.355291
FELIPE RIBEIRO,2024-12-25 05:36:57,90.4,13.3,-24.133223,-38.34316
FELIPE RIBEIRO,2024-12-25 05:40:26,90.5,13.3,-24.133163,-38.329061
FELIPE RIBEIRO,2024-12-25 05:43:07,89.1,13.3,-24.133066,-38.318203
FELIPE RIBEIRO,2024-12-25 05:45:16,90.4,13.3,-24.13307,-38.309415
FELIPE RIBEIRO,2024-12-25 06:11:46,92.4,13.4,-24.134015,-38.202415
FELIPE RIBEIRO,2024-12-25 06:14:46,91.9,13.4,-24.134163,-38.19033
FELIPE RIBEIRO,2024-12-25 06:15:07,91.3,13.3,-24.134175,-38.188911
FELIPE RIBEIRO,2024-12-25 06:17:06,90.2,13.4,-24.134303,-38.180726
FELIPE RIBEIRO,2024-12-25 06:18:27,92.5,13.5,-24.134431,-38.175363
FELIPE RIBEIRO,2024-12-25 06:23:06,91.4,13.5,-24.134906,-38.156273
FELIPE RIBEIRO,2024-12-25 06:44:07,89.1,13.6,-24.136435,-38.06959
FELIPE RIBEIRO,2024-12-25 06:47:47,92.7,13.6,-24.136875,-38.05438
FELIPE RIBEIRO,2024-12-25 06:51:47,91.8,13.6,-24.137285,-38.038033
FELIPE RIBEIRO,2024-12-25 07:04:25,87.2,13.5,-24.138266,-37.986
FELIPE RIBEIRO,2024-12-25 07:10:25,88.7,13.5,-24.138061,-37.961555
FELIPE RIBEIRO,2024-12-25 07:13:35,88.6,13.6,-24.13784,-37.948588
FELIPE RIBEIRO,2024-12-25 07:26:26,87.0,13.4,-24.136853,-37.895905
FELIPE RIBEIRO,2024-12-25 07:28:47,87.3,13.5,-24.136726,-37.886241
FELIPE RIBEIRO,2024-12-25 07:57:16,92.8,13.3,-24.134766,-37.770426
FELIPE RIBEIRO,2024-12-25 07:59:26,89.0,13.2,-24.134778,-37.761696
FELIPE RIBEIRO,2024-12-25 08:02:06,89.9,13.3,-24.134831,-37.75093
FELIPE RIBEIRO,2024-12-25 08:04:27,89.8,13.3,-24.134833,-37.741461
FELIPE RIBEIRO,2024-12-25 08:31:55,86.7,13.3,-24.134176,-37.630321
FELIPE RIBEIRO,2024-12-25 08:36:36,92.0,13.4,-24.134151,-37.611273
FELIPE RIBEIRO,2024-12-25 08:48:16,88.0,13.4,-24.133681,-37.563905
FELIPE RIBEIRO,2024-12-25 08:55:37,91.3,13.5,-24.133371,-37.533851
FELIPE RIBEIRO,2024-12-25 08:57:56,90.9,13.6,-24.133215,-37.524421
FELIPE RIBEIRO,2024-12-25 09:11:57,89.7,13.7,-24.132466,-37.466456
FELIPE RIBEIRO,2024-12-25 09:42:16,91.0,13.7,-24.13161,-37.340948
FELIPE RIBEIRO,2024-12-25 09:44:56,88.5,13.6,-24.131518,-37.329995
FELIPE RIBEIRO,2024-12-25 09:47:06,90.3,13.5,-24.131378,-37.320933
FELIPE RIBEIRO,2024-12-25 09:52:06,88.7,13.5,-24.131303,-37.300476
FELIPE RIBEIRO,2024-12-25 10:02:57,92.2,13.5,-24.130986,-37.256296
FELIPE RIBEIRO,2024-12-25 10:16:56,90.8,13.4,-24.130315,-37.199155
FELIPE RIBEIRO,2024-12-25 10:20:45,87.1,13.4,-24.13021,-37.183555
FELIPE RIBEIRO,2024-12-25 10:27:17,88.4,13.4,-24.130158,-37.157053
FELIPE RIBEIRO,2024-12-25 10:33:46,93.9,13.5,-24.130501,-37.130515
FELIPE RIBEIRO,2024-12-25 10:33:57,94.8,13.5,-24.130526,-37.129696
FELIPE RIBEIRO,2024-12-25 10:55:37,94.8,13.5,-24.133583,-37.04157
FELIPE RIBEIRO,2024-12-25 10:58:07,91.4,13.3,-24.133886,-37.031415
FELIPE RIBEIRO,2024-12-25 11:00:15,91.6,13.4,-24.134071,-37.022623
FELIPE RIBEIRO,2024-12-25 11:03:36,92.7,13.5,-24.134526,-37.008951
FELIPE RIBEIRO,2024-12-25 11:05:26,91.0,13.5,-24.13474,-37.001563
FELIPE RIBEIRO,2024-12-25 11:05:57,90.1,13.4,-24.134798,-36.999458
FELIPE RIBEIRO,2024-12-25 11:06:26,92.6,13.4,-24.134881,-36.99741
FELIPE RIBEIRO,2024-12-25 11:06:57,90.2,13.5,-24.134951,-36.995368
FELIPE RIBEIRO,2024-12-25 11:07:15,93.4,13.5,-24.134998,-36.994145
FELIPE RIBEIRO,2024-12-25 11:07:26,92.1,13.4,-24.135016,-36.993393
FELIPE RIBEIRO,2024-12-25 11:07:57,89.3,13.5,-24.135106,-36.99122
FELIPE RIBEIRO,2024-12-25 11:08:06,92.9,13.5,-24.135155,-36.99061
FELIPE RIBEIRO,2024-12-25 11:08:36,92.3,13.4,-24.135236,-36.988576
FELIPE RIBEIRO,2024-12-25 11:08:57,90.7,13.5,-24.135306,-36.987226
FELIPE RIBEIRO,2024-12-25 11:09:06,94.1,13.4,-24.135346,-36.986618
FELIPE RIBEIRO,2024-12-25 11:09:36,91.1,13.4,-24.135441,-36.984515
FELIPE RIBEIRO,2024-12-25 11:09:45,91.4,13.4,-24.135473,-36.983906
FELIPE RIBEIRO,2024-12-25 11:29:47,96.3,13.1,-24.139471,-36.903533
FELIPE RIBEIRO,2024-12-25 11:30:56,92.1,13.1,-24.139705,-36.899008
FELIPE RIBEIRO,2024-12-25 11:33:27,94.1,13.1,-24.140285,-36.888936
FELIPE RIBEIRO,2024-12-25 11:34:06,92.6,13.0,-24.140436,-36.886365
FELIPE RIBEIRO,2024-12-25 11:36:07,91.4,13.0,-24.140575,-36.878396
FELIPE RIBEIRO,2024-12-25 11:38:46,89.8,13.0,-24.14057,-36.86788
FELIPE RIBEIRO,2024-12-25 11:43:46,88.5,13.1,-24.14047,-36.848001
FELIPE RIBEIRO,2024-12-25 11:46:27,88.5,13.0,-24.14049,-36.837403
FELIPE RIBEIRO,2024-12-25 12:00:46,90.6,13.1,-24.141433,-36.78061
FELIPE RIBEIRO,2024-12-25 12:05:15,89.1,13.2,-24.141736,-36.762721
FELIPE RIBEIRO,2024-12-25 12:09:26,91.0,13.1,-24.14205,-36.74602
FELIPE RIBEIRO,2024-12-25 12:10:46,89.0,13.2,-24.142126,-36.740688
FELIPE RIBEIRO,2024-12-25 12:11:46,91.5,13.2,-24.142178,-36.73672
FELIPE RIBEIRO,2024-12-25 12:12:26,92.0,13.3,-24.14221,-36.734053
FELIPE RIBEIRO,2024-12-25 12:12:35,90.0,13.2,-24.142215,-36.73345
FELIPE RIBEIRO,2024-12-25 12:13:15,91.8,13.2,-24.142258,-36.730713
FELIPE RIBEIRO,2024-12-25 12:13:26,91.4,13.2,-24.142265,-36.73005
FELIPE RIBEIRO,2024-12-25 12:13:46,88.0,13.1,-24.142273,-36.728711
FELIPE RIBEIRO,2024-12-25 12:14:05,91.0,13.2,-24.142295,-36.72744
FELIPE RIBEIRO,2024-12-25 12:14:15,90.0,13.2,-24.142298,-36.726773
FELIPE RIBEIRO,2024-12-25 12:14:26,89.3,13.1,-24.1423,-36.726033
FELIPE RIBEIRO,2024-12-25 12:14:46,88.7,13.2,-24.142333,-36.724711
FELIPE RIBEIRO,2024-12-25 12:14:47,88.7,13.2,-24.142333,-36.724711
FELIPE RIBEIRO,2024-12-25 12:15:26,90.6,13.1,-24.142311,-36.72204
FELIPE RIBEIRO,2024-12-25 12:16:05,90.9,13.2,-24.14234,-36.719445
FELIPE RIBEIRO,2024-12-25 12:17:05,91.6,13.1,-24.142375,-36.715445
FELIPE RIBEIRO,2024-12-25 12:18:05,94.8,13.2,-24.142473,-36.711468
FELIPE RIBEIRO,2024-12-25 12:33:16,90.3,13.1,-24.1433,-36.651213
FELIPE RIBEIRO,2024-12-25 12:34:46,89.9,13.0,-24.14337,-36.645286
FELIPE RIBEIRO,2024-12-25 12:35:46,87.7,13.0,-24.143435,-36.641325
FELIPE RIBEIRO,2024-12-25 12:37:36,90.8,13.1,-24.143571,-36.634035
FELIPE RIBEIRO,2024-12-25 12:38:26,88.8,13.1,-24.143611,-36.63079
FELIPE RIBEIRO,2024-12-25 12:41:27,89.4,13.1,-24.143655,-36.6188
FELIPE RIBEIRO,2025-04-18 19:13:08,270.5,12.7,-24.0286,-36.685935
FELIPE RIBEIRO,2025-04-18 19:19:46,268.2,12.6,-24.028713,-36.711288
FELIPE RIBEIRO,2025-04-18 19:24:47,267.9,12.6,-24.028943,-36.730368
FELIPE RIBEIRO,2025-04-18 19:50:38,270.7,12.7,-24.029761,-36.82944
FELIPE RIBEIRO,2025-04-18 19:54:17,273.7,12.7,-24.029853,-36.84353
FELIPE RIBEIRO,2025-04-18 19:56:07,270.5,12.8,-24.029915,-36.850628
FELIPE RIBEIRO,2025-04-18 19:56:38,268.4,12.7,-24.029936,-36.852621
FELIPE RIBEIRO,2025-04-18 21:12:58,273.8,12.5,-24.03152,-37.144991
FELIPE RIBEIRO,2025-04-18 21:16:47,266.9,12.5,-24.031615,-37.159503
FELIPE RIBEIRO,2025-04-18 21:19:07,265.0,12.6,-24.031698,-37.16836
FELIPE RIBEIRO,2025-04-18 21:40:39,269.0,12.7,-24.031841,-37.250373
FELIPE RIBEIRO,2025-04-18 21:42:48,270.0,12.8,-24.031808,-37.258713
FELIPE RIBEIRO,2025-04-18 23:00:58,270.5,12.8,-24.028095,-37.563273
FELIPE RIBEIRO,2025-04-18 23:23:08,270.3,12.8,-24.027065,-37.64909
FELIPE RIBEIRO,2025-04-18 23:25:28,270.0,12.8,-24.026931,-37.658181
FELIPE RIBEIRO,2025-04-18 23:29:19,270.7,12.8,-24.026766,-37.673016
FELIPE RIBEIRO,2025-04-19 00:15:37,268.9,12.9,-24.023018,-37.852401
FELIPE RIBEIRO,2025-04-19 00:15:47,267.8,12.8,-24.023003,-37.85311
FELIPE RIBEIRO,2025-04-19 00:17:58,271.9,12.8,-24.022851,-37.861548
FELIPE RIBEIRO,2025-04-19 00:19:28,270.9,12.9,-24.022706,-37.867373
FELIPE RIBEIRO,2025-04-19 00:23:29,271.8,12.9,-24.022168,-37.883006
FELIPE RIBEIRO,2025-04-19 00:25:29,271.3,13.0,-24.021938,-37.890843
FELIPE RIBEIRO,2025-04-19 00:25:38,272.4,13.0,-24.021918,-37.891435
FELIPE RIBEIRO,2025-04-19 00:26:48,271.0,12.9,-24.021758,-37.896073
FELIPE RIBEIRO,2025-04-19 00:27:59,271.5,12.9,-24.021618,-37.900696
FELIPE RIBEIRO,2025-04-19 00:28:18,271.8,13.0,-24.02159,-37.90194
FELIPE RIBEIRO,2025-04-19 00:29:19,270.1,12.9,-24.021463,-37.905936
FELIPE RIBEIRO,2025-04-19 00:39:28,275.9,12.8,-24.020068,-37.945466
FELIPE RIBEIRO,2025-04-19 01:04:28,270.0,12.7,-24.01765,-38.04242
FELIPE RIBEIRO,2025-04-19 01:07:49,272.9,12.7,-24.017401,-38.055368
FELIPE RIBEIRO,2025-04-19 01:10:07,272.1,12.6,-24.017268,-38.064278
FELIPE RIBEIRO,2025-04-19 01:48:58,269.0,12.5,-24.015285,-38.213106
FELIPE RIBEIRO,2025-04-19 01:49:08,270.8,12.5,-24.015276,-38.213816
FELIPE RIBEIRO,2025-04-19 01:49:58,272.7,12.5,-24.015206,-38.21699
FELIPE RIBEIRO,2025-04-19 01:50:19,272.1,12.6,-24.015168,-38.218323
FELIPE RIBEIRO,2025-04-19 01:50:28,272.4,12.6,-24.015143,-38.218895
FELIPE RIBEIRO,2025-04-19 01:52:28,272.0,12.5,-24.014915,-38.226435
FELIPE RIBEIRO,2025-04-19 01:53:08,273.2,12.5,-24.014838,-38.229098
FELIPE RIBEIRO,2025-04-19 02:00:48,273.5,12.6,-24.014151,-38.258215
FELIPE RIBEIRO,2025-04-19 02:27:07,272.5,12.5,-24.011895,-38.35832
FELIPE RIBEIRO,2025-04-19 02:31:49,272.0,12.5,-24.011651,-38.3761
FELIPE RIBEIRO,2025-04-19 02:32:09,268.6,12.5,-24.011666,-38.377366
FELIPE RIBEIRO,2025-04-19 02:52:49,265.3,12.5,-24.013556,-38.45523
FELIPE RIBEIRO,2025-04-19 03:27:48,268.5,12.5,-24.01792,-38.587313
FELIPE RIBEIRO,2025-04-19 03:33:08,268.5,12.4,-24.018731,-38.607416
FELIPE RIBEIRO,2025-04-19 04:14:07,271.2,12.2,-24.026956,-38.761338
FELIPE RIBEIRO,2025-04-19 04:17:07,267.2,12.3,-24.02725,-38.77259
FELIPE RIBEIRO,2025-04-19 04:23:18,266.3,12.2,-24.027875,-38.795498
FELIPE RIBEIRO,2025-04-19 05:05:56,269.9,12.0,-24.03236,-38.951338
FELIPE RIBEIRO,2025-04-19 06:03:49,266.6,11.8,-24.03066,-39.159826
FELIPE RIBEIRO,2025-04-19 06:59:46,269.3,11.5,-24.031795,-39.35589
FELIPE RIBEIRO,2025-04-19 07:45:28,269.5,11.2,-24.030665,-39.511871
FELIPE RIBEIRO,2025-04-19 08:24:19,271.0,11.2,-24.029806,-39.643906
FELIPE RIBEIRO,2025-04-19 08:51:49,269.3,11.4,-24.027735,-39.737911
FELIPE RIBEIRO,2025-04-19 08:55:49,273.1,11.3,-24.027308,-39.751681
FELIPE RIBEIRO,2025-04-19 08:57:57,271.5,11.4,-24.027168,-39.759073
FELIPE RIBEIRO,2025-04-19 09:25:28,271.5,11.6,-24.024976,-39.854668
FELIPE RIBEIRO,2025-04-19 09:29:19,270.6,11.6,-24.025025,-39.868105
FELIPE RIBEIRO,2025-04-19 09:32:58,268.2,11.6,-24.024991,-39.88089
FELIPE RIBEIRO,2025-04-19 09:37:47,271.1,11.6,-24.02473,-39.897921
FELIPE RIBEIRO,2025-04-19 10:01:28,271.2,11.9,-24.023358,-39.982675
FELIPE RIBEIRO,2025-04-19 10:04:28,271.6,11.9,-24.023181,-39.993458
FELIPE RIBEIRO,2025-04-19 10:11:28,273.9,12.0,-24.02255,-40.01879
FELIPE RIBEIRO,2025-04-19 10:13:29,270.8,12.0,-24.022305,-40.026036
FELIPE RIBEIRO,2025-04-19 10:23:37,273.8,12.0,-24.02089,-40.062998
FELIPE RIBEIRO,2025-04-19 10:29:28,271.5,12.0,-24.019978,-40.084378
FELIPE RIBEIRO,2025-04-19 10:43:38,270.0,12.0,-24.01976,-40.136008
FELIPE RIBEIRO,2025-04-19 10:46:38,269.5,12.0,-24.019616,-40.146895
FELIPE RIBEIRO,2025-04-19 10:47:38,269.2,12.0,-24.019565,-40.15051
FELIPE RIBEIRO,2025-04-19 10:58:18,270.0,12.0,-24.019018,-40.189263
FELIPE RIBEIRO,2025-04-19 10:58:37,270.5,12.0,-24.019,-40.190425
FELIPE RIBEIRO,2025-04-19 10:58:46,272.2,12.0,-24.018978,-40.191025
FELIPE RIBEIRO,2025-04-19 11:20:28,272.3,12.1,-24.016676,-40.270431
FELIPE RIBEIRO,2025-04-19 11:21:19,271.5,12.1,-24.016635,-40.273566
FELIPE RIBEIRO,2025-04-19 11:56:09,230.2,4.6,-24.024635,-40.380343
FELIPE RIBEIRO,2025-04-19 12:06:58,174.5,2.2,-24.033073,-40.38603
FELIPE RIBEIRO,2025-04-19 12:07:08,171.1,2.2,-24.033161,-40.386015
FELIPE RIBEIRO,2025-04-19 12:09:28,153.3,1.8,-24.03444,-40.385658
FELIPE RIBEIRO,2025-04-19 12:11:38,121.4,1.6,-24.035181,-40.384905
FELIPE RIBEIRO,2025-04-19 12:14:26,90.8,1.5,-24.035668,-40.383776
FELIPE RIBEIRO,2025-04-19 12:14:38,92.1,1.5,-24.035685,-40.383701
FELIPE RIBEIRO,2025-04-19 12:19:27,74.8,1.2,-24.03561,-40.381808
FELIPE RIBEIRO,2025-04-19 12:24:08,48.6,1.2,-24.034863,-40.380326
FELIPE RIBEIRO,2025-04-19 12:24:27,57.1,1.1,-24.034803,-40.380248
FELIPE RIBEIRO,2025-04-19 12:26:56,41.9,1.2,-24.03428,-40.379586
FELIPE RIBEIRO,2025-04-19 12:27:07,42.2,1.2,-24.034235,-40.379533
FELIPE RIBEIRO,2025-04-19 12:27:48,52.2,0.9,-24.034113,-40.3794
FELIPE RIBEIRO,2025-04-19 13:06:19,27.9,3.4,-24.022273,-40.374991
FELIPE RIBEIRO,2025-04-19 13:33:07,266.8,12.2,-24.019531,-40.438021
FELIPE RIBEIRO,2025-04-19 13:36:28,268.5,12.4,-24.019891,-40.450523
FELIPE RIBEIRO,2025-04-19 13:54:29,265.8,12.8,-24.022748,-40.519735
FELIPE RIBEIRO,2025-04-19 14:07:19,267.9,13.0,-24.02525,-40.569668
FELIPE RIBEIRO,2025-04-19 14:46:27,267.1,13.1,-24.030005,-40.72486
FELIPE RIBEIRO,2025-04-19 14:55:48,265.8,13.2,-24.031828,-40.762065
FELIPE RIBEIRO,2025-04-19 14:58:48,266.6,13.2,-24.032556,-40.774093
FELIPE RIBEIRO,2025-04-19 15:02:59,266.8,13.3,-24.033523,-40.790903
FELIPE RIBEIRO,2025-04-19 15:05:28,263.7,13.2,-24.034188,-40.800823
FELIPE RIBEIRO,2025-04-19 15:24:28,262.3,13.0,-24.039673,-40.875835
FELIPE RIBEIRO,2025-04-19 15:25:38,260.2,13.0,-24.040253,-40.880411
FELIPE RIBEIRO,2025-04-19 15:28:29,263.3,12.9,-24.041658,-40.891465
FELIPE RIBEIRO,2025-04-19 15:50:28,263.4,12.9,-24.052735,-40.976608
FELIPE RIBEIRO,2025-04-19 15:50:47,262.3,12.9,-24.052865,-40.97782
FELIPE RIBEIRO,2025-04-19 15:51:08,262.0,12.9,-24.053028,-40.979173
FELIPE RIBEIRO,2025-04-19 15:51:17,262.0,12.8,-24.0531,-40.979748
FELIPE RIBEIRO,2025-04-19 15:52:08,261.7,12.9,-24.05349,-40.98302
FELIPE RIBEIRO,2025-04-19 15:52:17,260.9,12.9,-24.053568,-40.983596
FELIPE RIBEIRO,2025-04-19 15:52:28,261.9,12.9,-24.053673,-40.984296
FELIPE RIBEIRO,2025-04-19 15:52:37,263.3,12.9,-24.053738,-40.984878
FELIPE RIBEIRO,2025-04-19 15:53:37,262.6,12.9,-24.05421,-40.98884
FELIPE RIBEIRO,2025-04-19 16:01:17,264.8,13.0,-24.05764,-41.018533
FELIPE RIBEIRO,2025-04-19 16:03:57,268.0,12.9,-24.057866,-41.029025
FELIPE RIBEIRO,2025-04-19 16:04:57,270.8,12.8,-24.057921,-41.03285
FELIPE RIBEIRO,2025-04-19 16:05:07,271.7,12.8,-24.057915,-41.033566
FELIPE RIBEIRO,2025-04-19 16:12:27,275.9,12.7,-24.055376,-41.061633
FELIPE RIBEIRO,2025-04-19 16:31:49,278.3,12.3,-24.046033,-41.13431
FELIPE RIBEIRO,2025-04-19 16:44:08,278.7,12.3,-24.040143,-41.17989
FELIPE RIBEIRO,2025-04-19 16:48:58,278.1,12.3,-24.037916,-41.197805
FELIPE RIBEIRO,2025-04-19 17:03:08,264.8,12.2,-24.034186,-41.250038
FELIPE RIBEIRO,2025-04-19 17:09:07,267.4,12.3,-24.035298,-41.272266
FELIPE RIBEIRO,2025-04-19 17:12:47,270.9,12.3,-24.0355,-41.285998
FELIPE RIBEIRO,2025-04-19 17:42:07,270.1,12.6,-24.034141,-41.397158
FELIPE RIBEIRO,2025-04-19 18:31:47,270.1,12.8,-24.033521,-41.589515
FELIPE RIBEIRO,2025-04-19 18:43:08,269.3,13.0,-24.033483,-41.633918
FELIPE RIBEIRO,2025-04-19 18:47:48,270.8,13.0,-24.033421,-41.652223
FELIPE RIBEIRO,2025-04-19 18:51:19,267.6,13.2,-24.033415,-41.666135
FELIPE RIBEIRO,2025-04-19 19:23:24,273.1,13.3,-24.031473,-41.810481
FELIPE RIBEIRO,2025-04-19 20:02:49,271.4,13.5,-24.024341,-41.954123
FELIPE RIBEIRO,2025-04-19 20:15:39,271.9,13.7,-24.023666,-42.00694
FELIPE RIBEIRO,2025-04-19 20:39:48,269.6,13.8,-24.022466,-42.107148
FELIPE RIBEIRO,2025-04-19 21:05:48,271.9,13.6,-24.022973,-42.214683
FELIPE RIBEIRO,2025-04-19 22:26:08,271.8,13.0,-24.019296,-42.536155
FELIPE RIBEIRO,2025-04-20 00:06:46,268.4,13.2,-24.021471,-42.937865
FELIPE RIBEIRO,2025-04-20 00:07:37,268.8,13.2,-24.021503,-42.941238
FELIPE RIBEIRO,2025-04-20 00:08:29,269.9,13.2,-24.021555,-42.944653
FELIPE RIBEIRO,2025-04-20 00:09:07,268.9,13.2,-24.021561,-42.94726
FELIPE RIBEIRO,2025-04-20 00:11:29,268.1,13.2,-24.021808,-42.956663
FELIPE RIBEIRO,2025-04-20 00:53:48,267.6,13.1,-24.026815,-43.125601
FELIPE RIBEIRO,2025-04-20 00:54:48,268.3,13.1,-24.02696,-43.129561
FELIPE RIBEIRO,2025-04-20 01:24:46,269.4,13.1,-24.03001,-43.248623
FELIPE RIBEIRO,2025-04-20 01:27:28,267.3,13.1,-24.030233,-43.259283
FELIPE RIBEIRO,2025-04-20 01:33:16,267.4,12.8,-24.030715,-43.282161
FELIPE RIBEIRO,2025-04-20 01:39:28,267.4,12.6,-24.031316,-43.305871
FELIPE RIBEIRO,2025-04-20 01:41:57,268.1,12.6,-24.031606,-43.315441
FELIPE RIBEIRO,2025-04-20 01:43:28,267.2,12.7,-24.031748,-43.32122
FELIPE RIBEIRO,2025-04-20 01:44:17,267.4,12.7,-24.03184,-43.32437
FELIPE RIBEIRO,2025-04-20 01:50:48,269.8,12.9,-24.032453,-43.349623
FELIPE RIBEIRO,2025-04-20 01:53:58,270.2,12.8,-24.032538,-43.361993
FELIPE RIBEIRO,2025-04-20 02:22:08,269.5,12.9,-24.033393,-43.471441
FELIPE RIBEIRO,2025-04-20 02:26:47,269.8,12.9,-24.033678,-43.489608
FELIPE RIBEIRO,2025-04-20 02:28:47,268.7,12.9,-24.033791,-43.497455
FELIPE RIBEIRO,2025-04-20 02:29:47,267.5,12.9,-24.033893,-43.501343
FELIPE RIBEIRO,2025-04-20 02:31:47,267.8,13.0,-24.03409,-43.509163
FELIPE RIBEIRO,2025-04-20 04:03:59,269.5,13.2,-24.02587,-43.873001
FELIPE RIBEIRO,2025-04-20 04:06:09,270.3,13.2,-24.026028,-43.881788
FELIPE RIBEIRO,2025-04-20 04:11:19,269.9,13.3,-24.026143,-43.902671
FELIPE RIBEIRO,2025-04-20 04:13:39,270.5,13.4,-24.02605,-43.91207
FELIPE RIBEIRO,2025-04-20 05:04:36,299.1,12.3,-24.007733,-44.104453
FELIPE RIBEIRO,2025-04-20 06:46:38,334.3,12.5,-23.67717,-44.25937
FELIPE RIBEIRO,2025-04-20 07:53:58,342.6,12.5,-23.456966,-44.341081
FELIPE RIBEIRO,2025-04-20 07:57:19,343.4,12.5,-23.445805,-44.34471
FELIPE RIBEIRO,2025-04-20 08:26:17,343.0,10.3,-23.360221,-44.372243
FELIPE RIBEIRO,2025-04-20 08:27:09,341.5,10.4,-23.35787,-44.373051
FELIPE RIBEIRO,2025-04-20 08:29:38,342.5,10.4,-23.35098,-44.375405
FELIPE RIBEIRO,2025-04-20 08:58:37,345.8,6.8,-23.283821,-44.398838
FELIPE RIBEIRO,2025-04-20 09:04:37,342.3,6.5,-23.27315,-44.402086
FELIPE RIBEIRO,2025-04-20 09:06:48,334.5,6.3,-23.269575,-44.403623
FELIPE RIBEIRO,2025-04-20 09:34:08,347.9,6.7,-23.222663,-44.422225
FELIPE RIBEIRO,2025-04-20 10:10:38,7.4,6.3,-23.156683,-44.429415
FELIPE RIBEIRO,2025-04-20 10:20:47,0.0,5.9,-23.139773,-44.426773
FELIPE RIBEIRO,2025-04-20 10:23:07,1.7,5.8,-23.135975,-44.426651
FELIPE RIBEIRO,2025-04-20 10:44:49,247.0,0.4,-23.111471,-44.431055
FELIPE RIBEIRO,2025-04-20 21:23:46,294.6,0.1,-23.107755,-44.431748
FELIPE RIBEIRO,2025-04-20 23:50:45,50.5,0.1,-23.10835,-44.432826
FELIPE RIBEIRO,2025-04-21 01:23:45,227.1,0.1,-23.108565,-44.433125
FELIPE RIBEIRO,2025-04-21 01:35:45,121.9,0.0,-23.108608,-44.433268
FELIPE RIBEIRO,2025-04-21 16:23:46,129.3,0.1,-23.107568,-44.430683
FELIPE RIBEIRO,2025-04-21 18:11:43,280.7,0.1,-23.107498,-44.430461
FELIPE RIBEIRO,2025-04-22 01:05:45,22.1,0.1,-23.10806,-44.429256
FELIPE RIBEIRO,2025-04-22 01:05:46,22.1,0.1,-23.10806,-44.429256
FELIPE RIBEIRO,2025-04-22 18:23:44,217.8,0.1,-23.1075,-44.432053
FELIPE RIBEIRO,2025-04-22 20:38:46,280.3,0.1,-23.107481,-44.430613
FELIPE RIBEIRO,2025-04-23 00:35:46,333.9,0.1,-23.107745,-44.43214
FELIPE RIBEIRO,2025-04-23 02:05:46,240.0,0.1,-23.107683,-44.432351
FELIPE RIBEIRO,2025-04-23 02:53:45,57.7,0.1,-23.10754,-44.432273
FELIPE RIBEIRO,2025-04-23 10:50:46,97.1,0.4,-23.107135,-44.430431
FELIPE RIBEIRO,2025-04-23 13:38:46,115.6,0.2,-23.10706,-44.43023
FELIPE RIBEIRO,2025-04-23 16:11:46,294.9,0.3,-23.106976,-44.430095
FELIPE RIBEIRO,2025-04-23 17:02:42,293.3,0.4,-23.107131,-44.429728
FELIPE RIBEIRO,2025-04-23 17:05:42,235.3,0.1,-23.107146,-44.429748
FELIPE RIBEIRO,2025-04-23 18:17:46,150.1,0.2,-23.107556,-44.429333
FELIPE RIBEIRO,2025-04-23 18:47:45,131.5,0.1,-23.107578,-44.429191
FELIPE RIBEIRO,2025-04-24 01:54:36,178.3,7.1,-23.131511,-44.44127
FELIPE RIBEIRO,2025-04-24 01:57:07,146.8,7.1,-23.136185,-44.439603
FELIPE RIBEIRO,2025-04-24 01:58:46,126.8,6.9,-23.13845,-44.437251
FELIPE RIBEIRO,2025-04-24 01:59:16,119.9,6.9,-23.13899,-44.436338
FELIPE RIBEIRO,2025-04-24 02:41:37,65.8,11.4,-23.102571,-44.319975
FELIPE RIBEIRO,2025-04-24 02:43:57,66.8,11.2,-23.09955,-44.312811
FELIPE RIBEIRO,2025-04-25 07:59:59,253.7,12.1,-23.086676,-44.277175
FELIPE RIBEIRO,2025-04-25 08:35:58,246.7,7.7,-23.121188,-44.365015
FELIPE RIBEIRO,2025-04-25 09:31:09,61.8,0.4,-23.117531,-44.409726
FELIPE RIBEIRO,2025-04-25 09:34:09,33.4,0.2,-23.117478,-44.409546
FELIPE RIBEIRO,2025-04-25 09:36:38,23.4,0.2,-23.117378,-44.409446
FELIPE RIBEIRO,2025-04-25 12:12:03,2.8,0.2,-23.115893,-44.409021
FELIPE RIBEIRO,2025-04-26 07:09:03,209.9,0.1,-23.117301,-44.41065
FELIPE RIBEIRO,2025-04-26 13:27:04,174.4,0.2,-23.115483,-44.410058
FELIPE RIBEIRO,2025-04-26 16:21:04,167.8,0.4,-23.114513,-44.409831
FELIPE RIBEIRO,2025-04-26 20:03:04,15.5,0.1,-23.116113,-44.40993
FELIPE RIBEIRO,2025-04-26 23:39:04,162.6,0.1,-23.117235,-44.413181
FELIPE RIBEIRO,2025-04-27 07:12:04,7.8,0.1,-23.1165,-44.410025
FELIPE RIBEIRO,2025-04-27 16:24:04,338.1,0.0,-23.113561,-44.410675
FELIPE RIBEIRO,2025-04-27 16:27:04,319.2,0.0,-23.113545,-44.41066
FELIPE RIBEIRO,2025-04-27 19:30:04,308.0,0.1,-23.113358,-44.411475
FELIPE RIBEIRO,2025-04-28 00:48:04,133.6,0.1,-23.116686,-44.41377
FELIPE RIBEIRO,2025-04-28 01:21:03,341.4,0.0,-23.116118,-44.414115
FELIPE RIBEIRO,2025-04-28 07:30:03,14.8,0.1,-23.116813,-44.410433
FELIPE RIBEIRO,2025-04-28 13:15:04,110.0,0.1,-23.115765,-44.409833
FELIPE RIBEIRO,2025-04-28 15:00:03,256.5,0.0,-23.114105,-44.410311
FELIPE RIBEIRO,2025-04-28 16:09:04,348.4,0.2,-23.11498,-44.409786
FELIPE RIBEIRO,2025-04-28 19:49:41,59.6,10.5,-23.124986,-44.374233
FELIPE RIBEIRO,2025-04-28 19:52:41,64.3,10.1,-23.121231,-44.365878
FELIPE RIBEIRO,2025-04-28 20:12:50,67.4,12.1,-23.098256,-44.308365
FELIPE RIBEIRO,2025-05-01 11:56:12,137.3,2.1,-23.062881,-44.228628
FELIPE RIBEIRO,2025-05-01 11:56:25,140.0,2.2,-23.062971,-44.228551
FELIPE RIBEIRO,2025-05-01 11:56:29,140.5,2.2,-23.063003,-44.228525
FELIPE RIBEIRO,2025-05-01 11:56:43,144.1,2.3,-23.063151,-44.228408
FELIPE RIBEIRO,2025-05-01 11:56:45,145.5,2.4,-23.06317,-44.228393
FELIPE RIBEIRO,2025-05-01 11:56:49,144.6,2.4,-23.063206,-44.228365
FELIPE RIBEIRO,2025-05-01 11:57:43,163.1,2.7,-23.063778,-44.228076
FELIPE RIBEIRO,2025-05-01 11:58:32,193.6,2.2,-23.064338,-44.22806
FELIPE RIBEIRO,2025-05-01 11:58:43,200.1,2.1,-23.064443,-44.228103
FELIPE RIBEIRO,2025-05-01 11:58:45,200.6,2.2,-23.064463,-44.228113
FELIPE RIBEIRO,2025-05-01 11:59:12,214.0,2.1,-23.064698,-44.228286
FELIPE RIBEIRO,2025-05-01 12:01:22,243.3,2.4,-23.065428,-44.229396
FELIPE RIBEIRO,2025-05-01 12:02:03,241.6,2.7,-23.0656,-44.229875
FELIPE RIBEIRO,2025-05-01 12:31:42,246.8,11.5,-23.096225,-44.303128
FELIPE RIBEIRO,2025-05-01 13:01:52,267.2,8.1,-23.130081,-44.394578
FELIPE RIBEIRO,2025-05-01 13:06:51,266.4,7.4,-23.13055,-44.406128
FELIPE RIBEIRO,2025-05-01 13:20:08,261.2,5.0,-23.12626,-44.432618
FELIPE RIBEIRO,2025-05-01 13:20:28,260.9,4.9,-23.126303,-44.433126
FELIPE RIBEIRO,2025-05-01 13:21:11,248.6,4.3,-23.126563,-44.43414
FELIPE RIBEIRO,2025-05-01 13:24:09,223.4,1.7,-23.12798,-44.4362
FELIPE RIBEIRO,2025-05-01 13:38:31,308.4,0.7,-23.127046,-44.438175
FELIPE RIBEIRO,2025-05-01 15:47:30,64.9,0.5,-23.126725,-44.438948
FELIPE RIBEIRO,2025-05-01 20:14:32,35.2,0.1,-23.12693,-44.439198
FELIPE RIBEIRO,2025-05-01 22:08:11,275.8,1.3,-23.129046,-44.441458
FELIPE RIBEIRO,2025-05-01 22:10:40,251.5,0.9,-23.129083,-44.4425
FELIPE RIBEIRO,2025-05-01 22:57:21,163.3,12.2,-23.228605,-44.408586
FELIPE RIBEIRO,2025-05-01 23:03:31,160.5,12.2,-23.248276,-44.401126
FELIPE RIBEIRO,2025-05-01 23:33:49,133.0,12.5,-23.328321,-44.330616
FELIPE RIBEIRO,2025-05-01 23:35:47,109.5,12.1,-23.332421,-44.324815
FELIPE RIBEIRO,2025-05-01 23:35:54,104.2,11.9,-23.33254,-44.324353
FELIPE RIBEIRO,2025-05-01 23:35:57,103.8,11.9,-23.332581,-44.32418
FELIPE RIBEIRO,2025-05-01 23:53:50,85.4,13.5,-23.328133,-44.25588
FELIPE RIBEIRO,2025-05-01 23:56:41,88.9,13.5,-23.327353,-44.24432
FELIPE RIBEIRO,2025-05-01 23:58:51,84.9,13.6,-23.32674,-44.235498
FELIPE RIBEIRO,2025-05-02 00:37:10,85.4,13.9,-23.307651,-44.078555
FELIPE RIBEIRO,2025-05-02 00:37:40,86.0,13.8,-23.30749,-44.076483
FELIPE RIBEIRO,2025-05-02 00:39:09,87.1,13.9,-23.30702,-44.070306
FELIPE RIBEIRO,2025-05-02 00:39:21,87.6,13.9,-23.306975,-44.069471
FELIPE RIBEIRO,2025-05-02 00:39:30,86.1,13.8,-23.306923,-44.06885
FELIPE RIBEIRO,2025-05-02 00:39:31,87.9,13.8,-23.306925,-44.068781
FELIPE RIBEIRO,2025-05-02 00:39:40,83.2,13.8,-23.306865,-44.068156
FELIPE RIBEIRO,2025-05-02 00:40:26,82.6,13.8,-23.306626,-44.064988
FELIPE RIBEIRO,2025-05-02 00:40:31,89.7,13.9,-23.306633,-44.064641
FELIPE RIBEIRO,2025-05-02 00:43:38,87.8,13.9,-23.305625,-44.051666
FELIPE RIBEIRO,2025-05-02 01:06:39,80.8,13.5,-23.298363,-43.956375
FELIPE RIBEIRO,2025-05-02 01:08:39,83.3,13.6,-23.297733,-43.948223
FELIPE RIBEIRO,2025-05-02 01:13:18,85.4,13.7,-23.296078,-43.929221
FELIPE RIBEIRO,2025-05-02 01:13:29,88.8,13.7,-23.29602,-43.9284
FELIPE RIBEIRO,2025-05-02 01:15:29,88.3,13.8,-23.295396,-43.920156
FELIPE RIBEIRO,2025-05-02 01:37:12,83.3,13.7,-23.288803,-43.830318
FELIPE RIBEIRO,2025-05-02 02:08:10,86.3,13.6,-23.28057,-43.702913
FELIPE RIBEIRO,2025-05-02 02:08:51,88.2,13.6,-23.280496,-43.700098
FELIPE RIBEIRO,2025-05-02 02:09:10,87.7,13.7,-23.280486,-43.698736
FELIPE RIBEIRO,2025-05-02 03:24:15,85.0,13.7,-23.26834,-43.387983
FELIPE RIBEIRO,2025-05-02 03:52:41,77.0,13.8,-23.256211,-43.271066
FELIPE RIBEIRO,2025-05-02 03:55:52,82.4,13.8,-23.254145,-43.257891
FELIPE RIBEIRO,2025-05-02 04:22:25,83.4,13.7,-23.24151,-43.148783
FELIPE RIBEIRO,2025-05-02 04:24:54,85.5,13.6,-23.240635,-43.138585
FELIPE RIBEIRO,2025-05-02 04:28:55,83.1,13.7,-23.239041,-43.122108
FELIPE RIBEIRO,2025-05-02 04:31:45,85.5,13.7,-23.237841,-43.110385
FELIPE RIBEIRO,2025-05-02 04:58:27,79.6,13.8,-23.226621,-43.000053
FELIPE RIBEIRO,2025-05-02 05:04:42,86.0,13.9,-23.224191,-42.97412
FELIPE RIBEIRO,2025-05-02 05:09:42,82.3,13.9,-23.22223,-42.953293
FELIPE RIBEIRO,2025-05-02 05:33:13,81.4,13.8,-23.212933,-42.855023
FELIPE RIBEIRO,2025-05-02 05:35:37,83.7,13.9,-23.21191,-42.845001
FELIPE RIBEIRO,2025-05-02 05:41:47,83.2,13.9,-23.209223,-42.819338
FELIPE RIBEIRO,2025-05-02 05:44:37,82.7,13.9,-23.207933,-42.8077
FELIPE RIBEIRO,2025-05-02 06:02:43,85.5,13.9,-23.19954,-42.732691
FELIPE RIBEIRO,2025-05-02 06:49:01,84.9,13.6,-23.178153,-42.540905
FELIPE RIBEIRO,2025-05-02 06:52:03,81.2,13.7,-23.17698,-42.528588
FELIPE RIBEIRO,2025-05-02 06:55:13,86.4,13.6,-23.175698,-42.51569
FELIPE RIBEIRO,2025-05-02 07:26:01,87.1,13.7,-23.164406,-42.389473
FELIPE RIBEIRO,2025-05-02 07:44:54,87.9,13.7,-23.15935,-42.311875
FELIPE RIBEIRO,2025-05-02 07:48:32,83.0,13.7,-23.158301,-42.296805
FELIPE RIBEIRO,2025-05-02 08:34:08,86.7,13.8,-23.14454,-42.107435
FELIPE RIBEIRO,2025-05-02 08:41:27,83.6,13.8,-23.142543,-42.077021
FELIPE RIBEIRO,2025-05-02 08:46:48,88.8,13.8,-23.14121,-42.054693
FELIPE RIBEIRO,2025-05-02 09:30:02,53.3,14.5,-23.074473,-41.892721
FELIPE RIBEIRO,2025-05-02 09:32:08,56.1,14.8,-23.069528,-41.885205
FELIPE RIBEIRO,2025-05-02 10:23:08,47.9,14.3,-22.947763,-41.712186
FELIPE RIBEIRO,2025-05-02 10:25:44,46.9,14.3,-22.941046,-41.703743
FELIPE RIBEIRO,2025-05-02 10:28:26,49.1,14.2,-22.934005,-41.69487
FELIPE RIBEIRO,2025-05-02 10:33:02,47.1,14.3,-22.921856,-41.680096
FELIPE RIBEIRO,2025-05-02 10:35:49,49.2,14.3,-22.914688,-41.670841
FELIPE RIBEIRO,2025-05-02 10:56:56,53.0,13.9,-22.863218,-41.601196
FELIPE RIBEIRO,2025-05-02 11:00:44,55.1,13.8,-22.854593,-41.588281
FELIPE RIBEIRO,2025-05-02 11:03:02,53.1,13.7,-22.849553,-41.580531
FELIPE RIBEIRO,2025-05-02 11:32:28,55.5,13.4,-22.785813,-41.483031
FELIPE RIBEIRO,2025-05-02 11:34:18,56.2,13.5,-22.781971,-41.476971
FELIPE RIBEIRO,2025-05-02 11:37:18,57.5,13.4,-22.775716,-41.46701
FELIPE RIBEIRO,2025-05-02 11:38:08,55.0,13.3,-22.774,-41.464241
FELIPE RIBEIRO,2025-05-02 11:39:08,56.3,13.4,-22.771946,-41.460888
FELIPE RIBEIRO,2025-05-02 11:39:49,53.9,13.4,-22.770523,-41.458598
FELIPE RIBEIRO,2025-05-02 11:42:18,55.8,13.4,-22.765318,-41.450345
FELIPE RIBEIRO,2025-05-02 11:42:38,57.3,13.3,-22.764638,-41.44924
FELIPE RIBEIRO,2025-05-02 11:42:49,57.0,13.3,-22.764286,-41.448688
FELIPE RIBEIRO,2025-05-02 12:00:18,56.7,13.3,-22.729225,-41.390131
FELIPE RIBEIRO,2025-05-02 12:18:47,52.7,13.5,-22.690283,-41.32939
FELIPE RIBEIRO,2025-05-02 12:19:58,56.1,13.4,-22.687698,-41.32546
FELIPE RIBEIRO,2025-05-02 12:20:08,56.6,13.4,-22.687336,-41.32491
FELIPE RIBEIRO,2025-05-02 12:20:47,55.0,13.3,-22.685948,-41.32277
FELIPE RIBEIRO,2025-05-02 12:21:17,53.3,13.4,-22.684888,-41.321116
FELIPE RIBEIRO,2025-05-02 12:21:58,56.0,13.4,-22.68346,-41.318913
FELIPE RIBEIRO,2025-05-02 12:25:38,55.9,13.5,-22.675535,-41.306873
FELIPE RIBEIRO,2025-05-02 12:45:28,53.3,13.6,-22.632031,-41.242053
FELIPE RIBEIRO,2025-05-02 13:09:38,52.8,13.7,-22.578313,-41.162533
FELIPE RIBEIRO,2025-05-02 13:11:58,52.2,13.5,-22.573108,-41.154858
FELIPE RIBEIRO,2025-05-02 13:16:18,54.6,13.6,-22.563371,-41.140496
FELIPE RIBEIRO,2025-05-02 13:37:17,54.5,13.8,-22.516946,-41.070566
FELIPE RIBEIRO,2025-05-02 13:46:22,53.7,13.8,-22.496825,-41.039883
FELIPE RIBEIRO,2025-05-02 13:48:29,53.9,13.8,-22.492171,-41.032791
FELIPE RIBEIRO,2025-05-02 13:52:00,54.3,13.9,-22.4844,-41.020818
FELIPE RIBEIRO,2025-05-02 13:52:06,56.8,13.7,-22.484191,-41.020473
FELIPE RIBEIRO,2025-05-02 14:22:13,55.8,13.7,-22.418066,-40.919793
FELIPE RIBEIRO,2025-05-02 14:27:13,54.9,13.7,-22.407053,-40.903215
FELIPE RIBEIRO,2025-05-02 14:55:40,52.2,13.9,-22.342248,-40.80858
FELIPE RIBEIRO,2025-05-02 14:59:34,51.4,14.0,-22.333298,-40.795683
FELIPE RIBEIRO,2025-05-02 15:38:09,54.7,13.9,-22.244838,-40.666923
FELIPE RIBEIRO,2025-05-02 15:47:58,53.9,14.0,-22.222223,-40.633941
FELIPE RIBEIRO,2025-05-02 17:27:00,52.9,13.7,-22.000551,-40.298418
FELIPE RIBEIRO,2025-05-02 17:36:00,51.4,13.7,-21.980196,-40.268938
FELIPE RIBEIRO,2025-05-02 18:01:30,53.7,13.3,-21.924438,-40.184825
FELIPE RIBEIRO,2025-05-02 19:17:00,58.0,13.4,-21.770635,-39.931398
FELIPE RIBEIRO,2025-05-02 19:19:21,56.6,13.3,-21.765951,-39.923585
FELIPE RIBEIRO,2025-05-02 19:21:30,58.9,13.3,-21.761606,-39.916296
FELIPE RIBEIRO,2025-05-02 19:39:01,47.5,13.5,-21.720411,-39.862333
FELIPE RIBEIRO,2025-05-02 19:43:40,50.7,13.4,-21.709073,-39.848375
FELIPE RIBEIRO,2025-05-02 19:47:00,49.2,13.3,-21.700976,-39.838201
FELIPE RIBEIRO,2025-05-02 20:17:21,50.3,13.3,-21.627273,-39.745726
FELIPE RIBEIRO,2025-05-02 21:04:01,53.2,13.2,-21.51829,-39.600435
FELIPE RIBEIRO,2025-05-02 21:14:01,53.0,13.4,-21.495411,-39.568676
FELIPE RIBEIRO,2025-05-02 21:52:10,52.6,13.6,-21.407605,-39.447438
FELIPE RIBEIRO,2025-05-02 21:55:20,52.1,13.5,-21.400223,-39.437488
FELIPE RIBEIRO,2025-05-02 21:59:40,29.9,13.1,-21.388383,-39.42613
FELIPE RIBEIRO,2025-05-02 22:54:40,38.6,13.4,-21.228648,-39.28903
FELIPE RIBEIRO,2025-05-02 22:58:21,37.6,13.4,-21.217823,-39.280016
FELIPE RIBEIRO,2025-05-02 23:40:30,37.3,13.3,-21.093555,-39.177531
FELIPE RIBEIRO,2025-05-03 00:53:50,36.2,13.5,-20.876841,-38.998341
FELIPE RIBEIRO,2025-05-03 00:54:00,38.2,13.3,-20.876353,-38.997925
FELIPE RIBEIRO,2025-05-03 00:54:50,37.8,13.4,-20.87396,-38.99593
FELIPE RIBEIRO,2025-05-03 00:55:50,38.4,13.2,-20.87099,-38.993441
FELIPE RIBEIRO,2025-05-03 00:56:50,37.3,13.2,-20.86811,-38.991036
FELIPE RIBEIRO,2025-05-03 00:57:01,38.6,13.3,-20.867521,-38.990546
FELIPE RIBEIRO,2025-05-03 01:10:20,38.0,13.2,-20.828638,-38.958156
FELIPE RIBEIRO,2025-05-03 01:10:49,38.3,13.3,-20.827223,-38.956996
FELIPE RIBEIRO,2025-05-03 01:11:39,36.6,13.3,-20.824801,-38.954983
FELIPE RIBEIRO,2025-05-03 01:12:29,38.4,13.1,-20.822381,-38.952953
FELIPE RIBEIRO,2025-05-03 01:12:59,37.5,13.3,-20.820928,-38.951741
FELIPE RIBEIRO,2025-05-03 01:13:10,38.9,13.1,-20.820451,-38.951331
FELIPE RIBEIRO,2025-05-03 01:13:29,39.0,13.1,-20.819498,-38.950518
FELIPE RIBEIRO,2025-05-03 01:14:20,38.0,13.3,-20.817006,-38.948418
FELIPE RIBEIRO,2025-05-03 01:14:39,38.2,13.3,-20.816145,-38.947685
FELIPE RIBEIRO,2025-05-03 01:15:10,37.1,13.1,-20.814726,-38.946458
FELIPE RIBEIRO,2025-05-03 01:16:01,37.1,13.1,-20.812251,-38.944373
FELIPE RIBEIRO,2025-05-03 01:16:20,37.1,13.1,-20.811356,-38.943623
FELIPE RIBEIRO,2025-05-03 02:19:10,38.2,13.1,-20.633785,-38.790088
FELIPE RIBEIRO,2025-05-03 02:50:00,32.2,13.1,-20.545603,-38.716146
FELIPE RIBEIRO,2025-05-03 02:57:11,34.8,13.2,-20.523763,-38.700611
FELIPE RIBEIRO,2025-05-03 03:22:00,35.9,12.9,-20.449783,-38.645438
FELIPE RIBEIRO,2025-05-03 03:29:41,36.3,12.9,-20.426713,-38.628573
FELIPE RIBEIRO,2025-05-03 03:33:11,35.2,13.2,-20.416151,-38.620855
FELIPE RIBEIRO,2025-05-03 04:02:30,33.5,13.2,-20.326735,-38.55608
FELIPE RIBEIRO,2025-05-03 04:06:50,35.5,13.2,-20.313366,-38.546368
FELIPE RIBEIRO,2025-05-03 04:09:40,36.1,13.4,-20.304688,-38.540008
FELIPE RIBEIRO,2025-05-03 04:41:41,37.3,13.3,-20.207911,-38.465358
FELIPE RIBEIRO,2025-05-03 05:02:31,39.5,13.5,-20.146798,-38.415943
FELIPE RIBEIRO,2025-05-03 05:11:21,36.0,13.6,-20.120431,-38.39474
FELIPE RIBEIRO,2025-05-03 05:57:20,41.7,13.3,-19.98553,-38.283116
FELIPE RIBEIRO,2025-05-03 06:00:10,41.2,13.3,-19.977401,-38.276085
FELIPE RIBEIRO,2025-05-03 06:44:40,39.4,13.6,-19.847351,-38.165501
FELIPE RIBEIRO,2025-05-03 06:46:50,40.6,13.5,-19.841076,-38.160085
FELIPE RIBEIRO,2025-05-03 06:49:39,37.4,13.6,-19.832755,-38.15297
FELIPE RIBEIRO,2025-05-03 06:52:10,39.0,13.7,-19.82535,-38.146673
FELIPE RIBEIRO,2025-05-03 07:35:31,37.3,13.5,-19.697606,-38.038483
FELIPE RIBEIRO,2025-05-03 07:38:10,37.0,13.6,-19.689803,-38.032025
FELIPE RIBEIRO,2025-05-03 07:40:20,37.8,13.5,-19.683408,-38.026651
FELIPE RIBEIRO,2025-05-03 08:27:10,37.9,13.5,-19.544901,-37.9131
FELIPE RIBEIRO,2025-05-03 08:30:00,36.8,13.4,-19.53649,-37.906283
FELIPE RIBEIRO,2025-05-03 08:32:11,37.5,13.3,-19.530026,-37.90103
FELIPE RIBEIRO,2025-05-03 09:27:59,37.8,13.2,-19.367208,-37.767576
FELIPE RIBEIRO,2025-05-03 09:30:10,37.2,13.3,-19.36093,-37.76229
FELIPE RIBEIRO,2025-05-03 09:32:40,41.6,13.1,-19.353733,-37.756158
FELIPE RIBEIRO,2025-05-03 09:37:29,37.9,13.3,-19.339881,-37.744348
FELIPE RIBEIRO,2025-05-03 09:48:20,38.7,13.1,-19.308723,-37.717941
FELIPE RIBEIRO,2025-05-03 09:53:50,37.9,13.2,-19.292956,-37.704471
FELIPE RIBEIRO,2025-05-03 09:57:51,37.6,13.2,-19.281281,-37.694701
FELIPE RIBEIRO,2025-05-03 10:00:30,38.7,13.3,-19.273688,-37.688275
FELIPE RIBEIRO,2025-05-03 10:02:59,38.6,13.2,-19.266496,-37.682205
FELIPE RIBEIRO,2025-05-03 11:07:40,35.8,12.9,-19.079058,-37.529076
FELIPE RIBEIRO,2025-05-03 11:10:29,36.0,12.9,-19.070771,-37.522703
FELIPE RIBEIRO,2025-05-03 11:18:10,35.8,13.0,-19.048286,-37.505483
FELIPE RIBEIRO,2025-05-03 11:19:10,35.6,13.1,-19.045346,-37.503188
FELIPE RIBEIRO,2025-05-03 11:19:59,36.8,13.1,-19.042915,-37.501293
FELIPE RIBEIRO,2025-05-03 11:21:59,37.2,13.0,-19.037015,-37.496736
FELIPE RIBEIRO,2025-05-03 11:22:59,36.2,13.1,-19.034063,-37.494463
FELIPE RIBEIRO,2025-05-03 11:23:10,36.1,13.1,-19.033526,-37.494046
FELIPE RIBEIRO,2025-05-03 11:33:19,37.8,13.3,-19.003558,-37.470838
FELIPE RIBEIRO,2025-05-03 12:06:48,35.4,13.0,-18.904846,-37.395283
FELIPE RIBEIRO,2025-05-03 12:13:00,34.5,13.1,-18.886583,-37.38181
FELIPE RIBEIRO,2025-05-03 12:15:41,35.3,13.0,-18.878663,-37.375885
FELIPE RIBEIRO,2025-05-03 12:18:41,35.6,13.2,-18.869793,-37.36927
FELIPE RIBEIRO,2025-05-03 12:48:19,35.0,13.3,-18.781286,-37.304073
FELIPE RIBEIRO,2025-05-03 12:50:10,34.3,13.2,-18.775731,-37.30004
FELIPE RIBEIRO,2025-05-03 12:50:11,34.3,13.2,-18.775731,-37.30004
FELIPE RIBEIRO,2025-05-03 12:50:20,35.8,13.3,-18.775286,-37.299711
FELIPE RIBEIRO,2025-05-03 12:52:40,36.6,13.2,-18.768095,-37.294466
FELIPE RIBEIRO,2025-05-03 12:52:51,33.9,13.4,-18.767588,-37.294105
FELIPE RIBEIRO,2025-05-03 12:54:20,36.4,13.2,-18.763083,-37.290798
FELIPE RIBEIRO,2025-05-03 12:54:59,34.5,13.2,-18.761108,-37.28936
FELIPE RIBEIRO,2025-05-03 12:56:10,33.8,13.2,-18.757435,-37.286723
FELIPE RIBEIRO,2025-05-03 12:56:20,36.8,13.3,-18.756983,-37.286383
FELIPE RIBEIRO,2025-05-03 13:27:59,36.3,13.2,-18.661208,-37.215301
FELIPE RIBEIRO,2025-05-03 13:30:59,33.9,13.1,-18.652121,-37.20857
FELIPE RIBEIRO,2025-05-03 13:55:10,33.5,13.1,-18.57941,-37.154721
FELIPE RIBEIRO,2025-05-03 14:02:00,33.6,13.3,-18.558668,-37.139718
FELIPE RIBEIRO,2025-05-03 15:10:19,37.1,12.9,-18.370733,-36.97127
FELIPE RIBEIRO,2025-05-03 16:35:21,38.1,13.1,-18.120813,-36.777258
FELIPE RIBEIRO,2025-05-03 16:58:50,39.1,13.2,-18.052378,-36.722308
FELIPE RIBEIRO,2025-05-03 17:02:00,36.8,13.3,-18.043105,-36.714835
FELIPE RIBEIRO,2025-05-03 18:10:13,14.5,13.7,-17.804161,-36.621098
FELIPE RIBEIRO,2025-05-03 18:12:43,15.5,13.5,-17.795063,-36.618635
FELIPE RIBEIRO,2025-05-03 18:18:12,16.6,13.5,-17.775251,-36.612543
FELIPE RIBEIRO,2025-05-03 18:20:33,18.6,13.4,-17.766978,-36.609866
FELIPE RIBEIRO,2025-05-03 18:39:53,20.0,13.0,-17.699651,-36.586268
FELIPE RIBEIRO,2025-05-03 18:43:43,17.5,13.0,-17.686418,-36.581711
FELIPE RIBEIRO,2025-05-03 18:48:12,17.9,12.8,-17.67111,-36.576788
FELIPE RIBEIRO,2025-05-03 19:58:24,19.9,12.9,-17.435996,-36.49047
FELIPE RIBEIRO,2025-05-03 20:03:13,18.0,12.8,-17.419715,-36.484255
FELIPE RIBEIRO,2025-05-03 20:04:13,17.3,12.9,-17.416363,-36.483096
FELIPE RIBEIRO,2025-05-03 20:06:43,14.5,12.7,-17.407775,-36.480641
FELIPE RIBEIRO,2025-05-03 20:07:43,13.7,12.8,-17.404313,-36.479723
FELIPE RIBEIRO,2025-05-03 20:26:33,12.8,13.0,-17.338978,-36.462721
FELIPE RIBEIRO,2025-05-03 20:30:33,13.1,13.1,-17.32504,-36.459136
FELIPE RIBEIRO,2025-05-03 20:54:03,13.3,13.1,-17.242586,-36.437485
FELIPE RIBEIRO,2025-05-03 20:57:03,14.6,13.1,-17.232045,-36.434611
FELIPE RIBEIRO,2025-05-03 21:02:52,14.3,13.2,-17.211515,-36.429136
FELIPE RIBEIRO,2025-05-03 21:05:22,14.2,13.2,-17.20262,-36.426696
FELIPE RIBEIRO,2025-05-03 21:44:04,12.8,13.2,-17.064058,-36.390628
FELIPE RIBEIRO,2025-05-03 21:46:14,13.8,13.3,-17.056258,-36.388648
FELIPE RIBEIRO,2025-05-03 21:50:23,14.6,13.3,-17.041288,-36.384798
FELIPE RIBEIRO,2025-05-03 22:49:22,13.6,13.5,-16.827763,-36.331483
FELIPE RIBEIRO,2025-05-04 00:10:48,13.7,13.6,-16.530706,-36.25445
FELIPE RIBEIRO,2025-05-04 00:17:04,12.8,13.5,-16.50549,-36.248498
FELIPE RIBEIRO,2025-05-04 00:17:32,13.0,13.6,-16.503778,-36.248081
FELIPE RIBEIRO,2025-05-04 00:18:04,12.5,13.5,-16.501865,-36.247621
FELIPE RIBEIRO,2025-05-04 00:20:22,12.9,13.5,-16.493331,-36.245566
FELIPE RIBEIRO,2025-05-04 00:36:01,11.8,13.5,-16.435513,-36.232351
FELIPE RIBEIRO,2025-05-04 00:36:33,13.2,13.7,-16.433583,-36.231898
FELIPE RIBEIRO,2025-05-04 00:37:01,11.3,13.7,-16.431756,-36.231525
FELIPE RIBEIRO,2025-05-04 00:37:33,11.9,13.8,-16.429775,-36.231138
FELIPE RIBEIRO,2025-05-04 00:38:33,11.6,13.7,-16.426128,-36.230321
FELIPE RIBEIRO,2025-05-04 00:38:42,12.1,13.9,-16.425573,-36.230216
FELIPE RIBEIRO,2025-05-04 00:40:33,13.0,13.8,-16.418585,-36.22863
FELIPE RIBEIRO,2025-05-04 00:40:42,11.9,13.7,-16.418091,-36.228531
FELIPE RIBEIRO,2025-05-04 01:17:45,19.1,13.8,-16.280455,-36.188768
FELIPE RIBEIRO,2025-05-04 01:47:35,20.6,13.6,-16.17375,-36.148185
FELIPE RIBEIRO,2025-05-04 01:48:15,20.2,13.6,-16.17135,-36.14723
FELIPE RIBEIRO,2025-05-04 01:48:25,19.8,13.5,-16.17082,-36.147023
FELIPE RIBEIRO,2025-05-04 01:49:25,20.5,13.6,-16.167216,-36.145641
FELIPE RIBEIRO,2025-05-04 01:50:35,20.1,13.5,-16.163143,-36.144083
FELIPE RIBEIRO,2025-05-04 01:51:15,20.2,13.5,-16.160738,-36.143163
FELIPE RIBEIRO,2025-05-04 01:51:35,19.8,13.4,-16.15957,-36.142715
FELIPE RIBEIRO,2025-05-04 01:52:35,20.6,13.4,-16.156076,-36.141383
FELIPE RIBEIRO,2025-05-04 02:28:15,13.2,13.3,-16.027763,-36.105038
FELIPE RIBEIRO,2025-05-04 02:30:35,12.2,13.4,-16.019296,-36.103005
FELIPE RIBEIRO,2025-05-04 02:32:44,14.3,13.3,-16.011495,-36.101015
FELIPE RIBEIRO,2025-05-04 02:56:05,13.8,13.5,-15.926458,-36.080391
FELIPE RIBEIRO,2025-05-04 03:00:25,14.1,13.5,-15.910651,-36.076375
FELIPE RIBEIRO,2025-05-04 03:04:46,13.5,13.4,-15.894888,-36.072443
FELIPE RIBEIRO,2025-05-04 03:07:45,12.9,13.5,-15.883971,-36.069796
FELIPE RIBEIRO,2025-05-04 03:31:36,16.3,13.3,-15.79844,-36.045495
FELIPE RIBEIRO,2025-05-04 03:35:16,15.0,13.3,-15.785278,-36.041791
FELIPE RIBEIRO,2025-05-04 04:10:05,16.6,13.1,-15.661631,-36.00614
FELIPE RIBEIRO,2025-05-04 04:13:05,16.5,13.0,-15.650983,-36.002946
FELIPE RIBEIRO,2025-05-04 06:37:15,16.8,13.0,-15.141271,-35.847071
FELIPE RIBEIRO,2025-05-04 06:40:15,15.7,13.1,-15.130681,-35.843816
FELIPE RIBEIRO,2025-05-04 06:43:35,17.3,13.2,-15.119033,-35.840265
FELIPE RIBEIRO,2025-05-04 07:25:05,16.1,13.2,-14.972773,-35.796435
FELIPE RIBEIRO,2025-05-04 07:27:16,16.8,13.1,-14.965018,-35.794178
FELIPE RIBEIRO,2025-05-04 07:30:55,15.4,13.1,-14.952228,-35.790348
FELIPE RIBEIRO,2025-05-04 07:33:15,15.9,13.1,-14.944025,-35.787915
FELIPE RIBEIRO,2025-05-04 08:22:16,14.1,13.5,-14.768855,-35.7403
FELIPE RIBEIRO,2025-05-04 08:27:16,14.2,13.5,-14.750666,-35.735545
FELIPE RIBEIRO,2025-05-04 08:29:36,15.2,13.5,-14.742146,-35.733301
FELIPE RIBEIRO,2025-05-04 08:32:15,14.6,13.5,-14.732478,-35.730793
FELIPE RIBEIRO,2025-05-04 08:37:26,15.0,13.5,-14.713638,-35.725743
FELIPE RIBEIRO,2025-05-04 08:47:47,14.6,13.6,-14.675825,-35.715693
FELIPE RIBEIRO,2025-05-04 08:52:46,14.3,13.6,-14.657513,-35.710823
FELIPE RIBEIRO,2025-05-04 08:54:56,14.6,13.7,-14.649503,-35.708685
FELIPE RIBEIRO,2025-05-04 08:57:05,14.2,13.7,-14.641576,-35.706573
FELIPE RIBEIRO,2025-05-04 09:18:05,13.2,13.7,-14.56386,-35.6865
FELIPE RIBEIRO,2025-05-04 10:07:44,13.8,13.7,-14.378806,-35.639376
FELIPE RIBEIRO,2025-05-04 10:14:04,14.3,13.7,-14.355463,-35.633178
FELIPE RIBEIRO,2025-05-04 10:38:06,14.9,13.7,-14.2664,-35.60927
FELIPE RIBEIRO,2025-05-04 10:57:24,16.4,13.6,-14.19585,-35.588081
FELIPE RIBEIRO,2025-05-04 10:57:35,16.4,13.5,-14.195133,-35.58786
FELIPE RIBEIRO,2025-05-04 11:01:44,16.1,13.5,-14.180081,-35.58344
FELIPE RIBEIRO,2025-05-04 11:02:44,15.8,13.5,-14.176468,-35.582391
FELIPE RIBEIRO,2025-05-04 11:17:46,16.3,13.6,-14.122126,-35.566338
FELIPE RIBEIRO,2025-05-04 11:52:45,15.9,13.5,-13.995975,-35.528671
FELIPE RIBEIRO,2025-05-04 11:55:35,16.2,13.5,-13.985731,-35.525526
FELIPE RIBEIRO,2025-05-04 11:57:05,16.4,13.6,-13.98023,-35.523831
FELIPE RIBEIRO,2025-05-04 12:26:16,16.3,13.7,-13.873903,-35.491203
FELIPE RIBEIRO,2025-05-04 12:26:46,16.8,13.7,-13.872081,-35.490641
FELIPE RIBEIRO,2025-05-04 12:28:46,18.1,13.7,-13.864801,-35.488371
FELIPE RIBEIRO,2025-05-04 12:30:16,17.5,13.6,-13.859266,-35.486626
FELIPE RIBEIRO,2025-05-04 12:30:26,17.1,13.7,-13.858658,-35.486433
FELIPE RIBEIRO,2025-05-04 12:30:34,17.9,13.7,-13.858173,-35.486275
FELIPE RIBEIRO,2025-05-04 12:30:56,16.9,13.7,-13.856893,-35.485876
FELIPE RIBEIRO,2025-05-04 12:31:16,17.5,13.7,-13.855681,-35.485483
FELIPE RIBEIRO,2025-05-04 12:31:54,18.4,13.7,-13.853323,-35.484716
FELIPE RIBEIRO,2025-05-04 12:59:26,18.7,13.8,-13.75236,-35.452593
FELIPE RIBEIRO,2025-05-04 13:02:11,18.0,13.9,-13.74209,-35.449288
FELIPE RIBEIRO,2025-05-04 13:04:48,17.6,13.8,-13.732548,-35.446253
FELIPE RIBEIRO,2025-05-04 13:22:31,16.0,13.8,-13.6673,-35.425423
FELIPE RIBEIRO,2025-05-04 13:22:41,15.6,13.8,-13.666688,-35.425241
FELIPE RIBEIRO,2025-05-04 13:25:21,15.6,13.7,-13.656906,-35.422403
FELIPE RIBEIRO,2025-05-04 13:26:41,15.1,13.6,-13.651921,-35.420956
FELIPE RIBEIRO,2025-05-04 13:31:51,15.3,13.6,-13.632983,-35.415541
FELIPE RIBEIRO,2025-05-04 13:35:22,14.6,13.6,-13.62003,-35.411996
FELIPE RIBEIRO,2025-05-04 13:37:51,14.9,13.8,-13.610861,-35.409468
FELIPE RIBEIRO,2025-05-04 13:38:52,15.5,13.8,-13.60717,-35.408451
FELIPE RIBEIRO,2025-05-04 14:05:21,14.3,13.5,-13.510178,-35.38217
FELIPE RIBEIRO,2025-05-04 14:11:21,13.5,13.5,-13.488225,-35.37655
FELIPE RIBEIRO,2025-05-04 14:13:31,13.9,13.5,-13.480406,-35.374536
FELIPE RIBEIRO,2025-05-04 14:45:32,13.8,13.5,-13.36314,-35.345055
FELIPE RIBEIRO,2025-05-04 15:17:01,13.7,13.5,-13.247371,-35.31663
FELIPE RIBEIRO,2025-05-04 15:21:01,13.9,13.5,-13.232771,-35.31312
FELIPE RIBEIRO,2025-05-04 17:47:02,14.8,13.5,-12.70574,-35.157046
FELIPE RIBEIRO,2025-05-04 19:00:41,15.9,13.2,-12.443555,-35.085585
FELIPE RIBEIRO,2025-05-04 19:02:51,15.1,13.2,-12.435948,-35.083486
FELIPE RIBEIRO,2025-05-04 19:05:12,15.8,13.2,-12.427536,-35.08111
FELIPE RIBEIRO,2025-05-04 19:09:31,15.5,13.3,-12.412166,-35.076946
FELIPE RIBEIRO,2025-05-04 19:24:11,14.8,13.4,-12.359225,-35.062481
FELIPE RIBEIRO,2025-05-04 19:26:42,15.1,13.4,-12.350141,-35.060031
FELIPE RIBEIRO,2025-05-04 19:30:12,16.1,13.4,-12.337423,-35.056446
FELIPE RIBEIRO,2025-05-04 19:32:52,15.5,13.4,-12.327796,-35.053795
FELIPE RIBEIRO,2025-05-04 19:59:22,15.8,13.4,-12.232061,-35.026835
FELIPE RIBEIRO,2025-05-04 20:02:51,16.2,13.4,-12.219593,-35.023336
FELIPE RIBEIRO,2025-05-04 20:43:42,15.5,13.3,-12.073168,-34.981531
FELIPE RIBEIRO,2025-05-04 20:46:31,16.4,13.3,-12.063116,-34.97867
FELIPE RIBEIRO,2025-05-04 20:47:30,16.9,13.3,-12.05955,-34.97761
FELIPE RIBEIRO,2025-05-04 20:49:31,15.7,13.3,-12.052273,-34.975483
FELIPE RIBEIRO,2025-05-04 20:50:11,16.0,13.3,-12.050025,-34.97481
FELIPE RIBEIRO,2025-05-04 20:52:41,16.2,13.3,-12.041125,-34.972201
FELIPE RIBEIRO,2025-05-04 20:56:01,16.0,13.5,-12.029163,-34.968666
FELIPE RIBEIRO,2025-05-05 00:14:21,13.6,13.6,-11.315061,-34.778911
FELIPE RIBEIRO,2025-05-05 00:15:11,12.8,13.7,-11.311966,-34.77817
FELIPE RIBEIRO,2025-05-05 00:16:11,13.3,13.6,-11.308226,-34.777266
FELIPE RIBEIRO,2025-05-05 00:17:21,13.4,13.7,-11.303993,-34.776236
FELIPE RIBEIRO,2025-05-05 00:18:00,13.5,13.7,-11.301596,-34.775653
FELIPE RIBEIRO,2025-05-05 00:19:00,13.1,13.7,-11.297905,-34.77477
FELIPE RIBEIRO,2025-05-05 00:19:52,13.6,13.6,-11.294705,-34.77398
FELIPE RIBEIRO,2025-05-05 00:20:11,13.5,13.6,-11.293531,-34.773703
FELIPE RIBEIRO,2025-05-05 00:20:41,13.2,13.6,-11.291691,-34.773241
FELIPE RIBEIRO,2025-05-05 00:20:52,13.3,13.6,-11.291076,-34.77309
FELIPE RIBEIRO,2025-05-05 00:21:41,13.5,13.5,-11.287998,-34.772345
FELIPE RIBEIRO,2025-05-05 00:21:52,13.7,13.7,-11.28732,-34.772183
FELIPE RIBEIRO,2025-05-05 00:51:00,12.1,13.6,-11.179363,-34.746756
FELIPE RIBEIRO,2025-05-05 00:52:00,11.9,13.6,-11.17566,-34.745911
FELIPE RIBEIRO,2025-05-05 00:52:50,13.1,13.7,-11.172651,-34.745236
FELIPE RIBEIRO,2025-05-05 00:53:00,12.6,13.6,-11.17198,-34.745085
FELIPE RIBEIRO,2025-05-05 00:53:21,13.2,13.7,-11.170696,-34.744786
FELIPE RIBEIRO,2025-05-05 00:54:21,13.1,13.7,-11.167066,-34.743953
FELIPE RIBEIRO,2025-05-05 00:55:00,13.5,13.7,-11.16461,-34.743391
FELIPE RIBEIRO,2025-05-05 00:55:11,12.7,13.6,-11.163865,-34.743208
FELIPE RIBEIRO,2025-05-05 00:55:21,13.5,13.6,-11.163303,-34.743071
FELIPE RIBEIRO,2025-05-05 01:29:12,12.7,13.7,-11.0374,-34.713591
FELIPE RIBEIRO,2025-05-05 01:55:12,16.2,13.9,-10.940553,-34.686805
FELIPE RIBEIRO,2025-05-05 01:58:01,15.6,13.7,-10.930118,-34.683793
FELIPE RIBEIRO,2025-05-05 02:01:12,16.0,13.8,-10.918285,-34.680321
FELIPE RIBEIRO,2025-05-05 02:06:12,16.5,13.8,-10.899845,-34.674888
FELIPE RIBEIRO,2025-05-05 02:25:42,16.2,13.7,-10.827828,-34.653531
FELIPE RIBEIRO,2025-05-05 02:30:22,16.4,13.8,-10.810725,-34.648421
FELIPE RIBEIRO,2025-05-05 02:32:51,17.0,13.7,-10.801581,-34.645656
FELIPE RIBEIRO,2025-05-05 02:35:01,16.6,13.7,-10.793563,-34.643238
FELIPE RIBEIRO,2025-05-05 02:39:51,16.3,13.7,-10.775921,-34.637898
FELIPE RIBEIRO,2025-05-05 03:04:43,15.4,13.8,-10.68427,-34.610893
FELIPE RIBEIRO,2025-05-05 03:10:41,16.5,13.9,-10.662093,-34.604515
FELIPE RIBEIRO,2025-05-05 03:11:44,16.3,13.8,-10.658268,-34.603436
FELIPE RIBEIRO,2025-05-05 03:14:51,16.7,13.9,-10.646731,-34.600046
FELIPE RIBEIRO,2025-05-05 03:43:08,15.6,14.0,-10.541168,-34.569775
FELIPE RIBEIRO,2025-05-05 04:37:19,14.6,14.1,-10.337275,-34.513965
FELIPE RIBEIRO,2025-05-05 04:38:26,15.5,13.9,-10.333063,-34.51283
FELIPE RIBEIRO,2025-05-05 04:39:02,15.1,14.0,-10.330801,-34.512216
FELIPE RIBEIRO,2025-05-05 04:39:26,14.9,14.1,-10.329343,-34.51183
FELIPE RIBEIRO,2025-05-05 04:39:38,15.0,14.0,-10.328591,-34.511623
FELIPE RIBEIRO,2025-05-05 04:40:02,14.5,14.0,-10.32702,-34.5112
FELIPE RIBEIRO,2025-05-05 04:40:32,15.1,14.0,-10.325133,-34.51069
FELIPE RIBEIRO,2025-05-05 04:40:38,14.7,13.9,-10.324756,-34.510588
FELIPE RIBEIRO,2025-05-05 04:40:43,14.5,14.0,-10.324441,-34.510505
FELIPE RIBEIRO,2025-05-05 04:41:07,14.8,14.1,-10.322941,-34.510081
FELIPE RIBEIRO,2025-05-05 04:41:13,15.3,13.9,-10.322573,-34.509978
FELIPE RIBEIRO,2025-05-05 04:41:38,15.1,13.9,-10.321053,-34.509575
FELIPE RIBEIRO,2025-05-05 04:41:55,15.1,13.9,-10.319905,-34.509266
FELIPE RIBEIRO,2025-05-05 04:42:07,15.2,14.0,-10.319098,-34.50905
FELIPE RIBEIRO,2025-05-05 04:42:19,15.1,13.9,-10.318411,-34.508863
FELIPE RIBEIRO,2025-05-05 04:42:26,15.0,14.0,-10.317973,-34.508738
FELIPE RIBEIRO,2025-05-05 04:42:32,15.0,13.9,-10.317606,-34.508638
FELIPE RIBEIRO,2025-05-05 04:43:02,15.5,13.9,-10.315825,-34.508128
FELIPE RIBEIRO,2025-05-05 04:43:07,15.0,13.9,-10.315441,-34.508018
FELIPE RIBEIRO,2025-05-05 04:43:13,15.0,14.0,-10.315055,-34.507911
FELIPE RIBEIRO,2025-05-05 04:43:25,14.6,14.0,-10.314251,-34.50768
FELIPE RIBEIRO,2025-05-05 04:43:32,15.2,14.0,-10.313875,-34.507578
FELIPE RIBEIRO,2025-05-05 04:43:37,14.7,13.9,-10.313498,-34.507478
FELIPE RIBEIRO,2025-05-05 04:43:38,14.7,13.9,-10.313498,-34.507478
FELIPE RIBEIRO,2025-05-05 04:43:49,14.7,13.9,-10.312736,-34.507273
FELIPE RIBEIRO,2025-05-05 04:43:55,15.3,13.9,-10.312423,-34.507185
FELIPE RIBEIRO,2025-05-05 04:44:02,15.3,14.0,-10.311985,-34.507063
FELIPE RIBEIRO,2025-05-05 04:44:07,14.9,13.9,-10.311673,-34.506975
FELIPE RIBEIRO,2025-05-05 04:44:13,15.1,14.0,-10.311281,-34.50687
FELIPE RIBEIRO,2025-05-05 04:44:37,15.1,13.9,-10.309783,-34.506456
FELIPE RIBEIRO,2025-05-05 04:45:07,15.0,13.9,-10.307851,-34.505921
FELIPE RIBEIRO,2025-05-05 04:45:43,15.1,13.9,-10.305608,-34.505295
FELIPE RIBEIRO,2025-05-05 06:30:17,16.5,13.7,-9.918185,-34.39285
FELIPE RIBEIRO,2025-05-05 06:32:27,17.2,13.8,-9.910246,-34.390426
FELIPE RIBEIRO,2025-05-05 06:37:08,17.3,13.8,-9.89306,-34.38512
FELIPE RIBEIRO,2025-05-05 07:20:54,15.4,13.7,-9.73147,-34.338516
FELIPE RIBEIRO,2025-05-05 07:23:14,15.0,13.7,-9.722863,-34.336095
FELIPE RIBEIRO,2025-05-05 07:24:54,15.5,13.7,-9.716573,-34.33437
FELIPE RIBEIRO,2025-05-05 07:26:14,15.0,13.7,-9.711803,-34.33304
FELIPE RIBEIRO,2025-05-05 07:28:25,14.5,13.6,-9.703706,-34.330786
FELIPE RIBEIRO,2025-05-05 07:46:54,15.1,13.6,-9.635843,-34.312345
FELIPE RIBEIRO,2025-05-05 07:51:23,14.9,13.5,-9.619475,-34.307916
FELIPE RIBEIRO,2025-05-05 07:53:32,14.4,13.6,-9.61154,-34.305828
FELIPE RIBEIRO,2025-05-05 07:55:53,15.4,13.6,-9.602983,-34.303555
FELIPE RIBEIRO,2025-05-05 07:58:22,14.5,13.6,-9.593783,-34.301135
FELIPE RIBEIRO,2025-05-05 08:11:24,15.0,13.6,-9.546021,-34.288393
FELIPE RIBEIRO,2025-05-05 08:15:03,15.3,13.6,-9.532618,-34.284803
FELIPE RIBEIRO,2025-05-05 09:06:44,13.8,13.6,-9.343881,-34.234493
FELIPE RIBEIRO,2025-05-05 09:09:44,15.1,13.6,-9.332893,-34.231631
FELIPE RIBEIRO,2025-05-05 09:11:54,15.4,13.6,-9.324926,-34.22951
FELIPE RIBEIRO,2025-05-05 09:14:34,14.7,13.6,-9.31515,-34.226928
FELIPE RIBEIRO,2025-05-05 10:41:03,15.0,13.1,-9.000648,-34.142348
FELIPE RIBEIRO,2025-05-05 11:28:54,15.5,13.0,-8.831263,-34.095818
FELIPE RIBEIRO,2025-05-05 11:31:12,16.0,13.1,-8.823193,-34.093601
FELIPE RIBEIRO,2025-05-05 12:09:23,15.2,13.0,-8.688988,-34.056766
FELIPE RIBEIRO,2025-05-05 12:09:54,15.2,13.1,-8.687173,-34.056266
FELIPE RIBEIRO,2025-05-05 12:12:04,15.6,13.0,-8.679536,-34.054153
FELIPE RIBEIRO,2025-05-05 12:12:23,16.4,13.0,-8.678368,-34.053825
FELIPE RIBEIRO,2025-05-05 12:13:13,14.5,13.1,-8.675545,-34.053055
FELIPE RIBEIRO,2025-05-05 12:13:23,14.9,13.0,-8.674901,-34.052873
FELIPE RIBEIRO,2025-05-05 12:13:33,15.3,13.1,-8.674306,-34.052708
FELIPE RIBEIRO,2025-05-05 12:14:23,15.3,13.0,-8.671375,-34.051881
FELIPE RIBEIRO,2025-05-05 12:15:24,15.7,13.0,-8.667793,-34.050855
FELIPE RIBEIRO,2025-05-05 12:30:23,15.7,13.2,-8.615125,-34.035605
FELIPE RIBEIRO,2025-05-05 12:33:04,16.0,13.1,-8.605741,-34.032915
FELIPE RIBEIRO,2025-05-05 12:35:55,16.6,13.1,-8.595686,-34.030043
FELIPE RIBEIRO,2025-05-05 12:38:34,15.7,13.1,-8.586316,-34.027406
FELIPE RIBEIRO,2025-05-05 12:41:33,15.0,13.2,-8.575741,-34.024506
FELIPE RIBEIRO,2025-05-05 13:13:24,15.3,13.1,-8.463463,-33.992975
FELIPE RIBEIRO,2025-05-05 13:15:33,17.1,13.2,-8.455825,-33.990711
FELIPE RIBEIRO,2025-05-05 13:41:33,16.8,13.0,-8.363953,-33.96339
FELIPE RIBEIRO,2025-05-05 13:46:04,16.7,12.9,-8.348283,-33.958788
FELIPE RIBEIRO,2025-05-05 14:21:04,14.0,13.0,-8.226665,-33.924021
FELIPE RIBEIRO,2025-05-05 14:52:04,15.7,12.9,-8.119011,-33.89413
FELIPE RIBEIRO,2025-05-05 15:07:32,15.6,13.0,-8.065028,-33.879375
FELIPE RIBEIRO,2025-05-05 15:07:41,15.0,13.0,-8.064505,-33.879228
FELIPE RIBEIRO,2025-05-05 15:08:32,15.2,13.0,-8.061595,-33.878425
FELIPE RIBEIRO,2025-05-05 15:09:22,14.7,13.0,-8.058623,-33.877635
FELIPE RIBEIRO,2025-05-05 16:43:42,14.8,13.2,-7.72603,-33.78776
FELIPE RIBEIRO,2025-05-05 16:44:52,15.6,13.3,-7.721815,-33.786623
FELIPE RIBEIRO,2025-05-05 16:45:12,14.3,13.3,-7.72068,-33.786321
FELIPE RIBEIRO,2025-05-05 16:46:12,14.7,13.4,-7.717116,-33.785393
FELIPE RIBEIRO,2025-05-05 16:48:52,14.7,13.3,-7.70755,-33.782816
FELIPE RIBEIRO,2025-05-05 16:49:01,14.6,13.3,-7.706956,-33.782656
FELIPE RIBEIRO,2025-05-05 16:49:41,14.9,13.3,-7.704633,-33.782031
FELIPE RIBEIRO,2025-05-05 16:50:01,14.8,13.2,-7.703381,-33.781691
FELIPE RIBEIRO,2025-05-05 16:50:23,14.4,13.3,-7.702126,-33.781356
FELIPE RIBEIRO,2025-05-05 16:51:01,15.4,13.3,-7.69986,-33.780741
FELIPE RIBEIRO,2025-05-05 18:03:53,12.8,13.6,-7.435701,-33.713358
FELIPE RIBEIRO,2025-05-05 18:06:02,13.7,13.5,-7.42784,-33.711421
FELIPE RIBEIRO,2025-05-05 18:26:23,13.6,13.5,-7.353493,-33.692865
FELIPE RIBEIRO,2025-05-05 18:29:15,14.8,13.6,-7.342951,-33.690165
FELIPE RIBEIRO,2025-05-05 18:32:24,13.8,13.6,-7.331393,-33.687118
FELIPE RIBEIRO,2025-05-05 18:56:44,14.8,13.7,-7.241431,-33.663701
FELIPE RIBEIRO,2025-05-05 19:41:56,16.3,13.8,-7.072643,-33.620593
FELIPE RIBEIRO,2025-05-05 19:43:01,15.5,13.7,-7.068551,-33.619428
FELIPE RIBEIRO,2025-05-05 19:44:20,16.3,13.9,-7.06383,-33.618035
FELIPE RIBEIRO,2025-05-05 19:47:31,17.0,13.8,-7.052068,-33.614568
FELIPE RIBEIRO,2025-05-05 19:49:40,16.9,13.8,-7.044056,-33.612196
FELIPE RIBEIRO,2025-05-05 19:51:18,15.9,13.8,-7.037995,-33.61042
FELIPE RIBEIRO,2025-05-05 19:52:40,16.7,13.8,-7.032981,-33.608968
FELIPE RIBEIRO,2025-05-05 20:12:43,16.3,13.7,-6.958993,-33.587758
FELIPE RIBEIRO,2025-05-05 20:16:54,16.6,13.7,-6.943605,-33.583308
FELIPE RIBEIRO,2025-05-05 20:35:53,16.0,13.7,-6.8736,-33.563246
FELIPE RIBEIRO,2025-05-05 23:56:33,14.8,13.7,-6.145485,-33.359536
FELIPE RIBEIRO,2025-05-06 00:27:04,16.1,13.5,-6.03419,-33.32822
FELIPE RIBEIRO,2025-05-06 00:41:03,16.6,13.4,-5.984115,-33.313775
FELIPE RIBEIRO,2025-05-06 00:54:24,16.4,13.4,-5.93648,-33.300005
FELIPE RIBEIRO,2025-05-06 00:56:32,16.2,13.3,-5.928796,-33.297783
FELIPE RIBEIRO,2025-05-06 01:03:02,16.0,13.3,-5.905693,-33.291086
FELIPE RIBEIRO,2025-05-06 01:06:24,16.0,13.3,-5.893728,-33.287591
FELIPE RIBEIRO,2025-05-06 01:24:12,16.1,13.4,-5.829838,-33.269196
FELIPE RIBEIRO,2025-05-06 01:25:52,16.9,13.4,-5.823838,-33.267451
FELIPE RIBEIRO,2025-05-06 01:26:02,16.9,13.5,-5.82324,-33.26727
FELIPE RIBEIRO,2025-05-06 01:26:12,17.1,13.4,-5.82264,-33.267086
FELIPE RIBEIRO,2025-05-06 01:26:23,17.6,13.4,-5.821978,-33.26689
FELIPE RIBEIRO,2025-05-06 01:27:02,16.4,13.4,-5.819716,-33.266216
FELIPE RIBEIRO,2025-05-06 01:28:12,17.4,13.4,-5.81549,-33.264966
FELIPE RIBEIRO,2025-05-06 01:28:51,16.3,13.3,-5.813191,-33.264276
FELIPE RIBEIRO,2025-05-06 01:28:52,16.3,13.3,-5.813191,-33.264276
FELIPE RIBEIRO,2025-05-06 01:30:12,15.7,13.4,-5.808343,-33.262873
FELIPE RIBEIRO,2025-05-06 01:30:42,16.0,13.4,-5.806601,-33.262356
FELIPE RIBEIRO,2025-05-06 01:31:31,16.0,13.4,-5.803518,-33.261466
FELIPE RIBEIRO,2025-05-06 01:35:41,15.8,13.3,-5.788658,-33.257248
FELIPE RIBEIRO,2025-05-06 01:39:02,16.3,13.4,-5.776681,-33.253843
FELIPE RIBEIRO,2025-05-06 02:02:43,15.2,13.3,-5.692245,-33.229736
FELIPE RIBEIRO,2025-05-06 02:11:44,16.5,13.3,-5.660051,-33.220738
FELIPE RIBEIRO,2025-05-06 02:43:02,15.3,13.1,-5.549095,-33.189155
FELIPE RIBEIRO,2025-05-06 02:45:21,16.3,13.2,-5.540843,-33.186816
FELIPE RIBEIRO,2025-05-06 03:22:41,14.8,13.1,-5.408648,-33.15057
FELIPE RIBEIRO,2025-05-06 03:24:31,15.2,13.2,-5.40208,-33.148845
FELIPE RIBEIRO,2025-05-06 04:52:51,13.5,13.4,-5.08695,-33.064603
FELIPE RIBEIRO,2025-05-06 04:53:11,14.1,13.3,-5.085733,-33.064285
FELIPE RIBEIRO,2025-05-06 04:53:51,13.7,13.2,-5.083398,-33.06366
FELIPE RIBEIRO,2025-05-06 04:54:21,15.8,13.3,-5.081543,-33.06318
FELIPE RIBEIRO,2025-05-06 04:55:32,13.5,13.4,-5.07727,-33.062046
FELIPE RIBEIRO,2025-05-06 04:55:51,15.3,13.3,-5.076173,-33.061778
FELIPE RIBEIRO,2025-05-06 04:56:21,15.0,13.3,-5.074303,-33.061293
FELIPE RIBEIRO,2025-05-06 04:56:31,14.8,13.3,-5.073713,-33.06114
FELIPE RIBEIRO,2025-05-06 04:57:21,14.5,13.2,-5.070778,-33.06038
FELIPE RIBEIRO,2025-05-06 04:58:01,14.5,13.3,-5.068346,-33.05974
FELIPE RIBEIRO,2025-05-06 06:21:34,15.4,12.8,-4.774425,-32.982108
FELIPE RIBEIRO,2025-05-06 06:26:14,14.0,12.7,-4.758333,-32.977886
FELIPE RIBEIRO,2025-05-06 06:29:23,15.7,12.8,-4.747421,-32.97496
FELIPE RIBEIRO,2025-05-06 06:51:54,14.8,12.8,-4.669691,-32.954826
FELIPE RIBEIRO,2025-05-06 07:09:42,14.4,13.0,-4.60789,-32.938865
FELIPE RIBEIRO,2025-05-06 07:12:52,14.3,12.9,-4.59685,-32.93612
FELIPE RIBEIRO,2025-05-06 07:13:32,13.9,12.8,-4.594566,-32.935531
FELIPE RIBEIRO,2025-05-06 07:16:32,13.2,12.8,-4.584143,-32.932991
FELIPE RIBEIRO,2025-05-06 07:18:43,13.7,12.7,-4.576506,-32.931131
FELIPE RIBEIRO,2025-05-06 08:05:53,15.0,12.9,-4.411665,-32.888508
FELIPE RIBEIRO,2025-05-06 08:07:54,14.5,13.0,-4.404583,-32.886661
FELIPE RIBEIRO,2025-05-06 08:10:23,14.7,12.9,-4.395885,-32.884431
FELIPE RIBEIRO,2025-05-06 08:14:54,13.6,13.1,-4.379955,-32.88041
FELIPE RIBEIRO,2025-05-06 08:31:14,14.4,13.0,-4.32222,-32.865886
FELIPE RIBEIRO,2025-05-06 08:35:14,13.6,13.1,-4.308135,-32.862183
FELIPE RIBEIRO,2025-05-06 08:37:23,14.8,13.0,-4.300506,-32.860218
FELIPE RIBEIRO,2025-05-06 11:28:13,15.1,13.2,-3.702358,-32.690793
FELIPE RIBEIRO,2025-05-06 11:28:53,15.8,13.1,-3.700006,-32.690138
FELIPE RIBEIRO,2025-05-06 11:38:44,16.8,13.2,-3.665318,-32.680211
FELIPE RIBEIRO,2025-05-06 11:49:22,17.8,13.2,-3.627776,-32.66908
FELIPE RIBEIRO,2025-05-06 11:51:13,15.6,13.3,-3.621345,-32.667146
FELIPE RIBEIRO,2025-05-06 11:51:52,15.1,13.2,-3.618993,-32.66646
FELIPE RIBEIRO,2025-05-06 11:52:32,16.4,13.2,-3.616641,-32.665793
FELIPE RIBEIRO,2025-05-06 11:53:13,16.8,13.2,-3.61422,-32.665088
FELIPE RIBEIRO,2025-05-06 11:53:32,15.9,13.1,-3.613093,-32.664761
FELIPE RIBEIRO,2025-05-06 11:55:32,17.1,13.2,-3.60608,-32.662656
FELIPE RIBEIRO,2025-05-06 11:55:43,17.2,13.2,-3.605491,-32.662475
FELIPE RIBEIRO,2025-05-06 11:55:53,17.1,13.1,-3.604916,-32.6623
FELIPE RIBEIRO,2025-05-06 12:10:23,17.3,13.0,-3.553881,-32.647331
FELIPE RIBEIRO,2025-05-06 12:15:44,16.6,13.0,-3.535288,-32.641886
FELIPE RIBEIRO,2025-05-06 12:18:53,16.3,12.9,-3.524193,-32.638725
FELIPE RIBEIRO,2025-05-06 12:42:52,17.1,12.7,-3.441751,-32.61435
FELIPE RIBEIRO,2025-05-06 12:45:42,17.0,12.8,-3.43207,-32.611471
FELIPE RIBEIRO,2025-05-06 12:48:23,17.1,12.8,-3.42292,-32.608713
FELIPE RIBEIRO,2025-05-06 12:49:01,17.4,12.7,-3.420718,-32.607998
FELIPE RIBEIRO,2025-05-06 12:50:43,18.5,12.7,-3.414991,-32.60609
FELIPE RIBEIRO,2025-05-06 12:59:03,18.6,12.8,-3.386928,-32.596546
FELIPE RIBEIRO,2025-05-06 12:59:22,18.4,12.8,-3.385855,-32.596183
FELIPE RIBEIRO,2025-05-06 12:59:32,18.8,12.8,-3.385341,-32.596005
FELIPE RIBEIRO,2025-05-06 12:59:42,18.6,12.8,-3.38474,-32.5958
FELIPE RIBEIRO,2025-05-06 13:00:03,18.6,12.8,-3.383523,-32.595401
FELIPE RIBEIRO,2025-05-06 13:00:22,18.4,12.8,-3.382451,-32.595048
FELIPE RIBEIRO,2025-05-06 13:00:32,17.7,12.8,-3.381883,-32.594863
FELIPE RIBEIRO,2025-05-06 13:01:22,18.0,12.8,-3.379126,-32.593931
FELIPE RIBEIRO,2025-05-06 13:01:32,18.7,12.7,-3.378595,-32.593773
FELIPE RIBEIRO,2025-05-06 13:01:42,18.0,12.8,-3.378041,-32.59361
FELIPE RIBEIRO,2025-05-06 13:02:22,19.1,12.7,-3.375728,-32.59284
FELIPE RIBEIRO,2025-05-06 13:02:53,18.1,12.7,-3.373995,-32.592255
FELIPE RIBEIRO,2025-05-06 13:17:34,19.3,12.8,-3.324603,-32.575071
FELIPE RIBEIRO,2025-05-06 13:22:43,18.4,12.8,-3.307208,-32.569203
FELIPE RIBEIRO,2025-05-06 13:27:23,18.4,12.8,-3.291363,-32.5638
FELIPE RIBEIRO,2025-05-06 13:31:54,18.0,13.0,-3.27601,-32.558655
FELIPE RIBEIRO,2025-05-06 13:52:34,19.0,12.8,-3.205816,-32.534585
FELIPE RIBEIRO,2025-05-06 13:56:34,19.1,12.7,-3.192355,-32.52996
FELIPE RIBEIRO,2025-05-06 13:59:03,19.1,12.7,-3.184068,-32.52704
FELIPE RIBEIRO,2025-05-06 14:25:43,19.3,12.4,-3.095768,-32.494978
FELIPE RIBEIRO,2025-05-06 15:08:04,18.4,12.7,-2.953723,-32.445278
FELIPE RIBEIRO,2025-05-06 15:08:12,18.2,12.7,-2.953215,-32.4451
FELIPE RIBEIRO,2025-05-06 15:19:02,19.4,12.5,-2.917211,-32.432666
FELIPE RIBEIRO,2025-05-06 15:19:51,18.9,12.4,-2.91446,-32.431743
FELIPE RIBEIRO,2025-05-06 15:20:51,19.2,12.3,-2.911188,-32.430588
FELIPE RIBEIRO,2025-05-06 15:26:52,18.1,12.3,-2.891613,-32.423936
FELIPE RIBEIRO,2025-05-06 15:27:22,18.5,12.3,-2.889965,-32.423388
FELIPE RIBEIRO,2025-05-06 15:27:52,18.9,12.3,-2.888383,-32.42286
FELIPE RIBEIRO,2025-05-06 15:28:52,18.0,12.4,-2.88506,-32.421771
FELIPE RIBEIRO,2025-05-06 16:59:31,22.9,12.6,-2.585031,-32.324328
FELIPE RIBEIRO,2025-05-06 16:59:52,23.3,12.5,-2.583933,-32.323885
FELIPE RIBEIRO,2025-05-06 17:05:31,21.8,12.4,-2.56569,-32.316553
FELIPE RIBEIRO,2025-05-06 17:33:33,22.4,12.3,-2.475286,-32.282396
FELIPE RIBEIRO,2025-05-06 17:56:23,17.1,12.1,-2.402738,-32.256623
FELIPE RIBEIRO,2025-05-06 18:44:34,14.5,12.5,-2.241745,-32.214808
FELIPE RIBEIRO,2025-05-06 18:45:13,15.0,12.5,-2.239535,-32.214248
FELIPE RIBEIRO,2025-05-06 18:49:53,14.5,12.7,-2.223563,-32.210206
FELIPE RIBEIRO,2025-05-06 18:50:34,14.1,12.6,-2.22119,-32.209623
FELIPE RIBEIRO,2025-05-06 18:52:44,12.9,12.7,-2.213871,-32.20782
FELIPE RIBEIRO,2025-05-06 19:10:13,14.3,12.6,-2.153595,-32.192998
FELIPE RIBEIRO,2025-05-06 19:16:03,13.1,12.6,-2.133706,-32.188376
FELIPE RIBEIRO,2025-05-06 19:34:13,14.3,12.5,-2.072313,-32.172255
FELIPE RIBEIRO,2025-05-06 19:36:44,14.6,12.4,-2.063925,-32.169966
FELIPE RIBEIRO,2025-05-06 20:31:14,17.1,12.5,-1.881688,-32.11597
FELIPE RIBEIRO,2025-06-08 06:04:54,201.4,13.9,-1.59769,-32.020055
FELIPE RIBEIRO,2025-06-08 06:08:48,200.8,13.9,-1.611806,-32.02523
FELIPE RIBEIRO,2025-06-08 06:11:00,200.7,13.9,-1.619868,-32.028113
FELIPE RIBEIRO,2025-06-08 06:15:36,200.2,13.9,-1.636511,-32.034173
FELIPE RIBEIRO,2025-06-08 06:18:06,201.6,13.8,-1.64552,-32.03751
FELIPE RIBEIRO,2025-06-08 06:20:27,201.7,13.7,-1.65394,-32.040613
FELIPE RIBEIRO,2025-06-08 06:41:02,199.8,13.6,-1.727463,-32.067223
FELIPE RIBEIRO,2025-06-08 06:44:23,199.8,13.6,-1.739506,-32.071083
FELIPE RIBEIRO,2025-06-08 06:47:23,196.2,13.6,-1.750353,-32.074481
FELIPE RIBEIRO,2025-06-08 06:50:53,195.6,13.7,-1.763038,-32.078261
FELIPE RIBEIRO,2025-06-08 07:02:42,195.8,13.6,-1.80635,-32.09118
FELIPE RIBEIRO,2025-06-08 07:05:04,195.8,13.7,-1.815081,-32.093773
FELIPE RIBEIRO,2025-06-08 07:11:52,197.1,13.9,-1.840225,-32.10113
FELIPE RIBEIRO,2025-06-08 07:14:56,195.8,13.8,-1.851593,-32.104543
FELIPE RIBEIRO,2025-06-08 07:50:03,198.5,13.9,-1.981223,-32.144023
FELIPE RIBEIRO,2025-06-08 07:55:04,197.1,13.8,-1.99977,-32.149726
FELIPE RIBEIRO,2025-06-08 07:58:39,198.2,13.9,-2.013016,-32.153796
FELIPE RIBEIRO,2025-06-08 08:05:10,195.3,14.0,-2.037136,-32.161311
FELIPE RIBEIRO,2025-06-08 08:28:28,197.9,13.8,-2.123691,-32.188355
FELIPE RIBEIRO,2025-06-08 08:48:33,197.4,14.0,-2.198031,-32.211293
FELIPE RIBEIRO,2025-06-08 08:50:45,198.6,13.8,-2.206191,-32.21388
FELIPE RIBEIRO,2025-06-08 10:52:29,197.0,14.2,-2.659643,-32.3544
FELIPE RIBEIRO,2025-06-08 10:53:53,196.9,14.2,-2.664978,-32.356038
FELIPE RIBEIRO,2025-06-08 10:53:59,196.2,14.3,-2.665411,-32.356163
FELIPE RIBEIRO,2025-06-08 10:54:53,198.1,14.1,-2.66871,-32.35718
FELIPE RIBEIRO,2025-06-08 10:54:59,196.8,14.2,-2.669093,-32.357298
FELIPE RIBEIRO,2025-06-08 10:55:05,198.4,14.2,-2.66948,-32.35742
FELIPE RIBEIRO,2025-06-08 10:55:35,197.1,14.1,-2.671415,-32.358
FELIPE RIBEIRO,2025-06-08 10:55:41,196.4,14.1,-2.67178,-32.358113
FELIPE RIBEIRO,2025-06-08 10:55:47,198.2,14.2,-2.672153,-32.358241
FELIPE RIBEIRO,2025-06-08 10:56:47,196.1,14.2,-2.675838,-32.35935
FELIPE RIBEIRO,2025-06-08 11:29:12,198.1,13.9,-2.796446,-32.397171
FELIPE RIBEIRO,2025-06-08 12:02:17,196.8,13.8,-2.921795,-32.43803
FELIPE RIBEIRO,2025-06-08 12:04:35,198.2,13.8,-2.92706,-32.43973
FELIPE RIBEIRO,2025-06-08 12:23:33,198.6,13.9,-2.996548,-32.462543
FELIPE RIBEIRO,2025-06-08 12:24:57,199.0,13.9,-3.00169,-32.46422
FELIPE RIBEIRO,2025-06-08 12:25:03,197.9,13.9,-3.002058,-32.464336
FELIPE RIBEIRO,2025-06-08 12:25:33,197.8,13.9,-3.003905,-32.464931
FELIPE RIBEIRO,2025-06-08 12:25:57,198.4,13.9,-3.005441,-32.465436
FELIPE RIBEIRO,2025-06-08 12:26:09,197.6,14.0,-3.006181,-32.465676
FELIPE RIBEIRO,2025-06-08 12:26:15,198.4,13.9,-3.00649,-32.465778
FELIPE RIBEIRO,2025-06-08 12:26:21,197.7,13.9,-3.00686,-32.465896
FELIPE RIBEIRO,2025-06-08 12:27:09,198.6,13.9,-3.009816,-32.466863
FELIPE RIBEIRO,2025-06-08 12:27:15,198.7,14.0,-3.010125,-32.466965
FELIPE RIBEIRO,2025-06-08 12:27:27,197.4,13.9,-3.010926,-32.467215
FELIPE RIBEIRO,2025-06-08 12:27:33,197.2,13.9,-3.011296,-32.467331
FELIPE RIBEIRO,2025-06-08 12:28:33,197.0,13.9,-3.014988,-32.46854
FELIPE RIBEIRO,2025-06-08 12:28:39,198.8,13.9,-3.015293,-32.468645
FELIPE RIBEIRO,2025-06-08 12:29:39,197.6,13.9,-3.019048,-32.469873
FELIPE RIBEIRO,2025-06-08 12:29:46,197.5,13.8,-3.01948,-32.47001
FELIPE RIBEIRO,2025-06-08 12:30:39,198.1,13.9,-3.022688,-32.471051
FELIPE RIBEIRO,2025-06-08 12:31:40,199.3,14.0,-3.026438,-32.472278
FELIPE RIBEIRO,2025-06-08 12:40:17,196.9,13.7,-3.058078,-32.48266
FELIPE RIBEIRO,2025-06-08 12:45:10,198.9,13.8,-3.07603,-32.48849
FELIPE RIBEIRO,2025-06-08 12:58:30,198.5,13.8,-3.124528,-32.503855
FELIPE RIBEIRO,2025-06-08 12:58:40,198.3,13.8,-3.12514,-32.50405
FELIPE RIBEIRO,2025-06-08 12:59:19,198.9,13.9,-3.127523,-32.504786
FELIPE RIBEIRO,2025-06-08 12:59:40,198.5,13.9,-3.128863,-32.505213
FELIPE RIBEIRO,2025-06-08 12:59:51,197.7,13.8,-3.129478,-32.505408
FELIPE RIBEIRO,2025-06-08 13:00:00,197.2,13.7,-3.130093,-32.505601
FELIPE RIBEIRO,2025-06-08 13:00:30,198.3,13.8,-3.131921,-32.506181
FELIPE RIBEIRO,2025-06-08 13:00:40,198.4,13.8,-3.132466,-32.506355
FELIPE RIBEIRO,2025-06-08 13:00:51,196.9,13.8,-3.133146,-32.506565
FELIPE RIBEIRO,2025-06-08 13:01:00,197.2,13.9,-3.133708,-32.50674
FELIPE RIBEIRO,2025-06-08 13:01:19,195.3,13.7,-3.134938,-32.507125
FELIPE RIBEIRO,2025-06-08 13:01:30,196.4,13.8,-3.135613,-32.507331
FELIPE RIBEIRO,2025-06-08 13:01:36,197.6,13.6,-3.135976,-32.507445
FELIPE RIBEIRO,2025-06-08 13:01:41,196.1,13.7,-3.13622,-32.507515
FELIPE RIBEIRO,2025-06-08 13:01:43,197.0,13.8,-3.136343,-32.507553
FELIPE RIBEIRO,2025-06-08 13:01:55,197.1,13.7,-3.137065,-32.507771
FELIPE RIBEIRO,2025-06-08 13:02:19,196.5,13.6,-3.138511,-32.508213
FELIPE RIBEIRO,2025-06-08 13:06:31,198.3,13.7,-3.15375,-32.512916
FELIPE RIBEIRO,2025-06-08 13:11:09,196.1,13.6,-3.1706,-32.518293
FELIPE RIBEIRO,2025-06-08 13:11:42,197.8,13.6,-3.172525,-32.518898
FELIPE RIBEIRO,2025-06-08 13:15:11,197.5,13.5,-3.18521,-32.522988
FELIPE RIBEIRO,2025-06-08 13:17:31,198.4,13.5,-3.193585,-32.525706
FELIPE RIBEIRO,2025-06-08 13:19:59,197.9,13.6,-3.202668,-32.528601
FELIPE RIBEIRO,2025-06-08 13:36:24,196.3,13.7,-3.262718,-32.547
FELIPE RIBEIRO,2025-06-08 13:42:08,199.3,13.8,-3.283745,-32.553701
FELIPE RIBEIRO,2025-06-08 13:44:48,199.0,13.8,-3.293493,-32.556955
FELIPE RIBEIRO,2025-06-08 13:48:23,197.9,13.7,-3.306601,-32.561306
FELIPE RIBEIRO,2025-06-08 14:16:11,199.8,14.0,-3.408906,-32.595781
FELIPE RIBEIRO,2025-06-08 14:19:17,199.2,14.0,-3.420246,-32.599715
FELIPE RIBEIRO,2025-06-08 14:54:28,200.0,13.9,-3.550376,-32.645093
FELIPE RIBEIRO,2025-06-08 14:59:58,200.7,14.0,-3.570503,-32.652351
FELIPE RIBEIRO,2025-06-08 15:01:56,200.0,13.8,-3.577765,-32.654961
FELIPE RIBEIRO,2025-06-08 16:31:34,197.5,13.5,-3.92608,-32.75741
FELIPE RIBEIRO,2025-06-08 16:31:53,196.6,13.5,-3.92722,-32.757755
FELIPE RIBEIRO,2025-06-08 16:32:53,197.2,13.3,-3.930723,-32.758868
FELIPE RIBEIRO,2025-06-08 16:51:25,197.7,13.7,-3.967395,-32.770106
FELIPE RIBEIRO,2025-06-08 17:38:29,196.7,13.6,-4.13939,-32.82394
FELIPE RIBEIRO,2025-06-08 17:41:29,195.1,13.1,-4.150186,-32.827036
FELIPE RIBEIRO,2025-06-08 17:45:50,196.3,13.5,-4.16576,-32.831411
FELIPE RIBEIRO,2025-06-08 18:29:20,193.8,13.7,-4.324381,-32.873008
FELIPE RIBEIRO,2025-06-08 18:32:40,194.1,13.6,-4.33664,-32.87607
FELIPE RIBEIRO,2025-06-08 18:33:59,194.9,13.7,-4.341493,-32.87727
FELIPE RIBEIRO,2025-06-08 18:36:19,194.2,13.5,-4.350035,-32.87949
FELIPE RIBEIRO,2025-06-08 18:37:59,193.9,13.7,-4.356168,-32.881053
FELIPE RIBEIRO,2025-06-08 18:38:39,194.2,13.7,-4.358765,-32.88164
FELIPE RIBEIRO,2025-06-08 18:40:59,197.7,13.6,-4.367173,-32.88433
FELIPE RIBEIRO,2025-06-08 19:13:29,196.8,13.7,-4.484468,-32.926291
FELIPE RIBEIRO,2025-06-08 19:15:38,195.5,13.5,-4.492295,-32.928578
FELIPE RIBEIRO,2025-06-08 19:28:08,195.4,13.6,-4.537861,-32.941091
FELIPE RIBEIRO,2025-06-08 20:51:37,193.6,13.9,-4.846493,-33.017095
FELIPE RIBEIRO,2025-06-08 22:40:26,192.6,13.8,-5.256345,-33.123803
FELIPE RIBEIRO,2025-06-08 22:46:01,194.0,13.7,-5.27734,-33.129241
FELIPE RIBEIRO,2025-06-08 23:16:47,194.5,13.9,-5.392661,-33.158675
FELIPE RIBEIRO,2025-06-08 23:46:29,193.6,14.1,-5.505066,-33.187033
FELIPE RIBEIRO,2025-06-08 23:50:18,194.1,14.1,-5.519463,-33.19074
FELIPE RIBEIRO,2025-06-08 23:52:24,193.9,13.9,-5.527428,-33.192778
FELIPE RIBEIRO,2025-06-08 23:54:30,192.9,14.0,-5.535296,-33.194778
FELIPE RIBEIRO,2025-06-09 00:09:12,192.8,14.0,-5.591078,-33.208976
FELIPE RIBEIRO,2025-06-09 00:11:12,194.8,14.1,-5.598638,-33.210923
FELIPE RIBEIRO,2025-06-09 00:13:25,194.2,14.1,-5.607026,-33.213018
FELIPE RIBEIRO,2025-06-09 00:18:29,194.3,14.0,-5.62649,-33.217955
FELIPE RIBEIRO,2025-06-09 00:19:53,194.9,14.1,-5.631756,-33.219245
FELIPE RIBEIRO,2025-06-09 00:20:35,194.6,14.0,-5.6344,-33.219936
FELIPE RIBEIRO,2025-06-09 00:20:46,194.8,13.8,-5.63515,-33.220136
FELIPE RIBEIRO,2025-06-09 00:21:10,196.2,14.0,-5.636593,-33.220508
FELIPE RIBEIRO,2025-06-09 00:27:35,193.1,14.0,-5.660901,-33.226901
FELIPE RIBEIRO,2025-06-09 00:31:17,194.5,14.0,-5.674941,-33.230578
FELIPE RIBEIRO,2025-06-09 00:57:42,193.2,13.8,-5.77514,-33.256396
FELIPE RIBEIRO,2025-06-09 01:00:00,194.2,13.8,-5.783776,-33.258573
FELIPE RIBEIRO,2025-06-09 01:48:35,193.7,13.5,-5.964535,-33.303746
FELIPE RIBEIRO,2025-06-09 02:09:22,198.9,13.9,-6.040156,-33.328155
FELIPE RIBEIRO,2025-06-09 04:00:19,193.3,13.9,-6.44988,-33.455898
FELIPE RIBEIRO,2025-06-09 05:05:19,193.4,14.0,-6.694841,-33.520668
FELIPE RIBEIRO,2025-06-09 05:19:02,194.6,14.1,-6.747,-33.53436
FELIPE RIBEIRO,2025-06-09 05:40:09,195.8,13.9,-6.826946,-33.55552
FELIPE RIBEIRO,2025-06-09 05:42:21,196.6,14.0,-6.835171,-33.557713
FELIPE RIBEIRO,2025-06-09 05:46:50,195.1,14.0,-6.852063,-33.562315
FELIPE RIBEIRO,2025-06-09 05:49:07,194.4,14.0,-6.860725,-33.564661
FELIPE RIBEIRO,2025-06-09 06:08:27,194.5,14.1,-6.933848,-33.584421
FELIPE RIBEIRO,2025-06-09 06:47:38,196.0,14.3,-7.084093,-33.62574
FELIPE RIBEIRO,2025-06-09 06:52:20,193.4,14.3,-7.102245,-33.630548
FELIPE RIBEIRO,2025-06-09 06:56:56,195.3,14.4,-7.120018,-33.635301
FELIPE RIBEIRO,2025-06-09 07:00:14,195.1,14.3,-7.132786,-33.638698
FELIPE RIBEIRO,2025-06-09 07:03:56,195.7,14.5,-7.147118,-33.642573
FELIPE RIBEIRO,2025-06-09 07:06:20,195.7,14.5,-7.156481,-33.645098
FELIPE RIBEIRO,2025-06-09 07:25:55,194.9,14.6,-7.233651,-33.665883
FELIPE RIBEIRO,2025-06-09 07:32:37,193.7,14.6,-7.259888,-33.672798
FELIPE RIBEIRO,2025-06-09 07:45:56,192.9,14.7,-7.312298,-33.686325
FELIPE RIBEIRO,2025-06-09 07:48:14,192.1,14.6,-7.321438,-33.688638
FELIPE RIBEIRO,2025-06-09 07:50:50,194.4,14.7,-7.331753,-33.691256
FELIPE RIBEIRO,2025-06-09 07:53:09,194.1,14.6,-7.340875,-33.693568
FELIPE RIBEIRO,2025-06-09 07:56:44,193.0,14.5,-7.354935,-33.697111
FELIPE RIBEIRO,2025-06-09 10:32:47,196.6,12.8,-7.963255,-33.856328
FELIPE RIBEIRO,2025-06-09 10:34:47,196.1,12.6,-7.970038,-33.858245
FELIPE RIBEIRO,2025-06-09 10:37:07,195.6,12.5,-7.977931,-33.860448
FELIPE RIBEIRO,2025-06-09 12:04:57,194.7,1.5,-8.07557,-33.87527
FELIPE RIBEIRO,2025-06-09 12:06:48,207.6,1.9,-8.076335,-33.875456
FELIPE RIBEIRO,2025-06-09 12:07:37,193.9,1.4,-8.076645,-33.875578
FELIPE RIBEIRO,2025-06-09 12:08:08,197.2,1.5,-8.076866,-33.875638
FELIPE RIBEIRO,2025-06-09 12:08:29,193.2,1.3,-8.077,-33.875675
FELIPE RIBEIRO,2025-06-09 12:08:57,204.1,1.6,-8.07719,-33.87575
FELIPE RIBEIRO,2025-06-09 12:09:57,199.8,1.6,-8.077541,-33.875886
FELIPE RIBEIRO,2025-06-09 12:10:57,193.0,1.3,-8.077926,-33.875998
FELIPE RIBEIRO,2025-06-09 12:11:19,191.8,1.3,-8.07808,-33.876033
FELIPE RIBEIRO,2025-06-09 12:11:57,193.4,1.3,-8.078365,-33.876066
FELIPE RIBEIRO,2025-06-09 12:19:28,185.8,1.1,-8.081095,-33.876965
FELIPE RIBEIRO,2025-06-09 12:45:17,190.7,1.2,-8.09018,-33.879866
FELIPE RIBEIRO,2025-06-09 12:52:08,196.2,1.2,-8.092566,-33.880793
FELIPE RIBEIRO,2025-06-09 13:17:57,188.8,1.2,-8.101353,-33.88394
FELIPE RIBEIRO,2025-06-09 13:19:07,206.5,1.4,-8.101751,-33.884086
FELIPE RIBEIRO,2025-06-09 13:19:57,204.6,1.3,-8.102036,-33.884181
FELIPE RIBEIRO,2025-06-09 13:20:07,201.7,1.3,-8.102103,-33.884205
FELIPE RIBEIRO,2025-06-09 13:20:08,201.7,1.3,-8.102103,-33.884205
FELIPE RIBEIRO,2025-06-09 13:20:18,192.3,1.2,-8.102186,-33.884226
FELIPE RIBEIRO,2025-06-09 13:21:28,202.5,1.3,-8.102546,-33.884338
FELIPE RIBEIRO,2025-06-09 13:24:58,197.6,1.3,-8.103665,-33.88478
FELIPE RIBEIRO,2025-06-09 13:25:18,192.8,1.2,-8.103783,-33.88482
FELIPE RIBEIRO,2025-06-09 14:29:50,198.0,14.5,-8.200476,-33.914476
FELIPE RIBEIRO,2025-06-09 15:12:18,191.7,14.4,-8.364378,-33.966688
FELIPE RIBEIRO,2025-06-09 15:13:18,192.4,14.4,-8.368263,-33.967726
FELIPE RIBEIRO,2025-06-09 15:14:00,194.7,14.4,-8.370995,-33.968433
FELIPE RIBEIRO,2025-06-09 15:14:24,194.3,14.4,-8.372603,-33.968875
FELIPE RIBEIRO,2025-06-09 15:18:19,195.0,14.5,-8.387811,-33.97291
FELIPE RIBEIRO,2025-06-09 15:18:36,194.3,14.5,-8.388908,-33.97322
FELIPE RIBEIRO,2025-06-09 16:37:26,196.4,14.2,-8.691461,-34.060971
FELIPE RIBEIRO,2025-06-09 16:42:20,197.3,14.2,-8.710131,-34.066426
FELIPE RIBEIRO,2025-06-09 17:31:45,195.9,14.0,-8.894921,-34.120236
FELIPE RIBEIRO,2025-06-09 17:33:31,196.2,13.9,-8.901623,-34.122151
FELIPE RIBEIRO,2025-06-09 17:33:57,194.7,13.9,-8.903168,-34.122598
FELIPE RIBEIRO,2025-06-09 17:36:31,195.8,14.0,-8.912878,-34.125355
FELIPE RIBEIRO,2025-06-09 17:38:02,195.8,13.9,-8.918455,-34.12694
FELIPE RIBEIRO,2025-06-09 18:07:37,194.0,13.7,-9.027871,-34.157586
FELIPE RIBEIRO,2025-06-09 18:10:37,195.1,13.6,-9.038838,-34.1607
FELIPE RIBEIRO,2025-06-09 18:19:56,195.3,13.6,-9.073051,-34.170365
FELIPE RIBEIRO,2025-06-09 18:22:17,194.4,13.7,-9.081566,-34.172771
FELIPE RIBEIRO,2025-06-09 18:28:57,194.7,13.2,-9.10604,-34.17938
FELIPE RIBEIRO,2025-06-09 19:16:06,197.0,12.9,-9.270183,-34.228038
FELIPE RIBEIRO,2025-06-09 19:18:38,194.0,12.8,-9.278873,-34.230645
FELIPE RIBEIRO,2025-06-09 19:22:17,182.7,12.8,-9.291673,-34.23216
FELIPE RIBEIRO,2025-06-09 19:22:45,183.4,12.8,-9.293403,-34.232261
FELIPE RIBEIRO,2025-06-09 19:47:37,195.1,13.7,-9.384661,-34.241723
FELIPE RIBEIRO,2025-06-09 19:52:06,195.2,13.8,-9.40106,-34.24649
FELIPE RIBEIRO,2025-06-09 19:58:46,195.9,13.8,-9.425671,-34.253715
FELIPE RIBEIRO,2025-06-09 22:06:14,196.4,13.4,-9.89491,-34.391996
FELIPE RIBEIRO,2025-06-09 22:09:14,195.9,13.4,-9.90566,-34.395148
FELIPE RIBEIRO,2025-06-09 22:44:14,197.0,13.7,-10.032625,-34.432093
FELIPE RIBEIRO,2025-06-09 22:47:15,196.5,13.8,-10.043818,-34.435273
FELIPE RIBEIRO,2025-06-09 22:50:23,195.4,13.8,-10.055403,-34.438558
FELIPE RIBEIRO,2025-06-09 22:54:13,196.7,13.9,-10.069646,-34.442566
FELIPE RIBEIRO,2025-06-09 23:18:39,194.7,13.9,-10.16059,-34.4679
FELIPE RIBEIRO,2025-06-09 23:25:39,195.3,13.9,-10.186716,-34.475096
FELIPE RIBEIRO,2025-06-09 23:27:45,195.4,13.9,-10.194558,-34.477245
FELIPE RIBEIRO,2025-06-09 23:54:20,195.0,13.9,-10.294395,-34.504485
FELIPE RIBEIRO,2025-06-09 23:58:15,194.9,13.9,-10.309011,-34.508455
FELIPE RIBEIRO,2025-06-10 00:25:16,195.8,13.9,-10.410691,-34.535526
FELIPE RIBEIRO,2025-06-10 00:27:39,193.3,13.9,-10.419718,-34.53789
FELIPE RIBEIRO,2025-06-10 00:29:57,193.6,13.9,-10.428373,-34.540153
FELIPE RIBEIRO,2025-06-10 00:33:57,196.0,13.9,-10.443368,-34.544136
FELIPE RIBEIRO,2025-06-10 01:04:27,195.6,14.0,-10.558321,-34.575453
FELIPE RIBEIRO,2025-06-10 01:30:26,195.5,14.0,-10.656856,-34.60294
FELIPE RIBEIRO,2025-06-10 01:53:03,194.8,14.2,-10.742625,-34.626926
FELIPE RIBEIRO,2025-06-10 02:59:56,195.8,14.2,-11.00085,-34.69731
FELIPE RIBEIRO,2025-06-10 04:06:51,194.5,14.1,-11.25491,-34.766653
FELIPE RIBEIRO,2025-06-10 04:39:38,195.4,14.1,-11.379285,-34.800521
FELIPE RIBEIRO,2025-06-10 04:43:57,195.8,14.1,-11.395586,-34.80502
FELIPE RIBEIRO,2025-06-10 05:44:50,197.6,14.0,-11.626795,-34.870631
FELIPE RIBEIRO,2025-06-10 05:51:14,196.5,14.1,-11.650871,-34.87785
FELIPE RIBEIRO,2025-06-10 05:55:14,197.9,14.1,-11.666095,-34.882456
FELIPE RIBEIRO,2025-06-10 06:01:45,196.8,14.1,-11.690588,-34.889773
FELIPE RIBEIRO,2025-06-10 06:08:56,196.9,14.1,-11.717825,-34.897841
FELIPE RIBEIRO,2025-06-10 06:23:20,197.4,14.2,-11.772565,-34.913828
FELIPE RIBEIRO,2025-06-10 06:26:50,194.5,14.2,-11.785893,-34.91761
FELIPE RIBEIRO,2025-06-10 06:50:39,197.2,14.4,-11.877265,-34.944718
FELIPE RIBEIRO,2025-06-10 06:53:39,197.8,14.4,-11.888856,-34.948215
FELIPE RIBEIRO,2025-06-10 06:56:03,196.7,14.4,-11.898078,-34.950968
FELIPE RIBEIRO,2025-06-10 06:58:21,196.4,14.4,-11.906903,-34.953623
FELIPE RIBEIRO,2025-06-10 07:00:27,196.8,14.3,-11.914988,-34.956076
FELIPE RIBEIRO,2025-06-10 07:40:56,196.0,14.3,-12.06914,-35.002908
FELIPE RIBEIRO,2025-06-10 07:47:20,194.5,14.2,-12.093565,-35.01016
FELIPE RIBEIRO,2025-06-10 08:30:40,193.4,14.2,-12.26009,-35.053393
FELIPE RIBEIRO,2025-06-10 08:32:45,192.7,14.3,-12.268143,-35.055411
FELIPE RIBEIRO,2025-06-10 11:08:35,195.8,13.8,-12.863393,-35.213781
FELIPE RIBEIRO,2025-06-10 11:43:11,195.8,13.7,-12.990585,-35.250905
FELIPE RIBEIRO,2025-06-10 11:45:20,197.0,13.7,-12.998578,-35.25327
FELIPE RIBEIRO,2025-06-10 11:48:20,195.3,13.8,-13.009751,-35.256503
FELIPE RIBEIRO,2025-06-10 11:51:24,196.4,13.9,-13.021048,-35.25992
FELIPE RIBEIRO,2025-06-10 12:10:42,197.1,13.8,-13.092981,-35.281478
FELIPE RIBEIRO,2025-06-10 12:14:54,197.4,13.8,-13.108536,-35.28628
FELIPE RIBEIRO,2025-06-10 12:54:52,195.2,13.8,-13.256068,-35.330266
FELIPE RIBEIRO,2025-06-10 13:00:06,194.7,13.9,-13.275541,-35.335785
FELIPE RIBEIRO,2025-06-10 13:02:48,194.4,13.8,-13.285738,-35.338738
FELIPE RIBEIRO,2025-06-10 13:24:53,195.7,13.9,-13.368083,-35.362816
FELIPE RIBEIRO,2025-06-10 13:27:23,196.8,13.8,-13.377305,-35.365576
FELIPE RIBEIRO,2025-06-10 13:30:17,195.8,13.5,-13.388001,-35.36876
FELIPE RIBEIRO,2025-06-10 13:35:09,196.1,13.7,-13.405675,-35.37401
FELIPE RIBEIRO,2025-06-10 13:38:29,196.0,13.7,-13.417951,-35.377593
FELIPE RIBEIRO,2025-06-10 13:42:10,195.4,13.8,-13.431395,-35.381538
FELIPE RIBEIRO,2025-06-10 14:06:10,197.4,13.7,-13.519116,-35.407235
FELIPE RIBEIRO,2025-06-10 14:12:19,198.0,13.8,-13.54159,-35.413965
FELIPE RIBEIRO,2025-06-10 14:42:55,197.2,13.9,-13.654331,-35.448151
FELIPE RIBEIRO,2025-06-10 15:23:58,192.6,13.9,-13.807858,-35.494195
FELIPE RIBEIRO,2025-06-10 15:24:17,194.6,14.0,-13.809046,-35.494468
FELIPE RIBEIRO,2025-06-10 15:25:53,192.2,13.8,-13.815053,-35.49593
FELIPE RIBEIRO,2025-06-10 15:26:05,192.2,13.7,-13.815806,-35.496101
FELIPE RIBEIRO,2025-06-10 15:26:12,192.6,13.8,-13.816181,-35.496183
FELIPE RIBEIRO,2025-06-10 15:26:24,192.9,13.8,-13.817,-35.496363
FELIPE RIBEIRO,2025-06-10 15:26:47,192.5,13.8,-13.818433,-35.496706
FELIPE RIBEIRO,2025-06-10 15:26:53,191.9,13.8,-13.81887,-35.496816
FELIPE RIBEIRO,2025-06-10 15:27:05,192.0,13.9,-13.819561,-35.49697
FELIPE RIBEIRO,2025-06-10 15:27:24,192.6,13.9,-13.820765,-35.497243
FELIPE RIBEIRO,2025-06-10 15:27:47,193.4,13.9,-13.822208,-35.497608
FELIPE RIBEIRO,2025-06-10 15:27:57,192.8,13.9,-13.822775,-35.49774
FELIPE RIBEIRO,2025-06-10 15:28:05,192.0,13.8,-13.823281,-35.49785
FELIPE RIBEIRO,2025-06-10 15:28:51,194.5,13.8,-13.826245,-35.498505
FELIPE RIBEIRO,2025-06-10 15:29:26,191.2,13.9,-13.828451,-35.498993
FELIPE RIBEIRO,2025-06-10 15:30:03,193.6,13.9,-13.8307,-35.499503
FELIPE RIBEIRO,2025-06-10 15:30:26,191.0,13.8,-13.83227,-35.499823
FELIPE RIBEIRO,2025-06-10 15:31:21,192.7,13.8,-13.8356,-35.50056
FELIPE RIBEIRO,2025-06-10 15:35:46,192.1,13.8,-13.852301,-35.504238
FELIPE RIBEIRO,2025-06-10 15:42:27,192.5,14.0,-13.877775,-35.50991
FELIPE RIBEIRO,2025-06-10 16:31:40,193.0,14.0,-14.06551,-35.551823
FELIPE RIBEIRO,2025-06-10 16:36:17,193.4,13.9,-14.083043,-35.555871
FELIPE RIBEIRO,2025-06-10 16:39:10,193.6,14.1,-14.094033,-35.558493
FELIPE RIBEIRO,2025-06-10 17:12:10,189.2,14.0,-14.220956,-35.581626
FELIPE RIBEIRO,2025-06-10 17:18:32,187.7,13.8,-14.245233,-35.585685
FELIPE RIBEIRO,2025-06-10 17:21:22,189.7,13.7,-14.255943,-35.587505
FELIPE RIBEIRO,2025-06-10 17:27:52,189.6,13.5,-14.280496,-35.59147
FELIPE RIBEIRO,2025-06-10 18:11:16,193.6,14.0,-14.44369,-35.627815
FELIPE RIBEIRO,2025-06-10 18:13:04,194.1,13.9,-14.45048,-35.6296
FELIPE RIBEIRO,2025-06-10 18:13:51,193.1,13.9,-14.453475,-35.630375
FELIPE RIBEIRO,2025-06-10 18:16:04,193.3,13.8,-14.46181,-35.632503
FELIPE RIBEIRO,2025-06-10 18:17:40,193.8,13.9,-14.467886,-35.634103
FELIPE RIBEIRO,2025-06-10 18:19:21,193.9,14.2,-14.47426,-35.63576
FELIPE RIBEIRO,2025-06-10 18:21:39,193.3,14.1,-14.482938,-35.638053
FELIPE RIBEIRO,2025-06-10 18:50:51,198.2,14.3,-14.592211,-35.673383
FELIPE RIBEIRO,2025-06-10 18:56:34,198.6,14.2,-14.613695,-35.680876
FELIPE RIBEIRO,2025-06-10 18:59:58,198.6,14.2,-14.626365,-35.685276
FELIPE RIBEIRO,2025-06-10 19:52:15,199.2,14.1,-14.82372,-35.752543
FELIPE RIBEIRO,2025-06-10 19:59:27,197.9,14.3,-14.850993,-35.761965
FELIPE RIBEIRO,2025-06-10 20:00:27,198.4,14.2,-14.8547,-35.76325
FELIPE RIBEIRO,2025-06-10 20:05:02,197.6,14.3,-14.872078,-35.769263
FELIPE RIBEIRO,2025-06-10 20:33:58,196.2,14.0,-14.979898,-35.805948
FELIPE RIBEIRO,2025-06-10 21:04:45,195.9,13.9,-15.095126,-35.839358
FELIPE RIBEIRO,2025-06-10 21:07:39,195.1,13.7,-15.10595,-35.842388
FELIPE RIBEIRO,2025-06-10 21:44:13,195.2,14.0,-15.24245,-35.88077
FELIPE RIBEIRO,2025-06-10 21:47:20,195.7,13.9,-15.254205,-35.88413
FELIPE RIBEIRO,2025-06-10 21:47:32,194.7,14.0,-15.254906,-35.884328
FELIPE RIBEIRO,2025-06-10 21:50:12,195.2,14.0,-15.265121,-35.887246
FELIPE RIBEIRO,2025-06-10 22:14:19,195.5,13.9,-15.355595,-35.912721
FELIPE RIBEIRO,2025-06-10 22:16:49,194.5,13.9,-15.364986,-35.915355
FELIPE RIBEIRO,2025-06-10 22:20:20,196.1,13.8,-15.378153,-35.919095
FELIPE RIBEIRO,2025-06-10 22:23:01,194.6,13.9,-15.388156,-35.921875
FELIPE RIBEIRO,2025-06-10 22:25:56,195.7,13.8,-15.399063,-35.924953
FELIPE RIBEIRO,2025-06-10 22:51:05,195.1,14.0,-15.491858,-35.950965
FELIPE RIBEIRO,2025-06-10 22:53:50,195.6,14.0,-15.502125,-35.953831
FELIPE RIBEIRO,2025-06-10 22:57:38,194.8,13.9,-15.516336,-35.957761
FELIPE RIBEIRO,2025-06-10 23:00:32,194.6,13.7,-15.52715,-35.960751
FELIPE RIBEIRO,2025-06-10 23:25:23,194.0,13.4,-15.619478,-35.9858
FELIPE RIBEIRO,2025-06-11 00:00:40,195.2,14.0,-15.749678,-36.021381
FELIPE RIBEIRO,2025-06-11 00:07:05,194.1,13.9,-15.773591,-36.027975
FELIPE RIBEIRO,2025-06-11 00:56:04,198.7,13.5,-15.95296,-36.082416
FELIPE RIBEIRO,2025-06-11 00:56:23,199.1,13.5,-15.954086,-36.082815
FELIPE RIBEIRO,2025-06-11 00:57:23,198.3,13.4,-15.95767,-36.084031
FELIPE RIBEIRO,2025-06-11 00:57:33,198.8,13.4,-15.958321,-36.08426
FELIPE RIBEIRO,2025-06-11 00:58:03,198.8,13.5,-15.960103,-36.084875
FELIPE RIBEIRO,2025-06-11 00:58:23,198.2,13.5,-15.96123,-36.085255
FELIPE RIBEIRO,2025-06-11 00:58:33,199.0,13.5,-15.961883,-36.085486
FELIPE RIBEIRO,2025-06-11 00:59:03,198.4,13.6,-15.963681,-36.0861
FELIPE RIBEIRO,2025-06-11 00:59:33,197.7,13.7,-15.965495,-36.086726
FELIPE RIBEIRO,2025-06-11 01:00:23,197.6,13.8,-15.968546,-36.08777
FELIPE RIBEIRO,2025-06-11 01:00:33,197.7,13.7,-15.969156,-36.087981
FELIPE RIBEIRO,2025-06-11 01:01:33,198.3,13.7,-15.972721,-36.089251
FELIPE RIBEIRO,2025-06-11 01:02:13,199.4,13.6,-15.97519,-36.090113
FELIPE RIBEIRO,2025-06-11 01:03:22,198.4,13.7,-15.979273,-36.091525
FELIPE RIBEIRO,2025-06-11 01:03:32,197.8,13.7,-15.979938,-36.09176
FELIPE RIBEIRO,2025-06-11 01:04:54,198.5,13.7,-15.984855,-36.093443
FELIPE RIBEIRO,2025-06-11 01:05:23,199.1,13.7,-15.986615,-36.094043
FELIPE RIBEIRO,2025-06-11 01:08:54,198.8,13.7,-15.999446,-36.098486
FELIPE RIBEIRO,2025-06-11 01:10:34,198.6,13.8,-16.005465,-36.100556
FELIPE RIBEIRO,2025-06-11 01:11:07,198.4,13.8,-16.007481,-36.10125
FELIPE RIBEIRO,2025-06-11 01:11:43,198.6,13.7,-16.009613,-36.10199
FELIPE RIBEIRO,2025-06-11 01:11:47,197.5,13.8,-16.009916,-36.102096
FELIPE RIBEIRO,2025-06-11 01:11:48,197.5,13.8,-16.009916,-36.102096
FELIPE RIBEIRO,2025-06-11 01:56:57,193.8,13.6,-16.174913,-36.148893
FELIPE RIBEIRO,2025-06-11 03:37:57,194.8,13.2,-16.543633,-36.248628
FELIPE RIBEIRO,2025-06-11 03:40:48,194.2,13.3,-16.553786,-36.251371
FELIPE RIBEIRO,2025-06-11 03:41:57,195.1,13.1,-16.5579,-36.252478
FELIPE RIBEIRO,2025-06-11 04:44:08,195.2,13.2,-16.77812,-36.316265
FELIPE RIBEIRO,2025-06-11 04:46:27,194.4,13.2,-16.786306,-36.318655
FELIPE RIBEIRO,2025-06-11 04:49:08,195.9,13.5,-16.795973,-36.321406
FELIPE RIBEIRO,2025-06-11 05:20:07,195.0,13.5,-16.905333,-36.352105
FELIPE RIBEIRO,2025-06-11 05:23:37,194.5,13.0,-16.917653,-36.355501
FELIPE RIBEIRO,2025-06-11 05:26:57,195.6,13.1,-16.929328,-36.35868
FELIPE RIBEIRO,2025-06-11 06:46:57,196.8,13.4,-17.213228,-36.439193
FELIPE RIBEIRO,2025-06-11 06:49:27,197.9,13.0,-17.221876,-36.441976
FELIPE RIBEIRO,2025-06-11 06:51:47,197.0,13.1,-17.229823,-36.444533
FELIPE RIBEIRO,2025-06-11 07:39:28,195.8,13.0,-17.394581,-36.497078
FELIPE RIBEIRO,2025-06-11 07:42:28,196.1,13.2,-17.40515,-36.500126
FELIPE RIBEIRO,2025-06-11 08:31:47,195.4,13.4,-17.577171,-36.54797
FELIPE RIBEIRO,2025-06-11 11:12:58,216.5,12.8,-18.108025,-36.761983
FELIPE RIBEIRO,2025-06-11 11:27:28,216.3,12.9,-18.149995,-36.794255
FELIPE RIBEIRO,2025-06-11 11:30:46,214.6,12.7,-18.159536,-36.801555
FELIPE RIBEIRO,2025-06-11 11:31:28,216.6,12.4,-18.161441,-36.803028
FELIPE RIBEIRO,2025-06-11 11:31:37,217.1,12.3,-18.161861,-36.803343
FELIPE RIBEIRO,2025-06-11 11:31:58,216.9,12.5,-18.16281,-36.804048
FELIPE RIBEIRO,2025-06-11 11:32:17,215.9,12.6,-18.163751,-36.804786
FELIPE RIBEIRO,2025-06-11 11:33:47,216.6,12.4,-18.167918,-36.807985
FELIPE RIBEIRO,2025-06-11 11:33:58,216.0,12.6,-18.168433,-36.808378
FELIPE RIBEIRO,2025-06-11 11:34:08,216.0,12.6,-18.168901,-36.808735
FELIPE RIBEIRO,2025-06-11 11:34:18,216.7,12.6,-18.169375,-36.809093
FELIPE RIBEIRO,2025-06-11 11:34:37,216.0,12.7,-18.170288,-36.80977
FELIPE RIBEIRO,2025-06-11 11:34:47,216.1,12.8,-18.170765,-36.810135
FELIPE RIBEIRO,2025-06-11 11:35:47,215.8,12.5,-18.173573,-36.81228
FELIPE RIBEIRO,2025-06-11 11:36:28,216.8,12.3,-18.175466,-36.813741
FELIPE RIBEIRO,2025-06-11 11:37:08,218.5,12.1,-18.177261,-36.815116
FELIPE RIBEIRO,2025-06-11 11:59:07,218.7,11.8,-18.236973,-36.861285
FELIPE RIBEIRO,2025-06-11 12:30:46,218.8,12.8,-18.323468,-36.933181
FELIPE RIBEIRO,2025-06-11 12:34:46,219.4,12.7,-18.334615,-36.942703
FELIPE RIBEIRO,2025-06-11 12:37:56,218.3,12.6,-18.343386,-36.950056
FELIPE RIBEIRO,2025-06-11 12:59:57,219.0,13.0,-18.405681,-37.002401
FELIPE RIBEIRO,2025-06-11 13:04:48,217.6,13.3,-18.419656,-37.014086
FELIPE RIBEIRO,2025-06-11 13:08:07,217.2,13.4,-18.429438,-37.02217
FELIPE RIBEIRO,2025-06-11 13:11:38,217.5,13.7,-18.439971,-37.030726
FELIPE RIBEIRO,2025-06-11 13:35:07,216.4,13.1,-18.508703,-37.086281
FELIPE RIBEIRO,2025-06-11 13:40:28,217.6,13.6,-18.524561,-37.099105
FELIPE RIBEIRO,2025-06-11 13:43:48,217.2,13.9,-18.53453,-37.107265
FELIPE RIBEIRO,2025-06-11 14:15:11,217.3,13.7,-18.629333,-37.181741
FELIPE RIBEIRO,2025-06-11 14:41:40,214.9,12.9,-18.708003,-37.242718
FELIPE RIBEIRO,2025-06-11 14:44:11,216.4,13.0,-18.715361,-37.248311
FELIPE RIBEIRO,2025-06-11 14:44:40,214.8,13.2,-18.716791,-37.249398
FELIPE RIBEIRO,2025-06-11 14:48:10,213.6,13.5,-18.72732,-37.257218
FELIPE RIBEIRO,2025-06-11 15:31:21,215.0,13.5,-18.858483,-37.353175
FELIPE RIBEIRO,2025-06-11 16:18:01,216.5,13.8,-18.998788,-37.463106
FELIPE RIBEIRO,2025-06-11 16:21:51,217.0,13.3,-19.010016,-37.472195
FELIPE RIBEIRO,2025-06-11 16:25:31,217.6,13.3,-19.020851,-37.480803
FELIPE RIBEIRO,2025-06-11 17:15:19,216.2,13.0,-19.165548,-37.596661
FELIPE RIBEIRO,2025-06-11 17:16:49,215.7,13.3,-19.170033,-37.60012
FELIPE RIBEIRO,2025-06-11 17:18:00,216.2,13.2,-19.173481,-37.602793
FELIPE RIBEIRO,2025-06-11 17:18:02,216.2,13.2,-19.173481,-37.602793
FELIPE RIBEIRO,2025-06-11 17:20:11,215.3,12.9,-19.179838,-37.607801
FELIPE RIBEIRO,2025-06-11 17:56:52,217.5,13.7,-19.287113,-37.695435
FELIPE RIBEIRO,2025-06-11 18:00:46,216.8,13.9,-19.298766,-37.705113
FELIPE RIBEIRO,2025-06-11 18:57:04,220.7,13.4,-19.463926,-37.845491
FELIPE RIBEIRO,2025-06-11 19:01:15,221.0,13.0,-19.4757,-37.856201
FELIPE RIBEIRO,2025-06-11 19:05:15,221.9,13.2,-19.486706,-37.866346
FELIPE RIBEIRO,2025-06-11 19:31:15,221.4,13.4,-19.559556,-37.933281
FELIPE RIBEIRO,2025-06-11 19:33:34,222.1,13.5,-19.566105,-37.939468
FELIPE RIBEIRO,2025-06-11 20:05:19,215.0,13.9,-19.659865,-38.016116
FELIPE RIBEIRO,2025-06-11 20:07:36,214.8,13.7,-19.667,-38.021436
FELIPE RIBEIRO,2025-06-11 20:41:20,214.9,12.9,-19.768168,-38.096855
FELIPE RIBEIRO,2025-06-11 20:47:00,216.0,13.2,-19.784665,-38.109316
FELIPE RIBEIRO,2025-06-11 20:47:51,214.6,13.1,-19.787161,-38.111173
FELIPE RIBEIRO,2025-06-11 21:22:20,217.2,11.8,-19.887393,-38.187933
FELIPE RIBEIRO,2025-06-11 21:27:50,215.2,11.9,-19.901848,-38.199401
FELIPE RIBEIRO,2025-06-11 21:48:31,216.3,12.1,-19.957253,-38.242208
FELIPE RIBEIRO,2025-06-11 21:51:31,215.2,11.9,-19.965348,-38.248463
FELIPE RIBEIRO,2025-06-11 21:55:41,216.3,11.7,-19.976656,-38.257098
FELIPE RIBEIRO,2025-06-11 21:58:10,214.8,12.2,-19.983451,-38.262226
FELIPE RIBEIRO,2025-06-11 22:23:49,215.1,12.4,-20.05121,-38.314026
FELIPE RIBEIRO,2025-06-11 22:28:20,214.2,12.2,-20.063616,-38.323451
FELIPE RIBEIRO,2025-06-11 22:32:58,215.3,12.0,-20.07646,-38.333105
FELIPE RIBEIRO,2025-06-11 23:01:19,218.9,11.3,-20.150531,-38.394795
FELIPE RIBEIRO,2025-06-11 23:03:28,219.3,11.3,-20.15578,-38.399406
FELIPE RIBEIRO,2025-06-11 23:06:20,222.2,11.1,-20.162615,-38.405496
FELIPE RIBEIRO,2025-06-11 23:29:50,217.1,11.8,-20.221678,-38.455165
FELIPE RIBEIRO,2025-06-11 23:36:20,218.5,11.6,-20.238343,-38.468655
FELIPE RIBEIRO,2025-06-12 00:40:52,219.1,10.8,-20.39968,-38.603053
FELIPE RIBEIRO,2025-06-12 00:41:01,219.0,10.7,-20.400021,-38.603331
FELIPE RIBEIRO,2025-06-12 00:42:52,217.1,10.9,-20.404325,-38.606983
FELIPE RIBEIRO,2025-06-12 00:43:41,218.8,10.8,-20.406253,-38.608613
FELIPE RIBEIRO,2025-06-12 00:44:41,217.8,10.4,-20.408648,-38.610645
FELIPE RIBEIRO,2025-06-12 00:48:10,216.7,10.6,-20.416415,-38.61736
FELIPE RIBEIRO,2025-06-12 00:48:21,217.1,10.5,-20.416841,-38.617708
FELIPE RIBEIRO,2025-06-12 00:48:51,217.2,10.6,-20.417976,-38.61865
FELIPE RIBEIRO,2025-06-12 00:53:10,216.8,10.4,-20.42806,-38.627026
FELIPE RIBEIRO,2025-06-12 01:14:39,218.2,10.3,-20.47713,-38.668813
FELIPE RIBEIRO,2025-06-12 01:16:49,217.7,10.7,-20.482115,-38.673035
FELIPE RIBEIRO,2025-06-12 01:55:41,217.7,11.1,-20.573831,-38.750206
FELIPE RIBEIRO,2025-06-12 02:00:29,216.5,11.0,-20.585368,-38.75983
FELIPE RIBEIRO,2025-06-12 02:02:50,219.5,10.8,-20.590913,-38.764528
FELIPE RIBEIRO,2025-06-12 02:39:41,217.9,10.9,-20.675851,-38.836078
FELIPE RIBEIRO,2025-06-12 02:42:00,218.1,11.1,-20.681436,-38.840736
FELIPE RIBEIRO,2025-06-12 02:45:20,219.0,10.5,-20.689288,-38.847323
FELIPE RIBEIRO,2025-06-12 03:46:51,219.3,10.3,-20.824308,-38.965941
FELIPE RIBEIRO,2025-06-12 03:49:10,218.8,10.4,-20.829566,-38.970451
FELIPE RIBEIRO,2025-06-12 04:20:49,221.9,10.3,-20.900245,-39.031878
FELIPE RIBEIRO,2025-06-12 04:23:11,218.8,10.5,-20.905586,-39.036521
FELIPE RIBEIRO,2025-06-12 05:26:51,217.6,10.0,-21.046558,-39.146813
FELIPE RIBEIRO,2025-06-12 05:28:59,218.4,9.6,-21.051298,-39.150568
FELIPE RIBEIRO,2025-06-12 05:44:20,215.9,10.5,-21.085198,-39.17779
FELIPE RIBEIRO,2025-06-12 05:47:20,219.4,10.3,-21.091958,-39.183421
FELIPE RIBEIRO,2025-06-12 06:05:20,217.5,10.6,-21.131468,-39.216158
FELIPE RIBEIRO,2025-06-12 06:09:20,217.9,10.6,-21.140946,-39.223701
FELIPE RIBEIRO,2025-06-12 06:35:30,218.3,10.7,-21.200445,-39.272783
FELIPE RIBEIRO,2025-06-12 06:40:40,218.3,10.2,-21.212333,-39.2828
FELIPE RIBEIRO,2025-06-12 07:29:49,232.3,10.7,-21.316951,-39.38642
FELIPE RIBEIRO,2025-06-12 08:16:40,229.0,10.5,-21.404858,-39.49714
FELIPE RIBEIRO,2025-06-12 08:22:19,226.4,10.6,-21.416143,-39.50992
FELIPE RIBEIRO,2025-06-12 09:19:31,226.0,10.3,-21.527335,-39.633238
FELIPE RIBEIRO,2025-06-12 11:12:38,238.9,10.6,-21.735056,-39.897736
FELIPE RIBEIRO,2025-06-12 11:15:48,234.4,10.8,-21.740696,-39.90561
FELIPE RIBEIRO,2025-06-12 11:16:09,232.6,10.8,-21.74134,-39.906488
FELIPE RIBEIRO,2025-06-12 11:18:39,229.4,10.8,-21.74597,-39.912693
FELIPE RIBEIRO,2025-06-12 11:30:50,233.8,10.7,-21.769223,-39.943011
FELIPE RIBEIRO,2025-06-12 11:37:09,230.8,10.7,-21.78085,-39.958793
FELIPE RIBEIRO,2025-06-12 12:06:30,228.7,11.5,-21.839436,-40.032506
FELIPE RIBEIRO,2025-06-12 12:33:19,231.5,11.4,-21.896951,-40.101956
FELIPE RIBEIRO,2025-06-12 12:38:10,230.6,11.8,-21.907221,-40.114951
FELIPE RIBEIRO,2025-06-12 12:44:18,232.3,11.8,-21.919256,-40.132223
FELIPE RIBEIRO,2025-06-12 12:47:00,233.1,11.5,-21.924581,-40.139738
FELIPE RIBEIRO,2025-06-12 13:21:19,234.4,11.4,-21.987783,-40.233225
FELIPE RIBEIRO,2025-06-12 13:33:48,236.5,10.9,-22.009441,-40.266971
FELIPE RIBEIRO,2025-06-12 13:36:10,235.0,10.7,-22.0134,-40.273195
FELIPE RIBEIRO,2025-06-12 13:45:50,236.8,10.5,-22.028633,-40.298373
FELIPE RIBEIRO,2025-06-12 14:19:29,237.9,11.3,-22.086051,-40.387618
FELIPE RIBEIRO,2025-06-12 14:27:20,236.3,10.8,-22.099926,-40.409361
FELIPE RIBEIRO,2025-06-12 15:01:39,233.4,11.1,-22.162451,-40.502335
FELIPE RIBEIRO,2025-06-12 15:16:11,231.9,11.5,-22.189793,-40.541755
FELIPE RIBEIRO,2025-06-12 15:18:59,232.3,10.7,-22.194826,-40.54921
FELIPE RIBEIRO,2025-06-12 15:23:20,232.2,10.1,-22.202518,-40.560051
FELIPE RIBEIRO,2025-06-12 15:36:20,226.9,11.6,-22.22737,-40.593098
FELIPE RIBEIRO,2025-06-12 15:50:57,227.5,11.3,-22.256618,-40.630716
FELIPE RIBEIRO,2025-06-12 15:53:08,226.3,11.3,-22.261035,-40.6363
FELIPE RIBEIRO,2025-06-12 15:53:29,230.3,11.5,-22.26174,-40.637186
FELIPE RIBEIRO,2025-06-12 15:53:57,230.0,11.3,-22.262691,-40.638421
FELIPE RIBEIRO,2025-06-12 15:54:08,229.5,11.2,-22.26301,-40.638856
FELIPE RIBEIRO,2025-06-12 15:54:29,229.0,11.3,-22.263723,-40.639778
FELIPE RIBEIRO,2025-06-12 15:54:57,226.1,11.6,-22.264728,-40.640983
FELIPE RIBEIRO,2025-06-12 16:10:29,227.0,10.8,-22.295561,-40.680946
FELIPE RIBEIRO,2025-06-12 16:12:09,228.7,10.9,-22.298853,-40.685001
FELIPE RIBEIRO,2025-06-12 16:17:30,230.1,11.6,-22.309803,-40.698741
FELIPE RIBEIRO,2025-06-12 17:00:10,210.6,11.0,-22.40736,-40.792618
FELIPE RIBEIRO,2025-06-12 17:06:00,212.0,11.1,-22.42314,-40.802366
FELIPE RIBEIRO,2025-06-12 17:17:01,233.2,11.4,-22.448776,-40.828073
FELIPE RIBEIRO,2025-06-12 17:19:09,228.3,11.7,-22.4533,-40.833655
FELIPE RIBEIRO,2025-06-12 17:21:30,231.7,11.7,-22.45794,-40.840181
FELIPE RIBEIRO,2025-06-12 17:53:01,234.5,10.8,-22.51354,-40.932311
FELIPE RIBEIRO,2025-06-12 17:56:10,236.4,11.4,-22.519025,-40.940981
FELIPE RIBEIRO,2025-06-12 17:56:40,236.1,11.6,-22.519935,-40.942381
FELIPE RIBEIRO,2025-06-12 17:59:41,233.4,11.5,-22.525596,-40.95084
FELIPE RIBEIRO,2025-06-12 18:01:29,231.0,11.8,-22.529071,-40.955966
FELIPE RIBEIRO,2025-06-12 18:22:58,216.3,11.3,-22.574276,-41.009073
FELIPE RIBEIRO,2025-06-12 18:43:40,225.4,11.1,-22.623483,-41.051123
FELIPE RIBEIRO,2025-06-12 19:02:49,224.2,11.3,-22.66325,-41.095053
FELIPE RIBEIRO,2025-06-12 19:05:20,224.2,11.3,-22.668925,-41.101143
FELIPE RIBEIRO,2025-06-12 19:44:08,246.1,11.2,-22.72674,-41.216606
FELIPE RIBEIRO,2025-06-12 19:44:09,246.1,11.2,-22.72674,-41.216606
FELIPE RIBEIRO,2025-06-12 20:11:58,242.2,11.3,-22.76617,-41.300951
FELIPE RIBEIRO,2025-06-12 20:19:40,239.9,10.8,-22.777021,-41.323453
FELIPE RIBEIRO,2025-06-12 20:23:00,231.4,11.0,-22.782631,-41.332523
FELIPE RIBEIRO,2025-06-12 20:47:11,226.4,11.8,-22.82853,-41.393666
FELIPE RIBEIRO,2025-06-12 20:52:21,229.7,10.9,-22.839261,-41.40716
FELIPE RIBEIRO,2025-06-12 20:54:31,230.2,10.4,-22.843396,-41.412408
FELIPE RIBEIRO,2025-06-12 20:56:50,229.6,10.7,-22.8478,-41.417998
FELIPE RIBEIRO,2025-06-12 21:23:19,229.3,10.8,-22.899621,-41.48383
FELIPE RIBEIRO,2025-06-12 21:26:39,227.6,10.8,-22.905936,-41.492398
FELIPE RIBEIRO,2025-06-12 21:31:09,232.1,10.4,-22.914368,-41.504105
FELIPE RIBEIRO,2025-06-12 22:05:49,239.2,10.9,-22.971895,-41.598268
FELIPE RIBEIRO,2025-06-12 22:31:49,232.9,10.2,-23.016005,-41.664695
FELIPE RIBEIRO,2025-06-12 22:38:49,233.8,10.8,-23.028881,-41.681928
FELIPE RIBEIRO,2025-06-12 22:41:00,229.2,10.7,-23.033035,-41.687311
FELIPE RIBEIRO,2025-06-12 23:07:30,230.4,10.6,-23.080321,-41.75019
FELIPE RIBEIRO,2025-06-12 23:14:59,232.7,10.3,-23.094041,-41.767971
FELIPE RIBEIRO,2025-06-13 00:23:39,255.0,11.4,-23.201165,-41.950531
FELIPE RIBEIRO,2025-06-13 00:26:10,264.7,11.2,-23.202156,-41.959048
FELIPE RIBEIRO,2025-06-13 00:28:01,260.7,11.6,-23.202768,-41.965251
FELIPE RIBEIRO,2025-06-13 00:28:19,259.7,11.4,-23.202848,-41.966265
FELIPE RIBEIRO,2025-06-13 00:29:01,259.9,11.2,-23.20299,-41.968575
FELIPE RIBEIRO,2025-06-13 00:31:50,268.9,11.8,-23.203946,-41.978356
FELIPE RIBEIRO,2025-06-13 01:02:00,257.1,11.3,-23.22722,-42.078673
FELIPE RIBEIRO,2025-06-13 01:33:29,253.8,11.6,-23.252125,-42.182395
FELIPE RIBEIRO,2025-06-13 01:34:49,251.2,11.4,-23.253293,-42.186748
FELIPE RIBEIRO,2025-06-13 01:36:59,255.4,11.6,-23.255086,-42.19408
FELIPE RIBEIRO,2025-06-13 01:40:19,250.6,11.5,-23.25786,-42.205276
FELIPE RIBEIRO,2025-06-13 01:41:19,255.3,11.7,-23.258633,-42.20858
FELIPE RIBEIRO,2025-06-13 01:41:40,252.7,11.3,-23.258921,-42.20973
FELIPE RIBEIRO,2025-06-13 02:37:50,256.3,11.5,-23.304251,-42.398126
FELIPE RIBEIRO,2025-06-13 03:19:51,257.4,11.8,-23.341793,-42.540175
FELIPE RIBEIRO,2025-06-13 03:23:50,252.4,12.0,-23.345625,-42.553996
FELIPE RIBEIRO,2025-06-13 04:10:58,247.5,11.8,-23.389395,-42.709755
FELIPE RIBEIRO,2025-06-13 04:13:07,252.3,11.9,-23.392528,-42.716786
FELIPE RIBEIRO,2025-06-13 04:13:28,251.9,12.1,-23.393001,-42.717938
FELIPE RIBEIRO,2025-06-13 04:14:58,246.3,11.8,-23.395078,-42.722793
FELIPE RIBEIRO,2025-06-13 04:15:58,252.2,11.8,-23.396463,-42.725983
FELIPE RIBEIRO,2025-06-13 04:22:50,245.1,11.9,-23.405476,-42.747818
FELIPE RIBEIRO,2025-06-13 05:07:10,327.9,12.1,-23.451338,-42.890056
FELIPE RIBEIRO,2025-06-13 05:38:00,330.0,13.0,-23.355361,-42.950636
FELIPE RIBEIRO,2025-06-13 06:28:40,0.2,13.9,-23.188825,-43.033343
FELIPE RIBEIRO,2025-06-13 06:32:52,304.9,10.3,-23.175598,-43.037961
FELIPE RIBEIRO,2025-06-13 07:24:42,183.7,12.4,-23.323756,-43.059261
FELIPE RIBEIRO,2025-06-13 08:05:23,179.2,12.9,-23.465425,-43.062853
FELIPE RIBEIRO,2025-06-13 09:01:23,356.6,13.5,-23.554671,-43.062133
FELIPE RIBEIRO,2025-06-13 10:56:01,359.5,11.4,-23.173495,-43.070381
FELIPE RIBEIRO,2025-06-13 11:33:42,162.1,11.0,-23.239916,-43.059995
FELIPE RIBEIRO,2025-06-13 11:39:01,164.4,9.8,-23.254165,-43.055675
FELIPE RIBEIRO,2025-06-13 11:44:12,172.8,10.2,-23.268186,-43.053308
FELIPE RIBEIRO,2025-06-13 12:13:42,179.5,10.4,-23.352155,-43.048305
FELIPE RIBEIRO,2025-06-13 12:21:23,179.7,10.6,-23.37446,-43.04796
FELIPE RIBEIRO,2025-06-13 12:26:41,178.6,10.6,-23.390165,-43.047863
FELIPE RIBEIRO,2025-06-13 12:27:01,178.9,10.7,-23.391156,-43.047843
FELIPE RIBEIRO,2025-06-13 12:30:12,181.0,10.6,-23.400696,-43.047785
FELIPE RIBEIRO,2025-06-13 12:31:12,179.1,10.5,-23.403695,-43.047775
FELIPE RIBEIRO,2025-06-13 12:38:31,179.1,10.5,-23.425025,-43.04764
FELIPE RIBEIRO,2025-06-13 12:46:02,179.8,10.4,-23.447036,-43.047573
FELIPE RIBEIRO,2025-06-13 12:51:02,179.6,10.2,-23.461613,-43.047581
FELIPE RIBEIRO,2025-06-13 12:53:43,181.2,10.3,-23.46922,-43.047585
FELIPE RIBEIRO,2025-06-13 13:13:41,180.5,10.2,-23.526813,-43.048278
FELIPE RIBEIRO,2025-06-13 13:23:43,179.4,10.8,-23.556271,-43.048823
FELIPE RIBEIRO,2025-06-13 13:24:43,181.7,10.8,-23.55923,-43.04886
FELIPE RIBEIRO,2025-06-13 13:27:32,178.2,10.4,-23.567546,-43.048888
FELIPE RIBEIRO,2025-06-13 13:30:03,178.3,9.7,-23.574653,-43.047948
FELIPE RIBEIRO,2025-06-13 14:05:52,158.5,10.4,-23.667985,-43.035993
FELIPE RIBEIRO,2025-06-13 14:15:43,188.5,10.2,-23.6958,-43.030458
FELIPE RIBEIRO,2025-06-13 14:28:03,231.7,10.3,-23.727225,-43.046026
FELIPE RIBEIRO,2025-06-13 15:11:13,353.0,11.6,-23.634245,-43.064291
FELIPE RIBEIRO,2025-06-13 15:18:42,352.3,11.6,-23.610305,-43.06755
FELIPE RIBEIRO,2025-06-13 16:02:01,357.2,11.3,-23.472833,-43.075635
FELIPE RIBEIRO,2025-06-13 16:08:12,358.0,11.3,-23.453353,-43.076198
FELIPE RIBEIRO,2025-06-13 17:12:20,7.8,12.6,-23.247593,-43.060795
FELIPE RIBEIRO,2025-06-13 17:13:20,7.4,12.9,-23.24408,-43.06038
FELIPE RIBEIRO,2025-06-13 17:13:41,6.2,13.0,-23.242791,-43.06018
FELIPE RIBEIRO,2025-06-13 17:41:26,180.4,9.1,-23.171135,-43.070535
FELIPE RIBEIRO,2025-06-13 17:42:27,178.7,9.4,-23.173731,-43.070468
FELIPE RIBEIRO,2025-06-13 17:42:46,179.1,9.5,-23.174605,-43.070441
FELIPE RIBEIRO,2025-06-13 18:04:49,185.9,10.5,-23.23928,-43.070283
FELIPE RIBEIRO,2025-06-13 18:38:39,180.7,10.6,-23.3376,-43.075831
FELIPE RIBEIRO,2025-06-13 18:42:19,179.6,10.5,-23.348428,-43.075873
FELIPE RIBEIRO,2025-06-13 18:43:29,179.5,10.6,-23.351953,-43.075886
FELIPE RIBEIRO,2025-06-13 18:46:19,180.5,10.1,-23.360251,-43.075981
FELIPE RIBEIRO,2025-06-13 18:48:29,180.8,10.5,-23.366528,-43.076098
FELIPE RIBEIRO,2025-06-13 19:11:38,180.4,10.6,-23.43468,-43.07724
FELIPE RIBEIRO,2025-06-13 19:19:28,181.3,10.2,-23.457441,-43.077705
FELIPE RIBEIRO,2025-06-13 19:23:28,179.9,10.7,-23.469166,-43.07796
FELIPE RIBEIRO,2025-06-13 19:27:28,180.8,10.5,-23.480833,-43.078171
FELIPE RIBEIRO,2025-06-13 19:42:50,182.2,10.8,-23.527025,-43.078771
FELIPE RIBEIRO,2025-06-13 19:47:00,180.8,10.7,-23.539641,-43.07904
FELIPE RIBEIRO,2025-06-13 19:49:30,180.9,10.6,-23.54695,-43.079161
FELIPE RIBEIRO,2025-06-13 19:51:50,179.9,10.6,-23.553911,-43.079175
FELIPE RIBEIRO,2025-06-13 20:21:50,182.3,10.6,-23.642171,-43.081483
FELIPE RIBEIRO,2025-06-13 20:22:29,181.0,10.5,-23.644083,-43.081608
FELIPE RIBEIRO,2025-06-13 20:24:28,183.6,10.1,-23.649913,-43.081955
FELIPE RIBEIRO,2025-06-13 20:27:10,181.8,10.4,-23.657663,-43.082271
FELIPE RIBEIRO,2025-06-13 20:30:00,179.6,10.2,-23.665955,-43.082581
FELIPE RIBEIRO,2025-06-13 20:57:10,183.4,10.9,-23.747338,-43.086128
FELIPE RIBEIRO,2025-06-13 20:59:38,182.8,11.0,-23.754776,-43.086546
FELIPE RIBEIRO,2025-06-13 21:10:18,183.1,11.0,-23.787538,-43.088725
FELIPE RIBEIRO,2025-06-13 21:33:51,21.3,10.5,-23.767198,-43.063751
FELIPE RIBEIRO,2025-06-13 21:36:50,17.7,10.5,-23.75889,-43.060696
FELIPE RIBEIRO,2025-06-13 21:39:39,17.0,10.7,-23.751045,-43.057743
FELIPE RIBEIRO,2025-06-13 22:09:49,355.5,11.1,-23.66332,-43.03359
FELIPE RIBEIRO,2025-06-13 22:12:40,353.5,11.1,-23.654471,-43.03454
FELIPE RIBEIRO,2025-06-13 22:14:59,357.3,11.2,-23.647278,-43.034953
FELIPE RIBEIRO,2025-06-13 22:49:50,3.7,11.4,-23.537065,-43.033688
FELIPE RIBEIRO,2025-06-13 23:15:50,1.5,11.1,-23.455926,-43.028006
FELIPE RIBEIRO,2025-06-13 23:59:09,3.4,11.3,-23.320628,-43.02001
FELIPE RIBEIRO,2025-06-14 00:04:20,1.6,11.4,-23.304223,-43.019005
FELIPE RIBEIRO,2025-06-14 00:05:20,2.8,11.4,-23.301041,-43.018796
FELIPE RIBEIRO,2025-06-14 00:06:20,2.6,11.5,-23.297851,-43.01859
FELIPE RIBEIRO,2025-06-14 00:39:30,219.4,8.5,-23.21766,-43.029733
FELIPE RIBEIRO,2025-06-14 01:35:49,181.8,10.9,-23.380121,-43.018571
FELIPE RIBEIRO,2025-06-14 01:36:28,182.4,10.7,-23.382126,-43.018645
FELIPE RIBEIRO,2025-06-14 01:44:48,181.9,10.9,-23.407406,-43.019733
FELIPE RIBEIRO,2025-06-14 02:20:10,181.2,10.8,-23.514468,-43.023473
FELIPE RIBEIRO,2025-06-14 03:21:49,182.4,11.2,-23.701416,-43.031493
FELIPE RIBEIRO,2025-06-14 03:25:58,183.9,11.1,-23.714433,-43.032348
FELIPE RIBEIRO,2025-06-14 03:29:38,184.8,11.2,-23.725908,-43.033188
FELIPE RIBEIRO,2025-06-14 04:07:28,350.4,10.8,-23.733828,-43.063465
FELIPE RIBEIRO,2025-06-14 04:21:08,357.3,11.3,-23.692006,-43.067905
FELIPE RIBEIRO,2025-06-14 04:24:18,357.9,11.3,-23.682118,-43.068181
FELIPE RIBEIRO,2025-06-14 04:24:28,359.0,11.2,-23.68165,-43.068188
FELIPE RIBEIRO,2025-06-14 04:24:58,358.1,11.2,-23.680091,-43.068225
FELIPE RIBEIRO,2025-06-14 04:25:49,359.9,11.3,-23.677433,-43.068253
FELIPE RIBEIRO,2025-06-14 04:26:49,358.9,11.4,-23.674295,-43.068286
FELIPE RIBEIRO,2025-06-14 04:27:09,359.2,11.4,-23.673251,-43.068311
FELIPE RIBEIRO,2025-06-14 04:27:37,358.9,11.3,-23.671733,-43.068333
FELIPE RIBEIRO,2025-06-14 04:27:59,0.7,11.2,-23.670636,-43.068343
FELIPE RIBEIRO,2025-06-14 04:28:09,0.3,11.2,-23.670111,-43.06835
FELIPE RIBEIRO,2025-06-14 04:29:08,358.7,11.3,-23.667011,-43.068416
FELIPE RIBEIRO,2025-06-14 04:29:49,358.4,11.2,-23.664871,-43.06847
FELIPE RIBEIRO,2025-06-14 04:30:37,359.3,11.2,-23.662348,-43.068518
FELIPE RIBEIRO,2025-06-14 05:13:29,359.4,11.2,-23.528588,-43.070595
FELIPE RIBEIRO,2025-06-14 05:26:58,0.6,11.2,-23.486623,-43.071183
FELIPE RIBEIRO,2025-06-14 06:17:41,359.9,11.1,-23.327395,-43.072363
FELIPE RIBEIRO,2025-06-14 06:20:29,1.2,11.2,-23.318636,-43.072355
FELIPE RIBEIRO,2025-06-14 08:01:49,0.8,11.2,-23.133576,-43.027933
FELIPE RIBEIRO,2025-06-14 09:46:29,8.1,8.3,-22.84889,-43.15523
FELIPE RIBEIRO,2025-06-14 15:53:32,116.4,0.0,-22.817638,-43.141525
FELIPE RIBEIRO,2025-06-14 15:59:32,116.4,0.0,-22.817688,-43.141458
FELIPE RIBEIRO,2025-06-14 16:38:31,315.8,0.4,-22.817028,-43.142556
FELIPE RIBEIRO,2025-06-15 06:14:32,291.0,0.0,-22.813658,-43.140941
FELIPE RIBEIRO,2025-06-15 18:11:30,81.3,0.0,-22.813405,-43.140686
FELIPE RIBEIRO,2025-06-16 01:02:32,76.4,0.0,-22.817871,-43.141446
FELIPE RIBEIRO,2025-06-16 03:05:32,155.4,0.0,-22.817775,-43.140513
FELIPE RIBEIRO,2025-06-16 14:47:32,296.9,0.1,-22.817761,-43.142068
FELIPE RIBEIRO,2025-06-16 14:50:32,297.8,0.0,-22.817725,-43.142058
FELIPE RIBEIRO,2025-06-16 18:35:32,73.6,0.1,-22.813408,-43.140888
FELIPE RIBEIRO,2025-06-16 23:19:31,163.7,7.9,-22.88805,-43.15352
FELIPE RIBEIRO,2025-06-17 00:22:32,143.1,14.0,-23.065926,-43.065096
FELIPE RIBEIRO,2025-06-17 00:25:33,143.7,13.9,-23.075313,-43.057491
FELIPE RIBEIRO,2025-06-17 00:28:14,144.5,13.9,-23.083768,-43.050886
FELIPE RIBEIRO,2025-06-17 00:37:03,149.8,13.8,-23.112073,-43.030088
FELIPE RIBEIRO,2025-06-17 00:38:03,151.3,13.4,-23.115321,-43.028015
FELIPE RIBEIRO,2025-06-17 00:43:08,155.3,13.5,-23.13205,-43.018306
FELIPE RIBEIRO,2025-06-17 00:44:08,156.5,13.5,-23.135456,-43.016575
FELIPE RIBEIRO,2025-06-17 00:44:17,155.8,13.5,-23.135968,-43.016338
FELIPE RIBEIRO,2025-06-17 00:44:48,155.2,13.4,-23.137691,-43.01548
FELIPE RIBEIRO,2025-06-17 00:45:28,156.4,13.5,-23.140016,-43.014368
FELIPE RIBEIRO,2025-06-17 01:04:08,165.0,13.5,-23.20574,-42.987631
FELIPE RIBEIRO,2025-06-17 01:13:19,165.8,13.5,-23.239116,-42.978203
FELIPE RIBEIRO,2025-06-17 01:13:27,165.6,13.5,-23.239608,-42.978066
FELIPE RIBEIRO,2025-06-17 01:13:48,163.1,13.4,-23.240823,-42.977718
FELIPE RIBEIRO,2025-06-17 01:13:59,162.5,13.3,-23.24154,-42.977471
FELIPE RIBEIRO,2025-06-17 01:14:08,164.1,13.3,-23.24213,-42.977276
FELIPE RIBEIRO,2025-06-17 01:14:27,164.1,13.4,-23.243211,-42.97695
FELIPE RIBEIRO,2025-06-17 02:05:18,160.5,13.2,-23.421023,-42.908646
FELIPE RIBEIRO,2025-06-17 02:13:08,158.3,13.3,-23.447731,-42.896965
FELIPE RIBEIRO,2025-06-17 02:45:08,160.2,13.7,-23.558365,-42.847941
FELIPE RIBEIRO,2025-06-17 02:48:08,161.1,13.7,-23.569108,-42.843648
FELIPE RIBEIRO,2025-06-17 03:56:28,158.3,13.1,-23.806966,-42.742946
FELIPE RIBEIRO,2025-06-17 04:59:07,159.4,13.2,-24.021875,-42.656761
FELIPE RIBEIRO,2025-06-17 05:01:19,160.1,13.1,-24.02948,-42.653846
FELIPE RIBEIRO,2025-06-17 05:04:19,160.5,13.3,-24.039891,-42.64979
FELIPE RIBEIRO,2025-06-17 05:06:29,160.2,13.1,-24.047265,-42.646868
FELIPE RIBEIRO,2025-06-17 05:50:10,158.9,13.2,-24.197281,-42.58506
FELIPE RIBEIRO,2025-06-17 05:57:09,157.3,13.0,-24.22116,-42.575283
FELIPE RIBEIRO,2025-06-17 05:59:50,158.7,13.0,-24.230298,-42.571468
FELIPE RIBEIRO,2025-06-17 18:05:49,77.2,0.3,-24.653888,-42.445298
FELIPE RIBEIRO,2025-06-17 18:08:19,106.1,0.5,-24.65387,-42.444975
FELIPE RIBEIRO,2025-06-17 18:10:28,86.1,0.4,-24.65384,-42.444735
FELIPE RIBEIRO,2025-06-17 18:39:40,51.6,0.4,-24.653238,-42.441463
FELIPE RIBEIRO,2025-06-17 18:41:49,96.8,0.6,-24.653213,-42.441235
FELIPE RIBEIRO,2025-06-17 18:43:59,26.4,0.4,-24.653215,-42.440896
FELIPE RIBEIRO,2025-06-17 18:45:10,78.9,0.4,-24.653233,-42.440768
FELIPE RIBEIRO,2025-06-17 18:46:20,87.8,0.5,-24.653231,-42.440616
FELIPE RIBEIRO,2025-06-17 18:49:58,59.9,0.5,-24.653091,-42.440271
FELIPE RIBEIRO,2025-06-17 18:54:39,103.6,0.6,-24.653013,-42.439758
FELIPE RIBEIRO,2025-06-17 19:12:29,52.1,0.3,-24.65278,-42.437643
FELIPE RIBEIRO,2025-06-17 19:17:08,103.4,0.5,-24.652678,-42.437091
FELIPE RIBEIRO,2025-06-17 19:19:30,63.3,0.5,-24.652665,-42.436855
FELIPE RIBEIRO,2025-06-17 19:46:30,110.0,0.7,-24.652343,-42.433643
FELIPE RIBEIRO,2025-06-17 19:50:30,74.3,0.5,-24.652265,-42.433251
FELIPE RIBEIRO,2025-06-17 19:55:59,28.0,0.6,-24.65209,-42.432675
FELIPE RIBEIRO,2025-06-17 20:37:09,80.1,0.1,-24.651501,-42.428288
FELIPE RIBEIRO,2025-06-17 20:56:48,320.8,0.1,-24.651548,-42.428191
FELIPE RIBEIRO,2025-06-17 21:01:00,36.7,0.1,-24.651436,-42.428213
FELIPE RIBEIRO,2025-06-17 21:38:19,201.7,0.1,-24.651285,-42.428383
FELIPE RIBEIRO,2025-06-17 21:39:19,140.2,0.1,-24.651283,-42.428403
FELIPE RIBEIRO,2025-06-17 22:22:00,150.7,0.2,-24.651406,-42.428293
FELIPE RIBEIRO,2025-06-17 23:26:29,260.6,0.2,-24.651135,-42.428506
FELIPE RIBEIRO,2025-06-18 00:03:28,166.0,0.2,-24.651223,-42.428418
FELIPE RIBEIRO,2025-06-18 00:06:28,142.0,0.2,-24.651418,-42.42837
FELIPE RIBEIRO,2025-06-18 00:08:39,99.2,0.1,-24.651435,-42.42829
FELIPE RIBEIRO,2025-06-18 00:17:39,326.8,0.4,-24.651328,-42.42839
FELIPE RIBEIRO,2025-06-18 00:23:17,97.9,0.1,-24.651433,-42.428325
FELIPE RIBEIRO,2025-06-18 00:24:48,335.6,0.1,-24.651415,-42.428296
FELIPE RIBEIRO,2025-06-18 00:27:17,130.7,0.4,-24.651508,-42.428256
FELIPE RIBEIRO,2025-06-18 00:27:48,171.4,0.2,-24.651535,-42.428238
FELIPE RIBEIRO,2025-06-18 00:28:28,322.0,0.2,-24.651533,-42.428246
FELIPE RIBEIRO,2025-06-18 01:03:48,326.0,0.5,-24.651288,-42.428458
FELIPE RIBEIRO,2025-06-18 01:06:40,331.4,0.1,-24.651306,-42.428561
FELIPE RIBEIRO,2025-06-18 01:09:09,143.4,0.0,-24.651235,-42.428511
FELIPE RIBEIRO,2025-06-18 01:13:18,286.0,0.1,-24.65122,-42.4285
FELIPE RIBEIRO,2025-06-18 01:28:08,152.3,0.6,-24.651201,-42.428463
FELIPE RIBEIRO,2025-06-18 01:29:17,282.6,0.1,-24.651261,-42.428475
FELIPE RIBEIRO,2025-06-18 01:29:29,307.5,0.2,-24.651276,-42.428495
FELIPE RIBEIRO,2025-06-18 01:30:47,150.7,0.2,-24.65134,-42.428458
FELIPE RIBEIRO,2025-06-18 01:31:17,8.8,0.1,-24.651335,-42.428458
FELIPE RIBEIRO,2025-06-18 01:31:47,149.9,0.3,-24.6513,-42.428398
FELIPE RIBEIRO,2025-06-18 01:32:17,344.1,0.3,-24.651278,-42.428421
FELIPE RIBEIRO,2025-06-18 01:32:29,334.5,0.4,-24.651258,-42.428405
FELIPE RIBEIRO,2025-06-18 01:32:49,318.3,0.2,-24.651248,-42.428438
FELIPE RIBEIRO,2025-06-18 01:33:17,137.2,0.3,-24.65126,-42.42849
FELIPE RIBEIRO,2025-06-18 01:48:29,170.8,0.3,-24.651371,-42.428401
FELIPE RIBEIRO,2025-06-18 01:50:49,133.5,0.2,-24.65144,-42.428353
FELIPE RIBEIRO,2025-06-18 01:54:50,331.4,0.2,-24.65156,-42.428246
FELIPE RIBEIRO,2025-06-18 01:58:49,321.8,0.5,-24.651561,-42.428278
FELIPE RIBEIRO,2025-06-18 02:48:09,155.6,0.3,-24.651868,-42.428063
FELIPE RIBEIRO,2025-06-18 02:50:29,326.3,0.2,-24.651853,-42.427953
FELIPE RIBEIRO,2025-06-18 02:53:39,148.2,0.2,-24.651758,-42.428113
FELIPE RIBEIRO,2025-06-18 02:56:09,297.5,0.2,-24.651791,-42.428085
FELIPE RIBEIRO,2025-06-18 03:07:58,315.7,0.3,-24.651781,-42.428048
FELIPE RIBEIRO,2025-06-18 03:28:49,302.1,0.2,-24.65181,-42.428051
FELIPE RIBEIRO,2025-06-18 03:57:09,358.9,0.1,-24.651865,-42.427946
FELIPE RIBEIRO,2025-06-18 03:59:39,316.8,0.5,-24.651781,-42.42797
FELIPE RIBEIRO,2025-06-18 04:02:39,301.7,0.3,-24.651903,-42.427966
FELIPE RIBEIRO,2025-06-18 04:06:08,143.8,0.4,-24.652011,-42.427895
FELIPE RIBEIRO,2025-06-18 04:56:08,322.8,0.4,-24.652183,-42.427656
FELIPE RIBEIRO,2025-06-18 04:58:38,326.8,0.6,-24.652018,-42.427773
FELIPE RIBEIRO,2025-06-18 05:49:29,124.0,0.2,-24.652193,-42.42765
FELIPE RIBEIRO,2025-06-18 06:34:08,32.5,0.1,-24.652063,-42.42777
FELIPE RIBEIRO,2025-06-18 06:44:38,147.3,0.2,-24.652026,-42.427866
FELIPE RIBEIRO,2025-06-18 07:34:59,112.2,0.4,-24.65209,-42.427868
FELIPE RIBEIRO,2025-06-18 08:27:50,174.2,0.1,-24.652098,-42.427755
FELIPE RIBEIRO,2025-06-18 09:16:59,303.7,0.2,-24.652148,-42.427748
FELIPE RIBEIRO,2025-06-18 09:25:09,145.6,0.3,-24.651966,-42.427876
FELIPE RIBEIRO,2025-06-18 09:32:39,314.0,0.6,-24.652061,-42.427813
FELIPE RIBEIRO,2025-06-18 09:59:49,322.9,0.3,-24.652,-42.427878
FELIPE RIBEIRO,2025-06-18 10:10:59,196.2,0.2,-24.652108,-42.427745
FELIPE RIBEIRO,2025-06-18 10:37:19,282.5,0.2,-24.652113,-42.427758
FELIPE RIBEIRO,2025-06-18 10:39:30,353.3,0.2,-24.652055,-42.427813
FELIPE RIBEIRO,2025-06-18 10:43:10,325.5,0.2,-24.652021,-42.427868
FELIPE RIBEIRO,2025-06-18 10:45:49,297.6,0.2,-24.652075,-42.427833
FELIPE RIBEIRO,2025-06-18 10:50:27,212.4,0.2,-24.652096,-42.427821
FELIPE RIBEIRO,2025-06-18 10:52:38,52.3,0.2,-24.652136,-42.427706
FELIPE RIBEIRO,2025-06-18 10:54:08,288.9,0.6,-24.652166,-42.4277
FELIPE RIBEIRO,2025-06-18 10:54:17,283.2,0.7,-24.652165,-42.427701
FELIPE RIBEIRO,2025-06-18 10:55:08,306.4,0.6,-24.652161,-42.427751
FELIPE RIBEIRO,2025-06-18 10:55:17,298.4,0.1,-24.652158,-42.427763
FELIPE RIBEIRO,2025-06-18 10:55:38,133.1,0.3,-24.65215,-42.427786
FELIPE RIBEIRO,2025-06-18 11:03:07,317.0,0.2,-24.652098,-42.427816
FELIPE RIBEIRO,2025-06-18 11:14:09,246.6,0.1,-24.65213,-42.427728
FELIPE RIBEIRO,2025-06-18 11:16:49,171.5,0.2,-24.652146,-42.427673
FELIPE RIBEIRO,2025-06-24 06:51:22,62.2,12.7,-24.482321,-42.296561
FELIPE RIBEIRO,2025-06-24 06:58:43,62.7,12.6,-24.470413,-42.271431
FELIPE RIBEIRO,2025-06-24 07:26:43,61.6,12.5,-24.424426,-42.1765
FELIPE RIBEIRO,2025-06-24 07:29:44,61.9,12.4,-24.419503,-42.166456
FELIPE RIBEIRO,2025-06-24 07:34:44,62.1,12.4,-24.411248,-42.149791
FELIPE RIBEIRO,2025-06-24 08:02:54,64.4,12.0,-24.369051,-42.05543
FELIPE RIBEIRO,2025-06-24 08:05:52,62.8,12.0,-24.364285,-42.045923
FELIPE RIBEIRO,2025-06-24 08:08:52,61.1,12.0,-24.359478,-42.036353
FELIPE RIBEIRO,2025-06-24 08:26:03,61.9,11.8,-24.332693,-41.981308
FELIPE RIBEIRO,2025-06-24 08:28:12,62.4,11.8,-24.329375,-41.974495
FELIPE RIBEIRO,2025-06-24 08:45:03,62.1,11.6,-24.30357,-41.921488
FELIPE RIBEIRO,2025-06-24 09:20:12,63.5,11.4,-24.254551,-41.811801
FELIPE RIBEIRO,2025-06-24 09:21:32,64.1,11.3,-24.252695,-41.807696
FELIPE RIBEIRO,2025-06-24 09:45:42,64.2,11.3,-24.219353,-41.732563
FELIPE RIBEIRO,2025-06-24 09:49:43,64.3,11.4,-24.213843,-41.719963
FELIPE RIBEIRO,2025-06-24 10:11:44,65.8,11.4,-24.184655,-41.650983
FELIPE RIBEIRO,2025-06-24 10:14:03,65.5,11.5,-24.1816,-41.6436
FELIPE RIBEIRO,2025-06-24 10:16:23,65.5,11.6,-24.178486,-41.636191
FELIPE RIBEIRO,2025-06-24 10:28:03,65.0,12.0,-24.162668,-41.598113
FELIPE RIBEIRO,2025-06-24 11:02:54,61.9,12.2,-24.111361,-41.483556
FELIPE RIBEIRO,2025-06-24 11:10:03,62.1,12.2,-24.100105,-41.45993
FELIPE RIBEIRO,2025-06-24 11:37:33,62.3,12.4,-24.055906,-41.368528
FELIPE RIBEIRO,2025-06-24 11:54:53,61.7,12.7,-24.027541,-41.310475
FELIPE RIBEIRO,2025-06-24 11:59:42,62.5,12.6,-24.019586,-41.294166
FELIPE RIBEIRO,2025-06-24 12:01:02,61.6,12.5,-24.01734,-41.289635
FELIPE RIBEIRO,2025-06-24 12:01:21,61.3,12.6,-24.01682,-41.288536
FELIPE RIBEIRO,2025-06-24 12:02:12,61.6,12.5,-24.015451,-41.285775
FELIPE RIBEIRO,2025-06-24 12:04:03,61.6,12.6,-24.012363,-41.279605
FELIPE RIBEIRO,2025-06-24 12:50:32,61.4,12.7,-23.93394,-41.123818
FELIPE RIBEIRO,2025-06-24 12:53:12,62.0,12.7,-23.929388,-41.114798
FELIPE RIBEIRO,2025-06-24 12:53:23,61.5,12.7,-23.929051,-41.114118
FELIPE RIBEIRO,2025-06-24 12:53:24,61.5,12.7,-23.929051,-41.114118
FELIPE RIBEIRO,2025-06-24 13:22:34,58.9,12.9,-23.876286,-41.016038
FELIPE RIBEIRO,2025-06-24 13:28:23,58.9,12.9,-23.865426,-40.996606
FELIPE RIBEIRO,2025-06-24 13:30:43,63.1,12.8,-23.8613,-40.988631
FELIPE RIBEIRO,2025-06-24 13:54:14,63.5,13.1,-23.822991,-40.905783
FELIPE RIBEIRO,2025-06-24 13:56:44,63.5,13.1,-23.819025,-40.896985
FELIPE RIBEIRO,2025-06-24 14:25:03,55.0,12.9,-23.761151,-40.805025
FELIPE RIBEIRO,2025-06-24 14:27:52,53.8,12.9,-23.755281,-40.795968
FELIPE RIBEIRO,2025-06-24 14:30:13,54.8,12.9,-23.750395,-40.788498
FELIPE RIBEIRO,2025-06-24 14:32:21,55.5,12.9,-23.745986,-40.781665
FELIPE RIBEIRO,2025-06-24 14:32:22,55.5,12.9,-23.745986,-40.781665
FELIPE RIBEIRO,2025-06-24 15:05:13,54.6,13.0,-23.677478,-40.67653
FELIPE RIBEIRO,2025-06-24 15:10:03,53.9,13.1,-23.667281,-40.660978
FELIPE RIBEIRO,2025-06-24 15:20:13,54.1,13.0,-23.645623,-40.62844
FELIPE RIBEIRO,2025-06-24 15:39:03,56.5,13.0,-23.606965,-40.567711
FELIPE RIBEIRO,2025-06-24 15:42:23,55.6,13.0,-23.600163,-40.556776
FELIPE RIBEIRO,2025-06-24 16:08:22,48.0,12.9,-23.540785,-40.478393
FELIPE RIBEIRO,2025-06-24 16:13:02,47.7,12.8,-23.52949,-40.464848
FELIPE RIBEIRO,2025-06-24 16:18:22,48.0,12.9,-23.516726,-40.449536
FELIPE RIBEIRO,2025-06-24 16:51:12,48.1,13.2,-23.436756,-40.352941
FELIPE RIBEIRO,2025-06-24 16:54:02,49.2,13.2,-23.429818,-40.344441
FELIPE RIBEIRO,2025-06-24 17:16:43,42.5,13.2,-23.370453,-40.281218
FELIPE RIBEIRO,2025-06-24 17:23:23,44.3,13.1,-23.352466,-40.263383
FELIPE RIBEIRO,2025-06-24 17:26:04,44.8,13.2,-23.345501,-40.25582
FELIPE RIBEIRO,2025-06-24 17:59:53,42.1,12.8,-23.258038,-40.163968
FELIPE RIBEIRO,2025-06-24 18:02:22,41.8,12.8,-23.251498,-40.15756
FELIPE RIBEIRO,2025-06-24 18:04:53,42.0,12.8,-23.24483,-40.151041
FELIPE RIBEIRO,2025-06-24 18:34:03,41.4,12.5,-23.166601,-40.079956
FELIPE RIBEIRO,2025-06-24 18:36:23,41.3,12.5,-23.160338,-40.074205
FELIPE RIBEIRO,2025-06-24 18:38:42,41.5,12.5,-23.154273,-40.068445
FELIPE RIBEIRO,2025-06-24 19:45:43,41.2,12.3,-22.980006,-39.90448
FELIPE RIBEIRO,2025-06-24 19:50:43,41.0,12.3,-22.967096,-39.892295
FELIPE RIBEIRO,2025-06-24 19:57:24,40.8,12.3,-22.94992,-39.875946
FELIPE RIBEIRO,2025-06-24 20:33:32,41.7,12.2,-22.857763,-39.78816
FELIPE RIBEIRO,2025-06-24 21:35:42,38.6,12.1,-22.698421,-39.640578
FELIPE RIBEIRO,2025-06-24 22:13:21,38.8,12.4,-22.597471,-39.552848
FELIPE RIBEIRO,2025-06-24 23:10:54,37.3,12.8,-22.437835,-39.417178
FELIPE RIBEIRO,2025-06-24 23:14:02,37.6,12.8,-22.428933,-39.409828
FELIPE RIBEIRO,2025-06-24 23:16:14,37.0,12.9,-22.422721,-39.404693
FELIPE RIBEIRO,2025-06-24 23:35:23,38.5,13.0,-22.368958,-39.358505
FELIPE RIBEIRO,2025-06-25 00:05:23,39.9,12.9,-22.283951,-39.286873
FELIPE RIBEIRO,2025-06-25 00:14:42,40.6,13.1,-22.258275,-39.263413
FELIPE RIBEIRO,2025-06-25 00:21:11,39.8,13.1,-22.240155,-39.247126
FELIPE RIBEIRO,2025-06-25 00:26:33,38.5,13.1,-22.224985,-39.23395
FELIPE RIBEIRO,2025-06-25 01:00:33,37.5,13.2,-22.128125,-39.150531
FELIPE RIBEIRO,2025-06-25 01:13:24,42.1,13.1,-22.091335,-39.119058
FELIPE RIBEIRO,2025-06-25 01:13:43,42.9,13.1,-22.090491,-39.118221
FELIPE RIBEIRO,2025-06-25 01:18:02,42.8,13.0,-22.078843,-39.10681
FELIPE RIBEIRO,2025-06-25 01:30:22,42.1,13.1,-22.045366,-39.074451
FELIPE RIBEIRO,2025-06-25 01:30:33,42.2,13.1,-22.044906,-39.074015
FELIPE RIBEIRO,2025-06-25 01:30:42,41.9,13.1,-22.044451,-39.07358
FELIPE RIBEIRO,2025-06-25 01:31:02,41.6,13.1,-22.043591,-39.072751
FELIPE RIBEIRO,2025-06-25 01:31:33,41.8,13.0,-22.042158,-39.071391
FELIPE RIBEIRO,2025-06-25 01:31:52,41.9,13.1,-22.04128,-39.070548
FELIPE RIBEIRO,2025-06-25 01:32:42,41.7,13.1,-22.03908,-39.068393
FELIPE RIBEIRO,2025-06-25 01:32:52,42.2,13.1,-22.038631,-39.067951
FELIPE RIBEIRO,2025-06-25 01:33:12,41.9,13.1,-22.037683,-39.067033
FELIPE RIBEIRO,2025-06-25 01:33:33,41.9,13.0,-22.03678,-39.06616
FELIPE RIBEIRO,2025-06-25 01:33:42,42.2,13.1,-22.036328,-39.065721
FELIPE RIBEIRO,2025-06-25 01:35:12,42.2,13.1,-22.03226,-39.061781
FELIPE RIBEIRO,2025-06-25 02:02:42,37.4,12.7,-21.958471,-38.991556
FELIPE RIBEIRO,2025-06-25 02:05:42,37.6,12.7,-21.95011,-38.984513
FELIPE RIBEIRO,2025-06-25 02:09:22,38.7,12.8,-21.939846,-38.975728
FELIPE RIBEIRO,2025-06-25 02:12:01,37.8,12.8,-21.93244,-38.969441
FELIPE RIBEIRO,2025-06-25 02:14:32,37.4,12.8,-21.925346,-38.963475
FELIPE RIBEIRO,2025-06-25 03:08:13,32.8,13.2,-21.769323,-38.840165
FELIPE RIBEIRO,2025-06-25 05:52:13,38.4,13.0,-21.316248,-38.424855
FELIPE RIBEIRO,2025-06-25 05:54:13,38.0,13.1,-21.310601,-38.420003
FELIPE RIBEIRO,2025-06-25 06:27:44,39.1,13.0,-21.215476,-38.339938
FELIPE RIBEIRO,2025-06-25 06:57:52,37.8,13.1,-21.129693,-38.267588
FELIPE RIBEIRO,2025-06-25 07:00:23,38.6,13.0,-21.12256,-38.26151
FELIPE RIBEIRO,2025-06-25 07:07:43,38.9,13.0,-21.101816,-38.24389
FELIPE RIBEIRO,2025-06-25 07:11:03,38.6,12.9,-21.092443,-38.235886
FELIPE RIBEIRO,2025-06-25 07:30:22,38.8,12.9,-21.03849,-38.190283
FELIPE RIBEIRO,2025-06-25 07:33:43,37.8,12.8,-21.029135,-38.18237
FELIPE RIBEIRO,2025-06-25 07:40:13,40.3,12.8,-21.01139,-38.166748
FELIPE RIBEIRO,2025-06-25 08:15:21,40.8,12.5,-20.916351,-38.082815
FELIPE RIBEIRO,2025-06-25 08:18:03,41.4,12.5,-20.909313,-38.076303
FELIPE RIBEIRO,2025-06-25 08:21:31,41.6,12.6,-20.900233,-38.067798
FELIPE RIBEIRO,2025-06-25 08:44:32,41.7,12.4,-20.840188,-38.011985
FELIPE RIBEIRO,2025-06-25 08:54:42,41.7,12.5,-20.81389,-37.987118
FELIPE RIBEIRO,2025-06-25 09:10:32,42.7,12.4,-20.772123,-37.949058
FELIPE RIBEIRO,2025-06-25 09:17:52,41.3,12.5,-20.753241,-37.931095
FELIPE RIBEIRO,2025-06-25 10:05:21,37.1,12.0,-20.631131,-37.824488
FELIPE RIBEIRO,2025-06-25 10:09:01,37.6,12.1,-20.621548,-37.8164
FELIPE RIBEIRO,2025-06-25 10:52:42,18.9,11.8,-20.491506,-37.751195
FELIPE RIBEIRO,2025-06-25 10:57:04,19.5,11.8,-20.478111,-37.74576
FELIPE RIBEIRO,2025-06-25 11:00:43,22.2,11.7,-20.46682,-37.74136
FELIPE RIBEIRO,2025-06-25 11:38:02,18.6,12.5,-20.347521,-37.695398
FELIPE RIBEIRO,2025-06-25 11:39:02,19.4,12.5,-20.344175,-37.694196
FELIPE RIBEIRO,2025-06-25 11:39:32,17.9,12.5,-20.342576,-37.693623
FELIPE RIBEIRO,2025-06-25 11:39:51,19.1,12.5,-20.341528,-37.693256
FELIPE RIBEIRO,2025-06-25 11:40:02,18.8,12.5,-20.340868,-37.693026
FELIPE RIBEIRO,2025-06-25 11:40:23,18.2,12.5,-20.339703,-37.692603
FELIPE RIBEIRO,2025-06-25 11:41:31,18.1,12.6,-20.336,-37.691275
FELIPE RIBEIRO,2025-06-25 11:42:31,19.6,12.6,-20.332708,-37.690083
FELIPE RIBEIRO,2025-06-25 11:45:22,20.6,12.5,-20.323271,-37.686606
FELIPE RIBEIRO,2025-06-25 11:49:22,18.1,12.7,-20.310005,-37.681695
FELIPE RIBEIRO,2025-06-25 11:53:32,21.1,12.8,-20.29608,-37.676436
FELIPE RIBEIRO,2025-06-25 12:29:32,21.9,13.3,-20.173793,-37.625528
FELIPE RIBEIRO,2025-06-25 12:32:22,21.8,13.3,-20.163935,-37.621373
FELIPE RIBEIRO,2025-06-25 13:01:13,24.5,12.9,-20.068213,-37.577205
FELIPE RIBEIRO,2025-06-25 13:01:23,23.9,12.9,-20.067673,-37.576943
FELIPE RIBEIRO,2025-06-25 13:01:43,23.7,12.8,-20.06659,-37.576418
FELIPE RIBEIRO,2025-06-25 13:02:53,25.2,12.9,-20.06278,-37.57458
FELIPE RIBEIRO,2025-06-25 13:04:23,24.0,13.0,-20.057861,-37.57221
FELIPE RIBEIRO,2025-06-25 13:19:54,24.2,12.7,-20.007861,-37.546991
FELIPE RIBEIRO,2025-06-25 13:24:02,27.1,12.7,-19.994681,-37.540228
FELIPE RIBEIRO,2025-06-25 13:29:44,25.9,12.8,-19.976521,-37.530561
FELIPE RIBEIRO,2025-06-25 13:32:33,27.4,12.8,-19.967531,-37.525843
FELIPE RIBEIRO,2025-06-25 13:33:23,26.7,12.8,-19.964815,-37.524413
FELIPE RIBEIRO,2025-06-25 14:12:22,25.6,12.9,-19.839038,-37.45843
FELIPE RIBEIRO,2025-06-25 14:14:52,25.3,12.8,-19.831076,-37.454148
FELIPE RIBEIRO,2025-06-25 14:39:54,24.7,12.9,-19.75084,-37.411215
FELIPE RIBEIRO,2025-06-25 14:42:54,25.3,12.8,-19.741176,-37.40639
FELIPE RIBEIRO,2025-06-25 15:07:43,23.4,13.3,-19.658723,-37.366993
FELIPE RIBEIRO,2025-06-25 15:15:14,25.7,13.0,-19.633661,-37.35501
FELIPE RIBEIRO,2025-06-25 15:38:33,24.2,12.8,-19.557645,-37.318421
FELIPE RIBEIRO,2025-06-25 15:40:13,23.8,12.8,-19.552266,-37.315875
FELIPE RIBEIRO,2025-06-25 15:41:03,23.9,12.8,-19.549443,-37.314596
FELIPE RIBEIRO,2025-06-25 15:42:52,24.5,12.8,-19.543563,-37.311825
FELIPE RIBEIRO,2025-06-25 15:43:33,25.0,12.8,-19.541293,-37.310785
FELIPE RIBEIRO,2025-06-25 15:44:13,24.1,12.8,-19.5391,-37.30976
FELIPE RIBEIRO,2025-06-25 15:44:23,24.3,12.8,-19.538573,-37.309505
FELIPE RIBEIRO,2025-06-25 15:45:23,24.0,12.8,-19.535341,-37.307941
FELIPE RIBEIRO,2025-06-25 15:48:03,24.1,12.7,-19.526713,-37.303871
FELIPE RIBEIRO,2025-06-25 15:51:04,24.6,12.7,-19.51709,-37.299188
FELIPE RIBEIRO,2025-06-25 16:20:23,23.5,12.7,-19.422158,-37.254701
FELIPE RIBEIRO,2025-06-25 16:23:41,23.6,12.6,-19.41131,-37.249835
FELIPE RIBEIRO,2025-06-25 16:40:22,21.7,12.5,-19.357931,-37.225893
FELIPE RIBEIRO,2025-06-25 16:42:43,22.1,12.5,-19.350351,-37.222546
FELIPE RIBEIRO,2025-06-25 16:43:03,21.2,12.6,-19.349273,-37.222075
FELIPE RIBEIRO,2025-06-25 16:47:12,20.3,12.4,-19.335861,-37.216456
FELIPE RIBEIRO,2025-06-25 16:52:43,19.0,12.5,-19.317856,-37.209488
FELIPE RIBEIRO,2025-06-25 16:59:01,19.8,12.4,-19.297261,-37.201613
FELIPE RIBEIRO,2025-06-25 17:01:32,20.8,12.4,-19.288953,-37.198501
FELIPE RIBEIRO,2025-06-25 17:05:33,20.2,12.4,-19.275958,-37.193445
FELIPE RIBEIRO,2025-06-25 17:15:53,19.0,12.5,-19.242366,-37.180555
FELIPE RIBEIRO,2025-06-25 17:17:42,19.7,12.4,-19.236505,-37.178315
FELIPE RIBEIRO,2025-06-25 17:17:53,19.0,12.5,-19.235851,-37.178068
FELIPE RIBEIRO,2025-06-25 17:36:51,13.4,12.3,-19.173975,-37.155066
FELIPE RIBEIRO,2025-06-25 17:41:21,11.9,12.3,-19.159001,-37.151083
FELIPE RIBEIRO,2025-06-25 19:19:11,12.9,12.2,-18.832736,-37.069906
FELIPE RIBEIRO,2025-06-25 21:17:44,19.3,12.2,-18.44026,-36.95629
FELIPE RIBEIRO,2025-06-25 22:13:44,17.0,12.5,-18.255945,-36.894755
FELIPE RIBEIRO,2025-06-25 22:16:02,17.8,12.4,-18.248281,-36.892288
FELIPE RIBEIRO,2025-06-25 22:56:54,14.8,12.7,-18.111841,-36.84978
FELIPE RIBEIRO,2025-06-25 23:03:12,15.2,12.8,-18.090376,-36.843345
FELIPE RIBEIRO,2025-06-25 23:05:23,13.6,12.9,-18.082868,-36.841385
FELIPE RIBEIRO,2025-06-25 23:17:24,14.7,12.8,-18.041276,-36.83017
FELIPE RIBEIRO,2025-06-25 23:18:24,13.1,12.9,-18.037796,-36.829276
FELIPE RIBEIRO,2025-06-25 23:55:53,13.0,12.9,-17.907036,-36.795053
FELIPE RIBEIRO,2025-06-26 00:00:43,13.7,12.9,-17.890085,-36.790875
FELIPE RIBEIRO,2025-06-26 00:14:22,11.9,12.7,-17.842486,-36.779231
FELIPE RIBEIRO,2025-06-26 00:23:11,14.3,12.7,-17.811988,-36.771916
FELIPE RIBEIRO,2025-06-26 00:44:32,12.4,12.9,-17.737681,-36.753836
FELIPE RIBEIRO,2025-06-26 00:47:52,14.4,12.9,-17.726105,-36.750653
FELIPE RIBEIRO,2025-06-26 00:57:43,15.7,12.8,-17.691991,-36.741626
FELIPE RIBEIRO,2025-06-26 00:58:13,14.4,12.8,-17.690315,-36.74117
FELIPE RIBEIRO,2025-06-26 01:00:13,14.3,12.9,-17.683285,-36.73927
FELIPE RIBEIRO,2025-06-26 01:01:02,14.8,12.8,-17.68048,-36.738478
FELIPE RIBEIRO,2025-06-26 01:03:23,12.9,12.8,-17.672338,-36.73633
FELIPE RIBEIRO,2025-06-26 01:11:32,13.0,12.8,-17.644118,-36.728858
FELIPE RIBEIRO,2025-06-26 01:14:23,14.7,12.6,-17.634313,-36.7263
FELIPE RIBEIRO,2025-06-26 02:02:31,10.7,12.5,-17.469053,-36.684735
FELIPE RIBEIRO,2025-06-26 02:54:42,6.3,12.9,-17.287443,-36.657961
FELIPE RIBEIRO,2025-06-26 05:28:44,21.0,12.9,-16.759025,-36.493098
FELIPE RIBEIRO,2025-06-26 06:00:02,17.8,12.8,-16.65269,-36.456318
FELIPE RIBEIRO,2025-06-26 06:06:33,12.4,12.8,-16.630311,-36.449808
FELIPE RIBEIRO,2025-06-26 06:29:43,11.6,12.9,-16.548701,-36.431788
FELIPE RIBEIRO,2025-06-26 06:32:52,10.6,12.9,-16.537578,-36.429528
FELIPE RIBEIRO,2025-06-26 06:35:44,12.4,12.9,-16.527428,-36.427435
FELIPE RIBEIRO,2025-06-26 06:40:42,11.7,13.0,-16.50983,-36.423681
FELIPE RIBEIRO,2025-06-26 07:04:42,15.3,12.9,-16.425115,-36.403986
FELIPE RIBEIRO,2025-06-26 07:14:14,15.2,13.0,-16.391838,-36.394795
FELIPE RIBEIRO,2025-06-26 08:13:24,9.1,13.0,-16.182933,-36.34752
FELIPE RIBEIRO,2025-06-26 08:20:03,7.2,13.0,-16.159046,-36.344065
FELIPE RIBEIRO,2025-06-26 10:46:43,14.7,12.9,-15.6583,-36.203816
FELIPE RIBEIRO,2025-06-26 10:53:22,13.7,12.9,-15.635296,-36.197746
