NOME,DATAHORA,RUMO,VELOCIDADE,LATITUDE,LONGITUDE
GABRIELA MARTINS,2023-12-25 09:28:08,122.0,10.7,5.819501,-51.282173
GABRIELA MARTINS,2023-12-25 10:23:06,122.9,10.3,5.72761,-51.147955
GABRIELA MARTINS,2023-12-25 11:15:39,125.4,10.4,5.639051,-51.023321
GABRIELA MARTINS,2023-12-25 11:21:28,124.4,10.5,5.629045,-51.009521
GABRIELA MARTINS,2023-12-25 11:54:08,129.0,10.0,5.576016,-50.932408
GABRIELA MARTINS,2023-12-25 12:04:18,127.0,10.0,5.560093,-50.909363
GABRIELA MARTINS,2023-12-25 12:08:27,120.5,10.0,5.553683,-50.89968
GABRIELA MARTINS,2023-12-25 12:18:27,120.4,10.1,5.53873,-50.876035
GABRIELA MARTINS,2023-12-25 12:19:27,119.1,9.9,5.537233,-50.873655
GABRIELA MARTINS,2023-12-25 12:23:18,122.3,9.8,5.531498,-50.86475
GABRIELA MARTINS,2023-12-25 12:30:16,120.2,10.1,5.521531,-50.84798
GABRIELA MARTINS,2023-12-25 12:32:27,121.4,10.1,5.518441,-50.842696
GABRIELA MARTINS,2023-12-25 13:07:46,120.6,9.9,5.469458,-50.757005
GABRIELA MARTINS,2023-12-25 13:53:28,122.2,10.2,5.39902,-50.645365
GABRIELA MARTINS,2023-12-25 13:57:18,121.9,10.1,5.393481,-50.635955
GABRIELA MARTINS,2023-12-25 13:58:47,118.7,10.0,5.391401,-50.632336
GABRIELA MARTINS,2023-12-25 16:11:57,122.4,9.8,5.19093,-50.334666
GABRIELA MARTINS,2023-12-25 17:00:18,122.9,10.0,5.117163,-50.224176
GABRIELA MARTINS,2023-12-25 17:03:07,123.8,9.9,5.112851,-50.217655
GABRIELA MARTINS,2023-12-25 17:07:07,126.2,9.8,5.106596,-50.20847
GABRIELA MARTINS,2023-12-25 17:07:48,122.1,9.8,5.105558,-50.206981
GABRIELA MARTINS,2023-12-25 17:38:06,123.1,10.0,5.05939,-50.137023
GABRIELA MARTINS,2023-12-25 17:57:07,122.3,10.0,5.030916,-50.092403
GABRIELA MARTINS,2023-12-25 17:58:52,124.9,10.0,5.028068,-50.088153
GABRIELA MARTINS,2023-12-25 17:59:22,122.2,10.0,5.027318,-50.086986
GABRIELA MARTINS,2023-12-25 17:59:42,123.3,10.0,5.026811,-50.086206
GABRIELA MARTINS,2023-12-25 17:59:52,123.4,10.0,5.026558,-50.08582
GABRIELA MARTINS,2023-12-25 18:00:11,123.8,10.1,5.026068,-50.08509
GABRIELA MARTINS,2023-12-25 18:00:52,124.9,10.0,5.025011,-50.083501
GABRIELA MARTINS,2023-12-25 18:01:02,123.5,10.0,5.024725,-50.083073
GABRIELA MARTINS,2023-12-25 18:01:03,123.5,10.0,5.024725,-50.083073
GABRIELA MARTINS,2023-12-25 18:01:11,123.3,10.0,5.024511,-50.082753
GABRIELA MARTINS,2023-12-25 18:01:43,125.1,10.1,5.0237,-50.081513
GABRIELA MARTINS,2023-12-25 18:01:52,126.7,10.1,5.023471,-50.081163
GABRIELA MARTINS,2023-12-25 18:02:32,120.9,10.0,5.02244,-50.079561
GABRIELA MARTINS,2023-12-25 18:02:52,122.6,10.1,5.021951,-50.078825
GABRIELA MARTINS,2023-12-25 18:04:32,123.1,10.1,5.019388,-50.074893
GABRIELA MARTINS,2023-12-25 18:11:19,124.3,10.1,5.009153,-50.059183
GABRIELA MARTINS,2023-12-25 18:13:37,123.8,10.0,5.005555,-50.053763
GABRIELA MARTINS,2023-12-25 19:40:49,123.2,10.0,4.87203,-49.853645
GABRIELA MARTINS,2023-12-25 21:57:38,122.7,10.1,4.663521,-49.536105
GABRIELA MARTINS,2023-12-25 22:00:48,123.8,10.2,4.658666,-49.528513
GABRIELA MARTINS,2023-12-25 22:36:58,123.9,10.3,4.60222,-49.44181
GABRIELA MARTINS,2023-12-25 23:12:47,123.7,10.1,4.547438,-49.355301
GABRIELA MARTINS,2023-12-25 23:39:49,118.2,10.4,4.50756,-49.288343
GABRIELA MARTINS,2023-12-25 23:41:07,118.2,10.4,4.505675,-49.285088
GABRIELA MARTINS,2023-12-25 23:43:37,124.6,10.6,4.501886,-49.278883
GABRIELA MARTINS,2023-12-25 23:45:47,118.6,10.6,4.498711,-49.273423
GABRIELA MARTINS,2023-12-26 00:21:46,121.1,10.6,4.445618,-49.182938
GABRIELA MARTINS,2023-12-26 00:35:48,116.6,10.6,4.424788,-49.147668
GABRIELA MARTINS,2023-12-26 01:09:38,119.9,10.6,4.3736,-49.062025
GABRIELA MARTINS,2023-12-26 03:02:47,121.9,10.9,4.188843,-48.78089
GABRIELA MARTINS,2023-12-26 03:40:38,122.7,11.0,4.12511,-48.68444
GABRIELA MARTINS,2023-12-26 04:40:37,124.2,11.3,4.020855,-48.529178
GABRIELA MARTINS,2023-12-26 04:45:17,120.5,11.2,4.012756,-48.517046
GABRIELA MARTINS,2023-12-26 05:22:59,120.6,11.3,3.946868,-48.419183
GABRIELA MARTINS,2023-12-26 05:25:19,123.0,11.3,3.942731,-48.4131
GABRIELA MARTINS,2023-12-26 05:29:48,122.2,11.2,3.934888,-48.401496
GABRIELA MARTINS,2023-12-26 05:47:06,124.8,11.2,3.90499,-48.356368
GABRIELA MARTINS,2023-12-26 05:50:16,120.3,11.2,3.89958,-48.348096
GABRIELA MARTINS,2023-12-26 05:51:06,121.3,11.2,3.898193,-48.345968
GABRIELA MARTINS,2023-12-26 05:51:16,122.3,11.2,3.897916,-48.34553
GABRIELA MARTINS,2023-12-26 05:51:45,124.8,11.1,3.897066,-48.34423
GABRIELA MARTINS,2023-12-26 05:52:16,125.8,11.2,3.896183,-48.342888
GABRIELA MARTINS,2023-12-26 05:52:45,124.6,11.2,3.8954,-48.341671
GABRIELA MARTINS,2023-12-26 05:53:16,119.9,11.2,3.894541,-48.34031
GABRIELA MARTINS,2023-12-26 05:53:26,124.1,11.2,3.894221,-48.339833
GABRIELA MARTINS,2023-12-26 05:55:06,123.4,11.2,3.891398,-48.335456
GABRIELA MARTINS,2023-12-26 05:55:45,124.9,11.2,3.890291,-48.333763
GABRIELA MARTINS,2023-12-26 05:56:16,120.8,11.1,3.889455,-48.332471
GABRIELA MARTINS,2023-12-26 05:56:45,121.0,11.2,3.888601,-48.331171
GABRIELA MARTINS,2023-12-26 05:58:19,121.3,11.1,3.886101,-48.327248
GABRIELA MARTINS,2023-12-26 06:21:38,123.4,11.1,3.847126,-48.266513
GABRIELA MARTINS,2023-12-26 06:23:48,123.1,11.0,3.843441,-48.260838
GABRIELA MARTINS,2023-12-26 09:19:28,124.3,11.3,3.553208,-47.801335
GABRIELA MARTINS,2023-12-26 09:22:47,121.9,11.3,3.547606,-47.792555
GABRIELA MARTINS,2023-12-26 10:12:49,122.5,11.2,3.463385,-47.65966
GABRIELA MARTINS,2023-12-26 10:19:17,121.7,11.2,3.45256,-47.642521
GABRIELA MARTINS,2023-12-26 10:21:48,120.2,11.1,3.448445,-47.635993
GABRIELA MARTINS,2023-12-26 10:23:28,120.4,11.2,3.445673,-47.631608
GABRIELA MARTINS,2023-12-26 10:24:08,120.5,11.2,3.44458,-47.629781
GABRIELA MARTINS,2023-12-26 10:53:48,121.9,11.2,3.395745,-47.55153
GABRIELA MARTINS,2023-12-26 10:58:37,122.7,11.1,3.38786,-47.5388
GABRIELA MARTINS,2023-12-26 11:04:39,119.2,11.1,3.378183,-47.522893
GABRIELA MARTINS,2023-12-26 11:07:18,118.1,11.1,3.373956,-47.51585
GABRIELA MARTINS,2023-12-26 11:13:57,120.6,11.2,3.363296,-47.498131
GABRIELA MARTINS,2023-12-26 11:42:17,121.5,11.3,3.318391,-47.421601
GABRIELA MARTINS,2023-12-26 11:43:57,117.8,11.2,3.315813,-47.41715
GABRIELA MARTINS,2023-12-26 11:47:27,119.8,11.2,3.310335,-47.407765
GABRIELA MARTINS,2023-12-26 12:47:07,144.3,11.3,3.202015,-47.25789
GABRIELA MARTINS,2023-12-26 13:51:37,138.0,11.2,3.04592,-47.130283
GABRIELA MARTINS,2023-12-26 13:53:27,135.0,11.2,3.041708,-47.126355
GABRIELA MARTINS,2023-12-26 15:17:18,140.7,11.4,2.841911,-46.954566
GABRIELA MARTINS,2023-12-26 16:04:18,145.8,11.3,2.725445,-46.863041
GABRIELA MARTINS,2023-12-26 16:23:04,139.4,11.3,2.679738,-46.825498
GABRIELA MARTINS,2023-12-26 16:26:14,137.4,11.4,2.672033,-46.81907
GABRIELA MARTINS,2023-12-26 16:26:34,138.3,11.4,2.671218,-46.818391
GABRIELA MARTINS,2023-12-26 16:26:45,139.5,11.3,2.670775,-46.818016
GABRIELA MARTINS,2023-12-26 16:43:59,140.9,11.3,2.629018,-46.78313
GABRIELA MARTINS,2023-12-26 16:53:47,140.5,11.3,2.605218,-46.763113
GABRIELA MARTINS,2023-12-26 17:44:18,135.4,11.2,2.486221,-46.657301
GABRIELA MARTINS,2023-12-26 17:47:59,138.3,11.3,2.477738,-46.649643
GABRIELA MARTINS,2023-12-26 17:51:06,133.0,11.2,2.470431,-46.643078
GABRIELA MARTINS,2023-12-26 17:52:29,138.1,11.2,2.467278,-46.640258
GABRIELA MARTINS,2023-12-26 17:55:57,140.1,11.2,2.459125,-46.633105
GABRIELA MARTINS,2023-12-26 17:58:15,139.8,11.3,2.453538,-46.628235
GABRIELA MARTINS,2023-12-26 17:59:45,138.8,11.3,2.449913,-46.625171
GABRIELA MARTINS,2023-12-26 18:01:55,138.4,11.4,2.44461,-46.620781
GABRIELA MARTINS,2023-12-26 18:02:04,138.3,11.5,2.444241,-46.620481
GABRIELA MARTINS,2023-12-26 18:02:56,140.7,11.6,2.44214,-46.618708
GABRIELA MARTINS,2023-12-26 18:05:35,142.8,11.4,2.435635,-46.613331
GABRIELA MARTINS,2023-12-26 18:22:27,139.3,11.5,2.394151,-46.57898
GABRIELA MARTINS,2023-12-26 21:40:47,135.6,11.0,1.923025,-46.174288
GABRIELA MARTINS,2023-12-26 21:52:08,133.5,11.0,1.89781,-46.150441
GABRIELA MARTINS,2023-12-26 22:41:18,139.6,11.1,1.786346,-46.049055
GABRIELA MARTINS,2023-12-26 22:42:36,140.5,11.1,1.783301,-46.046463
GABRIELA MARTINS,2023-12-26 22:45:08,140.4,10.9,1.777485,-46.041385
GABRIELA MARTINS,2023-12-26 22:45:36,141.3,11.0,1.77643,-46.040441
GABRIELA MARTINS,2023-12-26 22:48:08,135.7,11.0,1.770655,-46.035343
GABRIELA MARTINS,2023-12-26 23:17:17,141.7,11.0,1.703096,-45.976653
GABRIELA MARTINS,2023-12-26 23:21:17,141.2,11.0,1.693685,-45.968768
GABRIELA MARTINS,2023-12-26 23:27:59,142.1,11.0,1.677903,-45.955646
GABRIELA MARTINS,2023-12-26 23:30:38,141.2,11.0,1.67168,-45.950433
GABRIELA MARTINS,2023-12-26 23:56:58,138.1,10.7,1.610121,-45.898423
GABRIELA MARTINS,2023-12-27 00:14:28,138.0,10.8,1.569406,-45.864368
GABRIELA MARTINS,2023-12-27 03:41:57,135.7,11.1,1.077465,-45.455506
GABRIELA MARTINS,2023-12-27 04:19:29,130.9,10.9,0.994546,-45.374988
GABRIELA MARTINS,2023-12-27 04:31:48,135.1,10.7,0.96875,-45.347973
GABRIELA MARTINS,2023-12-27 04:32:45,135.2,10.9,0.96676,-45.34578
GABRIELA MARTINS,2023-12-27 04:33:45,138.0,10.8,0.964555,-45.343706
GABRIELA MARTINS,2023-12-27 04:34:06,133.8,10.9,0.963763,-45.342988
GABRIELA MARTINS,2023-12-27 04:38:06,140.7,11.1,0.954465,-45.335016
GABRIELA MARTINS,2023-12-27 04:38:25,142.2,11.1,0.953758,-45.334436
GABRIELA MARTINS,2023-12-27 05:01:26,138.6,11.0,0.899091,-45.289378
GABRIELA MARTINS,2023-12-27 05:05:47,141.0,11.0,0.88871,-45.280923
GABRIELA MARTINS,2023-12-27 05:13:55,137.4,10.9,0.869501,-45.26498
GABRIELA MARTINS,2023-12-27 05:15:24,143.0,10.9,0.86599,-45.262098
GABRIELA MARTINS,2023-12-27 05:16:15,138.2,10.9,0.864021,-45.260423
GABRIELA MARTINS,2023-12-27 05:17:55,140.0,10.9,0.860158,-45.257178
GABRIELA MARTINS,2023-12-27 05:23:57,138.0,10.8,0.84631,-45.245416
GABRIELA MARTINS,2023-12-27 05:27:18,138.5,10.7,0.838575,-45.238896
GABRIELA MARTINS,2023-12-27 05:34:38,140.4,10.7,0.821778,-45.224816
GABRIELA MARTINS,2023-12-27 05:36:46,142.0,10.7,0.816936,-45.220713
GABRIELA MARTINS,2023-12-27 06:08:27,140.1,10.7,0.744898,-45.160005
GABRIELA MARTINS,2023-12-27 06:11:07,139.7,10.6,0.738916,-45.15491
GABRIELA MARTINS,2023-12-27 06:12:39,139.8,10.7,0.735403,-45.151973
GABRIELA MARTINS,2023-12-27 06:17:28,137.7,10.6,0.724376,-45.142746
GABRIELA MARTINS,2023-12-27 06:46:26,142.8,10.6,0.657533,-45.087696
GABRIELA MARTINS,2023-12-27 06:47:26,139.7,10.7,0.655248,-45.0858
GABRIELA MARTINS,2023-12-27 06:48:16,139.6,10.7,0.653305,-45.084238
GABRIELA MARTINS,2023-12-27 06:49:45,142.3,10.8,0.649845,-45.081491
GABRIELA MARTINS,2023-12-27 08:48:26,139.0,10.6,0.3665,-44.857295
GABRIELA MARTINS,2023-12-27 09:17:27,138.1,10.5,0.30101,-44.802048
GABRIELA MARTINS,2023-12-27 10:08:16,134.8,10.5,0.189583,-44.701791
GABRIELA MARTINS,2023-12-27 10:17:07,138.1,10.6,0.170865,-44.683745
GABRIELA MARTINS,2023-12-27 10:29:38,138.4,10.4,0.14459,-44.658113
GABRIELA MARTINS,2023-12-27 10:39:08,135.1,10.5,0.124868,-44.638386
GABRIELA MARTINS,2023-12-27 10:58:19,128.6,11.4,0.085921,-44.595605
GABRIELA MARTINS,2023-12-27 11:10:09,131.7,11.8,0.062325,-44.565603
GABRIELA MARTINS,2023-12-27 11:42:58,133.6,11.6,0.000398,-44.478486
GABRIELA MARTINS,2023-12-27 12:08:28,151.4,11.7,-0.070473,-44.435948
GABRIELA MARTINS,2023-12-27 12:39:58,152.0,12.3,-0.163615,-44.384718
GABRIELA MARTINS,2023-12-27 12:40:46,151.8,12.3,-0.166005,-44.38339
GABRIELA MARTINS,2023-12-27 12:44:07,149.0,12.2,-0.17598,-44.37773
GABRIELA MARTINS,2023-12-27 12:44:27,147.2,12.2,-0.176923,-44.37719
GABRIELA MARTINS,2023-12-27 12:45:07,149.7,12.2,-0.178871,-44.376083
GABRIELA MARTINS,2023-12-27 12:45:27,149.6,12.2,-0.179858,-44.375513
GABRIELA MARTINS,2023-12-27 15:03:38,149.3,12.5,-0.557936,-44.079126
GABRIELA MARTINS,2023-12-27 15:07:48,149.9,12.6,-0.570221,-44.071293
GABRIELA MARTINS,2023-12-27 15:07:59,148.5,12.5,-0.570706,-44.070985
GABRIELA MARTINS,2023-12-27 15:36:57,151.5,12.5,-0.657973,-44.019443
GABRIELA MARTINS,2023-12-27 15:43:58,150.7,12.5,-0.679341,-44.007641
GABRIELA MARTINS,2023-12-27 16:11:18,152.6,12.4,-0.76278,-43.962005
GABRIELA MARTINS,2023-12-27 16:38:16,152.5,12.4,-0.844508,-43.915768
GABRIELA MARTINS,2023-12-27 16:38:46,150.8,12.4,-0.846023,-43.914915
GABRIELA MARTINS,2023-12-27 16:39:16,151.0,12.5,-0.84754,-43.914065
GABRIELA MARTINS,2023-12-27 16:42:16,152.7,12.5,-0.856601,-43.908933
GABRIELA MARTINS,2023-12-27 16:45:26,150.1,12.4,-0.866168,-43.903548
GABRIELA MARTINS,2023-12-27 16:45:36,147.8,12.4,-0.866666,-43.903251
GABRIELA MARTINS,2023-12-27 16:46:26,149.5,12.4,-0.869261,-43.90181
GABRIELA MARTINS,2023-12-27 16:54:08,152.0,12.4,-0.892515,-43.888953
GABRIELA MARTINS,2023-12-27 18:16:36,178.6,13.6,-1.160161,-43.784353
GABRIELA MARTINS,2023-12-27 18:16:55,177.5,13.6,-1.161356,-43.784311
GABRIELA MARTINS,2023-12-27 18:18:37,177.5,13.5,-1.16778,-43.784083
GABRIELA MARTINS,2023-12-27 20:53:08,226.8,14.2,-1.722848,-43.868453
GABRIELA MARTINS,2023-12-27 21:41:40,213.1,13.5,-1.856066,-44.000321
GABRIELA MARTINS,2023-12-27 21:46:11,212.8,13.5,-1.870335,-44.009455
GABRIELA MARTINS,2023-12-27 21:47:59,212.6,13.5,-1.87604,-44.0131
GABRIELA MARTINS,2023-12-27 22:33:39,213.9,13.3,-2.02099,-44.103113
GABRIELA MARTINS,2023-12-27 22:53:58,208.1,12.9,-2.085071,-44.140588
GABRIELA MARTINS,2023-12-27 22:57:11,207.2,12.8,-2.095193,-44.145836
GABRIELA MARTINS,2023-12-28 00:18:01,215.5,7.3,-2.304911,-44.258611
GABRIELA MARTINS,2023-12-28 00:20:01,214.4,6.6,-2.308098,-44.260806
GABRIELA MARTINS,2023-12-28 11:44:20,313.4,0.1,-2.369715,-44.271548
GABRIELA MARTINS,2023-12-28 15:17:33,30.7,13.7,-2.133195,-44.150865
GABRIELA MARTINS,2023-12-28 15:45:02,32.6,13.4,-2.045211,-44.094626
GABRIELA MARTINS,2023-12-28 15:48:13,32.6,13.3,-2.035193,-44.088235
GABRIELA MARTINS,2023-12-28 15:48:42,32.4,13.3,-2.03368,-44.087283
GABRIELA MARTINS,2023-12-28 15:52:24,32.2,13.2,-2.022146,-44.079966
GABRIELA MARTINS,2023-12-28 16:56:11,57.0,12.2,-1.889058,-43.904353
GABRIELA MARTINS,2023-12-28 16:58:41,56.4,12.2,-1.88437,-43.897335
GABRIELA MARTINS,2023-12-28 17:02:12,57.4,12.1,-1.877773,-43.887488
GABRIELA MARTINS,2023-12-28 17:02:13,57.4,12.1,-1.877773,-43.887488
GABRIELA MARTINS,2023-12-28 17:02:53,56.3,12.1,-1.876491,-43.885538
GABRIELA MARTINS,2023-12-28 17:03:12,56.6,12.1,-1.875911,-43.884656
GABRIELA MARTINS,2023-12-28 17:04:33,57.2,12.0,-1.873398,-43.880915
GABRIELA MARTINS,2023-12-28 20:44:24,91.5,12.1,-1.837621,-43.200245
GABRIELA MARTINS,2023-12-28 20:50:23,93.7,12.0,-1.83838,-43.180211
GABRIELA MARTINS,2023-12-28 21:22:34,96.2,12.1,-1.848968,-43.072706
GABRIELA MARTINS,2023-12-28 21:34:43,96.2,12.2,-1.853678,-43.032111
GABRIELA MARTINS,2023-12-28 21:39:53,95.9,12.1,-1.855718,-43.014821
GABRIELA MARTINS,2023-12-28 21:54:54,96.0,12.1,-1.861548,-42.96469
GABRIELA MARTINS,2023-12-28 21:58:34,97.5,12.1,-1.862923,-42.952443
GABRIELA MARTINS,2023-12-28 22:00:54,95.7,12.1,-1.863735,-42.944645
GABRIELA MARTINS,2023-12-28 22:27:24,95.1,12.2,-1.872481,-42.855946
GABRIELA MARTINS,2023-12-28 22:33:34,95.2,12.1,-1.87423,-42.83527
GABRIELA MARTINS,2023-12-28 22:35:44,95.4,12.1,-1.87488,-42.828081
GABRIELA MARTINS,2023-12-28 23:55:33,95.5,11.7,-1.904195,-42.567096
GABRIELA MARTINS,2023-12-28 23:59:02,94.3,11.7,-1.904968,-42.555801
GABRIELA MARTINS,2023-12-29 00:00:02,92.1,11.6,-1.905186,-42.552613
GABRIELA MARTINS,2023-12-29 01:33:23,97.5,12.3,-1.922856,-42.249141
GABRIELA MARTINS,2023-12-29 03:30:44,91.6,12.4,-1.955288,-41.842866
GABRIELA MARTINS,2023-12-29 03:33:43,94.7,12.4,-1.955878,-41.83264
GABRIELA MARTINS,2023-12-29 03:36:24,94.2,12.2,-1.95646,-41.823441
GABRIELA MARTINS,2023-12-29 04:08:24,94.8,11.8,-1.964696,-41.71755
GABRIELA MARTINS,2023-12-29 04:13:13,96.0,11.7,-1.966156,-41.701898
GABRIELA MARTINS,2023-12-29 04:13:24,96.4,11.7,-1.966203,-41.701306
GABRIELA MARTINS,2023-12-29 04:16:03,95.7,11.7,-1.966993,-41.692843
GABRIELA MARTINS,2023-12-29 04:16:23,94.2,11.7,-1.967086,-41.69168
GABRIELA MARTINS,2023-12-29 04:34:43,97.1,11.6,-1.972535,-41.632556
GABRIELA MARTINS,2023-12-29 04:35:03,95.6,11.6,-1.972641,-41.63148
GABRIELA MARTINS,2023-12-29 04:36:03,93.7,11.6,-1.972945,-41.62826
GABRIELA MARTINS,2023-12-29 04:37:03,96.8,11.6,-1.973288,-41.624995
GABRIELA MARTINS,2023-12-29 04:37:13,96.1,11.6,-1.973343,-41.62446
GABRIELA MARTINS,2023-12-29 04:37:32,98.5,11.6,-1.973456,-41.623496
GABRIELA MARTINS,2023-12-29 04:39:23,93.8,11.6,-1.974023,-41.617556
GABRIELA MARTINS,2023-12-29 04:40:23,96.5,11.6,-1.974351,-41.614328
GABRIELA MARTINS,2023-12-29 05:05:31,97.5,11.5,-1.983516,-41.533346
GABRIELA MARTINS,2023-12-29 05:05:50,97.9,11.5,-1.98367,-41.532228
GABRIELA MARTINS,2023-12-29 05:07:11,99.5,11.5,-1.984226,-41.52806
GABRIELA MARTINS,2023-12-29 05:07:31,96.5,11.5,-1.984366,-41.526951
GABRIELA MARTINS,2023-12-29 05:07:41,96.6,11.5,-1.984436,-41.526421
GABRIELA MARTINS,2023-12-29 05:08:11,99.5,11.5,-1.984655,-41.524898
GABRIELA MARTINS,2023-12-29 05:08:21,98.3,11.4,-1.984728,-41.524365
GABRIELA MARTINS,2023-12-29 05:08:31,97.9,11.5,-1.98482,-41.523775
GABRIELA MARTINS,2023-12-29 05:09:21,98.7,11.4,-1.98521,-41.521145
GABRIELA MARTINS,2023-12-29 05:09:31,97.7,11.5,-1.985293,-41.520613
GABRIELA MARTINS,2023-12-29 05:09:41,98.3,11.5,-1.985366,-41.520071
GABRIELA MARTINS,2023-12-29 05:10:31,97.1,11.5,-1.98569,-41.517486
GABRIELA MARTINS,2023-12-29 05:10:41,97.4,11.5,-1.98577,-41.516905
GABRIELA MARTINS,2023-12-29 06:01:33,91.7,11.9,-2.004356,-41.353138
GABRIELA MARTINS,2023-12-29 06:12:03,88.6,12.0,-2.004568,-41.318096
GABRIELA MARTINS,2023-12-29 06:12:24,89.0,12.0,-2.004568,-41.316918
GABRIELA MARTINS,2023-12-29 06:12:32,89.9,12.1,-2.004565,-41.316471
GABRIELA MARTINS,2023-12-29 06:13:14,88.0,12.1,-2.004533,-41.314195
GABRIELA MARTINS,2023-12-29 06:14:03,90.7,12.1,-2.00452,-41.311391
GABRIELA MARTINS,2023-12-29 06:14:24,88.7,12.1,-2.004498,-41.310275
GABRIELA MARTINS,2023-12-29 06:14:43,90.0,12.1,-2.004486,-41.309213
GABRIELA MARTINS,2023-12-29 06:14:53,88.2,12.1,-2.004471,-41.308656
GABRIELA MARTINS,2023-12-29 06:15:03,87.9,12.1,-2.00446,-41.308045
GABRIELA MARTINS,2023-12-29 06:15:53,88.9,12.1,-2.004416,-41.30525
GABRIELA MARTINS,2023-12-29 06:16:23,89.1,12.2,-2.004388,-41.303633
GABRIELA MARTINS,2023-12-29 06:18:23,88.0,12.1,-2.00427,-41.296865
GABRIELA MARTINS,2023-12-29 06:18:44,89.5,12.1,-2.004245,-41.295631
GABRIELA MARTINS,2023-12-29 06:19:23,92.5,12.2,-2.004235,-41.293421
GABRIELA MARTINS,2023-12-29 08:01:07,96.2,12.2,-2.029361,-40.940561
GABRIELA MARTINS,2023-12-29 08:08:14,96.5,12.0,-2.032061,-40.91655
GABRIELA MARTINS,2023-12-29 08:13:53,96.2,12.0,-2.034285,-40.897748
GABRIELA MARTINS,2023-12-29 09:00:53,99.8,12.1,-2.055205,-40.741556
GABRIELA MARTINS,2023-12-29 09:06:02,98.8,12.0,-2.057911,-40.724461
GABRIELA MARTINS,2023-12-29 09:07:24,100.4,12.0,-2.058603,-40.72
GABRIELA MARTINS,2023-12-29 09:10:24,98.4,11.9,-2.060261,-40.71016
GABRIELA MARTINS,2023-12-29 09:14:04,101.1,11.9,-2.062325,-40.698186
GABRIELA MARTINS,2023-12-29 09:17:03,99.5,11.9,-2.063956,-40.688371
GABRIELA MARTINS,2023-12-29 09:46:15,91.1,12.2,-2.075358,-40.591601
GABRIELA MARTINS,2023-12-29 09:49:54,89.1,12.3,-2.075551,-40.579178
GABRIELA MARTINS,2023-12-29 09:52:13,91.0,12.2,-2.075571,-40.571273
GABRIELA MARTINS,2023-12-29 10:00:03,89.9,12.2,-2.075761,-40.544801
GABRIELA MARTINS,2023-12-29 10:17:54,89.4,12.2,-2.075283,-40.484261
GABRIELA MARTINS,2023-12-29 12:55:43,137.3,12.7,-2.229123,-40.002341
GABRIELA MARTINS,2023-12-29 13:40:24,128.7,12.5,-2.331561,-39.88516
GABRIELA MARTINS,2023-12-29 13:43:33,128.6,12.5,-2.33825,-39.876586
GABRIELA MARTINS,2023-12-29 13:59:14,132.4,12.3,-2.372528,-39.834783
GABRIELA MARTINS,2023-12-29 14:07:44,130.8,12.4,-2.391933,-39.812846
GABRIELA MARTINS,2023-12-29 14:19:33,131.6,12.3,-2.418823,-39.782398
GABRIELA MARTINS,2023-12-29 14:52:34,136.2,12.2,-2.493326,-39.69804
GABRIELA MARTINS,2023-12-29 15:29:23,136.3,12.3,-2.584655,-39.611631
GABRIELA MARTINS,2023-12-29 15:39:21,136.6,12.2,-2.609736,-39.58854
GABRIELA MARTINS,2023-12-29 15:54:14,132.6,12.2,-2.646918,-39.55421
GABRIELA MARTINS,2023-12-29 16:05:43,140.2,12.3,-2.674518,-39.526395
GABRIELA MARTINS,2023-12-29 16:41:23,135.2,12.3,-2.764005,-39.443105
GABRIELA MARTINS,2023-12-29 17:14:21,135.6,12.4,-2.846105,-39.364761
GABRIELA MARTINS,2023-12-29 17:17:12,136.5,12.4,-2.8532,-39.358063
GABRIELA MARTINS,2023-12-29 19:49:34,130.5,12.0,-3.19294,-38.971113
GABRIELA MARTINS,2023-12-29 19:54:14,129.8,12.1,-3.203095,-38.959096
GABRIELA MARTINS,2023-12-29 20:31:23,116.3,12.2,-3.28347,-38.86176
GABRIELA MARTINS,2023-12-29 20:41:04,119.0,12.4,-3.299111,-38.832538
GABRIELA MARTINS,2023-12-29 20:55:44,117.7,12.4,-3.322673,-38.787976
GABRIELA MARTINS,2023-12-29 21:03:13,119.1,12.4,-3.334788,-38.764928
GABRIELA MARTINS,2023-12-29 21:07:24,115.5,12.4,-3.341415,-38.752206
GABRIELA MARTINS,2023-12-29 21:26:13,114.6,12.5,-3.370715,-38.693821
GABRIELA MARTINS,2023-12-29 21:34:23,113.5,12.5,-3.382445,-38.667921
GABRIELA MARTINS,2023-12-29 21:38:53,119.0,12.4,-3.388926,-38.65368
GABRIELA MARTINS,2023-12-29 22:12:14,126.1,12.5,-3.45778,-38.560481
GABRIELA MARTINS,2023-12-29 23:45:03,115.7,12.8,-3.609951,-38.276306
GABRIELA MARTINS,2023-12-30 01:37:13,114.5,12.7,-3.774173,-37.915446
GABRIELA MARTINS,2023-12-30 02:08:03,118.1,12.6,-3.818906,-37.816195
GABRIELA MARTINS,2023-12-30 02:24:43,124.7,12.6,-3.852871,-37.768366
GABRIELA MARTINS,2023-12-30 02:28:54,132.6,12.5,-3.861723,-37.75681
GABRIELA MARTINS,2023-12-30 03:13:23,111.4,12.3,-3.944561,-37.631668
GABRIELA MARTINS,2023-12-30 03:19:54,111.3,12.3,-3.952565,-37.610778
GABRIELA MARTINS,2023-12-30 03:52:22,112.0,12.3,-3.99269,-37.506475
GABRIELA MARTINS,2023-12-30 03:54:34,111.8,12.3,-3.995396,-37.499363
GABRIELA MARTINS,2023-12-30 04:14:33,110.8,12.2,-4.019523,-37.435731
GABRIELA MARTINS,2023-12-30 04:26:15,111.4,12.3,-4.034041,-37.398443
GABRIELA MARTINS,2023-12-30 05:05:14,112.7,12.3,-4.085416,-37.275821
GABRIELA MARTINS,2023-12-30 05:08:22,112.2,12.2,-4.089715,-37.265875
GABRIELA MARTINS,2023-12-30 05:08:31,113.2,12.2,-4.089921,-37.26541
GABRIELA MARTINS,2023-12-30 05:08:51,112.9,12.2,-4.090365,-37.264353
GABRIELA MARTINS,2023-12-30 05:09:51,112.7,12.2,-4.091658,-37.26121
GABRIELA MARTINS,2023-12-30 05:10:32,112.8,12.2,-4.092521,-37.259111
GABRIELA MARTINS,2023-12-30 05:10:51,113.0,12.2,-4.092963,-37.258078
GABRIELA MARTINS,2023-12-30 05:11:23,113.1,12.2,-4.093648,-37.256468
GABRIELA MARTINS,2023-12-30 05:12:00,112.9,12.2,-4.094483,-37.254555
GABRIELA MARTINS,2023-12-30 05:12:51,113.4,12.2,-4.095655,-37.251851
GABRIELA MARTINS,2023-12-30 05:13:40,113.5,12.1,-4.096738,-37.249348
GABRIELA MARTINS,2023-12-30 05:13:51,114.0,12.1,-4.096981,-37.248775
GABRIELA MARTINS,2023-12-30 05:14:32,113.4,12.1,-4.097858,-37.246701
GABRIELA MARTINS,2023-12-30 05:14:40,113.2,12.1,-4.098058,-37.246233
GABRIELA MARTINS,2023-12-30 05:24:31,113.3,12.1,-4.110566,-37.21549
GABRIELA MARTINS,2023-12-30 05:25:31,110.7,12.1,-4.111758,-37.212413
GABRIELA MARTINS,2023-12-30 05:26:10,110.1,12.1,-4.112571,-37.21032
GABRIELA MARTINS,2023-12-30 05:26:51,111.8,12.1,-4.113361,-37.208176
GABRIELA MARTINS,2023-12-30 05:27:10,110.5,12.1,-4.113723,-37.207173
GABRIELA MARTINS,2023-12-30 05:29:30,110.7,12.2,-4.116525,-37.199853
GABRIELA MARTINS,2023-12-30 06:27:13,118.4,12.5,-4.194456,-37.020115
GABRIELA MARTINS,2023-12-30 07:04:23,119.4,12.5,-4.255426,-36.906508
GABRIELA MARTINS,2023-12-30 07:07:33,118.8,12.5,-4.260728,-36.896903
GABRIELA MARTINS,2023-12-30 07:38:42,118.3,12.7,-4.31401,-36.80095
GABRIELA MARTINS,2023-12-30 08:07:54,119.0,12.6,-4.363651,-36.711056
GABRIELA MARTINS,2023-12-30 08:11:44,119.4,12.6,-4.370128,-36.699285
GABRIELA MARTINS,2023-12-30 08:17:43,113.8,12.4,-4.378928,-36.68048
GABRIELA MARTINS,2023-12-30 08:49:44,114.1,12.2,-4.42311,-36.57988
GABRIELA MARTINS,2023-12-30 08:51:54,114.1,12.3,-4.426101,-36.573116
GABRIELA MARTINS,2023-12-30 08:54:54,114.4,12.3,-4.430275,-36.563775
GABRIELA MARTINS,2023-12-30 09:06:02,113.8,12.4,-4.44582,-36.528813
GABRIELA MARTINS,2023-12-30 09:17:43,113.1,12.4,-4.462198,-36.491945
GABRIELA MARTINS,2023-12-30 09:22:23,114.5,12.4,-4.468848,-36.477273
GABRIELA MARTINS,2023-12-30 09:55:34,109.2,12.5,-4.511241,-36.370365
GABRIELA MARTINS,2023-12-30 09:57:55,108.6,12.4,-4.513931,-36.362718
GABRIELA MARTINS,2023-12-30 11:44:43,107.9,12.6,-4.625178,-36.00789
GABRIELA MARTINS,2023-12-30 11:49:03,109.0,12.5,-4.62996,-35.993476
GABRIELA MARTINS,2023-12-30 11:49:22,108.2,12.6,-4.630298,-35.99241
GABRIELA MARTINS,2023-12-30 13:51:54,104.6,12.5,-4.760168,-35.585638
GABRIELA MARTINS,2023-12-30 13:53:34,105.4,12.5,-4.761766,-35.580075
GABRIELA MARTINS,2023-12-30 14:01:52,106.1,12.5,-4.769726,-35.552226
GABRIELA MARTINS,2023-12-30 14:34:14,114.7,12.6,-4.810126,-35.44743
GABRIELA MARTINS,2023-12-30 15:50:52,131.0,12.5,-4.961946,-35.227196
GABRIELA MARTINS,2023-12-30 15:51:01,130.3,12.6,-4.962366,-35.226723
GABRIELA MARTINS,2023-12-30 15:52:01,130.1,12.5,-4.964618,-35.22408
GABRIELA MARTINS,2023-12-30 15:52:31,130.9,12.6,-4.965711,-35.222821
GABRIELA MARTINS,2023-12-30 15:53:31,130.5,12.5,-4.96803,-35.220103
GABRIELA MARTINS,2023-12-30 15:53:52,130.9,12.5,-4.968791,-35.219208
GABRIELA MARTINS,2023-12-30 15:54:50,131.2,12.5,-4.971025,-35.2166
GABRIELA MARTINS,2023-12-30 15:55:31,131.0,12.5,-4.972586,-35.214811
GABRIELA MARTINS,2023-12-30 15:57:31,132.7,12.5,-4.977126,-35.209501
GABRIELA MARTINS,2023-12-30 16:32:22,151.2,12.7,-5.078286,-35.142785
GABRIELA MARTINS,2023-12-30 17:30:52,162.1,12.6,-5.274378,-35.07997
GABRIELA MARTINS,2023-12-30 17:31:01,161.1,12.6,-5.274931,-35.079786
GABRIELA MARTINS,2023-12-30 17:31:20,161.1,12.6,-5.275983,-35.079435
GABRIELA MARTINS,2023-12-30 17:31:41,161.9,12.6,-5.277145,-35.07905
GABRIELA MARTINS,2023-12-30 17:31:52,160.8,12.6,-5.277698,-35.07886
GABRIELA MARTINS,2023-12-30 17:32:41,162.8,12.6,-5.280493,-35.077963
GABRIELA MARTINS,2023-12-30 17:34:01,160.7,12.6,-5.284863,-35.076493
GABRIELA MARTINS,2023-12-30 18:48:34,180.3,12.9,-5.538376,-35.008536
GABRIELA MARTINS,2023-12-30 19:39:53,173.0,13.2,-5.72283,-34.990016
GABRIELA MARTINS,2023-12-30 20:31:14,164.1,13.3,-5.906411,-34.945886
GABRIELA MARTINS,2023-12-30 20:34:03,164.7,13.2,-5.916426,-34.943181
GABRIELA MARTINS,2023-12-30 20:37:33,165.0,13.2,-5.928943,-34.939671
GABRIELA MARTINS,2023-12-30 21:25:53,162.3,13.2,-6.100363,-34.89223
GABRIELA MARTINS,2023-12-30 21:53:53,160.5,13.3,-6.199568,-34.860626
GABRIELA MARTINS,2023-12-30 22:22:54,164.3,13.2,-6.300696,-34.825891
GABRIELA MARTINS,2023-12-30 22:28:13,164.4,13.1,-6.319456,-34.820473
GABRIELA MARTINS,2023-12-30 22:51:02,163.9,13.1,-6.399603,-34.796806
GABRIELA MARTINS,2023-12-30 22:51:12,163.1,13.1,-6.400243,-34.79661
GABRIELA MARTINS,2023-12-30 23:43:39,164.2,13.0,-6.58366,-34.742473
GABRIELA MARTINS,2023-12-30 23:45:41,162.5,13.0,-6.590725,-34.740358
GABRIELA MARTINS,2023-12-31 00:25:32,164.2,13.2,-6.732045,-34.699635
GABRIELA MARTINS,2023-12-31 00:32:43,163.3,13.2,-6.757528,-34.692291
GABRIELA MARTINS,2023-12-31 00:34:22,164.2,13.2,-6.763466,-34.69055
GABRIELA MARTINS,2023-12-31 01:13:24,163.9,13.3,-6.902426,-34.649005
GABRIELA MARTINS,2023-12-31 01:26:52,180.2,13.5,-6.951218,-34.636941
GABRIELA MARTINS,2023-12-31 02:16:54,180.3,13.7,-7.140923,-34.639058
GABRIELA MARTINS,2023-12-31 02:19:03,181.8,13.6,-7.149105,-34.639185
GABRIELA MARTINS,2023-12-31 02:21:34,179.2,13.7,-7.158671,-34.639011
GABRIELA MARTINS,2023-12-31 02:24:34,179.6,13.7,-7.169993,-34.638806
GABRIELA MARTINS,2023-12-31 02:25:34,178.6,13.7,-7.17393,-34.638703
GABRIELA MARTINS,2023-12-31 02:59:04,175.9,13.7,-7.302268,-34.634008
GABRIELA MARTINS,2023-12-31 03:11:53,175.5,13.7,-7.351381,-34.631248
GABRIELA MARTINS,2023-12-31 03:27:33,176.3,13.8,-7.411426,-34.628071
GABRIELA MARTINS,2023-12-31 03:56:53,176.9,13.9,-7.523953,-34.622353
GABRIELA MARTINS,2023-12-31 03:58:00,178.0,13.8,-7.528448,-34.622128
GABRIELA MARTINS,2023-12-31 03:58:49,178.1,13.8,-7.531651,-34.62201
GABRIELA MARTINS,2023-12-31 04:00:34,177.3,13.8,-7.538131,-34.621688
GABRIELA MARTINS,2023-12-31 04:02:20,177.9,13.8,-7.545126,-34.621365
GABRIELA MARTINS,2023-12-31 04:02:31,176.8,13.7,-7.545761,-34.621335
GABRIELA MARTINS,2023-12-31 04:03:34,177.2,13.7,-7.549666,-34.62117
GABRIELA MARTINS,2023-12-31 04:08:14,176.5,13.7,-7.56753,-34.620343
GABRIELA MARTINS,2023-12-31 04:39:30,200.4,13.9,-7.687215,-34.620613
GABRIELA MARTINS,2023-12-31 05:29:49,196.8,14.0,-7.87433,-34.677213
GABRIELA MARTINS,2023-12-31 05:42:12,195.5,14.0,-7.920696,-34.6913
GABRIELA MARTINS,2023-12-31 05:42:18,196.6,13.9,-7.92107,-34.691416
GABRIELA MARTINS,2023-12-31 05:43:30,196.5,14.0,-7.925626,-34.692801
GABRIELA MARTINS,2023-12-31 05:44:12,196.6,14.0,-7.928181,-34.693565
GABRIELA MARTINS,2023-12-31 05:44:23,196.0,14.0,-7.928863,-34.693763
GABRIELA MARTINS,2023-12-31 05:45:36,197.1,14.0,-7.933405,-34.695146
GABRIELA MARTINS,2023-12-31 05:46:00,196.9,14.0,-7.934888,-34.695598
GABRIELA MARTINS,2023-12-31 05:46:36,197.0,14.0,-7.937198,-34.696285
GABRIELA MARTINS,2023-12-31 05:46:54,195.6,14.0,-7.93833,-34.696625
GABRIELA MARTINS,2023-12-31 06:04:06,192.4,13.9,-8.002925,-34.713946
GABRIELA MARTINS,2023-12-31 06:07:28,188.3,13.9,-8.015713,-34.716218
GABRIELA MARTINS,2023-12-31 06:34:31,192.8,14.0,-8.11851,-34.737476
GABRIELA MARTINS,2023-12-31 06:40:43,189.1,13.8,-8.141988,-34.743065
GABRIELA MARTINS,2023-12-31 07:07:16,193.8,13.9,-8.242676,-34.764948
GABRIELA MARTINS,2023-12-31 07:11:01,192.6,13.9,-8.256795,-34.76847
GABRIELA MARTINS,2023-12-31 07:15:07,193.5,13.9,-8.272368,-34.772343
GABRIELA MARTINS,2023-12-31 07:51:13,192.6,14.0,-8.409048,-34.806363
GABRIELA MARTINS,2023-12-31 08:19:53,194.3,14.1,-8.518325,-34.833538
GABRIELA MARTINS,2023-12-31 08:54:32,192.5,14.2,-8.651586,-34.866158
GABRIELA MARTINS,2023-12-31 08:58:03,194.4,14.2,-8.665146,-34.869443
GABRIELA MARTINS,2023-12-31 09:35:13,193.3,14.1,-8.80826,-34.903851
GABRIELA MARTINS,2023-12-31 09:52:53,193.0,14.1,-8.875903,-34.920441
GABRIELA MARTINS,2023-12-31 10:44:54,193.9,14.1,-9.075311,-34.969471
GABRIELA MARTINS,2023-12-31 10:55:29,218.2,14.0,-9.111755,-34.986635
GABRIELA MARTINS,2023-12-31 10:56:23,218.0,14.1,-9.114556,-34.988885
GABRIELA MARTINS,2023-12-31 11:38:12,218.6,14.3,-9.245233,-35.092168
GABRIELA MARTINS,2023-12-31 11:38:17,217.6,14.3,-9.245485,-35.092366
GABRIELA MARTINS,2023-12-31 11:38:41,217.9,14.3,-9.246776,-35.093401
GABRIELA MARTINS,2023-12-31 11:42:18,218.9,14.3,-9.258173,-35.102316
GABRIELA MARTINS,2023-12-31 12:15:43,216.6,14.0,-9.362871,-35.182663
GABRIELA MARTINS,2023-12-31 12:24:06,216.4,14.0,-9.388965,-35.202561
GABRIELA MARTINS,2023-12-31 12:30:06,217.8,14.0,-9.407826,-35.216813
GABRIELA MARTINS,2023-12-31 12:35:59,216.4,14.0,-9.42615,-35.2308
GABRIELA MARTINS,2023-12-31 12:36:47,217.4,14.0,-9.428635,-35.232706
GABRIELA MARTINS,2023-12-31 14:06:48,213.5,14.0,-9.719988,-35.42917
GABRIELA MARTINS,2023-12-31 14:35:00,216.5,14.0,-9.809303,-35.495358
GABRIELA MARTINS,2023-12-31 14:51:17,215.3,14.2,-9.861425,-35.53298
GABRIELA MARTINS,2023-12-31 15:40:44,216.1,13.7,-10.019133,-35.645136
GABRIELA MARTINS,2023-12-31 16:06:22,215.4,13.6,-10.098748,-35.702875
GABRIELA MARTINS,2023-12-31 16:06:43,215.4,13.6,-10.099826,-35.703676
GABRIELA MARTINS,2023-12-31 16:07:01,215.2,13.6,-10.10074,-35.704355
GABRIELA MARTINS,2023-12-31 16:07:43,216.0,13.6,-10.102843,-35.70593
GABRIELA MARTINS,2023-12-31 16:09:01,216.2,13.7,-10.106866,-35.70889
GABRIELA MARTINS,2023-12-31 16:10:22,217.4,13.7,-10.110905,-35.711938
GABRIELA MARTINS,2023-12-31 17:44:32,220.3,13.7,-10.390556,-35.937333
GABRIELA MARTINS,2023-12-31 17:44:34,220.3,13.7,-10.390556,-35.937333
GABRIELA MARTINS,2023-12-31 17:47:45,218.8,13.6,-10.399908,-35.945031
GABRIELA MARTINS,2023-12-31 17:48:31,219.3,13.7,-10.402373,-35.947056
GABRIELA MARTINS,2023-12-31 19:32:55,218.9,13.4,-10.7032,-36.200693
GABRIELA MARTINS,2023-12-31 20:15:24,220.8,13.6,-10.825068,-36.306143
GABRIELA MARTINS,2023-12-31 20:19:35,220.0,13.6,-10.837066,-36.316631
GABRIELA MARTINS,2023-12-31 21:20:10,222.2,13.9,-11.013345,-36.472115
GABRIELA MARTINS,2023-12-31 21:28:23,221.3,14.1,-11.037556,-36.493576
GABRIELA MARTINS,2023-12-31 23:29:55,234.3,13.8,-11.399705,-36.813293
GABRIELA MARTINS,2023-12-31 23:30:46,233.6,13.9,-11.401593,-36.816023
GABRIELA MARTINS,2023-12-31 23:32:36,234.2,13.9,-11.405681,-36.821841
GABRIELA MARTINS,2023-12-31 23:39:46,235.5,13.9,-11.421741,-36.844858
GABRIELA MARTINS,2024-01-01 00:21:06,235.1,14.0,-11.515136,-36.977261
GABRIELA MARTINS,2024-01-01 00:21:31,235.3,14.0,-11.516083,-36.978595
GABRIELA MARTINS,2024-01-01 00:22:01,233.9,13.9,-11.517186,-36.980136
GABRIELA MARTINS,2024-01-01 00:22:06,234.5,14.0,-11.51741,-36.980456
GABRIELA MARTINS,2024-01-01 00:22:12,233.9,13.9,-11.517605,-36.980718
GABRIELA MARTINS,2024-01-01 00:22:18,233.3,14.0,-11.517871,-36.981098
GABRIELA MARTINS,2024-01-01 00:22:31,233.9,13.9,-11.518366,-36.981785
GABRIELA MARTINS,2024-01-01 00:22:36,234.0,13.9,-11.518591,-36.982101
GABRIELA MARTINS,2024-01-01 00:22:43,234.7,13.9,-11.518816,-36.98242
GABRIELA MARTINS,2024-01-01 00:23:06,233.8,14.0,-11.519681,-36.983638
GABRIELA MARTINS,2024-01-01 00:23:18,233.6,13.9,-11.520136,-36.984276
GABRIELA MARTINS,2024-01-01 00:23:31,235.5,14.0,-11.52063,-36.984973
GABRIELA MARTINS,2024-01-01 00:23:43,234.7,13.9,-11.521045,-36.985566
GABRIELA MARTINS,2024-01-01 00:23:49,235.0,14.0,-11.521275,-36.98589
GABRIELA MARTINS,2024-01-01 00:24:07,234.5,14.0,-11.521963,-36.986853
GABRIELA MARTINS,2024-01-01 00:24:18,234.2,14.0,-11.522418,-36.987495
GABRIELA MARTINS,2024-01-01 00:24:31,234.5,14.0,-11.522908,-36.988193
GABRIELA MARTINS,2024-01-01 00:24:54,233.7,14.0,-11.523788,-36.989423
GABRIELA MARTINS,2024-01-01 00:25:43,234.5,14.0,-11.525605,-36.991975
GABRIELA MARTINS,2024-01-01 00:26:07,234.9,14.0,-11.526548,-36.993323
GABRIELA MARTINS,2024-01-01 00:26:18,234.9,14.0,-11.526961,-36.993908
GABRIELA MARTINS,2024-01-01 00:26:31,234.1,13.9,-11.527448,-36.9946
GABRIELA MARTINS,2024-01-01 00:27:07,233.2,13.9,-11.528761,-36.996476
GABRIELA MARTINS,2024-01-01 00:28:31,234.2,13.9,-11.531978,-37.001023
GABRIELA MARTINS,2024-01-01 01:04:42,232.9,14.1,-11.615155,-37.117206
GABRIELA MARTINS,2024-01-01 01:22:31,234.2,14.1,-11.656393,-37.17486
GABRIELA MARTINS,2024-01-01 01:25:19,234.8,14.1,-11.662941,-37.184008
GABRIELA MARTINS,2024-01-01 01:40:53,233.0,14.3,-11.699403,-37.234705
GABRIELA MARTINS,2024-01-01 01:59:06,215.0,14.3,-11.751591,-37.283651
GABRIELA MARTINS,2024-01-01 02:08:43,215.1,14.3,-11.783008,-37.305558
GABRIELA MARTINS,2024-01-01 02:31:07,214.8,14.3,-11.856081,-37.357728
GABRIELA MARTINS,2024-01-01 02:34:43,215.6,14.4,-11.867938,-37.366196
GABRIELA MARTINS,2024-01-01 03:03:30,215.0,14.6,-11.96334,-37.434231
GABRIELA MARTINS,2024-01-01 03:05:55,215.4,14.6,-11.971313,-37.439876
GABRIELA MARTINS,2024-01-01 03:06:12,215.2,14.6,-11.972326,-37.440573
GABRIELA MARTINS,2024-01-01 03:32:07,214.7,14.7,-12.059206,-37.502743
GABRIELA MARTINS,2024-01-01 03:37:49,214.3,14.6,-12.078305,-37.516346
GABRIELA MARTINS,2024-01-01 03:40:26,214.6,14.5,-12.087028,-37.52257
GABRIELA MARTINS,2024-01-01 04:10:37,215.8,14.5,-12.187123,-37.594011
GABRIELA MARTINS,2024-01-01 04:31:28,215.5,14.6,-12.256593,-37.643816
GABRIELA MARTINS,2024-01-01 04:32:11,215.5,14.6,-12.258963,-37.645538
GABRIELA MARTINS,2024-01-01 05:05:12,213.7,14.7,-12.370541,-37.721491
GABRIELA MARTINS,2024-01-01 06:01:23,213.9,14.6,-12.559928,-37.850083
GABRIELA MARTINS,2024-01-01 06:11:55,213.7,14.7,-12.595706,-37.874461
GABRIELA MARTINS,2024-01-01 06:18:37,213.5,14.6,-12.618496,-37.890003
GABRIELA MARTINS,2024-01-01 06:45:00,213.3,14.4,-12.707373,-37.950066
GABRIELA MARTINS,2024-01-01 06:49:00,214.8,14.4,-12.720663,-37.959136
GABRIELA MARTINS,2024-01-01 07:22:31,214.5,14.3,-12.832105,-38.036318
GABRIELA MARTINS,2024-01-01 07:50:36,215.8,14.3,-12.924021,-38.101835
GABRIELA MARTINS,2024-01-01 07:56:06,215.1,14.3,-12.941938,-38.114841
GABRIELA MARTINS,2024-01-01 07:59:25,215.3,14.3,-12.952728,-38.122646
GABRIELA MARTINS,2024-01-01 08:02:37,215.4,14.3,-12.963233,-38.130258
GABRIELA MARTINS,2024-01-01 08:52:10,187.1,14.0,-13.15189,-38.161708
GABRIELA MARTINS,2024-01-01 08:54:40,188.1,13.9,-13.16165,-38.162946
GABRIELA MARTINS,2024-01-01 08:57:04,186.5,13.9,-13.170865,-38.164105
GABRIELA MARTINS,2024-01-01 09:08:46,177.8,13.7,-13.216051,-38.166666
GABRIELA MARTINS,2024-01-01 09:35:37,176.6,13.6,-13.318676,-38.162546
GABRIELA MARTINS,2024-01-01 09:39:27,177.3,13.5,-13.333175,-38.162066
GABRIELA MARTINS,2024-01-01 10:41:26,181.7,13.6,-13.5666,-38.15335
GABRIELA MARTINS,2024-01-01 10:52:06,181.4,13.5,-13.607061,-38.154226
GABRIELA MARTINS,2024-01-01 10:56:46,180.8,13.6,-13.624786,-38.154651
GABRIELA MARTINS,2024-01-01 11:15:07,180.7,13.6,-13.694463,-38.156186
GABRIELA MARTINS,2024-01-01 11:19:47,181.6,13.6,-13.712208,-38.156478
GABRIELA MARTINS,2024-01-01 11:37:26,179.1,13.6,-13.779375,-38.156338
GABRIELA MARTINS,2024-01-01 11:51:36,177.9,13.7,-13.83339,-38.155026
GABRIELA MARTINS,2024-01-01 12:26:57,179.3,13.6,-13.967798,-38.151241
GABRIELA MARTINS,2024-01-01 12:28:57,178.6,13.6,-13.975376,-38.151106
GABRIELA MARTINS,2024-01-01 12:30:16,180.0,13.6,-13.980495,-38.151006
GABRIELA MARTINS,2024-01-01 12:30:35,178.9,13.6,-13.98169,-38.150971
GABRIELA MARTINS,2024-01-01 12:33:06,179.2,13.5,-13.99118,-38.150806
GABRIELA MARTINS,2024-01-01 12:34:17,178.1,13.6,-13.995713,-38.15071
GABRIELA MARTINS,2024-01-01 12:35:18,177.9,13.6,-13.999508,-38.150581
GABRIELA MARTINS,2024-01-01 12:57:47,178.6,13.5,-14.084576,-38.148608
GABRIELA MARTINS,2024-01-01 14:13:36,180.4,13.8,-14.373588,-38.148233
GABRIELA MARTINS,2024-01-01 14:43:36,180.4,13.8,-14.489166,-38.149
GABRIELA MARTINS,2024-01-01 15:33:26,181.0,13.8,-14.680731,-38.151376
GABRIELA MARTINS,2024-01-01 16:21:12,180.3,13.9,-14.865811,-38.15422
GABRIELA MARTINS,2024-01-01 16:21:22,180.6,13.9,-14.866525,-38.154226
GABRIELA MARTINS,2024-01-01 16:22:42,179.2,13.9,-14.871675,-38.154245
GABRIELA MARTINS,2024-01-01 16:24:09,181.5,13.9,-14.877273,-38.154326
GABRIELA MARTINS,2024-01-01 16:24:12,180.1,13.9,-14.877531,-38.154328
GABRIELA MARTINS,2024-01-01 16:24:33,180.3,13.9,-14.87884,-38.154355
GABRIELA MARTINS,2024-01-01 16:24:42,180.7,14.0,-14.879491,-38.154366
GABRIELA MARTINS,2024-01-01 16:24:57,181.1,14.0,-14.88047,-38.154381
GABRIELA MARTINS,2024-01-01 16:26:09,180.9,13.9,-14.885085,-38.154421
GABRIELA MARTINS,2024-01-01 16:26:15,179.7,13.9,-14.885475,-38.154423
GABRIELA MARTINS,2024-01-01 16:26:27,180.6,13.9,-14.886311,-38.154423
GABRIELA MARTINS,2024-01-01 16:27:15,178.7,13.9,-14.889358,-38.154428
GABRIELA MARTINS,2024-01-01 16:28:59,180.3,14.0,-14.895998,-38.154468
GABRIELA MARTINS,2024-01-01 16:50:07,180.6,14.0,-14.978308,-38.15474
GABRIELA MARTINS,2024-01-01 17:17:49,179.5,14.0,-15.08658,-38.154743
GABRIELA MARTINS,2024-01-01 17:34:36,180.5,13.9,-15.1521,-38.154896
GABRIELA MARTINS,2024-01-01 17:58:05,180.6,14.1,-15.24404,-38.155268
GABRIELA MARTINS,2024-01-01 17:59:17,180.6,14.2,-15.248685,-38.155275
GABRIELA MARTINS,2024-01-01 17:59:29,180.3,14.1,-15.249536,-38.155283
GABRIELA MARTINS,2024-01-01 18:01:59,181.1,14.1,-15.259396,-38.155325
GABRIELA MARTINS,2024-01-01 18:02:41,180.6,14.1,-15.262183,-38.155321
GABRIELA MARTINS,2024-01-01 18:03:05,180.7,14.1,-15.263818,-38.155323
GABRIELA MARTINS,2024-01-01 18:03:10,179.8,14.1,-15.264145,-38.155326
GABRIELA MARTINS,2024-01-01 18:03:17,180.9,14.1,-15.264536,-38.155333
GABRIELA MARTINS,2024-01-01 18:04:17,179.4,14.1,-15.268365,-38.15537
GABRIELA MARTINS,2024-01-01 18:05:23,180.5,14.1,-15.272751,-38.15539
GABRIELA MARTINS,2024-01-01 18:30:25,178.7,14.2,-15.371766,-38.154793
GABRIELA MARTINS,2024-01-01 19:18:24,176.9,14.5,-15.56316,-38.149775
GABRIELA MARTINS,2024-01-01 19:22:00,177.3,14.5,-15.57779,-38.149113
GABRIELA MARTINS,2024-01-01 19:23:24,177.0,14.5,-15.583433,-38.148881
GABRIELA MARTINS,2024-01-01 19:53:31,176.7,14.6,-15.705713,-38.14107
GABRIELA MARTINS,2024-01-01 20:15:36,178.5,14.5,-15.795418,-38.136263
GABRIELA MARTINS,2024-01-01 20:20:29,178.4,14.5,-15.815246,-38.13574
GABRIELA MARTINS,2024-01-01 20:25:37,181.7,14.5,-15.835896,-38.135228
GABRIELA MARTINS,2024-01-01 20:28:49,183.0,14.5,-15.848906,-38.135625
GABRIELA MARTINS,2024-01-01 21:04:05,186.2,13.8,-15.987723,-38.146813
GABRIELA MARTINS,2024-01-01 21:28:55,179.8,13.8,-16.083085,-38.150908
GABRIELA MARTINS,2024-01-01 22:09:49,180.5,14.0,-16.241381,-38.152283
GABRIELA MARTINS,2024-01-01 22:31:07,180.9,14.5,-16.325781,-38.153981
GABRIELA MARTINS,2024-01-01 22:37:42,182.0,14.4,-16.352458,-38.154468
GABRIELA MARTINS,2024-01-01 23:29:34,178.8,13.8,-16.556733,-38.156963
GABRIELA MARTINS,2024-01-02 00:54:28,177.1,13.7,-16.881813,-38.145778
GABRIELA MARTINS,2024-01-02 00:54:58,177.1,13.7,-16.883711,-38.14569
GABRIELA MARTINS,2024-01-02 00:55:47,177.4,13.8,-16.886875,-38.145518
GABRIELA MARTINS,2024-01-02 00:56:58,176.3,13.8,-16.89139,-38.145251
GABRIELA MARTINS,2024-01-02 00:58:58,176.7,13.7,-16.899031,-38.14486
GABRIELA MARTINS,2024-01-02 01:06:07,179.4,13.7,-16.926496,-38.144723
GABRIELA MARTINS,2024-01-02 01:10:18,179.6,13.7,-16.941843,-38.144761
GABRIELA MARTINS,2024-01-02 01:13:59,181.0,13.7,-16.956515,-38.144853
GABRIELA MARTINS,2024-01-02 02:08:23,178.4,14.0,-17.164938,-38.143276
GABRIELA MARTINS,2024-01-02 02:09:52,178.3,14.1,-17.170845,-38.143191
GABRIELA MARTINS,2024-01-02 03:10:37,180.2,13.6,-17.405556,-38.145836
GABRIELA MARTINS,2024-01-02 03:21:49,180.1,13.5,-17.448213,-38.14598
GABRIELA MARTINS,2024-01-02 04:03:08,181.7,13.8,-17.60622,-38.145585
GABRIELA MARTINS,2024-01-02 04:05:17,180.8,13.7,-17.61449,-38.145588
GABRIELA MARTINS,2024-01-02 04:29:39,184.2,13.4,-17.705583,-38.14849
GABRIELA MARTINS,2024-01-02 04:36:59,182.7,13.3,-17.732971,-38.149905
GABRIELA MARTINS,2024-01-02 04:43:35,182.6,13.5,-17.757768,-38.15128
GABRIELA MARTINS,2024-01-02 04:44:15,183.1,13.5,-17.760278,-38.151396
GABRIELA MARTINS,2024-01-02 04:44:35,182.7,13.5,-17.761533,-38.15145
GABRIELA MARTINS,2024-01-02 04:45:35,182.9,13.4,-17.765291,-38.15164
GABRIELA MARTINS,2024-01-02 04:46:24,182.3,13.5,-17.768371,-38.151781
GABRIELA MARTINS,2024-01-02 04:47:05,183.2,13.5,-17.770951,-38.151933
GABRIELA MARTINS,2024-01-02 05:08:06,183.4,13.4,-17.849613,-38.156098
GABRIELA MARTINS,2024-01-02 05:08:46,182.4,13.4,-17.852161,-38.156233
GABRIELA MARTINS,2024-01-02 05:15:38,180.6,13.4,-17.87768,-38.156701
GABRIELA MARTINS,2024-01-02 05:19:39,181.1,13.4,-17.89266,-38.156791
GABRIELA MARTINS,2024-01-02 05:36:39,181.4,13.3,-17.955771,-38.1575
GABRIELA MARTINS,2024-01-02 05:39:48,179.5,13.2,-17.96744,-38.157543
GABRIELA MARTINS,2024-01-02 05:43:38,180.9,13.3,-17.981605,-38.157658
GABRIELA MARTINS,2024-01-02 05:50:27,180.3,13.3,-18.00685,-38.157808
GABRIELA MARTINS,2024-01-02 06:28:29,180.6,13.3,-18.147353,-38.158746
GABRIELA MARTINS,2024-01-02 06:55:38,179.1,13.2,-18.247613,-38.159503
GABRIELA MARTINS,2024-01-02 07:00:48,179.7,13.2,-18.266546,-38.159473
GABRIELA MARTINS,2024-01-02 07:30:27,180.4,13.1,-18.374765,-38.160188
GABRIELA MARTINS,2024-01-02 07:34:28,179.9,13.1,-18.389571,-38.160333
GABRIELA MARTINS,2024-01-02 07:48:47,180.7,13.0,-18.441655,-38.161006
GABRIELA MARTINS,2024-01-02 07:52:18,181.1,12.9,-18.454366,-38.161245
GABRIELA MARTINS,2024-01-02 08:44:47,178.5,13.2,-18.646711,-38.160686
GABRIELA MARTINS,2024-01-02 08:48:18,178.0,13.0,-18.65959,-38.160253
GABRIELA MARTINS,2024-01-02 08:51:49,177.4,13.0,-18.672351,-38.159781
GABRIELA MARTINS,2024-01-02 09:07:47,177.8,13.4,-18.730888,-38.157463
GABRIELA MARTINS,2024-01-02 09:40:58,177.6,13.2,-18.854005,-38.152463
GABRIELA MARTINS,2024-01-02 09:46:49,177.2,13.3,-18.875486,-38.151308
GABRIELA MARTINS,2024-01-02 10:34:37,202.4,13.2,-19.045671,-38.180321
GABRIELA MARTINS,2024-01-02 10:48:39,202.2,13.4,-19.09435,-38.200805
GABRIELA MARTINS,2024-01-02 10:50:28,201.4,13.4,-19.10072,-38.203505
GABRIELA MARTINS,2024-01-02 10:55:18,206.1,13.4,-19.117478,-38.210743
GABRIELA MARTINS,2024-01-02 10:56:57,208.8,13.5,-19.122971,-38.213878
GABRIELA MARTINS,2024-01-02 11:19:07,208.2,13.2,-19.196151,-38.254118
GABRIELA MARTINS,2024-01-02 11:23:47,207.1,13.3,-19.211681,-38.262556
GABRIELA MARTINS,2024-01-02 11:34:07,207.6,13.1,-19.245558,-38.281005
GABRIELA MARTINS,2024-01-02 12:04:18,207.0,13.4,-19.343835,-38.335116
GABRIELA MARTINS,2024-01-02 12:07:28,207.1,13.4,-19.354371,-38.340866
GABRIELA MARTINS,2024-01-02 12:35:19,207.1,13.6,-19.447843,-38.391398
GABRIELA MARTINS,2024-01-02 12:38:18,207.1,13.5,-19.457763,-38.396848
GABRIELA MARTINS,2024-01-02 13:10:19,205.5,13.6,-19.567075,-38.452635
GABRIELA MARTINS,2024-01-02 14:33:16,209.3,13.0,-19.845948,-38.592291
GABRIELA MARTINS,2024-01-02 15:26:36,207.9,13.4,-20.02114,-38.693331
GABRIELA MARTINS,2024-01-02 15:32:36,209.4,13.5,-20.041151,-38.704565
GABRIELA MARTINS,2024-01-02 15:46:46,206.8,13.3,-20.08857,-38.73094
GABRIELA MARTINS,2024-01-02 16:24:30,204.5,13.9,-20.217215,-38.799363
GABRIELA MARTINS,2024-01-02 16:36:32,205.1,13.5,-20.259096,-38.819863
GABRIELA MARTINS,2024-01-02 16:36:40,205.5,13.6,-20.259608,-38.820125
GABRIELA MARTINS,2024-01-02 16:37:40,204.2,13.6,-20.263025,-38.821781
GABRIELA MARTINS,2024-01-02 16:38:40,205.4,13.6,-20.266493,-38.823485
GABRIELA MARTINS,2024-01-02 16:39:01,206.2,13.6,-20.267685,-38.824083
GABRIELA MARTINS,2024-01-02 16:40:01,204.4,13.7,-20.271168,-38.825801
GABRIELA MARTINS,2024-01-02 16:42:30,204.3,13.7,-20.279696,-38.829903
GABRIELA MARTINS,2024-01-02 16:43:01,204.8,13.7,-20.281483,-38.830785
GABRIELA MARTINS,2024-01-02 16:45:01,204.5,13.9,-20.288463,-38.834203
GABRIELA MARTINS,2024-01-02 16:47:01,204.6,13.7,-20.295413,-38.837588
GABRIELA MARTINS,2024-01-02 17:27:41,206.3,13.3,-20.43296,-38.906813
GABRIELA MARTINS,2024-01-02 17:29:21,206.6,13.3,-20.438495,-38.909835
GABRIELA MARTINS,2024-01-02 17:31:34,207.3,13.0,-20.445668,-38.913763
GABRIELA MARTINS,2024-01-02 17:31:40,207.8,13.1,-20.446103,-38.913998
GABRIELA MARTINS,2024-01-02 17:35:03,207.2,13.0,-20.456801,-38.919793
GABRIELA MARTINS,2024-01-02 17:37:13,207.4,12.9,-20.463738,-38.923576
GABRIELA MARTINS,2024-01-02 18:15:51,207.1,13.0,-20.58771,-38.991565
GABRIELA MARTINS,2024-01-02 18:19:12,207.8,12.7,-20.598268,-38.997408
GABRIELA MARTINS,2024-01-02 20:05:32,206.8,12.6,-20.936296,-39.177351
GABRIELA MARTINS,2024-01-02 20:39:23,206.7,12.6,-21.043296,-39.23644
GABRIELA MARTINS,2024-01-02 21:11:33,205.3,12.7,-21.146178,-39.29179
GABRIELA MARTINS,2024-01-02 21:37:41,233.8,12.6,-21.217525,-39.349143
GABRIELA MARTINS,2024-01-02 21:53:43,229.9,12.9,-21.253788,-39.396201
GABRIELA MARTINS,2024-01-02 22:28:13,230.6,12.8,-21.331415,-39.499701
GABRIELA MARTINS,2024-01-02 22:33:13,232.9,12.9,-21.34232,-39.514953
GABRIELA MARTINS,2024-01-02 23:26:12,234.0,13.0,-21.458561,-39.67502
GABRIELA MARTINS,2024-01-02 23:34:42,230.4,12.9,-21.477605,-39.700671
GABRIELA MARTINS,2024-01-03 00:10:42,230.3,13.2,-21.558883,-39.809655
GABRIELA MARTINS,2024-01-03 00:11:12,230.5,13.2,-21.560053,-39.811181
GABRIELA MARTINS,2024-01-03 00:12:52,231.3,13.2,-21.563838,-39.816316
GABRIELA MARTINS,2024-01-03 00:13:42,232.2,13.3,-21.565753,-39.818821
GABRIELA MARTINS,2024-01-03 00:14:02,231.3,13.2,-21.566571,-39.819883
GABRIELA MARTINS,2024-01-03 00:14:52,230.6,13.1,-21.568448,-39.82235
GABRIELA MARTINS,2024-01-03 00:17:31,231.1,13.3,-21.574606,-39.830516
GABRIELA MARTINS,2024-01-03 00:46:52,230.7,13.3,-21.642801,-39.921633
GABRIELA MARTINS,2024-01-03 00:49:42,232.1,12.8,-21.649336,-39.930456
GABRIELA MARTINS,2024-01-03 00:50:32,234.8,13.0,-21.65111,-39.93296
GABRIELA MARTINS,2024-01-03 00:50:52,234.2,13.0,-21.6518,-39.933933
GABRIELA MARTINS,2024-01-03 00:51:22,231.4,13.0,-21.65301,-39.935513
GABRIELA MARTINS,2024-01-03 00:51:32,229.6,13.1,-21.653436,-39.936061
GABRIELA MARTINS,2024-01-03 01:00:43,230.2,13.4,-21.674591,-39.964401
GABRIELA MARTINS,2024-01-03 01:47:42,229.1,13.8,-21.78928,-40.110066
GABRIELA MARTINS,2024-01-03 01:50:16,227.9,14.0,-21.795983,-40.117911
GABRIELA MARTINS,2024-01-03 01:52:47,226.2,13.8,-21.802585,-40.125523
GABRIELA MARTINS,2024-01-03 01:53:46,226.7,13.9,-21.805235,-40.128578
GABRIELA MARTINS,2024-01-03 02:21:10,224.4,13.8,-21.880246,-40.208081
GABRIELA MARTINS,2024-01-03 02:26:21,224.7,13.8,-21.894578,-40.22283
GABRIELA MARTINS,2024-01-03 02:55:05,235.9,13.4,-21.9467,-40.32421
GABRIELA MARTINS,2024-01-03 02:59:36,239.8,13.8,-21.955528,-40.33995
GABRIELA MARTINS,2024-01-03 03:30:04,236.7,14.1,-22.018135,-40.4479
GABRIELA MARTINS,2024-01-03 03:31:06,237.1,14.1,-22.020326,-40.45139
GABRIELA MARTINS,2024-01-03 03:34:06,235.0,14.2,-22.026916,-40.462005
GABRIELA MARTINS,2024-01-03 03:35:59,233.8,14.2,-22.031206,-40.46853
GABRIELA MARTINS,2024-01-03 03:41:48,232.3,14.1,-22.044818,-40.488023
GABRIELA MARTINS,2024-01-03 04:00:11,232.2,14.1,-22.088691,-40.549681
GABRIELA MARTINS,2024-01-03 04:04:11,232.4,14.2,-22.098411,-40.563128
GABRIELA MARTINS,2024-01-03 04:07:59,233.9,14.0,-22.107546,-40.575911
GABRIELA MARTINS,2024-01-03 04:17:00,232.3,14.3,-22.12914,-40.606131
GABRIELA MARTINS,2024-01-03 04:33:11,225.1,14.4,-22.173618,-40.655666
GABRIELA MARTINS,2024-01-03 04:35:53,224.6,14.6,-22.181321,-40.663995
GABRIELA MARTINS,2024-01-03 04:43:24,224.4,14.4,-22.202578,-40.686918
GABRIELA MARTINS,2024-01-03 04:52:05,225.8,14.2,-22.227025,-40.71353
GABRIELA MARTINS,2024-01-03 04:57:15,225.3,14.1,-22.241343,-40.729245
GABRIELA MARTINS,2024-01-03 04:58:04,224.3,13.9,-22.24354,-40.731665
GABRIELA MARTINS,2024-01-03 04:58:15,224.5,14.0,-22.244091,-40.732251
GABRIELA MARTINS,2024-01-03 04:58:40,223.0,14.0,-22.245255,-40.733451
GABRIELA MARTINS,2024-01-03 04:59:04,223.0,13.9,-22.246385,-40.7346
GABRIELA MARTINS,2024-01-03 04:59:40,219.5,13.9,-22.248146,-40.736245
GABRIELA MARTINS,2024-01-03 05:00:04,218.9,13.9,-22.249368,-40.737295
GABRIELA MARTINS,2024-01-03 05:00:57,219.3,14.0,-22.252045,-40.73959
GABRIELA MARTINS,2024-01-03 05:02:15,219.6,14.1,-22.255995,-40.743171
GABRIELA MARTINS,2024-01-03 05:03:11,219.6,14.1,-22.258741,-40.745608
GABRIELA MARTINS,2024-01-03 05:03:15,219.7,14.1,-22.258996,-40.745833
GABRIELA MARTINS,2024-01-03 05:03:52,220.1,14.2,-22.260871,-40.747536
GABRIELA MARTINS,2024-01-03 05:03:57,219.6,14.2,-22.261173,-40.747805
GABRIELA MARTINS,2024-01-03 05:22:42,219.0,14.1,-22.317958,-40.798573
GABRIELA MARTINS,2024-01-03 05:25:17,228.9,14.1,-22.325431,-40.80585
GABRIELA MARTINS,2024-01-03 05:44:24,241.3,14.2,-22.364006,-40.876218
GABRIELA MARTINS,2024-01-03 05:50:30,241.2,14.3,-22.375846,-40.898826
GABRIELA MARTINS,2024-01-03 05:54:00,241.5,14.4,-22.38268,-40.911863
GABRIELA MARTINS,2024-01-03 05:58:06,240.3,14.4,-22.390733,-40.927291
GABRIELA MARTINS,2024-01-03 06:31:18,232.9,14.4,-22.456906,-41.051565
GABRIELA MARTINS,2024-01-03 06:56:41,235.1,14.4,-22.516036,-41.142486
GABRIELA MARTINS,2024-01-03 07:07:35,233.8,14.5,-22.541436,-41.181228
GABRIELA MARTINS,2024-01-03 07:07:40,235.3,14.5,-22.541661,-41.181586
GABRIELA MARTINS,2024-01-03 07:09:22,235.8,14.6,-22.545613,-41.187625
GABRIELA MARTINS,2024-01-03 07:10:47,234.8,14.5,-22.548906,-41.192643
GABRIELA MARTINS,2024-01-03 07:11:24,234.6,14.5,-22.550265,-41.194698
GABRIELA MARTINS,2024-01-03 07:11:47,234.1,14.5,-22.551195,-41.196123
GABRIELA MARTINS,2024-01-03 07:11:53,236.3,14.5,-22.551423,-41.19648
GABRIELA MARTINS,2024-01-03 07:12:40,234.1,14.6,-22.553293,-41.199333
GABRIELA MARTINS,2024-01-03 07:13:47,233.5,14.5,-22.555875,-41.203238
GABRIELA MARTINS,2024-01-03 07:43:35,234.7,14.4,-22.62635,-41.308863
GABRIELA MARTINS,2024-01-03 08:32:47,230.9,13.8,-22.740073,-41.478243
GABRIELA MARTINS,2024-01-03 08:38:23,231.7,13.8,-22.753403,-41.49663
GABRIELA MARTINS,2024-01-03 08:41:00,233.0,13.9,-22.759681,-41.505293
GABRIELA MARTINS,2024-01-03 09:30:41,232.6,13.8,-22.87737,-41.666968
GABRIELA MARTINS,2024-01-03 09:51:26,232.7,13.9,-22.932275,-41.7291
GABRIELA MARTINS,2024-01-03 09:54:26,231.8,13.9,-22.939323,-41.738876
GABRIELA MARTINS,2024-01-03 10:28:30,232.9,13.4,-23.019298,-41.85021
GABRIELA MARTINS,2024-01-03 10:31:51,233.0,13.6,-23.026848,-41.861163
GABRIELA MARTINS,2024-01-03 10:53:41,233.2,14.0,-23.076093,-41.934443
GABRIELA MARTINS,2024-01-03 10:53:46,235.0,14.0,-23.076316,-41.93479
GABRIELA MARTINS,2024-01-03 10:53:59,234.3,14.0,-23.076776,-41.935475
GABRIELA MARTINS,2024-01-03 11:39:36,271.8,14.2,-23.119048,-42.11131
GABRIELA MARTINS,2024-01-03 12:08:36,275.6,14.0,-23.107768,-42.234938
GABRIELA MARTINS,2024-01-03 12:22:13,271.0,14.1,-23.105645,-42.292298
GABRIELA MARTINS,2024-01-03 12:23:54,271.4,14.1,-23.105418,-42.299513
GABRIELA MARTINS,2024-01-03 12:24:07,271.5,14.1,-23.105398,-42.300365
GABRIELA MARTINS,2024-01-03 12:25:49,270.1,14.0,-23.105106,-42.307553
GABRIELA MARTINS,2024-01-03 12:44:40,275.1,13.9,-23.101835,-42.386595
GABRIELA MARTINS,2024-01-03 13:52:20,271.8,13.7,-23.07809,-42.665595
GABRIELA MARTINS,2024-01-03 14:25:32,257.3,13.6,-23.092711,-42.800735
GABRIELA MARTINS,2024-01-03 15:36:30,281.4,8.2,-23.050601,-43.020523
GABRIELA MARTINS,2024-01-03 16:36:42,346.0,6.4,-22.966231,-43.136016
GABRIELA MARTINS,2024-01-03 16:57:59,344.5,9.5,-22.920848,-43.142558
GABRIELA MARTINS,2024-01-03 16:58:59,344.0,9.6,-22.918345,-43.143278
GABRIELA MARTINS,2024-01-03 16:59:29,344.0,9.7,-22.91709,-43.143641
GABRIELA MARTINS,2024-01-03 16:59:39,344.5,9.7,-22.91661,-43.14378
GABRIELA MARTINS,2024-01-03 17:25:40,3.8,9.1,-22.85152,-43.154671
GABRIELA MARTINS,2024-01-04 07:22:47,8.6,0.0,-22.817068,-43.139845
GABRIELA MARTINS,2024-01-04 12:19:47,197.9,0.0,-22.81746,-43.140096
GABRIELA MARTINS,2024-01-04 13:25:47,246.7,0.1,-22.818818,-43.142065
GABRIELA MARTINS,2024-01-04 23:58:46,205.0,0.0,-22.817855,-43.140078
GABRIELA MARTINS,2024-01-05 07:28:46,38.4,0.0,-22.818386,-43.141105
GABRIELA MARTINS,2024-01-05 08:19:46,0.5,0.0,-22.816643,-43.140105
GABRIELA MARTINS,2024-01-05 09:43:46,108.4,0.0,-22.814938,-43.141625
GABRIELA MARTINS,2024-01-06 01:10:46,103.5,0.0,-22.814881,-43.141481
GABRIELA MARTINS,2024-01-06 06:34:19,290.6,0.0,-22.818566,-43.141921
GABRIELA MARTINS,2024-01-06 11:37:19,301.6,0.0,-22.814893,-43.142315
GABRIELA MARTINS,2024-01-06 16:16:19,267.4,0.0,-22.814693,-43.142628
GABRIELA MARTINS,2024-01-06 17:46:15,4.1,0.0,-22.815088,-43.143336
GABRIELA MARTINS,2024-01-06 19:02:17,224.0,3.2,-22.816776,-43.144126
GABRIELA MARTINS,2024-01-06 19:21:45,178.7,11.5,-22.863101,-43.15507
GABRIELA MARTINS,2024-01-06 19:38:06,162.0,11.3,-22.915205,-43.144401
GABRIELA MARTINS,2024-01-06 19:43:37,165.5,8.9,-22.930028,-43.13992
GABRIELA MARTINS,2024-01-06 20:17:37,196.0,10.2,-23.013085,-43.153113
GABRIELA MARTINS,2024-01-06 20:17:38,196.0,10.2,-23.013085,-43.153113
GABRIELA MARTINS,2024-01-06 20:21:15,199.0,10.5,-23.023123,-43.15676
GABRIELA MARTINS,2024-01-06 20:47:56,256.1,11.3,-23.092125,-43.199381
GABRIELA MARTINS,2024-01-06 21:12:25,252.7,12.1,-23.119885,-43.281281
GABRIELA MARTINS,2024-01-06 22:01:07,250.0,12.1,-23.173756,-43.447541
GABRIELA MARTINS,2024-01-06 22:54:06,251.9,12.2,-23.233005,-43.62939
GABRIELA MARTINS,2024-01-06 22:56:15,251.0,12.2,-23.23551,-43.636906
GABRIELA MARTINS,2024-01-06 23:40:27,249.0,12.3,-23.283813,-43.792913
GABRIELA MARTINS,2024-01-07 00:10:27,252.4,12.3,-23.315731,-43.899428
GABRIELA MARTINS,2024-01-07 00:47:17,235.9,12.5,-23.378201,-44.017533
GABRIELA MARTINS,2024-01-07 01:16:55,241.0,12.5,-23.436165,-44.11053
GABRIELA MARTINS,2024-01-07 01:20:45,236.1,12.5,-23.443671,-44.122468
GABRIELA MARTINS,2024-01-07 01:30:36,235.8,12.5,-23.462945,-44.153276
GABRIELA MARTINS,2024-01-07 01:48:26,227.2,12.7,-23.500581,-44.207301
GABRIELA MARTINS,2024-01-07 02:01:45,227.2,12.8,-23.531201,-44.246335
GABRIELA MARTINS,2024-01-07 02:05:25,228.1,12.8,-23.539603,-44.25715
GABRIELA MARTINS,2024-01-07 02:24:47,227.6,13.0,-23.584923,-44.313968
GABRIELA MARTINS,2024-01-07 02:35:37,227.6,13.0,-23.609545,-44.34677
GABRIELA MARTINS,2024-01-07 02:41:25,230.9,13.1,-23.622765,-44.364591
GABRIELA MARTINS,2024-01-07 02:57:46,226.3,13.0,-23.6601,-44.414418
GABRIELA MARTINS,2024-01-07 03:11:27,231.8,12.9,-23.691676,-44.456061
GABRIELA MARTINS,2024-01-07 03:41:27,240.0,12.6,-23.750765,-44.551253
GABRIELA MARTINS,2024-01-07 03:44:47,240.7,12.7,-23.756536,-44.562321
GABRIELA MARTINS,2024-01-07 04:04:45,242.4,12.5,-23.789676,-44.628396
GABRIELA MARTINS,2024-01-07 04:27:56,235.1,12.5,-23.830631,-44.703771
GABRIELA MARTINS,2024-01-07 04:29:56,234.5,12.6,-23.834678,-44.710121
GABRIELA MARTINS,2024-01-07 04:32:36,236.5,12.5,-23.840016,-44.718315
GABRIELA MARTINS,2024-01-07 04:34:56,235.5,12.5,-23.844676,-44.725591
GABRIELA MARTINS,2024-01-07 04:35:05,235.3,12.6,-23.84501,-44.726108
GABRIELA MARTINS,2024-01-07 05:34:17,234.0,12.5,-23.967861,-44.907211
GABRIELA MARTINS,2024-01-07 07:08:25,283.2,12.6,-24.102793,-45.229046
GABRIELA MARTINS,2024-01-07 07:25:48,285.0,12.5,-24.088018,-45.2932
GABRIELA MARTINS,2024-01-07 07:40:44,285.7,12.8,-24.074068,-45.348811
GABRIELA MARTINS,2024-01-07 07:42:14,286.0,13.0,-24.072683,-45.354463
GABRIELA MARTINS,2024-01-07 07:43:14,282.9,12.9,-24.071761,-45.358246
GABRIELA MARTINS,2024-01-07 08:55:26,299.5,11.7,-23.974333,-45.597955
GABRIELA MARTINS,2024-01-07 09:02:13,293.0,10.5,-23.963666,-45.618728
GABRIELA MARTINS,2024-01-07 10:06:16,254.5,12.0,-23.984848,-45.842288
GABRIELA MARTINS,2024-01-07 11:50:37,271.1,11.8,-24.07536,-46.208781
GABRIELA MARTINS,2024-01-07 12:13:46,266.5,11.4,-24.077295,-46.291503
GABRIELA MARTINS,2024-01-07 12:29:26,227.0,11.0,-24.096318,-46.341971
GABRIELA MARTINS,2024-01-07 12:29:46,221.5,11.0,-24.097035,-46.34271
GABRIELA MARTINS,2024-01-07 12:30:36,220.1,11.1,-24.098921,-46.34462
GABRIELA MARTINS,2024-01-07 12:31:07,214.0,11.2,-24.100115,-46.345821
GABRIELA MARTINS,2024-01-07 13:07:36,108.9,2.5,-24.136955,-46.380235
GABRIELA MARTINS,2024-01-07 15:08:30,314.4,0.1,-24.136898,-46.375685
GABRIELA MARTINS,2024-01-07 16:59:28,38.4,0.0,-24.136885,-46.375675
GABRIELA MARTINS,2024-01-07 19:11:30,4.7,0.2,-24.137696,-46.376066
GABRIELA MARTINS,2024-01-07 20:11:29,191.0,0.1,-24.137476,-46.375866
GABRIELA MARTINS,2024-01-07 22:50:30,6.1,0.0,-24.138201,-46.376143
GABRIELA MARTINS,2024-01-08 00:17:30,157.8,0.4,-24.1384,-46.376165
GABRIELA MARTINS,2024-01-08 00:56:29,351.8,0.0,-24.138476,-46.376211
GABRIELA MARTINS,2024-01-08 02:50:30,300.9,0.3,-24.138903,-46.376101
GABRIELA MARTINS,2024-01-08 04:31:42,71.6,0.8,-24.13965,-46.372398
GABRIELA MARTINS,2024-01-08 04:35:52,2.8,3.5,-24.137205,-46.371325
GABRIELA MARTINS,2024-01-08 04:45:11,20.6,9.6,-24.119621,-46.371636
GABRIELA MARTINS,2024-01-08 04:48:11,26.8,10.6,-24.11197,-46.367755
GABRIELA MARTINS,2024-01-08 04:49:11,21.2,10.7,-24.10933,-46.3664
GABRIELA MARTINS,2024-01-08 04:50:41,17.8,10.8,-24.10512,-46.364723
GABRIELA MARTINS,2024-01-08 04:50:51,15.7,10.8,-24.10459,-46.364546
GABRIELA MARTINS,2024-01-08 04:51:22,15.4,10.9,-24.103068,-46.36412
GABRIELA MARTINS,2024-01-08 04:51:31,16.0,11.0,-24.102631,-46.36398
GABRIELA MARTINS,2024-01-08 04:52:41,16.2,11.2,-24.09918,-46.362995
GABRIELA MARTINS,2024-01-08 04:52:51,15.7,11.2,-24.098681,-46.362836
GABRIELA MARTINS,2024-01-08 04:58:30,14.0,10.8,-24.081415,-46.357966
GABRIELA MARTINS,2024-01-08 04:58:50,14.8,10.8,-24.080456,-46.357696
GABRIELA MARTINS,2024-01-08 05:10:12,3.0,8.9,-24.049366,-46.349001
GABRIELA MARTINS,2024-01-08 05:13:02,2.4,8.4,-24.042575,-46.348778
GABRIELA MARTINS,2024-01-08 05:46:02,92.4,8.3,-23.992103,-46.318736
GABRIELA MARTINS,2024-01-08 06:16:51,337.0,8.4,-23.949341,-46.308931
GABRIELA MARTINS,2024-01-08 06:18:43,351.3,8.5,-23.945125,-46.309893
GABRIELA MARTINS,2024-01-08 06:21:13,351.9,8.8,-23.93914,-46.310816
GABRIELA MARTINS,2024-01-10 18:38:01,352.4,0.0,-23.91826,-46.365365
GABRIELA MARTINS,2024-01-10 19:15:43,107.3,8.0,-23.927191,-46.328583
GABRIELA MARTINS,2024-01-10 20:45:34,211.6,11.6,-24.101786,-46.38021
GABRIELA MARTINS,2024-01-10 21:00:14,195.0,11.6,-24.145771,-46.399305
GABRIELA MARTINS,2024-01-10 21:33:53,150.0,12.4,-24.254256,-46.401053
GABRIELA MARTINS,2024-01-10 22:28:44,146.8,12.7,-24.416735,-46.28751
GABRIELA MARTINS,2024-01-10 22:39:14,147.0,12.9,-24.448275,-46.265381
GABRIELA MARTINS,2024-01-10 23:03:15,148.1,12.9,-24.521798,-46.215506
GABRIELA MARTINS,2024-01-10 23:20:23,90.6,12.3,-24.551763,-46.168585
GABRIELA MARTINS,2024-01-10 23:41:15,89.6,12.5,-24.551611,-46.089276
GABRIELA MARTINS,2024-01-10 23:45:05,89.8,12.5,-24.551421,-46.074746
GABRIELA MARTINS,2024-01-10 23:45:55,89.1,12.5,-24.551421,-46.071573
GABRIELA MARTINS,2024-01-10 23:46:24,88.3,12.5,-24.551368,-46.069676
GABRIELA MARTINS,2024-01-10 23:47:23,89.5,12.5,-24.551331,-46.065915
GABRIELA MARTINS,2024-01-11 00:13:05,85.1,12.7,-24.54658,-45.967273
GABRIELA MARTINS,2024-01-11 00:31:05,86.4,12.6,-24.541733,-45.897941
GABRIELA MARTINS,2024-01-11 00:51:54,56.7,12.4,-24.52801,-45.821996
GABRIELA MARTINS,2024-01-11 01:22:23,57.1,12.5,-24.470475,-45.724436
GABRIELA MARTINS,2024-01-11 01:23:13,57.8,12.5,-24.468925,-45.721816
GABRIELA MARTINS,2024-01-11 01:23:23,56.5,12.5,-24.468548,-45.721178
GABRIELA MARTINS,2024-01-11 01:24:54,55.7,12.5,-24.46566,-45.716436
GABRIELA MARTINS,2024-01-11 01:51:44,56.9,12.4,-24.414375,-45.631518
GABRIELA MARTINS,2024-01-11 02:47:25,55.3,12.4,-24.307953,-45.45786
GABRIELA MARTINS,2024-01-11 03:25:13,57.6,12.2,-24.23639,-45.340395
GABRIELA MARTINS,2024-01-11 04:01:04,69.3,11.9,-24.174726,-45.229953
GABRIELA MARTINS,2024-01-11 04:18:25,58.4,12.0,-24.152703,-45.170973
GABRIELA MARTINS,2024-01-11 04:33:05,55.3,12.2,-24.124305,-45.126611
GABRIELA MARTINS,2024-01-11 04:56:42,44.4,12.2,-24.074988,-45.057688
GABRIELA MARTINS,2024-01-11 05:06:44,41.8,12.2,-24.049905,-45.032731
GABRIELA MARTINS,2024-01-11 05:09:34,40.2,12.2,-24.042593,-45.025836
GABRIELA MARTINS,2024-01-11 05:36:31,39.3,12.3,-23.972573,-44.960988
GABRIELA MARTINS,2024-01-11 05:37:41,39.5,12.2,-23.969498,-44.958238
GABRIELA MARTINS,2024-01-11 05:38:31,40.3,12.2,-23.967315,-44.956303
GABRIELA MARTINS,2024-01-11 05:39:01,41.2,12.2,-23.965981,-44.95513
GABRIELA MARTINS,2024-01-11 05:39:42,39.4,12.2,-23.964235,-44.953526
GABRIELA MARTINS,2024-01-11 05:53:44,37.3,12.0,-23.927606,-44.920923
GABRIELA MARTINS,2024-01-11 06:04:04,39.5,12.0,-23.900575,-44.897068
GABRIELA MARTINS,2024-01-11 06:06:44,38.5,12.1,-23.893608,-44.890951
GABRIELA MARTINS,2024-01-11 06:07:53,39.5,12.0,-23.890603,-44.888285
GABRIELA MARTINS,2024-01-11 07:20:55,39.7,11.9,-23.70238,-44.722821
GABRIELA MARTINS,2024-01-11 08:30:13,42.1,12.4,-23.53075,-44.551948
GABRIELA MARTINS,2024-01-11 08:57:14,62.6,9.6,-23.465336,-44.491306
GABRIELA MARTINS,2024-01-11 09:03:15,61.4,9.4,-23.458011,-44.476118
GABRIELA MARTINS,2024-01-11 09:06:34,62.7,9.4,-23.453883,-44.467798
GABRIELA MARTINS,2024-01-11 09:32:45,4.2,9.2,-23.409805,-44.427821
GABRIELA MARTINS,2024-01-11 09:36:05,4.6,9.4,-23.401313,-44.427233
GABRIELA MARTINS,2024-01-11 10:08:35,3.9,9.9,-23.313995,-44.420433
GABRIELA MARTINS,2024-01-11 10:53:44,353.9,4.6,-23.215348,-44.426701
GABRIELA MARTINS,2024-01-11 11:49:34,55.5,7.0,-23.134926,-44.393511
GABRIELA MARTINS,2024-01-11 11:54:13,58.4,7.9,-23.129926,-44.384873
GABRIELA MARTINS,2024-01-11 12:42:24,54.0,6.6,-23.078011,-44.252653
GABRIELA MARTINS,2024-01-12 08:03:39,2.6,0.0,-23.061518,-44.229388
GABRIELA MARTINS,2024-01-13 00:39:38,106.5,1.5,-23.06256,-44.227653
GABRIELA MARTINS,2024-01-13 01:06:56,243.8,9.1,-23.080475,-44.255671
GABRIELA MARTINS,2024-01-13 01:12:07,255.4,9.2,-23.083873,-44.269481
GABRIELA MARTINS,2024-01-13 01:12:56,252.3,9.3,-23.0845,-44.271685
GABRIELA MARTINS,2024-01-13 01:13:07,250.8,9.4,-23.084666,-44.27222
GABRIELA MARTINS,2024-01-13 01:13:46,250.2,9.4,-23.08523,-44.27394
GABRIELA MARTINS,2024-01-13 01:14:07,250.5,9.5,-23.085513,-44.274873
GABRIELA MARTINS,2024-01-13 01:14:16,250.0,9.5,-23.08564,-44.275271
GABRIELA MARTINS,2024-01-13 01:17:16,247.9,9.8,-23.088641,-44.283456
GABRIELA MARTINS,2024-01-13 01:19:38,247.6,9.9,-23.091048,-44.289845
GABRIELA MARTINS,2024-01-13 01:25:38,246.2,10.1,-23.097618,-44.30659
GABRIELA MARTINS,2024-01-13 01:57:56,238.2,6.5,-23.138951,-44.388136
GABRIELA MARTINS,2024-01-13 02:02:56,277.1,6.1,-23.13984,-44.39728
GABRIELA MARTINS,2024-01-13 03:01:01,12.4,0.2,-23.127728,-44.434626
GABRIELA MARTINS,2024-01-13 08:10:01,260.7,0.0,-23.126521,-44.435533
GABRIELA MARTINS,2024-01-13 08:19:01,248.8,0.0,-23.126558,-44.435565
GABRIELA MARTINS,2024-01-13 11:45:59,214.1,0.1,-23.126651,-44.435821
GABRIELA MARTINS,2024-01-13 19:34:01,233.1,0.1,-23.126965,-44.43728
GABRIELA MARTINS,2024-01-13 22:10:01,24.0,0.1,-23.126906,-44.437275
GABRIELA MARTINS,2024-01-14 02:07:00,51.6,0.0,-23.126795,-44.437228
GABRIELA MARTINS,2024-01-14 03:46:00,71.6,0.0,-23.126525,-44.436658
GABRIELA MARTINS,2024-01-14 04:54:59,78.3,0.0,-23.126415,-44.436518
GABRIELA MARTINS,2024-01-14 11:31:00,252.1,0.1,-23.126683,-44.436946
GABRIELA MARTINS,2024-01-14 17:18:58,239.0,0.2,-23.126656,-44.437078
GABRIELA MARTINS,2024-01-14 17:43:01,25.4,0.1,-23.126826,-44.43733
GABRIELA MARTINS,2024-01-14 19:58:01,30.2,0.0,-23.127155,-44.437626
GABRIELA MARTINS,2024-01-14 21:41:50,163.2,8.9,-23.181155,-44.425361
GABRIELA MARTINS,2024-01-14 22:15:11,158.4,10.6,-23.26958,-44.392813
GABRIELA MARTINS,2024-01-14 22:17:30,158.6,10.8,-23.276005,-44.390166
GABRIELA MARTINS,2024-01-14 22:41:49,96.4,10.8,-23.29052,-44.317563
GABRIELA MARTINS,2024-01-14 22:44:50,103.5,10.8,-23.292246,-44.308005
GABRIELA MARTINS,2024-01-14 23:29:49,89.2,11.2,-23.31154,-44.160218
GABRIELA MARTINS,2024-01-15 00:01:30,92.9,11.1,-23.315031,-44.053466
GABRIELA MARTINS,2024-01-15 00:03:31,90.1,11.1,-23.315075,-44.046798
GABRIELA MARTINS,2024-01-15 00:07:20,94.5,10.9,-23.315483,-44.034185
GABRIELA MARTINS,2024-01-15 00:39:20,80.1,10.8,-23.315861,-43.928803
GABRIELA MARTINS,2024-01-15 00:50:29,80.3,10.9,-23.311545,-43.892635
GABRIELA MARTINS,2024-01-15 00:54:29,85.1,10.7,-23.310275,-43.879626
GABRIELA MARTINS,2024-01-15 01:12:09,84.5,11.4,-23.303045,-43.821308
GABRIELA MARTINS,2024-01-15 01:50:09,88.4,11.5,-23.29184,-43.690403
GABRIELA MARTINS,2024-01-15 02:14:59,90.1,11.5,-23.288661,-43.604486
GABRIELA MARTINS,2024-01-15 02:22:39,89.5,11.4,-23.288281,-43.577871
GABRIELA MARTINS,2024-01-15 02:57:20,89.7,11.8,-23.2863,-43.455648
GABRIELA MARTINS,2024-01-15 03:39:27,91.7,11.6,-23.284231,-43.305635
GABRIELA MARTINS,2024-01-15 03:39:36,93.2,11.6,-23.284241,-43.305081
GABRIELA MARTINS,2024-01-15 04:34:00,91.9,11.3,-23.28677,-43.117441
GABRIELA MARTINS,2024-01-15 04:40:00,96.2,11.3,-23.288533,-43.097201
GABRIELA MARTINS,2024-01-15 05:10:08,91.8,11.4,-23.297201,-42.994158
GABRIELA MARTINS,2024-01-15 05:10:10,91.8,11.4,-23.297201,-42.994158
GABRIELA MARTINS,2024-01-15 05:14:08,91.3,11.4,-23.297256,-42.980453
GABRIELA MARTINS,2024-01-15 05:14:47,91.8,11.4,-23.297301,-42.978076
GABRIELA MARTINS,2024-01-15 05:15:17,89.8,11.5,-23.297265,-42.976433
GABRIELA MARTINS,2024-01-15 05:15:27,88.4,11.4,-23.297251,-42.975853
GABRIELA MARTINS,2024-01-15 05:16:17,85.1,11.4,-23.297096,-42.973023
GABRIELA MARTINS,2024-01-15 05:42:40,84.5,11.8,-23.291896,-42.880693
GABRIELA MARTINS,2024-01-15 06:51:09,88.6,10.8,-23.282623,-42.650968
GABRIELA MARTINS,2024-01-15 07:26:09,85.9,11.0,-23.276178,-42.535125
GABRIELA MARTINS,2024-01-15 07:30:09,87.3,11.0,-23.275126,-42.521933
GABRIELA MARTINS,2024-01-15 08:06:00,81.8,11.1,-23.260523,-42.403846
GABRIELA MARTINS,2024-01-15 08:50:29,80.3,11.3,-23.242305,-42.254821
GABRIELA MARTINS,2024-01-15 08:51:49,85.9,11.3,-23.241965,-42.250338
GABRIELA MARTINS,2024-01-15 09:06:49,83.2,11.3,-23.237703,-42.199276
GABRIELA MARTINS,2024-01-15 09:09:08,84.0,11.3,-23.23698,-42.191331
GABRIELA MARTINS,2024-01-15 09:15:08,83.4,11.3,-23.235218,-42.170935
GABRIELA MARTINS,2024-01-15 11:28:10,85.0,11.3,-23.239011,-41.718058
GABRIELA MARTINS,2024-01-15 11:30:49,86.5,11.3,-23.238333,-41.709125
GABRIELA MARTINS,2024-01-15 11:48:49,90.7,11.4,-23.240461,-41.647218
GABRIELA MARTINS,2024-01-15 12:48:48,88.6,11.4,-23.224681,-41.441885
GABRIELA MARTINS,2024-01-15 14:58:01,95.1,11.1,-23.239598,-40.996715
GABRIELA MARTINS,2024-01-15 14:58:20,92.3,10.8,-23.239618,-40.995663
GABRIELA MARTINS,2024-01-15 15:25:41,87.3,10.8,-23.240958,-40.90468
GABRIELA MARTINS,2024-01-15 16:07:09,117.2,11.5,-23.28803,-40.773906
GABRIELA MARTINS,2024-01-15 16:09:58,120.2,11.6,-23.292188,-40.765158
GABRIELA MARTINS,2024-01-15 16:43:41,116.6,11.8,-23.34141,-40.65958
GABRIELA MARTINS,2024-01-15 17:10:07,114.0,11.9,-23.37898,-40.573811
GABRIELA MARTINS,2024-01-15 17:18:30,116.2,11.9,-23.390576,-40.546711
GABRIELA MARTINS,2024-01-15 17:35:29,112.4,11.8,-23.413066,-40.491463
GABRIELA MARTINS,2024-01-15 17:38:10,114.2,11.7,-23.416575,-40.482648
GABRIELA MARTINS,2024-01-15 18:28:59,118.7,11.5,-23.48807,-40.321058
GABRIELA MARTINS,2024-01-15 18:32:50,116.6,11.5,-23.493911,-40.309186
GABRIELA MARTINS,2024-01-15 20:11:11,111.4,11.1,-23.654668,-40.012471
GABRIELA MARTINS,2024-01-15 21:05:01,116.5,11.7,-23.726703,-39.840065
GABRIELA MARTINS,2024-01-15 21:36:19,113.3,11.8,-23.768365,-39.738468
GABRIELA MARTINS,2024-01-15 21:46:49,113.9,11.8,-23.782783,-39.704471
GABRIELA MARTINS,2024-01-15 22:14:49,115.6,11.9,-23.823886,-39.61441
GABRIELA MARTINS,2024-01-15 22:19:40,113.1,12.0,-23.83139,-39.598836
GABRIELA MARTINS,2024-01-15 22:24:00,117.2,12.0,-23.83819,-39.58499
GABRIELA MARTINS,2024-01-15 22:27:19,116.9,12.2,-23.843418,-39.574205
GABRIELA MARTINS,2024-01-15 22:29:59,119.8,12.1,-23.84765,-39.565473
GABRIELA MARTINS,2024-01-15 22:33:10,121.1,12.2,-23.852638,-39.555255
GABRIELA MARTINS,2024-01-15 22:48:51,116.8,12.3,-23.87835,-39.503891
GABRIELA MARTINS,2024-01-15 22:58:41,116.7,12.4,-23.894625,-39.471483
GABRIELA MARTINS,2024-01-15 23:13:58,119.8,12.4,-23.920103,-39.420983
GABRIELA MARTINS,2024-01-15 23:25:38,119.5,12.4,-23.939456,-39.382481
GABRIELA MARTINS,2024-01-15 23:26:38,119.7,12.5,-23.941145,-39.379246
GABRIELA MARTINS,2024-01-15 23:27:08,119.5,12.4,-23.942038,-39.377561
GABRIELA MARTINS,2024-01-15 23:33:09,116.1,12.3,-23.951866,-39.357731
GABRIELA MARTINS,2024-01-15 23:38:21,116.0,12.3,-23.960415,-39.3407
GABRIELA MARTINS,2024-01-15 23:41:50,119.2,12.3,-23.966068,-39.32926
GABRIELA MARTINS,2024-01-16 00:07:10,116.5,12.3,-24.007836,-39.245865
GABRIELA MARTINS,2024-01-16 00:14:10,119.1,12.3,-24.019356,-39.222751
GABRIELA MARTINS,2024-01-16 00:16:49,115.1,12.3,-24.023536,-39.213918
GABRIELA MARTINS,2024-01-16 00:43:10,115.2,12.3,-24.065613,-39.126106
GABRIELA MARTINS,2024-01-16 00:43:38,111.0,12.3,-24.066241,-39.124506
GABRIELA MARTINS,2024-01-16 00:43:49,111.1,12.3,-24.066496,-39.123876
GABRIELA MARTINS,2024-01-16 00:44:59,115.8,12.3,-24.068163,-39.119873
GABRIELA MARTINS,2024-01-16 00:45:18,114.6,12.4,-24.068635,-39.11881
GABRIELA MARTINS,2024-01-16 00:45:38,116.3,12.4,-24.069151,-39.117693
GABRIELA MARTINS,2024-01-16 00:46:08,118.6,12.4,-24.06997,-39.11596
GABRIELA MARTINS,2024-01-16 00:46:29,117.9,12.3,-24.070498,-39.114843
GABRIELA MARTINS,2024-01-16 00:52:18,115.8,12.3,-24.079418,-39.09523
GABRIELA MARTINS,2024-01-16 01:02:59,117.6,12.2,-24.095121,-39.059125
GABRIELA MARTINS,2024-01-16 01:04:20,116.9,12.2,-24.097171,-39.054746
GABRIELA MARTINS,2024-01-16 01:04:49,116.6,12.2,-24.097925,-39.053015
GABRIELA MARTINS,2024-01-16 01:07:19,117.3,12.2,-24.101395,-39.044613
GABRIELA MARTINS,2024-01-16 02:03:39,113.3,11.8,-24.181296,-38.859906
GABRIELA MARTINS,2024-01-16 02:46:59,113.7,12.0,-24.241678,-38.718275
GABRIELA MARTINS,2024-01-16 02:50:09,112.9,12.0,-24.24619,-38.70787
GABRIELA MARTINS,2024-01-16 02:54:39,114.7,12.1,-24.25232,-38.692758
GABRIELA MARTINS,2024-01-16 02:58:30,116.3,12.1,-24.257836,-38.680068
GABRIELA MARTINS,2024-01-16 03:40:10,115.6,12.3,-24.320836,-38.541325
GABRIELA MARTINS,2024-01-16 03:50:29,115.9,12.3,-24.33672,-38.506761
GABRIELA MARTINS,2024-01-16 03:53:18,115.0,12.3,-24.34107,-38.497295
GABRIELA MARTINS,2024-01-16 03:53:29,113.6,12.2,-24.341368,-38.496621
GABRIELA MARTINS,2024-01-16 03:54:08,117.8,12.2,-24.342325,-38.494511
GABRIELA MARTINS,2024-01-16 03:54:19,117.9,12.3,-24.342633,-38.493846
GABRIELA MARTINS,2024-01-16 03:55:08,117.8,12.3,-24.343931,-38.49113
GABRIELA MARTINS,2024-01-16 03:55:19,116.3,12.3,-24.34421,-38.49052
GABRIELA MARTINS,2024-01-16 03:55:29,115.6,12.3,-24.344463,-38.489965
GABRIELA MARTINS,2024-01-16 03:55:59,117.1,12.3,-24.345215,-38.488293
GABRIELA MARTINS,2024-01-16 03:56:08,117.4,12.3,-24.345441,-38.487785
GABRIELA MARTINS,2024-01-16 03:56:29,116.7,12.3,-24.345961,-38.486605
GABRIELA MARTINS,2024-01-16 03:56:39,116.9,12.3,-24.346201,-38.486045
GABRIELA MARTINS,2024-01-16 03:57:08,113.1,12.3,-24.346896,-38.484413
GABRIELA MARTINS,2024-01-16 03:57:19,113.1,12.3,-24.347168,-38.483791
GABRIELA MARTINS,2024-01-16 03:57:39,113.4,12.3,-24.347665,-38.482661
GABRIELA MARTINS,2024-01-16 03:57:49,115.5,12.3,-24.347933,-38.482096
GABRIELA MARTINS,2024-01-16 03:57:59,118.1,12.3,-24.348196,-38.481546
GABRIELA MARTINS,2024-01-16 03:58:39,120.9,12.3,-24.349246,-38.479405
GABRIELA MARTINS,2024-01-16 03:58:49,119.9,12.4,-24.349553,-38.478801
GABRIELA MARTINS,2024-01-16 03:58:59,121.3,12.4,-24.349805,-38.478315
GABRIELA MARTINS,2024-01-16 04:10:30,120.9,12.4,-24.3689,-38.440458
GABRIELA MARTINS,2024-01-16 04:14:48,120.8,12.3,-24.376131,-38.426216
GABRIELA MARTINS,2024-01-16 04:15:09,119.5,12.4,-24.37672,-38.425081
GABRIELA MARTINS,2024-01-16 04:15:28,117.6,12.3,-24.377258,-38.424051
GABRIELA MARTINS,2024-01-16 04:15:48,117.9,12.3,-24.377833,-38.422971
GABRIELA MARTINS,2024-01-16 04:16:09,118.7,12.3,-24.378433,-38.421835
GABRIELA MARTINS,2024-01-16 04:16:48,119.2,12.3,-24.379536,-38.419718
GABRIELA MARTINS,2024-01-16 04:17:17,120.3,12.3,-24.38037,-38.418146
GABRIELA MARTINS,2024-01-16 04:17:48,121.0,12.4,-24.381238,-38.416453
GABRIELA MARTINS,2024-01-16 04:20:18,119.0,12.4,-24.385245,-38.408125
GABRIELA MARTINS,2024-01-16 04:32:59,119.4,12.4,-24.406708,-38.366711
GABRIELA MARTINS,2024-01-16 04:36:50,117.9,12.3,-24.413215,-38.354228
GABRIELA MARTINS,2024-01-16 04:41:09,117.5,12.3,-24.420578,-38.340216
GABRIELA MARTINS,2024-01-16 04:43:30,118.0,12.3,-24.424586,-38.332571
GABRIELA MARTINS,2024-01-16 04:44:40,118.9,12.3,-24.426556,-38.328681
GABRIELA MARTINS,2024-01-16 04:47:00,119.3,12.4,-24.43037,-38.32103
GABRIELA MARTINS,2024-01-16 05:25:29,117.6,12.3,-24.495708,-38.194743
GABRIELA MARTINS,2024-01-16 05:26:39,118.4,12.4,-24.497693,-38.190853
GABRIELA MARTINS,2024-01-16 05:26:49,119.6,12.4,-24.497971,-38.190305
GABRIELA MARTINS,2024-01-16 05:27:49,116.8,12.3,-24.499636,-38.186968
GABRIELA MARTINS,2024-01-16 05:29:08,122.8,12.3,-24.501851,-38.182731
GABRIELA MARTINS,2024-01-16 05:34:49,121.9,12.4,-24.511338,-38.164103
GABRIELA MARTINS,2024-01-16 05:46:40,118.7,12.4,-24.531266,-38.125063
GABRIELA MARTINS,2024-01-16 07:05:11,114.1,12.3,-24.649435,-37.859891
GABRIELA MARTINS,2024-01-16 07:18:21,112.4,12.1,-24.66854,-37.81552
GABRIELA MARTINS,2024-01-16 07:34:59,114.2,12.2,-24.692945,-37.759618
GABRIELA MARTINS,2024-01-16 07:37:40,117.7,12.3,-24.69671,-37.750486
GABRIELA MARTINS,2024-01-16 08:10:30,113.5,12.4,-24.745386,-37.638513
GABRIELA MARTINS,2024-01-16 08:13:30,115.9,12.4,-24.749973,-37.628228
GABRIELA MARTINS,2024-01-16 09:03:20,113.1,12.2,-24.822108,-37.458978
GABRIELA MARTINS,2024-01-16 09:30:49,113.3,12.3,-24.861553,-37.365856
GABRIELA MARTINS,2024-01-16 09:35:29,114.9,12.2,-24.868351,-37.350038
GABRIELA MARTINS,2024-06-06 15:00:46,279.5,12.8,-24.42395,-37.150431
GABRIELA MARTINS,2024-06-06 15:14:47,283.9,12.8,-24.41291,-37.203981
GABRIELA MARTINS,2024-06-06 15:24:37,285.4,12.7,-24.405068,-37.241323
GABRIELA MARTINS,2024-06-06 15:57:47,282.1,12.7,-24.378705,-37.36653
GABRIELA MARTINS,2024-06-06 16:17:06,282.7,12.6,-24.364451,-37.439636
GABRIELA MARTINS,2024-06-06 16:17:15,280.5,12.6,-24.364373,-37.440208
GABRIELA MARTINS,2024-06-06 16:18:15,279.7,12.6,-24.363703,-37.443998
GABRIELA MARTINS,2024-06-06 16:19:56,287.8,12.6,-24.362438,-37.45034
GABRIELA MARTINS,2024-06-06 16:23:45,277.5,12.8,-24.35969,-37.46472
GABRIELA MARTINS,2024-06-06 17:02:56,272.2,12.4,-24.338095,-37.61326
GABRIELA MARTINS,2024-06-06 17:11:06,280.1,12.7,-24.335345,-37.644356
GABRIELA MARTINS,2024-06-06 17:45:25,283.3,12.2,-24.324238,-37.773871
GABRIELA MARTINS,2024-06-06 18:08:55,275.9,12.3,-24.317046,-37.862081
GABRIELA MARTINS,2024-06-06 18:08:57,275.9,12.3,-24.317046,-37.862081
GABRIELA MARTINS,2024-06-06 18:18:37,273.2,12.2,-24.314315,-37.898256
GABRIELA MARTINS,2024-06-06 18:21:07,273.0,12.1,-24.313771,-37.90729
GABRIELA MARTINS,2024-06-06 18:25:27,277.1,12.4,-24.312503,-37.923293
GABRIELA MARTINS,2024-06-06 18:33:16,277.3,12.5,-24.310063,-37.952581
GABRIELA MARTINS,2024-06-06 18:56:55,274.8,12.5,-24.303195,-38.042363
GABRIELA MARTINS,2024-06-06 19:28:27,274.2,12.7,-24.294658,-38.161441
GABRIELA MARTINS,2024-06-06 19:40:16,268.0,12.5,-24.291238,-38.20653
GABRIELA MARTINS,2024-06-06 20:03:07,274.6,12.6,-24.284378,-38.292765
GABRIELA MARTINS,2024-06-06 20:09:16,278.2,12.6,-24.282675,-38.316346
GABRIELA MARTINS,2024-06-06 21:46:47,291.5,12.9,-24.171703,-38.672176
GABRIELA MARTINS,2024-06-06 21:52:17,289.1,12.8,-24.164045,-38.691935
GABRIELA MARTINS,2024-06-06 22:24:37,290.6,12.9,-24.11982,-38.80728
GABRIELA MARTINS,2024-06-06 22:58:48,288.2,13.0,-24.072851,-38.931198
GABRIELA MARTINS,2024-06-06 23:30:26,290.1,13.2,-24.02713,-39.046996
GABRIELA MARTINS,2024-06-06 23:34:16,294.8,13.4,-24.021583,-39.061346
GABRIELA MARTINS,2024-06-07 00:10:17,295.5,13.3,-23.967981,-39.194338
GABRIELA MARTINS,2024-06-07 00:40:56,298.3,13.1,-23.921975,-39.306953
GABRIELA MARTINS,2024-06-07 00:42:56,292.5,13.1,-23.919065,-39.31424
GABRIELA MARTINS,2024-06-07 00:42:57,292.5,13.1,-23.919065,-39.31424
GABRIELA MARTINS,2024-06-07 00:46:55,295.4,13.0,-23.91327,-39.328826
GABRIELA MARTINS,2024-06-07 00:47:27,296.1,13.0,-23.91254,-39.330718
GABRIELA MARTINS,2024-06-07 01:12:18,292.3,13.2,-23.876458,-39.421351
GABRIELA MARTINS,2024-06-07 01:15:36,293.2,13.0,-23.871696,-39.433476
GABRIELA MARTINS,2024-06-07 01:28:36,293.4,13.2,-23.853376,-39.481216
GABRIELA MARTINS,2024-06-07 01:42:27,294.3,13.3,-23.833028,-39.53202
GABRIELA MARTINS,2024-06-07 01:50:26,291.3,13.2,-23.821145,-39.561503
GABRIELA MARTINS,2024-06-07 02:55:16,293.6,13.1,-23.725341,-39.797251
GABRIELA MARTINS,2024-06-07 03:02:06,295.6,13.2,-23.714858,-39.82199
GABRIELA MARTINS,2024-06-07 03:09:14,294.0,13.3,-23.703915,-39.847983
GABRIELA MARTINS,2024-06-07 03:09:55,297.5,13.3,-23.702845,-39.850495
GABRIELA MARTINS,2024-06-07 03:45:36,292.1,13.3,-23.653946,-39.98597
GABRIELA MARTINS,2024-06-07 04:04:26,288.3,13.4,-23.629956,-40.05779
GABRIELA MARTINS,2024-06-07 04:37:55,288.9,13.6,-23.58505,-40.185063
GABRIELA MARTINS,2024-06-07 04:38:05,288.4,13.6,-23.584813,-40.1857
GABRIELA MARTINS,2024-06-07 04:41:25,291.8,13.8,-23.58006,-40.198478
GABRIELA MARTINS,2024-06-07 04:41:44,293.2,13.7,-23.579573,-40.199753
GABRIELA MARTINS,2024-06-07 04:42:25,292.9,13.6,-23.578623,-40.202311
GABRIELA MARTINS,2024-06-07 04:43:35,291.6,13.7,-23.576956,-40.206873
GABRIELA MARTINS,2024-06-07 04:44:35,291.6,13.7,-23.575593,-40.210681
GABRIELA MARTINS,2024-06-07 04:45:04,291.4,13.8,-23.574888,-40.212628
GABRIELA MARTINS,2024-06-07 05:36:36,292.7,13.9,-23.499093,-40.40984
GABRIELA MARTINS,2024-06-07 05:51:31,291.1,13.8,-23.477403,-40.467573
GABRIELA MARTINS,2024-06-07 06:27:22,294.6,13.7,-23.420908,-40.603616
GABRIELA MARTINS,2024-06-07 06:41:52,297.2,13.5,-23.396813,-40.657391
GABRIELA MARTINS,2024-06-07 07:31:22,291.5,13.2,-23.320296,-40.836558
GABRIELA MARTINS,2024-06-07 07:34:41,293.3,13.1,-23.315591,-40.848616
GABRIELA MARTINS,2024-06-07 08:27:23,295.5,13.6,-23.237156,-41.042786
GABRIELA MARTINS,2024-06-07 09:17:33,260.8,13.7,-23.196136,-41.23704
GABRIELA MARTINS,2024-06-07 09:19:43,262.7,13.7,-23.197156,-41.24585
GABRIELA MARTINS,2024-06-07 09:20:53,258.8,13.7,-23.197838,-41.250676
GABRIELA MARTINS,2024-06-07 09:59:03,256.6,13.3,-23.224828,-41.404618
GABRIELA MARTINS,2024-06-07 10:01:33,258.2,13.3,-23.226983,-41.414571
GABRIELA MARTINS,2024-06-07 11:01:23,256.3,12.8,-23.281131,-41.641071
GABRIELA MARTINS,2024-06-07 11:09:22,251.0,12.9,-23.289676,-41.670675
GABRIELA MARTINS,2024-06-07 11:16:33,249.2,12.9,-23.297311,-41.697565
GABRIELA MARTINS,2024-06-07 11:16:51,253.9,12.9,-23.297626,-41.698681
GABRIELA MARTINS,2024-06-07 11:20:23,254.6,13.1,-23.301353,-41.711961
GABRIELA MARTINS,2024-06-07 11:22:31,252.2,13.1,-23.303395,-41.720098
GABRIELA MARTINS,2024-06-07 11:49:01,253.1,13.7,-23.33093,-41.822963
GABRIELA MARTINS,2024-06-07 12:16:13,249.7,13.5,-23.35713,-41.931548
GABRIELA MARTINS,2024-06-07 13:29:25,256.9,13.9,-23.428561,-42.225351
GABRIELA MARTINS,2024-06-07 14:20:41,255.7,13.9,-23.471703,-42.436023
GABRIELA MARTINS,2024-06-07 15:45:58,257.7,13.9,-23.54408,-42.783936
GABRIELA MARTINS,2024-06-07 16:33:05,254.5,13.7,-23.587703,-42.975046
GABRIELA MARTINS,2024-06-07 16:34:54,254.6,13.7,-23.589521,-42.982505
GABRIELA MARTINS,2024-06-07 17:16:17,253.0,13.5,-23.630401,-43.146223
GABRIELA MARTINS,2024-06-07 17:59:46,255.7,13.6,-23.67276,-43.319255
GABRIELA MARTINS,2024-06-07 18:23:06,256.2,13.7,-23.69479,-43.412426
GABRIELA MARTINS,2024-06-07 18:40:45,258.5,13.8,-23.7113,-43.483558
GABRIELA MARTINS,2024-06-07 19:46:07,257.1,13.4,-23.77261,-43.74273
GABRIELA MARTINS,2024-06-07 20:12:27,256.2,13.3,-23.796158,-43.845315
GABRIELA MARTINS,2024-06-07 20:41:16,259.5,13.2,-23.819158,-43.958738
GABRIELA MARTINS,2024-06-07 20:47:16,256.3,13.1,-23.8239,-43.982096
GABRIELA MARTINS,2024-06-07 21:54:56,249.3,13.1,-23.870565,-44.247708
GABRIELA MARTINS,2024-06-07 22:25:36,252.3,13.2,-23.907048,-44.363681
GABRIELA MARTINS,2024-06-07 22:29:47,254.2,13.2,-23.911098,-44.379888
GABRIELA MARTINS,2024-06-07 22:32:06,257.7,13.1,-23.913273,-44.388738
GABRIELA MARTINS,2024-06-07 22:47:55,254.3,13.3,-23.92852,-44.450053
GABRIELA MARTINS,2024-06-07 23:09:17,256.7,13.5,-23.947233,-44.534196
GABRIELA MARTINS,2024-06-07 23:39:36,256.5,13.4,-23.972466,-44.654888
GABRIELA MARTINS,2024-06-08 00:12:46,256.4,13.5,-24.001245,-44.786766
GABRIELA MARTINS,2024-06-08 00:17:47,256.1,13.4,-24.005688,-44.80668
GABRIELA MARTINS,2024-06-08 00:51:56,256.3,13.5,-24.035325,-44.94243
GABRIELA MARTINS,2024-06-08 01:09:25,258.8,13.2,-24.049258,-45.011746
GABRIELA MARTINS,2024-06-08 01:11:06,255.8,13.2,-24.050625,-45.018405
GABRIELA MARTINS,2024-06-08 01:12:06,256.9,13.3,-24.051435,-45.022263
GABRIELA MARTINS,2024-06-08 01:12:25,256.0,13.3,-24.051706,-45.023566
GABRIELA MARTINS,2024-06-08 02:11:44,273.9,13.4,-24.071506,-45.25966
GABRIELA MARTINS,2024-06-08 03:37:46,341.1,7.3,-23.986766,-45.545756
GABRIELA MARTINS,2024-06-08 04:58:55,349.3,0.3,-23.937408,-45.567158
GABRIELA MARTINS,2024-06-08 05:00:15,321.1,0.4,-23.93729,-45.56722
GABRIELA MARTINS,2024-06-08 05:01:55,319.2,0.4,-23.937113,-45.567306
GABRIELA MARTINS,2024-06-08 07:32:05,84.3,0.3,-23.93855,-45.575846
GABRIELA MARTINS,2024-06-08 08:15:35,81.1,2.7,-23.93731,-45.572775
GABRIELA MARTINS,2024-06-08 10:01:56,49.3,6.5,-23.82173,-45.395541
GABRIELA MARTINS,2024-06-08 11:05:07,15.4,0.3,-23.75396,-45.357028
GABRIELA MARTINS,2024-06-08 11:29:15,7.1,0.4,-23.752398,-45.360561
GABRIELA MARTINS,2024-06-08 12:29:14,5.5,0.1,-23.751558,-45.360008
GABRIELA MARTINS,2024-06-08 16:59:25,271.2,0.0,-23.751526,-45.360211
GABRIELA MARTINS,2024-06-08 18:30:43,265.6,0.0,-23.751473,-45.360458
GABRIELA MARTINS,2024-06-08 19:17:45,0.3,0.0,-23.751465,-45.360315
GABRIELA MARTINS,2024-06-08 19:24:55,279.6,0.0,-23.751458,-45.360276
GABRIELA MARTINS,2024-06-08 20:47:05,223.7,0.0,-23.75158,-45.360265
GABRIELA MARTINS,2024-06-08 21:44:56,70.4,0.0,-23.751525,-45.360321
GABRIELA MARTINS,2024-06-08 22:38:47,168.4,0.1,-23.751673,-45.360186
GABRIELA MARTINS,2024-06-08 23:15:16,176.1,0.0,-23.75181,-45.360041
GABRIELA MARTINS,2024-06-09 00:14:04,235.9,0.0,-23.751553,-45.360051
GABRIELA MARTINS,2024-06-09 00:30:14,141.9,0.0,-23.75153,-45.360038
GABRIELA MARTINS,2024-06-09 00:59:05,125.6,0.0,-23.751701,-45.359943
GABRIELA MARTINS,2024-06-09 00:59:15,113.4,0.0,-23.751701,-45.35993
GABRIELA MARTINS,2024-06-09 00:59:25,149.5,0.0,-23.751691,-45.359926
GABRIELA MARTINS,2024-06-09 01:00:05,127.8,0.0,-23.751695,-45.359951
GABRIELA MARTINS,2024-06-09 01:00:25,120.6,0.0,-23.751701,-45.359948
GABRIELA MARTINS,2024-06-09 01:00:46,119.2,0.0,-23.751705,-45.359946
GABRIELA MARTINS,2024-06-09 01:01:05,122.9,0.0,-23.75169,-45.359923
GABRIELA MARTINS,2024-06-09 01:03:25,119.8,0.0,-23.75173,-45.359951
GABRIELA MARTINS,2024-06-09 02:46:16,235.8,0.0,-23.751501,-45.360013
GABRIELA MARTINS,2024-06-09 04:42:27,32.3,0.0,-23.751471,-45.360131
GABRIELA MARTINS,2024-06-09 05:12:45,198.7,0.0,-23.751496,-45.360158
GABRIELA MARTINS,2024-06-09 05:12:55,198.7,0.0,-23.751501,-45.360158
GABRIELA MARTINS,2024-06-09 05:13:15,198.7,0.0,-23.751508,-45.360163
GABRIELA MARTINS,2024-06-09 05:13:35,198.7,0.1,-23.751511,-45.360166
GABRIELA MARTINS,2024-06-09 05:13:45,198.7,0.1,-23.751513,-45.360168
GABRIELA MARTINS,2024-06-09 05:13:55,198.7,0.0,-23.751515,-45.36017
GABRIELA MARTINS,2024-06-09 05:16:44,240.5,0.0,-23.751578,-45.360228
GABRIELA MARTINS,2024-06-09 05:17:26,240.5,0.0,-23.751578,-45.360225
GABRIELA MARTINS,2024-06-09 05:35:27,137.8,0.0,-23.751471,-45.360143
GABRIELA MARTINS,2024-06-09 08:24:56,78.9,0.0,-23.751501,-45.360093
GABRIELA MARTINS,2024-06-09 09:39:56,219.5,0.0,-23.751486,-45.360085
GABRIELA MARTINS,2024-06-09 10:16:24,256.1,0.0,-23.751493,-45.360013
GABRIELA MARTINS,2024-06-09 17:52:09,323.1,0.0,-23.751668,-45.360453
GABRIELA MARTINS,2024-06-10 02:37:09,231.9,0.1,-23.754648,-45.359101
GABRIELA MARTINS,2024-06-10 08:04:09,221.0,0.0,-23.755865,-45.361098
GABRIELA MARTINS,2024-06-10 14:49:09,32.5,0.0,-23.755993,-45.360738
GABRIELA MARTINS,2024-06-10 16:58:09,253.2,0.0,-23.755818,-45.36094
GABRIELA MARTINS,2024-06-11 04:25:09,8.5,0.0,-23.756328,-45.360641
GABRIELA MARTINS,2024-06-11 05:49:08,229.3,0.0,-23.756323,-45.360805
GABRIELA MARTINS,2024-06-11 07:04:09,254.9,0.0,-23.756178,-45.360631
GABRIELA MARTINS,2024-06-11 07:07:08,260.9,0.0,-23.756215,-45.36066
GABRIELA MARTINS,2024-06-11 14:28:08,63.1,0.0,-23.756076,-45.361731
GABRIELA MARTINS,2024-06-12 01:50:50,172.1,3.4,-23.755431,-45.360756
GABRIELA MARTINS,2024-06-12 01:53:50,181.2,3.9,-23.758536,-45.360598
GABRIELA MARTINS,2024-06-12 01:54:50,180.5,4.1,-23.759676,-45.360608
GABRIELA MARTINS,2024-06-12 02:23:31,219.7,3.0,-23.797233,-45.379761
GABRIELA MARTINS,2024-06-14 23:11:21,141.1,0.0,-23.801116,-45.384221
GABRIELA MARTINS,2024-06-15 02:49:28,214.0,8.0,-23.811668,-45.385958
GABRIELA MARTINS,2024-06-15 03:40:20,182.2,12.8,-23.927381,-45.49261
GABRIELA MARTINS,2024-06-15 03:40:38,182.6,12.9,-23.928425,-45.492665
GABRIELA MARTINS,2024-06-15 03:41:59,181.5,13.1,-23.933353,-45.492906
GABRIELA MARTINS,2024-06-15 03:42:28,182.4,13.1,-23.93514,-45.49298
GABRIELA MARTINS,2024-06-15 03:43:49,181.3,13.1,-23.940013,-45.493166
GABRIELA MARTINS,2024-06-15 03:43:59,181.5,13.1,-23.94062,-45.493181
GABRIELA MARTINS,2024-06-15 03:44:08,181.6,13.2,-23.941168,-45.493196
GABRIELA MARTINS,2024-06-15 03:44:39,181.5,13.2,-23.943061,-45.493253
GABRIELA MARTINS,2024-06-15 03:44:49,181.9,13.2,-23.943731,-45.493271
GABRIELA MARTINS,2024-06-15 03:45:28,181.9,13.3,-23.946115,-45.493341
GABRIELA MARTINS,2024-06-15 05:13:50,81.6,13.2,-24.085781,-45.228421
GABRIELA MARTINS,2024-06-15 05:14:50,75.2,13.2,-24.085006,-45.224558
GABRIELA MARTINS,2024-06-15 05:14:59,74.6,13.1,-24.084856,-45.223983
GABRIELA MARTINS,2024-06-15 05:16:50,72.5,13.2,-24.08284,-45.216951
GABRIELA MARTINS,2024-06-15 05:17:40,71.7,13.2,-24.081885,-45.21377
GABRIELA MARTINS,2024-06-15 05:28:50,65.8,13.4,-24.068421,-45.171421
GABRIELA MARTINS,2024-06-15 05:31:10,66.5,13.3,-24.064881,-45.162851
GABRIELA MARTINS,2024-06-15 06:02:49,63.8,13.2,-24.015258,-45.046683
GABRIELA MARTINS,2024-06-15 06:35:51,66.1,13.9,-23.956493,-44.928005
GABRIELA MARTINS,2024-06-15 06:42:16,66.1,14.0,-23.946406,-44.903153
GABRIELA MARTINS,2024-06-15 07:05:04,60.3,14.1,-23.905901,-44.816413
GABRIELA MARTINS,2024-06-15 07:09:04,60.9,14.1,-23.898168,-44.801566
GABRIELA MARTINS,2024-06-15 07:11:29,60.1,14.1,-23.893505,-44.792593
GABRIELA MARTINS,2024-06-15 07:17:05,60.0,14.1,-23.882725,-44.771835
GABRIELA MARTINS,2024-06-15 07:22:47,61.4,14.0,-23.871766,-44.750706
GABRIELA MARTINS,2024-06-15 07:42:49,60.5,13.9,-23.83375,-44.677143
GABRIELA MARTINS,2024-06-15 08:23:52,64.1,13.8,-23.762876,-44.52294
GABRIELA MARTINS,2024-06-15 09:08:01,67.6,13.8,-23.694353,-44.354485
GABRIELA MARTINS,2024-06-15 10:47:41,55.8,13.6,-23.538953,-43.985116
GABRIELA MARTINS,2024-06-15 11:09:12,60.9,13.6,-23.495355,-43.910743
GABRIELA MARTINS,2024-06-15 11:32:41,71.1,13.8,-23.455041,-43.823931
GABRIELA MARTINS,2024-06-15 11:47:40,70.8,13.9,-23.436558,-43.764581
GABRIELA MARTINS,2024-06-15 11:56:25,71.9,14.0,-23.425966,-43.72972
GABRIELA MARTINS,2024-06-15 11:56:37,71.7,13.9,-23.425755,-43.729005
GABRIELA MARTINS,2024-06-15 11:58:07,71.2,14.0,-23.423911,-43.722881
GABRIELA MARTINS,2024-06-15 11:59:43,71.0,14.0,-23.42198,-43.716511
GABRIELA MARTINS,2024-06-15 12:01:37,70.7,14.0,-23.419568,-43.708911
GABRIELA MARTINS,2024-06-15 12:02:08,71.8,14.0,-23.418946,-43.706821
GABRIELA MARTINS,2024-06-15 12:07:38,67.8,13.9,-23.412216,-43.684743
GABRIELA MARTINS,2024-06-15 12:10:08,60.8,13.9,-23.407848,-43.67537
GABRIELA MARTINS,2024-06-15 12:15:19,57.0,14.0,-23.397505,-43.656686
GABRIELA MARTINS,2024-06-15 12:30:44,57.1,14.0,-23.36487,-43.601831
GABRIELA MARTINS,2024-06-15 12:55:18,77.4,14.3,-23.335125,-43.503695
GABRIELA MARTINS,2024-06-15 13:06:18,78.0,14.3,-23.325663,-43.45728
GABRIELA MARTINS,2024-06-15 13:31:42,78.1,14.0,-23.304098,-43.351033
GABRIELA MARTINS,2024-06-15 14:15:47,70.0,12.3,-23.270846,-43.195678
GABRIELA MARTINS,2024-06-15 14:17:57,70.7,12.3,-23.268415,-43.18812
GABRIELA MARTINS,2024-06-15 14:26:07,72.2,11.0,-23.259668,-43.160631
GABRIELA MARTINS,2024-06-15 14:39:59,109.9,5.1,-23.248411,-43.121121
GABRIELA MARTINS,2024-06-15 16:17:16,227.7,0.7,-23.271508,-43.138558
GABRIELA MARTINS,2024-06-15 16:21:48,219.6,0.7,-23.272081,-43.139183
GABRIELA MARTINS,2024-06-15 16:56:07,202.4,0.6,-23.276906,-43.143876
GABRIELA MARTINS,2024-06-15 17:06:26,214.4,0.7,-23.278371,-43.145115
GABRIELA MARTINS,2024-06-15 17:06:45,212.9,0.7,-23.278415,-43.145168
GABRIELA MARTINS,2024-06-15 17:07:45,188.3,0.6,-23.27857,-43.145261
GABRIELA MARTINS,2024-06-15 17:10:25,219.7,0.7,-23.278948,-43.145625
GABRIELA MARTINS,2024-06-15 17:10:45,235.3,0.6,-23.279021,-43.145646
GABRIELA MARTINS,2024-06-15 17:13:05,218.4,0.7,-23.279328,-43.145965
GABRIELA MARTINS,2024-06-15 17:15:45,225.3,0.6,-23.279733,-43.146303
GABRIELA MARTINS,2024-06-15 17:16:05,228.5,0.6,-23.27978,-43.146356
GABRIELA MARTINS,2024-06-15 18:10:06,237.4,0.7,-23.287913,-43.153433
GABRIELA MARTINS,2024-06-15 18:14:37,212.7,0.6,-23.28862,-43.153965
GABRIELA MARTINS,2024-06-15 18:20:17,238.8,0.6,-23.289403,-43.15473
GABRIELA MARTINS,2024-06-15 18:23:17,219.6,0.8,-23.28991,-43.155118
GABRIELA MARTINS,2024-06-15 18:36:17,227.5,0.7,-23.291681,-43.156791
GABRIELA MARTINS,2024-06-15 18:42:17,208.8,0.7,-23.292543,-43.157541
GABRIELA MARTINS,2024-06-15 18:47:26,231.1,0.7,-23.293371,-43.15816
GABRIELA MARTINS,2024-06-15 18:51:26,208.1,0.6,-23.293936,-43.158651
GABRIELA MARTINS,2024-06-15 19:11:17,219.9,0.6,-23.296978,-43.161321
GABRIELA MARTINS,2024-06-15 19:12:27,201.6,0.7,-23.29718,-43.16148
GABRIELA MARTINS,2024-06-15 19:15:57,222.4,0.7,-23.297765,-43.161928
GABRIELA MARTINS,2024-06-15 20:52:46,213.9,0.8,-23.310171,-43.172696
GABRIELA MARTINS,2024-06-15 20:54:07,222.0,0.5,-23.310311,-43.172828
GABRIELA MARTINS,2024-06-15 21:00:56,232.2,0.4,-23.310983,-43.173688
GABRIELA MARTINS,2024-06-15 21:34:36,234.9,0.6,-23.314413,-43.178225
GABRIELA MARTINS,2024-06-15 21:36:46,194.5,0.5,-23.314618,-43.178508
GABRIELA MARTINS,2024-06-15 23:14:57,234.2,0.5,-23.321996,-43.189743
GABRIELA MARTINS,2024-06-15 23:33:16,242.7,0.5,-23.323425,-43.191968
GABRIELA MARTINS,2024-06-15 23:40:55,216.8,0.4,-23.324051,-43.192883
GABRIELA MARTINS,2024-06-15 23:45:06,235.0,0.5,-23.324311,-43.193426
GABRIELA MARTINS,2024-06-16 00:09:23,292.0,4.5,-23.33022,-43.200841
GABRIELA MARTINS,2024-06-16 00:16:17,11.6,10.1,-23.317171,-43.202056
GABRIELA MARTINS,2024-06-16 00:56:18,2.8,12.5,-23.180745,-43.179926
GABRIELA MARTINS,2024-06-16 01:14:57,3.5,12.2,-23.115888,-43.175906
GABRIELA MARTINS,2024-06-16 01:24:26,7.9,10.7,-23.086663,-43.172101
GABRIELA MARTINS,2024-06-16 03:52:27,303.6,0.0,-23.03038,-43.142426
GABRIELA MARTINS,2024-06-16 03:56:56,322.9,0.1,-23.030295,-43.142453
GABRIELA MARTINS,2024-06-16 05:06:47,133.1,0.2,-23.030318,-43.142305
GABRIELA MARTINS,2024-06-16 05:27:55,311.0,0.1,-23.030551,-43.142273
GABRIELA MARTINS,2024-06-16 05:28:55,310.9,0.0,-23.030531,-43.14227
GABRIELA MARTINS,2024-06-16 05:29:45,320.2,0.0,-23.030495,-43.142286
GABRIELA MARTINS,2024-06-16 05:29:55,325.7,0.0,-23.030481,-43.14229
GABRIELA MARTINS,2024-06-16 05:32:34,114.0,0.2,-23.030448,-43.142195
GABRIELA MARTINS,2024-06-16 05:39:07,34.4,0.2,-23.030598,-43.141971
GABRIELA MARTINS,2024-06-16 06:13:46,83.8,0.1,-23.03069,-43.141878
GABRIELA MARTINS,2024-06-16 06:43:55,148.6,0.1,-23.03074,-43.141705
GABRIELA MARTINS,2024-06-16 09:48:55,154.8,0.1,-23.030728,-43.141926
GABRIELA MARTINS,2024-06-16 15:03:55,298.2,0.1,-23.030616,-43.141928
GABRIELA MARTINS,2024-06-16 17:27:52,321.8,0.1,-23.030313,-43.142165
GABRIELA MARTINS,2024-06-16 17:51:55,342.9,0.2,-23.029541,-43.142948
GABRIELA MARTINS,2024-06-16 23:39:54,73.8,0.1,-23.027985,-43.14301
GABRIELA MARTINS,2024-06-17 00:42:54,67.0,0.1,-23.028098,-43.14303
GABRIELA MARTINS,2024-06-17 00:45:54,191.1,0.0,-23.028103,-43.142981
GABRIELA MARTINS,2024-06-17 01:12:54,200.5,0.1,-23.028098,-43.143095
GABRIELA MARTINS,2024-06-17 05:51:55,146.8,0.0,-23.030311,-43.1423
GABRIELA MARTINS,2024-06-17 09:42:55,54.8,0.1,-23.030961,-43.140995
GABRIELA MARTINS,2024-06-17 15:12:07,358.4,0.2,-23.029888,-43.140378
GABRIELA MARTINS,2024-06-17 15:44:48,0.1,4.5,-22.984233,-43.13888
GABRIELA MARTINS,2024-06-17 16:06:16,357.8,10.3,-22.948215,-43.139106
GABRIELA MARTINS,2024-06-17 16:08:34,357.7,11.2,-22.941238,-43.139333
GABRIELA MARTINS,2024-06-17 16:08:45,357.7,11.3,-22.940716,-43.139355
GABRIELA MARTINS,2024-06-17 16:10:45,357.3,11.5,-22.93433,-43.139583
GABRIELA MARTINS,2024-06-17 16:11:54,351.4,11.7,-22.930631,-43.140031
GABRIELA MARTINS,2024-06-17 16:12:54,350.5,11.8,-22.92733,-43.140578
GABRIELA MARTINS,2024-06-17 16:20:28,341.0,10.9,-22.903941,-43.147538
GABRIELA MARTINS,2024-06-17 17:18:20,171.2,0.6,-22.822993,-43.135943
GABRIELA MARTINS,2024-06-17 17:19:29,161.6,0.7,-22.82342,-43.135826
GABRIELA MARTINS,2024-06-17 17:19:40,161.8,0.7,-22.823478,-43.135808
GABRIELA MARTINS,2024-06-17 17:20:39,167.1,0.6,-22.823786,-43.135735
GABRIELA MARTINS,2024-06-17 17:23:00,168.9,0.5,-22.824188,-43.135616
GABRIELA MARTINS,2024-06-17 17:35:56,229.0,0.1,-22.824245,-43.13492
GABRIELA MARTINS,2024-06-18 00:12:55,77.9,0.1,-22.82071,-43.135448
GABRIELA MARTINS,2024-06-18 00:27:54,66.5,0.0,-22.820525,-43.134998
GABRIELA MARTINS,2024-06-18 04:27:53,128.3,0.0,-22.82403,-43.135581
GABRIELA MARTINS,2024-06-18 09:39:54,0.2,0.0,-22.824256,-43.135053
GABRIELA MARTINS,2024-06-18 10:21:55,354.8,0.0,-22.824141,-43.135275
GABRIELA MARTINS,2024-06-18 11:42:54,39.1,0.1,-22.821235,-43.13619
GABRIELA MARTINS,2024-06-18 17:00:54,216.9,0.0,-22.823376,-43.132843
GABRIELA MARTINS,2024-06-18 20:18:55,41.8,0.0,-22.824226,-43.134688
GABRIELA MARTINS,2024-06-19 05:36:54,284.8,0.0,-22.824413,-43.134565
GABRIELA MARTINS,2024-06-22 17:12:43,302.9,0.0,-22.819166,-43.153125
GABRIELA MARTINS,2024-06-22 21:49:35,50.4,0.0,-22.81918,-43.153135
GABRIELA MARTINS,2024-06-23 16:01:31,329.2,0.1,-22.809515,-43.137098
GABRIELA MARTINS,2024-06-23 22:40:31,354.4,0.0,-22.813365,-43.138166
GABRIELA MARTINS,2024-06-24 10:46:31,77.9,0.0,-22.81412,-43.137968
GABRIELA MARTINS,2024-06-24 11:04:30,197.4,0.0,-22.814083,-43.137958
GABRIELA MARTINS,2024-06-24 16:10:31,77.0,0.0,-22.80983,-43.137341
GABRIELA MARTINS,2024-06-24 21:22:30,130.6,0.0,-22.813368,-43.139133
GABRIELA MARTINS,2024-06-25 01:10:31,70.5,0.0,-22.813823,-43.138235
GABRIELA MARTINS,2024-06-25 04:46:30,120.4,0.1,-22.810121,-43.135156
GABRIELA MARTINS,2024-06-25 13:37:31,165.7,0.0,-22.813425,-43.137938
GABRIELA MARTINS,2024-06-25 16:19:31,6.2,0.2,-22.810606,-43.13895
GABRIELA MARTINS,2024-06-25 17:04:31,116.0,0.1,-22.80927,-43.136981
GABRIELA MARTINS,2024-06-25 17:28:31,308.1,0.0,-22.809266,-43.13667
GABRIELA MARTINS,2024-06-26 02:07:31,199.0,0.1,-22.810928,-43.138906
GABRIELA MARTINS,2024-06-26 08:22:30,272.2,0.0,-22.809698,-43.137306
GABRIELA MARTINS,2024-06-26 16:01:31,34.2,0.0,-22.813323,-43.138066
GABRIELA MARTINS,2024-06-26 16:58:30,328.7,0.0,-22.812876,-43.137851
GABRIELA MARTINS,2024-06-26 20:19:31,40.1,0.0,-22.80957,-43.13596
GABRIELA MARTINS,2024-06-26 23:58:30,46.5,0.0,-22.813163,-43.137803
GABRIELA MARTINS,2024-06-27 01:37:30,266.9,0.0,-22.813298,-43.137071
GABRIELA MARTINS,2024-06-27 06:22:31,341.4,0.1,-22.81075,-43.134901
GABRIELA MARTINS,2024-06-27 23:46:30,187.6,0.0,-22.811568,-43.138926
GABRIELA MARTINS,2024-06-28 01:25:31,56.0,0.0,-22.809285,-43.137528
GABRIELA MARTINS,2024-06-28 03:41:04,251.6,0.0,-22.820721,-43.152521
GABRIELA MARTINS,2024-06-29 13:29:53,181.0,10.8,-22.869981,-43.154661
GABRIELA MARTINS,2024-06-29 14:06:06,183.0,8.8,-22.972671,-43.159276
GABRIELA MARTINS,2024-06-29 14:08:42,144.0,8.2,-22.978241,-43.156925
GABRIELA MARTINS,2024-06-29 14:40:51,123.7,11.6,-23.034615,-43.081016
GABRIELA MARTINS,2024-06-29 14:43:01,123.0,11.8,-23.038476,-43.074596
GABRIELA MARTINS,2024-06-29 15:14:42,121.6,13.2,-23.098175,-42.972791
GABRIELA MARTINS,2024-06-29 15:18:22,126.4,13.4,-23.106041,-42.960895
GABRIELA MARTINS,2024-06-29 15:53:32,84.6,12.5,-23.162771,-42.840165
GABRIELA MARTINS,2024-06-29 15:57:52,79.4,13.2,-23.160761,-42.794958
GABRIELA MARTINS,2024-06-29 16:00:52,83.7,13.3,-23.159333,-42.783085
GABRIELA MARTINS,2024-06-29 16:01:42,83.9,13.4,-23.158976,-42.779751
GABRIELA MARTINS,2024-06-29 16:03:33,82.9,13.4,-23.158076,-42.77236
GABRIELA MARTINS,2024-06-29 16:59:56,82.1,13.9,-23.145731,-42.568721
GABRIELA MARTINS,2024-06-29 17:04:08,84.7,13.9,-23.144198,-42.551171
GABRIELA MARTINS,2024-06-29 17:21:39,69.0,12.9,-23.130856,-42.481585
GABRIELA MARTINS,2024-06-29 19:01:49,85.1,13.8,-23.108191,-42.068561
GABRIELA MARTINS,2024-06-29 19:06:48,83.8,13.7,-23.107033,-42.047856
GABRIELA MARTINS,2024-06-29 20:02:28,51.5,13.0,-23.025986,-41.85497
GABRIELA MARTINS,2024-06-29 23:20:58,52.2,13.1,-22.589651,-41.255301
GABRIELA MARTINS,2024-06-29 23:43:16,50.8,13.1,-22.541293,-41.184718
GABRIELA MARTINS,2024-06-29 23:44:08,51.7,13.0,-22.539421,-41.182101
GABRIELA MARTINS,2024-06-29 23:44:47,50.9,13.1,-22.537926,-41.180036
GABRIELA MARTINS,2024-06-29 23:49:27,53.0,13.0,-22.527628,-41.165623
GABRIELA MARTINS,2024-06-29 23:49:37,51.4,13.1,-22.52722,-41.165063
GABRIELA MARTINS,2024-06-29 23:50:08,52.4,13.0,-22.526085,-41.163451
GABRIELA MARTINS,2024-06-29 23:51:08,51.9,13.1,-22.5239,-41.16039
GABRIELA MARTINS,2024-06-29 23:55:47,52.9,13.0,-22.513568,-41.145955
GABRIELA MARTINS,2024-06-30 00:28:28,52.7,13.0,-22.440728,-41.045298
GABRIELA MARTINS,2024-06-30 01:06:47,65.4,12.6,-22.366665,-40.922423
GABRIELA MARTINS,2024-06-30 01:09:08,62.8,12.6,-22.363133,-40.914343
GABRIELA MARTINS,2024-06-30 01:11:47,61.1,12.6,-22.359008,-40.905476
GABRIELA MARTINS,2024-06-30 01:44:49,47.2,12.6,-22.287256,-40.807778
GABRIELA MARTINS,2024-06-30 03:53:56,52.7,12.6,-22.00104,-40.432761
GABRIELA MARTINS,2024-06-30 04:24:06,53.8,12.9,-21.938171,-40.339963
GABRIELA MARTINS,2024-06-30 04:24:36,54.3,12.9,-21.937125,-40.338405
GABRIELA MARTINS,2024-06-30 04:26:06,54.1,12.9,-21.934063,-40.333831
GABRIELA MARTINS,2024-06-30 04:26:16,55.0,12.8,-21.933655,-40.333185
GABRIELA MARTINS,2024-06-30 04:27:06,54.8,12.9,-21.931908,-40.330611
GABRIELA MARTINS,2024-06-30 04:27:37,53.4,12.9,-21.930838,-40.329016
GABRIELA MARTINS,2024-06-30 04:27:45,54.5,12.8,-21.93056,-40.328578
GABRIELA MARTINS,2024-06-30 04:27:56,53.9,12.9,-21.930171,-40.327998
GABRIELA MARTINS,2024-06-30 04:28:16,54.2,12.9,-21.929446,-40.326946
GABRIELA MARTINS,2024-06-30 04:28:56,53.6,12.9,-21.928075,-40.324901
GABRIELA MARTINS,2024-06-30 04:29:06,53.4,12.9,-21.927718,-40.324386
GABRIELA MARTINS,2024-06-30 04:29:56,53.2,12.9,-21.925921,-40.321793
GABRIELA MARTINS,2024-06-30 04:30:16,53.8,12.9,-21.92518,-40.320703
GABRIELA MARTINS,2024-06-30 04:30:27,54.0,12.8,-21.924828,-40.320175
GABRIELA MARTINS,2024-06-30 04:30:45,53.4,12.9,-21.924203,-40.319265
GABRIELA MARTINS,2024-06-30 04:30:56,52.0,12.9,-21.923796,-40.31871
GABRIELA MARTINS,2024-06-30 04:32:16,47.5,12.9,-21.92066,-40.314745
GABRIELA MARTINS,2024-06-30 04:34:35,48.9,12.9,-21.915203,-40.308206
GABRIELA MARTINS,2024-06-30 04:40:48,59.0,12.8,-21.90144,-40.289723
GABRIELA MARTINS,2024-06-30 04:57:57,49.2,12.7,-21.867801,-40.234913
GABRIELA MARTINS,2024-06-30 06:07:09,50.7,12.8,-21.716896,-40.024483
GABRIELA MARTINS,2024-06-30 06:23:58,49.7,12.7,-21.67834,-39.975298
GABRIELA MARTINS,2024-06-30 07:15:08,52.0,12.5,-21.564746,-39.825538
GABRIELA MARTINS,2024-06-30 07:18:28,52.5,12.5,-21.557506,-39.815706
GABRIELA MARTINS,2024-06-30 07:23:18,51.8,12.6,-21.546991,-39.801545
GABRIELA MARTINS,2024-06-30 07:53:28,51.1,12.7,-21.48039,-39.713371
GABRIELA MARTINS,2024-06-30 07:56:59,51.3,12.6,-21.472578,-39.703186
GABRIELA MARTINS,2024-06-30 08:40:17,50.3,12.8,-21.375065,-39.577366
GABRIELA MARTINS,2024-06-30 09:18:48,53.9,13.2,-21.288131,-39.461448
GABRIELA MARTINS,2024-06-30 09:54:38,56.4,12.8,-21.216951,-39.345728
GABRIELA MARTINS,2024-06-30 10:26:17,27.0,13.0,-21.126571,-39.281951
GABRIELA MARTINS,2024-06-30 10:30:16,26.1,13.1,-21.113568,-39.275125
GABRIELA MARTINS,2024-06-30 10:58:49,28.5,12.9,-21.022201,-39.22464
GABRIELA MARTINS,2024-06-30 11:37:07,26.3,13.1,-20.898915,-39.157438
GABRIELA MARTINS,2024-06-30 11:48:47,26.0,13.2,-20.86078,-39.136938
GABRIELA MARTINS,2024-06-30 11:48:57,27.8,13.1,-20.860178,-39.136608
GABRIELA MARTINS,2024-06-30 11:51:17,26.2,13.2,-20.852608,-39.132588
GABRIELA MARTINS,2024-06-30 11:52:17,27.0,13.2,-20.849241,-39.130806
GABRIELA MARTINS,2024-06-30 11:53:17,25.6,13.2,-20.846001,-39.129103
GABRIELA MARTINS,2024-06-30 14:21:36,28.2,13.4,-20.353501,-38.867146
GABRIELA MARTINS,2024-06-30 14:54:28,26.5,13.7,-20.242181,-38.806791
GABRIELA MARTINS,2024-06-30 15:30:38,25.6,13.9,-20.118186,-38.741723
GABRIELA MARTINS,2024-06-30 16:02:48,26.5,13.7,-20.007615,-38.683776
GABRIELA MARTINS,2024-06-30 16:04:56,26.8,13.6,-20.000338,-38.679883
GABRIELA MARTINS,2024-06-30 16:07:56,27.2,13.6,-19.9902,-38.674481
GABRIELA MARTINS,2024-06-30 16:36:37,27.4,13.4,-19.893791,-38.62233
GABRIELA MARTINS,2024-06-30 16:42:07,27.5,13.4,-19.875473,-38.612441
GABRIELA MARTINS,2024-06-30 17:08:08,28.0,13.0,-19.7914,-38.56562
GABRIELA MARTINS,2024-06-30 17:13:08,27.2,12.9,-19.77538,-38.556661
GABRIELA MARTINS,2024-06-30 18:06:38,26.2,12.9,-19.602861,-38.466201
GABRIELA MARTINS,2024-06-30 19:54:07,27.6,12.7,-19.261496,-38.285566
GABRIELA MARTINS,2024-06-30 22:53:28,1.4,12.6,-18.651716,-38.149208
GABRIELA MARTINS,2024-06-30 23:27:57,357.5,12.5,-18.53103,-38.148835
GABRIELA MARTINS,2024-06-30 23:32:37,359.1,12.6,-18.514646,-38.148923
GABRIELA MARTINS,2024-07-01 00:04:39,358.8,12.8,-18.401073,-38.149835
GABRIELA MARTINS,2024-07-01 00:40:37,358.9,12.8,-18.2734,-38.15123
GABRIELA MARTINS,2024-07-01 00:41:37,358.7,12.9,-18.269831,-38.151316
GABRIELA MARTINS,2024-07-01 01:19:27,358.9,12.6,-18.135505,-38.150731
GABRIELA MARTINS,2024-07-01 02:51:19,359.7,12.8,-17.81062,-38.1425
GABRIELA MARTINS,2024-07-01 02:57:07,354.4,12.8,-17.789951,-38.14336
GABRIELA MARTINS,2024-07-01 03:40:57,5.8,12.8,-17.635713,-38.159165
GABRIELA MARTINS,2024-07-01 03:45:37,6.0,12.9,-17.619033,-38.157361
GABRIELA MARTINS,2024-07-01 04:35:17,1.8,12.9,-17.439603,-38.1514
GABRIELA MARTINS,2024-07-01 04:37:58,2.2,12.9,-17.429956,-38.151055
GABRIELA MARTINS,2024-07-01 04:38:58,1.5,12.9,-17.4263,-38.150976
GABRIELA MARTINS,2024-07-01 04:39:46,1.1,12.8,-17.423441,-38.150913
GABRIELA MARTINS,2024-07-01 04:39:58,1.8,12.9,-17.42279,-38.150885
GABRIELA MARTINS,2024-07-01 04:40:46,0.9,12.8,-17.419881,-38.150781
GABRIELA MARTINS,2024-07-01 04:40:57,1.5,12.8,-17.419226,-38.150761
GABRIELA MARTINS,2024-07-01 04:42:28,1.4,12.8,-17.413828,-38.15056
GABRIELA MARTINS,2024-07-01 04:43:17,0.6,12.8,-17.41099,-38.15047
GABRIELA MARTINS,2024-07-01 04:43:28,359.9,12.7,-17.41034,-38.150453
GABRIELA MARTINS,2024-07-01 04:44:17,2.0,12.7,-17.407348,-38.15038
GABRIELA MARTINS,2024-07-01 04:46:18,2.3,12.7,-17.400246,-38.15023
GABRIELA MARTINS,2024-07-01 04:46:27,0.2,12.7,-17.399715,-38.150226
GABRIELA MARTINS,2024-07-01 04:47:27,2.0,12.7,-17.396113,-38.15013
GABRIELA MARTINS,2024-07-01 05:00:58,0.5,12.5,-17.348803,-38.14881
GABRIELA MARTINS,2024-07-01 05:04:26,1.8,12.5,-17.336716,-38.148533
GABRIELA MARTINS,2024-07-01 05:29:27,358.6,12.6,-17.249283,-38.151418
GABRIELA MARTINS,2024-07-01 05:37:38,1.5,12.6,-17.220621,-38.150283
GABRIELA MARTINS,2024-07-01 05:42:09,3.0,12.7,-17.204693,-38.149593
GABRIELA MARTINS,2024-07-01 06:47:18,359.4,12.7,-16.974638,-38.148226
GABRIELA MARTINS,2024-07-01 09:32:49,0.8,13.0,-16.39,-38.146735
GABRIELA MARTINS,2024-07-01 09:35:18,0.6,13.0,-16.381041,-38.146643
GABRIELA MARTINS,2024-07-01 10:35:09,0.3,13.0,-16.162673,-38.143771
GABRIELA MARTINS,2024-07-01 10:40:39,2.0,13.0,-16.142751,-38.143303
GABRIELA MARTINS,2024-07-01 11:14:19,0.3,13.1,-16.020265,-38.140131
GABRIELA MARTINS,2024-07-01 11:16:29,357.3,13.1,-16.012413,-38.140438
GABRIELA MARTINS,2024-07-01 11:18:48,358.8,13.1,-16.003835,-38.140703
GABRIELA MARTINS,2024-07-01 11:41:28,356.0,13.3,-15.920291,-38.143881
GABRIELA MARTINS,2024-07-01 11:42:58,357.6,13.4,-15.914728,-38.144136
GABRIELA MARTINS,2024-07-01 11:43:47,356.4,13.4,-15.91174,-38.144258
GABRIELA MARTINS,2024-07-01 11:44:28,356.6,13.4,-15.909118,-38.144375
GABRIELA MARTINS,2024-07-01 11:47:09,357.7,13.4,-15.8992,-38.144816
GABRIELA MARTINS,2024-07-01 13:18:28,341.4,13.3,-15.562131,-38.167491
GABRIELA MARTINS,2024-07-01 15:36:17,359.5,13.2,-15.069975,-38.150908
GABRIELA MARTINS,2024-07-01 15:43:37,359.6,13.1,-15.043115,-38.150973
GABRIELA MARTINS,2024-07-01 16:19:17,0.1,13.1,-14.9124,-38.149943
GABRIELA MARTINS,2024-07-01 16:52:08,1.0,13.2,-14.792683,-38.149245
GABRIELA MARTINS,2024-07-01 17:04:28,0.7,13.4,-14.747128,-38.149116
GABRIELA MARTINS,2024-07-01 17:25:48,1.3,13.4,-14.667416,-38.148333
GABRIELA MARTINS,2024-07-01 17:59:47,0.6,13.5,-14.54026,-38.149363
GABRIELA MARTINS,2024-07-01 18:17:56,0.8,13.4,-14.472381,-38.148803
GABRIELA MARTINS,2024-07-01 21:43:18,1.0,13.3,-13.706763,-38.143128
GABRIELA MARTINS,2024-07-01 22:31:57,359.4,13.3,-13.525923,-38.141735
GABRIELA MARTINS,2024-07-01 23:00:08,358.0,13.2,-13.421723,-38.145631
GABRIELA MARTINS,2024-07-01 23:02:28,357.4,13.3,-13.413085,-38.145918
GABRIELA MARTINS,2024-07-01 23:08:08,0.3,13.2,-13.392218,-38.146558
GABRIELA MARTINS,2024-07-01 23:25:57,357.3,13.2,-13.326675,-38.148388
GABRIELA MARTINS,2024-07-01 23:29:38,357.4,13.2,-13.313203,-38.148998
GABRIELA MARTINS,2024-07-01 23:33:49,356.6,13.1,-13.297886,-38.14954
GABRIELA MARTINS,2024-07-01 23:36:19,357.9,13.1,-13.288768,-38.15
GABRIELA MARTINS,2024-07-02 00:29:38,359.0,12.9,-13.094885,-38.151116
GABRIELA MARTINS,2024-07-02 00:30:27,359.8,13.0,-13.091888,-38.151178
GABRIELA MARTINS,2024-07-02 00:30:38,359.9,12.9,-13.091228,-38.151193
GABRIELA MARTINS,2024-07-02 00:31:47,358.2,12.9,-13.087146,-38.151288
GABRIELA MARTINS,2024-07-02 01:11:28,39.6,12.4,-12.959448,-38.119013
GABRIELA MARTINS,2024-07-02 02:46:48,40.8,12.5,-12.708111,-37.902038
GABRIELA MARTINS,2024-07-02 03:39:58,39.7,12.7,-12.566413,-37.778985
GABRIELA MARTINS,2024-07-02 03:42:46,40.2,12.6,-12.558848,-37.772451
GABRIELA MARTINS,2024-07-02 04:05:18,37.2,12.6,-12.498216,-37.720696
GABRIELA MARTINS,2024-07-02 04:31:49,39.3,12.8,-12.425293,-37.660573
GABRIELA MARTINS,2024-07-02 04:53:05,38.3,12.7,-12.366976,-37.611553
GABRIELA MARTINS,2024-07-02 04:54:26,39.3,12.7,-12.363238,-37.608523
GABRIELA MARTINS,2024-07-02 04:54:46,39.7,12.7,-12.362326,-37.607761
GABRIELA MARTINS,2024-07-02 04:55:16,40.1,12.7,-12.360958,-37.606595
GABRIELA MARTINS,2024-07-02 04:56:25,41.2,12.7,-12.357813,-37.603946
GABRIELA MARTINS,2024-07-02 04:56:36,41.6,12.7,-12.357305,-37.603516
GABRIELA MARTINS,2024-07-02 04:56:46,40.2,12.8,-12.356848,-37.603133
GABRIELA MARTINS,2024-07-02 04:57:06,39.1,12.8,-12.355933,-37.602351
GABRIELA MARTINS,2024-07-02 04:57:16,38.7,12.8,-12.355488,-37.601963
GABRIELA MARTINS,2024-07-02 04:57:36,39.0,12.8,-12.354561,-37.601213
GABRIELA MARTINS,2024-07-02 04:57:46,39.5,12.7,-12.354076,-37.600818
GABRIELA MARTINS,2024-07-02 04:58:36,40.2,12.8,-12.35177,-37.598931
GABRIELA MARTINS,2024-07-02 04:58:57,38.6,12.8,-12.35084,-37.598188
GABRIELA MARTINS,2024-07-02 04:59:25,37.7,12.7,-12.349496,-37.597098
GABRIELA MARTINS,2024-07-02 04:59:46,37.2,12.8,-12.348518,-37.596313
GABRIELA MARTINS,2024-07-02 05:00:15,40.1,12.8,-12.347176,-37.595218
GABRIELA MARTINS,2024-07-02 05:17:56,39.2,13.1,-12.297693,-37.554376
GABRIELA MARTINS,2024-07-02 05:44:37,43.8,12.9,-12.22315,-37.491448
GABRIELA MARTINS,2024-07-02 06:53:48,35.8,12.5,-12.037528,-37.329493
GABRIELA MARTINS,2024-07-02 07:00:18,36.4,12.6,-12.019485,-37.315333
GABRIELA MARTINS,2024-07-02 07:59:09,37.0,12.8,-11.85429,-37.187086
GABRIELA MARTINS,2024-07-02 08:33:57,42.5,13.1,-11.759835,-37.104275
GABRIELA MARTINS,2024-07-02 09:05:57,40.2,13.1,-11.673161,-37.026428
GABRIELA MARTINS,2024-07-02 09:08:46,41.2,13.0,-11.665426,-37.019556
GABRIELA MARTINS,2024-07-02 09:13:19,41.6,13.0,-11.65318,-37.008495
GABRIELA MARTINS,2024-07-02 09:40:27,40.7,13.0,-11.579193,-36.942745
GABRIELA MARTINS,2024-07-02 09:45:27,41.5,13.0,-11.565548,-36.93056
GABRIELA MARTINS,2024-07-02 10:03:48,41.0,12.9,-11.515651,-36.88624
GABRIELA MARTINS,2024-07-02 10:11:28,38.9,12.9,-11.49482,-36.867818
GABRIELA MARTINS,2024-07-02 10:17:47,42.5,12.8,-11.47767,-36.852628
GABRIELA MARTINS,2024-07-02 10:50:49,42.8,13.1,-11.38803,-36.772068
GABRIELA MARTINS,2024-07-02 10:57:27,41.3,13.1,-11.369581,-36.756178
GABRIELA MARTINS,2024-07-02 11:33:57,40.9,13.3,-11.26653,-36.669413
GABRIELA MARTINS,2024-07-02 11:36:07,39.4,13.3,-11.260305,-36.664136
GABRIELA MARTINS,2024-07-02 11:36:37,40.2,13.4,-11.258865,-36.662916
GABRIELA MARTINS,2024-07-02 11:36:46,39.2,13.4,-11.25843,-36.66255
GABRIELA MARTINS,2024-07-02 11:38:18,39.8,13.3,-11.254025,-36.6589
GABRIELA MARTINS,2024-07-02 11:38:57,39.8,13.3,-11.252186,-36.657398
GABRIELA MARTINS,2024-07-02 11:39:07,37.8,13.5,-11.251701,-36.657008
GABRIELA MARTINS,2024-07-02 11:39:18,39.5,13.3,-11.251123,-36.656533
GABRIELA MARTINS,2024-07-02 11:41:18,40.3,13.4,-11.245355,-36.651746
GABRIELA MARTINS,2024-07-02 11:51:47,39.7,13.3,-11.215305,-36.62658
GABRIELA MARTINS,2024-07-02 11:53:57,39.0,13.3,-11.209035,-36.621418
GABRIELA MARTINS,2024-07-02 12:27:26,41.4,13.4,-11.111936,-36.54028
GABRIELA MARTINS,2024-07-02 13:09:27,42.0,13.3,-10.991123,-36.439996
GABRIELA MARTINS,2024-07-02 14:41:19,40.0,13.3,-10.73092,-36.220613
GABRIELA MARTINS,2024-07-02 15:15:18,41.4,13.1,-10.634,-36.140021
GABRIELA MARTINS,2024-07-02 15:20:28,37.0,13.0,-10.619376,-36.128033
GABRIELA MARTINS,2024-07-02 15:28:26,37.3,13.0,-10.59648,-36.110006
GABRIELA MARTINS,2024-07-02 15:47:47,42.0,13.0,-10.541778,-36.065915
GABRIELA MARTINS,2024-07-02 16:02:28,40.3,13.1,-10.501698,-36.030535
GABRIELA MARTINS,2024-07-02 16:05:58,40.2,13.1,-10.491805,-36.022223
GABRIELA MARTINS,2024-07-02 16:26:27,41.5,13.2,-10.434251,-35.972938
GABRIELA MARTINS,2024-07-02 16:29:07,38.1,13.2,-10.426705,-35.966471
GABRIELA MARTINS,2024-07-02 16:54:28,39.4,13.3,-10.354926,-35.905441
GABRIELA MARTINS,2024-07-02 17:01:17,37.2,13.3,-10.335261,-35.889426
GABRIELA MARTINS,2024-07-02 17:03:17,39.0,13.2,-10.329491,-35.884698
GABRIELA MARTINS,2024-07-02 17:34:08,35.7,13.4,-10.238966,-35.813753
GABRIELA MARTINS,2024-07-02 22:06:58,35.5,13.0,-9.432876,-35.230373
GABRIELA MARTINS,2024-07-02 22:13:39,36.6,12.9,-9.413626,-35.215623
GABRIELA MARTINS,2024-07-02 22:26:39,34.6,12.8,-9.376158,-35.187336
GABRIELA MARTINS,2024-07-02 22:33:57,34.0,13.1,-9.354965,-35.171341
GABRIELA MARTINS,2024-07-02 22:37:58,37.4,13.1,-9.343295,-35.162518
GABRIELA MARTINS,2024-07-02 22:44:57,37.9,13.2,-9.322813,-35.147026
GABRIELA MARTINS,2024-07-02 23:14:29,36.1,13.2,-9.236023,-35.08205
GABRIELA MARTINS,2024-07-02 23:16:27,39.4,13.1,-9.230215,-35.077613
GABRIELA MARTINS,2024-07-02 23:23:28,36.3,13.2,-9.20959,-35.06213
GABRIELA MARTINS,2024-07-02 23:47:28,36.7,13.1,-9.138813,-35.009276
GABRIELA MARTINS,2024-07-03 00:12:08,15.0,13.0,-9.062635,-34.965221
GABRIELA MARTINS,2024-07-03 00:12:28,15.6,13.0,-9.061348,-34.964896
GABRIELA MARTINS,2024-07-03 00:13:48,15.9,13.0,-9.056736,-34.963655
GABRIELA MARTINS,2024-07-03 00:14:07,16.2,13.0,-9.055573,-34.963325
GABRIELA MARTINS,2024-07-03 00:14:17,16.2,13.0,-9.05499,-34.963163
GABRIELA MARTINS,2024-07-03 00:14:28,14.9,13.0,-9.054345,-34.962988
GABRIELA MARTINS,2024-07-03 00:14:47,13.7,13.0,-9.053235,-34.962685
GABRIELA MARTINS,2024-07-03 00:15:47,12.9,13.0,-9.049715,-34.96178
GABRIELA MARTINS,2024-07-03 00:16:17,13.8,13.0,-9.04801,-34.961368
GABRIELA MARTINS,2024-07-03 00:17:47,11.0,13.0,-9.042636,-34.96011
GABRIELA MARTINS,2024-07-03 00:18:47,12.3,13.0,-9.03908,-34.959295
GABRIELA MARTINS,2024-07-03 01:02:17,12.4,13.1,-8.884131,-34.924775
GABRIELA MARTINS,2024-07-03 01:03:17,10.5,13.0,-8.880568,-34.924021
GABRIELA MARTINS,2024-07-03 01:06:37,12.5,13.1,-8.868761,-34.921456
GABRIELA MARTINS,2024-07-03 01:06:57,12.6,13.1,-8.867531,-34.921171
GABRIELA MARTINS,2024-07-03 03:06:49,13.0,13.2,-8.441148,-34.81934
GABRIELA MARTINS,2024-07-03 04:18:59,13.7,12.9,-8.185053,-34.752146
GABRIELA MARTINS,2024-07-03 04:20:08,14.2,12.9,-8.181015,-34.751036
GABRIELA MARTINS,2024-07-03 04:23:38,14.9,12.9,-8.168743,-34.748181
GABRIELA MARTINS,2024-07-03 04:26:17,11.8,12.9,-8.15945,-34.745791
GABRIELA MARTINS,2024-07-03 04:30:37,13.5,12.9,-8.144303,-34.742081
GABRIELA MARTINS,2024-07-03 04:43:48,8.6,13.0,-8.097698,-34.73241
GABRIELA MARTINS,2024-07-03 04:45:58,13.4,12.9,-8.090086,-34.730896
GABRIELA MARTINS,2024-07-03 05:09:16,13.3,13.1,-8.007303,-34.71128
GABRIELA MARTINS,2024-07-03 05:09:47,12.0,13.1,-8.00546,-34.710866
GABRIELA MARTINS,2024-07-03 05:10:37,9.3,13.1,-8.002473,-34.71029
GABRIELA MARTINS,2024-07-03 05:10:47,8.9,13.1,-8.001875,-34.710181
GABRIELA MARTINS,2024-07-03 05:11:08,9.3,13.1,-8.000675,-34.709981
GABRIELA MARTINS,2024-07-03 05:11:16,8.1,13.1,-8.000136,-34.709895
GABRIELA MARTINS,2024-07-03 05:11:37,9.9,13.1,-7.998806,-34.70968
GABRIELA MARTINS,2024-07-03 05:12:08,10.3,13.1,-7.997006,-34.709353
GABRIELA MARTINS,2024-07-03 05:12:37,10.6,13.0,-7.995271,-34.709005
GABRIELA MARTINS,2024-07-03 05:14:27,10.2,13.2,-7.988706,-34.70766
GABRIELA MARTINS,2024-07-03 05:15:27,9.1,13.0,-7.98507,-34.707151
GABRIELA MARTINS,2024-07-03 05:16:59,11.9,13.1,-7.979618,-34.706281
GABRIELA MARTINS,2024-07-03 05:19:28,6.9,13.1,-7.9707,-34.704715
GABRIELA MARTINS,2024-07-03 08:40:17,0.4,13.2,-7.24823,-34.624926
GABRIELA MARTINS,2024-07-03 09:05:58,358.0,13.2,-7.153515,-34.624273
GABRIELA MARTINS,2024-07-03 09:21:57,1.7,13.2,-7.094553,-34.624386
GABRIELA MARTINS,2024-07-03 09:48:47,357.9,13.1,-6.996031,-34.625113
GABRIELA MARTINS,2024-07-03 09:56:29,359.7,13.2,-6.96784,-34.625616
GABRIELA MARTINS,2024-07-03 10:27:57,358.6,13.2,-6.851551,-34.629638
GABRIELA MARTINS,2024-07-03 10:31:28,356.1,13.3,-6.838551,-34.630041
GABRIELA MARTINS,2024-07-03 10:46:19,355.9,13.5,-6.783233,-34.63243
GABRIELA MARTINS,2024-07-03 10:48:27,358.2,13.6,-6.775198,-34.632916
GABRIELA MARTINS,2024-07-03 11:00:07,356.9,13.5,-6.73129,-34.635056
GABRIELA MARTINS,2024-07-03 11:06:07,355.1,13.6,-6.708651,-34.636338
GABRIELA MARTINS,2024-07-03 11:28:06,347.5,13.5,-6.626885,-34.65188
GABRIELA MARTINS,2024-07-03 11:29:06,348.2,13.6,-6.623185,-34.652665
GABRIELA MARTINS,2024-07-03 11:30:06,348.4,13.5,-6.61951,-34.65348
GABRIELA MARTINS,2024-07-03 11:31:17,348.1,13.4,-6.615151,-34.654431
GABRIELA MARTINS,2024-07-03 11:32:17,348.4,13.4,-6.611541,-34.655198
GABRIELA MARTINS,2024-07-03 11:32:36,348.9,13.4,-6.61033,-34.655443
GABRIELA MARTINS,2024-07-03 11:39:57,349.8,13.4,-6.583421,-34.660415
GABRIELA MARTINS,2024-07-03 12:10:08,348.3,13.0,-6.47408,-34.681683
GABRIELA MARTINS,2024-07-03 13:00:57,350.3,13.4,-6.291048,-34.715448
GABRIELA MARTINS,2024-07-03 15:41:25,356.2,13.4,-5.697525,-34.821105
GABRIELA MARTINS,2024-07-03 15:42:56,354.0,13.5,-5.691838,-34.821618
GABRIELA MARTINS,2024-07-03 15:43:25,354.1,13.5,-5.689951,-34.82177
GABRIELA MARTINS,2024-07-03 15:43:45,354.8,13.5,-5.688688,-34.821888
GABRIELA MARTINS,2024-07-03 15:44:56,353.2,13.5,-5.684236,-34.822348
GABRIELA MARTINS,2024-07-03 15:45:56,354.5,13.6,-5.68056,-34.822765
GABRIELA MARTINS,2024-07-03 15:50:18,348.9,13.5,-5.664416,-34.82502
GABRIELA MARTINS,2024-07-03 15:56:07,349.6,13.5,-5.642963,-34.82978
GABRIELA MARTINS,2024-07-03 15:56:08,349.6,13.5,-5.642963,-34.82978
GABRIELA MARTINS,2024-07-03 16:05:57,346.7,13.5,-5.60687,-34.837845
GABRIELA MARTINS,2024-07-03 16:08:08,347.2,13.5,-5.598893,-34.839705
GABRIELA MARTINS,2024-07-03 16:32:32,352.5,13.5,-5.510251,-34.862286
GABRIELA MARTINS,2024-07-03 16:35:07,346.5,13.5,-5.500405,-34.863713
GABRIELA MARTINS,2024-07-03 16:40:49,349.4,13.5,-5.479245,-34.867651
GABRIELA MARTINS,2024-07-03 16:48:19,350.4,13.6,-5.4512,-34.872096
GABRIELA MARTINS,2024-07-03 17:22:55,349.7,13.5,-5.321738,-34.893173
GABRIELA MARTINS,2024-07-03 17:23:55,348.2,13.6,-5.318008,-34.893893
GABRIELA MARTINS,2024-07-03 17:24:55,347.8,13.6,-5.31432,-34.894603
GABRIELA MARTINS,2024-07-03 17:25:46,349.0,13.6,-5.311041,-34.895215
GABRIELA MARTINS,2024-07-03 17:27:46,349.9,13.6,-5.303673,-34.896613
GABRIELA MARTINS,2024-07-03 17:28:46,347.9,13.6,-5.299926,-34.897391
GABRIELA MARTINS,2024-07-03 17:29:25,349.0,13.6,-5.297453,-34.897908
GABRIELA MARTINS,2024-07-03 21:03:31,302.6,14.2,-4.605628,-35.197005
GABRIELA MARTINS,2024-07-03 21:23:49,302.8,14.4,-4.561885,-35.26477
GABRIELA MARTINS,2024-07-03 21:27:19,302.3,14.5,-4.554316,-35.276633
GABRIELA MARTINS,2024-07-03 21:38:19,302.3,14.6,-4.530633,-35.314271
GABRIELA MARTINS,2024-07-03 21:41:07,302.9,14.6,-4.524575,-35.323808
GABRIELA MARTINS,2024-07-03 21:43:30,301.9,14.6,-4.519375,-35.33205
GABRIELA MARTINS,2024-07-03 22:10:19,301.8,14.3,-4.461221,-35.423266
GABRIELA MARTINS,2024-07-03 22:15:54,302.4,14.3,-4.449148,-35.442083
GABRIELA MARTINS,2024-07-03 22:19:37,301.7,14.4,-4.441215,-35.45451
GABRIELA MARTINS,2024-07-03 22:47:35,301.3,14.5,-4.380555,-35.549556
GABRIELA MARTINS,2024-07-03 22:52:25,302.6,14.5,-4.370238,-35.56608
GABRIELA MARTINS,2024-07-03 23:15:19,302.8,14.5,-4.320176,-35.644071
GABRIELA MARTINS,2024-07-03 23:17:36,303.4,14.6,-4.315158,-35.65182
GABRIELA MARTINS,2024-07-03 23:18:47,303.1,14.6,-4.312496,-35.655876
GABRIELA MARTINS,2024-07-03 23:57:53,304.3,15.0,-4.222543,-35.789915
GABRIELA MARTINS,2024-07-04 00:02:06,303.8,15.0,-4.212755,-35.80446
GABRIELA MARTINS,2024-07-04 00:02:12,303.8,15.0,-4.212478,-35.804866
GABRIELA MARTINS,2024-07-04 00:03:59,304.0,15.0,-4.208351,-35.810998
GABRIELA MARTINS,2024-07-04 00:04:30,304.7,15.0,-4.207086,-35.812851
GABRIELA MARTINS,2024-07-04 00:05:12,304.6,15.0,-4.205376,-35.815253
GABRIELA MARTINS,2024-07-04 00:05:48,302.9,15.0,-4.204011,-35.81734
GABRIELA MARTINS,2024-07-04 00:06:48,300.5,15.0,-4.201851,-35.820893
GABRIELA MARTINS,2024-07-04 00:57:42,302.1,15.3,-4.089223,-36.00216
GABRIELA MARTINS,2024-07-04 00:57:48,302.4,15.2,-4.088996,-36.002518
GABRIELA MARTINS,2024-07-04 00:58:42,302.4,15.3,-4.086881,-36.00582
GABRIELA MARTINS,2024-07-04 00:59:06,302.8,15.3,-4.085951,-36.007243
GABRIELA MARTINS,2024-07-04 00:59:31,303.3,15.3,-4.084995,-36.00872
GABRIELA MARTINS,2024-07-04 01:01:18,302.0,15.2,-4.080821,-36.015128
GABRIELA MARTINS,2024-07-04 01:03:18,301.9,15.2,-4.07638,-36.022218
GABRIELA MARTINS,2024-07-04 02:29:30,303.6,14.4,-3.882363,-36.320363
GABRIELA MARTINS,2024-07-04 03:11:11,303.1,14.3,-3.791236,-36.458906
GABRIELA MARTINS,2024-07-04 03:22:48,301.9,14.3,-3.766376,-36.497948
GABRIELA MARTINS,2024-07-04 04:14:31,301.4,14.6,-3.656613,-36.671921
GABRIELA MARTINS,2024-07-04 04:18:31,301.9,14.5,-3.648045,-36.685535
GABRIELA MARTINS,2024-07-04 04:19:24,302.4,14.5,-3.646125,-36.688583
GABRIELA MARTINS,2024-07-04 04:20:36,302.1,14.5,-3.643511,-36.692645
GABRIELA MARTINS,2024-07-04 04:21:54,302.0,14.5,-3.640656,-36.697101
GABRIELA MARTINS,2024-07-04 04:29:07,302.6,14.5,-3.624998,-36.721618
GABRIELA MARTINS,2024-07-04 04:53:07,303.7,14.4,-3.569491,-36.799691
GABRIELA MARTINS,2024-07-04 04:55:43,303.4,14.4,-3.563778,-36.808326
GABRIELA MARTINS,2024-07-04 05:00:31,300.8,14.4,-3.55371,-36.824686
GABRIELA MARTINS,2024-07-04 05:03:19,300.7,14.4,-3.547833,-36.834316
GABRIELA MARTINS,2024-07-04 05:03:47,300.5,14.4,-3.546845,-36.83598
GABRIELA MARTINS,2024-07-04 05:06:31,302.7,14.4,-3.541256,-36.845248
GABRIELA MARTINS,2024-07-04 05:10:31,302.5,14.4,-3.53264,-36.858698
GABRIELA MARTINS,2024-07-04 05:23:16,302.9,14.4,-3.505265,-36.901835
GABRIELA MARTINS,2024-07-04 05:23:35,302.4,14.3,-3.504546,-36.902973
GABRIELA MARTINS,2024-07-04 05:23:41,301.6,14.4,-3.504333,-36.903316
GABRIELA MARTINS,2024-07-04 05:23:47,302.5,14.4,-3.504155,-36.903596
GABRIELA MARTINS,2024-07-04 05:24:11,302.5,14.3,-3.503276,-36.90499
GABRIELA MARTINS,2024-07-04 05:24:16,301.1,14.3,-3.5031,-36.905268
GABRIELA MARTINS,2024-07-04 05:24:35,302.0,14.4,-3.502473,-36.906285
GABRIELA MARTINS,2024-07-04 05:24:59,301.2,14.3,-3.501601,-36.907715
GABRIELA MARTINS,2024-07-04 05:25:35,301.3,14.3,-3.500358,-36.90974
GABRIELA MARTINS,2024-07-04 05:25:41,301.9,14.3,-3.500148,-36.910075
GABRIELA MARTINS,2024-07-04 05:26:16,301.6,14.3,-3.498915,-36.912035
GABRIELA MARTINS,2024-07-04 05:27:16,301.7,14.2,-3.496806,-36.915375
GABRIELA MARTINS,2024-07-04 05:27:34,302.0,14.3,-3.49616,-36.91639
GABRIELA MARTINS,2024-07-04 05:27:41,302.3,14.3,-3.495946,-36.91673
GABRIELA MARTINS,2024-07-04 05:27:59,302.5,14.3,-3.495305,-36.91775
GABRIELA MARTINS,2024-07-04 05:28:11,302.5,14.3,-3.494881,-36.918426
GABRIELA MARTINS,2024-07-04 05:28:16,301.5,14.3,-3.494703,-36.918713
GABRIELA MARTINS,2024-07-04 05:29:29,302.5,14.3,-3.492148,-36.922791
GABRIELA MARTINS,2024-07-04 05:29:53,301.7,14.3,-3.491303,-36.924133
GABRIELA MARTINS,2024-07-04 05:30:05,302.5,14.3,-3.490846,-36.924855
GABRIELA MARTINS,2024-07-04 05:30:11,301.5,14.3,-3.490636,-36.925188
GABRIELA MARTINS,2024-07-04 05:30:23,301.6,14.3,-3.490216,-36.925865
GABRIELA MARTINS,2024-07-04 05:30:29,301.7,14.4,-3.490006,-36.926206
GABRIELA MARTINS,2024-07-04 05:30:34,301.8,14.3,-3.489825,-36.926491
GABRIELA MARTINS,2024-07-04 05:30:53,301.7,14.3,-3.489158,-36.927568
GABRIELA MARTINS,2024-07-04 06:06:24,301.3,14.2,-3.414811,-37.046705
GABRIELA MARTINS,2024-07-04 08:13:24,304.6,14.8,-3.141056,-37.464958
GABRIELA MARTINS,2024-07-04 08:54:12,303.7,14.6,-3.049098,-37.602506
GABRIELA MARTINS,2024-07-04 09:23:48,303.0,14.4,-2.98228,-37.70181
GABRIELA MARTINS,2024-07-04 09:26:24,304.1,14.4,-2.97644,-37.71043
GABRIELA MARTINS,2024-07-04 09:30:13,303.4,14.4,-2.96793,-37.72308
GABRIELA MARTINS,2024-07-04 09:33:24,304.1,14.4,-2.960796,-37.733713
GABRIELA MARTINS,2024-07-04 09:46:42,303.9,14.5,-2.931321,-37.778145
GABRIELA MARTINS,2024-07-04 09:46:49,303.1,14.5,-2.931105,-37.778486
GABRIELA MARTINS,2024-07-04 09:49:37,302.7,14.4,-2.92479,-37.787993
GABRIELA MARTINS,2024-07-04 09:59:54,302.3,14.4,-2.902391,-37.822398
GABRIELA MARTINS,2024-07-04 10:04:12,301.7,14.3,-2.893176,-37.836766
GABRIELA MARTINS,2024-07-04 10:06:36,301.8,14.2,-2.888131,-37.84483
GABRIELA MARTINS,2024-07-04 10:08:48,302.2,14.2,-2.883508,-37.852195
GABRIELA MARTINS,2024-07-04 10:41:01,302.2,14.0,-2.816093,-37.959801
GABRIELA MARTINS,2024-07-04 11:24:18,301.4,14.1,-2.726381,-38.104341
GABRIELA MARTINS,2024-07-04 11:25:11,301.7,14.1,-2.724525,-38.107331
GABRIELA MARTINS,2024-07-04 11:27:54,303.4,14.1,-2.718771,-38.116266
GABRIELA MARTINS,2024-07-04 11:45:43,302.6,14.0,-2.681288,-38.174658
GABRIELA MARTINS,2024-07-04 11:58:14,303.3,14.0,-2.655085,-38.215513
GABRIELA MARTINS,2024-07-04 12:53:24,303.3,14.3,-2.537876,-38.396563
GABRIELA MARTINS,2024-07-04 12:54:54,303.3,14.3,-2.534611,-38.401535
GABRIELA MARTINS,2024-07-04 12:55:54,303.2,14.2,-2.532443,-38.404876
GABRIELA MARTINS,2024-07-04 15:34:48,303.7,14.7,-2.183365,-38.942568
GABRIELA MARTINS,2024-07-04 15:39:36,304.0,14.7,-2.172575,-38.958956
GABRIELA MARTINS,2024-07-04 15:44:24,301.7,14.7,-2.16189,-38.975361
GABRIELA MARTINS,2024-07-04 15:46:37,303.1,14.8,-2.157096,-38.982985
GABRIELA MARTINS,2024-07-04 15:48:12,301.8,14.7,-2.139083,-39.011338
GABRIELA MARTINS,2024-07-04 15:50:30,302.6,14.7,-2.148441,-38.996421
GABRIELA MARTINS,2024-07-04 15:54:06,302.1,14.7,-2.126185,-39.031785
GABRIELA MARTINS,2024-07-04 15:54:30,302.5,14.8,-2.1253,-39.033171
GABRIELA MARTINS,2024-07-04 15:55:12,302.8,14.8,-2.12374,-39.035591
GABRIELA MARTINS,2024-07-04 16:38:07,303.7,14.9,-2.041181,-39.160668
GABRIELA MARTINS,2024-07-04 16:49:25,305.5,14.8,-2.014715,-39.199323
GABRIELA MARTINS,2024-07-04 16:52:07,305.5,14.9,-2.008185,-39.208346
GABRIELA MARTINS,2024-07-04 16:54:19,303.1,14.7,-2.002918,-39.215748
GABRIELA MARTINS,2024-07-04 17:21:00,302.0,14.9,-1.944661,-39.308331
GABRIELA MARTINS,2024-07-04 17:23:00,301.6,14.9,-1.94036,-39.315321
GABRIELA MARTINS,2024-07-04 17:36:24,302.9,14.8,-1.911098,-39.36175
GABRIELA MARTINS,2024-07-04 17:53:58,304.4,14.9,-1.8714,-39.422528
GABRIELA MARTINS,2024-07-04 17:54:35,302.8,14.9,-1.869985,-39.424646
GABRIELA MARTINS,2024-07-04 17:55:58,303.0,14.9,-1.866833,-39.429418
GABRIELA MARTINS,2024-07-04 17:57:05,303.2,15.0,-1.86428,-39.433281
GABRIELA MARTINS,2024-07-04 17:57:16,303.4,14.9,-1.863863,-39.43392
GABRIELA MARTINS,2024-07-04 17:58:17,303.4,14.9,-1.861506,-39.437505
GABRIELA MARTINS,2024-07-04 17:58:23,303.1,14.9,-1.861316,-39.437791
GABRIELA MARTINS,2024-07-04 17:58:59,303.3,14.9,-1.859951,-39.439866
GABRIELA MARTINS,2024-07-04 17:59:11,303.8,14.9,-1.859498,-39.440556
GABRIELA MARTINS,2024-07-04 17:59:59,302.8,14.9,-1.857675,-39.443321
GABRIELA MARTINS,2024-07-04 20:30:19,301.1,15.0,-1.526708,-39.967415
GABRIELA MARTINS,2024-07-04 20:41:24,301.6,15.0,-1.501796,-40.006346
GABRIELA MARTINS,2024-07-04 21:12:49,304.1,15.1,-1.430908,-40.117748
GABRIELA MARTINS,2024-07-04 21:44:18,303.6,15.0,-1.356946,-40.226425
GABRIELA MARTINS,2024-07-04 21:46:42,304.6,15.0,-1.35121,-40.234705
GABRIELA MARTINS,2024-07-04 21:52:12,303.8,15.1,-1.338215,-40.253756
GABRIELA MARTINS,2024-07-04 22:12:36,304.3,14.9,-1.290185,-40.324413
GABRIELA MARTINS,2024-07-04 22:15:07,304.2,14.9,-1.284313,-40.333028
GABRIELA MARTINS,2024-07-04 22:21:07,304.5,14.8,-1.270358,-40.3534
GABRIELA MARTINS,2024-07-04 22:21:31,304.6,14.8,-1.269465,-40.354695
GABRIELA MARTINS,2024-07-04 23:03:56,302.6,14.4,-1.172421,-40.496671
GABRIELA MARTINS,2024-07-04 23:32:49,301.7,14.4,-1.111195,-40.595016
GABRIELA MARTINS,2024-07-04 23:37:01,301.4,14.5,-1.102191,-40.609193
GABRIELA MARTINS,2024-07-04 23:59:50,301.1,14.5,-1.053365,-40.686853
GABRIELA MARTINS,2024-07-05 00:04:25,302.1,14.4,-1.04357,-40.702505
GABRIELA MARTINS,2024-07-05 00:49:25,303.7,14.2,-0.947133,-40.85321
GABRIELA MARTINS,2024-07-05 00:50:25,303.0,14.2,-0.944963,-40.856496
GABRIELA MARTINS,2024-07-05 00:52:01,304.6,14.3,-0.941388,-40.861813
GABRIELA MARTINS,2024-07-05 00:52:48,304.7,14.3,-0.939655,-40.864403
GABRIELA MARTINS,2024-07-05 00:53:48,302.5,14.3,-0.937438,-40.867715
GABRIELA MARTINS,2024-07-05 00:53:55,304.1,14.3,-0.93721,-40.868046
GABRIELA MARTINS,2024-07-05 00:54:13,302.4,14.2,-0.93654,-40.869071
GABRIELA MARTINS,2024-07-05 00:54:18,304.5,14.3,-0.936345,-40.869363
GABRIELA MARTINS,2024-07-05 00:54:24,302.5,14.3,-0.936101,-40.869736
GABRIELA MARTINS,2024-07-05 00:54:48,303.4,14.3,-0.935225,-40.871045
GABRIELA MARTINS,2024-07-05 00:54:55,303.3,14.3,-0.93501,-40.871371
GABRIELA MARTINS,2024-07-05 01:20:48,303.7,14.2,-0.877588,-40.956041
GABRIELA MARTINS,2024-07-05 01:21:12,304.2,14.2,-0.876758,-40.957308
GABRIELA MARTINS,2024-07-05 01:21:24,303.9,14.2,-0.876325,-40.957973
GABRIELA MARTINS,2024-07-05 01:23:30,304.1,14.2,-0.8716,-40.964855
GABRIELA MARTINS,2024-07-05 01:25:18,304.2,14.2,-0.867646,-40.970768
GABRIELA MARTINS,2024-07-05 03:13:33,305.3,14.1,-0.635031,-41.322563
GABRIELA MARTINS,2024-07-05 03:20:39,294.2,13.9,-0.620433,-41.346053
GABRIELA MARTINS,2024-07-05 03:20:56,295.4,13.9,-0.619938,-41.347061
GABRIELA MARTINS,2024-07-05 03:25:32,299.0,13.9,-0.610361,-41.362151
GABRIELA MARTINS,2024-07-05 03:29:57,301.2,14.0,-0.601485,-41.376766
GABRIELA MARTINS,2024-07-05 03:55:45,303.3,13.9,-0.547916,-41.460901
GABRIELA MARTINS,2024-07-05 03:58:45,302.0,13.9,-0.541633,-41.470581
GABRIELA MARTINS,2024-07-05 04:03:04,303.1,13.8,-0.532586,-41.484558
GABRIELA MARTINS,2024-07-05 04:15:08,302.9,14.0,-0.507266,-41.523468
GABRIELA MARTINS,2024-07-05 05:00:45,302.5,14.0,-0.41219,-41.671045
GABRIELA MARTINS,2024-07-05 05:02:51,303.0,13.9,-0.407773,-41.677913
GABRIELA MARTINS,2024-07-05 05:05:31,303.1,13.8,-0.402193,-41.686565
GABRIELA MARTINS,2024-07-05 05:38:20,300.3,13.8,-0.335696,-41.793663
GABRIELA MARTINS,2024-07-05 05:39:20,303.7,13.8,-0.333605,-41.796951
GABRIELA MARTINS,2024-07-05 05:39:31,303.5,13.8,-0.33324,-41.797495
GABRIELA MARTINS,2024-07-05 05:39:40,303.9,13.7,-0.332876,-41.798026
GABRIELA MARTINS,2024-07-05 05:40:00,305.1,13.8,-0.332186,-41.799005
GABRIELA MARTINS,2024-07-05 05:41:00,304.6,13.8,-0.329945,-41.802176
GABRIELA MARTINS,2024-07-05 05:42:21,303.4,13.8,-0.327086,-41.806458
GABRIELA MARTINS,2024-07-05 05:43:21,303.4,13.8,-0.324996,-41.809595
GABRIELA MARTINS,2024-07-05 05:44:00,302.6,13.7,-0.323605,-41.811748
GABRIELA MARTINS,2024-07-05 05:45:00,303.8,13.7,-0.321546,-41.814888
GABRIELA MARTINS,2024-07-05 05:45:41,303.2,13.8,-0.320085,-41.817096
GABRIELA MARTINS,2024-07-05 05:46:31,304.2,13.8,-0.318343,-41.819671
GABRIELA MARTINS,2024-07-05 05:46:41,304.5,13.8,-0.317951,-41.820258
GABRIELA MARTINS,2024-07-05 05:47:31,303.3,13.8,-0.316145,-41.822896
GABRIELA MARTINS,2024-07-05 08:48:52,301.1,13.2,0.052138,-42.384713
GABRIELA MARTINS,2024-07-05 09:36:11,300.5,13.8,0.142655,-42.537426
GABRIELA MARTINS,2024-07-05 10:09:01,301.1,14.0,0.207181,-42.64703
GABRIELA MARTINS,2024-07-05 10:11:44,303.2,14.0,0.212971,-42.655923
GABRIELA MARTINS,2024-07-05 10:13:50,304.1,14.1,0.217495,-42.662671
GABRIELA MARTINS,2024-07-05 10:16:02,303.7,14.0,0.222208,-42.669811
GABRIELA MARTINS,2024-07-05 10:33:38,302.8,14.3,0.260536,-42.727546
GABRIELA MARTINS,2024-07-05 11:22:20,304.2,14.0,0.367698,-42.886925
GABRIELA MARTINS,2024-07-05 11:24:44,304.0,14.0,0.373046,-42.894541
GABRIELA MARTINS,2024-07-05 11:28:07,304.7,13.9,0.380593,-42.905311
GABRIELA MARTINS,2024-07-05 12:08:52,301.9,13.9,0.469121,-43.035411
GABRIELA MARTINS,2024-07-05 12:09:11,302.4,13.9,0.46981,-43.036503
GABRIELA MARTINS,2024-07-05 12:43:52,302.1,13.9,0.541156,-43.149533
GABRIELA MARTINS,2024-07-05 12:46:02,303.0,13.9,0.545705,-43.156618
GABRIELA MARTINS,2024-07-05 12:46:22,303.0,13.9,0.546398,-43.1577
GABRIELA MARTINS,2024-07-05 12:47:20,302.3,13.9,0.548413,-43.16084
GABRIELA MARTINS,2024-07-05 12:47:44,302.8,13.9,0.549243,-43.162136
GABRIELA MARTINS,2024-07-05 12:49:27,302.1,13.9,0.552811,-43.167693
GABRIELA MARTINS,2024-07-05 12:50:23,302.7,13.9,0.554746,-43.170641
GABRIELA MARTINS,2024-07-05 12:50:42,302.6,13.9,0.555451,-43.171691
GABRIELA MARTINS,2024-07-05 13:11:25,302.7,14.0,0.599231,-43.238708
GABRIELA MARTINS,2024-07-05 13:11:38,302.8,14.0,0.5997,-43.239416
GABRIELA MARTINS,2024-07-05 13:11:57,302.7,14.0,0.600335,-43.240388
GABRIELA MARTINS,2024-07-05 13:12:38,303.1,14.0,0.60184,-43.242655
GABRIELA MARTINS,2024-07-05 13:12:45,302.4,14.0,0.602086,-43.243031
GABRIELA MARTINS,2024-07-05 13:12:57,303.3,13.9,0.602475,-43.24362
GABRIELA MARTINS,2024-07-05 13:13:15,302.8,13.9,0.603116,-43.244586
GABRIELA MARTINS,2024-07-05 13:14:38,303.9,13.9,0.606115,-43.249078
GABRIELA MARTINS,2024-07-05 13:14:51,304.7,13.9,0.606548,-43.249715
GABRIELA MARTINS,2024-07-05 13:15:15,304.8,14.0,0.607406,-43.250986
GABRIELA MARTINS,2024-07-05 13:15:45,303.1,14.0,0.60847,-43.252621
GABRIELA MARTINS,2024-07-05 13:54:57,304.6,14.2,0.694475,-43.380045
GABRIELA MARTINS,2024-07-05 14:53:04,301.9,14.3,0.818821,-43.572115
GABRIELA MARTINS,2024-07-05 15:36:51,302.4,14.4,0.912536,-43.721178
GABRIELA MARTINS,2024-07-05 15:42:58,303.0,14.3,0.92584,-43.741691
GABRIELA MARTINS,2024-07-05 15:45:39,302.4,14.3,0.931675,-43.75069
GABRIELA MARTINS,2024-07-05 15:50:52,303.6,14.2,0.942906,-43.768128
GABRIELA MARTINS,2024-07-05 16:18:58,302.1,14.3,1.003156,-43.86199
GABRIELA MARTINS,2024-07-05 16:21:52,302.2,14.3,1.009285,-43.871723
GABRIELA MARTINS,2024-07-05 16:25:40,302.2,14.4,1.01742,-43.884531
GABRIELA MARTINS,2024-07-05 16:27:03,301.5,14.4,1.020431,-43.889298
GABRIELA MARTINS,2024-07-05 16:27:40,302.1,14.4,1.021756,-43.891381
GABRIELA MARTINS,2024-07-05 16:28:10,302.0,14.4,1.022808,-43.893003
GABRIELA MARTINS,2024-07-05 16:30:16,302.8,14.4,1.027246,-43.900101
GABRIELA MARTINS,2024-07-05 16:32:46,303.1,14.4,1.032596,-43.908638
GABRIELA MARTINS,2024-07-05 16:35:10,301.7,14.4,1.037676,-43.916741
GABRIELA MARTINS,2024-07-05 17:32:39,303.0,14.1,1.165353,-44.104965
GABRIELA MARTINS,2024-07-05 17:35:22,304.3,14.1,1.171278,-44.113793
GABRIELA MARTINS,2024-07-05 17:43:13,297.9,14.1,1.2017,-44.165118
GABRIELA MARTINS,2024-07-05 17:44:14,297.8,14.1,1.203586,-44.168641
GABRIELA MARTINS,2024-07-05 17:46:19,297.9,14.2,1.207491,-44.175878
GABRIELA MARTINS,2024-07-05 17:46:44,298.2,14.2,1.208263,-44.177316
GABRIELA MARTINS,2024-07-05 17:46:49,297.5,14.1,1.208413,-44.177605
GABRIELA MARTINS,2024-07-05 17:46:55,298.1,14.2,1.208601,-44.177948
GABRIELA MARTINS,2024-07-05 17:47:44,297.8,14.2,1.210133,-44.18078
GABRIELA MARTINS,2024-07-05 17:47:49,298.4,14.2,1.210285,-44.181065
GABRIELA MARTINS,2024-07-05 17:48:25,298.1,14.2,1.21141,-44.183145
GABRIELA MARTINS,2024-07-05 17:48:32,298.2,14.2,1.2116,-44.183495
GABRIELA MARTINS,2024-07-05 17:49:49,298.6,14.2,1.21402,-44.188
GABRIELA MARTINS,2024-07-05 18:29:01,306.3,14.1,1.281646,-44.29412
GABRIELA MARTINS,2024-07-05 18:29:31,306.8,14.1,1.282828,-44.295703
GABRIELA MARTINS,2024-07-05 18:29:37,306.2,14.1,1.283068,-44.29602
GABRIELA MARTINS,2024-07-05 20:45:41,304.0,14.2,1.554675,-44.7507
GABRIELA MARTINS,2024-07-05 20:48:53,302.7,14.1,1.561683,-44.76116
GABRIELA MARTINS,2024-07-05 21:14:12,303.7,14.2,1.616486,-44.8445
GABRIELA MARTINS,2024-07-05 21:19:58,303.0,14.3,1.629196,-44.863738
GABRIELA MARTINS,2024-07-05 21:22:16,303.4,14.3,1.634203,-44.871288
GABRIELA MARTINS,2024-07-05 21:57:29,306.1,14.1,1.716735,-44.98308
GABRIELA MARTINS,2024-07-05 22:00:17,306.8,14.1,1.7234,-44.99181
GABRIELA MARTINS,2024-07-05 22:02:35,306.5,14.1,1.728841,-44.999045
GABRIELA MARTINS,2024-07-05 22:26:23,306.3,14.1,1.785381,-45.07337
GABRIELA MARTINS,2024-07-05 22:32:59,308.1,14.2,1.800925,-45.094018
GABRIELA MARTINS,2024-07-05 23:00:59,304.8,14.0,1.864268,-45.184356
GABRIELA MARTINS,2024-07-05 23:04:53,306.1,14.1,1.873303,-45.196675
GABRIELA MARTINS,2024-07-05 23:41:29,300.4,14.1,1.95517,-45.314463
GABRIELA MARTINS,2024-07-06 00:42:22,301.0,14.0,2.07725,-45.518603
GABRIELA MARTINS,2024-07-06 00:44:28,301.6,14.0,2.081501,-45.525491
GABRIELA MARTINS,2024-07-06 00:45:05,301.5,14.0,2.0828,-45.527616
GABRIELA MARTINS,2024-07-06 00:45:10,300.2,14.0,2.082963,-45.527895
GABRIELA MARTINS,2024-07-06 00:45:28,302.0,14.0,2.083586,-45.528893
GABRIELA MARTINS,2024-07-06 00:45:35,300.7,14.0,2.083781,-45.529235
GABRIELA MARTINS,2024-07-06 00:45:41,301.7,14.1,2.083981,-45.529565
GABRIELA MARTINS,2024-07-06 00:45:46,300.5,14.1,2.084143,-45.529848
GABRIELA MARTINS,2024-07-06 00:46:28,301.2,14.1,2.085586,-45.532158
GABRIELA MARTINS,2024-07-06 00:46:53,301.0,14.1,2.086466,-45.533585
GABRIELA MARTINS,2024-07-06 00:47:05,300.9,14.1,2.086848,-45.534193
GABRIELA MARTINS,2024-07-06 00:47:16,300.8,14.1,2.08726,-45.534868
GABRIELA MARTINS,2024-07-06 00:47:28,300.9,14.0,2.087645,-45.535501
GABRIELA MARTINS,2024-07-06 00:47:46,301.4,14.1,2.088261,-45.536501
GABRIELA MARTINS,2024-07-06 00:48:35,301.1,14.1,2.089933,-45.53928
GABRIELA MARTINS,2024-07-06 00:48:46,300.7,14.1,2.090303,-45.539893
GABRIELA MARTINS,2024-07-06 00:48:58,300.1,14.1,2.090715,-45.540568
GABRIELA MARTINS,2024-07-06 00:49:28,301.3,14.1,2.091706,-45.54219
GABRIELA MARTINS,2024-07-06 00:49:35,301.1,14.1,2.091936,-45.542581
GABRIELA MARTINS,2024-07-06 00:50:46,301.2,14.1,2.09435,-45.546551
GABRIELA MARTINS,2024-07-06 00:52:46,302.7,14.1,2.098423,-45.553186
GABRIELA MARTINS,2024-07-06 00:52:53,302.4,14.1,2.098658,-45.553566
GABRIELA MARTINS,2024-07-06 01:03:35,302.0,14.0,2.121883,-45.588436
GABRIELA MARTINS,2024-07-06 01:06:16,301.3,14.0,2.127521,-45.597193
GABRIELA MARTINS,2024-07-06 01:07:16,302.7,14.0,2.129651,-45.600506
GABRIELA MARTINS,2024-07-06 01:07:22,303.1,14.0,2.129868,-45.60083
GABRIELA MARTINS,2024-07-06 01:07:29,301.7,13.9,2.130076,-45.601163
GABRIELA MARTINS,2024-07-06 01:07:52,302.7,13.9,2.130876,-45.602406
GABRIELA MARTINS,2024-07-06 01:07:58,302.0,14.0,2.131093,-45.602728
GABRIELA MARTINS,2024-07-06 01:08:16,303.5,13.9,2.131728,-45.603696
GABRIELA MARTINS,2024-07-06 01:09:16,302.9,14.0,2.13387,-45.606981
GABRIELA MARTINS,2024-07-06 01:09:22,303.2,14.0,2.134085,-45.607306
GABRIELA MARTINS,2024-07-06 01:09:29,302.9,13.9,2.134296,-45.607631
GABRIELA MARTINS,2024-07-06 01:09:46,302.5,13.9,2.1349,-45.608551
GABRIELA MARTINS,2024-07-06 01:09:53,302.7,14.0,2.13515,-45.608935
GABRIELA MARTINS,2024-07-06 01:09:58,302.6,14.0,2.135326,-45.609211
GABRIELA MARTINS,2024-07-06 01:10:10,302.9,14.0,2.135783,-45.609931
GABRIELA MARTINS,2024-07-06 01:10:22,302.8,14.0,2.136186,-45.610591
GABRIELA MARTINS,2024-07-06 01:10:46,302.4,14.0,2.137033,-45.611885
GABRIELA MARTINS,2024-07-06 01:10:53,302.3,14.0,2.137253,-45.6122
GABRIELA MARTINS,2024-07-06 01:10:58,303.2,14.0,2.137423,-45.61247
GABRIELA MARTINS,2024-07-06 01:11:22,303.3,14.0,2.138316,-45.613823
GABRIELA MARTINS,2024-07-06 01:11:29,302.9,14.0,2.138518,-45.614151
GABRIELA MARTINS,2024-07-06 01:11:58,302.9,14.0,2.139601,-45.615771
GABRIELA MARTINS,2024-07-06 01:13:40,304.1,14.0,2.143303,-45.621231
GABRIELA MARTINS,2024-07-06 02:22:10,304.0,13.7,2.290225,-45.837111
GABRIELA MARTINS,2024-07-06 02:57:19,302.8,13.8,2.364555,-45.948588
GABRIELA MARTINS,2024-07-06 03:07:30,301.8,13.9,2.385546,-45.981561
GABRIELA MARTINS,2024-07-06 03:11:45,300.8,13.9,2.394278,-45.995545
GABRIELA MARTINS,2024-07-06 03:29:03,302.6,13.9,2.429735,-46.05174
GABRIELA MARTINS,2024-07-06 04:01:58,299.8,13.9,2.495838,-46.159733
GABRIELA MARTINS,2024-07-06 04:06:04,299.7,13.9,2.503998,-46.173218
GABRIELA MARTINS,2024-07-06 04:06:08,302.5,14.0,2.504171,-46.173486
GABRIELA MARTINS,2024-07-06 04:08:26,301.0,14.0,2.508851,-46.181141
GABRIELA MARTINS,2024-07-06 04:09:09,300.6,14.0,2.510293,-46.183476
GABRIELA MARTINS,2024-07-06 04:14:32,300.7,14.0,2.52119,-46.201391
GABRIELA MARTINS,2024-07-06 04:18:56,300.9,14.0,2.530156,-46.216055
GABRIELA MARTINS,2024-07-06 04:22:25,302.0,14.0,2.537243,-46.227665
GABRIELA MARTINS,2024-07-06 04:22:38,302.2,14.0,2.53765,-46.228326
GABRIELA MARTINS,2024-07-06 04:24:38,304.1,14.0,2.54193,-46.23484
GABRIELA MARTINS,2024-07-06 04:45:39,302.6,14.0,2.586111,-46.303371
GABRIELA MARTINS,2024-07-06 04:53:09,302.3,13.9,2.601726,-46.327865
GABRIELA MARTINS,2024-07-06 05:50:24,304.3,13.8,2.72206,-46.511611
GABRIELA MARTINS,2024-07-06 09:13:21,302.6,14.3,3.156196,-47.179821
GABRIELA MARTINS,2024-07-06 09:30:10,301.6,14.4,3.191951,-47.236313
GABRIELA MARTINS,2024-07-06 09:31:15,301.9,14.4,3.194323,-47.240025
GABRIELA MARTINS,2024-07-06 09:34:33,301.3,14.4,3.20139,-47.251216
GABRIELA MARTINS,2024-07-06 09:37:26,302.3,14.4,3.207581,-47.260958
GABRIELA MARTINS,2024-07-06 09:44:59,302.2,14.5,3.223745,-47.286353
GABRIELA MARTINS,2024-07-06 10:20:09,302.6,14.6,3.30037,-47.405715
GABRIELA MARTINS,2024-07-06 10:23:09,301.8,14.6,3.307023,-47.41593
GABRIELA MARTINS,2024-07-06 10:27:33,302.2,14.6,3.316731,-47.430791
GABRIELA MARTINS,2024-07-06 10:55:03,302.5,14.6,3.377766,-47.523731
GABRIELA MARTINS,2024-07-06 12:06:15,304.8,14.8,3.53831,-47.766266
GABRIELA MARTINS,2024-07-06 12:36:56,303.3,14.6,3.60662,-47.87125
GABRIELA MARTINS,2024-07-06 12:37:03,303.1,14.6,3.606881,-47.871651
GABRIELA MARTINS,2024-07-06 12:37:51,303.1,14.6,3.608658,-47.874378
GABRIELA MARTINS,2024-07-06 12:38:26,303.3,14.6,3.609953,-47.87639
GABRIELA MARTINS,2024-07-06 12:39:08,302.8,14.6,3.611553,-47.878813
GABRIELA MARTINS,2024-07-06 12:39:14,302.4,14.6,3.611773,-47.87915
GABRIELA MARTINS,2024-07-06 12:39:20,302.9,14.6,3.61199,-47.879488
GABRIELA MARTINS,2024-07-06 12:39:26,302.3,14.6,3.612203,-47.879828
GABRIELA MARTINS,2024-07-06 12:40:02,302.3,14.6,3.613496,-47.881886
GABRIELA MARTINS,2024-07-06 12:40:08,302.5,14.6,3.613678,-47.882171
GABRIELA MARTINS,2024-07-06 12:40:14,302.1,14.6,3.61393,-47.882575
GABRIELA MARTINS,2024-07-06 12:40:20,302.5,14.6,3.614113,-47.88286
GABRIELA MARTINS,2024-07-06 12:40:32,301.9,14.6,3.614548,-47.883548
GABRIELA MARTINS,2024-07-06 12:40:50,302.5,14.6,3.615241,-47.884638
GABRIELA MARTINS,2024-07-06 12:41:02,302.7,14.7,3.615681,-47.885325
GABRIELA MARTINS,2024-07-06 12:43:08,302.2,14.6,3.62035,-47.892506
GABRIELA MARTINS,2024-07-06 12:43:26,303.8,14.7,3.621028,-47.893526
GABRIELA MARTINS,2024-07-06 12:43:50,302.5,14.6,3.621883,-47.894841
GABRIELA MARTINS,2024-07-06 12:44:32,302.9,14.7,3.623463,-47.897305
GABRIELA MARTINS,2024-07-06 12:44:44,303.3,14.6,3.623868,-47.897935
GABRIELA MARTINS,2024-07-06 12:45:32,302.7,14.6,3.625631,-47.90068
GABRIELA MARTINS,2024-07-06 12:46:02,303.2,14.7,3.626773,-47.902453
GABRIELA MARTINS,2024-07-06 12:46:32,302.2,14.7,3.627876,-47.904175
GABRIELA MARTINS,2024-07-06 12:57:38,304.2,14.7,3.652541,-47.942176
GABRIELA MARTINS,2024-07-06 12:58:15,301.7,14.7,3.653875,-47.94425
GABRIELA MARTINS,2024-07-06 14:35:45,302.0,15.0,3.874206,-48.281268
GABRIELA MARTINS,2024-07-06 14:37:32,301.4,15.0,3.878156,-48.287636
GABRIELA MARTINS,2024-07-06 14:38:09,301.5,14.9,3.879456,-48.289728
GABRIELA MARTINS,2024-07-06 14:41:50,302.5,15.0,3.887626,-48.302826
GABRIELA MARTINS,2024-07-06 15:22:26,301.2,14.7,3.974943,-48.445656
GABRIELA MARTINS,2024-07-06 15:26:57,300.7,14.7,3.984511,-48.461331
GABRIELA MARTINS,2024-07-06 15:37:20,301.2,14.8,4.006955,-48.497766
GABRIELA MARTINS,2024-07-06 16:18:51,304.1,14.9,4.100228,-48.641253
GABRIELA MARTINS,2024-07-06 16:22:21,303.7,14.9,4.108438,-48.6533
GABRIELA MARTINS,2024-07-06 16:24:44,303.3,14.9,4.114066,-48.661511
GABRIELA MARTINS,2024-07-06 16:25:33,304.2,14.9,4.115943,-48.664228
GABRIELA MARTINS,2024-07-06 16:32:02,303.2,14.9,4.131011,-48.686686
GABRIELA MARTINS,2024-07-06 16:35:02,303.0,14.9,4.137803,-48.697078
GABRIELA MARTINS,2024-07-06 17:07:03,301.5,14.5,4.20789,-48.80871
GABRIELA MARTINS,2024-07-06 17:40:05,305.0,14.7,4.28418,-48.920088
GABRIELA MARTINS,2024-07-06 18:05:37,302.4,14.8,4.340855,-49.007865
GABRIELA MARTINS,2024-07-06 18:05:55,303.1,14.8,4.341481,-49.008846
GABRIELA MARTINS,2024-07-06 18:06:25,303.9,14.8,4.342591,-49.01056
GABRIELA MARTINS,2024-07-06 18:06:43,302.6,14.8,4.34329,-49.011651
GABRIELA MARTINS,2024-07-06 18:06:55,303.1,14.8,4.343741,-49.012343
GABRIELA MARTINS,2024-07-06 18:08:19,303.4,14.8,4.346875,-49.01718
GABRIELA MARTINS,2024-07-06 18:08:43,302.4,14.8,4.34781,-49.01864
GABRIELA MARTINS,2024-07-06 18:08:49,303.9,14.9,4.348043,-49.01899
GABRIELA MARTINS,2024-07-06 18:09:19,303.6,14.8,4.349171,-49.020731
GABRIELA MARTINS,2024-07-06 18:09:25,302.3,14.9,4.349363,-49.021028
GABRIELA MARTINS,2024-07-06 18:09:55,303.3,14.9,4.35048,-49.022753
GABRIELA MARTINS,2024-07-06 18:11:01,304.0,14.9,4.353025,-49.02663
GABRIELA MARTINS,2024-07-06 18:12:07,302.5,14.9,4.35547,-49.03046
GABRIELA MARTINS,2024-07-06 18:12:37,302.9,14.9,4.356586,-49.032168
GABRIELA MARTINS,2024-07-06 20:15:52,301.5,14.5,4.6326,-49.45424
GABRIELA MARTINS,2024-07-06 20:57:33,300.8,14.5,4.720528,-49.598048
GABRIELA MARTINS,2024-07-06 21:30:38,302.7,14.7,4.794148,-49.710931
GABRIELA MARTINS,2024-07-06 21:33:32,302.9,14.8,4.800741,-49.72106
GABRIELA MARTINS,2024-07-06 21:35:56,302.3,14.9,4.806161,-49.729326
GABRIELA MARTINS,2024-07-06 22:03:33,302.7,15.0,4.867416,-49.827178
GABRIELA MARTINS,2024-07-06 22:05:57,302.6,15.0,4.872796,-49.835811
GABRIELA MARTINS,2024-07-06 22:08:45,301.5,15.0,4.879051,-49.845756
GABRIELA MARTINS,2024-07-06 22:41:10,303.6,15.0,4.95207,-49.959718
GABRIELA MARTINS,2024-07-06 22:45:03,302.9,15.0,4.961025,-49.973195
GABRIELA MARTINS,2024-07-07 00:38:56,302.9,14.4,5.21609,-50.36676
GABRIELA MARTINS,2024-07-07 00:39:32,302.0,14.4,5.217393,-50.368781
GABRIELA MARTINS,2024-07-07 00:40:26,302.0,14.4,5.219343,-50.371826
GABRIELA MARTINS,2024-07-07 00:40:32,302.2,14.4,5.21956,-50.372166
GABRIELA MARTINS,2024-07-07 00:41:26,302.6,14.4,5.221448,-50.375195
GABRIELA MARTINS,2024-07-07 00:41:32,301.4,14.4,5.221725,-50.37565
GABRIELA MARTINS,2024-07-07 00:42:02,300.9,14.4,5.222743,-50.377298
GABRIELA MARTINS,2024-07-07 00:42:08,302.5,14.4,5.222958,-50.377636
GABRIELA MARTINS,2024-07-07 00:42:20,302.9,14.4,5.223381,-50.378315
GABRIELA MARTINS,2024-07-07 00:42:26,301.0,14.4,5.223588,-50.378656
GABRIELA MARTINS,2024-07-07 00:42:38,301.0,14.4,5.223978,-50.37928
GABRIELA MARTINS,2024-07-07 00:42:50,301.6,14.4,5.224406,-50.379956
GABRIELA MARTINS,2024-07-07 00:43:02,302.0,14.4,5.224835,-50.380638
GABRIELA MARTINS,2024-07-07 00:43:08,302.4,14.4,5.22505,-50.380976
GABRIELA MARTINS,2024-07-07 00:43:44,301.2,14.4,5.226345,-50.383011
GABRIELA MARTINS,2024-07-07 00:44:02,303.1,14.4,5.227036,-50.384081
GABRIELA MARTINS,2024-07-07 00:44:08,301.8,14.4,5.227213,-50.384366
GABRIELA MARTINS,2024-07-07 00:53:45,302.5,14.4,5.247846,-50.417061
GABRIELA MARTINS,2024-07-07 00:54:08,302.6,14.4,5.248641,-50.418296
GABRIELA MARTINS,2024-07-07 00:55:08,301.8,14.5,5.250841,-50.421783
GABRIELA MARTINS,2024-07-07 00:56:20,301.6,14.4,5.253365,-50.42584
GABRIELA MARTINS,2024-07-07 00:56:26,301.6,14.4,5.253588,-50.426188
GABRIELA MARTINS,2024-07-07 00:57:02,300.9,14.4,5.254896,-50.42832
GABRIELA MARTINS,2024-07-07 00:57:38,301.8,14.4,5.256161,-50.430341
GABRIELA MARTINS,2024-07-07 00:58:20,301.0,14.4,5.257588,-50.43271
GABRIELA MARTINS,2024-07-07 00:58:26,302.1,14.4,5.257841,-50.433103
GABRIELA MARTINS,2024-07-07 00:58:45,301.1,14.4,5.258475,-50.43412
GABRIELA MARTINS,2024-07-07 02:00:38,302.3,14.3,5.393663,-50.643221
GABRIELA MARTINS,2024-07-07 02:29:50,303.4,14.1,5.456506,-50.740665
GABRIELA MARTINS,2024-07-07 02:32:33,303.2,14.1,5.462396,-50.74956
GABRIELA MARTINS,2024-07-07 03:02:45,305.3,14.1,5.529141,-50.847891
GABRIELA MARTINS,2024-07-07 03:06:21,303.8,14.1,5.53711,-50.859561
GABRIELA MARTINS,2024-07-07 03:08:08,304.3,14.1,5.541103,-50.865428
GABRIELA MARTINS,2024-07-07 03:08:56,305.4,14.0,5.542891,-50.868016
GABRIELA MARTINS,2024-07-07 03:11:51,304.3,14.1,5.549338,-50.877388
GABRIELA MARTINS,2024-07-07 03:43:19,301.6,14.4,5.617561,-50.981943
GABRIELA MARTINS,2024-07-07 03:53:01,302.7,14.4,5.638426,-51.014881
GABRIELA MARTINS,2024-07-07 04:15:33,305.2,14.6,5.687776,-51.091666
GABRIELA MARTINS,2024-07-07 04:39:01,301.0,14.7,5.73916,-51.172941
GABRIELA MARTINS,2024-07-07 04:42:13,302.0,14.7,5.745988,-51.184055
GABRIELA MARTINS,2024-07-07 04:42:31,300.8,14.7,5.746665,-51.185168
GABRIELA MARTINS,2024-07-07 04:48:38,301.3,14.7,5.759771,-51.20645
GABRIELA MARTINS,2024-07-07 04:50:21,302.4,14.8,5.763503,-51.212428
GABRIELA MARTINS,2024-07-07 04:52:32,301.8,14.7,5.768258,-51.220135
GABRIELA MARTINS,2024-09-10 00:33:15,122.7,10.9,5.740885,-51.80807
GABRIELA MARTINS,2024-09-10 01:41:45,122.4,10.9,5.62967,-51.631883
GABRIELA MARTINS,2024-09-10 01:46:04,122.2,10.9,5.622645,-51.620843
GABRIELA MARTINS,2024-09-10 02:19:15,119.7,11.0,5.571348,-51.53292
GABRIELA MARTINS,2024-09-10 02:54:13,121.1,10.7,5.517335,-51.441971
GABRIELA MARTINS,2024-09-10 02:56:24,121.4,10.6,5.514018,-51.436446
GABRIELA MARTINS,2024-09-10 03:24:55,121.0,10.5,5.470403,-51.363698
GABRIELA MARTINS,2024-09-10 03:28:43,121.1,10.5,5.464538,-51.354078
GABRIELA MARTINS,2024-09-10 03:28:44,121.1,10.5,5.464538,-51.354078
GABRIELA MARTINS,2024-09-10 04:22:04,120.7,10.4,5.383875,-51.220671
GABRIELA MARTINS,2024-09-10 08:38:04,121.6,11.2,4.983771,-50.574423
GABRIELA MARTINS,2024-09-10 08:39:04,121.9,11.2,4.982173,-50.571818
GABRIELA MARTINS,2024-09-10 08:42:14,122.1,11.2,4.976863,-50.563551
GABRIELA MARTINS,2024-09-10 08:51:34,122.7,11.2,4.961063,-50.53909
GABRIELA MARTINS,2024-09-10 08:54:13,123.1,11.3,4.956466,-50.53208
GABRIELA MARTINS,2024-09-10 08:57:14,123.1,11.2,4.951358,-50.524248
GABRIELA MARTINS,2024-09-10 08:59:15,119.0,11.3,4.94809,-50.518893
GABRIELA MARTINS,2024-09-10 09:14:03,120.3,11.3,4.924878,-50.478423
GABRIELA MARTINS,2024-09-10 09:16:13,120.0,11.4,4.921443,-50.472463
GABRIELA MARTINS,2024-09-10 09:20:04,120.7,11.4,4.91532,-50.461985
GABRIELA MARTINS,2024-09-10 09:51:54,120.5,11.3,4.863451,-50.375995
GABRIELA MARTINS,2024-09-10 09:55:04,120.8,11.3,4.858316,-50.367456
GABRIELA MARTINS,2024-09-10 11:59:13,132.3,11.8,4.625253,-50.047143
GABRIELA MARTINS,2024-09-10 11:59:24,132.2,11.8,4.62485,-50.046695
GABRIELA MARTINS,2024-09-10 12:00:04,133.1,11.8,4.623348,-50.045075
GABRIELA MARTINS,2024-09-10 12:00:43,134.2,11.8,4.621903,-50.043535
GABRIELA MARTINS,2024-09-10 12:13:43,133.3,11.8,4.59228,-50.012743
GABRIELA MARTINS,2024-09-10 12:18:54,134.4,11.7,4.580623,-50.000405
GABRIELA MARTINS,2024-09-10 12:59:24,133.9,11.9,4.487408,-49.90521
GABRIELA MARTINS,2024-09-10 13:09:05,133.6,11.9,4.465145,-49.88201
GABRIELA MARTINS,2024-09-10 13:31:13,134.7,12.1,4.413143,-49.82927
GABRIELA MARTINS,2024-09-10 13:36:34,134.5,12.1,4.40047,-49.816438
GABRIELA MARTINS,2024-09-10 13:38:14,134.2,12.2,4.396466,-49.812371
GABRIELA MARTINS,2024-09-10 13:50:33,133.0,12.3,4.366815,-49.782686
GABRIELA MARTINS,2024-09-10 13:51:44,133.1,12.3,4.36396,-49.779686
GABRIELA MARTINS,2024-09-10 13:52:13,133.8,12.3,4.36281,-49.778465
GABRIELA MARTINS,2024-09-10 14:03:33,132.6,12.3,4.336101,-49.75032
GABRIELA MARTINS,2024-09-10 14:12:24,134.1,12.2,4.315913,-49.72798
GABRIELA MARTINS,2024-09-10 14:51:54,133.4,11.9,4.224126,-49.631891
GABRIELA MARTINS,2024-09-10 14:54:54,133.1,11.9,4.217296,-49.624671
GABRIELA MARTINS,2024-09-10 14:59:04,133.6,11.8,4.20775,-49.614646
GABRIELA MARTINS,2024-09-10 15:01:54,132.6,11.8,4.20138,-49.607875
GABRIELA MARTINS,2024-09-10 15:13:15,134.4,11.8,4.17568,-49.580976
GABRIELA MARTINS,2024-09-10 15:17:25,132.6,11.8,4.166255,-49.571048
GABRIELA MARTINS,2024-09-10 15:23:45,132.2,11.8,4.152053,-49.556113
GABRIELA MARTINS,2024-09-10 15:57:25,131.9,11.9,4.075886,-49.475671
GABRIELA MARTINS,2024-09-10 17:54:31,132.5,11.8,3.807441,-49.19598
GABRIELA MARTINS,2024-09-10 17:55:31,133.4,11.8,3.805178,-49.193555
GABRIELA MARTINS,2024-09-10 17:55:41,133.5,11.8,3.804803,-49.193161
GABRIELA MARTINS,2024-09-10 17:56:13,133.5,11.8,3.803631,-49.191938
GABRIELA MARTINS,2024-09-10 17:56:22,133.7,11.8,3.80329,-49.191583
GABRIELA MARTINS,2024-09-10 19:12:33,133.9,11.8,3.629985,-49.010626
GABRIELA MARTINS,2024-09-10 19:18:45,134.3,11.8,3.615941,-48.995998
GABRIELA MARTINS,2024-09-10 19:20:54,133.2,11.8,3.611106,-48.990938
GABRIELA MARTINS,2024-09-10 19:49:44,132.8,11.6,3.546161,-48.924063
GABRIELA MARTINS,2024-09-10 19:51:52,134.0,11.6,3.541331,-48.919095
GABRIELA MARTINS,2024-09-10 20:25:04,133.7,11.6,3.467741,-48.84269
GABRIELA MARTINS,2024-09-10 20:28:53,133.7,11.6,3.459295,-48.833826
GABRIELA MARTINS,2024-09-10 20:57:14,133.4,11.5,3.396566,-48.768336
GABRIELA MARTINS,2024-09-10 21:02:03,133.2,11.5,3.385751,-48.757226
GABRIELA MARTINS,2024-09-10 21:03:45,133.5,11.5,3.38206,-48.753358
GABRIELA MARTINS,2024-09-10 21:15:05,134.9,11.5,3.35695,-48.727205
GABRIELA MARTINS,2024-09-10 21:17:46,133.6,11.5,3.350946,-48.72111
GABRIELA MARTINS,2024-09-10 21:23:14,134.7,11.4,3.338761,-48.708648
GABRIELA MARTINS,2024-09-10 21:36:14,134.7,11.4,3.309811,-48.678988
GABRIELA MARTINS,2024-09-11 00:41:15,137.0,10.4,2.91925,-48.271688
GABRIELA MARTINS,2024-09-11 01:03:54,133.9,10.4,2.873246,-48.225256
GABRIELA MARTINS,2024-09-11 01:04:44,134.9,10.4,2.871603,-48.223585
GABRIELA MARTINS,2024-09-11 01:21:25,134.7,10.2,2.838348,-48.189525
GABRIELA MARTINS,2024-09-11 01:39:54,135.0,10.1,2.801623,-48.152096
GABRIELA MARTINS,2024-09-11 01:41:23,134.4,10.0,2.798721,-48.149183
GABRIELA MARTINS,2024-09-11 01:42:03,133.3,10.1,2.797461,-48.14783
GABRIELA MARTINS,2024-09-11 01:42:33,132.4,10.1,2.796535,-48.146836
GABRIELA MARTINS,2024-09-11 01:52:44,131.0,10.2,2.777201,-48.125415
GABRIELA MARTINS,2024-09-11 02:27:24,135.0,9.8,2.710003,-48.055175
GABRIELA MARTINS,2024-09-11 02:30:04,136.5,9.8,2.704703,-48.05006
GABRIELA MARTINS,2024-09-11 02:36:14,136.4,9.7,2.692518,-48.038613
GABRIELA MARTINS,2024-09-11 03:05:35,133.0,10.2,2.637345,-47.979203
GABRIELA MARTINS,2024-09-11 03:23:05,133.9,10.3,2.60331,-47.943248
GABRIELA MARTINS,2024-09-11 03:25:55,135.2,10.2,2.59758,-47.937523
GABRIELA MARTINS,2024-09-11 03:39:13,135.6,10.0,2.570671,-47.911796
GABRIELA MARTINS,2024-09-11 07:07:05,131.5,11.0,2.173996,-47.499826
GABRIELA MARTINS,2024-09-11 07:40:35,125.6,11.3,2.104491,-47.421346
GABRIELA MARTINS,2024-09-11 07:58:23,126.5,11.3,2.071135,-47.37638
GABRIELA MARTINS,2024-09-11 08:12:03,125.8,11.4,2.045745,-47.341505
GABRIELA MARTINS,2024-09-11 08:17:03,126.1,11.4,2.036355,-47.32881
GABRIELA MARTINS,2024-09-11 08:58:24,125.8,11.0,1.960688,-47.224251
GABRIELA MARTINS,2024-09-11 09:20:14,126.3,10.4,1.922756,-47.17144
GABRIELA MARTINS,2024-09-11 09:27:14,125.9,10.2,1.910938,-47.155315
GABRIELA MARTINS,2024-09-11 11:51:04,126.5,10.4,1.676846,-46.832366
GABRIELA MARTINS,2024-09-11 11:51:34,126.3,10.4,1.676013,-46.831255
GABRIELA MARTINS,2024-09-11 11:53:04,126.1,10.3,1.673428,-46.82774
GABRIELA MARTINS,2024-09-11 12:33:14,127.0,10.4,1.604153,-46.734528
GABRIELA MARTINS,2024-09-11 13:02:35,124.4,10.4,1.554211,-46.66549
GABRIELA MARTINS,2024-09-11 13:08:54,124.3,10.4,1.543753,-46.650416
GABRIELA MARTINS,2024-09-11 13:12:53,125.5,10.5,1.537105,-46.640901
GABRIELA MARTINS,2024-09-11 13:27:34,125.9,10.5,1.512421,-46.605825
GABRIELA MARTINS,2024-09-11 13:28:13,125.8,10.5,1.511306,-46.604338
GABRIELA MARTINS,2024-09-11 13:29:54,125.9,10.5,1.508371,-46.600321
GABRIELA MARTINS,2024-09-11 13:31:54,126.4,10.6,1.504875,-46.595613
GABRIELA MARTINS,2024-09-11 13:33:13,126.5,10.6,1.502596,-46.592555
GABRIELA MARTINS,2024-09-11 13:43:05,125.5,10.5,1.485571,-46.569083
GABRIELA MARTINS,2024-09-11 14:00:14,125.8,10.5,1.455873,-46.528588
GABRIELA MARTINS,2024-09-11 14:02:34,126.1,10.5,1.451815,-46.52297
GABRIELA MARTINS,2024-09-11 14:05:04,126.2,10.5,1.447465,-46.517086
GABRIELA MARTINS,2024-09-11 14:18:25,126.4,10.6,1.424095,-46.485471
GABRIELA MARTINS,2024-09-11 14:21:15,126.9,10.6,1.419085,-46.47881
GABRIELA MARTINS,2024-09-11 14:55:34,125.1,10.6,1.359308,-46.39673
GABRIELA MARTINS,2024-09-11 14:57:24,126.0,10.6,1.356161,-46.392385
GABRIELA MARTINS,2024-09-11 15:25:44,125.6,10.5,1.307225,-46.325623
GABRIELA MARTINS,2024-09-11 15:30:05,126.7,10.5,1.299741,-46.315396
GABRIELA MARTINS,2024-09-11 16:31:41,125.7,10.4,1.194566,-46.17149
GABRIELA MARTINS,2024-09-11 16:33:53,125.5,10.5,1.190795,-46.16635
GABRIELA MARTINS,2024-09-11 16:36:21,125.8,10.4,1.186621,-46.160583
GABRIELA MARTINS,2024-09-11 16:37:31,125.8,10.4,1.184586,-46.157821
GABRIELA MARTINS,2024-09-11 16:38:31,126.1,10.4,1.182871,-46.155476
GABRIELA MARTINS,2024-09-11 16:40:22,125.3,10.4,1.179738,-46.151195
GABRIELA MARTINS,2024-09-11 16:40:32,125.8,10.4,1.179426,-46.150768
GABRIELA MARTINS,2024-09-11 16:41:32,126.0,10.4,1.177758,-46.14847
GABRIELA MARTINS,2024-09-11 16:42:03,125.0,10.4,1.176855,-46.147223
GABRIELA MARTINS,2024-09-11 18:11:31,126.6,10.5,1.022275,-45.936675
GABRIELA MARTINS,2024-09-11 18:13:12,127.4,10.5,1.019291,-45.932766
GABRIELA MARTINS,2024-09-11 18:14:31,126.5,10.5,1.016931,-45.92963
GABRIELA MARTINS,2024-09-11 18:36:05,126.9,10.5,0.978826,-45.87918
GABRIELA MARTINS,2024-09-11 18:47:23,121.2,10.4,0.95905,-45.852495
GABRIELA MARTINS,2024-09-11 19:25:53,124.6,10.6,0.893878,-45.760401
GABRIELA MARTINS,2024-09-11 19:29:13,123.5,10.6,0.888288,-45.752276
GABRIELA MARTINS,2024-09-11 20:04:55,124.2,10.6,0.82898,-45.6664
GABRIELA MARTINS,2024-09-11 20:07:55,125.3,10.5,0.823958,-45.659183
GABRIELA MARTINS,2024-09-11 20:40:14,124.0,10.3,0.770863,-45.582361
GABRIELA MARTINS,2024-09-11 21:16:54,127.9,10.4,0.709263,-45.49648
GABRIELA MARTINS,2024-09-11 23:45:14,126.5,11.5,0.443261,-45.136033
GABRIELA MARTINS,2024-09-11 23:45:54,126.1,11.5,0.442001,-45.13431
GABRIELA MARTINS,2024-09-12 01:02:35,123.1,12.1,0.292791,-44.929663
GABRIELA MARTINS,2024-09-12 01:19:34,125.6,11.9,0.26066,-44.883296
GABRIELA MARTINS,2024-09-12 01:19:35,125.6,11.9,0.26066,-44.883296
GABRIELA MARTINS,2024-09-12 01:20:53,126.5,11.9,0.258151,-44.879891
GABRIELA MARTINS,2024-09-12 01:21:25,125.9,11.9,0.257091,-44.878455
GABRIELA MARTINS,2024-09-12 01:21:54,125.7,11.9,0.256143,-44.87716
GABRIELA MARTINS,2024-09-12 01:22:13,126.2,11.9,0.255556,-44.876355
GABRIELA MARTINS,2024-09-12 01:22:25,125.3,11.9,0.255173,-44.875818
GABRIELA MARTINS,2024-09-12 01:22:34,126.0,11.9,0.254885,-44.875425
GABRIELA MARTINS,2024-09-12 01:23:25,126.4,11.9,0.253165,-44.8731
GABRIELA MARTINS,2024-09-12 01:23:34,127.0,11.9,0.252865,-44.8727
GABRIELA MARTINS,2024-09-12 01:24:14,126.9,11.9,0.251566,-44.87097
GABRIELA MARTINS,2024-09-12 01:24:33,127.2,11.9,0.250903,-44.870106
GABRIELA MARTINS,2024-09-12 01:26:34,125.6,12.0,0.246931,-44.864708
GABRIELA MARTINS,2024-09-12 01:26:43,125.7,12.0,0.246601,-44.86426
GABRIELA MARTINS,2024-09-12 01:28:45,127.3,12.0,0.242551,-44.858886
GABRIELA MARTINS,2024-09-12 01:30:45,126.6,12.0,0.238541,-44.85363
GABRIELA MARTINS,2024-09-12 01:35:45,127.5,12.1,0.228525,-44.840151
GABRIELA MARTINS,2024-09-12 02:02:03,124.3,12.2,0.175148,-44.768531
GABRIELA MARTINS,2024-09-12 02:07:35,125.3,12.1,0.164348,-44.753485
GABRIELA MARTINS,2024-09-12 02:22:54,125.5,12.2,0.133751,-44.71192
GABRIELA MARTINS,2024-09-12 02:26:34,125.7,12.2,0.126606,-44.7017
GABRIELA MARTINS,2024-09-12 02:41:35,123.8,12.1,0.097215,-44.660398
GABRIELA MARTINS,2024-09-12 03:17:54,126.4,12.0,0.026463,-44.560878
GABRIELA MARTINS,2024-09-12 03:20:14,124.1,12.0,0.021933,-44.554476
GABRIELA MARTINS,2024-09-12 06:40:04,126.3,10.8,-0.354066,-44.038476
GABRIELA MARTINS,2024-09-12 06:45:04,126.4,10.8,-0.363185,-44.026533
GABRIELA MARTINS,2024-09-12 07:03:54,126.4,10.8,-0.397115,-43.981213
GABRIELA MARTINS,2024-09-12 07:12:04,126.4,10.7,-0.411838,-43.961683
GABRIELA MARTINS,2024-09-12 07:15:14,126.8,10.6,-0.41747,-43.954095
GABRIELA MARTINS,2024-09-12 07:17:34,127.5,10.7,-0.421655,-43.948576
GABRIELA MARTINS,2024-09-12 07:54:25,126.4,10.9,-0.488201,-43.859835
GABRIELA MARTINS,2024-09-12 08:38:45,112.1,10.9,-0.565485,-43.750711
GABRIELA MARTINS,2024-09-12 08:43:15,111.0,11.1,-0.57055,-43.738
GABRIELA MARTINS,2024-09-12 12:10:14,111.0,10.9,-0.815403,-43.154743
GABRIELA MARTINS,2024-09-12 12:38:55,113.6,11.0,-0.848088,-43.074093
GABRIELA MARTINS,2024-09-12 13:10:03,113.6,11.1,-0.886911,-42.98704
GABRIELA MARTINS,2024-09-12 13:12:03,114.5,11.0,-0.889431,-42.981446
GABRIELA MARTINS,2024-09-12 13:12:13,114.2,11.0,-0.889641,-42.980973
GABRIELA MARTINS,2024-09-12 13:15:04,114.4,11.1,-0.893178,-42.973135
GABRIELA MARTINS,2024-09-12 13:16:04,113.7,11.1,-0.894431,-42.970333
GABRIELA MARTINS,2024-09-12 14:28:25,114.0,10.9,-0.980078,-42.767245
GABRIELA MARTINS,2024-09-12 14:32:44,113.8,10.9,-0.985278,-42.755286
GABRIELA MARTINS,2024-09-12 14:39:15,114.0,10.9,-0.99328,-42.737283
GABRIELA MARTINS,2024-09-12 15:41:24,115.8,10.5,-1.067173,-42.567255
GABRIELA MARTINS,2024-09-12 16:44:51,112.3,10.8,-1.138578,-42.392485
GABRIELA MARTINS,2024-09-12 16:45:51,112.0,10.8,-1.139748,-42.389666
GABRIELA MARTINS,2024-09-12 16:49:42,112.4,10.7,-1.144256,-42.378991
GABRIELA MARTINS,2024-09-12 16:53:30,111.9,10.7,-1.148591,-42.368561
GABRIELA MARTINS,2024-09-12 16:53:52,112.3,10.7,-1.149008,-42.36756
GABRIELA MARTINS,2024-09-12 18:28:54,111.5,10.5,-1.258841,-42.1074
GABRIELA MARTINS,2024-09-12 19:06:33,111.6,10.6,-1.300926,-42.005426
GABRIELA MARTINS,2024-09-12 19:21:54,111.7,10.5,-1.31755,-41.964018
GABRIELA MARTINS,2024-09-12 19:24:42,111.4,10.6,-1.3206,-41.956446
GABRIELA MARTINS,2024-09-12 19:33:33,111.9,10.5,-1.330168,-41.932655
GABRIELA MARTINS,2024-09-12 19:40:24,111.8,10.5,-1.337618,-41.914136
GABRIELA MARTINS,2024-09-12 20:11:44,112.0,10.6,-1.371981,-41.829633
GABRIELA MARTINS,2024-09-12 21:05:53,113.2,10.5,-1.432351,-41.682541
GABRIELA MARTINS,2024-09-12 23:37:34,111.2,10.8,-1.60889,-41.26936
GABRIELA MARTINS,2024-09-12 23:40:12,110.5,10.8,-1.611573,-41.262386
GABRIELA MARTINS,2024-09-12 23:42:23,110.7,10.8,-1.613935,-41.256241
GABRIELA MARTINS,2024-09-13 00:26:24,113.0,10.8,-1.661716,-41.133048
GABRIELA MARTINS,2024-09-13 00:30:45,112.1,10.7,-1.666748,-41.120948
GABRIELA MARTINS,2024-09-13 00:33:15,112.5,10.8,-1.669673,-41.113975
GABRIELA MARTINS,2024-09-13 00:35:55,112.9,10.8,-1.67277,-41.10662
GABRIELA MARTINS,2024-09-13 01:01:44,114.4,10.7,-1.70429,-41.035618
GABRIELA MARTINS,2024-09-13 01:02:54,114.3,10.7,-1.705783,-41.032341
GABRIELA MARTINS,2024-09-13 01:03:24,113.9,10.7,-1.706385,-41.031018
GABRIELA MARTINS,2024-09-13 01:03:44,114.1,10.7,-1.706773,-41.03016
GABRIELA MARTINS,2024-09-13 01:05:44,114.2,10.6,-1.70922,-41.024725
GABRIELA MARTINS,2024-09-13 01:07:14,111.0,10.6,-1.710915,-41.020598
GABRIELA MARTINS,2024-09-13 01:08:23,110.7,10.6,-1.712121,-41.017363
GABRIELA MARTINS,2024-09-13 01:18:53,111.9,10.7,-1.724255,-40.988658
GABRIELA MARTINS,2024-09-13 01:24:23,111.4,10.7,-1.730493,-40.973566
GABRIELA MARTINS,2024-09-13 01:26:33,112.7,10.6,-1.732948,-40.967556
GABRIELA MARTINS,2024-09-13 01:43:55,111.3,10.8,-1.752568,-40.919605
GABRIELA MARTINS,2024-09-13 01:46:55,112.1,10.8,-1.756001,-40.911145
GABRIELA MARTINS,2024-09-13 02:17:24,114.2,10.9,-1.791328,-40.82618
GABRIELA MARTINS,2024-09-13 02:51:33,112.2,10.6,-1.831758,-40.731545
GABRIELA MARTINS,2024-09-13 06:15:24,114.9,10.3,-2.058348,-40.185013
GABRIELA MARTINS,2024-09-13 06:18:13,113.6,10.4,-2.061586,-40.177633
GABRIELA MARTINS,2024-09-13 06:22:53,115.5,10.6,-2.067428,-40.16527
GABRIELA MARTINS,2024-09-13 06:52:35,112.2,10.7,-2.106621,-40.086171
GABRIELA MARTINS,2024-09-13 06:57:35,113.0,10.6,-2.112656,-40.072501
GABRIELA MARTINS,2024-09-13 07:26:34,122.9,12.2,-2.156026,-39.991556
GABRIELA MARTINS,2024-09-13 07:39:35,124.7,12.2,-2.180008,-39.95459
GABRIELA MARTINS,2024-09-13 07:44:25,126.0,12.2,-2.1894,-39.94117
GABRIELA MARTINS,2024-09-13 07:59:54,125.4,12.2,-2.219603,-39.898641
GABRIELA MARTINS,2024-09-13 08:03:54,124.7,12.2,-2.227448,-39.887611
GABRIELA MARTINS,2024-09-13 08:35:44,121.0,12.0,-2.286575,-39.798051
GABRIELA MARTINS,2024-09-13 08:40:44,120.9,12.1,-2.295403,-39.783885
GABRIELA MARTINS,2024-09-13 11:32:24,123.4,11.8,-2.603261,-39.302108
GABRIELA MARTINS,2024-09-13 11:33:13,124.8,11.8,-2.604771,-39.299925
GABRIELA MARTINS,2024-09-13 11:33:33,125.2,11.8,-2.605445,-39.298975
GABRIELA MARTINS,2024-09-13 11:37:23,123.8,11.9,-2.612526,-39.288526
GABRIELA MARTINS,2024-09-13 12:13:14,125.8,11.8,-2.67813,-39.190418
GABRIELA MARTINS,2024-09-13 12:17:04,125.3,11.7,-2.685463,-39.180336
GABRIELA MARTINS,2024-09-13 12:19:54,125.5,11.7,-2.690886,-39.172798
GABRIELA MARTINS,2024-09-13 12:50:04,121.1,11.4,-2.742128,-39.090986
GABRIELA MARTINS,2024-09-13 12:52:53,120.8,11.5,-2.746708,-39.083318
GABRIELA MARTINS,2024-09-13 12:53:13,120.9,11.5,-2.747283,-39.082365
GABRIELA MARTINS,2024-09-13 12:53:14,120.9,11.5,-2.747283,-39.082365
GABRIELA MARTINS,2024-09-13 12:54:13,120.6,11.5,-2.748921,-39.079608
GABRIELA MARTINS,2024-09-13 12:54:34,120.6,11.5,-2.749493,-39.078638
GABRIELA MARTINS,2024-09-13 12:56:13,122.9,11.5,-2.752213,-39.074111
GABRIELA MARTINS,2024-09-13 12:56:35,123.6,11.5,-2.752826,-39.073145
GABRIELA MARTINS,2024-09-13 12:56:54,123.8,11.5,-2.753431,-39.072236
GABRIELA MARTINS,2024-09-13 13:01:44,123.7,11.6,-2.761925,-39.059345
GABRIELA MARTINS,2024-09-13 13:29:14,124.3,11.6,-2.811256,-38.985316
GABRIELA MARTINS,2024-09-13 13:32:14,122.3,11.6,-2.816671,-38.977208
GABRIELA MARTINS,2024-09-13 13:40:03,123.0,11.5,-2.830356,-38.956188
GABRIELA MARTINS,2024-09-13 13:49:05,120.3,11.4,-2.845663,-38.931825
GABRIELA MARTINS,2024-09-13 13:53:03,121.6,11.5,-2.852273,-38.921023
GABRIELA MARTINS,2024-09-13 14:03:14,123.6,11.5,-2.869568,-38.893691
GABRIELA MARTINS,2024-09-13 14:09:35,123.0,11.5,-2.880753,-38.876708
GABRIELA MARTINS,2024-09-13 16:59:31,123.0,12.5,-3.187248,-38.406331
GABRIELA MARTINS,2024-09-13 17:01:50,123.0,12.4,-3.191678,-38.399655
GABRIELA MARTINS,2024-09-13 17:02:50,123.7,12.4,-3.193625,-38.396735
GABRIELA MARTINS,2024-09-13 17:03:31,123.0,12.4,-3.194885,-38.394801
GABRIELA MARTINS,2024-09-13 17:03:50,122.5,12.4,-3.19548,-38.393886
GABRIELA MARTINS,2024-09-13 17:05:22,122.9,12.5,-3.198391,-38.38945
GABRIELA MARTINS,2024-09-13 17:05:32,122.8,12.4,-3.198673,-38.389015
GABRIELA MARTINS,2024-09-13 17:09:11,122.9,12.4,-3.205603,-38.378393
GABRIELA MARTINS,2024-09-13 18:06:55,123.7,12.1,-3.311031,-38.209618
GABRIELA MARTINS,2024-09-13 18:17:44,122.0,12.1,-3.331056,-38.179288
GABRIELA MARTINS,2024-09-13 18:21:54,114.8,12.0,-3.337373,-38.166926
GABRIELA MARTINS,2024-09-13 18:25:05,118.6,12.0,-3.342335,-38.15751
GABRIELA MARTINS,2024-09-13 18:42:04,116.9,12.0,-3.369048,-38.10741
GABRIELA MARTINS,2024-09-13 19:20:14,116.7,11.7,-3.425463,-37.995156
GABRIELA MARTINS,2024-09-13 19:22:34,116.4,11.7,-3.428855,-37.9883
GABRIELA MARTINS,2024-09-13 20:08:44,116.8,11.8,-3.496646,-37.854021
GABRIELA MARTINS,2024-09-13 23:36:05,116.5,11.5,-3.801818,-37.243486
GABRIELA MARTINS,2024-09-14 00:05:55,117.8,11.4,-3.84504,-37.157698
GABRIELA MARTINS,2024-09-14 00:25:34,114.3,11.2,-3.873503,-37.102346
GABRIELA MARTINS,2024-09-14 00:28:53,115.8,11.2,-3.877876,-37.093063
GABRIELA MARTINS,2024-09-14 00:42:24,115.7,11.2,-3.896248,-37.054848
GABRIELA MARTINS,2024-09-14 00:42:34,115.8,11.2,-3.89648,-37.054383
GABRIELA MARTINS,2024-09-14 00:43:34,115.5,11.2,-3.897858,-37.051508
GABRIELA MARTINS,2024-09-14 00:44:34,115.4,11.2,-3.899208,-37.048745
GABRIELA MARTINS,2024-09-14 00:45:24,115.4,11.2,-3.90034,-37.046383
GABRIELA MARTINS,2024-09-14 00:45:44,115.1,11.2,-3.900746,-37.045495
GABRIELA MARTINS,2024-09-14 00:48:45,116.0,11.3,-3.904831,-37.036993
GABRIELA MARTINS,2024-09-14 01:19:34,114.3,11.2,-3.945823,-36.94985
GABRIELA MARTINS,2024-09-14 01:20:34,114.1,11.2,-3.947126,-36.946978
GABRIELA MARTINS,2024-09-14 01:23:45,117.2,11.2,-3.95159,-36.938066
GABRIELA MARTINS,2024-09-14 01:53:15,115.8,11.0,-3.992953,-36.85602
GABRIELA MARTINS,2024-09-14 04:42:34,114.7,11.7,-4.245985,-36.384566
GABRIELA MARTINS,2024-09-14 04:45:14,115.3,11.7,-4.24973,-36.376616
GABRIELA MARTINS,2024-09-14 05:14:25,114.9,12.0,-4.290228,-36.290025
GABRIELA MARTINS,2024-09-14 05:18:34,114.7,12.0,-4.29592,-36.277405
GABRIELA MARTINS,2024-09-14 05:50:44,113.4,12.0,-4.339263,-36.179966
GABRIELA MARTINS,2024-09-14 06:00:55,112.5,12.1,-4.35252,-36.14854
GABRIELA MARTINS,2024-09-14 06:21:44,115.2,12.2,-4.382398,-36.084341
GABRIELA MARTINS,2024-09-14 06:25:54,115.5,12.3,-4.388558,-36.071451
GABRIELA MARTINS,2024-09-14 06:28:44,115.5,12.3,-4.39268,-36.062765
GABRIELA MARTINS,2024-09-14 06:43:25,116.2,12.4,-4.414485,-36.017446
GABRIELA MARTINS,2024-09-14 06:46:53,114.8,12.4,-4.419693,-36.006586
GABRIELA MARTINS,2024-09-14 06:49:35,115.8,12.4,-4.423705,-35.998203
GABRIELA MARTINS,2024-09-14 10:41:35,136.3,12.1,-4.791395,-35.289416
GABRIELA MARTINS,2024-09-14 10:45:04,136.4,12.0,-4.799905,-35.28135
GABRIELA MARTINS,2024-09-14 10:49:35,141.2,12.0,-4.8118,-35.27183
GABRIELA MARTINS,2024-09-14 11:02:04,142.7,12.1,-4.84496,-35.246206
GABRIELA MARTINS,2024-09-14 11:16:25,143.2,12.0,-4.883175,-35.216896
GABRIELA MARTINS,2024-09-14 11:19:04,142.9,12.0,-4.890206,-35.21159
GABRIELA MARTINS,2024-09-14 11:25:04,142.8,11.9,-4.906148,-35.199366
GABRIELA MARTINS,2024-09-14 11:26:34,144.0,12.0,-4.91016,-35.196346
GABRIELA MARTINS,2024-09-14 11:51:35,142.4,12.0,-4.976453,-35.145506
GABRIELA MARTINS,2024-09-14 11:55:15,142.4,12.0,-4.986233,-35.13804
GABRIELA MARTINS,2024-09-14 11:55:55,142.2,12.0,-4.987998,-35.136675
GABRIELA MARTINS,2024-09-14 12:26:55,145.7,12.0,-5.070666,-35.073035
GABRIELA MARTINS,2024-09-14 12:29:55,144.4,12.0,-5.0788,-35.067323
GABRIELA MARTINS,2024-09-14 12:36:53,144.3,12.0,-5.097998,-35.053953
GABRIELA MARTINS,2024-09-14 12:37:04,143.6,12.0,-5.098493,-35.053595
GABRIELA MARTINS,2024-09-14 13:03:14,173.3,11.9,-5.18004,-35.031096
GABRIELA MARTINS,2024-09-14 13:10:24,171.8,11.9,-5.203576,-35.028153
GABRIELA MARTINS,2024-09-14 13:38:14,172.9,11.7,-5.294461,-35.017975
GABRIELA MARTINS,2024-09-14 17:09:24,162.0,11.6,-5.973855,-34.911085
GABRIELA MARTINS,2024-09-14 17:16:12,160.7,11.5,-5.994878,-34.903983
GABRIELA MARTINS,2024-09-14 17:16:15,160.7,11.5,-5.994878,-34.903983
GABRIELA MARTINS,2024-09-14 17:19:10,158.7,11.6,-6.00385,-34.900685
GABRIELA MARTINS,2024-09-14 17:19:32,158.9,11.6,-6.004926,-34.90025
GABRIELA MARTINS,2024-09-14 17:20:10,159.8,11.6,-6.006806,-34.899556
GABRIELA MARTINS,2024-09-14 17:21:10,159.2,11.7,-6.0099,-34.898406
GABRIELA MARTINS,2024-09-14 17:21:45,160.2,11.7,-6.011476,-34.897823
GABRIELA MARTINS,2024-09-14 18:17:35,159.9,11.7,-6.182428,-34.836455
GABRIELA MARTINS,2024-09-14 19:06:24,156.0,11.8,-6.332638,-34.782325
GABRIELA MARTINS,2024-09-14 19:25:34,155.4,11.8,-6.389876,-34.756916
GABRIELA MARTINS,2024-09-14 19:27:43,155.4,11.7,-6.396281,-34.754018
GABRIELA MARTINS,2024-09-14 20:05:24,160.5,11.7,-6.51038,-34.706248
GABRIELA MARTINS,2024-09-14 20:08:45,159.7,11.8,-6.520683,-34.702485
GABRIELA MARTINS,2024-09-14 21:42:53,177.3,12.5,-6.82904,-34.634685
GABRIELA MARTINS,2024-09-14 23:10:25,182.4,12.4,-7.134685,-34.623738
GABRIELA MARTINS,2024-09-14 23:12:54,186.9,12.5,-7.14324,-34.624538
GABRIELA MARTINS,2024-09-14 23:24:04,185.6,12.5,-7.182183,-34.630096
GABRIELA MARTINS,2024-09-15 00:13:13,175.1,12.4,-7.353245,-34.630178
GABRIELA MARTINS,2024-09-15 00:14:35,174.7,12.5,-7.357918,-34.629733
GABRIELA MARTINS,2024-09-15 00:16:23,177.6,12.5,-7.364238,-34.629211
GABRIELA MARTINS,2024-09-15 00:18:15,175.7,12.5,-7.370681,-34.628806
GABRIELA MARTINS,2024-09-15 00:19:03,175.3,12.5,-7.37352,-34.628558
GABRIELA MARTINS,2024-09-15 00:19:34,176.0,12.5,-7.375315,-34.628401
GABRIELA MARTINS,2024-09-15 00:21:43,177.8,12.5,-7.382786,-34.627783
GABRIELA MARTINS,2024-09-15 00:22:04,177.8,12.5,-7.384015,-34.627718
GABRIELA MARTINS,2024-09-15 00:22:23,177.7,12.5,-7.385068,-34.627661
GABRIELA MARTINS,2024-09-15 00:23:04,178.6,12.5,-7.387505,-34.627491
GABRIELA MARTINS,2024-09-15 00:24:34,175.0,12.5,-7.392733,-34.6271
GABRIELA MARTINS,2024-09-15 00:38:23,176.4,12.5,-7.440866,-34.623353
GABRIELA MARTINS,2024-09-15 00:53:23,172.9,12.7,-7.49308,-34.61778
GABRIELA MARTINS,2024-09-15 00:54:04,172.8,12.7,-7.4955,-34.617485
GABRIELA MARTINS,2024-09-15 00:56:44,170.8,12.7,-7.504776,-34.616248
GABRIELA MARTINS,2024-09-15 01:00:24,172.5,12.7,-7.517588,-34.61442
GABRIELA MARTINS,2024-09-15 01:07:35,181.1,12.7,-7.543056,-34.614715
GABRIELA MARTINS,2024-09-15 01:24:45,188.6,12.9,-7.604351,-34.618363
GABRIELA MARTINS,2024-09-15 02:39:35,193.1,13.2,-7.866043,-34.680861
GABRIELA MARTINS,2024-09-15 04:13:15,190.8,13.3,-8.205961,-34.74719
GABRIELA MARTINS,2024-09-15 05:26:14,192.5,13.4,-8.471316,-34.810516
GABRIELA MARTINS,2024-09-15 05:28:44,192.3,13.4,-8.480373,-34.812825
GABRIELA MARTINS,2024-09-15 05:42:45,194.6,13.4,-8.531213,-34.825808
GABRIELA MARTINS,2024-09-15 06:04:05,194.5,13.4,-8.608785,-34.845626
GABRIELA MARTINS,2024-09-15 07:04:33,196.7,13.3,-8.825593,-34.907
GABRIELA MARTINS,2024-09-15 07:29:34,196.5,13.3,-8.91534,-34.932711
GABRIELA MARTINS,2024-09-15 09:40:54,193.4,13.5,-9.391445,-35.071586
GABRIELA MARTINS,2024-09-15 09:43:45,196.0,13.5,-9.401825,-35.0744
GABRIELA MARTINS,2024-09-15 09:46:44,195.4,13.5,-9.412718,-35.077358
GABRIELA MARTINS,2024-09-15 10:21:54,194.2,13.8,-9.54158,-35.112973
GABRIELA MARTINS,2024-09-15 10:25:34,192.5,13.7,-9.555125,-35.116701
GABRIELA MARTINS,2024-09-15 10:52:34,200.2,13.7,-9.65334,-35.148328
GABRIELA MARTINS,2024-09-15 10:55:05,200.7,13.7,-9.662423,-35.151628
GABRIELA MARTINS,2024-09-15 11:17:33,194.8,13.3,-9.742401,-35.178816
GABRIELA MARTINS,2024-09-15 11:17:54,195.7,13.3,-9.743586,-35.179155
GABRIELA MARTINS,2024-09-15 11:20:34,195.1,13.2,-9.75311,-35.181845
GABRIELA MARTINS,2024-09-15 11:21:03,194.7,13.2,-9.754866,-35.182356
GABRIELA MARTINS,2024-09-15 11:24:34,195.9,13.1,-9.76713,-35.186191
GABRIELA MARTINS,2024-09-15 11:29:05,194.8,13.0,-9.783003,-35.190858
GABRIELA MARTINS,2024-09-15 12:01:43,194.7,13.0,-9.896541,-35.225525
GABRIELA MARTINS,2024-09-15 12:05:14,197.8,13.0,-9.90882,-35.229291
GABRIELA MARTINS,2024-09-15 12:17:44,196.2,13.1,-9.9523,-35.242671
GABRIELA MARTINS,2024-09-15 12:18:24,197.4,13.1,-9.95464,-35.243391
GABRIELA MARTINS,2024-09-15 12:19:24,200.2,13.1,-9.958188,-35.244515
GABRIELA MARTINS,2024-09-15 12:44:25,199.9,13.0,-10.045395,-35.272425
GABRIELA MARTINS,2024-09-15 13:14:44,198.1,13.1,-10.151285,-35.306888
GABRIELA MARTINS,2024-09-15 13:32:33,193.3,13.1,-10.214041,-35.325661
GABRIELA MARTINS,2024-09-15 13:36:43,195.7,13.0,-10.22857,-35.329745
GABRIELA MARTINS,2024-09-15 13:40:13,196.5,12.9,-10.240811,-35.333266
GABRIELA MARTINS,2024-09-15 14:24:44,199.6,13.0,-10.396113,-35.379978
GABRIELA MARTINS,2024-09-15 15:20:24,193.1,13.1,-10.589856,-35.439865
GABRIELA MARTINS,2024-09-15 15:59:02,195.9,13.2,-10.726351,-35.481008
GABRIELA MARTINS,2024-09-15 16:03:00,198.3,13.2,-10.74023,-35.485645
GABRIELA MARTINS,2024-09-15 16:21:45,199.1,13.3,-10.806128,-35.50769
GABRIELA MARTINS,2024-09-15 16:25:13,199.2,13.3,-10.81845,-35.511765
GABRIELA MARTINS,2024-09-15 17:19:14,197.0,13.4,-11.00968,-35.575028
GABRIELA MARTINS,2024-09-15 17:33:01,194.4,13.4,-11.059858,-35.589701
GABRIELA MARTINS,2024-09-15 17:33:41,194.1,13.3,-11.062265,-35.590368
GABRIELA MARTINS,2024-09-15 17:34:41,193.9,13.3,-11.065923,-35.591323
GABRIELA MARTINS,2024-09-15 17:34:50,193.6,13.4,-11.066461,-35.591461
GABRIELA MARTINS,2024-09-15 17:35:41,191.6,13.3,-11.06945,-35.592255
GABRIELA MARTINS,2024-09-15 17:36:20,193.4,13.3,-11.07185,-35.592921
GABRIELA MARTINS,2024-09-15 17:36:41,193.6,13.3,-11.073045,-35.593245
GABRIELA MARTINS,2024-09-15 17:38:41,196.2,13.3,-11.080215,-35.595186
GABRIELA MARTINS,2024-09-15 17:51:54,199.7,13.2,-11.126681,-35.608485
GABRIELA MARTINS,2024-09-15 18:02:53,197.0,13.4,-11.165346,-35.621595
GABRIELA MARTINS,2024-09-15 18:30:25,196.2,13.4,-11.263258,-35.652628
GABRIELA MARTINS,2024-09-15 18:34:55,195.4,13.4,-11.279421,-35.65718
GABRIELA MARTINS,2024-09-15 19:35:23,197.1,13.7,-11.49976,-35.723628
GABRIELA MARTINS,2024-09-15 19:41:53,197.4,13.8,-11.523611,-35.731238
GABRIELA MARTINS,2024-09-15 20:11:23,199.9,13.7,-11.632183,-35.76483
GABRIELA MARTINS,2024-09-15 20:38:43,196.2,14.0,-11.732808,-35.799235
GABRIELA MARTINS,2024-09-15 20:50:37,197.3,13.9,-11.777075,-35.813638
GABRIELA MARTINS,2024-09-15 21:23:48,194.7,14.0,-11.90073,-35.852846
GABRIELA MARTINS,2024-09-15 21:27:37,198.0,14.0,-11.915035,-35.856911
GABRIELA MARTINS,2024-09-15 21:31:07,195.5,14.1,-11.92817,-35.860753
GABRIELA MARTINS,2024-09-15 22:21:25,194.8,14.1,-12.118793,-35.915218
GABRIELA MARTINS,2024-09-15 22:27:00,196.2,14.1,-12.140023,-35.92153
GABRIELA MARTINS,2024-09-15 23:13:43,197.4,14.0,-12.31538,-35.976406
GABRIELA MARTINS,2024-09-15 23:51:13,199.3,14.0,-12.453695,-36.024051
GABRIELA MARTINS,2024-09-15 23:53:43,197.0,14.0,-12.463083,-36.026836
GABRIELA MARTINS,2024-09-15 23:56:07,197.5,14.1,-12.472168,-36.029465
GABRIELA MARTINS,2024-09-15 23:58:54,195.4,14.0,-12.482683,-36.032551
GABRIELA MARTINS,2024-09-16 00:01:48,196.6,14.1,-12.493705,-36.035721
GABRIELA MARTINS,2024-09-16 00:03:07,195.7,14.1,-12.498561,-36.037218
GABRIELA MARTINS,2024-09-16 00:03:55,197.0,14.0,-12.501511,-36.038138
GABRIELA MARTINS,2024-09-16 00:05:55,194.4,14.0,-12.509025,-36.040261
GABRIELA MARTINS,2024-09-16 00:42:54,197.8,14.1,-12.646745,-36.08301
GABRIELA MARTINS,2024-09-16 00:43:30,200.1,14.1,-12.649071,-36.083863
GABRIELA MARTINS,2024-09-16 00:43:48,200.7,14.0,-12.650118,-36.084265
GABRIELA MARTINS,2024-09-16 00:44:06,201.8,14.0,-12.651223,-36.08468
GABRIELA MARTINS,2024-09-16 00:44:13,198.8,14.1,-12.651595,-36.084811
GABRIELA MARTINS,2024-09-16 00:44:30,200.8,14.0,-12.65269,-36.085233
GABRIELA MARTINS,2024-09-16 00:45:24,198.9,14.1,-12.655995,-36.086451
GABRIELA MARTINS,2024-09-16 00:45:42,200.3,14.0,-12.657091,-36.086866
GABRIELA MARTINS,2024-09-16 00:46:18,199.9,14.0,-12.659323,-36.087701
GABRIELA MARTINS,2024-09-16 00:46:42,202.3,14.0,-12.660865,-36.088308
GABRIELA MARTINS,2024-09-16 00:57:19,199.2,13.8,-12.699531,-36.10242
GABRIELA MARTINS,2024-09-16 01:00:35,198.1,13.7,-12.711436,-36.10668
GABRIELA MARTINS,2024-09-16 01:08:13,197.9,13.7,-12.739211,-36.115868
GABRIELA MARTINS,2024-09-16 01:36:15,196.3,13.7,-12.841651,-36.146913
GABRIELA MARTINS,2024-09-16 02:38:45,196.9,13.7,-13.071356,-36.215993
GABRIELA MARTINS,2024-09-16 02:40:55,197.4,13.8,-13.07939,-36.21854
GABRIELA MARTINS,2024-09-16 02:48:25,199.1,13.8,-13.106935,-36.22742
GABRIELA MARTINS,2024-09-16 03:23:28,198.2,13.8,-13.235081,-36.269043
GABRIELA MARTINS,2024-09-16 04:24:49,193.6,13.8,-13.457463,-36.34585
GABRIELA MARTINS,2024-09-16 04:28:18,194.3,13.9,-13.470423,-36.349441
GABRIELA MARTINS,2024-09-16 05:02:38,194.6,13.8,-13.59803,-36.385058
GABRIELA MARTINS,2024-09-16 05:37:47,197.8,13.7,-13.727223,-36.424973
GABRIELA MARTINS,2024-09-16 05:40:49,196.7,13.7,-13.738208,-36.428655
GABRIELA MARTINS,2024-09-16 06:09:39,197.2,13.8,-13.844115,-36.46283
GABRIELA MARTINS,2024-09-16 06:25:58,196.6,13.9,-13.904473,-36.481486
GABRIELA MARTINS,2024-09-16 06:26:47,198.1,13.9,-13.90741,-36.482396
GABRIELA MARTINS,2024-09-16 06:34:48,194.4,13.8,-13.937178,-36.491508
GABRIELA MARTINS,2024-09-16 08:09:49,196.1,13.9,-14.288856,-36.610536
GABRIELA MARTINS,2024-09-16 08:40:40,194.7,13.9,-14.402861,-36.648676
GABRIELA MARTINS,2024-09-16 08:42:53,195.6,14.0,-14.411135,-36.65095
GABRIELA MARTINS,2024-09-16 09:20:23,197.5,14.1,-14.552656,-36.692466
GABRIELA MARTINS,2024-09-16 09:22:58,194.8,14.1,-14.562571,-36.695485
GABRIELA MARTINS,2024-09-16 10:00:46,198.4,13.9,-14.704666,-36.739951
GABRIELA MARTINS,2024-09-16 10:30:33,195.8,13.9,-14.815483,-36.774545
GABRIELA MARTINS,2024-09-16 10:59:03,196.3,14.0,-14.922326,-36.806826
GABRIELA MARTINS,2024-09-16 11:06:15,195.7,14.0,-14.949478,-36.814603
GABRIELA MARTINS,2024-09-16 11:09:49,194.7,14.0,-14.96301,-36.81843
GABRIELA MARTINS,2024-09-16 11:10:32,195.9,14.1,-14.96572,-36.819208
GABRIELA MARTINS,2024-09-16 11:10:44,197.2,14.0,-14.966478,-36.81944
GABRIELA MARTINS,2024-09-16 11:11:44,197.1,14.1,-14.970238,-36.820625
GABRIELA MARTINS,2024-09-16 11:12:50,197.4,14.1,-14.974323,-36.821985
GABRIELA MARTINS,2024-09-16 11:13:08,198.1,14.1,-14.975458,-36.82236
GABRIELA MARTINS,2024-09-16 11:13:13,197.7,14.0,-14.975775,-36.82246
GABRIELA MARTINS,2024-09-16 11:14:02,198.7,14.0,-14.978825,-36.823476
GABRIELA MARTINS,2024-09-16 11:14:43,198.6,14.0,-14.981378,-36.824288
GABRIELA MARTINS,2024-09-16 11:40:39,199.3,13.9,-15.077285,-36.856316
GABRIELA MARTINS,2024-09-16 11:43:33,200.8,13.8,-15.087871,-36.860228
GABRIELA MARTINS,2024-09-16 11:57:50,195.7,14.1,-15.140623,-36.878946
GABRIELA MARTINS,2024-09-16 11:58:26,198.5,14.0,-15.142861,-36.879698
GABRIELA MARTINS,2024-09-16 11:59:01,198.0,14.1,-15.145093,-36.88044
GABRIELA MARTINS,2024-09-16 12:00:43,196.3,14.0,-15.15143,-36.882596
GABRIELA MARTINS,2024-09-16 12:01:14,197.5,14.0,-15.153296,-36.88324
GABRIELA MARTINS,2024-09-16 12:01:26,195.3,14.0,-15.154036,-36.88348
GABRIELA MARTINS,2024-09-16 12:10:03,195.3,13.9,-15.18583,-36.893676
GABRIELA MARTINS,2024-09-16 12:34:19,198.8,13.6,-15.275163,-36.922818
GABRIELA MARTINS,2024-09-16 12:43:39,196.9,13.6,-15.30909,-36.93372
GABRIELA MARTINS,2024-09-16 12:43:59,199.0,13.6,-15.310225,-36.934106
GABRIELA MARTINS,2024-09-16 12:45:59,195.9,13.6,-15.317545,-36.936378
GABRIELA MARTINS,2024-09-16 13:23:40,197.4,13.9,-15.454523,-36.979655
GABRIELA MARTINS,2024-09-16 14:15:37,200.1,13.8,-15.646076,-37.039928
GABRIELA MARTINS,2024-09-16 15:14:26,196.7,13.7,-15.860225,-37.112141
GABRIELA MARTINS,2024-09-16 15:14:46,197.1,13.7,-15.86145,-37.112535
GABRIELA MARTINS,2024-09-16 15:24:17,198.0,13.9,-15.896555,-37.123598
GABRIELA MARTINS,2024-09-16 16:05:37,196.3,13.7,-16.047526,-37.174246
GABRIELA MARTINS,2024-09-16 16:06:43,193.9,13.7,-16.051823,-37.175521
GABRIELA MARTINS,2024-09-16 16:07:04,195.7,13.8,-16.053046,-37.175895
GABRIELA MARTINS,2024-09-16 16:07:13,194.8,13.8,-16.05366,-37.176075
GABRIELA MARTINS,2024-09-16 16:07:34,197.6,13.7,-16.054956,-37.176488
GABRIELA MARTINS,2024-09-16 16:07:43,197.1,13.7,-16.055511,-37.176651
GABRIELA MARTINS,2024-09-16 16:08:22,194.6,13.7,-16.057898,-37.17735
GABRIELA MARTINS,2024-09-16 16:08:54,196.0,13.7,-16.059801,-37.177891
GABRIELA MARTINS,2024-09-16 16:09:04,196.3,13.7,-16.06048,-37.178083
GABRIELA MARTINS,2024-09-16 16:09:22,195.9,13.8,-16.061588,-37.17839
GABRIELA MARTINS,2024-09-16 16:09:34,198.1,13.7,-16.062323,-37.178606
GABRIELA MARTINS,2024-09-16 16:10:43,194.8,13.8,-16.06651,-37.179833
GABRIELA MARTINS,2024-09-16 16:11:43,197.2,13.8,-16.070255,-37.180958
GABRIELA MARTINS,2024-09-16 17:00:54,196.1,13.9,-16.25186,-37.238253
GABRIELA MARTINS,2024-09-16 17:08:36,200.2,14.1,-16.28028,-37.248451
GABRIELA MARTINS,2024-09-16 17:30:18,196.8,14.0,-16.361118,-37.275053
GABRIELA MARTINS,2024-09-16 17:48:58,196.5,14.1,-16.431371,-37.296903
GABRIELA MARTINS,2024-09-16 17:49:22,199.7,14.1,-16.432881,-37.297398
GABRIELA MARTINS,2024-09-16 17:49:28,194.8,14.2,-16.433201,-37.297486
GABRIELA MARTINS,2024-09-16 17:50:22,194.5,14.1,-16.43665,-37.298583
GABRIELA MARTINS,2024-09-16 17:50:34,195.3,14.2,-16.437405,-37.298821
GABRIELA MARTINS,2024-09-16 18:39:34,198.3,14.2,-16.62149,-37.363461
GABRIELA MARTINS,2024-09-16 18:45:04,200.4,14.2,-16.642195,-37.370851
GABRIELA MARTINS,2024-09-16 19:09:00,195.4,14.4,-16.733595,-37.401336
GABRIELA MARTINS,2024-09-16 19:17:00,195.6,14.4,-16.764548,-37.410896
GABRIELA MARTINS,2024-09-16 19:19:59,196.1,14.5,-16.776085,-37.414416
GABRIELA MARTINS,2024-09-16 19:38:53,195.9,14.5,-16.849546,-37.43614
GABRIELA MARTINS,2024-09-16 19:47:53,195.9,14.4,-16.884875,-37.445858
GABRIELA MARTINS,2024-09-16 19:55:42,196.2,14.3,-16.915163,-37.45418
GABRIELA MARTINS,2024-09-16 20:32:40,194.4,13.7,-17.05529,-37.491785
GABRIELA MARTINS,2024-09-16 21:01:54,200.1,14.2,-17.164913,-37.526836
GABRIELA MARTINS,2024-09-16 21:25:25,200.7,14.2,-17.252531,-37.559498
GABRIELA MARTINS,2024-09-16 22:08:30,197.2,13.9,-17.412228,-37.615823
GABRIELA MARTINS,2024-09-16 22:09:24,197.4,13.9,-17.415553,-37.616941
GABRIELA MARTINS,2024-09-16 22:11:39,198.7,13.9,-17.423848,-37.619755
GABRIELA MARTINS,2024-09-16 22:15:21,198.2,13.9,-17.437391,-37.62458
GABRIELA MARTINS,2024-09-16 23:03:19,198.3,13.7,-17.612305,-37.686841
GABRIELA MARTINS,2024-09-16 23:08:01,196.8,13.8,-17.629361,-37.69287
GABRIELA MARTINS,2024-09-16 23:11:20,198.0,13.8,-17.641585,-37.69681
GABRIELA MARTINS,2024-09-16 23:38:37,196.8,13.9,-17.74202,-37.729236
GABRIELA MARTINS,2024-09-16 23:42:27,199.7,13.8,-17.756143,-37.733636
GABRIELA MARTINS,2024-09-17 00:00:46,198.4,13.7,-17.823426,-37.755753
GABRIELA MARTINS,2024-09-17 00:07:08,198.3,13.8,-17.846585,-37.76391
GABRIELA MARTINS,2024-09-17 00:31:34,199.1,13.9,-17.935871,-37.79578
GABRIELA MARTINS,2024-09-17 00:32:51,197.9,13.8,-17.940683,-37.797423
GABRIELA MARTINS,2024-09-17 00:33:51,198.0,13.9,-17.944363,-37.798691
GABRIELA MARTINS,2024-09-17 00:34:01,197.3,13.8,-17.944965,-37.798896
GABRIELA MARTINS,2024-09-17 00:43:02,198.9,13.8,-17.977611,-37.81099
GABRIELA MARTINS,2024-09-17 01:09:14,199.2,13.9,-18.072958,-37.845806
GABRIELA MARTINS,2024-09-17 01:11:37,197.3,13.9,-18.081698,-37.848866
GABRIELA MARTINS,2024-09-17 01:12:07,198.1,13.9,-18.08367,-37.849548
GABRIELA MARTINS,2024-09-17 01:15:37,198.3,13.9,-18.096505,-37.853903
GABRIELA MARTINS,2024-09-17 01:21:16,196.4,13.9,-18.117298,-37.860808
GABRIELA MARTINS,2024-09-17 01:23:28,198.5,13.9,-18.125438,-37.863508
GABRIELA MARTINS,2024-09-17 01:41:03,196.0,13.9,-18.190818,-37.883953
GABRIELA MARTINS,2024-09-17 01:43:46,196.5,13.9,-18.20092,-37.886985
GABRIELA MARTINS,2024-09-17 01:56:09,195.1,13.9,-18.247291,-37.901111
GABRIELA MARTINS,2024-09-17 02:23:22,195.4,14.1,-18.349123,-37.932996
GABRIELA MARTINS,2024-09-17 02:53:46,195.8,14.2,-18.463535,-37.969496
GABRIELA MARTINS,2024-09-17 03:25:03,198.7,14.3,-18.581733,-38.010028
GABRIELA MARTINS,2024-09-17 03:30:40,198.4,14.3,-18.602855,-38.01751
GABRIELA MARTINS,2024-09-17 03:57:04,195.1,14.4,-18.704181,-38.048461
GABRIELA MARTINS,2024-09-17 04:01:51,193.6,14.4,-18.722836,-38.05344
GABRIELA MARTINS,2024-09-17 04:09:45,193.0,14.5,-18.75367,-38.061113
GABRIELA MARTINS,2024-09-17 04:33:52,196.4,14.6,-18.84743,-38.089486
GABRIELA MARTINS,2024-09-17 04:39:32,199.0,14.5,-18.869306,-38.097123
GABRIELA MARTINS,2024-09-17 05:07:18,202.7,13.8,-18.971768,-38.138655
GABRIELA MARTINS,2024-09-17 05:30:39,207.0,13.7,-19.052221,-38.179568
GABRIELA MARTINS,2024-09-17 05:39:39,205.8,13.7,-19.083315,-38.195391
GABRIELA MARTINS,2024-09-17 07:09:32,205.8,14.3,-19.397131,-38.361198
GABRIELA MARTINS,2024-09-17 07:11:13,207.0,14.2,-19.403123,-38.36443
GABRIELA MARTINS,2024-09-17 07:14:01,207.6,14.3,-19.413113,-38.369766
GABRIELA MARTINS,2024-09-17 07:21:49,207.5,14.3,-19.440818,-38.384491
GABRIELA MARTINS,2024-09-17 07:24:19,206.3,14.3,-19.449745,-38.389253
GABRIELA MARTINS,2024-09-17 07:38:14,207.4,14.3,-19.498965,-38.416126
GABRIELA MARTINS,2024-09-17 07:45:02,209.9,14.5,-19.523048,-38.429735
GABRIELA MARTINS,2024-09-17 08:20:38,205.9,14.9,-19.653068,-38.502075
GABRIELA MARTINS,2024-09-17 08:57:01,203.8,14.5,-19.786196,-38.57084
GABRIELA MARTINS,2024-09-17 09:22:50,205.6,14.7,-19.881316,-38.619313
GABRIELA MARTINS,2024-09-17 09:27:44,205.1,14.7,-19.899438,-38.628405
GABRIELA MARTINS,2024-09-17 10:33:56,205.5,14.2,-20.138866,-38.750995
GABRIELA MARTINS,2024-09-17 10:39:32,206.3,14.1,-20.158536,-38.761573
GABRIELA MARTINS,2024-09-17 10:44:56,206.3,14.1,-20.17748,-38.771753
GABRIELA MARTINS,2024-09-17 11:07:56,206.7,14.2,-20.258516,-38.815343
GABRIELA MARTINS,2024-09-17 11:39:07,207.1,14.3,-20.369483,-38.874481
GABRIELA MARTINS,2024-09-17 11:44:37,206.5,14.4,-20.389176,-38.884931
GABRIELA MARTINS,2024-09-17 11:45:43,204.7,14.4,-20.393228,-38.887048
GABRIELA MARTINS,2024-09-17 11:45:49,208.5,14.4,-20.393523,-38.887218
GABRIELA MARTINS,2024-09-17 11:55:26,207.4,14.6,-20.428365,-38.905701
GABRIELA MARTINS,2024-09-17 11:56:08,206.9,14.7,-20.430933,-38.907065
GABRIELA MARTINS,2024-09-17 12:25:07,208.8,14.8,-20.537421,-38.964235
GABRIELA MARTINS,2024-09-17 12:30:38,208.8,14.8,-20.55755,-38.975545
GABRIELA MARTINS,2024-09-17 12:33:19,209.0,14.8,-20.5673,-38.981085
GABRIELA MARTINS,2024-09-17 12:35:56,207.0,14.7,-20.57681,-38.986421
GABRIELA MARTINS,2024-09-17 12:37:01,207.2,14.6,-20.580833,-38.988595
GABRIELA MARTINS,2024-09-17 12:38:25,208.5,14.6,-20.585841,-38.991353
GABRIELA MARTINS,2024-09-17 12:38:37,207.6,14.6,-20.58662,-38.99178
GABRIELA MARTINS,2024-09-17 12:39:31,207.9,14.6,-20.589846,-38.993566
GABRIELA MARTINS,2024-09-17 12:40:31,207.8,14.5,-20.593373,-38.995541
GABRIELA MARTINS,2024-09-17 13:13:38,207.0,14.0,-20.711228,-39.059513
GABRIELA MARTINS,2024-09-17 13:14:13,205.7,14.0,-20.713311,-39.060631
GABRIELA MARTINS,2024-09-17 13:23:56,207.7,13.9,-20.74693,-39.078778
GABRIELA MARTINS,2024-09-17 14:18:58,205.8,13.5,-20.937265,-39.177495
GABRIELA MARTINS,2024-09-17 15:02:48,206.8,13.0,-21.081688,-39.254208
GABRIELA MARTINS,2024-09-17 15:59:58,230.2,12.7,-21.242801,-39.378221
GABRIELA MARTINS,2024-09-17 16:02:40,230.1,12.7,-21.248943,-39.38609
GABRIELA MARTINS,2024-09-17 16:20:55,234.8,12.6,-21.288036,-39.440628
GABRIELA MARTINS,2024-09-17 16:21:15,235.9,12.6,-21.288715,-39.441721
GABRIELA MARTINS,2024-09-17 16:22:05,233.6,12.6,-21.290408,-39.444288
GABRIELA MARTINS,2024-09-17 16:22:34,233.0,12.6,-21.291388,-39.44571
GABRIELA MARTINS,2024-09-17 16:24:55,233.9,12.8,-21.296398,-39.45286
GABRIELA MARTINS,2024-09-17 16:25:45,234.3,12.7,-21.298098,-39.455353
GABRIELA MARTINS,2024-09-17 16:26:15,234.5,12.7,-21.299163,-39.456941
GABRIELA MARTINS,2024-09-17 19:20:09,228.8,11.9,-21.676235,-39.972546
GABRIELA MARTINS,2024-09-17 19:27:49,230.6,12.1,-21.6926,-39.99421
GABRIELA MARTINS,2024-09-17 19:29:19,233.8,12.1,-21.695731,-39.998458
GABRIELA MARTINS,2024-09-17 20:04:19,230.3,12.2,-21.770678,-40.095603
GABRIELA MARTINS,2024-09-17 20:23:17,238.6,11.9,-21.810275,-40.150131
GABRIELA MARTINS,2024-09-17 20:37:38,232.2,12.4,-21.839961,-40.191411
GABRIELA MARTINS,2024-09-17 21:01:40,236.4,12.7,-21.88801,-40.265093
GABRIELA MARTINS,2024-09-17 21:12:28,234.7,12.5,-21.909068,-40.298703
GABRIELA MARTINS,2024-09-17 21:16:18,233.8,12.5,-21.91678,-40.310423
GABRIELA MARTINS,2024-09-17 22:02:27,234.8,12.2,-22.00323,-40.453185
GABRIELA MARTINS,2024-09-17 22:23:10,226.9,12.2,-22.049783,-40.5097
GABRIELA MARTINS,2024-09-17 22:53:28,229.6,12.4,-22.1207,-40.590956
GABRIELA MARTINS,2024-09-18 00:15:39,242.9,12.8,-22.290526,-40.84219
GABRIELA MARTINS,2024-09-18 00:53:27,225.7,12.1,-22.369118,-40.95383
GABRIELA MARTINS,2024-09-18 00:54:07,225.5,12.2,-22.37074,-40.955523
GABRIELA MARTINS,2024-09-18 00:55:07,226.1,12.2,-22.373206,-40.95803
GABRIELA MARTINS,2024-09-18 00:56:48,225.7,12.2,-22.377265,-40.962286
GABRIELA MARTINS,2024-09-18 00:57:39,222.8,12.1,-22.379373,-40.964518
GABRIELA MARTINS,2024-09-18 01:23:30,232.1,12.5,-22.441256,-41.032966
GABRIELA MARTINS,2024-09-18 01:26:49,234.2,12.5,-22.448331,-41.042756
GABRIELA MARTINS,2024-09-18 01:31:59,231.8,12.6,-22.45929,-41.058103
GABRIELA MARTINS,2024-09-18 01:56:09,231.5,12.5,-22.510958,-41.129343
GABRIELA MARTINS,2024-09-18 02:03:09,233.2,12.5,-22.525728,-41.15005
GABRIELA MARTINS,2024-09-18 02:08:08,231.8,12.4,-22.53627,-41.164816
GABRIELA MARTINS,2024-09-18 02:25:08,236.3,12.4,-22.572043,-41.215275
GABRIELA MARTINS,2024-09-18 02:27:38,232.5,12.5,-22.577233,-41.222793
GABRIELA MARTINS,2024-09-18 02:58:07,232.7,12.3,-22.639308,-41.313698
GABRIELA MARTINS,2024-09-18 04:45:48,230.4,12.2,-22.862916,-41.636085
GABRIELA MARTINS,2024-09-18 04:57:18,232.8,12.3,-22.886758,-41.669886
GABRIELA MARTINS,2024-09-18 06:12:48,235.1,11.2,-23.040353,-41.881156
GABRIELA MARTINS,2024-09-18 06:21:38,230.2,11.3,-23.056945,-41.905043
GABRIELA MARTINS,2024-09-18 06:42:38,260.4,11.0,-23.09583,-41.962033
GABRIELA MARTINS,2024-09-18 07:57:28,264.5,12.7,-23.120355,-42.22972
GABRIELA MARTINS,2024-09-18 07:59:58,264.9,12.6,-23.120953,-42.239213
GABRIELA MARTINS,2024-09-18 08:25:20,262.0,12.7,-23.127413,-42.335651
GABRIELA MARTINS,2024-09-18 09:02:49,266.4,12.4,-23.134561,-42.477433
GABRIELA MARTINS,2024-09-18 09:33:09,266.8,12.5,-23.141156,-42.590595
GABRIELA MARTINS,2024-09-18 09:44:07,264.9,12.5,-23.143846,-42.631921
GABRIELA MARTINS,2024-09-18 10:42:47,262.2,11.7,-23.159885,-42.842011
GABRIELA MARTINS,2024-09-18 12:56:47,248.9,12.7,-23.290671,-43.299796
GABRIELA MARTINS,2024-09-18 14:54:00,249.1,12.3,-23.425463,-43.711015
GABRIELA MARTINS,2024-09-18 15:51:08,249.2,13.3,-23.502906,-43.918778
GABRIELA MARTINS,2024-09-18 16:40:29,246.9,13.1,-23.569833,-44.103508
GABRIELA MARTINS,2024-09-18 17:36:48,243.3,12.9,-23.656313,-44.303238
GABRIELA MARTINS,2024-09-18 18:13:05,243.6,12.5,-23.715588,-44.426278
GABRIELA MARTINS,2024-09-18 18:20:59,240.6,12.6,-23.728051,-44.452836
GABRIELA MARTINS,2024-09-18 18:23:47,243.5,12.5,-23.73252,-44.462381
GABRIELA MARTINS,2024-09-18 18:27:47,242.7,12.6,-23.73878,-44.476023
GABRIELA MARTINS,2024-09-18 19:04:19,243.3,12.3,-23.796853,-44.599843
GABRIELA MARTINS,2024-09-18 19:17:19,244.8,12.1,-23.816343,-44.64325
GABRIELA MARTINS,2024-09-18 20:08:28,244.8,12.1,-23.892983,-44.814778
GABRIELA MARTINS,2024-09-18 20:11:28,242.9,12.1,-23.897545,-44.824485
GABRIELA MARTINS,2024-09-18 21:10:08,239.3,12.7,-23.99668,-45.015018
GABRIELA MARTINS,2024-09-18 21:53:49,244.0,12.6,-24.065715,-45.16428
GABRIELA MARTINS,2024-09-18 22:01:59,244.4,12.7,-24.078681,-45.192275
GABRIELA MARTINS,2024-09-18 22:45:19,225.4,12.8,-24.174123,-45.321753
GABRIELA MARTINS,2024-09-18 23:04:38,226.3,12.7,-24.221598,-45.376143
GABRIELA MARTINS,2024-09-18 23:48:48,224.5,12.7,-24.331073,-45.498256
GABRIELA MARTINS,2024-09-18 23:56:27,223.8,12.7,-24.35057,-45.518735
GABRIELA MARTINS,2024-09-19 00:29:49,225.1,12.8,-24.434671,-45.61042
GABRIELA MARTINS,2024-09-19 00:32:10,226.0,12.8,-24.440463,-45.617058
GABRIELA MARTINS,2024-09-19 00:32:38,226.7,12.8,-24.441655,-45.618425
GABRIELA MARTINS,2024-09-19 00:32:47,226.4,12.8,-24.442025,-45.618853
GABRIELA MARTINS,2024-09-19 00:33:57,225.8,12.8,-24.444868,-45.622176
GABRIELA MARTINS,2024-09-19 01:00:08,228.1,12.6,-24.507173,-45.697513
GABRIELA MARTINS,2024-09-19 01:25:09,227.7,12.4,-24.565438,-45.768788
GABRIELA MARTINS,2024-09-19 01:28:18,224.0,12.5,-24.572986,-45.777368
GABRIELA MARTINS,2024-09-19 02:01:29,225.5,12.4,-24.652206,-45.868788
GABRIELA MARTINS,2024-09-19 02:09:19,225.9,12.5,-24.670605,-45.890696
GABRIELA MARTINS,2024-09-19 02:40:18,221.1,12.7,-24.746436,-45.97607
GABRIELA MARTINS,2024-09-19 02:48:29,225.0,12.8,-24.767335,-45.997758
GABRIELA MARTINS,2024-09-19 03:55:09,224.0,13.1,-24.941218,-46.180531
GABRIELA MARTINS,2024-09-19 04:20:07,225.4,13.3,-25.005906,-46.252398
GABRIELA MARTINS,2024-09-19 04:31:38,225.2,13.4,-25.035171,-46.286311
GABRIELA MARTINS,2024-09-19 05:02:49,225.6,13.2,-25.117053,-46.375345
GABRIELA MARTINS,2024-09-19 05:06:09,224.3,13.2,-25.125785,-46.384811
GABRIELA MARTINS,2024-09-19 06:59:48,224.9,13.0,-25.41776,-46.710651
GABRIELA MARTINS,2024-09-19 07:01:58,225.5,13.1,-25.423366,-46.716748
GABRIELA MARTINS,2024-09-19 08:03:09,225.9,12.8,-25.57987,-46.88695
GABRIELA MARTINS,2024-09-19 08:06:09,223.6,12.8,-25.58751,-46.895173
GABRIELA MARTINS,2024-09-19 08:34:58,224.3,12.5,-25.660276,-46.972438
GABRIELA MARTINS,2024-09-19 08:40:38,223.3,12.5,-25.674098,-46.987136
GABRIELA MARTINS,2024-09-19 09:10:29,228.3,12.4,-25.747331,-47.069033
GABRIELA MARTINS,2024-09-19 10:16:58,207.9,12.0,-25.903583,-47.250168
GABRIELA MARTINS,2024-09-19 12:39:27,206.4,12.6,-26.340641,-47.506623
GABRIELA MARTINS,2024-09-19 14:00:18,211.2,12.7,-26.589805,-47.657815
GABRIELA MARTINS,2024-09-19 14:03:58,205.0,12.8,-26.601465,-47.664611
GABRIELA MARTINS,2024-09-19 15:43:08,205.4,13.2,-26.920501,-47.852248
GABRIELA MARTINS,2024-09-19 16:38:09,207.8,13.1,-27.098693,-47.95979
GABRIELA MARTINS,2024-09-19 16:50:57,205.8,13.1,-27.140768,-47.983078
GABRIELA MARTINS,2024-09-19 16:52:15,207.5,13.1,-27.14509,-47.985455
GABRIELA MARTINS,2024-09-19 16:57:46,205.4,13.2,-27.16339,-47.995143
GABRIELA MARTINS,2024-09-19 17:29:37,206.4,13.5,-27.26934,-48.056261
GABRIELA MARTINS,2024-09-19 17:32:37,205.7,13.6,-27.279343,-48.062198
GABRIELA MARTINS,2024-09-19 18:32:07,196.2,12.8,-27.472115,-48.173331
GABRIELA MARTINS,2024-09-19 19:49:08,193.0,13.6,-27.747973,-48.261415
GABRIELA MARTINS,2024-09-19 20:25:59,195.4,13.9,-27.885413,-48.299341
GABRIELA MARTINS,2024-09-19 20:57:58,192.1,14.1,-28.007188,-48.332388
GABRIELA MARTINS,2024-09-19 20:58:15,194.1,14.1,-28.0083,-48.332698
GABRIELA MARTINS,2024-09-19 21:21:15,194.3,13.9,-28.09617,-48.355883
GABRIELA MARTINS,2024-09-19 21:28:04,191.7,13.9,-28.121848,-48.362625
GABRIELA MARTINS,2024-09-19 21:44:39,194.0,13.8,-28.184095,-48.378995
GABRIELA MARTINS,2024-09-19 21:50:19,191.6,13.8,-28.205388,-48.384551
GABRIELA MARTINS,2024-09-19 21:59:17,196.2,13.9,-28.238818,-48.393958
GABRIELA MARTINS,2024-09-19 22:07:47,193.8,13.9,-28.270765,-48.403221
GABRIELA MARTINS,2024-09-19 22:36:29,195.3,14.2,-28.379953,-48.434078
GABRIELA MARTINS,2024-09-19 22:38:52,197.0,14.2,-28.389145,-48.436593
GABRIELA MARTINS,2024-09-19 22:40:47,194.0,14.2,-28.396415,-48.438733
GABRIELA MARTINS,2024-09-19 22:56:00,195.9,14.1,-28.45468,-48.454655
GABRIELA MARTINS,2024-09-19 23:09:00,192.6,14.1,-28.504261,-48.468943
GABRIELA MARTINS,2024-09-19 23:30:45,222.7,13.9,-28.56821,-48.528936
GABRIELA MARTINS,2024-09-20 00:08:48,225.9,13.9,-28.673305,-48.645356
GABRIELA MARTINS,2024-09-20 00:11:47,225.1,13.9,-28.681553,-48.654605
GABRIELA MARTINS,2024-09-20 00:12:47,224.2,13.8,-28.684268,-48.657695
GABRIELA MARTINS,2024-09-20 00:35:13,228.7,14.0,-28.745835,-48.727891
GABRIELA MARTINS,2024-09-20 01:01:54,223.0,14.5,-28.821806,-48.812935
GABRIELA MARTINS,2024-09-20 01:05:37,226.5,14.5,-28.83246,-48.824823
GABRIELA MARTINS,2024-09-20 01:48:31,224.0,14.7,-28.95784,-48.961846
GABRIELA MARTINS,2024-09-20 01:49:30,224.6,14.7,-28.960808,-48.965093
GABRIELA MARTINS,2024-09-20 01:50:00,222.8,14.7,-28.96227,-48.966698
GABRIELA MARTINS,2024-09-20 01:53:12,222.4,14.8,-28.971888,-48.976791
GABRIELA MARTINS,2024-09-20 01:59:30,223.1,14.9,-28.9908,-48.997078
GABRIELA MARTINS,2024-09-20 02:07:28,223.8,14.8,-29.014926,-49.022865
GABRIELA MARTINS,2024-09-20 02:07:29,223.8,14.8,-29.014926,-49.022865
GABRIELA MARTINS,2024-09-20 02:09:37,221.9,14.8,-29.021191,-49.029601
GABRIELA MARTINS,2024-09-20 02:22:18,222.9,15.0,-29.059495,-49.070998
GABRIELA MARTINS,2024-09-20 02:37:54,224.2,14.9,-29.106131,-49.122075
GABRIELA MARTINS,2024-09-20 02:49:07,218.9,14.8,-29.1417,-49.155906
GABRIELA MARTINS,2024-09-20 02:51:24,216.2,14.9,-29.149165,-49.162486
GABRIELA MARTINS,2024-09-20 02:54:18,215.9,14.9,-29.15872,-49.170698
GABRIELA MARTINS,2024-09-20 02:59:42,214.1,14.8,-29.17655,-49.186025
GABRIELA MARTINS,2024-09-20 03:21:01,220.9,14.5,-29.242421,-49.249938
GABRIELA MARTINS,2024-09-20 03:46:05,223.5,14.1,-29.317605,-49.325581
GABRIELA MARTINS,2024-09-20 04:06:49,219.9,14.0,-29.378735,-49.387183
GABRIELA MARTINS,2024-09-20 04:10:35,221.8,13.9,-29.389756,-49.398265
GABRIELA MARTINS,2024-09-20 04:44:36,223.8,14.1,-29.489261,-49.500395
GABRIELA MARTINS,2024-09-20 05:13:24,218.0,13.9,-29.572036,-49.585645
GABRIELA MARTINS,2024-09-20 06:06:23,220.0,13.3,-29.731666,-49.724838
GABRIELA MARTINS,2024-09-20 07:02:44,220.6,12.2,-29.887291,-49.874691
GABRIELA MARTINS,2024-09-20 07:48:23,249.0,6.2,-29.979103,-49.975405
GABRIELA MARTINS,2024-09-20 08:09:43,273.6,0.5,-29.98286,-49.999855
GABRIELA MARTINS,2024-09-20 09:49:10,300.7,0.1,-29.984035,-50.000308
GABRIELA MARTINS,2024-09-20 12:19:09,12.0,0.2,-29.984293,-50.000106
GABRIELA MARTINS,2024-09-20 21:43:10,157.8,0.0,-29.983226,-50.00123
GABRIELA MARTINS,2024-09-21 16:40:10,201.3,0.1,-29.980006,-50.001215
GABRIELA MARTINS,2024-09-21 17:08:24,186.3,0.0,-29.98049,-50.00167
GABRIELA MARTINS,2024-09-21 17:11:24,199.2,0.0,-29.980465,-50.001623
GABRIELA MARTINS,2024-09-21 18:03:37,160.7,2.3,-29.981111,-49.995918
GABRIELA MARTINS,2024-09-21 18:52:46,97.4,0.8,-30.002038,-50.029686
GABRIELA MARTINS,2024-09-21 18:57:17,268.0,0.5,-30.002011,-50.029531
GABRIELA MARTINS,2024-09-21 22:27:01,200.1,0.1,-30.001135,-50.031631
GABRIELA MARTINS,2024-09-22 03:09:01,13.6,0.1,-30.002071,-50.031551
GABRIELA MARTINS,2024-09-23 03:21:01,116.4,0.4,-30.005261,-50.029195
GABRIELA MARTINS,2024-09-23 15:42:01,61.5,0.1,-30.005025,-50.029513
GABRIELA MARTINS,2024-09-23 16:23:56,301.6,0.2,-30.005111,-50.029486
GABRIELA MARTINS,2024-09-23 17:33:01,299.1,0.2,-30.004983,-50.029575
GABRIELA MARTINS,2024-09-24 03:51:01,309.5,0.1,-30.004338,-50.030625
GABRIELA MARTINS,2024-09-24 04:12:01,166.7,0.1,-30.003471,-50.031065
GABRIELA MARTINS,2024-09-24 06:36:00,331.3,0.0,-30.003308,-50.031173
GABRIELA MARTINS,2024-09-24 07:42:01,183.9,0.1,-30.002491,-50.031448
GABRIELA MARTINS,2024-09-24 23:30:01,2.7,0.1,-30.003855,-50.03084
GABRIELA MARTINS,2024-09-24 23:33:01,140.5,0.1,-30.003921,-50.030728
GABRIELA MARTINS,2024-09-25 01:39:00,8.2,0.4,-30.003905,-50.030635
GABRIELA MARTINS,2024-09-25 04:27:01,347.3,0.1,-30.004356,-50.030651
GABRIELA MARTINS,2024-09-25 16:03:01,115.4,0.1,-30.004911,-50.029438
GABRIELA MARTINS,2024-09-26 00:09:01,318.0,0.1,-30.004755,-50.03001
GABRIELA MARTINS,2024-09-26 00:30:01,141.1,0.1,-30.004708,-50.030048
GABRIELA MARTINS,2024-09-26 07:27:01,285.9,0.1,-30.004995,-50.029345
GABRIELA MARTINS,2024-09-26 08:48:01,119.3,0.2,-30.004973,-50.029525
GABRIELA MARTINS,2024-09-26 12:15:01,348.7,0.2,-30.00498,-50.029301
GABRIELA MARTINS,2024-09-26 14:45:00,54.7,0.1,-30.004626,-50.029113
GABRIELA MARTINS,2024-09-26 16:15:01,99.5,0.1,-30.004001,-50.03033
GABRIELA MARTINS,2024-09-27 00:42:01,67.3,0.1,-30.001161,-50.03092
GABRIELA MARTINS,2024-09-27 01:15:01,243.0,0.1,-30.00111,-50.030913
GABRIELA MARTINS,2024-09-27 04:12:00,48.7,0.1,-30.001456,-50.030731
GABRIELA MARTINS,2024-09-27 06:27:01,261.8,0.1,-30.00047,-50.029605
GABRIELA MARTINS,2024-09-27 10:24:01,113.4,0.1,-29.999248,-50.028616
GABRIELA MARTINS,2024-09-27 18:15:01,70.4,0.4,-29.998821,-50.030063
GABRIELA MARTINS,2024-09-27 22:57:00,99.3,0.2,-29.999823,-50.031115
GABRIELA MARTINS,2024-09-28 08:36:01,9.6,0.3,-30.000066,-50.03117
GABRIELA MARTINS,2024-09-28 10:15:01,44.3,0.1,-29.999351,-50.030851
GABRIELA MARTINS,2024-09-28 12:27:01,9.1,0.1,-29.999478,-50.030905
GABRIELA MARTINS,2024-09-28 12:54:00,357.4,0.1,-29.999313,-50.03095
GABRIELA MARTINS,2024-09-28 20:42:01,347.3,0.4,-30.001335,-50.031735
GABRIELA MARTINS,2024-09-29 00:00:01,142.4,0.4,-30.003513,-50.031253
GABRIELA MARTINS,2024-09-29 00:12:01,332.9,0.6,-30.00361,-50.03117
GABRIELA MARTINS,2024-09-29 01:21:01,173.8,0.1,-30.004126,-50.030703
GABRIELA MARTINS,2024-09-29 06:09:01,116.2,0.1,-30.004815,-50.02981
GABRIELA MARTINS,2024-09-29 06:51:01,127.9,0.5,-30.004741,-50.029945
GABRIELA MARTINS,2024-09-29 08:18:01,116.5,0.1,-30.004666,-50.029885
GABRIELA MARTINS,2024-09-29 13:54:00,32.8,0.3,-30.00441,-50.030316
GABRIELA MARTINS,2024-09-29 17:09:00,145.8,0.0,-30.004223,-50.030653
GABRIELA MARTINS,2024-09-29 17:27:00,322.0,0.3,-30.00409,-50.030811
GABRIELA MARTINS,2024-09-29 17:57:01,286.1,0.0,-30.004148,-50.0308
GABRIELA MARTINS,2024-09-29 19:54:01,72.5,0.1,-30.004081,-50.03079
GABRIELA MARTINS,2024-09-29 22:09:00,123.0,0.1,-30.004568,-50.030296
GABRIELA MARTINS,2024-09-29 23:45:00,314.6,0.4,-30.004511,-50.030305
GABRIELA MARTINS,2024-09-30 01:33:00,293.9,0.2,-30.00477,-50.03005
GABRIELA MARTINS,2024-09-30 03:27:01,162.3,0.2,-30.00483,-50.02997
GABRIELA MARTINS,2024-09-30 06:27:01,121.1,0.2,-30.004758,-50.030025
GABRIELA MARTINS,2024-09-30 09:09:00,312.2,0.2,-30.00484,-50.029801
GABRIELA MARTINS,2024-09-30 09:57:01,97.3,0.1,-30.004725,-50.030048
GABRIELA MARTINS,2024-09-30 14:36:01,296.1,0.0,-30.00486,-50.029693
GABRIELA MARTINS,2024-09-30 17:00:01,303.6,0.0,-30.004841,-50.029795
GABRIELA MARTINS,2024-09-30 18:39:01,149.0,0.0,-30.004733,-50.03002
GABRIELA MARTINS,2024-09-30 20:39:01,138.6,0.1,-30.004683,-50.030135
GABRIELA MARTINS,2024-09-30 22:39:01,115.4,0.3,-30.004703,-50.030181
GABRIELA MARTINS,2024-09-30 23:57:00,297.8,0.2,-30.004668,-50.03009
GABRIELA MARTINS,2024-10-01 02:51:00,94.2,0.1,-30.004591,-50.030226
GABRIELA MARTINS,2024-10-01 14:42:01,188.7,0.0,-30.002551,-50.031506
GABRIELA MARTINS,2024-10-01 15:27:00,173.5,0.0,-30.002428,-50.031548
GABRIELA MARTINS,2024-10-01 21:30:01,135.4,0.0,-30.004195,-50.030848
GABRIELA MARTINS,2024-10-01 22:24:00,288.7,0.1,-30.004298,-50.030651
GABRIELA MARTINS,2024-10-02 04:54:01,297.6,0.2,-30.004251,-50.029765
GABRIELA MARTINS,2024-10-02 06:03:00,92.8,0.1,-30.004525,-50.029438
GABRIELA MARTINS,2024-10-02 16:45:00,264.1,0.0,-29.998696,-50.027955
GABRIELA MARTINS,2024-10-02 19:00:01,314.0,0.3,-29.998268,-50.028063
GABRIELA MARTINS,2024-10-02 21:03:00,270.4,0.0,-29.998243,-50.027968
GABRIELA MARTINS,2024-10-03 03:27:00,113.9,0.2,-29.998235,-50.02769
GABRIELA MARTINS,2024-10-03 10:33:08,266.0,2.2,-30.003436,-50.040961
GABRIELA MARTINS,2024-10-03 11:23:28,259.4,2.2,-30.015803,-50.068131
GABRIELA MARTINS,2024-10-03 11:26:28,249.2,2.4,-30.016045,-50.070103
GABRIELA MARTINS,2024-10-03 11:39:26,211.9,1.3,-30.018571,-50.074926
GABRIELA MARTINS,2024-10-03 11:40:17,203.2,1.3,-30.018801,-50.075075
GABRIELA MARTINS,2024-10-03 11:42:57,201.9,1.3,-30.019628,-50.075723
GABRIELA MARTINS,2024-10-03 11:44:38,225.6,1.1,-30.02009,-50.076138
GABRIELA MARTINS,2024-10-03 11:44:57,224.4,1.1,-30.020176,-50.076243
GABRIELA MARTINS,2024-10-03 11:45:38,214.9,1.2,-30.02037,-50.076433
GABRIELA MARTINS,2024-10-03 11:46:26,191.3,1.2,-30.020621,-50.076586
GABRIELA MARTINS,2024-10-03 11:46:38,200.2,1.1,-30.02068,-50.076611
GABRIELA MARTINS,2024-10-03 11:47:07,196.6,1.1,-30.020831,-50.076643
GABRIELA MARTINS,2024-10-03 11:47:16,192.2,1.1,-30.020878,-50.076645
GABRIELA MARTINS,2024-10-04 16:29:05,31.1,4.6,-29.996166,-50.080858
GABRIELA MARTINS,2024-10-04 16:32:45,35.8,6.1,-29.991508,-50.077303
GABRIELA MARTINS,2024-10-04 17:04:26,77.4,12.3,-29.964086,-49.983615
GABRIELA MARTINS,2024-10-04 17:35:16,83.5,13.1,-29.948451,-49.857823
GABRIELA MARTINS,2024-10-04 17:41:45,85.0,12.9,-29.946043,-49.831011
GABRIELA MARTINS,2024-10-04 17:46:05,79.4,12.8,-29.943806,-49.81349
GABRIELA MARTINS,2024-10-04 17:54:44,81.6,12.7,-29.938785,-49.778926
GABRIELA MARTINS,2024-10-04 18:10:05,83.6,12.7,-29.930993,-49.71715
GABRIELA MARTINS,2024-10-04 18:44:56,82.6,12.4,-29.913296,-49.578348
GABRIELA MARTINS,2024-10-04 18:49:45,79.4,12.5,-29.910786,-49.559386
GABRIELA MARTINS,2024-10-04 18:58:05,84.2,12.4,-29.907585,-49.526518
GABRIELA MARTINS,2024-10-04 19:26:05,84.0,12.6,-29.894481,-49.415936
GABRIELA MARTINS,2024-10-04 19:36:45,83.7,12.6,-29.889008,-49.373393
GABRIELA MARTINS,2024-10-04 20:00:45,81.0,12.9,-29.876648,-49.27668
GABRIELA MARTINS,2024-10-04 20:12:55,80.4,12.9,-29.869901,-49.227135
GABRIELA MARTINS,2024-10-04 20:15:16,81.6,12.9,-29.868606,-49.217478
GABRIELA MARTINS,2024-10-04 20:29:45,80.4,12.9,-29.860485,-49.15871
GABRIELA MARTINS,2024-10-04 21:19:55,81.6,12.7,-29.830961,-48.95566
GABRIELA MARTINS,2024-10-04 21:23:36,81.5,12.7,-29.828915,-48.940926
GABRIELA MARTINS,2024-10-04 21:41:06,65.8,12.8,-29.80667,-48.874953
GABRIELA MARTINS,2024-10-04 22:15:16,63.7,13.0,-29.755641,-48.746698
GABRIELA MARTINS,2024-10-04 23:06:45,61.3,13.0,-29.664256,-48.560713
GABRIELA MARTINS,2024-10-04 23:43:46,60.8,12.9,-29.602391,-48.426406
GABRIELA MARTINS,2024-10-04 23:47:25,60.0,12.9,-29.596275,-48.413116
GABRIELA MARTINS,2024-10-04 23:51:25,62.7,12.9,-29.58965,-48.398565
GABRIELA MARTINS,2024-10-05 00:16:35,63.5,13.0,-29.548488,-48.305923
GABRIELA MARTINS,2024-10-05 00:17:24,63.2,13.0,-29.547088,-48.30285
GABRIELA MARTINS,2024-10-05 00:43:34,63.9,12.6,-29.504391,-48.207295
GABRIELA MARTINS,2024-10-05 00:52:25,62.7,12.4,-29.49101,-48.175723
GABRIELA MARTINS,2024-10-05 01:33:46,64.0,12.7,-29.422188,-48.029595
GABRIELA MARTINS,2024-10-05 01:53:54,61.4,12.6,-29.389298,-47.957968
GABRIELA MARTINS,2024-10-05 01:57:54,60.5,12.6,-29.382793,-47.94366
GABRIELA MARTINS,2024-10-05 02:33:16,61.4,12.4,-29.325035,-47.819048
GABRIELA MARTINS,2024-10-05 02:37:55,62.7,12.4,-29.317618,-47.802816
GABRIELA MARTINS,2024-10-05 03:09:55,62.9,12.5,-29.26637,-47.690761
GABRIELA MARTINS,2024-10-05 03:13:14,62.0,12.5,-29.261063,-47.679045
GABRIELA MARTINS,2024-10-05 03:17:44,64.7,12.5,-29.254375,-47.663038
GABRIELA MARTINS,2024-10-05 03:21:46,63.7,12.5,-29.248438,-47.648576
GABRIELA MARTINS,2024-10-05 03:46:24,61.5,12.1,-29.209668,-47.562808
GABRIELA MARTINS,2024-10-05 04:18:15,62.2,12.1,-29.15952,-47.454026
GABRIELA MARTINS,2024-10-05 04:21:56,61.7,12.0,-29.15385,-47.441493
GABRIELA MARTINS,2024-10-05 05:05:03,60.0,12.0,-29.08766,-47.29385
GABRIELA MARTINS,2024-10-05 05:51:14,61.0,12.3,-29.01241,-47.135385
GABRIELA MARTINS,2024-10-05 06:52:04,62.5,11.7,-28.922548,-46.928585
GABRIELA MARTINS,2024-10-05 06:52:05,62.5,11.7,-28.922548,-46.928585
GABRIELA MARTINS,2024-10-05 07:32:04,14.4,12.1,-28.802108,-46.87964
GABRIELA MARTINS,2024-10-05 07:41:53,15.3,12.2,-28.76962,-46.870948
GABRIELA MARTINS,2024-10-05 08:36:45,18.1,11.6,-28.596145,-46.814386
GABRIELA MARTINS,2024-10-05 09:22:35,21.6,11.7,-28.45278,-46.756085
GABRIELA MARTINS,2024-10-05 11:24:54,15.6,12.3,-28.04929,-46.652391
GABRIELA MARTINS,2024-10-05 11:55:34,16.2,12.6,-27.947466,-46.618578
GABRIELA MARTINS,2024-10-05 12:59:45,16.8,12.4,-27.731751,-46.55361
GABRIELA MARTINS,2024-10-05 15:32:14,11.9,13.1,-27.21717,-46.399635
GABRIELA MARTINS,2024-10-05 15:35:24,15.4,13.1,-27.205988,-46.396415
GABRIELA MARTINS,2024-10-05 16:20:06,16.2,13.1,-27.047626,-46.350605
GABRIELA MARTINS,2024-10-05 16:24:45,17.8,13.2,-27.031208,-46.345706
GABRIELA MARTINS,2024-10-05 17:54:24,357.7,13.3,-26.699676,-46.334123
GABRIELA MARTINS,2024-10-05 18:01:36,356.3,13.4,-26.672801,-46.334818
GABRIELA MARTINS,2024-10-05 19:27:06,0.1,13.8,-26.35031,-46.342398
GABRIELA MARTINS,2024-10-05 19:34:05,2.0,13.7,-26.323553,-46.342111
GABRIELA MARTINS,2024-10-05 20:16:25,3.6,13.8,-26.161001,-46.336481
GABRIELA MARTINS,2024-10-05 20:41:51,3.7,14.0,-26.062876,-46.32863
GABRIELA MARTINS,2024-10-05 20:46:04,4.4,14.0,-26.046421,-46.327391
GABRIELA MARTINS,2024-10-05 21:27:58,2.2,14.2,-25.882265,-46.316085
GABRIELA MARTINS,2024-10-05 21:31:58,3.7,14.3,-25.866458,-46.315388
GABRIELA MARTINS,2024-10-05 21:55:21,356.1,14.7,-25.772261,-46.318413
GABRIELA MARTINS,2024-10-05 22:22:28,357.4,14.4,-25.662811,-46.325641
GABRIELA MARTINS,2024-10-05 22:27:58,358.9,14.5,-25.640675,-46.327098
GABRIELA MARTINS,2024-10-05 22:42:40,358.1,14.2,-25.582046,-46.328873
GABRIELA MARTINS,2024-10-05 22:45:09,358.3,14.2,-25.572108,-46.329003
GABRIELA MARTINS,2024-10-05 23:02:40,358.0,14.4,-25.502546,-46.330078
GABRIELA MARTINS,2024-10-05 23:52:40,356.6,14.3,-25.30288,-46.334293
GABRIELA MARTINS,2024-10-06 00:26:04,359.9,14.1,-25.169866,-46.341645
GABRIELA MARTINS,2024-10-06 00:29:50,355.8,13.9,-25.15506,-46.342206
GABRIELA MARTINS,2024-10-06 00:33:57,359.3,13.9,-25.139116,-46.34275
GABRIELA MARTINS,2024-10-06 00:55:07,358.6,13.9,-25.057165,-46.345528
GABRIELA MARTINS,2024-10-06 01:00:24,0.1,13.9,-25.03654,-46.34604
GABRIELA MARTINS,2024-10-06 01:30:53,359.1,14.0,-24.91842,-46.348963
GABRIELA MARTINS,2024-10-06 02:09:17,358.2,14.1,-24.768221,-46.353093
GABRIELA MARTINS,2024-10-06 02:16:35,0.3,14.0,-24.739581,-46.354036
GABRIELA MARTINS,2024-10-06 02:43:14,359.7,13.8,-24.635916,-46.355523
GABRIELA MARTINS,2024-10-06 03:20:53,356.3,13.8,-24.491066,-46.358833
GABRIELA MARTINS,2024-10-06 03:22:54,357.9,13.9,-24.48338,-46.359365
GABRIELA MARTINS,2024-10-06 03:49:25,355.4,13.1,-24.383593,-46.362808
GABRIELA MARTINS,2024-10-06 03:56:15,355.9,12.9,-24.358845,-46.36383
GABRIELA MARTINS,2024-10-06 04:27:02,11.9,7.6,-24.26804,-46.365693
GABRIELA MARTINS,2024-10-06 04:54:45,94.1,3.8,-24.247675,-46.327765
GABRIELA MARTINS,2024-10-06 05:47:53,199.9,0.1,-24.245393,-46.310171
GABRIELA MARTINS,2024-10-06 07:23:53,19.2,0.1,-24.245923,-46.310131
GABRIELA MARTINS,2024-10-06 07:32:53,319.7,0.0,-24.245758,-46.310156
GABRIELA MARTINS,2024-10-06 15:20:53,5.3,0.5,-24.245106,-46.310188
GABRIELA MARTINS,2024-10-06 16:20:53,186.5,0.1,-24.244736,-46.310148
GABRIELA MARTINS,2024-10-06 17:32:53,184.7,0.1,-24.24486,-46.310196
GABRIELA MARTINS,2024-10-06 17:59:53,21.9,0.2,-24.245031,-46.310168
GABRIELA MARTINS,2024-10-06 23:26:53,195.7,0.1,-24.2456,-46.31019
GABRIELA MARTINS,2024-10-07 00:41:52,357.4,0.2,-24.245883,-46.310171
GABRIELA MARTINS,2024-10-07 02:59:52,156.0,0.1,-24.245675,-46.310195
GABRIELA MARTINS,2024-10-07 11:38:53,302.8,0.0,-24.246776,-46.3093
GABRIELA MARTINS,2024-10-07 12:38:53,113.8,0.1,-24.246565,-46.309326
GABRIELA MARTINS,2024-10-07 14:26:53,343.9,0.2,-24.245433,-46.310063
GABRIELA MARTINS,2024-10-07 15:17:53,73.4,0.1,-24.243428,-46.309083
GABRIELA MARTINS,2024-10-07 19:26:52,48.0,0.0,-24.24351,-46.30927
GABRIELA MARTINS,2024-10-08 01:50:52,60.8,0.2,-24.245186,-46.310146
GABRIELA MARTINS,2024-10-08 01:50:53,60.8,0.2,-24.245186,-46.310146
GABRIELA MARTINS,2024-10-08 05:32:52,327.9,0.5,-24.245841,-46.31006
GABRIELA MARTINS,2024-10-08 16:02:52,338.0,0.1,-24.246633,-46.309291
GABRIELA MARTINS,2024-10-08 16:08:53,286.5,0.1,-24.24653,-46.30926
GABRIELA MARTINS,2024-10-08 19:26:53,56.0,0.1,-24.243486,-46.308706
GABRIELA MARTINS,2024-10-08 19:56:53,271.1,0.1,-24.243673,-46.309101
GABRIELA MARTINS,2024-10-08 23:56:52,217.5,0.1,-24.244345,-46.309696
GABRIELA MARTINS,2024-10-09 00:08:52,200.7,0.1,-24.244081,-46.309705
GABRIELA MARTINS,2024-10-09 05:26:53,226.4,0.1,-24.244643,-46.309935
GABRIELA MARTINS,2024-10-09 08:02:53,357.4,0.1,-24.245326,-46.31007
GABRIELA MARTINS,2024-10-09 15:14:53,182.4,0.1,-24.244406,-46.309738
GABRIELA MARTINS,2024-10-09 17:53:52,109.7,0.2,-24.243455,-46.306421
GABRIELA MARTINS,2024-10-09 22:14:53,318.2,0.2,-24.243403,-46.306318
GABRIELA MARTINS,2024-10-09 22:44:53,294.1,0.4,-24.243405,-46.306508
GABRIELA MARTINS,2024-10-10 01:08:53,256.7,0.3,-24.243268,-46.30719
GABRIELA MARTINS,2024-10-10 09:56:53,305.1,0.1,-24.244596,-46.310115
GABRIELA MARTINS,2024-10-10 17:29:53,156.6,0.4,-24.245643,-46.310171
GABRIELA MARTINS,2024-10-10 18:05:53,284.0,0.5,-24.245373,-46.310146
GABRIELA MARTINS,2024-10-11 01:17:52,133.6,0.1,-24.245415,-46.310258
GABRIELA MARTINS,2024-10-11 01:20:52,183.8,0.3,-24.245461,-46.310236
GABRIELA MARTINS,2024-10-11 05:08:53,162.8,0.1,-24.244945,-46.310128
GABRIELA MARTINS,2024-10-11 05:11:53,173.3,0.1,-24.244991,-46.310176
GABRIELA MARTINS,2024-10-11 06:56:53,185.0,0.1,-24.244195,-46.30993
GABRIELA MARTINS,2024-10-11 08:56:53,152.6,0.2,-24.244346,-46.310086
GABRIELA MARTINS,2024-10-11 11:11:52,177.8,0.5,-24.244833,-46.3101
GABRIELA MARTINS,2024-10-11 15:17:53,170.4,0.4,-24.244701,-46.310171
GABRIELA MARTINS,2024-10-12 01:11:52,326.7,0.2,-24.245831,-46.309971
GABRIELA MARTINS,2024-10-12 08:23:53,345.3,0.1,-24.245376,-46.309395
GABRIELA MARTINS,2024-10-12 10:17:52,259.4,0.3,-24.24241,-46.306841
GABRIELA MARTINS,2024-10-12 15:41:53,208.6,0.2,-24.243071,-46.309165
GABRIELA MARTINS,2024-10-12 16:50:53,121.4,0.5,-24.244155,-46.308098
GABRIELA MARTINS,2024-10-12 17:05:29,205.7,3.1,-24.24714,-46.305181
GABRIELA MARTINS,2024-10-12 18:01:26,3.6,9.7,-24.182338,-46.392165
GABRIELA MARTINS,2024-10-12 18:03:36,4.5,10.4,-24.176208,-46.39167
GABRIELA MARTINS,2024-10-12 18:04:55,1.9,10.7,-24.172338,-46.39135
GABRIELA MARTINS,2024-10-12 18:06:36,1.8,10.6,-24.16733,-46.390923
GABRIELA MARTINS,2024-10-12 18:07:05,2.6,10.4,-24.165886,-46.390783
GABRIELA MARTINS,2024-10-12 18:09:05,358.2,9.8,-24.160251,-46.390306
GABRIELA MARTINS,2024-10-12 18:53:28,26.0,7.8,-24.07551,-46.36694
GABRIELA MARTINS,2024-10-12 18:58:38,30.4,8.0,-24.06519,-46.361608
GABRIELA MARTINS,2024-10-12 19:27:08,21.0,5.1,-24.033223,-46.349491
GABRIELA MARTINS,2024-10-12 20:04:29,350.6,8.1,-23.978426,-46.28837
GABRIELA MARTINS,2024-10-15 15:02:53,97.3,6.9,-23.917333,-46.35766
GABRIELA MARTINS,2024-10-15 15:20:40,133.4,7.9,-23.930743,-46.313928
GABRIELA MARTINS,2024-10-15 15:35:23,142.6,9.0,-23.961568,-46.299873
GABRIELA MARTINS,2024-10-15 16:00:23,253.7,10.3,-23.992735,-46.325995
GABRIELA MARTINS,2024-10-15 16:06:32,205.6,9.5,-24.005491,-46.336465
GABRIELA MARTINS,2024-10-15 16:33:03,123.2,12.7,-24.064575,-46.299418
GABRIELA MARTINS,2024-10-15 16:44:23,92.7,12.9,-24.072075,-46.25698
GABRIELA MARTINS,2024-10-15 17:43:00,114.8,12.8,-24.109926,-46.035765
GABRIELA MARTINS,2024-10-15 17:46:00,112.9,12.8,-24.114048,-46.024923
GABRIELA MARTINS,2024-10-15 18:30:03,108.3,12.6,-24.170818,-45.865825
GABRIELA MARTINS,2024-10-15 19:39:54,80.0,12.2,-24.164211,-45.614391
GABRIELA MARTINS,2024-10-15 19:50:04,77.6,12.4,-24.15696,-45.57709
GABRIELA MARTINS,2024-10-15 20:52:23,76.9,11.4,-24.11517,-45.358686
GABRIELA MARTINS,2024-10-15 21:23:32,47.3,11.7,-24.089425,-45.253536
GABRIELA MARTINS,2024-10-15 21:23:33,47.3,11.7,-24.089425,-45.253536
GABRIELA MARTINS,2024-10-15 21:28:13,49.2,11.9,-24.079186,-45.241115
GABRIELA MARTINS,2024-10-15 21:33:34,42.6,11.9,-24.066911,-45.227276
GABRIELA MARTINS,2024-10-15 21:58:03,45.8,12.1,-24.009603,-45.16293
GABRIELA MARTINS,2024-10-15 22:35:24,46.2,12.4,-23.922901,-45.059726
GABRIELA MARTINS,2024-10-15 23:09:33,44.9,12.3,-23.839958,-44.969698
GABRIELA MARTINS,2024-10-15 23:40:53,47.4,12.5,-23.76342,-44.887193
GABRIELA MARTINS,2024-10-16 00:20:13,45.4,12.5,-23.671643,-44.77608
GABRIELA MARTINS,2024-10-16 00:26:13,47.1,12.6,-23.657661,-44.75904
GABRIELA MARTINS,2024-10-16 00:27:13,45.8,12.6,-23.655315,-44.756151
GABRIELA MARTINS,2024-10-16 00:29:54,47.7,12.5,-23.649003,-44.748608
GABRIELA MARTINS,2024-10-16 00:51:12,40.2,12.5,-23.594965,-44.693616
GABRIELA MARTINS,2024-10-16 01:53:11,45.9,12.5,-23.442818,-44.528388
GABRIELA MARTINS,2024-10-16 01:58:24,45.8,12.5,-23.430268,-44.51413
GABRIELA MARTINS,2024-10-16 04:36:03,101.3,1.0,-23.104141,-44.481425
GABRIELA MARTINS,2024-10-16 08:01:50,215.7,0.0,-23.103498,-44.482765
GABRIELA MARTINS,2024-10-16 16:04:51,250.2,0.0,-23.102486,-44.482426
GABRIELA MARTINS,2024-10-17 01:40:50,47.0,0.0,-23.103236,-44.482796
GABRIELA MARTINS,2024-10-17 07:01:51,7.1,0.1,-23.10356,-44.482985
GABRIELA MARTINS,2024-10-17 08:13:51,50.1,0.0,-23.102615,-44.482328
GABRIELA MARTINS,2024-10-17 12:25:50,46.0,0.0,-23.102531,-44.48243
GABRIELA MARTINS,2024-10-17 13:55:50,216.1,0.0,-23.102435,-44.482315
GABRIELA MARTINS,2024-10-18 06:34:50,141.4,0.0,-23.105293,-44.482268
GABRIELA MARTINS,2024-10-18 12:37:51,12.9,0.1,-23.103706,-44.483003
GABRIELA MARTINS,2024-10-18 16:25:48,243.7,0.0,-23.102221,-44.481975
GABRIELA MARTINS,2024-10-18 19:37:51,42.5,0.0,-23.103035,-44.482843
GABRIELA MARTINS,2024-10-18 23:52:50,136.2,0.1,-23.105615,-44.482138
GABRIELA MARTINS,2024-10-18 23:55:50,255.4,0.2,-23.105641,-44.48215
GABRIELA MARTINS,2024-10-19 00:58:50,125.6,0.0,-23.105266,-44.48226
GABRIELA MARTINS,2024-10-19 06:49:51,241.2,0.1,-23.103076,-44.48261
GABRIELA MARTINS,2024-10-19 15:58:51,240.6,0.0,-23.103253,-44.482968
GABRIELA MARTINS,2024-10-19 16:04:51,347.3,0.0,-23.10319,-44.48293
GABRIELA MARTINS,2024-10-19 16:34:48,9.7,0.0,-23.103018,-44.482708
GABRIELA MARTINS,2024-10-19 23:43:50,31.4,0.1,-23.102851,-44.482633
GABRIELA MARTINS,2024-10-20 05:46:51,214.1,0.0,-23.102326,-44.481786
GABRIELA MARTINS,2024-10-20 11:52:50,130.7,0.3,-23.102476,-44.47957
GABRIELA MARTINS,2024-10-20 15:34:51,111.9,0.1,-23.101998,-44.480528
GABRIELA MARTINS,2024-10-20 15:40:51,55.3,0.0,-23.102003,-44.480518
GABRIELA MARTINS,2024-10-21 01:10:51,49.4,0.2,-23.101988,-44.480455
GABRIELA MARTINS,2024-10-21 02:58:50,270.6,0.1,-23.101976,-44.48089
GABRIELA MARTINS,2024-10-21 17:04:49,64.0,0.0,-23.101956,-44.481216
GABRIELA MARTINS,2024-10-21 17:10:49,76.0,0.0,-23.10191,-44.481163
GABRIELA MARTINS,2024-10-21 17:10:51,76.0,0.0,-23.10191,-44.481163
GABRIELA MARTINS,2024-10-21 18:16:51,238.9,0.0,-23.101968,-44.481126
GABRIELA MARTINS,2024-10-21 20:40:51,122.5,0.0,-23.102076,-44.480623
GABRIELA MARTINS,2024-10-21 20:46:51,64.8,0.0,-23.102043,-44.480593
GABRIELA MARTINS,2024-10-22 06:34:51,139.1,0.0,-23.102196,-44.479745
GABRIELA MARTINS,2024-10-22 11:34:50,293.9,0.0,-23.102011,-44.480003
GABRIELA MARTINS,2024-10-22 11:55:51,276.1,0.1,-23.10205,-44.479991
GABRIELA MARTINS,2024-10-22 16:19:51,288.0,0.0,-23.102236,-44.482051
GABRIELA MARTINS,2024-10-22 17:58:51,215.1,0.0,-23.10246,-44.482333
GABRIELA MARTINS,2024-10-23 02:28:50,66.3,0.0,-23.102591,-44.482146
GABRIELA MARTINS,2024-10-23 04:25:51,324.7,0.1,-23.102823,-44.479063
GABRIELA MARTINS,2024-10-23 18:04:50,209.0,0.0,-23.102268,-44.482163
GABRIELA MARTINS,2024-10-23 19:19:51,271.2,0.0,-23.10232,-44.482143
GABRIELA MARTINS,2024-10-23 19:46:50,235.7,0.0,-23.102333,-44.482118
GABRIELA MARTINS,2024-10-23 19:52:50,107.1,0.0,-23.102423,-44.4821
GABRIELA MARTINS,2024-10-24 19:58:51,118.0,0.1,-23.105678,-44.479776
GABRIELA MARTINS,2024-10-24 22:10:51,35.9,0.0,-23.105935,-44.477635
GABRIELA MARTINS,2024-10-24 22:58:51,152.7,0.0,-23.105865,-44.477358
GABRIELA MARTINS,2024-10-25 00:28:51,73.6,0.1,-23.105375,-44.476453
GABRIELA MARTINS,2024-10-25 06:52:50,359.7,0.1,-23.104376,-44.475538
GABRIELA MARTINS,2024-10-25 08:34:51,334.1,0.0,-23.103673,-44.475718
GABRIELA MARTINS,2024-10-25 21:13:51,25.3,0.1,-23.103595,-44.480065
GABRIELA MARTINS,2024-10-26 00:10:53,148.2,0.1,-23.104211,-44.475946
GABRIELA MARTINS,2024-10-26 01:46:53,241.1,0.0,-23.106161,-44.47656
GABRIELA MARTINS,2024-10-26 12:34:51,20.4,0.1,-23.103378,-44.479748
GABRIELA MARTINS,2024-10-26 13:40:51,103.2,0.1,-23.102726,-44.478971
GABRIELA MARTINS,2024-10-26 16:52:49,33.0,0.1,-23.102598,-44.479186
GABRIELA MARTINS,2024-10-27 04:37:51,72.7,0.1,-23.101673,-44.478965
GABRIELA MARTINS,2024-10-27 06:34:51,237.5,0.0,-23.10152,-44.478731
GABRIELA MARTINS,2024-10-27 23:49:50,60.0,0.1,-23.102413,-44.479928
GABRIELA MARTINS,2024-10-28 00:28:50,51.9,0.0,-23.102546,-44.479835
GABRIELA MARTINS,2024-10-28 01:10:51,270.4,0.1,-23.102576,-44.479888
GABRIELA MARTINS,2024-10-28 02:58:50,75.6,0.1,-23.102398,-44.480153
GABRIELA MARTINS,2024-10-28 11:58:51,44.7,0.0,-23.102351,-44.480363
GABRIELA MARTINS,2024-10-28 12:34:50,129.9,0.1,-23.102143,-44.480181
GABRIELA MARTINS,2024-10-28 13:39:52,78.1,10.9,-23.14185,-44.42718
GABRIELA MARTINS,2024-10-28 13:55:14,69.4,11.2,-23.127678,-44.378825
GABRIELA MARTINS,2024-10-28 14:39:51,50.3,5.5,-23.080725,-44.258486
GABRIELA MARTINS,2024-10-28 15:26:23,133.3,0.2,-23.062011,-44.229641
GABRIELA MARTINS,2024-10-30 02:11:29,169.7,0.0,-23.061613,-44.229288
GABRIELA MARTINS,2024-10-30 05:04:35,246.4,11.0,-23.114338,-44.347761
GABRIELA MARTINS,2024-10-30 05:28:04,213.0,11.2,-23.15535,-44.41188
GABRIELA MARTINS,2024-10-30 05:40:54,168.4,11.6,-23.193338,-44.408745
GABRIELA MARTINS,2024-10-30 06:12:33,109.1,12.2,-23.28413,-44.364766
GABRIELA MARTINS,2024-10-30 06:16:56,99.4,12.4,-23.288091,-44.349201
GABRIELA MARTINS,2024-10-30 06:21:25,97.7,12.6,-23.291123,-44.33257
GABRIELA MARTINS,2024-10-30 07:34:15,84.9,12.4,-23.289436,-44.055721
GABRIELA MARTINS,2024-10-30 08:34:16,85.7,12.5,-23.273585,-43.830466
GABRIELA MARTINS,2024-10-30 08:47:15,81.2,12.4,-23.269053,-43.78201
GABRIELA MARTINS,2024-10-30 09:12:05,84.6,12.4,-23.259496,-43.689501
GABRIELA MARTINS,2024-10-30 09:14:05,82.3,12.4,-23.258761,-43.682205
GABRIELA MARTINS,2024-10-30 09:21:26,82.3,12.2,-23.255976,-43.655013
GABRIELA MARTINS,2024-10-30 09:40:26,82.3,12.1,-23.248598,-43.585955
GABRIELA MARTINS,2024-10-30 10:17:55,83.3,12.4,-23.232638,-43.447941
GABRIELA MARTINS,2024-10-30 10:22:05,81.8,12.4,-23.230746,-43.4325
GABRIELA MARTINS,2024-10-30 10:51:25,84.0,12.4,-23.217505,-43.323793
GABRIELA MARTINS,2024-10-30 10:54:16,82.5,12.4,-23.216255,-43.313181
GABRIELA MARTINS,2024-10-30 10:56:35,82.2,12.3,-23.215158,-43.30468
GABRIELA MARTINS,2024-10-30 11:33:35,80.0,12.4,-23.197523,-43.16718
GABRIELA MARTINS,2024-10-30 11:33:54,80.6,12.4,-23.197338,-43.166001
GABRIELA MARTINS,2024-10-30 11:34:35,79.5,12.4,-23.196948,-43.163471
GABRIELA MARTINS,2024-10-30 11:37:16,82.4,12.4,-23.195513,-43.15349
GABRIELA MARTINS,2024-10-30 11:37:45,81.0,12.4,-23.195233,-43.151648
GABRIELA MARTINS,2024-10-30 11:37:54,79.1,12.4,-23.19515,-43.151088
GABRIELA MARTINS,2024-10-30 11:38:05,79.3,12.4,-23.195051,-43.15041
GABRIELA MARTINS,2024-10-30 11:38:55,81.1,12.4,-23.194601,-43.147406
GABRIELA MARTINS,2024-10-30 11:39:35,78.3,12.4,-23.19421,-43.144866
GABRIELA MARTINS,2024-10-30 11:40:45,80.2,12.4,-23.19354,-43.14057
GABRIELA MARTINS,2024-10-30 11:43:55,81.2,12.5,-23.19179,-43.128906
GABRIELA MARTINS,2024-10-30 11:45:54,81.2,12.4,-23.190678,-43.121483
GABRIELA MARTINS,2024-10-30 12:31:56,72.0,12.5,-23.16121,-42.951313
GABRIELA MARTINS,2024-10-30 12:38:45,70.1,12.4,-23.153585,-42.927015
GABRIELA MARTINS,2024-10-30 12:41:06,71.5,12.6,-23.151001,-42.918656
GABRIELA MARTINS,2024-10-30 12:43:16,73.4,12.6,-23.1486,-42.910875
GABRIELA MARTINS,2024-10-30 13:09:55,76.4,12.2,-23.165741,-42.821708
GABRIELA MARTINS,2024-10-30 13:15:05,75.7,12.4,-23.161288,-42.803128
GABRIELA MARTINS,2024-10-30 13:18:16,81.1,12.5,-23.159015,-42.79141
GABRIELA MARTINS,2024-10-30 14:35:46,80.9,12.4,-23.132973,-42.498608
GABRIELA MARTINS,2024-10-30 15:14:16,80.1,12.0,-23.113175,-42.35923
GABRIELA MARTINS,2024-10-30 15:16:46,78.8,12.0,-23.111776,-42.350306
GABRIELA MARTINS,2024-10-30 15:47:15,82.1,12.2,-23.096126,-42.240276
GABRIELA MARTINS,2024-10-30 15:49:45,84.2,12.2,-23.095023,-42.231151
GABRIELA MARTINS,2024-10-30 16:10:04,91.0,12.4,-23.093796,-42.156013
GABRIELA MARTINS,2024-10-30 16:10:33,91.2,12.4,-23.093843,-42.154271
GABRIELA MARTINS,2024-10-30 16:11:25,90.6,12.4,-23.093903,-42.151061
GABRIELA MARTINS,2024-10-30 16:12:04,90.9,12.4,-23.093938,-42.148603
GABRIELA MARTINS,2024-10-30 16:18:35,83.5,12.3,-23.09333,-42.124413
GABRIELA MARTINS,2024-10-30 16:18:54,83.5,12.3,-23.093246,-42.123243
GABRIELA MARTINS,2024-10-30 16:19:35,88.0,12.3,-23.093085,-42.120773
GABRIELA MARTINS,2024-10-30 16:51:17,92.3,12.3,-23.093785,-42.004338
GABRIELA MARTINS,2024-10-30 16:53:55,92.0,12.3,-23.093803,-41.994561
GABRIELA MARTINS,2024-10-30 17:28:45,89.8,12.4,-23.091585,-41.865361
GABRIELA MARTINS,2024-10-30 17:48:34,79.7,12.4,-23.086441,-41.79179
GABRIELA MARTINS,2024-10-30 17:53:36,83.0,12.6,-23.083755,-41.77312
GABRIELA MARTINS,2024-10-30 17:57:14,83.3,12.4,-23.081853,-41.759525
GABRIELA MARTINS,2024-10-30 18:11:05,82.9,12.5,-23.074896,-41.707926
GABRIELA MARTINS,2024-10-30 18:44:36,104.2,12.5,-23.078451,-41.582855
GABRIELA MARTINS,2024-10-30 19:13:15,106.0,13.0,-23.099943,-41.4749
GABRIELA MARTINS,2024-10-30 19:44:36,104.4,12.5,-23.130178,-41.357758
GABRIELA MARTINS,2024-10-30 21:27:24,88.2,12.0,-23.176873,-40.981835
GABRIELA MARTINS,2024-10-30 22:13:55,89.4,12.0,-23.176163,-40.813976
GABRIELA MARTINS,2024-10-30 22:14:56,91.5,12.0,-23.176256,-40.8103
GABRIELA MARTINS,2024-10-30 22:17:35,93.8,12.0,-23.176491,-40.800721
GABRIELA MARTINS,2024-10-30 22:19:26,91.0,12.1,-23.176681,-40.793923
GABRIELA MARTINS,2024-10-30 23:52:44,99.1,11.9,-23.202026,-40.4582
GABRIELA MARTINS,2024-10-31 00:52:26,99.5,11.6,-23.228385,-40.248663
GABRIELA MARTINS,2024-10-31 00:53:16,98.7,11.7,-23.228788,-40.24584
GABRIELA MARTINS,2024-10-31 00:53:35,100.2,11.7,-23.228943,-40.244745
GABRIELA MARTINS,2024-10-31 01:00:35,96.5,11.6,-23.232175,-40.220491
GABRIELA MARTINS,2024-10-31 01:14:46,97.6,11.6,-23.237508,-40.17137
GABRIELA MARTINS,2024-10-31 01:42:45,94.9,11.6,-23.248271,-40.073503
GABRIELA MARTINS,2024-10-31 01:44:55,97.9,11.6,-23.249136,-40.065973
GABRIELA MARTINS,2024-10-31 01:47:05,96.1,11.6,-23.25001,-40.05847
GABRIELA MARTINS,2024-10-31 01:49:45,100.9,11.7,-23.251213,-40.049161
GABRIELA MARTINS,2024-10-31 01:50:25,100.8,11.7,-23.251626,-40.046866
GABRIELA MARTINS,2024-10-31 02:19:55,99.1,11.8,-23.268966,-39.944245
GABRIELA MARTINS,2024-10-31 02:24:06,100.6,11.9,-23.27142,-39.929601
GABRIELA MARTINS,2024-10-31 02:42:36,99.0,12.0,-23.281938,-39.863935
GABRIELA MARTINS,2024-10-31 02:57:26,98.0,12.1,-23.290135,-39.810785
GABRIELA MARTINS,2024-10-31 02:59:55,99.4,12.2,-23.291511,-39.801748
GABRIELA MARTINS,2024-10-31 03:26:35,104.2,12.5,-23.307755,-39.704341
GABRIELA MARTINS,2024-10-31 03:31:16,104.8,12.6,-23.311745,-39.687086
GABRIELA MARTINS,2024-10-31 03:32:15,102.8,12.6,-23.312596,-39.683421
GABRIELA MARTINS,2024-10-31 03:35:56,103.6,12.6,-23.315771,-39.669885
GABRIELA MARTINS,2024-10-31 03:58:15,105.7,12.9,-23.334718,-39.58629
GABRIELA MARTINS,2024-10-31 04:06:35,101.8,13.0,-23.341771,-39.554463
GABRIELA MARTINS,2024-10-31 04:19:56,101.2,13.1,-23.352556,-39.502918
GABRIELA MARTINS,2024-10-31 04:23:46,98.9,13.1,-23.355178,-39.488013
GABRIELA MARTINS,2024-10-31 04:42:46,99.6,13.4,-23.368018,-39.413056
GABRIELA MARTINS,2024-10-31 05:10:37,102.8,13.3,-23.387951,-39.302415
GABRIELA MARTINS,2024-10-31 05:21:05,106.1,13.2,-23.397106,-39.261555
GABRIELA MARTINS,2024-10-31 06:08:05,106.1,13.0,-23.43985,-39.081213
GABRIELA MARTINS,2024-10-31 06:40:04,105.4,13.1,-23.467963,-38.959115
GABRIELA MARTINS,2024-10-31 07:08:36,101.6,13.2,-23.492118,-38.84894
GABRIELA MARTINS,2024-10-31 07:13:46,104.2,13.2,-23.496655,-38.8288
GABRIELA MARTINS,2024-10-31 07:43:26,101.5,13.3,-23.520133,-38.712146
GABRIELA MARTINS,2024-10-31 07:45:35,102.6,13.3,-23.521831,-38.703645
GABRIELA MARTINS,2024-10-31 07:53:25,104.3,13.2,-23.527953,-38.673095
GABRIELA MARTINS,2024-10-31 08:12:46,104.1,13.1,-23.543715,-38.598325
GABRIELA MARTINS,2024-10-31 08:25:44,101.0,12.9,-23.553683,-38.548723
GABRIELA MARTINS,2024-10-31 08:45:56,100.8,12.8,-23.568685,-38.471658
GABRIELA MARTINS,2024-10-31 08:48:26,101.5,12.8,-23.570581,-38.462141
GABRIELA MARTINS,2024-10-31 09:16:56,101.9,12.7,-23.59334,-38.355133
GABRIELA MARTINS,2024-10-31 09:20:07,105.0,12.7,-23.596018,-38.343203
GABRIELA MARTINS,2024-10-31 09:29:06,101.6,12.7,-23.603526,-38.309635
GABRIELA MARTINS,2024-10-31 09:32:26,103.4,12.7,-23.606371,-38.297211
GABRIELA MARTINS,2024-10-31 09:55:36,106.3,12.7,-23.62597,-38.210571
GABRIELA MARTINS,2024-10-31 09:58:17,103.4,12.7,-23.628278,-38.20058
GABRIELA MARTINS,2024-10-31 10:05:16,106.4,12.7,-23.633908,-38.174473
GABRIELA MARTINS,2024-10-31 10:08:46,103.8,12.7,-23.636796,-38.161446
GABRIELA MARTINS,2024-10-31 10:26:26,97.3,12.5,-23.65116,-38.095448
GABRIELA MARTINS,2024-10-31 10:29:54,99.8,12.5,-23.653478,-38.08251
GABRIELA MARTINS,2024-10-31 11:17:16,102.6,12.6,-23.68805,-37.905778
GABRIELA MARTINS,2024-10-31 11:23:54,104.9,12.6,-23.693151,-37.881041
GABRIELA MARTINS,2024-10-31 11:24:15,105.4,12.6,-23.69345,-37.87967
GABRIELA MARTINS,2024-10-31 11:24:46,103.4,12.6,-23.693856,-37.877776
GABRIELA MARTINS,2024-10-31 11:25:15,102.8,12.6,-23.694235,-37.875908
GABRIELA MARTINS,2024-10-31 11:25:35,100.3,12.6,-23.694483,-37.874671
GABRIELA MARTINS,2024-10-31 11:25:46,101.1,12.6,-23.694625,-37.873986
GABRIELA MARTINS,2024-10-31 11:26:46,103.1,12.7,-23.695356,-37.870306
GABRIELA MARTINS,2024-10-31 11:28:25,102.6,12.6,-23.69655,-37.864031
GABRIELA MARTINS,2024-10-31 11:28:46,104.6,12.7,-23.696811,-37.862788
GABRIELA MARTINS,2024-10-31 12:10:35,101.0,12.7,-23.728186,-37.70604
GABRIELA MARTINS,2024-10-31 12:14:24,101.8,12.8,-23.731075,-37.691551
GABRIELA MARTINS,2024-10-31 12:14:25,101.8,12.8,-23.731075,-37.691551
GABRIELA MARTINS,2024-10-31 12:54:36,107.2,12.7,-23.764238,-37.540485
GABRIELA MARTINS,2024-10-31 12:55:54,105.5,12.8,-23.76545,-37.535563
GABRIELA MARTINS,2024-10-31 12:57:24,106.8,12.8,-23.766816,-37.529915
GABRIELA MARTINS,2024-10-31 13:01:26,106.2,12.9,-23.770451,-37.514916
GABRIELA MARTINS,2024-10-31 13:37:37,103.9,12.4,-23.801936,-37.380873
GABRIELA MARTINS,2024-10-31 14:15:27,102.8,12.2,-23.833095,-37.242721
GABRIELA MARTINS,2024-10-31 14:44:46,104.8,12.3,-23.856508,-37.136913
GABRIELA MARTINS,2024-10-31 14:48:56,100.2,12.2,-23.859923,-37.121945
GABRIELA MARTINS,2024-10-31 15:19:36,101.9,12.3,-23.884181,-37.010805
GABRIELA MARTINS,2024-10-31 15:21:56,105.9,12.3,-23.885965,-37.002418
GABRIELA MARTINS,2024-10-31 15:55:26,103.7,12.2,-23.911443,-36.881973
GABRIELA MARTINS,2024-10-31 16:01:46,99.4,12.2,-23.915933,-36.859143
GABRIELA MARTINS,2024-10-31 16:23:44,100.9,12.2,-23.92973,-36.779255
GABRIELA MARTINS,2024-10-31 16:24:13,100.8,12.2,-23.93,-36.777478
GABRIELA MARTINS,2024-10-31 16:24:34,100.9,12.2,-23.930183,-36.77626
GABRIELA MARTINS,2024-10-31 16:24:43,96.5,12.2,-23.930271,-36.775713
GABRIELA MARTINS,2024-10-31 16:24:54,97.2,12.1,-23.93039,-36.77499
GABRIELA MARTINS,2024-10-31 16:25:03,96.8,12.2,-23.930488,-36.774446
GABRIELA MARTINS,2024-10-31 16:25:14,97.7,12.2,-23.930603,-36.773781
GABRIELA MARTINS,2024-10-31 16:26:14,95.2,12.2,-23.931201,-36.770221
GABRIELA MARTINS,2024-10-31 16:26:43,99.2,12.2,-23.931505,-36.7684
GABRIELA MARTINS,2024-10-31 16:26:54,99.7,12.2,-23.931616,-36.76773
GABRIELA MARTINS,2024-10-31 16:26:56,99.7,12.2,-23.931616,-36.76773
GABRIELA MARTINS,2024-10-31 16:27:03,103.3,12.2,-23.931706,-36.76718
GABRIELA MARTINS,2024-10-31 16:27:14,102.4,12.2,-23.93181,-36.766506
GABRIELA MARTINS,2024-10-31 16:27:25,102.6,12.2,-23.931896,-36.765896
GABRIELA MARTINS,2024-10-31 16:27:54,97.6,12.3,-23.932158,-36.76412
GABRIELA MARTINS,2024-10-31 16:28:04,96.5,12.1,-23.932251,-36.763576
GABRIELA MARTINS,2024-10-31 16:28:14,97.8,12.2,-23.932368,-36.76285
GABRIELA MARTINS,2024-10-31 16:28:43,99.9,12.1,-23.93267,-36.7611
GABRIELA MARTINS,2024-10-31 16:29:03,99.7,12.1,-23.932865,-36.75989
GABRIELA MARTINS,2024-10-31 16:29:14,98.7,12.1,-23.932966,-36.759226
GABRIELA MARTINS,2024-10-31 16:29:53,101.8,12.1,-23.933375,-36.756888
GABRIELA MARTINS,2024-10-31 16:30:03,102.0,12.1,-23.933478,-36.75628
GABRIELA MARTINS,2024-10-31 16:31:05,98.8,12.2,-23.934106,-36.752715
GABRIELA MARTINS,2024-10-31 16:31:44,101.3,12.2,-23.934548,-36.750236
GABRIELA MARTINS,2024-10-31 17:02:37,101.6,12.0,-23.954463,-36.638985
GABRIELA MARTINS,2024-10-31 17:08:15,103.1,12.1,-23.957911,-36.618638
GABRIELA MARTINS,2025-01-05 13:17:37,278.4,12.6,-23.75971,-36.53277
GABRIELA MARTINS,2025-01-05 13:26:30,282.2,12.6,-23.753911,-36.566036
GABRIELA MARTINS,2025-01-05 14:40:18,282.3,12.7,-23.705531,-36.844096
GABRIELA MARTINS,2025-01-05 15:07:18,277.5,12.6,-23.688163,-36.945033
GABRIELA MARTINS,2025-01-05 15:12:34,281.1,12.7,-23.684813,-36.965028
GABRIELA MARTINS,2025-01-05 15:16:45,278.5,12.5,-23.682286,-36.980678
GABRIELA MARTINS,2025-01-05 16:13:49,282.2,11.6,-23.648126,-37.188688
GABRIELA MARTINS,2025-01-05 16:17:50,279.1,11.8,-23.6459,-37.202653
GABRIELA MARTINS,2025-01-05 16:21:59,282.7,12.0,-23.643283,-37.217426
GABRIELA MARTINS,2025-01-05 16:24:57,275.5,12.0,-23.641365,-37.228216
GABRIELA MARTINS,2025-01-05 16:49:17,277.1,11.6,-23.626218,-37.314755
GABRIELA MARTINS,2025-01-05 18:02:20,279.4,11.5,-23.583478,-37.5684
GABRIELA MARTINS,2025-01-05 18:08:39,283.0,11.5,-23.581148,-37.590235
GABRIELA MARTINS,2025-01-05 18:56:30,278.3,12.2,-23.557313,-37.760281
GABRIELA MARTINS,2025-01-05 18:58:50,283.3,12.1,-23.556001,-37.768741
GABRIELA MARTINS,2025-01-05 19:04:59,283.2,12.2,-23.552558,-37.791028
GABRIELA MARTINS,2025-01-05 19:50:39,277.9,12.7,-23.523408,-37.95891
GABRIELA MARTINS,2025-01-05 19:56:49,281.6,12.6,-23.519731,-37.981931
GABRIELA MARTINS,2025-01-05 19:57:38,281.2,12.4,-23.519228,-37.984905
GABRIELA MARTINS,2025-01-05 19:59:17,280.6,12.6,-23.518238,-37.991163
GABRIELA MARTINS,2025-01-05 20:50:29,283.2,13.1,-23.482325,-38.187743
GABRIELA MARTINS,2025-01-05 20:52:50,281.5,13.0,-23.480583,-38.19685
GABRIELA MARTINS,2025-01-05 21:33:29,277.3,13.1,-23.451996,-38.353895
GABRIELA MARTINS,2025-01-05 23:17:55,280.9,13.6,-23.40089,-38.771113
GABRIELA MARTINS,2025-01-05 23:28:24,278.3,13.6,-23.395493,-38.813663
GABRIELA MARTINS,2025-01-05 23:58:58,275.4,13.9,-23.380046,-38.939688
GABRIELA MARTINS,2025-01-06 00:19:33,279.8,13.9,-23.370293,-39.025466
GABRIELA MARTINS,2025-01-06 00:26:27,280.6,13.7,-23.367255,-39.054201
GABRIELA MARTINS,2025-01-06 00:31:48,278.8,13.8,-23.364975,-39.07628
GABRIELA MARTINS,2025-01-06 00:33:17,278.4,13.8,-23.364241,-39.082463
GABRIELA MARTINS,2025-01-06 00:36:27,277.2,13.8,-23.362766,-39.095485
GABRIELA MARTINS,2025-01-06 00:38:48,275.8,13.9,-23.36164,-39.105236
GABRIELA MARTINS,2025-01-06 00:51:31,278.4,13.8,-23.35547,-39.15806
GABRIELA MARTINS,2025-01-06 00:51:41,278.9,13.8,-23.355373,-39.158816
GABRIELA MARTINS,2025-01-06 01:08:10,283.0,13.7,-23.34677,-39.226601
GABRIELA MARTINS,2025-01-06 01:11:31,277.0,13.6,-23.344321,-39.240126
GABRIELA MARTINS,2025-01-06 01:36:52,282.2,13.8,-23.325221,-39.341728
GABRIELA MARTINS,2025-01-06 01:37:12,280.7,13.8,-23.32496,-39.343225
GABRIELA MARTINS,2025-01-06 01:38:00,282.6,13.8,-23.324373,-39.346485
GABRIELA MARTINS,2025-01-06 01:39:42,278.1,13.6,-23.323138,-39.353411
GABRIELA MARTINS,2025-01-06 01:42:51,283.0,13.7,-23.320823,-39.36615
GABRIELA MARTINS,2025-01-06 01:43:31,280.2,13.6,-23.320361,-39.368865
GABRIELA MARTINS,2025-01-06 01:48:33,276.4,13.7,-23.31667,-39.389188
GABRIELA MARTINS,2025-01-06 02:23:20,281.9,13.7,-23.291093,-39.530526
GABRIELA MARTINS,2025-01-06 02:57:40,281.4,13.6,-23.256436,-39.666305
GABRIELA MARTINS,2025-01-06 03:44:41,285.1,13.5,-23.2012,-39.8508
GABRIELA MARTINS,2025-01-06 04:38:11,267.6,13.7,-23.153551,-40.063965
GABRIELA MARTINS,2025-01-06 05:33:41,264.1,13.5,-23.162848,-40.291005
GABRIELA MARTINS,2025-01-06 06:37:21,272.1,13.2,-23.161761,-40.548411
GABRIELA MARTINS,2025-01-06 06:57:42,274.3,13.4,-23.160293,-40.629676
GABRIELA MARTINS,2025-01-06 07:00:02,274.5,13.4,-23.159708,-40.639035
GABRIELA MARTINS,2025-01-06 07:01:02,274.3,13.4,-23.159438,-40.643103
GABRIELA MARTINS,2025-01-06 07:34:50,273.7,13.5,-23.144366,-40.779641
GABRIELA MARTINS,2025-01-06 08:14:51,274.6,13.4,-23.126863,-40.942311
GABRIELA MARTINS,2025-01-06 08:18:41,273.4,13.5,-23.12507,-40.957781
GABRIELA MARTINS,2025-01-06 08:22:50,278.1,13.4,-23.123056,-40.974458
GABRIELA MARTINS,2025-01-06 08:54:11,272.1,13.3,-23.110895,-41.101071
GABRIELA MARTINS,2025-01-06 11:04:41,271.9,13.4,-23.10095,-41.61641
GABRIELA MARTINS,2025-01-06 11:26:51,268.8,13.8,-23.102433,-41.7074
GABRIELA MARTINS,2025-01-06 11:27:51,267.3,13.6,-23.102515,-41.711456
GABRIELA MARTINS,2025-01-06 11:31:11,267.6,13.7,-23.102883,-41.72515
GABRIELA MARTINS,2025-01-06 11:31:20,267.6,13.7,-23.102913,-41.725795
GABRIELA MARTINS,2025-01-06 11:48:21,271.0,13.5,-23.102773,-41.795601
GABRIELA MARTINS,2025-01-06 12:07:41,270.9,13.5,-23.1009,-41.874605
GABRIELA MARTINS,2025-01-06 12:20:53,272.1,12.2,-23.099786,-41.925945
GABRIELA MARTINS,2025-01-06 13:34:10,269.3,12.2,-23.09246,-42.196723
GABRIELA MARTINS,2025-01-06 13:41:21,267.9,12.4,-23.093088,-42.223328
GABRIELA MARTINS,2025-01-06 15:19:32,266.5,12.5,-23.096981,-42.592348
GABRIELA MARTINS,2025-01-06 15:24:12,264.4,12.4,-23.098326,-42.609891
GABRIELA MARTINS,2025-01-06 17:01:19,263.3,12.7,-23.134936,-42.98048
GABRIELA MARTINS,2025-01-06 17:02:29,262.5,12.7,-23.135463,-42.984935
GABRIELA MARTINS,2025-01-06 17:03:10,262.9,12.8,-23.135733,-42.987568
GABRIELA MARTINS,2025-01-06 17:05:10,266.5,12.7,-23.136586,-42.99523
GABRIELA MARTINS,2025-01-06 17:05:19,265.3,12.7,-23.136646,-42.995806
GABRIELA MARTINS,2025-01-06 17:06:13,263.3,12.7,-23.137001,-42.999048
GABRIELA MARTINS,2025-01-06 17:06:39,263.0,12.8,-23.137211,-43.000828
GABRIELA MARTINS,2025-01-06 18:53:41,263.0,13.2,-23.187343,-43.418826
GABRIELA MARTINS,2025-01-06 20:38:22,261.7,13.3,-23.227146,-43.833766
GABRIELA MARTINS,2025-01-06 22:21:21,268.2,13.4,-23.282591,-44.237858
GABRIELA MARTINS,2025-01-06 23:16:59,319.4,11.6,-23.214003,-44.430436
GABRIELA MARTINS,2025-01-06 23:37:51,318.7,6.5,-23.177728,-44.463666
GABRIELA MARTINS,2025-01-07 00:04:50,20.5,3.3,-23.145551,-44.489988
GABRIELA MARTINS,2025-01-07 00:40:29,342.8,0.1,-23.145393,-44.475968
GABRIELA MARTINS,2025-01-07 00:42:38,359.2,0.3,-23.145136,-44.476021
GABRIELA MARTINS,2025-01-07 00:42:49,2.4,0.2,-23.145115,-44.476016
GABRIELA MARTINS,2025-01-07 00:42:59,2.1,0.3,-23.145103,-44.476011
GABRIELA MARTINS,2025-01-07 00:43:38,8.7,0.2,-23.145075,-44.47601
GABRIELA MARTINS,2025-01-07 00:44:38,7.4,0.3,-23.144996,-44.476001
GABRIELA MARTINS,2025-01-07 00:45:09,347.9,0.2,-23.144988,-44.476011
GABRIELA MARTINS,2025-01-07 00:45:21,5.0,0.3,-23.144975,-44.476005
GABRIELA MARTINS,2025-01-07 00:45:58,199.4,0.3,-23.144931,-44.475985
GABRIELA MARTINS,2025-01-07 00:46:20,355.0,0.2,-23.144898,-44.475993
GABRIELA MARTINS,2025-01-07 00:46:58,358.9,0.2,-23.144845,-44.475983
GABRIELA MARTINS,2025-01-07 01:09:00,347.9,0.1,-23.144841,-44.476083
GABRIELA MARTINS,2025-01-07 07:24:01,23.2,0.1,-23.143276,-44.474468
GABRIELA MARTINS,2025-01-07 11:15:00,195.5,0.1,-23.144341,-44.47595
GABRIELA MARTINS,2025-01-07 12:33:00,102.6,0.1,-23.144145,-44.475901
GABRIELA MARTINS,2025-01-07 13:00:00,213.4,0.1,-23.144218,-44.475898
GABRIELA MARTINS,2025-01-07 17:03:01,26.4,0.1,-23.144291,-44.475936
GABRIELA MARTINS,2025-01-07 20:33:32,171.5,12.8,-23.230308,-44.438085
GABRIELA MARTINS,2025-01-07 21:14:33,222.7,12.9,-23.36384,-44.464531
GABRIELA MARTINS,2025-01-07 21:27:43,222.8,13.0,-23.398805,-44.499063
GABRIELA MARTINS,2025-01-07 23:00:03,228.3,13.4,-23.648545,-44.757703
GABRIELA MARTINS,2025-01-08 00:02:04,227.8,13.0,-23.799575,-44.94359
GABRIELA MARTINS,2025-01-08 00:18:04,225.8,13.3,-23.839763,-44.990076
GABRIELA MARTINS,2025-01-08 00:22:22,227.0,13.3,-23.850745,-45.002525
GABRIELA MARTINS,2025-01-08 00:29:12,231.7,13.3,-23.868313,-45.022711
GABRIELA MARTINS,2025-01-08 00:33:01,231.3,13.4,-23.877186,-45.034763
GABRIELA MARTINS,2025-01-08 00:34:22,229.4,13.4,-23.880365,-45.039021
GABRIELA MARTINS,2025-01-08 00:34:51,229.3,13.4,-23.881518,-45.040548
GABRIELA MARTINS,2025-01-08 00:52:35,230.0,13.9,-23.924333,-45.097178
GABRIELA MARTINS,2025-01-08 00:55:47,230.7,14.0,-23.932296,-45.107686
GABRIELA MARTINS,2025-01-08 00:56:23,229.5,14.0,-23.933746,-45.109605
GABRIELA MARTINS,2025-01-08 00:58:29,230.1,14.0,-23.93889,-45.11649
GABRIELA MARTINS,2025-01-08 01:20:48,229.7,14.3,-23.994505,-45.188153
GABRIELA MARTINS,2025-01-08 02:09:11,284.6,14.2,-24.038196,-45.384325
GABRIELA MARTINS,2025-01-08 02:10:41,285.5,14.1,-24.03662,-45.390565
GABRIELA MARTINS,2025-01-08 02:11:28,287.1,14.1,-24.035833,-45.393781
GABRIELA MARTINS,2025-01-08 02:12:41,286.1,14.1,-24.034556,-45.39876
GABRIELA MARTINS,2025-01-08 02:37:49,284.4,13.8,-24.008393,-45.50042
GABRIELA MARTINS,2025-01-08 03:13:44,279.8,13.8,-23.975441,-45.646548
GABRIELA MARTINS,2025-01-08 03:32:11,249.9,14.1,-23.988401,-45.721686
GABRIELA MARTINS,2025-01-08 03:48:18,253.8,13.3,-24.007841,-45.785798
GABRIELA MARTINS,2025-01-08 04:37:37,253.5,11.5,-24.051411,-45.953595
GABRIELA MARTINS,2025-01-08 05:06:18,258.3,8.8,-24.071571,-46.033185
GABRIELA MARTINS,2025-01-08 05:11:59,256.5,8.8,-24.075276,-46.047741
GABRIELA MARTINS,2025-01-08 06:08:38,271.8,8.3,-24.076411,-46.195985
GABRIELA MARTINS,2025-01-08 06:11:17,250.3,8.3,-24.07783,-46.20245
GABRIELA MARTINS,2025-01-08 06:18:08,22.2,4.1,-24.074048,-46.212106
GABRIELA MARTINS,2025-01-08 06:42:57,142.7,3.6,-24.090495,-46.185148
GABRIELA MARTINS,2025-01-08 06:49:37,72.0,1.8,-24.09258,-46.18041
GABRIELA MARTINS,2025-01-08 06:53:08,80.4,1.2,-24.09244,-46.178825
GABRIELA MARTINS,2025-01-08 15:05:17,203.0,0.0,-24.091181,-46.180208
GABRIELA MARTINS,2025-01-08 20:17:18,197.5,0.1,-24.08999,-46.179938
GABRIELA MARTINS,2025-01-08 23:53:19,177.3,1.2,-24.090811,-46.180236
GABRIELA MARTINS,2025-01-09 03:20:19,177.7,0.0,-24.091093,-46.180221
GABRIELA MARTINS,2025-01-09 08:05:19,345.1,0.1,-24.091828,-46.179941
GABRIELA MARTINS,2025-01-09 08:32:18,147.7,0.4,-24.091873,-46.179953
GABRIELA MARTINS,2025-01-09 14:02:18,181.9,1.1,-24.09038,-46.180033
GABRIELA MARTINS,2025-01-09 22:56:17,226.8,0.1,-24.089726,-46.179876
GABRIELA MARTINS,2025-01-09 23:29:19,24.6,0.2,-24.089991,-46.179985
GABRIELA MARTINS,2025-01-10 04:05:18,164.3,0.2,-24.090946,-46.180156
GABRIELA MARTINS,2025-01-10 13:02:18,178.1,0.2,-24.090645,-46.180035
GABRIELA MARTINS,2025-01-10 20:59:18,69.8,0.1,-24.089183,-46.179298
GABRIELA MARTINS,2025-01-11 02:14:18,18.0,0.1,-24.089791,-46.17994
GABRIELA MARTINS,2025-01-11 08:23:18,114.8,0.1,-24.092378,-46.179236
GABRIELA MARTINS,2025-01-12 00:23:17,202.2,0.0,-24.089385,-46.179615
GABRIELA MARTINS,2025-01-12 01:02:18,208.8,0.1,-24.089545,-46.179815
GABRIELA MARTINS,2025-01-12 04:29:18,1.8,0.1,-24.090318,-46.180031
GABRIELA MARTINS,2025-01-12 05:32:18,191.4,0.1,-24.090386,-46.180061
GABRIELA MARTINS,2025-01-12 06:14:18,5.9,0.1,-24.09071,-46.18007
GABRIELA MARTINS,2025-01-12 07:17:18,171.8,0.0,-24.090768,-46.180021
GABRIELA MARTINS,2025-01-12 13:23:18,348.9,0.0,-24.09035,-46.179888
GABRIELA MARTINS,2025-01-12 21:29:38,24.5,5.1,-24.088838,-46.16993
GABRIELA MARTINS,2025-01-12 21:38:58,281.0,6.8,-24.080783,-46.182333
GABRIELA MARTINS,2025-01-12 22:43:30,301.1,10.8,-24.049646,-46.341896
GABRIELA MARTINS,2025-01-12 23:09:59,57.5,9.7,-23.99497,-46.328408
GABRIELA MARTINS,2025-01-13 00:40:18,280.5,0.0,-23.918228,-46.36541
GABRIELA MARTINS,2025-01-13 00:48:49,280.5,0.0,-23.918215,-46.365458
GABRIELA MARTINS,2025-01-13 00:48:58,280.5,0.0,-23.918213,-46.365458
GABRIELA MARTINS,2025-01-13 00:49:49,280.5,0.0,-23.918216,-46.365446
GABRIELA MARTINS,2025-01-13 00:51:49,334.3,0.0,-23.918215,-46.36543
GABRIELA MARTINS,2025-01-13 00:55:39,349.4,0.0,-23.91824,-46.365396
GABRIELA MARTINS,2025-01-13 01:05:28,347.7,0.0,-23.918235,-46.365401
GABRIELA MARTINS,2025-01-16 14:51:29,114.8,8.5,-23.91979,-46.342686
GABRIELA MARTINS,2025-01-16 15:46:30,233.6,9.1,-23.994723,-46.328368
GABRIELA MARTINS,2025-01-16 15:46:31,233.6,9.1,-23.994723,-46.328368
GABRIELA MARTINS,2025-01-16 15:51:20,209.0,9.1,-24.004565,-46.335951
GABRIELA MARTINS,2025-01-16 16:08:38,172.3,10.3,-24.065775,-46.3469
GABRIELA MARTINS,2025-01-16 16:09:58,163.4,10.5,-24.06952,-46.345908
GABRIELA MARTINS,2025-01-16 16:10:09,163.5,10.6,-24.070036,-46.34574
GABRIELA MARTINS,2025-01-16 16:10:58,155.6,10.6,-24.072345,-46.344766
GABRIELA MARTINS,2025-01-16 16:13:27,134.3,10.4,-24.078591,-46.34056
GABRIELA MARTINS,2025-01-16 16:13:35,130.4,10.3,-24.078815,-46.340276
GABRIELA MARTINS,2025-01-16 16:15:28,105.2,10.1,-24.081315,-46.335036
GABRIELA MARTINS,2025-01-16 17:30:10,74.8,12.8,-24.057736,-46.086823
GABRIELA MARTINS,2025-01-16 17:57:25,76.2,12.8,-24.033756,-45.98445
GABRIELA MARTINS,2025-01-16 19:17:09,66.2,12.3,-23.962056,-45.685873
GABRIELA MARTINS,2025-01-16 19:49:39,28.1,5.3,-23.903821,-45.631235
GABRIELA MARTINS,2025-01-16 19:52:19,32.0,5.2,-23.9005,-45.629166
GABRIELA MARTINS,2025-01-16 19:55:59,47.9,4.5,-23.896443,-45.626001
GABRIELA MARTINS,2025-01-16 20:32:40,78.4,5.3,-23.87804,-45.562551
GABRIELA MARTINS,2025-01-16 21:28:39,13.3,0.1,-23.874583,-45.55727
GABRIELA MARTINS,2025-01-16 21:33:19,357.4,0.1,-23.874588,-45.557208
GABRIELA MARTINS,2025-01-16 21:56:30,188.8,0.1,-23.874423,-45.557216
GABRIELA MARTINS,2025-01-16 22:09:28,339.0,0.1,-23.874621,-45.557265
GABRIELA MARTINS,2025-01-16 22:13:00,14.5,0.0,-23.874628,-45.557256
GABRIELA MARTINS,2025-01-16 23:44:40,318.2,0.1,-23.874256,-45.557196
GABRIELA MARTINS,2025-01-16 23:51:49,21.8,0.1,-23.874101,-45.557118
GABRIELA MARTINS,2025-01-16 23:52:19,161.7,0.2,-23.874106,-45.557128
GABRIELA MARTINS,2025-01-16 23:52:49,201.6,0.0,-23.874118,-45.55712
GABRIELA MARTINS,2025-01-16 23:54:28,199.1,0.0,-23.87411,-45.557111
GABRIELA MARTINS,2025-01-16 23:54:39,7.1,0.1,-23.87411,-45.557105
GABRIELA MARTINS,2025-01-17 00:05:48,191.3,0.1,-23.87443,-45.557213
GABRIELA MARTINS,2025-01-17 01:23:19,160.8,0.1,-23.875573,-45.55712
GABRIELA MARTINS,2025-01-17 01:27:18,152.0,0.0,-23.875628,-45.557121
GABRIELA MARTINS,2025-01-17 01:28:39,154.2,0.0,-23.875645,-45.557108
GABRIELA MARTINS,2025-01-17 01:45:18,157.5,0.1,-23.875481,-45.55715
GABRIELA MARTINS,2025-01-17 01:45:30,339.7,0.1,-23.87547,-45.55715
GABRIELA MARTINS,2025-01-17 01:46:18,346.0,0.1,-23.875453,-45.557163
GABRIELA MARTINS,2025-01-17 01:46:30,346.8,0.0,-23.87545,-45.557155
GABRIELA MARTINS,2025-01-17 01:46:48,194.8,0.1,-23.875476,-45.557095
GABRIELA MARTINS,2025-01-17 02:29:31,354.0,0.1,-23.875651,-45.557065
GABRIELA MARTINS,2025-01-17 02:33:30,158.0,0.1,-23.875668,-45.557011
GABRIELA MARTINS,2025-01-17 04:15:00,352.5,0.0,-23.873713,-45.55705
GABRIELA MARTINS,2025-01-17 04:45:20,2.2,0.0,-23.873771,-45.557016
GABRIELA MARTINS,2025-01-17 05:11:29,4.6,0.1,-23.873703,-45.556985
GABRIELA MARTINS,2025-01-17 05:16:00,32.5,0.0,-23.873723,-45.557005
GABRIELA MARTINS,2025-01-17 05:48:49,207.0,0.1,-23.873726,-45.55704
GABRIELA MARTINS,2025-01-17 07:42:00,23.4,0.0,-23.873438,-45.556835
GABRIELA MARTINS,2025-01-17 11:10:39,18.2,5.3,-23.752093,-45.360421
GABRIELA MARTINS,2025-01-17 11:14:59,1.2,1.3,-23.747815,-45.359216
GABRIELA MARTINS,2025-01-17 13:39:49,222.3,0.0,-23.74945,-45.358895
GABRIELA MARTINS,2025-01-17 14:46:59,189.8,0.0,-23.749391,-45.359055
GABRIELA MARTINS,2025-01-18 13:04:49,252.4,0.0,-23.74941,-45.358725
GABRIELA MARTINS,2025-01-19 00:16:50,234.2,0.0,-23.745725,-45.357765
GABRIELA MARTINS,2025-01-19 02:10:49,260.7,0.0,-23.745866,-45.359118
GABRIELA MARTINS,2025-01-19 13:34:50,110.6,0.1,-23.745168,-45.357945
GABRIELA MARTINS,2025-01-19 13:40:50,311.4,0.0,-23.745183,-45.357891
GABRIELA MARTINS,2025-01-19 19:13:49,263.0,0.1,-23.7439,-45.357818
GABRIELA MARTINS,2025-01-20 00:13:50,196.4,0.1,-23.74381,-45.357736
GABRIELA MARTINS,2025-01-20 01:37:49,261.4,0.0,-23.743816,-45.357486
GABRIELA MARTINS,2025-01-21 04:04:50,183.9,0.0,-23.746161,-45.360473
GABRIELA MARTINS,2025-01-21 04:40:50,316.0,0.1,-23.745948,-45.360065
GABRIELA MARTINS,2025-01-21 09:25:50,220.7,0.0,-23.748008,-45.358756
GABRIELA MARTINS,2025-01-21 11:04:50,322.4,0.1,-23.747638,-45.359123
GABRIELA MARTINS,2025-01-21 20:04:50,50.5,0.1,-23.74487,-45.358906
GABRIELA MARTINS,2025-01-22 00:58:50,197.7,0.0,-23.744138,-45.357786
GABRIELA MARTINS,2025-01-22 04:10:49,333.4,0.0,-23.743766,-45.35779
GABRIELA MARTINS,2025-01-22 16:13:49,250.8,0.0,-23.743756,-45.357701
GABRIELA MARTINS,2025-01-23 18:39:27,295.6,0.0,-23.74371,-45.357798
GABRIELA MARTINS,2025-01-24 02:15:27,60.2,0.1,-23.743946,-45.357503
GABRIELA MARTINS,2025-01-25 00:09:27,265.2,0.0,-23.74446,-45.357921
GABRIELA MARTINS,2025-01-25 03:36:26,41.0,0.0,-23.744443,-45.358666
GABRIELA MARTINS,2025-01-25 08:54:27,235.2,0.0,-23.744255,-45.357926
GABRIELA MARTINS,2025-01-25 17:09:26,105.2,0.0,-23.746756,-45.360151
GABRIELA MARTINS,2025-01-26 07:51:26,134.9,0.0,-23.748453,-45.360026
GABRIELA MARTINS,2025-01-26 20:36:27,138.5,0.0,-23.744231,-45.358158
GABRIELA MARTINS,2025-01-26 23:27:27,238.5,0.0,-23.744211,-45.358025
GABRIELA MARTINS,2025-01-27 17:24:25,322.4,0.0,-23.744106,-45.358098
GABRIELA MARTINS,2025-01-27 22:24:27,164.6,0.0,-23.744245,-45.357846
GABRIELA MARTINS,2025-01-27 22:51:27,74.5,0.0,-23.744186,-45.357858
GABRIELA MARTINS,2025-01-28 08:57:27,126.7,0.1,-23.744233,-45.358215
GABRIELA MARTINS,2025-01-28 17:36:24,114.1,0.0,-23.748853,-45.359163
GABRIELA MARTINS,2025-01-29 01:18:27,185.1,0.0,-23.748805,-45.359261
GABRIELA MARTINS,2025-01-29 02:27:26,314.8,0.0,-23.74887,-45.359148
GABRIELA MARTINS,2025-01-29 11:20:51,11.3,1.8,-23.748566,-45.357506
GABRIELA MARTINS,2025-01-29 12:10:50,225.3,0.9,-23.812593,-45.384351
GABRIELA MARTINS,2025-01-29 12:11:53,241.6,1.0,-23.812941,-45.38479
GABRIELA MARTINS,2025-01-29 12:12:24,251.8,0.9,-23.813046,-45.385025
GABRIELA MARTINS,2025-01-29 12:12:53,262.8,0.9,-23.813101,-45.385243
GABRIELA MARTINS,2025-01-29 12:13:03,267.4,0.9,-23.813106,-45.385316
GABRIELA MARTINS,2025-01-29 12:13:24,276.9,0.9,-23.813093,-45.385466
GABRIELA MARTINS,2025-01-29 12:13:32,280.6,0.9,-23.813085,-45.385523
GABRIELA MARTINS,2025-01-29 12:15:44,323.5,1.4,-23.81255,-45.38635
GABRIELA MARTINS,2025-01-31 02:50:57,226.1,4.7,-23.813915,-45.389488
GABRIELA MARTINS,2025-01-31 02:52:18,225.7,5.2,-23.815216,-45.390901
GABRIELA MARTINS,2025-01-31 02:53:18,225.1,5.7,-23.81634,-45.39209
GABRIELA MARTINS,2025-01-31 04:10:07,176.5,12.1,-23.982895,-45.499191
GABRIELA MARTINS,2025-01-31 04:39:27,121.8,12.7,-24.046923,-45.422231
GABRIELA MARTINS,2025-01-31 05:56:18,92.1,12.8,-24.120743,-45.149478
GABRIELA MARTINS,2025-01-31 07:43:58,91.2,12.1,-24.14198,-44.747291
GABRIELA MARTINS,2025-01-31 08:03:38,92.3,12.3,-24.143908,-44.674306
GABRIELA MARTINS,2025-01-31 09:33:28,89.7,12.2,-24.15658,-44.33613
GABRIELA MARTINS,2025-01-31 11:09:39,90.3,12.6,-24.158115,-43.97834
GABRIELA MARTINS,2025-01-31 11:44:18,92.2,12.5,-24.164048,-43.845233
GABRIELA MARTINS,2025-01-31 11:44:28,91.8,12.5,-24.164073,-43.844605
GABRIELA MARTINS,2025-01-31 11:46:08,92.4,12.6,-24.164306,-43.838313
GABRIELA MARTINS,2025-01-31 11:47:08,92.7,12.5,-24.16445,-43.834521
GABRIELA MARTINS,2025-01-31 11:50:18,90.8,12.4,-24.164901,-43.822473
GABRIELA MARTINS,2025-01-31 13:13:18,89.3,12.4,-24.15719,-43.507966
GABRIELA MARTINS,2025-01-31 13:30:28,86.9,12.4,-24.155656,-43.443468
GABRIELA MARTINS,2025-01-31 13:34:38,87.9,12.4,-24.155273,-43.427791
GABRIELA MARTINS,2025-01-31 14:05:38,90.3,12.3,-24.152408,-43.31125
GABRIELA MARTINS,2025-01-31 14:43:48,90.1,12.4,-24.156201,-43.168398
GABRIELA MARTINS,2025-01-31 14:45:49,91.3,12.4,-24.156403,-43.160865
GABRIELA MARTINS,2025-01-31 15:55:28,88.9,12.0,-24.156383,-42.902558
GABRIELA MARTINS,2025-01-31 16:24:38,91.6,11.7,-24.158026,-42.797771
GABRIELA MARTINS,2025-01-31 16:29:59,95.0,11.7,-24.15881,-42.778735
GABRIELA MARTINS,2025-01-31 16:32:37,94.9,11.7,-24.159568,-42.769301
GABRIELA MARTINS,2025-01-31 17:19:19,94.9,11.6,-24.171211,-42.605128
GABRIELA MARTINS,2025-01-31 17:23:38,94.8,11.5,-24.172478,-42.589981
GABRIELA MARTINS,2025-01-31 18:18:47,96.3,11.4,-24.188931,-42.398745
GABRIELA MARTINS,2025-01-31 20:02:29,91.4,11.1,-24.207843,-42.044068
GABRIELA MARTINS,2025-01-31 20:30:39,91.7,11.2,-24.210016,-41.948635
GABRIELA MARTINS,2025-01-31 20:33:17,85.5,11.1,-24.209668,-41.939615
GABRIELA MARTINS,2025-01-31 20:37:58,79.3,11.1,-24.20753,-41.924008
GABRIELA MARTINS,2025-01-31 21:09:58,97.6,11.4,-24.216171,-41.814843
GABRIELA MARTINS,2025-01-31 21:10:28,98.3,11.4,-24.21636,-41.813128
GABRIELA MARTINS,2025-01-31 21:41:38,84.1,11.4,-24.213068,-41.707033
GABRIELA MARTINS,2025-01-31 21:53:48,93.3,11.6,-24.213421,-41.664625
GABRIELA MARTINS,2025-01-31 21:57:58,96.8,11.7,-24.21505,-41.649901
GABRIELA MARTINS,2025-01-31 22:15:08,97.0,11.8,-24.221273,-41.589126
GABRIELA MARTINS,2025-01-31 22:17:18,96.6,11.8,-24.2221,-41.581375
GABRIELA MARTINS,2025-01-31 22:18:17,96.8,11.8,-24.2225,-41.57773
GABRIELA MARTINS,2025-01-31 22:54:09,95.2,12.0,-24.2341,-41.449085
GABRIELA MARTINS,2025-01-31 22:56:48,94.6,12.0,-24.23473,-41.439415
GABRIELA MARTINS,2025-01-31 23:19:58,93.9,12.0,-24.241505,-41.355451
GABRIELA MARTINS,2025-01-31 23:28:28,94.8,11.9,-24.243933,-41.324645
GABRIELA MARTINS,2025-02-01 00:07:58,93.1,11.6,-24.25312,-41.18392
GABRIELA MARTINS,2025-02-01 00:40:48,94.0,11.6,-24.259083,-41.068195
GABRIELA MARTINS,2025-02-01 00:40:58,93.3,11.6,-24.259115,-41.06761
GABRIELA MARTINS,2025-02-01 00:41:17,92.7,11.6,-24.25918,-41.066496
GABRIELA MARTINS,2025-02-01 00:41:48,94.3,11.6,-24.259256,-41.064735
GABRIELA MARTINS,2025-02-01 00:41:58,93.1,11.6,-24.259276,-41.06414
GABRIELA MARTINS,2025-02-01 00:42:38,91.9,11.6,-24.259351,-41.061751
GABRIELA MARTINS,2025-02-01 00:57:17,92.1,11.4,-24.261525,-41.010496
GABRIELA MARTINS,2025-02-01 00:58:17,92.1,11.5,-24.261611,-41.007003
GABRIELA MARTINS,2025-02-01 00:58:38,91.9,11.5,-24.261643,-41.005785
GABRIELA MARTINS,2025-02-01 01:40:59,93.9,11.4,-24.274506,-40.85952
GABRIELA MARTINS,2025-02-01 01:43:18,93.2,11.4,-24.274866,-40.851585
GABRIELA MARTINS,2025-02-01 03:09:59,95.1,11.3,-24.294516,-40.550175
GABRIELA MARTINS,2025-02-01 03:37:07,100.7,11.5,-24.307173,-40.457075
GABRIELA MARTINS,2025-02-01 04:50:49,103.3,11.4,-24.355318,-40.206011
GABRIELA MARTINS,2025-02-01 04:56:17,101.1,11.5,-24.35923,-40.187478
GABRIELA MARTINS,2025-02-01 05:17:29,101.3,11.4,-24.373555,-40.115011
GABRIELA MARTINS,2025-02-01 05:22:08,98.5,11.4,-24.376256,-40.099105
GABRIELA MARTINS,2025-02-01 06:37:59,103.8,11.7,-24.417776,-39.837825
GABRIELA MARTINS,2025-02-01 07:04:39,103.2,11.7,-24.43686,-39.745018
GABRIELA MARTINS,2025-02-01 08:31:48,100.3,11.8,-24.486838,-39.439626
GABRIELA MARTINS,2025-02-01 08:35:28,99.3,11.7,-24.488915,-39.42677
GABRIELA MARTINS,2025-02-01 09:18:37,104.1,11.8,-24.518278,-39.274906
GABRIELA MARTINS,2025-02-01 09:22:37,103.7,11.7,-24.521413,-39.260893
GABRIELA MARTINS,2025-02-01 10:13:08,103.6,12.0,-24.55537,-39.083013
GABRIELA MARTINS,2025-02-01 10:18:48,103.1,11.9,-24.559745,-39.062986
GABRIELA MARTINS,2025-02-01 11:28:58,95.9,11.6,-24.606505,-38.814663
GABRIELA MARTINS,2025-02-01 11:32:08,97.9,11.6,-24.607823,-38.803521
GABRIELA MARTINS,2025-02-01 11:32:48,96.3,11.6,-24.608078,-38.801195
GABRIELA MARTINS,2025-02-01 11:34:37,97.9,11.7,-24.608903,-38.794821
GABRIELA MARTINS,2025-02-01 11:35:18,99.4,11.6,-24.609251,-38.792433
GABRIELA MARTINS,2025-02-01 11:35:27,99.4,11.6,-24.609326,-38.79191
GABRIELA MARTINS,2025-02-01 11:36:08,99.5,11.6,-24.609661,-38.789518
GABRIELA MARTINS,2025-02-01 11:36:37,98.9,11.6,-24.609913,-38.787833
GABRIELA MARTINS,2025-02-01 12:35:18,99.1,12.0,-24.645106,-38.579438
GABRIELA MARTINS,2025-02-01 12:36:37,98.9,12.0,-24.645846,-38.574611
GABRIELA MARTINS,2025-02-01 12:37:18,98.8,12.0,-24.646215,-38.572201
GABRIELA MARTINS,2025-02-01 12:38:47,100.1,12.0,-24.647025,-38.566768
GABRIELA MARTINS,2025-02-01 12:39:08,100.4,12.0,-24.647226,-38.565585
GABRIELA MARTINS,2025-02-01 12:51:46,100.5,12.1,-24.655333,-38.519965
GABRIELA MARTINS,2025-02-01 13:07:27,102.6,12.2,-24.666291,-38.463168
GABRIELA MARTINS,2025-02-01 13:35:29,101.4,12.4,-24.686425,-38.360046
GABRIELA MARTINS,2025-02-01 13:46:07,100.7,12.5,-24.693873,-38.320366
GABRIELA MARTINS,2025-02-01 14:21:39,99.2,12.5,-24.717425,-38.187473
GABRIELA MARTINS,2025-02-01 14:35:29,99.6,12.6,-24.724418,-38.135208
GABRIELA MARTINS,2025-02-01 14:39:29,99.8,12.6,-24.726778,-38.120033
GABRIELA MARTINS,2025-02-01 14:57:37,100.4,12.6,-24.738308,-38.051231
GABRIELA MARTINS,2025-02-01 15:27:25,99.2,12.7,-24.757373,-37.938435
GABRIELA MARTINS,2025-02-01 15:28:16,100.7,12.7,-24.757941,-37.935208
GABRIELA MARTINS,2025-02-01 15:28:54,100.3,12.7,-24.758376,-37.932741
GABRIELA MARTINS,2025-02-01 15:29:18,100.7,12.7,-24.758621,-37.93135
GABRIELA MARTINS,2025-02-01 16:20:59,104.0,12.8,-24.799431,-37.735813
GABRIELA MARTINS,2025-02-01 16:24:07,99.4,12.8,-24.801905,-37.723738
GABRIELA MARTINS,2025-02-01 16:26:59,100.8,12.9,-24.80372,-37.712613
GABRIELA MARTINS,2025-02-01 16:35:19,100.5,12.9,-24.809238,-37.680536
GABRIELA MARTINS,2025-02-01 16:55:16,100.7,12.9,-24.822445,-37.602783
GABRIELA MARTINS,2025-02-01 16:55:46,100.5,12.9,-24.822775,-37.600845
GABRIELA MARTINS,2025-02-01 16:59:56,100.8,12.9,-24.825545,-37.584668
GABRIELA MARTINS,2025-02-01 17:00:17,101.0,13.0,-24.825775,-37.58329
GABRIELA MARTINS,2025-02-01 17:00:56,99.5,13.0,-24.826178,-37.58079
GABRIELA MARTINS,2025-02-01 17:01:56,101.6,13.0,-24.826891,-37.576848
GABRIELA MARTINS,2025-02-01 17:05:06,99.7,13.0,-24.829071,-37.564471
GABRIELA MARTINS,2025-02-01 17:10:38,100.6,13.0,-24.832711,-37.542933
GABRIELA MARTINS,2025-02-01 17:15:38,99.5,13.0,-24.835961,-37.52336
GABRIELA MARTINS,2025-02-01 17:48:38,99.8,13.2,-24.857921,-37.393986
GABRIELA MARTINS,2025-02-01 18:04:28,101.0,13.1,-24.868811,-37.331353
GABRIELA MARTINS,2025-05-06 03:23:06,285.0,13.6,-25.299836,-38.042516
GABRIELA MARTINS,2025-05-06 03:23:07,285.0,13.6,-25.299836,-38.042516
GABRIELA MARTINS,2025-05-06 03:24:06,283.3,13.5,-25.298945,-38.046548
GABRIELA MARTINS,2025-05-06 03:24:16,281.7,13.5,-25.298796,-38.047221
GABRIELA MARTINS,2025-05-06 03:25:06,284.5,13.5,-25.298043,-38.05058
GABRIELA MARTINS,2025-05-06 03:25:16,284.6,13.5,-25.297898,-38.051246
GABRIELA MARTINS,2025-05-06 03:27:16,281.6,13.6,-25.296093,-38.059291
GABRIELA MARTINS,2025-05-06 03:28:06,282.6,13.6,-25.295326,-38.062643
GABRIELA MARTINS,2025-05-06 03:28:46,284.7,13.5,-25.29472,-38.065308
GABRIELA MARTINS,2025-05-06 03:28:57,284.9,13.4,-25.294565,-38.066043
GABRIELA MARTINS,2025-05-06 03:30:28,283.0,13.5,-25.293268,-38.072135
GABRIELA MARTINS,2025-05-06 03:50:28,280.1,13.6,-25.27671,-38.15245
GABRIELA MARTINS,2025-05-06 03:57:59,281.3,13.5,-25.27122,-38.183081
GABRIELA MARTINS,2025-05-06 04:30:59,279.4,13.8,-25.249035,-38.319256
GABRIELA MARTINS,2025-05-06 04:32:30,279.3,13.9,-25.248138,-38.325663
GABRIELA MARTINS,2025-05-06 04:34:14,279.2,13.9,-25.247048,-38.332818
GABRIELA MARTINS,2025-05-06 04:35:14,277.0,13.9,-25.246393,-38.336981
GABRIELA MARTINS,2025-05-06 04:36:44,277.4,13.8,-25.2455,-38.34332
GABRIELA MARTINS,2025-05-06 04:39:14,279.6,13.8,-25.244046,-38.353655
GABRIELA MARTINS,2025-05-06 04:56:16,279.2,14.0,-25.234341,-38.425171
GABRIELA MARTINS,2025-05-06 04:56:22,277.7,13.9,-25.2343,-38.425595
GABRIELA MARTINS,2025-05-06 04:56:46,278.0,14.0,-25.234076,-38.427208
GABRIELA MARTINS,2025-05-06 04:58:46,279.2,13.9,-25.233005,-38.435711
GABRIELA MARTINS,2025-05-06 04:58:58,279.3,13.9,-25.232905,-38.436556
GABRIELA MARTINS,2025-05-06 04:59:22,279.6,14.0,-25.232688,-38.438243
