NOME,DATAHORA,RUMO,VELOCIDADE,LATITUDE,LONGITUDE
MARCOS CAVALCANTI,2023-11-25 18:34:21,277.8,0.1,-23.124453,-44.400355
MARCOS CAVALCANTI,2023-11-25 20:52:20,239.0,0.1,-23.124796,-44.400433
MARCOS CAVALCANTI,2023-11-26 05:04:21,3.1,0.1,-23.127055,-44.396808
MARCOS CAVALCANTI,2023-11-26 12:46:20,118.3,0.1,-23.124226,-44.398555
MARCOS CAVALCANTI,2023-11-27 02:42:08,168.4,0.0,-23.125143,-44.397131
MARCOS CAVALCANTI,2023-11-27 04:18:06,195.5,0.0,-23.125911,-44.396658
MARCOS CAVALCANTI,2023-11-27 10:48:08,20.3,0.0,-23.128313,-44.39816
MARCOS CAVALCANTI,2023-11-27 12:39:07,181.5,0.2,-23.127753,-44.397368
MARCOS CAVALCANTI,2023-11-27 13:45:08,176.8,0.1,-23.126033,-44.396983
MARCOS CAVALCANTI,2023-11-27 17:06:08,266.0,0.2,-23.124295,-44.39839
MARCOS CAVALCANTI,2023-11-27 22:17:05,93.0,0.2,-23.124511,-44.399511
MARCOS CAVALCANTI,2023-11-27 23:24:57,65.6,13.3,-23.101271,-44.31488
MARCOS CAVALCANTI,2023-11-27 23:50:25,50.0,5.8,-23.076756,-44.24978
MARCOS CAVALCANTI,2023-11-27 23:57:46,47.2,3.6,-23.070275,-44.24197
MARCOS CAVALCANTI,2023-11-27 23:59:55,43.6,3.0,-23.068983,-44.2405
MARCOS CAVALCANTI,2023-11-28 00:04:35,52.8,2.4,-23.06678,-44.23766
MARCOS CAVALCANTI,2023-11-28 00:15:25,35.5,1.7,-23.064001,-44.232456
MARCOS CAVALCANTI,2023-11-28 00:26:56,63.4,0.8,-23.062583,-44.229823
MARCOS CAVALCANTI,2023-11-28 00:28:46,81.5,0.7,-23.062453,-44.229466
MARCOS CAVALCANTI,2023-11-28 00:28:56,87.1,0.7,-23.062451,-44.229441
MARCOS CAVALCANTI,2023-11-29 10:57:22,327.1,0.0,-23.061743,-44.227685
MARCOS CAVALCANTI,2023-11-29 11:04:11,7.4,0.0,-23.061725,-44.227681
MARCOS CAVALCANTI,2023-11-29 11:46:53,244.2,1.3,-23.059571,-44.226436
MARCOS CAVALCANTI,2023-11-29 12:37:42,195.3,0.0,-23.060273,-44.227415
MARCOS CAVALCANTI,2023-11-29 13:23:21,348.6,0.0,-23.06025,-44.22746
MARCOS CAVALCANTI,2023-11-29 13:28:12,336.3,0.0,-23.060248,-44.22742
MARCOS CAVALCANTI,2023-11-29 16:09:02,203.5,0.0,-23.06022,-44.227451
MARCOS CAVALCANTI,2023-11-29 16:18:41,256.4,0.1,-23.060255,-44.227456
MARCOS CAVALCANTI,2023-11-29 16:24:42,342.3,0.1,-23.060265,-44.227418
MARCOS CAVALCANTI,2023-11-29 16:39:01,347.8,0.0,-23.06018,-44.2274
MARCOS CAVALCANTI,2023-11-29 16:44:40,352.3,0.0,-23.060271,-44.22738
MARCOS CAVALCANTI,2023-11-29 16:47:43,352.3,0.0,-23.060203,-44.22747
MARCOS CAVALCANTI,2023-11-29 16:50:43,346.6,0.0,-23.060288,-44.22741
MARCOS CAVALCANTI,2023-11-29 17:20:31,338.5,0.0,-23.060271,-44.22742
MARCOS CAVALCANTI,2023-11-29 17:20:40,338.5,0.0,-23.060268,-44.227426
MARCOS CAVALCANTI,2023-11-29 17:23:51,212.7,0.0,-23.060248,-44.227445
MARCOS CAVALCANTI,2023-11-29 17:24:20,212.7,0.0,-23.06025,-44.227443
MARCOS CAVALCANTI,2023-11-29 17:24:22,212.7,0.0,-23.06025,-44.227443
MARCOS CAVALCANTI,2023-11-29 17:55:01,326.4,0.0,-23.06024,-44.227341
MARCOS CAVALCANTI,2023-11-29 18:08:22,327.7,0.0,-23.06024,-44.227463
MARCOS CAVALCANTI,2023-11-29 18:16:50,341.6,0.1,-23.060256,-44.227435
MARCOS CAVALCANTI,2023-11-29 18:17:50,338.1,0.0,-23.060271,-44.227405
MARCOS CAVALCANTI,2023-11-29 18:18:20,327.5,0.0,-23.06025,-44.22742
MARCOS CAVALCANTI,2023-11-29 18:20:40,304.0,0.0,-23.06029,-44.22743
MARCOS CAVALCANTI,2023-11-29 18:32:23,352.6,0.0,-23.06029,-44.227405
MARCOS CAVALCANTI,2023-11-29 18:41:22,339.5,0.0,-23.060293,-44.227411
MARCOS CAVALCANTI,2023-11-29 18:43:52,335.8,0.0,-23.06029,-44.227416
MARCOS CAVALCANTI,2023-11-29 19:15:03,333.9,0.0,-23.060288,-44.227413
MARCOS CAVALCANTI,2023-11-29 19:45:52,340.0,0.0,-23.060308,-44.227405
MARCOS CAVALCANTI,2023-11-29 19:55:13,345.5,0.0,-23.060293,-44.227403
MARCOS CAVALCANTI,2023-11-29 20:23:43,335.0,0.0,-23.060298,-44.227428
MARCOS CAVALCANTI,2023-11-29 20:26:03,326.7,0.1,-23.060296,-44.227403
MARCOS CAVALCANTI,2023-11-29 20:29:53,312.4,0.0,-23.060283,-44.227438
MARCOS CAVALCANTI,2023-11-29 21:57:42,9.1,0.0,-23.060365,-44.227435
MARCOS CAVALCANTI,2023-11-29 22:54:12,17.8,0.0,-23.060301,-44.227451
MARCOS CAVALCANTI,2023-11-29 22:57:22,17.6,0.0,-23.06031,-44.227376
MARCOS CAVALCANTI,2023-11-29 23:20:22,5.9,0.0,-23.060301,-44.227376
MARCOS CAVALCANTI,2023-11-29 23:41:21,162.2,0.0,-23.060315,-44.227398
MARCOS CAVALCANTI,2023-11-29 23:49:42,1.5,0.0,-23.060316,-44.227423
MARCOS CAVALCANTI,2023-11-30 00:24:52,107.6,0.0,-23.060351,-44.227363
MARCOS CAVALCANTI,2023-11-30 00:58:52,338.0,0.0,-23.06022,-44.227435
MARCOS CAVALCANTI,2023-11-30 01:01:11,26.4,0.1,-23.060268,-44.227393
MARCOS CAVALCANTI,2023-11-30 01:26:42,13.7,0.0,-23.060275,-44.227415
MARCOS CAVALCANTI,2023-11-30 01:36:12,7.3,0.0,-23.060348,-44.227388
MARCOS CAVALCANTI,2023-11-30 01:37:11,8.5,0.0,-23.060353,-44.227446
MARCOS CAVALCANTI,2023-11-30 01:39:22,358.6,0.1,-23.060326,-44.227356
MARCOS CAVALCANTI,2023-11-30 02:04:32,293.1,0.0,-23.060293,-44.227431
MARCOS CAVALCANTI,2023-11-30 02:40:42,326.7,0.1,-23.06028,-44.227398
MARCOS CAVALCANTI,2023-11-30 03:15:53,172.6,0.1,-23.060306,-44.227396
MARCOS CAVALCANTI,2023-11-30 03:43:02,346.4,0.0,-23.060293,-44.22738
MARCOS CAVALCANTI,2023-11-30 03:46:12,346.3,0.0,-23.060256,-44.227406
MARCOS CAVALCANTI,2023-11-30 03:48:42,353.1,0.0,-23.060273,-44.227373
MARCOS CAVALCANTI,2023-11-30 04:10:42,349.4,0.0,-23.060225,-44.22738
MARCOS CAVALCANTI,2023-11-30 04:33:33,326.0,0.0,-23.060231,-44.227406
MARCOS CAVALCANTI,2023-11-30 04:41:03,236.3,0.0,-23.060258,-44.227416
MARCOS CAVALCANTI,2023-11-30 04:43:22,236.3,0.0,-23.060246,-44.22738
MARCOS CAVALCANTI,2023-11-30 04:59:42,220.9,0.0,-23.060263,-44.227401
MARCOS CAVALCANTI,2023-11-30 05:01:11,220.9,0.0,-23.060248,-44.227416
MARCOS CAVALCANTI,2023-11-30 05:01:22,220.9,0.0,-23.06024,-44.227425
MARCOS CAVALCANTI,2023-11-30 05:01:32,220.9,0.0,-23.060238,-44.227408
MARCOS CAVALCANTI,2023-11-30 05:01:42,220.9,0.0,-23.060246,-44.227398
MARCOS CAVALCANTI,2023-11-30 05:02:12,220.9,0.0,-23.060263,-44.227398
MARCOS CAVALCANTI,2023-11-30 05:03:42,220.9,0.0,-23.060261,-44.227408
MARCOS CAVALCANTI,2023-11-30 05:04:32,220.9,0.0,-23.060275,-44.227395
MARCOS CAVALCANTI,2023-11-30 05:08:22,220.9,0.0,-23.060296,-44.227405
MARCOS CAVALCANTI,2023-11-30 05:29:22,199.9,0.0,-23.060295,-44.227421
MARCOS CAVALCANTI,2023-11-30 05:52:33,319.2,0.0,-23.060278,-44.227376
MARCOS CAVALCANTI,2023-11-30 06:43:21,0.9,0.0,-23.060348,-44.227395
MARCOS CAVALCANTI,2023-11-30 06:45:42,173.9,0.0,-23.06031,-44.227368
MARCOS CAVALCANTI,2023-11-30 06:47:11,340.7,0.0,-23.060268,-44.227396
MARCOS CAVALCANTI,2023-11-30 06:50:22,325.4,0.0,-23.060321,-44.227398
MARCOS CAVALCANTI,2023-11-30 07:39:22,316.8,0.1,-23.060276,-44.227413
MARCOS CAVALCANTI,2023-11-30 07:41:23,322.4,0.1,-23.060286,-44.227435
MARCOS CAVALCANTI,2023-11-30 08:26:52,263.6,0.0,-23.060266,-44.227428
MARCOS CAVALCANTI,2023-11-30 12:30:57,129.8,0.0,-23.060268,-44.227401
MARCOS CAVALCANTI,2023-11-30 12:32:48,129.8,0.0,-23.060188,-44.227495
MARCOS CAVALCANTI,2023-11-30 12:33:08,129.8,0.0,-23.060193,-44.22743
MARCOS CAVALCANTI,2023-11-30 12:34:28,130.5,0.0,-23.060218,-44.227385
MARCOS CAVALCANTI,2023-11-30 12:37:19,130.5,0.0,-23.060255,-44.227383
MARCOS CAVALCANTI,2023-11-30 13:18:28,237.0,9.2,-23.074615,-44.245525
MARCOS CAVALCANTI,2023-11-30 13:23:38,242.9,10.3,-23.082303,-44.258423
MARCOS CAVALCANTI,2023-11-30 13:26:18,260.1,10.3,-23.084146,-44.266371
MARCOS CAVALCANTI,2023-11-30 14:44:27,231.6,5.2,-23.157581,-44.430936
MARCOS CAVALCANTI,2023-11-30 14:51:38,232.7,5.1,-23.164456,-44.439196
MARCOS CAVALCANTI,2023-11-30 15:12:08,287.9,2.3,-23.168255,-44.45807
MARCOS CAVALCANTI,2023-11-30 15:14:28,281.8,2.2,-23.167835,-44.459503
MARCOS CAVALCANTI,2023-11-30 15:20:37,283.6,2.5,-23.16654,-44.463796
MARCOS CAVALCANTI,2023-11-30 15:44:49,354.8,2.1,-23.154726,-44.480411
MARCOS CAVALCANTI,2023-11-30 15:47:49,3.2,1.1,-23.15343,-44.480361
MARCOS CAVALCANTI,2023-11-30 15:54:49,276.3,0.4,-23.1528,-44.48091
MARCOS CAVALCANTI,2023-11-30 16:02:48,252.3,0.2,-23.152741,-44.481625
MARCOS CAVALCANTI,2023-11-30 16:36:27,185.6,0.3,-23.15145,-44.48255
MARCOS CAVALCANTI,2023-11-30 16:58:29,19.2,0.3,-23.150581,-44.482233
MARCOS CAVALCANTI,2023-11-30 17:01:29,22.4,0.1,-23.150466,-44.482195
MARCOS CAVALCANTI,2023-11-30 19:31:31,202.5,0.1,-23.150986,-44.482503
MARCOS CAVALCANTI,2023-12-01 09:07:32,128.0,0.0,-23.150906,-44.478118
MARCOS CAVALCANTI,2023-12-01 10:52:32,0.1,0.2,-23.150685,-44.478353
MARCOS CAVALCANTI,2023-12-01 17:16:30,41.1,0.1,-23.149951,-44.481875
MARCOS CAVALCANTI,2023-12-01 17:58:32,344.6,0.0,-23.149888,-44.481813
MARCOS CAVALCANTI,2023-12-01 19:04:32,230.4,0.0,-23.150245,-44.48206
MARCOS CAVALCANTI,2023-12-01 21:46:32,356.0,0.2,-23.151771,-44.482516
MARCOS CAVALCANTI,2023-12-02 03:34:32,330.2,0.2,-23.153325,-44.481826
MARCOS CAVALCANTI,2023-12-02 04:28:32,352.7,0.1,-23.153248,-44.481633
MARCOS CAVALCANTI,2023-12-02 05:43:32,27.1,0.0,-23.150723,-44.482196
MARCOS CAVALCANTI,2023-12-02 10:55:31,148.9,0.2,-23.151105,-44.478281
MARCOS CAVALCANTI,2023-12-02 11:07:32,33.1,0.1,-23.150826,-44.478306
MARCOS CAVALCANTI,2023-12-02 11:25:32,326.9,0.0,-23.150261,-44.478576
MARCOS CAVALCANTI,2023-12-02 15:07:32,215.5,0.1,-23.15055,-44.48233
MARCOS CAVALCANTI,2023-12-02 19:13:32,30.6,0.0,-23.14991,-44.481545
MARCOS CAVALCANTI,2023-12-02 21:46:32,76.2,0.0,-23.150213,-44.481705
MARCOS CAVALCANTI,2023-12-02 22:40:32,214.5,0.1,-23.150941,-44.482238
MARCOS CAVALCANTI,2023-12-02 23:49:32,126.9,0.1,-23.153011,-44.481976
MARCOS CAVALCANTI,2023-12-03 01:16:31,313.8,0.1,-23.1534,-44.48145
MARCOS CAVALCANTI,2023-12-03 03:52:32,300.3,0.2,-23.153363,-44.48165
MARCOS CAVALCANTI,2023-12-03 11:22:32,354.4,0.1,-23.151548,-44.482256
MARCOS CAVALCANTI,2023-12-03 17:49:31,8.5,0.1,-23.149836,-44.481716
MARCOS CAVALCANTI,2023-12-03 18:13:31,276.9,0.0,-23.149725,-44.481528
MARCOS CAVALCANTI,2023-12-03 18:55:32,259.1,0.0,-23.149768,-44.4815
MARCOS CAVALCANTI,2023-12-03 19:52:32,268.7,0.0,-23.14977,-44.481415
MARCOS CAVALCANTI,2023-12-04 02:52:31,209.4,0.0,-23.14984,-44.480776
MARCOS CAVALCANTI,2023-12-04 07:46:32,274.5,0.0,-23.149385,-44.480485
MARCOS CAVALCANTI,2023-12-04 12:40:32,205.0,0.0,-23.15008,-44.481953
MARCOS CAVALCANTI,2023-12-04 13:07:31,232.0,0.0,-23.150226,-44.481956
MARCOS CAVALCANTI,2023-12-04 14:25:32,61.1,0.0,-23.150383,-44.48222
MARCOS CAVALCANTI,2023-12-04 16:28:29,37.7,0.0,-23.150078,-44.481918
MARCOS CAVALCANTI,2023-12-04 18:25:31,235.3,0.0,-23.149715,-44.481436
MARCOS CAVALCANTI,2023-12-04 19:49:31,290.6,0.1,-23.149718,-44.48122
MARCOS CAVALCANTI,2023-12-04 20:43:32,40.9,0.1,-23.149555,-44.480933
MARCOS CAVALCANTI,2023-12-04 21:25:31,293.9,0.0,-23.149766,-44.481268
MARCOS CAVALCANTI,2023-12-05 00:07:31,139.4,0.1,-23.149683,-44.48001
MARCOS CAVALCANTI,2023-12-05 01:34:32,84.9,0.2,-23.14946,-44.480003
MARCOS CAVALCANTI,2023-12-05 04:49:30,236.4,0.1,-23.149826,-44.480498
MARCOS CAVALCANTI,2023-12-05 04:55:30,237.1,0.1,-23.14987,-44.480623
MARCOS CAVALCANTI,2023-12-05 05:25:32,273.2,0.1,-23.149973,-44.481225
MARCOS CAVALCANTI,2023-12-05 07:06:28,149.2,0.3,-23.150268,-44.480315
MARCOS CAVALCANTI,2023-12-05 07:33:18,89.6,5.0,-23.154096,-44.470801
MARCOS CAVALCANTI,2023-12-05 07:35:48,82.6,6.0,-23.15374,-44.466605
MARCOS CAVALCANTI,2023-12-05 08:06:59,54.2,8.8,-23.13229,-44.382773
MARCOS CAVALCANTI,2023-12-05 08:11:07,48.4,9.1,-23.125446,-44.374578
MARCOS CAVALCANTI,2023-12-05 08:13:57,66.7,9.8,-23.121971,-44.367448
MARCOS CAVALCANTI,2023-12-05 08:30:17,66.2,11.7,-23.10187,-44.317488
MARCOS CAVALCANTI,2023-12-05 08:42:59,79.5,9.4,-23.087233,-44.279231
MARCOS CAVALCANTI,2023-12-05 09:11:30,70.6,3.0,-23.065398,-44.235153
MARCOS CAVALCANTI,2023-12-05 09:14:28,73.3,2.8,-23.064723,-44.232725
MARCOS CAVALCANTI,2023-12-05 09:22:19,46.9,1.1,-23.06296,-44.230071
MARCOS CAVALCANTI,2023-12-05 09:25:48,79.0,0.1,-23.062485,-44.22977
MARCOS CAVALCANTI,2023-12-05 09:29:30,86.2,0.1,-23.062523,-44.229661
MARCOS CAVALCANTI,2023-12-05 09:52:18,15.5,0.0,-23.062061,-44.229561
MARCOS CAVALCANTI,2023-12-05 10:13:39,38.6,0.0,-23.062053,-44.229626
MARCOS CAVALCANTI,2023-12-05 10:17:17,64.5,0.0,-23.06212,-44.229615
MARCOS CAVALCANTI,2023-12-05 10:32:08,336.5,0.0,-23.062115,-44.229546
MARCOS CAVALCANTI,2023-12-06 17:01:27,249.7,4.9,-23.067256,-44.231431
MARCOS CAVALCANTI,2023-12-06 17:04:10,250.1,7.9,-23.06885,-44.236485
MARCOS CAVALCANTI,2023-12-06 17:05:57,240.5,9.7,-23.070818,-44.240958
MARCOS CAVALCANTI,2023-12-06 17:06:28,238.6,10.1,-23.071551,-44.242296
MARCOS CAVALCANTI,2023-12-06 17:06:57,240.3,10.5,-23.072248,-44.243551
MARCOS CAVALCANTI,2023-12-06 17:43:21,248.1,10.8,-23.120803,-44.364101
MARCOS CAVALCANTI,2023-12-06 18:05:10,275.2,7.1,-23.141245,-44.410316
MARCOS CAVALCANTI,2023-12-06 18:36:37,250.3,4.7,-23.149031,-44.464683
MARCOS CAVALCANTI,2023-12-06 18:44:00,252.0,3.0,-23.15048,-44.4731
MARCOS CAVALCANTI,2023-12-07 02:09:22,52.3,0.1,-23.151131,-44.479718
MARCOS CAVALCANTI,2023-12-07 02:12:22,41.4,0.1,-23.151098,-44.479673
MARCOS CAVALCANTI,2023-12-07 15:27:22,220.5,0.0,-23.150816,-44.47951
MARCOS CAVALCANTI,2023-12-07 21:48:23,270.4,0.1,-23.151005,-44.479663
MARCOS CAVALCANTI,2023-12-07 22:21:22,222.1,0.0,-23.151008,-44.47955
MARCOS CAVALCANTI,2023-12-08 01:33:21,230.2,0.1,-23.15081,-44.479021
MARCOS CAVALCANTI,2023-12-08 01:33:22,230.2,0.1,-23.15081,-44.479021
MARCOS CAVALCANTI,2023-12-08 04:06:20,46.8,0.1,-23.151453,-44.479948
MARCOS CAVALCANTI,2023-12-08 05:42:20,304.5,0.2,-23.150193,-44.477081
MARCOS CAVALCANTI,2023-12-08 08:42:23,147.6,0.1,-23.15341,-44.48031
MARCOS CAVALCANTI,2023-12-08 09:54:22,157.2,0.1,-23.153405,-44.480283
MARCOS CAVALCANTI,2023-12-08 12:39:22,20.7,0.1,-23.152196,-44.48016
MARCOS CAVALCANTI,2023-12-08 12:51:21,209.8,0.1,-23.152146,-44.48025
MARCOS CAVALCANTI,2023-12-08 17:37:41,157.8,12.6,-23.226978,-44.443106
MARCOS CAVALCANTI,2023-12-08 17:38:12,157.9,12.6,-23.22872,-44.442348
MARCOS CAVALCANTI,2023-12-08 17:38:21,157.8,12.6,-23.229155,-44.442158
MARCOS CAVALCANTI,2023-12-08 18:23:43,117.7,13.9,-23.346176,-44.32529
MARCOS CAVALCANTI,2023-12-08 18:26:12,117.4,14.0,-23.350663,-44.315998
MARCOS CAVALCANTI,2023-12-08 18:28:31,116.6,13.9,-23.354841,-44.30744
MARCOS CAVALCANTI,2023-12-08 18:29:53,118.9,14.0,-23.357401,-44.302251
MARCOS CAVALCANTI,2023-12-08 18:30:49,118.2,13.9,-23.359061,-44.298863
MARCOS CAVALCANTI,2023-12-08 18:32:11,119.6,13.9,-23.361661,-44.293768
MARCOS CAVALCANTI,2023-12-08 19:02:23,119.6,13.7,-23.417143,-44.182966
MARCOS CAVALCANTI,2023-12-08 19:16:18,118.0,13.5,-23.443,-44.1331
MARCOS CAVALCANTI,2023-12-08 19:23:38,118.9,13.4,-23.456368,-44.10713
MARCOS CAVALCANTI,2023-12-08 19:41:59,118.9,11.1,-23.48816,-44.045868
MARCOS CAVALCANTI,2023-12-08 20:04:50,112.5,10.8,-23.518651,-43.978916
MARCOS CAVALCANTI,2023-12-08 20:18:09,114.2,10.7,-23.534906,-43.939308
MARCOS CAVALCANTI,2023-12-08 20:48:58,111.8,10.2,-23.570343,-43.849953
MARCOS CAVALCANTI,2023-12-08 20:51:49,113.2,10.2,-23.573431,-43.841908
MARCOS CAVALCANTI,2023-12-08 21:22:09,120.3,11.0,-23.615545,-43.75051
MARCOS CAVALCANTI,2023-12-08 21:25:09,120.4,11.0,-23.6202,-43.741863
MARCOS CAVALCANTI,2023-12-08 21:30:39,119.4,11.0,-23.628686,-43.726055
MARCOS CAVALCANTI,2023-12-08 21:53:40,124.0,11.0,-23.666948,-43.661305
MARCOS CAVALCANTI,2023-12-08 21:56:00,124.5,11.1,-23.670951,-43.654871
MARCOS CAVALCANTI,2023-12-08 22:02:28,125.7,10.7,-23.681803,-43.637108
MARCOS CAVALCANTI,2023-12-08 22:06:09,126.3,10.7,-23.688293,-43.627585
MARCOS CAVALCANTI,2023-12-08 22:34:59,117.2,10.3,-23.730753,-43.549785
MARCOS CAVALCANTI,2023-12-08 22:40:40,117.0,10.4,-23.73821,-43.533833
MARCOS CAVALCANTI,2023-12-08 22:43:39,116.5,10.3,-23.742051,-43.525511
MARCOS CAVALCANTI,2023-12-08 22:50:38,116.1,10.4,-23.75113,-43.505938
MARCOS CAVALCANTI,2023-12-08 23:09:18,116.3,10.3,-23.77529,-43.453725
MARCOS CAVALCANTI,2023-12-08 23:21:58,116.4,10.4,-23.792,-43.418221
MARCOS CAVALCANTI,2023-12-08 23:25:10,117.7,10.5,-23.796225,-43.40925
MARCOS CAVALCANTI,2023-12-08 23:32:07,116.8,10.5,-23.80571,-43.389583
MARCOS CAVALCANTI,2023-12-08 23:52:09,115.8,10.5,-23.832473,-43.33319
MARCOS CAVALCANTI,2023-12-08 23:59:59,110.2,10.6,-23.840433,-43.30961
MARCOS CAVALCANTI,2023-12-09 00:12:49,109.3,10.6,-23.852956,-43.270631
MARCOS CAVALCANTI,2023-12-09 00:18:40,109.5,10.7,-23.858545,-43.252861
MARCOS CAVALCANTI,2023-12-09 00:37:08,110.2,10.6,-23.876385,-43.1966
MARCOS CAVALCANTI,2023-12-09 00:58:38,116.3,10.6,-23.900518,-43.132883
MARCOS CAVALCANTI,2023-12-09 01:02:08,115.7,10.5,-23.905076,-43.122763
MARCOS CAVALCANTI,2023-12-09 01:11:49,120.6,10.4,-23.919015,-43.096255
MARCOS CAVALCANTI,2023-12-09 01:29:59,122.7,10.6,-23.946988,-43.047168
MARCOS CAVALCANTI,2023-12-09 01:30:59,123.9,10.6,-23.948566,-43.044441
MARCOS CAVALCANTI,2023-12-09 01:31:59,123.7,10.7,-23.950183,-43.041726
MARCOS CAVALCANTI,2023-12-09 01:32:28,123.8,10.7,-23.950933,-43.040398
MARCOS CAVALCANTI,2023-12-09 01:32:59,124.9,10.7,-23.951761,-43.038986
MARCOS CAVALCANTI,2023-12-09 01:37:28,119.9,10.7,-23.958821,-43.026641
MARCOS CAVALCANTI,2023-12-09 01:58:19,135.7,10.6,-23.998725,-42.975856
MARCOS CAVALCANTI,2023-12-09 02:20:08,115.4,10.8,-24.033613,-42.916928
MARCOS CAVALCANTI,2023-12-09 02:22:29,118.1,10.5,-24.036731,-42.910035
MARCOS CAVALCANTI,2023-12-09 02:48:19,113.2,10.5,-24.0694,-42.835573
MARCOS CAVALCANTI,2023-12-09 03:06:09,115.9,10.6,-24.092678,-42.784805
MARCOS CAVALCANTI,2023-12-09 03:08:48,117.4,10.5,-24.096148,-42.777195
MARCOS CAVALCANTI,2023-12-09 03:11:10,116.8,10.5,-24.099245,-42.77046
MARCOS CAVALCANTI,2023-12-09 03:13:48,116.0,10.5,-24.10282,-42.763038
MARCOS CAVALCANTI,2023-12-09 03:38:19,119.0,10.6,-24.13605,-42.693043
MARCOS CAVALCANTI,2023-12-09 03:46:48,117.7,10.7,-24.147625,-42.668595
MARCOS CAVALCANTI,2023-12-09 03:58:28,117.6,10.7,-24.163635,-42.63479
MARCOS CAVALCANTI,2023-12-09 04:01:39,116.8,10.8,-24.16812,-42.625598
MARCOS CAVALCANTI,2023-12-09 04:06:38,117.1,10.7,-24.17493,-42.611033
MARCOS CAVALCANTI,2023-12-09 04:09:27,117.4,10.7,-24.178838,-42.602938
MARCOS CAVALCANTI,2023-12-09 04:38:18,117.7,10.8,-24.218778,-42.518948
MARCOS CAVALCANTI,2023-12-09 04:48:09,121.1,10.7,-24.233101,-42.49076
MARCOS CAVALCANTI,2023-12-09 04:50:49,115.8,10.6,-24.23695,-42.483106
MARCOS CAVALCANTI,2023-12-09 04:51:19,115.9,10.6,-24.237616,-42.48172
MARCOS CAVALCANTI,2023-12-09 04:55:28,120.1,10.6,-24.243673,-42.469945
MARCOS CAVALCANTI,2023-12-09 04:55:58,120.7,10.7,-24.2444,-42.468535
MARCOS CAVALCANTI,2023-12-09 05:30:59,156.4,10.2,-24.308078,-42.388095
MARCOS CAVALCANTI,2023-12-09 05:31:29,156.2,10.2,-24.309345,-42.387496
MARCOS CAVALCANTI,2023-12-09 05:59:20,155.7,10.5,-24.382883,-42.352446
MARCOS CAVALCANTI,2023-12-09 06:00:37,155.9,10.6,-24.38638,-42.350766
MARCOS CAVALCANTI,2023-12-09 06:00:58,155.6,10.7,-24.387325,-42.35031
MARCOS CAVALCANTI,2023-12-09 06:02:48,155.1,10.7,-24.392318,-42.347885
MARCOS CAVALCANTI,2023-12-09 06:05:39,154.0,10.7,-24.399923,-42.343891
MARCOS CAVALCANTI,2023-12-09 06:19:39,155.9,10.5,-24.437521,-42.324928
MARCOS CAVALCANTI,2023-12-09 06:23:19,154.9,10.4,-24.447316,-42.32016
MARCOS CAVALCANTI,2023-12-09 06:36:30,159.8,8.9,-24.48201,-42.303056
MARCOS CAVALCANTI,2023-12-09 06:38:39,165.6,8.0,-24.486751,-42.301446
MARCOS CAVALCANTI,2023-12-09 06:41:19,168.0,7.2,-24.492248,-42.299948
MARCOS CAVALCANTI,2023-12-09 07:15:59,127.5,4.4,-24.531965,-42.275546
MARCOS CAVALCANTI,2023-12-09 07:16:28,125.1,4.5,-24.532321,-42.275003
MARCOS CAVALCANTI,2023-12-09 07:50:09,68.4,1.2,-24.539291,-42.236601
MARCOS CAVALCANTI,2023-12-09 08:04:59,70.3,1.2,-24.537271,-42.234098
MARCOS CAVALCANTI,2023-12-09 08:08:59,54.2,0.9,-24.53667,-42.233206
MARCOS CAVALCANTI,2023-12-09 08:11:58,65.6,0.9,-24.536278,-42.232498
MARCOS CAVALCANTI,2023-12-09 08:18:39,57.8,1.1,-24.535258,-42.230818
MARCOS CAVALCANTI,2023-12-09 08:25:39,57.0,1.0,-24.534226,-42.22898
MARCOS CAVALCANTI,2023-12-09 08:52:59,52.7,1.2,-24.53043,-42.22037
MARCOS CAVALCANTI,2023-12-09 08:55:29,57.8,1.1,-24.53009,-42.219511
MARCOS CAVALCANTI,2023-12-09 08:56:49,67.6,1.3,-24.529931,-42.219043
MARCOS CAVALCANTI,2023-12-09 08:59:19,59.3,1.1,-24.529606,-42.21816
MARCOS CAVALCANTI,2023-12-09 09:05:49,67.9,1.5,-24.528823,-42.215775
MARCOS CAVALCANTI,2023-12-09 09:49:20,66.1,1.1,-24.52238,-42.200085
MARCOS CAVALCANTI,2023-12-09 09:52:30,77.9,2.7,-24.521846,-42.198616
MARCOS CAVALCANTI,2023-12-09 09:56:09,100.8,3.0,-24.521651,-42.195666
MARCOS CAVALCANTI,2023-12-09 10:33:47,256.7,3.1,-24.532975,-42.221008
MARCOS CAVALCANTI,2023-12-09 10:34:47,255.7,2.8,-24.532988,-42.221878
MARCOS CAVALCANTI,2023-12-09 10:39:39,267.1,1.8,-24.533205,-42.225473
MARCOS CAVALCANTI,2023-12-09 11:43:18,226.4,0.9,-24.52973,-42.246521
MARCOS CAVALCANTI,2023-12-09 11:46:07,309.9,0.7,-24.529528,-42.247031
MARCOS CAVALCANTI,2023-12-09 11:52:18,274.4,2.0,-24.528856,-42.249975
MARCOS CAVALCANTI,2023-12-09 12:07:48,189.2,1.4,-24.532976,-42.257615
MARCOS CAVALCANTI,2023-12-09 12:08:28,159.5,1.2,-24.533166,-42.257581
MARCOS CAVALCANTI,2023-12-09 12:08:48,153.3,1.2,-24.533283,-42.257543
MARCOS CAVALCANTI,2023-12-09 12:11:37,149.1,1.2,-24.53415,-42.257131
MARCOS CAVALCANTI,2023-12-09 12:14:48,263.9,0.2,-24.534506,-42.257065
MARCOS CAVALCANTI,2023-12-09 12:21:08,167.9,0.7,-24.534806,-42.257011
MARCOS CAVALCANTI,2023-12-09 12:23:09,171.3,0.8,-24.535193,-42.25702
MARCOS CAVALCANTI,2023-12-09 12:26:09,197.4,0.9,-24.535916,-42.256978
MARCOS CAVALCANTI,2023-12-09 12:28:18,162.8,0.6,-24.536238,-42.256931
MARCOS CAVALCANTI,2023-12-09 12:46:38,185.4,0.8,-24.535648,-42.25603
MARCOS CAVALCANTI,2023-12-09 12:57:09,196.0,0.8,-24.53759,-42.256213
MARCOS CAVALCANTI,2023-12-09 13:01:08,168.4,0.7,-24.538306,-42.256118
MARCOS CAVALCANTI,2023-12-09 13:04:59,145.8,0.7,-24.539065,-42.25597
MARCOS CAVALCANTI,2023-12-09 13:23:37,149.2,0.5,-24.541463,-42.255206
MARCOS CAVALCANTI,2023-12-09 13:27:08,139.7,0.7,-24.54195,-42.255125
MARCOS CAVALCANTI,2023-12-09 13:31:37,184.3,1.2,-24.54261,-42.254913
MARCOS CAVALCANTI,2023-12-09 13:40:38,163.5,0.8,-24.544213,-42.254205
MARCOS CAVALCANTI,2023-12-09 13:58:18,255.5,0.1,-24.545376,-42.252376
MARCOS CAVALCANTI,2023-12-09 14:02:18,293.3,0.6,-24.545331,-42.2526
MARCOS CAVALCANTI,2023-12-09 14:14:40,336.9,0.5,-24.543748,-42.254013
MARCOS CAVALCANTI,2023-12-09 14:34:49,223.5,0.8,-24.54607,-42.254893
MARCOS CAVALCANTI,2023-12-09 14:38:49,152.3,0.5,-24.54673,-42.255015
MARCOS CAVALCANTI,2023-12-09 14:42:29,212.4,0.5,-24.54714,-42.255268
MARCOS CAVALCANTI,2023-12-09 14:46:19,200.3,0.6,-24.547666,-42.255455
MARCOS CAVALCANTI,2023-12-09 14:49:49,227.6,0.5,-24.548128,-42.255703
MARCOS CAVALCANTI,2023-12-09 15:10:59,118.2,0.3,-24.548315,-42.256135
MARCOS CAVALCANTI,2023-12-09 15:12:19,93.9,0.3,-24.548328,-42.256118
MARCOS CAVALCANTI,2023-12-09 15:13:18,267.9,0.4,-24.54834,-42.256123
MARCOS CAVALCANTI,2023-12-09 15:17:39,151.0,0.7,-24.54858,-42.255591
MARCOS CAVALCANTI,2023-12-09 15:23:19,217.2,0.8,-24.548886,-42.255043
MARCOS CAVALCANTI,2023-12-09 15:25:39,84.4,0.2,-24.54885,-42.254723
MARCOS CAVALCANTI,2023-12-09 15:42:00,96.9,0.6,-24.549701,-42.253583
MARCOS CAVALCANTI,2023-12-09 15:49:10,103.1,0.3,-24.549731,-42.252835
MARCOS CAVALCANTI,2023-12-09 15:56:20,187.8,0.1,-24.549668,-42.25264
MARCOS CAVALCANTI,2023-12-09 16:15:16,143.4,0.7,-24.551123,-42.25171
MARCOS CAVALCANTI,2023-12-09 16:15:25,150.3,1.1,-24.551133,-42.251685
MARCOS CAVALCANTI,2023-12-09 16:16:25,201.5,0.9,-24.55133,-42.25158
MARCOS CAVALCANTI,2023-12-09 16:16:27,201.5,0.9,-24.55133,-42.25158
MARCOS CAVALCANTI,2023-12-09 16:16:36,201.8,0.8,-24.551361,-42.251576
MARCOS CAVALCANTI,2023-12-09 16:16:37,201.8,0.8,-24.551361,-42.251576
MARCOS CAVALCANTI,2023-12-09 16:16:55,206.5,0.8,-24.551418,-42.251571
MARCOS CAVALCANTI,2023-12-09 16:16:58,206.5,0.8,-24.551418,-42.251571
MARCOS CAVALCANTI,2023-12-09 16:17:25,213.0,0.8,-24.551508,-42.251598
MARCOS CAVALCANTI,2023-12-09 16:17:36,221.3,0.6,-24.551536,-42.251613
MARCOS CAVALCANTI,2023-12-09 16:19:15,208.5,0.8,-24.551891,-42.251748
MARCOS CAVALCANTI,2023-12-09 16:19:25,193.2,0.9,-24.551931,-42.251755
MARCOS CAVALCANTI,2023-12-09 16:22:25,182.4,1.0,-24.552736,-42.251645
MARCOS CAVALCANTI,2023-12-09 16:23:15,184.5,0.9,-24.55291,-42.251578
MARCOS CAVALCANTI,2023-12-09 16:32:39,190.8,1.3,-24.555613,-42.251733
MARCOS CAVALCANTI,2023-12-09 16:35:59,185.8,1.2,-24.556648,-42.251558
MARCOS CAVALCANTI,2023-12-09 17:26:38,196.4,0.9,-24.571303,-42.252263
MARCOS CAVALCANTI,2023-12-09 17:33:19,166.2,0.8,-24.573015,-42.252395
MARCOS CAVALCANTI,2023-12-09 17:50:15,154.7,0.1,-24.574488,-42.252405
MARCOS CAVALCANTI,2023-12-09 17:50:35,121.2,0.1,-24.574503,-42.252406
MARCOS CAVALCANTI,2023-12-09 17:51:35,303.5,0.3,-24.574501,-42.25238
MARCOS CAVALCANTI,2023-12-09 17:52:35,304.8,0.3,-24.574498,-42.25236
MARCOS CAVALCANTI,2023-12-09 17:53:35,307.6,0.2,-24.574511,-42.252366
MARCOS CAVALCANTI,2023-12-09 17:53:55,104.2,0.1,-24.57451,-42.252356
MARCOS CAVALCANTI,2023-12-09 17:54:35,102.4,0.0,-24.574501,-42.252308
MARCOS CAVALCANTI,2023-12-09 17:54:55,89.6,0.3,-24.574503,-42.252288
MARCOS CAVALCANTI,2023-12-09 17:55:26,120.3,0.1,-24.574525,-42.252271
MARCOS CAVALCANTI,2023-12-09 17:58:16,121.7,0.0,-24.574553,-42.252211
MARCOS CAVALCANTI,2023-12-09 17:58:55,304.3,0.3,-24.57459,-42.252226
MARCOS CAVALCANTI,2023-12-09 18:08:19,327.5,0.1,-24.57465,-42.252096
MARCOS CAVALCANTI,2023-12-09 18:17:19,225.8,0.4,-24.575135,-42.252485
MARCOS CAVALCANTI,2023-12-09 18:25:10,235.5,0.3,-24.575915,-42.252895
MARCOS CAVALCANTI,2023-12-09 18:42:28,192.0,0.3,-24.577548,-42.253776
MARCOS CAVALCANTI,2023-12-09 18:45:28,115.8,0.1,-24.577646,-42.25372
MARCOS CAVALCANTI,2023-12-09 19:12:58,86.7,0.2,-24.577671,-42.253821
MARCOS CAVALCANTI,2023-12-09 19:14:38,303.9,0.2,-24.577665,-42.25387
MARCOS CAVALCANTI,2023-12-09 19:16:50,35.9,0.2,-24.577655,-42.253856
MARCOS CAVALCANTI,2023-12-09 19:17:08,142.1,0.1,-24.57765,-42.253856
MARCOS CAVALCANTI,2023-12-09 19:20:08,83.4,0.1,-24.577645,-42.253805
MARCOS CAVALCANTI,2023-12-09 19:47:38,235.5,0.2,-24.577521,-42.253725
MARCOS CAVALCANTI,2023-12-09 19:55:29,309.0,0.2,-24.577578,-42.253523
MARCOS CAVALCANTI,2023-12-09 19:59:39,279.4,0.2,-24.577545,-42.253555
MARCOS CAVALCANTI,2023-12-09 20:03:18,125.0,0.2,-24.57761,-42.253541
MARCOS CAVALCANTI,2023-12-09 20:09:18,336.3,0.1,-24.577796,-42.253436
MARCOS CAVALCANTI,2023-12-09 20:22:18,103.1,0.1,-24.577823,-42.253251
MARCOS CAVALCANTI,2023-12-09 20:24:49,312.8,0.0,-24.577808,-42.253231
MARCOS CAVALCANTI,2023-12-09 20:29:59,136.9,0.0,-24.577891,-42.253125
MARCOS CAVALCANTI,2023-12-09 20:56:19,90.0,0.3,-24.57793,-42.253078
MARCOS CAVALCANTI,2023-12-09 20:58:29,306.3,0.4,-24.577896,-42.253071
MARCOS CAVALCANTI,2023-12-09 21:02:48,143.2,0.0,-24.577948,-42.253006
MARCOS CAVALCANTI,2023-12-09 21:32:18,129.2,0.1,-24.577976,-42.252963
MARCOS CAVALCANTI,2023-12-09 21:34:37,313.9,0.3,-24.577966,-42.252965
MARCOS CAVALCANTI,2023-12-09 21:37:37,112.1,0.3,-24.577996,-42.252881
MARCOS CAVALCANTI,2023-12-09 21:48:09,144.1,0.2,-24.578048,-42.252848
MARCOS CAVALCANTI,2023-12-09 21:52:38,178.0,0.1,-24.57803,-42.252895
MARCOS CAVALCANTI,2023-12-09 22:11:49,280.6,0.1,-24.578126,-42.252733
MARCOS CAVALCANTI,2023-12-09 22:24:38,110.5,0.3,-24.578043,-42.252796
MARCOS CAVALCANTI,2023-12-09 22:40:18,356.8,0.1,-24.57804,-42.252833
MARCOS CAVALCANTI,2023-12-09 22:44:00,331.5,0.1,-24.578051,-42.252846
MARCOS CAVALCANTI,2023-12-09 23:18:20,275.5,0.2,-24.578166,-42.25275
MARCOS CAVALCANTI,2023-12-09 23:21:20,207.5,0.1,-24.578176,-42.25273
MARCOS CAVALCANTI,2023-12-09 23:31:48,102.3,0.1,-24.578125,-42.252686
MARCOS CAVALCANTI,2023-12-09 23:35:38,30.9,0.1,-24.578206,-42.252663
MARCOS CAVALCANTI,2023-12-09 23:48:47,100.4,0.0,-24.578393,-42.252361
MARCOS CAVALCANTI,2023-12-09 23:48:58,321.8,0.2,-24.578395,-42.25236
MARCOS CAVALCANTI,2023-12-10 00:12:18,282.8,0.1,-24.578415,-42.252445
MARCOS CAVALCANTI,2023-12-10 00:21:48,100.2,0.2,-24.578268,-42.252561
MARCOS CAVALCANTI,2023-12-10 00:24:40,147.6,0.4,-24.578261,-42.25261
MARCOS CAVALCANTI,2023-12-10 00:29:18,130.7,0.1,-24.578215,-42.252693
MARCOS CAVALCANTI,2023-12-10 01:00:59,326.3,0.1,-24.578228,-42.252635
MARCOS CAVALCANTI,2023-12-10 01:05:30,354.7,0.1,-24.578208,-42.25265
MARCOS CAVALCANTI,2023-12-10 01:14:10,261.5,0.1,-24.578053,-42.252858
MARCOS CAVALCANTI,2023-12-10 01:23:58,328.9,0.2,-24.578066,-42.252806
MARCOS CAVALCANTI,2023-12-10 01:25:58,233.7,0.2,-24.578063,-42.252868
MARCOS CAVALCANTI,2023-12-10 01:26:58,190.6,0.5,-24.57803,-42.252908
MARCOS CAVALCANTI,2023-12-10 01:30:48,113.1,0.1,-24.577991,-42.252905
MARCOS CAVALCANTI,2023-12-10 01:49:58,159.7,0.2,-24.577976,-42.252961
MARCOS CAVALCANTI,2023-12-10 01:55:08,308.2,0.0,-24.577958,-42.253058
MARCOS CAVALCANTI,2023-12-10 01:57:18,285.6,0.1,-24.577878,-42.253073
MARCOS CAVALCANTI,2023-12-10 02:06:49,96.3,0.2,-24.577935,-42.25305
MARCOS CAVALCANTI,2023-12-10 02:08:59,3.2,0.2,-24.57788,-42.25305
MARCOS CAVALCANTI,2023-12-10 02:14:30,164.1,0.1,-24.57793,-42.253011
MARCOS CAVALCANTI,2023-12-10 02:41:59,156.4,0.2,-24.577873,-42.25308
MARCOS CAVALCANTI,2023-12-10 02:44:18,136.0,0.0,-24.577861,-42.253106
MARCOS CAVALCANTI,2023-12-10 02:48:59,314.4,0.1,-24.577798,-42.253128
MARCOS CAVALCANTI,2023-12-10 03:01:28,65.8,0.1,-24.577761,-42.253218
MARCOS CAVALCANTI,2023-12-10 03:03:38,235.7,0.1,-24.577766,-42.253226
MARCOS CAVALCANTI,2023-12-10 03:52:19,200.9,0.3,-24.577603,-42.253476
MARCOS CAVALCANTI,2023-12-10 03:56:50,122.5,0.1,-24.577591,-42.253545
MARCOS CAVALCANTI,2023-12-10 03:58:58,308.1,0.0,-24.577581,-42.253618
MARCOS CAVALCANTI,2023-12-10 04:32:40,188.7,0.1,-24.577581,-42.253561
MARCOS CAVALCANTI,2023-12-10 04:37:58,119.9,0.2,-24.577596,-42.253486
MARCOS CAVALCANTI,2023-12-10 04:40:18,73.7,0.1,-24.577615,-42.253471
MARCOS CAVALCANTI,2023-12-10 04:42:48,307.1,0.2,-24.577585,-42.253541
MARCOS CAVALCANTI,2023-12-10 04:43:18,114.7,0.2,-24.57761,-42.253536
MARCOS CAVALCANTI,2023-12-10 04:43:37,299.9,0.2,-24.577606,-42.253556
MARCOS CAVALCANTI,2023-12-10 04:44:18,54.2,0.1,-24.577588,-42.25357
MARCOS CAVALCANTI,2023-12-10 04:44:48,294.5,0.2,-24.577561,-42.253561
MARCOS CAVALCANTI,2023-12-10 04:45:19,294.6,0.2,-24.577563,-42.253573
MARCOS CAVALCANTI,2023-12-10 04:46:47,259.3,0.1,-24.577568,-42.253628
MARCOS CAVALCANTI,2023-12-10 04:46:58,328.6,0.1,-24.577593,-42.25367
MARCOS CAVALCANTI,2023-12-10 04:47:18,301.9,0.1,-24.577591,-42.253698
MARCOS CAVALCANTI,2023-12-10 04:51:18,18.8,0.0,-24.577515,-42.253705
MARCOS CAVALCANTI,2023-12-10 05:02:18,135.0,0.4,-24.577546,-42.25357
MARCOS CAVALCANTI,2023-12-10 05:20:58,296.9,0.2,-24.57768,-42.253365
MARCOS CAVALCANTI,2023-12-10 05:23:29,308.3,0.1,-24.577635,-42.253476
MARCOS CAVALCANTI,2023-12-10 05:31:18,132.6,0.4,-24.577618,-42.253476
MARCOS CAVALCANTI,2023-12-10 05:35:37,250.4,0.1,-24.577636,-42.253493
MARCOS CAVALCANTI,2023-12-10 05:38:57,29.4,0.1,-24.577575,-42.253563
MARCOS CAVALCANTI,2023-12-10 05:40:39,294.2,0.2,-24.577546,-42.253591
MARCOS CAVALCANTI,2023-12-10 05:41:09,287.3,0.1,-24.577528,-42.25362
MARCOS CAVALCANTI,2023-12-10 05:43:17,118.7,0.3,-24.577525,-42.253723
MARCOS CAVALCANTI,2023-12-10 06:04:18,281.5,0.2,-24.577573,-42.253681
MARCOS CAVALCANTI,2023-12-10 06:12:49,358.6,0.0,-24.577566,-42.253695
MARCOS CAVALCANTI,2023-12-10 06:15:18,351.1,0.3,-24.577505,-42.253745
MARCOS CAVALCANTI,2023-12-10 06:15:27,275.0,0.4,-24.577503,-42.253755
MARCOS CAVALCANTI,2023-12-10 06:17:27,146.2,0.3,-24.577483,-42.253825
MARCOS CAVALCANTI,2023-12-10 06:17:49,282.6,0.2,-24.577488,-42.253833
MARCOS CAVALCANTI,2023-12-10 06:40:19,130.0,0.2,-24.577445,-42.253941
MARCOS CAVALCANTI,2023-12-10 06:51:19,272.2,0.2,-24.577345,-42.254296
MARCOS CAVALCANTI,2023-12-10 07:08:19,237.6,0.1,-24.577305,-42.254636
MARCOS CAVALCANTI,2023-12-10 07:11:28,292.5,0.2,-24.577325,-42.254885
MARCOS CAVALCANTI,2023-12-10 07:22:57,284.5,0.2,-24.577133,-42.255591
MARCOS CAVALCANTI,2023-12-10 07:26:17,276.1,0.1,-24.57713,-42.2558
MARCOS CAVALCANTI,2023-12-10 07:26:58,255.4,0.4,-24.57715,-42.255838
MARCOS CAVALCANTI,2023-12-10 07:56:59,259.4,0.2,-24.577181,-42.255701
MARCOS CAVALCANTI,2023-12-10 07:59:38,284.5,0.3,-24.577158,-42.255853
MARCOS CAVALCANTI,2023-12-10 08:04:18,272.7,0.1,-24.577158,-42.256061
MARCOS CAVALCANTI,2023-12-10 08:29:20,78.8,0.1,-24.577171,-42.255906
MARCOS CAVALCANTI,2023-12-10 08:33:39,147.5,0.1,-24.577158,-42.256013
MARCOS CAVALCANTI,2023-12-10 08:48:40,37.2,0.3,-24.57715,-42.256036
MARCOS CAVALCANTI,2023-12-10 08:50:49,20.2,0.2,-24.57717,-42.256063
MARCOS CAVALCANTI,2023-12-10 08:56:39,89.9,0.2,-24.577136,-42.256271
MARCOS CAVALCANTI,2023-12-10 09:41:18,252.5,0.3,-24.577211,-42.25701
MARCOS CAVALCANTI,2023-12-10 09:47:59,250.6,0.3,-24.577253,-42.257158
MARCOS CAVALCANTI,2023-12-10 10:40:18,259.0,0.6,-24.577111,-42.258343
MARCOS CAVALCANTI,2023-12-10 10:40:40,263.1,0.4,-24.577118,-42.258401
MARCOS CAVALCANTI,2023-12-10 10:47:39,273.3,0.5,-24.577078,-42.259581
MARCOS CAVALCANTI,2023-12-10 11:20:28,72.4,0.7,-24.578065,-42.265608
MARCOS CAVALCANTI,2023-12-10 11:28:57,253.8,0.1,-24.578276,-42.266708
MARCOS CAVALCANTI,2023-12-10 11:50:18,152.2,0.7,-24.57917,-42.267725
MARCOS CAVALCANTI,2023-12-10 11:57:09,156.6,0.9,-24.58048,-42.267845
MARCOS CAVALCANTI,2023-12-10 12:02:36,211.3,0.8,-24.58163,-42.26794
MARCOS CAVALCANTI,2023-12-10 12:03:49,195.4,0.6,-24.581818,-42.26797
MARCOS CAVALCANTI,2023-12-10 12:04:18,190.0,0.8,-24.581921,-42.267998
MARCOS CAVALCANTI,2023-12-10 12:05:57,200.6,0.8,-24.582278,-42.26809
MARCOS CAVALCANTI,2023-12-10 12:05:59,200.6,0.8,-24.582278,-42.26809
MARCOS CAVALCANTI,2023-12-10 12:06:18,217.4,0.7,-24.582338,-42.268113
MARCOS CAVALCANTI,2023-12-10 12:06:57,186.6,0.7,-24.582486,-42.268166
MARCOS CAVALCANTI,2023-12-10 12:25:39,227.0,0.6,-24.584596,-42.269388
MARCOS CAVALCANTI,2023-12-10 12:28:39,230.8,0.2,-24.584736,-42.269485
MARCOS CAVALCANTI,2023-12-10 12:38:27,29.3,0.4,-24.584928,-42.26987
MARCOS CAVALCANTI,2023-12-10 12:40:38,267.2,0.3,-24.585011,-42.269991
MARCOS CAVALCANTI,2023-12-10 12:40:48,47.9,0.5,-24.585021,-42.27
MARCOS CAVALCANTI,2023-12-10 12:40:58,17.9,1.1,-24.585041,-42.27002
MARCOS CAVALCANTI,2023-12-10 13:03:07,215.1,0.6,-24.585986,-42.270938
MARCOS CAVALCANTI,2023-12-10 13:07:28,205.3,0.5,-24.586246,-42.271166
MARCOS CAVALCANTI,2023-12-10 13:42:19,174.6,0.6,-24.587721,-42.271605
MARCOS CAVALCANTI,2023-12-10 13:47:37,168.0,0.1,-24.587876,-42.271635
MARCOS CAVALCANTI,2023-12-10 13:51:47,348.1,0.3,-24.588016,-42.271645
MARCOS CAVALCANTI,2023-12-10 14:12:20,93.4,0.6,-24.588796,-42.272
MARCOS CAVALCANTI,2023-12-10 14:20:59,140.6,0.4,-24.589316,-42.270723
MARCOS CAVALCANTI,2023-12-10 14:46:57,59.9,0.8,-24.589926,-42.268805
MARCOS CAVALCANTI,2023-12-10 14:55:58,35.2,0.7,-24.589756,-42.267646
MARCOS CAVALCANTI,2023-12-10 14:58:29,80.2,0.7,-24.58969,-42.26733
MARCOS CAVALCANTI,2023-12-10 15:30:46,140.9,0.6,-24.588458,-42.265
MARCOS CAVALCANTI,2023-12-10 15:33:59,9.9,0.6,-24.58824,-42.264578
MARCOS CAVALCANTI,2023-12-10 15:36:59,9.9,0.9,-24.588193,-42.26421
MARCOS CAVALCANTI,2023-12-10 16:03:09,196.4,0.1,-24.586926,-42.262093
MARCOS CAVALCANTI,2023-12-10 16:31:37,357.7,0.6,-24.586981,-42.262053
MARCOS CAVALCANTI,2023-12-10 16:31:59,349.9,0.4,-24.586965,-42.262041
MARCOS CAVALCANTI,2023-12-10 16:33:29,171.1,0.7,-24.586995,-42.262011
MARCOS CAVALCANTI,2023-12-10 16:33:57,164.2,0.8,-24.587,-42.262008
MARCOS CAVALCANTI,2023-12-10 16:35:18,350.5,0.1,-24.586993,-42.26207
MARCOS CAVALCANTI,2023-12-10 16:35:27,342.7,0.2,-24.586993,-42.262061
MARCOS CAVALCANTI,2023-12-10 16:35:46,164.6,0.3,-24.587001,-42.262056
MARCOS CAVALCANTI,2023-12-10 16:36:07,165.3,0.4,-24.587,-42.26205
MARCOS CAVALCANTI,2023-12-10 16:38:07,340.9,0.9,-24.587,-42.26206
MARCOS CAVALCANTI,2023-12-10 16:42:28,343.4,0.3,-24.58703,-42.26202
MARCOS CAVALCANTI,2023-12-10 17:10:29,184.7,0.1,-24.587273,-42.26215
MARCOS CAVALCANTI,2023-12-10 17:17:49,340.6,1.3,-24.587248,-42.262151
MARCOS CAVALCANTI,2023-12-10 17:21:09,338.4,0.2,-24.587268,-42.262061
MARCOS CAVALCANTI,2023-12-10 17:23:59,161.9,0.2,-24.587306,-42.261941
MARCOS CAVALCANTI,2023-12-10 17:26:29,36.0,0.1,-24.587336,-42.261816
MARCOS CAVALCANTI,2023-12-10 17:45:59,164.9,0.1,-24.587715,-42.261511
MARCOS CAVALCANTI,2023-12-10 18:05:28,162.8,0.7,-24.587765,-42.261505
MARCOS CAVALCANTI,2023-12-10 18:09:28,353.4,0.1,-24.587755,-42.261555
MARCOS CAVALCANTI,2023-12-10 18:11:16,150.6,0.6,-24.587746,-42.261548
MARCOS CAVALCANTI,2023-12-10 18:12:19,336.3,0.9,-24.58774,-42.261561
MARCOS CAVALCANTI,2023-12-10 18:12:56,152.8,0.0,-24.587746,-42.261551
MARCOS CAVALCANTI,2023-12-10 18:14:28,86.8,0.3,-24.58775,-42.261558
MARCOS CAVALCANTI,2023-12-10 18:15:47,166.9,0.5,-24.587765,-42.261565
MARCOS CAVALCANTI,2023-12-10 18:18:29,147.9,0.4,-24.587771,-42.261536
MARCOS CAVALCANTI,2023-12-10 18:19:28,27.7,1.0,-24.587768,-42.26152
MARCOS CAVALCANTI,2023-12-10 18:21:59,226.9,0.1,-24.587696,-42.261568
MARCOS CAVALCANTI,2023-12-10 18:54:28,331.3,0.9,-24.587876,-42.261496
MARCOS CAVALCANTI,2023-12-10 19:08:08,337.0,0.2,-24.58798,-42.261473
MARCOS CAVALCANTI,2023-12-10 19:11:08,318.8,0.3,-24.587981,-42.261456
MARCOS CAVALCANTI,2023-12-10 19:22:00,149.0,0.3,-24.587985,-42.261455
MARCOS CAVALCANTI,2023-12-10 19:56:49,154.1,0.4,-24.587903,-42.261501
MARCOS CAVALCANTI,2023-12-10 20:04:29,346.5,0.5,-24.587923,-42.26148
MARCOS CAVALCANTI,2023-12-10 20:07:59,341.9,0.1,-24.587886,-42.261518
MARCOS CAVALCANTI,2023-12-10 21:07:59,48.2,0.2,-24.588141,-42.261398
MARCOS CAVALCANTI,2023-12-10 21:13:39,148.1,0.9,-24.588178,-42.261418
MARCOS CAVALCANTI,2023-12-10 21:15:49,152.7,0.2,-24.58816,-42.26142
MARCOS CAVALCANTI,2023-12-10 21:42:58,326.7,0.2,-24.588163,-42.261388
MARCOS CAVALCANTI,2023-12-10 21:46:37,151.2,0.6,-24.588188,-42.261378
MARCOS CAVALCANTI,2023-12-10 21:49:49,164.0,0.3,-24.588135,-42.261396
MARCOS CAVALCANTI,2023-12-10 21:52:09,159.4,0.5,-24.588091,-42.261418
MARCOS CAVALCANTI,2023-12-10 22:17:30,138.5,0.0,-24.588323,-42.261303
MARCOS CAVALCANTI,2023-12-10 22:22:07,338.6,0.1,-24.588281,-42.261325
MARCOS CAVALCANTI,2023-12-10 22:24:37,142.1,0.6,-24.588281,-42.26134
MARCOS CAVALCANTI,2023-12-10 23:09:29,148.9,0.1,-24.588381,-42.261318
MARCOS CAVALCANTI,2023-12-10 23:11:47,115.2,0.0,-24.588318,-42.261245
MARCOS CAVALCANTI,2023-12-10 23:13:58,149.8,0.7,-24.588356,-42.261248
MARCOS CAVALCANTI,2023-12-10 23:45:58,338.8,0.5,-24.588398,-42.261288
MARCOS CAVALCANTI,2023-12-10 23:46:07,337.2,0.5,-24.588405,-42.261283
MARCOS CAVALCANTI,2023-12-10 23:46:39,330.3,0.7,-24.588386,-42.261278
MARCOS CAVALCANTI,2023-12-10 23:47:07,335.1,0.2,-24.588378,-42.261275
MARCOS CAVALCANTI,2023-12-10 23:48:39,165.8,0.6,-24.588376,-42.261296
MARCOS CAVALCANTI,2023-12-10 23:48:47,151.0,0.2,-24.588376,-42.261296
MARCOS CAVALCANTI,2023-12-10 23:51:28,156.0,0.4,-24.588425,-42.261241
MARCOS CAVALCANTI,2023-12-10 23:58:18,312.4,0.3,-24.588468,-42.261263
MARCOS CAVALCANTI,2023-12-11 00:03:10,159.1,0.5,-24.588323,-42.261311
MARCOS CAVALCANTI,2023-12-11 00:06:29,148.2,0.6,-24.588333,-42.26128
MARCOS CAVALCANTI,2023-12-11 00:21:08,25.7,0.1,-24.58826,-42.261328
MARCOS CAVALCANTI,2023-12-11 00:21:28,111.1,0.1,-24.588263,-42.261318
MARCOS CAVALCANTI,2023-12-11 00:21:38,158.8,0.2,-24.588275,-42.261313
MARCOS CAVALCANTI,2023-12-11 00:21:47,152.1,0.3,-24.588275,-42.261311
MARCOS CAVALCANTI,2023-12-11 00:23:19,150.4,0.5,-24.588281,-42.26131
MARCOS CAVALCANTI,2023-12-11 00:24:18,145.8,1.0,-24.588261,-42.2613
MARCOS CAVALCANTI,2023-12-11 00:25:58,196.5,0.2,-24.588195,-42.26135
MARCOS CAVALCANTI,2023-12-11 01:16:39,148.1,0.1,-24.588108,-42.261378
MARCOS CAVALCANTI,2023-12-11 01:24:48,335.1,1.2,-24.58826,-42.261358
MARCOS CAVALCANTI,2023-12-11 01:25:58,316.5,0.5,-24.588256,-42.261301
MARCOS CAVALCANTI,2023-12-11 01:26:48,327.0,0.3,-24.588248,-42.261306
MARCOS CAVALCANTI,2023-12-11 01:31:38,328.6,0.4,-24.58825,-42.261341
MARCOS CAVALCANTI,2023-12-11 01:43:19,318.2,0.3,-24.588386,-42.261228
MARCOS CAVALCANTI,2023-12-11 01:51:09,154.4,0.2,-24.588358,-42.261281
MARCOS CAVALCANTI,2023-12-11 01:57:38,331.3,0.3,-24.58835,-42.261278
MARCOS CAVALCANTI,2023-12-11 01:59:18,155.2,0.0,-24.588386,-42.261291
MARCOS CAVALCANTI,2023-12-11 02:05:18,331.8,0.4,-24.588276,-42.26134
MARCOS CAVALCANTI,2023-12-11 02:10:30,150.4,0.4,-24.588281,-42.261281
MARCOS CAVALCANTI,2023-12-11 02:53:39,161.2,0.0,-24.58857,-42.261126
MARCOS CAVALCANTI,2023-12-11 02:56:19,142.7,0.2,-24.588575,-42.261098
MARCOS CAVALCANTI,2023-12-11 03:00:39,305.1,0.5,-24.588628,-42.261073
MARCOS CAVALCANTI,2023-12-11 03:24:48,331.3,0.3,-24.588703,-42.261016
MARCOS CAVALCANTI,2023-12-11 03:51:57,315.2,0.5,-24.588735,-42.261033
MARCOS CAVALCANTI,2023-12-11 03:55:57,144.6,0.5,-24.588725,-42.260973
MARCOS CAVALCANTI,2023-12-11 04:39:38,349.9,0.1,-24.588756,-42.260948
MARCOS CAVALCANTI,2023-12-11 04:41:50,153.1,0.0,-24.58885,-42.260905
MARCOS CAVALCANTI,2023-12-11 04:54:38,334.5,0.4,-24.588878,-42.26084
MARCOS CAVALCANTI,2023-12-11 04:55:38,313.1,0.1,-24.588863,-42.260861
MARCOS CAVALCANTI,2023-12-11 04:55:57,165.4,0.1,-24.58887,-42.260858
MARCOS CAVALCANTI,2023-12-11 04:56:07,148.1,0.2,-24.588868,-42.26086
MARCOS CAVALCANTI,2023-12-11 04:57:38,147.6,0.3,-24.588885,-42.260868
MARCOS CAVALCANTI,2023-12-11 04:59:38,329.7,0.3,-24.588871,-42.2609
MARCOS CAVALCANTI,2023-12-11 05:00:07,322.1,0.2,-24.588871,-42.26089
MARCOS CAVALCANTI,2023-12-11 05:00:38,133.4,1.1,-24.588886,-42.260863
MARCOS CAVALCANTI,2023-12-11 05:14:28,329.6,0.6,-24.589,-42.260788
MARCOS CAVALCANTI,2023-12-11 05:16:29,323.7,1.1,-24.588993,-42.26071
MARCOS CAVALCANTI,2023-12-11 05:17:09,318.8,0.1,-24.588995,-42.260683
MARCOS CAVALCANTI,2023-12-11 05:19:38,151.6,0.2,-24.589051,-42.260656
MARCOS CAVALCANTI,2023-12-11 05:42:37,321.2,0.2,-24.589403,-42.260286
MARCOS CAVALCANTI,2023-12-11 05:49:18,154.3,0.1,-24.589491,-42.260195
MARCOS CAVALCANTI,2023-12-11 05:51:38,304.8,0.1,-24.589456,-42.260243
MARCOS CAVALCANTI,2023-12-11 05:54:00,315.6,0.0,-24.589471,-42.260246
MARCOS CAVALCANTI,2023-12-11 06:27:19,279.3,0.3,-24.589273,-42.260178
MARCOS CAVALCANTI,2023-12-11 07:02:59,99.5,0.1,-24.589941,-42.259308
MARCOS CAVALCANTI,2023-12-11 07:05:19,110.9,0.1,-24.589956,-42.259223
MARCOS CAVALCANTI,2023-12-11 07:50:48,288.2,0.3,-24.590473,-42.257898
MARCOS CAVALCANTI,2023-12-11 07:55:08,263.2,0.1,-24.590495,-42.25789
MARCOS CAVALCANTI,2023-12-11 08:45:09,316.4,0.1,-24.590556,-42.257096
MARCOS CAVALCANTI,2023-12-11 08:48:09,110.3,0.0,-24.590541,-42.257105
MARCOS CAVALCANTI,2023-12-11 09:40:00,94.5,0.3,-24.590553,-42.256693
MARCOS CAVALCANTI,2023-12-11 10:14:38,307.0,0.1,-24.59055,-42.256406
MARCOS CAVALCANTI,2023-12-11 11:00:08,95.0,0.2,-24.590555,-42.256258
MARCOS CAVALCANTI,2023-12-11 11:06:08,263.9,0.0,-24.590476,-42.256296
MARCOS CAVALCANTI,2023-12-11 11:22:39,292.7,0.3,-24.59053,-42.256516
MARCOS CAVALCANTI,2023-12-11 11:32:39,277.5,0.2,-24.590523,-42.256546
MARCOS CAVALCANTI,2023-12-11 11:40:19,105.3,0.1,-24.590541,-42.256521
MARCOS CAVALCANTI,2023-12-11 11:58:56,92.3,0.0,-24.59056,-42.25639
MARCOS CAVALCANTI,2023-12-11 12:00:08,283.4,0.1,-24.590535,-42.256386
MARCOS CAVALCANTI,2023-12-11 12:02:37,287.1,0.2,-24.59052,-42.25634
MARCOS CAVALCANTI,2023-12-11 12:04:17,245.3,0.2,-24.590516,-42.256335
MARCOS CAVALCANTI,2023-12-11 12:04:36,227.0,0.1,-24.590526,-42.256335
MARCOS CAVALCANTI,2023-12-11 12:05:08,149.0,0.0,-24.590546,-42.256338
MARCOS CAVALCANTI,2023-12-11 12:15:59,272.5,0.1,-24.590558,-42.256318
MARCOS CAVALCANTI,2023-12-11 12:34:49,277.1,0.2,-24.590581,-42.256453
MARCOS CAVALCANTI,2023-12-11 13:13:10,88.6,0.2,-24.59055,-42.256108
MARCOS CAVALCANTI,2023-12-11 13:18:29,85.8,0.1,-24.590513,-42.256125
MARCOS CAVALCANTI,2023-12-11 13:52:58,270.8,0.2,-24.590565,-42.256523
MARCOS CAVALCANTI,2023-12-11 13:55:39,268.9,0.0,-24.590545,-42.256543
MARCOS CAVALCANTI,2023-12-11 14:03:49,149.2,0.1,-24.59057,-42.256648
MARCOS CAVALCANTI,2023-12-11 14:29:38,136.7,0.1,-24.59054,-42.256863
MARCOS CAVALCANTI,2023-12-11 15:03:18,294.1,0.1,-24.590575,-42.256953
MARCOS CAVALCANTI,2023-12-11 15:39:37,99.3,0.3,-24.590605,-42.257121
MARCOS CAVALCANTI,2023-12-11 15:39:46,284.2,0.1,-24.590605,-42.257126
MARCOS CAVALCANTI,2023-12-11 15:42:00,99.5,0.1,-24.59055,-42.257165
MARCOS CAVALCANTI,2023-12-11 16:15:19,281.2,0.2,-24.59057,-42.257343
MARCOS CAVALCANTI,2023-12-11 16:27:08,347.4,0.1,-24.590545,-42.257456
MARCOS CAVALCANTI,2023-12-11 16:42:58,226.4,0.1,-24.590556,-42.257526
MARCOS CAVALCANTI,2023-12-11 16:46:30,310.2,0.1,-24.590573,-42.257556
MARCOS CAVALCANTI,2023-12-11 16:48:55,284.6,0.3,-24.590533,-42.25756
MARCOS CAVALCANTI,2023-12-11 16:49:25,296.2,0.2,-24.590515,-42.257546
MARCOS CAVALCANTI,2023-12-11 16:50:26,254.2,0.3,-24.59051,-42.257571
MARCOS CAVALCANTI,2023-12-11 16:54:06,285.1,0.1,-24.590563,-42.257606
MARCOS CAVALCANTI,2023-12-11 17:13:38,64.0,0.1,-24.590538,-42.257571
MARCOS CAVALCANTI,2023-12-11 17:18:59,122.0,0.0,-24.590516,-42.257531
MARCOS CAVALCANTI,2023-12-11 17:21:40,287.1,0.2,-24.590548,-42.257515
MARCOS CAVALCANTI,2023-12-11 17:56:29,136.5,0.1,-24.590531,-42.257466
MARCOS CAVALCANTI,2023-12-11 18:07:50,106.9,0.1,-24.590558,-42.257528
MARCOS CAVALCANTI,2023-12-11 18:32:29,295.4,0.1,-24.590588,-42.257361
MARCOS CAVALCANTI,2023-12-11 18:58:17,111.9,0.3,-24.590556,-42.257335
MARCOS CAVALCANTI,2023-12-11 19:03:19,274.5,0.1,-24.590565,-42.257348
MARCOS CAVALCANTI,2023-12-11 19:06:18,296.3,0.2,-24.59058,-42.257376
MARCOS CAVALCANTI,2023-12-11 19:35:57,309.0,0.1,-24.59059,-42.257125
MARCOS CAVALCANTI,2023-12-11 19:43:38,109.6,0.1,-24.590555,-42.256983
MARCOS CAVALCANTI,2023-12-11 20:10:29,244.9,0.1,-24.59056,-42.256536
MARCOS CAVALCANTI,2023-12-11 20:43:08,182.7,0.7,-24.593013,-42.256671
MARCOS CAVALCANTI,2023-12-11 20:46:28,193.3,0.6,-24.593586,-42.25673
MARCOS CAVALCANTI,2023-12-11 20:50:39,193.6,0.6,-24.594273,-42.256636
MARCOS CAVALCANTI,2023-12-11 20:52:49,183.1,0.6,-24.59464,-42.256665
MARCOS CAVALCANTI,2023-12-11 21:24:08,170.4,0.8,-24.601513,-42.255613
MARCOS CAVALCANTI,2023-12-11 21:26:17,182.1,0.7,-24.602031,-42.255536
MARCOS CAVALCANTI,2023-12-11 21:58:38,292.4,0.1,-24.605498,-42.25542
MARCOS CAVALCANTI,2023-12-11 22:13:29,72.2,0.1,-24.605491,-42.25577
MARCOS CAVALCANTI,2023-12-11 22:33:20,243.1,0.0,-24.605505,-42.256016
MARCOS CAVALCANTI,2023-12-11 23:00:58,256.3,0.0,-24.604713,-42.256181
MARCOS CAVALCANTI,2023-12-11 23:03:19,244.5,0.1,-24.60479,-42.256208
MARCOS CAVALCANTI,2023-12-11 23:07:58,22.3,0.1,-24.604743,-42.256253
MARCOS CAVALCANTI,2023-12-11 23:20:57,43.7,0.2,-24.604463,-42.256155
MARCOS CAVALCANTI,2023-12-11 23:25:09,61.1,0.1,-24.604316,-42.256001
MARCOS CAVALCANTI,2023-12-11 23:45:48,69.2,0.1,-24.604113,-42.255653
MARCOS CAVALCANTI,2023-12-11 23:53:19,295.2,0.1,-24.604005,-42.25571
MARCOS CAVALCANTI,2023-12-11 23:56:28,172.8,0.4,-24.60415,-42.255768
MARCOS CAVALCANTI,2023-12-12 00:00:29,180.4,0.7,-24.604816,-42.255901
MARCOS CAVALCANTI,2023-12-12 00:16:48,158.8,1.4,-24.610646,-42.255218
MARCOS CAVALCANTI,2023-12-12 00:17:48,160.2,1.3,-24.610951,-42.255128
MARCOS CAVALCANTI,2023-12-12 00:19:48,162.8,1.2,-24.611565,-42.254911
MARCOS CAVALCANTI,2023-12-12 00:43:39,244.8,0.8,-24.614916,-42.256698
MARCOS CAVALCANTI,2023-12-12 01:10:39,65.2,1.1,-24.612413,-42.261843
MARCOS CAVALCANTI,2023-12-12 01:37:40,319.8,9.8,-24.587535,-42.290958
MARCOS CAVALCANTI,2023-12-12 01:55:08,326.1,11.5,-24.544783,-42.325861
MARCOS CAVALCANTI,2023-12-12 01:57:58,321.1,11.6,-24.537431,-42.331806
MARCOS CAVALCANTI,2023-12-12 02:27:19,325.4,11.8,-24.459075,-42.392161
MARCOS CAVALCANTI,2023-12-12 02:33:18,324.2,11.8,-24.442918,-42.40452
MARCOS CAVALCANTI,2023-12-12 02:46:38,266.3,11.0,-24.416393,-42.438953
MARCOS CAVALCANTI,2023-12-12 02:48:58,268.3,11.1,-24.41687,-42.446766
MARCOS CAVALCANTI,2023-12-12 02:53:37,265.4,11.4,-24.417183,-42.462873
MARCOS CAVALCANTI,2023-12-12 02:56:19,266.3,11.5,-24.41755,-42.472243
MARCOS CAVALCANTI,2023-12-12 03:22:07,269.7,11.6,-24.4175,-42.562895
MARCOS CAVALCANTI,2023-12-12 03:40:26,270.1,11.5,-24.416681,-42.626973
MARCOS CAVALCANTI,2023-12-12 03:40:57,268.5,11.5,-24.416691,-42.628713
MARCOS CAVALCANTI,2023-12-12 03:41:07,268.2,11.5,-24.416696,-42.62935
MARCOS CAVALCANTI,2023-12-12 03:41:16,267.4,11.5,-24.416691,-42.629813
MARCOS CAVALCANTI,2023-12-12 03:41:26,268.2,11.5,-24.416686,-42.630395
MARCOS CAVALCANTI,2023-12-12 03:41:36,268.3,11.5,-24.416691,-42.631036
MARCOS CAVALCANTI,2023-12-12 03:41:46,268.8,11.5,-24.416695,-42.631616
MARCOS CAVALCANTI,2023-12-12 03:41:48,268.8,11.5,-24.416695,-42.631616
MARCOS CAVALCANTI,2023-12-12 03:42:16,269.7,11.6,-24.416708,-42.633355
MARCOS CAVALCANTI,2023-12-12 03:42:36,268.3,11.6,-24.416715,-42.634516
MARCOS CAVALCANTI,2023-12-12 03:42:46,270.1,11.5,-24.416711,-42.6351
MARCOS CAVALCANTI,2023-12-12 03:42:56,272.9,11.5,-24.416713,-42.635625
MARCOS CAVALCANTI,2023-12-12 03:43:16,270.2,11.5,-24.416716,-42.636848
MARCOS CAVALCANTI,2023-12-12 03:43:46,268.6,11.6,-24.416723,-42.638591
MARCOS CAVALCANTI,2023-12-12 03:44:49,270.8,11.5,-24.416623,-42.642125
MARCOS CAVALCANTI,2023-12-12 03:48:29,267.2,11.5,-24.416086,-42.65502
MARCOS CAVALCANTI,2023-12-12 04:08:59,275.7,10.6,-24.415,-42.726066
MARCOS CAVALCANTI,2023-12-12 04:14:29,230.1,6.8,-24.416363,-42.740448
MARCOS CAVALCANTI,2023-12-12 04:36:07,130.0,3.2,-24.430426,-42.733196
MARCOS CAVALCANTI,2023-12-12 04:43:59,251.1,5.2,-24.438346,-42.734528
MARCOS CAVALCANTI,2023-12-12 04:54:55,286.9,7.2,-24.425205,-42.750923
MARCOS CAVALCANTI,2023-12-12 05:04:57,266.3,10.5,-24.426198,-42.77767
MARCOS CAVALCANTI,2023-12-12 05:13:07,272.9,11.2,-24.425098,-42.80477
MARCOS CAVALCANTI,2023-12-12 05:15:07,271.2,11.3,-24.4246,-42.811576
MARCOS CAVALCANTI,2023-12-12 05:15:28,275.1,11.2,-24.424493,-42.81277
MARCOS CAVALCANTI,2023-12-12 05:16:48,269.3,11.4,-24.42412,-42.817331
MARCOS CAVALCANTI,2023-12-12 05:16:57,279.2,11.5,-24.424043,-42.81787
MARCOS CAVALCANTI,2023-12-12 05:17:48,267.6,11.6,-24.423943,-42.82079
MARCOS CAVALCANTI,2023-12-12 05:18:27,272.0,11.2,-24.42391,-42.822971
MARCOS CAVALCANTI,2023-12-12 05:19:27,272.9,11.3,-24.423856,-42.826365
MARCOS CAVALCANTI,2023-12-12 05:20:27,277.8,11.4,-24.423651,-42.829776
MARCOS CAVALCANTI,2023-12-12 05:24:47,272.9,11.4,-24.422705,-42.844768
MARCOS CAVALCANTI,2023-12-12 05:27:58,275.5,11.5,-24.421958,-42.855773
MARCOS CAVALCANTI,2023-12-12 05:53:08,272.4,11.5,-24.418178,-42.942638
MARCOS CAVALCANTI,2023-12-12 05:58:00,270.9,11.6,-24.417706,-42.959543
MARCOS CAVALCANTI,2023-12-12 06:03:30,271.0,11.5,-24.417646,-42.97885
MARCOS CAVALCANTI,2023-12-12 06:04:48,267.0,11.6,-24.417808,-42.983471
MARCOS CAVALCANTI,2023-12-12 06:24:59,270.6,11.8,-24.416456,-43.054931
MARCOS CAVALCANTI,2023-12-12 06:36:30,271.5,11.7,-24.415265,-43.095965
MARCOS CAVALCANTI,2023-12-12 06:39:30,274.4,11.8,-24.41528,-43.106548
MARCOS CAVALCANTI,2023-12-12 06:51:18,262.9,11.3,-24.41414,-43.148205
MARCOS CAVALCANTI,2023-12-12 06:57:39,250.2,11.3,-24.420923,-43.16821
MARCOS CAVALCANTI,2023-12-12 07:05:07,250.3,11.3,-24.429051,-43.19238
MARCOS CAVALCANTI,2023-12-12 07:07:17,252.6,11.4,-24.431376,-43.199406
MARCOS CAVALCANTI,2023-12-12 07:13:38,248.0,11.4,-24.438093,-43.22016
MARCOS CAVALCANTI,2023-12-12 07:44:17,253.4,11.5,-24.468528,-43.321441
MARCOS CAVALCANTI,2023-12-12 08:34:48,245.8,11.4,-24.528556,-43.48437
MARCOS CAVALCANTI,2023-12-12 08:40:49,247.1,11.5,-24.535843,-43.503906
MARCOS CAVALCANTI,2023-12-12 08:43:49,249.7,11.5,-24.539613,-43.513501
MARCOS CAVALCANTI,2023-12-12 09:30:30,253.0,11.7,-24.595038,-43.66662
MARCOS CAVALCANTI,2023-12-12 10:00:58,249.9,11.6,-24.629126,-43.768375
MARCOS CAVALCANTI,2023-12-12 11:42:19,251.4,11.6,-24.74238,-44.106403
MARCOS CAVALCANTI,2023-12-12 11:43:39,250.2,11.6,-24.743831,-44.110846
MARCOS CAVALCANTI,2023-12-12 11:48:39,251.6,11.6,-24.749195,-44.127556
MARCOS CAVALCANTI,2023-12-12 11:53:18,251.2,11.6,-24.754335,-44.1432
MARCOS CAVALCANTI,2023-12-12 12:15:59,253.3,11.7,-24.778903,-44.21962
MARCOS CAVALCANTI,2023-12-12 12:20:37,248.8,11.8,-24.784133,-44.235233
MARCOS CAVALCANTI,2023-12-12 12:24:29,253.0,11.8,-24.788145,-44.248453
MARCOS CAVALCANTI,2023-12-12 12:43:29,248.8,11.8,-24.80941,-44.313041
MARCOS CAVALCANTI,2023-12-12 13:00:28,250.6,11.9,-24.829321,-44.370528
MARCOS CAVALCANTI,2023-12-12 13:02:40,251.7,11.9,-24.831776,-44.378045
MARCOS CAVALCANTI,2023-12-12 13:28:49,247.4,12.0,-24.863196,-44.467291
MARCOS CAVALCANTI,2023-12-12 13:31:39,248.0,12.0,-24.866536,-44.477021
MARCOS CAVALCANTI,2023-12-12 14:00:18,244.4,12.1,-24.904363,-44.573815
MARCOS CAVALCANTI,2023-12-12 14:03:57,246.2,12.0,-24.909701,-44.585896
MARCOS CAVALCANTI,2023-12-12 14:10:19,248.4,12.1,-24.918106,-44.607658
MARCOS CAVALCANTI,2023-12-12 14:36:18,249.4,12.1,-24.951266,-44.696471
MARCOS CAVALCANTI,2023-12-12 14:39:18,250.5,11.9,-24.954835,-44.706861
MARCOS CAVALCANTI,2023-12-12 14:44:19,249.8,12.1,-24.960326,-44.724395
MARCOS CAVALCANTI,2023-12-12 15:13:40,249.8,12.2,-24.994111,-44.82572
MARCOS CAVALCANTI,2023-12-12 15:16:08,249.6,12.3,-24.997043,-44.834426
MARCOS CAVALCANTI,2023-12-12 15:18:49,247.5,12.2,-25.000376,-44.843793
MARCOS CAVALCANTI,2023-12-12 15:40:08,248.6,12.2,-25.025906,-44.917765
MARCOS CAVALCANTI,2023-12-12 15:44:48,248.6,12.2,-25.031396,-44.933983
MARCOS CAVALCANTI,2023-12-12 16:19:18,250.3,12.1,-25.075385,-45.05266
MARCOS CAVALCANTI,2023-12-12 16:50:38,250.8,12.5,-25.115883,-45.162176
MARCOS CAVALCANTI,2023-12-12 17:05:47,250.5,12.3,-25.132741,-45.216643
MARCOS CAVALCANTI,2023-12-12 17:07:08,248.9,12.4,-25.134343,-45.221316
MARCOS CAVALCANTI,2023-12-12 17:07:37,250.1,12.5,-25.134978,-45.223168
MARCOS CAVALCANTI,2023-12-12 17:11:17,252.5,12.1,-25.13919,-45.236235
MARCOS CAVALCANTI,2023-12-12 17:11:37,255.9,12.4,-25.139526,-45.237486
MARCOS CAVALCANTI,2023-12-12 17:11:39,255.9,12.4,-25.139526,-45.237486
MARCOS CAVALCANTI,2023-12-12 17:11:46,253.9,12.2,-25.139683,-45.23802
MARCOS CAVALCANTI,2023-12-12 17:11:57,251.8,12.2,-25.139856,-45.238613
MARCOS CAVALCANTI,2023-12-12 17:14:57,250.2,12.3,-25.143121,-45.24932
MARCOS CAVALCANTI,2023-12-12 17:32:28,250.4,11.9,-25.162686,-45.310266
MARCOS CAVALCANTI,2023-12-12 17:44:16,253.2,11.9,-25.174348,-45.351566
MARCOS CAVALCANTI,2023-12-12 17:47:06,253.2,11.9,-25.176963,-45.36151
MARCOS CAVALCANTI,2023-12-12 17:48:37,255.2,12.0,-25.178266,-45.366838
MARCOS CAVALCANTI,2023-12-12 17:52:40,252.6,12.0,-25.182391,-45.380675
MARCOS CAVALCANTI,2023-12-12 17:54:59,254.6,12.0,-25.18471,-45.388766
MARCOS CAVALCANTI,2023-12-12 18:01:00,253.4,11.8,-25.190698,-45.409706
MARCOS CAVALCANTI,2023-12-12 18:05:29,249.6,12.0,-25.195193,-45.425248
MARCOS CAVALCANTI,2023-12-12 18:07:39,251.3,11.9,-25.197776,-45.432728
MARCOS CAVALCANTI,2023-12-12 18:45:28,250.1,12.2,-25.242351,-45.56293
MARCOS CAVALCANTI,2023-12-12 18:47:38,248.5,12.2,-25.24487,-45.570616
MARCOS CAVALCANTI,2023-12-12 18:48:38,251.1,12.2,-25.245958,-45.574081
MARCOS CAVALCANTI,2023-12-12 18:49:39,251.6,12.2,-25.247108,-45.577681
MARCOS CAVALCANTI,2023-12-12 19:08:59,245.1,11.9,-25.26895,-45.64502
MARCOS CAVALCANTI,2023-12-12 19:18:19,245.6,11.8,-25.281691,-45.675903
MARCOS CAVALCANTI,2023-12-12 19:45:18,246.2,12.0,-25.318435,-45.765796
MARCOS CAVALCANTI,2023-12-12 19:45:48,243.7,11.9,-25.319148,-45.767466
MARCOS CAVALCANTI,2023-12-12 19:48:48,245.0,12.1,-25.323536,-45.777423
MARCOS CAVALCANTI,2023-12-12 20:20:18,249.9,12.1,-25.362921,-45.886365
MARCOS CAVALCANTI,2023-12-12 20:25:08,255.0,12.1,-25.368116,-45.90338
MARCOS CAVALCANTI,2023-12-12 20:36:49,253.5,12.2,-25.37994,-45.944736
MARCOS CAVALCANTI,2023-12-12 20:51:20,250.2,12.4,-25.3951,-45.996791
MARCOS CAVALCANTI,2023-12-12 20:53:49,254.2,12.4,-25.39767,-46.005808
MARCOS CAVALCANTI,2023-12-12 20:56:19,253.2,12.4,-25.400075,-46.014948
MARCOS CAVALCANTI,2023-12-12 21:29:48,250.2,12.2,-25.439745,-46.134456
MARCOS CAVALCANTI,2023-12-12 21:58:59,256.5,12.2,-25.464733,-46.240176
MARCOS CAVALCANTI,2023-12-12 22:03:47,256.7,12.1,-25.468861,-46.257588
MARCOS CAVALCANTI,2023-12-12 22:08:27,257.8,12.3,-25.472941,-46.274388
MARCOS CAVALCANTI,2023-12-12 22:08:28,257.8,12.3,-25.472941,-46.274388
MARCOS CAVALCANTI,2023-12-12 22:16:18,254.0,12.1,-25.479723,-46.302628
MARCOS CAVALCANTI,2023-12-12 22:22:18,254.6,12.1,-25.484696,-46.324391
MARCOS CAVALCANTI,2023-12-12 23:11:39,243.9,12.0,-25.560041,-46.485815
MARCOS CAVALCANTI,2023-12-12 23:17:18,245.8,12.0,-25.568498,-46.504453
MARCOS CAVALCANTI,2023-12-12 23:49:08,248.4,12.1,-25.60848,-46.61373
MARCOS CAVALCANTI,2023-12-13 00:01:48,248.9,12.1,-25.623541,-46.657955
MARCOS CAVALCANTI,2023-12-13 00:04:20,250.5,12.2,-25.626401,-46.666778
MARCOS CAVALCANTI,2023-12-13 00:10:20,249.0,12.3,-25.633373,-46.68793
MARCOS CAVALCANTI,2023-12-13 01:01:59,249.1,12.4,-25.694306,-46.872011
MARCOS CAVALCANTI,2023-12-13 01:29:18,245.5,12.3,-25.728815,-46.967915
MARCOS CAVALCANTI,2023-12-13 01:49:57,247.2,12.4,-25.756138,-47.040191
MARCOS CAVALCANTI,2023-12-13 01:52:09,248.2,12.4,-25.758983,-47.048016
MARCOS CAVALCANTI,2023-12-13 01:54:39,245.6,12.4,-25.762071,-47.05677
MARCOS CAVALCANTI,2023-12-13 02:39:18,248.1,11.8,-25.810935,-47.211306
MARCOS CAVALCANTI,2023-12-13 02:46:38,246.9,11.7,-25.819186,-47.236185
MARCOS CAVALCANTI,2023-12-13 04:03:27,247.9,10.8,-25.904083,-47.477078
MARCOS CAVALCANTI,2023-12-13 04:08:17,247.7,10.8,-25.909646,-47.491915
MARCOS CAVALCANTI,2023-12-13 04:22:20,249.2,10.8,-25.925278,-47.535223
MARCOS CAVALCANTI,2023-12-13 04:24:38,246.7,10.8,-25.92786,-47.542351
MARCOS CAVALCANTI,2023-12-13 04:25:08,246.4,10.8,-25.928495,-47.543961
MARCOS CAVALCANTI,2023-12-13 04:29:59,249.5,10.8,-25.934325,-47.558673
MARCOS CAVALCANTI,2023-12-13 04:58:39,246.7,10.9,-25.96814,-47.647096
MARCOS CAVALCANTI,2023-12-13 05:04:28,247.1,10.9,-25.975298,-47.665026
MARCOS CAVALCANTI,2023-12-13 05:05:29,248.0,10.8,-25.97647,-47.668096
MARCOS CAVALCANTI,2023-12-13 05:26:58,248.9,11.0,-25.999563,-47.735871
MARCOS CAVALCANTI,2023-12-13 05:30:27,250.1,11.1,-26.003288,-47.746935
MARCOS CAVALCANTI,2023-12-13 05:30:36,249.4,11.1,-26.003475,-47.747463
MARCOS CAVALCANTI,2023-12-13 05:33:18,248.0,11.0,-26.00653,-47.755956
MARCOS CAVALCANTI,2023-12-13 05:34:18,247.6,11.0,-26.007651,-47.759095
MARCOS CAVALCANTI,2023-12-13 05:36:18,249.1,11.0,-26.009881,-47.765391
MARCOS CAVALCANTI,2023-12-13 05:36:20,249.1,11.0,-26.009881,-47.765391
MARCOS CAVALCANTI,2023-12-13 05:39:00,248.7,11.0,-26.012831,-47.773875
MARCOS CAVALCANTI,2023-12-13 05:50:19,247.5,11.0,-26.025681,-47.80949
MARCOS CAVALCANTI,2023-12-13 05:58:37,248.5,10.9,-26.035021,-47.835456
MARCOS CAVALCANTI,2023-12-13 06:09:58,247.1,10.9,-26.048126,-47.870735
MARCOS CAVALCANTI,2023-12-13 06:40:19,250.7,10.7,-26.080465,-47.965423
MARCOS CAVALCANTI,2023-12-13 06:51:59,252.2,10.6,-26.091393,-48.001701
MARCOS CAVALCANTI,2023-12-13 07:16:00,253.9,10.6,-26.11389,-48.076005
MARCOS CAVALCANTI,2023-12-13 07:27:56,248.0,10.6,-26.127198,-48.112246
MARCOS CAVALCANTI,2023-12-13 07:32:09,247.2,10.7,-26.132546,-48.124738
MARCOS CAVALCANTI,2023-12-13 07:34:49,249.6,10.7,-26.135508,-48.13279
MARCOS CAVALCANTI,2023-12-13 07:39:09,245.0,10.7,-26.140835,-48.145815
MARCOS CAVALCANTI,2023-12-13 07:41:58,249.7,10.5,-26.144136,-48.154288
MARCOS CAVALCANTI,2023-12-13 07:49:38,248.0,10.4,-26.153308,-48.176973
MARCOS CAVALCANTI,2023-12-13 07:52:19,247.9,10.5,-26.156336,-48.18504
MARCOS CAVALCANTI,2023-12-13 08:29:39,245.9,9.8,-26.206036,-48.289356
MARCOS CAVALCANTI,2023-12-13 08:35:39,237.6,8.3,-26.212476,-48.304328
MARCOS CAVALCANTI,2023-12-13 09:20:49,266.9,3.7,-26.236581,-48.377775
MARCOS CAVALCANTI,2023-12-13 10:12:09,238.0,3.0,-26.239826,-48.410405
MARCOS CAVALCANTI,2023-12-13 10:12:18,241.5,3.0,-26.239885,-48.410511
MARCOS CAVALCANTI,2023-12-13 10:35:18,318.2,2.7,-26.236221,-48.426406
MARCOS CAVALCANTI,2023-12-13 11:15:48,121.1,0.3,-26.231831,-48.422281
MARCOS CAVALCANTI,2023-12-13 11:50:08,115.1,0.1,-26.232466,-48.42205
MARCOS CAVALCANTI,2023-12-13 12:16:08,2.2,0.1,-26.232258,-48.422333
MARCOS CAVALCANTI,2023-12-13 12:22:59,319.6,0.1,-26.232131,-48.422338
MARCOS CAVALCANTI,2023-12-13 12:26:41,6.4,0.2,-26.232033,-48.422331
MARCOS CAVALCANTI,2023-12-13 12:54:59,258.2,0.0,-26.231641,-48.422315
MARCOS CAVALCANTI,2023-12-13 13:02:10,199.2,0.1,-26.23167,-48.42232
MARCOS CAVALCANTI,2023-12-13 13:32:29,224.7,0.1,-26.231963,-48.422363
MARCOS CAVALCANTI,2023-12-13 13:39:39,169.9,0.0,-26.232035,-48.422288
MARCOS CAVALCANTI,2023-12-13 13:46:19,315.5,0.1,-26.232101,-48.42235
MARCOS CAVALCANTI,2023-12-13 13:48:59,143.6,0.1,-26.232105,-48.42233
MARCOS CAVALCANTI,2023-12-13 13:50:28,80.0,0.0,-26.232108,-48.422335
MARCOS CAVALCANTI,2023-12-14 17:20:02,94.6,10.0,-26.229421,-48.39837
MARCOS CAVALCANTI,2023-12-14 17:37:21,94.6,12.1,-26.233178,-48.341595
MARCOS CAVALCANTI,2023-12-14 17:44:12,93.2,12.5,-26.234701,-48.31543
MARCOS CAVALCANTI,2023-12-14 17:48:53,95.1,12.7,-26.235836,-48.297266
MARCOS CAVALCANTI,2023-12-14 17:49:53,94.8,12.7,-26.236133,-48.293351
MARCOS CAVALCANTI,2023-12-14 17:54:43,70.7,12.0,-26.235336,-48.2749
MARCOS CAVALCANTI,2023-12-14 18:57:22,59.6,12.9,-26.122173,-48.059485
MARCOS CAVALCANTI,2023-12-14 19:06:42,59.8,12.9,-26.105315,-48.027505
MARCOS CAVALCANTI,2023-12-14 19:25:09,58.8,12.9,-26.071735,-47.963871
MARCOS CAVALCANTI,2023-12-14 19:31:42,59.8,13.0,-26.059998,-47.941313
MARCOS CAVALCANTI,2023-12-14 19:31:43,59.8,13.0,-26.059998,-47.941313
MARCOS CAVALCANTI,2023-12-14 20:07:01,61.8,13.0,-25.99774,-47.819733
MARCOS CAVALCANTI,2023-12-14 20:10:52,62.0,12.9,-25.990875,-47.80639
MARCOS CAVALCANTI,2023-12-14 20:26:13,62.1,12.8,-25.963728,-47.753806
MARCOS CAVALCANTI,2023-12-14 20:43:42,60.9,12.8,-25.934153,-47.693268
MARCOS CAVALCANTI,2023-12-14 20:50:41,61.2,12.9,-25.92214,-47.668958
MARCOS CAVALCANTI,2023-12-14 21:17:01,62.4,12.9,-25.876671,-47.57732
MARCOS CAVALCANTI,2023-12-14 21:44:02,58.9,12.8,-25.826293,-47.487076
MARCOS CAVALCANTI,2023-12-14 22:40:11,58.1,12.7,-25.721375,-47.300216
MARCOS CAVALCANTI,2023-12-14 22:43:02,57.1,12.8,-25.71593,-47.290703
MARCOS CAVALCANTI,2023-12-14 23:39:52,61.2,12.8,-25.611425,-47.101586
MARCOS CAVALCANTI,2023-12-15 00:23:51,60.1,12.8,-25.534633,-46.950871
MARCOS CAVALCANTI,2023-12-15 00:26:03,61.5,12.8,-25.530865,-46.943438
MARCOS CAVALCANTI,2023-12-15 00:29:03,59.5,12.7,-25.525648,-46.93312
MARCOS CAVALCANTI,2023-12-15 00:31:42,59.6,12.8,-25.52086,-46.924083
MARCOS CAVALCANTI,2023-12-15 00:44:10,61.4,12.8,-25.498781,-46.881431
MARCOS CAVALCANTI,2023-12-15 01:25:21,60.4,12.8,-25.425113,-46.740906
MARCOS CAVALCANTI,2023-12-15 01:28:21,60.3,12.7,-25.419735,-46.730721
MARCOS CAVALCANTI,2023-12-15 01:29:32,59.2,12.8,-25.417585,-46.726693
MARCOS CAVALCANTI,2023-12-15 01:34:02,59.8,12.8,-25.409418,-46.711331
MARCOS CAVALCANTI,2023-12-15 01:35:31,59.7,12.8,-25.406705,-46.706295
MARCOS CAVALCANTI,2023-12-15 01:40:03,60.1,12.9,-25.398581,-46.69076
MARCOS CAVALCANTI,2023-12-15 01:42:12,59.4,12.9,-25.394713,-46.683448
MARCOS CAVALCANTI,2023-12-15 01:47:00,59.8,13.0,-25.385966,-46.66686
MARCOS CAVALCANTI,2023-12-15 02:29:22,59.2,12.8,-25.308676,-46.522515
MARCOS CAVALCANTI,2023-12-15 02:34:31,59.3,12.9,-25.299136,-46.504938
MARCOS CAVALCANTI,2023-12-15 02:58:31,58.3,12.9,-25.253738,-46.424156
MARCOS CAVALCANTI,2023-12-15 03:01:43,58.4,13.0,-25.247678,-46.413291
MARCOS CAVALCANTI,2023-12-15 03:04:43,57.4,13.1,-25.241903,-46.403081
MARCOS CAVALCANTI,2023-12-15 03:34:52,54.9,12.9,-25.183903,-46.300671
MARCOS CAVALCANTI,2023-12-15 03:37:22,56.9,12.8,-25.179073,-46.292433
MARCOS CAVALCANTI,2023-12-15 03:56:23,57.0,13.0,-25.142891,-46.228168
MARCOS CAVALCANTI,2023-12-15 04:05:52,58.6,13.1,-25.124926,-46.195683
MARCOS CAVALCANTI,2023-12-15 04:10:33,60.1,13.0,-25.116293,-46.179593
MARCOS CAVALCANTI,2023-12-15 04:14:03,60.9,13.1,-25.109853,-46.167553
MARCOS CAVALCANTI,2023-12-15 04:16:43,59.5,13.1,-25.104845,-46.158346
MARCOS CAVALCANTI,2023-12-15 04:46:32,60.6,13.0,-25.048928,-46.05607
MARCOS CAVALCANTI,2023-12-15 04:52:20,60.8,13.0,-25.038651,-46.03573
MARCOS CAVALCANTI,2023-12-15 04:54:51,60.6,13.1,-25.03416,-46.027035
MARCOS CAVALCANTI,2023-12-15 05:17:43,61.4,13.0,-24.993978,-45.947693
MARCOS CAVALCANTI,2023-12-15 05:23:21,61.0,13.0,-24.98417,-45.928086
MARCOS CAVALCANTI,2023-12-15 05:53:08,62.0,13.0,-24.933933,-45.824866
MARCOS CAVALCANTI,2023-12-15 05:56:01,62.3,12.9,-24.928896,-45.814518
MARCOS CAVALCANTI,2023-12-15 06:00:30,62.9,13.0,-24.921293,-45.798755
MARCOS CAVALCANTI,2023-12-15 06:00:40,62.8,13.0,-24.921051,-45.798235
MARCOS CAVALCANTI,2023-12-15 06:01:40,62.8,12.9,-24.919343,-45.794668
MARCOS CAVALCANTI,2023-12-15 06:02:00,63.3,13.0,-24.918793,-45.79354
MARCOS CAVALCANTI,2023-12-15 06:02:40,62.1,13.0,-24.917636,-45.791133
MARCOS CAVALCANTI,2023-12-15 06:32:20,59.7,12.9,-24.86523,-45.688986
MARCOS CAVALCANTI,2023-12-15 06:34:52,61.5,12.9,-24.860851,-45.680245
MARCOS CAVALCANTI,2023-12-15 06:38:12,61.9,12.9,-24.855065,-45.668731
MARCOS CAVALCANTI,2023-12-15 07:23:50,53.4,12.7,-24.768368,-45.516996
MARCOS CAVALCANTI,2023-12-15 07:28:10,54.0,12.7,-24.759316,-45.503655
MARCOS CAVALCANTI,2023-12-15 07:30:51,53.8,12.7,-24.753585,-45.49529
MARCOS CAVALCANTI,2023-12-15 08:17:12,63.2,12.2,-24.673371,-45.340655
MARCOS CAVALCANTI,2023-12-15 08:24:31,63.4,12.2,-24.66259,-45.31628
MARCOS CAVALCANTI,2023-12-15 08:41:51,61.3,11.6,-24.637676,-45.259696
MARCOS CAVALCANTI,2023-12-15 08:52:52,62.7,11.7,-24.620836,-45.225441
MARCOS CAVALCANTI,2023-12-15 09:13:52,62.6,11.5,-24.588886,-45.160185
MARCOS CAVALCANTI,2023-12-15 09:16:02,61.7,11.6,-24.585675,-45.153498
MARCOS CAVALCANTI,2023-12-15 09:27:13,59.9,11.8,-24.568136,-45.118821
MARCOS CAVALCANTI,2023-12-15 09:45:52,60.2,11.9,-24.538198,-45.060405
MARCOS CAVALCANTI,2023-12-15 09:55:41,59.9,11.8,-24.522338,-45.029665
MARCOS CAVALCANTI,2023-12-15 10:00:52,59.2,11.8,-24.513938,-45.013393
MARCOS CAVALCANTI,2023-12-15 10:04:40,60.4,11.7,-24.50779,-45.001476
MARCOS CAVALCANTI,2023-12-15 10:24:12,58.4,11.7,-24.475918,-44.941241
MARCOS CAVALCANTI,2023-12-15 10:27:51,59.1,11.8,-24.469903,-44.929963
MARCOS CAVALCANTI,2023-12-15 10:33:31,58.8,11.8,-24.460421,-44.912435
MARCOS CAVALCANTI,2023-12-15 10:40:12,58.9,11.7,-24.44935,-44.891851
MARCOS CAVALCANTI,2023-12-15 10:54:41,60.2,11.8,-24.42532,-44.847395
MARCOS CAVALCANTI,2023-12-15 10:55:40,59.4,11.7,-24.423608,-44.844233
MARCOS CAVALCANTI,2023-12-15 11:05:43,58.5,11.7,-24.406978,-44.813616
MARCOS CAVALCANTI,2023-12-15 11:47:52,29.3,11.3,-24.329083,-44.692026
MARCOS CAVALCANTI,2023-12-15 11:49:52,12.1,11.3,-24.323173,-44.689761
MARCOS CAVALCANTI,2023-12-15 12:08:47,16.0,12.0,-24.261576,-44.676418
MARCOS CAVALCANTI,2023-12-15 12:21:22,15.2,12.1,-24.22018,-44.664571
MARCOS CAVALCANTI,2023-12-15 12:26:12,14.7,12.2,-24.204413,-44.66011
MARCOS CAVALCANTI,2023-12-15 12:53:53,16.8,12.3,-24.114223,-44.630128
MARCOS CAVALCANTI,2023-12-15 13:02:02,10.4,12.5,-24.087148,-44.622206
MARCOS CAVALCANTI,2023-12-15 13:33:02,14.1,12.6,-23.980946,-44.600941
MARCOS CAVALCANTI,2023-12-15 13:37:31,13.5,12.6,-23.96584,-44.596583
MARCOS CAVALCANTI,2023-12-15 14:03:11,18.2,12.4,-23.879916,-44.570811
MARCOS CAVALCANTI,2023-12-15 14:08:32,19.2,12.4,-23.862528,-44.56418
MARCOS CAVALCANTI,2023-12-15 14:10:33,18.8,12.4,-23.856025,-44.561668
MARCOS CAVALCANTI,2023-12-15 14:37:23,13.1,12.7,-23.766445,-44.532498
MARCOS CAVALCANTI,2023-12-15 14:41:51,13.9,12.6,-23.751121,-44.528281
MARCOS CAVALCANTI,2023-12-15 14:58:22,15.5,13.0,-23.694173,-44.512511
MARCOS CAVALCANTI,2023-12-15 15:04:41,17.9,13.1,-23.671931,-44.505973
MARCOS CAVALCANTI,2023-12-15 15:10:32,14.5,13.2,-23.6513,-44.499891
MARCOS CAVALCANTI,2023-12-15 15:44:41,9.9,13.3,-23.527368,-44.467588
MARCOS CAVALCANTI,2023-12-15 15:48:32,8.1,13.3,-23.513336,-44.46477
MARCOS CAVALCANTI,2023-12-15 15:55:32,11.8,13.3,-23.487768,-44.459881
MARCOS CAVALCANTI,2023-12-15 15:59:02,10.0,13.3,-23.474953,-44.457376
MARCOS CAVALCANTI,2023-12-15 16:01:32,9.3,13.3,-23.46591,-44.455655
MARCOS CAVALCANTI,2023-12-15 16:40:01,20.2,14.0,-23.325321,-44.419415
MARCOS CAVALCANTI,2023-12-15 16:45:19,3.0,13.5,-23.305875,-44.412726
MARCOS CAVALCANTI,2023-12-15 16:53:18,358.7,12.5,-23.276225,-44.413251
MARCOS CAVALCANTI,2023-12-15 16:56:56,359.4,12.1,-23.263755,-44.413473
MARCOS CAVALCANTI,2023-12-15 17:38:17,13.8,3.9,-23.15718,-44.410305
MARCOS CAVALCANTI,2023-12-15 18:00:46,2.6,1.6,-23.140538,-44.409863
MARCOS CAVALCANTI,2023-12-15 18:01:54,5.0,1.6,-23.14004,-44.409838
MARCOS CAVALCANTI,2023-12-15 18:02:06,5.7,1.6,-23.139965,-44.409833
MARCOS CAVALCANTI,2023-12-15 18:06:27,5.4,1.3,-23.13831,-44.409571
MARCOS CAVALCANTI,2023-12-15 18:25:57,9.8,0.7,-23.13297,-44.408656
MARCOS CAVALCANTI,2023-12-15 18:31:47,33.1,1.3,-23.131505,-44.407871
MARCOS CAVALCANTI,2023-12-15 18:34:47,26.1,1.1,-23.130668,-44.407358
MARCOS CAVALCANTI,2023-12-15 18:35:47,24.3,1.0,-23.130391,-44.407233
MARCOS CAVALCANTI,2023-12-15 18:40:48,37.6,0.9,-23.129046,-44.406398
MARCOS CAVALCANTI,2023-12-15 21:46:26,229.9,0.0,-23.122436,-44.401981
MARCOS CAVALCANTI,2023-12-15 23:46:26,95.0,0.1,-23.122028,-44.40047
MARCOS CAVALCANTI,2023-12-16 02:04:26,309.0,0.0,-23.123351,-44.398561
MARCOS CAVALCANTI,2023-12-16 03:13:27,332.2,0.0,-23.122263,-44.399425
MARCOS CAVALCANTI,2023-12-16 04:49:24,133.7,0.0,-23.122318,-44.399516
MARCOS CAVALCANTI,2023-12-16 06:31:27,305.1,0.0,-23.122851,-44.398848
MARCOS CAVALCANTI,2023-12-16 11:25:26,136.8,0.1,-23.121958,-44.400053
MARCOS CAVALCANTI,2023-12-16 11:40:27,148.4,0.1,-23.122056,-44.399871
MARCOS CAVALCANTI,2023-12-16 15:52:26,93.0,0.0,-23.12198,-44.400153
MARCOS CAVALCANTI,2023-12-16 16:31:26,48.8,0.0,-23.121943,-44.400126
MARCOS CAVALCANTI,2023-12-17 00:58:26,128.1,0.1,-23.122683,-44.399201
MARCOS CAVALCANTI,2023-12-17 01:10:26,162.8,0.1,-23.122803,-44.399091
MARCOS CAVALCANTI,2023-12-17 02:16:26,172.4,0.1,-23.123488,-44.398558
MARCOS CAVALCANTI,2023-12-17 04:34:26,204.9,0.3,-23.123178,-44.399595
MARCOS CAVALCANTI,2023-12-17 04:59:28,183.7,11.1,-23.151708,-44.401025
MARCOS CAVALCANTI,2023-12-17 05:01:18,183.9,12.0,-23.157703,-44.401371
MARCOS CAVALCANTI,2023-12-17 05:01:28,184.3,12.1,-23.158198,-44.401408
MARCOS CAVALCANTI,2023-12-17 05:01:38,184.5,12.1,-23.158758,-44.401451
MARCOS CAVALCANTI,2023-12-17 05:02:38,185.6,12.4,-23.162178,-44.401781
MARCOS CAVALCANTI,2023-12-17 05:04:38,185.3,12.9,-23.169286,-44.402543
MARCOS CAVALCANTI,2023-12-17 05:04:48,185.0,12.9,-23.169818,-44.402593
MARCOS CAVALCANTI,2023-12-17 05:05:19,185.2,13.0,-23.171666,-44.402756
MARCOS CAVALCANTI,2023-12-17 05:06:09,185.4,13.1,-23.174741,-44.403065
MARCOS CAVALCANTI,2023-12-17 05:06:10,185.4,13.1,-23.174741,-44.403065
MARCOS CAVALCANTI,2023-12-17 05:06:48,185.5,13.1,-23.177048,-44.403306
MARCOS CAVALCANTI,2023-12-17 05:14:10,186.6,13.2,-23.203996,-44.406726
MARCOS CAVALCANTI,2023-12-17 05:27:29,183.6,13.3,-23.252363,-44.411355
MARCOS CAVALCANTI,2023-12-17 05:39:11,183.8,13.1,-23.295486,-44.414311
MARCOS CAVALCANTI,2023-12-17 05:48:19,184.0,13.2,-23.328726,-44.416586
MARCOS CAVALCANTI,2023-12-17 06:23:29,129.6,12.7,-23.417276,-44.334503
MARCOS CAVALCANTI,2023-12-17 06:26:19,129.7,12.7,-23.423721,-44.326145
MARCOS CAVALCANTI,2023-12-17 06:49:40,129.8,12.5,-23.475491,-44.257311
MARCOS CAVALCANTI,2023-12-17 06:54:39,130.5,12.4,-23.486573,-44.242955
MARCOS CAVALCANTI,2023-12-17 07:09:39,130.1,12.4,-23.520208,-44.199791
MARCOS CAVALCANTI,2023-12-17 07:56:17,133.1,12.5,-23.627891,-44.069705
MARCOS CAVALCANTI,2023-12-17 07:57:19,133.9,12.6,-23.630261,-44.067015
MARCOS CAVALCANTI,2023-12-17 08:07:49,133.1,12.6,-23.655535,-44.038205
MARCOS CAVALCANTI,2023-12-17 08:27:20,128.9,12.5,-23.701131,-43.98383
MARCOS CAVALCANTI,2023-12-17 09:06:00,132.9,7.2,-23.780983,-43.874988
MARCOS CAVALCANTI,2023-12-17 09:17:30,149.9,2.8,-23.792173,-43.864896
MARCOS CAVALCANTI,2023-12-17 09:52:29,138.3,11.3,-23.82946,-43.856143
MARCOS CAVALCANTI,2023-12-17 10:22:30,128.0,12.3,-23.894231,-43.77042
MARCOS CAVALCANTI,2023-12-17 10:30:19,128.0,12.5,-23.911126,-43.747443
MARCOS CAVALCANTI,2023-12-17 10:48:59,128.2,12.6,-23.952155,-43.692411
MARCOS CAVALCANTI,2023-12-17 10:55:20,128.6,12.6,-23.966058,-43.673513
MARCOS CAVALCANTI,2023-12-17 11:21:19,128.0,12.4,-24.021843,-43.595848
MARCOS CAVALCANTI,2023-12-17 11:32:40,128.1,12.6,-24.046491,-43.562336
MARCOS CAVALCANTI,2023-12-17 11:35:00,129.1,12.6,-24.051683,-43.55528
MARCOS CAVALCANTI,2023-12-17 11:43:18,128.2,12.6,-24.069786,-43.530326
MARCOS CAVALCANTI,2023-12-17 11:43:38,128.7,12.6,-24.07052,-43.529318
MARCOS CAVALCANTI,2023-12-17 11:53:49,127.8,12.5,-24.09241,-43.499071
MARCOS CAVALCANTI,2023-12-17 11:54:19,127.4,12.5,-24.093451,-43.497563
MARCOS CAVALCANTI,2023-12-17 11:54:49,127.6,12.5,-24.094505,-43.496063
MARCOS CAVALCANTI,2023-12-17 12:01:29,128.3,12.6,-24.108933,-43.475958
MARCOS CAVALCANTI,2023-12-17 12:01:30,128.3,12.6,-24.108933,-43.475958
MARCOS CAVALCANTI,2023-12-17 12:04:40,128.0,12.5,-24.115765,-43.466455
MARCOS CAVALCANTI,2023-12-17 12:08:40,128.1,12.4,-24.124281,-43.454466
MARCOS CAVALCANTI,2023-12-17 12:15:18,127.1,12.3,-24.138205,-43.434513
MARCOS CAVALCANTI,2023-12-17 12:38:09,127.8,12.5,-24.187023,-43.366023
MARCOS CAVALCANTI,2023-12-17 12:40:00,127.7,12.6,-24.190958,-43.36043
MARCOS CAVALCANTI,2023-12-17 12:45:40,128.3,12.6,-24.203248,-43.343156
MARCOS CAVALCANTI,2023-12-17 12:47:58,128.4,12.5,-24.208175,-43.336181
MARCOS CAVALCANTI,2023-12-17 13:15:59,126.7,12.6,-24.267416,-43.250183
MARCOS CAVALCANTI,2023-12-17 13:18:49,126.6,12.7,-24.273421,-43.241375
MARCOS CAVALCANTI,2023-12-17 13:39:18,128.0,12.9,-24.31773,-43.177793
MARCOS CAVALCANTI,2023-12-17 13:59:50,128.6,13.0,-24.363411,-43.114605
MARCOS CAVALCANTI,2023-12-17 14:03:49,129.3,12.9,-24.37246,-43.102428
MARCOS CAVALCANTI,2023-12-17 14:20:19,129.3,13.0,-24.410356,-43.051428
MARCOS CAVALCANTI,2023-12-17 14:56:20,129.1,13.2,-24.493886,-42.938848
MARCOS CAVALCANTI,2023-12-17 15:33:59,127.4,13.1,-24.579703,-42.820225
MARCOS CAVALCANTI,2023-12-17 16:09:09,140.4,13.3,-24.661705,-42.712258
MARCOS CAVALCANTI,2023-12-17 16:36:19,102.3,12.3,-24.714583,-42.628356
MARCOS CAVALCANTI,2023-12-17 16:38:29,100.5,12.2,-24.716101,-42.620315
MARCOS CAVALCANTI,2023-12-17 16:39:29,102.0,12.0,-24.716801,-42.61662
MARCOS CAVALCANTI,2023-12-17 16:42:00,102.8,10.7,-24.718498,-42.608103
MARCOS CAVALCANTI,2023-12-17 17:00:58,134.7,5.3,-24.727565,-42.569476
MARCOS CAVALCANTI,2023-12-17 17:01:27,140.6,5.5,-24.728135,-42.568956
MARCOS CAVALCANTI,2023-12-17 17:02:27,141.6,5.5,-24.729331,-42.56783
MARCOS CAVALCANTI,2023-12-17 17:13:09,134.7,5.5,-24.74191,-42.55593
MARCOS CAVALCANTI,2023-12-17 17:19:38,132.7,5.4,-24.74811,-42.547871
MARCOS CAVALCANTI,2023-12-17 17:46:29,307.8,1.7,-24.736781,-42.541548
MARCOS CAVALCANTI,2023-12-17 18:20:10,273.9,2.1,-24.733365,-42.557711
MARCOS CAVALCANTI,2023-12-17 18:24:41,271.5,1.3,-24.733411,-42.559988
MARCOS CAVALCANTI,2023-12-17 18:27:21,268.1,1.8,-24.733418,-42.561301
MARCOS CAVALCANTI,2023-12-17 18:36:46,263.8,1.7,-24.733613,-42.565981
MARCOS CAVALCANTI,2023-12-17 18:55:59,357.1,1.2,-24.73014,-42.573238
MARCOS CAVALCANTI,2023-12-17 19:00:20,19.4,1.4,-24.728483,-42.572775
MARCOS CAVALCANTI,2023-12-17 19:04:40,28.0,1.9,-24.726595,-42.571835
MARCOS CAVALCANTI,2023-12-17 19:15:49,26.1,2.1,-24.720836,-42.56852
MARCOS CAVALCANTI,2023-12-17 20:07:40,102.9,0.9,-24.6936,-42.553285
MARCOS CAVALCANTI,2023-12-17 20:38:39,197.0,3.0,-24.716136,-42.558178
MARCOS CAVALCANTI,2023-12-17 20:57:30,139.0,2.7,-24.731425,-42.554553
MARCOS CAVALCANTI,2023-12-17 21:25:40,69.9,1.1,-24.734848,-42.543125
MARCOS CAVALCANTI,2023-12-17 21:34:40,78.6,1.7,-24.733973,-42.538791
MARCOS CAVALCANTI,2023-12-17 21:37:29,73.3,0.9,-24.733776,-42.537718
MARCOS CAVALCANTI,2023-12-17 21:49:00,61.9,0.2,-24.733773,-42.536533
MARCOS CAVALCANTI,2023-12-17 21:54:10,172.9,0.1,-24.733925,-42.536405
MARCOS CAVALCANTI,2023-12-17 22:29:49,96.9,0.8,-24.73568,-42.53453
MARCOS CAVALCANTI,2023-12-17 22:49:29,81.8,0.3,-24.735185,-42.530176
MARCOS CAVALCANTI,2023-12-17 23:33:49,124.8,0.3,-24.735501,-42.526326
MARCOS CAVALCANTI,2023-12-17 23:41:40,55.1,0.3,-24.735396,-42.52574
MARCOS CAVALCANTI,2023-12-18 00:11:00,354.6,0.7,-24.7346,-42.523215
MARCOS CAVALCANTI,2023-12-18 00:29:37,355.2,0.1,-24.73262,-42.523501
MARCOS CAVALCANTI,2023-12-18 00:33:49,145.4,0.2,-24.73272,-42.523475
MARCOS CAVALCANTI,2023-12-18 00:59:38,334.3,0.5,-24.731013,-42.524188
MARCOS CAVALCANTI,2023-12-18 00:59:59,332.1,0.5,-24.730968,-42.524188
MARCOS CAVALCANTI,2023-12-18 01:06:59,333.7,0.4,-24.730243,-42.524533
MARCOS CAVALCANTI,2023-12-18 01:07:38,338.8,0.3,-24.730203,-42.524573
MARCOS CAVALCANTI,2023-12-18 01:07:59,339.2,0.4,-24.730171,-42.524586
MARCOS CAVALCANTI,2023-12-18 01:08:59,333.6,0.3,-24.730075,-42.52462
MARCOS CAVALCANTI,2023-12-18 01:12:40,340.0,0.4,-24.729688,-42.524771
MARCOS CAVALCANTI,2023-12-18 01:13:40,339.5,0.3,-24.729566,-42.524776
MARCOS CAVALCANTI,2023-12-18 01:15:19,333.0,0.3,-24.729435,-42.52486
MARCOS CAVALCANTI,2023-12-18 01:19:59,331.1,0.3,-24.72893,-42.525115
MARCOS CAVALCANTI,2023-12-18 01:54:20,327.6,0.4,-24.725455,-42.526543
MARCOS CAVALCANTI,2023-12-18 01:57:19,338.0,0.2,-24.72512,-42.526676
MARCOS CAVALCANTI,2023-12-18 02:13:18,338.0,0.2,-24.723475,-42.52743
MARCOS CAVALCANTI,2023-12-18 02:24:39,334.6,0.4,-24.72233,-42.527948
MARCOS CAVALCANTI,2023-12-18 02:27:19,345.4,0.4,-24.722011,-42.528081
MARCOS CAVALCANTI,2023-12-18 02:58:18,339.0,0.3,-24.71875,-42.529468
MARCOS CAVALCANTI,2023-12-18 03:01:59,333.8,0.4,-24.71838,-42.529676
MARCOS CAVALCANTI,2023-12-18 03:05:08,337.9,0.2,-24.71804,-42.529753
MARCOS CAVALCANTI,2023-12-18 03:36:58,334.2,0.5,-24.714778,-42.531206
MARCOS CAVALCANTI,2023-12-18 03:43:28,338.2,0.3,-24.714121,-42.53146
MARCOS CAVALCANTI,2023-12-18 03:46:36,342.9,0.5,-24.713756,-42.531638
MARCOS CAVALCANTI,2023-12-18 03:47:26,332.5,0.4,-24.713671,-42.531681
MARCOS CAVALCANTI,2023-12-18 03:48:36,334.3,0.4,-24.713566,-42.531741
MARCOS CAVALCANTI,2023-12-18 04:16:39,331.4,0.3,-24.710678,-42.532936
MARCOS CAVALCANTI,2023-12-18 04:33:29,338.2,0.5,-24.709031,-42.533666
MARCOS CAVALCANTI,2023-12-18 04:50:58,173.0,0.1,-24.708555,-42.533893
MARCOS CAVALCANTI,2023-12-18 05:14:37,155.6,0.1,-24.708536,-42.533886
MARCOS CAVALCANTI,2023-12-18 05:15:57,189.4,0.2,-24.708573,-42.533875
MARCOS CAVALCANTI,2023-12-18 05:22:49,138.6,0.2,-24.708583,-42.533881
MARCOS CAVALCANTI,2023-12-18 05:24:08,143.0,0.1,-24.708591,-42.53386
MARCOS CAVALCANTI,2023-12-18 05:26:49,311.9,0.1,-24.708631,-42.53385
MARCOS CAVALCANTI,2023-12-18 05:29:38,313.9,0.2,-24.708621,-42.533835
MARCOS CAVALCANTI,2023-12-18 05:55:59,30.0,0.1,-24.708476,-42.533915
MARCOS CAVALCANTI,2023-12-18 06:11:39,161.5,0.2,-24.708473,-42.53394
MARCOS CAVALCANTI,2023-12-18 06:14:39,310.6,0.1,-24.708483,-42.533953
MARCOS CAVALCANTI,2023-12-18 06:17:39,312.3,0.1,-24.708441,-42.533925
MARCOS CAVALCANTI,2023-12-18 07:07:39,303.0,0.1,-24.708465,-42.5339
MARCOS CAVALCANTI,2023-12-18 07:10:39,138.2,0.2,-24.708508,-42.533853
MARCOS CAVALCANTI,2023-12-18 07:13:58,268.9,0.2,-24.708618,-42.533826
MARCOS CAVALCANTI,2023-12-18 07:33:00,320.4,0.0,-24.708458,-42.533946
MARCOS CAVALCANTI,2023-12-18 07:36:00,155.2,0.1,-24.708533,-42.533903
MARCOS CAVALCANTI,2023-12-18 07:56:48,20.9,0.0,-24.708473,-42.533918
MARCOS CAVALCANTI,2023-12-18 08:03:30,344.0,0.1,-24.70844,-42.533953
MARCOS CAVALCANTI,2023-12-18 08:10:28,137.0,0.1,-24.708518,-42.533915
MARCOS CAVALCANTI,2023-12-18 08:43:40,138.1,0.2,-24.708448,-42.533946
MARCOS CAVALCANTI,2023-12-18 08:46:49,19.7,0.1,-24.708443,-42.533958
MARCOS CAVALCANTI,2023-12-18 09:20:00,335.6,0.0,-24.708468,-42.53393
MARCOS CAVALCANTI,2023-12-18 09:22:40,36.0,0.0,-24.708468,-42.533956
MARCOS CAVALCANTI,2023-12-18 09:47:58,6.6,0.1,-24.708418,-42.533933
MARCOS CAVALCANTI,2023-12-18 09:50:10,161.8,0.3,-24.70844,-42.533948
MARCOS CAVALCANTI,2023-12-18 10:25:50,142.5,0.1,-24.708423,-42.533956
MARCOS CAVALCANTI,2023-12-18 10:36:30,4.1,0.0,-24.708426,-42.533893
MARCOS CAVALCANTI,2023-12-18 10:59:00,338.0,0.1,-24.708408,-42.533985
MARCOS CAVALCANTI,2023-12-18 11:09:19,39.4,0.2,-24.70847,-42.533906
MARCOS CAVALCANTI,2023-12-18 11:13:09,125.4,0.0,-24.708526,-42.533906
MARCOS CAVALCANTI,2023-12-18 11:41:09,145.4,0.1,-24.708465,-42.533925
MARCOS CAVALCANTI,2023-12-18 11:44:09,315.0,0.1,-24.708415,-42.533925
MARCOS CAVALCANTI,2023-12-18 11:49:49,174.4,0.0,-24.708383,-42.533986
MARCOS CAVALCANTI,2023-12-18 12:15:19,140.7,0.1,-24.708455,-42.533973
MARCOS CAVALCANTI,2023-12-18 12:21:19,329.0,0.1,-24.70843,-42.533978
MARCOS CAVALCANTI,2023-12-18 12:51:39,159.7,0.0,-24.708491,-42.533905
MARCOS CAVALCANTI,2023-12-18 13:15:40,145.3,0.1,-24.708535,-42.533893
MARCOS CAVALCANTI,2023-12-18 13:48:59,21.2,0.1,-24.708476,-42.533961
MARCOS CAVALCANTI,2023-12-18 14:34:38,143.4,0.0,-24.708433,-42.533946
MARCOS CAVALCANTI,2023-12-18 14:38:20,188.4,0.2,-24.708486,-42.533926
MARCOS CAVALCANTI,2023-12-18 14:45:01,148.7,0.1,-24.708575,-42.533853
MARCOS CAVALCANTI,2023-12-18 14:50:39,148.9,0.0,-24.708553,-42.533868
MARCOS CAVALCANTI,2023-12-18 15:08:50,62.2,0.1,-24.708555,-42.533893
MARCOS CAVALCANTI,2023-12-18 15:39:59,321.6,0.1,-24.708421,-42.533896
MARCOS CAVALCANTI,2023-12-18 15:42:49,136.1,0.1,-24.708401,-42.53394
MARCOS CAVALCANTI,2023-12-18 16:18:39,322.7,0.1,-24.708476,-42.53393
MARCOS CAVALCANTI,2023-12-18 16:21:19,165.2,0.1,-24.70845,-42.533938
MARCOS CAVALCANTI,2023-12-18 16:28:50,321.1,0.1,-24.70827,-42.533995
MARCOS CAVALCANTI,2023-12-18 16:48:30,330.5,0.0,-24.708295,-42.534025
MARCOS CAVALCANTI,2023-12-18 16:53:28,303.8,0.2,-24.708238,-42.534018
MARCOS CAVALCANTI,2023-12-18 16:57:20,314.9,0.1,-24.708226,-42.534041
MARCOS CAVALCANTI,2023-12-18 17:10:36,326.3,0.1,-24.708123,-42.534038
MARCOS CAVALCANTI,2023-12-18 17:11:06,308.3,0.1,-24.708123,-42.534045
MARCOS CAVALCANTI,2023-12-18 17:13:48,157.4,0.2,-24.708156,-42.534058
MARCOS CAVALCANTI,2023-12-18 17:13:57,160.1,0.1,-24.70816,-42.534056
MARCOS CAVALCANTI,2023-12-18 17:14:48,195.8,0.1,-24.708175,-42.534048
MARCOS CAVALCANTI,2023-12-18 17:15:48,161.3,0.1,-24.708193,-42.53405
MARCOS CAVALCANTI,2023-12-18 17:16:36,174.0,0.0,-24.708201,-42.534046
MARCOS CAVALCANTI,2023-12-18 17:17:48,161.4,0.3,-24.708231,-42.534025
MARCOS CAVALCANTI,2023-12-18 17:18:17,208.3,0.1,-24.708243,-42.534021
MARCOS CAVALCANTI,2023-12-18 17:18:26,194.2,0.1,-24.708248,-42.53402
MARCOS CAVALCANTI,2023-12-18 17:18:36,162.7,0.0,-24.708256,-42.534018
MARCOS CAVALCANTI,2023-12-18 17:24:00,319.1,0.1,-24.708311,-42.534005
MARCOS CAVALCANTI,2023-12-18 17:24:18,306.1,0.1,-24.708313,-42.534008
MARCOS CAVALCANTI,2023-12-18 17:27:10,159.5,0.1,-24.70832,-42.53401
MARCOS CAVALCANTI,2023-12-18 17:57:50,45.5,1.0,-24.707001,-42.532618
MARCOS CAVALCANTI,2023-12-18 18:04:00,48.9,1.1,-24.705836,-42.531141
MARCOS CAVALCANTI,2023-12-18 18:31:49,55.5,1.0,-24.701316,-42.524203
MARCOS CAVALCANTI,2023-12-18 18:41:18,53.0,1.0,-24.699805,-42.521831
MARCOS CAVALCANTI,2023-12-18 19:07:39,62.6,0.8,-24.69552,-42.51558
MARCOS CAVALCANTI,2023-12-18 19:37:10,165.8,0.0,-24.693905,-42.514491
MARCOS CAVALCANTI,2023-12-18 19:39:59,167.2,0.1,-24.693958,-42.51445
MARCOS CAVALCANTI,2023-12-18 20:35:40,158.1,0.1,-24.693938,-42.514515
MARCOS CAVALCANTI,2023-12-18 20:38:49,351.6,0.2,-24.693883,-42.51449
MARCOS CAVALCANTI,2023-12-18 20:54:19,53.1,0.5,-24.693451,-42.513285
MARCOS CAVALCANTI,2023-12-18 21:21:19,352.7,0.1,-24.69187,-42.51113
MARCOS CAVALCANTI,2023-12-18 21:46:40,335.4,0.2,-24.691483,-42.511216
MARCOS CAVALCANTI,2023-12-18 21:49:30,346.4,0.1,-24.69151,-42.511215
MARCOS CAVALCANTI,2023-12-18 22:13:20,157.5,0.2,-24.691803,-42.51138
MARCOS CAVALCANTI,2023-12-18 22:17:19,131.8,0.1,-24.691791,-42.51133
MARCOS CAVALCANTI,2023-12-18 22:22:09,359.1,0.2,-24.691696,-42.511365
MARCOS CAVALCANTI,2023-12-18 22:39:00,357.0,0.0,-24.691638,-42.511403
MARCOS CAVALCANTI,2023-12-18 23:23:09,181.9,0.1,-24.691896,-42.511358
MARCOS CAVALCANTI,2023-12-18 23:26:29,359.7,0.1,-24.691896,-42.511365
MARCOS CAVALCANTI,2023-12-18 23:26:49,164.5,0.0,-24.691895,-42.511368
MARCOS CAVALCANTI,2023-12-18 23:32:20,350.1,0.1,-24.691856,-42.5114
MARCOS CAVALCANTI,2023-12-19 00:00:29,159.1,0.0,-24.691686,-42.511418
MARCOS CAVALCANTI,2023-12-19 00:06:09,149.5,0.1,-24.691748,-42.51138
MARCOS CAVALCANTI,2023-12-19 00:16:39,169.0,0.2,-24.691638,-42.511395
MARCOS CAVALCANTI,2023-12-19 00:21:19,344.7,0.0,-24.691641,-42.511406
MARCOS CAVALCANTI,2023-12-19 00:26:40,350.5,0.1,-24.691696,-42.51141
MARCOS CAVALCANTI,2023-12-19 00:55:10,208.5,0.1,-24.691803,-42.511385
MARCOS CAVALCANTI,2023-12-19 00:59:30,333.9,0.1,-24.691798,-42.511363
MARCOS CAVALCANTI,2023-12-19 00:59:39,319.4,0.1,-24.69181,-42.51135
MARCOS CAVALCANTI,2023-12-19 00:59:49,186.8,0.2,-24.691816,-42.511348
MARCOS CAVALCANTI,2023-12-19 00:59:58,334.8,0.1,-24.691813,-42.511363
MARCOS CAVALCANTI,2023-12-19 01:00:39,296.3,0.1,-24.691816,-42.511358
MARCOS CAVALCANTI,2023-12-19 01:01:19,349.1,0.1,-24.691801,-42.511363
MARCOS CAVALCANTI,2023-12-19 01:01:58,344.1,0.1,-24.691751,-42.511361
MARCOS CAVALCANTI,2023-12-19 01:02:58,339.6,0.2,-24.69173,-42.511356
MARCOS CAVALCANTI,2023-12-19 01:03:19,322.6,0.2,-24.691738,-42.511366
MARCOS CAVALCANTI,2023-12-19 01:03:39,273.5,0.1,-24.691735,-42.511386
MARCOS CAVALCANTI,2023-12-19 01:03:58,210.3,0.1,-24.691756,-42.511421
MARCOS CAVALCANTI,2023-12-19 01:05:10,321.1,0.0,-24.69177,-42.51141
MARCOS CAVALCANTI,2023-12-19 01:06:10,341.9,0.2,-24.69174,-42.511386
MARCOS CAVALCANTI,2023-12-19 01:07:59,204.1,0.1,-24.69172,-42.511386
MARCOS CAVALCANTI,2023-12-19 01:31:38,192.2,0.1,-24.691585,-42.511371
MARCOS CAVALCANTI,2023-12-19 05:14:28,336.6,0.0,-24.691618,-42.511386
MARCOS CAVALCANTI,2023-12-19 05:18:19,170.0,0.0,-24.691616,-42.511355
MARCOS CAVALCANTI,2023-12-19 05:32:18,179.8,0.1,-24.691536,-42.511383
MARCOS CAVALCANTI,2023-12-19 05:33:28,50.4,0.1,-24.691525,-42.5114
MARCOS CAVALCANTI,2023-12-19 05:34:08,348.0,0.0,-24.69153,-42.511378
MARCOS CAVALCANTI,2023-12-19 05:34:28,331.1,0.0,-24.691533,-42.511365
MARCOS CAVALCANTI,2023-12-19 05:35:18,353.4,0.1,-24.691541,-42.511358
MARCOS CAVALCANTI,2023-12-19 05:35:20,353.4,0.1,-24.691541,-42.511358
MARCOS CAVALCANTI,2023-12-19 05:35:28,14.0,0.1,-24.691543,-42.511358
MARCOS CAVALCANTI,2023-12-19 05:36:28,310.3,0.1,-24.69154,-42.511371
MARCOS CAVALCANTI,2023-12-19 05:39:47,341.5,0.2,-24.691548,-42.511363
MARCOS CAVALCANTI,2023-12-19 06:06:09,250.6,0.1,-24.691306,-42.511446
MARCOS CAVALCANTI,2023-12-19 06:13:39,199.6,0.0,-24.69134,-42.511436
MARCOS CAVALCANTI,2023-12-19 07:00:59,356.2,0.0,-24.691346,-42.511415
MARCOS CAVALCANTI,2023-12-19 07:06:00,353.4,0.0,-24.691343,-42.511396
MARCOS CAVALCANTI,2023-12-19 07:06:30,178.4,0.1,-24.691343,-42.511386
MARCOS CAVALCANTI,2023-12-19 07:11:18,164.0,0.0,-24.691331,-42.511425
MARCOS CAVALCANTI,2023-12-19 07:11:19,164.0,0.0,-24.691331,-42.511425
MARCOS CAVALCANTI,2023-12-19 07:42:19,31.7,0.1,-24.691381,-42.511408
MARCOS CAVALCANTI,2023-12-19 07:48:19,335.0,0.1,-24.691411,-42.511426
MARCOS CAVALCANTI,2023-12-19 07:54:19,22.1,0.0,-24.691316,-42.511425
MARCOS CAVALCANTI,2023-12-19 08:12:48,355.1,0.2,-24.691253,-42.511475
MARCOS CAVALCANTI,2023-12-19 08:15:08,23.9,0.0,-24.691216,-42.511456
MARCOS CAVALCANTI,2023-12-19 08:22:00,141.6,0.0,-24.691286,-42.51146
MARCOS CAVALCANTI,2023-12-19 10:51:18,14.2,0.0,-24.691343,-42.511461
MARCOS CAVALCANTI,2023-12-19 11:12:00,168.8,0.1,-24.691365,-42.511468
MARCOS CAVALCANTI,2023-12-19 11:37:57,179.5,0.1,-24.691433,-42.511425
MARCOS CAVALCANTI,2023-12-19 11:38:56,178.2,0.1,-24.691458,-42.511438
MARCOS CAVALCANTI,2023-12-19 11:38:58,178.2,0.1,-24.691458,-42.511438
MARCOS CAVALCANTI,2023-12-19 12:28:29,296.2,0.2,-24.691763,-42.511381
MARCOS CAVALCANTI,2023-12-19 12:33:08,345.2,0.1,-24.691766,-42.511381
MARCOS CAVALCANTI,2023-12-19 12:59:39,227.1,0.1,-24.691713,-42.511425
MARCOS CAVALCANTI,2023-12-19 13:50:38,15.7,0.1,-24.69182,-42.511368
MARCOS CAVALCANTI,2023-12-19 14:06:20,176.7,0.0,-24.691963,-42.5113
MARCOS CAVALCANTI,2023-12-19 14:10:08,337.7,0.2,-24.692021,-42.51131
MARCOS CAVALCANTI,2023-12-19 14:38:39,350.0,0.2,-24.692001,-42.511305
MARCOS CAVALCANTI,2023-12-19 14:43:09,340.0,0.1,-24.692,-42.51131
MARCOS CAVALCANTI,2023-12-19 14:46:09,187.8,0.1,-24.691981,-42.511315
MARCOS CAVALCANTI,2023-12-19 15:16:30,334.8,0.1,-24.69203,-42.511321
MARCOS CAVALCANTI,2023-12-19 15:20:29,336.3,0.2,-24.692025,-42.511313
MARCOS CAVALCANTI,2023-12-19 15:22:39,326.2,0.1,-24.692001,-42.511316
MARCOS CAVALCANTI,2023-12-19 15:26:48,167.0,0.0,-24.692028,-42.511303
MARCOS CAVALCANTI,2023-12-19 15:32:19,169.6,0.1,-24.692081,-42.511293
MARCOS CAVALCANTI,2023-12-19 15:34:38,159.6,0.1,-24.692095,-42.51126
MARCOS CAVALCANTI,2023-12-19 15:55:27,203.0,0.1,-24.692085,-42.511278
MARCOS CAVALCANTI,2023-12-19 15:56:57,183.5,0.1,-24.692081,-42.511278
MARCOS CAVALCANTI,2023-12-19 16:14:20,164.2,0.1,-24.69206,-42.511306
MARCOS CAVALCANTI,2023-12-19 16:21:39,344.8,0.1,-24.691996,-42.511271
MARCOS CAVALCANTI,2023-12-19 16:24:40,302.9,0.0,-24.692005,-42.511325
MARCOS CAVALCANTI,2023-12-19 16:27:30,169.4,0.2,-24.692036,-42.511313
MARCOS CAVALCANTI,2023-12-19 16:28:19,352.8,0.1,-24.69203,-42.511316
MARCOS CAVALCANTI,2023-12-19 16:33:39,306.3,0.2,-24.691985,-42.511253
MARCOS CAVALCANTI,2023-12-19 16:41:29,339.6,0.2,-24.69196,-42.51133
MARCOS CAVALCANTI,2023-12-19 16:58:39,193.8,0.0,-24.692016,-42.51132
MARCOS CAVALCANTI,2023-12-19 17:04:19,178.0,0.1,-24.692115,-42.511271
MARCOS CAVALCANTI,2023-12-19 17:28:28,289.5,0.0,-24.692356,-42.511193
MARCOS CAVALCANTI,2023-12-19 17:35:37,32.1,0.0,-24.692315,-42.511173
MARCOS CAVALCANTI,2023-12-19 17:35:48,170.4,0.1,-24.692318,-42.511176
MARCOS CAVALCANTI,2023-12-19 17:37:17,339.5,0.0,-24.692335,-42.511168
MARCOS CAVALCANTI,2023-12-19 17:37:40,163.5,0.1,-24.692335,-42.511166
MARCOS CAVALCANTI,2023-12-19 17:40:40,168.8,0.0,-24.692335,-42.511173
MARCOS CAVALCANTI,2023-12-19 18:08:10,178.2,0.1,-24.69239,-42.51118
MARCOS CAVALCANTI,2023-12-19 18:12:39,351.0,0.0,-24.692398,-42.511156
MARCOS CAVALCANTI,2023-12-19 18:16:19,111.8,0.0,-24.69241,-42.51113
MARCOS CAVALCANTI,2023-12-19 18:40:09,349.8,0.0,-24.692453,-42.511088
MARCOS CAVALCANTI,2023-12-19 19:12:47,153.3,0.1,-24.69251,-42.511068
MARCOS CAVALCANTI,2023-12-19 19:32:19,162.9,0.2,-24.692563,-42.511068
MARCOS CAVALCANTI,2023-12-19 19:35:19,163.6,0.1,-24.692538,-42.511056
MARCOS CAVALCANTI,2023-12-19 19:55:29,102.2,0.1,-24.692646,-42.511
MARCOS CAVALCANTI,2023-12-19 20:20:38,149.4,0.2,-24.6927,-42.51099
MARCOS CAVALCANTI,2023-12-19 20:32:08,341.2,0.2,-24.6927,-42.510995
MARCOS CAVALCANTI,2023-12-19 20:47:19,48.8,0.1,-24.692478,-42.511115
MARCOS CAVALCANTI,2023-12-19 21:19:40,162.5,0.2,-24.692398,-42.511146
MARCOS CAVALCANTI,2023-12-19 21:24:30,185.2,0.1,-24.692325,-42.51117
MARCOS CAVALCANTI,2023-12-19 21:36:19,239.4,0.1,-24.692241,-42.511226
MARCOS CAVALCANTI,2023-12-19 21:38:30,353.5,0.0,-24.692215,-42.511218
MARCOS CAVALCANTI,2023-12-19 21:42:30,328.3,0.1,-24.6922,-42.51121
MARCOS CAVALCANTI,2023-12-19 22:08:50,197.7,0.1,-24.69233,-42.511261
MARCOS CAVALCANTI,2023-12-19 22:11:20,359.4,0.1,-24.692345,-42.511241
MARCOS CAVALCANTI,2023-12-19 22:32:50,353.8,0.1,-24.692266,-42.511306
MARCOS CAVALCANTI,2023-12-19 22:35:10,155.1,0.3,-24.692251,-42.51119
MARCOS CAVALCANTI,2023-12-19 23:23:50,333.7,0.2,-24.692363,-42.511166
MARCOS CAVALCANTI,2023-12-19 23:57:50,142.6,0.1,-24.69241,-42.511133
MARCOS CAVALCANTI,2023-12-20 00:11:20,340.8,0.1,-24.692338,-42.511141
MARCOS CAVALCANTI,2023-12-20 00:13:39,130.0,0.1,-24.692303,-42.51116
MARCOS CAVALCANTI,2023-12-20 00:49:39,164.3,0.1,-24.69249,-42.511116
MARCOS CAVALCANTI,2023-12-20 00:50:49,227.4,0.0,-24.6925,-42.511116
MARCOS CAVALCANTI,2023-12-20 00:51:48,311.3,0.2,-24.692525,-42.511118
MARCOS CAVALCANTI,2023-12-20 00:55:49,178.6,0.1,-24.692566,-42.511083
MARCOS CAVALCANTI,2023-12-20 00:56:39,173.8,0.1,-24.692588,-42.511088
MARCOS CAVALCANTI,2023-12-20 01:00:48,214.4,0.1,-24.692633,-42.511088
MARCOS CAVALCANTI,2023-12-20 01:02:29,282.1,0.2,-24.692635,-42.511066
MARCOS CAVALCANTI,2023-12-20 01:04:50,158.2,0.2,-24.69265,-42.511038
MARCOS CAVALCANTI,2023-12-20 01:08:18,271.4,0.1,-24.69265,-42.511045
MARCOS CAVALCANTI,2023-12-20 01:08:29,315.8,0.1,-24.692646,-42.511045
MARCOS CAVALCANTI,2023-12-20 01:32:10,165.3,0.0,-24.692653,-42.510983
MARCOS CAVALCANTI,2023-12-20 01:37:30,154.9,0.1,-24.692621,-42.510971
MARCOS CAVALCANTI,2023-12-20 01:42:30,180.6,0.2,-24.692603,-42.511016
MARCOS CAVALCANTI,2023-12-20 01:44:30,337.5,0.2,-24.692543,-42.511006
MARCOS CAVALCANTI,2023-12-20 01:55:29,186.4,0.1,-24.6926,-42.511011
MARCOS CAVALCANTI,2023-12-20 02:09:40,157.2,0.1,-24.692643,-42.511048
MARCOS CAVALCANTI,2023-12-20 02:15:00,150.0,0.1,-24.69262,-42.510986
MARCOS CAVALCANTI,2023-12-20 02:17:09,191.1,0.1,-24.69265,-42.511021
MARCOS CAVALCANTI,2023-12-20 02:19:20,135.1,0.0,-24.692641,-42.511016
MARCOS CAVALCANTI,2023-12-20 02:49:19,264.3,0.4,-24.692976,-42.51227
MARCOS CAVALCANTI,2023-12-20 03:28:20,251.7,0.4,-24.694461,-42.51676
MARCOS CAVALCANTI,2023-12-20 03:28:40,270.7,0.4,-24.69448,-42.516803
MARCOS CAVALCANTI,2023-12-20 04:03:10,254.4,0.3,-24.695936,-42.520665
MARCOS CAVALCANTI,2023-12-20 04:16:20,256.3,0.4,-24.696378,-42.522196
MARCOS CAVALCANTI,2023-12-20 04:19:58,260.1,0.4,-24.69644,-42.522643
MARCOS CAVALCANTI,2023-12-20 05:06:59,255.5,0.4,-24.698448,-42.527955
MARCOS CAVALCANTI,2023-12-20 05:13:39,295.5,0.1,-24.698598,-42.528563
MARCOS CAVALCANTI,2023-12-20 05:16:39,187.8,0.2,-24.698615,-42.5286
MARCOS CAVALCANTI,2023-12-20 06:06:08,169.3,0.2,-24.698931,-42.528481
MARCOS CAVALCANTI,2023-12-20 06:08:19,169.4,0.1,-24.69897,-42.528495
MARCOS CAVALCANTI,2023-12-20 06:47:58,261.6,0.2,-24.69877,-42.528688
MARCOS CAVALCANTI,2023-12-20 06:52:48,328.9,0.0,-24.698715,-42.528741
MARCOS CAVALCANTI,2023-12-20 06:52:58,320.8,0.0,-24.698713,-42.528735
MARCOS CAVALCANTI,2023-12-20 06:58:19,163.0,0.2,-24.698695,-42.52872
MARCOS CAVALCANTI,2023-12-20 07:12:58,326.9,0.0,-24.698613,-42.528735
MARCOS CAVALCANTI,2023-12-20 07:16:38,335.1,0.0,-24.698555,-42.528763
MARCOS CAVALCANTI,2023-12-20 07:20:00,162.8,0.0,-24.698568,-42.528756
MARCOS CAVALCANTI,2023-12-20 07:56:39,160.6,0.2,-24.698246,-42.528855
MARCOS CAVALCANTI,2023-12-20 08:01:19,358.2,0.0,-24.698223,-42.528876
MARCOS CAVALCANTI,2023-12-20 08:05:19,146.1,0.1,-24.698228,-42.52885
MARCOS CAVALCANTI,2023-12-20 08:25:59,182.3,0.1,-24.69814,-42.528873
MARCOS CAVALCANTI,2023-12-20 08:28:18,18.1,0.1,-24.698158,-42.528886
MARCOS CAVALCANTI,2023-12-20 08:30:38,348.4,0.1,-24.698165,-42.528868
MARCOS CAVALCANTI,2023-12-20 08:32:58,171.5,0.2,-24.698146,-42.528885
MARCOS CAVALCANTI,2023-12-20 08:37:49,161.9,0.2,-24.698133,-42.528881
MARCOS CAVALCANTI,2023-12-20 09:05:07,16.5,0.0,-24.698088,-42.528953
MARCOS CAVALCANTI,2023-12-20 09:11:59,0.9,0.1,-24.698086,-42.528915
MARCOS CAVALCANTI,2023-12-20 09:13:19,13.5,0.0,-24.69808,-42.528886
MARCOS CAVALCANTI,2023-12-20 09:16:50,351.4,0.2,-24.698088,-42.52892
MARCOS CAVALCANTI,2023-12-20 09:19:10,157.5,0.1,-24.698086,-42.528916
MARCOS CAVALCANTI,2023-12-20 09:34:20,349.8,0.1,-24.698066,-42.528886
MARCOS CAVALCANTI,2023-12-20 09:40:10,355.0,0.0,-24.698126,-42.528898
MARCOS CAVALCANTI,2023-12-20 09:43:50,176.6,0.1,-24.69816,-42.528881
MARCOS CAVALCANTI,2023-12-20 09:48:59,161.1,0.1,-24.698116,-42.528898
MARCOS CAVALCANTI,2023-12-20 10:08:39,41.6,0.1,-24.697991,-42.52893
MARCOS CAVALCANTI,2023-12-20 10:17:59,112.2,0.0,-24.697973,-42.528918
MARCOS CAVALCANTI,2023-12-20 10:19:50,180.2,0.1,-24.698011,-42.528915
MARCOS CAVALCANTI,2023-12-20 10:27:50,349.0,0.1,-24.697933,-42.52891
MARCOS CAVALCANTI,2023-12-20 10:49:19,336.9,0.1,-24.697993,-42.528921
MARCOS CAVALCANTI,2023-12-20 10:54:19,148.8,0.1,-24.698035,-42.52892
MARCOS CAVALCANTI,2023-12-20 11:00:48,147.8,0.1,-24.69804,-42.528915
MARCOS CAVALCANTI,2023-12-20 11:05:10,3.8,0.1,-24.697995,-42.528896
MARCOS CAVALCANTI,2023-12-20 11:23:39,350.4,0.0,-24.697895,-42.528896
MARCOS CAVALCANTI,2023-12-20 11:26:28,343.3,0.0,-24.69788,-42.52895
MARCOS CAVALCANTI,2023-12-20 11:29:28,164.5,0.0,-24.697823,-42.528913
MARCOS CAVALCANTI,2023-12-20 11:38:39,187.1,0.1,-24.697801,-42.52894
MARCOS CAVALCANTI,2023-12-20 11:55:58,352.2,0.0,-24.69778,-42.528943
MARCOS CAVALCANTI,2023-12-20 12:04:00,335.9,0.1,-24.69773,-42.528936
MARCOS CAVALCANTI,2023-12-20 12:09:40,299.9,0.1,-24.6977,-42.52894
MARCOS CAVALCANTI,2023-12-20 12:35:58,197.8,0.0,-24.697795,-42.528958
MARCOS CAVALCANTI,2023-12-20 13:01:19,312.5,0.1,-24.697868,-42.528941
MARCOS CAVALCANTI,2023-12-20 13:11:18,8.3,0.0,-24.69795,-42.528865
MARCOS CAVALCANTI,2023-12-20 13:43:09,357.5,0.0,-24.698153,-42.528893
MARCOS CAVALCANTI,2023-12-20 13:43:38,354.3,0.1,-24.698151,-42.528891
MARCOS CAVALCANTI,2023-12-20 13:46:10,149.9,0.1,-24.6982,-42.52889
MARCOS CAVALCANTI,2023-12-20 14:19:37,326.7,0.1,-24.698361,-42.528868
MARCOS CAVALCANTI,2023-12-20 14:22:08,355.5,0.0,-24.698355,-42.528843
MARCOS CAVALCANTI,2023-12-20 14:28:08,180.1,0.1,-24.698373,-42.528865
MARCOS CAVALCANTI,2023-12-20 14:35:59,328.3,0.0,-24.698375,-42.52883
MARCOS CAVALCANTI,2023-12-20 14:52:58,181.6,0.1,-24.698361,-42.528865
MARCOS CAVALCANTI,2023-12-20 15:17:49,189.5,0.1,-24.698265,-42.528831
MARCOS CAVALCANTI,2023-12-20 15:26:29,10.3,0.1,-24.698235,-42.528853
MARCOS CAVALCANTI,2023-12-20 15:30:38,333.6,0.1,-24.698208,-42.528873
MARCOS CAVALCANTI,2023-12-20 16:00:40,314.9,0.1,-24.698218,-42.528881
MARCOS CAVALCANTI,2023-12-20 16:03:59,97.5,0.1,-24.698211,-42.528895
MARCOS CAVALCANTI,2023-12-20 16:09:57,16.8,0.1,-24.698246,-42.52891
MARCOS CAVALCANTI,2023-12-20 16:10:18,161.3,0.1,-24.698243,-42.52891
MARCOS CAVALCANTI,2023-12-20 16:12:18,14.4,0.1,-24.698208,-42.528898
MARCOS CAVALCANTI,2023-12-20 16:12:59,347.3,0.0,-24.698208,-42.52889
MARCOS CAVALCANTI,2023-12-20 16:15:59,331.1,0.0,-24.698191,-42.528896
MARCOS CAVALCANTI,2023-12-20 16:20:59,172.7,0.1,-24.698153,-42.528925
MARCOS CAVALCANTI,2023-12-20 16:35:19,203.8,0.2,-24.69807,-42.52895
MARCOS CAVALCANTI,2023-12-20 16:37:39,189.1,0.0,-24.698088,-42.52895
MARCOS CAVALCANTI,2023-12-20 16:42:19,334.6,0.0,-24.69811,-42.528943
MARCOS CAVALCANTI,2023-12-20 17:09:50,180.9,0.0,-24.698181,-42.52885
MARCOS CAVALCANTI,2023-12-20 17:11:56,307.4,0.1,-24.698215,-42.528886
MARCOS CAVALCANTI,2023-12-20 17:11:59,307.4,0.1,-24.698215,-42.528886
MARCOS CAVALCANTI,2023-12-20 17:12:27,175.1,0.0,-24.698228,-42.528893
MARCOS CAVALCANTI,2023-12-20 17:14:20,148.5,0.0,-24.698218,-42.52889
MARCOS CAVALCANTI,2023-12-20 17:19:39,181.4,0.0,-24.698248,-42.528918
MARCOS CAVALCANTI,2023-12-20 17:43:57,14.8,0.0,-24.698378,-42.52883
MARCOS CAVALCANTI,2023-12-20 17:44:26,16.4,0.0,-24.698398,-42.528831
MARCOS CAVALCANTI,2023-12-20 17:46:26,177.8,0.1,-24.698411,-42.528835
MARCOS CAVALCANTI,2023-12-20 17:47:26,337.2,0.0,-24.698418,-42.528843
MARCOS CAVALCANTI,2023-12-20 17:47:47,311.8,0.1,-24.69843,-42.528841
MARCOS CAVALCANTI,2023-12-20 17:48:06,317.8,0.1,-24.69843,-42.528845
MARCOS CAVALCANTI,2023-12-20 17:51:17,348.3,0.0,-24.698436,-42.528851
MARCOS CAVALCANTI,2023-12-20 18:20:18,337.6,0.1,-24.698368,-42.528826
MARCOS CAVALCANTI,2023-12-20 18:55:39,329.6,0.2,-24.698335,-42.528831
MARCOS CAVALCANTI,2023-12-20 19:27:00,201.3,0.1,-24.698213,-42.528866
MARCOS CAVALCANTI,2023-12-20 19:48:39,187.2,0.1,-24.698163,-42.52889
MARCOS CAVALCANTI,2023-12-20 20:13:38,340.9,0.0,-24.698216,-42.528893
MARCOS CAVALCANTI,2023-12-20 20:21:19,21.3,0.1,-24.698243,-42.52889
MARCOS CAVALCANTI,2023-12-20 20:23:39,138.2,0.0,-24.698258,-42.528873
MARCOS CAVALCANTI,2023-12-20 20:25:50,9.9,0.2,-24.698243,-42.528881
MARCOS CAVALCANTI,2023-12-20 20:39:09,9.7,0.1,-24.698186,-42.528881
MARCOS CAVALCANTI,2023-12-20 20:43:18,134.3,0.1,-24.698201,-42.528886
MARCOS CAVALCANTI,2023-12-20 21:05:19,291.6,0.1,-24.698281,-42.528853
MARCOS CAVALCANTI,2023-12-20 21:07:20,313.5,0.0,-24.698301,-42.528871
MARCOS CAVALCANTI,2023-12-20 21:17:40,221.1,0.1,-24.698235,-42.52886
MARCOS CAVALCANTI,2023-12-20 21:35:08,336.4,0.1,-24.698145,-42.528885
MARCOS CAVALCANTI,2023-12-20 22:02:58,176.7,0.0,-24.698103,-42.528895
MARCOS CAVALCANTI,2023-12-20 22:07:28,18.5,0.1,-24.698073,-42.528886
MARCOS CAVALCANTI,2023-12-20 22:18:50,145.0,0.1,-24.698013,-42.528906
MARCOS CAVALCANTI,2023-12-20 22:24:10,165.3,0.0,-24.698005,-42.528895
MARCOS CAVALCANTI,2023-12-20 22:26:19,23.9,0.0,-24.698025,-42.528933
MARCOS CAVALCANTI,2023-12-20 23:11:07,175.3,0.1,-24.698501,-42.528813
MARCOS CAVALCANTI,2023-12-20 23:12:19,151.6,0.1,-24.698501,-42.528791
MARCOS CAVALCANTI,2023-12-20 23:14:39,358.5,0.1,-24.698483,-42.52881
MARCOS CAVALCANTI,2023-12-20 23:18:19,170.3,0.2,-24.698515,-42.528816
MARCOS CAVALCANTI,2023-12-21 00:05:19,37.5,0.1,-24.698545,-42.528791
MARCOS CAVALCANTI,2023-12-21 00:41:39,178.4,0.0,-24.698533,-42.528788
MARCOS CAVALCANTI,2023-12-21 00:45:57,166.8,0.2,-24.698571,-42.528776
MARCOS CAVALCANTI,2023-12-21 00:48:58,188.2,0.1,-24.698635,-42.528775
MARCOS CAVALCANTI,2023-12-21 00:50:28,167.9,0.1,-24.698631,-42.528775
MARCOS CAVALCANTI,2023-12-21 00:51:28,315.1,0.0,-24.698631,-42.528791
MARCOS CAVALCANTI,2023-12-21 00:51:49,326.1,0.1,-24.698635,-42.528793
MARCOS CAVALCANTI,2023-12-21 00:53:29,202.7,0.1,-24.698626,-42.528801
MARCOS CAVALCANTI,2023-12-21 00:55:19,166.1,0.0,-24.69865,-42.528778
MARCOS CAVALCANTI,2023-12-21 00:55:38,178.5,0.1,-24.698671,-42.528771
MARCOS CAVALCANTI,2023-12-21 00:57:19,221.8,0.1,-24.698655,-42.52876
MARCOS CAVALCANTI,2023-12-21 01:00:58,191.4,0.1,-24.698631,-42.528798
MARCOS CAVALCANTI,2023-12-21 01:12:39,180.6,0.1,-24.69869,-42.528715
MARCOS CAVALCANTI,2023-12-21 01:20:30,179.2,0.2,-24.698738,-42.528706
MARCOS CAVALCANTI,2023-12-21 01:34:10,165.0,0.0,-24.698655,-42.5287
MARCOS CAVALCANTI,2023-12-21 01:48:01,166.7,0.1,-24.698576,-42.528755
MARCOS CAVALCANTI,2023-12-21 01:51:50,156.9,0.1,-24.698623,-42.528775
MARCOS CAVALCANTI,2023-12-21 01:54:00,140.8,0.1,-24.698656,-42.52872
MARCOS CAVALCANTI,2023-12-21 02:23:50,323.0,0.0,-24.698906,-42.528633
MARCOS CAVALCANTI,2023-12-21 02:27:49,121.8,0.1,-24.698943,-42.528658
MARCOS CAVALCANTI,2023-12-21 02:28:19,158.0,0.0,-24.698946,-42.528661
MARCOS CAVALCANTI,2023-12-21 02:30:00,331.8,0.0,-24.698966,-42.528638
MARCOS CAVALCANTI,2023-12-21 02:32:30,295.3,0.1,-24.698996,-42.528623
MARCOS CAVALCANTI,2023-12-21 03:01:29,157.0,0.1,-24.699373,-42.528421
MARCOS CAVALCANTI,2023-12-21 03:23:19,354.0,0.1,-24.699498,-42.528356
MARCOS CAVALCANTI,2023-12-21 03:28:30,298.4,0.1,-24.699471,-42.528355
MARCOS CAVALCANTI,2023-12-21 04:05:58,327.4,0.0,-24.699578,-42.528181
MARCOS CAVALCANTI,2023-12-21 04:10:10,161.5,0.0,-24.699616,-42.528235
MARCOS CAVALCANTI,2023-12-21 04:11:09,149.0,0.2,-24.699601,-42.528211
MARCOS CAVALCANTI,2023-12-21 04:13:18,312.5,0.1,-24.699605,-42.528261
MARCOS CAVALCANTI,2023-12-21 04:14:50,153.1,0.0,-24.699626,-42.528211
MARCOS CAVALCANTI,2023-12-21 04:19:29,158.3,0.1,-24.69963,-42.528206
MARCOS CAVALCANTI,2023-12-21 04:30:38,307.6,0.0,-24.699701,-42.528163
MARCOS CAVALCANTI,2023-12-21 04:31:28,311.6,0.0,-24.699686,-42.528185
MARCOS CAVALCANTI,2023-12-21 04:33:19,135.3,0.0,-24.699676,-42.528196
MARCOS CAVALCANTI,2023-12-21 04:34:29,143.2,0.0,-24.699708,-42.528121
MARCOS CAVALCANTI,2023-12-21 04:34:38,170.9,0.1,-24.699711,-42.528126
MARCOS CAVALCANTI,2023-12-21 04:34:50,177.0,0.1,-24.699711,-42.528138
MARCOS CAVALCANTI,2023-12-21 04:34:59,200.8,0.1,-24.69971,-42.528138
MARCOS CAVALCANTI,2023-12-21 04:35:09,281.2,0.1,-24.699708,-42.528136
MARCOS CAVALCANTI,2023-12-21 04:37:20,307.8,0.0,-24.69971,-42.528143
MARCOS CAVALCANTI,2023-12-21 04:37:30,145.5,0.0,-24.699711,-42.528145
MARCOS CAVALCANTI,2023-12-21 04:37:59,317.5,0.1,-24.699705,-42.528148
MARCOS CAVALCANTI,2023-12-21 04:38:30,176.0,0.1,-24.699708,-42.52816
MARCOS CAVALCANTI,2023-12-21 04:38:59,315.8,0.1,-24.699715,-42.528163
MARCOS CAVALCANTI,2023-12-21 04:39:30,145.8,0.1,-24.69972,-42.528153
MARCOS CAVALCANTI,2023-12-21 04:46:10,338.7,0.0,-24.699766,-42.52815
MARCOS CAVALCANTI,2023-12-21 05:03:09,132.2,0.0,-24.699881,-42.528031
MARCOS CAVALCANTI,2023-12-21 05:06:29,155.6,0.2,-24.699863,-42.528053
MARCOS CAVALCANTI,2023-12-21 05:08:50,325.0,0.1,-24.699865,-42.528063
MARCOS CAVALCANTI,2023-12-21 05:56:50,309.8,0.1,-24.69983,-42.5281
MARCOS CAVALCANTI,2023-12-21 06:00:50,124.8,0.0,-24.699845,-42.527998
MARCOS CAVALCANTI,2023-12-21 06:18:30,322.2,0.1,-24.699895,-42.528013
MARCOS CAVALCANTI,2023-12-21 06:44:57,326.6,0.1,-24.699828,-42.528028
MARCOS CAVALCANTI,2023-12-21 06:47:57,163.1,0.0,-24.699858,-42.528035
MARCOS CAVALCANTI,2023-12-21 06:49:48,325.5,0.1,-24.699868,-42.528031
MARCOS CAVALCANTI,2023-12-21 06:49:49,325.5,0.1,-24.699868,-42.528031
MARCOS CAVALCANTI,2023-12-21 06:51:06,322.6,0.0,-24.699836,-42.528038
MARCOS CAVALCANTI,2023-12-21 07:07:09,130.7,0.0,-24.69988,-42.52802
MARCOS CAVALCANTI,2023-12-21 07:29:50,305.9,0.1,-24.699843,-42.527995
MARCOS CAVALCANTI,2023-12-21 07:32:50,319.8,0.2,-24.69986,-42.52802
MARCOS CAVALCANTI,2023-12-21 07:35:29,319.2,0.0,-24.699833,-42.528048
MARCOS CAVALCANTI,2023-12-21 07:42:30,334.9,0.2,-24.699783,-42.528088
MARCOS CAVALCANTI,2023-12-21 07:58:59,134.1,0.1,-24.699771,-42.52822
MARCOS CAVALCANTI,2023-12-21 08:04:29,333.7,0.0,-24.69968,-42.52818
MARCOS CAVALCANTI,2023-12-21 08:10:58,123.0,0.1,-24.699716,-42.52819
MARCOS CAVALCANTI,2023-12-21 08:15:09,118.3,0.0,-24.699661,-42.528201
MARCOS CAVALCANTI,2023-12-21 08:19:00,114.0,0.1,-24.699666,-42.528215
MARCOS CAVALCANTI,2023-12-21 08:42:17,146.2,0.0,-24.69958,-42.52826
MARCOS CAVALCANTI,2023-12-21 08:50:59,8.6,0.1,-24.69952,-42.528318
MARCOS CAVALCANTI,2023-12-21 09:14:39,130.3,0.1,-24.699493,-42.528366
MARCOS CAVALCANTI,2023-12-21 09:22:29,134.7,0.0,-24.699496,-42.528333
MARCOS CAVALCANTI,2023-12-21 09:27:10,358.8,0.2,-24.699443,-42.528331
MARCOS CAVALCANTI,2023-12-21 09:45:49,319.3,0.2,-24.699305,-42.528441
MARCOS CAVALCANTI,2023-12-21 09:48:18,326.6,0.0,-24.699255,-42.528481
MARCOS CAVALCANTI,2023-12-21 09:56:49,127.2,0.1,-24.69909,-42.528576
MARCOS CAVALCANTI,2023-12-21 10:02:19,337.2,0.1,-24.698998,-42.528641
MARCOS CAVALCANTI,2023-12-21 10:20:18,120.7,0.1,-24.698863,-42.52868
MARCOS CAVALCANTI,2023-12-21 10:23:29,79.7,0.1,-24.698851,-42.528685
MARCOS CAVALCANTI,2023-12-21 10:31:19,358.8,0.0,-24.698835,-42.528706
MARCOS CAVALCANTI,2023-12-21 10:35:29,179.3,0.0,-24.698843,-42.528685
MARCOS CAVALCANTI,2023-12-21 10:37:49,112.7,0.0,-24.698865,-42.52867
MARCOS CAVALCANTI,2023-12-21 11:02:59,148.8,0.1,-24.699086,-42.528558
MARCOS CAVALCANTI,2023-12-21 11:04:20,145.9,0.0,-24.6991,-42.528541
MARCOS CAVALCANTI,2023-12-21 11:09:59,189.2,0.0,-24.699133,-42.52852
MARCOS CAVALCANTI,2023-12-21 11:29:29,322.3,0.1,-24.6991,-42.528563
MARCOS CAVALCANTI,2023-12-21 11:29:49,355.9,0.2,-24.699103,-42.528565
MARCOS CAVALCANTI,2023-12-21 11:30:58,330.3,0.1,-24.699095,-42.528565
MARCOS CAVALCANTI,2023-12-21 11:34:50,161.5,0.0,-24.699033,-42.528598
MARCOS CAVALCANTI,2023-12-21 11:36:49,350.0,0.0,-24.698993,-42.528611
MARCOS CAVALCANTI,2023-12-21 11:43:58,181.3,0.0,-24.698965,-42.528628
MARCOS CAVALCANTI,2023-12-21 12:15:49,156.5,0.1,-24.698933,-42.528648
MARCOS CAVALCANTI,2023-12-21 12:20:40,320.8,0.2,-24.698921,-42.52861
MARCOS CAVALCANTI,2023-12-21 12:47:08,322.0,0.1,-24.698993,-42.528608
MARCOS CAVALCANTI,2023-12-21 12:57:08,318.9,0.1,-24.698931,-42.52865
MARCOS CAVALCANTI,2023-12-21 13:21:58,348.6,0.1,-24.698793,-42.5287
MARCOS CAVALCANTI,2023-12-21 13:34:59,338.4,0.0,-24.69868,-42.528741
MARCOS CAVALCANTI,2023-12-21 13:55:29,345.1,0.2,-24.698401,-42.52882
MARCOS CAVALCANTI,2023-12-21 13:58:09,138.6,0.1,-24.698381,-42.52885
MARCOS CAVALCANTI,2023-12-21 14:25:49,359.9,0.2,-24.697798,-42.52896
MARCOS CAVALCANTI,2023-12-21 14:28:29,347.4,0.1,-24.697771,-42.528965
MARCOS CAVALCANTI,2023-12-21 14:30:48,336.0,0.2,-24.69774,-42.528971
MARCOS CAVALCANTI,2023-12-21 14:32:58,3.7,0.2,-24.697723,-42.528971
MARCOS CAVALCANTI,2023-12-21 15:04:50,357.6,0.1,-24.69719,-42.528978
MARCOS CAVALCANTI,2023-12-21 15:06:59,189.7,0.4,-24.697148,-42.528973
MARCOS CAVALCANTI,2023-12-21 15:09:39,356.2,0.1,-24.697101,-42.52896
MARCOS CAVALCANTI,2023-12-21 15:17:49,180.7,0.2,-24.697051,-42.528946
MARCOS CAVALCANTI,2023-12-21 15:22:49,188.2,0.1,-24.697048,-42.528931
MARCOS CAVALCANTI,2023-12-21 15:38:50,8.0,0.4,-24.697021,-42.528936
MARCOS CAVALCANTI,2023-12-21 15:44:00,11.1,0.1,-24.69698,-42.52899
MARCOS CAVALCANTI,2023-12-21 16:10:09,216.5,0.1,-24.696993,-42.528961
MARCOS CAVALCANTI,2023-12-21 16:11:48,6.1,0.2,-24.696996,-42.528963
MARCOS CAVALCANTI,2023-12-21 16:19:21,185.2,0.1,-24.697065,-42.529
MARCOS CAVALCANTI,2023-12-21 16:26:08,154.1,0.0,-24.697081,-42.52899
MARCOS CAVALCANTI,2023-12-21 16:26:09,154.1,0.0,-24.697081,-42.52899
MARCOS CAVALCANTI,2023-12-21 16:26:48,172.6,0.0,-24.6971,-42.528983
MARCOS CAVALCANTI,2023-12-21 16:27:58,202.0,0.0,-24.69709,-42.528961
MARCOS CAVALCANTI,2023-12-21 16:28:37,322.3,0.1,-24.697083,-42.528963
MARCOS CAVALCANTI,2023-12-21 16:28:38,322.3,0.1,-24.697083,-42.528963
MARCOS CAVALCANTI,2023-12-21 16:29:28,191.9,0.1,-24.697081,-42.528973
MARCOS CAVALCANTI,2023-12-21 16:30:37,349.1,0.1,-24.697058,-42.528961
MARCOS CAVALCANTI,2023-12-21 16:32:28,195.8,0.1,-24.697096,-42.528986
MARCOS CAVALCANTI,2023-12-21 16:32:47,337.8,0.1,-24.697096,-42.52899
MARCOS CAVALCANTI,2023-12-21 16:32:58,356.4,0.2,-24.6971,-42.528993
MARCOS CAVALCANTI,2023-12-21 16:45:30,0.5,0.1,-24.697111,-42.528971
MARCOS CAVALCANTI,2023-12-21 16:51:00,188.0,0.1,-24.697201,-42.529016
MARCOS CAVALCANTI,2023-12-21 17:19:39,14.0,0.1,-24.697183,-42.52898
MARCOS CAVALCANTI,2023-12-21 17:29:09,186.3,0.1,-24.697183,-42.528956
MARCOS CAVALCANTI,2023-12-21 18:05:38,2.1,0.1,-24.696941,-42.528935
MARCOS CAVALCANTI,2023-12-21 18:06:17,280.6,0.1,-24.696925,-42.528951
MARCOS CAVALCANTI,2023-12-21 18:07:58,47.6,0.1,-24.696895,-42.528981
MARCOS CAVALCANTI,2023-12-21 18:09:47,169.6,0.0,-24.696908,-42.528961
MARCOS CAVALCANTI,2023-12-21 18:11:18,150.4,0.1,-24.696911,-42.528956
MARCOS CAVALCANTI,2023-12-21 18:34:09,355.4,0.2,-24.696878,-42.528881
MARCOS CAVALCANTI,2023-12-21 18:47:30,2.4,0.3,-24.696858,-42.528936
MARCOS CAVALCANTI,2023-12-21 18:49:49,341.1,0.1,-24.696843,-42.528946
MARCOS CAVALCANTI,2023-12-21 19:13:59,6.9,0.3,-24.696648,-42.528893
MARCOS CAVALCANTI,2023-12-21 19:19:39,17.8,0.3,-24.696645,-42.528878
MARCOS CAVALCANTI,2023-12-21 19:26:29,16.6,0.1,-24.69664,-42.528911
MARCOS CAVALCANTI,2023-12-21 19:38:40,1.5,0.4,-24.696781,-42.528921
MARCOS CAVALCANTI,2023-12-21 19:43:00,189.1,0.3,-24.69683,-42.52894
MARCOS CAVALCANTI,2023-12-21 20:15:20,186.2,0.3,-24.69696,-42.528956
MARCOS CAVALCANTI,2023-12-21 20:17:29,15.3,0.5,-24.696971,-42.528995
MARCOS CAVALCANTI,2023-12-21 20:20:10,32.2,0.1,-24.696996,-42.52895
MARCOS CAVALCANTI,2023-12-21 20:28:09,43.3,0.0,-24.696968,-42.528953
MARCOS CAVALCANTI,2023-12-21 20:33:29,7.5,0.2,-24.696948,-42.52891
MARCOS CAVALCANTI,2023-12-21 21:09:59,8.5,0.1,-24.697011,-42.528928
MARCOS CAVALCANTI,2023-12-21 21:26:20,341.4,0.4,-24.69706,-42.528936
MARCOS CAVALCANTI,2023-12-21 21:30:18,1.9,0.2,-24.697011,-42.52895
MARCOS CAVALCANTI,2023-12-21 22:02:49,15.1,0.1,-24.697191,-42.528953
MARCOS CAVALCANTI,2023-12-21 22:13:29,7.8,0.2,-24.697403,-42.528953
MARCOS CAVALCANTI,2023-12-21 22:19:39,163.9,0.3,-24.69745,-42.528965
MARCOS CAVALCANTI,2023-12-21 22:54:29,350.8,0.2,-24.697393,-42.528975
MARCOS CAVALCANTI,2023-12-21 23:09:09,173.6,0.3,-24.697471,-42.528968
MARCOS CAVALCANTI,2023-12-21 23:30:00,178.5,0.2,-24.697448,-42.528976
MARCOS CAVALCANTI,2023-12-21 23:41:18,349.0,0.2,-24.697513,-42.528983
MARCOS CAVALCANTI,2023-12-21 23:46:40,177.2,0.4,-24.697535,-42.528953
MARCOS CAVALCANTI,2023-12-21 23:56:00,0.0,0.7,-24.697548,-42.528961
MARCOS CAVALCANTI,2023-12-22 00:18:19,356.4,0.1,-24.697653,-42.528931
MARCOS CAVALCANTI,2023-12-22 00:37:58,13.4,0.1,-24.69751,-42.528975
MARCOS CAVALCANTI,2023-12-22 00:41:59,183.7,0.4,-24.697603,-42.528906
MARCOS CAVALCANTI,2023-12-22 00:44:40,172.4,0.2,-24.697621,-42.528948
MARCOS CAVALCANTI,2023-12-22 00:47:40,173.6,0.0,-24.697606,-42.52894
MARCOS CAVALCANTI,2023-12-22 00:49:59,358.7,0.2,-24.697676,-42.528935
MARCOS CAVALCANTI,2023-12-22 00:51:39,176.2,0.1,-24.697706,-42.528933
MARCOS CAVALCANTI,2023-12-22 00:52:18,324.7,0.2,-24.697703,-42.528946
MARCOS CAVALCANTI,2023-12-22 00:53:38,197.8,0.3,-24.697678,-42.52892
MARCOS CAVALCANTI,2023-12-22 01:08:59,62.0,0.0,-24.697715,-42.528953
MARCOS CAVALCANTI,2023-12-22 01:24:49,246.0,0.2,-24.697666,-42.528905
MARCOS CAVALCANTI,2023-12-22 01:27:30,5.8,0.3,-24.697681,-42.52891
MARCOS CAVALCANTI,2023-12-22 01:31:50,293.2,0.1,-24.697628,-42.528911
MARCOS CAVALCANTI,2023-12-22 01:52:39,178.4,0.5,-24.697658,-42.528943
MARCOS CAVALCANTI,2023-12-22 02:00:20,355.5,0.1,-24.697715,-42.528948
MARCOS CAVALCANTI,2023-12-22 02:06:49,168.6,0.1,-24.697755,-42.52894
MARCOS CAVALCANTI,2023-12-22 02:22:39,143.7,0.1,-24.697721,-42.528966
MARCOS CAVALCANTI,2023-12-22 02:30:00,18.4,0.1,-24.697786,-42.528921
MARCOS CAVALCANTI,2023-12-22 02:40:10,25.5,0.2,-24.697795,-42.528966
MARCOS CAVALCANTI,2023-12-22 03:06:19,179.7,0.1,-24.697798,-42.528968
MARCOS CAVALCANTI,2023-12-22 03:43:00,177.6,0.2,-24.698005,-42.528895
MARCOS CAVALCANTI,2023-12-22 04:02:39,351.5,0.4,-24.69807,-42.528871
MARCOS CAVALCANTI,2023-12-22 04:06:59,186.0,0.2,-24.698076,-42.528871
MARCOS CAVALCANTI,2023-12-22 04:24:00,192.5,0.1,-24.698238,-42.52884
MARCOS CAVALCANTI,2023-12-22 04:45:57,339.2,0.2,-24.698395,-42.528798
MARCOS CAVALCANTI,2023-12-22 04:48:18,339.3,0.2,-24.6984,-42.528846
MARCOS CAVALCANTI,2023-12-22 04:49:48,349.1,0.1,-24.698411,-42.528825
MARCOS CAVALCANTI,2023-12-22 04:52:38,178.3,0.1,-24.698446,-42.528793
MARCOS CAVALCANTI,2023-12-22 04:53:18,160.2,0.2,-24.698451,-42.528803
MARCOS CAVALCANTI,2023-12-22 04:53:57,157.5,0.1,-24.698466,-42.52879
MARCOS CAVALCANTI,2023-12-22 04:54:57,329.6,0.2,-24.698471,-42.528793
MARCOS CAVALCANTI,2023-12-22 04:55:18,172.6,0.3,-24.698486,-42.52878
MARCOS CAVALCANTI,2023-12-22 05:33:08,355.4,0.2,-24.698505,-42.528791
MARCOS CAVALCANTI,2023-12-22 05:52:38,351.8,0.3,-24.698518,-42.528796
MARCOS CAVALCANTI,2023-12-22 05:54:42,356.2,0.3,-24.698491,-42.528736
MARCOS CAVALCANTI,2023-12-22 06:28:20,204.1,0.4,-24.698478,-42.528775
MARCOS CAVALCANTI,2023-12-22 06:32:19,176.0,0.4,-24.698545,-42.52874
MARCOS CAVALCANTI,2023-12-22 06:34:58,307.8,0.1,-24.698533,-42.528796
MARCOS CAVALCANTI,2023-12-22 06:41:58,247.4,0.1,-24.698495,-42.5288
MARCOS CAVALCANTI,2023-12-22 06:58:39,329.9,0.2,-24.698411,-42.528815
MARCOS CAVALCANTI,2023-12-22 07:01:39,180.1,0.2,-24.698455,-42.528806
MARCOS CAVALCANTI,2023-12-22 07:05:20,336.2,0.3,-24.698471,-42.52879
MARCOS CAVALCANTI,2023-12-22 07:07:39,347.7,0.3,-24.698486,-42.52884
MARCOS CAVALCANTI,2023-12-22 07:13:39,164.8,0.1,-24.698553,-42.528768
MARCOS CAVALCANTI,2023-12-22 07:17:30,345.5,0.3,-24.698533,-42.528778
MARCOS CAVALCANTI,2023-12-22 07:38:19,346.2,0.5,-24.698308,-42.528846
MARCOS CAVALCANTI,2023-12-22 07:42:39,173.7,0.0,-24.698393,-42.528826
MARCOS CAVALCANTI,2023-12-22 07:53:19,355.2,0.1,-24.698471,-42.528816
MARCOS CAVALCANTI,2023-12-22 08:16:18,102.0,0.6,-24.69776,-42.52598
MARCOS CAVALCANTI,2023-12-22 08:20:09,96.4,0.7,-24.69764,-42.52529
MARCOS CAVALCANTI,2023-12-22 08:28:18,81.2,0.7,-24.697178,-42.52388
MARCOS CAVALCANTI,2023-12-22 08:51:58,55.8,0.6,-24.695583,-42.51992
MARCOS CAVALCANTI,2023-12-22 08:54:39,68.6,0.7,-24.695423,-42.519438
MARCOS CAVALCANTI,2023-12-22 09:00:50,84.2,0.7,-24.695051,-42.518391
MARCOS CAVALCANTI,2023-12-22 09:04:19,126.1,0.9,-24.69491,-42.5178
MARCOS CAVALCANTI,2023-12-22 09:23:49,50.0,0.4,-24.693796,-42.514565
MARCOS CAVALCANTI,2023-12-22 09:30:09,154.1,0.2,-24.693603,-42.514213
MARCOS CAVALCANTI,2023-12-22 09:32:39,178.1,0.1,-24.693541,-42.514213
MARCOS CAVALCANTI,2023-12-22 09:41:00,69.9,0.5,-24.693256,-42.514238
MARCOS CAVALCANTI,2023-12-22 10:04:20,110.0,1.1,-24.692743,-42.51232
MARCOS CAVALCANTI,2023-12-22 10:07:28,102.8,0.4,-24.692571,-42.511968
MARCOS CAVALCANTI,2023-12-22 10:10:49,37.0,0.4,-24.69242,-42.511638
MARCOS CAVALCANTI,2023-12-22 10:15:29,29.7,0.3,-24.692075,-42.511178
MARCOS CAVALCANTI,2023-12-22 11:12:59,183.3,0.4,-24.690513,-42.511348
MARCOS CAVALCANTI,2023-12-22 11:15:59,180.2,0.2,-24.690635,-42.51133
MARCOS CAVALCANTI,2023-12-22 11:16:09,343.7,0.3,-24.690638,-42.511331
MARCOS CAVALCANTI,2023-12-22 11:22:20,189.9,0.6,-24.690685,-42.511353
MARCOS CAVALCANTI,2023-12-22 11:25:38,189.5,1.5,-24.690466,-42.511371
MARCOS CAVALCANTI,2023-12-22 11:30:29,190.3,0.4,-24.690418,-42.511278
MARCOS CAVALCANTI,2023-12-22 11:30:38,190.8,0.8,-24.690408,-42.511278
MARCOS CAVALCANTI,2023-12-22 11:33:09,188.1,0.5,-24.690371,-42.51133
MARCOS CAVALCANTI,2023-12-22 11:34:09,4.3,0.7,-24.69041,-42.511306
MARCOS CAVALCANTI,2023-12-22 11:48:10,176.4,0.5,-24.690451,-42.511305
MARCOS CAVALCANTI,2023-12-22 11:59:18,204.7,0.8,-24.689923,-42.511231
MARCOS CAVALCANTI,2023-12-22 12:23:09,199.6,0.6,-24.690135,-42.511216
MARCOS CAVALCANTI,2023-12-22 12:36:39,168.5,0.3,-24.690646,-42.51134
MARCOS CAVALCANTI,2023-12-22 12:38:39,188.7,0.7,-24.690671,-42.511368
MARCOS CAVALCANTI,2023-12-22 12:47:30,187.5,0.5,-24.690448,-42.511323
MARCOS CAVALCANTI,2023-12-22 12:52:28,356.1,0.1,-24.690395,-42.511296
MARCOS CAVALCANTI,2023-12-22 12:52:49,352.7,0.2,-24.690376,-42.51127
MARCOS CAVALCANTI,2023-12-22 13:26:48,185.5,0.4,-24.690235,-42.511268
MARCOS CAVALCANTI,2023-12-22 13:30:19,1.3,0.7,-24.69025,-42.511338
MARCOS CAVALCANTI,2023-12-22 13:34:29,2.0,0.6,-24.690448,-42.511288
MARCOS CAVALCANTI,2023-12-22 14:07:09,358.3,0.7,-24.690358,-42.511296
MARCOS CAVALCANTI,2023-12-22 14:09:29,186.5,0.4,-24.690473,-42.511336
MARCOS CAVALCANTI,2023-12-22 14:20:19,44.2,0.1,-24.690698,-42.511376
MARCOS CAVALCANTI,2023-12-22 14:22:48,186.8,0.3,-24.690663,-42.511366
MARCOS CAVALCANTI,2023-12-22 14:42:59,193.7,0.7,-24.6908,-42.511375
MARCOS CAVALCANTI,2023-12-22 15:09:18,168.7,0.3,-24.690995,-42.51138
MARCOS CAVALCANTI,2023-12-22 15:11:39,345.6,0.1,-24.690896,-42.511378
MARCOS CAVALCANTI,2023-12-22 15:14:50,171.9,0.7,-24.690916,-42.511388
MARCOS CAVALCANTI,2023-12-22 15:16:39,359.8,0.5,-24.690885,-42.51136
MARCOS CAVALCANTI,2023-12-22 15:47:58,100.7,0.2,-24.69076,-42.511346
MARCOS CAVALCANTI,2023-12-22 15:53:00,359.2,0.3,-24.690653,-42.511381
MARCOS CAVALCANTI,2023-12-22 16:21:49,318.4,0.0,-24.69067,-42.51139
MARCOS CAVALCANTI,2023-12-22 16:26:29,2.4,0.3,-24.690708,-42.511396
MARCOS CAVALCANTI,2023-12-22 16:28:39,2.2,0.7,-24.690691,-42.511373
MARCOS CAVALCANTI,2023-12-22 16:42:17,230.2,0.2,-24.690768,-42.511415
MARCOS CAVALCANTI,2023-12-22 16:42:27,202.9,0.5,-24.690761,-42.511413
MARCOS CAVALCANTI,2023-12-22 16:42:57,339.0,0.3,-24.69074,-42.511428
MARCOS CAVALCANTI,2023-12-22 16:43:27,178.0,0.4,-24.690735,-42.511438
MARCOS CAVALCANTI,2023-12-22 16:44:07,354.3,0.1,-24.690718,-42.511443
MARCOS CAVALCANTI,2023-12-22 16:44:27,12.8,0.1,-24.690718,-42.511441
MARCOS CAVALCANTI,2023-12-22 16:44:37,19.6,0.1,-24.690718,-42.511436
MARCOS CAVALCANTI,2023-12-22 16:44:47,161.0,0.1,-24.69072,-42.511433
MARCOS CAVALCANTI,2023-12-22 16:45:17,18.4,0.6,-24.690693,-42.511403
MARCOS CAVALCANTI,2023-12-22 16:45:37,1.4,0.3,-24.690658,-42.511396
MARCOS CAVALCANTI,2023-12-22 16:47:28,182.7,0.3,-24.690576,-42.511386
MARCOS CAVALCANTI,2023-12-22 16:52:47,354.1,0.5,-24.69051,-42.511368
MARCOS CAVALCANTI,2023-12-22 17:05:40,177.3,0.3,-24.690835,-42.511415
MARCOS CAVALCANTI,2023-12-22 17:30:49,359.2,0.4,-24.690893,-42.511381
MARCOS CAVALCANTI,2023-12-22 17:33:20,207.0,0.2,-24.690828,-42.51139
MARCOS CAVALCANTI,2023-12-22 17:37:39,339.2,0.1,-24.690825,-42.511371
MARCOS CAVALCANTI,2023-12-22 17:50:49,10.3,0.2,-24.690815,-42.511375
MARCOS CAVALCANTI,2023-12-22 18:09:29,351.6,0.0,-24.690846,-42.511361
MARCOS CAVALCANTI,2023-12-22 18:18:17,355.0,0.0,-24.6908,-42.51137
MARCOS CAVALCANTI,2023-12-22 18:20:49,358.5,0.5,-24.690741,-42.511386
MARCOS CAVALCANTI,2023-12-22 18:21:38,351.2,0.1,-24.69074,-42.511388
MARCOS CAVALCANTI,2023-12-22 18:21:49,293.7,0.1,-24.690738,-42.511396
MARCOS CAVALCANTI,2023-12-22 18:23:49,358.0,0.9,-24.690721,-42.5114
MARCOS CAVALCANTI,2023-12-22 18:24:09,0.3,0.5,-24.690725,-42.5114
MARCOS CAVALCANTI,2023-12-22 18:27:09,7.1,0.1,-24.690646,-42.51138
MARCOS CAVALCANTI,2023-12-22 18:43:19,182.1,0.2,-24.690656,-42.511378
MARCOS CAVALCANTI,2023-12-22 19:15:09,346.4,0.5,-24.69089,-42.511421
MARCOS CAVALCANTI,2023-12-22 19:19:19,14.2,0.0,-24.690915,-42.511403
MARCOS CAVALCANTI,2023-12-22 19:21:39,348.8,0.0,-24.690831,-42.511368
MARCOS CAVALCANTI,2023-12-22 19:36:29,346.7,0.2,-24.69066,-42.51139
MARCOS CAVALCANTI,2023-12-22 20:02:18,17.1,0.3,-24.69061,-42.511343
MARCOS CAVALCANTI,2023-12-22 20:12:49,179.0,0.2,-24.690695,-42.511441
MARCOS CAVALCANTI,2023-12-22 20:23:39,171.7,0.2,-24.690531,-42.51141
MARCOS CAVALCANTI,2023-12-22 20:54:59,183.4,0.5,-24.690351,-42.511348
MARCOS CAVALCANTI,2023-12-22 21:00:58,317.8,0.1,-24.69026,-42.511325
MARCOS CAVALCANTI,2023-12-22 21:03:39,192.9,0.2,-24.690268,-42.511316
MARCOS CAVALCANTI,2023-12-22 21:13:39,180.3,0.3,-24.690436,-42.51135
MARCOS CAVALCANTI,2023-12-22 21:22:19,347.9,0.1,-24.69056,-42.511423
MARCOS CAVALCANTI,2023-12-22 21:56:19,10.2,0.0,-24.690443,-42.51135
MARCOS CAVALCANTI,2023-12-22 22:16:49,180.7,0.1,-24.690438,-42.511371
MARCOS CAVALCANTI,2023-12-22 22:48:09,188.7,0.2,-24.690626,-42.511365
MARCOS CAVALCANTI,2023-12-22 23:00:38,176.8,0.1,-24.690763,-42.511415
MARCOS CAVALCANTI,2023-12-22 23:03:38,9.7,0.0,-24.690725,-42.511396
MARCOS CAVALCANTI,2023-12-22 23:11:38,180.1,0.1,-24.690715,-42.51141
MARCOS CAVALCANTI,2023-12-22 23:54:30,196.5,0.3,-24.690675,-42.511406
MARCOS CAVALCANTI,2023-12-22 23:57:40,1.4,0.3,-24.690633,-42.511425
MARCOS CAVALCANTI,2023-12-23 00:23:19,5.1,0.1,-24.690811,-42.511406
MARCOS CAVALCANTI,2023-12-23 00:25:09,357.0,0.2,-24.6908,-42.511406
MARCOS CAVALCANTI,2023-12-23 00:27:39,347.9,0.5,-24.690765,-42.51145
MARCOS CAVALCANTI,2023-12-23 00:35:19,189.4,0.3,-24.690703,-42.511405
MARCOS CAVALCANTI,2023-12-23 00:36:09,216.4,0.1,-24.690706,-42.511435
MARCOS CAVALCANTI,2023-12-23 00:37:09,354.5,0.1,-24.690713,-42.511418
MARCOS CAVALCANTI,2023-12-23 00:37:19,359.1,0.1,-24.690716,-42.511418
MARCOS CAVALCANTI,2023-12-23 00:43:50,183.3,0.2,-24.690688,-42.511386
MARCOS CAVALCANTI,2023-12-23 00:46:09,177.4,0.6,-24.690635,-42.511396
MARCOS CAVALCANTI,2023-12-23 00:46:59,353.6,0.1,-24.690635,-42.511403
MARCOS CAVALCANTI,2023-12-23 00:48:28,184.2,0.6,-24.6906,-42.511353
MARCOS CAVALCANTI,2023-12-23 00:48:48,191.8,0.4,-24.690586,-42.511356
MARCOS CAVALCANTI,2023-12-23 00:49:18,348.1,0.1,-24.690571,-42.51136
MARCOS CAVALCANTI,2023-12-23 00:49:59,278.4,0.1,-24.690548,-42.51135
MARCOS CAVALCANTI,2023-12-23 00:50:18,289.8,0.1,-24.690553,-42.511351
MARCOS CAVALCANTI,2023-12-23 00:55:09,178.4,0.3,-24.690645,-42.511375
MARCOS CAVALCANTI,2023-12-23 00:55:10,178.4,0.3,-24.690645,-42.511375
MARCOS CAVALCANTI,2023-12-23 01:02:28,177.9,0.2,-24.690731,-42.51135
MARCOS CAVALCANTI,2023-12-23 01:04:40,181.9,0.4,-24.690733,-42.511363
MARCOS CAVALCANTI,2023-12-23 01:07:00,215.3,0.1,-24.690766,-42.511391
MARCOS CAVALCANTI,2023-12-23 01:21:50,173.2,0.4,-24.69091,-42.511395
MARCOS CAVALCANTI,2023-12-23 01:33:49,175.2,0.1,-24.690855,-42.5114
MARCOS CAVALCANTI,2023-12-23 01:36:39,356.6,0.2,-24.69086,-42.511425
MARCOS CAVALCANTI,2023-12-23 01:39:50,176.0,0.1,-24.690885,-42.511408
MARCOS CAVALCANTI,2023-12-23 02:12:39,123.5,0.2,-24.690936,-42.511398
MARCOS CAVALCANTI,2023-12-23 02:15:39,0.3,0.3,-24.690901,-42.511406
MARCOS CAVALCANTI,2023-12-23 02:16:19,173.2,0.1,-24.690893,-42.511411
MARCOS CAVALCANTI,2023-12-23 02:19:30,159.2,0.4,-24.690898,-42.511435
MARCOS CAVALCANTI,2023-12-23 02:45:09,357.9,0.2,-24.691053,-42.511468
MARCOS CAVALCANTI,2023-12-23 02:47:59,11.6,0.1,-24.691036,-42.511425
MARCOS CAVALCANTI,2023-12-23 02:50:19,353.0,0.2,-24.691061,-42.511458
MARCOS CAVALCANTI,2023-12-23 03:25:59,171.8,0.0,-24.691456,-42.511396
MARCOS CAVALCANTI,2023-12-23 03:35:16,354.2,0.6,-24.691521,-42.51136
MARCOS CAVALCANTI,2023-12-23 03:35:36,168.3,0.1,-24.691526,-42.511361
MARCOS CAVALCANTI,2023-12-23 03:35:47,159.1,0.3,-24.691526,-42.511363
MARCOS CAVALCANTI,2023-12-23 03:36:36,175.3,0.5,-24.691525,-42.511343
MARCOS CAVALCANTI,2023-12-23 03:36:47,174.7,0.5,-24.691525,-42.511353
MARCOS CAVALCANTI,2023-12-23 03:36:57,192.3,0.5,-24.691518,-42.511363
MARCOS CAVALCANTI,2023-12-23 03:37:07,346.4,0.5,-24.691515,-42.511365
MARCOS CAVALCANTI,2023-12-23 03:37:36,357.7,0.4,-24.691528,-42.511363
MARCOS CAVALCANTI,2023-12-23 03:37:47,343.7,0.3,-24.69153,-42.511365
MARCOS CAVALCANTI,2023-12-23 03:58:59,171.3,0.6,-24.691606,-42.511363
MARCOS CAVALCANTI,2023-12-23 04:05:20,184.1,0.0,-24.691628,-42.51134
MARCOS CAVALCANTI,2023-12-23 04:46:50,171.6,0.2,-24.691848,-42.511316
MARCOS CAVALCANTI,2023-12-23 04:53:40,339.8,0.2,-24.691885,-42.51131
MARCOS CAVALCANTI,2023-12-23 05:07:06,166.3,0.3,-24.692006,-42.511263
MARCOS CAVALCANTI,2023-12-23 05:07:36,334.1,0.2,-24.692003,-42.511263
MARCOS CAVALCANTI,2023-12-23 05:08:06,157.8,0.3,-24.692,-42.511266
MARCOS CAVALCANTI,2023-12-23 05:09:26,169.4,0.4,-24.692003,-42.511275
MARCOS CAVALCANTI,2023-12-23 05:09:39,184.3,0.1,-24.692,-42.511278
MARCOS CAVALCANTI,2023-12-23 05:09:57,337.3,0.1,-24.692006,-42.511278
MARCOS CAVALCANTI,2023-12-23 05:10:36,173.3,0.1,-24.692026,-42.511285
MARCOS CAVALCANTI,2023-12-23 05:11:26,163.6,0.2,-24.692056,-42.511275
MARCOS CAVALCANTI,2023-12-23 05:11:36,140.4,0.2,-24.69206,-42.511271
MARCOS CAVALCANTI,2023-12-23 05:12:07,159.7,0.5,-24.692075,-42.511263
MARCOS CAVALCANTI,2023-12-23 05:13:07,184.6,0.3,-24.692086,-42.511253
MARCOS CAVALCANTI,2023-12-23 05:13:56,343.8,0.7,-24.692091,-42.511248
MARCOS CAVALCANTI,2023-12-23 05:14:36,164.9,0.2,-24.692121,-42.511238
MARCOS CAVALCANTI,2023-12-23 05:30:20,337.6,0.3,-24.692176,-42.511201
MARCOS CAVALCANTI,2023-12-23 05:34:19,170.3,0.7,-24.692191,-42.511201
MARCOS CAVALCANTI,2023-12-23 05:43:19,173.6,0.3,-24.69222,-42.511218
MARCOS CAVALCANTI,2023-12-23 05:46:39,338.5,0.4,-24.692165,-42.51116
MARCOS CAVALCANTI,2023-12-23 06:02:50,161.6,0.6,-24.69213,-42.511223
MARCOS CAVALCANTI,2023-12-23 06:08:38,160.2,0.3,-24.692096,-42.511241
MARCOS CAVALCANTI,2023-12-23 06:16:40,339.2,0.0,-24.6921,-42.51125
MARCOS CAVALCANTI,2023-12-23 06:17:38,324.8,0.2,-24.692081,-42.511256
MARCOS CAVALCANTI,2023-12-23 06:19:30,306.1,0.1,-24.692065,-42.51129
MARCOS CAVALCANTI,2023-12-23 06:19:38,319.7,0.0,-24.692068,-42.511291
MARCOS CAVALCANTI,2023-12-23 06:38:10,163.1,0.4,-24.692053,-42.51126
MARCOS CAVALCANTI,2023-12-23 06:42:19,3.7,0.1,-24.692086,-42.51126
MARCOS CAVALCANTI,2023-12-23 06:47:59,349.7,0.3,-24.69214,-42.511288
MARCOS CAVALCANTI,2023-12-23 07:08:40,342.3,0.2,-24.692011,-42.511281
MARCOS CAVALCANTI,2023-12-23 07:18:19,344.9,0.2,-24.692073,-42.511253
MARCOS CAVALCANTI,2023-12-23 07:21:09,338.4,0.0,-24.69209,-42.51125
MARCOS CAVALCANTI,2023-12-23 07:30:19,351.9,0.1,-24.692148,-42.511253
MARCOS CAVALCANTI,2023-12-23 07:46:19,162.9,0.5,-24.692223,-42.511218
MARCOS CAVALCANTI,2023-12-23 07:56:08,139.4,0.2,-24.692155,-42.511258
MARCOS CAVALCANTI,2023-12-23 07:59:10,182.3,0.2,-24.692143,-42.511283
MARCOS CAVALCANTI,2023-12-23 08:04:40,331.3,0.1,-24.692211,-42.51126
MARCOS CAVALCANTI,2023-12-23 08:38:59,160.0,0.1,-24.692458,-42.511155
MARCOS CAVALCANTI,2023-12-23 08:41:40,138.7,0.1,-24.69248,-42.511161
MARCOS CAVALCANTI,2023-12-23 08:58:29,352.6,0.1,-24.692675,-42.51104
MARCOS CAVALCANTI,2023-12-23 09:01:21,356.5,0.1,-24.692656,-42.51103
MARCOS CAVALCANTI,2023-12-23 09:08:19,155.8,0.5,-24.692666,-42.511013
MARCOS CAVALCANTI,2023-12-23 09:11:20,335.6,0.1,-24.692701,-42.511021
MARCOS CAVALCANTI,2023-12-23 09:13:29,336.4,0.5,-24.692706,-42.511003
MARCOS CAVALCANTI,2023-12-23 09:32:28,318.2,0.0,-24.692668,-42.511033
MARCOS CAVALCANTI,2023-12-23 09:35:38,328.7,0.3,-24.69265,-42.511036
MARCOS CAVALCANTI,2023-12-23 09:40:29,155.7,0.6,-24.69261,-42.51106
MARCOS CAVALCANTI,2023-12-23 09:42:19,166.7,0.1,-24.692601,-42.511058
MARCOS CAVALCANTI,2023-12-23 09:45:50,358.8,0.0,-24.69266,-42.511018
MARCOS CAVALCANTI,2023-12-23 09:50:29,6.1,0.2,-24.692615,-42.511005
MARCOS CAVALCANTI,2023-12-23 10:17:40,339.9,0.4,-24.692693,-42.510996
MARCOS CAVALCANTI,2023-12-23 10:24:30,338.2,0.1,-24.692678,-42.511
MARCOS CAVALCANTI,2023-12-23 10:47:30,340.6,0.1,-24.692418,-42.511141
MARCOS CAVALCANTI,2023-12-23 10:52:40,356.5,0.2,-24.692485,-42.511091
MARCOS CAVALCANTI,2023-12-23 10:56:29,201.0,0.1,-24.692441,-42.51111
MARCOS CAVALCANTI,2023-12-23 10:59:18,140.5,0.0,-24.692448,-42.511096
MARCOS CAVALCANTI,2023-12-23 11:10:59,243.9,0.4,-24.692353,-42.511396
MARCOS CAVALCANTI,2023-12-23 11:22:18,283.8,0.7,-24.692801,-42.512728
MARCOS CAVALCANTI,2023-12-23 11:22:29,288.7,0.5,-24.692796,-42.512758
MARCOS CAVALCANTI,2023-12-23 11:23:48,208.2,0.7,-24.692798,-42.512965
MARCOS CAVALCANTI,2023-12-23 11:27:29,246.6,0.6,-24.692923,-42.513508
MARCOS CAVALCANTI,2023-12-23 11:27:59,229.9,0.9,-24.692936,-42.513615
MARCOS CAVALCANTI,2023-12-23 11:28:20,267.2,0.7,-24.692938,-42.513688
MARCOS CAVALCANTI,2023-12-23 11:31:40,253.7,0.8,-24.692998,-42.514396
MARCOS CAVALCANTI,2023-12-23 11:31:50,248.5,0.8,-24.692995,-42.51443
MARCOS CAVALCANTI,2023-12-23 11:33:59,272.7,0.5,-24.692953,-42.514793
MARCOS CAVALCANTI,2023-12-23 11:37:40,287.2,0.7,-24.692891,-42.515498
MARCOS CAVALCANTI,2023-12-23 11:58:39,259.3,0.5,-24.69219,-42.519163
MARCOS CAVALCANTI,2023-12-23 11:59:39,258.6,0.5,-24.692145,-42.51931
MARCOS CAVALCANTI,2023-12-23 12:06:50,274.3,0.5,-24.692023,-42.520296
MARCOS CAVALCANTI,2023-12-23 12:20:17,285.4,0.7,-24.692193,-42.522416
MARCOS CAVALCANTI,2023-12-23 12:20:28,290.9,0.7,-24.692201,-42.52244
MARCOS CAVALCANTI,2023-12-23 12:24:39,252.7,0.6,-24.692341,-42.523091
MARCOS CAVALCANTI,2023-12-23 12:28:59,253.1,0.7,-24.692575,-42.523928
MARCOS CAVALCANTI,2023-12-23 12:31:28,246.8,0.5,-24.692683,-42.524306
MARCOS CAVALCANTI,2023-12-23 12:33:29,250.0,0.5,-24.692795,-42.524641
MARCOS CAVALCANTI,2023-12-23 12:40:49,239.8,0.6,-24.693206,-42.525975
MARCOS CAVALCANTI,2023-12-23 12:41:49,249.6,0.7,-24.693265,-42.526178
MARCOS CAVALCANTI,2023-12-23 12:43:49,239.8,0.8,-24.693461,-42.526565
MARCOS CAVALCANTI,2023-12-23 12:44:08,238.9,0.8,-24.6935,-42.526636
MARCOS CAVALCANTI,2023-12-23 12:45:28,239.7,0.7,-24.693638,-42.526925
MARCOS CAVALCANTI,2023-12-23 12:46:28,235.0,0.7,-24.693746,-42.527125
MARCOS CAVALCANTI,2023-12-23 13:08:48,214.9,0.3,-24.695248,-42.528756
MARCOS CAVALCANTI,2023-12-23 13:12:19,180.7,0.1,-24.69528,-42.528825
MARCOS CAVALCANTI,2023-12-23 13:15:49,102.4,0.1,-24.695273,-42.528811
MARCOS CAVALCANTI,2023-12-23 13:25:59,170.6,0.1,-24.695351,-42.528823
MARCOS CAVALCANTI,2023-12-23 13:42:59,191.1,0.2,-24.695388,-42.528846
MARCOS CAVALCANTI,2023-12-23 13:45:00,208.3,0.1,-24.695431,-42.52882
MARCOS CAVALCANTI,2023-12-23 14:16:49,159.1,0.2,-24.695923,-42.530075
MARCOS CAVALCANTI,2023-12-23 14:44:29,256.1,0.5,-24.697315,-42.529736
MARCOS CAVALCANTI,2023-12-23 14:47:28,236.5,0.5,-24.697435,-42.53019
MARCOS CAVALCANTI,2023-12-23 14:52:09,292.8,0.2,-24.697605,-42.530713
MARCOS CAVALCANTI,2023-12-23 14:57:39,162.1,0.2,-24.697886,-42.530696
MARCOS CAVALCANTI,2023-12-23 15:02:29,157.0,0.3,-24.698175,-42.530373
MARCOS CAVALCANTI,2023-12-23 15:08:20,202.4,0.3,-24.698483,-42.530035
MARCOS CAVALCANTI,2023-12-23 16:00:19,119.1,0.6,-24.702708,-42.52663
MARCOS CAVALCANTI,2023-12-23 16:03:49,133.1,0.5,-24.703013,-42.526095
MARCOS CAVALCANTI,2023-12-23 16:32:19,228.8,0.3,-24.705591,-42.52445
MARCOS CAVALCANTI,2023-12-23 16:36:48,270.3,0.7,-24.705943,-42.525106
MARCOS CAVALCANTI,2023-12-23 16:50:19,234.0,0.7,-24.707095,-42.527758
MARCOS CAVALCANTI,2023-12-23 16:52:29,237.4,0.9,-24.707275,-42.528286
MARCOS CAVALCANTI,2023-12-23 16:59:07,216.0,0.8,-24.707988,-42.529753
MARCOS CAVALCANTI,2023-12-23 17:00:07,251.9,0.7,-24.708081,-42.529966
MARCOS CAVALCANTI,2023-12-23 17:01:07,239.2,0.9,-24.708181,-42.530186
MARCOS CAVALCANTI,2023-12-23 17:02:47,238.1,0.8,-24.708341,-42.530555
MARCOS CAVALCANTI,2023-12-23 17:02:56,245.0,0.9,-24.708348,-42.530591
MARCOS CAVALCANTI,2023-12-23 17:03:58,253.1,0.7,-24.70844,-42.530828
MARCOS CAVALCANTI,2023-12-23 17:04:56,227.4,1.1,-24.7085,-42.531015
MARCOS CAVALCANTI,2023-12-23 17:05:47,261.8,0.7,-24.708561,-42.53122
MARCOS CAVALCANTI,2023-12-23 17:06:29,257.3,0.7,-24.708626,-42.531378
MARCOS CAVALCANTI,2023-12-23 17:06:56,246.7,0.8,-24.708656,-42.531486
MARCOS CAVALCANTI,2023-12-23 17:07:56,247.3,0.9,-24.708735,-42.531743
MARCOS CAVALCANTI,2023-12-23 17:09:29,247.6,0.9,-24.708858,-42.532133
MARCOS CAVALCANTI,2023-12-23 17:09:36,243.5,0.9,-24.70887,-42.532168
MARCOS CAVALCANTI,2023-12-23 17:12:09,260.7,1.1,-24.709015,-42.532835
MARCOS CAVALCANTI,2023-12-23 17:14:19,261.4,0.7,-24.70915,-42.533376
MARCOS CAVALCANTI,2023-12-23 17:20:40,247.0,0.7,-24.709585,-42.534853
MARCOS CAVALCANTI,2023-12-23 17:44:19,299.5,4.8,-24.702031,-42.546726
MARCOS CAVALCANTI,2023-12-23 17:47:18,295.5,5.9,-24.70016,-42.55105
MARCOS CAVALCANTI,2023-12-23 18:16:50,297.8,11.5,-24.66511,-42.624595
MARCOS CAVALCANTI,2023-12-23 18:37:48,294.2,12.3,-24.633498,-42.693758
MARCOS CAVALCANTI,2023-12-23 18:37:49,294.2,12.3,-24.633498,-42.693758
MARCOS CAVALCANTI,2023-12-23 18:39:09,295.5,12.4,-24.631453,-42.698368
MARCOS CAVALCANTI,2023-12-23 18:41:27,294.0,12.1,-24.628108,-42.706321
MARCOS CAVALCANTI,2023-12-23 19:00:00,293.9,12.5,-24.602281,-42.770218
MARCOS CAVALCANTI,2023-12-23 19:02:09,294.9,12.5,-24.599186,-42.777705
MARCOS CAVALCANTI,2023-12-23 19:04:40,293.4,12.5,-24.595551,-42.786355
MARCOS CAVALCANTI,2023-12-23 19:09:30,305.6,12.5,-24.58643,-42.801723
MARCOS CAVALCANTI,2023-12-23 19:29:59,302.1,12.7,-24.546306,-42.866918
MARCOS CAVALCANTI,2023-12-23 19:55:39,309.0,12.6,-24.489421,-42.94269
MARCOS CAVALCANTI,2023-12-23 20:02:10,309.6,12.5,-24.474885,-42.961886
MARCOS CAVALCANTI,2023-12-23 20:05:10,308.5,12.5,-24.468346,-42.970671
MARCOS CAVALCANTI,2023-12-23 20:17:49,309.4,12.4,-24.440513,-43.007876
MARCOS CAVALCANTI,2023-12-23 20:21:59,308.8,12.4,-24.431445,-43.020205
MARCOS CAVALCANTI,2023-12-23 21:09:30,308.8,12.5,-24.327796,-43.162275
MARCOS CAVALCANTI,2023-12-23 21:11:39,308.6,12.5,-24.323088,-43.16862
MARCOS CAVALCANTI,2023-12-23 21:46:29,307.2,12.3,-24.248561,-43.273108
MARCOS CAVALCANTI,2023-12-23 21:58:19,305.7,12.3,-24.224171,-43.308841
MARCOS CAVALCANTI,2023-12-23 22:00:59,310.2,12.3,-24.21842,-43.31664
MARCOS CAVALCANTI,2023-12-23 22:05:49,307.4,12.4,-24.207873,-43.330531
MARCOS CAVALCANTI,2023-12-23 22:52:59,312.4,12.0,-24.104965,-43.46645
MARCOS CAVALCANTI,2023-12-23 23:27:19,316.7,12.2,-24.022168,-43.55755
MARCOS CAVALCANTI,2023-12-23 23:45:49,316.6,12.1,-23.976835,-43.603968
MARCOS CAVALCANTI,2023-12-24 00:27:28,288.1,8.4,-23.887083,-43.718228
MARCOS CAVALCANTI,2023-12-24 00:27:38,287.7,8.2,-23.886973,-43.71858
MARCOS CAVALCANTI,2023-12-24 00:35:20,199.3,3.6,-23.891213,-43.729375
MARCOS CAVALCANTI,2023-12-24 00:38:00,175.6,2.9,-23.893561,-43.729693
MARCOS CAVALCANTI,2023-12-24 00:40:29,153.2,2.3,-23.895211,-43.72918
MARCOS CAVALCANTI,2023-12-24 00:45:20,117.6,1.5,-23.896971,-43.727323
MARCOS CAVALCANTI,2023-12-24 01:04:09,89.3,0.4,-23.897821,-43.722108
MARCOS CAVALCANTI,2023-12-24 01:09:18,22.1,0.4,-23.897678,-43.72177
MARCOS CAVALCANTI,2023-12-24 01:13:09,91.9,0.2,-23.897485,-43.72162
MARCOS CAVALCANTI,2023-12-24 01:13:19,110.8,0.3,-23.897485,-43.721606
MARCOS CAVALCANTI,2023-12-24 01:19:19,97.5,1.5,-23.897766,-43.719833
MARCOS CAVALCANTI,2023-12-24 01:47:59,305.9,4.0,-23.88491,-43.715785
MARCOS CAVALCANTI,2023-12-24 01:52:00,314.2,4.4,-23.88178,-43.719783
MARCOS CAVALCANTI,2023-12-24 01:59:59,304.6,4.7,-23.874273,-43.727855
MARCOS CAVALCANTI,2023-12-24 02:04:59,268.1,4.7,-23.872861,-43.734726
MARCOS CAVALCANTI,2023-12-24 02:17:39,323.8,4.9,-23.865886,-43.75034
MARCOS CAVALCANTI,2023-12-24 02:49:28,306.6,12.1,-23.812401,-43.810961
MARCOS CAVALCANTI,2023-12-24 03:02:09,306.9,12.6,-23.785913,-43.849083
MARCOS CAVALCANTI,2023-12-24 03:27:40,306.8,12.7,-23.731768,-43.927356
MARCOS CAVALCANTI,2023-12-24 03:32:59,309.2,12.7,-23.720233,-43.94348
MARCOS CAVALCANTI,2023-12-24 03:45:49,307.4,12.6,-23.692321,-43.982128
MARCOS CAVALCANTI,2023-12-24 03:49:49,308.7,12.6,-23.683706,-43.99405
MARCOS CAVALCANTI,2023-12-24 03:53:39,307.9,12.6,-23.67544,-44.00549
MARCOS CAVALCANTI,2023-12-24 03:54:29,308.5,12.5,-23.673648,-44.007983
MARCOS CAVALCANTI,2023-12-24 03:56:58,307.6,12.6,-23.668321,-44.015425
MARCOS CAVALCANTI,2023-12-24 03:59:39,308.0,12.6,-23.66257,-44.023476
MARCOS CAVALCANTI,2023-12-24 04:47:40,311.1,12.6,-23.557481,-44.16536
MARCOS CAVALCANTI,2023-12-24 05:06:39,311.7,12.5,-23.513763,-44.219573
MARCOS CAVALCANTI,2023-12-24 05:09:20,311.4,12.4,-23.507608,-44.22708
MARCOS CAVALCANTI,2023-12-24 05:21:58,310.5,12.3,-23.478383,-44.262346
MARCOS CAVALCANTI,2023-12-24 05:22:29,311.1,12.3,-23.477218,-44.263803
MARCOS CAVALCANTI,2023-12-24 05:24:38,313.1,12.3,-23.472218,-44.26973
MARCOS CAVALCANTI,2023-12-24 05:33:40,312.2,12.2,-23.451896,-44.29427
MARCOS CAVALCANTI,2023-12-24 05:37:59,310.8,12.2,-23.4422,-44.306043
MARCOS CAVALCANTI,2023-12-24 05:40:09,312.1,12.0,-23.437351,-44.311993
MARCOS CAVALCANTI,2023-12-24 05:52:59,312.4,12.1,-23.408043,-44.346433
MARCOS CAVALCANTI,2023-12-24 06:15:20,320.0,11.9,-23.355811,-44.404703
MARCOS CAVALCANTI,2023-12-24 06:18:20,325.4,11.8,-23.347978,-44.411271
MARCOS CAVALCANTI,2023-12-24 06:22:10,328.7,11.6,-23.337636,-44.419111
MARCOS CAVALCANTI,2023-12-24 06:29:10,344.1,11.6,-23.316278,-44.42553
MARCOS CAVALCANTI,2023-12-24 06:44:27,347.2,11.4,-23.267923,-44.438778
MARCOS CAVALCANTI,2023-12-24 06:45:10,347.2,11.2,-23.265938,-44.439265
MARCOS CAVALCANTI,2023-12-24 06:46:06,344.7,11.0,-23.262925,-44.440078
MARCOS CAVALCANTI,2023-12-24 06:46:45,343.9,10.9,-23.261023,-44.440666
MARCOS CAVALCANTI,2023-12-24 06:47:20,344.1,10.8,-23.25944,-44.441171
MARCOS CAVALCANTI,2023-12-24 06:47:37,343.8,10.8,-23.25853,-44.441456
MARCOS CAVALCANTI,2023-12-24 06:47:57,344.3,10.7,-23.257575,-44.441741
MARCOS CAVALCANTI,2023-12-24 06:48:45,345.8,10.6,-23.255211,-44.442391
MARCOS CAVALCANTI,2023-12-24 06:49:06,346.6,10.6,-23.254205,-44.442646
MARCOS CAVALCANTI,2023-12-24 06:52:20,346.9,10.2,-23.245218,-44.444636
MARCOS CAVALCANTI,2023-12-24 06:55:49,11.6,7.7,-23.236605,-44.446766
MARCOS CAVALCANTI,2023-12-24 06:58:10,35.2,6.8,-23.232568,-44.444435
MARCOS CAVALCANTI,2023-12-24 07:18:48,358.2,4.7,-23.204323,-44.450115
MARCOS CAVALCANTI,2023-12-24 07:23:19,336.6,3.9,-23.199043,-44.451071
MARCOS CAVALCANTI,2023-12-24 07:41:49,353.0,2.3,-23.183931,-44.454543
MARCOS CAVALCANTI,2023-12-24 08:00:29,4.6,1.4,-23.174123,-44.455185
MARCOS CAVALCANTI,2023-12-24 08:05:59,352.3,1.5,-23.172078,-44.455365
MARCOS CAVALCANTI,2023-12-24 08:44:19,324.8,1.7,-23.154011,-44.466331
MARCOS CAVALCANTI,2023-12-24 08:47:20,318.8,1.0,-23.153145,-44.467126
MARCOS CAVALCANTI,2023-12-24 09:04:18,124.4,0.3,-23.151465,-44.468943
MARCOS CAVALCANTI,2023-12-24 11:02:56,306.0,0.1,-23.148091,-44.468788
MARCOS CAVALCANTI,2023-12-24 11:05:56,299.1,0.2,-23.148015,-44.468906
MARCOS CAVALCANTI,2023-12-24 15:08:57,279.8,0.1,-23.14788,-44.471041
MARCOS CAVALCANTI,2023-12-24 15:38:56,244.3,0.1,-23.147531,-44.470963
MARCOS CAVALCANTI,2023-12-24 18:56:56,10.1,0.1,-23.148183,-44.471821
MARCOS CAVALCANTI,2023-12-24 20:50:57,109.4,0.0,-23.147693,-44.47099
MARCOS CAVALCANTI,2023-12-24 21:05:57,52.3,0.0,-23.14769,-44.470833
MARCOS CAVALCANTI,2023-12-25 00:43:12,85.7,8.5,-23.15037,-44.446343
MARCOS CAVALCANTI,2023-12-25 00:46:24,85.9,9.7,-23.149691,-44.437581
MARCOS CAVALCANTI,2023-12-25 00:49:12,85.3,10.4,-23.149065,-44.429078
MARCOS CAVALCANTI,2023-12-25 00:49:44,85.9,10.4,-23.148935,-44.427406
MARCOS CAVALCANTI,2023-12-25 00:53:13,82.0,10.9,-23.148118,-44.416163
MARCOS CAVALCANTI,2023-12-25 01:27:13,67.4,11.8,-23.100156,-44.3138
MARCOS CAVALCANTI,2023-12-25 01:53:52,52.6,6.0,-23.071101,-44.24363
MARCOS CAVALCANTI,2023-12-25 01:53:53,52.6,6.0,-23.071101,-44.24363
MARCOS CAVALCANTI,2023-12-25 01:57:54,60.9,3.3,-23.068041,-44.238816
MARCOS CAVALCANTI,2023-12-25 02:04:53,55.7,1.9,-23.06623,-44.23501
MARCOS CAVALCANTI,2023-12-25 02:07:03,71.1,1.8,-23.065793,-44.233878
MARCOS CAVALCANTI,2023-12-25 09:55:53,66.1,0.0,-23.061493,-44.229463
MARCOS CAVALCANTI,2023-12-25 10:03:52,87.4,0.5,-23.061735,-44.229488
MARCOS CAVALCANTI,2023-12-25 10:06:12,129.4,1.2,-23.062096,-44.228981
MARCOS CAVALCANTI,2023-12-25 10:10:02,149.7,1.4,-23.063165,-44.228006
MARCOS CAVALCANTI,2023-12-25 10:35:42,264.5,10.2,-23.08484,-44.26968
MARCOS CAVALCANTI,2023-12-25 11:42:52,181.5,11.7,-23.212123,-44.423411
MARCOS CAVALCANTI,2023-12-25 11:45:33,182.0,11.8,-23.220961,-44.423723
MARCOS CAVALCANTI,2023-12-25 11:46:33,182.1,11.8,-23.224175,-44.423893
MARCOS CAVALCANTI,2023-12-25 12:08:22,114.7,11.6,-23.275138,-44.383345
MARCOS CAVALCANTI,2023-12-25 12:15:21,114.0,11.9,-23.284708,-44.36078
MARCOS CAVALCANTI,2023-12-25 12:25:52,107.0,11.6,-23.298793,-44.32634
MARCOS CAVALCANTI,2023-12-25 12:29:22,87.0,11.5,-23.299283,-44.314343
MARCOS CAVALCANTI,2023-12-25 12:30:01,88.9,11.5,-23.29921,-44.312035
MARCOS CAVALCANTI,2023-12-25 12:31:11,88.5,11.5,-23.299155,-44.30801
MARCOS CAVALCANTI,2023-12-25 12:58:12,82.8,11.7,-23.29483,-44.21264
MARCOS CAVALCANTI,2023-12-25 13:00:31,82.8,11.7,-23.293908,-44.204453
MARCOS CAVALCANTI,2023-12-25 13:11:32,83.1,11.6,-23.289701,-44.16603
MARCOS CAVALCANTI,2023-12-25 13:31:02,83.6,11.8,-23.282316,-44.097703
MARCOS CAVALCANTI,2023-12-25 13:49:21,83.5,11.8,-23.275003,-44.032895
MARCOS CAVALCANTI,2023-12-25 13:54:33,83.1,11.8,-23.272918,-44.01459
MARCOS CAVALCANTI,2023-12-25 13:58:31,82.2,11.8,-23.27122,-44.000635
MARCOS CAVALCANTI,2023-12-25 14:02:32,81.6,11.7,-23.26952,-43.98644
MARCOS CAVALCANTI,2023-12-25 14:04:41,82.5,11.7,-23.268603,-43.978956
MARCOS CAVALCANTI,2023-12-25 14:07:22,82.3,11.7,-23.26747,-43.96951
MARCOS CAVALCANTI,2023-12-25 14:35:01,82.2,11.9,-23.255775,-43.871798
MARCOS CAVALCANTI,2023-12-25 14:37:53,83.1,11.9,-23.25454,-43.861661
MARCOS CAVALCANTI,2023-12-25 14:51:41,82.7,11.9,-23.248558,-43.81244
MARCOS CAVALCANTI,2023-12-25 15:09:33,81.7,11.9,-23.24103,-43.748798
MARCOS CAVALCANTI,2023-12-25 15:13:52,82.5,11.9,-23.239206,-43.733443
MARCOS CAVALCANTI,2023-12-25 15:19:12,81.7,12.0,-23.236935,-43.714291
MARCOS CAVALCANTI,2023-12-25 15:44:22,82.8,12.2,-23.226505,-43.623035
MARCOS CAVALCANTI,2023-12-25 15:48:11,83.0,12.2,-23.224908,-43.609106
MARCOS CAVALCANTI,2023-12-25 15:50:12,82.6,12.2,-23.224108,-43.601895
MARCOS CAVALCANTI,2023-12-25 16:19:23,82.2,12.2,-23.21204,-43.494955
MARCOS CAVALCANTI,2023-12-25 16:22:22,83.2,12.2,-23.210831,-43.484036
MARCOS CAVALCANTI,2023-12-25 16:24:42,82.9,12.2,-23.209876,-43.475505
MARCOS CAVALCANTI,2023-12-25 16:27:23,83.2,12.2,-23.20877,-43.46565
MARCOS CAVALCANTI,2023-12-25 17:07:32,85.7,12.3,-23.192758,-43.317323
MARCOS CAVALCANTI,2023-12-25 17:10:13,85.5,12.3,-23.192093,-43.307383
MARCOS CAVALCANTI,2023-12-25 17:30:02,83.6,12.2,-23.18676,-43.233988
MARCOS CAVALCANTI,2023-12-25 18:00:53,83.1,11.8,-23.174226,-43.123295
MARCOS CAVALCANTI,2023-12-25 18:02:27,83.0,11.8,-23.173558,-43.117396
MARCOS CAVALCANTI,2023-12-25 18:03:12,81.8,11.9,-23.173293,-43.11507
MARCOS CAVALCANTI,2023-12-25 18:04:07,82.3,11.8,-23.172865,-43.111525
MARCOS CAVALCANTI,2023-12-25 18:06:52,81.7,11.9,-23.17177,-43.10211
MARCOS CAVALCANTI,2023-12-25 18:23:11,81.9,12.0,-23.16435,-43.043856
MARCOS CAVALCANTI,2023-12-25 18:46:02,85.4,12.2,-23.155275,-42.960613
MARCOS CAVALCANTI,2023-12-25 18:56:22,85.0,11.9,-23.151648,-42.923231
MARCOS CAVALCANTI,2023-12-25 19:00:03,85.1,11.8,-23.150545,-42.910125
MARCOS CAVALCANTI,2023-12-25 19:14:21,92.4,11.5,-23.149055,-42.860078
MARCOS CAVALCANTI,2023-12-25 19:16:42,91.1,11.5,-23.14924,-42.852028
MARCOS CAVALCANTI,2023-12-25 19:46:02,90.6,11.3,-23.151721,-42.751058
MARCOS CAVALCANTI,2023-12-25 19:51:22,89.8,11.4,-23.151935,-42.732905
MARCOS CAVALCANTI,2023-12-25 20:02:41,91.6,11.3,-23.152503,-42.694013
MARCOS CAVALCANTI,2023-12-25 20:07:42,89.5,11.3,-23.152861,-42.676958
MARCOS CAVALCANTI,2023-12-25 20:10:51,80.1,11.2,-23.151713,-42.666425
MARCOS CAVALCANTI,2023-12-25 20:53:23,90.7,11.4,-23.135956,-42.522856
MARCOS CAVALCANTI,2023-12-25 20:58:22,90.9,11.4,-23.136291,-42.505778
MARCOS CAVALCANTI,2023-12-25 21:01:12,92.0,11.4,-23.136461,-42.495963
MARCOS CAVALCANTI,2023-12-25 21:03:42,90.7,11.4,-23.136645,-42.487413
MARCOS CAVALCANTI,2023-12-25 21:50:53,88.7,11.4,-23.146451,-42.324643
MARCOS CAVALCANTI,2023-12-25 21:53:32,89.9,11.5,-23.146296,-42.315466
MARCOS CAVALCANTI,2023-12-25 22:43:12,89.3,11.5,-23.143235,-42.142895
MARCOS CAVALCANTI,2023-12-25 23:12:03,89.5,11.7,-23.142508,-42.041871
MARCOS CAVALCANTI,2023-12-25 23:15:43,89.9,11.7,-23.142431,-42.028925
MARCOS CAVALCANTI,2023-12-25 23:20:42,90.0,11.7,-23.142298,-42.011396
MARCOS CAVALCANTI,2023-12-25 23:34:23,89.2,11.7,-23.141798,-41.96329
MARCOS CAVALCANTI,2023-12-25 23:44:53,89.6,11.9,-23.141478,-41.926033
MARCOS CAVALCANTI,2023-12-25 23:48:31,90.0,11.9,-23.14142,-41.912938
MARCOS CAVALCANTI,2023-12-25 23:51:12,89.6,12.0,-23.141466,-41.903355
MARCOS CAVALCANTI,2023-12-25 23:54:03,88.4,12.0,-23.141256,-41.893081
MARCOS CAVALCANTI,2023-12-26 00:12:11,88.1,12.0,-23.14025,-41.82714
MARCOS CAVALCANTI,2023-12-26 00:13:32,88.7,12.1,-23.140116,-41.822266
MARCOS CAVALCANTI,2023-12-26 00:28:51,51.9,11.7,-23.126803,-41.772198
MARCOS CAVALCANTI,2023-12-26 00:56:12,50.8,11.8,-23.070213,-41.696018
MARCOS CAVALCANTI,2023-12-26 01:05:03,50.7,11.8,-23.051383,-41.67203
MARCOS CAVALCANTI,2023-12-26 01:29:52,48.7,11.7,-22.99788,-41.605656
MARCOS CAVALCANTI,2023-12-26 01:32:51,49.4,11.8,-22.991375,-41.597626
MARCOS CAVALCANTI,2023-12-26 01:39:51,49.0,11.8,-22.976326,-41.57898
MARCOS CAVALCANTI,2023-12-26 01:57:52,51.0,11.6,-22.938318,-41.530521
MARCOS CAVALCANTI,2023-12-26 02:00:01,51.2,11.5,-22.933958,-41.524683
MARCOS CAVALCANTI,2023-12-26 02:14:13,51.3,11.4,-22.905463,-41.486668
MARCOS CAVALCANTI,2023-12-26 02:47:32,51.4,11.1,-22.839673,-41.399231
MARCOS CAVALCANTI,2023-12-26 02:50:12,52.4,11.1,-22.834501,-41.392306
MARCOS CAVALCANTI,2023-12-26 03:17:31,50.1,11.0,-22.781896,-41.321468
MARCOS CAVALCANTI,2023-12-26 03:42:13,49.2,11.1,-22.732901,-41.258433
MARCOS CAVALCANTI,2023-12-26 04:23:22,50.5,11.4,-22.651505,-41.150388
MARCOS CAVALCANTI,2023-12-26 04:30:12,51.0,11.4,-22.637796,-41.132263
MARCOS CAVALCANTI,2023-12-26 04:35:33,51.3,11.4,-22.627071,-41.117951
MARCOS CAVALCANTI,2023-12-26 04:49:13,50.8,11.4,-22.599718,-41.081521
MARCOS CAVALCANTI,2023-12-26 04:54:43,51.2,11.5,-22.588711,-41.066895
MARCOS CAVALCANTI,2023-12-26 04:58:13,50.5,11.4,-22.581751,-41.057591
MARCOS CAVALCANTI,2023-12-26 05:00:43,50.9,11.4,-22.576756,-41.050886
MARCOS CAVALCANTI,2023-12-26 05:23:52,50.2,11.3,-22.530688,-40.989895
MARCOS CAVALCANTI,2023-12-26 05:27:32,49.8,11.3,-22.523466,-40.980308
MARCOS CAVALCANTI,2023-12-26 05:28:12,51.0,11.3,-22.522108,-40.978505
MARCOS CAVALCANTI,2023-12-26 05:31:02,51.2,11.3,-22.516505,-40.971141
MARCOS CAVALCANTI,2023-12-26 05:34:52,53.5,11.3,-22.5091,-40.960821
MARCOS CAVALCANTI,2023-12-26 05:56:20,52.4,11.3,-22.468358,-40.902453
MARCOS CAVALCANTI,2023-12-26 06:01:33,52.9,11.4,-22.458423,-40.888271
MARCOS CAVALCANTI,2023-12-26 06:09:42,53.4,11.4,-22.443135,-40.866005
MARCOS CAVALCANTI,2023-12-26 06:15:51,53.1,11.4,-22.431238,-40.849035
MARCOS CAVALCANTI,2023-12-26 06:18:12,53.8,11.4,-22.426813,-40.842635
MARCOS CAVALCANTI,2023-12-26 06:39:03,50.6,11.4,-22.386458,-40.785925
MARCOS CAVALCANTI,2023-12-26 06:45:02,50.8,11.5,-22.374443,-40.769863
MARCOS CAVALCANTI,2023-12-26 06:54:01,50.7,11.6,-22.35621,-40.745638
MARCOS CAVALCANTI,2023-12-26 07:10:12,51.7,11.7,-22.323315,-40.701883
MARCOS CAVALCANTI,2023-12-26 07:13:33,51.0,11.8,-22.316441,-40.692676
MARCOS CAVALCANTI,2023-12-26 07:17:53,50.9,11.8,-22.307476,-40.68074
MARCOS CAVALCANTI,2023-12-26 07:30:03,50.4,11.8,-22.282335,-40.647326
MARCOS CAVALCANTI,2023-12-26 07:47:02,50.3,11.7,-22.247485,-40.60071
MARCOS CAVALCANTI,2023-12-26 07:54:32,51.6,11.7,-22.232293,-40.58019
MARCOS CAVALCANTI,2023-12-26 07:59:02,51.0,11.7,-22.223155,-40.567828
MARCOS CAVALCANTI,2023-12-26 08:01:23,51.8,11.6,-22.218423,-40.561438
MARCOS CAVALCANTI,2023-12-26 08:03:42,51.4,11.6,-22.21375,-40.555208
MARCOS CAVALCANTI,2023-12-26 08:30:21,49.0,11.4,-22.159026,-40.484
MARCOS CAVALCANTI,2023-12-26 08:33:03,49.2,11.5,-22.153446,-40.476925
MARCOS CAVALCANTI,2023-12-26 08:36:32,50.0,11.5,-22.146238,-40.467758
MARCOS CAVALCANTI,2023-12-26 09:04:52,51.8,11.5,-22.088386,-40.391728
MARCOS CAVALCANTI,2023-12-26 09:08:52,51.0,11.5,-22.080338,-40.381026
MARCOS CAVALCANTI,2023-12-26 09:14:12,50.9,11.5,-22.069518,-40.366785
MARCOS CAVALCANTI,2023-12-26 09:16:31,51.0,11.6,-22.064878,-40.360595
MARCOS CAVALCANTI,2023-12-26 09:41:13,52.4,11.7,-22.015808,-40.293131
MARCOS CAVALCANTI,2023-12-26 09:46:02,53.3,11.8,-22.006238,-40.279683
MARCOS CAVALCANTI,2023-12-26 09:48:22,51.8,11.7,-22.001651,-40.273236
MARCOS CAVALCANTI,2023-12-26 10:15:02,53.1,11.8,-21.948735,-40.198348
MARCOS CAVALCANTI,2023-12-26 10:17:42,52.2,11.8,-21.943431,-40.190968
MARCOS CAVALCANTI,2023-12-26 10:19:52,52.7,11.8,-21.939081,-40.18493
MARCOS CAVALCANTI,2023-12-26 10:23:32,51.6,11.6,-21.931948,-40.174531
MARCOS CAVALCANTI,2023-12-26 11:09:42,53.2,10.4,-21.847755,-40.051493
MARCOS CAVALCANTI,2023-12-26 11:11:02,53.8,10.5,-21.845396,-40.048045
MARCOS CAVALCANTI,2023-12-26 11:18:12,52.5,10.4,-21.832821,-40.029946
MARCOS CAVALCANTI,2023-12-26 11:22:22,52.9,10.4,-21.82538,-40.0195
MARCOS CAVALCANTI,2023-12-26 11:30:42,51.9,10.3,-21.810511,-39.998806
MARCOS CAVALCANTI,2023-12-26 11:52:02,50.3,10.6,-21.771478,-39.946848
MARCOS CAVALCANTI,2023-12-26 11:56:43,50.0,10.6,-21.762673,-39.935366
MARCOS CAVALCANTI,2023-12-26 12:01:43,49.9,10.7,-21.753135,-39.923121
MARCOS CAVALCANTI,2023-12-26 12:04:43,50.4,10.7,-21.747448,-39.915791
MARCOS CAVALCANTI,2023-12-26 12:18:52,47.9,10.8,-21.719806,-39.88122
MARCOS CAVALCANTI,2023-12-26 12:33:22,47.4,11.0,-21.690446,-39.845495
MARCOS CAVALCANTI,2023-12-26 12:56:32,48.5,11.3,-21.643306,-39.787643
MARCOS CAVALCANTI,2023-12-26 13:04:42,49.6,11.3,-21.626385,-39.766976
MARCOS CAVALCANTI,2023-12-26 13:05:42,49.0,11.3,-21.624313,-39.764433
MARCOS CAVALCANTI,2023-12-26 13:08:41,49.4,11.3,-21.618223,-39.756791
MARCOS CAVALCANTI,2023-12-26 13:56:13,47.8,11.3,-21.519551,-39.636151
MARCOS CAVALCANTI,2023-12-26 14:13:41,49.2,11.1,-21.483413,-39.592255
MARCOS CAVALCANTI,2023-12-26 14:16:41,49.0,11.2,-21.477261,-39.584793
MARCOS CAVALCANTI,2023-12-26 14:21:23,37.3,10.8,-21.466645,-39.574538
MARCOS CAVALCANTI,2023-12-26 14:47:03,35.3,10.8,-21.404558,-39.525503
MARCOS CAVALCANTI,2023-12-26 14:48:02,35.4,10.8,-21.402111,-39.523655
MARCOS CAVALCANTI,2023-12-26 14:52:33,35.7,10.8,-21.39099,-39.51516
MARCOS CAVALCANTI,2023-12-26 14:54:43,35.0,10.8,-21.385638,-39.511128
MARCOS CAVALCANTI,2023-12-26 15:26:33,34.5,10.9,-21.306515,-39.451278
MARCOS CAVALCANTI,2023-12-26 15:31:52,36.0,11.0,-21.293243,-39.441223
MARCOS CAVALCANTI,2023-12-26 15:56:13,35.1,10.8,-21.23326,-39.395163
MARCOS CAVALCANTI,2023-12-26 15:59:13,35.9,10.9,-21.225915,-39.389518
MARCOS CAVALCANTI,2023-12-26 16:01:21,36.0,10.9,-21.22059,-39.385395
MARCOS CAVALCANTI,2023-12-26 16:07:31,36.6,10.9,-21.205565,-39.373581
MARCOS CAVALCANTI,2023-12-26 16:15:19,37.3,10.9,-21.186478,-39.358376
MARCOS CAVALCANTI,2023-12-26 16:15:49,36.7,10.9,-21.185283,-39.357406
MARCOS CAVALCANTI,2023-12-26 16:16:29,37.5,10.9,-21.183641,-39.356068
MARCOS CAVALCANTI,2023-12-26 16:17:08,36.6,10.9,-21.182071,-39.354806
MARCOS CAVALCANTI,2023-12-26 16:17:19,36.6,10.9,-21.181666,-39.354485
MARCOS CAVALCANTI,2023-12-26 16:17:29,36.6,10.9,-21.181263,-39.354161
MARCOS CAVALCANTI,2023-12-26 16:19:19,36.5,10.9,-21.176785,-39.35059
MARCOS CAVALCANTI,2023-12-26 16:19:29,36.5,10.9,-21.176338,-39.350231
MARCOS CAVALCANTI,2023-12-26 16:20:29,37.1,11.0,-21.173956,-39.348306
MARCOS CAVALCANTI,2023-12-26 16:20:39,37.4,11.0,-21.173551,-39.34798
MARCOS CAVALCANTI,2023-12-26 16:21:09,37.7,11.0,-21.172306,-39.346963
MARCOS CAVALCANTI,2023-12-26 16:22:29,37.0,10.9,-21.169151,-39.344368
MARCOS CAVALCANTI,2023-12-26 16:36:12,37.4,10.8,-21.136423,-39.317896
MARCOS CAVALCANTI,2023-12-26 16:57:32,34.0,10.8,-21.085003,-39.276881
MARCOS CAVALCANTI,2023-12-26 17:03:32,33.8,10.9,-21.069936,-39.265918
MARCOS CAVALCANTI,2023-12-26 17:04:00,34.6,10.9,-21.068678,-39.264985
MARCOS CAVALCANTI,2023-12-26 17:04:11,34.7,10.9,-21.068218,-39.264643
MARCOS CAVALCANTI,2023-12-26 17:04:20,34.0,10.9,-21.067843,-39.264366
MARCOS CAVALCANTI,2023-12-26 17:05:53,34.8,11.0,-21.064073,-39.261596
MARCOS CAVALCANTI,2023-12-26 17:09:42,32.5,10.9,-21.054363,-39.254635
MARCOS CAVALCANTI,2023-12-26 17:48:51,31.2,10.9,-20.95324,-39.185243
MARCOS CAVALCANTI,2023-12-26 17:52:30,31.4,11.0,-20.943673,-39.178961
MARCOS CAVALCANTI,2023-12-26 17:52:32,31.4,11.0,-20.943673,-39.178961
MARCOS CAVALCANTI,2023-12-26 17:53:30,31.5,11.0,-20.941076,-39.177283
MARCOS CAVALCANTI,2023-12-26 17:53:50,31.7,11.0,-20.940165,-39.176676
MARCOS CAVALCANTI,2023-12-26 17:54:50,31.8,11.0,-20.937595,-39.174966
MARCOS CAVALCANTI,2023-12-26 17:56:20,31.7,11.1,-20.933641,-39.172336
MARCOS CAVALCANTI,2023-12-26 17:56:30,31.8,11.1,-20.933206,-39.172045
MARCOS CAVALCANTI,2023-12-26 18:18:00,33.4,11.2,-20.876608,-39.134881
MARCOS CAVALCANTI,2023-12-26 18:46:32,32.2,11.2,-20.802045,-39.083806
MARCOS CAVALCANTI,2023-12-26 18:53:43,32.2,11.1,-20.783278,-39.071058
MARCOS CAVALCANTI,2023-12-26 19:11:23,35.3,11.2,-20.737635,-39.038956
MARCOS CAVALCANTI,2023-12-26 19:14:13,35.2,11.1,-20.730458,-39.03356
MARCOS CAVALCANTI,2023-12-26 19:44:42,35.5,11.1,-20.653193,-38.97687
MARCOS CAVALCANTI,2023-12-26 20:01:33,34.0,11.0,-20.610666,-38.945563
MARCOS CAVALCANTI,2023-12-26 20:03:53,33.5,10.9,-20.604751,-38.94135
MARCOS CAVALCANTI,2023-12-26 20:06:22,34.3,10.9,-20.598468,-38.936841
MARCOS CAVALCANTI,2023-12-26 20:51:33,37.8,11.3,-20.48659,-38.848978
MARCOS CAVALCANTI,2023-12-26 20:55:13,37.8,11.4,-20.477471,-38.841518
MARCOS CAVALCANTI,2023-12-26 20:58:12,37.9,11.4,-20.469951,-38.83533
MARCOS CAVALCANTI,2023-12-26 21:00:32,37.5,11.2,-20.464228,-38.83058
MARCOS CAVALCANTI,2023-12-26 21:42:42,37.6,11.6,-20.357048,-38.742805
MARCOS CAVALCANTI,2023-12-26 21:46:13,37.3,11.7,-20.348021,-38.735515
MARCOS CAVALCANTI,2023-12-26 22:18:41,36.7,11.9,-20.262438,-38.667423
MARCOS CAVALCANTI,2023-12-26 22:22:01,35.3,11.9,-20.253563,-38.660528
MARCOS CAVALCANTI,2023-12-26 22:35:32,35.6,11.9,-20.217301,-38.632678
MARCOS CAVALCANTI,2023-12-26 22:40:32,35.1,11.9,-20.203785,-38.62259
MARCOS CAVALCANTI,2023-12-26 22:42:33,34.7,11.8,-20.198406,-38.618566
MARCOS CAVALCANTI,2023-12-26 22:54:52,33.9,11.7,-20.164801,-38.594981
MARCOS CAVALCANTI,2023-12-26 23:19:11,32.3,11.5,-20.098835,-38.549593
MARCOS CAVALCANTI,2023-12-26 23:22:52,34.1,11.5,-20.089026,-38.542801
MARCOS CAVALCANTI,2023-12-26 23:29:31,33.5,11.4,-20.07139,-38.53033
MARCOS CAVALCANTI,2023-12-26 23:32:12,34.5,11.4,-20.064328,-38.525231
MARCOS CAVALCANTI,2023-12-26 23:52:13,34.8,11.4,-20.012006,-38.487465
MARCOS CAVALCANTI,2023-12-27 00:01:12,34.2,11.5,-19.988296,-38.47013
MARCOS CAVALCANTI,2023-12-27 00:02:02,34.0,11.5,-19.986083,-38.46853
MARCOS CAVALCANTI,2023-12-27 00:05:32,34.4,11.5,-19.97679,-38.461796
MARCOS CAVALCANTI,2023-12-27 00:06:11,34.3,11.5,-19.975048,-38.46052
MARCOS CAVALCANTI,2023-12-27 00:06:32,34.6,11.5,-19.974138,-38.459846
MARCOS CAVALCANTI,2023-12-27 00:06:42,34.5,11.6,-19.973698,-38.45953
MARCOS CAVALCANTI,2023-12-27 00:07:11,35.3,11.6,-19.972453,-38.458628
MARCOS CAVALCANTI,2023-12-27 00:07:32,34.9,11.6,-19.971561,-38.45798
MARCOS CAVALCANTI,2023-12-27 00:34:52,35.0,11.8,-19.89822,-38.404043
MARCOS CAVALCANTI,2023-12-27 00:40:42,34.1,11.8,-19.882366,-38.392435
MARCOS CAVALCANTI,2023-12-27 01:11:31,33.9,11.8,-19.798611,-38.33114
MARCOS CAVALCANTI,2023-12-27 01:15:22,35.1,11.7,-19.78828,-38.323626
MARCOS CAVALCANTI,2023-12-27 01:48:52,34.2,11.6,-19.698501,-38.258293
MARCOS CAVALCANTI,2023-12-27 01:51:13,33.7,11.6,-19.69223,-38.253795
MARCOS CAVALCANTI,2023-12-27 01:55:52,33.8,11.6,-19.679696,-38.24495
MARCOS CAVALCANTI,2023-12-27 02:41:24,33.5,11.6,-19.55898,-38.159211
MARCOS CAVALCANTI,2023-12-27 02:46:34,33.4,11.6,-19.545068,-38.149266
MARCOS CAVALCANTI,2023-12-27 02:46:45,33.8,11.7,-19.544625,-38.148955
MARCOS CAVALCANTI,2023-12-27 03:21:01,32.1,11.8,-19.449963,-38.082748
MARCOS CAVALCANTI,2023-12-27 03:31:43,31.8,11.6,-19.420723,-38.063141
MARCOS CAVALCANTI,2023-12-27 03:38:12,31.3,11.7,-19.402901,-38.051225
MARCOS CAVALCANTI,2023-12-27 03:40:43,31.8,11.7,-19.395905,-38.04663
MARCOS CAVALCANTI,2023-12-27 03:51:11,34.0,12.0,-19.366486,-38.027243
MARCOS CAVALCANTI,2023-12-27 04:00:32,34.1,11.9,-19.340788,-38.008605
MARCOS CAVALCANTI,2023-12-27 04:26:53,36.9,11.9,-19.269031,-37.95533
MARCOS CAVALCANTI,2023-12-27 04:29:12,35.9,11.8,-19.262841,-37.950468
MARCOS CAVALCANTI,2023-12-27 04:30:51,35.7,11.9,-19.258415,-37.947115
MARCOS CAVALCANTI,2023-12-27 04:35:11,37.0,11.9,-19.24677,-37.937998
MARCOS CAVALCANTI,2023-12-27 04:36:11,36.5,11.9,-19.244123,-37.935905
MARCOS CAVALCANTI,2023-12-27 04:38:01,36.7,11.9,-19.239226,-37.932115
MARCOS CAVALCANTI,2023-12-27 04:38:11,36.4,11.9,-19.238823,-37.931801
MARCOS CAVALCANTI,2023-12-27 04:38:41,35.9,11.8,-19.237445,-37.930735
MARCOS CAVALCANTI,2023-12-27 04:39:41,36.3,11.8,-19.234755,-37.928701
MARCOS CAVALCANTI,2023-12-27 04:40:41,36.2,11.8,-19.232145,-37.926668
MARCOS CAVALCANTI,2023-12-27 04:40:51,35.8,11.8,-19.231645,-37.926285
MARCOS CAVALCANTI,2023-12-27 04:41:11,36.2,11.8,-19.230753,-37.925608
MARCOS CAVALCANTI,2023-12-27 05:02:41,37.2,12.0,-19.173756,-37.880335
MARCOS CAVALCANTI,2023-12-27 05:07:42,37.4,12.0,-19.16035,-37.869705
MARCOS CAVALCANTI,2023-12-27 05:12:22,36.3,12.0,-19.147898,-37.859841
MARCOS CAVALCANTI,2023-12-27 05:42:32,36.6,12.0,-19.067258,-37.795471
MARCOS CAVALCANTI,2023-12-27 05:46:22,37.3,12.1,-19.056925,-37.787331
MARCOS CAVALCANTI,2023-12-27 05:55:03,36.5,12.2,-19.033488,-37.768903
MARCOS CAVALCANTI,2023-12-27 06:16:31,35.9,12.3,-18.974531,-37.722821
MARCOS CAVALCANTI,2023-12-27 06:20:21,35.7,12.3,-18.963888,-37.714718
MARCOS CAVALCANTI,2023-12-27 06:27:42,35.3,12.3,-18.943508,-37.699125
MARCOS CAVALCANTI,2023-12-27 06:30:12,35.7,12.3,-18.936626,-37.693908
MARCOS CAVALCANTI,2023-12-27 06:47:50,33.0,12.2,-18.886461,-37.659053
MARCOS CAVALCANTI,2023-12-27 06:48:50,33.0,12.2,-18.883576,-37.657068
MARCOS CAVALCANTI,2023-12-27 07:37:53,33.2,12.4,-18.742728,-37.561191
MARCOS CAVALCANTI,2023-12-27 07:40:43,33.1,12.5,-18.734501,-37.555573
MARCOS CAVALCANTI,2023-12-27 07:43:03,32.7,12.5,-18.727683,-37.550936
MARCOS CAVALCANTI,2023-12-27 08:13:12,32.2,12.8,-18.638321,-37.490901
MARCOS CAVALCANTI,2023-12-27 08:15:22,32.5,12.8,-18.631841,-37.486661
MARCOS CAVALCANTI,2023-12-27 08:17:53,32.3,12.7,-18.624266,-37.481596
MARCOS CAVALCANTI,2023-12-27 08:43:42,34.7,12.8,-18.547528,-37.42776
MARCOS CAVALCANTI,2023-12-27 08:46:11,34.8,12.8,-18.540261,-37.4225
MARCOS CAVALCANTI,2023-12-27 08:48:52,35.3,12.8,-18.532391,-37.416751
MARCOS CAVALCANTI,2023-12-27 08:52:12,35.7,12.8,-18.522785,-37.409563
MARCOS CAVALCANTI,2023-12-27 09:18:33,35.6,12.8,-18.446181,-37.352876
MARCOS CAVALCANTI,2023-12-27 09:23:52,35.0,12.8,-18.430685,-37.341426
MARCOS CAVALCANTI,2023-12-27 09:27:52,35.4,12.7,-18.419068,-37.332838
MARCOS CAVALCANTI,2023-12-27 09:29:02,35.5,12.7,-18.415708,-37.330311
MARCOS CAVALCANTI,2023-12-27 09:58:52,35.4,12.6,-18.329648,-37.26639
MARCOS CAVALCANTI,2023-12-27 10:09:51,35.9,12.6,-18.298443,-37.24289
MARCOS CAVALCANTI,2023-12-27 10:13:52,35.4,12.6,-18.286881,-37.234255
MARCOS CAVALCANTI,2023-12-27 10:31:53,36.3,12.7,-18.235753,-37.195433
MARCOS CAVALCANTI,2023-12-27 11:01:32,36.4,12.6,-18.151928,-37.130118
MARCOS CAVALCANTI,2023-12-27 11:11:43,35.7,12.7,-18.122973,-37.107593
MARCOS CAVALCANTI,2023-12-27 11:13:52,35.8,12.8,-18.11673,-37.102908
MARCOS CAVALCANTI,2023-12-27 11:14:42,36.3,12.8,-18.114256,-37.101001
MARCOS CAVALCANTI,2023-12-27 11:55:33,24.0,12.6,-17.995521,-37.012338
MARCOS CAVALCANTI,2023-12-27 12:10:51,25.1,12.7,-17.946368,-36.98848
MARCOS CAVALCANTI,2023-12-27 12:15:01,25.3,12.8,-17.932895,-36.98186
MARCOS CAVALCANTI,2023-12-27 12:43:52,22.3,12.6,-17.83917,-36.938931
MARCOS CAVALCANTI,2023-12-27 13:22:53,22.2,12.7,-17.712548,-36.883501
MARCOS CAVALCANTI,2023-12-27 13:51:22,21.5,12.5,-17.6201,-36.843903
MARCOS CAVALCANTI,2023-12-27 13:53:33,22.0,12.5,-17.613016,-36.840923
MARCOS CAVALCANTI,2023-12-27 13:56:42,22.4,12.5,-17.602786,-36.836546
MARCOS CAVALCANTI,2023-12-27 13:59:42,22.3,12.5,-17.593138,-36.832426
MARCOS CAVALCANTI,2023-12-27 14:29:33,22.7,12.2,-17.49777,-36.791895
MARCOS CAVALCANTI,2023-12-27 14:34:42,21.5,12.1,-17.48149,-36.785075
MARCOS CAVALCANTI,2023-12-27 14:59:23,25.8,12.0,-17.40571,-36.749725
MARCOS CAVALCANTI,2023-12-27 15:02:51,25.4,12.0,-17.395186,-36.744446
MARCOS CAVALCANTI,2023-12-27 15:11:42,25.8,12.1,-17.368448,-36.731096
MARCOS CAVALCANTI,2023-12-27 15:32:23,25.1,12.3,-17.305476,-36.699268
MARCOS CAVALCANTI,2023-12-27 15:38:13,24.9,12.4,-17.287385,-36.690265
MARCOS CAVALCANTI,2023-12-27 15:42:33,26.2,12.4,-17.273983,-36.683451
MARCOS CAVALCANTI,2023-12-27 16:03:32,26.1,12.7,-17.208071,-36.649373
MARCOS CAVALCANTI,2023-12-27 16:06:12,26.6,12.7,-17.199656,-36.645011
MARCOS CAVALCANTI,2023-12-27 16:10:13,26.5,12.7,-17.186798,-36.638396
MARCOS CAVALCANTI,2023-12-27 16:15:53,25.9,12.7,-17.168816,-36.629225
MARCOS CAVALCANTI,2023-12-27 16:33:31,23.4,12.7,-17.111893,-36.60247
MARCOS CAVALCANTI,2023-12-27 16:34:10,23.6,12.6,-17.109851,-36.601555
MARCOS CAVALCANTI,2023-12-27 16:35:50,23.4,12.7,-17.104456,-36.599133
MARCOS CAVALCANTI,2023-12-27 16:36:10,23.7,12.6,-17.103373,-36.598638
MARCOS CAVALCANTI,2023-12-27 16:36:31,23.6,12.6,-17.102218,-36.598106
MARCOS CAVALCANTI,2023-12-27 16:36:50,23.3,12.6,-17.101121,-36.597613
MARCOS CAVALCANTI,2023-12-27 16:37:50,23.0,12.7,-17.097945,-36.59617
MARCOS CAVALCANTI,2023-12-27 16:38:11,23.1,12.6,-17.096826,-36.595655
MARCOS CAVALCANTI,2023-12-27 16:40:11,22.9,12.7,-17.090321,-36.59277
MARCOS CAVALCANTI,2023-12-27 16:54:32,23.0,12.5,-17.04434,-36.57231
MARCOS CAVALCANTI,2023-12-27 16:59:33,22.7,12.4,-17.028171,-36.56523
MARCOS CAVALCANTI,2023-12-27 17:03:02,22.1,12.4,-17.016963,-36.560398
MARCOS CAVALCANTI,2023-12-27 17:43:43,22.0,12.1,-16.88738,-36.506758
MARCOS CAVALCANTI,2023-12-27 17:47:32,22.5,12.1,-16.875368,-36.501631
MARCOS CAVALCANTI,2023-12-27 17:54:12,21.7,12.1,-16.854531,-36.492771
MARCOS CAVALCANTI,2023-12-27 18:16:11,21.3,12.1,-16.785225,-36.464026
MARCOS CAVALCANTI,2023-12-27 18:17:11,21.7,12.1,-16.782125,-36.462768
MARCOS CAVALCANTI,2023-12-27 19:03:33,22.5,12.1,-16.637293,-36.402081
MARCOS CAVALCANTI,2023-12-27 19:59:52,27.9,12.2,-16.468568,-36.31829
MARCOS CAVALCANTI,2023-12-27 20:45:03,25.2,12.6,-16.330046,-36.244018
MARCOS CAVALCANTI,2023-12-27 20:47:52,24.9,12.5,-16.32111,-36.239661
MARCOS CAVALCANTI,2023-12-27 20:51:23,25.6,12.6,-16.309943,-36.234173
MARCOS CAVALCANTI,2023-12-27 21:13:13,23.4,12.5,-16.24026,-36.201971
MARCOS CAVALCANTI,2023-12-27 21:19:51,22.5,12.5,-16.218931,-36.19272
MARCOS CAVALCANTI,2023-12-27 21:22:13,23.6,12.5,-16.211351,-36.189395
MARCOS CAVALCANTI,2023-12-27 21:36:03,22.7,12.4,-16.16709,-36.170225
MARCOS CAVALCANTI,2023-12-27 21:41:12,22.8,12.3,-16.150675,-36.163231
MARCOS CAVALCANTI,2023-12-27 21:45:41,23.1,12.3,-16.13644,-36.156988
MARCOS CAVALCANTI,2023-12-27 21:45:52,23.5,12.3,-16.135916,-36.156755
MARCOS CAVALCANTI,2023-12-27 21:48:41,22.9,12.3,-16.127053,-36.152826
MARCOS CAVALCANTI,2023-12-27 21:51:32,23.1,12.3,-16.118061,-36.148891
MARCOS CAVALCANTI,2023-12-27 21:54:02,22.9,12.3,-16.110093,-36.145438
MARCOS CAVALCANTI,2023-12-27 21:56:53,22.9,12.2,-16.101225,-36.141598
MARCOS CAVALCANTI,2023-12-27 22:20:31,22.8,12.4,-16.026703,-36.108886
MARCOS CAVALCANTI,2023-12-27 22:23:12,22.6,12.4,-16.018215,-36.105255
MARCOS CAVALCANTI,2023-12-27 22:28:33,22.7,12.6,-16.00107,-36.097815
MARCOS CAVALCANTI,2023-12-27 22:31:43,22.5,12.5,-15.990918,-36.093411
MARCOS CAVALCANTI,2023-12-27 22:31:52,22.7,12.5,-15.990438,-36.093196
MARCOS CAVALCANTI,2023-12-27 22:35:31,21.9,12.5,-15.978676,-36.088151
MARCOS CAVALCANTI,2023-12-27 22:53:13,22.2,12.5,-15.921533,-36.063688
MARCOS CAVALCANTI,2023-12-27 23:02:33,22.0,12.6,-15.89134,-36.050771
MARCOS CAVALCANTI,2023-12-27 23:37:02,22.2,12.5,-15.779356,-36.003883
MARCOS CAVALCANTI,2023-12-28 00:54:42,23.5,12.4,-15.529956,-35.89215
MARCOS CAVALCANTI,2023-12-28 01:46:52,22.4,12.3,-15.365948,-35.818611
MARCOS CAVALCANTI,2023-12-28 01:49:12,22.6,12.3,-15.358536,-35.815383
MARCOS CAVALCANTI,2023-12-28 01:50:12,23.1,12.3,-15.35541,-35.814003
MARCOS CAVALCANTI,2023-12-28 02:37:43,24.7,12.1,-15.2071,-35.748925
MARCOS CAVALCANTI,2023-12-28 02:40:12,24.5,12.1,-15.199491,-35.745368
MARCOS CAVALCANTI,2023-12-28 02:42:22,24.0,12.1,-15.19285,-35.742266
MARCOS CAVALCANTI,2023-12-28 02:44:43,23.7,12.1,-15.185563,-35.738928
MARCOS CAVALCANTI,2023-12-28 02:52:53,24.2,12.2,-15.16029,-35.72742
MARCOS CAVALCANTI,2023-12-28 03:25:33,23.2,12.2,-15.058361,-35.681725
MARCOS CAVALCANTI,2023-12-28 03:25:52,23.7,12.3,-15.057328,-35.681235
MARCOS CAVALCANTI,2023-12-28 03:27:53,23.5,12.3,-15.051071,-35.678456
MARCOS CAVALCANTI,2023-12-28 03:30:32,23.2,12.3,-15.042631,-35.674696
MARCOS CAVALCANTI,2023-12-28 03:32:53,23.1,12.3,-15.035225,-35.671406
MARCOS CAVALCANTI,2023-12-28 03:34:10,22.8,12.3,-15.031123,-35.669611
MARCOS CAVALCANTI,2023-12-28 04:00:01,23.2,12.5,-14.948936,-35.633463
MARCOS CAVALCANTI,2023-12-28 04:00:30,23.2,12.5,-14.94734,-35.632753
MARCOS CAVALCANTI,2023-12-28 04:01:39,22.7,12.5,-14.943656,-35.631151
MARCOS CAVALCANTI,2023-12-28 04:05:30,23.6,12.5,-14.931265,-35.625715
MARCOS CAVALCANTI,2023-12-28 04:08:33,23.5,12.5,-14.921653,-35.62143
MARCOS CAVALCANTI,2023-12-28 04:13:22,23.8,12.5,-14.906288,-35.614581
MARCOS CAVALCANTI,2023-12-28 04:26:52,23.5,12.4,-14.863346,-35.595346
MARCOS CAVALCANTI,2023-12-28 04:43:42,23.1,12.2,-14.810528,-35.571648
MARCOS CAVALCANTI,2023-12-28 04:48:01,23.8,12.2,-14.796921,-35.565526
MARCOS CAVALCANTI,2023-12-28 04:49:01,23.2,12.2,-14.793745,-35.56409
MARCOS CAVALCANTI,2023-12-28 04:53:00,22.8,12.2,-14.781283,-35.558551
MARCOS CAVALCANTI,2023-12-28 04:53:10,22.6,12.2,-14.780765,-35.55832
MARCOS CAVALCANTI,2023-12-28 04:56:51,23.6,12.3,-14.769276,-35.553145
MARCOS CAVALCANTI,2023-12-28 04:57:11,23.3,12.3,-14.768228,-35.55268
MARCOS CAVALCANTI,2023-12-28 05:10:52,22.2,12.3,-14.725141,-35.533665
MARCOS CAVALCANTI,2023-12-28 05:10:53,22.2,12.3,-14.725141,-35.533665
MARCOS CAVALCANTI,2023-12-28 05:47:53,23.3,12.3,-14.608433,-35.483108
MARCOS CAVALCANTI,2023-12-28 05:51:23,23.2,12.4,-14.597373,-35.478105
MARCOS CAVALCANTI,2023-12-28 05:56:52,23.2,12.4,-14.580113,-35.470233
MARCOS CAVALCANTI,2023-12-28 07:47:52,24.8,12.7,-14.227576,-35.306476
MARCOS CAVALCANTI,2023-12-28 07:50:32,24.7,12.7,-14.219061,-35.3024
MARCOS CAVALCANTI,2023-12-28 08:22:13,24.4,12.7,-14.116833,-35.254708
MARCOS CAVALCANTI,2023-12-28 08:27:43,23.9,12.6,-14.099173,-35.246573
MARCOS CAVALCANTI,2023-12-28 08:29:53,23.7,12.6,-14.09228,-35.243381
MARCOS CAVALCANTI,2023-12-28 08:56:42,24.2,12.7,-14.005558,-35.203161
MARCOS CAVALCANTI,2023-12-28 09:06:31,24.5,12.6,-13.973956,-35.188408
MARCOS CAVALCANTI,2023-12-28 09:12:32,24.5,12.6,-13.954733,-35.179466
MARCOS CAVALCANTI,2023-12-28 09:14:52,24.9,12.5,-13.947286,-35.17599
MARCOS CAVALCANTI,2023-12-28 09:35:32,25.8,12.5,-13.88189,-35.144813
MARCOS CAVALCANTI,2023-12-28 09:39:02,25.5,12.5,-13.870868,-35.139475
MARCOS CAVALCANTI,2023-12-28 10:02:53,23.9,12.6,-13.795448,-35.102796
MARCOS CAVALCANTI,2023-12-28 11:05:01,25.3,12.7,-13.596513,-35.00934
MARCOS CAVALCANTI,2023-12-28 11:05:11,25.0,12.6,-13.596033,-35.009108
MARCOS CAVALCANTI,2023-12-28 11:05:30,25.6,12.7,-13.595023,-35.008616
MARCOS CAVALCANTI,2023-12-28 11:06:01,26.1,12.7,-13.593383,-35.007811
MARCOS CAVALCANTI,2023-12-28 11:06:20,25.6,12.6,-13.59239,-35.007315
MARCOS CAVALCANTI,2023-12-28 11:08:01,25.2,12.7,-13.587011,-35.00469
MARCOS CAVALCANTI,2023-12-28 12:06:42,23.6,12.7,-13.39792,-34.917595
MARCOS CAVALCANTI,2023-12-28 12:23:41,24.0,12.7,-13.343073,-34.892671
MARCOS CAVALCANTI,2023-12-28 12:29:51,20.1,12.7,-13.322905,-34.884483
MARCOS CAVALCANTI,2023-12-28 12:34:51,20.2,12.7,-13.306345,-34.87813
MARCOS CAVALCANTI,2023-12-28 12:59:11,21.5,12.5,-13.226511,-34.847161
MARCOS CAVALCANTI,2023-12-28 13:33:03,25.9,12.3,-13.118626,-34.80094
MARCOS CAVALCANTI,2023-12-28 14:00:52,25.1,12.3,-13.033123,-34.757543
MARCOS CAVALCANTI,2023-12-28 14:03:21,23.5,12.3,-13.025346,-34.753918
MARCOS CAVALCANTI,2023-12-28 14:07:02,21.9,12.3,-13.013663,-34.749061
MARCOS CAVALCANTI,2023-12-28 14:41:52,22.0,12.3,-12.902281,-34.704408
MARCOS CAVALCANTI,2023-12-28 15:09:13,24.5,12.3,-12.816408,-34.665573
MARCOS CAVALCANTI,2023-12-28 15:11:32,24.2,12.3,-12.80909,-34.662266
MARCOS CAVALCANTI,2023-12-28 15:13:43,24.1,12.4,-12.802228,-34.659135
MARCOS CAVALCANTI,2023-12-28 15:16:43,23.9,12.4,-12.7928,-34.65483
MARCOS CAVALCANTI,2023-12-28 15:19:03,24.0,12.4,-12.785368,-34.651465
MARCOS CAVALCANTI,2023-12-28 15:21:21,23.6,12.4,-12.778068,-34.648231
MARCOS CAVALCANTI,2023-12-28 15:43:42,22.9,12.3,-12.70732,-34.616925
MARCOS CAVALCANTI,2023-12-28 15:48:11,22.6,12.4,-12.693095,-34.610756
MARCOS CAVALCANTI,2023-12-28 15:50:52,22.4,12.4,-12.684555,-34.607106
MARCOS CAVALCANTI,2023-12-28 15:51:01,23.0,12.4,-12.684021,-34.606885
MARCOS CAVALCANTI,2023-12-28 15:53:51,22.8,12.4,-12.675051,-34.603063
MARCOS CAVALCANTI,2023-12-28 15:55:52,21.8,12.4,-12.668658,-34.600323
MARCOS CAVALCANTI,2023-12-28 16:24:32,21.4,12.3,-12.577183,-34.562838
MARCOS CAVALCANTI,2023-12-28 16:51:53,23.0,12.3,-12.490396,-34.526141
MARCOS CAVALCANTI,2023-12-28 16:53:40,24.8,12.3,-12.484753,-34.523623
MARCOS CAVALCANTI,2023-12-28 16:55:11,24.6,12.3,-12.479948,-34.521345
MARCOS CAVALCANTI,2023-12-28 18:58:23,25.1,12.0,-12.102773,-34.345495
MARCOS CAVALCANTI,2023-12-28 19:50:13,24.5,12.1,-11.945506,-34.270155
MARCOS CAVALCANTI,2023-12-28 19:51:13,25.3,12.1,-11.9424,-34.26866
MARCOS CAVALCANTI,2023-12-28 19:54:43,25.1,12.1,-11.93174,-34.263526
MARCOS CAVALCANTI,2023-12-28 20:39:42,24.4,12.3,-11.793026,-34.198276
MARCOS CAVALCANTI,2023-12-28 20:43:42,24.7,12.3,-11.780616,-34.192556
MARCOS CAVALCANTI,2023-12-28 20:46:43,24.6,12.3,-11.771201,-34.18824
MARCOS CAVALCANTI,2023-12-28 20:49:42,24.9,12.2,-11.761881,-34.183901
MARCOS CAVALCANTI,2023-12-28 20:49:53,24.9,12.3,-11.761368,-34.183663
MARCOS CAVALCANTI,2023-12-28 20:51:11,24.1,12.3,-11.757208,-34.181743
MARCOS CAVALCANTI,2023-12-28 20:54:31,23.8,12.3,-11.746806,-34.176981
MARCOS CAVALCANTI,2023-12-28 21:22:52,22.6,12.5,-11.657648,-34.1371
MARCOS CAVALCANTI,2023-12-28 21:27:42,21.5,12.5,-11.642105,-34.130473
MARCOS CAVALCANTI,2023-12-28 21:31:52,23.2,12.5,-11.628741,-34.124711
MARCOS CAVALCANTI,2023-12-28 21:33:33,23.7,12.6,-11.623321,-34.122363
MARCOS CAVALCANTI,2023-12-28 21:34:52,22.4,12.5,-11.619055,-34.12053
MARCOS CAVALCANTI,2023-12-28 21:38:02,23.7,12.6,-11.608865,-34.116088
MARCOS CAVALCANTI,2023-12-28 21:55:02,23.5,12.6,-11.553778,-34.091845
MARCOS CAVALCANTI,2023-12-28 22:04:11,23.8,12.5,-11.524431,-34.078691
MARCOS CAVALCANTI,2023-12-28 22:06:33,24.0,12.6,-11.516913,-34.075345
MARCOS CAVALCANTI,2023-12-28 22:27:23,24.9,12.6,-11.450395,-34.044905
MARCOS CAVALCANTI,2023-12-28 22:34:03,25.4,12.7,-11.429095,-34.03496
MARCOS CAVALCANTI,2023-12-28 23:10:41,23.4,12.7,-11.310385,-33.982246
MARCOS CAVALCANTI,2023-12-28 23:55:42,23.7,12.5,-11.165381,-33.918993
MARCOS CAVALCANTI,2023-12-28 23:57:12,23.7,12.5,-11.160635,-33.916826
MARCOS CAVALCANTI,2023-12-28 23:59:12,23.7,12.5,-11.154266,-33.913975
MARCOS CAVALCANTI,2023-12-29 01:39:22,23.3,12.1,-10.833231,-33.779261
MARCOS CAVALCANTI,2023-12-29 02:27:22,23.3,12.2,-10.682905,-33.714815
MARCOS CAVALCANTI,2023-12-29 02:30:01,22.9,12.3,-10.674575,-33.711253
MARCOS CAVALCANTI,2023-12-29 02:30:32,22.3,12.3,-10.672946,-33.710561
MARCOS CAVALCANTI,2023-12-29 02:32:53,24.0,12.2,-10.665595,-33.707333
MARCOS CAVALCANTI,2023-12-29 02:37:01,22.9,12.3,-10.652578,-33.701745
MARCOS CAVALCANTI,2023-12-29 03:07:52,24.9,12.3,-10.55594,-33.658146
MARCOS CAVALCANTI,2023-12-29 03:11:02,24.4,12.3,-10.54603,-33.653611
MARCOS CAVALCANTI,2023-12-29 03:14:22,25.0,12.4,-10.535598,-33.64877
MARCOS CAVALCANTI,2023-12-29 03:26:52,24.8,12.4,-10.496576,-33.630468
MARCOS CAVALCANTI,2023-12-29 03:30:13,24.4,12.4,-10.486105,-33.625578
MARCOS CAVALCANTI,2023-12-29 03:35:03,24.9,12.4,-10.47093,-33.618596
MARCOS CAVALCANTI,2023-12-29 03:39:33,23.8,12.4,-10.456755,-33.612078
MARCOS CAVALCANTI,2023-12-29 03:41:43,25.0,12.5,-10.449873,-33.608885
MARCOS CAVALCANTI,2023-12-29 03:44:53,24.1,12.5,-10.4399,-33.60432
MARCOS CAVALCANTI,2023-12-29 03:47:52,25.1,12.5,-10.430338,-33.599978
MARCOS CAVALCANTI,2023-12-29 04:08:43,23.2,12.6,-10.363228,-33.570143
MARCOS CAVALCANTI,2023-12-29 04:14:31,23.7,12.5,-10.344736,-33.56186
MARCOS CAVALCANTI,2023-12-29 04:18:02,23.8,12.5,-10.333518,-33.556798
MARCOS CAVALCANTI,2023-12-29 04:22:42,24.1,12.5,-10.318568,-33.55021
MARCOS CAVALCANTI,2023-12-29 04:31:22,25.4,12.6,-10.290708,-33.53787
MARCOS CAVALCANTI,2023-12-29 04:32:31,24.2,12.6,-10.286953,-33.536228
MARCOS CAVALCANTI,2023-12-29 04:32:41,23.9,12.6,-10.286471,-33.536005
MARCOS CAVALCANTI,2023-12-29 04:32:51,23.9,12.6,-10.28594,-33.535768
MARCOS CAVALCANTI,2023-12-29 04:33:51,24.4,12.6,-10.282765,-33.534341
MARCOS CAVALCANTI,2023-12-29 04:34:22,24.2,12.6,-10.281113,-33.533601
MARCOS CAVALCANTI,2023-12-29 04:34:31,23.5,12.5,-10.280575,-33.533358
MARCOS CAVALCANTI,2023-12-29 04:35:11,23.5,12.6,-10.278413,-33.532376
MARCOS CAVALCANTI,2023-12-29 04:35:31,23.9,12.6,-10.27732,-33.531906
MARCOS CAVALCANTI,2023-12-29 04:35:41,23.8,12.6,-10.276826,-33.53169
MARCOS CAVALCANTI,2023-12-29 04:36:11,23.2,12.6,-10.27523,-33.530976
MARCOS CAVALCANTI,2023-12-29 04:36:22,23.4,12.6,-10.274646,-33.530726
MARCOS CAVALCANTI,2023-12-29 04:36:33,23.3,12.6,-10.274061,-33.53048
MARCOS CAVALCANTI,2023-12-29 04:37:11,24.0,12.6,-10.272036,-33.529588
MARCOS CAVALCANTI,2023-12-29 04:51:43,23.0,12.6,-10.225336,-33.509115
MARCOS CAVALCANTI,2023-12-29 05:08:09,24.5,12.6,-10.172385,-33.485413
MARCOS CAVALCANTI,2023-12-29 05:08:29,23.6,12.6,-10.17126,-33.484908
MARCOS CAVALCANTI,2023-12-29 05:08:40,24.3,12.6,-10.170665,-33.484643
MARCOS CAVALCANTI,2023-12-29 05:09:19,24.5,12.7,-10.168625,-33.483718
MARCOS CAVALCANTI,2023-12-29 05:09:50,24.6,12.6,-10.166971,-33.482958
MARCOS CAVALCANTI,2023-12-29 05:10:50,23.8,12.6,-10.163746,-33.481493
MARCOS CAVALCANTI,2023-12-29 05:12:30,23.9,12.7,-10.15831,-33.479046
MARCOS CAVALCANTI,2023-12-29 06:12:02,26.5,12.4,-9.969731,-33.388996
MARCOS CAVALCANTI,2023-12-29 06:13:22,25.8,12.3,-9.965655,-33.386965
MARCOS CAVALCANTI,2023-12-29 06:13:42,26.1,12.4,-9.964625,-33.386448
MARCOS CAVALCANTI,2023-12-29 06:14:42,26.8,12.4,-9.961483,-33.384863
MARCOS CAVALCANTI,2023-12-29 06:20:22,26.7,12.3,-9.944001,-33.37612
MARCOS CAVALCANTI,2023-12-29 07:59:34,24.4,12.2,-9.633533,-33.239021
MARCOS CAVALCANTI,2023-12-29 08:03:13,24.1,12.2,-9.622075,-33.233855
MARCOS CAVALCANTI,2023-12-29 08:07:43,24.3,12.1,-9.608168,-33.22756
MARCOS CAVALCANTI,2023-12-29 08:21:23,24.5,12.2,-9.566035,-33.208181
MARCOS CAVALCANTI,2023-12-29 08:33:02,24.4,12.2,-9.529876,-33.191555
MARCOS CAVALCANTI,2023-12-29 08:38:41,24.5,12.2,-9.512228,-33.183446
MARCOS CAVALCANTI,2023-12-29 08:42:12,24.6,12.2,-9.501336,-33.178491
MARCOS CAVALCANTI,2023-12-29 09:04:01,24.2,12.1,-9.433418,-33.147745
MARCOS CAVALCANTI,2023-12-29 09:06:51,24.6,12.1,-9.424681,-33.143765
MARCOS CAVALCANTI,2023-12-29 09:13:23,24.8,12.2,-9.404456,-33.134503
MARCOS CAVALCANTI,2023-12-29 09:15:31,24.3,12.2,-9.39779,-33.131478
MARCOS CAVALCANTI,2023-12-29 09:54:23,24.5,12.2,-9.277376,-33.076486
MARCOS CAVALCANTI,2023-12-29 09:58:02,24.3,12.2,-9.266063,-33.071335
MARCOS CAVALCANTI,2023-12-29 10:01:02,24.7,12.1,-9.256755,-33.067125
MARCOS CAVALCANTI,2023-12-29 10:04:32,25.3,12.2,-9.24598,-33.062078
MARCOS CAVALCANTI,2023-12-29 10:24:12,25.1,12.2,-9.185383,-33.034193
MARCOS CAVALCANTI,2023-12-29 10:49:02,24.1,12.2,-9.108681,-32.998975
MARCOS CAVALCANTI,2023-12-29 11:17:01,21.6,12.2,-9.02178,-32.960498
MARCOS CAVALCANTI,2023-12-29 13:07:51,24.7,12.4,-8.6708,-32.814673
MARCOS CAVALCANTI,2023-12-29 13:41:03,25.9,12.3,-8.566506,-32.766578
MARCOS CAVALCANTI,2023-12-29 13:43:32,24.2,12.4,-8.558695,-32.763008
MARCOS CAVALCANTI,2023-12-29 13:47:03,24.5,12.4,-8.547643,-32.757955
MARCOS CAVALCANTI,2023-12-29 14:14:22,22.3,12.2,-8.461075,-32.721648
MARCOS CAVALCANTI,2023-12-29 14:16:42,21.4,12.3,-8.45368,-32.71855
MARCOS CAVALCANTI,2023-12-29 14:19:12,21.7,12.2,-8.445853,-32.715268
MARCOS CAVALCANTI,2023-12-29 14:21:21,22.7,12.2,-8.439046,-32.712448
MARCOS CAVALCANTI,2023-12-29 14:46:01,21.6,12.3,-8.360706,-32.680613
MARCOS CAVALCANTI,2023-12-29 14:48:31,22.0,12.3,-8.352643,-32.677361
MARCOS CAVALCANTI,2023-12-29 14:50:41,22.6,12.3,-8.345791,-32.674495
MARCOS CAVALCANTI,2023-12-29 14:51:32,23.1,12.3,-8.343181,-32.673355
MARCOS CAVALCANTI,2023-12-29 14:54:42,23.4,12.3,-8.333196,-32.668963
MARCOS CAVALCANTI,2023-12-29 14:57:12,23.7,12.3,-8.325298,-32.66551
MARCOS CAVALCANTI,2023-12-29 15:04:52,23.7,12.3,-8.30114,-32.654973
MARCOS CAVALCANTI,2023-12-29 15:22:42,22.3,12.3,-8.244963,-32.63096
MARCOS CAVALCANTI,2023-12-29 15:29:23,23.4,12.3,-8.223821,-32.621921
MARCOS CAVALCANTI,2023-12-29 15:34:19,22.6,12.3,-8.208106,-32.615178
MARCOS CAVALCANTI,2023-12-29 15:36:01,22.7,12.3,-8.202688,-32.61288
MARCOS CAVALCANTI,2023-12-29 15:36:29,23.4,12.3,-8.201235,-32.612255
MARCOS CAVALCANTI,2023-12-29 15:37:01,24.4,12.3,-8.199543,-32.611538
MARCOS CAVALCANTI,2023-12-29 15:38:19,23.2,12.4,-8.19537,-32.609765
MARCOS CAVALCANTI,2023-12-29 15:40:01,22.4,12.4,-8.190046,-32.607456
MARCOS CAVALCANTI,2023-12-29 15:53:01,22.9,12.4,-8.149006,-32.589755
MARCOS CAVALCANTI,2023-12-29 15:59:51,23.5,12.4,-8.127373,-32.580373
MARCOS CAVALCANTI,2023-12-29 16:41:12,23.9,12.4,-7.995761,-32.522841
MARCOS CAVALCANTI,2023-12-29 17:11:22,23.5,12.4,-7.900518,-32.479726
MARCOS CAVALCANTI,2023-12-29 17:12:22,23.8,12.3,-7.897373,-32.4783
MARCOS CAVALCANTI,2023-12-29 17:13:11,24.2,12.2,-7.894811,-32.477156
MARCOS CAVALCANTI,2023-12-29 17:14:22,23.2,12.4,-7.891075,-32.475495
MARCOS CAVALCANTI,2023-12-29 17:16:02,24.8,12.3,-7.885846,-32.47312
MARCOS CAVALCANTI,2023-12-29 17:16:22,23.4,12.3,-7.884791,-32.472658
MARCOS CAVALCANTI,2023-12-29 17:16:50,23.6,12.4,-7.883273,-32.471973
MARCOS CAVALCANTI,2023-12-29 17:17:01,24.0,12.3,-7.882751,-32.471738
MARCOS CAVALCANTI,2023-12-29 17:19:01,24.1,12.3,-7.876465,-32.468895
MARCOS CAVALCANTI,2023-12-29 18:51:11,22.9,12.5,-7.583561,-32.33957
MARCOS CAVALCANTI,2023-12-29 19:44:13,22.4,12.4,-7.414613,-32.265743
MARCOS CAVALCANTI,2023-12-29 19:47:13,23.8,12.4,-7.405075,-32.261606
MARCOS CAVALCANTI,2023-12-29 19:52:42,23.4,12.4,-7.38762,-32.254108
MARCOS CAVALCANTI,2023-12-29 19:53:22,23.8,12.5,-7.385478,-32.253208
MARCOS CAVALCANTI,2023-12-29 20:23:32,23.3,12.5,-7.28898,-32.212165
MARCOS CAVALCANTI,2023-12-29 20:29:02,22.3,12.5,-7.271338,-32.204631
MARCOS CAVALCANTI,2023-12-29 20:31:43,22.8,12.5,-7.262706,-32.200985
MARCOS CAVALCANTI,2023-12-29 20:34:13,21.8,12.5,-7.25466,-32.197633
MARCOS CAVALCANTI,2023-12-29 20:34:52,23.7,12.5,-7.252615,-32.19676
MARCOS CAVALCANTI,2023-12-29 20:39:02,23.1,12.5,-7.239156,-32.191
MARCOS CAVALCANTI,2023-12-29 20:55:13,22.2,12.5,-7.186996,-32.169263
MARCOS CAVALCANTI,2023-12-29 21:00:33,24.5,12.5,-7.170071,-32.16162
MARCOS CAVALCANTI,2023-12-29 21:04:42,23.6,12.5,-7.156936,-32.155606
MARCOS CAVALCANTI,2023-12-29 21:22:33,24.0,12.5,-7.100536,-32.12973
MARCOS CAVALCANTI,2023-12-29 21:31:12,24.0,12.5,-7.073158,-32.117178
MARCOS CAVALCANTI,2023-12-29 21:32:12,24.3,12.5,-7.070028,-32.115748
MARCOS CAVALCANTI,2023-12-29 21:39:52,25.0,12.5,-7.045685,-32.104576
MARCOS CAVALCANTI,2023-12-29 22:10:53,24.6,12.6,-6.946775,-32.05977
MARCOS CAVALCANTI,2023-12-29 22:13:03,23.8,12.6,-6.93983,-32.05668
MARCOS CAVALCANTI,2023-12-29 23:45:02,25.0,12.5,-6.642935,-31.929418
MARCOS CAVALCANTI,2023-12-29 23:47:31,25.1,12.5,-6.63506,-31.925793
MARCOS CAVALCANTI,2023-12-30 00:42:33,24.4,12.6,-6.459595,-31.844555
MARCOS CAVALCANTI,2023-12-30 00:46:13,24.7,12.7,-6.447846,-31.839155
MARCOS CAVALCANTI,2023-12-30 01:33:31,24.5,12.6,-6.296235,-31.769421
MARCOS CAVALCANTI,2023-12-30 02:12:41,24.5,12.6,-6.170871,-31.71207
MARCOS CAVALCANTI,2023-12-30 02:24:52,24.8,12.7,-6.13191,-31.694375
MARCOS CAVALCANTI,2023-12-30 02:30:42,26.2,12.6,-6.113233,-31.685958
MARCOS CAVALCANTI,2023-12-30 02:37:42,24.5,12.6,-6.090826,-31.675913
MARCOS CAVALCANTI,2023-12-30 02:44:13,23.8,12.5,-6.07008,-31.666465
MARCOS CAVALCANTI,2023-12-30 02:46:23,22.7,12.6,-6.063233,-31.663376
MARCOS CAVALCANTI,2023-12-30 02:48:33,24.6,12.7,-6.056228,-31.66028
MARCOS CAVALCANTI,2023-12-30 03:13:31,23.5,12.6,-5.977028,-31.62455
MARCOS CAVALCANTI,2023-12-30 03:19:41,24.3,12.5,-5.95742,-31.615721
MARCOS CAVALCANTI,2023-12-30 03:20:32,24.7,12.6,-5.954706,-31.614503
MARCOS CAVALCANTI,2023-12-30 03:53:02,24.4,12.4,-5.851853,-31.568103
MARCOS CAVALCANTI,2023-12-30 04:23:13,24.4,12.4,-5.756363,-31.525401
MARCOS CAVALCANTI,2023-12-30 05:07:30,22.5,12.5,-5.614048,-31.467671
MARCOS CAVALCANTI,2023-12-30 05:09:09,22.0,12.5,-5.608728,-31.465505
MARCOS CAVALCANTI,2023-12-30 05:09:19,21.8,12.4,-5.608183,-31.465276
MARCOS CAVALCANTI,2023-12-30 05:09:30,22.0,12.4,-5.607533,-31.465013
MARCOS CAVALCANTI,2023-12-30 05:10:19,22.3,12.5,-5.604921,-31.463951
MARCOS CAVALCANTI,2023-12-30 05:10:59,21.2,12.4,-5.602808,-31.463105
MARCOS CAVALCANTI,2023-12-30 05:11:10,21.5,12.4,-5.602171,-31.462858
MARCOS CAVALCANTI,2023-12-30 05:12:30,22.1,12.4,-5.597948,-31.461176
MARCOS CAVALCANTI,2023-12-30 05:13:51,21.1,12.4,-5.59357,-31.459458
MARCOS CAVALCANTI,2023-12-30 06:29:43,22.1,12.5,-5.348575,-31.35978
MARCOS CAVALCANTI,2023-12-30 06:43:30,21.5,12.5,-5.303593,-31.341756
MARCOS CAVALCANTI,2023-12-30 06:45:09,21.9,12.6,-5.298188,-31.339575
MARCOS CAVALCANTI,2023-12-30 06:47:09,22.6,12.6,-5.291618,-31.33694
MARCOS CAVALCANTI,2023-12-30 07:03:53,25.6,12.5,-5.238376,-31.313001
MARCOS CAVALCANTI,2023-12-30 07:07:53,24.5,12.5,-5.225723,-31.307075
MARCOS CAVALCANTI,2023-12-30 07:37:32,25.4,12.6,-5.131398,-31.263508
MARCOS CAVALCANTI,2023-12-30 07:41:32,25.0,12.5,-5.118703,-31.257566
MARCOS CAVALCANTI,2023-12-30 08:07:12,26.1,12.4,-5.037821,-31.219565
MARCOS CAVALCANTI,2023-12-30 08:11:33,25.4,12.4,-5.02409,-31.21309
MARCOS CAVALCANTI,2023-12-30 08:14:13,26.3,12.5,-5.015748,-31.209095
MARCOS CAVALCANTI,2023-12-30 08:16:22,24.8,12.5,-5.008958,-31.205883
MARCOS CAVALCANTI,2023-12-30 08:46:42,25.2,12.6,-4.9131,-31.16011
MARCOS CAVALCANTI,2023-12-30 08:49:42,26.4,12.5,-4.903685,-31.155551
MARCOS CAVALCANTI,2023-12-30 08:53:43,26.7,12.4,-4.890996,-31.14949
MARCOS CAVALCANTI,2023-12-30 08:56:42,24.8,12.4,-4.88159,-31.144988
MARCOS CAVALCANTI,2023-12-30 09:00:12,25.9,12.5,-4.87064,-31.139791
MARCOS CAVALCANTI,2023-12-30 09:05:22,24.5,12.5,-4.85441,-31.132046
MARCOS CAVALCANTI,2023-12-30 09:23:32,25.5,12.3,-4.797865,-31.104743
MARCOS CAVALCANTI,2023-12-30 09:26:13,26.1,12.4,-4.789525,-31.100898
MARCOS CAVALCANTI,2023-12-30 09:28:22,23.5,12.4,-4.782665,-31.097861
MARCOS CAVALCANTI,2023-12-30 09:54:42,25.0,12.4,-4.699036,-31.06121
MARCOS CAVALCANTI,2023-12-30 09:57:42,24.0,12.4,-4.68953,-31.056998
MARCOS CAVALCANTI,2023-12-30 10:00:42,24.2,12.4,-4.680031,-31.052815
MARCOS CAVALCANTI,2023-12-30 10:57:42,21.3,10.4,-4.50126,-30.980963
MARCOS CAVALCANTI,2023-12-30 11:43:52,82.6,2.5,-4.421053,-30.949635
MARCOS CAVALCANTI,2023-12-30 11:46:01,87.8,2.1,-4.420985,-30.948256
MARCOS CAVALCANTI,2023-12-30 11:46:10,93.7,2.1,-4.421,-30.948166
MARCOS CAVALCANTI,2023-12-30 11:46:22,98.9,2.1,-4.421013,-30.948075
MARCOS CAVALCANTI,2023-12-30 11:49:01,110.0,1.8,-4.421271,-30.946721
MARCOS CAVALCANTI,2023-12-30 11:49:32,110.0,1.7,-4.421338,-30.946468
MARCOS CAVALCANTI,2023-12-30 12:10:12,43.3,1.1,-4.423778,-30.938698
MARCOS CAVALCANTI,2023-12-30 12:46:32,298.5,0.8,-4.41553,-30.939806
MARCOS CAVALCANTI,2023-12-30 13:17:08,341.3,2.7,-4.406228,-30.939021
MARCOS CAVALCANTI,2023-12-30 13:19:40,338.2,2.5,-4.404551,-30.939668
MARCOS CAVALCANTI,2023-12-30 13:50:13,6.8,0.1,-4.395608,-30.939898
MARCOS CAVALCANTI,2023-12-30 13:52:53,6.0,0.4,-4.395455,-30.939893
MARCOS CAVALCANTI,2023-12-30 13:56:01,207.3,0.5,-4.395321,-30.939891
MARCOS CAVALCANTI,2023-12-30 13:58:31,341.3,0.2,-4.39523,-30.939966
MARCOS CAVALCANTI,2023-12-30 14:00:32,307.8,0.2,-4.395128,-30.94006
MARCOS CAVALCANTI,2023-12-30 14:26:33,304.5,0.6,-4.39388,-30.943285
MARCOS CAVALCANTI,2023-12-30 14:30:53,284.7,0.7,-4.393656,-30.94406
MARCOS CAVALCANTI,2023-12-30 14:49:52,346.5,0.7,-4.38917,-30.944616
MARCOS CAVALCANTI,2023-12-30 14:52:32,8.9,1.3,-4.388608,-30.944735
MARCOS CAVALCANTI,2023-12-30 14:55:42,340.8,0.9,-4.388016,-30.944923
MARCOS CAVALCANTI,2023-12-30 15:05:32,323.3,0.6,-4.386303,-30.945761
MARCOS CAVALCANTI,2023-12-30 15:07:52,319.3,0.6,-4.386001,-30.946093
MARCOS CAVALCANTI,2023-12-30 15:10:22,330.3,0.4,-4.385638,-30.94642
MARCOS CAVALCANTI,2023-12-30 15:36:33,296.8,0.7,-4.382408,-30.951266
MARCOS CAVALCANTI,2023-12-30 15:38:53,282.0,1.0,-4.382173,-30.951811
MARCOS CAVALCANTI,2023-12-30 15:45:32,297.4,0.8,-4.381475,-30.953423
MARCOS CAVALCANTI,2023-12-30 15:47:33,293.7,1.0,-4.38125,-30.953906
MARCOS CAVALCANTI,2023-12-30 15:50:16,294.8,1.0,-4.380951,-30.954571
MARCOS CAVALCANTI,2023-12-30 15:51:20,289.7,1.1,-4.38081,-30.954843
MARCOS CAVALCANTI,2023-12-30 15:52:10,287.8,0.6,-4.38072,-30.955041
MARCOS CAVALCANTI,2023-12-30 15:53:41,294.0,1.2,-4.380538,-30.955411
MARCOS CAVALCANTI,2023-12-30 15:57:10,300.6,0.5,-4.380196,-30.956276
MARCOS CAVALCANTI,2023-12-30 15:57:29,275.7,0.7,-4.380181,-30.956355
MARCOS CAVALCANTI,2023-12-30 17:55:31,293.3,1.1,-4.367211,-30.992325
MARCOS CAVALCANTI,2023-12-30 18:46:12,293.5,1.2,-4.360631,-31.007505
MARCOS CAVALCANTI,2023-12-30 18:49:12,292.1,1.2,-4.360218,-31.008401
MARCOS CAVALCANTI,2023-12-30 19:34:12,126.5,1.5,-4.353713,-31.007456
MARCOS CAVALCANTI,2023-12-30 19:37:03,153.3,1.3,-4.354553,-31.006763
MARCOS CAVALCANTI,2023-12-30 19:40:03,162.2,1.2,-4.355491,-31.006306
MARCOS CAVALCANTI,2023-12-30 20:04:22,237.4,0.7,-4.361736,-31.008138
MARCOS CAVALCANTI,2023-12-30 20:28:53,272.4,0.9,-4.362083,-31.012528
MARCOS CAVALCANTI,2023-12-30 20:33:02,293.7,1.3,-4.361748,-31.013538
MARCOS CAVALCANTI,2023-12-30 20:36:02,280.3,1.2,-4.361513,-31.014286
MARCOS CAVALCANTI,2023-12-30 20:36:33,298.1,0.9,-4.361465,-31.014428
MARCOS CAVALCANTI,2023-12-30 20:45:13,287.6,1.1,-4.360591,-31.01672
MARCOS CAVALCANTI,2023-12-30 21:10:12,293.4,1.2,-4.35756,-31.024161
MARCOS CAVALCANTI,2023-12-30 21:15:32,295.5,1.2,-4.356803,-31.025796
MARCOS CAVALCANTI,2023-12-30 21:18:11,293.8,1.5,-4.356413,-31.026628
MARCOS CAVALCANTI,2023-12-30 21:47:52,295.0,1.3,-4.352263,-31.035666
MARCOS CAVALCANTI,2023-12-30 22:49:31,74.6,10.8,-4.33454,-30.978451
MARCOS CAVALCANTI,2023-12-30 22:51:12,71.1,10.8,-4.333138,-30.973558
MARCOS CAVALCANTI,2024-01-22 01:13:05,205.1,13.1,-4.386505,-30.927971
MARCOS CAVALCANTI,2024-01-22 01:16:54,205.4,13.2,-4.399191,-30.934001
MARCOS CAVALCANTI,2024-01-22 01:20:14,205.2,13.3,-4.410215,-30.939206
MARCOS CAVALCANTI,2024-01-22 01:21:43,204.6,13.1,-4.415248,-30.941573
MARCOS CAVALCANTI,2024-01-22 03:30:55,203.4,12.9,-4.84629,-31.139731
MARCOS CAVALCANTI,2024-01-22 04:09:24,202.7,13.0,-4.973903,-31.195308
MARCOS CAVALCANTI,2024-01-22 04:11:45,202.2,12.9,-4.981723,-31.198621
MARCOS CAVALCANTI,2024-01-22 04:12:42,202.7,13.0,-4.985096,-31.20006
MARCOS CAVALCANTI,2024-01-22 04:13:32,203.4,13.0,-4.987865,-31.20125
MARCOS CAVALCANTI,2024-01-22 04:14:41,202.3,12.9,-4.991636,-31.20284
MARCOS CAVALCANTI,2024-01-22 04:18:32,202.7,13.0,-5.00456,-31.208278
MARCOS CAVALCANTI,2024-01-22 04:18:40,201.8,13.1,-5.005008,-31.208465
MARCOS CAVALCANTI,2024-01-22 04:18:52,202.5,13.0,-5.005676,-31.208748
MARCOS CAVALCANTI,2024-01-22 04:20:40,203.6,13.0,-5.011683,-31.211313
MARCOS CAVALCANTI,2024-01-22 05:14:55,202.7,12.8,-5.190188,-31.287
MARCOS CAVALCANTI,2024-01-22 05:20:54,204.2,13.0,-5.210025,-31.295528
MARCOS CAVALCANTI,2024-01-22 05:21:33,203.2,13.0,-5.212173,-31.296431
MARCOS CAVALCANTI,2024-01-22 05:26:04,203.7,13.0,-5.22725,-31.302876
MARCOS CAVALCANTI,2024-01-22 05:26:43,203.3,12.9,-5.229421,-31.303786
MARCOS CAVALCANTI,2024-01-22 05:27:43,203.1,13.0,-5.232775,-31.305215
MARCOS CAVALCANTI,2024-01-22 05:28:43,202.7,12.9,-5.235996,-31.306581
MARCOS CAVALCANTI,2024-01-22 05:29:43,203.1,12.9,-5.239383,-31.308056
MARCOS CAVALCANTI,2024-01-22 05:30:13,203.9,13.0,-5.241016,-31.308765
MARCOS CAVALCANTI,2024-01-22 05:30:43,204.0,13.0,-5.242671,-31.309475
MARCOS CAVALCANTI,2024-01-22 05:30:44,204.0,13.0,-5.242671,-31.309475
MARCOS CAVALCANTI,2024-01-22 05:34:02,203.0,13.0,-5.253798,-31.31421
MARCOS CAVALCANTI,2024-01-22 05:46:43,203.2,12.9,-5.29585,-31.332175
MARCOS CAVALCANTI,2024-01-22 05:49:24,203.6,12.9,-5.30477,-31.336015
MARCOS CAVALCANTI,2024-01-22 05:52:34,203.2,12.9,-5.31528,-31.340478
MARCOS CAVALCANTI,2024-01-22 05:54:53,203.8,13.1,-5.323048,-31.343785
MARCOS CAVALCANTI,2024-01-22 06:11:33,203.0,12.9,-5.3785,-31.367383
MARCOS CAVALCANTI,2024-01-22 06:14:03,202.7,12.8,-5.38669,-31.370876
MARCOS CAVALCANTI,2024-01-22 06:16:23,203.1,12.9,-5.394431,-31.374188
MARCOS CAVALCANTI,2024-01-22 06:19:14,201.9,12.9,-5.40373,-31.378141
MARCOS CAVALCANTI,2024-01-22 06:23:54,203.4,12.9,-5.41927,-31.38474
MARCOS CAVALCANTI,2024-01-22 06:27:54,202.9,12.8,-5.432398,-31.390358
MARCOS CAVALCANTI,2024-01-22 06:31:04,202.3,12.8,-5.442863,-31.39479
MARCOS CAVALCANTI,2024-01-22 07:07:04,201.5,12.7,-5.561515,-31.443888
MARCOS CAVALCANTI,2024-01-22 07:10:05,203.0,12.8,-5.571525,-31.447955
MARCOS CAVALCANTI,2024-01-22 07:13:54,202.4,12.8,-5.584141,-31.453191
MARCOS CAVALCANTI,2024-01-22 10:11:44,204.6,12.7,-6.170718,-31.712648
MARCOS CAVALCANTI,2024-01-22 10:57:23,205.0,12.8,-6.318038,-31.781011
MARCOS CAVALCANTI,2024-01-22 11:00:23,205.8,12.7,-6.327661,-31.785593
MARCOS CAVALCANTI,2024-01-22 11:15:04,205.4,12.6,-6.374401,-31.807755
MARCOS CAVALCANTI,2024-01-22 11:16:04,206.4,12.6,-6.37759,-31.809271
MARCOS CAVALCANTI,2024-01-22 11:17:14,205.9,12.6,-6.381368,-31.811085
MARCOS CAVALCANTI,2024-01-22 11:28:14,206.0,12.8,-6.41668,-31.82804
MARCOS CAVALCANTI,2024-01-22 11:31:45,205.5,12.8,-6.427941,-31.83344
MARCOS CAVALCANTI,2024-01-22 11:34:04,204.5,12.7,-6.435488,-31.83704
MARCOS CAVALCANTI,2024-01-22 11:52:53,204.9,12.9,-6.496546,-31.866026
MARCOS CAVALCANTI,2024-01-22 11:59:23,206.3,12.9,-6.51771,-31.876145
MARCOS CAVALCANTI,2024-01-22 12:00:23,205.8,13.0,-6.520998,-31.877701
MARCOS CAVALCANTI,2024-01-22 12:02:14,205.0,12.8,-6.527026,-31.880573
MARCOS CAVALCANTI,2024-01-22 12:02:22,204.3,12.9,-6.527463,-31.880783
MARCOS CAVALCANTI,2024-01-22 12:02:34,205.9,12.9,-6.528056,-31.881071
MARCOS CAVALCANTI,2024-01-22 12:03:14,206.0,12.9,-6.53022,-31.88209
MARCOS CAVALCANTI,2024-01-22 12:04:22,206.5,12.8,-6.533943,-31.883866
MARCOS CAVALCANTI,2024-01-22 12:07:15,205.2,13.0,-6.543246,-31.888355
MARCOS CAVALCANTI,2024-01-22 12:10:14,202.0,12.8,-6.552961,-31.892931
MARCOS CAVALCANTI,2024-01-22 12:35:34,201.9,13.0,-6.638053,-31.926613
MARCOS CAVALCANTI,2024-01-22 12:38:44,201.4,12.9,-6.64872,-31.930815
MARCOS CAVALCANTI,2024-01-22 12:39:45,201.9,12.9,-6.652108,-31.932168
MARCOS CAVALCANTI,2024-01-22 12:40:53,202.1,13.0,-6.655966,-31.933706
MARCOS CAVALCANTI,2024-01-22 12:43:54,201.0,12.9,-6.665925,-31.937576
MARCOS CAVALCANTI,2024-01-22 13:17:04,201.4,12.7,-6.776805,-31.981008
MARCOS CAVALCANTI,2024-01-22 13:47:14,203.0,12.9,-6.877173,-32.02108
MARCOS CAVALCANTI,2024-01-22 15:07:14,207.3,12.8,-7.13676,-32.142991
MARCOS CAVALCANTI,2024-01-22 15:52:12,205.3,13.0,-7.282751,-32.21095
MARCOS CAVALCANTI,2024-01-22 15:53:02,204.6,13.0,-7.28548,-32.212213
MARCOS CAVALCANTI,2024-01-22 15:53:12,204.1,13.0,-7.286028,-32.212456
MARCOS CAVALCANTI,2024-01-22 15:54:32,205.8,13.0,-7.290416,-32.214496
MARCOS CAVALCANTI,2024-01-22 15:56:12,204.5,13.1,-7.295918,-32.21704
MARCOS CAVALCANTI,2024-01-22 15:56:43,204.8,13.0,-7.29757,-32.217783
MARCOS CAVALCANTI,2024-01-22 15:58:21,204.7,13.0,-7.303006,-32.22028
MARCOS CAVALCANTI,2024-01-22 15:59:03,204.6,13.0,-7.305253,-32.221323
MARCOS CAVALCANTI,2024-01-22 16:01:43,204.6,13.0,-7.314081,-32.22538
MARCOS CAVALCANTI,2024-01-22 16:51:25,192.4,13.2,-7.481128,-32.29351
MARCOS CAVALCANTI,2024-01-22 16:54:25,201.2,13.2,-7.491603,-32.296951
MARCOS CAVALCANTI,2024-01-22 16:56:35,205.3,13.3,-7.498893,-32.300285
MARCOS CAVALCANTI,2024-01-22 17:05:24,205.3,13.2,-7.52807,-32.313846
MARCOS CAVALCANTI,2024-01-22 17:07:34,204.4,13.1,-7.535256,-32.317196
MARCOS CAVALCANTI,2024-01-22 17:31:02,204.8,13.1,-7.613125,-32.353081
MARCOS CAVALCANTI,2024-01-22 17:33:22,204.2,13.1,-7.620865,-32.356725
MARCOS CAVALCANTI,2024-01-22 17:33:43,203.7,13.2,-7.622031,-32.357271
MARCOS CAVALCANTI,2024-01-22 17:40:32,205.2,13.2,-7.644846,-32.367713
MARCOS CAVALCANTI,2024-01-22 17:42:44,204.8,13.3,-7.652128,-32.371051
MARCOS CAVALCANTI,2024-01-22 17:44:22,203.8,13.3,-7.657741,-32.373608
MARCOS CAVALCANTI,2024-01-22 17:46:53,204.0,13.3,-7.66622,-32.377425
MARCOS CAVALCANTI,2024-01-22 17:49:55,203.6,13.3,-7.676408,-32.381961
MARCOS CAVALCANTI,2024-01-22 18:14:53,203.4,13.2,-7.76071,-32.41937
MARCOS CAVALCANTI,2024-01-22 18:20:12,203.7,13.2,-7.778846,-32.427386
MARCOS CAVALCANTI,2024-01-22 18:22:34,204.8,13.3,-7.786788,-32.430885
MARCOS CAVALCANTI,2024-01-22 18:46:24,203.6,13.3,-7.867571,-32.46627
MARCOS CAVALCANTI,2024-01-22 18:54:24,201.9,13.4,-7.894986,-32.47814
MARCOS CAVALCANTI,2024-01-22 19:28:55,203.4,13.3,-8.01363,-32.52864
MARCOS CAVALCANTI,2024-01-22 19:33:14,202.4,13.2,-8.028313,-32.534948
MARCOS CAVALCANTI,2024-01-22 19:55:44,203.4,13.4,-8.10509,-32.567921
MARCOS CAVALCANTI,2024-01-22 20:54:03,203.2,13.4,-8.30532,-32.65509
MARCOS CAVALCANTI,2024-01-22 21:31:05,203.6,13.3,-8.432478,-32.709756
MARCOS CAVALCANTI,2024-01-22 22:01:03,203.3,13.4,-8.53578,-32.754166
MARCOS CAVALCANTI,2024-01-22 22:04:45,202.6,13.4,-8.548501,-32.759661
MARCOS CAVALCANTI,2024-01-22 22:10:43,203.4,13.4,-8.568985,-32.768423
MARCOS CAVALCANTI,2024-01-22 22:36:34,202.1,13.6,-8.658595,-32.806376
MARCOS CAVALCANTI,2024-01-22 22:38:44,203.2,13.5,-8.66617,-32.809583
MARCOS CAVALCANTI,2024-01-22 23:10:28,201.8,13.6,-8.778365,-32.85608
MARCOS CAVALCANTI,2024-01-22 23:16:47,202.9,13.7,-8.800703,-32.86534
MARCOS CAVALCANTI,2024-01-22 23:30:36,201.4,13.6,-8.849798,-32.88546
MARCOS CAVALCANTI,2024-01-22 23:33:46,203.3,13.6,-8.8609,-32.890091
MARCOS CAVALCANTI,2024-01-22 23:43:08,204.0,13.5,-8.893483,-32.903918
MARCOS CAVALCANTI,2024-01-22 23:45:49,204.7,13.5,-8.902786,-32.908013
MARCOS CAVALCANTI,2024-01-22 23:48:48,205.3,13.5,-8.913023,-32.912665
MARCOS CAVALCANTI,2024-01-22 23:49:58,203.8,13.5,-8.91704,-32.914508
MARCOS CAVALCANTI,2024-01-22 23:53:06,204.4,13.4,-8.927855,-32.919435
MARCOS CAVALCANTI,2024-01-22 23:55:06,204.0,13.4,-8.934616,-32.922516
MARCOS CAVALCANTI,2024-01-23 00:19:29,205.7,13.5,-9.017983,-32.961185
MARCOS CAVALCANTI,2024-01-23 00:19:38,206.8,13.5,-9.018551,-32.961455
MARCOS CAVALCANTI,2024-01-23 00:22:09,203.6,13.5,-9.027091,-32.965436
MARCOS CAVALCANTI,2024-01-23 00:25:09,204.8,13.5,-9.037378,-32.970213
MARCOS CAVALCANTI,2024-01-23 00:41:28,205.0,13.3,-9.092753,-32.995498
MARCOS CAVALCANTI,2024-01-23 00:43:17,204.7,13.3,-9.098898,-32.998345
MARCOS CAVALCANTI,2024-01-23 00:45:48,204.3,13.2,-9.107313,-33.002171
MARCOS CAVALCANTI,2024-01-23 01:13:19,205.1,13.1,-9.199125,-33.04445
MARCOS CAVALCANTI,2024-01-23 01:16:18,203.8,13.1,-9.209036,-33.049028
MARCOS CAVALCANTI,2024-01-23 02:32:37,204.4,13.1,-9.464958,-33.164068
MARCOS CAVALCANTI,2024-01-23 02:35:17,203.2,13.1,-9.473853,-33.168075
MARCOS CAVALCANTI,2024-01-23 03:06:08,203.8,12.8,-9.575601,-33.21423
MARCOS CAVALCANTI,2024-01-23 03:41:07,205.4,12.9,-9.688651,-33.267956
MARCOS CAVALCANTI,2024-01-23 04:14:57,204.2,13.0,-9.798381,-33.320583
MARCOS CAVALCANTI,2024-01-23 04:17:28,206.2,13.0,-9.80657,-33.324508
MARCOS CAVALCANTI,2024-01-23 04:45:05,206.1,12.8,-9.896801,-33.367223
MARCOS CAVALCANTI,2024-01-23 04:45:17,205.1,12.8,-9.897446,-33.36753
MARCOS CAVALCANTI,2024-01-23 04:45:46,205.6,12.8,-9.899005,-33.368275
MARCOS CAVALCANTI,2024-01-23 04:45:55,205.8,12.9,-9.899481,-33.36851
MARCOS CAVALCANTI,2024-01-23 04:46:17,205.8,12.8,-9.900681,-33.369071
MARCOS CAVALCANTI,2024-01-23 04:46:27,205.1,12.9,-9.901235,-33.369321
MARCOS CAVALCANTI,2024-01-23 04:47:06,205.8,12.8,-9.903298,-33.370298
MARCOS CAVALCANTI,2024-01-23 04:47:27,205.5,12.9,-9.904431,-33.370833
MARCOS CAVALCANTI,2024-01-23 04:48:27,204.7,12.8,-9.907728,-33.372408
MARCOS CAVALCANTI,2024-01-23 04:48:36,204.3,12.8,-9.908206,-33.37264
MARCOS CAVALCANTI,2024-01-23 04:49:05,205.8,12.8,-9.909783,-33.373386
MARCOS CAVALCANTI,2024-01-23 04:50:05,204.6,12.9,-9.91311,-33.374968
MARCOS CAVALCANTI,2024-01-23 04:50:08,204.6,12.9,-9.91311,-33.374968
MARCOS CAVALCANTI,2024-01-23 04:51:17,205.1,12.9,-9.91695,-33.376773
MARCOS CAVALCANTI,2024-01-23 04:52:27,204.9,12.9,-9.92067,-33.378563
MARCOS CAVALCANTI,2024-01-23 04:56:57,205.0,12.9,-9.935248,-33.385463
MARCOS CAVALCANTI,2024-01-23 05:20:27,205.9,12.6,-10.01063,-33.421153
MARCOS CAVALCANTI,2024-01-23 05:31:57,205.0,12.6,-10.047513,-33.438448
MARCOS CAVALCANTI,2024-01-23 05:45:06,201.2,12.7,-10.090538,-33.456156
MARCOS CAVALCANTI,2024-01-23 05:45:27,201.2,12.8,-10.091698,-33.456596
MARCOS CAVALCANTI,2024-01-23 05:46:27,201.0,12.8,-10.095015,-33.457895
MARCOS CAVALCANTI,2024-01-23 05:50:07,201.3,12.8,-10.107236,-33.462718
MARCOS CAVALCANTI,2024-01-23 05:57:08,201.1,12.9,-10.130546,-33.47174
MARCOS CAVALCANTI,2024-01-23 06:00:08,201.1,12.9,-10.140666,-33.475668
MARCOS CAVALCANTI,2024-01-23 06:02:58,200.6,12.9,-10.15017,-33.479313
MARCOS CAVALCANTI,2024-01-23 06:08:29,200.2,12.8,-10.168675,-33.486383
MARCOS CAVALCANTI,2024-01-23 06:13:48,200.6,12.8,-10.186521,-33.493126
MARCOS CAVALCANTI,2024-01-23 06:33:08,200.0,12.7,-10.250995,-33.517088
MARCOS CAVALCANTI,2024-01-23 06:55:47,202.6,12.8,-10.32552,-33.547506
MARCOS CAVALCANTI,2024-01-23 07:05:07,203.2,12.8,-10.356178,-33.560771
MARCOS CAVALCANTI,2024-01-23 07:48:47,203.7,12.7,-10.498558,-33.622625
MARCOS CAVALCANTI,2024-01-23 07:50:49,203.2,12.7,-10.505085,-33.625523
MARCOS CAVALCANTI,2024-01-23 10:01:57,203.6,12.6,-10.931535,-33.816685
MARCOS CAVALCANTI,2024-01-23 10:07:37,202.9,12.6,-10.949731,-33.824976
MARCOS CAVALCANTI,2024-01-23 10:54:26,205.6,12.7,-11.100203,-33.894781
MARCOS CAVALCANTI,2024-01-23 11:10:57,203.3,12.7,-11.153276,-33.919501
MARCOS CAVALCANTI,2024-01-23 11:11:26,203.8,12.7,-11.154843,-33.920201
MARCOS CAVALCANTI,2024-01-23 11:11:57,203.2,12.7,-11.156533,-33.920948
MARCOS CAVALCANTI,2024-01-23 11:16:37,204.4,12.7,-11.171686,-33.927783
MARCOS CAVALCANTI,2024-01-23 11:18:16,205.3,12.7,-11.177081,-33.930223
MARCOS CAVALCANTI,2024-01-23 11:38:28,204.2,12.6,-11.24242,-33.95977
MARCOS CAVALCANTI,2024-01-23 11:50:17,203.4,12.7,-11.28079,-33.97691
MARCOS CAVALCANTI,2024-01-23 11:52:46,204.2,12.8,-11.288888,-33.980545
MARCOS CAVALCANTI,2024-01-23 11:53:28,203.8,12.8,-11.291173,-33.981548
MARCOS CAVALCANTI,2024-01-23 11:54:28,203.9,12.7,-11.294363,-33.982971
MARCOS CAVALCANTI,2024-01-23 11:54:57,203.5,12.8,-11.295976,-33.983706
MARCOS CAVALCANTI,2024-01-23 11:55:08,204.1,12.8,-11.296566,-33.983978
MARCOS CAVALCANTI,2024-01-23 11:55:28,204.2,12.8,-11.29762,-33.984465
MARCOS CAVALCANTI,2024-01-23 11:56:08,203.8,12.8,-11.299786,-33.985436
MARCOS CAVALCANTI,2024-01-23 11:56:28,203.7,12.8,-11.300945,-33.985958
MARCOS CAVALCANTI,2024-01-23 11:56:58,203.4,12.8,-11.302556,-33.986675
MARCOS CAVALCANTI,2024-01-23 12:11:38,204.1,12.9,-11.350271,-34.008031
MARCOS CAVALCANTI,2024-01-23 12:15:27,203.4,12.7,-11.362743,-34.013591
MARCOS CAVALCANTI,2024-01-23 12:17:59,203.3,12.7,-11.370886,-34.017216
MARCOS CAVALCANTI,2024-01-23 12:20:58,202.5,12.8,-11.38067,-34.021565
MARCOS CAVALCANTI,2024-01-23 12:49:08,203.8,12.8,-11.472351,-34.062388
MARCOS CAVALCANTI,2024-01-23 12:49:38,203.7,12.9,-11.473928,-34.063095
MARCOS CAVALCANTI,2024-01-23 12:50:08,203.6,12.8,-11.475683,-34.06389
MARCOS CAVALCANTI,2024-01-23 12:50:18,203.5,12.8,-11.476226,-34.064133
MARCOS CAVALCANTI,2024-01-23 12:52:09,203.4,12.8,-11.482203,-34.066788
MARCOS CAVALCANTI,2024-01-23 13:25:48,202.5,13.0,-11.593103,-34.115231
MARCOS CAVALCANTI,2024-01-23 13:28:47,204.0,13.0,-11.603031,-34.119521
MARCOS CAVALCANTI,2024-01-23 13:56:48,202.3,13.0,-11.696396,-34.159725
MARCOS CAVALCANTI,2024-01-23 14:02:47,202.8,13.0,-11.71642,-34.16849
MARCOS CAVALCANTI,2024-01-23 14:08:19,204.7,13.0,-11.734836,-34.176653
MARCOS CAVALCANTI,2024-01-23 14:57:28,205.2,12.9,-11.897021,-34.25326
MARCOS CAVALCANTI,2024-01-23 15:03:17,204.7,12.9,-11.915948,-34.262315
MARCOS CAVALCANTI,2024-01-23 15:05:48,204.3,12.9,-11.924095,-34.266208
MARCOS CAVALCANTI,2024-01-23 15:50:38,206.1,13.0,-12.069926,-34.335495
MARCOS CAVALCANTI,2024-01-23 15:52:19,206.2,13.0,-12.075536,-34.33816
MARCOS CAVALCANTI,2024-01-23 16:07:45,205.3,13.1,-12.126513,-34.362475
MARCOS CAVALCANTI,2024-01-23 16:08:35,205.1,13.1,-12.129311,-34.36381
MARCOS CAVALCANTI,2024-01-23 16:08:55,205.6,13.1,-12.130348,-34.364303
MARCOS CAVALCANTI,2024-01-23 16:09:06,205.1,13.0,-12.131031,-34.364611
MARCOS CAVALCANTI,2024-01-23 16:09:35,204.8,13.1,-12.13256,-34.365341
MARCOS CAVALCANTI,2024-01-23 16:09:55,205.3,13.1,-12.133736,-34.36589
MARCOS CAVALCANTI,2024-01-23 16:10:35,204.7,13.0,-12.135923,-34.366916
MARCOS CAVALCANTI,2024-01-23 16:10:45,204.9,13.1,-12.136475,-34.367178
MARCOS CAVALCANTI,2024-01-23 16:11:45,204.6,13.1,-12.139786,-34.368751
MARCOS CAVALCANTI,2024-01-23 16:12:15,205.1,13.0,-12.141411,-34.369516
MARCOS CAVALCANTI,2024-01-23 16:13:15,204.4,13.1,-12.144723,-34.371076
MARCOS CAVALCANTI,2024-01-23 16:13:55,204.9,13.1,-12.146868,-34.372086
MARCOS CAVALCANTI,2024-01-23 16:14:15,205.3,13.1,-12.147965,-34.372606
MARCOS CAVALCANTI,2024-01-23 16:40:58,204.9,12.9,-12.235506,-34.4138
MARCOS CAVALCANTI,2024-01-23 16:43:58,204.1,13.0,-12.245298,-34.418368
MARCOS CAVALCANTI,2024-01-23 16:46:28,204.2,12.9,-12.253515,-34.42214
MARCOS CAVALCANTI,2024-01-23 17:20:59,200.5,12.9,-12.36747,-34.470766
MARCOS CAVALCANTI,2024-01-23 17:34:38,200.9,12.9,-12.413386,-34.488648
MARCOS CAVALCANTI,2024-01-23 17:37:08,201.2,12.9,-12.421763,-34.491888
MARCOS CAVALCANTI,2024-01-23 17:40:49,200.9,12.9,-12.434093,-34.496651
MARCOS CAVALCANTI,2024-01-23 17:47:06,200.3,12.9,-12.455331,-34.504856
MARCOS CAVALCANTI,2024-01-23 17:47:35,200.3,12.9,-12.457018,-34.50551
MARCOS CAVALCANTI,2024-01-23 17:48:06,200.4,12.9,-12.458695,-34.50616
MARCOS CAVALCANTI,2024-01-23 17:49:16,201.4,12.9,-12.462703,-34.50771
MARCOS CAVALCANTI,2024-01-23 17:53:08,201.1,12.9,-12.475441,-34.512728
MARCOS CAVALCANTI,2024-01-23 17:56:17,201.1,12.9,-12.486066,-34.516861
MARCOS CAVALCANTI,2024-01-23 18:25:58,203.8,12.8,-12.585088,-34.556331
MARCOS CAVALCANTI,2024-01-23 18:32:58,202.7,12.8,-12.60792,-34.566546
MARCOS CAVALCANTI,2024-01-23 19:05:28,202.7,12.9,-12.715101,-34.61347
MARCOS CAVALCANTI,2024-01-23 19:07:38,203.9,12.8,-12.722245,-34.616576
MARCOS CAVALCANTI,2024-01-23 19:10:38,202.3,12.9,-12.732141,-34.6209
MARCOS CAVALCANTI,2024-01-23 19:37:19,202.7,12.9,-12.82015,-34.659145
MARCOS CAVALCANTI,2024-01-23 19:39:47,202.5,13.0,-12.828321,-34.662681
MARCOS CAVALCANTI,2024-01-23 19:44:38,203.2,12.9,-12.844386,-34.669568
MARCOS CAVALCANTI,2024-01-23 19:53:38,203.6,12.9,-12.874216,-34.682305
MARCOS CAVALCANTI,2024-01-23 20:28:59,202.6,12.7,-12.990398,-34.732358
MARCOS CAVALCANTI,2024-01-23 20:31:17,202.9,12.7,-12.997933,-34.735636
MARCOS CAVALCANTI,2024-01-23 20:33:58,203.1,12.7,-13.006676,-34.739445
MARCOS CAVALCANTI,2024-01-23 21:01:48,203.5,12.7,-13.096981,-34.779016
MARCOS CAVALCANTI,2024-01-23 21:06:19,203.4,12.7,-13.11164,-34.785433
MARCOS CAVALCANTI,2024-01-23 21:08:38,202.8,12.7,-13.119198,-34.788751
MARCOS CAVALCANTI,2024-01-23 21:37:08,202.6,12.7,-13.21215,-34.829398
MARCOS CAVALCANTI,2024-01-23 21:40:19,203.2,12.7,-13.222451,-34.833898
MARCOS CAVALCANTI,2024-01-23 21:42:59,205.8,12.8,-13.231141,-34.837905
MARCOS CAVALCANTI,2024-01-23 21:45:48,205.8,12.8,-13.240186,-34.84223
MARCOS CAVALCANTI,2024-01-23 22:10:58,205.6,12.6,-13.32033,-34.880773
MARCOS CAVALCANTI,2024-01-23 22:13:17,204.8,12.6,-13.327675,-34.88435
MARCOS CAVALCANTI,2024-01-23 22:15:28,205.2,12.6,-13.334658,-34.887701
MARCOS CAVALCANTI,2024-01-23 22:17:58,205.1,12.6,-13.342565,-34.891466
MARCOS CAVALCANTI,2024-01-23 22:30:57,206.6,12.6,-13.383841,-34.91153
MARCOS CAVALCANTI,2024-01-23 22:46:09,206.0,12.6,-13.431963,-34.935276
MARCOS CAVALCANTI,2024-01-23 23:17:38,207.0,12.4,-13.53053,-34.984335
MARCOS CAVALCANTI,2024-01-23 23:20:27,206.3,12.4,-13.53934,-34.98866
MARCOS CAVALCANTI,2024-01-23 23:25:08,206.1,12.4,-13.55382,-34.996028
MARCOS CAVALCANTI,2024-01-23 23:26:17,207.3,12.4,-13.557348,-34.997825
MARCOS CAVALCANTI,2024-01-23 23:27:47,204.4,12.4,-13.562055,-35.000168
MARCOS CAVALCANTI,2024-01-23 23:41:17,205.4,12.6,-13.604216,-35.021548
MARCOS CAVALCANTI,2024-01-23 23:43:07,206.1,12.6,-13.60995,-35.024438
MARCOS CAVALCANTI,2024-01-23 23:52:47,207.1,12.6,-13.640361,-35.039923
MARCOS CAVALCANTI,2024-01-24 00:16:46,200.2,12.5,-13.716193,-35.077028
MARCOS CAVALCANTI,2024-01-24 00:19:38,199.8,12.5,-13.725526,-35.080523
MARCOS CAVALCANTI,2024-01-24 00:27:38,200.7,12.5,-13.75187,-35.09056
MARCOS CAVALCANTI,2024-01-24 00:32:36,199.9,12.6,-13.768385,-35.096795
MARCOS CAVALCANTI,2024-01-24 00:37:46,200.0,12.7,-13.78552,-35.10318
MARCOS CAVALCANTI,2024-01-24 01:00:17,203.5,12.8,-13.860118,-35.131701
MARCOS CAVALCANTI,2024-01-24 01:08:57,203.9,12.9,-13.888425,-35.144526
MARCOS CAVALCANTI,2024-01-24 01:10:58,204.0,12.9,-13.894983,-35.147478
MARCOS CAVALCANTI,2024-01-24 01:13:17,203.2,12.9,-13.902618,-35.150886
MARCOS CAVALCANTI,2024-01-24 01:56:09,203.1,13.0,-14.045226,-35.213878
MARCOS CAVALCANTI,2024-01-24 02:40:28,202.6,13.2,-14.195001,-35.27742
MARCOS CAVALCANTI,2024-01-24 02:44:58,201.7,13.2,-14.210331,-35.28377
MARCOS CAVALCANTI,2024-01-24 03:15:48,204.2,13.1,-14.314935,-35.327558
MARCOS CAVALCANTI,2024-01-24 03:42:07,203.6,12.9,-14.402478,-35.367158
MARCOS CAVALCANTI,2024-01-24 03:50:49,203.3,13.0,-14.43122,-35.379791
MARCOS CAVALCANTI,2024-01-24 03:53:58,203.0,12.9,-14.441716,-35.384413
MARCOS CAVALCANTI,2024-01-24 03:57:58,206.3,12.9,-14.454861,-35.39053
MARCOS CAVALCANTI,2024-01-24 04:26:59,206.4,12.9,-14.548185,-35.438056
MARCOS CAVALCANTI,2024-01-24 04:56:58,203.1,12.9,-14.645111,-35.486343
MARCOS CAVALCANTI,2024-01-24 04:59:09,203.4,12.9,-14.65237,-35.48955
MARCOS CAVALCANTI,2024-01-24 05:04:49,203.7,12.9,-14.671066,-35.497883
MARCOS CAVALCANTI,2024-01-24 05:20:27,197.2,12.8,-14.72287,-35.518951
MARCOS CAVALCANTI,2024-01-24 05:35:57,197.9,12.9,-14.775995,-35.536091
MARCOS CAVALCANTI,2024-01-24 05:38:56,198.5,12.9,-14.786141,-35.539776
MARCOS CAVALCANTI,2024-01-24 05:41:17,201.4,12.9,-14.794101,-35.54273
MARCOS CAVALCANTI,2024-01-24 06:02:49,197.2,12.7,-14.865955,-35.570688
MARCOS CAVALCANTI,2024-01-24 06:06:19,197.3,12.7,-14.877823,-35.574426
MARCOS CAVALCANTI,2024-01-24 06:08:47,197.2,12.7,-14.886173,-35.57704
MARCOS CAVALCANTI,2024-01-24 06:48:57,206.8,12.5,-15.018408,-35.628725
MARCOS CAVALCANTI,2024-01-24 06:51:58,207.4,12.5,-15.027691,-35.633686
MARCOS CAVALCANTI,2024-01-24 07:00:27,207.4,12.4,-15.05393,-35.647685
MARCOS CAVALCANTI,2024-01-24 07:46:48,208.1,12.1,-15.194123,-35.724201
MARCOS CAVALCANTI,2024-01-24 07:55:28,209.9,12.2,-15.219995,-35.738763
MARCOS CAVALCANTI,2024-01-24 08:06:29,209.9,12.2,-15.252633,-35.757481
MARCOS CAVALCANTI,2024-01-24 08:09:38,210.0,12.2,-15.261976,-35.762926
MARCOS CAVALCANTI,2024-01-24 08:13:38,209.3,12.2,-15.273823,-35.76987
MARCOS CAVALCANTI,2024-01-24 08:58:49,206.0,12.1,-15.410836,-35.83989
MARCOS CAVALCANTI,2024-01-24 09:07:18,206.6,12.1,-15.436501,-35.853045
MARCOS CAVALCANTI,2024-01-24 09:51:09,205.6,12.2,-15.570245,-35.919035
MARCOS CAVALCANTI,2024-01-24 09:53:18,205.5,12.2,-15.576876,-35.922266
MARCOS CAVALCANTI,2024-01-24 09:56:28,205.6,12.2,-15.58657,-35.92699
MARCOS CAVALCANTI,2024-01-24 09:58:08,205.3,12.2,-15.591603,-35.929453
MARCOS CAVALCANTI,2024-01-24 10:00:18,205.6,12.3,-15.59828,-35.932708
MARCOS CAVALCANTI,2024-01-24 10:46:28,201.6,12.3,-15.742685,-35.996655
MARCOS CAVALCANTI,2024-01-24 10:49:28,202.4,12.3,-15.75232,-36.000656
MARCOS CAVALCANTI,2024-01-24 11:06:07,201.7,12.2,-15.805673,-36.022251
MARCOS CAVALCANTI,2024-01-24 11:11:27,201.0,12.3,-15.822786,-36.029103
MARCOS CAVALCANTI,2024-01-24 11:11:48,200.6,12.2,-15.823911,-36.029566
MARCOS CAVALCANTI,2024-01-24 11:13:37,201.7,12.2,-15.82971,-36.031866
MARCOS CAVALCANTI,2024-01-24 11:17:46,200.9,12.3,-15.843016,-36.037136
MARCOS CAVALCANTI,2024-01-24 11:51:18,199.8,12.3,-15.949906,-36.079813
MARCOS CAVALCANTI,2024-01-24 11:51:37,199.8,12.4,-15.950926,-36.080206
MARCOS CAVALCANTI,2024-01-24 11:53:37,200.7,12.2,-15.957351,-36.08272
MARCOS CAVALCANTI,2024-01-24 11:54:57,201.1,12.2,-15.961533,-36.084388
MARCOS CAVALCANTI,2024-01-24 11:57:57,205.7,12.3,-15.971016,-36.08835
MARCOS CAVALCANTI,2024-01-24 12:23:28,205.7,12.1,-16.048906,-36.127101
MARCOS CAVALCANTI,2024-01-24 12:29:38,204.7,12.1,-16.067921,-36.136246
MARCOS CAVALCANTI,2024-01-24 13:02:48,204.6,12.5,-16.1702,-36.185121
MARCOS CAVALCANTI,2024-01-24 13:07:08,203.5,12.2,-16.18378,-36.191386
MARCOS CAVALCANTI,2024-01-24 13:07:48,204.3,12.1,-16.185831,-36.192306
MARCOS CAVALCANTI,2024-01-24 13:35:06,203.2,12.3,-16.271835,-36.231496
MARCOS CAVALCANTI,2024-01-24 13:41:27,203.5,12.3,-16.291856,-36.240463
MARCOS CAVALCANTI,2024-01-24 13:57:18,202.2,12.5,-16.342186,-36.262508
MARCOS CAVALCANTI,2024-01-24 13:59:37,202.5,12.6,-16.349695,-36.265718
MARCOS CAVALCANTI,2024-01-24 14:04:18,203.3,12.4,-16.364848,-36.272245
MARCOS CAVALCANTI,2024-01-24 14:15:08,203.0,12.6,-16.399898,-36.287346
MARCOS CAVALCANTI,2024-01-24 14:49:48,204.2,12.5,-16.510348,-36.336878
MARCOS CAVALCANTI,2024-01-24 15:42:59,204.6,12.5,-16.679005,-36.415366
MARCOS CAVALCANTI,2024-01-24 15:46:27,203.2,12.7,-16.690138,-36.420458
MARCOS CAVALCANTI,2024-01-24 16:22:56,203.4,12.6,-16.808085,-36.475025
MARCOS CAVALCANTI,2024-01-24 16:24:46,203.4,12.9,-16.814115,-36.477755
MARCOS CAVALCANTI,2024-01-24 16:34:29,203.8,12.8,-16.84588,-36.492193
MARCOS CAVALCANTI,2024-01-24 16:36:48,205.1,12.8,-16.853371,-36.495668
MARCOS CAVALCANTI,2024-01-24 16:39:37,203.6,12.7,-16.862543,-36.4999
MARCOS CAVALCANTI,2024-01-24 17:00:09,203.5,12.8,-16.928735,-36.530238
MARCOS CAVALCANTI,2024-01-24 17:02:49,202.4,12.6,-16.937445,-36.534083
MARCOS CAVALCANTI,2024-01-24 17:28:29,202.0,12.8,-17.021341,-36.57065
MARCOS CAVALCANTI,2024-01-24 17:29:09,202.4,12.7,-17.023523,-36.571593
MARCOS CAVALCANTI,2024-01-24 18:01:56,202.0,13.0,-17.131188,-36.617493
MARCOS CAVALCANTI,2024-01-24 18:03:06,201.9,13.0,-17.13509,-36.619111
MARCOS CAVALCANTI,2024-01-24 18:03:28,202.0,13.1,-17.136223,-36.619583
MARCOS CAVALCANTI,2024-01-24 18:04:06,202.0,13.1,-17.138536,-36.620556
MARCOS CAVALCANTI,2024-01-24 18:05:55,202.6,13.1,-17.1446,-36.623131
MARCOS CAVALCANTI,2024-01-24 18:12:37,202.4,12.7,-17.166863,-36.632711
MARCOS CAVALCANTI,2024-01-24 18:34:46,204.7,13.0,-17.240085,-36.665086
MARCOS CAVALCANTI,2024-01-24 18:42:48,204.7,12.8,-17.265988,-36.677681
MARCOS CAVALCANTI,2024-01-24 18:46:28,204.2,12.7,-17.277745,-36.683401
MARCOS CAVALCANTI,2024-01-24 18:53:09,204.8,12.4,-17.299021,-36.693958
MARCOS CAVALCANTI,2024-01-24 19:12:38,205.0,12.9,-17.361365,-36.72463
MARCOS CAVALCANTI,2024-01-24 19:20:37,206.2,12.8,-17.38708,-36.737615
MARCOS CAVALCANTI,2024-01-24 19:26:08,206.5,12.8,-17.404801,-36.746645
MARCOS CAVALCANTI,2024-01-24 19:28:18,205.3,13.0,-17.41176,-36.750136
MARCOS CAVALCANTI,2024-01-24 19:33:18,205.8,13.0,-17.427841,-36.758395
MARCOS CAVALCANTI,2024-01-24 19:48:09,205.0,13.2,-17.47658,-36.782771
MARCOS CAVALCANTI,2024-01-24 19:53:08,206.0,13.0,-17.492993,-36.790976
MARCOS CAVALCANTI,2024-01-24 19:55:47,206.8,12.8,-17.501488,-36.795341
MARCOS CAVALCANTI,2024-01-24 20:02:58,206.0,13.0,-17.524778,-36.807121
MARCOS CAVALCANTI,2024-01-24 20:30:17,204.6,12.8,-17.613695,-36.850416
MARCOS CAVALCANTI,2024-01-24 20:38:29,204.4,13.0,-17.640563,-36.863308
MARCOS CAVALCANTI,2024-01-24 21:00:49,205.8,12.7,-17.713423,-36.899036
MARCOS CAVALCANTI,2024-01-24 21:03:49,205.3,12.8,-17.723008,-36.903815
MARCOS CAVALCANTI,2024-01-24 21:12:27,205.4,13.0,-17.751185,-36.91746
MARCOS CAVALCANTI,2024-01-24 21:14:58,204.6,13.1,-17.759463,-36.921496
MARCOS CAVALCANTI,2024-01-24 21:20:18,205.2,12.8,-17.776971,-36.929988
MARCOS CAVALCANTI,2024-01-24 21:37:47,205.4,12.7,-17.833608,-36.957133
MARCOS CAVALCANTI,2024-01-24 21:46:08,202.4,12.6,-17.86055,-36.969011
MARCOS CAVALCANTI,2024-01-24 21:50:39,202.0,12.7,-17.875193,-36.97537
MARCOS CAVALCANTI,2024-01-24 21:53:08,202.4,12.7,-17.883246,-36.978795
MARCOS CAVALCANTI,2024-01-24 22:20:47,201.7,12.4,-17.972985,-37.017485
MARCOS CAVALCANTI,2024-01-24 22:25:49,201.4,12.5,-17.989235,-37.024375
MARCOS CAVALCANTI,2024-01-24 22:55:19,213.3,12.3,-18.075616,-37.080435
MARCOS CAVALCANTI,2024-01-24 22:58:38,213.3,12.6,-18.085156,-37.08703
MARCOS CAVALCANTI,2024-01-24 23:17:28,212.9,12.7,-18.139878,-37.125556
MARCOS CAVALCANTI,2024-01-24 23:19:17,213.9,12.5,-18.145626,-37.129605
MARCOS CAVALCANTI,2024-01-24 23:21:06,215.1,12.5,-18.150476,-37.133016
MARCOS CAVALCANTI,2024-01-24 23:28:18,215.1,12.4,-18.170876,-37.147586
MARCOS CAVALCANTI,2024-01-24 23:33:28,214.6,12.5,-18.185786,-37.15802
MARCOS CAVALCANTI,2024-01-24 23:34:07,216.2,12.6,-18.187676,-37.159338
MARCOS CAVALCANTI,2024-01-24 23:36:16,212.9,12.4,-18.193861,-37.163708
MARCOS CAVALCANTI,2024-01-24 23:36:17,212.9,12.4,-18.193861,-37.163708
MARCOS CAVALCANTI,2024-01-25 00:01:27,214.6,12.4,-18.26641,-37.215008
MARCOS CAVALCANTI,2024-01-25 00:06:07,212.9,12.6,-18.279868,-37.224491
MARCOS CAVALCANTI,2024-01-25 00:09:06,212.1,12.8,-18.288595,-37.230535
MARCOS CAVALCANTI,2024-01-25 00:14:58,213.1,12.4,-18.305433,-37.242545
MARCOS CAVALCANTI,2024-01-25 00:30:47,212.7,12.4,-18.350626,-37.274251
MARCOS CAVALCANTI,2024-01-25 00:33:08,211.7,12.6,-18.35756,-37.279006
MARCOS CAVALCANTI,2024-01-25 00:33:27,211.5,12.7,-18.358501,-37.279648
MARCOS CAVALCANTI,2024-01-25 00:34:17,213.6,12.7,-18.360925,-37.281301
MARCOS CAVALCANTI,2024-01-25 00:34:47,213.6,12.6,-18.362401,-37.28234
MARCOS CAVALCANTI,2024-01-25 00:36:17,214.3,12.4,-18.366798,-37.285453
MARCOS CAVALCANTI,2024-01-25 00:38:27,215.4,12.6,-18.372993,-37.289891
MARCOS CAVALCANTI,2024-01-25 00:59:16,215.4,12.7,-18.43334,-37.332263
MARCOS CAVALCANTI,2024-01-25 01:04:48,213.3,12.7,-18.449716,-37.34351
MARCOS CAVALCANTI,2024-01-25 01:05:19,214.2,12.6,-18.45119,-37.34454
MARCOS CAVALCANTI,2024-01-25 01:07:38,212.5,12.8,-18.458078,-37.349308
MARCOS CAVALCANTI,2024-01-25 01:07:48,212.7,12.7,-18.458526,-37.349618
MARCOS CAVALCANTI,2024-01-25 01:08:08,212.7,12.8,-18.45951,-37.350278
MARCOS CAVALCANTI,2024-01-25 01:10:19,214.0,12.9,-18.46599,-37.354756
MARCOS CAVALCANTI,2024-01-25 01:43:38,214.2,12.6,-18.562508,-37.422983
MARCOS CAVALCANTI,2024-01-25 01:54:58,215.8,12.5,-18.595033,-37.446245
MARCOS CAVALCANTI,2024-01-25 02:49:08,214.3,12.5,-18.749106,-37.560856
MARCOS CAVALCANTI,2024-01-25 02:56:58,214.0,12.3,-18.77109,-37.577246
MARCOS CAVALCANTI,2024-01-25 02:59:19,212.4,12.5,-18.777891,-37.581885
MARCOS CAVALCANTI,2024-01-25 03:13:34,213.5,12.3,-18.818828,-37.61039
MARCOS CAVALCANTI,2024-01-25 03:30:48,213.6,12.6,-18.868376,-37.645441
MARCOS CAVALCANTI,2024-01-25 03:40:28,216.5,12.5,-18.896241,-37.665451
MARCOS CAVALCANTI,2024-01-25 03:59:08,214.5,12.6,-18.948985,-37.705576
MARCOS CAVALCANTI,2024-01-25 04:01:18,213.4,12.5,-18.955226,-37.710218
MARCOS CAVALCANTI,2024-01-25 04:04:39,217.2,12.5,-18.964665,-37.71732
MARCOS CAVALCANTI,2024-01-25 04:07:49,213.3,12.4,-18.973595,-37.724001
MARCOS CAVALCANTI,2024-01-25 04:11:47,216.8,12.4,-18.984945,-37.732463
MARCOS CAVALCANTI,2024-01-25 04:11:56,216.5,12.3,-18.985361,-37.732776
MARCOS CAVALCANTI,2024-01-25 04:13:56,216.1,12.4,-18.991008,-37.737001
MARCOS CAVALCANTI,2024-01-25 04:33:58,214.7,12.4,-19.046938,-37.778523
MARCOS CAVALCANTI,2024-01-25 04:39:07,214.3,12.4,-19.061453,-37.789555
MARCOS CAVALCANTI,2024-01-25 04:43:35,218.4,12.5,-19.074176,-37.799186
MARCOS CAVALCANTI,2024-01-25 04:44:35,216.2,12.4,-19.076963,-37.801371
MARCOS CAVALCANTI,2024-01-25 04:44:56,214.2,12.5,-19.077995,-37.802136
MARCOS CAVALCANTI,2024-01-25 04:46:35,213.8,12.5,-19.082711,-37.805616
MARCOS CAVALCANTI,2024-01-25 04:46:56,214.4,12.5,-19.08371,-37.806348
MARCOS CAVALCANTI,2024-01-25 04:48:56,215.7,12.6,-19.089363,-37.810673
MARCOS CAVALCANTI,2024-01-25 04:49:26,217.2,12.5,-19.090721,-37.811721
MARCOS CAVALCANTI,2024-01-25 05:04:39,219.0,12.3,-19.133648,-37.844691
MARCOS CAVALCANTI,2024-01-25 05:11:17,216.1,12.3,-19.152011,-37.859226
MARCOS CAVALCANTI,2024-01-25 05:12:38,217.6,12.4,-19.155715,-37.862206
MARCOS CAVALCANTI,2024-01-25 05:13:38,217.1,12.5,-19.158513,-37.864385
MARCOS CAVALCANTI,2024-01-25 05:44:07,221.1,12.6,-19.24145,-37.932398
MARCOS CAVALCANTI,2024-01-25 05:47:18,217.0,12.2,-19.250143,-37.939445
MARCOS CAVALCANTI,2024-01-25 05:56:27,215.6,12.6,-19.276011,-37.959191
MARCOS CAVALCANTI,2024-01-25 05:59:08,216.1,12.2,-19.283533,-37.965046
MARCOS CAVALCANTI,2024-01-25 06:22:59,214.4,12.7,-19.351225,-38.01542
MARCOS CAVALCANTI,2024-01-25 06:53:27,219.5,12.7,-19.439506,-38.081048
MARCOS CAVALCANTI,2024-01-25 07:06:37,221.3,12.9,-19.475378,-38.112823
MARCOS CAVALCANTI,2024-01-25 07:12:18,221.5,12.9,-19.491168,-38.126688
MARCOS CAVALCANTI,2024-01-25 07:41:58,213.1,12.6,-19.574395,-38.193821
MARCOS CAVALCANTI,2024-01-25 08:01:38,212.2,12.8,-19.634211,-38.233215
MARCOS CAVALCANTI,2024-01-25 08:07:08,211.6,12.9,-19.650855,-38.244281
MARCOS CAVALCANTI,2024-01-25 08:52:09,213.6,12.2,-19.783663,-38.334558
MARCOS CAVALCANTI,2024-01-25 08:57:48,213.4,12.4,-19.799785,-38.345845
MARCOS CAVALCANTI,2024-01-25 09:29:27,213.5,11.9,-19.890336,-38.407336
MARCOS CAVALCANTI,2024-01-25 09:43:08,213.7,11.9,-19.928671,-38.433748
MARCOS CAVALCANTI,2024-01-25 10:19:37,215.7,11.3,-20.026663,-38.505153
MARCOS CAVALCANTI,2024-01-25 10:36:38,212.9,11.3,-20.071685,-38.53685
MARCOS CAVALCANTI,2024-01-25 10:39:27,215.2,11.3,-20.0791,-38.541975
MARCOS CAVALCANTI,2024-01-25 10:42:27,213.0,11.2,-20.08685,-38.547596
MARCOS CAVALCANTI,2024-01-25 11:06:36,215.3,10.8,-20.149573,-38.592665
MARCOS CAVALCANTI,2024-01-25 11:09:47,216.5,10.6,-20.1575,-38.59854
MARCOS CAVALCANTI,2024-01-25 11:10:58,215.2,10.7,-20.160336,-38.600623
MARCOS CAVALCANTI,2024-01-25 11:11:16,214.2,10.7,-20.16115,-38.60122
MARCOS CAVALCANTI,2024-01-25 11:27:28,218.1,11.2,-20.201345,-38.632381
MARCOS CAVALCANTI,2024-01-25 11:30:28,217.9,10.9,-20.208775,-38.638408
MARCOS CAVALCANTI,2024-01-25 11:43:26,218.0,10.4,-20.239823,-38.663735
MARCOS CAVALCANTI,2024-01-25 11:46:27,216.5,10.6,-20.246745,-38.669405
MARCOS CAVALCANTI,2024-01-25 12:35:08,215.5,11.5,-20.372413,-38.762541
MARCOS CAVALCANTI,2024-01-25 12:40:57,215.4,11.6,-20.387606,-38.77411
MARCOS CAVALCANTI,2024-01-25 12:40:58,215.4,11.6,-20.387606,-38.77411
MARCOS CAVALCANTI,2024-01-25 12:43:28,216.3,11.6,-20.394171,-38.779098
MARCOS CAVALCANTI,2024-01-25 12:44:18,216.4,11.5,-20.396333,-38.78079
MARCOS CAVALCANTI,2024-01-25 13:00:08,217.0,11.8,-20.437298,-38.813235
MARCOS CAVALCANTI,2024-01-25 13:02:18,218.1,11.7,-20.442911,-38.817811
MARCOS CAVALCANTI,2024-01-25 13:15:18,215.5,11.8,-20.476976,-38.844356
MARCOS CAVALCANTI,2024-01-25 13:19:18,215.3,11.6,-20.487301,-38.852493
MARCOS CAVALCANTI,2024-01-25 13:19:44,215.2,11.6,-20.488566,-38.853473
MARCOS CAVALCANTI,2024-01-25 13:48:29,216.0,11.6,-20.56213,-38.910851
MARCOS CAVALCANTI,2024-01-25 13:49:37,215.4,11.3,-20.565148,-38.913216
MARCOS CAVALCANTI,2024-01-25 13:53:18,214.4,11.2,-20.574583,-38.920291
MARCOS CAVALCANTI,2024-01-25 13:54:17,214.3,11.4,-20.5772,-38.92225
MARCOS CAVALCANTI,2024-01-25 14:25:09,210.4,11.3,-20.658893,-38.982695
MARCOS CAVALCANTI,2024-01-25 14:39:09,209.4,11.6,-20.698016,-39.005338
MARCOS CAVALCANTI,2024-01-25 14:41:48,219.9,11.7,-20.705066,-39.01051
MARCOS CAVALCANTI,2024-01-25 14:49:48,223.2,12.0,-20.723796,-39.029748
MARCOS CAVALCANTI,2024-01-25 15:39:57,217.3,11.4,-20.847473,-39.143995
MARCOS CAVALCANTI,2024-01-25 16:10:16,208.7,11.5,-20.928638,-39.202036
MARCOS CAVALCANTI,2024-01-25 16:26:08,210.2,11.4,-20.973768,-39.227428
MARCOS CAVALCANTI,2024-01-25 16:30:37,208.5,11.3,-20.986471,-39.23452
MARCOS CAVALCANTI,2024-01-25 16:38:16,203.8,11.8,-21.008656,-39.24632
MARCOS CAVALCANTI,2024-01-25 16:39:35,205.9,11.6,-21.012478,-39.248353
MARCOS CAVALCANTI,2024-01-25 16:43:36,206.0,11.6,-21.024226,-39.254591
MARCOS CAVALCANTI,2024-01-25 16:43:59,205.6,11.7,-21.02524,-39.25515
MARCOS CAVALCANTI,2024-01-25 16:44:56,208.0,11.9,-21.028115,-39.2567
MARCOS CAVALCANTI,2024-01-25 16:45:46,207.3,11.7,-21.030633,-39.258016
MARCOS CAVALCANTI,2024-01-25 16:46:46,208.2,11.7,-21.033516,-39.259558
MARCOS CAVALCANTI,2024-01-25 17:10:08,216.6,12.0,-21.097521,-39.30316
MARCOS CAVALCANTI,2024-01-25 17:12:38,220.2,11.6,-21.103943,-39.308551
MARCOS CAVALCANTI,2024-01-25 17:40:59,216.3,11.5,-21.176425,-39.369478
MARCOS CAVALCANTI,2024-01-25 17:49:07,214.3,11.3,-21.197291,-39.386518
MARCOS CAVALCANTI,2024-01-25 17:54:17,210.3,11.8,-21.211148,-39.396306
MARCOS CAVALCANTI,2024-01-25 18:18:08,210.7,11.3,-21.277055,-39.441253
MARCOS CAVALCANTI,2024-01-25 18:20:05,213.8,11.4,-21.282401,-39.44488
MARCOS CAVALCANTI,2024-01-25 18:20:55,210.5,11.5,-21.284708,-39.446455
MARCOS CAVALCANTI,2024-01-25 18:21:24,212.1,11.7,-21.286001,-39.447303
MARCOS CAVALCANTI,2024-01-25 18:21:58,211.5,11.6,-21.287446,-39.448218
MARCOS CAVALCANTI,2024-01-25 18:27:28,211.4,11.7,-21.3027,-39.458243
MARCOS CAVALCANTI,2024-01-25 18:31:58,213.2,11.7,-21.315181,-39.466561
MARCOS CAVALCANTI,2024-01-25 18:48:17,216.9,11.5,-21.359585,-39.496711
MARCOS CAVALCANTI,2024-01-25 18:55:17,212.9,11.6,-21.378495,-39.509811
MARCOS CAVALCANTI,2024-01-25 18:57:28,212.2,11.7,-21.384371,-39.513921
MARCOS CAVALCANTI,2024-01-25 19:26:58,232.4,11.4,-21.464371,-39.56897
MARCOS CAVALCANTI,2024-01-25 19:31:58,228.8,11.5,-21.474361,-39.58242
MARCOS CAVALCANTI,2024-01-25 19:39:58,229.6,11.7,-21.490535,-39.60421
MARCOS CAVALCANTI,2024-01-25 19:43:28,235.6,12.0,-21.497641,-39.613873
MARCOS CAVALCANTI,2024-01-25 20:03:38,230.5,11.8,-21.537698,-39.669403
MARCOS CAVALCANTI,2024-01-25 20:07:17,226.4,11.5,-21.544941,-39.679408
MARCOS CAVALCANTI,2024-01-25 20:11:07,226.2,11.7,-21.552516,-39.689911
MARCOS CAVALCANTI,2024-01-25 20:21:17,230.3,11.8,-21.572805,-39.717638
MARCOS CAVALCANTI,2024-01-25 20:39:08,229.8,11.9,-21.60876,-39.765853
MARCOS CAVALCANTI,2024-01-25 21:20:28,232.4,11.7,-21.69391,-39.87605
MARCOS CAVALCANTI,2024-01-25 22:00:58,228.9,11.5,-21.780088,-39.980886
MARCOS CAVALCANTI,2024-01-25 22:20:38,241.7,11.8,-21.820586,-40.033013
MARCOS CAVALCANTI,2024-01-25 22:23:38,235.8,11.6,-21.826525,-40.04133
MARCOS CAVALCANTI,2024-01-25 22:33:48,232.4,11.7,-21.846393,-40.069423
MARCOS CAVALCANTI,2024-01-25 22:55:08,231.4,11.9,-21.889791,-40.129305
MARCOS CAVALCANTI,2024-01-25 23:04:58,213.7,12.0,-21.912295,-40.154146
MARCOS CAVALCANTI,2024-01-25 23:09:28,216.3,12.1,-21.924425,-40.163661
MARCOS CAVALCANTI,2024-01-25 23:13:08,220.7,12.0,-21.934208,-40.171895
MARCOS CAVALCANTI,2024-01-25 23:15:48,219.9,12.4,-21.940991,-40.178261
MARCOS CAVALCANTI,2024-01-26 00:04:49,238.7,12.1,-22.040121,-40.323001
MARCOS CAVALCANTI,2024-01-26 00:09:38,240.6,11.9,-22.047956,-40.337973
MARCOS CAVALCANTI,2024-01-26 00:28:57,231.2,11.7,-22.08849,-40.389948
MARCOS CAVALCANTI,2024-01-26 00:29:17,227.9,11.7,-22.089198,-40.390833
MARCOS CAVALCANTI,2024-01-26 00:32:17,227.8,11.9,-22.0958,-40.398716
MARCOS CAVALCANTI,2024-01-26 00:42:08,229.3,11.9,-22.117675,-40.42521
MARCOS CAVALCANTI,2024-01-26 00:45:28,225.8,12.1,-22.125056,-40.434195
MARCOS CAVALCANTI,2024-01-26 00:55:57,233.3,12.1,-22.148293,-40.462998
MARCOS CAVALCANTI,2024-01-26 01:44:18,238.3,12.7,-22.232613,-40.617388
MARCOS CAVALCANTI,2024-01-26 01:56:07,227.1,12.2,-22.256766,-40.652248
MARCOS CAVALCANTI,2024-01-26 01:58:58,227.5,12.3,-22.263521,-40.659808
MARCOS CAVALCANTI,2024-01-26 02:31:57,238.5,12.5,-22.344475,-40.74367
MARCOS CAVALCANTI,2024-01-26 02:34:08,231.4,12.6,-22.348706,-40.750346
MARCOS CAVALCANTI,2024-01-26 02:38:48,231.3,12.3,-22.358071,-40.764496
MARCOS CAVALCANTI,2024-01-26 02:43:36,228.4,12.4,-22.368508,-40.77854
MARCOS CAVALCANTI,2024-01-26 02:58:07,226.8,12.2,-22.403573,-40.816116
MARCOS CAVALCANTI,2024-01-26 03:00:17,223.1,12.1,-22.408825,-40.82169
MARCOS CAVALCANTI,2024-01-26 03:04:38,227.4,12.4,-22.419281,-40.832905
MARCOS CAVALCANTI,2024-01-26 03:29:26,235.5,12.3,-22.475166,-40.901425
MARCOS CAVALCANTI,2024-01-26 03:32:08,240.6,12.0,-22.480471,-40.909505
MARCOS CAVALCANTI,2024-01-26 03:33:48,239.3,12.0,-22.48372,-40.914413
MARCOS CAVALCANTI,2024-01-26 03:40:18,234.7,12.1,-22.496508,-40.933563
MARCOS CAVALCANTI,2024-01-26 04:08:18,241.9,11.6,-22.55094,-41.016548
MARCOS CAVALCANTI,2024-01-26 04:17:17,225.6,11.3,-22.568965,-41.041768
MARCOS CAVALCANTI,2024-01-26 04:24:08,220.1,11.8,-22.584708,-41.05823
MARCOS CAVALCANTI,2024-01-26 04:45:28,227.7,12.2,-22.629413,-41.116985
MARCOS CAVALCANTI,2024-01-26 04:55:28,238.3,12.0,-22.646353,-41.147665
MARCOS CAVALCANTI,2024-01-26 05:00:48,244.3,12.0,-22.65526,-41.163876
MARCOS CAVALCANTI,2024-01-26 05:02:07,238.1,12.1,-22.657541,-41.167925
MARCOS CAVALCANTI,2024-01-26 05:02:17,239.7,12.0,-22.657826,-41.168435
MARCOS CAVALCANTI,2024-01-26 05:03:07,239.8,11.9,-22.65932,-41.171056
MARCOS CAVALCANTI,2024-01-26 05:03:18,241.1,11.9,-22.659578,-41.171521
MARCOS CAVALCANTI,2024-01-26 05:05:17,237.0,12.2,-22.663008,-41.177708
MARCOS CAVALCANTI,2024-01-26 05:05:47,237.9,11.4,-22.663818,-41.17924
MARCOS CAVALCANTI,2024-01-26 05:06:47,233.8,11.8,-22.665365,-41.182316
MARCOS CAVALCANTI,2024-01-26 05:06:57,236.4,11.8,-22.665653,-41.182881
MARCOS CAVALCANTI,2024-01-26 05:46:17,222.1,11.6,-22.745596,-41.286946
MARCOS CAVALCANTI,2024-01-26 05:51:08,227.3,11.2,-22.756863,-41.298273
MARCOS CAVALCANTI,2024-01-26 05:55:08,231.0,11.4,-22.766058,-41.30761
MARCOS CAVALCANTI,2024-01-26 06:07:59,226.0,11.5,-22.795535,-41.337265
MARCOS CAVALCANTI,2024-01-26 06:37:38,238.3,11.1,-22.851625,-41.417558
MARCOS CAVALCANTI,2024-01-26 06:57:57,233.8,11.4,-22.891575,-41.471033
MARCOS CAVALCANTI,2024-01-26 07:33:27,236.6,11.0,-22.954633,-41.569983
MARCOS CAVALCANTI,2024-01-26 07:43:06,237.0,10.6,-22.970768,-41.59689
MARCOS CAVALCANTI,2024-01-26 07:53:56,233.7,11.2,-22.990943,-41.62589
MARCOS CAVALCANTI,2024-01-26 08:28:07,231.3,11.2,-23.054435,-41.719065
MARCOS CAVALCANTI,2024-01-26 08:31:18,230.5,11.2,-23.060383,-41.727783
MARCOS CAVALCANTI,2024-01-26 08:48:46,231.3,11.6,-23.092841,-41.776485
MARCOS CAVALCANTI,2024-01-26 09:23:27,263.2,12.9,-23.125375,-41.889025
MARCOS CAVALCANTI,2024-01-26 10:27:36,266.2,11.8,-23.12884,-42.133701
MARCOS CAVALCANTI,2024-01-26 10:34:27,266.3,11.4,-23.129166,-42.15713
MARCOS CAVALCANTI,2024-01-26 10:36:48,269.8,11.3,-23.12924,-42.165091
MARCOS CAVALCANTI,2024-01-26 11:05:38,266.4,12.5,-23.131431,-42.271601
MARCOS CAVALCANTI,2024-01-26 11:07:37,268.4,12.6,-23.131753,-42.279085
MARCOS CAVALCANTI,2024-01-26 11:08:18,268.6,12.5,-23.131838,-42.281615
MARCOS CAVALCANTI,2024-01-26 11:09:49,268.3,12.5,-23.131948,-42.287306
MARCOS CAVALCANTI,2024-01-26 11:35:37,268.2,12.3,-23.134668,-42.38296
MARCOS CAVALCANTI,2024-01-26 11:39:07,271.2,12.3,-23.135035,-42.395878
MARCOS CAVALCANTI,2024-01-26 11:41:28,266.6,12.2,-23.135386,-42.404506
MARCOS CAVALCANTI,2024-01-26 11:58:29,268.2,12.5,-23.137835,-42.467765
MARCOS CAVALCANTI,2024-01-26 12:01:28,267.8,12.4,-23.138273,-42.478921
MARCOS CAVALCANTI,2024-01-26 12:02:58,269.9,12.4,-23.13849,-42.484615
MARCOS CAVALCANTI,2024-01-26 12:08:08,214.4,10.2,-23.14516,-42.499573
MARCOS CAVALCANTI,2024-01-26 12:20:18,193.6,11.8,-23.18098,-42.512161
MARCOS CAVALCANTI,2024-01-26 12:37:27,184.9,12.0,-23.235833,-42.523125
MARCOS CAVALCANTI,2024-01-26 12:42:47,192.0,11.4,-23.253008,-42.526623
MARCOS CAVALCANTI,2024-01-26 12:44:48,191.9,11.5,-23.259208,-42.528113
MARCOS CAVALCANTI,2024-01-26 12:53:47,190.9,11.6,-23.287563,-42.534071
MARCOS CAVALCANTI,2024-01-26 12:55:57,189.1,11.6,-23.294456,-42.535578
MARCOS CAVALCANTI,2024-01-26 13:07:17,194.1,11.8,-23.330015,-42.54391
MARCOS CAVALCANTI,2024-01-26 13:24:18,193.0,11.7,-23.38394,-42.557236
MARCOS CAVALCANTI,2024-01-26 13:29:47,192.4,11.7,-23.401448,-42.562006
MARCOS CAVALCANTI,2024-01-26 13:44:18,192.0,11.7,-23.448303,-42.574485
MARCOS CAVALCANTI,2024-01-26 13:49:39,193.7,12.0,-23.465573,-42.578941
MARCOS CAVALCANTI,2024-01-26 14:02:38,194.8,12.3,-23.50887,-42.590716
MARCOS CAVALCANTI,2024-01-26 14:32:58,213.0,12.7,-23.608543,-42.625943
MARCOS CAVALCANTI,2024-01-26 14:35:08,216.6,12.7,-23.614581,-42.631076
MARCOS CAVALCANTI,2024-01-26 14:36:17,216.7,12.8,-23.617808,-42.633825
MARCOS CAVALCANTI,2024-01-26 14:37:48,218.8,12.8,-23.622015,-42.63739
MARCOS CAVALCANTI,2024-01-26 14:40:38,220.0,12.7,-23.630011,-42.644255
MARCOS CAVALCANTI,2024-01-26 15:37:47,268.8,12.9,-23.632991,-42.856638
MARCOS CAVALCANTI,2024-01-26 16:20:48,266.7,12.5,-23.641513,-43.020388
MARCOS CAVALCANTI,2024-01-26 16:41:47,267.1,12.2,-23.644765,-43.097908
MARCOS CAVALCANTI,2024-01-26 16:52:57,269.6,11.9,-23.645103,-43.13831
MARCOS CAVALCANTI,2024-01-26 16:57:56,271.8,12.0,-23.644996,-43.156336
MARCOS CAVALCANTI,2024-01-26 17:00:06,273.2,12.1,-23.644905,-43.164205
MARCOS CAVALCANTI,2024-01-26 17:00:16,271.4,12.0,-23.644906,-43.164811
MARCOS CAVALCANTI,2024-01-26 17:04:06,274.7,12.0,-23.644351,-43.178688
MARCOS CAVALCANTI,2024-01-26 17:13:08,277.7,12.0,-23.642503,-43.211331
MARCOS CAVALCANTI,2024-01-26 17:14:59,275.5,11.9,-23.642021,-43.217908
MARCOS CAVALCANTI,2024-01-26 17:27:38,278.2,12.0,-23.638015,-43.263638
MARCOS CAVALCANTI,2024-01-26 17:32:18,275.2,11.8,-23.636268,-43.280433
MARCOS CAVALCANTI,2024-01-26 17:51:07,271.3,11.3,-23.63275,-43.3458
MARCOS CAVALCANTI,2024-01-26 17:53:37,274.0,11.2,-23.632285,-43.354338
MARCOS CAVALCANTI,2024-01-26 18:26:58,265.0,12.1,-23.624941,-43.472301
MARCOS CAVALCANTI,2024-01-26 18:30:28,270.5,12.2,-23.625068,-43.485175
MARCOS CAVALCANTI,2024-01-26 18:57:08,267.4,12.1,-23.627266,-43.583678
MARCOS CAVALCANTI,2024-01-26 19:02:27,268.1,12.4,-23.627768,-43.60338
MARCOS CAVALCANTI,2024-01-26 19:17:58,268.0,12.3,-23.629826,-43.661188
MARCOS CAVALCANTI,2024-01-26 19:34:28,269.0,12.3,-23.632555,-43.72229
MARCOS CAVALCANTI,2024-01-26 19:49:09,268.9,12.3,-23.635498,-43.776896
MARCOS CAVALCANTI,2024-01-26 20:09:08,267.2,12.2,-23.640055,-43.850703
MARCOS CAVALCANTI,2024-01-26 20:20:18,269.0,12.3,-23.642083,-43.891873
MARCOS CAVALCANTI,2024-01-26 20:25:07,268.6,12.2,-23.64235,-43.909725
MARCOS CAVALCANTI,2024-01-26 21:00:28,270.5,12.3,-23.643461,-44.040473
MARCOS CAVALCANTI,2024-01-26 22:03:26,270.9,12.5,-23.636785,-44.27643
MARCOS CAVALCANTI,2024-01-26 22:10:04,281.0,12.3,-23.636205,-44.30162
MARCOS CAVALCANTI,2024-01-26 22:11:57,316.3,11.1,-23.633353,-44.307385
MARCOS CAVALCANTI,2024-01-26 22:36:48,343.4,12.7,-23.54932,-44.333645
MARCOS CAVALCANTI,2024-01-26 22:57:19,339.7,13.3,-23.477935,-44.35968
MARCOS CAVALCANTI,2024-01-26 23:04:48,340.9,13.3,-23.451736,-44.369675
MARCOS CAVALCANTI,2024-01-26 23:05:48,340.5,13.3,-23.448168,-44.371008
MARCOS CAVALCANTI,2024-01-26 23:07:18,340.3,13.3,-23.442873,-44.372975
MARCOS CAVALCANTI,2024-01-26 23:49:06,341.8,13.2,-23.29631,-44.424788
MARCOS CAVALCANTI,2024-01-26 23:50:06,342.6,13.2,-23.292815,-44.425956
MARCOS CAVALCANTI,2024-01-27 00:07:16,357.6,13.3,-23.24141,-44.431491
MARCOS CAVALCANTI,2024-01-27 00:28:37,1.5,7.2,-23.165181,-44.438113
MARCOS CAVALCANTI,2024-01-27 00:42:28,352.6,3.8,-23.145288,-44.440031
MARCOS CAVALCANTI,2024-01-27 00:52:18,348.0,2.8,-23.136576,-44.441788
MARCOS CAVALCANTI,2024-01-27 00:53:08,349.0,2.7,-23.135948,-44.441906
MARCOS CAVALCANTI,2024-01-27 00:53:38,351.5,2.7,-23.135566,-44.441981
MARCOS CAVALCANTI,2024-01-27 00:54:17,352.0,2.7,-23.1351,-44.442071
MARCOS CAVALCANTI,2024-01-27 00:57:38,346.0,2.5,-23.132795,-44.442598
MARCOS CAVALCANTI,2024-01-27 01:32:58,17.0,0.5,-23.116471,-44.427631
MARCOS CAVALCANTI,2024-01-27 02:01:18,38.4,0.0,-23.114888,-44.428476
MARCOS CAVALCANTI,2024-01-27 03:48:33,77.4,0.2,-23.11452,-44.427385
MARCOS CAVALCANTI,2024-01-27 05:00:35,95.1,0.1,-23.11454,-44.427428
MARCOS CAVALCANTI,2024-01-27 05:48:35,143.0,0.1,-23.114703,-44.426956
MARCOS CAVALCANTI,2024-01-27 07:30:35,131.0,0.3,-23.115165,-44.426108
MARCOS CAVALCANTI,2024-01-27 12:21:35,92.5,0.2,-23.114656,-44.427093
MARCOS CAVALCANTI,2024-01-27 17:06:35,43.8,0.2,-23.11454,-44.427765
MARCOS CAVALCANTI,2024-01-27 17:15:33,305.3,0.1,-23.11454,-44.427925
MARCOS CAVALCANTI,2024-01-27 23:00:35,251.0,0.2,-23.114938,-44.4288
MARCOS CAVALCANTI,2024-01-28 06:27:35,244.3,0.1,-23.11489,-44.428373
MARCOS CAVALCANTI,2024-01-28 12:06:35,120.7,0.1,-23.114643,-44.427078
MARCOS CAVALCANTI,2024-01-28 12:42:35,225.5,0.1,-23.114606,-44.42723
MARCOS CAVALCANTI,2024-01-28 13:30:35,56.0,0.2,-23.114625,-44.427478
MARCOS CAVALCANTI,2024-01-28 17:45:34,289.8,0.1,-23.11453,-44.42811
MARCOS CAVALCANTI,2024-01-28 19:03:34,279.3,0.2,-23.114633,-44.427771
MARCOS CAVALCANTI,2024-01-28 22:57:34,223.0,0.0,-23.115415,-44.42877
MARCOS CAVALCANTI,2024-01-29 03:48:35,46.3,0.2,-23.114998,-44.428096
MARCOS CAVALCANTI,2024-01-29 04:39:35,280.2,0.1,-23.114816,-44.426826
MARCOS CAVALCANTI,2024-01-29 09:57:35,252.8,0.0,-23.11473,-44.427238
MARCOS CAVALCANTI,2024-01-29 10:48:35,251.7,0.0,-23.11482,-44.427718
MARCOS CAVALCANTI,2024-01-29 12:36:35,133.7,0.0,-23.114731,-44.426666
MARCOS CAVALCANTI,2024-01-29 22:45:34,192.5,0.0,-23.115796,-44.428968
MARCOS CAVALCANTI,2024-01-30 07:15:35,103.5,0.1,-23.115171,-44.426121
MARCOS CAVALCANTI,2024-01-30 10:42:35,342.4,0.0,-23.11626,-44.425011
MARCOS CAVALCANTI,2024-01-30 12:27:35,278.2,0.1,-23.115251,-44.42612
MARCOS CAVALCANTI,2024-01-30 13:21:35,228.4,0.1,-23.115013,-44.426471
MARCOS CAVALCANTI,2024-01-30 16:27:33,39.4,0.0,-23.114646,-44.427941
MARCOS CAVALCANTI,2024-01-30 17:27:35,278.2,0.0,-23.114625,-44.427993
MARCOS CAVALCANTI,2024-01-30 18:12:35,79.2,0.0,-23.114743,-44.42809
MARCOS CAVALCANTI,2024-01-30 18:18:35,63.6,0.0,-23.114743,-44.428001
MARCOS CAVALCANTI,2024-01-30 21:09:35,204.3,0.1,-23.114901,-44.428296
MARCOS CAVALCANTI,2024-01-30 23:24:34,170.1,0.1,-23.115293,-44.428655
MARCOS CAVALCANTI,2024-01-31 00:06:34,62.8,0.0,-23.115355,-44.428638
MARCOS CAVALCANTI,2024-01-31 00:09:34,59.8,0.0,-23.115311,-44.428633
MARCOS CAVALCANTI,2024-01-31 05:18:35,67.0,0.1,-23.114715,-44.427736
MARCOS CAVALCANTI,2024-01-31 08:09:35,202.5,0.0,-23.114931,-44.427776
MARCOS CAVALCANTI,2024-01-31 10:45:34,156.2,0.1,-23.117423,-44.429106
MARCOS CAVALCANTI,2024-01-31 12:21:34,60.0,0.1,-23.114676,-44.426823
MARCOS CAVALCANTI,2024-01-31 14:21:34,307.9,0.0,-23.114706,-44.426138
MARCOS CAVALCANTI,2024-01-31 16:36:33,39.1,0.0,-23.114495,-44.426966
MARCOS CAVALCANTI,2024-01-31 23:30:35,192.2,0.3,-23.116553,-44.429518
MARCOS CAVALCANTI,2024-02-01 00:03:34,224.8,0.1,-23.116895,-44.429673
MARCOS CAVALCANTI,2024-02-01 01:18:35,208.6,0.1,-23.116395,-44.42951
MARCOS CAVALCANTI,2024-02-01 04:24:35,298.9,0.0,-23.11455,-44.427243
MARCOS CAVALCANTI,2024-02-01 07:51:35,84.1,0.2,-23.11914,-44.427286
MARCOS CAVALCANTI,2024-02-01 11:33:37,322.8,0.1,-23.117165,-44.424635
MARCOS CAVALCANTI,2024-02-01 22:27:35,231.0,0.0,-23.115105,-44.428601
MARCOS CAVALCANTI,2024-02-02 00:18:35,184.8,0.0,-23.116698,-44.429413
MARCOS CAVALCANTI,2024-02-02 00:51:34,175.4,0.1,-23.117093,-44.429403
MARCOS CAVALCANTI,2024-02-02 01:39:35,340.7,0.1,-23.11658,-44.429321
MARCOS CAVALCANTI,2024-02-02 08:51:35,26.1,0.2,-23.117491,-44.424865
MARCOS CAVALCANTI,2024-02-02 10:06:35,324.8,0.0,-23.116645,-44.424788
MARCOS CAVALCANTI,2024-02-02 10:24:35,320.4,0.1,-23.116545,-44.424718
MARCOS CAVALCANTI,2024-02-02 12:21:35,200.1,0.0,-23.11628,-44.424765
MARCOS CAVALCANTI,2024-02-02 15:48:35,290.3,0.1,-23.115246,-44.42537
MARCOS CAVALCANTI,2024-02-02 17:15:33,61.6,0.1,-23.114686,-44.42604
MARCOS CAVALCANTI,2024-02-02 22:12:35,239.3,0.0,-23.114618,-44.42727
MARCOS CAVALCANTI,2024-02-02 22:42:35,246.4,0.1,-23.114605,-44.42727
MARCOS CAVALCANTI,2024-02-03 00:30:34,189.6,0.1,-23.114786,-44.4281
MARCOS CAVALCANTI,2024-02-03 01:00:35,269.7,0.0,-23.114818,-44.42808
MARCOS CAVALCANTI,2024-02-03 01:03:35,256.7,0.1,-23.114813,-44.428131
MARCOS CAVALCANTI,2024-02-03 06:45:34,46.6,0.0,-23.11814,-44.425451
MARCOS CAVALCANTI,2024-02-03 09:00:35,275.6,0.1,-23.11728,-44.424806
MARCOS CAVALCANTI,2024-02-03 13:24:34,310.9,0.1,-23.115623,-44.424983
MARCOS CAVALCANTI,2024-02-03 15:27:35,321.7,0.1,-23.115353,-44.425131
MARCOS CAVALCANTI,2024-02-03 18:57:35,161.6,0.1,-23.114515,-44.427071
MARCOS CAVALCANTI,2024-02-03 19:00:35,275.3,0.1,-23.11454,-44.427078
MARCOS CAVALCANTI,2024-02-03 19:36:35,55.3,0.1,-23.114546,-44.427011
MARCOS CAVALCANTI,2024-02-03 23:24:34,108.2,0.1,-23.114841,-44.42622
MARCOS CAVALCANTI,2024-02-04 01:30:34,158.8,0.1,-23.116686,-44.429238
MARCOS CAVALCANTI,2024-02-04 02:18:34,171.8,0.0,-23.116711,-44.429025
MARCOS CAVALCANTI,2024-02-04 04:45:35,52.8,0.1,-23.118475,-44.425768
MARCOS CAVALCANTI,2024-02-04 04:51:35,55.6,0.1,-23.11838,-44.425595
MARCOS CAVALCANTI,2024-02-04 06:51:35,39.3,0.1,-23.117791,-44.424958
MARCOS CAVALCANTI,2024-02-04 06:57:35,27.2,0.1,-23.117758,-44.42493
MARCOS CAVALCANTI,2024-02-04 07:48:34,40.0,0.1,-23.117316,-44.424793
MARCOS CAVALCANTI,2024-02-04 08:03:35,6.3,0.1,-23.117233,-44.424765
MARCOS CAVALCANTI,2024-02-04 10:54:35,352.3,0.5,-23.116881,-44.424668
MARCOS CAVALCANTI,2024-02-04 11:06:35,18.6,0.1,-23.116906,-44.424603
MARCOS CAVALCANTI,2024-02-04 13:39:35,172.4,0.2,-23.115808,-44.42501
MARCOS CAVALCANTI,2024-02-04 18:27:34,104.7,0.1,-23.118388,-44.425156
MARCOS CAVALCANTI,2024-02-05 01:21:35,12.9,0.1,-23.118281,-44.425151
MARCOS CAVALCANTI,2024-02-05 03:03:53,2.7,0.2,-23.11811,-44.425271
MARCOS CAVALCANTI,2024-02-05 03:56:23,169.7,13.3,-23.219216,-44.436306
MARCOS CAVALCANTI,2024-02-05 03:59:33,175.4,13.4,-23.230968,-44.434748
MARCOS CAVALCANTI,2024-02-05 04:15:24,179.4,13.7,-23.290345,-44.432096
MARCOS CAVALCANTI,2024-02-05 04:35:56,189.2,14.1,-23.371098,-44.430258
MARCOS CAVALCANTI,2024-02-05 04:36:38,190.6,14.0,-23.373748,-44.43075
MARCOS CAVALCANTI,2024-02-05 04:37:08,191.5,14.1,-23.375735,-44.431176
MARCOS CAVALCANTI,2024-02-05 04:37:33,191.7,14.1,-23.377338,-44.431541
MARCOS CAVALCANTI,2024-02-05 04:37:38,191.6,14.1,-23.37766,-44.431611
MARCOS CAVALCANTI,2024-02-05 04:37:51,191.6,14.1,-23.378436,-44.431783
MARCOS CAVALCANTI,2024-02-05 04:37:56,191.5,14.1,-23.378821,-44.431868
MARCOS CAVALCANTI,2024-02-05 04:38:20,191.4,14.1,-23.380355,-44.432203
MARCOS CAVALCANTI,2024-02-05 04:38:38,191.2,14.1,-23.38152,-44.432461
MARCOS CAVALCANTI,2024-02-05 04:39:03,188.0,14.2,-23.383156,-44.432776
MARCOS CAVALCANTI,2024-02-05 04:39:26,191.6,14.1,-23.384643,-44.43306
MARCOS CAVALCANTI,2024-02-05 04:41:51,214.5,13.6,-23.392921,-44.437323
MARCOS CAVALCANTI,2024-02-05 04:42:51,214.7,13.7,-23.395983,-44.43968
MARCOS CAVALCANTI,2024-02-05 04:43:14,216.2,13.8,-23.39724,-44.440658
MARCOS CAVALCANTI,2024-02-05 04:43:46,215.5,13.9,-23.398918,-44.441955
MARCOS CAVALCANTI,2024-02-05 04:43:51,215.5,13.9,-23.39918,-44.442158
MARCOS CAVALCANTI,2024-02-05 04:44:49,214.7,13.9,-23.402196,-44.444468
MARCOS CAVALCANTI,2024-02-05 04:45:01,214.2,14.0,-23.402845,-44.444953
MARCOS CAVALCANTI,2024-02-05 04:47:03,214.4,14.1,-23.409368,-44.449863
MARCOS CAVALCANTI,2024-02-05 04:49:21,214.5,14.2,-23.416801,-44.45547
MARCOS CAVALCANTI,2024-02-05 05:01:08,214.9,14.2,-23.455358,-44.484448
MARCOS CAVALCANTI,2024-02-05 05:06:26,214.7,14.2,-23.472675,-44.49745
MARCOS CAVALCANTI,2024-02-05 05:10:32,215.1,14.3,-23.485986,-44.507426
MARCOS CAVALCANTI,2024-02-05 05:53:08,213.7,14.1,-23.62602,-44.61009
MARCOS CAVALCANTI,2024-02-05 05:55:44,214.7,14.1,-23.634416,-44.616391
MARCOS CAVALCANTI,2024-02-05 05:58:20,214.3,14.2,-23.642918,-44.62278
MARCOS CAVALCANTI,2024-02-05 06:33:45,217.1,14.2,-23.758108,-44.710495
MARCOS CAVALCANTI,2024-02-05 06:44:15,242.4,14.2,-23.7853,-44.744071
MARCOS CAVALCANTI,2024-02-05 06:49:09,241.9,14.2,-23.794383,-44.762711
MARCOS CAVALCANTI,2024-02-05 07:26:14,242.8,14.4,-23.861668,-44.905476
MARCOS CAVALCANTI,2024-02-05 07:35:26,243.7,14.5,-23.878585,-44.941216
MARCOS CAVALCANTI,2024-02-05 07:37:38,242.7,14.6,-23.882516,-44.949788
MARCOS CAVALCANTI,2024-02-05 07:39:57,243.4,14.6,-23.886828,-44.958998
MARCOS CAVALCANTI,2024-02-05 07:41:38,244.0,14.6,-23.889845,-44.965723
MARCOS CAVALCANTI,2024-02-05 08:13:03,244.2,14.5,-23.947215,-45.089425
MARCOS CAVALCANTI,2024-02-05 08:14:15,242.9,14.5,-23.94933,-45.094111
MARCOS CAVALCANTI,2024-02-05 08:15:15,243.1,14.5,-23.95114,-45.09806
MARCOS CAVALCANTI,2024-02-05 08:18:39,243.4,14.6,-23.957253,-45.11153
MARCOS CAVALCANTI,2024-02-05 08:21:27,243.7,14.7,-23.962375,-45.122733
MARCOS CAVALCANTI,2024-02-05 08:50:26,249.9,14.6,-24.019615,-45.231785
MARCOS CAVALCANTI,2024-02-05 08:53:56,248.3,14.7,-24.02466,-45.2464
MARCOS CAVALCANTI,2024-02-05 09:10:19,280.0,14.4,-24.013046,-45.314438
MARCOS CAVALCANTI,2024-02-05 09:12:32,279.5,14.4,-24.011511,-45.323885
MARCOS CAVALCANTI,2024-02-05 09:15:32,279.6,13.3,-24.009463,-45.336255
MARCOS CAVALCANTI,2024-02-05 09:19:35,280.0,12.2,-24.006975,-45.351506
MARCOS CAVALCANTI,2024-02-05 10:51:26,6.2,4.9,-23.943838,-45.526751
MARCOS CAVALCANTI,2024-02-05 10:54:15,15.5,5.3,-23.939908,-45.525553
MARCOS CAVALCANTI,2024-02-05 10:57:26,18.3,5.6,-23.935345,-45.523988
MARCOS CAVALCANTI,2024-02-05 11:47:35,15.2,1.9,-23.88929,-45.508051
MARCOS CAVALCANTI,2024-02-05 12:00:34,246.7,0.3,-23.883466,-45.503973
MARCOS CAVALCANTI,2024-02-05 12:01:45,271.8,0.5,-23.883508,-45.50414
MARCOS CAVALCANTI,2024-02-05 16:33:10,25.5,0.1,-23.882646,-45.505636
MARCOS CAVALCANTI,2024-02-05 17:03:14,45.8,0.1,-23.882396,-45.505466
MARCOS CAVALCANTI,2024-02-05 22:06:13,222.4,0.2,-23.882406,-45.505365
MARCOS CAVALCANTI,2024-02-05 23:09:14,159.1,0.0,-23.883006,-45.505701
MARCOS CAVALCANTI,2024-02-05 23:15:14,220.0,0.1,-23.8831,-45.505811
MARCOS CAVALCANTI,2024-02-06 01:21:13,4.5,0.0,-23.88386,-45.506086
MARCOS CAVALCANTI,2024-02-06 03:09:14,176.1,0.1,-23.884148,-45.506068
MARCOS CAVALCANTI,2024-02-06 09:30:13,186.2,0.0,-23.884438,-45.501073
MARCOS CAVALCANTI,2024-02-06 17:42:14,345.1,0.1,-23.8844,-45.500953
MARCOS CAVALCANTI,2024-02-06 22:51:13,353.6,0.0,-23.88281,-45.501143
MARCOS CAVALCANTI,2024-02-06 23:36:14,162.5,0.1,-23.882566,-45.501538
MARCOS CAVALCANTI,2024-02-07 00:03:14,176.7,0.4,-23.884313,-45.501585
MARCOS CAVALCANTI,2024-02-07 04:54:14,152.1,0.0,-23.885023,-45.501673
MARCOS CAVALCANTI,2024-02-07 15:21:14,305.1,0.1,-23.881533,-45.504343
MARCOS CAVALCANTI,2024-02-07 15:24:14,63.7,0.1,-23.881513,-45.504311
MARCOS CAVALCANTI,2024-02-07 15:39:14,326.5,0.1,-23.88146,-45.504275
MARCOS CAVALCANTI,2024-02-07 22:27:14,174.7,0.0,-23.883981,-45.505911
MARCOS CAVALCANTI,2024-02-07 23:03:13,353.3,0.3,-23.884236,-45.505898
MARCOS CAVALCANTI,2024-02-07 23:30:14,353.2,0.1,-23.884523,-45.505915
MARCOS CAVALCANTI,2024-02-08 00:48:13,337.3,0.1,-23.884656,-45.506076
MARCOS CAVALCANTI,2024-02-08 01:12:12,321.3,0.4,-23.88431,-45.506233
MARCOS CAVALCANTI,2024-02-08 04:42:14,20.8,0.2,-23.884373,-45.506216
MARCOS CAVALCANTI,2024-02-08 05:39:14,344.2,0.1,-23.884576,-45.506155
MARCOS CAVALCANTI,2024-02-08 06:57:14,355.1,0.1,-23.885403,-45.505751
MARCOS CAVALCANTI,2024-02-08 11:27:14,241.9,0.1,-23.885883,-45.505211
MARCOS CAVALCANTI,2024-02-08 11:30:14,319.2,0.1,-23.88591,-45.505196
MARCOS CAVALCANTI,2024-02-08 15:00:13,150.3,0.4,-23.885298,-45.505806
MARCOS CAVALCANTI,2024-02-08 15:12:13,314.2,0.1,-23.88511,-45.50589
MARCOS CAVALCANTI,2024-02-08 15:15:13,323.7,0.2,-23.88509,-45.505901
MARCOS CAVALCANTI,2024-02-08 23:42:14,338.9,0.3,-23.885451,-45.505775
MARCOS CAVALCANTI,2024-02-09 01:15:13,334.9,0.5,-23.885488,-45.505708
MARCOS CAVALCANTI,2024-02-09 01:48:13,170.9,0.1,-23.885308,-45.505798
MARCOS CAVALCANTI,2024-02-09 04:39:16,345.6,0.5,-23.885001,-45.505998
MARCOS CAVALCANTI,2024-02-09 05:30:14,337.4,0.5,-23.885255,-45.505805
MARCOS CAVALCANTI,2024-02-09 05:33:13,177.7,0.1,-23.885276,-45.505815
MARCOS CAVALCANTI,2024-02-09 10:30:14,328.0,0.5,-23.885438,-45.505778
MARCOS CAVALCANTI,2024-02-09 13:06:14,330.6,0.4,-23.885091,-45.505961
MARCOS CAVALCANTI,2024-02-09 14:06:14,331.4,0.3,-23.885225,-45.505955
MARCOS CAVALCANTI,2024-02-09 20:36:31,36.6,1.7,-23.811421,-45.38811
MARCOS CAVALCANTI,2024-02-09 21:01:51,28.5,0.0,-23.809956,-45.387416
MARCOS CAVALCANTI,2024-02-10 23:42:20,244.6,0.0,-23.809951,-45.387405
MARCOS CAVALCANTI,2024-02-10 23:45:50,244.6,0.0,-23.809995,-45.387388
MARCOS CAVALCANTI,2024-02-10 23:48:22,32.6,0.0,-23.809968,-45.387388
MARCOS CAVALCANTI,2024-02-11 00:24:30,336.2,0.0,-23.810045,-45.387355
MARCOS CAVALCANTI,2024-02-11 00:37:20,38.6,1.2,-23.80989,-45.38686
MARCOS CAVALCANTI,2024-02-11 00:40:00,30.1,2.0,-23.808878,-45.385961
MARCOS CAVALCANTI,2024-02-11 06:27:48,25.2,0.0,-23.802543,-45.385026
MARCOS CAVALCANTI,2024-02-11 20:11:42,88.4,2.1,-23.801773,-45.382825
MARCOS CAVALCANTI,2024-02-11 20:13:48,138.5,2.4,-23.802318,-45.381545
MARCOS CAVALCANTI,2024-02-11 20:17:01,195.2,3.4,-23.804935,-45.38111
MARCOS CAVALCANTI,2024-02-11 20:45:32,226.1,11.5,-23.857351,-45.436561
MARCOS CAVALCANTI,2024-02-11 20:47:42,225.6,11.5,-23.862146,-45.442025
MARCOS CAVALCANTI,2024-02-11 21:26:02,108.9,11.4,-23.960573,-45.479038
MARCOS CAVALCANTI,2024-02-11 21:54:40,109.1,13.0,-23.993713,-45.375046
MARCOS CAVALCANTI,2024-02-11 21:58:30,109.7,13.0,-23.998366,-45.360776
MARCOS CAVALCANTI,2024-02-11 22:01:30,108.8,12.9,-24.00195,-45.349686
MARCOS CAVALCANTI,2024-02-11 22:03:50,109.5,12.8,-24.004716,-45.341155
MARCOS CAVALCANTI,2024-02-11 22:30:52,72.2,11.3,-24.01682,-45.246166
MARCOS CAVALCANTI,2024-02-11 22:50:01,73.5,11.9,-23.998715,-45.182086
MARCOS CAVALCANTI,2024-02-11 23:08:52,75.6,12.1,-23.981261,-45.11548
MARCOS CAVALCANTI,2024-02-11 23:39:10,70.5,12.0,-23.948828,-45.009886
MARCOS CAVALCANTI,2024-02-11 23:42:21,69.3,12.0,-23.945171,-44.998975
MARCOS CAVALCANTI,2024-02-12 00:30:52,70.5,12.0,-23.887671,-44.832043
MARCOS CAVALCANTI,2024-02-12 00:37:32,69.8,12.0,-23.880193,-44.809196
MARCOS CAVALCANTI,2024-02-12 00:50:43,69.9,11.9,-23.865538,-44.764098
MARCOS CAVALCANTI,2024-02-12 00:59:11,71.5,11.9,-23.856083,-44.735025
MARCOS CAVALCANTI,2024-02-12 01:01:20,70.6,11.9,-23.853723,-44.727711
MARCOS CAVALCANTI,2024-02-12 01:01:31,70.4,11.9,-23.85353,-44.727075
MARCOS CAVALCANTI,2024-02-12 01:02:20,69.8,12.0,-23.852615,-44.724216
MARCOS CAVALCANTI,2024-02-12 01:04:20,70.6,12.0,-23.850358,-44.717311
MARCOS CAVALCANTI,2024-02-12 01:24:12,71.4,12.0,-23.829123,-44.648838
MARCOS CAVALCANTI,2024-02-12 01:38:21,72.0,12.0,-23.814553,-44.599941
MARCOS CAVALCANTI,2024-02-12 01:43:42,71.0,12.0,-23.809046,-44.581383
MARCOS CAVALCANTI,2024-02-12 02:30:52,71.5,11.7,-23.758891,-44.419623
MARCOS CAVALCANTI,2024-02-12 02:34:42,70.2,11.7,-23.754721,-44.406793
MARCOS CAVALCANTI,2024-02-12 02:38:22,69.7,11.7,-23.75076,-44.394566
MARCOS CAVALCANTI,2024-02-12 03:10:21,69.9,11.4,-23.715778,-44.289446
MARCOS CAVALCANTI,2024-02-12 03:28:21,73.6,11.5,-23.698928,-44.229851
MARCOS CAVALCANTI,2024-02-12 03:30:42,72.9,11.5,-23.696738,-44.222026
MARCOS CAVALCANTI,2024-02-12 04:19:11,77.5,11.5,-23.656026,-44.058878
MARCOS CAVALCANTI,2024-02-12 04:19:41,77.4,11.5,-23.655678,-44.057243
MARCOS CAVALCANTI,2024-02-12 04:45:13,72.6,11.5,-23.631566,-43.972878
MARCOS CAVALCANTI,2024-02-12 04:49:01,71.2,11.4,-23.627788,-43.960261
MARCOS CAVALCANTI,2024-02-12 04:50:11,72.3,11.4,-23.62663,-43.956418
MARCOS CAVALCANTI,2024-02-12 04:52:41,71.2,11.3,-23.62419,-43.948246
MARCOS CAVALCANTI,2024-02-12 04:56:19,71.3,11.3,-23.620556,-43.936325
MARCOS CAVALCANTI,2024-02-12 04:56:39,71.2,11.3,-23.620223,-43.935265
MARCOS CAVALCANTI,2024-02-12 04:56:51,71.7,11.3,-23.620071,-43.93479
MARCOS CAVALCANTI,2024-02-12 04:57:19,71.5,11.3,-23.619546,-43.933085
MARCOS CAVALCANTI,2024-02-12 04:57:48,71.3,11.3,-23.619073,-43.931526
MARCOS CAVALCANTI,2024-02-12 04:58:08,70.7,11.3,-23.618748,-43.930441
MARCOS CAVALCANTI,2024-02-12 04:58:48,71.3,11.3,-23.618081,-43.928288
MARCOS CAVALCANTI,2024-02-12 04:59:19,71.4,11.3,-23.617573,-43.926681
MARCOS CAVALCANTI,2024-02-12 04:59:28,72.0,11.2,-23.617428,-43.926201
MARCOS CAVALCANTI,2024-02-12 04:59:48,71.9,11.2,-23.617081,-43.925058
MARCOS CAVALCANTI,2024-02-12 05:01:08,72.9,11.3,-23.615803,-43.920711
MARCOS CAVALCANTI,2024-02-12 05:01:49,71.9,11.3,-23.615153,-43.918583
MARCOS CAVALCANTI,2024-02-12 05:02:49,71.4,11.3,-23.614163,-43.915303
MARCOS CAVALCANTI,2024-02-12 05:03:09,71.0,11.3,-23.613853,-43.914261
MARCOS CAVALCANTI,2024-02-12 05:03:19,71.9,11.3,-23.613678,-43.913665
MARCOS CAVALCANTI,2024-02-12 05:03:40,73.0,11.2,-23.613365,-43.912581
MARCOS CAVALCANTI,2024-02-12 05:03:49,72.9,11.3,-23.613206,-43.91204
MARCOS CAVALCANTI,2024-02-12 05:04:49,70.2,11.3,-23.61219,-43.908903
MARCOS CAVALCANTI,2024-02-12 05:05:58,69.6,11.3,-23.610926,-43.905178
MARCOS CAVALCANTI,2024-02-12 05:10:52,69.7,11.3,-23.60575,-43.889633
MARCOS CAVALCANTI,2024-02-12 05:19:01,70.7,11.3,-23.596828,-43.863408
MARCOS CAVALCANTI,2024-02-12 05:22:00,68.4,11.3,-23.59359,-43.853846
MARCOS CAVALCANTI,2024-02-12 05:24:41,70.6,11.4,-23.59075,-43.845236
MARCOS CAVALCANTI,2024-02-12 05:27:51,70.4,11.4,-23.587295,-43.83504
MARCOS CAVALCANTI,2024-02-12 05:30:12,70.3,11.3,-23.584828,-43.827536
MARCOS CAVALCANTI,2024-02-12 05:58:00,71.2,11.3,-23.557138,-43.736653
MARCOS CAVALCANTI,2024-02-12 06:26:50,74.0,11.3,-23.526003,-43.646026
MARCOS CAVALCANTI,2024-02-12 06:37:40,76.5,11.6,-23.516878,-43.610068
MARCOS CAVALCANTI,2024-02-12 06:41:21,76.1,11.6,-23.514058,-43.597543
MARCOS CAVALCANTI,2024-02-12 07:30:11,71.1,11.6,-23.470211,-43.433945
MARCOS CAVALCANTI,2024-02-12 07:32:42,71.0,11.6,-23.46756,-43.425571
MARCOS CAVALCANTI,2024-02-12 07:35:41,71.0,11.6,-23.464423,-43.415576
MARCOS CAVALCANTI,2024-02-12 08:28:00,70.6,11.6,-23.408703,-43.242615
MARCOS CAVALCANTI,2024-02-12 08:30:32,70.3,11.6,-23.405981,-43.234186
MARCOS CAVALCANTI,2024-02-12 09:12:51,69.7,11.8,-23.359915,-43.0935
MARCOS CAVALCANTI,2024-02-12 09:18:11,70.9,11.8,-23.354018,-43.075623
MARCOS CAVALCANTI,2024-02-12 10:07:31,71.3,11.7,-23.303676,-42.907958
MARCOS CAVALCANTI,2024-02-12 10:15:32,68.8,11.6,-23.295153,-42.881415
MARCOS CAVALCANTI,2024-02-12 10:34:52,68.0,11.6,-23.272455,-42.81875
MARCOS CAVALCANTI,2024-02-12 11:00:31,67.7,11.8,-23.240761,-42.734915
MARCOS CAVALCANTI,2024-02-12 11:01:51,67.3,11.8,-23.239045,-42.730451
MARCOS CAVALCANTI,2024-02-12 11:04:30,67.5,11.8,-23.235641,-42.721776
MARCOS CAVALCANTI,2024-02-12 11:05:21,67.8,11.8,-23.234593,-42.719021
MARCOS CAVALCANTI,2024-02-12 11:31:51,66.7,11.9,-23.199818,-42.631983
MARCOS CAVALCANTI,2024-02-12 11:33:00,66.4,11.9,-23.198306,-42.62822
MARCOS CAVALCANTI,2024-02-12 11:36:11,64.5,11.9,-23.193983,-42.617753
MARCOS CAVALCANTI,2024-02-12 11:38:31,65.7,11.9,-23.19083,-42.610113
MARCOS CAVALCANTI,2024-02-12 11:39:30,65.2,12.0,-23.189468,-42.606888
MARCOS CAVALCANTI,2024-02-12 11:40:52,65.6,11.9,-23.187606,-42.60244
MARCOS CAVALCANTI,2024-02-12 11:44:22,65.9,11.9,-23.182756,-42.590966
MARCOS CAVALCANTI,2024-02-12 11:53:31,66.9,12.0,-23.170053,-42.56092
MARCOS CAVALCANTI,2024-02-12 12:06:31,81.1,11.7,-23.152603,-42.517813
MARCOS CAVALCANTI,2024-02-12 12:19:51,88.8,12.0,-23.152788,-42.470181
MARCOS CAVALCANTI,2024-02-12 12:20:12,88.7,12.0,-23.152756,-42.46896
MARCOS CAVALCANTI,2024-02-12 12:22:51,89.4,12.0,-23.152693,-42.459276
MARCOS CAVALCANTI,2024-02-12 12:23:21,89.3,12.1,-23.152678,-42.457521
MARCOS CAVALCANTI,2024-02-12 12:29:21,89.1,12.0,-23.152413,-42.435715
MARCOS CAVALCANTI,2024-02-12 12:42:51,91.1,12.1,-23.15211,-42.3865
MARCOS CAVALCANTI,2024-02-12 12:46:02,89.7,12.1,-23.15211,-42.374858
MARCOS CAVALCANTI,2024-02-12 12:54:51,89.2,12.0,-23.151955,-42.342843
MARCOS CAVALCANTI,2024-02-12 13:00:30,89.6,11.9,-23.151853,-42.322353
MARCOS CAVALCANTI,2024-02-12 13:03:50,88.9,11.9,-23.151698,-42.310376
MARCOS CAVALCANTI,2024-02-12 13:06:41,89.4,12.0,-23.151618,-42.300108
MARCOS CAVALCANTI,2024-02-12 13:22:52,88.4,12.0,-23.15085,-42.241555
MARCOS CAVALCANTI,2024-02-12 13:23:52,90.5,12.0,-23.150798,-42.238006
MARCOS CAVALCANTI,2024-02-12 13:38:11,90.0,11.8,-23.150586,-42.186673
MARCOS CAVALCANTI,2024-02-12 13:41:11,89.6,11.8,-23.15055,-42.176033
MARCOS CAVALCANTI,2024-02-12 14:13:02,90.2,11.8,-23.149938,-42.063745
MARCOS CAVALCANTI,2024-02-12 14:47:01,56.3,12.1,-23.129675,-41.949066
MARCOS CAVALCANTI,2024-02-12 14:49:22,54.7,12.1,-23.125211,-41.941975
MARCOS CAVALCANTI,2024-02-12 14:52:22,56.1,12.1,-23.119496,-41.932988
MARCOS CAVALCANTI,2024-02-12 15:17:51,55.6,12.4,-23.070538,-41.854761
MARCOS CAVALCANTI,2024-02-12 15:20:12,54.7,12.5,-23.065731,-41.847635
MARCOS CAVALCANTI,2024-02-12 15:23:12,54.1,12.4,-23.059618,-41.838596
MARCOS CAVALCANTI,2024-02-12 15:26:21,52.9,12.4,-23.053188,-41.828985
MARCOS CAVALCANTI,2024-02-12 15:53:32,50.7,12.8,-22.992885,-41.748336
MARCOS CAVALCANTI,2024-02-12 16:22:11,55.0,12.9,-22.931826,-41.659403
MARCOS CAVALCANTI,2024-02-12 16:50:31,55.0,12.7,-22.87384,-41.569721
MARCOS CAVALCANTI,2024-02-12 16:51:48,55.3,12.7,-22.871156,-41.565531
MARCOS CAVALCANTI,2024-02-12 16:52:48,55.6,12.7,-22.869105,-41.562365
MARCOS CAVALCANTI,2024-02-12 16:52:51,55.6,12.7,-22.869105,-41.562365
MARCOS CAVALCANTI,2024-02-12 16:53:29,55.8,12.7,-22.867793,-41.560278
MARCOS CAVALCANTI,2024-02-12 16:53:48,55.3,12.7,-22.86713,-41.559233
MARCOS CAVALCANTI,2024-02-12 16:55:02,55.5,12.7,-22.864755,-41.555513
MARCOS CAVALCANTI,2024-02-12 16:55:38,55.6,12.7,-22.863498,-41.553521
MARCOS CAVALCANTI,2024-02-12 16:56:38,55.1,12.6,-22.86145,-41.550305
MARCOS CAVALCANTI,2024-02-12 16:57:20,56.0,12.7,-22.860121,-41.548181
MARCOS CAVALCANTI,2024-02-12 16:57:21,56.0,12.7,-22.860121,-41.548181
MARCOS CAVALCANTI,2024-02-12 16:58:20,55.9,12.7,-22.858051,-41.544941
MARCOS CAVALCANTI,2024-02-12 16:59:19,55.9,12.6,-22.856141,-41.541816
MARCOS CAVALCANTI,2024-02-12 16:59:38,57.0,12.6,-22.85552,-41.540803
MARCOS CAVALCANTI,2024-02-12 16:59:50,56.7,12.7,-22.855168,-41.540223
MARCOS CAVALCANTI,2024-02-12 17:00:38,56.9,12.7,-22.853626,-41.537676
MARCOS CAVALCANTI,2024-02-12 17:39:01,53.1,12.8,-22.775986,-41.418015
MARCOS CAVALCANTI,2024-02-12 17:43:11,53.3,12.8,-22.767213,-41.40506
MARCOS CAVALCANTI,2024-02-12 17:46:02,55.1,12.9,-22.761251,-41.396176
MARCOS CAVALCANTI,2024-02-12 18:05:01,54.8,12.8,-22.721285,-41.336758
MARCOS CAVALCANTI,2024-02-12 18:09:30,54.2,12.7,-22.712046,-41.322786
MARCOS CAVALCANTI,2024-02-12 18:26:51,54.5,12.7,-22.676143,-41.268678
MARCOS CAVALCANTI,2024-02-12 18:30:11,54.6,12.6,-22.66932,-41.25835
MARCOS CAVALCANTI,2024-02-12 18:33:11,54.5,12.6,-22.663261,-41.249101
MARCOS CAVALCANTI,2024-02-12 18:34:10,54.1,12.7,-22.66117,-41.245971
MARCOS CAVALCANTI,2024-02-12 18:39:51,53.7,12.7,-22.6495,-41.22852
MARCOS CAVALCANTI,2024-02-12 18:43:01,54.9,12.7,-22.642995,-41.218678
MARCOS CAVALCANTI,2024-02-12 19:18:02,55.9,12.2,-22.573051,-41.112548
MARCOS CAVALCANTI,2024-02-12 19:22:02,55.5,12.1,-22.565336,-41.100556
MARCOS CAVALCANTI,2024-02-12 19:29:32,55.4,12.1,-22.550971,-41.078326
MARCOS CAVALCANTI,2024-02-12 19:49:21,56.2,12.3,-22.51238,-41.018508
MARCOS CAVALCANTI,2024-02-12 19:51:51,51.6,12.3,-22.507351,-41.010991
MARCOS CAVALCANTI,2024-02-12 19:55:41,51.2,12.3,-22.499243,-40.99979
MARCOS CAVALCANTI,2024-02-12 20:27:51,52.3,12.1,-22.43149,-40.906456
MARCOS CAVALCANTI,2024-02-12 20:57:21,49.8,12.1,-22.368175,-40.823078
MARCOS CAVALCANTI,2024-02-12 21:07:31,49.7,12.1,-22.346091,-40.794938
MARCOS CAVALCANTI,2024-02-12 21:32:21,52.3,12.4,-22.294053,-40.722575
MARCOS CAVALCANTI,2024-02-12 21:38:50,52.2,12.5,-22.280406,-40.703393
MARCOS CAVALCANTI,2024-02-12 21:41:10,52.2,12.5,-22.27543,-40.696483
MARCOS CAVALCANTI,2024-02-12 21:44:52,52.5,12.5,-22.267643,-40.685486
MARCOS CAVALCANTI,2024-02-12 21:48:32,52.8,12.5,-22.259863,-40.674595
MARCOS CAVALCANTI,2024-02-12 21:50:42,52.2,12.6,-22.255285,-40.66815
MARCOS CAVALCANTI,2024-02-12 22:06:02,52.0,12.7,-22.222565,-40.622191
MARCOS CAVALCANTI,2024-02-12 22:10:12,52.5,12.7,-22.213505,-40.609578
MARCOS CAVALCANTI,2024-02-12 22:35:53,52.0,12.6,-22.1583,-40.53218
MARCOS CAVALCANTI,2024-02-12 22:40:32,52.9,12.6,-22.148376,-40.51824
MARCOS CAVALCANTI,2024-02-12 22:42:52,52.8,12.7,-22.143375,-40.511291
MARCOS CAVALCANTI,2024-02-12 22:47:22,52.0,12.6,-22.133668,-40.497923
MARCOS CAVALCANTI,2024-02-12 23:17:21,55.2,12.3,-22.071946,-40.408306
MARCOS CAVALCANTI,2024-02-12 23:17:40,55.0,12.3,-22.07133,-40.407348
MARCOS CAVALCANTI,2024-02-12 23:24:50,54.5,12.4,-22.057396,-40.385368
MARCOS CAVALCANTI,2024-02-12 23:36:31,55.8,12.2,-22.034796,-40.349953
MARCOS CAVALCANTI,2024-02-12 23:39:01,57.0,12.2,-22.030016,-40.342363
MARCOS CAVALCANTI,2024-02-12 23:51:52,57.0,12.2,-22.005846,-40.303408
MARCOS CAVALCANTI,2024-02-12 23:54:12,55.5,12.1,-22.0015,-40.296301
MARCOS CAVALCANTI,2024-02-13 00:04:40,52.9,11.8,-21.980911,-40.265666
MARCOS CAVALCANTI,2024-02-13 00:22:22,52.4,11.2,-21.94742,-40.216365
MARCOS CAVALCANTI,2024-02-13 00:26:41,55.4,11.2,-21.93908,-40.204945
MARCOS CAVALCANTI,2024-02-13 00:30:31,53.7,11.3,-21.932115,-40.194343
MARCOS CAVALCANTI,2024-02-13 00:45:21,52.0,11.2,-21.904945,-40.15317
MARCOS CAVALCANTI,2024-02-13 00:47:40,51.7,11.3,-21.90043,-40.147025
MARCOS CAVALCANTI,2024-02-13 00:55:11,51.8,11.0,-21.885933,-40.127521
MARCOS CAVALCANTI,2024-02-13 00:56:21,52.3,11.0,-21.883766,-40.124525
MARCOS CAVALCANTI,2024-02-13 00:58:11,52.7,11.0,-21.880255,-40.119755
MARCOS CAVALCANTI,2024-02-13 01:00:01,51.8,10.9,-21.876833,-40.115071
MARCOS CAVALCANTI,2024-02-13 01:00:21,52.2,10.9,-21.876206,-40.114211
MARCOS CAVALCANTI,2024-02-13 01:02:21,51.7,10.9,-21.872466,-40.109065
MARCOS CAVALCANTI,2024-02-13 01:15:51,51.3,11.1,-21.846331,-40.074298
MARCOS CAVALCANTI,2024-02-13 01:23:22,54.8,11.5,-21.831645,-40.053855
MARCOS CAVALCANTI,2024-02-13 01:37:12,53.4,11.7,-21.805135,-40.014743
MARCOS CAVALCANTI,2024-02-13 02:25:21,54.1,11.9,-21.709801,-39.876158
MARCOS CAVALCANTI,2024-02-13 02:28:41,54.7,11.8,-21.703343,-39.866533
MARCOS CAVALCANTI,2024-02-13 02:31:12,53.3,11.8,-21.698538,-39.859511
MARCOS CAVALCANTI,2024-02-13 03:21:01,53.6,11.7,-21.601426,-39.717938
MARCOS CAVALCANTI,2024-02-13 03:23:12,52.7,11.7,-21.597183,-39.711865
MARCOS CAVALCANTI,2024-02-13 03:25:22,53.0,11.7,-21.59292,-39.705738
MARCOS CAVALCANTI,2024-02-13 03:43:40,52.8,11.8,-21.556543,-39.65441
MARCOS CAVALCANTI,2024-02-13 03:43:51,51.9,11.8,-21.556168,-39.653898
MARCOS CAVALCANTI,2024-02-13 03:44:00,52.0,11.8,-21.555865,-39.653478
MARCOS CAVALCANTI,2024-02-13 03:52:00,51.2,11.8,-21.53977,-39.631468
MARCOS CAVALCANTI,2024-02-13 03:58:00,32.6,11.3,-21.526966,-39.615705
MARCOS CAVALCANTI,2024-02-13 04:14:42,25.5,12.1,-21.477416,-39.590735
MARCOS CAVALCANTI,2024-02-13 04:24:22,24.6,11.9,-21.448235,-39.576333
MARCOS CAVALCANTI,2024-02-13 04:26:42,24.7,11.9,-21.441216,-39.572873
MARCOS CAVALCANTI,2024-02-13 04:59:02,27.8,11.8,-21.347011,-39.52089
MARCOS CAVALCANTI,2024-02-13 05:01:32,27.7,11.8,-21.339726,-39.516801
MARCOS CAVALCANTI,2024-02-13 05:04:31,27.8,11.8,-21.33116,-39.512031
MARCOS CAVALCANTI,2024-02-13 05:06:42,27.3,11.8,-21.324765,-39.508426
MARCOS CAVALCANTI,2024-02-13 05:08:02,28.2,11.8,-21.320923,-39.506206
MARCOS CAVALCANTI,2024-02-13 05:11:40,28.0,11.7,-21.310328,-39.500066
MARCOS CAVALCANTI,2024-02-13 05:12:09,28.5,11.8,-21.30894,-39.499263
MARCOS CAVALCANTI,2024-02-13 05:12:20,28.2,11.8,-21.308411,-39.49896
MARCOS CAVALCANTI,2024-02-13 05:12:40,28.0,11.8,-21.307451,-39.498406
MARCOS CAVALCANTI,2024-02-13 05:13:30,28.3,11.8,-21.305035,-39.497021
MARCOS CAVALCANTI,2024-02-13 05:13:50,28.2,11.8,-21.30412,-39.496498
MARCOS CAVALCANTI,2024-02-13 05:13:59,27.7,11.8,-21.303638,-39.496223
MARCOS CAVALCANTI,2024-02-13 05:14:50,27.7,11.8,-21.301165,-39.49482
MARCOS CAVALCANTI,2024-02-13 05:15:21,28.1,11.8,-21.29972,-39.493993
MARCOS CAVALCANTI,2024-02-13 05:15:31,28.2,11.8,-21.299238,-39.493718
MARCOS CAVALCANTI,2024-02-13 05:18:39,28.7,11.9,-21.290093,-39.488481
MARCOS CAVALCANTI,2024-02-13 05:18:59,28.6,11.8,-21.28913,-39.487923
MARCOS CAVALCANTI,2024-02-13 05:31:11,28.8,11.7,-21.253961,-39.467623
MARCOS CAVALCANTI,2024-02-13 05:38:40,28.4,11.8,-21.232266,-39.455181
MARCOS CAVALCANTI,2024-02-13 05:41:12,28.5,11.8,-21.225066,-39.45107
MARCOS CAVALCANTI,2024-02-13 05:43:22,28.4,11.7,-21.218866,-39.447475
MARCOS CAVALCANTI,2024-02-13 05:45:53,27.9,11.7,-21.211646,-39.443383
MARCOS CAVALCANTI,2024-02-13 06:05:11,27.1,11.9,-21.155418,-39.411493
MARCOS CAVALCANTI,2024-02-13 06:08:11,27.8,12.0,-21.14655,-39.406488
MARCOS CAVALCANTI,2024-02-13 06:12:51,27.9,12.0,-21.13285,-39.398706
MARCOS CAVALCANTI,2024-02-13 06:35:51,26.7,12.0,-21.065266,-39.360855
MARCOS CAVALCANTI,2024-02-13 06:47:02,27.3,11.9,-21.032145,-39.342938
MARCOS CAVALCANTI,2024-02-13 06:52:22,27.0,11.9,-21.016331,-39.334388
MARCOS CAVALCANTI,2024-02-13 07:26:11,27.8,11.9,-20.917438,-39.279783
MARCOS CAVALCANTI,2024-02-13 07:28:21,27.2,11.8,-20.911171,-39.276285
MARCOS CAVALCANTI,2024-02-13 07:31:31,27.5,11.9,-20.901895,-39.271115
MARCOS CAVALCANTI,2024-02-13 08:15:52,29.1,12.3,-20.768416,-39.197155
MARCOS CAVALCANTI,2024-02-13 08:20:41,27.6,12.2,-20.75388,-39.188828
MARCOS CAVALCANTI,2024-02-13 08:23:22,28.2,12.3,-20.745771,-39.184196
MARCOS CAVALCANTI,2024-02-13 09:07:42,26.9,12.3,-20.610753,-39.108478
MARCOS CAVALCANTI,2024-02-13 09:13:52,26.7,12.3,-20.591961,-39.098348
MARCOS CAVALCANTI,2024-02-13 09:16:12,27.2,12.2,-20.584931,-39.094541
MARCOS CAVALCANTI,2024-02-13 09:34:12,27.5,12.0,-20.530821,-39.065181
MARCOS CAVALCANTI,2024-02-13 10:04:12,25.0,11.9,-20.441461,-39.017295
MARCOS CAVALCANTI,2024-02-13 10:06:21,23.6,11.9,-20.435,-39.014115
MARCOS CAVALCANTI,2024-02-13 10:08:52,25.2,11.9,-20.427386,-39.010341
MARCOS CAVALCANTI,2024-02-13 10:36:01,25.8,12.0,-20.345645,-38.969456
MARCOS CAVALCANTI,2024-02-13 10:40:02,25.7,12.0,-20.333645,-38.963311
MARCOS CAVALCANTI,2024-02-13 10:42:32,25.7,12.0,-20.326088,-38.959495
MARCOS CAVALCANTI,2024-02-13 10:47:42,25.5,12.1,-20.310395,-38.951501
MARCOS CAVALCANTI,2024-02-13 11:10:32,24.9,12.2,-20.240566,-38.916543
MARCOS CAVALCANTI,2024-02-13 11:14:51,25.8,12.1,-20.227191,-38.910036
MARCOS CAVALCANTI,2024-02-13 11:22:52,24.6,12.2,-20.202456,-38.89806
MARCOS CAVALCANTI,2024-02-13 11:28:20,24.6,12.1,-20.185443,-38.889768
MARCOS CAVALCANTI,2024-02-13 11:31:20,23.3,12.3,-20.176026,-38.885363
MARCOS CAVALCANTI,2024-02-13 11:32:10,23.4,12.2,-20.173465,-38.88417
MARCOS CAVALCANTI,2024-02-13 11:32:20,24.5,12.3,-20.172945,-38.883925
MARCOS CAVALCANTI,2024-02-13 11:35:01,23.6,12.3,-20.164603,-38.879908
MARCOS CAVALCANTI,2024-02-13 11:52:41,24.8,12.2,-20.110058,-38.852815
MARCOS CAVALCANTI,2024-02-13 11:56:12,26.2,12.3,-20.099141,-38.847253
MARCOS CAVALCANTI,2024-02-13 12:07:02,28.3,12.0,-20.066275,-38.829656
MARCOS CAVALCANTI,2024-02-13 12:09:30,27.3,12.0,-20.058923,-38.825568
MARCOS CAVALCANTI,2024-02-13 12:10:01,27.0,12.0,-20.057388,-38.824731
MARCOS CAVALCANTI,2024-02-13 12:10:51,27.0,12.0,-20.054966,-38.823421
MARCOS CAVALCANTI,2024-02-13 12:11:11,26.7,12.0,-20.053976,-38.822883
MARCOS CAVALCANTI,2024-02-13 12:13:32,26.8,12.0,-20.04695,-38.81908
MARCOS CAVALCANTI,2024-02-13 12:26:12,27.0,12.3,-20.00841,-38.798531
MARCOS CAVALCANTI,2024-02-13 12:30:41,26.5,12.3,-19.994748,-38.791311
MARCOS CAVALCANTI,2024-02-13 12:42:21,25.7,12.2,-19.95911,-38.772591
MARCOS CAVALCANTI,2024-02-13 13:17:41,26.9,12.2,-19.85259,-38.717125
MARCOS CAVALCANTI,2024-02-13 13:47:11,27.8,12.3,-19.762426,-38.669203
MARCOS CAVALCANTI,2024-02-13 13:51:02,27.5,12.3,-19.75067,-38.662701
MARCOS CAVALCANTI,2024-02-13 13:52:32,27.5,12.2,-19.746231,-38.660228
MARCOS CAVALCANTI,2024-02-13 14:18:51,27.9,12.5,-19.66682,-38.615641
MARCOS CAVALCANTI,2024-02-13 14:23:40,26.9,12.4,-19.652005,-38.607321
MARCOS CAVALCANTI,2024-02-13 14:26:51,26.5,12.4,-19.642111,-38.602135
MARCOS CAVALCANTI,2024-02-13 14:29:00,27.4,12.4,-19.635448,-38.598573
MARCOS CAVALCANTI,2024-02-13 14:55:32,24.5,12.4,-19.554141,-38.55636
MARCOS CAVALCANTI,2024-02-13 14:59:31,25.2,12.5,-19.54149,-38.550116
MARCOS CAVALCANTI,2024-02-13 15:04:21,24.9,12.6,-19.526321,-38.542378
MARCOS CAVALCANTI,2024-02-13 15:27:10,24.4,12.6,-19.454026,-38.506385
MARCOS CAVALCANTI,2024-02-13 15:29:52,23.8,12.6,-19.445438,-38.502291
MARCOS CAVALCANTI,2024-02-13 15:33:42,24.5,12.6,-19.433163,-38.496468
MARCOS CAVALCANTI,2024-02-13 15:36:23,23.4,12.5,-19.424655,-38.492448
MARCOS CAVALCANTI,2024-02-13 15:38:42,23.9,12.5,-19.417198,-38.488935
MARCOS CAVALCANTI,2024-02-13 15:39:39,23.3,12.6,-19.414048,-38.487478
MARCOS CAVALCANTI,2024-02-13 15:57:01,27.6,12.5,-19.358828,-38.46099
MARCOS CAVALCANTI,2024-02-13 16:37:31,27.4,12.7,-19.232355,-38.391763
MARCOS CAVALCANTI,2024-02-13 16:40:41,27.7,12.6,-19.222503,-38.386368
MARCOS CAVALCANTI,2024-02-13 16:42:51,27.7,12.6,-19.215738,-38.382621
MARCOS CAVALCANTI,2024-02-13 16:47:42,27.5,12.6,-19.200678,-38.374375
MARCOS CAVALCANTI,2024-02-13 16:50:01,27.4,12.5,-19.193541,-38.370498
MARCOS CAVALCANTI,2024-02-13 16:54:20,28.6,12.6,-19.17996,-38.36306
MARCOS CAVALCANTI,2024-02-13 17:08:42,29.0,12.8,-19.135236,-38.337963
MARCOS CAVALCANTI,2024-02-13 17:12:19,28.4,12.8,-19.123748,-38.331301
MARCOS CAVALCANTI,2024-02-13 17:13:40,28.9,12.9,-19.119563,-38.328866
MARCOS CAVALCANTI,2024-02-13 17:17:40,29.5,12.8,-19.10706,-38.321526
MARCOS CAVALCANTI,2024-02-13 17:17:49,29.2,12.8,-19.106593,-38.321253
MARCOS CAVALCANTI,2024-02-13 17:36:31,28.0,12.5,-19.048256,-38.288265
MARCOS CAVALCANTI,2024-02-13 17:39:51,27.7,12.5,-19.03801,-38.282551
MARCOS CAVALCANTI,2024-02-13 17:42:30,28.2,12.5,-19.029771,-38.277983
MARCOS CAVALCANTI,2024-02-13 18:21:10,27.5,12.4,-18.911198,-38.212371
MARCOS CAVALCANTI,2024-02-13 18:54:22,26.5,11.6,-18.812081,-38.158181
MARCOS CAVALCANTI,2024-02-13 19:23:12,26.9,11.2,-18.731201,-38.115068
MARCOS CAVALCANTI,2024-02-13 19:33:12,26.0,11.2,-18.703296,-38.1008
MARCOS CAVALCANTI,2024-02-13 19:59:10,24.2,11.2,-18.629636,-38.064448
MARCOS CAVALCANTI,2024-02-13 20:05:31,24.7,11.3,-18.611405,-38.055548
MARCOS CAVALCANTI,2024-02-13 20:08:21,24.3,11.3,-18.603341,-38.051591
MARCOS CAVALCANTI,2024-02-13 21:15:52,28.1,11.6,-18.40918,-37.949825
MARCOS CAVALCANTI,2024-02-13 21:41:11,1.0,11.8,-18.333081,-37.927466
MARCOS CAVALCANTI,2024-02-13 21:47:01,0.2,12.0,-18.31367,-37.927145
MARCOS CAVALCANTI,2024-02-13 21:50:11,0.2,12.0,-18.303091,-37.927015
MARCOS CAVALCANTI,2024-02-13 22:29:52,356.8,12.2,-18.168628,-37.937843
MARCOS CAVALCANTI,2024-02-13 22:32:52,355.9,12.2,-18.158415,-37.938613
MARCOS CAVALCANTI,2024-02-13 22:38:45,352.6,12.1,-18.138846,-37.94072
MARCOS CAVALCANTI,2024-02-13 23:18:12,354.0,12.3,-18.006428,-37.957988
MARCOS CAVALCANTI,2024-02-13 23:27:42,352.3,12.3,-17.973988,-37.96227
MARCOS CAVALCANTI,2024-02-13 23:55:51,354.5,12.2,-17.877711,-37.973753
MARCOS CAVALCANTI,2024-02-14 00:10:41,350.8,11.6,-17.829015,-37.979586
MARCOS CAVALCANTI,2024-02-14 00:42:50,352.5,11.3,-17.72696,-37.993171
MARCOS CAVALCANTI,2024-02-14 00:48:51,352.6,11.5,-17.70798,-37.995853
MARCOS CAVALCANTI,2024-02-14 00:52:00,351.9,11.4,-17.69801,-37.997266
MARCOS CAVALCANTI,2024-02-14 00:56:51,351.7,11.5,-17.682691,-37.999375
MARCOS CAVALCANTI,2024-02-14 00:57:42,352.1,11.5,-17.679933,-37.999766
MARCOS CAVALCANTI,2024-02-14 00:58:42,353.5,11.5,-17.676818,-38.00021
MARCOS CAVALCANTI,2024-02-14 01:24:32,353.3,11.6,-17.59501,-38.012298
MARCOS CAVALCANTI,2024-02-14 01:27:30,352.7,11.6,-17.585426,-38.013361
MARCOS CAVALCANTI,2024-02-14 01:28:51,353.0,11.6,-17.581151,-38.013863
MARCOS CAVALCANTI,2024-02-14 01:31:41,353.0,11.6,-17.572063,-38.014985
MARCOS CAVALCANTI,2024-02-14 01:35:02,351.5,11.7,-17.561253,-38.016356
MARCOS CAVALCANTI,2024-02-14 02:24:11,351.9,11.8,-17.400563,-38.037633
MARCOS CAVALCANTI,2024-02-14 02:26:40,352.8,11.8,-17.392515,-38.038886
MARCOS CAVALCANTI,2024-02-14 02:52:52,353.0,11.9,-17.306415,-38.048815
MARCOS CAVALCANTI,2024-02-14 02:55:21,353.7,11.8,-17.298226,-38.049845
MARCOS CAVALCANTI,2024-02-14 03:18:11,354.4,12.2,-17.22232,-38.057668
MARCOS CAVALCANTI,2024-02-14 03:22:11,352.4,12.2,-17.208745,-38.059173
MARCOS CAVALCANTI,2024-02-14 03:34:20,352.2,12.1,-17.167911,-38.064033
MARCOS CAVALCANTI,2024-02-14 03:57:22,352.1,12.4,-17.089845,-38.07486
MARCOS CAVALCANTI,2024-02-14 03:58:39,351.1,12.3,-17.085356,-38.07555
MARCOS CAVALCANTI,2024-02-14 03:59:50,350.2,12.4,-17.08135,-38.076238
MARCOS CAVALCANTI,2024-02-14 04:01:53,349.7,12.2,-17.07459,-38.077516
MARCOS CAVALCANTI,2024-02-14 04:02:12,350.7,12.2,-17.073468,-38.077705
MARCOS CAVALCANTI,2024-02-14 04:04:30,352.0,12.3,-17.06565,-38.078933
MARCOS CAVALCANTI,2024-02-14 04:05:12,351.3,12.3,-17.06339,-38.079303
MARCOS CAVALCANTI,2024-02-14 04:30:12,350.8,12.1,-16.980201,-38.093726
MARCOS CAVALCANTI,2024-02-14 04:34:11,350.4,12.0,-16.966925,-38.096006
MARCOS CAVALCANTI,2024-02-14 04:36:32,349.8,12.0,-16.95914,-38.09735
MARCOS CAVALCANTI,2024-02-14 04:38:42,349.3,12.0,-16.952011,-38.098635
MARCOS CAVALCANTI,2024-02-14 04:42:51,351.0,12.1,-16.938156,-38.101078
MARCOS CAVALCANTI,2024-02-14 04:59:22,350.8,12.1,-16.883073,-38.110855
MARCOS CAVALCANTI,2024-02-14 05:28:09,357.2,12.3,-16.786033,-38.11984
MARCOS CAVALCANTI,2024-02-14 05:30:00,357.4,12.3,-16.77977,-38.120131
MARCOS CAVALCANTI,2024-02-14 05:30:50,357.2,12.2,-16.776911,-38.120286
MARCOS CAVALCANTI,2024-02-14 05:31:09,357.3,12.3,-16.775773,-38.120343
MARCOS CAVALCANTI,2024-02-14 05:31:50,356.7,12.3,-16.773438,-38.120445
MARCOS CAVALCANTI,2024-02-14 06:20:32,354.0,12.8,-16.602983,-38.132686
MARCOS CAVALCANTI,2024-02-14 07:18:42,353.9,12.6,-16.397621,-38.158265
MARCOS CAVALCANTI,2024-02-14 07:22:12,353.9,12.7,-16.385398,-38.159536
MARCOS CAVALCANTI,2024-02-14 08:09:42,353.3,12.4,-16.219076,-38.18061
MARCOS CAVALCANTI,2024-02-14 08:13:02,353.8,12.3,-16.207636,-38.181935
MARCOS CAVALCANTI,2024-02-14 08:17:32,354.5,12.3,-16.192191,-38.18365
MARCOS CAVALCANTI,2024-02-14 09:02:52,356.7,12.1,-16.039295,-38.197706
MARCOS CAVALCANTI,2024-02-14 09:06:02,357.4,12.1,-16.028685,-38.198465
MARCOS CAVALCANTI,2024-02-14 09:06:32,356.2,12.1,-16.027018,-38.198573
MARCOS CAVALCANTI,2024-02-14 09:09:51,356.0,12.0,-16.015875,-38.199438
MARCOS CAVALCANTI,2024-02-14 09:10:21,357.5,12.0,-16.01426,-38.199543
MARCOS CAVALCANTI,2024-02-14 09:39:11,351.5,12.0,-15.918971,-38.212518
MARCOS CAVALCANTI,2024-02-14 09:42:41,351.4,12.0,-15.90738,-38.21419
MARCOS CAVALCANTI,2024-02-14 09:56:31,351.7,12.2,-15.860966,-38.221063
MARCOS CAVALCANTI,2024-02-14 10:00:12,352.1,12.2,-15.848645,-38.222905
MARCOS CAVALCANTI,2024-02-14 10:08:52,351.4,12.2,-15.819565,-38.227121
MARCOS CAVALCANTI,2024-02-14 10:11:50,352.6,12.1,-15.809485,-38.228566
MARCOS CAVALCANTI,2024-02-14 10:14:40,352.5,12.2,-15.799988,-38.229846
MARCOS CAVALCANTI,2024-02-14 10:18:12,352.0,12.2,-15.788121,-38.231525
MARCOS CAVALCANTI,2024-02-14 10:43:52,353.5,12.2,-15.702065,-38.243588
MARCOS CAVALCANTI,2024-02-14 10:49:12,352.9,12.2,-15.684093,-38.246063
MARCOS CAVALCANTI,2024-02-14 10:52:12,350.9,12.2,-15.673971,-38.24747
MARCOS CAVALCANTI,2024-02-14 10:52:51,352.3,12.2,-15.671778,-38.247786
MARCOS CAVALCANTI,2024-02-14 11:24:51,352.2,12.4,-15.562335,-38.26337
MARCOS CAVALCANTI,2024-02-14 12:00:40,353.8,12.5,-15.438598,-38.280401
MARCOS CAVALCANTI,2024-02-14 12:17:02,3.4,6.9,-15.390391,-38.28381
MARCOS CAVALCANTI,2024-02-14 12:32:20,50.0,3.0,-15.371135,-38.27939
MARCOS CAVALCANTI,2024-02-14 12:53:41,124.0,1.5,-15.370755,-38.266925
MARCOS CAVALCANTI,2024-02-14 13:30:01,161.5,0.7,-15.380391,-38.259668
MARCOS CAVALCANTI,2024-02-14 13:57:41,188.8,0.9,-15.38686,-38.258418
MARCOS CAVALCANTI,2024-02-14 14:02:21,170.4,0.9,-15.388038,-38.258533
MARCOS CAVALCANTI,2024-02-14 14:29:42,188.9,0.9,-15.39454,-38.259731
MARCOS CAVALCANTI,2024-02-14 14:39:11,186.2,0.9,-15.396971,-38.260145
MARCOS CAVALCANTI,2024-02-14 14:47:41,193.7,0.9,-15.399151,-38.260416
MARCOS CAVALCANTI,2024-02-14 14:53:50,198.7,0.8,-15.400645,-38.260651
MARCOS CAVALCANTI,2024-02-14 15:03:31,163.6,5.1,-15.405383,-38.259901
MARCOS CAVALCANTI,2024-02-14 15:10:42,172.3,11.0,-15.421786,-38.2559
MARCOS CAVALCANTI,2024-02-14 15:14:42,232.4,6.6,-15.431465,-38.257885
MARCOS CAVALCANTI,2024-02-14 15:41:51,353.8,1.7,-15.414416,-38.266738
MARCOS CAVALCANTI,2024-02-14 15:43:21,359.2,1.6,-15.413748,-38.266786
MARCOS CAVALCANTI,2024-02-14 15:44:51,350.0,1.5,-15.413113,-38.266823
MARCOS CAVALCANTI,2024-02-14 15:47:11,345.0,1.3,-15.412228,-38.266968
MARCOS CAVALCANTI,2024-02-14 15:54:48,21.5,0.9,-15.40993,-38.267013
MARCOS CAVALCANTI,2024-02-14 16:30:31,351.8,11.9,-15.357043,-38.270605
MARCOS CAVALCANTI,2024-02-14 16:50:31,347.8,12.3,-15.289295,-38.281585
MARCOS CAVALCANTI,2024-02-14 17:19:51,347.5,12.5,-15.189848,-38.304136
MARCOS CAVALCANTI,2024-02-14 17:20:20,347.6,12.5,-15.188095,-38.304551
MARCOS CAVALCANTI,2024-02-14 17:21:31,346.7,12.5,-15.184065,-38.305551
MARCOS CAVALCANTI,2024-02-14 17:23:51,346.6,12.6,-15.17612,-38.307498
MARCOS CAVALCANTI,2024-02-14 17:24:51,346.8,12.6,-15.172711,-38.308351
MARCOS CAVALCANTI,2024-02-14 17:31:48,348.2,12.7,-15.148868,-38.314073
MARCOS CAVALCANTI,2024-02-14 17:31:50,348.2,12.7,-15.148868,-38.314073
MARCOS CAVALCANTI,2024-02-14 17:32:19,351.1,12.6,-15.147143,-38.314421
MARCOS CAVALCANTI,2024-02-14 17:33:10,351.1,12.6,-15.144141,-38.314858
MARCOS CAVALCANTI,2024-02-14 17:33:39,352.5,12.6,-15.142405,-38.315081
MARCOS CAVALCANTI,2024-02-14 17:34:10,352.6,12.6,-15.140668,-38.315285
MARCOS CAVALCANTI,2024-02-14 17:34:39,353.0,12.6,-15.139005,-38.315476
MARCOS CAVALCANTI,2024-02-14 17:36:30,354.0,12.7,-15.132506,-38.316265
MARCOS CAVALCANTI,2024-02-14 19:37:50,352.6,12.4,-14.709808,-38.37691
MARCOS CAVALCANTI,2024-02-14 19:40:10,353.1,12.4,-14.701763,-38.378051
MARCOS CAVALCANTI,2024-02-14 20:06:43,351.7,12.4,-14.610885,-38.390843
MARCOS CAVALCANTI,2024-02-14 20:10:51,354.7,12.4,-14.596666,-38.392386
MARCOS CAVALCANTI,2024-02-14 20:15:11,353.0,12.5,-14.581636,-38.394076
MARCOS CAVALCANTI,2024-02-14 20:40:52,355.5,12.6,-14.492031,-38.402981
MARCOS CAVALCANTI,2024-02-14 20:45:41,355.6,12.6,-14.47519,-38.404475
MARCOS CAVALCANTI,2024-02-14 20:50:52,354.0,12.5,-14.457068,-38.406153
MARCOS CAVALCANTI,2024-02-14 21:23:42,354.4,12.4,-14.342755,-38.417036
MARCOS CAVALCANTI,2024-02-14 21:33:02,354.3,12.4,-14.310785,-38.420136
MARCOS CAVALCANTI,2024-02-14 21:57:02,351.8,12.4,-14.22871,-38.431098
MARCOS CAVALCANTI,2024-02-14 22:19:22,353.7,12.5,-14.151903,-38.44194
MARCOS CAVALCANTI,2024-02-14 22:21:42,352.2,12.5,-14.143825,-38.443021
MARCOS CAVALCANTI,2024-02-14 22:24:02,351.8,12.5,-14.135758,-38.444153
MARCOS CAVALCANTI,2024-02-14 22:27:13,352.0,12.5,-14.12474,-38.445706
MARCOS CAVALCANTI,2024-02-14 23:18:20,353.4,12.6,-13.948261,-38.462561
MARCOS CAVALCANTI,2024-02-14 23:24:10,353.3,12.6,-13.927976,-38.464858
MARCOS CAVALCANTI,2024-02-14 23:52:10,353.5,12.7,-13.830053,-38.476425
MARCOS CAVALCANTI,2024-02-15 00:04:33,352.7,12.6,-13.786848,-38.481543
MARCOS CAVALCANTI,2024-02-15 00:38:51,352.6,12.8,-13.667031,-38.500085
MARCOS CAVALCANTI,2024-02-15 00:48:51,350.6,12.8,-13.631605,-38.505131
MARCOS CAVALCANTI,2024-02-15 00:50:32,352.2,12.8,-13.625631,-38.506043
MARCOS CAVALCANTI,2024-02-15 00:53:01,352.5,12.7,-13.616885,-38.507341
MARCOS CAVALCANTI,2024-02-15 00:55:20,352.7,12.7,-13.608733,-38.508431
MARCOS CAVALCANTI,2024-02-15 01:22:03,352.8,12.7,-13.514756,-38.520085
MARCOS CAVALCANTI,2024-02-15 01:29:02,353.8,12.8,-13.489948,-38.522728
MARCOS CAVALCANTI,2024-02-15 02:13:22,352.9,12.7,-13.331953,-38.540875
MARCOS CAVALCANTI,2024-02-15 02:17:02,351.2,12.6,-13.319138,-38.5425
MARCOS CAVALCANTI,2024-02-15 02:19:02,352.8,12.7,-13.312091,-38.543436
MARCOS CAVALCANTI,2024-02-15 02:21:12,353.1,12.7,-13.304571,-38.54445
MARCOS CAVALCANTI,2024-02-15 02:58:42,356.6,13.0,-13.174093,-38.569783
MARCOS CAVALCANTI,2024-02-15 03:02:41,358.0,13.0,-13.159746,-38.570243
MARCOS CAVALCANTI,2024-02-15 03:08:03,357.3,13.0,-13.140268,-38.570896
MARCOS CAVALCANTI,2024-02-15 03:11:20,357.3,13.0,-13.128291,-38.571238
MARCOS CAVALCANTI,2024-02-15 03:13:33,358.1,12.9,-13.12034,-38.571485
MARCOS CAVALCANTI,2024-02-15 03:31:31,352.5,7.5,-13.067035,-38.573408
MARCOS CAVALCANTI,2024-02-15 03:35:23,359.0,7.4,-13.05936,-38.573865
MARCOS CAVALCANTI,2024-02-15 03:44:11,12.9,10.2,-13.03866,-38.570086
MARCOS CAVALCANTI,2024-02-15 03:59:52,0.0,9.6,-12.991228,-38.561846
MARCOS CAVALCANTI,2024-02-15 04:04:50,347.3,7.7,-12.979415,-38.562885
MARCOS CAVALCANTI,2024-02-15 04:42:11,28.5,0.2,-12.960685,-38.57536
MARCOS CAVALCANTI,2024-02-15 04:45:11,18.8,0.3,-12.96042,-38.575271
MARCOS CAVALCANTI,2024-02-15 04:54:02,5.6,0.4,-12.959421,-38.575061
MARCOS CAVALCANTI,2024-02-15 04:54:12,5.1,0.5,-12.9594,-38.575053
MARCOS CAVALCANTI,2024-02-15 05:53:24,80.6,0.0,-12.956546,-38.57604
MARCOS CAVALCANTI,2024-02-15 08:37:03,23.8,6.3,-12.950156,-38.568521
MARCOS CAVALCANTI,2024-02-15 08:39:33,16.4,7.6,-12.945533,-38.56674
MARCOS CAVALCANTI,2024-02-15 09:01:12,358.1,12.8,-12.875323,-38.566188
MARCOS CAVALCANTI,2024-02-15 09:10:11,1.1,12.8,-12.843315,-38.565243
MARCOS CAVALCANTI,2024-02-15 09:12:20,2.1,12.9,-12.835535,-38.564993
MARCOS CAVALCANTI,2024-02-15 09:16:30,348.0,12.8,-12.820861,-38.566441
MARCOS CAVALCANTI,2024-02-15 09:19:02,339.0,12.7,-12.81239,-38.569385
MARCOS CAVALCANTI,2024-02-15 09:45:13,300.4,6.3,-12.76029,-38.603691
MARCOS CAVALCANTI,2024-02-15 09:48:12,289.1,6.1,-12.757848,-38.60844
MARCOS CAVALCANTI,2024-02-15 09:53:03,275.5,5.9,-12.756561,-38.616633
MARCOS CAVALCANTI,2024-02-15 10:28:32,74.9,0.2,-12.75353,-38.625113
MARCOS CAVALCANTI,2024-02-17 05:42:56,129.8,11.7,-12.765316,-38.598958
MARCOS CAVALCANTI,2024-02-17 06:07:57,179.0,12.9,-12.83892,-38.56363
MARCOS CAVALCANTI,2024-02-17 06:57:07,180.7,8.9,-12.998491,-38.563698
MARCOS CAVALCANTI,2024-02-17 07:00:55,173.7,10.4,-13.008773,-38.56297
MARCOS CAVALCANTI,2024-02-17 07:05:46,197.4,10.5,-13.022765,-38.563858
MARCOS CAVALCANTI,2024-02-17 07:19:17,199.4,11.5,-13.063171,-38.577478
MARCOS CAVALCANTI,2024-02-17 07:55:25,170.5,13.7,-13.1925,-38.563498
MARCOS CAVALCANTI,2024-02-17 07:58:05,170.7,13.8,-13.202663,-38.561876
MARCOS CAVALCANTI,2024-02-17 08:23:30,172.2,14.1,-13.29991,-38.548018
MARCOS CAVALCANTI,2024-02-17 08:32:18,171.6,14.2,-13.334478,-38.543185
MARCOS CAVALCANTI,2024-02-17 08:34:24,172.5,14.1,-13.342763,-38.542068
MARCOS CAVALCANTI,2024-02-17 08:46:00,170.4,14.2,-13.388075,-38.534755
MARCOS CAVALCANTI,2024-02-17 08:57:54,171.1,14.1,-13.434553,-38.526651
MARCOS CAVALCANTI,2024-02-17 09:00:54,171.7,14.0,-13.446166,-38.524956
MARCOS CAVALCANTI,2024-02-17 09:05:36,171.1,14.2,-13.46451,-38.522276
MARCOS CAVALCANTI,2024-02-17 09:07:54,171.2,14.2,-13.473485,-38.520936
MARCOS CAVALCANTI,2024-02-17 09:35:05,171.4,14.1,-13.579643,-38.503805
MARCOS CAVALCANTI,2024-02-17 09:38:41,171.2,14.0,-13.59358,-38.501555
MARCOS CAVALCANTI,2024-02-17 09:40:06,171.1,14.0,-13.59903,-38.500705
MARCOS CAVALCANTI,2024-02-17 09:45:12,170.5,14.0,-13.618695,-38.497495
MARCOS CAVALCANTI,2024-02-17 10:10:06,172.1,14.1,-13.71554,-38.482543
MARCOS CAVALCANTI,2024-02-17 10:52:36,171.5,14.1,-13.88202,-38.458586
MARCOS CAVALCANTI,2024-02-17 11:05:24,171.7,14.1,-13.931545,-38.45096
MARCOS CAVALCANTI,2024-02-17 11:07:36,172.3,14.0,-13.940073,-38.449688
MARCOS CAVALCANTI,2024-02-17 11:10:34,171.9,13.9,-13.951626,-38.447936
MARCOS CAVALCANTI,2024-02-17 11:39:26,170.9,13.9,-14.062048,-38.430426
MARCOS CAVALCANTI,2024-02-17 12:11:14,172.9,14.0,-14.184661,-38.41139
MARCOS CAVALCANTI,2024-02-17 12:13:26,173.5,14.0,-14.193168,-38.410323
MARCOS CAVALCANTI,2024-02-17 12:43:38,172.0,14.0,-14.309913,-38.394541
MARCOS CAVALCANTI,2024-02-17 12:46:38,171.6,14.0,-14.32153,-38.392875
MARCOS CAVALCANTI,2024-02-17 12:48:57,172.5,14.0,-14.330465,-38.391651
MARCOS CAVALCANTI,2024-02-17 12:51:50,171.7,14.0,-14.341698,-38.390046
MARCOS CAVALCANTI,2024-02-17 12:54:03,171.7,13.9,-14.350193,-38.388831
MARCOS CAVALCANTI,2024-02-17 13:09:50,173.1,13.9,-14.411181,-38.380581
MARCOS CAVALCANTI,2024-02-17 13:20:33,172.0,13.9,-14.452378,-38.37501
MARCOS CAVALCANTI,2024-02-17 13:25:50,172.7,13.9,-14.472683,-38.372388
MARCOS CAVALCANTI,2024-02-17 13:27:50,173.0,13.9,-14.48035,-38.371421
MARCOS CAVALCANTI,2024-02-17 13:54:44,170.4,13.9,-14.584015,-38.355881
MARCOS CAVALCANTI,2024-02-17 13:59:20,170.2,14.0,-14.60167,-38.352916
MARCOS CAVALCANTI,2024-02-17 14:01:55,170.5,14.0,-14.611671,-38.351176
MARCOS CAVALCANTI,2024-02-17 14:30:47,171.7,13.9,-14.72253,-38.333396
MARCOS CAVALCANTI,2024-02-17 14:37:12,170.7,14.0,-14.747125,-38.329343
MARCOS CAVALCANTI,2024-02-17 15:08:54,171.8,14.0,-14.87004,-38.311903
MARCOS CAVALCANTI,2024-02-17 15:23:18,171.8,14.1,-14.925898,-38.303766
MARCOS CAVALCANTI,2024-02-17 15:25:24,171.7,14.1,-14.934086,-38.302601
MARCOS CAVALCANTI,2024-02-17 15:29:00,170.7,14.1,-14.948118,-38.300556
MARCOS CAVALCANTI,2024-02-17 16:20:48,171.8,14.2,-15.1514,-38.26887
MARCOS CAVALCANTI,2024-02-17 16:39:27,171.8,13.9,-15.223865,-38.257631
MARCOS CAVALCANTI,2024-02-17 16:39:39,171.9,13.9,-15.224568,-38.257521
MARCOS CAVALCANTI,2024-02-17 16:39:41,171.9,13.9,-15.224568,-38.257521
MARCOS CAVALCANTI,2024-02-17 16:40:39,171.1,13.9,-15.228426,-38.256923
MARCOS CAVALCANTI,2024-02-17 16:40:51,171.6,13.9,-15.229188,-38.256806
MARCOS CAVALCANTI,2024-02-17 16:41:39,171.1,13.9,-15.232291,-38.25634
MARCOS CAVALCANTI,2024-02-17 16:41:51,171.4,14.0,-15.233065,-38.256228
MARCOS CAVALCANTI,2024-02-17 16:41:53,171.4,14.0,-15.233065,-38.256228
MARCOS CAVALCANTI,2024-02-17 16:42:09,171.7,13.9,-15.234238,-38.256065
MARCOS CAVALCANTI,2024-02-17 16:42:15,173.1,13.9,-15.234628,-38.25601
MARCOS CAVALCANTI,2024-02-17 16:42:21,171.6,14.0,-15.235018,-38.255948
MARCOS CAVALCANTI,2024-02-17 16:42:33,171.5,14.0,-15.235733,-38.255846
MARCOS CAVALCANTI,2024-02-17 16:43:03,172.6,14.0,-15.237736,-38.255543
MARCOS CAVALCANTI,2024-02-17 16:43:51,171.1,13.9,-15.240731,-38.25507
MARCOS CAVALCANTI,2024-02-17 16:43:58,171.1,13.9,-15.241185,-38.255003
MARCOS CAVALCANTI,2024-02-17 16:44:03,171.1,13.9,-15.241571,-38.254945
MARCOS CAVALCANTI,2024-02-17 16:44:15,171.5,13.9,-15.242341,-38.254825
MARCOS CAVALCANTI,2024-02-17 16:44:46,170.9,13.9,-15.244335,-38.254515
MARCOS CAVALCANTI,2024-02-17 16:44:57,171.9,13.9,-15.245041,-38.254405
MARCOS CAVALCANTI,2024-02-17 16:45:09,171.0,14.0,-15.245808,-38.25428
MARCOS CAVALCANTI,2024-02-17 16:45:15,172.3,13.9,-15.246193,-38.25422
MARCOS CAVALCANTI,2024-02-17 16:45:28,171.8,14.0,-15.246978,-38.254091
MARCOS CAVALCANTI,2024-02-17 16:47:03,172.1,13.9,-15.25314,-38.253113
MARCOS CAVALCANTI,2024-02-17 17:16:12,171.8,13.9,-15.365261,-38.234885
MARCOS CAVALCANTI,2024-02-17 17:18:29,171.9,13.9,-15.37408,-38.233461
MARCOS CAVALCANTI,2024-02-17 17:21:00,170.8,13.8,-15.383613,-38.231831
MARCOS CAVALCANTI,2024-02-17 17:53:16,173.7,13.8,-15.506715,-38.212136
MARCOS CAVALCANTI,2024-02-17 18:25:20,172.3,13.9,-15.630398,-38.195856
MARCOS CAVALCANTI,2024-02-17 18:27:32,172.7,13.9,-15.638963,-38.194711
MARCOS CAVALCANTI,2024-02-17 18:59:44,172.0,13.9,-15.762726,-38.177355
MARCOS CAVALCANTI,2024-02-17 19:03:32,171.9,13.9,-15.777265,-38.175221
MARCOS CAVALCANTI,2024-02-17 19:06:32,170.9,13.9,-15.788816,-38.17348
MARCOS CAVALCANTI,2024-02-17 19:33:15,171.4,14.1,-15.891536,-38.157803
MARCOS CAVALCANTI,2024-02-17 19:35:44,172.8,14.1,-15.90123,-38.156383
MARCOS CAVALCANTI,2024-02-17 19:36:38,172.1,14.1,-15.90474,-38.155873
MARCOS CAVALCANTI,2024-02-17 19:38:45,172.7,14.1,-15.913008,-38.154698
MARCOS CAVALCANTI,2024-02-17 20:07:56,168.7,14.0,-16.024536,-38.1329
MARCOS CAVALCANTI,2024-02-17 20:10:08,167.8,14.0,-16.032861,-38.131063
MARCOS CAVALCANTI,2024-02-17 20:12:14,167.0,13.9,-16.040803,-38.129216
MARCOS CAVALCANTI,2024-02-17 20:15:57,167.5,14.0,-16.054838,-38.12597
MARCOS CAVALCANTI,2024-02-17 20:16:26,167.9,14.0,-16.056748,-38.125546
MARCOS CAVALCANTI,2024-02-17 20:21:14,170.3,13.8,-16.074916,-38.12191
MARCOS CAVALCANTI,2024-02-17 20:24:55,170.7,13.9,-16.089126,-38.119435
MARCOS CAVALCANTI,2024-02-17 20:28:20,175.1,13.8,-16.102086,-38.117773
MARCOS CAVALCANTI,2024-02-17 21:11:57,172.9,13.7,-16.267823,-38.103608
MARCOS CAVALCANTI,2024-02-17 21:16:28,172.4,13.8,-16.28498,-38.101296
MARCOS CAVALCANTI,2024-02-17 21:19:27,172.9,13.8,-16.296375,-38.099798
MARCOS CAVALCANTI,2024-02-17 22:02:52,171.0,13.9,-16.461066,-38.07787
MARCOS CAVALCANTI,2024-02-17 22:07:28,171.2,14.2,-16.478851,-38.075073
MARCOS CAVALCANTI,2024-02-17 22:10:29,171.6,14.3,-16.490508,-38.073205
MARCOS CAVALCANTI,2024-02-17 22:13:04,171.3,14.2,-16.500685,-38.071648
MARCOS CAVALCANTI,2024-02-17 22:28:28,172.0,14.2,-16.560711,-38.062671
MARCOS CAVALCANTI,2024-02-17 23:19:11,171.0,14.2,-16.760731,-38.030566
MARCOS CAVALCANTI,2024-02-17 23:22:05,171.4,14.2,-16.772128,-38.028735
MARCOS CAVALCANTI,2024-02-17 23:24:30,170.8,14.1,-16.781513,-38.02716
MARCOS CAVALCANTI,2024-02-18 00:05:00,171.8,14.3,-16.940765,-38.002546
MARCOS CAVALCANTI,2024-02-18 00:07:05,171.9,14.2,-16.949055,-38.001241
MARCOS CAVALCANTI,2024-02-18 00:09:29,172.4,14.2,-16.958443,-37.999791
MARCOS CAVALCANTI,2024-02-18 00:11:36,171.6,14.4,-16.966793,-37.998493
MARCOS CAVALCANTI,2024-02-18 00:33:52,171.9,14.5,-17.05537,-37.985485
MARCOS CAVALCANTI,2024-02-18 00:34:10,172.4,14.5,-17.056571,-37.985311
MARCOS CAVALCANTI,2024-02-18 00:35:23,172.6,14.7,-17.061478,-37.984603
MARCOS CAVALCANTI,2024-02-18 00:35:28,172.5,14.5,-17.061816,-37.984558
MARCOS CAVALCANTI,2024-02-18 00:35:41,172.6,14.6,-17.062688,-37.98445
MARCOS CAVALCANTI,2024-02-18 00:36:58,173.2,14.5,-17.06793,-37.98375
MARCOS CAVALCANTI,2024-02-18 00:54:52,171.5,14.3,-17.13888,-37.973193
MARCOS CAVALCANTI,2024-02-18 00:55:34,171.4,14.3,-17.141716,-37.972783
MARCOS CAVALCANTI,2024-02-18 00:57:58,172.3,14.2,-17.15117,-37.971418
MARCOS CAVALCANTI,2024-02-18 00:58:52,171.6,14.2,-17.154725,-37.970896
MARCOS CAVALCANTI,2024-02-18 01:01:17,172.5,14.2,-17.164165,-37.96954
MARCOS CAVALCANTI,2024-02-18 01:04:17,172.1,14.1,-17.175921,-37.967958
MARCOS CAVALCANTI,2024-02-18 01:09:35,171.9,14.1,-17.196573,-37.965023
MARCOS CAVALCANTI,2024-02-18 01:15:00,172.9,14.2,-17.217678,-37.96218
MARCOS CAVALCANTI,2024-02-18 01:49:54,171.6,13.9,-17.351818,-37.944553
MARCOS CAVALCANTI,2024-02-18 01:52:07,173.0,13.8,-17.36029,-37.943353
MARCOS CAVALCANTI,2024-02-18 01:54:13,171.6,13.9,-17.368296,-37.942141
MARCOS CAVALCANTI,2024-02-18 01:55:39,171.6,13.8,-17.373818,-37.941283
MARCOS CAVALCANTI,2024-02-18 01:57:03,170.9,13.9,-17.37913,-37.940448
MARCOS CAVALCANTI,2024-02-18 01:58:10,170.8,13.9,-17.383418,-37.939773
MARCOS CAVALCANTI,2024-02-18 02:20:19,170.2,13.9,-17.468103,-37.925426
MARCOS CAVALCANTI,2024-02-18 02:32:58,169.5,14.0,-17.516831,-37.916036
MARCOS CAVALCANTI,2024-02-18 02:42:28,167.9,14.2,-17.553528,-37.90853
MARCOS CAVALCANTI,2024-02-18 02:48:22,171.5,14.1,-17.576576,-37.9044
MARCOS CAVALCANTI,2024-02-18 03:01:23,173.0,14.2,-17.627681,-37.897041
MARCOS CAVALCANTI,2024-02-18 03:05:16,172.4,14.2,-17.64295,-37.895088
MARCOS CAVALCANTI,2024-02-18 03:07:28,172.1,14.1,-17.651596,-37.89391
MARCOS CAVALCANTI,2024-02-18 03:29:09,173.0,14.2,-17.736538,-37.883035
MARCOS CAVALCANTI,2024-02-18 03:29:33,172.5,14.2,-17.738046,-37.882825
MARCOS CAVALCANTI,2024-02-18 03:29:45,172.4,14.2,-17.7389,-37.882715
MARCOS CAVALCANTI,2024-02-18 03:29:50,172.7,14.2,-17.739295,-37.882665
MARCOS CAVALCANTI,2024-02-18 03:30:03,173.1,14.2,-17.740085,-37.882563
MARCOS CAVALCANTI,2024-02-18 03:30:09,171.9,14.2,-17.740478,-37.882511
MARCOS CAVALCANTI,2024-02-18 03:30:27,172.5,14.2,-17.741661,-37.882365
MARCOS CAVALCANTI,2024-02-18 03:30:50,173.2,14.2,-17.743181,-37.882158
MARCOS CAVALCANTI,2024-02-18 03:31:03,173.1,14.3,-17.743971,-37.882053
MARCOS CAVALCANTI,2024-02-18 03:31:09,173.0,14.2,-17.744433,-37.881993
MARCOS CAVALCANTI,2024-02-18 03:36:22,172.1,14.3,-17.765021,-37.87921
MARCOS CAVALCANTI,2024-02-18 03:38:40,173.0,14.3,-17.774045,-37.87808
MARCOS CAVALCANTI,2024-02-18 04:05:04,174.8,13.8,-17.877203,-37.865468
MARCOS CAVALCANTI,2024-02-18 04:09:47,173.8,13.8,-17.895311,-37.86347
MARCOS CAVALCANTI,2024-02-18 04:15:07,174.1,13.6,-17.915746,-37.86129
MARCOS CAVALCANTI,2024-02-18 04:17:17,174.4,13.8,-17.923965,-37.860391
MARCOS CAVALCANTI,2024-02-18 04:42:39,193.7,13.6,-18.021445,-37.852521
MARCOS CAVALCANTI,2024-02-18 04:46:49,194.9,14.1,-18.037061,-37.85693
MARCOS CAVALCANTI,2024-02-18 04:50:55,194.7,14.2,-18.05264,-37.861418
MARCOS CAVALCANTI,2024-02-18 05:00:29,193.9,14.2,-18.089406,-37.871318
MARCOS CAVALCANTI,2024-02-18 05:00:52,194.8,14.2,-18.090876,-37.871721
MARCOS CAVALCANTI,2024-02-18 05:01:10,194.7,14.2,-18.092021,-37.872031
MARCOS CAVALCANTI,2024-02-18 05:02:11,194.4,14.2,-18.095875,-37.873085
MARCOS CAVALCANTI,2024-02-18 05:02:16,194.7,14.0,-18.096248,-37.87319
MARCOS CAVALCANTI,2024-02-18 05:02:42,194.6,14.1,-18.097791,-37.873616
MARCOS CAVALCANTI,2024-02-18 05:04:16,195.5,13.9,-18.103773,-37.87533
MARCOS CAVALCANTI,2024-02-18 05:04:23,193.6,13.8,-18.104216,-37.875445
MARCOS CAVALCANTI,2024-02-18 05:04:29,192.6,13.8,-18.104593,-37.875536
MARCOS CAVALCANTI,2024-02-18 05:04:42,190.1,13.6,-18.105346,-37.87569
MARCOS CAVALCANTI,2024-02-18 05:04:59,188.3,13.6,-18.106471,-37.875866
MARCOS CAVALCANTI,2024-02-18 05:05:11,184.7,13.5,-18.107221,-37.875943
MARCOS CAVALCANTI,2024-02-18 05:05:29,180.9,13.3,-18.108335,-37.875995
MARCOS CAVALCANTI,2024-02-18 05:08:29,162.8,13.1,-18.118906,-37.873621
MARCOS CAVALCANTI,2024-02-18 05:09:01,161.9,13.3,-18.120718,-37.872985
MARCOS CAVALCANTI,2024-02-18 05:12:41,178.3,13.5,-18.134161,-37.869423
MARCOS CAVALCANTI,2024-02-18 05:51:40,199.8,14.0,-18.277121,-37.920016
MARCOS CAVALCANTI,2024-02-18 05:57:29,200.4,14.0,-18.298408,-37.928048
MARCOS CAVALCANTI,2024-02-18 05:57:41,200.4,14.0,-18.299273,-37.928375
MARCOS CAVALCANTI,2024-02-18 05:59:52,200.1,14.0,-18.307263,-37.931415
MARCOS CAVALCANTI,2024-02-18 06:02:11,199.6,14.0,-18.315735,-37.934621
MARCOS CAVALCANTI,2024-02-18 06:06:29,200.8,13.8,-18.331393,-37.940618
MARCOS CAVALCANTI,2024-02-18 06:09:32,195.7,13.9,-18.342663,-37.944256
MARCOS CAVALCANTI,2024-02-18 06:54:57,199.0,14.4,-18.515101,-37.997086
MARCOS CAVALCANTI,2024-02-18 06:58:03,196.8,14.5,-18.527118,-38.000955
MARCOS CAVALCANTI,2024-02-18 07:00:08,197.0,14.4,-18.535146,-38.003548
MARCOS CAVALCANTI,2024-02-18 07:31:03,196.4,14.1,-18.652205,-38.041223
MARCOS CAVALCANTI,2024-02-18 07:41:08,196.6,14.3,-18.690495,-38.053271
MARCOS CAVALCANTI,2024-02-18 07:43:20,195.8,14.3,-18.698983,-38.0559
MARCOS CAVALCANTI,2024-02-18 07:49:14,196.5,14.2,-18.721493,-38.062771
MARCOS CAVALCANTI,2024-02-18 08:02:20,199.4,13.8,-18.771166,-38.07737
MARCOS CAVALCANTI,2024-02-18 08:38:23,195.8,13.6,-18.90237,-38.121866
MARCOS CAVALCANTI,2024-02-18 08:46:33,195.9,13.4,-18.931896,-38.130695
MARCOS CAVALCANTI,2024-02-18 09:10:12,197.2,13.0,-19.015353,-38.157768
MARCOS CAVALCANTI,2024-02-18 09:12:33,197.1,13.1,-19.023525,-38.16049
MARCOS CAVALCANTI,2024-02-18 09:16:33,198.2,13.1,-19.037478,-38.165143
MARCOS CAVALCANTI,2024-02-18 09:20:34,196.2,13.0,-19.051375,-38.169623
MARCOS CAVALCANTI,2024-02-18 09:22:43,196.5,13.1,-19.059025,-38.172005
MARCOS CAVALCANTI,2024-02-18 09:26:52,195.9,13.1,-19.07357,-38.17663
MARCOS CAVALCANTI,2024-02-18 09:51:31,196.5,13.2,-19.160025,-38.2037
MARCOS CAVALCANTI,2024-02-18 09:55:42,195.6,13.2,-19.174658,-38.208205
MARCOS CAVALCANTI,2024-02-18 10:02:32,195.5,13.1,-19.198706,-38.215391
MARCOS CAVALCANTI,2024-02-18 10:07:42,196.2,13.0,-19.216841,-38.220831
MARCOS CAVALCANTI,2024-02-18 10:22:32,196.1,13.0,-19.268953,-38.236103
MARCOS CAVALCANTI,2024-02-18 10:26:13,196.1,12.9,-19.281876,-38.23975
MARCOS CAVALCANTI,2024-02-18 10:30:04,190.9,12.8,-19.295463,-38.243193
MARCOS CAVALCANTI,2024-02-18 10:39:53,194.6,13.2,-19.330265,-38.252718
MARCOS CAVALCANTI,2024-02-18 10:43:23,194.9,13.2,-19.3427,-38.256136
MARCOS CAVALCANTI,2024-02-18 10:57:12,200.5,13.0,-19.390203,-38.27265
MARCOS CAVALCANTI,2024-02-18 11:02:03,197.8,13.0,-19.406676,-38.278703
MARCOS CAVALCANTI,2024-02-18 11:08:23,198.7,12.9,-19.42842,-38.286268
MARCOS CAVALCANTI,2024-02-18 11:09:02,199.0,12.8,-19.430623,-38.287023
MARCOS CAVALCANTI,2024-02-18 11:09:32,198.4,12.9,-19.43233,-38.28761
MARCOS CAVALCANTI,2024-02-18 11:11:23,197.8,12.9,-19.438571,-38.289811
MARCOS CAVALCANTI,2024-02-18 11:11:42,197.9,12.9,-19.439701,-38.290225
MARCOS CAVALCANTI,2024-02-18 11:13:11,198.1,12.9,-19.444746,-38.291971
MARCOS CAVALCANTI,2024-02-18 11:14:02,197.4,12.9,-19.447678,-38.292976
MARCOS CAVALCANTI,2024-02-18 11:14:11,197.9,12.8,-19.44819,-38.29315
MARCOS CAVALCANTI,2024-02-18 11:27:51,197.1,12.8,-19.494726,-38.308725
MARCOS CAVALCANTI,2024-02-18 11:28:51,197.3,12.8,-19.498135,-38.309858
MARCOS CAVALCANTI,2024-02-18 11:30:51,199.4,12.8,-19.504941,-38.312156
MARCOS CAVALCANTI,2024-02-18 11:31:42,198.6,12.8,-19.507921,-38.313171
MARCOS CAVALCANTI,2024-02-18 11:49:32,197.2,12.8,-19.568566,-38.333031
MARCOS CAVALCANTI,2024-02-18 11:52:32,196.4,12.8,-19.578803,-38.336365
MARCOS CAVALCANTI,2024-02-18 12:20:04,195.2,12.8,-19.673813,-38.364975
MARCOS CAVALCANTI,2024-02-18 12:26:12,196.2,12.8,-19.695043,-38.371213
MARCOS CAVALCANTI,2024-02-18 12:47:11,198.6,13.3,-19.768123,-38.394345
MARCOS CAVALCANTI,2024-02-18 12:56:13,197.9,13.2,-19.800115,-38.405151
MARCOS CAVALCANTI,2024-02-18 12:59:13,196.7,13.3,-19.81068,-38.40861
MARCOS CAVALCANTI,2024-02-18 13:29:03,199.2,12.7,-19.914323,-38.443773
MARCOS CAVALCANTI,2024-02-18 13:34:32,194.6,12.9,-19.933093,-38.449786
MARCOS CAVALCANTI,2024-02-18 14:22:11,196.3,12.5,-20.098756,-38.495671
MARCOS CAVALCANTI,2024-02-18 14:24:22,197.9,12.7,-20.106026,-38.498051
MARCOS CAVALCANTI,2024-02-18 14:31:23,197.7,12.5,-20.129531,-38.505761
MARCOS CAVALCANTI,2024-02-18 15:05:14,196.2,13.0,-20.244471,-38.54451
MARCOS CAVALCANTI,2024-02-18 15:07:23,199.5,13.0,-20.251946,-38.546913
MARCOS CAVALCANTI,2024-02-18 15:14:03,198.7,12.9,-20.274726,-38.555013
MARCOS CAVALCANTI,2024-02-18 15:16:14,199.2,12.9,-20.282206,-38.557663
MARCOS CAVALCANTI,2024-02-18 15:19:14,198.8,12.7,-20.292453,-38.561288
MARCOS CAVALCANTI,2024-02-18 15:21:43,198.9,13.0,-20.300933,-38.564343
MARCOS CAVALCANTI,2024-02-18 15:45:33,199.3,12.8,-20.381843,-38.594326
MARCOS CAVALCANTI,2024-02-18 16:09:03,195.6,12.9,-20.4616,-38.62227
MARCOS CAVALCANTI,2024-02-18 16:11:22,196.6,12.9,-20.469666,-38.624916
MARCOS CAVALCANTI,2024-02-18 16:14:13,196.5,12.9,-20.479443,-38.628118
MARCOS CAVALCANTI,2024-02-18 16:18:03,196.2,12.9,-20.49274,-38.63234
MARCOS CAVALCANTI,2024-02-18 16:55:22,197.5,13.0,-20.620271,-38.675383
MARCOS CAVALCANTI,2024-02-18 16:58:12,197.9,12.9,-20.630093,-38.678766
MARCOS CAVALCANTI,2024-02-18 16:58:22,198.2,12.9,-20.630668,-38.678968
MARCOS CAVALCANTI,2024-02-18 16:59:43,197.9,13.0,-20.635311,-38.680563
MARCOS CAVALCANTI,2024-02-18 16:59:53,198.1,13.0,-20.635881,-38.680753
MARCOS CAVALCANTI,2024-02-18 17:00:22,198.4,12.8,-20.637481,-38.681308
MARCOS CAVALCANTI,2024-02-18 17:00:32,197.8,12.9,-20.638051,-38.681505
MARCOS CAVALCANTI,2024-02-18 17:00:53,198.3,12.8,-20.639251,-38.681931
MARCOS CAVALCANTI,2024-02-18 17:01:13,198.5,12.9,-20.640395,-38.682328
MARCOS CAVALCANTI,2024-02-18 17:01:32,198.7,12.8,-20.641536,-38.682725
MARCOS CAVALCANTI,2024-02-18 17:02:22,198.5,12.9,-20.644333,-38.683688
MARCOS CAVALCANTI,2024-02-18 17:03:22,198.0,12.8,-20.647815,-38.684863
MARCOS CAVALCANTI,2024-02-18 17:03:43,197.7,12.9,-20.648953,-38.685246
MARCOS CAVALCANTI,2024-02-18 17:22:34,228.6,12.9,-20.69654,-38.732678
MARCOS CAVALCANTI,2024-02-18 17:24:03,228.4,12.8,-20.700063,-38.7369
MARCOS CAVALCANTI,2024-02-18 17:32:42,228.4,13.1,-20.720705,-38.761651
MARCOS CAVALCANTI,2024-02-18 18:00:43,228.8,12.8,-20.788218,-38.841331
MARCOS CAVALCANTI,2024-02-18 18:04:14,226.3,12.8,-20.796693,-38.85122
MARCOS CAVALCANTI,2024-02-18 18:33:44,227.8,12.9,-20.868925,-38.934398
MARCOS CAVALCANTI,2024-02-18 18:37:40,226.9,13.0,-20.878658,-38.945678
MARCOS CAVALCANTI,2024-02-18 18:39:03,227.7,12.9,-20.881891,-38.949478
MARCOS CAVALCANTI,2024-02-18 19:10:03,231.4,12.8,-20.952861,-39.039708
MARCOS CAVALCANTI,2024-02-18 19:13:33,230.2,12.6,-20.96059,-39.049946
MARCOS CAVALCANTI,2024-02-18 19:27:52,228.4,12.7,-20.99289,-39.091221
MARCOS CAVALCANTI,2024-02-18 19:39:13,227.4,12.9,-21.01997,-39.123108
MARCOS CAVALCANTI,2024-02-18 19:42:12,227.6,12.9,-21.027208,-39.13158
MARCOS CAVALCANTI,2024-02-18 19:45:53,227.5,12.9,-21.036053,-39.142126
MARCOS CAVALCANTI,2024-02-18 20:10:42,228.1,12.9,-21.096191,-39.212566
MARCOS CAVALCANTI,2024-02-18 20:22:12,227.2,12.8,-21.12409,-39.245081
MARCOS CAVALCANTI,2024-02-18 20:22:23,226.6,12.8,-21.124576,-39.245638
MARCOS CAVALCANTI,2024-02-18 20:31:24,226.4,12.6,-21.146203,-39.270598
MARCOS CAVALCANTI,2024-02-18 20:33:52,225.3,12.6,-21.152141,-39.277371
MARCOS CAVALCANTI,2024-02-18 21:05:12,229.2,12.7,-21.228141,-39.36295
MARCOS CAVALCANTI,2024-02-18 21:12:12,229.2,12.6,-21.244233,-39.382846
MARCOS CAVALCANTI,2024-02-18 21:27:34,230.8,12.7,-21.279315,-39.426871
MARCOS CAVALCANTI,2024-02-18 21:53:32,230.0,12.8,-21.338438,-39.502376
MARCOS CAVALCANTI,2024-02-18 22:02:12,229.6,12.9,-21.358398,-39.527735
MARCOS CAVALCANTI,2024-02-18 22:07:13,228.9,12.9,-21.370041,-39.542383
MARCOS CAVALCANTI,2024-02-18 22:20:02,228.7,12.8,-21.399565,-39.579515
MARCOS CAVALCANTI,2024-02-18 22:48:32,230.6,12.6,-21.465411,-39.661941
MARCOS CAVALCANTI,2024-02-18 22:52:32,229.7,12.5,-21.474561,-39.673408
MARCOS CAVALCANTI,2024-02-18 22:58:32,227.2,12.7,-21.48857,-39.690173
MARCOS CAVALCANTI,2024-02-18 23:06:53,226.4,12.6,-21.508308,-39.713043
MARCOS CAVALCANTI,2024-02-18 23:10:03,227.6,12.6,-21.515918,-39.721693
MARCOS CAVALCANTI,2024-02-18 23:12:23,226.2,12.6,-21.521508,-39.728048
MARCOS CAVALCANTI,2024-02-18 23:14:33,226.5,12.6,-21.526693,-39.733926
MARCOS CAVALCANTI,2024-02-18 23:46:52,226.8,13.0,-21.605713,-39.822221
MARCOS CAVALCANTI,2024-02-18 23:50:23,226.7,13.1,-21.61445,-39.832226
MARCOS CAVALCANTI,2024-02-19 00:01:02,228.4,13.2,-21.640731,-39.862861
MARCOS CAVALCANTI,2024-02-19 00:04:02,227.5,13.2,-21.648083,-39.871731
MARCOS CAVALCANTI,2024-02-19 00:28:32,227.9,13.4,-21.708713,-39.944443
MARCOS CAVALCANTI,2024-02-19 00:28:42,227.4,13.4,-21.709128,-39.944933
MARCOS CAVALCANTI,2024-02-19 00:30:23,227.8,13.3,-21.713296,-39.949963
MARCOS CAVALCANTI,2024-02-19 00:31:32,228.0,13.4,-21.716211,-39.953423
MARCOS CAVALCANTI,2024-02-19 00:33:41,227.1,13.4,-21.721608,-39.959778
MARCOS CAVALCANTI,2024-02-19 00:34:03,226.8,13.4,-21.722553,-39.960863
MARCOS CAVALCANTI,2024-02-19 00:37:12,228.0,13.4,-21.730475,-39.970201
MARCOS CAVALCANTI,2024-02-19 00:38:12,227.9,13.5,-21.733031,-39.973185
MARCOS CAVALCANTI,2024-02-19 00:39:24,227.9,13.4,-21.735953,-39.97664
MARCOS CAVALCANTI,2024-02-19 00:43:01,227.0,13.5,-21.745125,-39.987321
MARCOS CAVALCANTI,2024-02-19 00:43:33,227.0,13.5,-21.746476,-39.988885
MARCOS CAVALCANTI,2024-02-19 00:45:33,227.3,13.4,-21.751546,-39.994778
MARCOS CAVALCANTI,2024-02-19 00:56:24,228.0,13.8,-21.7795,-40.027046
MARCOS CAVALCANTI,2024-02-19 01:43:18,229.7,14.4,-21.904463,-40.172146
MARCOS CAVALCANTI,2024-02-19 02:07:31,233.5,13.6,-21.965536,-40.250121
MARCOS CAVALCANTI,2024-02-19 02:37:13,224.2,13.4,-22.039065,-40.338216
MARCOS CAVALCANTI,2024-02-19 02:39:32,224.8,13.2,-22.04523,-40.344726
MARCOS CAVALCANTI,2024-02-19 03:07:32,230.5,13.1,-22.114701,-40.425705
MARCOS CAVALCANTI,2024-02-19 03:13:43,231.4,13.3,-22.12895,-40.444461
MARCOS CAVALCANTI,2024-02-19 03:14:43,231.8,13.2,-22.13127,-40.447548
MARCOS CAVALCANTI,2024-02-19 03:16:42,231.0,13.2,-22.135881,-40.453681
MARCOS CAVALCANTI,2024-02-19 03:40:32,234.7,12.9,-22.1896,-40.526933
MARCOS CAVALCANTI,2024-02-19 03:49:32,231.9,12.6,-22.209208,-40.55451
MARCOS CAVALCANTI,2024-02-19 03:52:21,233.5,12.8,-22.215236,-40.562988
MARCOS CAVALCANTI,2024-02-19 04:10:01,239.3,12.9,-22.248496,-40.620093
MARCOS CAVALCANTI,2024-02-19 04:12:31,240.6,13.0,-22.25307,-40.628426
MARCOS CAVALCANTI,2024-02-19 04:17:52,233.1,13.0,-22.263201,-40.646148
MARCOS CAVALCANTI,2024-02-19 04:49:22,224.7,12.9,-22.342771,-40.733965
MARCOS CAVALCANTI,2024-02-19 04:51:52,225.0,13.0,-22.349178,-40.740831
MARCOS CAVALCANTI,2024-02-19 04:58:02,224.3,12.8,-22.364775,-40.75761
MARCOS CAVALCANTI,2024-02-19 05:02:21,225.9,13.0,-22.375861,-40.769606
MARCOS CAVALCANTI,2024-02-19 05:06:02,225.5,13.2,-22.385365,-40.779808
MARCOS CAVALCANTI,2024-02-19 05:18:12,228.6,13.5,-22.416436,-40.815445
MARCOS CAVALCANTI,2024-02-19 05:20:00,228.3,13.5,-22.420978,-40.820976
MARCOS CAVALCANTI,2024-02-19 05:20:51,228.5,13.5,-22.423091,-40.823593
MARCOS CAVALCANTI,2024-02-19 05:21:41,228.6,13.5,-22.425135,-40.826108
MARCOS CAVALCANTI,2024-02-19 05:22:52,229.5,13.5,-22.428098,-40.829753
MARCOS CAVALCANTI,2024-02-19 05:23:41,228.8,13.6,-22.430183,-40.832311
MARCOS CAVALCANTI,2024-02-19 05:24:41,229.2,13.7,-22.432686,-40.83539
MARCOS CAVALCANTI,2024-02-19 05:24:52,229.4,13.6,-22.4331,-40.835901
MARCOS CAVALCANTI,2024-02-19 05:29:12,228.9,13.6,-22.443806,-40.849285
MARCOS CAVALCANTI,2024-02-19 05:31:52,228.7,13.6,-22.450365,-40.857543
MARCOS CAVALCANTI,2024-02-19 05:51:21,221.4,13.5,-22.502046,-40.91391
MARCOS CAVALCANTI,2024-02-19 05:54:53,220.6,13.7,-22.511988,-40.9234
MARCOS CAVALCANTI,2024-02-19 05:57:22,221.4,13.7,-22.519141,-40.930125
MARCOS CAVALCANTI,2024-02-19 06:06:35,221.2,14.0,-22.546183,-40.955315
MARCOS CAVALCANTI,2024-02-19 06:10:28,220.7,14.0,-22.557563,-40.965965
MARCOS CAVALCANTI,2024-02-19 06:43:06,231.9,13.5,-22.636628,-41.069775
MARCOS CAVALCANTI,2024-02-19 06:50:24,231.0,13.4,-22.653486,-41.092951
MARCOS CAVALCANTI,2024-02-19 07:10:06,230.7,13.3,-22.698716,-41.155271
MARCOS CAVALCANTI,2024-02-19 07:33:45,231.5,13.0,-22.752756,-41.227428
MARCOS CAVALCANTI,2024-02-19 07:39:06,230.2,13.2,-22.765488,-41.243471
MARCOS CAVALCANTI,2024-02-19 08:26:24,228.9,13.1,-22.877126,-41.382481
MARCOS CAVALCANTI,2024-02-19 08:29:56,228.4,13.1,-22.885558,-41.392808
MARCOS CAVALCANTI,2024-02-19 08:48:55,228.4,12.9,-22.931543,-41.448223
MARCOS CAVALCANTI,2024-02-19 08:54:25,228.0,13.2,-22.945151,-41.46427
MARCOS CAVALCANTI,2024-02-19 08:58:25,229.7,13.3,-22.955026,-41.476116
MARCOS CAVALCANTI,2024-02-19 09:06:25,229.3,13.1,-22.974266,-41.500101
MARCOS CAVALCANTI,2024-02-19 09:32:54,226.7,13.4,-23.041825,-41.576691
MARCOS CAVALCANTI,2024-02-19 09:35:36,225.0,13.1,-23.048623,-41.584395
MARCOS CAVALCANTI,2024-02-19 09:38:25,224.8,13.3,-23.05593,-41.592475
MARCOS CAVALCANTI,2024-02-19 09:41:06,227.0,13.3,-23.062853,-41.60014
MARCOS CAVALCANTI,2024-02-19 10:08:15,255.9,12.5,-23.103131,-41.692331
MARCOS CAVALCANTI,2024-02-19 10:10:56,255.3,12.5,-23.105433,-41.702058
MARCOS CAVALCANTI,2024-02-19 10:16:25,255.4,12.6,-23.110303,-41.722115
MARCOS CAVALCANTI,2024-02-19 10:35:35,268.2,12.4,-23.121076,-41.793311
MARCOS CAVALCANTI,2024-02-19 10:42:05,266.6,12.4,-23.122948,-41.817426
MARCOS CAVALCANTI,2024-02-19 10:46:55,270.3,12.5,-23.12392,-41.835453
MARCOS CAVALCANTI,2024-02-19 10:49:45,270.0,12.4,-23.124226,-41.84607
MARCOS CAVALCANTI,2024-02-19 11:09:34,263.7,12.7,-23.128808,-41.920698
MARCOS CAVALCANTI,2024-02-19 11:10:34,265.4,12.7,-23.129078,-41.924503
MARCOS CAVALCANTI,2024-02-19 11:10:45,264.9,12.8,-23.129135,-41.925201
MARCOS CAVALCANTI,2024-02-19 11:16:46,262.9,12.7,-23.130846,-41.948076
MARCOS CAVALCANTI,2024-02-19 11:18:26,266.3,12.7,-23.131281,-41.954391
MARCOS CAVALCANTI,2024-02-19 11:29:15,272.6,12.9,-23.130225,-41.996321
MARCOS CAVALCANTI,2024-02-19 11:44:45,267.7,13.0,-23.12949,-42.05703
MARCOS CAVALCANTI,2024-02-19 11:59:45,271.6,13.1,-23.130545,-42.116023
MARCOS CAVALCANTI,2024-02-19 12:22:43,270.1,13.0,-23.133626,-42.206478
MARCOS CAVALCANTI,2024-02-19 12:28:55,271.2,13.1,-23.134626,-42.230806
MARCOS CAVALCANTI,2024-02-19 12:41:04,268.2,13.1,-23.13627,-42.278676
MARCOS CAVALCANTI,2024-02-19 12:43:04,267.8,13.1,-23.13654,-42.28653
MARCOS CAVALCANTI,2024-02-19 12:57:14,271.2,13.2,-23.138588,-42.342335
MARCOS CAVALCANTI,2024-02-19 13:05:06,266.2,13.2,-23.139438,-42.373585
MARCOS CAVALCANTI,2024-02-19 13:09:35,268.7,13.2,-23.139971,-42.39141
MARCOS CAVALCANTI,2024-02-19 13:31:06,265.1,13.3,-23.142736,-42.476896
MARCOS CAVALCANTI,2024-02-19 13:46:46,269.0,13.1,-23.14478,-42.539395
MARCOS CAVALCANTI,2024-02-19 14:16:06,271.5,13.2,-23.148925,-42.655338
MARCOS CAVALCANTI,2024-02-19 14:44:16,271.2,12.9,-23.144796,-42.765796
MARCOS CAVALCANTI,2024-02-19 15:08:44,261.2,12.8,-23.149426,-42.858828
MARCOS CAVALCANTI,2024-02-19 15:15:15,260.8,12.9,-23.152355,-42.883735
MARCOS CAVALCANTI,2024-02-19 15:50:14,267.3,12.4,-23.166573,-43.015086
MARCOS CAVALCANTI,2024-02-19 15:54:55,264.8,12.4,-23.168451,-43.032456
MARCOS CAVALCANTI,2024-02-19 15:57:05,264.9,12.4,-23.169316,-43.040455
MARCOS CAVALCANTI,2024-02-19 15:58:25,264.2,12.3,-23.16986,-43.04541
MARCOS CAVALCANTI,2024-02-19 16:28:46,266.8,12.8,-23.183198,-43.15962
MARCOS CAVALCANTI,2024-02-19 16:49:35,258.6,12.8,-23.192436,-43.239755
MARCOS CAVALCANTI,2024-02-19 16:53:35,261.5,12.7,-23.194528,-43.25498
MARCOS CAVALCANTI,2024-02-19 16:53:43,257.1,12.6,-23.194598,-43.255476
MARCOS CAVALCANTI,2024-02-19 16:55:05,261.3,12.7,-23.195333,-43.260551
MARCOS CAVALCANTI,2024-02-19 16:58:45,259.1,12.7,-23.197395,-43.274393
MARCOS CAVALCANTI,2024-02-19 17:19:12,260.3,12.7,-23.207915,-43.351511
MARCOS CAVALCANTI,2024-02-19 17:19:44,263.2,12.7,-23.208175,-43.35353
MARCOS CAVALCANTI,2024-02-19 17:19:53,262.7,12.7,-23.20825,-43.3541
MARCOS CAVALCANTI,2024-02-19 17:20:33,259.1,12.8,-23.208583,-43.356633
MARCOS CAVALCANTI,2024-02-19 17:39:03,260.9,12.2,-23.217493,-43.426141
MARCOS CAVALCANTI,2024-02-19 17:43:26,261.9,12.3,-23.219538,-43.44213
MARCOS CAVALCANTI,2024-02-19 18:13:14,268.3,12.5,-23.224578,-43.553961
MARCOS CAVALCANTI,2024-02-19 18:43:03,256.1,12.4,-23.243701,-43.663618
MARCOS CAVALCANTI,2024-02-19 18:47:53,263.6,12.5,-23.246203,-43.681655
MARCOS CAVALCANTI,2024-02-19 19:25:26,268.8,12.4,-23.26212,-43.822815
MARCOS CAVALCANTI,2024-02-19 20:15:35,268.1,12.4,-23.278218,-44.003618
MARCOS CAVALCANTI,2024-02-19 20:24:54,270.9,12.4,-23.277681,-44.03832
MARCOS CAVALCANTI,2024-02-19 21:05:55,275.5,12.8,-23.272438,-44.194181
MARCOS CAVALCANTI,2024-02-19 21:08:35,273.6,12.9,-23.271773,-44.204475
MARCOS CAVALCANTI,2024-02-19 22:15:56,358.3,9.5,-23.217105,-44.417251
MARCOS CAVALCANTI,2024-02-19 22:44:54,15.2,6.7,-23.158788,-44.408545
MARCOS CAVALCANTI,2024-02-19 23:01:15,18.4,6.1,-23.131408,-44.399416
MARCOS CAVALCANTI,2024-02-19 23:08:05,14.9,4.3,-23.121775,-44.3964
MARCOS CAVALCANTI,2024-02-20 05:37:10,29.8,0.1,-23.114493,-44.386215
MARCOS CAVALCANTI,2024-02-20 05:40:10,31.4,0.3,-23.114503,-44.386206
MARCOS CAVALCANTI,2024-02-20 08:25:12,193.9,0.2,-23.113633,-44.385938
MARCOS CAVALCANTI,2024-02-20 12:10:11,239.7,0.0,-23.112338,-44.3862
MARCOS CAVALCANTI,2024-02-20 12:40:12,293.6,0.1,-23.112386,-44.386145
MARCOS CAVALCANTI,2024-02-20 14:52:12,338.2,0.1,-23.11201,-44.386323
MARCOS CAVALCANTI,2024-02-20 17:31:10,296.6,0.1,-23.111223,-44.3878
MARCOS CAVALCANTI,2024-02-21 05:37:12,332.7,0.1,-23.111521,-44.386691
MARCOS CAVALCANTI,2024-02-21 11:13:12,318.7,0.1,-23.111223,-44.387095
MARCOS CAVALCANTI,2024-02-21 12:16:12,263.1,0.0,-23.111096,-44.387313
MARCOS CAVALCANTI,2024-02-21 12:37:11,286.6,0.0,-23.111105,-44.387381
MARCOS CAVALCANTI,2024-02-21 14:28:12,283.3,0.1,-23.11106,-44.387311
MARCOS CAVALCANTI,2024-02-21 15:37:12,139.0,0.2,-23.110976,-44.387513
MARCOS CAVALCANTI,2024-02-21 15:46:11,330.6,0.2,-23.111063,-44.387338
MARCOS CAVALCANTI,2024-02-21 16:19:12,82.0,0.0,-23.111245,-44.387168
MARCOS CAVALCANTI,2024-02-21 17:49:10,8.5,0.2,-23.111025,-44.387451
MARCOS CAVALCANTI,2024-02-21 17:52:11,74.1,0.1,-23.110968,-44.387395
MARCOS CAVALCANTI,2024-02-21 18:34:12,205.7,0.1,-23.110983,-44.387708
MARCOS CAVALCANTI,2024-02-22 00:16:11,337.0,0.1,-23.111713,-44.386446
MARCOS CAVALCANTI,2024-02-22 02:01:12,341.3,0.1,-23.111755,-44.386435
MARCOS CAVALCANTI,2024-02-22 03:52:12,345.1,0.1,-23.111816,-44.386501
MARCOS CAVALCANTI,2024-02-22 06:22:12,160.8,0.1,-23.113588,-44.385896
MARCOS CAVALCANTI,2024-02-22 08:28:12,353.8,0.4,-23.113641,-44.385896
MARCOS CAVALCANTI,2024-02-22 08:55:12,182.8,0.3,-23.11384,-44.386068
MARCOS CAVALCANTI,2024-02-22 10:10:12,36.6,0.2,-23.1138,-44.386135
MARCOS CAVALCANTI,2024-02-22 11:16:11,200.5,0.1,-23.112926,-44.385955
MARCOS CAVALCANTI,2024-02-22 11:52:12,189.3,0.1,-23.112683,-44.386013
MARCOS CAVALCANTI,2024-02-22 12:16:12,317.4,0.1,-23.112525,-44.38606
MARCOS CAVALCANTI,2024-02-22 14:04:12,296.7,0.0,-23.111191,-44.386941
MARCOS CAVALCANTI,2024-02-22 15:43:11,17.5,0.1,-23.111025,-44.38728
MARCOS CAVALCANTI,2024-02-22 17:01:11,80.1,0.2,-23.11089,-44.387641
MARCOS CAVALCANTI,2024-02-22 21:01:58,137.2,6.4,-23.141525,-44.392765
MARCOS CAVALCANTI,2024-02-22 21:34:13,67.4,12.7,-23.10198,-44.316433
MARCOS CAVALCANTI,2024-02-22 21:36:42,64.2,12.6,-23.098496,-44.307748
MARCOS CAVALCANTI,2024-02-22 21:52:11,62.6,7.8,-23.08325,-44.262216
MARCOS CAVALCANTI,2024-02-22 21:56:41,56.3,7.3,-23.078055,-44.253668
MARCOS CAVALCANTI,2024-02-22 22:39:52,321.3,0.0,-23.061601,-44.229396
MARCOS CAVALCANTI,2024-02-22 22:47:03,306.9,0.0,-23.061625,-44.229408
MARCOS CAVALCANTI,2024-02-22 23:37:41,280.6,0.0,-23.061615,-44.229421
MARCOS CAVALCANTI,2024-02-22 23:40:31,292.0,0.1,-23.061618,-44.2294
MARCOS CAVALCANTI,2024-02-25 06:58:39,180.8,0.5,-23.06167,-44.229421
MARCOS CAVALCANTI,2024-02-25 07:04:09,108.5,1.0,-23.062231,-44.228566
MARCOS CAVALCANTI,2024-02-25 07:06:58,125.5,1.8,-23.062791,-44.227536
MARCOS CAVALCANTI,2024-02-25 07:32:57,257.9,9.9,-23.08305,-44.264298
MARCOS CAVALCANTI,2024-02-25 07:36:28,247.5,10.4,-23.085473,-44.274696
MARCOS CAVALCANTI,2024-02-25 08:11:28,244.4,7.5,-23.120153,-44.365696
MARCOS CAVALCANTI,2024-02-25 08:21:29,231.8,6.8,-23.131878,-44.382556
MARCOS CAVALCANTI,2024-02-25 08:27:59,230.7,6.6,-23.139658,-44.392626
MARCOS CAVALCANTI,2024-02-25 08:44:39,235.6,5.7,-23.157803,-44.41633
MARCOS CAVALCANTI,2024-02-25 08:48:09,257.2,5.2,-23.159263,-44.421591
MARCOS CAVALCANTI,2024-02-25 08:56:38,194.0,3.6,-23.166611,-44.42857
MARCOS CAVALCANTI,2024-02-25 09:28:27,217.8,0.4,-23.175958,-44.432011
MARCOS CAVALCANTI,2024-02-25 09:29:28,241.9,0.4,-23.176023,-44.432126
MARCOS CAVALCANTI,2024-02-25 09:31:59,237.6,0.4,-23.176158,-44.432395
MARCOS CAVALCANTI,2024-02-25 09:57:48,241.0,0.3,-23.17771,-44.43456
MARCOS CAVALCANTI,2024-02-25 09:59:58,241.0,0.3,-23.177805,-44.434735
MARCOS CAVALCANTI,2024-02-25 10:05:19,235.2,0.3,-23.178061,-44.43505
MARCOS CAVALCANTI,2024-02-25 10:09:29,239.9,0.3,-23.178233,-44.435351
MARCOS CAVALCANTI,2024-02-25 10:33:58,244.1,0.2,-23.179373,-44.436571
MARCOS CAVALCANTI,2024-02-25 10:42:07,193.0,0.2,-23.179606,-44.436893
MARCOS CAVALCANTI,2024-02-25 10:44:48,212.3,0.2,-23.179723,-44.436983
MARCOS CAVALCANTI,2024-02-25 11:06:58,266.7,0.1,-23.180311,-44.43762
MARCOS CAVALCANTI,2024-02-25 11:20:49,263.1,0.2,-23.180301,-44.438091
MARCOS CAVALCANTI,2024-02-25 11:56:58,295.4,0.3,-23.180068,-44.43955
MARCOS CAVALCANTI,2024-02-25 12:03:18,297.3,0.1,-23.179918,-44.439875
MARCOS CAVALCANTI,2024-02-25 12:03:28,295.0,0.1,-23.179913,-44.439881
MARCOS CAVALCANTI,2024-02-25 12:03:48,305.7,0.3,-23.179905,-44.439893
MARCOS CAVALCANTI,2024-02-25 12:03:56,306.9,0.2,-23.179898,-44.439901
MARCOS CAVALCANTI,2024-02-25 12:14:38,303.7,0.1,-23.179593,-44.44031
MARCOS CAVALCANTI,2024-02-25 12:16:38,308.4,0.2,-23.179521,-44.4404
MARCOS CAVALCANTI,2024-02-25 12:18:09,330.9,0.3,-23.179478,-44.440476
MARCOS CAVALCANTI,2024-02-25 12:18:38,306.9,0.2,-23.17946,-44.440501
MARCOS CAVALCANTI,2024-02-25 12:20:38,297.6,0.3,-23.179388,-44.44058
MARCOS CAVALCANTI,2024-02-25 12:22:07,219.9,0.5,-23.179461,-44.44071
MARCOS CAVALCANTI,2024-02-25 12:22:38,230.7,0.6,-23.17952,-44.440775
MARCOS CAVALCANTI,2024-02-25 12:44:38,168.2,8.4,-23.20391,-44.43913
MARCOS CAVALCANTI,2024-02-25 12:47:58,168.2,9.6,-23.212063,-44.437171
MARCOS CAVALCANTI,2024-02-25 12:51:37,168.4,10.3,-23.222136,-44.434985
MARCOS CAVALCANTI,2024-02-25 13:27:58,113.7,11.9,-23.292125,-44.347578
MARCOS CAVALCANTI,2024-02-25 13:34:08,113.3,11.9,-23.300336,-44.327175
MARCOS CAVALCANTI,2024-02-25 13:43:39,81.8,11.7,-23.305993,-44.294708
MARCOS CAVALCANTI,2024-02-25 14:04:09,84.8,12.1,-23.299001,-44.220625
MARCOS CAVALCANTI,2024-02-25 14:23:08,82.7,12.3,-23.291558,-44.150976
MARCOS CAVALCANTI,2024-02-25 14:27:58,82.2,12.3,-23.289406,-44.133156
MARCOS CAVALCANTI,2024-02-25 14:30:37,82.1,12.3,-23.288293,-44.123383
MARCOS CAVALCANTI,2024-02-25 14:33:58,82.8,12.3,-23.28686,-44.111061
MARCOS CAVALCANTI,2024-02-25 15:15:48,92.2,12.2,-23.271335,-43.956838
MARCOS CAVALCANTI,2024-02-25 15:18:08,89.1,12.2,-23.271445,-43.948251
MARCOS CAVALCANTI,2024-02-25 15:27:28,91.3,12.2,-23.271841,-43.9138
MARCOS CAVALCANTI,2024-02-25 15:44:09,81.0,11.8,-23.272805,-43.853051
MARCOS CAVALCANTI,2024-02-25 15:48:58,81.6,11.9,-23.270361,-43.835968
MARCOS CAVALCANTI,2024-02-25 15:52:59,82.3,12.0,-23.268533,-43.821623
MARCOS CAVALCANTI,2024-02-25 16:23:57,87.2,12.1,-23.259926,-43.709403
MARCOS CAVALCANTI,2024-02-25 16:54:18,77.8,11.9,-23.242761,-43.601593
MARCOS CAVALCANTI,2024-02-25 16:57:08,76.7,12.0,-23.240535,-43.591598
MARCOS CAVALCANTI,2024-02-25 16:59:28,76.4,11.9,-23.238656,-43.583341
MARCOS CAVALCANTI,2024-02-25 17:02:07,75.3,11.9,-23.236626,-43.574098
MARCOS CAVALCANTI,2024-02-25 17:14:55,76.9,11.9,-23.226831,-43.529183
MARCOS CAVALCANTI,2024-02-25 17:17:35,76.6,11.9,-23.224816,-43.519848
MARCOS CAVALCANTI,2024-02-25 17:18:35,76.2,11.9,-23.223991,-43.516341
MARCOS CAVALCANTI,2024-02-25 17:18:55,76.6,11.9,-23.223731,-43.515218
MARCOS CAVALCANTI,2024-02-25 17:19:35,76.7,11.9,-23.223213,-43.512881
MARCOS CAVALCANTI,2024-02-25 17:21:06,77.0,12.0,-23.222066,-43.50763
MARCOS CAVALCANTI,2024-02-25 17:21:26,77.2,12.0,-23.221823,-43.506391
MARCOS CAVALCANTI,2024-02-25 17:21:56,78.0,11.9,-23.221433,-43.504586
MARCOS CAVALCANTI,2024-02-25 17:22:15,77.2,12.0,-23.22119,-43.503493
MARCOS CAVALCANTI,2024-02-25 17:22:56,76.3,12.0,-23.220696,-43.501178
MARCOS CAVALCANTI,2024-02-25 17:25:25,82.5,11.9,-23.218951,-43.492323
MARCOS CAVALCANTI,2024-02-25 17:51:09,81.7,12.1,-23.207896,-43.400296
MARCOS CAVALCANTI,2024-02-25 18:04:08,83.6,12.1,-23.202363,-43.3534
MARCOS CAVALCANTI,2024-02-25 18:38:48,84.4,12.1,-23.18772,-43.22768
MARCOS CAVALCANTI,2024-02-25 18:57:46,82.5,12.1,-23.18031,-43.158975
MARCOS CAVALCANTI,2024-02-25 19:44:38,83.0,12.1,-23.16149,-42.989733
MARCOS CAVALCANTI,2024-02-25 19:47:38,81.7,12.1,-23.160206,-42.978896
MARCOS CAVALCANTI,2024-02-25 20:22:08,84.7,11.9,-23.142848,-42.856206
MARCOS CAVALCANTI,2024-02-25 20:25:48,85.6,12.0,-23.141641,-42.843048
MARCOS CAVALCANTI,2024-02-25 20:45:08,85.8,12.0,-23.13595,-42.773558
MARCOS CAVALCANTI,2024-02-25 21:26:48,89.4,11.8,-23.132678,-42.624616
MARCOS CAVALCANTI,2024-02-25 21:32:39,90.5,11.9,-23.13251,-42.60367
MARCOS CAVALCANTI,2024-02-25 21:34:49,90.0,11.9,-23.132513,-42.595925
MARCOS CAVALCANTI,2024-02-25 21:37:49,91.0,11.9,-23.132496,-42.585193
MARCOS CAVALCANTI,2024-02-25 22:21:09,89.5,11.7,-23.132575,-42.431148
MARCOS CAVALCANTI,2024-02-25 22:29:08,90.9,11.7,-23.132376,-42.40297
MARCOS CAVALCANTI,2024-02-25 23:12:28,88.9,11.9,-23.131081,-42.247703
MARCOS CAVALCANTI,2024-02-25 23:12:59,88.7,11.8,-23.13104,-42.245911
MARCOS CAVALCANTI,2024-02-25 23:15:29,88.2,11.8,-23.130893,-42.236895
MARCOS CAVALCANTI,2024-02-25 23:17:29,88.6,11.8,-23.130721,-42.229748
MARCOS CAVALCANTI,2024-02-25 23:40:08,90.8,11.8,-23.13059,-42.14883
MARCOS CAVALCANTI,2024-02-25 23:40:17,90.9,11.8,-23.130596,-42.148295
MARCOS CAVALCANTI,2024-02-25 23:45:57,90.5,11.8,-23.13096,-42.128141
MARCOS CAVALCANTI,2024-02-25 23:49:38,91.5,11.8,-23.131318,-42.114956
MARCOS CAVALCANTI,2024-02-25 23:54:48,91.3,11.8,-23.13172,-42.096586
MARCOS CAVALCANTI,2024-02-25 23:57:47,91.2,11.8,-23.131988,-42.085958
MARCOS CAVALCANTI,2024-02-25 23:57:58,91.1,11.8,-23.132006,-42.085298
MARCOS CAVALCANTI,2024-02-25 23:58:28,91.1,11.8,-23.13204,-42.083505
MARCOS CAVALCANTI,2024-02-26 00:00:28,92.1,11.8,-23.132191,-42.076361
MARCOS CAVALCANTI,2024-02-26 00:00:47,91.5,11.8,-23.132226,-42.075168
MARCOS CAVALCANTI,2024-02-26 00:01:37,92.1,11.8,-23.132351,-42.07224
MARCOS CAVALCANTI,2024-02-26 00:04:48,92.5,11.8,-23.132608,-42.060815
MARCOS CAVALCANTI,2024-02-26 00:04:57,91.2,11.8,-23.132618,-42.06028
MARCOS CAVALCANTI,2024-02-26 00:05:49,92.2,11.8,-23.132701,-42.05724
MARCOS CAVALCANTI,2024-02-26 00:06:57,91.5,11.8,-23.132796,-42.0532
MARCOS CAVALCANTI,2024-02-26 00:08:57,91.2,11.8,-23.13288,-42.046013
MARCOS CAVALCANTI,2024-02-26 00:20:38,90.7,11.8,-23.134048,-42.004615
MARCOS CAVALCANTI,2024-02-26 00:28:27,90.0,11.8,-23.13427,-41.976948
MARCOS CAVALCANTI,2024-02-26 00:30:37,90.0,11.8,-23.134263,-41.969233
MARCOS CAVALCANTI,2024-02-26 00:48:49,89.7,11.9,-23.134571,-41.904546
MARCOS CAVALCANTI,2024-02-26 00:55:59,91.8,11.8,-23.1344,-41.87885
MARCOS CAVALCANTI,2024-02-26 01:00:58,90.0,11.9,-23.134506,-41.861085
MARCOS CAVALCANTI,2024-02-26 01:04:09,90.0,11.9,-23.134528,-41.849683
MARCOS CAVALCANTI,2024-02-26 01:12:57,88.5,11.8,-23.134231,-41.818333
MARCOS CAVALCANTI,2024-02-26 01:14:08,90.8,11.8,-23.134233,-41.814195
MARCOS CAVALCANTI,2024-02-26 01:30:48,50.7,11.9,-23.11575,-41.762136
MARCOS CAVALCANTI,2024-02-26 01:38:57,48.7,12.2,-23.099028,-41.73865
MARCOS CAVALCANTI,2024-02-26 01:40:28,53.7,12.2,-23.095811,-41.73426
MARCOS CAVALCANTI,2024-02-26 01:42:48,54.3,12.2,-23.091303,-41.727193
MARCOS CAVALCANTI,2024-02-26 02:11:48,50.7,12.1,-23.030535,-41.64292
MARCOS CAVALCANTI,2024-02-26 03:19:07,50.4,12.4,-22.883723,-41.452611
MARCOS CAVALCANTI,2024-02-26 03:21:18,49.5,12.4,-22.878845,-41.44636
MARCOS CAVALCANTI,2024-02-26 03:24:48,48.3,12.4,-22.871073,-41.436415
MARCOS CAVALCANTI,2024-02-26 03:28:56,47.1,12.3,-22.861515,-41.424978
MARCOS CAVALCANTI,2024-02-26 03:55:18,47.4,12.3,-22.800848,-41.352758
MARCOS CAVALCANTI,2024-02-26 04:04:06,52.1,12.2,-22.782428,-41.326981
MARCOS CAVALCANTI,2024-02-26 04:04:27,52.8,12.2,-22.781738,-41.326005
MARCOS CAVALCANTI,2024-02-26 04:04:36,52.5,12.2,-22.781398,-41.325505
MARCOS CAVALCANTI,2024-02-26 04:05:27,53.3,12.2,-22.779675,-41.323085
MARCOS CAVALCANTI,2024-02-26 04:05:56,53.1,12.2,-22.778648,-41.321645
MARCOS CAVALCANTI,2024-02-26 04:06:56,52.7,12.2,-22.776631,-41.318775
MARCOS CAVALCANTI,2024-02-26 04:07:26,52.6,12.2,-22.775563,-41.317251
MARCOS CAVALCANTI,2024-02-26 04:07:36,52.5,12.2,-22.775218,-41.31676
MARCOS CAVALCANTI,2024-02-26 04:08:47,51.9,12.3,-22.77285,-41.313396
MARCOS CAVALCANTI,2024-02-26 04:10:47,53.4,12.2,-22.768706,-41.307381
MARCOS CAVALCANTI,2024-02-26 04:10:48,53.4,12.2,-22.768706,-41.307381
MARCOS CAVALCANTI,2024-02-26 04:16:17,52.7,12.2,-22.757553,-41.291238
MARCOS CAVALCANTI,2024-02-26 04:55:57,53.7,12.0,-22.678138,-41.175118
MARCOS CAVALCANTI,2024-02-26 04:58:17,54.6,12.1,-22.67361,-41.168253
MARCOS CAVALCANTI,2024-02-26 05:11:48,52.9,12.1,-22.646983,-41.128626
MARCOS CAVALCANTI,2024-02-26 05:23:59,53.5,12.0,-22.622346,-41.093638
MARCOS CAVALCANTI,2024-02-26 05:26:39,52.5,12.0,-22.616961,-41.085918
MARCOS CAVALCANTI,2024-02-26 05:29:38,52.9,12.1,-22.610918,-41.077345
MARCOS CAVALCANTI,2024-02-26 05:36:47,52.8,12.1,-22.596375,-41.056551
MARCOS CAVALCANTI,2024-02-26 05:37:48,54.7,12.1,-22.594398,-41.053595
MARCOS CAVALCANTI,2024-02-26 05:38:07,54.4,12.2,-22.593713,-41.052556
MARCOS CAVALCANTI,2024-02-26 05:38:26,54.6,12.2,-22.593086,-41.051626
MARCOS CAVALCANTI,2024-02-26 05:38:57,54.5,12.2,-22.592065,-41.050096
MARCOS CAVALCANTI,2024-02-26 05:39:26,54.5,12.2,-22.591148,-41.04871
MARCOS CAVALCANTI,2024-02-26 05:53:26,56.1,11.9,-22.564728,-41.006955
MARCOS CAVALCANTI,2024-02-26 05:58:38,55.1,11.8,-22.555088,-40.991841
MARCOS CAVALCANTI,2024-02-26 06:01:39,56.1,11.8,-22.549518,-40.983025
MARCOS CAVALCANTI,2024-02-26 06:01:57,55.7,11.8,-22.548938,-40.982115
MARCOS CAVALCANTI,2024-02-26 06:10:09,55.6,11.8,-22.53377,-40.958323
MARCOS CAVALCANTI,2024-02-26 06:32:38,49.2,12.0,-22.48663,-40.896593
MARCOS CAVALCANTI,2024-02-26 06:37:18,48.7,12.0,-22.476353,-40.884008
MARCOS CAVALCANTI,2024-02-26 06:41:59,48.6,12.0,-22.466081,-40.871401
MARCOS CAVALCANTI,2024-02-26 06:52:48,43.7,12.0,-22.441481,-40.842965
MARCOS CAVALCANTI,2024-02-26 07:10:18,44.6,12.0,-22.39921,-40.799326
MARCOS CAVALCANTI,2024-02-26 07:16:59,44.6,12.1,-22.383093,-40.782451
MARCOS CAVALCANTI,2024-02-26 07:19:39,46.0,12.1,-22.376858,-40.775576
MARCOS CAVALCANTI,2024-02-26 07:25:59,45.9,12.1,-22.361946,-40.759015
MARCOS CAVALCANTI,2024-02-26 07:46:09,46.4,12.0,-22.314291,-40.706906
MARCOS CAVALCANTI,2024-02-26 07:49:09,45.3,12.1,-22.307255,-40.699065
MARCOS CAVALCANTI,2024-02-26 07:53:38,52.6,12.1,-22.297438,-40.686723
MARCOS CAVALCANTI,2024-02-26 08:04:47,54.1,12.0,-22.274638,-40.654573
MARCOS CAVALCANTI,2024-02-26 08:23:19,54.3,12.0,-22.237811,-40.600955
MARCOS CAVALCANTI,2024-02-26 08:25:49,53.6,12.1,-22.232921,-40.593666
MARCOS CAVALCANTI,2024-02-26 08:34:18,54.2,12.1,-22.21589,-40.56889
MARCOS CAVALCANTI,2024-02-26 08:38:58,54.8,12.1,-22.20672,-40.555286
MARCOS CAVALCANTI,2024-02-26 09:07:27,50.7,11.9,-22.148181,-40.474508
MARCOS CAVALCANTI,2024-02-26 09:11:17,50.3,12.0,-22.140045,-40.46396
MARCOS CAVALCANTI,2024-02-26 09:14:17,51.4,12.0,-22.133706,-40.455721
MARCOS CAVALCANTI,2024-02-26 09:40:57,50.8,11.1,-22.080043,-40.382686
MARCOS CAVALCANTI,2024-02-26 09:45:27,50.7,11.1,-22.071261,-40.371041
MARCOS CAVALCANTI,2024-02-26 09:47:37,51.1,11.1,-22.0671,-40.365498
MARCOS CAVALCANTI,2024-02-26 09:49:58,51.2,11.1,-22.062561,-40.359361
MARCOS CAVALCANTI,2024-02-26 10:20:59,51.7,10.8,-22.00408,-40.278806
MARCOS CAVALCANTI,2024-02-26 10:30:37,49.7,10.7,-21.985696,-40.255076
MARCOS CAVALCANTI,2024-02-26 10:36:27,49.1,10.7,-21.974438,-40.240815
MARCOS CAVALCANTI,2024-02-26 10:52:17,49.8,10.7,-21.944158,-40.202115
MARCOS CAVALCANTI,2024-02-26 10:57:39,50.8,10.7,-21.933775,-40.188955
MARCOS CAVALCANTI,2024-02-26 10:58:27,50.5,10.8,-21.932268,-40.187011
MARCOS CAVALCANTI,2024-02-26 11:18:58,50.0,11.2,-21.892198,-40.135118
MARCOS CAVALCANTI,2024-02-26 11:43:09,51.8,11.6,-21.843995,-40.070965
MARCOS CAVALCANTI,2024-02-26 11:45:18,51.2,11.5,-21.8397,-40.065166
MARCOS CAVALCANTI,2024-02-26 11:49:08,53.6,11.6,-21.832146,-40.054615
MARCOS CAVALCANTI,2024-02-26 11:52:59,53.4,11.7,-21.824775,-40.04371
MARCOS CAVALCANTI,2024-02-26 12:08:27,54.4,11.9,-21.795088,-39.99942
MARCOS CAVALCANTI,2024-02-26 12:11:27,53.5,11.9,-21.789206,-39.99075
MARCOS CAVALCANTI,2024-02-26 12:32:18,49.0,11.9,-21.746586,-39.932398
MARCOS CAVALCANTI,2024-02-26 13:27:09,47.5,11.7,-21.618785,-39.802031
MARCOS CAVALCANTI,2024-02-26 13:31:28,50.1,11.9,-21.609583,-39.790635
MARCOS CAVALCANTI,2024-02-26 13:43:38,49.9,11.9,-21.583685,-39.75744
MARCOS CAVALCANTI,2024-02-26 14:14:29,57.7,11.9,-21.526343,-39.666391
MARCOS CAVALCANTI,2024-02-26 14:28:17,57.6,11.8,-21.501781,-39.625148
MARCOS CAVALCANTI,2024-02-26 14:48:08,34.8,11.3,-21.462825,-39.57074
MARCOS CAVALCANTI,2024-02-26 14:52:38,33.7,11.4,-21.451013,-39.562155
MARCOS CAVALCANTI,2024-02-26 15:21:08,34.9,11.7,-21.375458,-39.505951
MARCOS CAVALCANTI,2024-02-26 15:23:38,35.3,11.7,-21.368775,-39.500983
MARCOS CAVALCANTI,2024-02-26 15:26:09,34.9,11.7,-21.362021,-39.495908
MARCOS CAVALCANTI,2024-02-26 15:28:39,35.2,11.7,-21.355315,-39.490905
MARCOS CAVALCANTI,2024-02-26 16:02:15,34.6,11.5,-21.265918,-39.424623
MARCOS CAVALCANTI,2024-02-26 16:03:45,34.3,11.4,-21.261986,-39.421751
MARCOS CAVALCANTI,2024-02-26 16:29:58,33.3,11.5,-21.192376,-39.372381
MARCOS CAVALCANTI,2024-02-26 16:35:28,33.8,11.6,-21.177656,-39.361973
MARCOS CAVALCANTI,2024-02-26 16:48:08,32.7,11.6,-21.143486,-39.338083
MARCOS CAVALCANTI,2024-02-26 17:34:18,33.9,11.8,-21.01764,-39.250075
MARCOS CAVALCANTI,2024-02-26 17:39:19,32.6,11.7,-21.003958,-39.240405
MARCOS CAVALCANTI,2024-02-26 17:39:28,33.0,11.8,-21.003456,-39.240056
MARCOS CAVALCANTI,2024-02-26 17:41:47,33.5,11.7,-20.997156,-39.235581
MARCOS CAVALCANTI,2024-02-26 17:46:28,33.4,11.7,-20.984596,-39.226616
MARCOS CAVALCANTI,2024-02-26 18:24:47,39.3,11.7,-20.886271,-39.146471
MARCOS CAVALCANTI,2024-02-26 18:27:29,39.1,11.7,-20.87954,-39.140653
MARCOS CAVALCANTI,2024-02-26 18:35:57,39.6,11.8,-20.858026,-39.121953
MARCOS CAVALCANTI,2024-02-26 18:50:09,38.7,11.8,-20.82197,-39.090838
MARCOS CAVALCANTI,2024-02-26 19:44:49,32.7,11.8,-20.673001,-38.980526
MARCOS CAVALCANTI,2024-02-26 21:22:57,36.3,12.2,-20.403543,-38.783371
MARCOS CAVALCANTI,2024-02-26 21:27:59,35.3,12.2,-20.389441,-38.77306
MARCOS CAVALCANTI,2024-02-26 22:18:59,34.4,12.4,-20.246708,-38.666843
MARCOS CAVALCANTI,2024-02-26 23:11:38,32.1,12.3,-20.095506,-38.557261
MARCOS CAVALCANTI,2024-02-26 23:18:27,32.2,12.2,-20.075956,-38.543508
MARCOS CAVALCANTI,2024-02-26 23:23:38,32.2,12.3,-20.061135,-38.533325
MARCOS CAVALCANTI,2024-02-26 23:25:58,32.5,12.2,-20.054373,-38.528763
MARCOS CAVALCANTI,2024-02-26 23:28:28,31.8,12.3,-20.047223,-38.523953
MARCOS CAVALCANTI,2024-02-26 23:33:48,32.4,12.3,-20.031841,-38.513455
MARCOS CAVALCANTI,2024-02-26 23:34:08,31.6,12.3,-20.030923,-38.512833
MARCOS CAVALCANTI,2024-02-26 23:53:29,32.9,12.2,-19.974793,-38.475436
MARCOS CAVALCANTI,2024-02-26 23:53:47,33.0,12.1,-19.973881,-38.474835
MARCOS CAVALCANTI,2024-02-26 23:54:47,32.7,12.2,-19.971016,-38.472926
MARCOS CAVALCANTI,2024-02-26 23:55:37,31.8,12.1,-19.968598,-38.471291
MARCOS CAVALCANTI,2024-02-26 23:55:47,32.2,12.2,-19.968168,-38.471
MARCOS CAVALCANTI,2024-02-26 23:57:28,32.6,12.1,-19.963368,-38.467725
MARCOS CAVALCANTI,2024-02-26 23:57:57,34.3,12.1,-19.96201,-38.466756
MARCOS CAVALCANTI,2024-02-27 00:02:06,32.6,12.1,-19.95033,-38.458578
MARCOS CAVALCANTI,2024-02-27 00:02:27,32.6,12.1,-19.949343,-38.457898
MARCOS CAVALCANTI,2024-02-27 00:02:47,32.7,12.1,-19.948395,-38.457258
MARCOS CAVALCANTI,2024-02-27 00:02:48,32.7,12.1,-19.948395,-38.457258
MARCOS CAVALCANTI,2024-02-27 00:04:58,31.2,12.1,-19.942201,-38.453105
MARCOS CAVALCANTI,2024-02-27 00:07:08,34.4,12.1,-19.936131,-38.448866
MARCOS CAVALCANTI,2024-02-27 00:36:28,38.5,12.1,-19.857535,-38.38691
MARCOS CAVALCANTI,2024-02-27 00:42:08,39.0,12.0,-19.84274,-38.374356
MARCOS CAVALCANTI,2024-02-27 00:44:29,38.6,11.9,-19.836598,-38.369035
MARCOS CAVALCANTI,2024-02-27 01:08:48,35.1,11.8,-19.771615,-38.319191
MARCOS CAVALCANTI,2024-02-27 01:14:17,35.0,11.8,-19.756981,-38.308141
MARCOS CAVALCANTI,2024-02-27 01:36:57,34.8,11.8,-19.695298,-38.262671
MARCOS CAVALCANTI,2024-02-27 02:25:47,33.3,11.0,-19.567606,-38.167928
MARCOS CAVALCANTI,2024-02-27 02:28:08,34.8,10.9,-19.561728,-38.163658
MARCOS CAVALCANTI,2024-02-27 02:30:58,34.7,10.9,-19.554661,-38.158483
MARCOS CAVALCANTI,2024-02-27 03:19:59,35.5,11.3,-19.429595,-38.067916
MARCOS CAVALCANTI,2024-02-27 03:53:29,33.5,11.3,-19.34258,-38.00682
MARCOS CAVALCANTI,2024-02-27 04:06:28,34.9,11.3,-19.308761,-37.982493
MARCOS CAVALCANTI,2024-02-27 04:11:49,34.7,11.2,-19.294916,-37.972373
MARCOS CAVALCANTI,2024-02-27 04:14:09,35.3,11.2,-19.288966,-37.967945
MARCOS CAVALCANTI,2024-02-27 04:31:09,36.8,10.9,-19.246196,-37.93561
MARCOS CAVALCANTI,2024-02-27 04:59:49,37.5,10.9,-19.175918,-37.880938
MARCOS CAVALCANTI,2024-02-27 05:00:58,37.4,11.0,-19.173135,-37.878703
MARCOS CAVALCANTI,2024-02-27 05:06:08,37.5,11.0,-19.16062,-37.868616
MARCOS CAVALCANTI,2024-02-27 05:11:09,37.6,11.1,-19.148468,-37.858575
MARCOS CAVALCANTI,2024-02-27 05:33:09,37.7,11.2,-19.094488,-37.814646
MARCOS CAVALCANTI,2024-02-27 05:35:59,36.5,11.1,-19.08747,-37.809118
MARCOS CAVALCANTI,2024-02-27 05:40:59,35.9,11.2,-19.075093,-37.799313
MARCOS CAVALCANTI,2024-02-27 05:44:07,36.2,11.1,-19.06723,-37.793266
MARCOS CAVALCANTI,2024-02-27 05:55:15,36.7,10.7,-19.040271,-37.772076
MARCOS CAVALCANTI,2024-02-27 05:56:15,36.1,10.7,-19.037853,-37.770261
MARCOS CAVALCANTI,2024-02-27 05:56:36,37.0,10.7,-19.037015,-37.769621
MARCOS CAVALCANTI,2024-02-27 06:06:08,33.6,10.7,-19.013971,-37.75263
MARCOS CAVALCANTI,2024-02-27 06:08:49,33.6,10.7,-19.007363,-37.747955
MARCOS CAVALCANTI,2024-02-27 06:14:08,34.0,10.7,-18.994248,-37.738595
MARCOS CAVALCANTI,2024-02-27 06:20:48,34.2,10.7,-18.977796,-37.726726
MARCOS CAVALCANTI,2024-02-27 06:30:57,35.9,10.8,-18.95292,-37.708565
MARCOS CAVALCANTI,2024-02-27 06:44:58,34.3,10.8,-18.918126,-37.68352
MARCOS CAVALCANTI,2024-02-27 07:03:08,33.1,11.0,-18.87195,-37.650981
MARCOS CAVALCANTI,2024-02-27 08:03:09,33.3,11.4,-18.71447,-37.542003
MARCOS CAVALCANTI,2024-02-27 08:10:58,34.8,11.3,-18.694046,-37.52709
MARCOS CAVALCANTI,2024-02-27 08:18:58,34.5,11.4,-18.673411,-37.512
MARCOS CAVALCANTI,2024-02-27 08:42:07,34.2,11.4,-18.61308,-37.468831
MARCOS CAVALCANTI,2024-02-27 08:45:07,34.8,11.3,-18.605283,-37.463253
MARCOS CAVALCANTI,2024-02-27 08:49:07,34.6,11.4,-18.594786,-37.455943
MARCOS CAVALCANTI,2024-02-27 09:20:59,34.7,11.4,-18.511945,-37.39569
MARCOS CAVALCANTI,2024-02-27 09:27:49,35.3,11.4,-18.494116,-37.382541
MARCOS CAVALCANTI,2024-02-27 09:54:28,35.3,11.4,-18.424401,-37.331525
MARCOS CAVALCANTI,2024-02-27 09:57:48,35.4,11.3,-18.415743,-37.324988
MARCOS CAVALCANTI,2024-02-27 10:01:09,36.0,11.3,-18.407175,-37.318523
MARCOS CAVALCANTI,2024-02-27 10:34:57,34.3,11.0,-18.321985,-37.253281
MARCOS CAVALCANTI,2024-02-27 10:35:57,34.9,11.0,-18.319456,-37.251428
MARCOS CAVALCANTI,2024-02-27 10:36:08,34.7,11.0,-18.319035,-37.251113
MARCOS CAVALCANTI,2024-02-27 10:50:08,35.1,10.8,-18.284306,-37.224973
MARCOS CAVALCANTI,2024-02-27 11:38:17,36.1,11.2,-18.163386,-37.135696
MARCOS CAVALCANTI,2024-02-27 11:41:47,36.0,11.2,-18.154528,-37.128926
MARCOS CAVALCANTI,2024-02-27 11:43:58,35.2,11.2,-18.149071,-37.124758
MARCOS CAVALCANTI,2024-02-27 11:44:58,36.0,11.2,-18.146551,-37.12289
MARCOS CAVALCANTI,2024-02-27 11:47:38,36.6,11.2,-18.139895,-37.117813
MARCOS CAVALCANTI,2024-02-27 12:05:28,37.2,11.5,-18.094453,-37.082475
MARCOS CAVALCANTI,2024-02-27 12:06:47,37.6,11.5,-18.091135,-37.079818
MARCOS CAVALCANTI,2024-02-27 12:08:58,37.6,11.5,-18.085535,-37.075408
MARCOS CAVALCANTI,2024-02-27 12:09:47,37.3,11.5,-18.083508,-37.073785
MARCOS CAVALCANTI,2024-02-27 12:09:58,37.4,11.5,-18.083003,-37.07338
MARCOS CAVALCANTI,2024-02-27 12:31:27,34.7,11.7,-18.026855,-37.031273
MARCOS CAVALCANTI,2024-02-27 13:17:18,22.3,12.2,-17.889536,-36.966243
MARCOS CAVALCANTI,2024-02-27 13:51:58,23.3,12.3,-17.780041,-36.918411
MARCOS CAVALCANTI,2024-02-27 13:54:58,23.1,12.3,-17.770608,-36.914086
MARCOS CAVALCANTI,2024-02-27 13:57:48,23.7,12.3,-17.761611,-36.909965
MARCOS CAVALCANTI,2024-02-27 14:27:37,22.6,12.3,-17.666641,-36.869148
MARCOS CAVALCANTI,2024-02-27 14:58:38,25.1,12.3,-17.569241,-36.824373
MARCOS CAVALCANTI,2024-02-27 15:02:49,23.6,12.3,-17.556236,-36.818203
MARCOS CAVALCANTI,2024-02-27 15:31:28,26.0,12.2,-17.467703,-36.774798
MARCOS CAVALCANTI,2024-02-27 15:37:19,26.0,12.2,-17.449775,-36.765721
MARCOS CAVALCANTI,2024-02-27 15:40:59,26.4,12.2,-17.438491,-36.760035
MARCOS CAVALCANTI,2024-02-27 15:43:59,17.3,12.0,-17.429033,-36.756141
MARCOS CAVALCANTI,2024-02-27 15:49:39,15.9,12.2,-17.41059,-36.75053
MARCOS CAVALCANTI,2024-02-27 16:09:48,16.2,12.3,-17.344316,-36.730458
MARCOS CAVALCANTI,2024-02-27 16:18:27,23.4,12.3,-17.316023,-36.721128
MARCOS CAVALCANTI,2024-02-27 16:18:37,24.2,12.2,-17.315511,-36.720878
MARCOS CAVALCANTI,2024-02-27 16:20:17,23.7,12.3,-17.310255,-36.71853
MARCOS CAVALCANTI,2024-02-27 16:20:57,23.6,12.3,-17.308193,-36.717576
MARCOS CAVALCANTI,2024-02-27 16:22:27,23.7,12.3,-17.303431,-36.715408
MARCOS CAVALCANTI,2024-02-27 16:38:49,23.5,12.4,-17.251785,-36.692285
MARCOS CAVALCANTI,2024-02-27 16:41:49,22.7,12.4,-17.24237,-36.688016
MARCOS CAVALCANTI,2024-02-27 16:46:59,23.4,12.4,-17.226003,-36.680753
MARCOS CAVALCANTI,2024-02-27 16:49:59,25.8,12.3,-17.216458,-36.676455
MARCOS CAVALCANTI,2024-02-27 17:29:19,25.9,12.5,-17.096583,-36.609345
MARCOS CAVALCANTI,2024-02-27 17:38:48,25.6,12.6,-17.066766,-36.59442
MARCOS CAVALCANTI,2024-02-27 18:17:09,23.4,12.5,-16.945665,-36.53415
MARCOS CAVALCANTI,2024-02-27 18:25:28,22.6,12.5,-16.919256,-36.522106
MARCOS CAVALCANTI,2024-02-27 18:47:38,22.9,12.5,-16.848208,-36.490501
MARCOS CAVALCANTI,2024-02-27 19:41:08,24.7,12.5,-16.676371,-36.416928
MARCOS CAVALCANTI,2024-02-27 20:30:09,24.3,12.4,-16.519576,-36.344515
MARCOS CAVALCANTI,2024-02-27 20:32:49,23.7,12.5,-16.5111,-36.34053
MARCOS CAVALCANTI,2024-02-27 21:17:09,24.6,12.6,-16.370646,-36.273861
MARCOS CAVALCANTI,2024-02-27 21:20:08,25.3,12.6,-16.361103,-36.26926
MARCOS CAVALCANTI,2024-02-27 21:22:18,23.9,12.5,-16.354125,-36.265968
MARCOS CAVALCANTI,2024-02-27 21:48:09,24.3,12.5,-16.271605,-36.227476
MARCOS CAVALCANTI,2024-02-27 22:08:49,24.6,12.4,-16.206246,-36.196345
MARCOS CAVALCANTI,2024-02-27 22:18:27,25.3,12.3,-16.176123,-36.181891
MARCOS CAVALCANTI,2024-02-27 22:21:38,24.8,12.3,-16.166385,-36.177096
MARCOS CAVALCANTI,2024-02-27 22:29:38,22.2,12.2,-16.141206,-36.16614
MARCOS CAVALCANTI,2024-02-27 22:53:48,23.2,12.1,-16.06634,-36.132363
MARCOS CAVALCANTI,2024-02-27 22:58:38,24.2,12.1,-16.051393,-36.125401
MARCOS CAVALCANTI,2024-02-27 23:01:09,24.6,12.1,-16.043603,-36.121815
MARCOS CAVALCANTI,2024-02-27 23:07:08,24.9,12.1,-16.025313,-36.113195
MARCOS CAVALCANTI,2024-02-27 23:27:48,23.2,12.0,-15.961981,-36.083955
MARCOS CAVALCANTI,2024-02-27 23:30:08,23.8,12.0,-15.954891,-36.080803
MARCOS CAVALCANTI,2024-02-27 23:37:38,24.3,12.0,-15.93184,-36.070568
MARCOS CAVALCANTI,2024-02-27 23:53:08,23.1,12.0,-15.884511,-36.049073
MARCOS CAVALCANTI,2024-02-27 23:53:28,23.1,12.0,-15.883526,-36.048631
MARCOS CAVALCANTI,2024-02-27 23:53:38,23.3,12.0,-15.882953,-36.04838
MARCOS CAVALCANTI,2024-02-27 23:54:38,22.9,12.0,-15.879866,-36.047045
MARCOS CAVALCANTI,2024-02-27 23:54:47,22.2,12.0,-15.8794,-36.046835
MARCOS CAVALCANTI,2024-02-27 23:54:57,22.8,12.0,-15.878881,-36.046605
MARCOS CAVALCANTI,2024-02-27 23:55:57,23.2,12.0,-15.875798,-36.045236
MARCOS CAVALCANTI,2024-02-28 00:16:27,24.5,11.9,-15.813253,-36.017015
MARCOS CAVALCANTI,2024-02-28 00:36:08,24.7,11.9,-15.753621,-35.989786
MARCOS CAVALCANTI,2024-02-28 01:00:08,24.8,12.1,-15.680243,-35.95553
MARCOS CAVALCANTI,2024-02-28 01:03:07,24.7,12.1,-15.671018,-35.951226
MARCOS CAVALCANTI,2024-02-28 01:33:28,21.9,12.3,-15.576376,-35.907408
MARCOS CAVALCANTI,2024-02-28 02:19:37,22.0,12.2,-15.429926,-35.846756
MARCOS CAVALCANTI,2024-02-28 03:13:59,23.3,12.2,-15.260501,-35.768588
MARCOS CAVALCANTI,2024-02-28 03:16:29,23.8,12.2,-15.252731,-35.764928
MARCOS CAVALCANTI,2024-02-28 03:27:27,24.8,12.2,-15.218846,-35.748928
MARCOS CAVALCANTI,2024-02-28 03:59:37,23.9,12.4,-15.118496,-35.70222
MARCOS CAVALCANTI,2024-02-28 04:00:17,22.7,12.4,-15.116458,-35.701273
MARCOS CAVALCANTI,2024-02-28 04:03:28,23.3,12.4,-15.106341,-35.696713
MARCOS CAVALCANTI,2024-02-28 04:08:47,22.8,12.4,-15.089538,-35.689188
MARCOS CAVALCANTI,2024-02-28 04:32:17,23.6,12.5,-15.014278,-35.655955
MARCOS CAVALCANTI,2024-02-28 04:32:56,23.1,12.5,-15.012195,-35.655053
MARCOS CAVALCANTI,2024-02-28 04:33:17,23.6,12.5,-15.011068,-35.654561
MARCOS CAVALCANTI,2024-02-28 04:34:07,22.6,12.5,-15.00852,-35.65343
MARCOS CAVALCANTI,2024-02-28 04:34:17,23.2,12.5,-15.007883,-35.653146
MARCOS CAVALCANTI,2024-02-28 04:34:56,23.2,12.5,-15.00573,-35.652216
MARCOS CAVALCANTI,2024-02-28 04:35:06,23.1,12.5,-15.005238,-35.652
MARCOS CAVALCANTI,2024-02-28 04:35:25,23.6,12.5,-15.004223,-35.651558
MARCOS CAVALCANTI,2024-02-28 04:35:47,23.8,12.5,-15.003111,-35.651083
MARCOS CAVALCANTI,2024-02-28 04:35:56,23.6,12.5,-15.002575,-35.650845
MARCOS CAVALCANTI,2024-02-28 04:37:58,23.3,12.5,-14.996235,-35.648035
MARCOS CAVALCANTI,2024-02-28 04:38:55,23.3,12.5,-14.993026,-35.646616
MARCOS CAVALCANTI,2024-02-28 04:44:28,23.1,12.5,-14.97538,-35.638881
MARCOS CAVALCANTI,2024-02-28 04:46:49,23.5,12.5,-14.967748,-35.635528
MARCOS CAVALCANTI,2024-02-28 04:56:18,24.1,12.5,-14.937443,-35.622183
MARCOS CAVALCANTI,2024-02-28 05:00:18,22.8,12.6,-14.924503,-35.616555
MARCOS CAVALCANTI,2024-02-28 05:07:47,21.8,12.5,-14.900175,-35.606605
MARCOS CAVALCANTI,2024-02-28 05:10:27,22.2,12.5,-14.891428,-35.603108
MARCOS CAVALCANTI,2024-02-28 05:14:27,23.3,12.5,-14.878518,-35.597688
MARCOS CAVALCANTI,2024-02-28 05:16:38,22.8,12.5,-14.871525,-35.5946
MARCOS CAVALCANTI,2024-02-28 05:41:38,22.3,12.6,-14.791565,-35.559378
MARCOS CAVALCANTI,2024-02-28 05:47:48,23.1,12.6,-14.771691,-35.55074
MARCOS CAVALCANTI,2024-02-28 05:49:58,23.7,12.5,-14.764776,-35.547725
MARCOS CAVALCANTI,2024-02-28 06:21:57,21.8,12.5,-14.661493,-35.503605
MARCOS CAVALCANTI,2024-02-28 06:30:08,22.4,12.6,-14.634966,-35.492395
MARCOS CAVALCANTI,2024-02-28 07:49:38,24.6,12.4,-14.382271,-35.371486
MARCOS CAVALCANTI,2024-02-28 08:20:07,24.7,12.5,-14.286013,-35.326425
MARCOS CAVALCANTI,2024-02-28 08:23:07,24.3,12.5,-14.27661,-35.321996
MARCOS CAVALCANTI,2024-02-28 08:27:38,24.8,12.4,-14.262303,-35.315318
MARCOS CAVALCANTI,2024-02-28 08:55:48,25.2,12.6,-14.172905,-35.273175
MARCOS CAVALCANTI,2024-02-28 09:01:19,24.2,12.6,-14.155303,-35.265041
MARCOS CAVALCANTI,2024-02-28 09:03:29,23.7,12.7,-14.148308,-35.261921
MARCOS CAVALCANTI,2024-02-28 09:30:58,24.0,12.6,-14.059756,-35.222071
MARCOS CAVALCANTI,2024-02-28 09:35:18,24.0,12.6,-14.0459,-35.215798
MARCOS CAVALCANTI,2024-02-28 09:40:59,23.9,12.6,-14.027586,-35.207503
MARCOS CAVALCANTI,2024-02-28 10:09:07,23.3,12.7,-13.936421,-35.166215
MARCOS CAVALCANTI,2024-02-28 10:12:16,22.4,12.7,-13.926168,-35.161698
MARCOS CAVALCANTI,2024-02-28 10:30:27,24.1,12.7,-13.867061,-35.135271
MARCOS CAVALCANTI,2024-02-28 10:36:28,24.2,12.7,-13.847513,-35.12645
MARCOS CAVALCANTI,2024-02-28 10:38:49,23.6,12.7,-13.839938,-35.123035
MARCOS CAVALCANTI,2024-02-28 10:41:28,23.4,12.7,-13.831238,-35.119168
MARCOS CAVALCANTI,2024-02-28 10:44:17,23.8,12.7,-13.822093,-35.11505
MARCOS CAVALCANTI,2024-02-28 11:06:38,23.6,12.6,-13.749745,-35.082623
MARCOS CAVALCANTI,2024-02-28 11:30:48,24.0,12.7,-13.671273,-35.047611
MARCOS CAVALCANTI,2024-02-28 11:59:58,24.5,12.7,-13.576825,-35.004978
MARCOS CAVALCANTI,2024-02-28 12:00:58,24.5,12.7,-13.573578,-35.00353
MARCOS CAVALCANTI,2024-02-28 12:01:17,22.7,12.7,-13.572598,-35.0031
MARCOS CAVALCANTI,2024-02-28 12:55:08,23.0,12.7,-13.397741,-34.924773
MARCOS CAVALCANTI,2024-02-28 13:02:47,24.1,12.7,-13.373063,-34.913676
MARCOS CAVALCANTI,2024-02-28 14:06:39,23.7,12.7,-13.167891,-34.824545
MARCOS CAVALCANTI,2024-02-28 14:10:17,22.4,12.7,-13.156075,-34.819411
MARCOS CAVALCANTI,2024-02-28 14:36:37,27.1,12.4,-13.071161,-34.78177
MARCOS CAVALCANTI,2024-02-28 15:10:17,27.9,12.6,-12.967861,-34.725483
MARCOS CAVALCANTI,2024-02-28 15:14:08,29.9,12.6,-12.955928,-34.718983
MARCOS CAVALCANTI,2024-02-28 15:36:38,32.2,12.6,-12.888618,-34.675761
MARCOS CAVALCANTI,2024-02-28 15:39:58,32.6,12.6,-12.878745,-34.669373
MARCOS CAVALCANTI,2024-02-28 15:43:58,33.4,12.5,-12.866925,-34.661588
MARCOS CAVALCANTI,2024-02-28 15:44:56,27.2,12.5,-12.863966,-34.659813
MARCOS CAVALCANTI,2024-02-28 15:48:49,19.5,12.4,-12.851548,-34.655233
MARCOS CAVALCANTI,2024-02-28 15:51:18,20.2,12.4,-12.843426,-34.652311
MARCOS CAVALCANTI,2024-02-28 16:28:57,20.6,12.3,-12.720236,-34.607731
MARCOS CAVALCANTI,2024-02-28 17:33:08,24.0,11.8,-12.514736,-34.526126
MARCOS CAVALCANTI,2024-02-28 18:14:27,24.3,12.1,-12.389323,-34.469561
MARCOS CAVALCANTI,2024-02-28 18:17:26,24.4,12.0,-12.380191,-34.46543
MARCOS CAVALCANTI,2024-02-28 19:35:28,23.0,11.9,-12.142151,-34.357851
MARCOS CAVALCANTI,2024-02-28 20:22:18,24.1,12.1,-11.996993,-34.296761
MARCOS CAVALCANTI,2024-02-28 21:09:09,22.9,12.1,-11.852046,-34.234341
MARCOS CAVALCANTI,2024-02-28 21:14:08,23.3,12.0,-11.83673,-34.227665
MARCOS CAVALCANTI,2024-02-28 21:16:29,24.5,12.1,-11.829465,-34.224403
MARCOS CAVALCANTI,2024-02-28 21:22:08,22.7,12.0,-11.812093,-34.216636
MARCOS CAVALCANTI,2024-02-28 21:26:48,23.9,12.0,-11.797861,-34.21019
MARCOS CAVALCANTI,2024-02-28 21:58:37,24.8,12.0,-11.700353,-34.165735
MARCOS CAVALCANTI,2024-02-28 22:01:48,23.8,12.1,-11.690613,-34.161298
MARCOS CAVALCANTI,2024-02-28 22:06:36,23.9,12.1,-11.67581,-34.15448
MARCOS CAVALCANTI,2024-02-28 22:28:47,25.0,12.1,-11.60754,-34.123311
MARCOS CAVALCANTI,2024-02-28 22:36:48,24.3,12.0,-11.583023,-34.112168
MARCOS CAVALCANTI,2024-02-28 22:39:17,24.0,11.9,-11.575516,-34.108731
MARCOS CAVALCANTI,2024-02-28 22:56:47,22.7,11.9,-11.522525,-34.084528
MARCOS CAVALCANTI,2024-02-28 22:59:47,23.7,11.8,-11.513471,-34.08035
MARCOS CAVALCANTI,2024-02-28 23:02:09,23.5,11.9,-11.506328,-34.077021
MARCOS CAVALCANTI,2024-02-28 23:05:09,23.8,11.9,-11.497255,-34.072891
MARCOS CAVALCANTI,2024-02-28 23:15:47,24.2,11.8,-11.465093,-34.058321
MARCOS CAVALCANTI,2024-02-28 23:41:28,24.4,11.9,-11.387326,-34.022836
MARCOS CAVALCANTI,2024-02-28 23:44:28,23.0,12.0,-11.378175,-34.01866
MARCOS CAVALCANTI,2024-02-28 23:46:58,24.4,12.0,-11.370668,-34.015221
MARCOS CAVALCANTI,2024-02-28 23:51:27,24.3,12.0,-11.35699,-34.008921
MARCOS CAVALCANTI,2024-02-28 23:52:57,24.1,12.0,-11.352475,-34.00684
MARCOS CAVALCANTI,2024-02-29 00:55:58,24.0,11.9,-11.160718,-33.921066
MARCOS CAVALCANTI,2024-02-29 00:56:18,22.1,11.8,-11.159705,-33.920625
MARCOS CAVALCANTI,2024-02-29 01:20:37,22.8,11.8,-11.085996,-33.888938
MARCOS CAVALCANTI,2024-02-29 01:24:17,23.0,11.7,-11.074953,-33.884235
MARCOS CAVALCANTI,2024-02-29 02:14:09,22.2,12.0,-10.923015,-33.819166
MARCOS CAVALCANTI,2024-02-29 02:18:09,22.8,12.0,-10.910591,-33.813918
MARCOS CAVALCANTI,2024-02-29 03:03:57,21.5,11.9,-10.768545,-33.755328
MARCOS CAVALCANTI,2024-02-29 03:05:08,21.7,11.9,-10.764946,-33.753848
MARCOS CAVALCANTI,2024-02-29 03:08:58,25.1,11.9,-10.75323,-33.748706
MARCOS CAVALCANTI,2024-02-29 03:36:57,25.4,12.0,-10.669721,-33.707516
MARCOS CAVALCANTI,2024-02-29 03:40:28,26.7,12.0,-10.659126,-33.702168
MARCOS CAVALCANTI,2024-02-29 03:42:59,26.3,12.0,-10.651615,-33.698475
MARCOS CAVALCANTI,2024-02-29 03:46:19,25.8,12.0,-10.641588,-33.693555
MARCOS CAVALCANTI,2024-02-29 03:56:09,26.0,12.0,-10.6118,-33.679051
MARCOS CAVALCANTI,2024-02-29 03:59:19,24.1,12.0,-10.602268,-33.674483
MARCOS CAVALCANTI,2024-02-29 04:08:07,25.5,12.1,-10.575596,-33.661533
MARCOS CAVALCANTI,2024-02-29 04:10:27,25.9,12.0,-10.568561,-33.658058
MARCOS CAVALCANTI,2024-02-29 04:14:48,25.1,12.0,-10.555466,-33.651593
MARCOS CAVALCANTI,2024-02-29 04:17:57,26.4,12.0,-10.545861,-33.646913
MARCOS CAVALCANTI,2024-02-29 04:46:37,25.7,12.1,-10.459521,-33.604406
MARCOS CAVALCANTI,2024-02-29 04:47:28,26.6,12.1,-10.45705,-33.603146
MARCOS CAVALCANTI,2024-02-29 04:48:56,26.4,12.1,-10.452495,-33.600905
MARCOS CAVALCANTI,2024-02-29 04:49:25,25.8,12.1,-10.450986,-33.600178
MARCOS CAVALCANTI,2024-02-29 04:50:06,26.2,12.0,-10.448921,-33.599158
MARCOS CAVALCANTI,2024-02-29 04:50:47,26.3,12.2,-10.446881,-33.598138
MARCOS CAVALCANTI,2024-02-29 04:51:49,26.3,12.0,-10.443816,-33.596618
MARCOS CAVALCANTI,2024-02-29 04:52:36,25.6,12.1,-10.44139,-33.595421
MARCOS CAVALCANTI,2024-02-29 04:52:38,25.6,12.1,-10.44139,-33.595421
MARCOS CAVALCANTI,2024-02-29 04:53:36,27.2,12.0,-10.43832,-33.593895
MARCOS CAVALCANTI,2024-02-29 05:21:38,23.0,12.2,-10.351543,-33.555781
MARCOS CAVALCANTI,2024-02-29 07:58:57,23.2,12.2,-9.864546,-33.338878
MARCOS CAVALCANTI,2024-02-29 07:59:29,22.4,12.2,-9.862861,-33.338166
MARCOS CAVALCANTI,2024-02-29 08:01:38,22.0,12.2,-9.856155,-33.335318
MARCOS CAVALCANTI,2024-02-29 08:07:29,22.3,12.2,-9.837803,-33.327653
MARCOS CAVALCANTI,2024-02-29 08:33:38,22.9,12.2,-9.756,-33.293016
MARCOS CAVALCANTI,2024-02-29 08:38:38,22.6,12.2,-9.740451,-33.286151
MARCOS CAVALCANTI,2024-02-29 08:47:28,22.7,12.1,-9.71304,-33.274425
MARCOS CAVALCANTI,2024-02-29 08:50:19,23.5,12.1,-9.704283,-33.270625
MARCOS CAVALCANTI,2024-02-29 09:07:37,22.8,12.0,-9.651065,-33.2477
MARCOS CAVALCANTI,2024-02-29 09:09:58,22.5,12.0,-9.643728,-33.244605
MARCOS CAVALCANTI,2024-02-29 09:13:48,22.5,12.1,-9.631896,-33.239733
MARCOS CAVALCANTI,2024-02-29 09:36:38,22.8,12.1,-9.5606,-33.21016
MARCOS CAVALCANTI,2024-02-29 09:39:18,22.5,12.2,-9.552288,-33.206651
MARCOS CAVALCANTI,2024-02-29 09:41:49,22.5,12.1,-9.544391,-33.203356
MARCOS CAVALCANTI,2024-02-29 09:45:49,22.7,12.1,-9.531841,-33.198143
MARCOS CAVALCANTI,2024-02-29 09:50:19,23.7,12.2,-9.517703,-33.192186
MARCOS CAVALCANTI,2024-02-29 10:23:27,22.8,12.0,-9.414435,-33.147728
MARCOS CAVALCANTI,2024-02-29 10:24:49,22.7,12.1,-9.41025,-33.145896
MARCOS CAVALCANTI,2024-02-29 10:27:39,23.2,11.9,-9.401488,-33.142151
MARCOS CAVALCANTI,2024-02-29 10:33:28,22.7,11.9,-9.383585,-33.134416
MARCOS CAVALCANTI,2024-02-29 11:54:47,23.3,12.1,-9.136515,-33.019756
MARCOS CAVALCANTI,2024-02-29 13:07:58,24.0,12.0,-8.910165,-32.922166
MARCOS CAVALCANTI,2024-02-29 14:49:48,22.9,12.2,-8.591255,-32.784586
MARCOS CAVALCANTI,2024-02-29 14:52:38,22.8,12.2,-8.582261,-32.780795
MARCOS CAVALCANTI,2024-02-29 15:16:14,22.2,12.1,-8.507805,-32.749611
MARCOS CAVALCANTI,2024-02-29 15:26:28,22.4,12.2,-8.47589,-32.736396
MARCOS CAVALCANTI,2024-02-29 15:30:17,22.6,12.1,-8.463826,-32.731388
MARCOS CAVALCANTI,2024-02-29 15:33:18,22.2,12.1,-8.454345,-32.727395
MARCOS CAVALCANTI,2024-02-29 15:38:09,22.5,12.1,-8.43923,-32.721101
MARCOS CAVALCANTI,2024-02-29 16:01:47,24.4,12.1,-8.366203,-32.68877
MARCOS CAVALCANTI,2024-02-29 16:20:38,25.2,12.0,-8.308386,-32.66259
MARCOS CAVALCANTI,2024-02-29 16:23:59,24.3,12.0,-8.298063,-32.657928
MARCOS CAVALCANTI,2024-02-29 16:27:48,23.7,12.1,-8.286371,-32.652693
MARCOS CAVALCANTI,2024-02-29 16:34:28,24.5,12.1,-8.26594,-32.643535
MARCOS CAVALCANTI,2024-02-29 16:39:48,24.2,12.0,-8.24955,-32.636151
MARCOS CAVALCANTI,2024-02-29 16:53:26,24.7,12.0,-8.207653,-32.617198
MARCOS CAVALCANTI,2024-02-29 16:53:47,24.5,12.0,-8.20659,-32.616705
MARCOS CAVALCANTI,2024-02-29 16:55:17,24.5,12.1,-8.202016,-32.614605
MARCOS CAVALCANTI,2024-02-29 16:56:26,23.8,12.1,-8.19853,-32.613056
MARCOS CAVALCANTI,2024-02-29 17:01:46,24.1,12.1,-8.181968,-32.605693
MARCOS CAVALCANTI,2024-02-29 18:33:47,24.9,12.4,-7.894353,-32.477883
MARCOS CAVALCANTI,2024-02-29 20:12:08,25.7,12.3,-7.588781,-32.337155
MARCOS CAVALCANTI,2024-02-29 20:15:47,25.6,12.3,-7.577553,-32.331633
MARCOS CAVALCANTI,2024-02-29 20:17:58,27.1,12.2,-7.570828,-32.328323
MARCOS CAVALCANTI,2024-02-29 20:22:18,23.8,12.3,-7.55732,-32.32217
MARCOS CAVALCANTI,2024-02-29 20:28:19,24.0,12.3,-7.538501,-32.313688
MARCOS CAVALCANTI,2024-02-29 21:00:38,24.3,12.4,-7.436568,-32.26834
MARCOS CAVALCANTI,2024-02-29 21:03:19,23.3,12.4,-7.428143,-32.26456
MARCOS CAVALCANTI,2024-02-29 21:06:19,23.6,12.3,-7.418615,-32.260473
MARCOS CAVALCANTI,2024-02-29 21:09:19,23.3,12.3,-7.409165,-32.256403
MARCOS CAVALCANTI,2024-02-29 21:10:38,22.8,12.3,-7.405028,-32.254655
MARCOS CAVALCANTI,2024-02-29 21:13:09,23.3,12.3,-7.39711,-32.25129
MARCOS CAVALCANTI,2024-02-29 21:34:19,23.3,12.3,-7.330478,-32.22279
MARCOS CAVALCANTI,2024-02-29 22:01:26,23.1,12.3,-7.244761,-32.186611
MARCOS CAVALCANTI,2024-02-29 22:03:48,24.5,12.2,-7.237441,-32.183375
MARCOS CAVALCANTI,2024-02-29 22:09:39,23.7,12.2,-7.219245,-32.175263
MARCOS CAVALCANTI,2024-02-29 22:13:39,23.6,12.2,-7.206861,-32.169671
MARCOS CAVALCANTI,2024-02-29 22:17:18,23.7,12.2,-7.195563,-32.164628
MARCOS CAVALCANTI,2024-02-29 22:39:59,25.1,11.9,-7.126386,-32.133368
MARCOS CAVALCANTI,2024-02-29 23:34:17,23.9,12.1,-6.961585,-32.059265
MARCOS CAVALCANTI,2024-02-29 23:41:57,24.0,12.2,-6.937865,-32.048596
MARCOS CAVALCANTI,2024-02-29 23:47:28,23.8,12.2,-6.920738,-32.040948
MARCOS CAVALCANTI,2024-02-29 23:47:57,23.7,12.2,-6.919178,-32.040236
MARCOS CAVALCANTI,2024-03-01 00:43:57,22.7,12.4,-6.742018,-31.963986
MARCOS CAVALCANTI,2024-03-01 00:48:17,23.0,12.3,-6.728311,-31.958163
MARCOS CAVALCANTI,2024-03-01 00:48:48,23.6,12.2,-6.72671,-31.957478
MARCOS CAVALCANTI,2024-03-01 02:08:19,25.5,12.0,-6.481033,-31.847543
MARCOS CAVALCANTI,2024-03-01 02:11:18,24.5,12.0,-6.471956,-31.8433
MARCOS CAVALCANTI,2024-03-01 02:36:08,24.3,11.9,-6.396311,-31.809483
MARCOS CAVALCANTI,2024-03-01 02:38:59,24.0,12.0,-6.387606,-31.805631
MARCOS CAVALCANTI,2024-03-01 02:42:58,24.2,11.9,-6.37547,-31.800221
MARCOS CAVALCANTI,2024-03-01 02:57:49,23.5,12.0,-6.330391,-31.78023
MARCOS CAVALCANTI,2024-03-01 03:00:38,24.7,11.9,-6.321835,-31.776425
MARCOS CAVALCANTI,2024-03-01 03:03:38,24.9,11.8,-6.312706,-31.772345
MARCOS CAVALCANTI,2024-03-01 03:12:09,24.8,12.0,-6.286953,-31.760765
MARCOS CAVALCANTI,2024-03-01 03:14:18,24.2,11.9,-6.280418,-31.757778
MARCOS CAVALCANTI,2024-03-01 03:21:38,24.8,11.9,-6.258135,-31.747783
MARCOS CAVALCANTI,2024-03-01 03:44:28,23.3,12.0,-6.188443,-31.716698
MARCOS CAVALCANTI,2024-03-01 03:46:49,24.4,12.0,-6.18125,-31.713583
MARCOS CAVALCANTI,2024-03-01 03:48:29,23.4,12.0,-6.176121,-31.711315
MARCOS CAVALCANTI,2024-03-01 03:50:29,22.7,12.0,-6.169963,-31.70864
MARCOS CAVALCANTI,2024-03-01 03:52:58,23.7,12.0,-6.162341,-31.70533
MARCOS CAVALCANTI,2024-03-01 03:55:07,23.7,12.0,-6.155696,-31.70245
MARCOS CAVALCANTI,2024-03-01 04:20:09,23.5,12.0,-6.078698,-31.668825
MARCOS CAVALCANTI,2024-03-01 04:22:29,22.6,12.0,-6.071446,-31.665756
MARCOS CAVALCANTI,2024-03-01 04:24:48,22.9,12.1,-6.064311,-31.662693
MARCOS CAVALCANTI,2024-03-01 04:43:18,23.2,12.1,-6.006968,-31.6382
MARCOS CAVALCANTI,2024-03-01 04:55:28,22.2,12.2,-5.96899,-31.622106
MARCOS CAVALCANTI,2024-03-01 05:01:26,23.0,12.1,-5.950275,-31.614211
MARCOS CAVALCANTI,2024-03-01 05:01:56,23.2,12.1,-5.948731,-31.613545
MARCOS CAVALCANTI,2024-03-01 05:03:16,23.6,12.2,-5.944591,-31.611773
MARCOS CAVALCANTI,2024-03-01 05:04:37,23.8,12.1,-5.940311,-31.609988
MARCOS CAVALCANTI,2024-03-01 05:05:07,23.0,12.1,-5.938818,-31.60936
MARCOS CAVALCANTI,2024-03-01 05:05:26,22.6,12.1,-5.937891,-31.608975
MARCOS CAVALCANTI,2024-03-01 05:05:37,22.7,12.2,-5.937226,-31.60869
MARCOS CAVALCANTI,2024-03-01 05:05:47,22.6,12.2,-5.93671,-31.608461
MARCOS CAVALCANTI,2024-03-01 05:06:07,22.7,12.2,-5.935671,-31.607996
MARCOS CAVALCANTI,2024-03-01 05:06:37,23.1,12.1,-5.934111,-31.607348
MARCOS CAVALCANTI,2024-03-01 05:06:57,23.0,12.1,-5.933125,-31.606931
MARCOS CAVALCANTI,2024-03-01 05:07:07,22.6,12.1,-5.932603,-31.606715
MARCOS CAVALCANTI,2024-03-01 05:07:26,22.9,12.1,-5.931618,-31.6063
MARCOS CAVALCANTI,2024-03-01 05:08:17,24.4,12.1,-5.928973,-31.605183
MARCOS CAVALCANTI,2024-03-01 05:08:47,23.1,12.1,-5.92743,-31.604521
MARCOS CAVALCANTI,2024-03-01 05:08:57,23.2,12.1,-5.926865,-31.604271
MARCOS CAVALCANTI,2024-03-01 05:09:57,22.3,12.1,-5.923805,-31.60296
MARCOS CAVALCANTI,2024-03-01 07:05:19,22.8,12.2,-5.565313,-31.447791
MARCOS CAVALCANTI,2024-03-01 07:39:09,23.4,12.3,-5.45835,-31.402385
MARCOS CAVALCANTI,2024-03-01 07:43:09,23.3,12.4,-5.445661,-31.396976
MARCOS CAVALCANTI,2024-03-01 08:09:49,25.8,12.6,-5.360643,-31.359123
MARCOS CAVALCANTI,2024-03-01 08:12:38,25.3,12.7,-5.351665,-31.354885
MARCOS CAVALCANTI,2024-03-01 08:15:28,24.3,12.6,-5.342571,-31.35061
MARCOS CAVALCANTI,2024-03-01 08:17:59,24.5,12.6,-5.334588,-31.346948
MARCOS CAVALCANTI,2024-03-01 08:44:39,24.9,12.6,-5.249846,-31.307596
MARCOS CAVALCANTI,2024-03-01 08:45:39,24.7,12.6,-5.246653,-31.306113
MARCOS CAVALCANTI,2024-03-01 08:49:59,24.3,12.6,-5.232918,-31.299773
MARCOS CAVALCANTI,2024-03-01 09:20:17,24.6,12.6,-5.136195,-31.255556
MARCOS CAVALCANTI,2024-03-01 09:22:58,24.7,12.6,-5.127641,-31.251613
MARCOS CAVALCANTI,2024-03-01 09:27:39,25.1,12.6,-5.112653,-31.244808
MARCOS CAVALCANTI,2024-03-01 09:29:39,23.9,12.5,-5.10626,-31.241921
MARCOS CAVALCANTI,2024-03-01 09:35:27,25.3,12.6,-5.087786,-31.23329
MARCOS CAVALCANTI,2024-03-01 09:37:48,24.7,12.5,-5.080293,-31.229868
MARCOS CAVALCANTI,2024-03-01 09:40:38,22.5,12.5,-5.070971,-31.225613
MARCOS CAVALCANTI,2024-03-01 09:42:19,22.0,12.5,-5.065535,-31.223321
MARCOS CAVALCANTI,2024-03-01 09:54:59,22.4,12.4,-5.025233,-31.206231
MARCOS CAVALCANTI,2024-03-01 11:05:27,23.6,12.8,-4.797283,-31.110045
MARCOS CAVALCANTI,2024-03-01 11:11:28,22.1,12.8,-4.777496,-31.101745
MARCOS CAVALCANTI,2024-03-01 11:46:07,22.8,12.8,-4.663386,-31.052015
MARCOS CAVALCANTI,2024-03-01 11:46:28,22.8,12.8,-4.662301,-31.051545
MARCOS CAVALCANTI,2024-03-01 11:47:28,23.6,12.8,-4.658971,-31.05011
MARCOS CAVALCANTI,2024-03-01 11:48:17,22.3,12.9,-4.656335,-31.04899
MARCOS CAVALCANTI,2024-03-01 11:49:17,23.0,12.8,-4.65302,-31.047588
MARCOS CAVALCANTI,2024-03-01 11:52:38,23.7,12.8,-4.641943,-31.042933
MARCOS CAVALCANTI,2024-03-01 12:41:07,23.5,12.8,-4.483738,-30.973365
MARCOS CAVALCANTI,2024-03-01 12:45:09,24.1,12.8,-4.470605,-30.967531
MARCOS CAVALCANTI,2024-04-05 08:48:58,206.3,12.6,-2.206723,-31.237783
MARCOS CAVALCANTI,2024-04-05 08:51:28,206.4,12.6,-2.214591,-31.241638
MARCOS CAVALCANTI,2024-04-05 08:55:07,207.0,12.6,-2.226076,-31.247328
MARCOS CAVALCANTI,2024-04-05 09:16:08,206.7,11.6,-2.291648,-31.27937
MARCOS CAVALCANTI,2024-04-05 09:21:08,207.4,9.5,-2.304628,-31.285725
MARCOS CAVALCANTI,2024-04-05 09:25:59,208.2,7.2,-2.314745,-31.290915
MARCOS CAVALCANTI,2024-04-05 10:08:57,210.9,1.6,-2.3504,-31.310086
MARCOS CAVALCANTI,2024-04-05 11:41:38,252.7,2.0,-2.371708,-31.32672
MARCOS CAVALCANTI,2024-04-05 11:45:37,214.1,5.2,-2.37393,-31.329621
MARCOS CAVALCANTI,2024-04-05 11:45:46,215.2,5.3,-2.374111,-31.329758
MARCOS CAVALCANTI,2024-04-05 11:46:37,215.4,6.3,-2.37529,-31.330573
MARCOS CAVALCANTI,2024-04-05 11:47:58,208.7,8.0,-2.377603,-31.332036
MARCOS CAVALCANTI,2024-04-05 12:19:47,207.5,13.3,-2.480185,-31.38269
MARCOS CAVALCANTI,2024-04-05 12:32:58,184.3,11.9,-2.52384,-31.40324
MARCOS CAVALCANTI,2024-04-05 12:36:17,167.0,12.4,-2.534751,-31.401281
MARCOS CAVALCANTI,2024-04-05 12:52:18,210.8,13.4,-2.59038,-31.407158
MARCOS CAVALCANTI,2024-04-05 13:18:57,210.6,13.5,-2.676926,-31.456901
MARCOS CAVALCANTI,2024-04-05 13:20:09,209.3,13.5,-2.680786,-31.45914
MARCOS CAVALCANTI,2024-04-05 13:22:17,209.2,13.6,-2.687765,-31.463161
MARCOS CAVALCANTI,2024-04-05 13:23:09,210.3,13.6,-2.69061,-31.464791
MARCOS CAVALCANTI,2024-04-05 13:28:27,209.8,13.7,-2.708096,-31.474858
MARCOS CAVALCANTI,2024-04-05 13:53:07,209.9,13.5,-2.789581,-31.521083
MARCOS CAVALCANTI,2024-04-05 13:58:17,209.8,13.5,-2.806381,-31.5307
MARCOS CAVALCANTI,2024-04-05 14:01:38,208.7,13.4,-2.817208,-31.536873
MARCOS CAVALCANTI,2024-04-05 14:19:28,208.4,13.3,-2.874765,-31.569535
MARCOS CAVALCANTI,2024-04-05 14:23:58,210.3,13.3,-2.889298,-31.577846
MARCOS CAVALCANTI,2024-04-05 14:28:48,209.5,13.4,-2.904963,-31.58683
MARCOS CAVALCANTI,2024-04-05 14:32:08,210.0,13.5,-2.915815,-31.5931
MARCOS CAVALCANTI,2024-04-05 14:58:39,208.6,13.3,-3.002645,-31.640725
MARCOS CAVALCANTI,2024-04-05 15:00:49,211.9,13.3,-3.009635,-31.644636
MARCOS CAVALCANTI,2024-04-05 15:03:08,210.1,13.3,-3.01704,-31.6488
MARCOS CAVALCANTI,2024-04-05 15:06:18,208.5,13.1,-3.027381,-31.654423
MARCOS CAVALCANTI,2024-04-05 15:34:47,207.4,13.4,-3.120221,-31.703771
MARCOS CAVALCANTI,2024-04-05 15:34:57,208.7,13.4,-3.12071,-31.70403
MARCOS CAVALCANTI,2024-04-05 15:37:47,208.5,13.3,-3.130071,-31.709056
MARCOS CAVALCANTI,2024-04-05 15:41:47,209.7,13.4,-3.143263,-31.71599
MARCOS CAVALCANTI,2024-04-05 15:45:36,208.0,13.5,-3.155885,-31.72268
MARCOS CAVALCANTI,2024-04-05 16:35:28,207.5,13.5,-3.322926,-31.807833
MARCOS CAVALCANTI,2024-04-05 17:10:39,207.5,13.5,-3.440383,-31.86848
MARCOS CAVALCANTI,2024-04-05 17:12:26,207.2,13.5,-3.44646,-31.871603
MARCOS CAVALCANTI,2024-04-05 17:13:26,207.4,13.5,-3.449796,-31.873308
MARCOS CAVALCANTI,2024-04-05 17:14:15,208.1,13.4,-3.452525,-31.874713
MARCOS CAVALCANTI,2024-04-05 17:14:26,207.5,13.5,-3.453138,-31.875025
MARCOS CAVALCANTI,2024-04-05 17:16:16,207.7,13.5,-3.459245,-31.878193
MARCOS CAVALCANTI,2024-04-05 17:16:46,205.9,13.4,-3.460968,-31.87907
MARCOS CAVALCANTI,2024-04-05 17:16:55,206.0,13.4,-3.461471,-31.87932
MARCOS CAVALCANTI,2024-04-05 17:17:07,206.1,13.4,-3.462088,-31.879631
MARCOS CAVALCANTI,2024-04-05 17:17:46,207.6,13.5,-3.46427,-31.880746
MARCOS CAVALCANTI,2024-04-05 17:17:55,207.8,13.4,-3.464773,-31.880988
MARCOS CAVALCANTI,2024-04-05 18:16:39,206.7,13.5,-3.662481,-31.980426
MARCOS CAVALCANTI,2024-04-05 18:19:08,206.6,13.7,-3.670975,-31.98459
MARCOS CAVALCANTI,2024-04-05 18:24:48,207.4,13.7,-3.690385,-31.994141
MARCOS CAVALCANTI,2024-04-05 18:51:09,205.7,13.7,-3.780671,-32.038558
MARCOS CAVALCANTI,2024-04-05 18:52:59,205.0,13.7,-3.787006,-32.041591
MARCOS CAVALCANTI,2024-04-05 18:58:29,204.5,13.7,-3.806033,-32.050793
MARCOS CAVALCANTI,2024-04-05 19:06:00,205.6,14.0,-3.83217,-32.063383
MARCOS CAVALCANTI,2024-04-05 19:25:19,208.7,13.8,-3.899571,-32.095613
MARCOS CAVALCANTI,2024-04-05 19:27:26,206.9,13.9,-3.906841,-32.099385
MARCOS CAVALCANTI,2024-04-05 19:31:55,208.1,13.9,-3.92232,-32.107495
MARCOS CAVALCANTI,2024-04-05 19:51:26,209.3,13.9,-3.989306,-32.142166
MARCOS CAVALCANTI,2024-04-05 19:54:56,207.7,13.8,-4.00128,-32.148458
MARCOS CAVALCANTI,2024-04-05 19:58:02,207.3,13.9,-4.011925,-32.154045
MARCOS CAVALCANTI,2024-04-05 19:59:44,207.8,13.9,-4.017663,-32.157078
MARCOS CAVALCANTI,2024-04-05 20:01:08,208.3,13.8,-4.022445,-32.15961
MARCOS CAVALCANTI,2024-04-05 20:01:50,208.4,13.9,-4.02484,-32.160875
MARCOS CAVALCANTI,2024-04-05 20:05:50,208.1,13.8,-4.038408,-32.168216
MARCOS CAVALCANTI,2024-04-05 20:08:35,207.8,13.7,-4.047683,-32.173168
MARCOS CAVALCANTI,2024-04-05 20:39:31,206.9,13.9,-4.15227,-32.229145
MARCOS CAVALCANTI,2024-04-05 20:52:57,206.9,13.9,-4.198293,-32.252675
MARCOS CAVALCANTI,2024-04-05 20:56:33,206.9,13.9,-4.210775,-32.258958
MARCOS CAVALCANTI,2024-04-05 21:37:20,206.4,13.8,-4.35071,-32.329523
MARCOS CAVALCANTI,2024-04-05 23:34:27,205.9,13.0,-4.732943,-32.52041
MARCOS CAVALCANTI,2024-04-05 23:34:55,206.6,13.1,-4.734455,-32.521175
MARCOS CAVALCANTI,2024-04-05 23:35:27,205.7,12.9,-4.736183,-32.52205
MARCOS CAVALCANTI,2024-04-05 23:35:36,206.2,13.1,-4.736668,-32.522295
MARCOS CAVALCANTI,2024-04-05 23:35:55,206.8,13.0,-4.737738,-32.52284
MARCOS CAVALCANTI,2024-04-05 23:36:16,205.6,12.9,-4.738818,-32.523373
MARCOS CAVALCANTI,2024-04-05 23:58:37,206.4,12.8,-4.811015,-32.559835
MARCOS CAVALCANTI,2024-04-06 00:11:36,206.7,12.9,-4.85268,-32.580983
MARCOS CAVALCANTI,2024-04-06 00:14:36,207.6,13.0,-4.862341,-32.58589
MARCOS CAVALCANTI,2024-04-06 00:15:15,207.4,13.1,-4.864435,-32.586963
MARCOS CAVALCANTI,2024-04-06 00:16:06,206.0,13.0,-4.8671,-32.58833
MARCOS CAVALCANTI,2024-04-06 00:16:26,207.5,13.1,-4.868273,-32.588926
MARCOS CAVALCANTI,2024-04-06 00:17:56,205.4,13.0,-4.873156,-32.59141
MARCOS CAVALCANTI,2024-04-06 00:18:46,206.4,12.9,-4.875743,-32.592736
MARCOS CAVALCANTI,2024-04-06 00:30:38,207.6,12.9,-4.914065,-32.612305
MARCOS CAVALCANTI,2024-04-06 01:00:07,208.4,12.9,-5.00942,-32.660811
MARCOS CAVALCANTI,2024-04-06 01:03:48,206.7,12.9,-5.021188,-32.666878
MARCOS CAVALCANTI,2024-04-06 01:04:58,205.9,13.0,-5.024923,-32.66876
MARCOS CAVALCANTI,2024-04-06 01:10:27,206.8,13.0,-5.04244,-32.677761
MARCOS CAVALCANTI,2024-04-06 01:44:28,208.9,12.8,-5.150803,-32.733608
MARCOS CAVALCANTI,2024-04-06 01:46:47,208.7,12.8,-5.158058,-32.737558
MARCOS CAVALCANTI,2024-04-06 01:47:36,208.9,12.9,-5.160705,-32.739001
MARCOS CAVALCANTI,2024-04-06 01:55:48,207.8,12.6,-5.186278,-32.752936
MARCOS CAVALCANTI,2024-04-06 02:11:17,208.3,12.9,-5.23477,-32.779316
MARCOS CAVALCANTI,2024-04-06 02:14:16,208.3,12.8,-5.244141,-32.78436
MARCOS CAVALCANTI,2024-04-06 02:16:47,207.4,12.9,-5.25206,-32.788593
MARCOS CAVALCANTI,2024-04-06 02:41:17,205.8,12.7,-5.329656,-32.827103
MARCOS CAVALCANTI,2024-04-06 02:45:57,205.1,12.4,-5.344335,-32.834211
MARCOS CAVALCANTI,2024-04-06 02:48:36,207.5,12.4,-5.352593,-32.838215
MARCOS CAVALCANTI,2024-04-06 02:50:48,206.5,12.6,-5.359458,-32.841583
MARCOS CAVALCANTI,2024-04-06 03:51:44,205.2,12.3,-5.551465,-32.935063
MARCOS CAVALCANTI,2024-04-06 03:52:04,205.1,12.3,-5.5525,-32.935563
MARCOS CAVALCANTI,2024-04-06 03:52:44,204.6,12.4,-5.554571,-32.936565
MARCOS CAVALCANTI,2024-04-06 03:53:04,205.9,12.4,-5.55566,-32.937091
MARCOS CAVALCANTI,2024-04-06 03:54:44,205.9,12.3,-5.56085,-32.93959
MARCOS CAVALCANTI,2024-04-06 03:55:04,206.6,12.3,-5.561876,-32.940098
MARCOS CAVALCANTI,2024-04-06 03:56:15,206.5,12.3,-5.56547,-32.941865
MARCOS CAVALCANTI,2024-04-06 04:48:48,206.8,12.1,-5.725455,-33.021083
MARCOS CAVALCANTI,2024-04-06 05:22:14,205.1,12.0,-5.82697,-33.072398
MARCOS CAVALCANTI,2024-04-06 05:25:15,207.2,12.1,-5.83612,-33.076951
MARCOS CAVALCANTI,2024-04-06 05:26:45,208.1,12.1,-5.840521,-33.079191
MARCOS CAVALCANTI,2024-04-06 05:27:34,206.9,12.0,-5.84303,-33.080461
MARCOS CAVALCANTI,2024-04-06 05:28:45,205.7,12.1,-5.84656,-33.08224
MARCOS CAVALCANTI,2024-04-06 05:39:27,205.8,12.0,-5.878355,-33.09835
MARCOS CAVALCANTI,2024-04-06 06:30:36,207.0,12.2,-6.032858,-33.178085
MARCOS CAVALCANTI,2024-04-06 06:32:57,206.6,12.2,-6.039916,-33.181798
MARCOS CAVALCANTI,2024-04-06 06:39:38,206.6,12.3,-6.0601,-33.192411
MARCOS CAVALCANTI,2024-04-06 06:45:37,208.4,12.5,-6.07844,-33.202071
MARCOS CAVALCANTI,2024-04-06 07:18:05,208.5,12.4,-6.179351,-33.254118
MARCOS CAVALCANTI,2024-04-06 07:20:26,206.5,12.5,-6.18654,-33.257826
MARCOS CAVALCANTI,2024-04-06 07:23:25,208.0,12.5,-6.195775,-33.262638
MARCOS CAVALCANTI,2024-04-06 07:25:26,206.6,12.5,-6.20202,-33.2658
MARCOS CAVALCANTI,2024-04-06 07:26:25,205.7,12.4,-6.20512,-33.267358
MARCOS CAVALCANTI,2024-04-06 07:50:57,207.4,12.4,-6.281151,-33.305516
MARCOS CAVALCANTI,2024-04-06 07:53:26,205.7,12.5,-6.2888,-33.309453
MARCOS CAVALCANTI,2024-04-06 07:56:07,206.2,12.5,-6.297011,-33.313686
MARCOS CAVALCANTI,2024-04-06 08:14:38,206.1,12.5,-6.35439,-33.342725
MARCOS CAVALCANTI,2024-04-06 08:25:16,207.5,12.6,-6.387618,-33.359505
MARCOS CAVALCANTI,2024-04-06 08:31:06,207.1,12.5,-6.405761,-33.36877
MARCOS CAVALCANTI,2024-04-06 08:35:26,206.9,12.6,-6.419241,-33.375716
MARCOS CAVALCANTI,2024-04-06 09:03:16,206.9,12.3,-6.50514,-33.4196
MARCOS CAVALCANTI,2024-04-06 09:06:07,208.4,12.3,-6.51386,-33.4241
MARCOS CAVALCANTI,2024-04-06 09:12:05,206.1,12.2,-6.532021,-33.433391
MARCOS CAVALCANTI,2024-04-06 10:41:08,205.7,12.5,-6.807816,-33.572985
MARCOS CAVALCANTI,2024-04-06 10:45:46,206.2,12.5,-6.822315,-33.580288
MARCOS CAVALCANTI,2024-04-06 11:34:37,207.0,12.6,-6.975078,-33.657173
MARCOS CAVALCANTI,2024-04-06 11:37:36,206.7,12.5,-6.984486,-33.661881
MARCOS CAVALCANTI,2024-04-06 11:40:47,205.8,12.5,-6.994366,-33.666785
MARCOS CAVALCANTI,2024-04-06 11:52:16,206.3,12.6,-7.03031,-33.684651
MARCOS CAVALCANTI,2024-04-06 12:15:36,206.7,12.4,-7.103116,-33.72102
MARCOS CAVALCANTI,2024-04-06 12:16:06,206.5,12.5,-7.104678,-33.72179
MARCOS CAVALCANTI,2024-04-06 12:16:46,206.9,12.5,-7.106738,-33.72284
MARCOS CAVALCANTI,2024-04-06 12:21:17,204.6,12.5,-7.120663,-33.729883
MARCOS CAVALCANTI,2024-04-06 12:24:17,205.5,12.4,-7.129936,-33.734553
MARCOS CAVALCANTI,2024-04-06 12:54:56,208.6,12.2,-7.22347,-33.78209
MARCOS CAVALCANTI,2024-04-06 13:15:08,207.6,12.2,-7.284545,-33.813498
MARCOS CAVALCANTI,2024-04-06 13:18:57,207.5,12.3,-7.29622,-33.819486
MARCOS CAVALCANTI,2024-04-06 13:21:28,207.5,12.3,-7.303781,-33.823456
MARCOS CAVALCANTI,2024-04-06 14:04:26,207.7,12.1,-7.43445,-33.890521
MARCOS CAVALCANTI,2024-04-06 14:08:17,206.0,12.0,-7.446023,-33.896293
MARCOS CAVALCANTI,2024-04-06 14:12:07,207.7,12.0,-7.457541,-33.902096
MARCOS CAVALCANTI,2024-04-06 14:14:36,207.9,12.1,-7.465026,-33.905953
MARCOS CAVALCANTI,2024-04-06 14:38:37,206.2,11.7,-7.536745,-33.941508
MARCOS CAVALCANTI,2024-04-06 14:41:18,208.2,11.8,-7.544685,-33.945393
MARCOS CAVALCANTI,2024-04-06 14:44:58,206.5,11.8,-7.55552,-33.950746
MARCOS CAVALCANTI,2024-04-06 14:47:18,206.0,11.6,-7.562341,-33.954038
MARCOS CAVALCANTI,2024-04-06 15:47:35,209.4,11.5,-7.73611,-34.044356
MARCOS CAVALCANTI,2024-04-06 15:50:46,208.6,11.4,-7.744991,-34.049378
MARCOS CAVALCANTI,2024-04-06 15:52:25,209.3,11.4,-7.749593,-34.051968
MARCOS CAVALCANTI,2024-04-06 15:53:06,208.8,11.4,-7.751436,-34.052986
MARCOS CAVALCANTI,2024-04-06 15:54:25,208.3,11.4,-7.755146,-34.055113
MARCOS CAVALCANTI,2024-04-06 15:55:25,209.9,11.4,-7.757916,-34.05668
MARCOS CAVALCANTI,2024-04-06 15:55:35,208.6,11.5,-7.758378,-34.056935
MARCOS CAVALCANTI,2024-04-06 15:56:35,208.2,11.5,-7.76115,-34.058493
MARCOS CAVALCANTI,2024-04-06 16:22:06,206.6,11.1,-7.830545,-34.098396
MARCOS CAVALCANTI,2024-04-06 16:42:17,206.3,11.1,-7.886748,-34.126883
MARCOS CAVALCANTI,2024-04-06 17:03:27,205.4,11.4,-7.946561,-34.156551
MARCOS CAVALCANTI,2024-04-06 17:04:36,206.7,11.5,-7.949836,-34.158203
MARCOS CAVALCANTI,2024-04-06 17:04:48,208.5,11.4,-7.950361,-34.158473
MARCOS CAVALCANTI,2024-04-06 17:05:56,206.8,11.5,-7.95362,-34.16016
MARCOS CAVALCANTI,2024-04-06 17:06:06,206.9,11.5,-7.954091,-34.160403
MARCOS CAVALCANTI,2024-04-06 17:18:36,206.1,11.3,-7.989693,-34.1783
MARCOS CAVALCANTI,2024-04-06 17:29:06,203.4,11.2,-8.019673,-34.192678
MARCOS CAVALCANTI,2024-04-06 17:29:27,204.0,11.2,-8.02067,-34.193126
MARCOS CAVALCANTI,2024-04-06 17:30:06,206.2,11.3,-8.022521,-34.193971
MARCOS CAVALCANTI,2024-04-06 17:30:16,205.8,11.2,-8.022998,-34.194186
MARCOS CAVALCANTI,2024-04-06 17:31:06,205.1,11.3,-8.025381,-34.19531
MARCOS CAVALCANTI,2024-04-06 17:31:16,205.2,11.4,-8.025905,-34.195565
MARCOS CAVALCANTI,2024-04-06 17:31:27,205.5,11.3,-8.02638,-34.195796
MARCOS CAVALCANTI,2024-04-06 17:59:37,205.8,11.6,-8.108268,-34.236428
MARCOS CAVALCANTI,2024-04-06 18:02:17,206.5,11.6,-8.116018,-34.240326
MARCOS CAVALCANTI,2024-04-06 18:09:05,205.0,11.4,-8.135796,-34.249935
MARCOS CAVALCANTI,2024-04-06 18:26:17,204.1,11.2,-8.185128,-34.272498
MARCOS CAVALCANTI,2024-04-06 18:31:26,203.9,11.2,-8.199858,-34.27908
MARCOS CAVALCANTI,2024-04-06 18:35:36,204.2,11.2,-8.211745,-34.284475
MARCOS CAVALCANTI,2024-04-06 18:59:37,206.0,11.3,-8.280276,-34.316365
MARCOS CAVALCANTI,2024-04-06 19:01:47,207.7,11.2,-8.286365,-34.31949
MARCOS CAVALCANTI,2024-04-06 19:03:36,207.7,11.3,-8.291511,-34.322165
MARCOS CAVALCANTI,2024-04-06 19:04:37,208.3,11.3,-8.29431,-34.323631
MARCOS CAVALCANTI,2024-04-06 19:54:27,207.6,11.2,-8.43405,-34.394711
MARCOS CAVALCANTI,2024-04-06 20:46:37,207.0,11.3,-8.580891,-34.471196
MARCOS CAVALCANTI,2024-04-06 20:46:57,206.0,11.4,-8.581841,-34.47167
MARCOS CAVALCANTI,2024-04-06 20:49:47,206.8,11.4,-8.589898,-34.4757
MARCOS CAVALCANTI,2024-04-06 22:53:45,208.3,12.4,-8.969751,-34.672188
MARCOS CAVALCANTI,2024-04-06 22:56:15,207.4,12.4,-8.977401,-34.676198
MARCOS CAVALCANTI,2024-04-06 22:58:27,206.3,12.4,-8.984148,-34.679745
MARCOS CAVALCANTI,2024-04-06 23:22:56,206.3,12.6,-9.059966,-34.719428
MARCOS CAVALCANTI,2024-04-06 23:26:35,207.8,12.5,-9.071293,-34.725373
MARCOS CAVALCANTI,2024-04-06 23:28:56,207.2,12.7,-9.078703,-34.729233
MARCOS CAVALCANTI,2024-04-06 23:31:06,207.6,12.5,-9.085441,-34.73274
MARCOS CAVALCANTI,2024-04-07 00:02:06,206.8,12.7,-9.182196,-34.782911
MARCOS CAVALCANTI,2024-04-07 00:04:25,206.5,12.7,-9.189428,-34.786598
MARCOS CAVALCANTI,2024-04-07 00:06:46,207.2,12.7,-9.196831,-34.790458
MARCOS CAVALCANTI,2024-04-07 01:13:57,205.5,12.8,-9.410945,-34.89797
MARCOS CAVALCANTI,2024-04-07 01:18:28,205.9,12.6,-9.425328,-34.904963
MARCOS CAVALCANTI,2024-04-07 01:46:16,206.6,12.8,-9.514355,-34.948453
MARCOS CAVALCANTI,2024-04-07 01:51:27,206.6,12.7,-9.530855,-34.956695
MARCOS CAVALCANTI,2024-04-07 01:53:56,206.4,12.7,-9.53874,-34.960595
MARCOS CAVALCANTI,2024-04-07 01:56:16,205.9,12.6,-9.546108,-34.96425
MARCOS CAVALCANTI,2024-04-07 02:33:37,205.5,12.7,-9.66436,-35.023213
MARCOS CAVALCANTI,2024-04-07 02:39:17,205.9,12.6,-9.682193,-35.032081
MARCOS CAVALCANTI,2024-04-07 04:05:44,208.2,12.5,-9.956288,-35.16501
MARCOS CAVALCANTI,2024-04-07 04:06:03,208.1,12.5,-9.957215,-35.165526
MARCOS CAVALCANTI,2024-04-07 04:07:14,208.4,12.5,-9.960875,-35.167511
MARCOS CAVALCANTI,2024-04-07 04:08:14,208.3,12.5,-9.963836,-35.169123
MARCOS CAVALCANTI,2024-04-07 04:10:14,209.3,12.4,-9.969916,-35.172445
MARCOS CAVALCANTI,2024-04-07 05:32:56,208.2,12.6,-10.22659,-35.310556
MARCOS CAVALCANTI,2024-04-07 05:42:45,208.1,12.6,-10.257366,-35.326763
MARCOS CAVALCANTI,2024-04-07 05:43:45,206.9,12.5,-10.260521,-35.328416
MARCOS CAVALCANTI,2024-04-07 05:44:34,207.9,12.5,-10.262991,-35.32972
MARCOS CAVALCANTI,2024-04-07 05:44:44,206.7,12.5,-10.263613,-35.330043
MARCOS CAVALCANTI,2024-04-07 05:45:44,207.2,12.5,-10.266671,-35.33164
MARCOS CAVALCANTI,2024-04-07 06:28:48,195.0,12.4,-10.401108,-35.39918
MARCOS CAVALCANTI,2024-04-07 06:30:56,196.7,12.4,-10.408275,-35.40112
MARCOS CAVALCANTI,2024-04-07 06:54:56,197.0,12.6,-10.488581,-35.425645
MARCOS CAVALCANTI,2024-04-07 07:17:06,196.7,12.7,-10.563418,-35.448826
MARCOS CAVALCANTI,2024-04-07 07:20:36,197.2,12.6,-10.575233,-35.452491
MARCOS CAVALCANTI,2024-04-07 07:22:57,196.8,12.7,-10.583038,-35.454906
MARCOS CAVALCANTI,2024-04-07 07:31:36,198.1,12.7,-10.612541,-35.464038
MARCOS CAVALCANTI,2024-04-07 08:00:37,197.2,12.8,-10.711765,-35.494363
MARCOS CAVALCANTI,2024-04-07 08:07:28,196.6,12.8,-10.735093,-35.5015
MARCOS CAVALCANTI,2024-04-07 08:08:16,196.6,12.8,-10.737898,-35.502351
MARCOS CAVALCANTI,2024-04-07 08:11:18,197.3,12.8,-10.74821,-35.505511
MARCOS CAVALCANTI,2024-04-07 08:37:28,195.8,12.8,-10.837505,-35.532746
MARCOS CAVALCANTI,2024-04-07 08:39:57,195.7,12.7,-10.846008,-35.535265
MARCOS CAVALCANTI,2024-04-07 08:42:37,196.2,12.7,-10.855005,-35.537988
MARCOS CAVALCANTI,2024-04-07 08:45:06,195.6,12.7,-10.863568,-35.54056
MARCOS CAVALCANTI,2024-04-07 09:15:36,197.6,12.6,-10.967141,-35.5721
MARCOS CAVALCANTI,2024-04-07 09:19:46,196.9,12.8,-10.98125,-35.576381
MARCOS CAVALCANTI,2024-04-07 10:35:28,198.1,13.0,-11.241958,-35.658415
MARCOS CAVALCANTI,2024-04-07 11:20:58,195.8,13.2,-11.39981,-35.710733
MARCOS CAVALCANTI,2024-04-07 11:25:37,192.9,13.0,-11.416088,-35.71552
MARCOS CAVALCANTI,2024-04-07 12:12:15,197.6,13.3,-11.582178,-35.757988
MARCOS CAVALCANTI,2024-04-07 12:15:07,197.6,13.3,-11.592251,-35.761201
MARCOS CAVALCANTI,2024-04-07 12:21:48,199.2,13.4,-11.615911,-35.769281
MARCOS CAVALCANTI,2024-04-07 12:30:47,200.0,13.4,-11.647681,-35.7804
MARCOS CAVALCANTI,2024-04-07 13:00:17,198.5,13.5,-11.752366,-35.816883
MARCOS CAVALCANTI,2024-04-07 13:04:17,199.4,13.4,-11.766503,-35.821788
MARCOS CAVALCANTI,2024-04-07 13:07:17,198.7,13.5,-11.777251,-35.82552
MARCOS CAVALCANTI,2024-04-07 13:09:16,198.2,13.4,-11.784325,-35.827956
MARCOS CAVALCANTI,2024-04-07 13:11:47,198.9,13.4,-11.793256,-35.83105
MARCOS CAVALCANTI,2024-04-07 13:41:26,195.6,13.7,-11.899156,-35.867538
MARCOS CAVALCANTI,2024-04-07 13:43:46,196.1,13.6,-11.907625,-35.87001
MARCOS CAVALCANTI,2024-04-07 13:47:16,194.9,13.6,-11.92039,-35.87365
MARCOS CAVALCANTI,2024-04-07 14:15:37,196.5,13.7,-12.023603,-35.904158
MARCOS CAVALCANTI,2024-04-07 14:22:16,196.1,13.7,-12.04807,-35.911471
MARCOS CAVALCANTI,2024-04-07 14:24:07,196.9,13.8,-12.054803,-35.913481
MARCOS CAVALCANTI,2024-04-07 14:53:38,196.3,13.6,-12.16272,-35.945648
MARCOS CAVALCANTI,2024-04-07 14:57:07,196.0,13.5,-12.175365,-35.949391
MARCOS CAVALCANTI,2024-04-07 15:29:37,196.6,13.4,-12.292836,-35.983951
MARCOS CAVALCANTI,2024-04-07 15:33:27,195.8,13.4,-12.306633,-35.98789
MARCOS CAVALCANTI,2024-04-07 15:44:05,194.3,13.5,-12.345146,-35.998721
MARCOS CAVALCANTI,2024-04-07 16:05:06,194.6,13.6,-12.421908,-36.020161
MARCOS CAVALCANTI,2024-04-07 16:05:36,195.1,13.6,-12.423708,-36.020668
MARCOS CAVALCANTI,2024-04-07 16:06:06,195.4,13.6,-12.425613,-36.021188
MARCOS CAVALCANTI,2024-04-07 16:07:17,195.2,13.6,-12.429943,-36.02238
MARCOS CAVALCANTI,2024-04-07 16:08:46,195.5,13.7,-12.435323,-36.023906
MARCOS CAVALCANTI,2024-04-07 16:09:06,195.6,13.6,-12.436608,-36.024256
MARCOS CAVALCANTI,2024-04-07 16:12:06,195.6,13.6,-12.447596,-36.027355
MARCOS CAVALCANTI,2024-04-07 16:14:06,195.3,13.5,-12.454911,-36.02941
MARCOS CAVALCANTI,2024-04-07 16:17:57,195.1,13.5,-12.468868,-36.033291
MARCOS CAVALCANTI,2024-04-07 16:53:27,196.9,13.5,-12.596145,-36.076388
MARCOS CAVALCANTI,2024-04-07 17:27:28,196.1,13.5,-12.717006,-36.114015
MARCOS CAVALCANTI,2024-04-07 17:30:28,197.2,13.4,-12.727725,-36.117398
MARCOS CAVALCANTI,2024-04-07 17:40:46,196.7,13.4,-12.764745,-36.128945
MARCOS CAVALCANTI,2024-04-07 17:44:06,197.0,13.4,-12.776648,-36.132681
MARCOS CAVALCANTI,2024-04-07 17:44:44,197.0,13.4,-12.778908,-36.133398
MARCOS CAVALCANTI,2024-04-07 17:45:44,197.0,13.3,-12.782448,-36.134518
MARCOS CAVALCANTI,2024-04-07 17:48:25,197.2,13.3,-12.791916,-36.137513
MARCOS CAVALCANTI,2024-04-07 17:50:25,197.9,13.3,-12.79907,-36.139793
MARCOS CAVALCANTI,2024-04-07 17:59:18,196.9,13.3,-12.830351,-36.149653
MARCOS CAVALCANTI,2024-04-07 18:01:57,197.2,13.3,-12.839755,-36.152605
MARCOS CAVALCANTI,2024-04-07 18:04:06,196.8,13.2,-12.84735,-36.154993
MARCOS CAVALCANTI,2024-04-07 18:06:26,197.1,13.1,-12.855543,-36.157581
MARCOS CAVALCANTI,2024-04-07 18:09:07,197.6,13.0,-12.864863,-36.160608
MARCOS CAVALCANTI,2024-04-07 18:38:25,197.9,13.0,-12.966431,-36.193311
MARCOS CAVALCANTI,2024-04-07 18:41:47,197.9,13.1,-12.97804,-36.197166
MARCOS CAVALCANTI,2024-04-07 18:44:55,197.4,13.1,-12.989,-36.200726
MARCOS CAVALCANTI,2024-04-07 18:50:26,197.5,13.2,-13.008156,-36.207011
MARCOS CAVALCANTI,2024-04-07 18:54:16,198.6,13.2,-13.021611,-36.211378
MARCOS CAVALCANTI,2024-04-07 18:57:08,197.5,13.1,-13.031483,-36.214593
MARCOS CAVALCANTI,2024-04-07 19:10:17,195.9,13.0,-13.077395,-36.228768
MARCOS CAVALCANTI,2024-04-07 19:12:57,196.2,13.1,-13.086781,-36.231526
MARCOS CAVALCANTI,2024-04-07 19:15:47,195.9,13.1,-13.09666,-36.234541
MARCOS CAVALCANTI,2024-04-07 19:38:17,195.9,13.0,-13.175653,-36.2579
MARCOS CAVALCANTI,2024-04-07 19:45:16,196.7,13.0,-13.200133,-36.26502
MARCOS CAVALCANTI,2024-04-07 19:46:17,195.5,13.0,-13.203691,-36.26605
MARCOS CAVALCANTI,2024-04-07 19:49:57,196.2,13.1,-13.216515,-36.26972
MARCOS CAVALCANTI,2024-04-07 19:51:47,195.9,13.0,-13.22302,-36.271578
MARCOS CAVALCANTI,2024-04-07 20:38:56,197.7,13.2,-13.388993,-36.322818
MARCOS CAVALCANTI,2024-04-07 20:41:57,198.2,13.1,-13.399585,-36.326183
MARCOS CAVALCANTI,2024-04-07 20:44:25,197.0,13.1,-13.408195,-36.328945
MARCOS CAVALCANTI,2024-04-07 21:23:57,197.4,13.2,-13.546943,-36.37316
MARCOS CAVALCANTI,2024-04-07 21:35:57,196.5,13.2,-13.588991,-36.386508
MARCOS CAVALCANTI,2024-04-07 22:28:26,196.7,13.4,-13.77469,-36.444296
MARCOS CAVALCANTI,2024-04-07 22:30:37,196.3,13.4,-13.782451,-36.446673
MARCOS CAVALCANTI,2024-04-07 22:32:38,197.6,13.3,-13.789611,-36.448891
MARCOS CAVALCANTI,2024-04-07 23:03:27,196.6,13.3,-13.898545,-36.483016
MARCOS CAVALCANTI,2024-04-07 23:08:47,196.9,13.3,-13.917456,-36.48879
MARCOS CAVALCANTI,2024-04-07 23:13:57,196.6,13.2,-13.935823,-36.494301
MARCOS CAVALCANTI,2024-04-07 23:40:07,197.5,13.4,-14.0289,-36.52295
MARCOS CAVALCANTI,2024-04-07 23:47:47,197.6,13.4,-14.056188,-36.531565
MARCOS CAVALCANTI,2024-04-07 23:59:26,196.5,13.3,-14.09765,-36.544786
MARCOS CAVALCANTI,2024-04-08 00:00:16,197.3,13.2,-14.100605,-36.545736
MARCOS CAVALCANTI,2024-04-08 00:00:26,197.1,13.3,-14.101196,-36.545925
MARCOS CAVALCANTI,2024-04-08 00:00:55,197.0,13.3,-14.102928,-36.546488
MARCOS CAVALCANTI,2024-04-08 00:01:36,196.7,13.3,-14.105323,-36.547245
MARCOS CAVALCANTI,2024-04-08 00:05:26,197.1,13.3,-14.118896,-36.551543
MARCOS CAVALCANTI,2024-04-08 00:06:36,197.8,13.4,-14.123076,-36.552865
MARCOS CAVALCANTI,2024-04-08 00:06:45,197.3,13.3,-14.123608,-36.553033
MARCOS CAVALCANTI,2024-04-08 00:07:36,197.2,13.4,-14.126626,-36.553993
MARCOS CAVALCANTI,2024-04-08 00:08:05,197.3,13.4,-14.128291,-36.554526
MARCOS CAVALCANTI,2024-04-08 00:13:18,198.2,13.4,-14.146978,-36.560455
MARCOS CAVALCANTI,2024-04-08 00:18:27,197.2,13.4,-14.165381,-36.56635
MARCOS CAVALCANTI,2024-04-08 01:25:17,197.0,13.3,-14.404231,-36.640103
MARCOS CAVALCANTI,2024-04-08 01:35:27,197.9,13.2,-14.440408,-36.6514
MARCOS CAVALCANTI,2024-04-08 01:40:27,196.7,13.3,-14.458023,-36.656936
MARCOS CAVALCANTI,2024-04-08 02:24:07,196.1,13.3,-14.61275,-36.705473
MARCOS CAVALCANTI,2024-04-08 02:27:07,196.2,13.3,-14.623418,-36.708655
MARCOS CAVALCANTI,2024-04-08 02:29:57,197.1,13.2,-14.633516,-36.711695
MARCOS CAVALCANTI,2024-04-08 02:32:36,196.8,13.3,-14.642928,-36.714578
MARCOS CAVALCANTI,2024-04-08 02:36:47,196.7,13.3,-14.657826,-36.719005
MARCOS CAVALCANTI,2024-04-08 03:25:57,196.0,12.9,-14.832425,-36.771458
MARCOS CAVALCANTI,2024-04-08 03:42:47,195.5,13.2,-14.891133,-36.788751
MARCOS CAVALCANTI,2024-04-08 04:12:27,198.2,13.4,-14.996391,-36.821933
MARCOS CAVALCANTI,2024-04-08 04:36:26,197.9,13.1,-15.081143,-36.850336
MARCOS CAVALCANTI,2024-04-08 05:25:17,199.1,13.2,-15.248813,-36.908376
MARCOS CAVALCANTI,2024-04-08 05:32:17,199.2,13.2,-15.273323,-36.917028
MARCOS CAVALCANTI,2024-04-08 06:11:26,195.0,13.1,-15.411906,-36.960613
MARCOS CAVALCANTI,2024-04-08 06:15:26,194.6,13.1,-15.425946,-36.964428
MARCOS CAVALCANTI,2024-04-08 06:21:45,194.6,13.1,-15.448346,-36.970555
MARCOS CAVALCANTI,2024-04-08 06:24:56,195.7,13.2,-15.45961,-36.973616
MARCOS CAVALCANTI,2024-04-08 06:38:17,194.9,13.3,-15.507481,-36.986261
MARCOS CAVALCANTI,2024-04-08 07:06:57,196.6,13.4,-15.610566,-37.015235
MARCOS CAVALCANTI,2024-04-08 07:09:37,197.4,13.5,-15.620045,-37.018126
MARCOS CAVALCANTI,2024-04-08 07:14:26,197.4,13.4,-15.637281,-37.023563
MARCOS CAVALCANTI,2024-04-08 07:15:38,197.2,13.3,-15.641486,-37.024876
MARCOS CAVALCANTI,2024-04-08 07:39:38,197.4,13.1,-15.725223,-37.051673
MARCOS CAVALCANTI,2024-04-08 07:42:48,197.5,13.1,-15.736213,-37.05523
MARCOS CAVALCANTI,2024-04-08 07:45:56,197.6,13.1,-15.747173,-37.058778
MARCOS CAVALCANTI,2024-04-08 07:48:37,197.8,13.1,-15.756431,-37.061756
MARCOS CAVALCANTI,2024-04-08 08:02:06,197.4,13.1,-15.803623,-37.077176
MARCOS CAVALCANTI,2024-04-08 08:12:57,196.7,13.0,-15.841046,-37.089525
MARCOS CAVALCANTI,2024-04-08 08:16:16,196.3,13.0,-15.85264,-37.093243
MARCOS CAVALCANTI,2024-04-08 08:18:55,197.1,13.0,-15.861881,-37.096248
MARCOS CAVALCANTI,2024-04-08 08:22:46,196.5,13.0,-15.875153,-37.100536
MARCOS CAVALCANTI,2024-04-08 08:49:57,196.9,13.0,-15.969093,-37.131723
MARCOS CAVALCANTI,2024-04-08 08:52:37,197.2,13.1,-15.978348,-37.134673
MARCOS CAVALCANTI,2024-04-08 08:55:17,196.7,13.1,-15.987643,-37.137575
MARCOS CAVALCANTI,2024-04-08 08:57:37,197.0,13.2,-15.995933,-37.140191
MARCOS CAVALCANTI,2024-04-08 09:24:56,196.7,13.3,-16.093655,-37.170565
MARCOS CAVALCANTI,2024-04-08 09:29:17,195.5,13.4,-16.10925,-37.175283
MARCOS CAVALCANTI,2024-04-08 09:34:07,197.3,13.3,-16.126408,-37.180456
MARCOS CAVALCANTI,2024-04-08 09:37:58,196.3,13.4,-16.140261,-37.184658
MARCOS CAVALCANTI,2024-04-08 10:02:27,196.1,13.4,-16.227973,-37.210691
MARCOS CAVALCANTI,2024-04-08 10:21:37,196.1,13.6,-16.296648,-37.231361
MARCOS CAVALCANTI,2024-04-08 10:24:21,196.1,13.6,-16.30656,-37.234281
MARCOS CAVALCANTI,2024-04-08 10:38:36,196.4,13.5,-16.358341,-37.249863
MARCOS CAVALCANTI,2024-04-08 10:39:04,196.5,13.5,-16.360046,-37.250388
MARCOS CAVALCANTI,2024-04-08 11:15:24,199.0,13.8,-16.492196,-37.29375
MARCOS CAVALCANTI,2024-04-08 11:16:00,198.8,13.9,-16.494381,-37.294526
MARCOS CAVALCANTI,2024-04-08 11:17:27,199.6,13.9,-16.499678,-37.296421
MARCOS CAVALCANTI,2024-04-08 11:17:36,199.3,13.8,-16.500286,-37.296633
MARCOS CAVALCANTI,2024-04-08 11:18:36,198.1,13.9,-16.50395,-37.297923
MARCOS CAVALCANTI,2024-04-08 11:22:33,199.8,13.9,-16.518408,-37.302831
MARCOS CAVALCANTI,2024-04-08 11:25:11,196.1,13.8,-16.528156,-37.30588
MARCOS CAVALCANTI,2024-04-08 12:02:38,195.5,13.8,-16.66669,-37.346215
MARCOS CAVALCANTI,2024-04-08 12:05:06,196.9,13.8,-16.675846,-37.34884
MARCOS CAVALCANTI,2024-04-08 12:07:45,194.5,13.8,-16.685658,-37.351631
MARCOS CAVALCANTI,2024-04-08 12:11:03,196.3,13.8,-16.69792,-37.355271
MARCOS CAVALCANTI,2024-04-08 12:11:15,197.6,13.8,-16.698608,-37.355495
MARCOS CAVALCANTI,2024-04-08 12:12:45,197.0,13.8,-16.704123,-37.357166
MARCOS CAVALCANTI,2024-04-08 12:34:43,197.2,13.7,-16.785131,-37.38218
MARCOS CAVALCANTI,2024-04-08 12:50:54,196.9,13.8,-16.844278,-37.401708
MARCOS CAVALCANTI,2024-04-08 13:01:15,197.7,13.7,-16.882055,-37.414353
MARCOS CAVALCANTI,2024-04-08 13:08:24,198.6,13.8,-16.9082,-37.423068
MARCOS CAVALCANTI,2024-04-08 13:18:55,198.8,13.7,-16.946646,-37.436238
MARCOS CAVALCANTI,2024-04-08 13:25:04,198.6,13.7,-16.969005,-37.444116
MARCOS CAVALCANTI,2024-04-08 13:47:55,196.5,13.8,-17.052538,-37.471843
MARCOS CAVALCANTI,2024-04-08 13:51:54,197.0,13.8,-17.067133,-37.476453
MARCOS CAVALCANTI,2024-04-08 13:54:03,196.5,13.7,-17.07502,-37.478943
MARCOS CAVALCANTI,2024-04-08 14:00:34,197.3,13.7,-17.098851,-37.486531
MARCOS CAVALCANTI,2024-04-08 14:21:54,197.1,13.3,-17.175883,-37.51135
MARCOS CAVALCANTI,2024-04-08 14:25:54,196.5,13.4,-17.190128,-37.515736
MARCOS CAVALCANTI,2024-04-08 14:28:54,197.4,13.2,-17.200833,-37.519065
MARCOS CAVALCANTI,2024-04-08 14:45:24,196.2,13.2,-17.259106,-37.537351
MARCOS CAVALCANTI,2024-04-08 15:02:44,196.4,13.3,-17.320645,-37.555955
MARCOS CAVALCANTI,2024-04-08 15:05:14,195.7,13.4,-17.329673,-37.558626
MARCOS CAVALCANTI,2024-04-08 15:10:35,196.0,13.4,-17.348831,-37.564421
MARCOS CAVALCANTI,2024-04-08 15:18:34,194.9,13.5,-17.377758,-37.572656
MARCOS CAVALCANTI,2024-04-08 15:45:04,197.9,13.9,-17.4747,-37.60185
MARCOS CAVALCANTI,2024-04-08 15:53:37,197.6,13.9,-17.506161,-37.612641
MARCOS CAVALCANTI,2024-04-08 15:55:48,198.2,13.9,-17.514296,-37.615395
MARCOS CAVALCANTI,2024-04-08 15:58:54,197.7,13.9,-17.525666,-37.61929
MARCOS CAVALCANTI,2024-04-08 16:15:14,198.6,13.8,-17.58543,-37.64002
MARCOS CAVALCANTI,2024-04-08 16:18:55,198.5,13.9,-17.598871,-37.644723
MARCOS CAVALCANTI,2024-04-08 16:19:43,198.3,13.9,-17.601861,-37.645778
MARCOS CAVALCANTI,2024-04-08 16:19:44,199.8,13.9,-17.601983,-37.645826
MARCOS CAVALCANTI,2024-04-08 16:19:50,197.5,13.8,-17.602356,-37.645956
MARCOS CAVALCANTI,2024-04-08 16:19:56,199.7,13.9,-17.602723,-37.646093
MARCOS CAVALCANTI,2024-04-08 16:20:15,199.3,13.9,-17.60383,-37.64648
MARCOS CAVALCANTI,2024-04-08 16:20:38,198.7,14.0,-17.605295,-37.646996
MARCOS CAVALCANTI,2024-04-08 16:20:44,198.9,13.8,-17.605661,-37.647121
MARCOS CAVALCANTI,2024-04-08 16:20:56,198.9,13.9,-17.60639,-37.647376
MARCOS CAVALCANTI,2024-04-08 16:21:38,198.0,13.9,-17.608886,-37.64824
MARCOS CAVALCANTI,2024-04-08 16:21:56,198.1,14.0,-17.610038,-37.648638
MARCOS CAVALCANTI,2024-04-08 16:22:02,198.9,13.9,-17.610348,-37.648753
MARCOS CAVALCANTI,2024-04-08 16:22:20,198.7,13.8,-17.611506,-37.649165
MARCOS CAVALCANTI,2024-04-08 16:22:38,199.2,13.9,-17.61261,-37.649561
MARCOS CAVALCANTI,2024-04-08 16:23:02,198.6,14.0,-17.614073,-37.650088
MARCOS CAVALCANTI,2024-04-08 16:23:08,198.9,13.8,-17.614378,-37.650195
MARCOS CAVALCANTI,2024-04-08 16:23:15,198.4,13.9,-17.614795,-37.650343
MARCOS CAVALCANTI,2024-04-08 16:23:38,199.7,13.9,-17.616175,-37.650846
MARCOS CAVALCANTI,2024-04-08 16:24:02,198.6,14.0,-17.617696,-37.6514
MARCOS CAVALCANTI,2024-04-08 16:24:08,198.5,13.9,-17.618058,-37.651531
MARCOS CAVALCANTI,2024-04-08 16:24:15,199.7,13.9,-17.618426,-37.651666
MARCOS CAVALCANTI,2024-04-08 16:25:26,199.5,13.9,-17.622771,-37.653205
MARCOS CAVALCANTI,2024-04-08 16:26:02,199.7,13.9,-17.625025,-37.654001
MARCOS CAVALCANTI,2024-04-08 16:26:20,198.3,13.9,-17.626125,-37.654391
MARCOS CAVALCANTI,2024-04-08 16:26:56,197.9,13.9,-17.628316,-37.655161
MARCOS CAVALCANTI,2024-04-08 16:27:02,199.4,13.9,-17.628681,-37.655293
MARCOS CAVALCANTI,2024-04-08 16:28:23,198.9,13.8,-17.633345,-37.656963
MARCOS CAVALCANTI,2024-04-08 16:35:52,199.4,13.8,-17.660436,-37.666816
MARCOS CAVALCANTI,2024-04-08 16:59:33,196.9,14.1,-17.748041,-37.69653
MARCOS CAVALCANTI,2024-04-08 17:01:46,197.0,14.0,-17.756295,-37.699065
MARCOS CAVALCANTI,2024-04-08 17:03:57,196.4,14.0,-17.76454,-37.701555
MARCOS CAVALCANTI,2024-04-08 17:06:34,196.0,13.9,-17.774323,-37.704503
MARCOS CAVALCANTI,2024-04-08 17:09:39,196.3,13.8,-17.78581,-37.707916
MARCOS CAVALCANTI,2024-04-08 17:35:31,202.6,13.7,-17.880003,-37.740735
MARCOS CAVALCANTI,2024-04-08 17:41:21,201.7,13.7,-17.900771,-37.749843
MARCOS CAVALCANTI,2024-04-08 18:01:40,207.3,13.7,-17.970973,-37.785445
MARCOS CAVALCANTI,2024-04-08 18:08:31,206.1,13.9,-17.994378,-37.797675
MARCOS CAVALCANTI,2024-04-08 18:09:31,207.4,13.9,-17.997866,-37.79948
MARCOS CAVALCANTI,2024-04-08 18:10:22,207.3,13.9,-18.000745,-37.800976
MARCOS CAVALCANTI,2024-04-08 18:11:42,207.9,13.9,-18.005425,-37.803405
MARCOS CAVALCANTI,2024-04-08 18:15:00,206.1,13.9,-18.016873,-37.809358
MARCOS CAVALCANTI,2024-04-08 18:47:42,205.9,14.0,-18.130963,-37.867136
MARCOS CAVALCANTI,2024-04-08 18:50:53,205.0,14.1,-18.142248,-37.872795
MARCOS CAVALCANTI,2024-04-08 18:51:54,206.0,14.1,-18.145768,-37.874593
MARCOS CAVALCANTI,2024-04-08 19:40:35,205.8,12.9,-18.308406,-37.957561
MARCOS CAVALCANTI,2024-04-08 19:45:55,205.8,12.7,-18.325576,-37.966208
MARCOS CAVALCANTI,2024-04-08 20:35:24,205.0,12.8,-18.485225,-38.044358
MARCOS CAVALCANTI,2024-04-08 20:57:55,206.0,12.8,-18.558256,-38.080081
MARCOS CAVALCANTI,2024-04-08 21:25:25,203.4,12.7,-18.6479,-38.122391
MARCOS CAVALCANTI,2024-04-08 21:29:54,206.7,12.7,-18.662363,-38.129313
MARCOS CAVALCANTI,2024-04-08 21:35:16,205.8,12.8,-18.679516,-38.137813
MARCOS CAVALCANTI,2024-04-08 22:40:16,206.3,12.6,-18.879913,-38.245993
MARCOS CAVALCANTI,2024-04-08 22:42:26,205.1,12.4,-18.88671,-38.249435
MARCOS CAVALCANTI,2024-04-08 22:45:25,205.2,12.3,-18.89607,-38.254241
MARCOS CAVALCANTI,2024-04-08 22:47:46,205.7,12.3,-18.903268,-38.257936
MARCOS CAVALCANTI,2024-04-08 23:14:36,197.8,12.3,-18.987178,-38.298953
MARCOS CAVALCANTI,2024-04-08 23:17:54,197.9,12.5,-18.998053,-38.302601
MARCOS CAVALCANTI,2024-04-08 23:19:55,197.3,12.6,-19.00478,-38.304886
MARCOS CAVALCANTI,2024-04-08 23:45:49,196.3,14.4,-19.099053,-38.333875
MARCOS CAVALCANTI,2024-04-08 23:50:36,202.5,14.2,-19.117073,-38.340206
MARCOS CAVALCANTI,2024-04-08 23:53:11,209.2,14.2,-19.12641,-38.34515
MARCOS CAVALCANTI,2024-04-08 23:53:12,209.2,14.2,-19.12641,-38.34515
MARCOS CAVALCANTI,2024-04-08 23:53:59,209.5,14.3,-19.129146,-38.346773
MARCOS CAVALCANTI,2024-04-08 23:56:35,211.8,14.4,-19.138181,-38.352406
MARCOS CAVALCANTI,2024-04-08 23:58:05,212.2,14.3,-19.143261,-38.355745
MARCOS CAVALCANTI,2024-04-08 23:59:23,211.3,14.2,-19.147656,-38.358656
MARCOS CAVALCANTI,2024-04-08 23:59:54,212.0,14.1,-19.149385,-38.359796
MARCOS CAVALCANTI,2024-04-09 00:00:23,212.3,14.2,-19.151008,-38.360866
MARCOS CAVALCANTI,2024-04-09 00:00:29,212.2,14.0,-19.151288,-38.36105
MARCOS CAVALCANTI,2024-04-09 00:00:59,211.9,14.2,-19.152998,-38.362176
MARCOS CAVALCANTI,2024-04-09 00:01:48,212.4,14.2,-19.15563,-38.363911
MARCOS CAVALCANTI,2024-04-09 00:02:48,213.1,14.2,-19.159048,-38.366166
MARCOS CAVALCANTI,2024-04-09 00:02:54,211.6,14.1,-19.159395,-38.36639
MARCOS CAVALCANTI,2024-04-09 00:20:00,210.6,14.3,-19.217188,-38.40393
MARCOS CAVALCANTI,2024-04-09 00:22:30,210.1,14.1,-19.225696,-38.409083
MARCOS CAVALCANTI,2024-04-09 00:26:25,209.2,14.3,-19.239301,-38.41733
MARCOS CAVALCANTI,2024-04-09 00:32:29,209.7,14.3,-19.260301,-38.430111
MARCOS CAVALCANTI,2024-04-09 00:32:35,210.2,14.2,-19.260643,-38.430326
MARCOS CAVALCANTI,2024-04-09 00:33:35,210.0,14.3,-19.264111,-38.432476
MARCOS CAVALCANTI,2024-04-09 00:35:35,210.4,14.1,-19.270973,-38.436636
MARCOS CAVALCANTI,2024-04-09 00:36:47,209.7,14.1,-19.275113,-38.439123
MARCOS CAVALCANTI,2024-04-09 00:37:35,209.9,14.2,-19.277796,-38.44075
MARCOS CAVALCANTI,2024-04-09 00:39:42,209.5,14.1,-19.285073,-38.445128
MARCOS CAVALCANTI,2024-04-09 00:41:41,209.2,14.1,-19.291885,-38.449205
MARCOS CAVALCANTI,2024-04-09 00:44:53,207.5,14.1,-19.303006,-38.455448
MARCOS CAVALCANTI,2024-04-09 01:29:39,218.9,11.8,-19.44428,-38.525168
MARCOS CAVALCANTI,2024-04-09 01:32:59,220.7,11.8,-19.452681,-38.532556
MARCOS CAVALCANTI,2024-04-09 01:33:18,219.7,11.9,-19.453516,-38.533291
MARCOS CAVALCANTI,2024-04-09 02:25:37,189.9,11.9,-19.595498,-38.628261
MARCOS CAVALCANTI,2024-04-09 02:28:07,189.9,11.6,-19.603673,-38.629861
MARCOS CAVALCANTI,2024-04-09 02:42:08,199.3,11.6,-19.648405,-38.640886
MARCOS CAVALCANTI,2024-04-09 03:18:29,203.8,12.1,-19.75723,-38.69627
MARCOS CAVALCANTI,2024-04-09 03:21:39,203.2,12.1,-19.767001,-38.701051
MARCOS CAVALCANTI,2024-04-09 03:36:18,203.1,12.3,-19.812083,-38.723141
MARCOS CAVALCANTI,2024-04-09 04:30:59,206.3,11.9,-19.977198,-38.80553
MARCOS CAVALCANTI,2024-04-09 05:15:49,206.4,12.5,-20.115506,-38.874345
MARCOS CAVALCANTI,2024-04-09 05:20:29,205.4,12.6,-20.13024,-38.881938
MARCOS CAVALCANTI,2024-04-09 06:04:09,208.0,12.6,-20.26674,-38.953555
MARCOS CAVALCANTI,2024-04-09 06:06:29,208.1,12.4,-20.273893,-38.95751
MARCOS CAVALCANTI,2024-04-09 06:12:18,208.2,12.5,-20.291723,-38.967356
MARCOS CAVALCANTI,2024-04-09 06:14:58,205.5,12.6,-20.299915,-38.971918
MARCOS CAVALCANTI,2024-04-09 06:48:40,209.3,12.6,-20.403771,-39.03037
MARCOS CAVALCANTI,2024-04-09 07:15:29,206.4,13.2,-20.488726,-39.076158
MARCOS CAVALCANTI,2024-04-09 07:18:09,206.0,13.0,-20.49736,-39.080825
MARCOS CAVALCANTI,2024-04-09 07:20:10,206.2,12.9,-20.503838,-39.084271
MARCOS CAVALCANTI,2024-04-09 07:39:50,204.9,12.8,-20.566878,-39.117046
MARCOS CAVALCANTI,2024-04-09 07:50:08,205.1,12.6,-20.599991,-39.133763
MARCOS CAVALCANTI,2024-04-09 07:56:08,205.1,12.7,-20.619196,-39.143006
MARCOS CAVALCANTI,2024-04-09 07:58:49,203.6,12.7,-20.627836,-39.147061
MARCOS CAVALCANTI,2024-04-09 08:20:49,203.8,12.6,-20.698916,-39.180403
MARCOS CAVALCANTI,2024-04-09 08:27:08,203.5,12.4,-20.719118,-39.18997
MARCOS CAVALCANTI,2024-04-09 08:35:38,203.6,12.6,-20.746216,-39.203103
MARCOS CAVALCANTI,2024-04-09 09:03:39,206.6,12.5,-20.835505,-39.247588
MARCOS CAVALCANTI,2024-04-09 09:07:39,206.3,12.4,-20.84796,-39.254068
MARCOS CAVALCANTI,2024-04-09 09:24:49,206.1,12.4,-20.901296,-39.282033
MARCOS CAVALCANTI,2024-04-09 09:43:18,206.9,12.6,-20.958151,-39.313085
MARCOS CAVALCANTI,2024-04-09 10:13:59,207.4,12.6,-21.053675,-39.365025
MARCOS CAVALCANTI,2024-04-09 10:17:09,206.9,12.7,-21.063623,-39.370591
MARCOS CAVALCANTI,2024-04-09 10:22:38,206.4,12.9,-21.081085,-39.38001
MARCOS CAVALCANTI,2024-04-09 10:31:58,206.1,12.8,-21.111228,-39.396018
MARCOS CAVALCANTI,2024-04-09 10:32:58,205.5,12.9,-21.114441,-39.397726
MARCOS CAVALCANTI,2024-04-09 10:33:58,205.5,12.8,-21.117575,-39.399388
MARCOS CAVALCANTI,2024-04-09 10:34:27,205.6,12.8,-21.119198,-39.400235
MARCOS CAVALCANTI,2024-04-09 10:34:58,206.7,12.8,-21.120866,-39.40112
MARCOS CAVALCANTI,2024-04-09 10:51:09,205.8,13.1,-21.17315,-39.429
MARCOS CAVALCANTI,2024-04-09 11:07:49,205.6,13.0,-21.227616,-39.457231
MARCOS CAVALCANTI,2024-04-09 11:11:28,203.6,12.9,-21.239671,-39.463225
MARCOS CAVALCANTI,2024-04-09 11:12:29,206.0,13.1,-21.242936,-39.46487
MARCOS CAVALCANTI,2024-04-09 12:04:29,204.4,11.9,-21.413253,-39.54727
MARCOS CAVALCANTI,2024-04-09 12:05:57,203.7,11.9,-21.417781,-39.549376
MARCOS CAVALCANTI,2024-04-09 12:32:29,229.7,12.0,-21.487695,-39.602998
MARCOS CAVALCANTI,2024-04-09 12:43:09,231.3,13.2,-21.512193,-39.634291
MARCOS CAVALCANTI,2024-04-09 12:45:19,230.3,13.2,-21.517316,-39.640836
MARCOS CAVALCANTI,2024-04-09 12:45:27,229.2,13.2,-21.517648,-39.641226
MARCOS CAVALCANTI,2024-04-09 12:45:48,229.6,13.3,-21.518505,-39.642258
MARCOS CAVALCANTI,2024-04-09 12:49:28,229.1,13.3,-21.527445,-39.653073
MARCOS CAVALCANTI,2024-04-09 12:58:59,227.2,13.3,-21.550721,-39.681291
MARCOS CAVALCANTI,2024-04-09 13:07:18,227.9,13.2,-21.571263,-39.705931
MARCOS CAVALCANTI,2024-04-09 13:29:09,229.5,13.1,-21.623885,-39.771035
MARCOS CAVALCANTI,2024-04-09 13:31:49,228.1,13.1,-21.630183,-39.7789
MARCOS CAVALCANTI,2024-04-09 13:35:09,230.0,13.1,-21.638091,-39.78883
MARCOS CAVALCANTI,2024-04-09 13:45:27,229.8,13.3,-21.662645,-39.819435
MARCOS CAVALCANTI,2024-04-09 14:02:59,230.7,13.1,-21.703045,-39.873361
MARCOS CAVALCANTI,2024-04-09 14:08:59,230.5,13.2,-21.716715,-39.891926
MARCOS CAVALCANTI,2024-04-09 14:12:58,232.1,13.2,-21.725908,-39.904223
MARCOS CAVALCANTI,2024-04-09 14:23:19,232.5,13.3,-21.749941,-39.93616
MARCOS CAVALCANTI,2024-04-09 14:35:50,233.8,13.2,-21.778751,-39.97476
MARCOS CAVALCANTI,2024-04-09 14:47:38,235.7,12.9,-21.80366,-40.012401
MARCOS CAVALCANTI,2024-04-09 14:49:27,236.3,12.8,-21.807438,-40.01829
MARCOS CAVALCANTI,2024-04-09 14:53:17,234.4,12.8,-21.815285,-40.030426
MARCOS CAVALCANTI,2024-04-09 15:12:58,230.1,13.0,-21.861368,-40.088458
MARCOS CAVALCANTI,2024-04-09 15:15:18,227.5,12.9,-21.866936,-40.095315
MARCOS CAVALCANTI,2024-04-09 15:24:48,228.4,12.6,-21.889721,-40.12301
MARCOS CAVALCANTI,2024-04-09 15:33:38,228.8,12.6,-21.91057,-40.148795
MARCOS CAVALCANTI,2024-04-09 15:44:48,228.7,12.7,-21.93674,-40.180445
MARCOS CAVALCANTI,2024-04-09 16:01:09,230.7,12.6,-21.973411,-40.228238
MARCOS CAVALCANTI,2024-04-09 16:05:30,231.7,12.7,-21.983003,-40.241233
MARCOS CAVALCANTI,2024-04-09 16:07:39,230.8,12.5,-21.987771,-40.247671
MARCOS CAVALCANTI,2024-04-09 16:35:05,234.8,12.5,-22.045788,-40.331291
MARCOS CAVALCANTI,2024-04-09 16:35:17,235.8,12.5,-22.046223,-40.33196
MARCOS CAVALCANTI,2024-04-09 16:35:26,235.3,12.6,-22.046523,-40.332426
MARCOS CAVALCANTI,2024-04-09 16:35:57,234.6,12.5,-22.047518,-40.333968
MARCOS CAVALCANTI,2024-04-09 16:36:05,235.1,12.5,-22.047815,-40.334416
MARCOS CAVALCANTI,2024-04-09 16:36:26,235.5,12.5,-22.04848,-40.33542
MARCOS CAVALCANTI,2024-04-09 16:39:17,235.6,12.6,-22.054121,-40.344163
MARCOS CAVALCANTI,2024-04-09 16:39:47,235.9,12.5,-22.055135,-40.34571
MARCOS CAVALCANTI,2024-04-09 16:40:07,235.6,12.5,-22.055735,-40.346628
MARCOS CAVALCANTI,2024-04-09 16:41:17,235.4,12.7,-22.058163,-40.350336
MARCOS CAVALCANTI,2024-04-09 16:41:56,236.7,12.4,-22.059408,-40.352273
MARCOS CAVALCANTI,2024-04-09 16:42:47,234.9,12.4,-22.06111,-40.35495
MARCOS CAVALCANTI,2024-04-09 16:59:39,231.7,12.7,-22.098326,-40.403878
MARCOS CAVALCANTI,2024-04-09 17:04:28,231.7,12.7,-22.109191,-40.418153
MARCOS CAVALCANTI,2024-04-09 17:10:08,232.7,12.9,-22.121763,-40.434911
MARCOS CAVALCANTI,2024-04-09 17:15:29,227.6,12.7,-22.134198,-40.450303
MARCOS CAVALCANTI,2024-04-09 17:18:39,228.2,12.7,-22.141756,-40.45918
MARCOS CAVALCANTI,2024-04-09 17:46:48,265.7,12.5,-22.194018,-40.54588
MARCOS CAVALCANTI,2024-04-09 17:49:38,251.6,12.3,-22.195781,-40.556248
MARCOS CAVALCANTI,2024-04-09 17:52:28,238.5,12.2,-22.199858,-40.565555
MARCOS CAVALCANTI,2024-04-09 18:16:07,231.2,13.0,-22.253383,-40.635673
MARCOS CAVALCANTI,2024-04-09 18:17:46,228.9,13.0,-22.257251,-40.640635
MARCOS CAVALCANTI,2024-04-09 18:21:47,231.1,13.0,-22.266576,-40.652571
MARCOS CAVALCANTI,2024-04-09 18:42:58,233.0,13.4,-22.315493,-40.71819
MARCOS CAVALCANTI,2024-04-09 18:46:58,231.6,13.5,-22.324676,-40.730863
MARCOS CAVALCANTI,2024-04-09 18:55:08,233.0,13.6,-22.343465,-40.757018
MARCOS CAVALCANTI,2024-04-09 19:17:58,230.9,13.6,-22.39678,-40.830391
MARCOS CAVALCANTI,2024-04-09 19:20:28,230.8,13.6,-22.402721,-40.838443
MARCOS CAVALCANTI,2024-04-09 19:23:49,230.9,13.7,-22.410656,-40.849171
MARCOS CAVALCANTI,2024-04-09 19:28:38,231.9,13.8,-22.422255,-40.864728
MARCOS CAVALCANTI,2024-04-09 19:32:59,230.4,13.8,-22.432738,-40.878698
MARCOS CAVALCANTI,2024-04-09 19:36:12,231.5,13.9,-22.44047,-40.889073
MARCOS CAVALCANTI,2024-04-09 19:39:15,232.0,13.8,-22.447783,-40.898951
MARCOS CAVALCANTI,2024-04-09 19:54:16,222.7,13.6,-22.48435,-40.946645
MARCOS CAVALCANTI,2024-04-09 20:27:54,219.2,13.6,-22.585585,-41.03357
MARCOS CAVALCANTI,2024-04-09 20:29:54,222.0,13.7,-22.591285,-41.03898
MARCOS CAVALCANTI,2024-04-09 20:30:54,220.9,13.5,-22.59411,-41.041716
MARCOS CAVALCANTI,2024-04-09 20:32:04,220.1,13.6,-22.59737,-41.044795
MARCOS CAVALCANTI,2024-04-09 20:34:42,220.9,13.6,-22.605001,-41.051896
MARCOS CAVALCANTI,2024-04-09 21:03:44,227.8,13.3,-22.68057,-41.135591
MARCOS CAVALCANTI,2024-04-09 21:05:53,226.5,13.5,-22.68606,-41.14192
MARCOS CAVALCANTI,2024-04-09 21:07:54,226.3,13.4,-22.691266,-41.147853
MARCOS CAVALCANTI,2024-04-09 21:44:03,236.2,13.1,-22.774158,-41.260716
MARCOS CAVALCANTI,2024-04-09 21:47:34,236.8,13.0,-22.781101,-41.272255
MARCOS CAVALCANTI,2024-04-09 22:02:44,237.6,12.9,-22.810936,-41.322211
MARCOS CAVALCANTI,2024-04-09 22:10:44,229.9,12.5,-22.826385,-41.34761
MARCOS CAVALCANTI,2024-04-09 22:18:54,231.3,12.8,-22.845175,-41.371281
MARCOS CAVALCANTI,2024-04-09 22:22:03,230.1,12.7,-22.852431,-41.380553
MARCOS CAVALCANTI,2024-04-09 22:52:04,230.8,12.9,-22.921138,-41.46841
MARCOS CAVALCANTI,2024-04-09 22:54:44,231.2,12.8,-22.927136,-41.476386
MARCOS CAVALCANTI,2024-04-09 23:22:53,229.5,13.1,-22.991726,-41.561278
MARCOS CAVALCANTI,2024-04-09 23:28:14,230.9,12.9,-23.004071,-41.57736
MARCOS CAVALCANTI,2024-04-09 23:31:14,228.0,12.7,-23.010925,-41.586343
MARCOS CAVALCANTI,2024-04-09 23:48:23,229.7,13.0,-23.049588,-41.637746
MARCOS CAVALCANTI,2024-04-09 23:48:53,232.8,13.0,-23.050726,-41.639281
MARCOS CAVALCANTI,2024-04-09 23:50:53,231.4,13.0,-23.055328,-41.645405
MARCOS CAVALCANTI,2024-04-09 23:54:33,231.2,13.2,-23.063701,-41.656658
MARCOS CAVALCANTI,2024-04-10 00:01:03,230.3,13.3,-23.078775,-41.676588
MARCOS CAVALCANTI,2024-04-10 00:23:33,196.4,3.0,-23.114321,-41.698628
MARCOS CAVALCANTI,2024-04-10 00:24:33,192.5,2.9,-23.115158,-41.69885
MARCOS CAVALCANTI,2024-04-10 00:30:02,200.5,2.4,-23.119245,-41.700135
MARCOS CAVALCANTI,2024-04-10 00:53:53,207.4,1.5,-23.129951,-41.706123
MARCOS CAVALCANTI,2024-04-10 01:00:42,210.1,1.2,-23.131911,-41.707548
MARCOS CAVALCANTI,2024-04-10 01:18:22,245.6,1.0,-23.13476,-41.711648
MARCOS CAVALCANTI,2024-04-10 01:26:52,227.4,0.9,-23.136433,-41.713921
MARCOS CAVALCANTI,2024-04-10 01:27:52,226.3,0.9,-23.136601,-41.71414
MARCOS CAVALCANTI,2024-04-10 01:44:23,240.3,0.8,-23.138681,-41.717276
MARCOS CAVALCANTI,2024-04-10 02:01:23,260.7,0.7,-23.139678,-41.720805
MARCOS CAVALCANTI,2024-04-10 02:22:03,253.2,0.7,-23.141016,-41.725583
MARCOS CAVALCANTI,2024-04-10 03:11:02,270.7,13.7,-23.163348,-41.800021
MARCOS CAVALCANTI,2024-04-10 03:31:59,269.6,14.1,-23.162885,-41.888436
MARCOS CAVALCANTI,2024-04-10 03:59:52,270.2,14.5,-23.163125,-42.00816
MARCOS CAVALCANTI,2024-04-10 04:07:11,270.3,14.6,-23.163296,-42.040081
MARCOS CAVALCANTI,2024-04-10 04:19:36,268.5,14.7,-23.163656,-42.094765
MARCOS CAVALCANTI,2024-04-10 04:22:11,269.8,14.7,-23.163846,-42.106101
MARCOS CAVALCANTI,2024-04-10 05:15:00,270.1,15.1,-23.164945,-42.342681
MARCOS CAVALCANTI,2024-04-10 05:50:41,269.5,15.5,-23.165613,-42.50733
MARCOS CAVALCANTI,2024-04-10 05:58:06,267.8,15.5,-23.166133,-42.541885
MARCOS CAVALCANTI,2024-04-10 06:00:48,269.3,15.5,-23.166421,-42.554521
MARCOS CAVALCANTI,2024-04-10 06:04:17,268.6,15.5,-23.166773,-42.570816
MARCOS CAVALCANTI,2024-04-10 06:07:30,266.3,15.4,-23.167218,-42.585705
MARCOS CAVALCANTI,2024-04-10 06:50:59,268.3,14.2,-23.174411,-42.783341
MARCOS CAVALCANTI,2024-04-10 06:52:24,268.0,14.3,-23.174523,-42.789378
MARCOS CAVALCANTI,2024-04-10 06:53:05,268.7,14.2,-23.17459,-42.792326
MARCOS CAVALCANTI,2024-04-10 06:57:36,266.6,14.3,-23.174971,-42.811676
MARCOS CAVALCANTI,2024-04-10 07:23:53,268.0,14.0,-23.177425,-42.923606
MARCOS CAVALCANTI,2024-04-10 07:26:10,268.3,14.0,-23.177681,-42.933213
MARCOS CAVALCANTI,2024-04-10 07:29:10,268.5,13.9,-23.178001,-42.945785
MARCOS CAVALCANTI,2024-04-10 07:35:56,268.3,13.8,-23.178851,-42.97395
MARCOS CAVALCANTI,2024-04-10 07:56:46,249.8,13.7,-23.196698,-43.05732
MARCOS CAVALCANTI,2024-04-10 08:06:46,248.7,13.7,-23.210391,-43.095973
MARCOS CAVALCANTI,2024-04-10 08:29:37,262.3,13.8,-23.223498,-43.189186
MARCOS CAVALCANTI,2024-04-10 08:35:16,263.5,14.0,-23.226371,-43.212603
MARCOS CAVALCANTI,2024-04-10 08:40:51,262.4,14.1,-23.22931,-43.236015
MARCOS CAVALCANTI,2024-04-10 09:14:39,262.5,14.4,-23.257891,-43.377163
MARCOS CAVALCANTI,2024-04-10 09:44:40,261.7,14.4,-23.275323,-43.506405
MARCOS CAVALCANTI,2024-04-10 10:09:58,263.9,14.1,-23.289553,-43.61403
MARCOS CAVALCANTI,2024-04-10 10:12:16,261.6,14.1,-23.290678,-43.623808
MARCOS CAVALCANTI,2024-04-10 10:20:27,266.4,14.1,-23.293751,-43.658473
MARCOS CAVALCANTI,2024-04-10 10:58:38,266.8,13.9,-23.303841,-43.819615
MARCOS CAVALCANTI,2024-04-10 12:01:21,259.0,13.3,-23.328311,-44.071945
MARCOS CAVALCANTI,2024-04-10 12:31:02,265.0,12.6,-23.36839,-44.180793
MARCOS CAVALCANTI,2024-04-10 12:31:42,277.4,12.3,-23.368278,-44.183281
MARCOS CAVALCANTI,2024-04-10 13:37:23,296.9,11.0,-23.277463,-44.388861
MARCOS CAVALCANTI,2024-04-10 13:47:43,307.2,10.8,-23.263161,-44.41928
MARCOS CAVALCANTI,2024-04-10 14:08:42,11.3,8.7,-23.205046,-44.42009
MARCOS CAVALCANTI,2024-04-10 16:12:21,326.2,0.2,-23.112503,-44.392658
MARCOS CAVALCANTI,2024-04-10 16:16:21,339.0,0.1,-23.112355,-44.392761
MARCOS CAVALCANTI,2024-04-10 16:19:53,286.0,0.0,-23.11228,-44.392823
MARCOS CAVALCANTI,2024-04-10 16:50:03,128.8,0.0,-23.112326,-44.393145
MARCOS CAVALCANTI,2024-04-10 16:53:02,55.0,0.0,-23.112248,-44.393078
MARCOS CAVALCANTI,2024-04-10 16:53:32,312.6,0.0,-23.112271,-44.393098
MARCOS CAVALCANTI,2024-04-10 16:56:11,57.2,0.0,-23.112275,-44.393098
MARCOS CAVALCANTI,2024-04-10 16:58:11,115.3,0.0,-23.112181,-44.393053
MARCOS CAVALCANTI,2024-04-10 16:58:31,108.2,0.0,-23.112193,-44.393056
MARCOS CAVALCANTI,2024-04-10 17:18:32,285.7,0.0,-23.11219,-44.393138
MARCOS CAVALCANTI,2024-04-10 17:25:31,266.8,0.1,-23.112143,-44.393161
MARCOS CAVALCANTI,2024-04-10 17:55:21,171.2,0.0,-23.11226,-44.393221
MARCOS CAVALCANTI,2024-04-10 18:30:39,143.0,0.0,-23.112208,-44.393185
MARCOS CAVALCANTI,2024-04-10 18:32:19,168.6,0.1,-23.112215,-44.393176
MARCOS CAVALCANTI,2024-04-10 18:33:19,184.2,0.0,-23.112211,-44.393178
MARCOS CAVALCANTI,2024-04-10 18:56:23,273.8,0.2,-23.112081,-44.393723
MARCOS CAVALCANTI,2024-04-10 19:14:23,275.1,0.2,-23.112115,-44.39448
MARCOS CAVALCANTI,2024-04-10 19:20:12,259.2,0.1,-23.112153,-44.394685
MARCOS CAVALCANTI,2024-04-10 19:23:02,250.0,0.1,-23.112195,-44.394808
MARCOS CAVALCANTI,2024-04-10 20:20:43,223.9,0.1,-23.1145,-44.3964
MARCOS CAVALCANTI,2024-04-10 21:11:42,320.2,0.1,-23.115645,-44.396081
MARCOS CAVALCANTI,2024-04-10 23:35:42,130.8,0.1,-23.115543,-44.395956
MARCOS CAVALCANTI,2024-04-11 00:29:42,98.0,0.1,-23.1163,-44.394666
MARCOS CAVALCANTI,2024-04-11 04:08:43,28.4,0.2,-23.11321,-44.396065
MARCOS CAVALCANTI,2024-04-11 05:53:43,162.4,0.1,-23.113345,-44.392063
MARCOS CAVALCANTI,2024-04-11 06:47:43,203.8,0.2,-23.114336,-44.391928
MARCOS CAVALCANTI,2024-04-11 07:02:43,244.9,0.1,-23.1145,-44.391973
MARCOS CAVALCANTI,2024-04-11 08:44:42,220.1,0.1,-23.115361,-44.392288
MARCOS CAVALCANTI,2024-04-11 10:51:30,67.5,9.3,-23.119913,-44.36529
MARCOS CAVALCANTI,2024-04-11 10:57:20,68.7,9.9,-23.114373,-44.349571
MARCOS CAVALCANTI,2024-04-11 11:54:38,43.5,1.5,-23.064248,-44.233263
MARCOS CAVALCANTI,2024-04-11 11:55:29,51.8,1.5,-23.064003,-44.23298
MARCOS CAVALCANTI,2024-04-11 12:08:20,87.4,0.5,-23.062053,-44.229818
MARCOS CAVALCANTI,2024-04-12 21:03:24,241.0,5.6,-23.067916,-44.232955
MARCOS CAVALCANTI,2024-04-12 21:06:55,241.6,7.4,-23.07108,-44.239065
MARCOS CAVALCANTI,2024-04-12 21:36:56,247.9,8.2,-23.10242,-44.318288
MARCOS CAVALCANTI,2024-04-12 21:39:45,248.5,7.8,-23.104816,-44.32453
MARCOS CAVALCANTI,2024-04-12 21:42:15,248.3,7.6,-23.106878,-44.329865
MARCOS CAVALCANTI,2024-04-12 22:09:45,269.5,4.0,-23.117758,-44.377933
MARCOS CAVALCANTI,2024-04-12 22:13:07,278.9,3.0,-23.117623,-44.381243
MARCOS CAVALCANTI,2024-04-12 22:41:35,43.0,0.5,-23.116581,-44.396365
MARCOS CAVALCANTI,2024-04-13 01:15:33,306.0,0.2,-23.115203,-44.395826
MARCOS CAVALCANTI,2024-04-13 04:00:30,305.9,0.1,-23.11481,-44.395996
MARCOS CAVALCANTI,2024-04-13 08:36:29,342.1,0.1,-23.114926,-44.395583
MARCOS CAVALCANTI,2024-04-13 10:42:30,314.9,0.2,-23.114863,-44.395611
MARCOS CAVALCANTI,2024-04-13 11:12:29,350.3,0.1,-23.11472,-44.395623
MARCOS CAVALCANTI,2024-04-13 12:27:29,337.0,0.1,-23.114426,-44.396005
MARCOS CAVALCANTI,2024-04-13 12:39:30,332.7,0.1,-23.11447,-44.395995
MARCOS CAVALCANTI,2024-04-13 13:36:33,134.5,0.2,-23.114626,-44.395741
MARCOS CAVALCANTI,2024-04-13 13:39:30,336.3,0.1,-23.114596,-44.395731
MARCOS CAVALCANTI,2024-04-13 15:33:29,118.9,0.2,-23.114341,-44.396141
MARCOS CAVALCANTI,2024-04-13 21:15:29,196.2,0.0,-23.114546,-44.395906
MARCOS CAVALCANTI,2024-04-13 21:42:29,157.9,0.0,-23.115125,-44.395615
MARCOS CAVALCANTI,2024-04-14 03:48:30,13.5,1.1,-23.116368,-44.395636
MARCOS CAVALCANTI,2024-04-14 05:51:29,318.0,0.2,-23.115761,-44.3953
MARCOS CAVALCANTI,2024-04-14 06:27:29,166.7,0.2,-23.115653,-44.395343
MARCOS CAVALCANTI,2024-04-14 06:54:30,172.3,0.2,-23.115576,-44.39537
MARCOS CAVALCANTI,2024-04-14 07:03:30,184.5,0.0,-23.115606,-44.395336
MARCOS CAVALCANTI,2024-04-14 10:39:30,203.6,0.3,-23.116353,-44.395796
MARCOS CAVALCANTI,2024-04-14 15:45:29,338.8,0.1,-23.114961,-44.395998
MARCOS CAVALCANTI,2024-04-14 19:42:30,138.3,0.0,-23.114703,-44.396121
MARCOS CAVALCANTI,2024-04-14 19:48:30,145.7,0.0,-23.11479,-44.396055
MARCOS CAVALCANTI,2024-04-14 20:51:30,18.2,0.5,-23.116835,-44.395718
MARCOS CAVALCANTI,2024-04-14 21:54:30,347.4,0.0,-23.118301,-44.39752
MARCOS CAVALCANTI,2024-04-14 22:00:30,284.3,0.1,-23.118328,-44.397553
MARCOS CAVALCANTI,2024-04-15 00:51:30,88.6,0.1,-23.118316,-44.398141
MARCOS CAVALCANTI,2024-04-15 02:57:30,108.1,0.1,-23.118583,-44.398361
MARCOS CAVALCANTI,2024-04-15 09:33:30,355.9,0.1,-23.11787,-44.399171
MARCOS CAVALCANTI,2024-04-15 09:39:30,315.4,0.0,-23.117795,-44.39913
MARCOS CAVALCANTI,2024-04-15 11:06:30,139.4,0.0,-23.118503,-44.398525
MARCOS CAVALCANTI,2024-04-15 11:39:30,76.0,0.1,-23.118345,-44.398496
MARCOS CAVALCANTI,2024-04-15 11:42:30,341.4,0.0,-23.118325,-44.398495
MARCOS CAVALCANTI,2024-04-15 12:51:30,88.4,0.0,-23.118323,-44.398193
MARCOS CAVALCANTI,2024-04-15 14:12:29,305.3,0.1,-23.118246,-44.398371
MARCOS CAVALCANTI,2024-04-15 18:03:30,273.8,0.0,-23.114488,-44.396471
MARCOS CAVALCANTI,2024-04-15 18:57:29,204.4,0.1,-23.11464,-44.39708
MARCOS CAVALCANTI,2024-04-16 01:00:30,13.1,0.1,-23.117245,-44.395491
MARCOS CAVALCANTI,2024-04-16 01:33:30,9.8,0.3,-23.116936,-44.395323
MARCOS CAVALCANTI,2024-04-16 01:36:30,10.6,0.1,-23.116943,-44.39529
MARCOS CAVALCANTI,2024-04-16 03:33:30,184.1,0.2,-23.117186,-44.39539
MARCOS CAVALCANTI,2024-04-16 03:36:30,182.9,0.1,-23.117205,-44.395375
MARCOS CAVALCANTI,2024-04-16 03:39:30,187.8,0.2,-23.117233,-44.39537
MARCOS CAVALCANTI,2024-04-16 05:33:30,193.9,0.0,-23.11728,-44.395618
MARCOS CAVALCANTI,2024-04-16 10:24:30,49.3,0.0,-23.117941,-44.396051
MARCOS CAVALCANTI,2024-04-16 14:54:30,150.8,0.2,-23.11584,-44.395318
MARCOS CAVALCANTI,2024-04-17 00:30:30,189.8,0.3,-23.116996,-44.395315
MARCOS CAVALCANTI,2024-04-17 00:57:30,152.2,0.2,-23.11672,-44.395021
MARCOS CAVALCANTI,2024-04-17 01:27:30,14.8,0.0,-23.116281,-44.39525
MARCOS CAVALCANTI,2024-04-17 03:30:30,7.0,0.3,-23.116588,-44.395348
MARCOS CAVALCANTI,2024-04-17 05:09:29,340.8,0.1,-23.116015,-44.395351
MARCOS CAVALCANTI,2024-04-17 05:15:29,342.7,0.2,-23.11584,-44.39539
MARCOS CAVALCANTI,2024-04-17 05:51:30,305.6,0.1,-23.11479,-44.395915
MARCOS CAVALCANTI,2024-04-17 07:33:11,185.0,5.5,-23.123518,-44.39929
MARCOS CAVALCANTI,2024-04-17 07:36:41,158.2,6.3,-23.129506,-44.398968
MARCOS CAVALCANTI,2024-04-17 07:39:11,129.8,6.4,-23.132925,-44.396176
MARCOS CAVALCANTI,2024-04-17 08:26:58,68.3,10.3,-23.090896,-44.289505
MARCOS CAVALCANTI,2024-04-17 08:30:18,67.4,10.3,-23.08732,-44.279851
MARCOS CAVALCANTI,2024-04-17 09:20:29,262.1,0.6,-23.060368,-44.22663
MARCOS CAVALCANTI,2024-04-17 09:22:50,267.3,0.5,-23.06039,-44.226998
MARCOS CAVALCANTI,2024-04-18 20:24:47,332.7,0.0,-23.060821,-44.227515
MARCOS CAVALCANTI,2024-04-20 05:34:21,253.6,3.4,-23.06444,-44.223561
MARCOS CAVALCANTI,2024-04-20 06:19:29,248.2,9.4,-23.106083,-44.328163
MARCOS CAVALCANTI,2024-04-20 06:27:39,247.2,9.3,-23.114385,-44.34926
MARCOS CAVALCANTI,2024-04-20 07:14:11,241.6,5.1,-23.15329,-44.437206
MARCOS CAVALCANTI,2024-04-20 07:19:22,240.0,4.4,-23.156348,-44.444041
MARCOS CAVALCANTI,2024-04-20 07:25:30,185.6,2.4,-23.16039,-44.447465
MARCOS CAVALCANTI,2024-04-20 08:07:20,324.0,0.9,-23.167065,-44.4514
MARCOS CAVALCANTI,2024-04-20 08:13:41,295.7,0.9,-23.166945,-44.452586
MARCOS CAVALCANTI,2024-04-20 08:29:40,164.0,1.8,-23.168135,-44.448981
MARCOS CAVALCANTI,2024-04-20 09:43:11,179.4,0.3,-23.173036,-44.45599
MARCOS CAVALCANTI,2024-04-20 12:13:55,143.0,3.3,-23.16613,-44.460348
MARCOS CAVALCANTI,2024-04-20 12:15:24,135.0,4.1,-23.167118,-44.459036
MARCOS CAVALCANTI,2024-04-20 12:16:05,121.6,4.3,-23.167568,-44.458336
MARCOS CAVALCANTI,2024-04-20 12:18:45,158.4,4.7,-23.170238,-44.456071
MARCOS CAVALCANTI,2024-04-20 12:21:34,160.4,5.5,-23.173971,-44.454583
MARCOS CAVALCANTI,2024-04-20 12:32:04,159.9,8.6,-23.194413,-44.448418
MARCOS CAVALCANTI,2024-04-20 12:42:25,156.0,9.3,-23.218205,-44.437206
MARCOS CAVALCANTI,2024-04-20 12:44:46,155.7,9.6,-23.223756,-44.434555
MARCOS CAVALCANTI,2024-04-20 12:45:25,158.2,9.6,-23.225416,-44.433775
MARCOS CAVALCANTI,2024-04-20 12:45:46,156.9,9.8,-23.22629,-44.433368
MARCOS CAVALCANTI,2024-04-20 12:45:56,155.6,9.9,-23.226696,-44.433175
MARCOS CAVALCANTI,2024-04-20 12:47:36,154.6,9.6,-23.23074,-44.431151
MARCOS CAVALCANTI,2024-04-20 12:50:45,153.6,9.7,-23.23854,-44.427308
MARCOS CAVALCANTI,2024-04-20 13:26:05,137.8,11.0,-23.320401,-44.363235
MARCOS CAVALCANTI,2024-04-20 13:59:26,108.7,12.3,-23.358861,-44.256613
MARCOS CAVALCANTI,2024-04-20 14:44:04,105.9,12.6,-23.398046,-44.092553
MARCOS CAVALCANTI,2024-04-20 14:48:04,105.6,12.5,-23.401658,-44.077871
MARCOS CAVALCANTI,2024-04-20 14:50:56,106.3,12.5,-23.404238,-44.06758
MARCOS CAVALCANTI,2024-04-20 14:55:46,106.3,12.6,-23.408471,-44.049706
MARCOS CAVALCANTI,2024-04-20 15:34:45,101.0,12.3,-23.445098,-43.909361
MARCOS CAVALCANTI,2024-04-20 15:38:25,107.9,12.4,-23.448645,-43.896201
MARCOS CAVALCANTI,2024-04-20 15:44:07,105.8,12.3,-23.454028,-43.875958
MARCOS CAVALCANTI,2024-04-20 16:24:14,107.9,12.7,-23.492945,-43.730833
MARCOS CAVALCANTI,2024-04-20 16:24:24,106.5,12.5,-23.49312,-43.730216
MARCOS CAVALCANTI,2024-04-20 16:24:35,105.6,12.6,-23.493328,-43.72953
MARCOS CAVALCANTI,2024-04-20 16:25:24,108.9,12.6,-23.494213,-43.726581
MARCOS CAVALCANTI,2024-04-20 16:25:34,110.9,12.6,-23.494403,-43.725981
MARCOS CAVALCANTI,2024-04-20 16:25:35,110.9,12.6,-23.494403,-43.725981
MARCOS CAVALCANTI,2024-04-20 16:25:44,110.4,12.6,-23.494601,-43.72532
MARCOS CAVALCANTI,2024-04-20 16:25:46,110.4,12.6,-23.494601,-43.72532
MARCOS CAVALCANTI,2024-04-20 16:26:24,103.3,12.7,-23.495286,-43.722946
MARCOS CAVALCANTI,2024-04-20 16:26:44,108.0,12.6,-23.495666,-43.721738
MARCOS CAVALCANTI,2024-04-20 16:27:24,109.1,12.6,-23.496381,-43.719323
MARCOS CAVALCANTI,2024-04-20 16:28:34,110.3,12.7,-23.497576,-43.71506
MARCOS CAVALCANTI,2024-04-20 16:29:24,101.7,12.6,-23.498381,-43.711926
MARCOS CAVALCANTI,2024-04-20 16:31:26,109.8,12.6,-23.50042,-43.70465
MARCOS CAVALCANTI,2024-04-20 16:32:05,105.3,12.7,-23.50112,-43.70214
MARCOS CAVALCANTI,2024-04-20 16:34:36,108.2,12.6,-23.503846,-43.693071
MARCOS CAVALCANTI,2024-04-20 16:39:06,105.4,12.6,-23.508515,-43.676573
MARCOS CAVALCANTI,2024-04-20 16:41:37,108.1,12.7,-23.511276,-43.667311
MARCOS CAVALCANTI,2024-04-20 16:44:27,109.6,12.9,-23.514226,-43.656848
MARCOS CAVALCANTI,2024-04-20 17:15:47,105.8,12.7,-23.548426,-43.540845
MARCOS CAVALCANTI,2024-04-20 17:19:37,108.5,12.7,-23.552678,-43.52693
MARCOS CAVALCANTI,2024-04-20 17:23:15,107.8,12.7,-23.556773,-43.513648
MARCOS CAVALCANTI,2024-04-20 17:29:07,107.5,12.8,-23.56305,-43.492228
MARCOS CAVALCANTI,2024-04-20 17:31:36,110.5,12.8,-23.565685,-43.483128
MARCOS CAVALCANTI,2024-04-20 17:44:05,105.0,12.6,-23.578345,-43.436915
MARCOS CAVALCANTI,2024-04-20 17:47:57,105.7,12.6,-23.58243,-43.422986
MARCOS CAVALCANTI,2024-04-20 17:51:15,107.2,12.7,-23.585948,-43.41094
MARCOS CAVALCANTI,2024-04-20 18:03:53,106.6,12.3,-23.598933,-43.36553
MARCOS CAVALCANTI,2024-04-20 18:04:04,107.1,12.4,-23.599106,-43.364931
MARCOS CAVALCANTI,2024-04-20 18:05:53,108.9,12.2,-23.600968,-43.358383
MARCOS CAVALCANTI,2024-04-20 18:10:22,105.9,12.3,-23.605785,-43.34249
MARCOS CAVALCANTI,2024-04-20 18:22:45,109.6,12.6,-23.618598,-43.298481
MARCOS CAVALCANTI,2024-04-20 18:26:17,108.4,12.5,-23.622345,-43.285805
MARCOS CAVALCANTI,2024-04-20 18:29:45,108.3,12.3,-23.625973,-43.273445
MARCOS CAVALCANTI,2024-04-20 18:55:06,108.3,12.6,-23.650936,-43.182066
MARCOS CAVALCANTI,2024-04-20 19:01:17,110.0,12.6,-23.65678,-43.159358
MARCOS CAVALCANTI,2024-04-20 19:05:26,105.4,12.5,-23.660576,-43.144121
MARCOS CAVALCANTI,2024-04-20 19:30:45,104.0,12.4,-23.679076,-43.050918
MARCOS CAVALCANTI,2024-04-20 19:38:45,103.8,12.4,-23.685585,-43.02161
MARCOS CAVALCANTI,2024-04-20 20:06:25,108.6,12.3,-23.709148,-42.921648
MARCOS CAVALCANTI,2024-04-20 20:09:26,104.4,12.3,-23.712103,-42.910961
MARCOS CAVALCANTI,2024-04-20 20:37:05,106.9,12.4,-23.739521,-42.811995
MARCOS CAVALCANTI,2024-04-20 20:39:36,104.1,12.5,-23.742093,-42.802905
MARCOS CAVALCANTI,2024-04-20 20:43:16,110.1,12.4,-23.745656,-42.789538
MARCOS CAVALCANTI,2024-04-20 21:32:25,106.7,12.3,-23.791673,-42.613371
MARCOS CAVALCANTI,2024-04-20 21:36:06,104.2,12.2,-23.795081,-42.600255
MARCOS CAVALCANTI,2024-04-20 21:39:16,103.8,12.3,-23.798053,-42.5889
MARCOS CAVALCANTI,2024-04-20 22:20:06,107.2,12.4,-23.838896,-42.442905
MARCOS CAVALCANTI,2024-04-20 22:23:44,109.8,12.4,-23.842246,-42.429665
MARCOS CAVALCANTI,2024-04-20 22:30:55,105.5,12.4,-23.848838,-42.403505
MARCOS CAVALCANTI,2024-04-20 22:45:49,125.3,7.4,-23.860765,-42.35629
MARCOS CAVALCANTI,2024-04-20 23:33:37,29.0,0.3,-23.878088,-42.36494
MARCOS CAVALCANTI,2024-04-20 23:37:06,70.4,1.1,-23.877645,-42.364615
MARCOS CAVALCANTI,2024-04-20 23:39:15,33.9,0.1,-23.87733,-42.364406
MARCOS CAVALCANTI,2024-04-21 00:03:54,20.8,0.3,-23.87374,-42.362391
MARCOS CAVALCANTI,2024-04-21 00:24:06,3.5,0.8,-23.870731,-42.361676
MARCOS CAVALCANTI,2024-04-21 00:27:05,16.7,0.4,-23.870276,-42.361573
MARCOS CAVALCANTI,2024-04-21 00:29:16,357.8,0.7,-23.869883,-42.36149
MARCOS CAVALCANTI,2024-04-21 00:30:15,3.8,0.1,-23.86969,-42.361453
MARCOS CAVALCANTI,2024-04-21 00:31:25,36.2,1.0,-23.869503,-42.361428
MARCOS CAVALCANTI,2024-04-21 00:32:05,17.9,0.8,-23.869405,-42.361403
MARCOS CAVALCANTI,2024-04-21 00:32:44,11.1,0.1,-23.86929,-42.361386
MARCOS CAVALCANTI,2024-04-21 00:33:35,6.3,0.4,-23.869116,-42.361378
MARCOS CAVALCANTI,2024-04-21 00:34:54,12.0,0.8,-23.868883,-42.361288
MARCOS CAVALCANTI,2024-04-21 01:20:47,6.7,0.2,-23.86045,-42.360023
MARCOS CAVALCANTI,2024-04-21 01:35:26,13.6,0.7,-23.857345,-42.359186
MARCOS CAVALCANTI,2024-04-21 01:35:35,202.5,1.6,-23.857318,-42.359178
MARCOS CAVALCANTI,2024-04-21 01:35:45,2.0,1.6,-23.857273,-42.359166
MARCOS CAVALCANTI,2024-04-21 02:12:24,1.8,0.3,-23.850411,-42.357901
MARCOS CAVALCANTI,2024-04-21 02:22:47,11.9,0.2,-23.848458,-42.357708
MARCOS CAVALCANTI,2024-04-21 02:27:57,6.8,0.5,-23.847495,-42.357635
MARCOS CAVALCANTI,2024-04-21 03:00:47,173.9,3.7,-23.85579,-42.330243
MARCOS CAVALCANTI,2024-04-21 03:03:16,187.2,3.2,-23.858131,-42.330225
MARCOS CAVALCANTI,2024-04-21 03:06:06,188.8,2.8,-23.860386,-42.330615
MARCOS CAVALCANTI,2024-04-21 03:35:06,56.1,0.7,-23.865093,-42.325173
MARCOS CAVALCANTI,2024-04-21 03:38:36,52.5,0.5,-23.86461,-42.324706
MARCOS CAVALCANTI,2024-04-21 03:41:57,29.4,0.4,-23.864201,-42.324418
MARCOS CAVALCANTI,2024-04-21 03:45:25,29.6,0.2,-23.863818,-42.324111
MARCOS CAVALCANTI,2024-04-21 04:09:16,73.6,1.7,-23.859905,-42.321598
MARCOS CAVALCANTI,2024-04-21 04:13:57,95.4,4.6,-23.860436,-42.317013
MARCOS CAVALCANTI,2024-04-21 04:16:15,106.4,6.0,-23.861205,-42.313316
MARCOS CAVALCANTI,2024-04-21 04:38:15,102.7,11.6,-23.874855,-42.250546
MARCOS CAVALCANTI,2024-04-21 04:43:31,96.7,12.1,-23.877901,-42.23161
MARCOS CAVALCANTI,2024-04-21 04:44:12,97.3,12.1,-23.878246,-42.22918
MARCOS CAVALCANTI,2024-04-21 04:44:56,99.7,12.1,-23.878605,-42.226826
MARCOS CAVALCANTI,2024-04-21 04:45:21,101.1,12.2,-23.87889,-42.225003
MARCOS CAVALCANTI,2024-04-21 04:46:31,99.7,12.2,-23.879555,-42.220778
MARCOS CAVALCANTI,2024-04-21 04:46:51,101.1,12.1,-23.879758,-42.219495
MARCOS CAVALCANTI,2024-04-21 04:47:31,96.7,12.1,-23.8801,-42.217126
MARCOS CAVALCANTI,2024-04-21 04:48:06,100.3,12.2,-23.880373,-42.215236
MARCOS CAVALCANTI,2024-04-21 04:48:40,99.4,12.1,-23.880705,-42.212851
MARCOS CAVALCANTI,2024-04-21 04:49:02,97.6,12.3,-23.880876,-42.211566
MARCOS CAVALCANTI,2024-04-21 04:50:41,100.1,12.2,-23.881746,-42.205498
MARCOS CAVALCANTI,2024-04-21 04:50:46,100.1,12.2,-23.881746,-42.205498
MARCOS CAVALCANTI,2024-04-21 04:51:01,97.1,12.3,-23.881913,-42.20428
MARCOS CAVALCANTI,2024-04-21 04:52:32,96.6,12.3,-23.882696,-42.198683
MARCOS CAVALCANTI,2024-04-21 04:53:12,97.3,12.3,-23.883028,-42.196223
MARCOS CAVALCANTI,2024-04-21 04:53:22,97.1,12.2,-23.883111,-42.195543
MARCOS CAVALCANTI,2024-04-21 04:53:36,100.4,12.2,-23.883191,-42.194991
MARCOS CAVALCANTI,2024-04-21 04:54:22,95.8,12.4,-23.883596,-42.191916
MARCOS CAVALCANTI,2024-04-21 05:20:25,103.9,12.1,-23.906593,-42.099033
MARCOS CAVALCANTI,2024-04-21 05:23:15,107.3,12.1,-23.909358,-42.089086
MARCOS CAVALCANTI,2024-04-21 05:28:57,107.5,12.1,-23.91473,-42.069105
MARCOS CAVALCANTI,2024-04-21 05:33:25,105.3,12.1,-23.91808,-42.053126
MARCOS CAVALCANTI,2024-04-21 06:16:17,106.4,12.3,-23.952411,-41.898386
MARCOS CAVALCANTI,2024-04-21 06:21:37,103.7,12.2,-23.95694,-41.87921
MARCOS CAVALCANTI,2024-04-21 07:07:16,117.6,11.9,-24.004116,-41.718188
MARCOS CAVALCANTI,2024-04-21 07:07:26,115.1,11.9,-24.004335,-41.71763
MARCOS CAVALCANTI,2024-04-21 07:14:14,111.9,11.6,-24.01315,-41.695235
MARCOS CAVALCANTI,2024-04-21 07:45:15,110.1,11.7,-24.049758,-41.593945
MARCOS CAVALCANTI,2024-04-21 07:59:46,108.6,11.6,-24.063211,-41.545078
MARCOS CAVALCANTI,2024-04-21 08:04:36,106.4,11.9,-24.06735,-41.528463
MARCOS CAVALCANTI,2024-04-21 08:04:37,106.4,11.9,-24.06735,-41.528463
MARCOS CAVALCANTI,2024-04-21 08:07:36,100.3,11.9,-24.070296,-41.518135
MARCOS CAVALCANTI,2024-04-21 08:09:06,111.2,11.8,-24.07173,-41.512998
MARCOS CAVALCANTI,2024-04-21 08:37:06,107.9,12.0,-24.096488,-41.415893
MARCOS CAVALCANTI,2024-04-21 08:40:25,100.8,12.0,-24.09922,-41.404176
MARCOS CAVALCANTI,2024-04-21 08:43:06,107.4,12.0,-24.101428,-41.394725
MARCOS CAVALCANTI,2024-04-21 09:09:17,104.7,12.2,-24.123386,-41.301475
MARCOS CAVALCANTI,2024-04-21 09:12:36,109.2,12.3,-24.12645,-41.289583
MARCOS CAVALCANTI,2024-04-21 09:16:46,102.7,12.1,-24.13029,-41.274876
MARCOS CAVALCANTI,2024-04-21 09:18:55,102.3,12.2,-24.132068,-41.26712
MARCOS CAVALCANTI,2024-04-21 09:31:05,105.6,12.2,-24.142796,-41.223736
MARCOS CAVALCANTI,2024-04-21 09:51:46,102.0,12.1,-24.161701,-41.150125
MARCOS CAVALCANTI,2024-04-21 09:57:25,104.1,12.2,-24.16684,-41.129848
MARCOS CAVALCANTI,2024-04-21 10:05:44,103.0,12.2,-24.174391,-41.10002
MARCOS CAVALCANTI,2024-04-21 10:24:46,106.3,12.4,-24.191038,-41.031293
MARCOS CAVALCANTI,2024-04-21 10:27:15,106.5,12.2,-24.193293,-41.022366
MARCOS CAVALCANTI,2024-04-21 10:33:45,104.4,12.3,-24.198956,-40.998731
MARCOS CAVALCANTI,2024-04-21 10:41:36,101.0,12.4,-24.205868,-40.97044
MARCOS CAVALCANTI,2024-04-21 11:05:55,109.5,12.4,-24.227488,-40.88278
MARCOS CAVALCANTI,2024-04-21 11:06:25,106.7,12.3,-24.22796,-40.88101
MARCOS CAVALCANTI,2024-04-21 11:06:26,106.7,12.3,-24.22796,-40.88101
MARCOS CAVALCANTI,2024-04-21 11:08:16,104.4,12.3,-24.229718,-40.874373
MARCOS CAVALCANTI,2024-04-21 11:09:35,103.0,12.3,-24.230821,-40.869595
MARCOS CAVALCANTI,2024-04-21 11:10:25,108.2,12.3,-24.231543,-40.866608
MARCOS CAVALCANTI,2024-04-21 11:34:45,108.4,12.4,-24.253703,-40.778915
MARCOS CAVALCANTI,2024-04-21 11:48:55,106.9,12.5,-24.26891,-40.727995
MARCOS CAVALCANTI,2024-04-21 11:51:15,107.5,12.5,-24.271351,-40.719578
MARCOS CAVALCANTI,2024-04-21 11:53:55,108.3,12.5,-24.274263,-40.709926
MARCOS CAVALCANTI,2024-04-21 12:07:45,105.1,12.6,-24.288733,-40.65957
MARCOS CAVALCANTI,2024-04-21 12:07:55,105.0,12.5,-24.288905,-40.658958
MARCOS CAVALCANTI,2024-04-21 12:08:04,107.6,12.5,-24.289071,-40.658415
MARCOS CAVALCANTI,2024-04-21 12:08:45,107.9,12.6,-24.28983,-40.655858
MARCOS CAVALCANTI,2024-04-21 12:08:55,109.4,12.6,-24.289985,-40.655311
MARCOS CAVALCANTI,2024-04-21 12:09:45,105.3,12.7,-24.290848,-40.652246
MARCOS CAVALCANTI,2024-04-21 12:19:06,108.8,12.6,-24.300476,-40.618193
MARCOS CAVALCANTI,2024-04-21 12:22:46,107.2,12.5,-24.304151,-40.604743
MARCOS CAVALCANTI,2024-04-21 12:41:06,104.9,12.7,-24.321665,-40.537198
MARCOS CAVALCANTI,2024-04-21 12:41:15,105.6,12.7,-24.321803,-40.536643
MARCOS CAVALCANTI,2024-04-21 12:44:45,104.0,12.6,-24.325195,-40.523778
MARCOS CAVALCANTI,2024-04-21 12:54:05,106.5,12.7,-24.333753,-40.489195
MARCOS CAVALCANTI,2024-04-21 12:59:56,106.6,12.7,-24.339446,-40.467636
MARCOS CAVALCANTI,2024-04-21 13:02:46,103.6,12.7,-24.342293,-40.457126
MARCOS CAVALCANTI,2024-04-21 13:30:25,101.3,12.6,-24.364286,-40.354258
MARCOS CAVALCANTI,2024-04-21 13:33:16,101.9,12.6,-24.366355,-40.343576
MARCOS CAVALCANTI,2024-04-21 13:39:05,100.4,12.6,-24.370458,-40.321928
MARCOS CAVALCANTI,2024-04-21 13:52:57,100.3,12.5,-24.379511,-40.270098
MARCOS CAVALCANTI,2024-04-21 14:47:57,100.8,12.3,-24.41644,-40.066235
MARCOS CAVALCANTI,2024-04-21 15:09:35,102.8,12.0,-24.433108,-39.988193
MARCOS CAVALCANTI,2024-04-21 15:10:15,102.5,12.1,-24.433558,-39.985773
MARCOS CAVALCANTI,2024-04-21 15:31:25,100.0,12.0,-24.448706,-39.910048
MARCOS CAVALCANTI,2024-04-21 15:38:57,101.7,12.1,-24.454483,-39.8833
MARCOS CAVALCANTI,2024-04-21 15:41:56,101.0,12.1,-24.456655,-39.872555
MARCOS CAVALCANTI,2024-04-21 15:45:16,104.0,11.9,-24.45935,-39.860703
MARCOS CAVALCANTI,2024-04-21 16:17:15,102.4,12.2,-24.483986,-39.746058
MARCOS CAVALCANTI,2024-04-21 16:24:26,104.1,12.2,-24.489801,-39.720111
MARCOS CAVALCANTI,2024-04-21 16:39:43,100.6,12.3,-24.500893,-39.66474
MARCOS CAVALCANTI,2024-04-21 16:42:14,101.6,12.2,-24.502585,-39.655498
MARCOS CAVALCANTI,2024-04-21 16:42:33,100.5,12.2,-24.502805,-39.654335
MARCOS CAVALCANTI,2024-04-21 16:42:43,100.2,12.2,-24.502915,-39.653726
MARCOS CAVALCANTI,2024-04-21 16:43:14,98.7,12.2,-24.503246,-39.651906
MARCOS CAVALCANTI,2024-04-21 16:43:43,102.9,12.3,-24.503538,-39.65014
MARCOS CAVALCANTI,2024-04-21 16:43:54,102.9,12.2,-24.503661,-39.649471
MARCOS CAVALCANTI,2024-04-21 16:44:25,102.9,12.2,-24.504041,-39.647601
MARCOS CAVALCANTI,2024-04-21 16:45:05,103.0,12.1,-24.504553,-39.64526
MARCOS CAVALCANTI,2024-04-21 16:45:25,106.2,12.2,-24.504841,-39.644051
MARCOS CAVALCANTI,2024-04-21 16:46:24,104.9,12.2,-24.505645,-39.640446
MARCOS CAVALCANTI,2024-04-21 16:48:03,106.6,12.2,-24.507036,-39.634533
MARCOS CAVALCANTI,2024-04-21 16:49:44,104.5,12.2,-24.508426,-39.628456
MARCOS CAVALCANTI,2024-04-21 17:18:25,103.1,12.2,-24.529951,-39.52534
MARCOS CAVALCANTI,2024-04-21 17:20:36,98.3,12.1,-24.531335,-39.517453
MARCOS CAVALCANTI,2024-04-21 17:23:35,105.3,12.3,-24.53371,-39.506615
MARCOS CAVALCANTI,2024-04-21 17:23:57,105.5,12.2,-24.533996,-39.505336
MARCOS CAVALCANTI,2024-04-21 17:27:57,101.5,12.3,-24.537221,-39.490795
MARCOS CAVALCANTI,2024-04-21 17:57:56,103.3,12.4,-24.55949,-39.380918
MARCOS CAVALCANTI,2024-04-21 18:01:06,100.2,12.3,-24.561508,-39.369295
MARCOS CAVALCANTI,2024-04-21 18:04:57,99.1,12.2,-24.563761,-39.355086
MARCOS CAVALCANTI,2024-04-21 18:17:14,103.1,12.2,-24.571748,-39.309676
MARCOS CAVALCANTI,2024-04-21 18:17:16,103.1,12.2,-24.571748,-39.309676
MARCOS CAVALCANTI,2024-04-21 18:24:26,100.8,12.3,-24.576498,-39.283401
MARCOS CAVALCANTI,2024-04-21 18:32:36,103.2,12.1,-24.581651,-39.253595
MARCOS CAVALCANTI,2024-04-21 18:32:46,102.3,12.2,-24.581763,-39.252988
MARCOS CAVALCANTI,2024-04-21 18:34:55,100.3,12.2,-24.583195,-39.245045
MARCOS CAVALCANTI,2024-04-21 18:40:16,98.3,12.3,-24.58654,-39.225608
MARCOS CAVALCANTI,2024-04-21 19:03:44,99.5,12.3,-24.60158,-39.139603
MARCOS CAVALCANTI,2024-04-21 19:08:15,99.9,12.3,-24.604495,-39.123051
MARCOS CAVALCANTI,2024-04-21 19:15:25,100.1,12.3,-24.609428,-39.096628
MARCOS CAVALCANTI,2024-04-21 19:42:05,99.6,12.5,-24.627155,-38.998663
MARCOS CAVALCANTI,2024-04-21 19:58:27,101.8,12.3,-24.638088,-38.938123
MARCOS CAVALCANTI,2024-04-21 20:00:36,104.3,12.3,-24.639715,-38.93016
MARCOS CAVALCANTI,2024-04-21 20:35:46,98.9,12.4,-24.663936,-38.800156
MARCOS CAVALCANTI,2024-04-21 20:39:06,101.5,12.5,-24.666188,-38.787796
MARCOS CAVALCANTI,2024-04-21 20:51:56,99.3,12.5,-24.675033,-38.739855
MARCOS CAVALCANTI,2024-04-21 21:31:35,108.0,12.5,-24.705761,-38.591615
MARCOS CAVALCANTI,2024-04-21 21:34:35,99.8,12.5,-24.708128,-38.580555
MARCOS CAVALCANTI,2024-04-21 21:44:26,101.2,12.4,-24.715018,-38.543825
MARCOS CAVALCANTI,2024-04-21 21:46:36,105.1,12.5,-24.71665,-38.535705
MARCOS CAVALCANTI,2024-04-21 22:24:16,100.3,12.5,-24.744395,-38.394606
MARCOS CAVALCANTI,2024-04-21 22:26:25,103.4,12.5,-24.745975,-38.386595
MARCOS CAVALCANTI,2024-04-21 22:36:35,102.2,12.7,-24.753311,-38.348258
MARCOS CAVALCANTI,2024-04-21 22:40:35,99.0,12.8,-24.756208,-38.333005
MARCOS CAVALCANTI,2024-04-21 22:53:56,99.4,12.7,-24.766485,-38.282396
MARCOS CAVALCANTI,2024-04-21 23:12:35,102.4,12.6,-24.780963,-38.211956
MARCOS CAVALCANTI,2024-04-21 23:17:56,103.1,12.6,-24.785041,-38.191828
MARCOS CAVALCANTI,2024-04-21 23:25:46,101.4,12.7,-24.791533,-38.162223
MARCOS CAVALCANTI,2024-04-21 23:29:26,101.9,12.8,-24.794248,-38.148343
MARCOS CAVALCANTI,2024-04-21 23:49:26,103.7,12.8,-24.809703,-38.07229
MARCOS CAVALCANTI,2024-04-21 23:54:45,103.1,12.8,-24.813821,-38.052036
MARCOS CAVALCANTI,2024-04-22 00:03:46,99.8,12.7,-24.820698,-38.017996
MARCOS CAVALCANTI,2024-04-22 00:09:46,101.2,12.7,-24.825063,-37.995251
MARCOS CAVALCANTI,2024-04-22 00:17:25,102.2,12.7,-24.830826,-37.966296
MARCOS CAVALCANTI,2024-04-22 00:20:35,102.1,12.6,-24.833061,-37.954368
MARCOS CAVALCANTI,2024-04-22 00:21:25,100.9,12.6,-24.833691,-37.951141
MARCOS CAVALCANTI,2024-04-22 00:21:56,102.0,12.7,-24.834073,-37.94919
MARCOS CAVALCANTI,2024-04-22 00:22:56,99.0,12.6,-24.834783,-37.945405
MARCOS CAVALCANTI,2024-04-22 00:23:16,104.1,12.5,-24.835026,-37.944143
MARCOS CAVALCANTI,2024-04-22 00:23:45,101.6,12.6,-24.835363,-37.942381
MARCOS CAVALCANTI,2024-04-22 00:25:36,102.2,12.6,-24.836806,-37.935353
MARCOS CAVALCANTI,2024-04-22 00:25:56,102.5,12.6,-24.837075,-37.934088
MARCOS CAVALCANTI,2024-04-22 00:26:26,101.5,12.6,-24.83744,-37.932208
MARCOS CAVALCANTI,2024-04-22 01:11:27,100.1,12.4,-24.867916,-37.763786
MARCOS CAVALCANTI,2024-04-22 01:23:25,102.1,12.5,-24.875526,-37.718933
MARCOS CAVALCANTI,2024-04-22 01:24:05,102.0,12.4,-24.875986,-37.716456
MARCOS CAVALCANTI,2024-04-22 01:24:46,104.0,12.5,-24.876461,-37.714063
MARCOS CAVALCANTI,2024-04-22 01:33:37,100.7,12.5,-24.883098,-37.681211
MARCOS CAVALCANTI,2024-04-22 01:53:15,101.0,12.4,-24.897823,-37.608496
MARCOS CAVALCANTI,2024-04-22 02:05:25,101.2,12.4,-24.906771,-37.563426
MARCOS CAVALCANTI,2024-04-22 02:07:45,101.7,12.5,-24.908468,-37.554791
MARCOS CAVALCANTI,2024-04-22 02:08:57,102.9,12.4,-24.909338,-37.550341
MARCOS CAVALCANTI,2024-04-22 02:36:16,104.3,12.5,-24.929518,-37.448598
MARCOS CAVALCANTI,2024-07-14 06:57:20,276.1,12.5,-23.701956,-36.495298
MARCOS CAVALCANTI,2024-07-14 07:00:13,273.5,12.4,-23.701315,-36.506058
MARCOS CAVALCANTI,2024-07-14 07:02:41,271.7,12.2,-23.700788,-36.515403
MARCOS CAVALCANTI,2024-07-14 07:06:31,270.3,12.3,-23.700048,-36.529595
MARCOS CAVALCANTI,2024-07-14 07:20:31,274.8,12.3,-23.696746,-36.581738
MARCOS CAVALCANTI,2024-07-14 07:23:01,274.3,12.4,-23.696168,-36.591096
MARCOS CAVALCANTI,2024-07-14 07:26:01,272.6,12.5,-23.6955,-36.602356
MARCOS CAVALCANTI,2024-07-14 07:28:41,274.2,12.5,-23.69486,-36.612376
MARCOS CAVALCANTI,2024-07-14 08:00:20,277.5,12.4,-23.685775,-36.73084
MARCOS CAVALCANTI,2024-07-14 08:31:41,276.6,12.4,-23.676611,-36.848331
MARCOS CAVALCANTI,2024-07-14 08:42:27,276.4,12.4,-23.673673,-36.887901
MARCOS CAVALCANTI,2024-07-14 08:45:28,273.3,12.3,-23.672768,-36.899158
MARCOS CAVALCANTI,2024-07-14 08:50:01,275.4,12.4,-23.671435,-36.916501
MARCOS CAVALCANTI,2024-07-14 09:10:11,269.0,12.6,-23.666036,-36.992245
MARCOS CAVALCANTI,2024-07-14 09:38:12,278.5,12.7,-23.658676,-37.098535
MARCOS CAVALCANTI,2024-07-14 09:42:21,272.0,12.6,-23.657635,-37.114398
MARCOS CAVALCANTI,2024-07-14 09:47:02,276.7,12.7,-23.656461,-37.132243
MARCOS CAVALCANTI,2024-07-14 10:17:52,271.6,12.8,-23.649636,-37.251596
MARCOS CAVALCANTI,2024-07-14 10:20:11,274.8,12.9,-23.649123,-37.260575
MARCOS CAVALCANTI,2024-07-14 10:20:50,271.8,12.9,-23.648985,-37.263108
MARCOS CAVALCANTI,2024-07-14 10:33:12,274.0,12.7,-23.646493,-37.31104
MARCOS CAVALCANTI,2024-07-14 10:48:30,274.9,12.7,-23.643931,-37.369861
MARCOS CAVALCANTI,2024-07-14 10:51:30,269.5,12.7,-23.64331,-37.381433
MARCOS CAVALCANTI,2024-07-14 10:54:30,273.0,12.8,-23.642703,-37.392931
MARCOS CAVALCANTI,2024-07-14 11:25:51,268.5,12.5,-23.637936,-37.512986
MARCOS CAVALCANTI,2024-07-14 11:29:13,272.5,12.4,-23.637513,-37.525753
MARCOS CAVALCANTI,2024-07-14 11:32:21,269.8,12.5,-23.637118,-37.537583
MARCOS CAVALCANTI,2024-07-14 11:48:22,273.3,12.5,-23.634801,-37.597911
MARCOS CAVALCANTI,2024-07-14 11:50:21,274.1,12.4,-23.634536,-37.605398
MARCOS CAVALCANTI,2024-07-14 11:50:51,272.5,12.5,-23.634485,-37.607295
MARCOS CAVALCANTI,2024-07-14 11:51:10,271.3,12.4,-23.634446,-37.608495
MARCOS CAVALCANTI,2024-07-14 11:51:21,270.7,12.5,-23.634425,-37.609123
MARCOS CAVALCANTI,2024-07-14 11:52:10,273.2,12.5,-23.634306,-37.612341
MARCOS CAVALCANTI,2024-07-14 11:52:21,271.9,12.5,-23.634281,-37.612976
MARCOS CAVALCANTI,2024-07-14 11:53:21,272.8,12.6,-23.63413,-37.616776
MARCOS CAVALCANTI,2024-07-14 11:53:41,271.0,12.5,-23.634078,-37.618053
MARCOS CAVALCANTI,2024-07-14 11:53:51,270.6,12.7,-23.634053,-37.618753
MARCOS CAVALCANTI,2024-07-14 11:54:01,272.6,12.7,-23.634018,-37.619326
MARCOS CAVALCANTI,2024-07-14 11:54:10,273.3,12.6,-23.634001,-37.619893
MARCOS CAVALCANTI,2024-07-14 11:54:41,273.1,12.7,-23.633925,-37.621858
MARCOS CAVALCANTI,2024-07-14 11:56:42,273.7,12.6,-23.633548,-37.629583
MARCOS CAVALCANTI,2024-07-14 11:56:51,273.4,12.7,-23.633526,-37.63023
MARCOS CAVALCANTI,2024-07-14 11:57:22,273.4,12.7,-23.633458,-37.632071
MARCOS CAVALCANTI,2024-07-14 12:01:10,270.9,12.7,-23.632836,-37.646761
MARCOS CAVALCANTI,2024-07-14 12:03:42,274.2,12.8,-23.632431,-37.656545
MARCOS CAVALCANTI,2024-07-14 12:04:01,271.5,12.8,-23.632395,-37.657835
MARCOS CAVALCANTI,2024-07-14 12:06:41,273.1,12.7,-23.631988,-37.668105
MARCOS CAVALCANTI,2024-07-14 12:11:31,272.0,12.8,-23.63118,-37.686593
MARCOS CAVALCANTI,2024-07-14 12:12:53,274.0,12.7,-23.63086,-37.691873
MARCOS CAVALCANTI,2024-07-14 12:15:13,272.3,12.8,-23.630298,-37.700965
MARCOS CAVALCANTI,2024-07-14 12:36:41,275.6,12.7,-23.625583,-37.783406
MARCOS CAVALCANTI,2024-07-14 12:39:51,274.2,12.7,-23.624901,-37.795543
MARCOS CAVALCANTI,2024-07-14 12:41:51,272.7,12.7,-23.624491,-37.80322
MARCOS CAVALCANTI,2024-07-14 12:45:32,270.7,12.6,-23.623796,-37.817275
MARCOS CAVALCANTI,2024-07-14 12:45:51,275.0,12.6,-23.623723,-37.818536
MARCOS CAVALCANTI,2024-07-14 12:46:21,272.9,12.6,-23.623636,-37.820393
MARCOS CAVALCANTI,2024-07-14 12:56:22,269.1,12.7,-23.621795,-37.85857
MARCOS CAVALCANTI,2024-07-14 12:58:52,270.4,12.6,-23.621728,-37.868168
MARCOS CAVALCANTI,2024-07-14 13:03:03,272.6,12.7,-23.621756,-37.884115
MARCOS CAVALCANTI,2024-07-14 13:45:02,271.9,12.3,-23.621263,-38.0412
MARCOS CAVALCANTI,2024-07-14 13:53:02,273.4,12.3,-23.620915,-38.071031
MARCOS CAVALCANTI,2024-07-14 13:56:51,272.8,12.3,-23.62078,-38.085196
MARCOS CAVALCANTI,2024-07-14 13:58:52,273.1,12.3,-23.620705,-38.092608
MARCOS CAVALCANTI,2024-07-14 14:34:31,271.6,12.5,-23.617485,-38.226015
MARCOS CAVALCANTI,2024-07-14 14:40:32,270.3,12.4,-23.617218,-38.248635
MARCOS CAVALCANTI,2024-07-14 14:47:43,271.5,12.4,-23.617083,-38.275565
MARCOS CAVALCANTI,2024-07-14 15:27:53,267.8,12.2,-23.617151,-38.42497
MARCOS CAVALCANTI,2024-07-14 15:31:41,269.6,12.2,-23.617143,-38.43909
MARCOS CAVALCANTI,2024-07-14 15:34:51,269.8,12.1,-23.617158,-38.45076
MARCOS CAVALCANTI,2024-07-14 15:39:11,270.1,12.5,-23.61708,-38.466903
MARCOS CAVALCANTI,2024-07-14 15:39:31,269.9,12.5,-23.617081,-38.468138
MARCOS CAVALCANTI,2024-07-14 15:41:52,269.1,12.5,-23.617013,-38.477046
MARCOS CAVALCANTI,2024-07-14 15:45:51,268.5,12.5,-23.616856,-38.492161
MARCOS CAVALCANTI,2024-07-14 15:48:01,270.4,12.6,-23.616778,-38.50041
MARCOS CAVALCANTI,2024-07-14 16:26:51,270.2,12.8,-23.616341,-38.649748
MARCOS CAVALCANTI,2024-07-14 16:31:33,270.9,12.7,-23.616278,-38.66787
MARCOS CAVALCANTI,2024-07-14 17:18:02,268.2,12.9,-23.618426,-38.84665
MARCOS CAVALCANTI,2024-07-14 17:34:11,268.2,12.8,-23.619585,-38.909163
MARCOS CAVALCANTI,2024-07-14 18:09:01,266.5,12.4,-23.623035,-39.041438
MARCOS CAVALCANTI,2024-07-14 18:15:11,269.3,12.4,-23.623576,-39.064538
MARCOS CAVALCANTI,2024-07-14 18:33:51,268.4,12.2,-23.625363,-39.133885
MARCOS CAVALCANTI,2024-07-14 18:34:51,268.7,12.1,-23.625435,-39.137596
MARCOS CAVALCANTI,2024-07-14 18:35:31,266.7,12.1,-23.625488,-39.139985
MARCOS CAVALCANTI,2024-07-14 18:36:31,269.2,12.2,-23.62556,-39.143645
MARCOS CAVALCANTI,2024-07-14 18:58:41,270.0,12.1,-23.626671,-39.225021
MARCOS CAVALCANTI,2024-07-14 19:01:22,269.1,12.1,-23.626748,-39.234853
MARCOS CAVALCANTI,2024-07-14 19:03:51,269.5,12.0,-23.626785,-39.24399
MARCOS CAVALCANTI,2024-07-14 19:07:11,265.7,12.2,-23.626918,-39.256325
MARCOS CAVALCANTI,2024-07-14 19:07:12,265.7,12.2,-23.626918,-39.256325
MARCOS CAVALCANTI,2024-07-14 19:09:31,268.7,12.2,-23.62699,-39.264791
MARCOS CAVALCANTI,2024-07-14 19:32:51,268.4,12.1,-23.628365,-39.350135
MARCOS CAVALCANTI,2024-07-14 19:40:23,266.7,12.0,-23.628936,-39.377403
MARCOS CAVALCANTI,2024-07-14 19:53:22,268.8,12.0,-23.629793,-39.424381
MARCOS CAVALCANTI,2024-07-14 20:01:33,268.2,11.9,-23.630463,-39.454026
MARCOS CAVALCANTI,2024-07-14 20:12:41,266.2,11.8,-23.631675,-39.494288
MARCOS CAVALCANTI,2024-07-14 20:16:12,267.9,11.9,-23.632021,-39.506925
MARCOS CAVALCANTI,2024-07-14 20:50:42,272.5,11.9,-23.63189,-39.631173
MARCOS CAVALCANTI,2024-07-14 20:51:42,271.5,11.9,-23.63182,-39.63478
MARCOS CAVALCANTI,2024-07-14 21:48:10,272.2,11.9,-23.626488,-39.841283
MARCOS CAVALCANTI,2024-07-14 21:54:12,269.8,11.9,-23.62598,-39.862868
MARCOS CAVALCANTI,2024-07-14 21:57:32,272.9,11.8,-23.625591,-39.874786
MARCOS CAVALCANTI,2024-07-14 22:33:22,272.8,12.1,-23.621016,-40.003733
MARCOS CAVALCANTI,2024-07-14 22:33:41,271.2,12.0,-23.620961,-40.004891
MARCOS CAVALCANTI,2024-07-14 23:01:51,275.1,12.1,-23.616116,-40.108088
MARCOS CAVALCANTI,2024-07-14 23:04:12,271.2,12.1,-23.615735,-40.116615
MARCOS CAVALCANTI,2024-07-14 23:23:32,269.1,12.2,-23.613818,-40.187071
MARCOS CAVALCANTI,2024-07-14 23:27:11,270.6,12.1,-23.613811,-40.200546
MARCOS CAVALCANTI,2024-07-14 23:32:22,268.3,12.1,-23.613856,-40.219503
MARCOS CAVALCANTI,2024-07-14 23:32:51,270.7,12.2,-23.61385,-40.221271
MARCOS CAVALCANTI,2024-07-14 23:33:22,270.1,12.1,-23.613853,-40.223163
MARCOS CAVALCANTI,2024-07-14 23:33:41,268.1,12.1,-23.613853,-40.224378
MARCOS CAVALCANTI,2024-07-14 23:34:11,270.3,12.1,-23.613856,-40.226208
MARCOS CAVALCANTI,2024-07-14 23:35:01,268.1,12.1,-23.613863,-40.2292
MARCOS CAVALCANTI,2024-07-14 23:35:41,272.2,12.1,-23.613858,-40.231716
MARCOS CAVALCANTI,2024-07-14 23:35:51,271.2,12.1,-23.613871,-40.232265
MARCOS CAVALCANTI,2024-07-14 23:36:01,269.1,12.1,-23.613876,-40.23288
MARCOS CAVALCANTI,2024-07-14 23:43:02,271.8,12.1,-23.613891,-40.25866
MARCOS CAVALCANTI,2024-07-14 23:53:02,270.3,12.3,-23.614013,-40.295768
MARCOS CAVALCANTI,2024-07-15 00:18:52,269.9,12.4,-23.614503,-40.392616
MARCOS CAVALCANTI,2024-07-15 00:24:52,268.6,12.5,-23.614771,-40.415118
MARCOS CAVALCANTI,2024-07-15 00:27:21,268.4,12.4,-23.61491,-40.424435
MARCOS CAVALCANTI,2024-07-15 00:28:11,268.9,12.5,-23.614943,-40.427591
MARCOS CAVALCANTI,2024-07-15 00:35:22,268.0,12.6,-23.615386,-40.454678
MARCOS CAVALCANTI,2024-07-15 01:04:32,265.5,12.7,-23.61863,-40.565703
MARCOS CAVALCANTI,2024-07-15 01:07:02,263.9,12.6,-23.619443,-40.575208
MARCOS CAVALCANTI,2024-07-15 01:08:42,262.5,12.6,-23.62003,-40.581555
MARCOS CAVALCANTI,2024-07-15 01:10:11,263.4,12.7,-23.620553,-40.587206
MARCOS CAVALCANTI,2024-07-15 01:10:52,266.9,12.8,-23.620771,-40.589746
MARCOS CAVALCANTI,2024-07-15 01:11:11,265.6,12.7,-23.620911,-40.591085
MARCOS CAVALCANTI,2024-07-15 01:13:11,265.7,12.6,-23.621628,-40.59872
MARCOS CAVALCANTI,2024-07-15 01:14:11,268.1,12.8,-23.621883,-40.602481
MARCOS CAVALCANTI,2024-07-15 01:29:52,264.4,12.6,-23.625315,-40.662466
MARCOS CAVALCANTI,2024-07-15 01:59:11,265.7,12.7,-23.632295,-40.775246
MARCOS CAVALCANTI,2024-07-15 02:03:31,264.6,12.8,-23.633508,-40.791915
MARCOS CAVALCANTI,2024-07-15 02:13:02,270.2,12.9,-23.634786,-40.828605
MARCOS CAVALCANTI,2024-07-15 02:21:32,270.3,12.7,-23.635808,-40.861511
MARCOS CAVALCANTI,2024-07-15 02:24:12,266.0,12.7,-23.63627,-40.871763
MARCOS CAVALCANTI,2024-07-15 02:36:01,263.2,12.9,-23.638298,-40.917723
MARCOS CAVALCANTI,2024-07-15 02:51:02,270.4,12.9,-23.637646,-40.9759
MARCOS CAVALCANTI,2024-07-15 02:54:31,272.0,12.7,-23.637435,-40.989276
MARCOS CAVALCANTI,2024-07-15 03:10:52,269.1,12.7,-23.636436,-41.052451
MARCOS CAVALCANTI,2024-07-15 03:23:22,265.9,12.7,-23.63677,-41.100691
MARCOS CAVALCANTI,2024-07-15 03:26:13,265.0,12.6,-23.637261,-41.111603
MARCOS CAVALCANTI,2024-07-15 03:39:41,269.7,12.7,-23.63859,-41.163285
MARCOS CAVALCANTI,2024-07-15 03:40:41,269.9,12.7,-23.638616,-41.167105
MARCOS CAVALCANTI,2024-07-15 03:41:41,269.9,12.6,-23.638651,-41.170926
MARCOS CAVALCANTI,2024-07-15 03:43:01,265.4,12.6,-23.638733,-41.176025
MARCOS CAVALCANTI,2024-07-15 03:44:01,269.0,12.7,-23.638778,-41.179845
MARCOS CAVALCANTI,2024-07-15 03:44:31,269.2,12.7,-23.638778,-41.181771
MARCOS CAVALCANTI,2024-07-15 03:44:50,272.3,12.7,-23.63875,-41.182988
MARCOS CAVALCANTI,2024-07-15 03:45:01,273.1,12.7,-23.638741,-41.183698
MARCOS CAVALCANTI,2024-07-15 03:46:21,269.4,12.7,-23.63867,-41.188756
MARCOS CAVALCANTI,2024-07-15 03:47:21,267.1,12.7,-23.638695,-41.19274
MARCOS CAVALCANTI,2024-07-15 03:48:51,269.1,12.8,-23.638725,-41.198381
MARCOS CAVALCANTI,2024-07-15 04:16:11,269.1,12.6,-23.639755,-41.30381
MARCOS CAVALCANTI,2024-07-15 04:18:11,270.3,12.6,-23.639863,-41.311486
MARCOS CAVALCANTI,2024-07-15 04:38:31,272.1,12.8,-23.638978,-41.389313
MARCOS CAVALCANTI,2024-07-15 04:51:42,277.9,12.8,-23.636166,-41.440176
MARCOS CAVALCANTI,2024-07-15 04:56:52,277.2,13.0,-23.63343,-41.460175
MARCOS CAVALCANTI,2024-07-15 05:17:41,280.2,12.4,-23.622965,-41.539568
MARCOS CAVALCANTI,2024-07-15 05:18:11,278.7,12.5,-23.622711,-41.541543
MARCOS CAVALCANTI,2024-07-15 05:18:21,279.5,12.6,-23.622643,-41.542101
MARCOS CAVALCANTI,2024-07-15 05:19:11,277.3,12.5,-23.622248,-41.545196
MARCOS CAVALCANTI,2024-07-15 05:19:21,277.4,12.5,-23.622163,-41.545821
MARCOS CAVALCANTI,2024-07-15 05:22:31,282.3,12.4,-23.620548,-41.557583
MARCOS CAVALCANTI,2024-07-15 05:26:30,277.7,12.5,-23.618511,-41.572413
MARCOS CAVALCANTI,2024-07-15 05:29:41,281.3,12.5,-23.616766,-41.584228
MARCOS CAVALCANTI,2024-07-15 05:32:41,278.5,12.6,-23.615198,-41.595458
MARCOS CAVALCANTI,2024-07-15 05:56:32,279.3,12.5,-23.601853,-41.684846
MARCOS CAVALCANTI,2024-07-15 06:00:41,278.2,12.5,-23.59953,-41.70033
MARCOS CAVALCANTI,2024-07-15 06:06:51,278.4,12.5,-23.596033,-41.72343
MARCOS CAVALCANTI,2024-07-15 06:20:41,278.8,12.5,-23.588388,-41.774996
MARCOS CAVALCANTI,2024-07-15 06:34:31,280.0,12.7,-23.580616,-41.827143
MARCOS CAVALCANTI,2024-07-15 06:37:11,279.4,12.6,-23.579093,-41.837245
MARCOS CAVALCANTI,2024-07-15 06:42:02,281.1,12.7,-23.576325,-41.855608
MARCOS CAVALCANTI,2024-07-15 06:59:21,279.4,12.4,-23.566845,-41.920725
MARCOS CAVALCANTI,2024-07-15 07:29:52,279.6,12.4,-23.550173,-42.033278
MARCOS CAVALCANTI,2024-07-15 07:38:31,277.2,12.4,-23.545198,-42.065383
MARCOS CAVALCANTI,2024-07-15 09:15:11,278.2,12.4,-23.494298,-42.414673
MARCOS CAVALCANTI,2024-07-15 09:19:41,277.0,12.5,-23.491926,-42.43124
MARCOS CAVALCANTI,2024-07-15 09:24:32,278.6,12.3,-23.489291,-42.4491
MARCOS CAVALCANTI,2024-07-15 09:26:52,275.5,12.2,-23.488268,-42.457678
MARCOS CAVALCANTI,2024-07-15 09:47:50,277.2,12.3,-23.479451,-42.535225
MARCOS CAVALCANTI,2024-07-15 09:51:51,277.0,12.3,-23.47774,-42.550178
MARCOS CAVALCANTI,2024-07-15 09:55:41,277.3,12.3,-23.476033,-42.564235
MARCOS CAVALCANTI,2024-07-15 10:30:01,280.5,11.6,-23.460296,-42.687056
MARCOS CAVALCANTI,2024-07-15 10:58:51,277.2,11.2,-23.445421,-42.785098
MARCOS CAVALCANTI,2024-07-15 11:01:03,276.2,11.3,-23.444356,-42.792441
MARCOS CAVALCANTI,2024-07-15 11:03:41,277.2,11.3,-23.44306,-42.801335
MARCOS CAVALCANTI,2024-07-15 11:06:21,280.1,11.3,-23.441815,-42.810261
MARCOS CAVALCANTI,2024-07-15 11:34:22,278.2,11.2,-23.428798,-42.905003
MARCOS CAVALCANTI,2024-07-15 11:46:30,298.0,11.0,-23.422761,-42.945366
MARCOS CAVALCANTI,2024-07-15 11:48:00,299.4,11.2,-23.420466,-42.949751
MARCOS CAVALCANTI,2024-07-15 11:48:30,299.2,11.1,-23.419733,-42.951176
MARCOS CAVALCANTI,2024-07-15 12:14:12,294.0,11.6,-23.383071,-43.03056
MARCOS CAVALCANTI,2024-07-15 12:27:51,258.9,11.2,-23.38585,-43.075433
MARCOS CAVALCANTI,2024-07-15 12:30:51,261.9,11.2,-23.387076,-43.08549
MARCOS CAVALCANTI,2024-07-15 12:56:32,260.5,11.3,-23.398168,-43.172031
MARCOS CAVALCANTI,2024-07-15 12:56:33,260.5,11.3,-23.398168,-43.172031
MARCOS CAVALCANTI,2024-07-15 13:17:51,273.9,11.8,-23.391753,-43.245453
MARCOS CAVALCANTI,2024-07-15 13:36:42,276.3,11.9,-23.385035,-43.312326
MARCOS CAVALCANTI,2024-07-15 14:26:53,275.8,12.3,-23.352053,-43.490783
MARCOS CAVALCANTI,2024-07-15 14:31:01,274.9,12.3,-23.350495,-43.506016
MARCOS CAVALCANTI,2024-07-15 14:40:52,273.9,12.5,-23.346751,-43.54251
MARCOS CAVALCANTI,2024-07-15 15:19:50,275.7,12.4,-23.33317,-43.688776
MARCOS CAVALCANTI,2024-07-15 15:23:11,277.9,12.4,-23.331941,-43.701348
MARCOS CAVALCANTI,2024-07-15 16:25:33,274.1,12.3,-23.310183,-43.932016
MARCOS CAVALCANTI,2024-07-15 17:12:28,271.3,12.3,-23.300528,-44.105761
MARCOS CAVALCANTI,2024-07-15 17:13:09,267.1,12.4,-23.300581,-44.10829
MARCOS CAVALCANTI,2024-07-15 17:15:39,268.9,12.3,-23.300816,-44.117643
MARCOS CAVALCANTI,2024-07-15 17:16:09,270.4,12.3,-23.30085,-44.119438
MARCOS CAVALCANTI,2024-07-15 17:16:29,268.2,12.3,-23.300886,-44.120673
MARCOS CAVALCANTI,2024-07-15 18:02:32,283.7,11.6,-23.273473,-44.287791
MARCOS CAVALCANTI,2024-07-15 18:30:12,281.1,10.7,-23.258181,-44.36698
MARCOS CAVALCANTI,2024-07-15 18:33:22,279.8,11.0,-23.256148,-44.377175
MARCOS CAVALCANTI,2024-07-15 19:05:31,339.9,7.3,-23.188088,-44.421345
MARCOS CAVALCANTI,2024-07-15 19:12:01,339.4,7.0,-23.175933,-44.426113
MARCOS CAVALCANTI,2024-07-15 19:36:52,319.7,5.3,-23.136646,-44.453355
MARCOS CAVALCANTI,2024-07-15 19:40:12,325.4,4.9,-23.133001,-44.456633
MARCOS CAVALCANTI,2024-07-15 19:48:42,328.8,4.3,-23.124701,-44.463936
MARCOS CAVALCANTI,2024-07-15 19:50:12,310.1,4.2,-23.123311,-44.465218
MARCOS CAVALCANTI,2024-07-15 20:14:32,18.3,0.4,-23.124818,-44.47215
MARCOS CAVALCANTI,2024-07-15 20:19:39,284.1,0.1,-23.124681,-44.472571
MARCOS CAVALCANTI,2024-07-15 23:19:09,229.4,0.1,-23.124185,-44.473818
MARCOS CAVALCANTI,2024-07-16 17:02:50,100.6,8.2,-23.139528,-44.455606
MARCOS CAVALCANTI,2024-07-16 17:03:09,99.3,8.2,-23.139673,-44.45483
MARCOS CAVALCANTI,2024-07-16 17:18:28,96.0,10.0,-23.143766,-44.409406
MARCOS CAVALCANTI,2024-07-16 17:31:29,49.3,9.2,-23.130123,-44.380485
MARCOS CAVALCANTI,2024-07-16 17:36:40,64.4,9.3,-23.123026,-44.368435
MARCOS CAVALCANTI,2024-07-16 18:09:50,77.8,11.5,-23.086095,-44.275501
MARCOS CAVALCANTI,2024-07-16 18:11:59,76.6,10.9,-23.084565,-44.268446
MARCOS CAVALCANTI,2024-07-16 18:48:48,264.1,1.0,-23.059468,-44.225073
MARCOS CAVALCANTI,2024-07-16 18:51:40,238.1,1.1,-23.059776,-44.2259
MARCOS CAVALCANTI,2024-07-19 07:12:18,240.8,9.7,-23.074265,-44.247801
MARCOS CAVALCANTI,2024-07-19 07:16:18,232.2,10.8,-23.080841,-44.258093
MARCOS CAVALCANTI,2024-07-19 07:41:39,246.0,8.2,-23.10699,-44.329838
MARCOS CAVALCANTI,2024-07-19 08:09:26,241.2,5.2,-23.132286,-44.385735
MARCOS CAVALCANTI,2024-07-19 08:13:18,304.3,2.8,-23.132406,-44.389676
MARCOS CAVALCANTI,2024-07-19 09:54:15,100.3,0.1,-23.126703,-44.404011
MARCOS CAVALCANTI,2024-07-19 21:59:05,66.0,13.2,-23.092588,-44.293125
MARCOS CAVALCANTI,2024-07-19 22:01:15,65.4,12.1,-23.08945,-44.285668
MARCOS CAVALCANTI,2024-07-19 22:32:25,66.6,2.8,-23.063761,-44.233125
MARCOS CAVALCANTI,2024-07-21 18:59:49,143.9,1.7,-23.063233,-44.229396
MARCOS CAVALCANTI,2024-07-21 19:05:37,244.1,3.1,-23.065735,-44.231406
MARCOS CAVALCANTI,2024-07-21 19:12:26,236.6,6.5,-23.070058,-44.240855
MARCOS CAVALCANTI,2024-07-21 19:52:15,245.6,10.5,-23.11574,-44.35079
MARCOS CAVALCANTI,2024-07-21 19:55:15,249.4,10.9,-23.119205,-44.35965
MARCOS CAVALCANTI,2024-07-21 20:00:44,214.6,10.3,-23.126821,-44.375553
MARCOS CAVALCANTI,2024-07-21 20:03:36,218.7,10.7,-23.13367,-44.38066
MARCOS CAVALCANTI,2024-07-21 21:24:06,178.6,13.1,-23.399758,-44.423901
MARCOS CAVALCANTI,2024-07-21 21:46:05,184.8,12.9,-23.479478,-44.428555
MARCOS CAVALCANTI,2024-07-21 21:59:36,184.2,12.8,-23.527643,-44.432813
MARCOS CAVALCANTI,2024-07-21 22:31:16,212.8,12.9,-23.632308,-44.466213
MARCOS CAVALCANTI,2024-07-21 22:35:26,213.0,13.0,-23.64499,-44.475018
MARCOS CAVALCANTI,2024-07-21 22:50:36,209.5,13.1,-23.692173,-44.505635
MARCOS CAVALCANTI,2024-07-21 22:53:36,210.2,13.1,-23.701593,-44.511595
MARCOS CAVALCANTI,2024-07-21 22:56:56,209.6,13.1,-23.712048,-44.51824
MARCOS CAVALCANTI,2024-07-21 23:11:27,210.2,13.0,-23.757783,-44.546465
MARCOS CAVALCANTI,2024-07-21 23:23:56,209.6,12.8,-23.796995,-44.570278
MARCOS CAVALCANTI,2024-07-21 23:27:16,208.8,12.7,-23.807351,-44.576611
MARCOS CAVALCANTI,2024-07-21 23:42:37,209.1,12.4,-23.854268,-44.605165
MARCOS CAVALCANTI,2024-07-21 23:44:47,208.6,12.4,-23.860786,-44.609108
MARCOS CAVALCANTI,2024-07-21 23:58:57,209.3,12.2,-23.903161,-44.634886
MARCOS CAVALCANTI,2024-07-22 00:05:17,209.1,12.2,-23.921925,-44.64631
MARCOS CAVALCANTI,2024-07-22 00:16:06,209.1,12.1,-23.954025,-44.665883
MARCOS CAVALCANTI,2024-07-22 00:22:35,209.1,12.1,-23.973171,-44.677441
MARCOS CAVALCANTI,2024-07-22 00:26:26,211.0,12.1,-23.98442,-44.684553
MARCOS CAVALCANTI,2024-07-22 00:33:26,210.9,12.1,-24.004536,-44.697646
MARCOS CAVALCANTI,2024-07-22 00:37:17,210.5,12.1,-24.015731,-44.70494
MARCOS CAVALCANTI,2024-07-22 00:41:47,210.3,12.1,-24.028688,-44.713343
MARCOS CAVALCANTI,2024-07-22 00:45:56,213.4,12.0,-24.04065,-44.721178
MARCOS CAVALCANTI,2024-07-22 00:50:27,213.4,12.0,-24.053231,-44.730183
MARCOS CAVALCANTI,2024-07-22 00:54:27,212.6,12.0,-24.064421,-44.73812
MARCOS CAVALCANTI,2024-07-22 01:26:46,213.8,11.9,-24.154226,-44.80279
MARCOS CAVALCANTI,2024-07-22 01:31:47,213.7,11.9,-24.168085,-44.812826
MARCOS CAVALCANTI,2024-07-22 01:44:47,213.4,12.0,-24.20421,-44.83898
MARCOS CAVALCANTI,2024-07-22 01:45:15,213.1,12.0,-24.20547,-44.839885
MARCOS CAVALCANTI,2024-07-22 01:46:15,212.8,12.0,-24.208215,-44.841863
MARCOS CAVALCANTI,2024-07-22 01:52:16,212.9,12.0,-24.224936,-44.853856
MARCOS CAVALCANTI,2024-07-22 02:17:37,195.0,12.0,-24.297731,-44.899773
MARCOS CAVALCANTI,2024-07-22 02:24:37,195.3,12.2,-24.32048,-44.906776
MARCOS CAVALCANTI,2024-07-22 02:37:47,202.6,12.3,-24.362143,-44.924438
MARCOS CAVALCANTI,2024-07-22 03:12:26,216.4,12.8,-24.464623,-44.994126
MARCOS CAVALCANTI,2024-07-22 03:24:57,216.9,13.0,-24.500713,-45.023566
MARCOS CAVALCANTI,2024-07-22 04:02:17,215.0,12.5,-24.605278,-45.112678
MARCOS CAVALCANTI,2024-07-22 04:09:17,213.1,12.4,-24.625588,-45.127473
MARCOS CAVALCANTI,2024-07-22 04:21:06,210.9,12.5,-24.660553,-45.151163
MARCOS CAVALCANTI,2024-07-22 04:38:45,209.0,12.6,-24.714096,-45.185003
MARCOS CAVALCANTI,2024-07-22 04:41:46,209.5,12.6,-24.723336,-45.190666
MARCOS CAVALCANTI,2024-07-22 04:44:27,207.3,12.6,-24.731673,-45.195571
MARCOS CAVALCANTI,2024-07-22 05:32:15,212.3,12.5,-24.877503,-45.286461
MARCOS CAVALCANTI,2024-07-22 05:32:35,213.1,12.4,-24.878473,-45.28715
MARCOS CAVALCANTI,2024-07-22 05:33:35,211.9,12.4,-24.88144,-45.289255
MARCOS CAVALCANTI,2024-07-22 05:34:44,211.9,12.4,-24.884801,-45.291556
MARCOS CAVALCANTI,2024-07-22 05:35:06,211.3,12.3,-24.88593,-45.292318
MARCOS CAVALCANTI,2024-07-22 05:59:57,214.8,12.5,-24.958651,-45.342475
MARCOS CAVALCANTI,2024-07-22 06:03:27,213.0,12.5,-24.968755,-45.350073
MARCOS CAVALCANTI,2024-07-22 06:08:26,214.0,12.4,-24.98315,-45.360868
MARCOS CAVALCANTI,2024-07-22 06:25:17,216.5,12.5,-25.030885,-45.398555
MARCOS CAVALCANTI,2024-07-22 06:30:17,217.2,12.6,-25.0449,-45.409995
MARCOS CAVALCANTI,2024-07-22 06:57:26,210.3,12.7,-25.124138,-45.468448
MARCOS CAVALCANTI,2024-07-22 07:42:47,209.8,13.1,-25.265191,-45.560871
MARCOS CAVALCANTI,2024-07-22 07:47:37,209.6,13.1,-25.280448,-45.57072
MARCOS CAVALCANTI,2024-07-22 08:07:05,209.3,13.3,-25.34247,-45.61008
MARCOS CAVALCANTI,2024-07-22 08:10:45,209.0,13.3,-25.354171,-45.617458
MARCOS CAVALCANTI,2024-07-22 08:39:05,208.9,13.5,-25.446071,-45.674928
MARCOS CAVALCANTI,2024-07-22 09:18:16,211.1,13.4,-25.572443,-45.75665
MARCOS CAVALCANTI,2024-07-22 09:33:57,211.6,13.2,-25.621738,-45.790005
MARCOS CAVALCANTI,2024-07-22 09:36:06,211.8,13.2,-25.628465,-45.794553
MARCOS CAVALCANTI,2024-07-22 10:17:14,211.8,12.9,-25.755366,-45.881535
MARCOS CAVALCANTI,2024-07-22 11:02:16,210.7,12.7,-25.892311,-45.974318
MARCOS CAVALCANTI,2024-07-22 11:04:56,211.3,12.6,-25.900451,-45.979713
MARCOS CAVALCANTI,2024-07-22 11:12:07,210.2,12.7,-25.921976,-45.99418
MARCOS CAVALCANTI,2024-07-22 11:21:25,211.1,12.7,-25.950068,-46.01296
MARCOS CAVALCANTI,2024-07-22 12:04:16,215.7,13.2,-26.077578,-46.104465
MARCOS CAVALCANTI,2024-07-22 12:21:36,215.9,13.6,-26.130641,-46.146218
MARCOS CAVALCANTI,2024-07-22 12:22:15,215.7,13.7,-26.132658,-46.147801
MARCOS CAVALCANTI,2024-07-22 12:29:34,214.8,13.6,-26.155306,-46.165473
MARCOS CAVALCANTI,2024-07-22 12:30:15,216.4,13.5,-26.15741,-46.167125
MARCOS CAVALCANTI,2024-07-22 12:34:34,214.7,13.5,-26.170703,-46.177488
MARCOS CAVALCANTI,2024-07-22 12:34:56,214.4,13.6,-26.17185,-46.178386
MARCOS CAVALCANTI,2024-07-22 12:51:56,212.6,13.3,-26.224701,-46.216853
MARCOS CAVALCANTI,2024-07-22 12:55:17,213.0,13.2,-26.235143,-46.224258
MARCOS CAVALCANTI,2024-07-22 12:56:36,212.4,13.3,-26.239263,-46.22714
MARCOS CAVALCANTI,2024-07-22 12:57:37,212.4,13.3,-26.242405,-46.229285
MARCOS CAVALCANTI,2024-07-22 13:00:17,212.5,13.2,-26.250825,-46.235081
MARCOS CAVALCANTI,2024-07-22 13:02:54,211.9,13.3,-26.259063,-46.24069
MARCOS CAVALCANTI,2024-07-22 13:02:56,211.9,13.3,-26.259063,-46.24069
MARCOS CAVALCANTI,2024-07-22 13:03:53,210.7,13.3,-26.262246,-46.24285
MARCOS CAVALCANTI,2024-07-22 13:06:06,212.2,13.1,-26.269083,-46.247556
MARCOS CAVALCANTI,2024-07-22 13:46:45,210.9,13.5,-26.398405,-46.334445
MARCOS CAVALCANTI,2024-07-22 13:49:35,211.4,13.5,-26.40748,-46.340505
MARCOS CAVALCANTI,2024-07-22 14:04:14,211.0,13.5,-26.45493,-46.371928
MARCOS CAVALCANTI,2024-07-22 14:07:34,210.2,13.4,-26.465828,-46.378945
MARCOS CAVALCANTI,2024-07-22 14:39:17,207.9,13.4,-26.569175,-46.444216
MARCOS CAVALCANTI,2024-07-22 15:25:01,210.6,12.9,-26.71415,-46.538188
MARCOS CAVALCANTI,2024-07-22 15:33:40,212.1,13.1,-26.741466,-46.555961
MARCOS CAVALCANTI,2024-07-22 16:16:25,213.6,12.7,-26.874095,-46.645481
MARCOS CAVALCANTI,2024-07-22 16:19:46,214.7,12.6,-26.883911,-46.65287
MARCOS CAVALCANTI,2024-07-22 16:26:46,213.5,12.6,-26.904318,-46.66824
MARCOS CAVALCANTI,2024-07-22 16:29:17,216.0,12.6,-26.91167,-46.673793
MARCOS CAVALCANTI,2024-07-22 16:53:46,215.9,12.6,-26.982516,-46.72835
MARCOS CAVALCANTI,2024-07-22 16:57:17,215.5,12.7,-26.99253,-46.736311
MARCOS CAVALCANTI,2024-07-22 17:23:24,214.0,12.4,-27.068008,-46.793171
MARCOS CAVALCANTI,2024-07-22 17:23:26,214.0,12.4,-27.068008,-46.793171
MARCOS CAVALCANTI,2024-07-22 17:23:55,214.3,12.4,-27.069553,-46.794308
MARCOS CAVALCANTI,2024-07-22 17:24:24,213.6,12.4,-27.070945,-46.795333
MARCOS CAVALCANTI,2024-07-22 17:26:55,215.1,12.4,-27.078136,-46.80076
MARCOS CAVALCANTI,2024-07-22 17:27:45,213.8,12.4,-27.080581,-46.80259
MARCOS CAVALCANTI,2024-07-22 17:27:55,212.8,12.5,-27.081015,-46.802915
MARCOS CAVALCANTI,2024-07-22 17:30:24,214.2,12.4,-27.088198,-46.808355
MARCOS CAVALCANTI,2024-07-22 17:38:33,214.0,12.5,-27.111708,-46.826123
MARCOS CAVALCANTI,2024-07-22 17:42:33,209.9,12.5,-27.123456,-46.834668
MARCOS CAVALCANTI,2024-07-22 17:44:33,211.6,12.5,-27.129388,-46.838666
MARCOS CAVALCANTI,2024-07-22 18:05:36,210.8,12.6,-27.192151,-46.881396
MARCOS CAVALCANTI,2024-07-22 18:08:36,210.9,12.6,-27.201136,-46.887516
MARCOS CAVALCANTI,2024-07-22 18:08:56,210.9,12.6,-27.202136,-46.888203
MARCOS CAVALCANTI,2024-07-22 18:31:06,211.0,12.7,-27.269208,-46.933661
MARCOS CAVALCANTI,2024-07-22 18:37:26,211.3,12.7,-27.288495,-46.94661
MARCOS CAVALCANTI,2024-07-22 18:42:07,209.2,12.8,-27.302738,-46.956121
MARCOS CAVALCANTI,2024-07-22 18:56:16,210.2,12.6,-27.346046,-46.984251
MARCOS CAVALCANTI,2024-07-22 18:58:17,211.8,12.6,-27.352155,-46.988243
MARCOS CAVALCANTI,2024-07-22 19:17:57,207.7,12.5,-27.412168,-47.027151
MARCOS CAVALCANTI,2024-07-22 19:45:35,208.0,12.6,-27.498338,-47.080008
MARCOS CAVALCANTI,2024-07-22 19:48:55,208.0,12.7,-27.508611,-47.08638
MARCOS CAVALCANTI,2024-07-22 19:53:47,208.0,12.9,-27.523691,-47.095785
MARCOS CAVALCANTI,2024-07-22 19:58:46,209.9,12.7,-27.539065,-47.105448
MARCOS CAVALCANTI,2024-07-22 20:19:36,210.1,12.4,-27.602546,-47.145941
MARCOS CAVALCANTI,2024-07-22 20:24:07,208.6,12.5,-27.616086,-47.154673
MARCOS CAVALCANTI,2024-07-22 20:40:47,212.6,12.5,-27.666378,-47.18681
MARCOS CAVALCANTI,2024-07-22 20:43:27,211.6,12.5,-27.67428,-47.192391
MARCOS CAVALCANTI,2024-07-22 20:57:36,213.2,12.7,-27.716225,-47.222303
MARCOS CAVALCANTI,2024-07-22 21:02:07,211.5,12.7,-27.729625,-47.232066
MARCOS CAVALCANTI,2024-07-22 21:28:16,211.3,12.9,-27.808518,-47.2889
MARCOS CAVALCANTI,2024-07-22 21:29:57,213.0,12.9,-27.813591,-47.29256
MARCOS CAVALCANTI,2024-07-22 21:33:35,213.2,12.9,-27.824715,-47.300433
MARCOS CAVALCANTI,2024-07-22 21:35:46,211.7,13.0,-27.831441,-47.305193
MARCOS CAVALCANTI,2024-07-22 22:02:46,212.6,12.9,-27.912996,-47.36352
MARCOS CAVALCANTI,2024-07-22 22:05:47,212.2,12.8,-27.922045,-47.369926
MARCOS CAVALCANTI,2024-07-22 22:42:26,213.6,13.2,-28.03431,-47.4505
MARCOS CAVALCANTI,2024-07-22 23:00:14,211.7,12.9,-28.089255,-47.490028
MARCOS CAVALCANTI,2024-07-22 23:11:37,210.7,12.9,-28.124251,-47.514391
MARCOS CAVALCANTI,2024-07-22 23:17:27,211.8,12.9,-28.142043,-47.526895
MARCOS CAVALCANTI,2024-07-22 23:20:27,212.2,12.8,-28.15113,-47.533378
MARCOS CAVALCANTI,2024-07-22 23:30:57,212.9,12.9,-28.182886,-47.556048
MARCOS CAVALCANTI,2024-07-22 23:43:06,211.3,13.0,-28.219881,-47.582305
MARCOS CAVALCANTI,2024-07-22 23:48:25,211.1,13.0,-28.236371,-47.593663
MARCOS CAVALCANTI,2024-07-23 00:08:35,211.9,12.8,-28.297483,-47.637506
MARCOS CAVALCANTI,2024-07-23 00:08:45,211.5,12.9,-28.298038,-47.637896
MARCOS CAVALCANTI,2024-07-23 00:08:55,211.9,12.9,-28.29849,-47.638218
MARCOS CAVALCANTI,2024-07-23 00:25:16,211.6,12.9,-28.348196,-47.6733
MARCOS CAVALCANTI,2024-07-23 00:32:46,211.1,12.8,-28.371165,-47.689296
MARCOS CAVALCANTI,2024-07-23 00:41:15,212.5,12.9,-28.397028,-47.707438
MARCOS CAVALCANTI,2024-07-23 00:43:36,211.1,13.0,-28.40412,-47.71247
MARCOS CAVALCANTI,2024-07-23 00:45:46,212.5,13.0,-28.410756,-47.717161
MARCOS CAVALCANTI,2024-07-23 00:49:06,212.8,13.1,-28.421005,-47.724478
MARCOS CAVALCANTI,2024-07-23 00:59:35,211.7,13.1,-28.453111,-47.747521
MARCOS CAVALCANTI,2024-07-23 01:03:17,213.8,13.0,-28.464348,-47.755765
MARCOS CAVALCANTI,2024-07-23 01:06:37,213.4,13.0,-28.47445,-47.76321
MARCOS CAVALCANTI,2024-07-23 01:19:36,213.8,12.8,-28.51352,-47.791818
MARCOS CAVALCANTI,2024-07-23 01:26:45,213.7,12.7,-28.53454,-47.807655
MARCOS CAVALCANTI,2024-07-23 01:26:46,213.7,12.7,-28.53454,-47.807655
MARCOS CAVALCANTI,2024-07-23 01:28:36,212.7,12.7,-28.539943,-47.81176
MARCOS CAVALCANTI,2024-07-23 01:29:56,213.7,12.6,-28.543795,-47.814693
MARCOS CAVALCANTI,2024-07-23 01:30:16,215.0,12.6,-28.544816,-47.81547
MARCOS CAVALCANTI,2024-07-23 01:31:36,215.1,12.6,-28.54869,-47.818455
MARCOS CAVALCANTI,2024-07-23 01:31:55,213.1,12.6,-28.549611,-47.819158
MARCOS CAVALCANTI,2024-07-23 01:32:16,212.9,12.7,-28.550585,-47.819901
MARCOS CAVALCANTI,2024-07-23 01:33:25,214.2,12.7,-28.553955,-47.82243
MARCOS CAVALCANTI,2024-07-23 01:34:36,213.1,12.6,-28.55746,-47.825086
MARCOS CAVALCANTI,2024-07-23 01:42:46,212.7,12.6,-28.581483,-47.842865
MARCOS CAVALCANTI,2024-07-23 01:49:54,210.9,12.6,-28.602553,-47.858036
MARCOS CAVALCANTI,2024-07-23 01:51:34,211.3,12.6,-28.607521,-47.861546
MARCOS CAVALCANTI,2024-07-23 01:58:37,212.8,12.7,-28.628343,-47.876501
MARCOS CAVALCANTI,2024-07-23 02:10:37,213.1,12.7,-28.664098,-47.902305
MARCOS CAVALCANTI,2024-07-23 02:33:37,211.5,12.8,-28.734158,-47.951178
MARCOS CAVALCANTI,2024-07-23 02:44:56,211.0,12.8,-28.768688,-47.975136
MARCOS CAVALCANTI,2024-07-23 03:04:36,210.9,12.6,-28.828166,-48.015826
MARCOS CAVALCANTI,2024-07-23 03:08:06,212.4,12.7,-28.838698,-48.023085
MARCOS CAVALCANTI,2024-07-23 03:10:17,211.9,12.8,-28.845308,-48.027776
MARCOS CAVALCANTI,2024-07-23 03:14:15,212.7,12.9,-28.857198,-48.036508
MARCOS CAVALCANTI,2024-07-23 04:15:56,208.6,12.1,-29.037125,-48.168363
MARCOS CAVALCANTI,2024-07-23 04:18:56,207.9,12.1,-29.046003,-48.173961
MARCOS CAVALCANTI,2024-07-23 04:46:27,208.1,12.3,-29.129173,-48.22384
MARCOS CAVALCANTI,2024-07-23 04:55:26,210.1,12.3,-29.155951,-48.240798
MARCOS CAVALCANTI,2024-07-23 04:55:57,210.7,12.2,-29.15755,-48.241858
MARCOS CAVALCANTI,2024-07-23 05:25:35,212.5,12.1,-29.243328,-48.301916
MARCOS CAVALCANTI,2024-07-23 05:48:55,213.7,11.9,-29.309356,-48.350148
MARCOS CAVALCANTI,2024-07-23 05:52:55,212.4,11.9,-29.320421,-48.358361
MARCOS CAVALCANTI,2024-07-23 05:53:14,211.9,11.9,-29.321371,-48.35906
MARCOS CAVALCANTI,2024-07-23 05:54:07,213.0,11.9,-29.323721,-48.360801
MARCOS CAVALCANTI,2024-07-23 05:56:26,213.2,11.9,-29.33014,-48.365633
MARCOS CAVALCANTI,2024-07-23 06:33:16,208.8,12.4,-29.436343,-48.438395
MARCOS CAVALCANTI,2024-07-23 06:40:36,209.6,12.6,-29.45867,-48.452673
MARCOS CAVALCANTI,2024-07-23 06:41:36,208.9,12.6,-29.461695,-48.454593
MARCOS CAVALCANTI,2024-07-23 06:44:56,208.7,12.7,-29.472021,-48.46108
MARCOS CAVALCANTI,2024-07-23 07:11:56,208.8,13.0,-29.557343,-48.514463
MARCOS CAVALCANTI,2024-07-23 07:41:17,212.8,12.8,-29.648495,-48.576715
MARCOS CAVALCANTI,2024-07-23 07:44:16,212.7,12.9,-29.657515,-48.58327
MARCOS CAVALCANTI,2024-07-23 08:14:17,213.1,13.2,-29.747783,-48.65065
MARCOS CAVALCANTI,2024-07-23 08:17:07,213.4,13.1,-29.756318,-48.657211
MARCOS CAVALCANTI,2024-07-23 08:22:47,213.6,13.1,-29.773593,-48.67051
MARCOS CAVALCANTI,2024-07-23 08:25:37,214.0,13.2,-29.782163,-48.677103
MARCOS CAVALCANTI,2024-07-23 08:37:07,214.3,13.3,-29.817238,-48.704386
MARCOS CAVALCANTI,2024-07-23 08:49:57,216.0,13.1,-29.855581,-48.735576
MARCOS CAVALCANTI,2024-07-23 10:12:26,210.9,12.6,-30.10404,-48.919166
MARCOS CAVALCANTI,2024-07-23 10:13:26,210.8,12.6,-30.10705,-48.921238
MARCOS CAVALCANTI,2024-07-23 10:17:06,210.7,12.6,-30.118135,-48.928751
MARCOS CAVALCANTI,2024-07-23 10:52:46,210.1,12.4,-30.22604,-48.998411
MARCOS CAVALCANTI,2024-07-23 10:53:34,208.3,12.5,-30.22846,-48.999971
MARCOS CAVALCANTI,2024-07-23 10:53:46,209.9,12.5,-30.229065,-49.00037
MARCOS CAVALCANTI,2024-07-23 11:01:27,210.7,12.5,-30.252021,-49.015595
MARCOS CAVALCANTI,2024-07-23 11:49:26,213.6,12.5,-30.396921,-49.115076
MARCOS CAVALCANTI,2024-07-23 11:58:57,211.3,12.5,-30.424986,-49.135251
MARCOS CAVALCANTI,2024-07-23 11:59:27,211.7,12.5,-30.42652,-49.136353
MARCOS CAVALCANTI,2024-07-23 12:01:57,211.3,12.5,-30.433915,-49.141611
MARCOS CAVALCANTI,2024-07-23 12:02:56,212.1,12.4,-30.436875,-49.143716
MARCOS CAVALCANTI,2024-07-23 12:07:25,210.9,12.4,-30.450003,-49.152966
MARCOS CAVALCANTI,2024-07-23 12:08:16,213.2,12.3,-30.452478,-49.154735
MARCOS CAVALCANTI,2024-07-23 12:09:25,212.8,12.3,-30.455875,-49.15713
MARCOS CAVALCANTI,2024-07-23 12:25:26,210.3,12.1,-30.502635,-49.189406
MARCOS CAVALCANTI,2024-07-23 12:26:55,209.9,12.3,-30.506981,-49.19235
MARCOS CAVALCANTI,2024-07-23 12:27:36,209.6,12.2,-30.50904,-49.193743
MARCOS CAVALCANTI,2024-07-23 12:27:56,211.1,12.2,-30.51002,-49.194416
MARCOS CAVALCANTI,2024-07-23 12:28:26,210.7,12.2,-30.511486,-49.195411
MARCOS CAVALCANTI,2024-07-23 12:30:36,210.5,12.2,-30.51786,-49.199736
MARCOS CAVALCANTI,2024-07-23 12:30:45,210.2,12.2,-30.518291,-49.200026
MARCOS CAVALCANTI,2024-07-23 12:31:26,211.2,12.2,-30.520286,-49.20139
MARCOS CAVALCANTI,2024-07-23 12:31:36,211.2,12.2,-30.520778,-49.201725
MARCOS CAVALCANTI,2024-07-23 12:44:57,211.6,12.2,-30.559723,-49.228443
MARCOS CAVALCANTI,2024-07-23 12:51:16,210.8,12.2,-30.578088,-49.241228
MARCOS CAVALCANTI,2024-07-23 13:21:37,211.7,12.1,-30.665193,-49.303068
MARCOS CAVALCANTI,2024-07-23 13:36:37,210.7,12.3,-30.708648,-49.333868
MARCOS CAVALCANTI,2024-07-23 13:43:16,212.0,12.3,-30.727963,-49.34736
MARCOS CAVALCANTI,2024-07-23 14:00:36,214.2,12.6,-30.778396,-49.385331
MARCOS CAVALCANTI,2024-07-23 14:01:16,215.4,12.5,-30.780318,-49.386856
MARCOS CAVALCANTI,2024-07-23 14:24:36,214.1,12.6,-30.847976,-49.440288
MARCOS CAVALCANTI,2024-07-23 14:32:07,213.4,12.5,-30.869781,-49.457553
MARCOS CAVALCANTI,2024-07-23 15:22:07,210.2,12.2,-31.015525,-49.564601
MARCOS CAVALCANTI,2024-07-23 15:24:37,212.6,12.5,-31.022858,-49.569863
MARCOS CAVALCANTI,2024-07-23 15:27:24,212.9,12.2,-31.031031,-49.575748
MARCOS CAVALCANTI,2024-07-23 15:28:16,212.3,12.2,-31.033428,-49.577491
MARCOS CAVALCANTI,2024-07-23 15:33:17,211.4,12.2,-31.04791,-49.587881
MARCOS CAVALCANTI,2024-07-23 16:05:23,212.6,12.5,-31.141745,-49.657253
MARCOS CAVALCANTI,2024-07-23 16:07:23,213.5,12.5,-31.147643,-49.661656
MARCOS CAVALCANTI,2024-07-23 16:10:37,212.3,12.5,-31.1571,-49.668421
MARCOS CAVALCANTI,2024-07-23 16:16:07,212.2,12.6,-31.173531,-49.680463
MARCOS CAVALCANTI,2024-07-23 16:18:46,212.5,12.5,-31.181275,-49.686238
MARCOS CAVALCANTI,2024-07-23 16:31:07,211.5,12.4,-31.217706,-49.71265
MARCOS CAVALCANTI,2024-07-23 17:01:56,210.9,12.4,-31.308655,-49.777278
MARCOS CAVALCANTI,2024-07-23 17:05:24,210.5,12.5,-31.318841,-49.78465
MARCOS CAVALCANTI,2024-07-23 17:34:26,212.9,12.3,-31.40363,-49.84695
MARCOS CAVALCANTI,2024-07-23 17:43:25,214.6,12.4,-31.42964,-49.866593
MARCOS CAVALCANTI,2024-07-23 17:57:36,215.2,12.5,-31.470723,-49.898436
MARCOS CAVALCANTI,2024-07-23 18:14:14,214.6,12.6,-31.519005,-49.936875
MARCOS CAVALCANTI,2024-07-23 18:14:34,214.9,12.6,-31.519905,-49.937618
MARCOS CAVALCANTI,2024-07-23 18:15:16,215.1,12.6,-31.521813,-49.939176
MARCOS CAVALCANTI,2024-07-23 18:19:46,214.0,12.5,-31.534786,-49.949615
MARCOS CAVALCANTI,2024-07-23 18:47:56,207.8,12.5,-31.617593,-50.011675
MARCOS CAVALCANTI,2024-07-23 18:51:27,208.7,12.5,-31.628293,-50.01867
MARCOS CAVALCANTI,2024-07-23 18:53:37,209.2,12.5,-31.634835,-50.022916
MARCOS CAVALCANTI,2024-07-23 18:54:26,209.1,12.5,-31.637436,-50.024586
MARCOS CAVALCANTI,2024-07-23 19:19:16,208.6,12.7,-31.713915,-50.073606
MARCOS CAVALCANTI,2024-07-23 19:53:57,207.3,12.9,-31.822111,-50.142046
MARCOS CAVALCANTI,2024-07-23 19:58:25,206.5,12.8,-31.836253,-50.150645
MARCOS CAVALCANTI,2024-07-23 20:01:06,205.9,12.8,-31.84477,-50.155718
MARCOS CAVALCANTI,2024-07-23 20:03:46,208.8,12.8,-31.853281,-50.1608
MARCOS CAVALCANTI,2024-07-23 20:31:16,210.5,12.7,-31.936576,-50.219435
MARCOS CAVALCANTI,2024-07-23 20:37:15,210.3,12.8,-31.954901,-50.231993
MARCOS CAVALCANTI,2024-07-23 21:06:37,209.7,12.9,-32.045883,-50.294325
MARCOS CAVALCANTI,2024-07-23 21:11:46,210.8,12.9,-32.061905,-50.30533
MARCOS CAVALCANTI,2024-07-23 21:41:45,211.0,12.9,-32.154521,-50.370061
MARCOS CAVALCANTI,2024-07-23 21:44:16,212.3,12.8,-32.162208,-50.37559
MARCOS CAVALCANTI,2024-07-23 21:48:06,213.0,12.7,-32.173753,-50.384023
MARCOS CAVALCANTI,2024-07-23 21:58:15,212.8,12.6,-32.203835,-50.406565
MARCOS CAVALCANTI,2024-07-23 22:19:45,212.0,12.5,-32.266735,-50.454038
MARCOS CAVALCANTI,2024-07-23 22:47:36,213.3,12.5,-32.34779,-50.515851
MARCOS CAVALCANTI,2024-07-23 22:49:46,213.2,12.5,-32.354053,-50.520685
MARCOS CAVALCANTI,2024-07-23 22:57:36,213.0,12.5,-32.376863,-50.538218
MARCOS CAVALCANTI,2024-07-23 23:08:56,213.1,12.4,-32.409611,-50.5637
MARCOS CAVALCANTI,2024-07-23 23:11:15,213.4,12.5,-32.416323,-50.569028
MARCOS CAVALCANTI,2024-07-23 23:16:27,213.8,12.5,-32.43132,-50.580775
MARCOS CAVALCANTI,2024-07-23 23:23:05,212.5,12.5,-32.450551,-50.595968
MARCOS CAVALCANTI,2024-07-23 23:25:55,214.1,12.5,-32.458706,-50.60232
MARCOS CAVALCANTI,2024-07-23 23:33:35,214.1,12.5,-32.48097,-50.619633
MARCOS CAVALCANTI,2024-07-23 23:40:57,213.3,12.5,-32.50237,-50.636323
MARCOS CAVALCANTI,2024-07-23 23:44:35,212.9,12.5,-32.513045,-50.644621
MARCOS CAVALCANTI,2024-07-23 23:50:47,212.3,12.6,-32.531105,-50.658528
MARCOS CAVALCANTI,2024-07-23 23:59:16,211.4,12.5,-32.556008,-50.677438
MARCOS CAVALCANTI,2024-07-24 00:00:46,212.0,12.6,-32.560448,-50.680703
MARCOS CAVALCANTI,2024-07-24 00:00:56,212.1,12.6,-32.56099,-50.681105
MARCOS CAVALCANTI,2024-07-24 00:01:24,212.2,12.6,-32.562416,-50.68216
MARCOS CAVALCANTI,2024-07-24 00:01:25,212.2,12.6,-32.562416,-50.68216
MARCOS CAVALCANTI,2024-07-24 00:01:36,212.4,12.5,-32.562958,-50.682561
MARCOS CAVALCANTI,2024-07-24 00:02:46,212.3,12.6,-32.566376,-50.685073
MARCOS CAVALCANTI,2024-07-24 00:03:46,212.2,12.6,-32.5694,-50.68728
MARCOS CAVALCANTI,2024-07-24 00:06:26,211.6,12.5,-32.57733,-50.69311
MARCOS CAVALCANTI,2024-07-24 00:19:16,212.1,12.6,-32.615656,-50.720628
MARCOS CAVALCANTI,2024-07-24 00:23:06,210.3,12.5,-32.627201,-50.728665
MARCOS CAVALCANTI,2024-07-24 00:27:56,210.9,12.6,-32.64178,-50.738808
MARCOS CAVALCANTI,2024-07-24 00:38:46,210.7,12.5,-32.674533,-50.761423
MARCOS CAVALCANTI,2024-07-24 00:51:26,209.7,12.3,-32.712263,-50.78714
MARCOS CAVALCANTI,2024-07-24 00:55:37,209.5,12.3,-32.724751,-50.795678
MARCOS CAVALCANTI,2024-07-24 01:11:36,209.7,12.0,-32.772,-50.827105
MARCOS CAVALCANTI,2024-07-24 01:12:15,209.4,12.1,-32.773915,-50.828383
MARCOS CAVALCANTI,2024-07-24 01:13:15,208.0,12.1,-32.776808,-50.830303
MARCOS CAVALCANTI,2024-07-24 01:25:15,209.1,12.3,-32.81249,-50.853573
MARCOS CAVALCANTI,2024-07-24 01:27:36,208.5,12.4,-32.819596,-50.858193
MARCOS CAVALCANTI,2024-07-24 01:30:34,208.4,12.5,-32.828645,-50.864036
MARCOS CAVALCANTI,2024-07-24 01:32:55,209.6,12.4,-32.835738,-50.868641
MARCOS CAVALCANTI,2024-07-24 01:35:36,207.6,12.5,-32.843923,-50.873918
MARCOS CAVALCANTI,2024-07-24 01:36:26,209.1,12.5,-32.846443,-50.875536
MARCOS CAVALCANTI,2024-07-24 01:37:05,208.8,12.5,-32.848426,-50.876848
MARCOS CAVALCANTI,2024-07-24 01:42:35,209.4,12.6,-32.86523,-50.8877
MARCOS CAVALCANTI,2024-07-24 01:43:35,211.7,12.5,-32.868245,-50.889756
MARCOS CAVALCANTI,2024-07-24 01:48:56,211.5,12.5,-32.88418,-50.901243
MARCOS CAVALCANTI,2024-07-24 02:00:16,213.2,12.7,-32.917816,-50.926511
MARCOS CAVALCANTI,2024-07-24 02:03:16,213.1,12.8,-32.92671,-50.933478
MARCOS CAVALCANTI,2024-07-24 02:06:47,212.7,12.7,-32.936988,-50.941566
MARCOS CAVALCANTI,2024-07-24 02:32:56,213.3,12.6,-33.013331,-51.002613
MARCOS CAVALCANTI,2024-07-24 02:35:16,214.1,12.6,-33.020103,-51.007908
MARCOS CAVALCANTI,2024-07-24 02:37:35,213.2,12.6,-33.026975,-51.013296
MARCOS CAVALCANTI,2024-07-24 02:39:56,212.5,12.6,-33.033781,-51.018626
MARCOS CAVALCANTI,2024-07-24 02:50:55,211.8,12.6,-33.066241,-51.043395
MARCOS CAVALCANTI,2024-07-24 03:11:35,211.6,12.7,-33.12918,-51.08783
MARCOS CAVALCANTI,2024-07-24 03:12:15,209.6,12.7,-33.13123,-51.089248
MARCOS CAVALCANTI,2024-07-24 03:13:56,209.9,12.7,-33.136418,-51.092758
MARCOS CAVALCANTI,2024-07-24 03:15:56,210.7,12.7,-33.142553,-51.096893
MARCOS CAVALCANTI,2024-07-24 03:19:15,209.3,12.6,-33.152591,-51.10385
MARCOS CAVALCANTI,2024-07-24 03:48:57,210.5,12.5,-33.242535,-51.165071
MARCOS CAVALCANTI,2024-07-24 03:52:26,212.0,12.6,-33.252948,-51.172558
MARCOS CAVALCANTI,2024-07-24 03:55:06,211.6,12.6,-33.260958,-51.17847
MARCOS CAVALCANTI,2024-07-24 04:23:17,214.1,12.0,-33.342216,-51.241605
MARCOS CAVALCANTI,2024-07-24 04:23:37,213.7,12.1,-33.343191,-51.242385
MARCOS CAVALCANTI,2024-07-24 04:31:15,213.6,12.0,-33.364418,-51.259366
MARCOS CAVALCANTI,2024-07-24 04:36:35,212.3,11.9,-33.379126,-51.2711
MARCOS CAVALCANTI,2024-07-24 04:37:04,211.7,12.0,-33.380593,-51.272186
MARCOS CAVALCANTI,2024-07-24 04:39:04,211.9,11.9,-33.386193,-51.276303
MARCOS CAVALCANTI,2024-07-24 04:55:26,212.3,12.0,-33.432376,-51.310763
MARCOS CAVALCANTI,2024-07-24 04:57:35,212.3,12.0,-33.438535,-51.315326
MARCOS CAVALCANTI,2024-07-24 05:31:47,214.2,12.2,-33.535995,-51.389026
MARCOS CAVALCANTI,2024-07-24 05:35:07,213.3,12.3,-33.545351,-51.396735
MARCOS CAVALCANTI,2024-07-24 05:42:37,214.2,12.1,-33.566333,-51.413691
MARCOS CAVALCANTI,2024-07-24 05:45:15,214.0,12.1,-33.57367,-51.419543
MARCOS CAVALCANTI,2024-07-24 10:52:16,213.0,12.7,-34.48819,-52.089546
MARCOS CAVALCANTI,2024-07-24 11:07:15,211.3,12.7,-34.532626,-52.124106
MARCOS CAVALCANTI,2024-07-24 11:41:16,214.3,12.6,-34.632621,-52.202146
MARCOS CAVALCANTI,2024-07-24 11:51:35,213.2,12.6,-34.66298,-52.225938
MARCOS CAVALCANTI,2024-07-24 11:52:46,212.1,12.7,-34.666513,-52.228698
MARCOS CAVALCANTI,2024-07-24 11:53:46,212.1,12.6,-34.669443,-52.231011
MARCOS CAVALCANTI,2024-07-24 12:22:46,212.8,12.3,-34.75438,-52.296946
MARCOS CAVALCANTI,2024-07-24 12:23:16,213.3,12.4,-34.755821,-52.298066
MARCOS CAVALCANTI,2024-07-24 12:24:16,213.0,12.4,-34.758711,-52.300316
MARCOS CAVALCANTI,2024-07-24 12:25:16,212.7,12.4,-34.761605,-52.302578
MARCOS CAVALCANTI,2024-07-24 12:34:46,212.0,12.4,-34.789085,-52.324148
MARCOS CAVALCANTI,2024-07-24 12:36:56,211.9,12.4,-34.795346,-52.32898
MARCOS CAVALCANTI,2024-07-24 12:38:14,213.6,12.3,-34.799173,-52.33201
MARCOS CAVALCANTI,2024-07-24 12:43:14,213.3,12.3,-34.813638,-52.343131
MARCOS CAVALCANTI,2024-07-24 13:24:57,212.0,12.1,-34.933986,-52.434378
MARCOS CAVALCANTI,2024-07-24 13:30:36,211.3,12.1,-34.950035,-52.446543
MARCOS CAVALCANTI,2024-07-24 13:31:06,212.7,12.1,-34.951488,-52.447638
MARCOS CAVALCANTI,2024-07-24 13:31:16,213.1,12.1,-34.951963,-52.447998
MARCOS CAVALCANTI,2024-07-24 13:34:46,211.5,12.1,-34.961866,-52.455551
MARCOS CAVALCANTI,2024-07-24 13:51:15,213.3,12.2,-35.008751,-52.49179
MARCOS CAVALCANTI,2024-07-24 14:21:06,208.8,12.1,-35.095951,-52.55377
MARCOS CAVALCANTI,2024-07-24 14:27:16,209.1,12.0,-35.114006,-52.566151
MARCOS CAVALCANTI,2024-07-24 14:33:54,210.2,11.9,-35.133246,-52.5795
MARCOS CAVALCANTI,2024-07-24 15:08:36,209.3,12.2,-35.234836,-52.65024
MARCOS CAVALCANTI,2024-07-24 15:10:47,208.7,12.3,-35.241371,-52.654653
MARCOS CAVALCANTI,2024-07-24 15:19:56,208.8,12.3,-35.268541,-52.673623
MARCOS CAVALCANTI,2024-07-24 15:59:27,212.1,12.2,-35.383661,-52.759183
MARCOS CAVALCANTI,2024-07-24 16:03:56,212.5,12.2,-35.396686,-52.769345
MARCOS CAVALCANTI,2024-07-24 16:06:37,213.0,12.2,-35.404353,-52.775263
MARCOS CAVALCANTI,2024-07-24 16:43:07,212.3,12.1,-35.509021,-52.85577
MARCOS CAVALCANTI,2024-07-24 16:54:57,211.5,12.2,-35.543326,-52.881511
MARCOS CAVALCANTI,2024-07-24 17:02:27,209.8,12.2,-35.565028,-52.897551
MARCOS CAVALCANTI,2024-08-20 06:42:09,31.4,14.2,-35.55721,-52.898275
MARCOS CAVALCANTI,2024-08-20 06:43:10,34.5,14.2,-35.553903,-52.89565
MARCOS CAVALCANTI,2024-08-20 06:45:33,29.4,14.3,-35.545863,-52.889303
MARCOS CAVALCANTI,2024-08-20 06:46:46,30.9,14.6,-35.541803,-52.886128
MARCOS CAVALCANTI,2024-08-20 06:47:45,32.3,14.4,-35.538398,-52.883468
MARCOS CAVALCANTI,2024-08-20 06:49:09,30.1,14.5,-35.533626,-52.879965
MARCOS CAVALCANTI,2024-08-20 06:50:03,29.5,14.5,-35.530416,-52.877765
MARCOS CAVALCANTI,2024-08-20 06:53:03,26.7,14.1,-35.519965,-52.870671
MARCOS CAVALCANTI,2024-08-20 07:17:16,31.9,14.5,-35.436275,-52.810311
MARCOS CAVALCANTI,2024-08-20 07:23:16,35.3,14.7,-35.415641,-52.794633
MARCOS CAVALCANTI,2024-08-20 07:25:34,28.8,14.4,-35.407683,-52.788713
MARCOS CAVALCANTI,2024-08-20 07:39:28,30.1,14.3,-35.36016,-52.754653
MARCOS CAVALCANTI,2024-08-20 07:41:46,31.0,14.0,-35.352361,-52.749213
MARCOS CAVALCANTI,2024-08-20 07:44:39,30.9,14.0,-35.342723,-52.742438
MARCOS CAVALCANTI,2024-08-20 07:52:10,26.9,13.7,-35.317541,-52.724676
MARCOS CAVALCANTI,2024-08-20 07:57:46,29.9,13.6,-35.298921,-52.71176
MARCOS CAVALCANTI,2024-08-20 08:00:55,29.1,14.0,-35.288265,-52.70437
MARCOS CAVALCANTI,2024-08-20 08:25:13,28.9,13.9,-35.206763,-52.646155
MARCOS CAVALCANTI,2024-08-20 08:28:01,27.7,14.1,-35.197326,-52.63937
MARCOS CAVALCANTI,2024-08-20 08:30:18,28.6,14.0,-35.189636,-52.633871
MARCOS CAVALCANTI,2024-08-20 08:32:49,30.5,13.9,-35.181238,-52.627918
MARCOS CAVALCANTI,2024-08-20 08:32:54,31.2,13.9,-35.18096,-52.627715
MARCOS CAVALCANTI,2024-08-20 08:35:18,29.7,13.7,-35.17291,-52.622061
MARCOS CAVALCANTI,2024-08-20 08:35:24,30.0,13.9,-35.17257,-52.621828
MARCOS CAVALCANTI,2024-08-20 08:38:43,29.7,13.8,-35.161571,-52.614245
MARCOS CAVALCANTI,2024-08-20 08:56:12,28.7,13.8,-35.102925,-52.573053
MARCOS CAVALCANTI,2024-08-20 08:59:17,31.3,13.7,-35.092473,-52.565753
MARCOS CAVALCANTI,2024-08-20 09:04:25,29.4,13.6,-35.075418,-52.553951
MARCOS CAVALCANTI,2024-08-20 09:09:16,28.6,13.3,-35.059553,-52.542743
MARCOS CAVALCANTI,2024-08-20 09:23:49,29.8,13.8,-35.012136,-52.50961
MARCOS CAVALCANTI,2024-08-20 09:26:14,30.2,13.7,-35.004093,-52.504
MARCOS CAVALCANTI,2024-08-20 09:28:42,30.1,13.7,-34.996126,-52.497955
MARCOS CAVALCANTI,2024-08-20 09:39:25,32.7,13.8,-34.962043,-52.47037
MARCOS CAVALCANTI,2024-08-20 09:43:19,35.8,13.7,-34.949558,-52.46026
MARCOS CAVALCANTI,2024-08-20 09:45:40,33.3,13.6,-34.942003,-52.454426
MARCOS CAVALCANTI,2024-08-20 10:07:34,35.1,13.9,-34.872135,-52.397718
MARCOS CAVALCANTI,2024-08-20 10:17:10,29.7,13.8,-34.841325,-52.373078
MARCOS CAVALCANTI,2024-08-20 10:19:16,32.9,13.8,-34.834491,-52.36789
MARCOS CAVALCANTI,2024-08-20 10:49:40,31.2,13.5,-34.737908,-52.292251
MARCOS CAVALCANTI,2024-08-20 10:53:48,33.5,13.4,-34.724895,-52.281901
MARCOS CAVALCANTI,2024-08-20 11:25:27,35.2,13.7,-34.624835,-52.201671
MARCOS CAVALCANTI,2024-08-20 11:28:59,32.6,13.7,-34.61354,-52.192788
MARCOS CAVALCANTI,2024-08-20 11:54:54,35.0,13.7,-34.530545,-52.12726
MARCOS CAVALCANTI,2024-08-20 11:56:59,33.6,13.7,-34.523845,-52.12199
MARCOS CAVALCANTI,2024-08-20 12:00:43,30.3,13.6,-34.511921,-52.11255
MARCOS CAVALCANTI,2024-08-20 12:02:43,33.7,13.5,-34.505606,-52.107745
MARCOS CAVALCANTI,2024-08-20 12:20:14,28.8,13.5,-34.44816,-52.069056
MARCOS CAVALCANTI,2024-08-20 12:26:32,28.0,13.8,-34.42717,-52.055483
MARCOS CAVALCANTI,2024-08-20 12:27:37,29.0,14.0,-34.423545,-52.052961
MARCOS CAVALCANTI,2024-08-20 12:29:49,28.3,14.0,-34.416073,-52.04787
MARCOS CAVALCANTI,2024-08-20 12:30:12,27.9,14.0,-34.414741,-52.047003
MARCOS CAVALCANTI,2024-08-20 12:33:36,29.1,13.9,-34.403051,-52.039398
MARCOS CAVALCANTI,2024-08-20 12:37:37,29.0,13.9,-34.389388,-52.030325
MARCOS CAVALCANTI,2024-08-20 12:46:14,28.3,14.0,-34.360428,-52.01052
MARCOS CAVALCANTI,2024-08-20 12:50:38,31.3,14.1,-34.3456,-52.000463
MARCOS CAVALCANTI,2024-08-20 12:55:07,31.4,14.3,-34.33051,-51.98932
MARCOS CAVALCANTI,2024-08-20 13:00:56,33.0,14.1,-34.310821,-51.975003
MARCOS CAVALCANTI,2024-08-20 13:05:49,27.6,13.9,-34.294365,-51.963573
MARCOS CAVALCANTI,2024-08-20 13:08:44,30.7,14.1,-34.284631,-51.956776
MARCOS CAVALCANTI,2024-08-20 13:10:49,32.1,14.1,-34.27762,-51.951803
MARCOS CAVALCANTI,2024-08-20 13:15:31,30.8,14.4,-34.261726,-51.940208
MARCOS CAVALCANTI,2024-08-20 13:18:01,30.2,14.3,-34.253168,-51.934058
MARCOS CAVALCANTI,2024-08-20 13:22:26,31.5,14.4,-34.238175,-51.922988
MARCOS CAVALCANTI,2024-08-20 13:28:50,32.0,14.3,-34.21635,-51.907075
MARCOS CAVALCANTI,2024-08-20 13:39:37,30.8,14.2,-34.179651,-51.880153
MARCOS CAVALCANTI,2024-08-20 13:40:07,33.3,14.2,-34.177918,-51.878868
MARCOS CAVALCANTI,2024-08-20 13:43:31,31.8,14.2,-34.16645,-51.870506
MARCOS CAVALCANTI,2024-08-20 13:46:25,27.8,13.9,-34.156791,-51.863558
MARCOS CAVALCANTI,2024-08-20 13:53:14,34.6,14.1,-34.13453,-51.845828
MARCOS CAVALCANTI,2024-08-20 13:58:43,32.3,14.1,-34.116755,-51.83107
MARCOS CAVALCANTI,2024-08-20 14:02:50,36.6,14.0,-34.103583,-51.820128
MARCOS CAVALCANTI,2024-08-20 14:06:08,36.4,13.9,-34.093025,-51.811193
MARCOS CAVALCANTI,2024-08-20 14:13:48,35.8,14.1,-34.0682,-51.790846
MARCOS CAVALCANTI,2024-08-20 14:18:01,32.5,14.0,-34.054603,-51.779745
MARCOS CAVALCANTI,2024-08-20 14:20:24,34.0,14.2,-34.046781,-51.773481
MARCOS CAVALCANTI,2024-08-20 14:30:08,33.9,14.1,-34.015193,-51.748085
MARCOS CAVALCANTI,2024-08-20 14:35:08,32.4,14.3,-33.998838,-51.734958
MARCOS CAVALCANTI,2024-08-20 14:38:26,33.1,14.1,-33.98793,-51.726201
MARCOS CAVALCANTI,2024-08-20 14:40:31,34.9,14.2,-33.98103,-51.720698
MARCOS CAVALCANTI,2024-08-20 14:49:49,29.0,14.4,-33.949988,-51.696618
MARCOS CAVALCANTI,2024-08-20 14:54:26,28.4,14.2,-33.933958,-51.685393
MARCOS CAVALCANTI,2024-08-20 15:05:49,28.0,14.3,-33.89465,-51.658201
MARCOS CAVALCANTI,2024-08-20 15:09:25,28.8,14.3,-33.882203,-51.649666
MARCOS CAVALCANTI,2024-08-20 15:15:07,30.8,14.2,-33.862643,-51.63635
MARCOS CAVALCANTI,2024-08-20 15:39:38,29.3,14.0,-33.779505,-51.577578
MARCOS CAVALCANTI,2024-08-20 15:41:50,31.5,14.1,-33.772145,-51.572211
MARCOS CAVALCANTI,2024-08-20 15:50:19,33.3,14.3,-33.743936,-51.550793
MARCOS CAVALCANTI,2024-08-20 15:58:25,30.6,14.4,-33.716636,-51.529658
MARCOS CAVALCANTI,2024-08-20 16:02:50,33.2,14.4,-33.701683,-51.518306
MARCOS CAVALCANTI,2024-08-20 16:16:43,30.2,14.3,-33.655453,-51.482448
MARCOS CAVALCANTI,2024-08-20 16:20:20,33.7,14.3,-33.643525,-51.473128
MARCOS CAVALCANTI,2024-08-20 16:22:50,33.8,14.1,-33.635288,-51.466748
MARCOS CAVALCANTI,2024-08-20 16:33:43,32.8,14.1,-33.599755,-51.438863
MARCOS CAVALCANTI,2024-08-20 16:50:01,33.2,13.9,-33.546965,-51.397975
MARCOS CAVALCANTI,2024-08-20 16:58:08,29.9,13.8,-33.520975,-51.377616
MARCOS CAVALCANTI,2024-08-20 17:22:14,32.4,14.2,-33.441253,-51.318825
MARCOS CAVALCANTI,2024-08-20 17:34:56,34.0,14.3,-33.397736,-51.288405
MARCOS CAVALCANTI,2024-08-20 17:41:37,30.1,14.2,-33.374841,-51.272675
MARCOS CAVALCANTI,2024-08-20 17:44:07,30.5,14.2,-33.366221,-51.266888
MARCOS CAVALCANTI,2024-08-20 17:49:14,28.2,14.1,-33.348708,-51.254913
MARCOS CAVALCANTI,2024-08-20 17:56:56,28.3,14.3,-33.322323,-51.237028
MARCOS CAVALCANTI,2024-08-20 18:00:32,31.3,14.2,-33.310001,-51.228513
MARCOS CAVALCANTI,2024-08-20 18:03:25,28.7,14.1,-33.300128,-51.22168
MARCOS CAVALCANTI,2024-08-20 18:05:50,28.6,14.4,-33.291893,-51.215983
MARCOS CAVALCANTI,2024-08-20 18:09:32,29.2,14.2,-33.279291,-51.207075
MARCOS CAVALCANTI,2024-08-20 18:35:37,31.7,13.8,-33.191295,-51.145551
MARCOS CAVALCANTI,2024-08-20 18:38:56,28.7,14.0,-33.180436,-51.13747
MARCOS CAVALCANTI,2024-08-20 18:41:12,34.3,13.8,-33.172956,-51.13177
MARCOS CAVALCANTI,2024-08-20 18:42:08,32.5,13.7,-33.17002,-51.129611
MARCOS CAVALCANTI,2024-08-20 18:43:12,29.5,13.7,-33.16642,-51.127051
MARCOS CAVALCANTI,2024-08-20 18:43:55,35.5,13.8,-33.164115,-51.125293
MARCOS CAVALCANTI,2024-08-20 18:44:17,33.9,13.7,-33.163033,-51.124488
MARCOS CAVALCANTI,2024-08-20 18:45:55,32.6,13.7,-33.15761,-51.12041
MARCOS CAVALCANTI,2024-08-20 18:47:55,35.5,13.7,-33.151131,-51.115603
MARCOS CAVALCANTI,2024-08-20 18:48:00,31.0,13.7,-33.150868,-51.115396
MARCOS CAVALCANTI,2024-08-20 19:10:55,33.9,13.5,-33.078278,-51.057698
MARCOS CAVALCANTI,2024-08-20 19:13:16,38.2,13.5,-33.07103,-51.051863
MARCOS CAVALCANTI,2024-08-20 19:16:06,31.4,13.6,-33.062228,-51.044741
MARCOS CAVALCANTI,2024-08-20 19:19:07,34.1,13.7,-33.052815,-51.037266
MARCOS CAVALCANTI,2024-08-20 19:20:35,31.0,13.7,-33.048176,-51.0336
MARCOS CAVALCANTI,2024-08-20 19:28:26,36.4,13.8,-33.023665,-51.013838
MARCOS CAVALCANTI,2024-08-20 19:31:26,35.8,13.7,-33.014195,-51.006151
MARCOS CAVALCANTI,2024-08-20 19:44:25,34.8,13.9,-32.972825,-50.973105
MARCOS CAVALCANTI,2024-08-20 19:49:49,32.0,13.9,-32.955455,-50.959438
MARCOS CAVALCANTI,2024-08-20 19:53:07,32.1,13.9,-32.944903,-50.950901
MARCOS CAVALCANTI,2024-08-20 20:51:37,30.7,14.1,-32.748501,-50.807693
MARCOS CAVALCANTI,2024-08-20 20:54:13,30.9,14.1,-32.739771,-50.801478
MARCOS CAVALCANTI,2024-08-20 20:59:37,31.8,14.0,-32.721718,-50.788888
MARCOS CAVALCANTI,2024-08-20 21:16:56,29.7,14.0,-32.66334,-50.749681
MARCOS CAVALCANTI,2024-08-20 21:29:07,30.4,13.8,-32.622143,-50.722341
MARCOS CAVALCANTI,2024-08-20 21:31:13,26.8,13.9,-32.61509,-50.71769
MARCOS CAVALCANTI,2024-08-20 21:33:37,30.9,13.8,-32.607061,-50.712348
MARCOS CAVALCANTI,2024-08-20 22:04:26,30.8,13.8,-32.50399,-50.641118
MARCOS CAVALCANTI,2024-08-20 22:35:14,29.1,14.4,-32.39826,-50.57099
MARCOS CAVALCANTI,2024-08-20 22:48:26,30.1,14.2,-32.352288,-50.540911
MARCOS CAVALCANTI,2024-08-20 22:56:38,30.5,13.9,-32.32438,-50.522355
MARCOS CAVALCANTI,2024-08-20 22:57:26,32.4,13.7,-32.321736,-50.520511
MARCOS CAVALCANTI,2024-08-20 23:00:14,30.8,13.8,-32.312525,-50.513956
MARCOS CAVALCANTI,2024-08-20 23:37:47,30.9,14.3,-32.189493,-50.423636
MARCOS CAVALCANTI,2024-08-20 23:38:23,30.2,14.2,-32.187491,-50.422193
MARCOS CAVALCANTI,2024-08-20 23:38:35,33.5,14.2,-32.18681,-50.421698
MARCOS CAVALCANTI,2024-08-20 23:39:47,34.6,14.3,-32.182776,-50.41867
MARCOS CAVALCANTI,2024-08-20 23:41:47,32.6,14.2,-32.17613,-50.413593
MARCOS CAVALCANTI,2024-08-20 23:42:05,33.0,14.2,-32.175125,-50.412835
MARCOS CAVALCANTI,2024-08-20 23:42:12,31.6,14.2,-32.174801,-50.412611
MARCOS CAVALCANTI,2024-08-20 23:44:12,32.5,14.3,-32.16812,-50.407678
MARCOS CAVALCANTI,2024-08-20 23:46:48,33.8,14.2,-32.159418,-50.401098
MARCOS CAVALCANTI,2024-08-21 00:31:10,34.2,12.9,-32.021623,-50.296155
MARCOS CAVALCANTI,2024-08-21 00:33:40,34.1,12.9,-32.014271,-50.290235
MARCOS CAVALCANTI,2024-08-21 00:37:50,36.8,12.8,-32.002075,-50.280305
MARCOS CAVALCANTI,2024-08-21 00:45:41,35.8,12.8,-31.979033,-50.26181
MARCOS CAVALCANTI,2024-08-21 01:09:29,33.1,12.8,-31.909401,-50.20722
MARCOS CAVALCANTI,2024-08-21 01:14:50,35.3,12.7,-31.893535,-50.195131
MARCOS CAVALCANTI,2024-08-21 01:15:29,33.9,12.8,-31.891611,-50.193681
MARCOS CAVALCANTI,2024-08-21 01:16:29,31.3,12.8,-31.888678,-50.19139
MARCOS CAVALCANTI,2024-08-21 01:18:29,35.1,12.7,-31.882671,-50.186708
MARCOS CAVALCANTI,2024-08-21 01:20:49,34.4,12.9,-31.875666,-50.18142
MARCOS CAVALCANTI,2024-08-21 01:30:00,31.3,12.9,-31.847926,-50.16088
MARCOS CAVALCANTI,2024-08-21 01:31:09,29.8,13.0,-31.84432,-50.158336
MARCOS CAVALCANTI,2024-08-21 01:32:29,31.3,12.9,-31.840186,-50.155323
MARCOS CAVALCANTI,2024-08-21 01:32:50,33.1,12.9,-31.839158,-50.154573
MARCOS CAVALCANTI,2024-08-21 01:33:50,32.9,12.9,-31.836101,-50.152311
MARCOS CAVALCANTI,2024-08-21 01:34:10,32.6,13.0,-31.835096,-50.151613
MARCOS CAVALCANTI,2024-08-21 01:35:29,32.9,13.0,-31.831011,-50.148681
MARCOS CAVALCANTI,2024-08-21 01:36:10,29.9,13.0,-31.82891,-50.1472
MARCOS CAVALCANTI,2024-08-21 01:37:29,30.8,13.0,-31.824855,-50.144416
MARCOS CAVALCANTI,2024-08-21 01:38:29,32.4,13.2,-31.821773,-50.142315
MARCOS CAVALCANTI,2024-08-21 02:16:21,33.3,12.6,-31.705443,-50.059356
MARCOS CAVALCANTI,2024-08-21 02:17:29,30.7,12.7,-31.702035,-50.05678
MARCOS CAVALCANTI,2024-08-21 02:21:11,32.7,12.7,-31.691156,-50.048638
MARCOS CAVALCANTI,2024-08-21 02:22:11,32.0,12.7,-31.688163,-50.0464
MARCOS CAVALCANTI,2024-08-21 02:27:21,36.1,12.8,-31.67279,-50.034671
MARCOS CAVALCANTI,2024-08-21 03:16:29,32.8,12.8,-31.527718,-49.926026
MARCOS CAVALCANTI,2024-08-21 03:59:10,28.9,12.3,-31.400445,-49.840806
MARCOS CAVALCANTI,2024-08-21 04:04:30,28.7,12.2,-31.384596,-49.830221
MARCOS CAVALCANTI,2024-08-21 05:01:09,30.1,12.4,-31.218165,-49.703568
MARCOS CAVALCANTI,2024-08-21 06:16:10,34.6,12.6,-30.991356,-49.54849
MARCOS CAVALCANTI,2024-08-21 06:24:20,30.6,12.6,-30.967326,-49.530408
MARCOS CAVALCANTI,2024-08-21 06:55:48,31.8,12.3,-30.875336,-49.461176
MARCOS CAVALCANTI,2024-08-21 07:02:09,32.7,12.3,-30.856951,-49.447728
MARCOS CAVALCANTI,2024-08-21 07:29:49,29.0,12.6,-30.77548,-49.390386
MARCOS CAVALCANTI,2024-08-21 07:30:48,26.8,12.6,-30.772485,-49.388366
MARCOS CAVALCANTI,2024-08-21 07:32:10,32.7,12.7,-30.768375,-49.385581
MARCOS CAVALCANTI,2024-08-21 07:36:01,29.8,12.6,-30.75672,-49.37776
MARCOS CAVALCANTI,2024-08-21 07:36:18,29.6,12.7,-30.755756,-49.377108
MARCOS CAVALCANTI,2024-08-21 07:39:41,32.9,12.8,-30.745546,-49.370188
MARCOS CAVALCANTI,2024-08-21 08:00:09,29.0,13.3,-30.681425,-49.32735
MARCOS CAVALCANTI,2024-08-21 08:18:50,31.2,13.2,-30.622845,-49.286906
MARCOS CAVALCANTI,2024-08-21 08:25:29,31.0,13.2,-30.602073,-49.27206
MARCOS CAVALCANTI,2024-08-21 08:34:29,33.8,13.1,-30.574173,-49.251993
MARCOS CAVALCANTI,2024-08-21 08:45:58,35.2,13.8,-30.537895,-49.224803
MARCOS CAVALCANTI,2024-08-21 09:14:11,35.6,13.3,-30.450811,-49.15521
MARCOS CAVALCANTI,2024-08-21 09:16:50,36.6,13.2,-30.44289,-49.148866
MARCOS CAVALCANTI,2024-08-21 09:20:10,34.3,13.0,-30.432921,-49.140746
MARCOS CAVALCANTI,2024-08-21 09:23:51,34.6,13.1,-30.421853,-49.131905
MARCOS CAVALCANTI,2024-08-21 09:51:31,33.8,13.1,-30.339266,-49.066961
MARCOS CAVALCANTI,2024-08-21 09:54:11,35.6,13.0,-30.331185,-49.060576
MARCOS CAVALCANTI,2024-08-21 10:03:09,30.0,13.2,-30.30358,-49.040283
MARCOS CAVALCANTI,2024-08-21 10:30:28,29.6,13.1,-30.218725,-48.980336
MARCOS CAVALCANTI,2024-08-21 10:39:11,31.0,13.3,-30.19141,-48.961655
MARCOS CAVALCANTI,2024-08-21 10:41:49,29.6,13.2,-30.182911,-48.955908
MARCOS CAVALCANTI,2024-08-21 11:03:50,32.2,13.4,-30.112801,-48.909093
MARCOS CAVALCANTI,2024-08-21 11:16:10,28.2,13.3,-30.073723,-48.882066
MARCOS CAVALCANTI,2024-08-21 11:18:11,30.2,13.2,-30.067313,-48.877528
MARCOS CAVALCANTI,2024-08-21 11:29:08,32.3,13.2,-30.032733,-48.853145
MARCOS CAVALCANTI,2024-08-21 11:30:09,31.5,13.3,-30.029556,-48.850855
MARCOS CAVALCANTI,2024-08-21 11:37:30,31.4,13.2,-30.006733,-48.834175
MARCOS CAVALCANTI,2024-08-21 11:47:29,33.1,13.2,-29.975826,-48.811483
MARCOS CAVALCANTI,2024-08-21 11:48:40,30.6,13.1,-29.972196,-48.80881
MARCOS CAVALCANTI,2024-08-21 11:49:50,36.8,13.2,-29.968641,-48.806116
MARCOS CAVALCANTI,2024-08-21 11:51:10,30.4,13.2,-29.964506,-48.803051
MARCOS CAVALCANTI,2024-08-21 11:53:28,35.6,13.2,-29.957206,-48.797801
MARCOS CAVALCANTI,2024-08-21 11:53:50,33.3,13.1,-29.956146,-48.797071
MARCOS CAVALCANTI,2024-08-21 11:56:00,33.3,13.2,-29.949456,-48.792178
MARCOS CAVALCANTI,2024-08-21 12:05:39,30.0,13.1,-29.919413,-48.770685
MARCOS CAVALCANTI,2024-08-21 12:12:29,31.3,13.2,-29.898008,-48.755723
MARCOS CAVALCANTI,2024-08-21 12:22:49,30.3,13.1,-29.86546,-48.733685
MARCOS CAVALCANTI,2024-08-21 12:28:09,28.5,13.2,-29.848521,-48.722661
MARCOS CAVALCANTI,2024-08-21 12:31:59,25.9,13.4,-29.836165,-48.714673
MARCOS CAVALCANTI,2024-08-21 12:40:30,27.7,13.4,-29.808678,-48.696766
MARCOS CAVALCANTI,2024-08-21 12:44:20,32.0,13.4,-29.796288,-48.688561
MARCOS CAVALCANTI,2024-08-21 12:47:49,28.0,13.5,-29.785021,-48.681058
MARCOS CAVALCANTI,2024-08-21 13:02:20,33.1,13.2,-29.738805,-48.649255
MARCOS CAVALCANTI,2024-08-21 13:07:19,31.3,13.3,-29.723058,-48.638295
MARCOS CAVALCANTI,2024-08-21 13:17:41,32.2,13.2,-29.690228,-48.615653
MARCOS CAVALCANTI,2024-08-21 13:22:30,31.1,13.4,-29.674868,-48.605128
MARCOS CAVALCANTI,2024-08-21 13:24:49,30.5,13.3,-29.667396,-48.60002
MARCOS CAVALCANTI,2024-08-21 13:26:50,31.1,13.4,-29.661038,-48.595651
MARCOS CAVALCANTI,2024-08-21 13:39:20,30.9,13.4,-29.621213,-48.568728
MARCOS CAVALCANTI,2024-08-21 13:56:51,31.1,13.1,-29.565573,-48.53125
MARCOS CAVALCANTI,2024-08-21 14:04:49,28.9,13.2,-29.54042,-48.514485
MARCOS CAVALCANTI,2024-08-21 14:15:39,30.4,13.2,-29.506371,-48.491465
MARCOS CAVALCANTI,2024-08-21 14:24:50,31.1,12.9,-29.477651,-48.472118
MARCOS CAVALCANTI,2024-08-21 14:29:00,33.3,13.0,-29.464845,-48.463215
MARCOS CAVALCANTI,2024-08-21 14:35:40,32.1,13.1,-29.444423,-48.448743
MARCOS CAVALCANTI,2024-08-21 14:39:50,31.8,13.1,-29.431561,-48.439591
MARCOS CAVALCANTI,2024-08-21 14:51:00,30.4,13.5,-29.396598,-48.414486
MARCOS CAVALCANTI,2024-08-21 15:04:39,31.8,13.5,-29.352893,-48.383678
MARCOS CAVALCANTI,2024-08-21 15:24:19,29.3,13.7,-29.289581,-48.339588
MARCOS CAVALCANTI,2024-08-21 15:33:09,32.2,13.3,-29.261091,-48.32012
MARCOS CAVALCANTI,2024-08-21 15:52:09,33.1,13.3,-29.201751,-48.27685
MARCOS CAVALCANTI,2024-08-21 15:57:30,32.8,13.3,-29.185125,-48.264636
MARCOS CAVALCANTI,2024-08-21 16:14:29,33.5,13.3,-29.13256,-48.225446
MARCOS CAVALCANTI,2024-08-21 16:41:48,33.2,13.2,-29.049315,-48.16043
MARCOS CAVALCANTI,2024-08-21 16:44:29,34.1,13.3,-29.041015,-48.154301
MARCOS CAVALCANTI,2024-08-21 17:09:20,28.0,13.0,-28.963515,-48.100653
MARCOS CAVALCANTI,2024-08-21 17:45:30,30.5,12.8,-28.851116,-48.027841
MARCOS CAVALCANTI,2024-08-21 18:28:09,29.2,13.1,-28.719095,-47.941631
MARCOS CAVALCANTI,2024-08-21 18:33:39,33.6,13.1,-28.701943,-47.929903
MARCOS CAVALCANTI,2024-08-21 18:49:10,37.3,13.1,-28.654875,-47.8942
MARCOS CAVALCANTI,2024-08-21 18:52:30,35.9,13.0,-28.644793,-47.886438
MARCOS CAVALCANTI,2024-08-21 19:00:18,33.9,12.9,-28.621431,-47.868481
MARCOS CAVALCANTI,2024-08-21 19:00:29,32.0,12.9,-28.620926,-47.86811
MARCOS CAVALCANTI,2024-08-21 19:23:19,33.1,13.0,-28.553348,-47.81626
MARCOS CAVALCANTI,2024-08-21 19:25:30,34.2,12.9,-28.546781,-47.811288
MARCOS CAVALCANTI,2024-08-21 19:29:01,32.4,13.0,-28.536126,-47.803231
MARCOS CAVALCANTI,2024-08-21 19:57:31,34.3,13.2,-28.447981,-47.738308
MARCOS CAVALCANTI,2024-08-21 20:02:11,31.6,13.2,-28.433423,-47.727955
MARCOS CAVALCANTI,2024-08-21 20:04:20,31.3,13.2,-28.426721,-47.723175
MARCOS CAVALCANTI,2024-08-21 20:07:50,32.2,13.1,-28.415825,-47.715408
MARCOS CAVALCANTI,2024-08-21 20:17:39,32.3,13.3,-28.385085,-47.693566
MARCOS CAVALCANTI,2024-08-21 21:05:50,36.1,13.3,-28.236461,-47.582363
MARCOS CAVALCANTI,2024-08-21 21:12:41,31.4,13.4,-28.215038,-47.566341
MARCOS CAVALCANTI,2024-08-21 22:11:10,33.1,13.1,-28.032976,-47.43761
MARCOS CAVALCANTI,2024-08-21 22:37:40,32.9,13.2,-27.950038,-47.379788
MARCOS CAVALCANTI,2024-08-21 22:44:59,31.3,13.2,-27.9269,-47.36371
MARCOS CAVALCANTI,2024-08-21 22:47:48,31.6,13.3,-27.918145,-47.35769
MARCOS CAVALCANTI,2024-08-21 23:33:15,30.7,13.3,-27.772675,-47.26144
MARCOS CAVALCANTI,2024-08-21 23:38:15,29.3,13.2,-27.756673,-47.251163
MARCOS CAVALCANTI,2024-08-21 23:47:04,30.5,13.1,-27.728528,-47.233141
MARCOS CAVALCANTI,2024-08-22 00:29:15,28.3,13.1,-27.596086,-47.147053
MARCOS CAVALCANTI,2024-08-22 01:07:15,30.0,13.0,-27.476511,-47.070056
MARCOS CAVALCANTI,2024-08-22 01:10:03,31.0,13.0,-27.467835,-47.064468
MARCOS CAVALCANTI,2024-08-22 01:10:15,31.5,13.0,-27.467215,-47.064045
MARCOS CAVALCANTI,2024-08-22 01:13:35,29.5,13.0,-27.456813,-47.05723
MARCOS CAVALCANTI,2024-08-22 01:17:34,30.9,12.9,-27.444373,-47.049271
MARCOS CAVALCANTI,2024-08-22 01:19:04,30.9,13.0,-27.43963,-47.046235
MARCOS CAVALCANTI,2024-08-22 01:19:25,30.8,13.0,-27.438505,-47.04551
MARCOS CAVALCANTI,2024-08-22 01:20:55,29.1,13.1,-27.43377,-47.042471
MARCOS CAVALCANTI,2024-08-22 01:21:25,28.4,13.1,-27.432185,-47.041458
MARCOS CAVALCANTI,2024-08-22 01:22:04,27.5,13.1,-27.430143,-47.040171
MARCOS CAVALCANTI,2024-08-22 01:22:55,30.9,13.2,-27.427441,-47.038495
MARCOS CAVALCANTI,2024-08-22 01:23:04,30.5,13.1,-27.426903,-47.038161
MARCOS CAVALCANTI,2024-08-22 01:23:25,29.1,13.1,-27.425836,-47.037486
MARCOS CAVALCANTI,2024-08-22 01:25:05,28.3,13.0,-27.420645,-47.034168
MARCOS CAVALCANTI,2024-08-22 01:26:36,29.7,13.1,-27.415798,-47.03111
MARCOS CAVALCANTI,2024-08-22 01:31:35,30.7,13.1,-27.399961,-47.021205
MARCOS CAVALCANTI,2024-08-22 02:43:25,31.8,12.9,-27.17738,-46.870811
MARCOS CAVALCANTI,2024-08-22 04:15:22,31.6,13.2,-26.89385,-46.672851
MARCOS CAVALCANTI,2024-08-22 04:40:40,30.4,13.0,-26.815981,-46.618948
MARCOS CAVALCANTI,2024-08-22 04:43:20,32.2,12.9,-26.807843,-46.613375
MARCOS CAVALCANTI,2024-08-22 04:47:01,32.7,12.9,-26.796451,-46.605746
MARCOS CAVALCANTI,2024-08-22 04:49:50,32.4,13.0,-26.787646,-46.599898
MARCOS CAVALCANTI,2024-08-22 04:54:41,29.8,13.0,-26.772525,-46.589928
MARCOS CAVALCANTI,2024-08-22 04:55:41,29.7,12.9,-26.769428,-46.587915
MARCOS CAVALCANTI,2024-08-22 05:15:43,32.8,13.7,-26.706076,-46.54603
MARCOS CAVALCANTI,2024-08-22 05:18:43,33.2,13.8,-26.696373,-46.539205
MARCOS CAVALCANTI,2024-08-22 05:22:08,33.4,14.1,-26.685336,-46.530983
MARCOS CAVALCANTI,2024-08-22 05:24:44,34.9,14.2,-26.676815,-46.524773
MARCOS CAVALCANTI,2024-08-22 05:50:28,34.2,13.6,-26.59478,-46.461791
MARCOS CAVALCANTI,2024-08-22 05:57:18,32.7,13.7,-26.573253,-46.445846
MARCOS CAVALCANTI,2024-08-22 06:01:09,32.4,13.8,-26.561005,-46.437003
MARCOS CAVALCANTI,2024-08-22 06:01:48,30.9,13.7,-26.558825,-46.435526
MARCOS CAVALCANTI,2024-08-22 06:40:32,29.9,13.7,-26.432096,-46.350811
MARCOS CAVALCANTI,2024-08-22 07:01:20,30.1,13.6,-26.364223,-46.30543
MARCOS CAVALCANTI,2024-08-22 07:24:51,35.7,13.4,-26.29199,-46.252231
MARCOS CAVALCANTI,2024-08-22 07:27:00,31.3,13.3,-26.285426,-46.247225
MARCOS CAVALCANTI,2024-08-22 07:30:30,34.5,13.5,-26.274723,-46.239118
MARCOS CAVALCANTI,2024-08-22 07:35:31,33.0,13.3,-26.259256,-46.227621
MARCOS CAVALCANTI,2024-08-22 08:17:31,31.1,13.2,-26.129243,-46.134263
MARCOS CAVALCANTI,2024-08-22 08:19:42,33.2,13.2,-26.122368,-46.129491
MARCOS CAVALCANTI,2024-08-22 08:20:32,34.7,13.2,-26.119833,-46.127708
MARCOS CAVALCANTI,2024-08-22 08:22:52,33.5,13.2,-26.112528,-46.122595
MARCOS CAVALCANTI,2024-08-22 08:25:52,32.7,13.1,-26.10327,-46.11607
MARCOS CAVALCANTI,2024-08-22 08:49:11,31.8,13.1,-26.030796,-46.065671
MARCOS CAVALCANTI,2024-08-22 09:28:02,29.5,13.2,-25.908025,-45.983763
MARCOS CAVALCANTI,2024-08-22 09:43:22,31.7,13.4,-25.858936,-45.951408
MARCOS CAVALCANTI,2024-08-22 10:04:22,25.0,13.4,-25.791003,-45.906816
MARCOS CAVALCANTI,2024-08-22 10:07:52,23.4,13.6,-25.778975,-45.900865
MARCOS CAVALCANTI,2024-08-22 10:14:50,24.3,13.6,-25.75465,-45.889471
MARCOS CAVALCANTI,2024-08-22 10:39:20,23.4,13.7,-25.668448,-45.84928
MARCOS CAVALCANTI,2024-08-22 10:51:51,35.3,13.6,-25.626641,-45.825138
MARCOS CAVALCANTI,2024-08-22 10:54:21,33.3,13.6,-25.618875,-45.819208
MARCOS CAVALCANTI,2024-08-22 11:16:21,35.0,13.5,-25.550748,-45.76744
MARCOS CAVALCANTI,2024-08-22 11:17:51,35.8,13.5,-25.546078,-45.763948
MARCOS CAVALCANTI,2024-08-22 11:23:51,34.5,13.2,-25.527718,-45.7499
MARCOS CAVALCANTI,2024-08-22 12:03:11,35.4,13.2,-25.410228,-45.659456
MARCOS CAVALCANTI,2024-08-22 12:23:41,33.9,13.1,-25.347196,-45.613641
MARCOS CAVALCANTI,2024-08-22 12:26:01,34.4,13.2,-25.340008,-45.608535
MARCOS CAVALCANTI,2024-08-22 12:30:21,33.6,13.1,-25.326573,-45.599118
MARCOS CAVALCANTI,2024-08-22 12:54:01,29.6,13.3,-25.25278,-45.548963
MARCOS CAVALCANTI,2024-08-22 12:57:11,29.8,13.3,-25.242603,-45.542398
MARCOS CAVALCANTI,2024-08-22 13:00:11,28.3,13.3,-25.233031,-45.536245
MARCOS CAVALCANTI,2024-08-22 13:05:11,31.6,13.5,-25.216898,-45.525825
MARCOS CAVALCANTI,2024-08-22 13:08:11,29.9,13.5,-25.207345,-45.51955
MARCOS CAVALCANTI,2024-08-22 13:16:12,28.7,13.3,-25.181756,-45.502456
MARCOS CAVALCANTI,2024-08-22 13:27:31,31.7,13.2,-25.14598,-45.478686
MARCOS CAVALCANTI,2024-08-22 13:28:31,31.1,13.2,-25.142886,-45.476603
MARCOS CAVALCANTI,2024-08-22 13:32:21,29.9,13.2,-25.130908,-45.468511
MARCOS CAVALCANTI,2024-08-22 13:41:12,32.3,13.2,-25.10329,-45.449835
MARCOS CAVALCANTI,2024-08-22 14:02:12,32.5,13.3,-25.037646,-45.405366
MARCOS CAVALCANTI,2024-08-22 14:37:51,31.9,13.5,-24.924841,-45.328583
MARCOS CAVALCANTI,2024-08-22 14:42:12,34.4,13.6,-24.911008,-45.319018
MARCOS CAVALCANTI,2024-08-22 15:15:32,35.6,13.4,-24.809,-45.240053
MARCOS CAVALCANTI,2024-08-22 15:41:17,27.9,13.4,-24.72592,-45.187088
MARCOS CAVALCANTI,2024-08-22 15:45:37,30.2,13.3,-24.71188,-45.178621
MARCOS CAVALCANTI,2024-08-22 15:49:17,31.2,13.1,-24.700293,-45.171163
MARCOS CAVALCANTI,2024-08-22 16:27:38,30.8,13.3,-24.578901,-45.09273
MARCOS CAVALCANTI,2024-08-22 16:45:06,30.4,13.5,-24.522473,-45.056716
MARCOS CAVALCANTI,2024-08-22 17:19:46,30.3,13.4,-24.411583,-44.986945
MARCOS CAVALCANTI,2024-08-22 17:20:07,32.0,13.2,-24.410585,-44.986285
MARCOS CAVALCANTI,2024-08-22 17:23:55,30.4,13.3,-24.398235,-44.978441
MARCOS CAVALCANTI,2024-08-22 17:27:26,28.9,13.4,-24.386986,-44.971355
MARCOS CAVALCANTI,2024-08-22 17:34:16,30.0,13.3,-24.364991,-44.957463
MARCOS CAVALCANTI,2024-08-22 19:00:47,30.1,13.5,-24.094016,-44.771478
MARCOS CAVALCANTI,2024-08-22 19:06:48,32.3,13.6,-24.074701,-44.75853
MARCOS CAVALCANTI,2024-08-22 19:32:42,30.9,13.8,-23.989845,-44.702061
MARCOS CAVALCANTI,2024-08-22 19:37:31,30.8,13.7,-23.973961,-44.691605
MARCOS CAVALCANTI,2024-08-22 19:42:01,30.0,13.7,-23.959188,-44.682035
MARCOS CAVALCANTI,2024-08-22 20:07:03,31.9,13.4,-23.878588,-44.62791
MARCOS CAVALCANTI,2024-08-22 20:11:23,31.9,13.4,-23.864973,-44.618398
MARCOS CAVALCANTI,2024-08-22 20:14:44,33.9,13.6,-23.854463,-44.610906
MARCOS CAVALCANTI,2024-08-22 20:42:23,32.6,13.5,-23.766676,-44.549348
MARCOS CAVALCANTI,2024-08-22 20:46:54,31.0,13.6,-23.752118,-44.539675
MARCOS CAVALCANTI,2024-08-22 20:50:44,31.1,13.7,-23.739711,-44.531613
MARCOS CAVALCANTI,2024-08-22 21:19:36,29.4,13.9,-23.642905,-44.472408
MARCOS CAVALCANTI,2024-08-22 21:40:00,30.4,13.4,-23.575025,-44.431806
MARCOS CAVALCANTI,2024-08-22 21:43:58,34.9,13.3,-23.562341,-44.423508
MARCOS CAVALCANTI,2024-08-22 21:46:39,349.3,12.2,-23.553498,-44.421881
MARCOS CAVALCANTI,2024-08-22 22:29:39,3.9,13.4,-23.39588,-44.453523
MARCOS CAVALCANTI,2024-08-22 22:31:39,6.7,13.5,-23.388355,-44.452758
MARCOS CAVALCANTI,2024-08-22 22:34:28,5.8,13.6,-23.377755,-44.451503
MARCOS CAVALCANTI,2024-08-22 22:43:29,9.7,13.7,-23.343733,-44.446708
MARCOS CAVALCANTI,2024-08-22 23:22:28,7.7,7.9,-23.226213,-44.428651
MARCOS CAVALCANTI,2024-08-22 23:22:38,7.1,7.9,-23.225883,-44.42861
MARCOS CAVALCANTI,2024-08-22 23:24:28,7.1,7.8,-23.221913,-44.428105
MARCOS CAVALCANTI,2024-08-22 23:29:50,7.0,7.8,-23.210316,-44.426628
MARCOS CAVALCANTI,2024-08-23 00:18:19,81.8,0.8,-23.126175,-44.410215
MARCOS CAVALCANTI,2024-08-23 02:14:23,262.9,0.1,-23.125378,-44.408383
MARCOS CAVALCANTI,2024-08-23 04:44:21,92.2,0.1,-23.1256,-44.407195
MARCOS CAVALCANTI,2024-08-23 06:32:22,295.3,0.1,-23.12533,-44.40788
MARCOS CAVALCANTI,2024-08-23 10:47:22,285.2,0.0,-23.129251,-44.40994
MARCOS CAVALCANTI,2024-08-23 10:59:23,320.6,0.1,-23.129031,-44.410081
MARCOS CAVALCANTI,2024-08-23 11:59:23,5.5,0.0,-23.127803,-44.410655
MARCOS CAVALCANTI,2024-08-23 16:14:23,26.2,0.3,-23.12615,-44.4101
MARCOS CAVALCANTI,2024-08-23 16:26:23,59.9,0.2,-23.125561,-44.409425
MARCOS CAVALCANTI,2024-08-23 23:17:23,245.5,0.1,-23.124161,-44.408311
MARCOS CAVALCANTI,2024-08-24 02:44:23,293.8,0.1,-23.124421,-44.408421
MARCOS CAVALCANTI,2024-08-24 05:32:23,284.9,0.2,-23.124403,-44.407431
MARCOS CAVALCANTI,2024-08-24 08:56:22,217.5,0.1,-23.124695,-44.407851
MARCOS CAVALCANTI,2024-08-24 16:32:25,99.1,0.0,-23.124208,-44.407246
MARCOS CAVALCANTI,2024-08-24 17:38:23,347.0,0.1,-23.124191,-44.407368
MARCOS CAVALCANTI,2024-08-24 18:11:23,80.2,0.0,-23.124246,-44.40734
MARCOS CAVALCANTI,2024-08-25 00:11:22,252.0,0.2,-23.12464,-44.406703
MARCOS CAVALCANTI,2024-08-25 00:11:23,252.0,0.2,-23.12464,-44.406703
MARCOS CAVALCANTI,2024-08-25 00:44:25,177.2,0.0,-23.124491,-44.406965
MARCOS CAVALCANTI,2024-08-25 07:59:23,201.5,0.1,-23.124133,-44.407563
MARCOS CAVALCANTI,2024-08-25 10:08:23,260.9,0.1,-23.123996,-44.408143
MARCOS CAVALCANTI,2024-08-25 10:17:23,47.5,0.1,-23.12399,-44.407631
MARCOS CAVALCANTI,2024-08-25 13:59:23,309.9,0.1,-23.124056,-44.408013
MARCOS CAVALCANTI,2024-08-25 20:05:22,194.8,0.9,-23.124078,-44.406913
MARCOS CAVALCANTI,2024-08-25 20:08:22,289.7,0.4,-23.124121,-44.407356
MARCOS CAVALCANTI,2024-08-25 21:23:23,282.3,0.3,-23.123818,-44.408116
MARCOS CAVALCANTI,2024-08-26 00:35:22,82.5,0.6,-23.12426,-44.406823
MARCOS CAVALCANTI,2024-08-26 00:56:23,277.0,0.1,-23.124188,-44.406615
MARCOS CAVALCANTI,2024-08-26 04:20:23,147.7,0.2,-23.123953,-44.407776
MARCOS CAVALCANTI,2024-08-26 05:14:23,312.9,0.1,-23.123873,-44.407778
MARCOS CAVALCANTI,2024-08-26 06:11:23,201.1,0.0,-23.12406,-44.40759
MARCOS CAVALCANTI,2024-08-26 09:11:22,157.1,0.4,-23.124971,-44.407455
MARCOS CAVALCANTI,2024-08-26 09:44:37,84.2,5.0,-23.136651,-44.386725
MARCOS CAVALCANTI,2024-08-26 09:47:14,50.2,3.2,-23.135305,-44.38381
MARCOS CAVALCANTI,2024-08-26 09:50:35,28.5,3.0,-23.132835,-44.3821
MARCOS CAVALCANTI,2024-08-26 10:17:33,68.3,4.0,-23.11415,-44.34884
MARCOS CAVALCANTI,2024-08-26 10:20:14,67.5,3.8,-23.11306,-44.345976
MARCOS CAVALCANTI,2024-08-26 10:54:52,79.2,8.9,-23.083198,-44.263318
MARCOS CAVALCANTI,2024-08-26 10:58:13,55.9,7.5,-23.080046,-44.256008
MARCOS CAVALCANTI,2024-08-26 11:07:23,52.7,4.7,-23.070361,-44.242083
MARCOS CAVALCANTI,2024-08-26 11:07:42,52.5,4.5,-23.070118,-44.241738
MARCOS CAVALCANTI,2024-08-26 11:19:45,37.8,1.7,-23.064005,-44.232388
MARCOS CAVALCANTI,2024-08-26 11:22:24,28.9,1.5,-23.062811,-44.23188
MARCOS CAVALCANTI,2024-08-26 11:53:25,209.4,0.0,-23.061543,-44.229481
MARCOS CAVALCANTI,2024-08-26 11:55:53,3.5,0.0,-23.061543,-44.229471
MARCOS CAVALCANTI,2024-08-28 00:40:53,200.3,2.1,-23.063925,-44.228703
MARCOS CAVALCANTI,2024-08-28 00:43:31,240.3,2.7,-23.065035,-44.23009
MARCOS CAVALCANTI,2024-08-28 00:45:41,250.5,3.4,-23.065743,-44.231936
MARCOS CAVALCANTI,2024-08-28 01:05:42,248.9,11.7,-23.087233,-44.280153
MARCOS CAVALCANTI,2024-08-28 01:06:21,247.8,11.8,-23.088056,-44.282321
MARCOS CAVALCANTI,2024-08-28 01:08:21,247.1,12.0,-23.090601,-44.288978
MARCOS CAVALCANTI,2024-08-28 01:09:21,246.2,11.8,-23.091906,-44.292228
MARCOS CAVALCANTI,2024-08-28 01:09:31,247.9,11.7,-23.092115,-44.292776
MARCOS CAVALCANTI,2024-08-28 01:18:22,245.7,8.7,-23.102305,-44.317266
MARCOS CAVALCANTI,2024-08-28 01:42:32,231.9,6.6,-23.123516,-44.372588
MARCOS CAVALCANTI,2024-08-28 01:49:42,256.9,5.4,-23.130976,-44.382486
MARCOS CAVALCANTI,2024-08-28 02:11:52,333.9,4.4,-23.115161,-44.409793
MARCOS CAVALCANTI,2024-08-28 02:14:20,300.1,4.3,-23.112708,-44.411766
MARCOS CAVALCANTI,2024-08-28 02:16:50,270.7,3.2,-23.111821,-44.414386
MARCOS CAVALCANTI,2024-08-28 02:19:22,236.0,2.8,-23.112435,-44.416543
MARCOS CAVALCANTI,2024-08-28 02:49:51,64.8,0.3,-23.114973,-44.415941
MARCOS CAVALCANTI,2024-08-28 03:14:13,309.0,0.1,-23.114771,-44.415495
MARCOS CAVALCANTI,2024-08-28 03:17:13,324.4,0.2,-23.114621,-44.415643
MARCOS CAVALCANTI,2024-08-28 03:25:23,224.6,0.2,-23.114568,-44.415951
MARCOS CAVALCANTI,2024-08-28 03:31:12,86.0,0.0,-23.114626,-44.415995
MARCOS CAVALCANTI,2024-08-28 03:58:21,290.0,0.2,-23.114568,-44.41603
MARCOS CAVALCANTI,2024-08-28 04:02:41,99.2,0.0,-23.114536,-44.415988
MARCOS CAVALCANTI,2024-08-28 04:06:31,216.0,0.2,-23.1146,-44.415918
MARCOS CAVALCANTI,2024-08-28 04:12:01,13.6,0.1,-23.114603,-44.415968
MARCOS CAVALCANTI,2024-08-28 04:32:02,28.1,0.0,-23.114556,-44.415846
MARCOS CAVALCANTI,2024-08-28 04:34:22,276.3,0.1,-23.114536,-44.41587
MARCOS CAVALCANTI,2024-08-28 04:37:52,347.5,0.1,-23.114476,-44.415906
MARCOS CAVALCANTI,2024-08-28 04:56:23,263.3,0.1,-23.114518,-44.415958
MARCOS CAVALCANTI,2024-08-28 05:00:12,53.2,0.0,-23.11451,-44.415938
MARCOS CAVALCANTI,2024-08-28 05:46:22,260.2,0.1,-23.114698,-44.416248
MARCOS CAVALCANTI,2024-08-28 05:49:43,313.4,0.0,-23.114686,-44.41626
MARCOS CAVALCANTI,2024-08-28 05:52:13,286.8,0.1,-23.1146,-44.416308
MARCOS CAVALCANTI,2024-08-28 05:59:13,148.8,0.1,-23.114641,-44.416198
MARCOS CAVALCANTI,2024-08-28 06:42:13,105.8,0.1,-23.114568,-44.416245
MARCOS CAVALCANTI,2024-08-28 06:44:53,166.7,0.1,-23.11469,-44.416195
MARCOS CAVALCANTI,2024-08-28 06:50:13,265.2,0.1,-23.114696,-44.416288
MARCOS CAVALCANTI,2024-08-28 07:16:42,255.3,0.2,-23.114673,-44.41643
MARCOS CAVALCANTI,2024-08-28 07:33:01,78.0,0.1,-23.114626,-44.416253
MARCOS CAVALCANTI,2024-08-28 07:46:52,100.3,0.1,-23.114566,-44.41617
MARCOS CAVALCANTI,2024-08-28 07:52:11,55.5,0.2,-23.114575,-44.41613
MARCOS CAVALCANTI,2024-08-28 08:21:22,322.6,0.1,-23.114543,-44.415881
MARCOS CAVALCANTI,2024-08-28 08:47:02,153.7,0.2,-23.114435,-44.416116
MARCOS CAVALCANTI,2024-08-28 08:52:02,195.7,0.1,-23.114485,-44.416028
MARCOS CAVALCANTI,2024-08-28 08:54:41,222.5,0.1,-23.114531,-44.416008
MARCOS CAVALCANTI,2024-08-28 08:57:21,248.2,0.1,-23.114565,-44.416005
MARCOS CAVALCANTI,2024-08-28 09:00:42,261.3,0.1,-23.114573,-44.416048
MARCOS CAVALCANTI,2024-08-28 09:03:01,62.5,0.3,-23.114561,-44.416063
MARCOS CAVALCANTI,2024-08-28 09:17:33,195.3,0.1,-23.114536,-44.415868
MARCOS CAVALCANTI,2024-08-28 09:21:31,19.8,0.0,-23.114551,-44.415806
MARCOS CAVALCANTI,2024-08-28 09:29:02,53.9,0.2,-23.114435,-44.415853
MARCOS CAVALCANTI,2024-08-28 09:32:22,224.7,0.1,-23.114423,-44.415885
MARCOS CAVALCANTI,2024-08-28 09:34:52,218.6,0.1,-23.11449,-44.415905
MARCOS CAVALCANTI,2024-08-28 09:55:32,357.5,0.1,-23.11441,-44.415756
MARCOS CAVALCANTI,2024-08-28 10:06:21,88.2,0.1,-23.114578,-44.415668
MARCOS CAVALCANTI,2024-08-28 10:33:41,341.1,0.0,-23.11449,-44.415638
MARCOS CAVALCANTI,2024-08-28 10:52:31,247.9,0.1,-23.114493,-44.415681
MARCOS CAVALCANTI,2024-08-28 10:52:41,114.4,0.1,-23.114493,-44.41568
MARCOS CAVALCANTI,2024-08-28 10:53:50,47.7,0.0,-23.114478,-44.415671
MARCOS CAVALCANTI,2024-08-28 11:01:41,104.8,0.0,-23.114428,-44.415558
MARCOS CAVALCANTI,2024-08-28 11:05:23,93.9,0.2,-23.114468,-44.415523
MARCOS CAVALCANTI,2024-08-28 11:21:53,268.1,0.1,-23.114503,-44.415535
MARCOS CAVALCANTI,2024-08-28 11:42:03,72.0,0.1,-23.11445,-44.415783
MARCOS CAVALCANTI,2024-08-28 11:42:12,123.4,0.1,-23.114451,-44.415783
MARCOS CAVALCANTI,2024-08-28 12:16:01,249.2,0.2,-23.114555,-44.415748
MARCOS CAVALCANTI,2024-08-28 12:18:23,77.2,0.1,-23.114563,-44.415746
MARCOS CAVALCANTI,2024-08-28 12:48:21,326.5,0.1,-23.114456,-44.415631
MARCOS CAVALCANTI,2024-08-28 14:15:01,278.0,0.1,-23.114366,-44.415246
MARCOS CAVALCANTI,2024-08-28 15:01:52,213.8,0.1,-23.11454,-44.415221
MARCOS CAVALCANTI,2024-08-28 15:24:50,111.9,0.1,-23.114608,-44.414965
MARCOS CAVALCANTI,2024-08-28 16:32:32,285.9,0.2,-23.114553,-44.414816
MARCOS CAVALCANTI,2024-08-28 17:04:22,290.9,0.1,-23.11451,-44.414995
MARCOS CAVALCANTI,2024-08-28 17:11:40,151.6,0.1,-23.114478,-44.415165
MARCOS CAVALCANTI,2024-08-28 17:13:52,277.1,0.2,-23.114493,-44.415196
MARCOS CAVALCANTI,2024-08-28 17:40:11,231.1,0.1,-23.114463,-44.415183
MARCOS CAVALCANTI,2024-08-28 17:44:11,100.8,0.0,-23.114478,-44.41527
MARCOS CAVALCANTI,2024-08-28 17:47:32,119.4,0.1,-23.11447,-44.415281
MARCOS CAVALCANTI,2024-08-28 18:32:02,109.8,0.1,-23.114525,-44.415096
MARCOS CAVALCANTI,2024-08-28 18:50:30,188.6,0.1,-23.114581,-44.414876
MARCOS CAVALCANTI,2024-08-28 18:53:11,116.5,0.3,-23.114603,-44.41492
MARCOS CAVALCANTI,2024-08-28 19:16:42,113.4,0.0,-23.1145,-44.415016
MARCOS CAVALCANTI,2024-08-28 20:13:12,113.5,0.2,-23.114631,-44.414963
MARCOS CAVALCANTI,2024-08-28 21:04:33,84.8,0.1,-23.114485,-44.414946
MARCOS CAVALCANTI,2024-08-28 21:56:22,111.6,0.1,-23.114683,-44.414905
MARCOS CAVALCANTI,2024-08-28 21:58:33,221.0,0.1,-23.114675,-44.41488
MARCOS CAVALCANTI,2024-08-28 22:02:02,98.0,0.1,-23.114676,-44.414815
MARCOS CAVALCANTI,2024-08-28 23:44:42,223.1,0.1,-23.114628,-44.414841
MARCOS CAVALCANTI,2024-08-28 23:50:22,1.0,0.1,-23.114648,-44.414706
MARCOS CAVALCANTI,2024-08-29 00:06:42,57.0,0.2,-23.11468,-44.414665
MARCOS CAVALCANTI,2024-08-29 00:08:02,58.1,0.1,-23.114626,-44.414626
MARCOS CAVALCANTI,2024-08-29 00:49:33,55.9,0.2,-23.114618,-44.414461
MARCOS CAVALCANTI,2024-08-29 00:51:01,267.8,0.3,-23.114598,-44.414516
MARCOS CAVALCANTI,2024-08-29 01:14:52,221.8,0.1,-23.1146,-44.414778
MARCOS CAVALCANTI,2024-08-29 01:20:00,162.3,0.1,-23.114673,-44.414745
MARCOS CAVALCANTI,2024-08-29 01:20:51,91.6,0.1,-23.11468,-44.414736
MARCOS CAVALCANTI,2024-08-29 01:25:41,93.1,0.3,-23.114605,-44.414518
MARCOS CAVALCANTI,2024-08-29 01:47:21,261.9,0.4,-23.114543,-44.414611
MARCOS CAVALCANTI,2024-08-29 01:50:31,271.3,0.3,-23.114535,-44.414693
MARCOS CAVALCANTI,2024-08-29 01:53:31,297.0,0.0,-23.114573,-44.414756
MARCOS CAVALCANTI,2024-08-29 01:57:32,310.0,0.1,-23.114493,-44.414721
MARCOS CAVALCANTI,2024-08-29 02:16:42,90.2,0.2,-23.114531,-44.414838
MARCOS CAVALCANTI,2024-08-29 02:27:02,269.8,0.1,-23.114548,-44.414881
MARCOS CAVALCANTI,2024-08-29 02:35:02,139.1,0.0,-23.11446,-44.414798
MARCOS CAVALCANTI,2024-08-29 03:04:02,60.8,0.1,-23.114505,-44.414913
MARCOS CAVALCANTI,2024-08-29 03:06:13,310.2,0.1,-23.114498,-44.414866
MARCOS CAVALCANTI,2024-08-29 03:08:23,281.9,0.1,-23.114481,-44.414908
MARCOS CAVALCANTI,2024-08-29 03:08:43,221.2,0.1,-23.114488,-44.414901
MARCOS CAVALCANTI,2024-08-29 03:11:31,250.5,0.1,-23.114523,-44.41491
MARCOS CAVALCANTI,2024-08-29 03:32:52,164.0,0.1,-23.114578,-44.414853
MARCOS CAVALCANTI,2024-08-29 03:39:23,348.6,0.2,-23.114545,-44.414718
MARCOS CAVALCANTI,2024-08-29 03:57:32,269.7,0.2,-23.11455,-44.414843
MARCOS CAVALCANTI,2024-08-29 04:00:22,282.3,0.1,-23.114551,-44.414806
MARCOS CAVALCANTI,2024-08-29 04:11:13,269.9,0.4,-23.114525,-44.414818
MARCOS CAVALCANTI,2024-08-29 04:16:33,64.8,0.1,-23.114525,-44.414871
MARCOS CAVALCANTI,2024-08-29 04:19:31,28.2,0.1,-23.114446,-44.414873
MARCOS CAVALCANTI,2024-08-29 04:52:53,309.4,0.0,-23.114458,-44.415005
MARCOS CAVALCANTI,2024-08-29 04:55:43,63.1,0.0,-23.11445,-44.415006
MARCOS CAVALCANTI,2024-08-29 04:59:13,25.5,0.1,-23.114478,-44.414968
MARCOS CAVALCANTI,2024-08-29 05:42:01,255.2,0.0,-23.114533,-44.415016
MARCOS CAVALCANTI,2024-08-29 05:47:12,295.6,0.1,-23.114565,-44.41505
MARCOS CAVALCANTI,2024-08-29 06:34:32,74.6,0.1,-23.11454,-44.415715
MARCOS CAVALCANTI,2024-08-29 06:34:43,152.2,0.1,-23.114553,-44.415725
MARCOS CAVALCANTI,2024-08-29 06:43:03,316.6,0.1,-23.11451,-44.415855
MARCOS CAVALCANTI,2024-08-29 06:49:12,89.1,0.2,-23.114516,-44.415826
MARCOS CAVALCANTI,2024-08-29 07:22:02,226.4,0.1,-23.114546,-44.415955
MARCOS CAVALCANTI,2024-08-29 07:24:31,45.6,0.1,-23.11455,-44.415983
MARCOS CAVALCANTI,2024-08-29 07:52:42,34.4,0.0,-23.114463,-44.415606
MARCOS CAVALCANTI,2024-08-29 07:56:42,54.5,0.1,-23.114406,-44.41556
MARCOS CAVALCANTI,2024-08-29 07:59:52,65.2,0.1,-23.114371,-44.415538
MARCOS CAVALCANTI,2024-08-29 08:56:01,147.2,0.1,-23.114441,-44.41514
MARCOS CAVALCANTI,2024-08-29 09:03:02,291.3,0.1,-23.114508,-44.415103
MARCOS CAVALCANTI,2024-08-29 09:07:42,81.4,0.1,-23.114471,-44.415056
MARCOS CAVALCANTI,2024-08-29 09:29:32,106.2,0.1,-23.114431,-44.415123
MARCOS CAVALCANTI,2024-08-29 09:34:12,90.8,0.1,-23.114406,-44.415056
MARCOS CAVALCANTI,2024-08-29 09:38:43,253.2,0.1,-23.114406,-44.415063
MARCOS CAVALCANTI,2024-08-29 09:42:51,250.5,0.2,-23.114438,-44.415083
MARCOS CAVALCANTI,2024-08-29 10:01:02,104.7,0.1,-23.11447,-44.41513
MARCOS CAVALCANTI,2024-08-29 10:03:22,86.6,0.1,-23.114428,-44.415108
MARCOS CAVALCANTI,2024-08-29 10:07:42,89.8,0.1,-23.114391,-44.415065
MARCOS CAVALCANTI,2024-08-29 10:39:32,197.6,0.1,-23.114488,-44.415148
MARCOS CAVALCANTI,2024-08-29 10:43:32,14.8,0.1,-23.11444,-44.415075
MARCOS CAVALCANTI,2024-08-29 10:56:23,192.4,0.1,-23.114525,-44.415041
MARCOS CAVALCANTI,2024-08-29 11:17:51,197.9,0.1,-23.114523,-44.414958
MARCOS CAVALCANTI,2024-08-29 11:20:42,91.5,0.0,-23.114573,-44.414903
MARCOS CAVALCANTI,2024-08-29 11:30:22,345.3,0.1,-23.114581,-44.414611
MARCOS CAVALCANTI,2024-08-29 11:50:11,254.5,0.1,-23.11447,-44.414815
MARCOS CAVALCANTI,2024-08-29 12:13:21,152.2,0.1,-23.114493,-44.41502
MARCOS CAVALCANTI,2024-08-29 12:54:00,87.8,0.1,-23.114443,-44.415103
MARCOS CAVALCANTI,2024-08-29 12:58:12,335.2,0.0,-23.114531,-44.415161
MARCOS CAVALCANTI,2024-08-29 13:50:43,5.3,0.1,-23.114466,-44.415108
MARCOS CAVALCANTI,2024-08-29 14:02:51,270.3,0.0,-23.114453,-44.415106
MARCOS CAVALCANTI,2024-08-29 14:23:22,231.5,0.1,-23.114468,-44.414975
MARCOS CAVALCANTI,2024-08-29 15:00:32,339.0,0.1,-23.114406,-44.415051
MARCOS CAVALCANTI,2024-08-29 15:30:03,271.3,0.3,-23.114475,-44.414875
MARCOS CAVALCANTI,2024-08-29 15:37:51,82.7,0.1,-23.114506,-44.414906
MARCOS CAVALCANTI,2024-08-29 15:40:51,70.6,0.2,-23.114475,-44.414891
MARCOS CAVALCANTI,2024-08-29 15:46:02,81.3,0.1,-23.114411,-44.414843
MARCOS CAVALCANTI,2024-08-29 16:06:22,252.9,0.1,-23.11444,-44.414963
MARCOS CAVALCANTI,2024-08-29 16:09:42,266.3,0.1,-23.114473,-44.414953
MARCOS CAVALCANTI,2024-08-29 16:41:21,255.1,0.1,-23.114343,-44.415078
MARCOS CAVALCANTI,2024-08-29 16:48:32,82.9,0.2,-23.114428,-44.415231
MARCOS CAVALCANTI,2024-08-29 17:13:43,36.5,0.0,-23.114403,-44.41533
MARCOS CAVALCANTI,2024-08-29 17:22:23,89.0,0.2,-23.114366,-44.415358
MARCOS CAVALCANTI,2024-08-29 17:48:02,79.7,0.0,-23.114426,-44.415361
MARCOS CAVALCANTI,2024-08-29 17:55:52,250.1,0.1,-23.11441,-44.415381
MARCOS CAVALCANTI,2024-08-29 18:24:01,276.9,0.1,-23.114516,-44.415581
MARCOS CAVALCANTI,2024-08-29 19:04:11,243.4,0.2,-23.114673,-44.416208
MARCOS CAVALCANTI,2024-08-29 19:05:52,276.5,0.0,-23.114666,-44.416233
MARCOS CAVALCANTI,2024-08-29 19:13:53,244.1,0.2,-23.114676,-44.41641
MARCOS CAVALCANTI,2024-08-29 19:58:01,230.8,0.1,-23.114805,-44.416593
MARCOS CAVALCANTI,2024-08-29 20:05:40,141.8,0.0,-23.11482,-44.416643
MARCOS CAVALCANTI,2024-08-29 20:50:23,68.6,0.2,-23.114695,-44.416188
MARCOS CAVALCANTI,2024-08-29 20:54:51,232.9,0.0,-23.114618,-44.416115
MARCOS CAVALCANTI,2024-08-29 20:58:22,55.0,0.0,-23.114583,-44.416043
MARCOS CAVALCANTI,2024-08-29 20:59:51,62.9,0.2,-23.114555,-44.416013
MARCOS CAVALCANTI,2024-08-29 21:02:52,283.1,0.1,-23.114528,-44.415973
MARCOS CAVALCANTI,2024-08-29 22:43:32,103.2,0.2,-23.114531,-44.415131
MARCOS CAVALCANTI,2024-08-29 22:45:43,141.5,0.1,-23.11455,-44.415131
MARCOS CAVALCANTI,2024-08-29 22:48:43,287.2,0.1,-23.114508,-44.415096
MARCOS CAVALCANTI,2024-08-29 23:57:02,96.8,0.1,-23.11458,-44.414866
MARCOS CAVALCANTI,2024-08-29 23:59:21,334.3,0.1,-23.114625,-44.414888
MARCOS CAVALCANTI,2024-08-30 00:02:01,358.7,0.0,-23.114535,-44.414835
MARCOS CAVALCANTI,2024-08-30 00:05:22,313.0,0.0,-23.11451,-44.414831
MARCOS CAVALCANTI,2024-08-30 00:18:31,290.7,0.2,-23.114573,-44.41479
MARCOS CAVALCANTI,2024-08-30 00:22:42,257.0,0.1,-23.114626,-44.414783
MARCOS CAVALCANTI,2024-08-30 00:24:22,78.8,0.1,-23.114668,-44.414748
MARCOS CAVALCANTI,2024-08-30 00:30:42,282.3,0.3,-23.114661,-44.414798
MARCOS CAVALCANTI,2024-08-30 00:31:11,342.5,0.0,-23.11464,-44.414795
MARCOS CAVALCANTI,2024-08-30 00:31:42,299.4,0.0,-23.114648,-44.414818
MARCOS CAVALCANTI,2024-08-30 00:32:11,292.2,0.3,-23.114643,-44.414833
MARCOS CAVALCANTI,2024-08-30 00:32:51,288.8,0.3,-23.114635,-44.414845
MARCOS CAVALCANTI,2024-08-30 00:55:33,101.0,0.1,-23.114581,-44.414893
MARCOS CAVALCANTI,2024-08-30 01:27:33,283.8,0.1,-23.114666,-44.414703
MARCOS CAVALCANTI,2024-08-30 01:30:12,258.3,0.1,-23.114696,-44.414703
MARCOS CAVALCANTI,2024-08-30 01:34:32,124.9,0.0,-23.114691,-44.414626
MARCOS CAVALCANTI,2024-08-30 01:37:52,144.9,0.1,-23.114708,-44.41462
MARCOS CAVALCANTI,2024-08-30 02:00:41,325.9,0.0,-23.114628,-44.414746
MARCOS CAVALCANTI,2024-08-30 02:07:53,335.3,0.1,-23.114575,-44.414793
MARCOS CAVALCANTI,2024-08-30 02:11:23,79.9,0.1,-23.114565,-44.414815
MARCOS CAVALCANTI,2024-08-30 02:34:12,126.4,0.1,-23.11468,-44.414713
MARCOS CAVALCANTI,2024-08-30 02:39:42,88.0,0.1,-23.114683,-44.414643
MARCOS CAVALCANTI,2024-08-30 02:57:53,282.0,0.1,-23.11455,-44.41486
MARCOS CAVALCANTI,2024-08-30 03:15:41,102.7,0.1,-23.114596,-44.414835
MARCOS CAVALCANTI,2024-08-30 03:19:43,282.4,0.2,-23.114543,-44.414816
MARCOS CAVALCANTI,2024-08-30 03:43:13,298.8,0.2,-23.114503,-44.414961
MARCOS CAVALCANTI,2024-08-30 03:49:03,263.1,0.0,-23.114471,-44.41506
MARCOS CAVALCANTI,2024-08-30 03:53:22,61.3,0.1,-23.114531,-44.41506
MARCOS CAVALCANTI,2024-08-30 03:56:52,93.0,0.2,-23.114553,-44.415028
MARCOS CAVALCANTI,2024-08-30 04:27:53,107.6,0.2,-23.114568,-44.414693
MARCOS CAVALCANTI,2024-08-30 04:43:22,273.1,0.1,-23.114553,-44.414696
MARCOS CAVALCANTI,2024-08-30 04:49:23,17.7,0.1,-23.114585,-44.414673
MARCOS CAVALCANTI,2024-08-30 05:35:23,116.6,0.0,-23.114615,-44.414578
MARCOS CAVALCANTI,2024-08-30 05:36:13,125.3,0.1,-23.114618,-44.414565
MARCOS CAVALCANTI,2024-08-30 06:28:42,68.8,0.1,-23.114531,-44.414838
MARCOS CAVALCANTI,2024-08-30 06:32:43,283.6,0.1,-23.114505,-44.414906
MARCOS CAVALCANTI,2024-08-30 06:54:22,35.9,0.1,-23.11454,-44.414901
MARCOS CAVALCANTI,2024-08-30 06:57:22,34.0,0.1,-23.114516,-44.41489
MARCOS CAVALCANTI,2024-08-30 07:03:33,79.6,0.1,-23.11451,-44.414836
MARCOS CAVALCANTI,2024-08-30 07:15:53,92.2,0.0,-23.114511,-44.414823
MARCOS CAVALCANTI,2024-08-30 07:20:53,102.9,0.1,-23.114535,-44.414868
MARCOS CAVALCANTI,2024-08-30 07:33:43,271.0,0.1,-23.114481,-44.414956
MARCOS CAVALCANTI,2024-08-30 07:36:43,263.7,0.1,-23.11447,-44.414973
MARCOS CAVALCANTI,2024-08-30 08:08:50,274.1,0.0,-23.114441,-44.41483
MARCOS CAVALCANTI,2024-08-30 08:11:00,140.3,0.0,-23.114436,-44.414838
MARCOS CAVALCANTI,2024-08-30 08:32:32,276.1,0.1,-23.114468,-44.414898
MARCOS CAVALCANTI,2024-08-30 08:39:22,248.4,0.1,-23.114441,-44.414958
MARCOS CAVALCANTI,2024-08-30 08:44:12,260.5,0.2,-23.114463,-44.414948
MARCOS CAVALCANTI,2024-08-30 09:03:12,108.5,0.1,-23.11445,-44.414966
MARCOS CAVALCANTI,2024-08-30 09:05:31,271.5,0.1,-23.114466,-44.414973
MARCOS CAVALCANTI,2024-08-30 09:19:01,79.5,0.2,-23.114456,-44.414991
MARCOS CAVALCANTI,2024-08-30 09:38:33,119.0,0.1,-23.1145,-44.414943
MARCOS CAVALCANTI,2024-08-30 10:15:33,240.8,0.1,-23.114478,-44.414953
MARCOS CAVALCANTI,2024-08-30 10:45:01,219.0,0.0,-23.114485,-44.414985
MARCOS CAVALCANTI,2024-08-30 10:49:42,71.3,0.0,-23.114491,-44.414928
MARCOS CAVALCANTI,2024-08-30 11:20:21,277.0,0.2,-23.114498,-44.414835
MARCOS CAVALCANTI,2024-08-30 11:25:03,103.1,0.1,-23.1145,-44.41475
MARCOS CAVALCANTI,2024-08-30 11:33:21,86.4,0.1,-23.114521,-44.414693
MARCOS CAVALCANTI,2024-08-30 12:08:21,247.6,0.1,-23.114528,-44.4147
MARCOS CAVALCANTI,2024-08-30 12:08:31,240.8,0.1,-23.114533,-44.414696
MARCOS CAVALCANTI,2024-08-30 12:11:32,301.2,0.1,-23.114531,-44.414675
MARCOS CAVALCANTI,2024-08-30 12:15:02,99.4,0.0,-23.114548,-44.414636
MARCOS CAVALCANTI,2024-08-30 12:28:03,314.8,0.0,-23.114546,-44.414668
MARCOS CAVALCANTI,2024-08-30 12:36:02,322.1,0.1,-23.114568,-44.414636
MARCOS CAVALCANTI,2024-08-30 12:47:01,93.5,0.0,-23.114543,-44.414755
MARCOS CAVALCANTI,2024-08-30 12:50:20,283.8,0.2,-23.114513,-44.41478
MARCOS CAVALCANTI,2024-08-30 12:55:52,87.7,0.1,-23.114518,-44.414743
MARCOS CAVALCANTI,2024-08-30 13:01:43,296.9,0.1,-23.114463,-44.41472
MARCOS CAVALCANTI,2024-08-30 13:04:52,99.4,0.0,-23.114493,-44.414723
MARCOS CAVALCANTI,2024-08-30 13:06:43,290.6,0.2,-23.114498,-44.41474
MARCOS CAVALCANTI,2024-08-30 13:58:31,107.3,0.3,-23.114553,-44.414586
MARCOS CAVALCANTI,2024-08-30 14:45:22,96.0,0.1,-23.114536,-44.414558
MARCOS CAVALCANTI,2024-08-30 15:11:33,294.3,0.2,-23.114536,-44.414701
MARCOS CAVALCANTI,2024-08-30 15:40:12,282.6,0.1,-23.114571,-44.41485
MARCOS CAVALCANTI,2024-08-30 15:42:32,326.0,0.1,-23.114491,-44.414843
MARCOS CAVALCANTI,2024-08-30 15:48:22,84.5,0.1,-23.114493,-44.41488
MARCOS CAVALCANTI,2024-08-30 16:16:31,64.1,0.0,-23.114501,-44.414908
MARCOS CAVALCANTI,2024-08-30 16:18:40,93.4,0.2,-23.114438,-44.414926
MARCOS CAVALCANTI,2024-08-30 16:23:41,92.9,0.1,-23.11445,-44.414988
MARCOS CAVALCANTI,2024-08-30 16:29:40,283.6,0.0,-23.114468,-44.414966
MARCOS CAVALCANTI,2024-08-30 16:30:09,73.0,0.1,-23.114496,-44.414948
MARCOS CAVALCANTI,2024-08-30 16:30:12,73.0,0.1,-23.114496,-44.414948
MARCOS CAVALCANTI,2024-08-30 16:30:29,64.9,0.0,-23.114511,-44.414945
MARCOS CAVALCANTI,2024-08-30 16:30:40,64.0,0.0,-23.114518,-44.41496
MARCOS CAVALCANTI,2024-08-30 16:30:58,50.4,0.0,-23.114511,-44.41497
MARCOS CAVALCANTI,2024-08-30 16:31:58,68.6,0.0,-23.114495,-44.414945
MARCOS CAVALCANTI,2024-08-30 16:32:18,313.6,0.0,-23.114498,-44.414948
MARCOS CAVALCANTI,2024-08-30 16:33:18,293.1,0.1,-23.11446,-44.414963
MARCOS CAVALCANTI,2024-08-30 16:34:30,81.1,0.0,-23.11446,-44.414963
MARCOS CAVALCANTI,2024-08-30 16:35:30,80.1,0.1,-23.11445,-44.414958
MARCOS CAVALCANTI,2024-08-30 16:35:39,81.9,0.1,-23.11445,-44.414956
MARCOS CAVALCANTI,2024-08-30 16:51:22,84.0,0.0,-23.114511,-44.414875
MARCOS CAVALCANTI,2024-08-30 17:25:02,70.8,0.0,-23.114391,-44.415146
MARCOS CAVALCANTI,2024-08-30 17:29:31,123.6,0.1,-23.114396,-44.41516
MARCOS CAVALCANTI,2024-08-30 17:31:42,255.7,0.0,-23.114395,-44.415181
MARCOS CAVALCANTI,2024-08-30 18:08:02,85.8,0.0,-23.114381,-44.415391
MARCOS CAVALCANTI,2024-08-30 18:09:51,74.6,0.0,-23.114341,-44.41537
MARCOS CAVALCANTI,2024-08-30 19:03:03,282.4,0.0,-23.114386,-44.41547
MARCOS CAVALCANTI,2024-08-30 19:51:22,268.1,0.1,-23.114471,-44.415786
MARCOS CAVALCANTI,2024-08-30 19:55:32,301.5,0.1,-23.114441,-44.415795
MARCOS CAVALCANTI,2024-08-30 19:56:03,326.3,0.0,-23.114446,-44.415803
MARCOS CAVALCANTI,2024-08-30 19:58:23,259.4,0.0,-23.114456,-44.415793
MARCOS CAVALCANTI,2024-08-30 20:01:52,222.7,0.1,-23.114506,-44.415741
MARCOS CAVALCANTI,2024-08-30 21:36:42,31.5,0.2,-23.115631,-44.417331
MARCOS CAVALCANTI,2024-08-30 21:38:43,203.6,0.1,-23.115628,-44.417331
MARCOS CAVALCANTI,2024-08-30 21:42:43,30.3,0.1,-23.115581,-44.417228
MARCOS CAVALCANTI,2024-08-30 21:47:22,42.3,0.1,-23.115431,-44.417145
MARCOS CAVALCANTI,2024-08-30 21:49:52,41.2,0.0,-23.11531,-44.417081
MARCOS CAVALCANTI,2024-08-30 22:29:02,68.3,0.1,-23.1146,-44.415983
MARCOS CAVALCANTI,2024-08-30 23:50:32,103.4,0.0,-23.114556,-44.415153
MARCOS CAVALCANTI,2024-08-30 23:51:11,283.7,0.1,-23.11456,-44.415165
MARCOS CAVALCANTI,2024-08-30 23:52:01,87.8,0.2,-23.114575,-44.415186
MARCOS CAVALCANTI,2024-08-30 23:53:01,309.5,0.0,-23.114585,-44.415208
MARCOS CAVALCANTI,2024-08-30 23:53:42,278.4,0.0,-23.114575,-44.415206
MARCOS CAVALCANTI,2024-08-30 23:54:40,284.0,0.0,-23.114555,-44.415208
MARCOS CAVALCANTI,2024-08-30 23:55:40,292.4,0.0,-23.114546,-44.415208
MARCOS CAVALCANTI,2024-08-30 23:56:20,86.2,0.1,-23.114548,-44.415211
MARCOS CAVALCANTI,2024-08-30 23:56:50,286.6,0.0,-23.114545,-44.415215
MARCOS CAVALCANTI,2024-08-31 00:14:42,266.7,0.1,-23.114586,-44.415433
MARCOS CAVALCANTI,2024-08-31 00:14:52,263.5,0.1,-23.114585,-44.415433
MARCOS CAVALCANTI,2024-08-31 00:16:42,270.6,0.1,-23.114558,-44.415461
MARCOS CAVALCANTI,2024-08-31 00:16:52,267.5,0.1,-23.114568,-44.415456
MARCOS CAVALCANTI,2024-08-31 00:17:32,266.9,0.1,-23.114591,-44.415448
MARCOS CAVALCANTI,2024-08-31 00:31:53,61.4,0.1,-23.114525,-44.415565
MARCOS CAVALCANTI,2024-08-31 00:35:13,81.5,0.1,-23.11452,-44.415563
MARCOS CAVALCANTI,2024-08-31 01:04:02,91.2,0.1,-23.114511,-44.415446
MARCOS CAVALCANTI,2024-08-31 01:28:32,61.0,0.1,-23.114478,-44.415243
MARCOS CAVALCANTI,2024-08-31 01:29:02,272.0,0.1,-23.114476,-44.41524
MARCOS CAVALCANTI,2024-08-31 01:31:12,306.9,0.0,-23.114461,-44.41525
MARCOS CAVALCANTI,2024-08-31 01:33:32,266.2,0.1,-23.114475,-44.41526
MARCOS CAVALCANTI,2024-08-31 01:36:32,286.4,0.0,-23.114441,-44.41525
MARCOS CAVALCANTI,2024-08-31 01:40:42,255.7,0.1,-23.114465,-44.41529
MARCOS CAVALCANTI,2024-08-31 01:43:42,273.1,0.0,-23.11449,-44.415303
MARCOS CAVALCANTI,2024-08-31 01:51:40,262.5,0.1,-23.114481,-44.415345
MARCOS CAVALCANTI,2024-08-31 02:03:42,244.9,0.0,-23.114508,-44.41534
MARCOS CAVALCANTI,2024-08-31 02:15:23,72.2,0.0,-23.114571,-44.415225
MARCOS CAVALCANTI,2024-08-31 02:19:32,303.4,0.1,-23.114528,-44.415186
MARCOS CAVALCANTI,2024-08-31 02:49:13,89.0,0.1,-23.114583,-44.414673
MARCOS CAVALCANTI,2024-08-31 03:26:52,54.6,0.1,-23.114725,-44.414335
MARCOS CAVALCANTI,2024-08-31 03:43:42,108.6,0.0,-23.114721,-44.414266
MARCOS CAVALCANTI,2024-08-31 03:50:22,302.9,0.1,-23.114706,-44.41431
MARCOS CAVALCANTI,2024-08-31 03:58:42,286.7,0.1,-23.114695,-44.414396
MARCOS CAVALCANTI,2024-08-31 04:04:43,104.7,0.1,-23.114675,-44.414398
MARCOS CAVALCANTI,2024-08-31 04:35:22,13.3,0.0,-23.114613,-44.414576
MARCOS CAVALCANTI,2024-08-31 04:35:52,13.3,0.0,-23.114608,-44.414581
MARCOS CAVALCANTI,2024-08-31 04:40:41,303.3,0.1,-23.11459,-44.414603
MARCOS CAVALCANTI,2024-08-31 04:43:01,74.4,0.1,-23.114561,-44.41463
MARCOS CAVALCANTI,2024-08-31 05:10:33,96.2,0.0,-23.114565,-44.414656
MARCOS CAVALCANTI,2024-08-31 05:28:12,146.1,0.1,-23.114596,-44.414698
MARCOS CAVALCANTI,2024-08-31 06:19:53,139.9,0.0,-23.114863,-44.414075
MARCOS CAVALCANTI,2024-08-31 06:33:11,184.1,0.1,-23.115075,-44.413733
MARCOS CAVALCANTI,2024-08-31 06:51:12,139.8,0.3,-23.115476,-44.413416
MARCOS CAVALCANTI,2024-08-31 07:08:43,322.5,0.1,-23.11578,-44.413238
MARCOS CAVALCANTI,2024-08-31 07:11:03,163.1,0.2,-23.11581,-44.413221
MARCOS CAVALCANTI,2024-08-31 07:40:22,150.6,0.2,-23.115753,-44.4133
MARCOS CAVALCANTI,2024-08-31 07:45:13,350.5,0.0,-23.115663,-44.413246
MARCOS CAVALCANTI,2024-08-31 07:47:33,328.0,0.0,-23.115666,-44.413276
MARCOS CAVALCANTI,2024-08-31 08:17:01,331.0,0.3,-23.115401,-44.413468
MARCOS CAVALCANTI,2024-08-31 08:20:21,326.7,0.0,-23.115383,-44.41348
MARCOS CAVALCANTI,2024-08-31 08:37:32,136.9,0.2,-23.115171,-44.413656
MARCOS CAVALCANTI,2024-08-31 08:52:41,146.9,0.1,-23.115083,-44.413663
MARCOS CAVALCANTI,2024-08-31 08:56:41,119.3,0.1,-23.11506,-44.413691
MARCOS CAVALCANTI,2024-08-31 09:13:43,295.1,0.0,-23.115095,-44.413775
MARCOS CAVALCANTI,2024-08-31 09:16:22,120.2,0.1,-23.115071,-44.413731
MARCOS CAVALCANTI,2024-08-31 09:23:32,325.3,0.0,-23.115058,-44.413783
MARCOS CAVALCANTI,2024-08-31 09:46:01,139.1,0.1,-23.115138,-44.413828
MARCOS CAVALCANTI,2024-08-31 09:55:03,121.5,0.1,-23.115171,-44.413758
MARCOS CAVALCANTI,2024-08-31 09:57:52,319.2,0.1,-23.115106,-44.413668
MARCOS CAVALCANTI,2024-08-31 10:07:53,310.7,0.1,-23.115193,-44.41358
MARCOS CAVALCANTI,2024-08-31 10:24:02,322.4,0.3,-23.115228,-44.413618
MARCOS CAVALCANTI,2024-08-31 10:26:10,127.0,0.1,-23.115243,-44.413658
MARCOS CAVALCANTI,2024-08-31 10:37:12,311.6,0.2,-23.11515,-44.413608
MARCOS CAVALCANTI,2024-08-31 10:40:12,141.8,0.1,-23.11515,-44.413621
MARCOS CAVALCANTI,2024-08-31 10:57:21,290.7,0.0,-23.115203,-44.413673
MARCOS CAVALCANTI,2024-08-31 11:03:03,335.8,0.1,-23.11515,-44.413685
MARCOS CAVALCANTI,2024-08-31 11:35:03,311.2,0.1,-23.114893,-44.414021
MARCOS CAVALCANTI,2024-08-31 11:37:32,304.2,0.2,-23.114801,-44.413981
MARCOS CAVALCANTI,2024-08-31 12:00:10,114.0,0.0,-23.114745,-44.414138
MARCOS CAVALCANTI,2024-08-31 12:03:01,265.9,0.1,-23.114748,-44.414106
MARCOS CAVALCANTI,2024-08-31 12:03:41,147.9,0.0,-23.114745,-44.414113
MARCOS CAVALCANTI,2024-08-31 12:04:11,128.2,0.0,-23.114761,-44.414111
MARCOS CAVALCANTI,2024-08-31 12:23:41,330.3,0.1,-23.114873,-44.413996
MARCOS CAVALCANTI,2024-08-31 13:34:51,88.9,0.1,-23.114673,-44.414208
MARCOS CAVALCANTI,2024-08-31 13:37:42,297.9,0.2,-23.11466,-44.414241
MARCOS CAVALCANTI,2024-08-31 13:47:32,96.1,0.1,-23.11459,-44.41436
MARCOS CAVALCANTI,2024-08-31 13:49:43,305.3,0.2,-23.11457,-44.414393
MARCOS CAVALCANTI,2024-08-31 13:52:01,328.4,0.0,-23.114551,-44.414403
MARCOS CAVALCANTI,2024-08-31 14:40:52,320.1,0.1,-23.114546,-44.414403
MARCOS CAVALCANTI,2024-08-31 14:43:32,305.4,0.3,-23.114513,-44.414391
MARCOS CAVALCANTI,2024-08-31 14:48:10,119.1,0.0,-23.114518,-44.414396
MARCOS CAVALCANTI,2024-08-31 15:20:23,294.2,0.1,-23.11442,-44.41465
MARCOS CAVALCANTI,2024-08-31 15:25:40,98.0,0.1,-23.114446,-44.41471
MARCOS CAVALCANTI,2024-08-31 15:28:22,276.7,0.1,-23.114455,-44.414686
MARCOS CAVALCANTI,2024-08-31 15:30:32,98.2,0.1,-23.114438,-44.414678
MARCOS CAVALCANTI,2024-08-31 15:33:02,92.2,0.0,-23.114441,-44.414675
MARCOS CAVALCANTI,2024-08-31 15:51:43,56.1,0.1,-23.114395,-44.415015
MARCOS CAVALCANTI,2024-08-31 15:54:22,75.5,0.2,-23.11438,-44.415063
MARCOS CAVALCANTI,2024-08-31 15:57:11,268.7,0.0,-23.114388,-44.415091
MARCOS CAVALCANTI,2024-08-31 16:31:10,98.2,0.1,-23.114405,-44.415236
MARCOS CAVALCANTI,2024-08-31 17:09:33,104.1,0.0,-23.114423,-44.414838
MARCOS CAVALCANTI,2024-08-31 17:38:01,108.5,0.0,-23.114395,-44.415023
MARCOS CAVALCANTI,2024-08-31 18:04:13,100.5,0.0,-23.114408,-44.415031
MARCOS CAVALCANTI,2024-08-31 18:21:19,130.9,0.1,-23.114456,-44.414838
MARCOS CAVALCANTI,2024-08-31 18:23:39,108.5,0.1,-23.114445,-44.414851
MARCOS CAVALCANTI,2024-08-31 18:25:28,122.5,0.0,-23.114441,-44.414848
MARCOS CAVALCANTI,2024-08-31 18:28:58,123.4,0.0,-23.114453,-44.414861
MARCOS CAVALCANTI,2024-08-31 18:50:51,198.6,0.4,-23.114516,-44.414871
MARCOS CAVALCANTI,2024-08-31 18:59:32,158.2,0.4,-23.115488,-44.414881
MARCOS CAVALCANTI,2024-08-31 19:02:22,165.4,0.3,-23.115753,-44.414766
MARCOS CAVALCANTI,2024-08-31 19:50:52,315.5,0.1,-23.115171,-44.41427
MARCOS CAVALCANTI,2024-08-31 20:33:02,118.3,0.1,-23.115213,-44.41446
MARCOS CAVALCANTI,2024-08-31 20:39:33,90.5,0.1,-23.115178,-44.414431
MARCOS CAVALCANTI,2024-08-31 20:44:41,101.6,0.0,-23.115118,-44.414408
MARCOS CAVALCANTI,2024-08-31 20:48:42,93.5,0.0,-23.115146,-44.414431
MARCOS CAVALCANTI,2024-08-31 22:27:00,70.6,0.1,-23.11519,-44.414968
MARCOS CAVALCANTI,2024-08-31 22:34:11,82.8,0.1,-23.115181,-44.414926
MARCOS CAVALCANTI,2024-08-31 23:41:50,282.2,0.0,-23.11532,-44.415055
MARCOS CAVALCANTI,2024-08-31 23:42:50,280.7,0.1,-23.1153,-44.415056
MARCOS CAVALCANTI,2024-08-31 23:43:00,268.9,0.1,-23.115295,-44.415063
MARCOS CAVALCANTI,2024-08-31 23:45:10,88.6,0.0,-23.11532,-44.415106
MARCOS CAVALCANTI,2024-08-31 23:57:21,241.0,0.1,-23.115285,-44.415041
MARCOS CAVALCANTI,2024-08-31 23:58:21,241.0,0.1,-23.115298,-44.415033
MARCOS CAVALCANTI,2024-09-01 00:03:02,244.8,0.1,-23.115301,-44.415043
MARCOS CAVALCANTI,2024-09-01 00:09:20,256.3,0.0,-23.115363,-44.415003
MARCOS CAVALCANTI,2024-09-01 00:16:52,33.5,0.0,-23.115345,-44.414915
MARCOS CAVALCANTI,2024-09-01 00:35:21,200.9,0.0,-23.115215,-44.414743
MARCOS CAVALCANTI,2024-09-01 00:39:11,245.4,0.1,-23.115246,-44.414758
MARCOS CAVALCANTI,2024-09-01 00:42:01,91.7,0.1,-23.115271,-44.414728
MARCOS CAVALCANTI,2024-09-01 01:14:21,270.5,0.1,-23.11525,-44.414966
MARCOS CAVALCANTI,2024-09-01 01:16:02,277.2,0.1,-23.115246,-44.414981
MARCOS CAVALCANTI,2024-09-01 01:20:41,261.4,0.1,-23.11523,-44.415068
MARCOS CAVALCANTI,2024-09-01 01:28:41,252.1,0.1,-23.115265,-44.415125
MARCOS CAVALCANTI,2024-09-01 01:31:12,253.9,0.0,-23.115286,-44.41514
MARCOS CAVALCANTI,2024-09-01 01:32:20,248.1,0.1,-23.11529,-44.415146
MARCOS CAVALCANTI,2024-09-01 01:34:12,245.9,0.2,-23.115313,-44.415171
MARCOS CAVALCANTI,2024-09-01 01:34:20,238.5,0.1,-23.115318,-44.415173
MARCOS CAVALCANTI,2024-09-01 01:34:42,225.3,0.1,-23.11534,-44.415178
MARCOS CAVALCANTI,2024-09-01 01:35:12,107.7,0.1,-23.11535,-44.415178
MARCOS CAVALCANTI,2024-09-01 01:49:53,254.5,0.0,-23.115473,-44.415175
MARCOS CAVALCANTI,2024-09-01 01:52:12,36.7,0.1,-23.115503,-44.415198
MARCOS CAVALCANTI,2024-09-01 01:54:32,46.0,0.1,-23.115493,-44.415205
MARCOS CAVALCANTI,2024-09-01 01:56:32,286.5,0.1,-23.115513,-44.415238
MARCOS CAVALCANTI,2024-09-01 02:20:51,40.5,0.1,-23.11535,-44.415361
MARCOS CAVALCANTI,2024-09-01 02:26:21,226.5,0.1,-23.115326,-44.415343
MARCOS CAVALCANTI,2024-09-01 02:46:11,257.7,0.0,-23.11545,-44.415246
MARCOS CAVALCANTI,2024-09-01 02:58:01,244.3,0.0,-23.115485,-44.415321
MARCOS CAVALCANTI,2024-09-01 03:34:53,233.5,0.2,-23.11587,-44.416016
MARCOS CAVALCANTI,2024-09-01 03:38:22,232.6,0.1,-23.11594,-44.41612
MARCOS CAVALCANTI,2024-09-01 03:41:13,228.5,0.1,-23.116003,-44.41621
MARCOS CAVALCANTI,2024-09-01 03:43:22,228.9,0.1,-23.116083,-44.416256
MARCOS CAVALCANTI,2024-09-01 03:46:32,218.9,0.2,-23.11613,-44.41636
MARCOS CAVALCANTI,2024-09-01 04:31:00,167.6,0.2,-23.117675,-44.416875
MARCOS CAVALCANTI,2024-09-01 04:33:21,359.9,0.3,-23.117725,-44.416791
MARCOS CAVALCANTI,2024-09-01 05:20:32,124.2,0.1,-23.118873,-44.416041
MARCOS CAVALCANTI,2024-09-01 05:26:11,127.2,0.1,-23.118915,-44.41599
MARCOS CAVALCANTI,2024-09-01 05:33:02,119.9,0.1,-23.11897,-44.415901
MARCOS CAVALCANTI,2024-09-01 06:03:41,128.3,0.2,-23.119356,-44.415135
MARCOS CAVALCANTI,2024-09-01 06:12:53,112.0,0.1,-23.11938,-44.414835
MARCOS CAVALCANTI,2024-09-01 06:39:51,94.6,0.1,-23.119415,-44.414026
MARCOS CAVALCANTI,2024-09-01 06:44:41,38.2,0.1,-23.119355,-44.413925
MARCOS CAVALCANTI,2024-09-01 06:49:00,33.0,0.1,-23.119368,-44.413878
MARCOS CAVALCANTI,2024-09-01 07:16:13,250.4,0.0,-23.119456,-44.414063
MARCOS CAVALCANTI,2024-09-01 07:47:23,238.1,0.0,-23.119546,-44.414456
MARCOS CAVALCANTI,2024-09-01 07:54:21,264.4,0.0,-23.119576,-44.414485
MARCOS CAVALCANTI,2024-09-01 08:46:31,208.5,0.1,-23.119106,-44.41346
MARCOS CAVALCANTI,2024-09-01 08:53:53,35.6,0.0,-23.11908,-44.413505
MARCOS CAVALCANTI,2024-09-01 09:00:23,62.6,0.0,-23.119098,-44.413528
MARCOS CAVALCANTI,2024-09-01 09:03:23,70.4,0.1,-23.119108,-44.413511
MARCOS CAVALCANTI,2024-09-01 09:28:22,221.8,0.0,-23.118991,-44.413356
MARCOS CAVALCANTI,2024-09-01 09:54:42,32.8,0.0,-23.118805,-44.413193
MARCOS CAVALCANTI,2024-09-01 10:03:33,57.4,0.0,-23.118766,-44.413138
MARCOS CAVALCANTI,2024-09-01 10:29:41,351.9,0.1,-23.118598,-44.413081
MARCOS CAVALCANTI,2024-09-01 10:35:42,9.1,0.1,-23.118543,-44.413028
MARCOS CAVALCANTI,2024-09-01 10:38:22,19.1,0.1,-23.11849,-44.413013
MARCOS CAVALCANTI,2024-09-01 10:42:43,24.6,0.1,-23.118503,-44.412956
MARCOS CAVALCANTI,2024-09-01 11:05:11,355.6,0.0,-23.118398,-44.41275
MARCOS CAVALCANTI,2024-09-01 11:10:23,358.5,0.0,-23.118325,-44.412775
MARCOS CAVALCANTI,2024-09-01 11:13:03,327.9,0.1,-23.11829,-44.41279
MARCOS CAVALCANTI,2024-09-01 11:20:11,252.4,0.1,-23.118238,-44.412793
MARCOS CAVALCANTI,2024-09-01 11:48:32,10.3,0.0,-23.118035,-44.412663
MARCOS CAVALCANTI,2024-09-01 11:48:41,9.3,0.1,-23.118031,-44.412661
MARCOS CAVALCANTI,2024-09-01 11:49:12,17.6,0.1,-23.118028,-44.412661
MARCOS CAVALCANTI,2024-09-01 11:51:41,29.5,0.2,-23.118005,-44.412605
MARCOS CAVALCANTI,2024-09-01 11:51:52,18.1,0.1,-23.117993,-44.41261
MARCOS CAVALCANTI,2024-09-01 11:52:32,7.8,0.0,-23.117971,-44.412621
MARCOS CAVALCANTI,2024-09-01 11:52:41,3.5,0.1,-23.117971,-44.412618
MARCOS CAVALCANTI,2024-09-01 11:53:21,14.1,0.1,-23.117948,-44.412618
MARCOS CAVALCANTI,2024-09-01 12:20:22,355.8,0.1,-23.117226,-44.412493
MARCOS CAVALCANTI,2024-09-01 12:34:11,338.1,0.1,-23.116863,-44.412571
MARCOS CAVALCANTI,2024-09-01 12:39:10,338.5,0.0,-23.116716,-44.412638
MARCOS CAVALCANTI,2024-09-01 12:44:01,341.0,0.1,-23.116573,-44.412698
MARCOS CAVALCANTI,2024-09-01 12:49:40,338.4,0.1,-23.116398,-44.412688
MARCOS CAVALCANTI,2024-09-01 13:05:42,310.6,0.0,-23.11621,-44.412776
MARCOS CAVALCANTI,2024-09-01 13:24:21,336.5,0.1,-23.116043,-44.412865
MARCOS CAVALCANTI,2024-09-01 13:32:22,130.2,0.4,-23.115986,-44.412938
MARCOS CAVALCANTI,2024-09-01 13:34:00,309.9,0.0,-23.115968,-44.412936
MARCOS CAVALCANTI,2024-09-01 13:41:52,95.6,0.2,-23.115961,-44.412968
MARCOS CAVALCANTI,2024-09-01 14:14:42,115.8,0.1,-23.116101,-44.412851
MARCOS CAVALCANTI,2024-09-01 14:19:40,131.3,0.2,-23.116123,-44.412801
MARCOS CAVALCANTI,2024-09-01 14:31:11,131.0,0.0,-23.116131,-44.41282
MARCOS CAVALCANTI,2024-09-01 14:49:23,163.5,0.1,-23.116298,-44.412665
MARCOS CAVALCANTI,2024-09-01 14:57:11,162.9,0.0,-23.116316,-44.412718
MARCOS CAVALCANTI,2024-09-01 15:28:41,135.5,0.2,-23.116406,-44.412621
MARCOS CAVALCANTI,2024-09-01 15:31:12,121.8,0.0,-23.116401,-44.412626
MARCOS CAVALCANTI,2024-09-01 16:00:42,359.1,0.1,-23.116346,-44.412655
MARCOS CAVALCANTI,2024-09-01 16:05:40,345.8,0.1,-23.116286,-44.41271
MARCOS CAVALCANTI,2024-09-01 16:08:22,14.0,0.0,-23.116248,-44.412681
MARCOS CAVALCANTI,2024-09-01 16:11:02,333.9,0.0,-23.11624,-44.412665
MARCOS CAVALCANTI,2024-09-01 16:15:11,339.0,0.1,-23.116258,-44.412681
MARCOS CAVALCANTI,2024-09-01 16:17:31,159.8,0.2,-23.116241,-44.412685
MARCOS CAVALCANTI,2024-09-01 16:33:23,135.6,0.1,-23.116206,-44.41265
MARCOS CAVALCANTI,2024-09-01 17:06:22,340.7,0.2,-23.116291,-44.412678
MARCOS CAVALCANTI,2024-09-01 17:13:41,137.9,0.1,-23.11625,-44.412676
MARCOS CAVALCANTI,2024-09-01 17:43:40,142.1,0.1,-23.116298,-44.41268
MARCOS CAVALCANTI,2024-09-01 17:55:22,148.3,0.1,-23.116336,-44.412658
MARCOS CAVALCANTI,2024-09-01 17:58:51,333.5,0.4,-23.116321,-44.41269
MARCOS CAVALCANTI,2024-09-01 18:00:22,334.7,0.2,-23.116328,-44.412691
MARCOS CAVALCANTI,2024-09-01 18:42:20,229.8,0.2,-23.116498,-44.413586
MARCOS CAVALCANTI,2024-09-01 18:46:32,247.3,0.8,-23.116658,-44.413851
MARCOS CAVALCANTI,2024-09-01 18:51:12,196.3,3.2,-23.118405,-44.415553
MARCOS CAVALCANTI,2024-09-01 19:41:13,71.1,10.2,-23.087428,-44.281026
MARCOS CAVALCANTI,2024-09-01 19:43:42,77.2,9.4,-23.085785,-44.27387
MARCOS CAVALCANTI,2024-09-01 19:46:01,77.4,8.9,-23.084541,-44.26765
MARCOS CAVALCANTI,2024-09-01 20:29:02,275.3,1.5,-23.060401,-44.225075
MARCOS CAVALCANTI,2024-09-04 15:20:01,238.9,1.0,-23.063526,-44.223645
MARCOS CAVALCANTI,2024-09-04 15:28:14,243.9,3.1,-23.065046,-44.226368
MARCOS CAVALCANTI,2024-09-04 15:54:21,248.0,9.1,-23.093473,-44.295638
MARCOS CAVALCANTI,2024-09-04 16:00:31,247.8,8.0,-23.0989,-44.310291
MARCOS CAVALCANTI,2024-09-04 16:15:00,245.9,9.9,-23.112251,-44.344
MARCOS CAVALCANTI,2024-09-04 16:19:00,246.2,10.5,-23.116891,-44.355268
MARCOS CAVALCANTI,2024-09-04 16:33:12,211.0,10.4,-23.143436,-44.385613
MARCOS CAVALCANTI,2024-09-04 16:48:21,202.1,11.0,-23.183571,-44.409283
MARCOS CAVALCANTI,2024-09-04 17:32:12,147.6,12.1,-23.313238,-44.369478
MARCOS CAVALCANTI,2024-09-04 17:35:52,136.8,12.1,-23.323048,-44.361285
MARCOS CAVALCANTI,2024-09-04 18:23:51,108.0,12.1,-23.378941,-44.201811
MARCOS CAVALCANTI,2024-09-04 18:26:23,109.5,12.0,-23.381731,-44.193135
MARCOS CAVALCANTI,2024-09-04 19:12:12,106.5,12.5,-23.427803,-44.031041
MARCOS CAVALCANTI,2024-09-04 20:12:12,104.9,12.3,-23.48031,-43.813825
MARCOS CAVALCANTI,2024-09-04 20:14:22,104.9,12.4,-23.482101,-43.806051
MARCOS CAVALCANTI,2024-09-04 20:17:33,106.5,12.3,-23.484916,-43.794588
MARCOS CAVALCANTI,2024-09-04 20:20:33,105.7,12.1,-23.487503,-43.783913
MARCOS CAVALCANTI,2024-09-04 21:59:52,102.2,12.3,-23.584473,-43.438036
MARCOS CAVALCANTI,2024-09-04 22:02:43,101.6,12.2,-23.586423,-43.427693
MARCOS CAVALCANTI,2024-09-04 22:25:14,105.5,11.9,-23.60149,-43.347621
MARCOS CAVALCANTI,2024-09-04 23:04:23,108.5,11.7,-23.634916,-43.21584
MARCOS CAVALCANTI,2024-09-04 23:07:43,108.4,11.6,-23.638213,-43.2046
MARCOS CAVALCANTI,2024-09-04 23:35:42,114.9,11.1,-23.671111,-43.11512
MARCOS CAVALCANTI,2024-09-05 00:06:22,101.2,11.6,-23.697598,-43.013806
MARCOS CAVALCANTI,2024-09-05 00:10:12,102.1,11.6,-23.700073,-43.00064
MARCOS CAVALCANTI,2024-09-05 00:16:51,100.4,11.7,-23.704445,-42.977621
MARCOS CAVALCANTI,2024-09-05 00:21:13,101.8,11.5,-23.707218,-42.96256
MARCOS CAVALCANTI,2024-09-05 00:34:03,99.0,11.5,-23.715185,-42.918698
MARCOS CAVALCANTI,2024-09-05 00:39:12,98.8,11.5,-23.717945,-42.901125
MARCOS CAVALCANTI,2024-09-05 00:47:11,105.5,11.2,-23.7228,-42.874446
MARCOS CAVALCANTI,2024-09-05 00:47:22,105.5,11.1,-23.722945,-42.873895
MARCOS CAVALCANTI,2024-09-05 00:50:22,102.9,10.9,-23.725321,-42.864118
MARCOS CAVALCANTI,2024-09-05 01:20:32,108.4,11.0,-23.751391,-42.767866
MARCOS CAVALCANTI,2024-09-05 01:23:43,107.7,11.0,-23.754238,-42.757748
MARCOS CAVALCANTI,2024-09-05 01:53:13,108.0,11.1,-23.782045,-42.662933
MARCOS CAVALCANTI,2024-09-05 02:00:02,104.5,11.0,-23.788253,-42.640798
MARCOS CAVALCANTI,2024-09-05 02:13:32,105.7,11.2,-23.79789,-42.596496
MARCOS CAVALCANTI,2024-09-05 02:19:23,103.5,11.1,-23.802541,-42.577118
MARCOS CAVALCANTI,2024-09-05 03:13:53,108.2,11.7,-23.847071,-42.393411
MARCOS CAVALCANTI,2024-09-05 03:52:03,105.7,12.1,-23.88218,-42.262341
MARCOS CAVALCANTI,2024-09-05 04:25:32,103.5,11.9,-23.911858,-42.14476
MARCOS CAVALCANTI,2024-09-05 04:36:42,102.7,11.8,-23.920973,-42.105851
MARCOS CAVALCANTI,2024-09-05 04:52:32,104.9,11.9,-23.933526,-42.051041
MARCOS CAVALCANTI,2024-09-05 05:01:01,103.1,11.8,-23.940215,-42.021211
MARCOS CAVALCANTI,2024-09-05 05:04:12,105.4,11.9,-23.942776,-42.01014
MARCOS CAVALCANTI,2024-09-05 05:11:51,104.4,11.9,-23.949203,-41.983331
MARCOS CAVALCANTI,2024-09-05 05:29:52,105.2,11.6,-23.964573,-41.920893
MARCOS CAVALCANTI,2024-09-05 05:40:22,105.4,11.9,-23.973453,-41.88465
MARCOS CAVALCANTI,2024-09-05 05:42:23,105.8,11.9,-23.975326,-41.87761
MARCOS CAVALCANTI,2024-09-05 06:20:12,107.6,12.3,-24.010476,-41.745515
MARCOS CAVALCANTI,2024-09-05 06:30:22,107.3,12.2,-24.020945,-41.709425
MARCOS CAVALCANTI,2024-09-05 06:33:32,107.9,12.3,-24.024333,-41.698218
MARCOS CAVALCANTI,2024-09-05 06:36:22,106.9,12.3,-24.027363,-41.688188
MARCOS CAVALCANTI,2024-09-05 06:39:23,107.9,12.3,-24.030548,-41.67739
MARCOS CAVALCANTI,2024-09-05 06:41:32,110.3,12.3,-24.032853,-41.66989
MARCOS CAVALCANTI,2024-09-05 06:46:52,110.0,12.0,-24.038773,-41.651196
MARCOS CAVALCANTI,2024-09-05 06:52:21,111.0,12.0,-24.045526,-41.632568
MARCOS CAVALCANTI,2024-09-05 06:56:11,110.4,11.9,-24.050253,-41.619518
MARCOS CAVALCANTI,2024-09-05 07:07:33,95.9,11.2,-24.06186,-41.581035
MARCOS CAVALCANTI,2024-09-05 07:10:22,99.3,11.4,-24.063331,-41.571385
MARCOS CAVALCANTI,2024-09-05 07:12:42,98.6,11.4,-24.064621,-41.563353
MARCOS CAVALCANTI,2024-09-05 07:16:32,102.6,11.4,-24.066918,-41.55023
MARCOS CAVALCANTI,2024-09-05 07:46:02,102.8,11.2,-24.086428,-41.451325
MARCOS CAVALCANTI,2024-09-05 07:55:02,102.6,11.3,-24.092168,-41.421298
MARCOS CAVALCANTI,2024-09-05 08:17:33,105.6,11.3,-24.107695,-41.346028
MARCOS CAVALCANTI,2024-09-05 08:22:23,105.7,11.5,-24.11182,-41.329766
MARCOS CAVALCANTI,2024-09-05 08:36:13,104.1,11.6,-24.123663,-41.282301
MARCOS CAVALCANTI,2024-09-05 08:57:52,106.3,12.0,-24.14311,-41.20715
MARCOS CAVALCANTI,2024-09-05 09:30:03,105.5,12.1,-24.170948,-41.093146
MARCOS CAVALCANTI,2024-09-05 10:23:22,105.9,11.9,-24.219386,-40.90427
MARCOS CAVALCANTI,2024-09-05 10:57:03,106.2,12.2,-24.251421,-40.785305
MARCOS CAVALCANTI,2024-09-05 11:16:13,105.8,12.3,-24.269925,-40.716995
MARCOS CAVALCANTI,2024-09-05 11:16:52,106.8,12.2,-24.270533,-40.71474
MARCOS CAVALCANTI,2024-09-05 11:20:23,107.0,12.2,-24.273791,-40.702286
MARCOS CAVALCANTI,2024-09-05 11:24:30,105.7,12.0,-24.277678,-40.687608
MARCOS CAVALCANTI,2024-09-05 12:07:42,106.8,12.0,-24.319245,-40.537056
MARCOS CAVALCANTI,2024-09-05 12:14:13,106.9,12.1,-24.325443,-40.514216
MARCOS CAVALCANTI,2024-09-05 12:17:13,107.8,12.2,-24.328286,-40.50361
MARCOS CAVALCANTI,2024-09-05 12:22:02,106.5,12.2,-24.332818,-40.48647
MARCOS CAVALCANTI,2024-09-05 12:34:33,106.1,12.0,-24.344346,-40.442421
MARCOS CAVALCANTI,2024-09-05 12:39:13,106.5,12.0,-24.348583,-40.42589
MARCOS CAVALCANTI,2024-09-05 12:44:02,106.9,12.1,-24.353125,-40.408893
MARCOS CAVALCANTI,2024-09-05 13:47:32,103.3,12.5,-24.400356,-40.177556
MARCOS CAVALCANTI,2024-09-05 13:52:02,101.4,12.4,-24.403495,-40.160993
MARCOS CAVALCANTI,2024-09-05 13:54:43,100.6,12.5,-24.405383,-40.151103
MARCOS CAVALCANTI,2024-09-05 13:56:52,101.1,12.4,-24.406928,-40.143111
MARCOS CAVALCANTI,2024-09-05 14:06:22,101.5,12.6,-24.413656,-40.107748
MARCOS CAVALCANTI,2024-09-05 14:30:03,103.5,12.5,-24.431163,-40.019511
MARCOS CAVALCANTI,2024-09-05 15:01:42,101.6,12.4,-24.455516,-39.901818
MARCOS CAVALCANTI,2024-09-05 15:03:52,102.2,12.4,-24.45715,-39.893685
MARCOS CAVALCANTI,2024-09-05 15:32:13,100.1,12.4,-24.477186,-39.788731
MARCOS CAVALCANTI,2024-09-05 15:40:43,102.0,12.5,-24.482888,-39.757158
MARCOS CAVALCANTI,2024-09-05 15:42:12,102.8,12.5,-24.483965,-39.751655
MARCOS CAVALCANTI,2024-09-05 15:47:33,102.9,12.5,-24.487928,-39.731691
MARCOS CAVALCANTI,2024-09-05 16:25:42,101.4,12.8,-24.514741,-39.587155
MARCOS CAVALCANTI,2024-09-05 16:26:11,100.6,12.7,-24.51508,-39.58525
MARCOS CAVALCANTI,2024-09-05 16:26:31,101.3,12.8,-24.51531,-39.583981
MARCOS CAVALCANTI,2024-09-05 16:26:42,101.6,12.8,-24.515441,-39.583286
MARCOS CAVALCANTI,2024-09-05 16:27:11,100.4,12.7,-24.515778,-39.581443
MARCOS CAVALCANTI,2024-09-05 16:28:11,101.2,12.7,-24.51646,-39.577635
MARCOS CAVALCANTI,2024-09-05 16:28:21,101.7,12.7,-24.516573,-39.577003
MARCOS CAVALCANTI,2024-09-05 16:29:11,101.5,12.7,-24.517125,-39.573841
MARCOS CAVALCANTI,2024-09-05 16:30:11,101.1,12.8,-24.51779,-39.57004
MARCOS CAVALCANTI,2024-09-05 16:31:31,101.1,12.8,-24.51872,-39.564973
MARCOS CAVALCANTI,2024-09-05 16:31:51,100.7,12.7,-24.518951,-39.563703
MARCOS CAVALCANTI,2024-09-05 16:32:31,101.4,12.8,-24.519413,-39.561231
MARCOS CAVALCANTI,2024-09-05 16:40:02,101.8,12.9,-24.524818,-39.5325
MARCOS CAVALCANTI,2024-09-05 17:23:33,100.4,12.9,-24.557083,-39.365311
MARCOS CAVALCANTI,2024-09-05 17:33:33,101.2,12.9,-24.563903,-39.326821
MARCOS CAVALCANTI,2024-09-05 17:35:33,102.9,12.9,-24.565376,-39.31913
MARCOS CAVALCANTI,2024-09-05 18:05:31,102.6,12.7,-24.58969,-39.204658
MARCOS CAVALCANTI,2024-09-05 18:24:42,103.7,12.0,-24.605538,-39.135295
MARCOS CAVALCANTI,2024-09-05 19:12:22,100.7,11.9,-24.635403,-38.965453
MARCOS CAVALCANTI,2024-09-05 19:17:32,101.5,11.9,-24.639001,-38.947135
MARCOS CAVALCANTI,2024-09-05 19:19:52,102.5,11.8,-24.640516,-38.938953
MARCOS CAVALCANTI,2024-09-05 19:23:42,102.6,11.9,-24.643163,-38.925355
MARCOS CAVALCANTI,2024-09-05 20:06:42,103.0,11.5,-24.675756,-38.77539
MARCOS CAVALCANTI,2024-09-05 20:56:23,102.4,11.9,-24.709285,-38.600701
MARCOS CAVALCANTI,2024-09-05 20:58:52,103.1,12.0,-24.711083,-38.591828
MARCOS CAVALCANTI,2024-09-05 21:51:33,102.3,11.7,-24.747748,-38.407141
MARCOS CAVALCANTI,2024-09-05 22:02:52,102.0,11.5,-24.755555,-38.367688
MARCOS CAVALCANTI,2024-09-05 22:09:32,103.4,11.7,-24.760165,-38.344545
MARCOS CAVALCANTI,2024-09-05 22:35:12,101.5,11.8,-24.77783,-38.254796
MARCOS CAVALCANTI,2024-09-05 22:40:22,102.8,11.7,-24.781348,-38.236783
MARCOS CAVALCANTI,2024-09-05 22:44:03,101.2,11.6,-24.783805,-38.223868
MARCOS CAVALCANTI,2024-09-05 22:46:12,100.9,11.8,-24.785241,-38.216375
MARCOS CAVALCANTI,2024-09-05 22:57:21,103.4,11.8,-24.792751,-38.177298
MARCOS CAVALCANTI,2024-09-05 22:58:21,100.8,11.5,-24.793411,-38.173811
MARCOS CAVALCANTI,2024-09-05 22:59:21,102.8,11.7,-24.794095,-38.17034
MARCOS CAVALCANTI,2024-09-05 23:00:11,102.7,11.7,-24.794663,-38.167453
MARCOS CAVALCANTI,2024-09-05 23:23:31,100.6,12.0,-24.809635,-38.085311
MARCOS CAVALCANTI,2024-09-05 23:36:32,98.5,12.0,-24.817101,-38.038551
MARCOS CAVALCANTI,2024-09-05 23:52:42,98.2,12.3,-24.825521,-37.979241
MARCOS CAVALCANTI,2024-09-05 23:55:33,99.4,12.3,-24.827058,-37.968678
MARCOS CAVALCANTI,2024-09-05 23:56:02,99.1,12.3,-24.827316,-37.966813
MARCOS CAVALCANTI,2024-09-05 23:56:32,101.0,12.2,-24.827593,-37.964998
MARCOS CAVALCANTI,2024-09-06 00:05:11,101.5,12.1,-24.833246,-37.932928
MARCOS CAVALCANTI,2024-09-06 00:18:12,99.7,12.1,-24.84158,-37.885623
MARCOS CAVALCANTI,2024-09-06 00:21:32,100.9,12.3,-24.843645,-37.873486
MARCOS CAVALCANTI,2024-09-06 00:22:31,100.0,12.2,-24.844281,-37.869793
MARCOS CAVALCANTI,2024-09-06 00:23:52,100.3,12.2,-24.845083,-37.864861
MARCOS CAVALCANTI,2024-09-06 00:26:12,100.3,12.3,-24.846468,-37.856208
MARCOS CAVALCANTI,2024-09-06 00:26:32,101.3,12.3,-24.846671,-37.855046
MARCOS CAVALCANTI,2024-09-06 00:30:02,99.7,12.3,-24.848881,-37.842065
MARCOS CAVALCANTI,2024-09-06 00:31:32,98.7,12.2,-24.849763,-37.836523
MARCOS CAVALCANTI,2024-09-06 00:32:03,101.4,12.2,-24.850065,-37.834628
MARCOS CAVALCANTI,2024-09-06 00:32:22,100.7,12.3,-24.85026,-37.833415
MARCOS CAVALCANTI,2024-09-06 00:32:32,100.6,12.2,-24.850363,-37.832806
MARCOS CAVALCANTI,2024-09-06 00:35:51,100.1,12.2,-24.852543,-37.820656
MARCOS CAVALCANTI,2024-09-06 00:36:32,101.2,12.2,-24.852961,-37.818205
MARCOS CAVALCANTI,2024-09-06 00:37:51,101.1,12.2,-24.853796,-37.813331
MARCOS CAVALCANTI,2024-09-06 00:38:13,99.7,12.1,-24.854,-37.81205
MARCOS CAVALCANTI,2024-09-06 00:41:12,102.3,12.1,-24.855943,-37.801091
MARCOS CAVALCANTI,2024-09-06 00:52:43,101.2,12.0,-24.863853,-37.759441
MARCOS CAVALCANTI,2024-09-06 00:55:23,102.0,12.0,-24.865896,-37.74966
MARCOS CAVALCANTI,2024-09-06 00:58:02,103.1,12.1,-24.86792,-37.740135
MARCOS CAVALCANTI,2024-09-06 01:01:03,102.7,12.2,-24.870203,-37.729125
MARCOS CAVALCANTI,2024-09-06 01:20:22,104.1,12.4,-24.886885,-37.658816
MARCOS CAVALCANTI,2024-09-06 01:25:23,104.7,12.5,-24.891175,-37.640328
MARCOS CAVALCANTI,2024-09-06 01:34:22,103.9,12.5,-24.898688,-37.607118
MARCOS CAVALCANTI,2024-09-06 01:36:42,103.4,12.4,-24.900566,-37.598478
MARCOS CAVALCANTI,2024-09-06 01:38:32,103.2,12.4,-24.902,-37.591825
MARCOS CAVALCANTI,2024-09-06 02:09:33,103.9,12.0,-24.927373,-37.48003
MARCOS CAVALCANTI,2024-09-06 02:11:12,105.0,11.9,-24.928736,-37.474173
MARCOS CAVALCANTI,2024-09-06 02:13:53,103.9,12.0,-24.930958,-37.464658
MARCOS CAVALCANTI,2024-09-06 02:16:32,103.0,11.9,-24.9331,-37.455265
MARCOS CAVALCANTI,2024-11-11 02:03:55,279.3,12.5,-24.055731,-36.630781
MARCOS CAVALCANTI,2024-11-11 02:06:25,277.6,12.8,-24.05466,-36.640355
MARCOS CAVALCANTI,2024-11-11 02:12:25,276.4,12.7,-24.0522,-36.663228
MARCOS CAVALCANTI,2024-11-11 02:21:54,273.5,12.6,-24.048638,-36.699551
MARCOS CAVALCANTI,2024-11-11 02:24:15,274.8,12.7,-24.04791,-36.708501
MARCOS CAVALCANTI,2024-11-11 02:32:06,273.9,12.6,-24.045218,-36.738516
MARCOS CAVALCANTI,2024-11-11 02:34:15,275.8,12.5,-24.044498,-36.746681
MARCOS CAVALCANTI,2024-11-11 02:54:34,276.8,12.8,-24.038243,-36.82438
MARCOS CAVALCANTI,2024-11-11 02:58:54,273.2,12.7,-24.03688,-36.84111
MARCOS CAVALCANTI,2024-11-11 03:04:16,275.3,12.7,-24.03534,-36.861711
MARCOS CAVALCANTI,2024-11-11 03:07:05,272.6,12.7,-24.034496,-36.872585
MARCOS CAVALCANTI,2024-11-11 03:11:25,273.1,12.8,-24.033166,-36.889348
MARCOS CAVALCANTI,2024-11-11 03:15:55,273.2,12.8,-24.03173,-36.906796
MARCOS CAVALCANTI,2024-11-11 03:28:45,276.4,12.5,-24.027721,-36.955893
MARCOS CAVALCANTI,2024-11-11 03:32:55,272.4,12.6,-24.026458,-36.971636
MARCOS CAVALCANTI,2024-11-11 03:37:45,273.7,12.6,-24.025073,-36.98992
MARCOS CAVALCANTI,2024-11-11 03:40:36,272.6,12.5,-24.02434,-37.00065
MARCOS CAVALCANTI,2024-11-11 03:44:15,272.1,12.7,-24.023375,-37.014723
MARCOS CAVALCANTI,2024-11-11 04:09:35,274.4,13.0,-24.016163,-37.11309
MARCOS CAVALCANTI,2024-11-11 04:20:05,274.9,12.9,-24.012643,-37.154425
MARCOS CAVALCANTI,2024-11-11 04:22:14,272.5,12.9,-24.01194,-37.162793
MARCOS CAVALCANTI,2024-11-11 04:24:23,274.8,12.9,-24.011268,-37.171176
MARCOS CAVALCANTI,2024-11-11 04:37:26,274.0,13.0,-24.00747,-37.221943
MARCOS CAVALCANTI,2024-11-11 04:43:56,272.7,13.1,-24.005743,-37.247621
MARCOS CAVALCANTI,2024-11-11 04:46:25,271.7,13.0,-24.005018,-37.257483
MARCOS CAVALCANTI,2024-11-11 04:46:35,270.1,13.0,-24.004973,-37.258073
MARCOS CAVALCANTI,2024-11-11 04:50:55,276.4,13.1,-24.003771,-37.275258
MARCOS CAVALCANTI,2024-11-11 04:54:43,273.8,13.1,-24.002776,-37.290251
MARCOS CAVALCANTI,2024-11-11 04:57:54,274.9,13.0,-24.001933,-37.302706
MARCOS CAVALCANTI,2024-11-11 05:00:34,277.2,13.0,-24.001235,-37.31334
MARCOS CAVALCANTI,2024-11-11 05:16:15,275.9,13.1,-23.997186,-37.375293
MARCOS CAVALCANTI,2024-11-11 05:25:25,273.4,13.3,-23.995083,-37.411773
MARCOS CAVALCANTI,2024-11-11 05:32:16,273.5,13.3,-23.993785,-37.439063
MARCOS CAVALCANTI,2024-11-11 05:52:55,270.6,13.3,-23.99055,-37.522283
MARCOS CAVALCANTI,2024-11-11 06:22:15,277.0,13.3,-23.978278,-37.640401
MARCOS CAVALCANTI,2024-11-11 06:25:04,277.9,13.3,-23.976976,-37.651866
MARCOS CAVALCANTI,2024-11-11 06:27:56,279.2,13.5,-23.97566,-37.66336
MARCOS CAVALCANTI,2024-11-11 06:38:04,281.9,13.4,-23.971088,-37.704338
MARCOS CAVALCANTI,2024-11-11 06:43:14,277.3,13.3,-23.968753,-37.725086
MARCOS CAVALCANTI,2024-11-11 06:55:33,275.5,13.2,-23.963091,-37.774095
MARCOS CAVALCANTI,2024-11-11 06:57:43,277.5,13.3,-23.962066,-37.78259
MARCOS CAVALCANTI,2024-11-11 07:12:05,275.1,13.2,-23.955538,-37.839441
MARCOS CAVALCANTI,2024-11-11 07:32:15,278.8,13.3,-23.946398,-37.919866
MARCOS CAVALCANTI,2024-11-11 07:39:23,275.0,13.3,-23.943308,-37.948543
MARCOS CAVALCANTI,2024-11-11 07:43:14,277.5,13.2,-23.941615,-37.963901
MARCOS CAVALCANTI,2024-11-11 07:45:45,274.6,13.3,-23.940501,-37.973856
MARCOS CAVALCANTI,2024-11-11 07:49:56,278.1,13.2,-23.938523,-37.990481
MARCOS CAVALCANTI,2024-11-11 08:05:14,274.1,13.4,-23.931835,-38.051555
MARCOS CAVALCANTI,2024-11-11 08:13:24,277.1,13.4,-23.928633,-38.084438
MARCOS CAVALCANTI,2024-11-11 08:24:34,275.9,13.2,-23.924963,-38.129141
MARCOS CAVALCANTI,2024-11-11 08:41:56,277.3,13.4,-23.919251,-38.199093
MARCOS CAVALCANTI,2024-11-11 08:56:33,269.8,13.4,-23.914496,-38.258656
MARCOS CAVALCANTI,2024-11-11 08:59:53,270.9,13.4,-23.913433,-38.272065
MARCOS CAVALCANTI,2024-11-11 09:15:24,274.9,13.4,-23.908788,-38.334728
MARCOS CAVALCANTI,2024-11-11 09:31:36,271.2,13.5,-23.904213,-38.400578
MARCOS CAVALCANTI,2024-11-11 09:34:44,276.1,13.6,-23.903445,-38.413405
MARCOS CAVALCANTI,2024-11-11 09:37:26,273.9,13.5,-23.902755,-38.424328
MARCOS CAVALCANTI,2024-11-11 10:06:15,272.4,13.5,-23.895293,-38.541866
MARCOS CAVALCANTI,2024-11-11 10:10:05,273.5,13.5,-23.894245,-38.557478
MARCOS CAVALCANTI,2024-11-11 10:12:36,274.9,13.5,-23.89356,-38.567698
MARCOS CAVALCANTI,2024-11-11 10:57:15,280.2,13.2,-23.874555,-38.747718
MARCOS CAVALCANTI,2024-11-11 11:15:15,273.2,13.0,-23.867128,-38.81863
MARCOS CAVALCANTI,2024-11-11 11:53:26,280.5,12.7,-23.852235,-38.966263
MARCOS CAVALCANTI,2024-11-11 11:56:26,273.9,12.6,-23.850803,-38.977623
MARCOS CAVALCANTI,2024-11-11 12:05:25,279.4,12.5,-23.846593,-39.01158
MARCOS CAVALCANTI,2024-11-11 12:23:33,275.8,12.5,-23.838351,-39.080173
MARCOS CAVALCANTI,2024-11-11 12:25:43,281.4,12.5,-23.837403,-39.088353
MARCOS CAVALCANTI,2024-11-11 12:27:14,272.8,12.4,-23.836876,-39.093916
MARCOS CAVALCANTI,2024-11-11 12:27:53,271.6,12.4,-23.83663,-39.096411
MARCOS CAVALCANTI,2024-11-11 12:28:04,275.9,12.4,-23.836556,-39.097031
MARCOS CAVALCANTI,2024-11-11 12:28:24,276.3,12.3,-23.836431,-39.098275
MARCOS CAVALCANTI,2024-11-11 12:28:53,275.3,12.2,-23.836233,-39.10014
MARCOS CAVALCANTI,2024-11-11 12:31:54,277.0,12.1,-23.834963,-39.111265
MARCOS CAVALCANTI,2024-11-11 12:57:33,273.9,12.1,-23.826466,-39.205865
MARCOS CAVALCANTI,2024-11-11 12:58:24,272.0,12.2,-23.82621,-39.208965
MARCOS CAVALCANTI,2024-11-11 13:00:25,278.6,12.2,-23.825616,-39.216321
MARCOS CAVALCANTI,2024-11-11 13:05:16,281.1,12.4,-23.82421,-39.234311
MARCOS CAVALCANTI,2024-11-11 13:09:05,271.2,12.2,-23.822983,-39.248448
MARCOS CAVALCANTI,2024-11-11 13:34:36,276.0,12.2,-23.814068,-39.34282
MARCOS CAVALCANTI,2024-11-11 13:40:25,276.7,12.5,-23.811973,-39.364561
MARCOS CAVALCANTI,2024-11-11 13:44:25,276.1,12.4,-23.810501,-39.379381
MARCOS CAVALCANTI,2024-11-11 14:08:03,278.5,12.6,-23.802536,-39.468078
MARCOS CAVALCANTI,2024-11-11 14:10:14,274.2,12.7,-23.801848,-39.476413
MARCOS CAVALCANTI,2024-11-11 15:22:35,276.7,12.9,-23.775921,-39.749123
MARCOS CAVALCANTI,2024-11-11 15:22:54,274.4,13.1,-23.775801,-39.750293
MARCOS CAVALCANTI,2024-11-11 15:24:45,275.7,13.3,-23.77502,-39.757631
MARCOS CAVALCANTI,2024-11-11 15:26:54,273.3,13.4,-23.774153,-39.76635
MARCOS CAVALCANTI,2024-11-11 15:29:55,276.6,13.4,-23.772881,-39.778443
MARCOS CAVALCANTI,2024-11-11 15:32:26,279.2,13.5,-23.771818,-39.788636
MARCOS CAVALCANTI,2024-11-11 15:36:04,277.4,13.6,-23.770251,-39.803418
MARCOS CAVALCANTI,2024-11-11 15:58:43,275.2,13.7,-23.760906,-39.895871
MARCOS CAVALCANTI,2024-11-11 16:00:12,275.9,13.7,-23.760276,-39.90196
MARCOS CAVALCANTI,2024-11-11 16:00:32,275.0,13.6,-23.760133,-39.903333
MARCOS CAVALCANTI,2024-11-11 16:01:32,277.5,13.6,-23.759691,-39.90752
MARCOS CAVALCANTI,2024-11-11 16:02:32,274.6,13.7,-23.759273,-39.911643
MARCOS CAVALCANTI,2024-11-11 16:09:03,277.7,13.7,-23.756528,-39.9384
MARCOS CAVALCANTI,2024-11-11 16:18:10,278.4,14.0,-23.752966,-39.976033
MARCOS CAVALCANTI,2024-11-11 16:21:10,276.6,13.9,-23.751795,-39.988598
MARCOS CAVALCANTI,2024-11-11 16:23:28,272.9,13.9,-23.750975,-39.998141
MARCOS CAVALCANTI,2024-11-11 16:25:34,275.0,13.8,-23.750225,-40.006888
MARCOS CAVALCANTI,2024-11-11 16:27:41,276.4,13.8,-23.74945,-40.015755
MARCOS CAVALCANTI,2024-11-11 17:08:36,272.3,14.1,-23.735011,-40.186858
MARCOS CAVALCANTI,2024-11-11 17:13:11,273.2,14.1,-23.733586,-40.206371
MARCOS CAVALCANTI,2024-11-11 17:15:53,273.7,14.1,-23.732651,-40.217826
MARCOS CAVALCANTI,2024-11-11 17:19:23,275.9,13.9,-23.731521,-40.232648
MARCOS CAVALCANTI,2024-11-11 17:21:29,278.3,14.1,-23.730876,-40.241568
MARCOS CAVALCANTI,2024-11-11 18:05:35,271.8,14.2,-23.717356,-40.428308
MARCOS CAVALCANTI,2024-11-11 18:08:10,275.3,14.1,-23.71656,-40.439405
MARCOS CAVALCANTI,2024-11-11 18:11:06,274.5,14.1,-23.715548,-40.451801
MARCOS CAVALCANTI,2024-11-11 19:46:12,276.3,14.5,-23.679528,-40.864956
MARCOS CAVALCANTI,2024-11-11 20:37:54,273.0,14.8,-23.657008,-41.09244
MARCOS CAVALCANTI,2024-11-11 20:40:18,276.0,14.7,-23.656083,-41.103136
MARCOS CAVALCANTI,2024-11-11 20:40:59,277.7,14.8,-23.655853,-41.106198
MARCOS CAVALCANTI,2024-11-11 20:43:06,279.4,14.7,-23.654826,-41.115566
MARCOS CAVALCANTI,2024-11-11 20:47:06,277.4,14.7,-23.652825,-41.133306
MARCOS CAVALCANTI,2024-11-11 20:47:47,279.8,14.8,-23.652483,-41.136335
MARCOS CAVALCANTI,2024-11-11 20:48:05,278.5,14.7,-23.652345,-41.137665
MARCOS CAVALCANTI,2024-11-11 21:12:23,279.0,15.0,-23.64057,-41.246425
MARCOS CAVALCANTI,2024-11-11 21:14:29,275.4,14.7,-23.639635,-41.255791
MARCOS CAVALCANTI,2024-11-11 21:34:04,276.7,15.1,-23.631395,-41.34455
MARCOS CAVALCANTI,2024-11-11 21:38:06,277.4,15.2,-23.629775,-41.362725
MARCOS CAVALCANTI,2024-11-11 21:45:24,277.9,15.1,-23.626803,-41.395681
MARCOS CAVALCANTI,2024-11-11 21:52:24,277.4,15.2,-23.624111,-41.427291
MARCOS CAVALCANTI,2024-11-11 21:55:24,273.8,14.7,-23.622926,-41.440813
MARCOS CAVALCANTI,2024-11-11 22:20:00,275.7,14.6,-23.613793,-41.550831
MARCOS CAVALCANTI,2024-11-11 22:23:23,276.5,14.4,-23.612255,-41.565691
MARCOS CAVALCANTI,2024-11-11 22:26:23,278.2,14.5,-23.610706,-41.578753
MARCOS CAVALCANTI,2024-11-11 22:27:17,279.0,14.8,-23.610206,-41.582775
MARCOS CAVALCANTI,2024-11-11 22:28:47,278.1,14.5,-23.609431,-41.58936
MARCOS CAVALCANTI,2024-11-11 22:30:34,279.3,14.5,-23.608453,-41.597185
MARCOS CAVALCANTI,2024-11-11 22:31:00,275.8,14.6,-23.608213,-41.599026
MARCOS CAVALCANTI,2024-11-11 22:33:34,277.4,14.7,-23.606738,-41.61048
MARCOS CAVALCANTI,2024-11-11 22:56:53,275.2,14.6,-23.593063,-41.712393
MARCOS CAVALCANTI,2024-11-11 23:04:00,275.5,14.7,-23.590213,-41.743665
MARCOS CAVALCANTI,2024-11-11 23:06:06,275.4,14.5,-23.589488,-41.752898
MARCOS CAVALCANTI,2024-11-11 23:21:36,275.8,14.7,-23.583361,-41.821076
MARCOS CAVALCANTI,2024-11-11 23:27:35,275.9,14.8,-23.580741,-41.847285
MARCOS CAVALCANTI,2024-11-11 23:27:41,276.1,14.8,-23.580656,-41.848235
MARCOS CAVALCANTI,2024-11-11 23:33:23,276.8,14.8,-23.578195,-41.873488
MARCOS CAVALCANTI,2024-11-11 23:37:35,275.5,14.7,-23.576335,-41.892145
MARCOS CAVALCANTI,2024-11-11 23:40:35,276.3,14.7,-23.574988,-41.905495
MARCOS CAVALCANTI,2024-11-12 00:05:35,273.9,14.7,-23.565168,-42.016775
MARCOS CAVALCANTI,2024-11-12 00:05:53,276.4,14.8,-23.56507,-42.018041
MARCOS CAVALCANTI,2024-11-12 00:06:16,273.0,14.7,-23.564928,-42.019823
MARCOS CAVALCANTI,2024-11-12 00:06:23,277.3,14.8,-23.564878,-42.020271
MARCOS CAVALCANTI,2024-11-12 00:07:11,273.8,14.7,-23.564571,-42.023925
MARCOS CAVALCANTI,2024-11-12 00:07:35,273.3,14.7,-23.564453,-42.025733
MARCOS CAVALCANTI,2024-11-12 00:07:47,273.7,14.7,-23.564385,-42.026618
MARCOS CAVALCANTI,2024-11-12 00:07:58,275.7,14.8,-23.564308,-42.027438
MARCOS CAVALCANTI,2024-11-12 00:08:35,279.4,14.9,-23.564073,-42.030178
MARCOS CAVALCANTI,2024-11-12 00:08:53,275.8,14.7,-23.563985,-42.031515
MARCOS CAVALCANTI,2024-11-12 00:09:11,274.1,14.8,-23.563863,-42.03277
MARCOS CAVALCANTI,2024-11-12 00:10:10,278.2,14.7,-23.563461,-42.037298
MARCOS CAVALCANTI,2024-11-12 00:10:11,278.2,14.7,-23.563461,-42.037298
MARCOS CAVALCANTI,2024-11-12 00:10:23,277.2,14.8,-23.563383,-42.038186
MARCOS CAVALCANTI,2024-11-12 00:11:11,271.5,14.7,-23.563115,-42.041675
MARCOS CAVALCANTI,2024-11-12 00:11:17,278.4,14.8,-23.563055,-42.042115
MARCOS CAVALCANTI,2024-11-12 00:12:17,276.8,14.7,-23.5627,-42.046633
MARCOS CAVALCANTI,2024-11-12 00:12:29,279.2,14.9,-23.56262,-42.047521
MARCOS CAVALCANTI,2024-11-12 00:12:47,275.6,14.8,-23.562543,-42.048853
MARCOS CAVALCANTI,2024-11-12 00:13:41,275.8,14.7,-23.56223,-42.052853
MARCOS CAVALCANTI,2024-11-12 00:14:17,277.3,14.7,-23.56205,-42.05544
MARCOS CAVALCANTI,2024-11-12 00:14:53,274.7,14.8,-23.56186,-42.058181
MARCOS CAVALCANTI,2024-11-12 00:15:34,275.9,14.6,-23.561625,-42.061303
MARCOS CAVALCANTI,2024-11-12 00:17:59,275.6,14.7,-23.560825,-42.072025
MARCOS CAVALCANTI,2024-11-12 00:26:22,272.3,14.7,-23.55809,-42.109213
MARCOS CAVALCANTI,2024-11-12 00:26:46,277.1,14.7,-23.557956,-42.111088
MARCOS CAVALCANTI,2024-11-12 00:27:22,273.2,14.8,-23.557783,-42.113676
MARCOS CAVALCANTI,2024-11-12 00:27:29,276.4,14.8,-23.557746,-42.11412
MARCOS CAVALCANTI,2024-11-12 00:27:35,272.2,14.7,-23.557735,-42.11457
MARCOS CAVALCANTI,2024-11-12 00:28:28,277.0,14.7,-23.55739,-42.118635
MARCOS CAVALCANTI,2024-11-12 00:30:11,273.7,14.7,-23.556801,-42.126181
MARCOS CAVALCANTI,2024-11-12 00:31:17,274.9,14.8,-23.556391,-42.131101
MARCOS CAVALCANTI,2024-11-12 00:31:47,272.9,14.8,-23.556213,-42.133331
MARCOS CAVALCANTI,2024-11-12 00:44:42,278.1,14.6,-23.551378,-42.190588
MARCOS CAVALCANTI,2024-11-12 01:03:59,278.3,14.8,-23.544193,-42.276328
MARCOS CAVALCANTI,2024-11-12 01:08:10,276.8,14.8,-23.54269,-42.294913
MARCOS CAVALCANTI,2024-11-12 01:12:46,275.6,14.8,-23.541058,-42.31547
MARCOS CAVALCANTI,2024-11-12 01:22:47,275.5,15.0,-23.537196,-42.360246
MARCOS CAVALCANTI,2024-11-12 01:33:46,276.1,14.6,-23.532078,-42.409321
MARCOS CAVALCANTI,2024-11-12 01:40:46,278.8,14.3,-23.529058,-42.439441
MARCOS CAVALCANTI,2024-11-12 01:48:05,275.5,14.2,-23.525936,-42.470565
MARCOS CAVALCANTI,2024-11-12 01:53:58,272.3,14.2,-23.52422,-42.495595
MARCOS CAVALCANTI,2024-11-12 01:55:29,269.6,14.1,-23.524303,-42.502091
MARCOS CAVALCANTI,2024-11-12 02:00:29,268.1,14.4,-23.524556,-42.523613
MARCOS CAVALCANTI,2024-11-12 02:03:53,268.1,14.4,-23.52477,-42.538303
MARCOS CAVALCANTI,2024-11-12 02:07:17,267.7,14.3,-23.52495,-42.55303
MARCOS CAVALCANTI,2024-11-12 02:07:47,265.6,14.3,-23.524986,-42.555113
MARCOS CAVALCANTI,2024-11-12 02:09:59,269.8,14.3,-23.525125,-42.564598
MARCOS CAVALCANTI,2024-11-12 02:29:24,267.7,14.3,-23.52698,-42.648588
MARCOS CAVALCANTI,2024-11-12 02:32:35,271.6,14.3,-23.527033,-42.66243
MARCOS CAVALCANTI,2024-11-12 02:38:41,270.2,14.2,-23.52649,-42.688668
MARCOS CAVALCANTI,2024-11-12 02:45:11,272.1,14.3,-23.525051,-42.716636
MARCOS CAVALCANTI,2024-11-12 02:48:11,270.8,14.2,-23.524398,-42.729583
MARCOS CAVALCANTI,2024-11-12 03:04:16,271.8,14.4,-23.52126,-42.79927
MARCOS CAVALCANTI,2024-11-12 03:11:54,271.4,14.4,-23.520085,-42.832328
MARCOS CAVALCANTI,2024-11-12 03:16:24,271.0,14.5,-23.519486,-42.852103
MARCOS CAVALCANTI,2024-11-12 03:24:05,269.6,14.5,-23.518573,-42.886023
MARCOS CAVALCANTI,2024-11-12 03:40:04,285.7,13.9,-23.512436,-42.955543
MARCOS CAVALCANTI,2024-11-12 03:43:29,287.8,13.7,-23.508788,-42.969301
MARCOS CAVALCANTI,2024-11-12 03:57:31,296.5,13.4,-23.484875,-43.020275
MARCOS CAVALCANTI,2024-11-12 04:10:20,274.0,14.2,-23.477516,-43.072861
MARCOS CAVALCANTI,2024-11-12 04:13:38,275.7,14.0,-23.476675,-43.086871
MARCOS CAVALCANTI,2024-11-12 04:17:02,273.6,14.0,-23.475635,-43.10116
MARCOS CAVALCANTI,2024-11-12 04:21:33,272.4,13.9,-23.474116,-43.120058
MARCOS CAVALCANTI,2024-11-12 04:23:51,275.7,13.9,-23.473285,-43.12965
MARCOS CAVALCANTI,2024-11-12 04:27:03,276.7,14.0,-23.472093,-43.143041
MARCOS CAVALCANTI,2024-11-12 04:32:39,275.9,14.1,-23.47004,-43.166676
MARCOS CAVALCANTI,2024-11-12 04:53:28,274.6,14.4,-23.462805,-43.256253
MARCOS CAVALCANTI,2024-11-12 04:56:08,274.8,14.4,-23.462018,-43.267926
MARCOS CAVALCANTI,2024-11-12 04:58:22,273.9,14.3,-23.461368,-43.277413
MARCOS CAVALCANTI,2024-11-12 05:02:28,273.9,14.3,-23.460263,-43.29502
MARCOS CAVALCANTI,2024-11-12 05:04:57,274.0,14.4,-23.459626,-43.305786
MARCOS CAVALCANTI,2024-11-12 05:07:22,273.1,14.4,-23.459051,-43.316206
MARCOS CAVALCANTI,2024-11-12 05:26:21,276.9,13.9,-23.45229,-43.397488
MARCOS CAVALCANTI,2024-11-12 05:41:38,279.5,13.6,-23.444971,-43.459965
MARCOS CAVALCANTI,2024-11-12 05:58:30,277.4,13.6,-23.436515,-43.52829
MARCOS CAVALCANTI,2024-11-12 06:00:50,277.0,13.5,-23.435318,-43.537718
MARCOS CAVALCANTI,2024-11-12 06:06:31,278.8,13.6,-23.432436,-43.56056
MARCOS CAVALCANTI,2024-11-12 06:35:00,275.7,13.4,-23.418846,-43.67639
MARCOS CAVALCANTI,2024-11-12 06:37:09,276.9,13.3,-23.417945,-43.68506
MARCOS CAVALCANTI,2024-11-12 07:04:39,277.2,13.2,-23.40645,-43.795065
MARCOS CAVALCANTI,2024-11-12 07:06:58,276.7,13.2,-23.405336,-43.804325
MARCOS CAVALCANTI,2024-11-12 07:10:47,278.8,13.3,-23.40348,-43.81958
MARCOS CAVALCANTI,2024-11-12 07:25:19,278.4,13.4,-23.395858,-43.877488
MARCOS CAVALCANTI,2024-11-12 07:41:30,277.4,13.4,-23.388166,-43.942266
MARCOS CAVALCANTI,2024-11-12 07:45:50,278.0,13.3,-23.386016,-43.95951
MARCOS CAVALCANTI,2024-11-12 07:49:10,275.8,13.3,-23.384456,-43.972853
MARCOS CAVALCANTI,2024-11-12 08:17:20,275.4,13.4,-23.373566,-44.085646
MARCOS CAVALCANTI,2024-11-12 08:19:39,275.6,13.4,-23.372671,-44.09506
MARCOS CAVALCANTI,2024-11-12 08:21:59,276.5,13.5,-23.37178,-44.104408
MARCOS CAVALCANTI,2024-11-12 08:24:30,277.4,13.4,-23.370801,-44.114586
MARCOS CAVALCANTI,2024-11-12 08:34:28,283.1,13.4,-23.363731,-44.154
MARCOS CAVALCANTI,2024-11-12 08:47:39,284.4,13.4,-23.351163,-44.2057
MARCOS CAVALCANTI,2024-11-12 08:49:47,285.7,13.5,-23.349085,-44.214145
MARCOS CAVALCANTI,2024-11-12 08:54:39,284.5,13.5,-23.344431,-44.233201
MARCOS CAVALCANTI,2024-11-12 09:03:19,285.6,13.5,-23.336001,-44.267245
MARCOS CAVALCANTI,2024-11-12 10:20:19,354.0,5.7,-23.16636,-44.420616
MARCOS CAVALCANTI,2024-11-12 10:49:49,340.1,2.4,-23.134723,-44.430505
MARCOS CAVALCANTI,2024-11-12 10:54:18,348.8,3.1,-23.131848,-44.431383
MARCOS CAVALCANTI,2024-11-12 10:56:58,313.8,2.5,-23.129928,-44.43252
MARCOS CAVALCANTI,2024-11-12 11:31:34,286.1,0.2,-23.128086,-44.436265
MARCOS CAVALCANTI,2024-11-12 14:31:33,290.0,0.2,-23.130081,-44.439173
MARCOS CAVALCANTI,2024-11-12 16:10:33,278.6,0.2,-23.127405,-44.437501
MARCOS CAVALCANTI,2024-11-12 21:22:34,33.2,0.1,-23.127881,-44.438641
MARCOS CAVALCANTI,2024-11-12 22:31:33,43.1,0.2,-23.127543,-44.437855
MARCOS CAVALCANTI,2024-11-13 00:01:33,81.1,0.1,-23.127613,-44.438038
MARCOS CAVALCANTI,2024-11-13 00:04:33,50.1,0.1,-23.127625,-44.438001
MARCOS CAVALCANTI,2024-11-13 00:55:33,95.1,0.1,-23.127651,-44.437243
MARCOS CAVALCANTI,2024-11-13 03:13:34,82.3,0.1,-23.127678,-44.436283
MARCOS CAVALCANTI,2024-11-13 04:31:34,348.5,0.2,-23.128675,-44.435025
MARCOS CAVALCANTI,2024-11-13 04:37:34,333.3,0.1,-23.128651,-44.434993
MARCOS CAVALCANTI,2024-11-13 06:13:34,129.2,0.2,-23.127946,-44.435645
MARCOS CAVALCANTI,2024-11-13 08:40:34,295.7,0.1,-23.12751,-44.436471
MARCOS CAVALCANTI,2024-11-13 09:19:34,120.6,0.2,-23.127503,-44.436316
MARCOS CAVALCANTI,2024-11-13 11:01:34,98.0,0.1,-23.127535,-44.43622
MARCOS CAVALCANTI,2024-11-13 11:43:33,329.1,0.0,-23.127493,-44.436116
MARCOS CAVALCANTI,2024-11-13 12:04:33,131.6,0.1,-23.127316,-44.436685
MARCOS CAVALCANTI,2024-11-13 15:19:34,231.2,0.4,-23.127571,-44.437225
MARCOS CAVALCANTI,2024-11-13 21:04:33,300.4,0.1,-23.127845,-44.438608
MARCOS CAVALCANTI,2024-11-13 22:40:33,218.9,0.0,-23.127901,-44.438591
MARCOS CAVALCANTI,2024-11-13 22:43:33,272.6,0.1,-23.127905,-44.43857
MARCOS CAVALCANTI,2024-11-13 23:07:33,250.6,0.0,-23.127808,-44.438446
MARCOS CAVALCANTI,2024-11-14 03:07:34,232.3,0.1,-23.127725,-44.43837
MARCOS CAVALCANTI,2024-11-14 04:46:34,242.6,0.2,-23.127753,-44.438488
MARCOS CAVALCANTI,2024-11-14 07:25:33,176.0,0.0,-23.127586,-44.438218
MARCOS CAVALCANTI,2024-11-14 09:28:34,53.5,0.1,-23.127796,-44.438661
MARCOS CAVALCANTI,2024-11-14 10:40:34,248.3,0.1,-23.127776,-44.438571
MARCOS CAVALCANTI,2024-11-14 11:13:34,49.8,0.1,-23.12778,-44.43859
MARCOS CAVALCANTI,2024-11-14 11:52:33,64.5,0.1,-23.127678,-44.438468
MARCOS CAVALCANTI,2024-11-14 16:49:34,240.3,0.0,-23.127876,-44.438715
MARCOS CAVALCANTI,2024-11-14 20:04:33,73.0,0.2,-23.12813,-44.43907
MARCOS CAVALCANTI,2024-11-14 20:40:34,28.6,0.1,-23.12797,-44.438923
MARCOS CAVALCANTI,2024-11-14 22:57:53,53.1,7.0,-23.128293,-44.378486
MARCOS CAVALCANTI,2024-11-14 23:01:43,55.8,7.1,-23.124063,-44.371698
MARCOS CAVALCANTI,2024-11-14 23:47:12,57.5,4.8,-23.073421,-44.245071
MARCOS CAVALCANTI,2024-11-14 23:53:21,68.3,4.4,-23.070136,-44.237941
MARCOS CAVALCANTI,2024-11-15 00:39:21,159.7,0.0,-23.060883,-44.227466
MARCOS CAVALCANTI,2024-11-15 00:41:42,169.0,0.0,-23.060896,-44.22746
MARCOS CAVALCANTI,2024-11-16 09:43:52,262.7,11.2,-23.084341,-44.266136
MARCOS CAVALCANTI,2024-11-16 09:48:30,246.4,10.2,-23.086926,-44.280778
MARCOS CAVALCANTI,2024-11-16 10:18:19,247.7,8.9,-23.121785,-44.366943
MARCOS CAVALCANTI,2024-11-16 10:20:29,244.2,8.1,-23.123953,-44.371913
MARCOS CAVALCANTI,2024-11-16 10:25:10,242.3,7.2,-23.128511,-44.381525
MARCOS CAVALCANTI,2024-11-16 10:53:41,287.5,4.1,-23.131023,-44.425441
MARCOS CAVALCANTI,2024-11-16 10:59:21,304.2,1.5,-23.128188,-44.429393
MARCOS CAVALCANTI,2024-11-16 11:33:06,341.5,0.4,-23.12703,-44.432636
MARCOS CAVALCANTI,2024-11-16 12:09:06,39.6,0.1,-23.126261,-44.432991
MARCOS CAVALCANTI,2024-11-16 13:03:06,179.5,0.1,-23.12628,-44.433038
MARCOS CAVALCANTI,2024-11-16 16:36:06,36.6,0.0,-23.127633,-44.429468
MARCOS CAVALCANTI,2024-11-16 17:30:06,186.7,0.2,-23.128166,-44.429621
MARCOS CAVALCANTI,2024-11-16 19:45:05,202.2,0.2,-23.129021,-44.429576
MARCOS CAVALCANTI,2024-11-16 23:39:05,297.5,0.1,-23.131076,-44.427013
MARCOS CAVALCANTI,2024-11-17 02:06:05,320.6,0.1,-23.129791,-44.429026
MARCOS CAVALCANTI,2024-11-17 02:21:06,271.8,0.0,-23.129395,-44.429236
MARCOS CAVALCANTI,2024-11-17 02:51:06,23.8,0.0,-23.128418,-44.429263
MARCOS CAVALCANTI,2024-11-17 11:15:05,302.9,0.0,-23.13062,-44.428368
MARCOS CAVALCANTI,2024-11-17 12:48:05,164.9,0.1,-23.130275,-44.428713
MARCOS CAVALCANTI,2024-11-17 13:03:06,308.8,0.1,-23.130021,-44.429001
MARCOS CAVALCANTI,2024-11-17 17:36:04,228.8,0.0,-23.127648,-44.4293
MARCOS CAVALCANTI,2024-11-17 21:03:06,325.4,0.0,-23.130698,-44.428388
MARCOS CAVALCANTI,2024-11-17 22:39:05,236.8,0.1,-23.130875,-44.428051
MARCOS CAVALCANTI,2024-11-17 23:30:06,94.8,0.1,-23.131235,-44.427385
MARCOS CAVALCANTI,2024-11-18 01:51:06,277.5,0.0,-23.131101,-44.426691
MARCOS CAVALCANTI,2024-11-18 02:51:06,87.3,0.0,-23.130826,-44.42635
MARCOS CAVALCANTI,2024-11-18 03:30:06,104.0,0.1,-23.130465,-44.425581
MARCOS CAVALCANTI,2024-11-18 05:51:06,179.4,0.0,-23.130355,-44.425445
MARCOS CAVALCANTI,2024-11-18 06:36:06,218.7,0.1,-23.130788,-44.426051
MARCOS CAVALCANTI,2024-11-18 10:09:06,274.3,0.0,-23.130841,-44.426646
MARCOS CAVALCANTI,2024-11-18 11:12:05,139.7,0.0,-23.130626,-44.426463
MARCOS CAVALCANTI,2024-11-18 11:48:06,258.3,0.1,-23.130785,-44.426873
MARCOS CAVALCANTI,2024-11-18 14:34:44,67.5,12.3,-23.108713,-44.334115
MARCOS CAVALCANTI,2024-11-18 15:26:45,26.6,3.8,-23.064298,-44.220663
MARCOS CAVALCANTI,2024-11-18 15:29:53,339.5,2.9,-23.061436,-44.220405
MARCOS CAVALCANTI,2024-11-18 16:13:51,341.9,0.0,-23.060321,-44.227431
MARCOS CAVALCANTI,2024-11-18 16:15:43,2.5,0.0,-23.060316,-44.227453
MARCOS CAVALCANTI,2024-11-19 19:02:57,322.1,0.1,-23.060315,-44.227401
MARCOS CAVALCANTI,2024-11-19 19:08:37,2.8,0.2,-23.060273,-44.227366
MARCOS CAVALCANTI,2024-11-19 19:33:48,179.4,1.1,-23.06312,-44.218263
MARCOS CAVALCANTI,2024-11-19 19:47:37,249.5,6.5,-23.068201,-44.233383
MARCOS CAVALCANTI,2024-11-19 20:37:58,245.6,9.5,-23.120733,-44.364186
MARCOS CAVALCANTI,2024-11-19 20:44:47,228.1,10.5,-23.131281,-44.381361
MARCOS CAVALCANTI,2024-11-19 20:49:29,227.1,11.1,-23.140696,-44.392653
MARCOS CAVALCANTI,2024-11-19 20:51:37,227.9,11.3,-23.145206,-44.398023
MARCOS CAVALCANTI,2024-11-19 21:24:48,167.2,12.0,-23.244963,-44.41766
MARCOS CAVALCANTI,2024-11-19 21:25:08,167.5,12.0,-23.246051,-44.417391
MARCOS CAVALCANTI,2024-11-19 21:28:28,142.2,11.5,-23.25625,-44.41346
MARCOS CAVALCANTI,2024-11-19 21:30:38,121.3,11.1,-23.260251,-44.407675
MARCOS CAVALCANTI,2024-11-19 22:15:07,91.1,12.8,-23.300098,-44.251078
MARCOS CAVALCANTI,2024-11-19 22:20:06,86.1,12.8,-23.299808,-44.231873
MARCOS CAVALCANTI,2024-11-19 23:09:46,86.5,12.8,-23.289515,-44.039733
MARCOS CAVALCANTI,2024-11-19 23:09:47,86.5,12.8,-23.289515,-44.039733
MARCOS CAVALCANTI,2024-11-19 23:26:18,87.7,12.8,-23.286863,-43.97646
MARCOS CAVALCANTI,2024-11-19 23:45:28,89.3,12.7,-23.28598,-43.903495
MARCOS CAVALCANTI,2024-11-19 23:49:17,90.1,12.7,-23.285936,-43.888956
MARCOS CAVALCANTI,2024-11-20 00:05:48,89.9,12.6,-23.28548,-43.826185
MARCOS CAVALCANTI,2024-11-20 00:05:59,89.7,12.6,-23.285476,-43.825488
MARCOS CAVALCANTI,2024-11-20 00:07:37,90.7,12.6,-23.285481,-43.819241
MARCOS CAVALCANTI,2024-11-20 00:07:48,90.7,12.6,-23.285486,-43.818545
MARCOS CAVALCANTI,2024-11-20 00:21:37,89.2,12.7,-23.285211,-43.765746
MARCOS CAVALCANTI,2024-11-20 00:34:39,83.3,12.8,-23.281063,-43.715833
MARCOS CAVALCANTI,2024-11-20 00:39:15,83.0,12.8,-23.279125,-43.698076
MARCOS CAVALCANTI,2024-11-20 00:40:07,82.5,12.8,-23.278735,-43.69482
MARCOS CAVALCANTI,2024-11-20 01:06:18,97.7,12.9,-23.283651,-43.594876
MARCOS CAVALCANTI,2024-11-20 01:11:17,96.8,12.9,-23.2859,-43.575585
MARCOS CAVALCANTI,2024-11-20 01:30:27,97.5,12.8,-23.294535,-43.501665
MARCOS CAVALCANTI,2024-11-20 01:31:17,97.0,12.8,-23.294923,-43.498451
MARCOS CAVALCANTI,2024-11-20 01:33:06,90.8,12.7,-23.29566,-43.491423
MARCOS CAVALCANTI,2024-11-20 01:35:47,85.0,12.8,-23.295236,-43.48111
MARCOS CAVALCANTI,2024-11-20 01:37:48,87.9,12.7,-23.295043,-43.473345
MARCOS CAVALCANTI,2024-11-20 01:48:27,85.0,12.7,-23.291835,-43.432525
MARCOS CAVALCANTI,2024-11-20 02:05:57,84.7,12.5,-23.28612,-43.366016
MARCOS CAVALCANTI,2024-11-20 02:08:49,84.2,12.6,-23.28514,-43.355186
MARCOS CAVALCANTI,2024-11-20 02:11:18,85.0,12.6,-23.284188,-43.345658
MARCOS CAVALCANTI,2024-11-20 02:14:29,85.1,12.7,-23.28318,-43.33362
MARCOS CAVALCANTI,2024-11-20 02:17:49,84.1,12.7,-23.281918,-43.320873
MARCOS CAVALCANTI,2024-11-20 02:20:17,83.2,12.8,-23.28105,-43.311321
MARCOS CAVALCANTI,2024-11-20 02:34:29,83.6,12.6,-23.275936,-43.257325
MARCOS CAVALCANTI,2024-11-20 02:38:07,83.2,12.5,-23.274873,-43.243568
MARCOS CAVALCANTI,2024-11-20 02:40:18,77.8,12.5,-23.273428,-43.235478
MARCOS CAVALCANTI,2024-11-20 02:43:18,79.0,12.6,-23.271438,-43.224406
MARCOS CAVALCANTI,2024-11-20 02:46:48,79.3,12.7,-23.26911,-43.211303
MARCOS CAVALCANTI,2024-11-20 02:51:48,79.8,12.7,-23.265843,-43.192478
MARCOS CAVALCANTI,2024-11-20 03:10:58,82.6,12.9,-23.254595,-43.119035
MARCOS CAVALCANTI,2024-11-20 03:13:59,82.4,12.9,-23.253145,-43.107386
MARCOS CAVALCANTI,2024-11-20 03:16:47,82.8,12.9,-23.251803,-43.096635
MARCOS CAVALCANTI,2024-11-20 03:23:08,83.3,12.9,-23.248913,-43.072053
MARCOS CAVALCANTI,2024-11-20 03:49:28,85.4,12.8,-23.23935,-42.970735
MARCOS CAVALCANTI,2024-11-20 03:54:48,85.4,12.8,-23.237818,-42.9502
MARCOS CAVALCANTI,2024-11-20 04:01:48,86.1,12.8,-23.235905,-42.923158
MARCOS CAVALCANTI,2024-11-20 04:19:58,97.9,12.6,-23.234975,-42.853791
MARCOS CAVALCANTI,2024-11-20 04:24:37,98.3,12.6,-23.237333,-42.836373
MARCOS CAVALCANTI,2024-11-20 04:35:59,99.1,12.6,-23.242535,-42.793645
MARCOS CAVALCANTI,2024-11-20 04:54:39,86.3,12.2,-23.24973,-42.72431
MARCOS CAVALCANTI,2024-11-20 04:59:48,86.1,12.3,-23.248438,-42.705311
MARCOS CAVALCANTI,2024-11-20 05:47:48,86.9,12.2,-23.23051,-42.527871
MARCOS CAVALCANTI,2024-11-20 06:04:29,86.8,12.0,-23.226928,-42.467276
MARCOS CAVALCANTI,2024-11-20 06:24:29,86.8,12.1,-23.222841,-42.394608
MARCOS CAVALCANTI,2024-11-20 06:52:08,87.9,12.3,-23.21856,-42.29302
MARCOS CAVALCANTI,2024-11-20 07:25:28,86.1,12.4,-23.211441,-42.169441
MARCOS CAVALCANTI,2024-11-20 07:27:37,86.1,12.4,-23.210913,-42.161338
MARCOS CAVALCANTI,2024-11-20 07:35:26,86.1,12.4,-23.208936,-42.131896
MARCOS CAVALCANTI,2024-11-20 08:11:17,88.7,12.7,-23.190913,-41.99681
MARCOS CAVALCANTI,2024-11-20 08:35:09,88.5,12.9,-23.188365,-41.904603
MARCOS CAVALCANTI,2024-11-20 08:37:57,88.2,12.9,-23.188095,-41.893683
MARCOS CAVALCANTI,2024-11-20 08:40:38,88.2,12.9,-23.187865,-41.88335
MARCOS CAVALCANTI,2024-11-20 08:44:59,51.8,12.0,-23.184048,-41.867765
MARCOS CAVALCANTI,2024-11-20 09:13:18,51.4,13.0,-23.12009,-41.783225
MARCOS CAVALCANTI,2024-11-20 09:19:06,51.8,12.9,-23.107068,-41.765635
MARCOS CAVALCANTI,2024-11-20 09:22:28,51.8,12.9,-23.09952,-41.755435
MARCOS CAVALCANTI,2024-11-20 09:47:48,50.8,12.7,-23.05148,-41.67344
MARCOS CAVALCANTI,2024-11-20 09:53:18,51.0,12.7,-23.039338,-41.657033
MARCOS CAVALCANTI,2024-11-20 09:55:57,51.9,12.7,-23.033425,-41.649076
MARCOS CAVALCANTI,2024-11-20 09:58:27,50.9,12.7,-23.02794,-41.64164
MARCOS CAVALCANTI,2024-11-20 10:20:58,54.4,12.8,-22.980365,-41.572075
MARCOS CAVALCANTI,2024-11-20 10:25:29,56.0,12.9,-22.971203,-41.557743
MARCOS CAVALCANTI,2024-11-20 10:28:29,55.8,12.9,-22.9651,-41.548168
MARCOS CAVALCANTI,2024-11-20 10:39:06,51.4,12.8,-22.941666,-41.51605
MARCOS CAVALCANTI,2024-11-20 10:40:57,51.0,12.8,-22.937526,-41.510516
MARCOS CAVALCANTI,2024-11-20 10:42:48,50.8,12.8,-22.933333,-41.505026
MARCOS CAVALCANTI,2024-11-20 10:44:27,50.5,12.8,-22.929623,-41.500126
MARCOS CAVALCANTI,2024-11-20 10:46:59,52.1,12.7,-22.923918,-41.492663
MARCOS CAVALCANTI,2024-11-20 10:57:26,51.0,12.5,-22.900828,-41.46184
MARCOS CAVALCANTI,2024-11-20 11:02:38,50.3,12.5,-22.889621,-41.446695
MARCOS CAVALCANTI,2024-11-20 11:24:04,55.3,12.2,-22.846751,-41.381978
MARCOS CAVALCANTI,2024-11-20 11:34:48,46.0,12.0,-22.824313,-41.351776
MARCOS CAVALCANTI,2024-11-20 11:37:27,46.8,12.0,-22.81813,-41.344883
MARCOS CAVALCANTI,2024-11-20 11:37:28,46.8,12.0,-22.81813,-41.344883
MARCOS CAVALCANTI,2024-11-20 11:39:48,45.3,12.0,-22.812683,-41.338865
MARCOS CAVALCANTI,2024-11-20 11:43:27,45.8,12.0,-22.804086,-41.329458
MARCOS CAVALCANTI,2024-11-20 11:45:47,46.2,12.1,-22.798648,-41.323446
MARCOS CAVALCANTI,2024-11-20 11:50:07,42.4,12.1,-22.78803,-41.312733
MARCOS CAVALCANTI,2024-11-20 12:02:37,41.6,12.1,-22.756953,-41.282545
MARCOS CAVALCANTI,2024-11-20 12:03:18,43.0,12.1,-22.755286,-41.280923
MARCOS CAVALCANTI,2024-11-20 12:08:27,41.7,12.2,-22.742318,-41.268378
MARCOS CAVALCANTI,2024-11-20 12:09:27,40.9,12.2,-22.739716,-41.265913
MARCOS CAVALCANTI,2024-11-20 12:10:27,41.4,12.2,-22.737275,-41.263526
MARCOS CAVALCANTI,2024-11-20 12:11:56,42.0,12.2,-22.733516,-41.259928
MARCOS CAVALCANTI,2024-11-20 12:12:16,43.9,12.2,-22.732678,-41.259093
MARCOS CAVALCANTI,2024-11-20 12:12:27,45.2,12.1,-22.732196,-41.258576
MARCOS CAVALCANTI,2024-11-20 12:12:56,47.9,12.0,-22.731091,-41.25729
MARCOS CAVALCANTI,2024-11-20 12:13:56,51.4,12.0,-22.728978,-41.254545
MARCOS CAVALCANTI,2024-11-20 12:15:37,50.2,12.0,-22.725451,-41.249793
MARCOS CAVALCANTI,2024-11-20 12:16:46,49.8,12.1,-22.722951,-41.24656
MARCOS CAVALCANTI,2024-11-20 12:17:48,50.4,12.0,-22.720761,-41.243741
MARCOS CAVALCANTI,2024-11-20 12:28:28,51.1,12.1,-22.697711,-41.214051
MARCOS CAVALCANTI,2024-11-20 12:33:39,50.9,12.1,-22.686738,-41.199456
MARCOS CAVALCANTI,2024-11-20 12:36:26,53.2,12.1,-22.680808,-41.191456
MARCOS CAVALCANTI,2024-11-20 12:40:39,52.3,12.1,-22.672133,-41.179448
MARCOS CAVALCANTI,2024-11-20 13:19:47,52.0,12.0,-22.592431,-41.066563
MARCOS CAVALCANTI,2024-11-20 13:24:27,53.1,12.0,-22.583141,-41.053045
MARCOS CAVALCANTI,2024-11-20 13:28:36,52.5,11.9,-22.574895,-41.041098
MARCOS CAVALCANTI,2024-11-20 13:32:28,53.1,11.9,-22.567275,-41.03005
MARCOS CAVALCANTI,2024-11-20 14:11:36,51.1,12.2,-22.488003,-40.917358
MARCOS CAVALCANTI,2024-11-20 14:23:57,50.4,12.2,-22.461433,-40.882538
MARCOS CAVALCANTI,2024-11-20 15:17:07,56.3,12.2,-22.354543,-40.72619
MARCOS CAVALCANTI,2024-11-20 16:20:28,48.4,12.4,-22.226571,-40.53866
MARCOS CAVALCANTI,2024-11-20 16:37:03,47.6,12.5,-22.187635,-40.49261
MARCOS CAVALCANTI,2024-11-20 16:37:51,47.7,12.5,-22.185791,-40.490455
MARCOS CAVALCANTI,2024-11-20 16:39:22,46.6,12.5,-22.182193,-40.486288
MARCOS CAVALCANTI,2024-11-20 16:40:51,47.2,12.5,-22.178641,-40.482198
MARCOS CAVALCANTI,2024-11-20 16:42:42,47.8,12.5,-22.174268,-40.477168
MARCOS CAVALCANTI,2024-11-20 16:43:31,50.1,12.4,-22.172378,-40.474833
MARCOS CAVALCANTI,2024-11-20 16:45:42,55.1,12.5,-22.167891,-40.468365
MARCOS CAVALCANTI,2024-11-20 16:47:22,55.1,12.4,-22.164498,-40.463213
MARCOS CAVALCANTI,2024-11-20 16:59:28,48.9,12.2,-22.140705,-40.426796
MARCOS CAVALCANTI,2024-11-20 17:24:38,49.2,12.5,-22.082843,-40.357161
MARCOS CAVALCANTI,2024-11-20 17:30:29,49.0,12.6,-22.069263,-40.340733
MARCOS CAVALCANTI,2024-11-20 17:32:48,49.0,12.5,-22.063911,-40.334186
MARCOS CAVALCANTI,2024-11-20 17:51:28,47.1,12.4,-22.019348,-40.284256
MARCOS CAVALCANTI,2024-11-20 18:03:07,54.3,12.2,-21.992635,-40.252541
MARCOS CAVALCANTI,2024-11-20 18:05:17,54.1,12.3,-21.988333,-40.24609
MARCOS CAVALCANTI,2024-11-20 18:21:36,60.4,12.0,-21.956573,-40.196943
MARCOS CAVALCANTI,2024-11-20 18:35:47,52.2,11.6,-21.931238,-40.155286
MARCOS CAVALCANTI,2024-11-20 18:42:39,51.8,11.8,-21.917466,-40.136195
MARCOS CAVALCANTI,2024-11-20 18:44:57,51.2,11.8,-21.912733,-40.129723
MARCOS CAVALCANTI,2024-11-20 19:14:28,45.5,11.6,-21.847468,-40.054041
MARCOS CAVALCANTI,2024-11-20 19:18:18,45.2,11.6,-21.838741,-40.044655
MARCOS CAVALCANTI,2024-11-20 19:36:06,44.3,11.7,-21.797303,-40.001235
MARCOS CAVALCANTI,2024-11-20 19:38:47,44.2,11.7,-21.79105,-39.994733
MARCOS CAVALCANTI,2024-11-20 19:51:26,53.9,11.9,-21.76241,-39.96261
MARCOS CAVALCANTI,2024-11-20 19:54:48,52.5,11.9,-21.755696,-39.953156
MARCOS CAVALCANTI,2024-11-20 20:24:58,52.9,12.0,-21.695791,-39.866536
MARCOS CAVALCANTI,2024-11-20 20:28:17,52.9,12.0,-21.68917,-39.857073
MARCOS CAVALCANTI,2024-11-20 20:32:17,53.5,12.1,-21.681126,-39.845445
MARCOS CAVALCANTI,2024-11-20 21:16:48,51.4,12.4,-21.589643,-39.715131
MARCOS CAVALCANTI,2024-11-20 21:36:17,51.1,12.4,-21.547873,-39.658781
MARCOS CAVALCANTI,2024-11-20 22:05:48,34.0,12.4,-21.47052,-39.59067
MARCOS CAVALCANTI,2024-11-20 22:09:27,36.3,12.4,-21.46025,-39.582781
MARCOS CAVALCANTI,2024-11-20 22:14:18,36.8,12.4,-21.446533,-39.572363
MARCOS CAVALCANTI,2024-11-20 22:16:27,34.8,12.4,-21.44043,-39.567711
MARCOS CAVALCANTI,2024-11-20 22:20:38,35.1,12.4,-21.428676,-39.558886
MARCOS CAVALCANTI,2024-11-20 22:23:18,35.7,12.4,-21.421161,-39.553186
MARCOS CAVALCANTI,2024-11-20 22:44:08,34.0,12.4,-21.362315,-39.5088
MARCOS CAVALCANTI,2024-11-20 23:08:19,33.7,12.3,-21.293868,-39.458373
MARCOS CAVALCANTI,2024-11-20 23:24:25,34.5,12.2,-21.248578,-39.425273
MARCOS CAVALCANTI,2024-11-20 23:37:17,34.2,12.1,-21.212866,-39.398958
MARCOS CAVALCANTI,2024-11-20 23:41:06,34.7,12.1,-21.20233,-39.391235
MARCOS CAVALCANTI,2024-11-20 23:52:47,35.9,12.0,-21.17,-39.367676
MARCOS CAVALCANTI,2024-11-20 23:53:47,35.1,12.0,-21.167258,-39.365638
MARCOS CAVALCANTI,2024-11-20 23:54:07,34.9,12.0,-21.166281,-39.364921
MARCOS CAVALCANTI,2024-11-20 23:54:27,34.4,12.0,-21.165376,-39.364246
MARCOS CAVALCANTI,2024-11-20 23:55:18,35.8,12.0,-21.163066,-39.362528
MARCOS CAVALCANTI,2024-11-20 23:55:56,34.4,12.0,-21.161318,-39.36126
MARCOS CAVALCANTI,2024-11-21 00:07:29,34.5,12.0,-21.129661,-39.338158
MARCOS CAVALCANTI,2024-11-21 00:10:18,34.6,12.0,-21.121818,-39.332495
MARCOS CAVALCANTI,2024-11-21 00:31:28,35.0,12.0,-21.063438,-39.289803
MARCOS CAVALCANTI,2024-11-21 00:40:58,34.0,12.0,-21.036945,-39.27057
MARCOS CAVALCANTI,2024-11-21 00:44:49,33.8,12.0,-21.026243,-39.262868
MARCOS CAVALCANTI,2024-11-21 01:04:18,35.8,12.0,-20.972951,-39.223286
MARCOS CAVALCANTI,2024-11-21 01:06:49,34.9,11.9,-20.966075,-39.218146
MARCOS CAVALCANTI,2024-11-21 01:11:48,34.8,11.9,-20.952383,-39.208056
MARCOS CAVALCANTI,2024-11-21 01:12:27,34.5,11.9,-20.95062,-39.206766
MARCOS CAVALCANTI,2024-11-21 01:14:08,35.1,11.8,-20.945983,-39.203361
MARCOS CAVALCANTI,2024-11-21 01:16:08,34.8,11.9,-20.940541,-39.19931
MARCOS CAVALCANTI,2024-11-21 01:19:57,35.0,11.9,-20.930178,-39.191436
MARCOS CAVALCANTI,2024-11-21 01:40:59,34.5,11.9,-20.87284,-39.148826
MARCOS CAVALCANTI,2024-11-21 01:56:07,34.3,11.6,-20.831691,-39.11857
MARCOS CAVALCANTI,2024-11-21 02:14:28,37.9,11.8,-20.784148,-39.079425
MARCOS CAVALCANTI,2024-11-21 02:19:39,38.1,11.8,-20.770801,-39.068191
MARCOS CAVALCANTI,2024-11-21 02:47:09,37.1,11.6,-20.700153,-39.009595
MARCOS CAVALCANTI,2024-11-21 02:52:58,38.5,11.6,-20.685261,-38.997355
MARCOS CAVALCANTI,2024-11-21 02:57:19,37.3,11.5,-20.674231,-38.988181
MARCOS CAVALCANTI,2024-11-21 03:18:48,36.4,11.6,-20.619453,-38.943413
MARCOS CAVALCANTI,2024-11-21 03:21:27,36.0,11.6,-20.612568,-38.938061
MARCOS CAVALCANTI,2024-11-21 03:26:08,33.0,11.6,-20.600233,-38.928891
MARCOS CAVALCANTI,2024-11-21 03:55:07,34.2,11.8,-20.522171,-38.872488
MARCOS CAVALCANTI,2024-11-21 03:59:57,33.8,11.8,-20.50903,-38.862868
MARCOS CAVALCANTI,2024-11-21 04:03:57,34.5,11.8,-20.498151,-38.854876
MARCOS CAVALCANTI,2024-11-21 04:34:47,35.4,12.1,-20.41396,-38.792038
MARCOS CAVALCANTI,2024-11-21 04:36:59,34.3,12.0,-20.407976,-38.78756
MARCOS CAVALCANTI,2024-11-21 05:02:18,35.7,12.1,-20.337711,-38.735775
MARCOS CAVALCANTI,2024-11-21 05:06:16,35.0,12.2,-20.326621,-38.727538
MARCOS CAVALCANTI,2024-11-21 05:45:17,34.4,12.2,-20.218236,-38.646116
MARCOS CAVALCANTI,2024-11-21 05:56:18,34.9,12.1,-20.187355,-38.62411
MARCOS CAVALCANTI,2024-11-21 07:08:38,36.7,12.3,-19.988446,-38.47681
MARCOS CAVALCANTI,2024-11-21 08:13:19,35.9,11.7,-19.814841,-38.339416
MARCOS CAVALCANTI,2024-11-21 08:22:18,35.1,11.8,-19.790711,-38.321488
MARCOS CAVALCANTI,2024-11-21 09:21:28,32.6,11.8,-19.630908,-38.204665
MARCOS CAVALCANTI,2024-11-21 09:24:28,34.2,11.9,-19.622696,-38.198836
MARCOS CAVALCANTI,2024-11-21 09:58:37,33.5,11.8,-19.529905,-38.133115
MARCOS CAVALCANTI,2024-11-21 10:01:37,33.8,11.8,-19.52167,-38.127395
MARCOS CAVALCANTI,2024-11-21 10:05:27,33.3,11.9,-19.511098,-38.11996
MARCOS CAVALCANTI,2024-11-21 10:26:36,33.1,12.0,-19.451916,-38.079071
MARCOS CAVALCANTI,2024-11-21 10:27:17,33.3,12.0,-19.450031,-38.077771
MARCOS CAVALCANTI,2024-11-21 10:27:27,33.2,12.0,-19.449558,-38.077445
MARCOS CAVALCANTI,2024-11-21 10:27:36,33.2,11.9,-19.449086,-38.077121
MARCOS CAVALCANTI,2024-11-21 10:30:57,32.7,11.9,-19.43977,-38.070705
MARCOS CAVALCANTI,2024-11-21 10:34:08,33.4,11.9,-19.4309,-38.064545
MARCOS CAVALCANTI,2024-11-21 10:36:58,32.3,11.9,-19.423023,-38.059133
MARCOS CAVALCANTI,2024-11-21 10:38:46,33.6,11.9,-19.417958,-38.055685
MARCOS CAVALCANTI,2024-11-21 10:39:39,34.3,11.9,-19.415633,-38.054015
MARCOS CAVALCANTI,2024-11-21 10:48:56,32.5,11.7,-19.390066,-38.036185
MARCOS CAVALCANTI,2024-11-21 11:10:28,33.8,11.8,-19.33166,-37.994651
MARCOS CAVALCANTI,2024-11-21 11:28:47,36.7,11.9,-19.282071,-37.95733
MARCOS CAVALCANTI,2024-11-21 11:35:38,39.0,11.9,-19.263978,-37.943133
MARCOS CAVALCANTI,2024-11-21 11:56:08,36.4,11.8,-19.210005,-37.900181
MARCOS CAVALCANTI,2024-11-21 11:59:27,36.0,11.8,-19.201231,-37.893366
MARCOS CAVALCANTI,2024-11-21 11:59:58,36.4,11.8,-19.199821,-37.89227
MARCOS CAVALCANTI,2024-11-21 12:00:27,36.6,11.8,-19.198541,-37.891276
MARCOS CAVALCANTI,2024-11-21 12:00:37,36.4,11.8,-19.198145,-37.89097
MARCOS CAVALCANTI,2024-11-21 12:01:18,35.7,11.8,-19.196536,-37.889755
MARCOS CAVALCANTI,2024-11-21 12:01:57,36.6,11.8,-19.194805,-37.888426
MARCOS CAVALCANTI,2024-11-21 12:02:48,35.2,11.8,-19.192601,-37.886726
MARCOS CAVALCANTI,2024-11-21 12:03:57,36.0,11.8,-19.18951,-37.884346
MARCOS CAVALCANTI,2024-11-21 12:24:48,35.6,11.8,-19.134198,-37.841835
MARCOS CAVALCANTI,2024-11-21 12:29:37,36.8,11.9,-19.121426,-37.831816
MARCOS CAVALCANTI,2024-11-21 12:32:08,37.3,11.9,-19.114765,-37.826605
MARCOS CAVALCANTI,2024-11-21 13:04:08,35.0,11.7,-19.028178,-37.762213
MARCOS CAVALCANTI,2024-11-21 13:07:36,35.6,11.7,-19.018808,-37.755483
MARCOS CAVALCANTI,2024-11-21 13:08:06,33.6,11.7,-19.017456,-37.754521
MARCOS CAVALCANTI,2024-11-21 13:09:06,34.8,11.7,-19.014766,-37.752563
MARCOS CAVALCANTI,2024-11-21 13:09:47,35.0,11.7,-19.012985,-37.751243
MARCOS CAVALCANTI,2024-11-21 13:18:38,35.2,11.7,-18.989311,-37.733938
MARCOS CAVALCANTI,2024-11-21 15:20:46,31.2,11.7,-18.666325,-37.492743
MARCOS CAVALCANTI,2024-11-21 15:49:49,32.3,11.5,-18.586371,-37.439446
MARCOS CAVALCANTI,2024-11-21 15:55:58,31.8,11.6,-18.569535,-37.428188
MARCOS CAVALCANTI,2024-11-21 15:56:19,31.7,11.6,-18.568628,-37.427585
MARCOS CAVALCANTI,2024-11-21 15:58:58,32.4,11.6,-18.561281,-37.42277
MARCOS CAVALCANTI,2024-11-21 16:23:18,32.4,11.8,-18.494241,-37.378275
MARCOS CAVALCANTI,2024-11-21 16:27:18,32.8,11.9,-18.483113,-37.370723
MARCOS CAVALCANTI,2024-11-21 16:30:18,33.4,12.0,-18.474728,-37.364951
MARCOS CAVALCANTI,2024-11-21 16:57:05,33.8,12.1,-18.399586,-37.312383
MARCOS CAVALCANTI,2024-11-21 16:57:46,33.7,12.1,-18.397761,-37.311101
MARCOS CAVALCANTI,2024-11-21 16:59:25,34.2,12.2,-18.393026,-37.30779
MARCOS CAVALCANTI,2024-11-21 17:01:05,33.8,12.1,-18.388348,-37.304466
MARCOS CAVALCANTI,2024-11-21 17:01:25,34.0,12.2,-18.387413,-37.303803
MARCOS CAVALCANTI,2024-11-21 17:01:46,32.8,12.2,-18.386433,-37.303111
MARCOS CAVALCANTI,2024-11-21 17:03:06,33.2,12.2,-18.382731,-37.300516
MARCOS CAVALCANTI,2024-11-21 17:05:16,33.9,12.2,-18.376638,-37.296201
MARCOS CAVALCANTI,2024-11-21 17:11:17,34.8,12.2,-18.359878,-37.284148
MARCOS CAVALCANTI,2024-11-21 17:35:38,36.4,12.3,-18.29267,-37.233936
MARCOS CAVALCANTI,2024-11-21 17:38:47,35.7,12.2,-18.283956,-37.227311
MARCOS CAVALCANTI,2024-11-21 17:42:39,35.2,12.2,-18.27326,-37.219306
MARCOS CAVALCANTI,2024-11-21 17:44:47,35.7,12.2,-18.267405,-37.21484
MARCOS CAVALCANTI,2024-11-21 18:07:26,34.8,12.4,-18.203936,-37.167433
MARCOS CAVALCANTI,2024-11-21 18:13:58,35.5,12.4,-18.185333,-37.153828
MARCOS CAVALCANTI,2024-11-21 18:19:08,35.3,12.5,-18.170563,-37.143093
MARCOS CAVALCANTI,2024-11-21 18:37:48,34.5,12.8,-18.116318,-37.104091
MARCOS CAVALCANTI,2024-11-21 18:47:47,33.8,13.0,-18.08676,-37.083076
MARCOS CAVALCANTI,2024-11-21 19:26:17,25.7,13.3,-17.965215,-37.010761
MARCOS CAVALCANTI,2024-11-21 19:32:08,26.2,13.4,-17.945648,-37.000683
MARCOS CAVALCANTI,2024-11-21 20:23:38,26.0,13.4,-17.773053,-36.910786
MARCOS CAVALCANTI,2024-11-21 20:26:38,26.9,13.4,-17.763038,-36.905538
MARCOS CAVALCANTI,2024-11-21 21:56:47,25.9,12.7,-17.470173,-36.757235
MARCOS CAVALCANTI,2024-11-21 22:00:58,24.7,12.8,-17.45663,-36.750678
MARCOS CAVALCANTI,2024-11-21 22:05:48,24.8,12.7,-17.440991,-36.743055
MARCOS CAVALCANTI,2024-11-21 22:11:48,24.0,12.8,-17.421651,-36.733975
MARCOS CAVALCANTI,2024-11-21 22:32:18,22.3,13.0,-17.35435,-36.703933
MARCOS CAVALCANTI,2024-11-21 22:59:19,21.5,12.6,-17.265536,-36.667311
MARCOS CAVALCANTI,2024-11-21 23:02:37,21.9,12.6,-17.25465,-36.662876
MARCOS CAVALCANTI,2024-11-21 23:02:57,21.2,12.6,-17.253616,-36.662448
MARCOS CAVALCANTI,2024-11-21 23:06:57,21.9,12.6,-17.240578,-36.657131
MARCOS CAVALCANTI,2024-11-21 23:11:17,21.6,12.7,-17.226391,-36.651386
MARCOS CAVALCANTI,2024-11-21 23:40:48,23.8,12.8,-17.128025,-36.613213
MARCOS CAVALCANTI,2024-11-21 23:41:08,23.6,12.7,-17.126935,-36.61271
MARCOS CAVALCANTI,2024-11-21 23:44:47,23.9,12.7,-17.115151,-36.607215
MARCOS CAVALCANTI,2024-11-21 23:45:47,24.5,12.6,-17.111903,-36.605705
MARCOS CAVALCANTI,2024-11-21 23:46:47,24.2,12.6,-17.108735,-36.604238
MARCOS CAVALCANTI,2024-11-22 00:16:39,25.0,12.5,-17.013723,-36.559518
MARCOS CAVALCANTI,2024-11-22 00:40:17,24.6,12.5,-16.938653,-36.52423
MARCOS CAVALCANTI,2024-11-22 00:47:07,23.9,12.5,-16.916895,-36.514195
MARCOS CAVALCANTI,2024-11-22 00:47:57,24.2,12.5,-16.914231,-36.51294
MARCOS CAVALCANTI,2024-11-22 00:48:07,23.4,12.5,-16.913691,-36.512693
MARCOS CAVALCANTI,2024-11-22 00:48:38,24.2,12.5,-16.911988,-36.511905
MARCOS CAVALCANTI,2024-11-22 00:48:47,24.4,12.6,-16.911568,-36.511715
MARCOS CAVALCANTI,2024-11-22 00:49:07,23.8,12.6,-16.910501,-36.511206
MARCOS CAVALCANTI,2024-11-22 00:49:56,24.0,12.6,-16.907891,-36.50997
MARCOS CAVALCANTI,2024-11-22 00:51:07,23.8,12.5,-16.904075,-36.508188
MARCOS CAVALCANTI,2024-11-22 01:18:57,23.5,12.7,-16.813986,-36.467113
MARCOS CAVALCANTI,2024-11-22 01:56:49,21.5,12.6,-16.690728,-36.413806
MARCOS CAVALCANTI,2024-11-22 02:25:38,20.3,12.6,-16.596358,-36.375551
MARCOS CAVALCANTI,2024-11-22 02:29:17,20.6,12.6,-16.584298,-36.370818
MARCOS CAVALCANTI,2024-11-22 02:55:59,23.6,12.6,-16.49741,-36.335203
MARCOS CAVALCANTI,2024-11-22 03:01:59,23.8,12.5,-16.47816,-36.326508
MARCOS CAVALCANTI,2024-11-22 03:04:37,26.2,12.5,-16.469705,-36.322603
MARCOS CAVALCANTI,2024-11-22 03:33:38,25.4,12.6,-16.378448,-36.276718
MARCOS CAVALCANTI,2024-11-22 03:36:16,24.7,12.6,-16.370031,-36.272616
MARCOS CAVALCANTI,2024-11-22 03:39:16,25.6,12.6,-16.360543,-36.268018
MARCOS CAVALCANTI,2024-11-22 03:42:16,25.6,12.6,-16.350965,-36.263375
MARCOS CAVALCANTI,2024-11-22 04:05:08,24.2,12.7,-16.277618,-36.22905
MARCOS CAVALCANTI,2024-11-22 04:07:58,24.5,12.7,-16.268468,-36.224751
MARCOS CAVALCANTI,2024-11-22 04:10:57,23.7,12.8,-16.258766,-36.220376
MARCOS CAVALCANTI,2024-11-22 04:14:07,23.5,12.7,-16.248363,-36.215798
MARCOS CAVALCANTI,2024-11-22 04:46:37,23.0,12.8,-16.142065,-36.169011
MARCOS CAVALCANTI,2024-11-22 05:23:46,23.0,12.7,-16.02122,-36.115071
MARCOS CAVALCANTI,2024-11-22 07:19:19,24.6,12.5,-15.65455,-35.943875
MARCOS CAVALCANTI,2024-11-22 07:22:17,24.7,12.5,-15.645145,-35.939326
MARCOS CAVALCANTI,2024-11-22 08:22:08,23.3,12.6,-15.454361,-35.849676
MARCOS CAVALCANTI,2024-11-22 08:25:28,23.3,12.6,-15.443735,-35.844796
MARCOS CAVALCANTI,2024-11-22 08:57:28,23.8,12.7,-15.340041,-35.797428
MARCOS CAVALCANTI,2024-11-22 08:59:48,25.1,12.7,-15.332495,-35.793918
MARCOS CAVALCANTI,2024-11-22 09:04:47,19.6,12.7,-15.316231,-35.786726
MARCOS CAVALCANTI,2024-11-22 09:06:58,20.6,12.7,-15.309025,-35.78386
MARCOS CAVALCANTI,2024-11-22 09:33:49,21.7,12.8,-15.220051,-35.747916
MARCOS CAVALCANTI,2024-11-22 09:37:08,22.0,12.7,-15.209043,-35.743455
MARCOS CAVALCANTI,2024-11-22 09:38:18,21.5,12.7,-15.20511,-35.741868
MARCOS CAVALCANTI,2024-11-22 09:39:48,20.9,12.8,-15.200213,-35.739901
MARCOS CAVALCANTI,2024-11-22 09:40:48,20.4,12.8,-15.19689,-35.73856
MARCOS CAVALCANTI,2024-11-22 09:41:58,21.8,12.7,-15.19301,-35.737025
MARCOS CAVALCANTI,2024-11-22 10:05:59,22.8,12.6,-15.114051,-35.705358
MARCOS CAVALCANTI,2024-11-22 10:10:28,22.8,12.5,-15.099561,-35.699148
MARCOS CAVALCANTI,2024-11-22 10:17:08,23.1,12.5,-15.078103,-35.689953
MARCOS CAVALCANTI,2024-11-22 10:29:06,22.5,12.5,-15.039373,-35.67334
MARCOS CAVALCANTI,2024-11-22 10:31:48,22.5,12.6,-15.030646,-35.669676
MARCOS CAVALCANTI,2024-11-22 10:34:06,22.1,12.6,-15.023193,-35.666511
MARCOS CAVALCANTI,2024-11-22 11:19:56,22.7,12.4,-14.875258,-35.604625
MARCOS CAVALCANTI,2024-11-22 11:22:19,23.3,12.3,-14.867828,-35.6013
MARCOS CAVALCANTI,2024-11-22 11:23:56,23.3,12.4,-14.862616,-35.598986
MARCOS CAVALCANTI,2024-11-22 11:24:27,22.8,12.4,-14.861035,-35.598263
MARCOS CAVALCANTI,2024-11-22 11:29:46,23.7,12.4,-14.844233,-35.590691
MARCOS CAVALCANTI,2024-11-22 11:34:17,22.9,12.5,-14.829891,-35.584233
MARCOS CAVALCANTI,2024-11-22 11:47:37,24.2,12.4,-14.787438,-35.565018
MARCOS CAVALCANTI,2024-11-22 11:56:18,25.1,12.4,-14.759958,-35.552513
MARCOS CAVALCANTI,2024-11-22 12:16:16,24.1,12.5,-14.696893,-35.52316
MARCOS CAVALCANTI,2024-11-22 12:18:36,23.8,12.6,-14.689515,-35.519733
MARCOS CAVALCANTI,2024-11-22 12:37:27,24.0,12.6,-14.629251,-35.491545
MARCOS CAVALCANTI,2024-11-22 12:39:07,25.0,12.6,-14.62395,-35.489008
MARCOS CAVALCANTI,2024-11-22 12:39:27,25.1,12.6,-14.622826,-35.488485
MARCOS CAVALCANTI,2024-11-22 12:40:07,24.8,12.6,-14.620741,-35.487513
MARCOS CAVALCANTI,2024-11-22 12:40:27,25.1,12.6,-14.619626,-35.486988
MARCOS CAVALCANTI,2024-11-22 12:41:27,23.8,12.7,-14.616421,-35.485491
MARCOS CAVALCANTI,2024-11-22 13:59:07,24.4,12.6,-14.370585,-35.363275
MARCOS CAVALCANTI,2024-11-22 15:34:14,23.8,12.5,-14.067903,-35.22676
MARCOS CAVALCANTI,2024-11-22 15:35:56,24.4,12.4,-14.0626,-35.224316
MARCOS CAVALCANTI,2024-11-22 15:36:56,24.4,12.4,-14.05942,-35.222868
MARCOS CAVALCANTI,2024-11-22 15:37:35,23.7,12.4,-14.057336,-35.221911
MARCOS CAVALCANTI,2024-11-22 15:38:35,24.0,12.4,-14.054195,-35.220441
MARCOS CAVALCANTI,2024-11-22 15:38:46,23.6,12.4,-14.053611,-35.220185
MARCOS CAVALCANTI,2024-11-22 15:39:25,24.1,12.4,-14.0515,-35.219231
MARCOS CAVALCANTI,2024-11-22 15:41:25,23.6,12.4,-14.045183,-35.216365
MARCOS CAVALCANTI,2024-11-22 15:44:05,23.5,12.4,-14.036733,-35.21252
MARCOS CAVALCANTI,2024-11-22 16:01:17,23.8,12.4,-13.982501,-35.187675
MARCOS CAVALCANTI,2024-11-22 16:04:19,23.2,12.4,-13.972981,-35.18332
MARCOS CAVALCANTI,2024-11-22 16:09:17,24.3,12.4,-13.957208,-35.176151
MARCOS CAVALCANTI,2024-11-22 16:30:58,22.6,12.6,-13.88799,-35.145103
MARCOS CAVALCANTI,2024-11-22 16:33:49,24.4,12.6,-13.878728,-35.141
MARCOS CAVALCANTI,2024-11-22 16:35:57,23.3,12.6,-13.871921,-35.137941
MARCOS CAVALCANTI,2024-11-22 16:40:28,23.2,12.6,-13.857298,-35.131508
MARCOS CAVALCANTI,2024-11-22 17:05:18,22.9,12.7,-13.776866,-35.096185
MARCOS CAVALCANTI,2024-11-22 17:08:28,23.1,12.6,-13.766676,-35.091638
MARCOS CAVALCANTI,2024-11-22 17:13:38,23.7,12.6,-13.749996,-35.08419
MARCOS CAVALCANTI,2024-11-22 17:14:47,23.2,12.6,-13.746176,-35.082473
MARCOS CAVALCANTI,2024-11-22 17:49:18,23.6,12.8,-13.633941,-35.032978
MARCOS CAVALCANTI,2024-11-22 20:16:17,22.6,12.6,-13.155448,-34.826761
MARCOS CAVALCANTI,2024-11-22 20:19:17,23.1,12.6,-13.145656,-34.822563
MARCOS CAVALCANTI,2024-11-22 21:02:18,25.0,12.6,-13.00815,-34.75968
MARCOS CAVALCANTI,2024-11-22 21:11:58,25.4,12.6,-12.977501,-34.744906
MARCOS CAVALCANTI,2024-11-22 21:58:48,24.8,12.3,-12.829796,-34.673446
MARCOS CAVALCANTI,2024-11-22 22:01:47,25.2,12.4,-12.820548,-34.66901
MARCOS CAVALCANTI,2024-11-22 22:02:47,24.7,12.3,-12.817401,-34.667535
MARCOS CAVALCANTI,2024-11-22 22:03:27,24.9,12.3,-12.815306,-34.666555
MARCOS CAVALCANTI,2024-11-22 22:05:38,25.4,12.3,-12.808528,-34.663315
MARCOS CAVALCANTI,2024-11-22 22:09:38,24.8,12.3,-12.79607,-34.65735
MARCOS CAVALCANTI,2024-11-22 22:30:46,24.9,12.3,-12.730416,-34.625921
MARCOS CAVALCANTI,2024-11-22 22:32:46,23.9,12.4,-12.724246,-34.62297
MARCOS CAVALCANTI,2024-11-22 22:33:46,25.2,12.3,-12.721153,-34.621481
MARCOS CAVALCANTI,2024-11-22 22:37:17,25.1,12.4,-12.710218,-34.616316
MARCOS CAVALCANTI,2024-11-22 22:40:27,24.8,12.3,-12.700338,-34.611618
MARCOS CAVALCANTI,2024-11-22 22:55:09,23.8,12.5,-12.654148,-34.590411
MARCOS CAVALCANTI,2024-11-22 23:06:49,23.0,12.5,-12.616803,-34.573818
MARCOS CAVALCANTI,2024-11-22 23:13:19,23.5,12.5,-12.59602,-34.56454
MARCOS CAVALCANTI,2024-11-22 23:17:27,24.3,12.5,-12.582786,-34.558701
MARCOS CAVALCANTI,2024-11-23 00:17:27,22.9,12.5,-12.392183,-34.474798
MARCOS CAVALCANTI,2024-11-23 00:18:57,22.4,12.4,-12.387406,-34.47276
MARCOS CAVALCANTI,2024-11-23 00:21:38,22.4,12.5,-12.378843,-34.46913
MARCOS CAVALCANTI,2024-11-23 00:23:18,23.2,12.5,-12.373491,-34.466886
MARCOS CAVALCANTI,2024-11-23 00:23:27,22.3,12.4,-12.373011,-34.466688
MARCOS CAVALCANTI,2024-11-23 00:52:27,21.5,12.4,-12.279488,-34.427363
MARCOS CAVALCANTI,2024-11-23 00:56:07,22.7,12.5,-12.267646,-34.422448
MARCOS CAVALCANTI,2024-11-23 01:29:57,22.8,12.5,-12.15895,-34.376025
MARCOS CAVALCANTI,2024-11-23 01:31:56,22.1,12.5,-12.152568,-34.373283
MARCOS CAVALCANTI,2024-11-23 02:33:58,24.9,12.6,-11.955465,-34.278625
MARCOS CAVALCANTI,2024-11-23 02:40:08,25.8,12.6,-11.935983,-34.269133
MARCOS CAVALCANTI,2024-11-23 03:07:38,23.2,12.3,-11.849615,-34.228705
MARCOS CAVALCANTI,2024-11-23 03:10:59,24.2,12.3,-11.839115,-34.224086
MARCOS CAVALCANTI,2024-11-23 03:13:28,23.3,12.3,-11.83125,-34.220628
MARCOS CAVALCANTI,2024-11-23 03:40:08,23.2,12.3,-11.747291,-34.184018
MARCOS CAVALCANTI,2024-11-23 03:42:17,23.0,12.3,-11.740435,-34.181031
MARCOS CAVALCANTI,2024-11-23 03:46:48,22.6,12.3,-11.726215,-34.174915
MARCOS CAVALCANTI,2024-11-23 03:49:07,22.5,12.3,-11.718828,-34.17177
MARCOS CAVALCANTI,2024-11-23 04:15:28,23.5,12.1,-11.635683,-34.136375
MARCOS CAVALCANTI,2024-11-23 04:24:17,23.7,12.1,-11.608451,-34.124083
MARCOS CAVALCANTI,2024-11-23 04:53:09,24.7,12.4,-11.518391,-34.083231
MARCOS CAVALCANTI,2024-11-23 04:55:18,24.4,12.4,-11.511651,-34.080035
MARCOS CAVALCANTI,2024-11-23 05:26:27,24.4,12.3,-11.413306,-34.035485
MARCOS CAVALCANTI,2024-11-23 06:54:17,23.4,12.4,-11.138221,-33.913313
MARCOS CAVALCANTI,2024-11-23 07:27:58,23.7,12.3,-11.031706,-33.865531
MARCOS CAVALCANTI,2024-11-23 08:07:09,24.3,12.4,-10.908645,-33.809828
MARCOS CAVALCANTI,2024-11-23 08:36:39,24.5,12.3,-10.816188,-33.767218
MARCOS CAVALCANTI,2024-11-23 08:41:39,24.3,12.3,-10.800548,-33.76002
MARCOS CAVALCANTI,2024-11-23 08:43:59,24.8,12.4,-10.793286,-33.756648
MARCOS CAVALCANTI,2024-11-23 08:44:08,25.5,12.4,-10.792765,-33.756403
MARCOS CAVALCANTI,2024-11-23 09:08:57,24.0,12.5,-10.714266,-33.720011
MARCOS CAVALCANTI,2024-11-23 09:11:49,24.8,12.5,-10.70527,-33.715808
MARCOS CAVALCANTI,2024-11-23 09:13:57,25.4,12.4,-10.698501,-33.712668
MARCOS CAVALCANTI,2024-11-23 09:16:38,25.0,12.5,-10.690088,-33.70871
MARCOS CAVALCANTI,2024-11-23 09:27:07,24.9,12.6,-10.65673,-33.693233
MARCOS CAVALCANTI,2024-11-23 09:29:36,24.0,12.6,-10.648796,-33.689583
MARCOS CAVALCANTI,2024-11-23 09:33:17,24.7,12.6,-10.637098,-33.684138
MARCOS CAVALCANTI,2024-11-23 09:43:58,24.4,12.7,-10.6029,-33.668401
MARCOS CAVALCANTI,2024-11-23 09:49:06,24.9,12.7,-10.586381,-33.660863
MARCOS CAVALCANTI,2024-11-23 09:51:36,25.0,12.7,-10.578253,-33.657168
MARCOS CAVALCANTI,2024-11-23 10:17:27,23.1,12.7,-10.494381,-33.620155
MARCOS CAVALCANTI,2024-11-23 10:20:19,22.1,12.7,-10.48492,-33.616131
MARCOS CAVALCANTI,2024-11-23 10:29:39,22.6,12.7,-10.454378,-33.60324
MARCOS CAVALCANTI,2024-11-23 10:34:17,23.2,12.8,-10.439093,-33.596796
MARCOS CAVALCANTI,2024-11-23 10:37:39,22.4,12.8,-10.42812,-33.592108
MARCOS CAVALCANTI,2024-11-23 10:55:47,22.4,12.8,-10.368156,-33.56673
MARCOS CAVALCANTI,2024-11-23 11:09:48,22.1,12.8,-10.321715,-33.547068
MARCOS CAVALCANTI,2024-11-23 11:11:49,23.5,12.9,-10.315025,-33.544236
MARCOS CAVALCANTI,2024-11-23 11:16:18,23.0,12.9,-10.300135,-33.53798
MARCOS CAVALCANTI,2024-11-23 11:29:07,22.6,12.9,-10.257423,-33.520128
MARCOS CAVALCANTI,2024-11-23 11:32:36,22.7,12.9,-10.24579,-33.515271
MARCOS CAVALCANTI,2024-11-23 11:32:48,22.5,13.0,-10.245128,-33.51499
MARCOS CAVALCANTI,2024-11-23 11:33:27,21.9,12.9,-10.243016,-33.514098
MARCOS CAVALCANTI,2024-11-23 11:36:37,22.3,13.0,-10.232425,-33.509663
MARCOS CAVALCANTI,2024-11-23 11:36:47,23.0,13.0,-10.231808,-33.509396
MARCOS CAVALCANTI,2024-11-23 11:36:58,22.8,13.0,-10.231176,-33.509103
MARCOS CAVALCANTI,2024-11-23 11:37:07,22.3,13.0,-10.230721,-33.5089
MARCOS CAVALCANTI,2024-11-23 11:37:18,22.7,13.0,-10.230101,-33.508623
MARCOS CAVALCANTI,2024-11-23 11:38:27,22.1,13.1,-10.226231,-33.507028
MARCOS CAVALCANTI,2024-11-23 12:11:06,23.4,13.0,-10.117021,-33.461015
MARCOS CAVALCANTI,2024-11-23 12:11:17,23.5,13.0,-10.116415,-33.460753
MARCOS CAVALCANTI,2024-11-23 12:14:27,22.9,12.9,-10.10586,-33.456291
MARCOS CAVALCANTI,2024-11-23 13:43:08,23.4,12.8,-9.812498,-33.332103
MARCOS CAVALCANTI,2024-11-23 13:59:57,24.4,12.9,-9.757491,-33.307708
MARCOS CAVALCANTI,2024-11-23 15:00:48,18.1,12.8,-9.571456,-33.202291
MARCOS CAVALCANTI,2024-11-23 15:01:27,18.2,12.8,-9.569316,-33.201583
MARCOS CAVALCANTI,2024-11-23 15:06:37,17.7,12.8,-9.551838,-33.195738
MARCOS CAVALCANTI,2024-11-23 15:30:28,20.0,12.6,-9.472075,-33.168516
MARCOS CAVALCANTI,2024-11-23 15:36:18,21.8,12.5,-9.453071,-33.161091
MARCOS CAVALCANTI,2024-11-23 15:38:48,23.4,12.5,-9.445003,-33.157596
MARCOS CAVALCANTI,2024-11-23 15:49:56,22.2,12.4,-9.40913,-33.142613
MARCOS CAVALCANTI,2024-11-23 15:50:28,22.6,12.4,-9.407473,-33.141913
MARCOS CAVALCANTI,2024-11-23 15:50:37,22.6,12.4,-9.406993,-33.14171
MARCOS CAVALCANTI,2024-11-23 15:50:56,22.5,12.4,-9.405975,-33.141283
MARCOS CAVALCANTI,2024-11-23 15:52:57,22.2,12.4,-9.399561,-33.138588
MARCOS CAVALCANTI,2024-11-23 15:53:28,22.2,12.4,-9.397813,-33.137845
MARCOS CAVALCANTI,2024-11-23 15:53:57,22.5,12.4,-9.396316,-33.137223
MARCOS CAVALCANTI,2024-11-23 15:54:08,22.7,12.4,-9.395735,-33.136981
MARCOS CAVALCANTI,2024-11-23 15:55:37,22.3,12.4,-9.390963,-33.134983
MARCOS CAVALCANTI,2024-11-23 15:56:37,22.7,12.4,-9.387706,-33.133615
MARCOS CAVALCANTI,2024-11-23 16:06:37,21.9,12.5,-9.355678,-33.120348
MARCOS CAVALCANTI,2024-11-23 16:08:57,21.5,12.4,-9.348091,-33.117215
MARCOS CAVALCANTI,2024-11-23 16:13:56,22.1,12.5,-9.33204,-33.110568
MARCOS CAVALCANTI,2024-11-23 16:40:57,23.3,12.6,-9.244715,-33.073818
MARCOS CAVALCANTI,2024-11-23 16:44:47,22.0,12.6,-9.232183,-33.068496
MARCOS CAVALCANTI,2024-11-23 16:49:47,23.3,12.6,-9.215958,-33.061415
MARCOS CAVALCANTI,2024-11-23 17:30:15,25.2,12.2,-9.088138,-33.002395
MARCOS CAVALCANTI,2024-11-23 17:32:16,25.4,12.3,-9.081873,-32.999428
MARCOS CAVALCANTI,2024-11-23 17:34:16,24.4,12.2,-9.075688,-32.996503
MARCOS CAVALCANTI,2024-11-23 17:34:25,25.7,12.3,-9.075281,-32.996306
MARCOS CAVALCANTI,2024-11-23 19:15:58,22.9,12.1,-8.760086,-32.855455
MARCOS CAVALCANTI,2024-11-23 20:06:47,22.4,12.0,-8.601278,-32.787176
MARCOS CAVALCANTI,2024-11-23 20:11:28,22.3,12.1,-8.586845,-32.780926
MARCOS CAVALCANTI,2024-11-23 20:13:48,22.9,12.1,-8.579541,-32.77784
MARCOS CAVALCANTI,2024-11-23 20:59:08,23.3,12.1,-8.439591,-32.717661
MARCOS CAVALCANTI,2024-11-23 20:59:28,23.5,12.1,-8.43856,-32.717218
MARCOS CAVALCANTI,2024-11-23 21:01:38,23.5,12.1,-8.431795,-32.7143
MARCOS CAVALCANTI,2024-11-23 21:04:18,23.0,12.0,-8.423475,-32.710746
MARCOS CAVALCANTI,2024-11-23 21:05:59,23.0,12.0,-8.41832,-32.708525
MARCOS CAVALCANTI,2024-11-23 21:30:38,23.3,12.0,-8.342143,-32.675585
MARCOS CAVALCANTI,2024-11-23 21:39:49,23.3,12.0,-8.313943,-32.663318
MARCOS CAVALCANTI,2024-11-23 21:42:38,23.2,12.0,-8.305275,-32.659508
MARCOS CAVALCANTI,2024-11-23 21:47:28,23.9,12.1,-8.290271,-32.652976
MARCOS CAVALCANTI,2024-11-23 21:49:48,23.9,12.1,-8.283075,-32.649795
MARCOS CAVALCANTI,2024-11-23 21:52:17,22.8,12.1,-8.27537,-32.646438
MARCOS CAVALCANTI,2024-11-23 21:56:58,23.4,12.0,-8.260951,-32.640101
MARCOS CAVALCANTI,2024-11-23 22:07:17,24.7,12.1,-8.229041,-32.626071
MARCOS CAVALCANTI,2024-11-23 22:09:47,23.7,12.1,-8.221268,-32.622628
MARCOS CAVALCANTI,2024-11-23 22:16:28,24.5,12.2,-8.200678,-32.613278
MARCOS CAVALCANTI,2024-11-23 22:18:58,24.4,12.2,-8.192951,-32.60967
MARCOS CAVALCANTI,2024-11-23 22:43:57,25.5,12.2,-8.11624,-32.573838
MARCOS CAVALCANTI,2024-11-23 22:47:28,24.8,12.1,-8.105501,-32.568731
MARCOS CAVALCANTI,2024-11-23 22:47:37,25.6,12.2,-8.104996,-32.56849
MARCOS CAVALCANTI,2024-11-23 22:50:39,24.9,12.2,-8.095635,-32.564168
MARCOS CAVALCANTI,2024-11-23 23:51:37,24.1,12.4,-7.905825,-32.476918
MARCOS CAVALCANTI,2024-11-24 00:24:17,23.8,12.4,-7.82546,-32.441738
MARCOS CAVALCANTI,2024-11-24 00:59:17,22.4,12.5,-7.690016,-32.383268
MARCOS CAVALCANTI,2024-11-24 01:03:17,22.4,12.5,-7.67728,-32.377755
MARCOS CAVALCANTI,2024-11-24 01:30:18,23.6,12.6,-7.590246,-32.340671
MARCOS CAVALCANTI,2024-11-24 01:43:07,22.8,12.5,-7.54914,-32.323005
MARCOS CAVALCANTI,2024-11-24 02:08:47,20.8,12.6,-7.465718,-32.288961
MARCOS CAVALCANTI,2024-11-24 02:11:07,20.9,12.6,-7.458128,-32.285986
MARCOS CAVALCANTI,2024-11-24 02:44:17,26.2,12.6,-7.349845,-32.242253
MARCOS CAVALCANTI,2024-11-24 02:48:19,25.8,12.6,-7.337133,-32.23611
MARCOS CAVALCANTI,2024-11-24 02:52:28,25.6,12.6,-7.323938,-32.229646
MARCOS CAVALCANTI,2024-11-24 03:18:08,24.4,12.4,-7.243135,-32.190646
MARCOS CAVALCANTI,2024-11-24 03:20:17,29.1,12.4,-7.236456,-32.187151
MARCOS CAVALCANTI,2024-11-24 03:26:38,27.3,12.4,-7.217108,-32.176606
MARCOS CAVALCANTI,2024-11-24 03:50:17,24.1,12.0,-7.157138,-32.123626
MARCOS CAVALCANTI,2024-11-24 03:52:26,19.9,12.1,-7.150398,-32.121076
MARCOS CAVALCANTI,2024-11-24 03:55:26,19.1,12.3,-7.140691,-32.117728
MARCOS CAVALCANTI,2024-11-24 03:57:37,19.8,12.4,-7.133571,-32.115218
MARCOS CAVALCANTI,2024-11-24 04:28:18,16.6,12.5,-7.031711,-32.08164
MARCOS CAVALCANTI,2024-11-24 04:31:39,17.2,12.5,-7.02054,-32.078221
MARCOS CAVALCANTI,2024-11-24 05:05:17,23.7,12.4,-6.91001,-32.040068
MARCOS CAVALCANTI,2024-11-24 07:05:08,25.3,12.6,-6.526508,-31.866076
MARCOS CAVALCANTI,2024-11-24 08:11:17,24.2,12.6,-6.316963,-31.768198
MARCOS CAVALCANTI,2024-11-24 08:32:39,25.4,12.5,-6.249035,-31.736346
MARCOS CAVALCANTI,2024-11-24 08:46:38,25.5,12.6,-6.20465,-31.715473
MARCOS CAVALCANTI,2024-11-24 08:51:08,25.3,12.7,-6.190263,-31.708695
MARCOS CAVALCANTI,2024-11-24 08:53:58,24.6,12.6,-6.1813,-31.70445
MARCOS CAVALCANTI,2024-11-24 09:21:07,22.7,12.5,-6.09384,-31.666328
MARCOS CAVALCANTI,2024-11-24 09:21:37,21.9,12.5,-6.092166,-31.66564
MARCOS CAVALCANTI,2024-11-24 09:24:27,21.6,12.5,-6.083026,-31.661895
MARCOS CAVALCANTI,2024-11-24 09:26:18,22.8,12.6,-6.077131,-31.659406
MARCOS CAVALCANTI,2024-11-24 09:26:48,22.7,12.6,-6.075463,-31.658706
MARCOS CAVALCANTI,2024-11-24 09:26:58,22.8,12.6,-6.07492,-31.658483
MARCOS CAVALCANTI,2024-11-24 09:29:57,22.4,12.5,-6.065291,-31.654438
MARCOS CAVALCANTI,2024-11-24 09:30:57,22.6,12.5,-6.06206,-31.65307
MARCOS CAVALCANTI,2024-11-24 09:52:47,22.8,12.6,-5.991251,-31.623508
MARCOS CAVALCANTI,2024-11-24 09:57:17,22.7,12.6,-5.976633,-31.617363
MARCOS CAVALCANTI,2024-11-24 10:09:18,21.5,12.7,-5.937618,-31.601001
MARCOS CAVALCANTI,2024-11-24 10:18:08,23.3,12.6,-5.908883,-31.588971
MARCOS CAVALCANTI,2024-11-24 10:31:28,23.4,12.6,-5.865513,-31.57082
MARCOS CAVALCANTI,2024-11-24 10:33:58,22.1,12.6,-5.8575,-31.567495
MARCOS CAVALCANTI,2024-11-24 10:36:08,23.4,12.7,-5.850385,-31.564513
MARCOS CAVALCANTI,2024-11-24 10:55:06,22.8,12.6,-5.788645,-31.539108
MARCOS CAVALCANTI,2024-11-24 11:07:07,21.9,12.7,-5.749708,-31.523073
MARCOS CAVALCANTI,2024-11-24 11:10:38,23.1,12.7,-5.73825,-31.51842
MARCOS CAVALCANTI,2024-11-24 11:19:58,22.4,12.7,-5.707703,-31.506086
MARCOS CAVALCANTI,2024-11-24 11:20:37,22.5,12.6,-5.705601,-31.505228
MARCOS CAVALCANTI,2024-11-24 11:20:58,22.5,12.6,-5.704526,-31.504786
MARCOS CAVALCANTI,2024-11-24 11:21:58,22.5,12.6,-5.701226,-31.503445
MARCOS CAVALCANTI,2024-11-24 11:22:46,21.7,12.6,-5.69864,-31.502396
MARCOS CAVALCANTI,2024-11-24 11:23:16,22.1,12.5,-5.696968,-31.50172
MARCOS CAVALCANTI,2024-11-24 11:24:46,23.0,12.5,-5.692161,-31.49969
MARCOS CAVALCANTI,2024-11-24 11:26:17,22.5,12.6,-5.687293,-31.497721
MARCOS CAVALCANTI,2024-11-24 11:43:07,22.5,12.4,-5.633013,-31.475431
MARCOS CAVALCANTI,2024-11-24 11:44:48,21.7,12.4,-5.627576,-31.473255
MARCOS CAVALCANTI,2024-11-24 12:53:17,23.1,12.3,-5.408691,-31.383648
MARCOS CAVALCANTI,2024-11-24 12:53:57,21.9,12.3,-5.40662,-31.38278
MARCOS CAVALCANTI,2024-11-24 12:54:17,22.3,12.3,-5.405563,-31.382335
MARCOS CAVALCANTI,2024-11-24 12:57:48,23.4,12.3,-5.394383,-31.377675
MARCOS CAVALCANTI,2024-11-24 13:58:18,24.4,12.4,-5.204251,-31.292648
MARCOS CAVALCANTI,2024-11-24 15:05:59,24.4,12.4,-4.991013,-31.194743
MARCOS CAVALCANTI,2024-11-24 15:09:19,23.6,12.4,-4.980415,-31.189966
MARCOS CAVALCANTI,2024-11-24 15:14:19,25.2,12.4,-4.964548,-31.182791
MARCOS CAVALCANTI,2024-11-24 15:40:08,24.6,12.4,-4.88296,-31.146228
MARCOS CAVALCANTI,2024-11-24 15:42:17,23.3,12.3,-4.876181,-31.143225
MARCOS CAVALCANTI,2024-11-24 15:49:28,23.6,12.3,-4.853486,-31.133141
MARCOS CAVALCANTI,2024-11-24 15:52:18,24.0,12.3,-4.844578,-31.129136
MARCOS CAVALCANTI,2024-11-24 16:07:45,24.2,12.4,-4.795691,-31.107328
MARCOS CAVALCANTI,2024-11-24 16:09:26,22.6,12.3,-4.790376,-31.104935
MARCOS CAVALCANTI,2024-11-24 16:09:35,24.9,12.4,-4.789906,-31.104715
MARCOS CAVALCANTI,2024-11-24 16:09:45,24.0,12.4,-4.789385,-31.104483
MARCOS CAVALCANTI,2024-11-24 16:10:05,24.5,12.4,-4.788331,-31.104
MARCOS CAVALCANTI,2024-11-24 16:11:55,24.1,12.4,-4.782596,-31.101411
MARCOS CAVALCANTI,2024-11-24 16:14:55,23.3,12.4,-4.773106,-31.097208
MARCOS CAVALCANTI,2024-11-24 16:15:26,24.4,12.4,-4.771475,-31.096458
MARCOS CAVALCANTI,2024-11-24 16:15:35,24.6,12.4,-4.770938,-31.096223
MARCOS CAVALCANTI,2024-11-24 16:16:26,23.9,12.4,-4.768225,-31.095031
MARCOS CAVALCANTI,2024-11-24 16:21:56,23.0,12.4,-4.750851,-31.087596
MARCOS CAVALCANTI,2025-01-15 00:07:58,223.3,12.8,-5.694816,-30.707793
MARCOS CAVALCANTI,2025-01-15 00:28:56,224.1,12.8,-5.749611,-30.75807
MARCOS CAVALCANTI,2025-01-15 00:29:27,221.0,12.7,-5.75099,-30.759298
MARCOS CAVALCANTI,2025-01-15 00:30:47,223.0,12.8,-5.754456,-30.762461
MARCOS CAVALCANTI,2025-01-15 00:31:37,223.5,12.7,-5.756675,-30.764486
MARCOS CAVALCANTI,2025-01-15 00:33:08,222.4,12.7,-5.760653,-30.768116
MARCOS CAVALCANTI,2025-01-15 00:33:18,221.4,12.8,-5.76109,-30.768513
MARCOS CAVALCANTI,2025-01-15 00:52:48,222.8,12.7,-5.81215,-30.814998
MARCOS CAVALCANTI,2025-01-15 00:54:58,222.7,12.6,-5.817758,-30.820161
MARCOS CAVALCANTI,2025-01-15 00:59:19,223.3,12.6,-5.829123,-30.830541
MARCOS CAVALCANTI,2025-01-15 01:03:08,221.8,12.6,-5.839128,-30.839731
MARCOS CAVALCANTI,2025-01-15 01:21:37,221.9,12.7,-5.887358,-30.883875
MARCOS CAVALCANTI,2025-01-15 01:23:06,222.4,12.7,-5.891325,-30.887483
MARCOS CAVALCANTI,2025-01-15 01:23:54,223.9,12.6,-5.89345,-30.889461
MARCOS CAVALCANTI,2025-01-15 01:26:19,221.3,12.6,-5.899636,-30.895111
MARCOS CAVALCANTI,2025-01-15 01:27:54,223.5,12.7,-5.903936,-30.89903
MARCOS CAVALCANTI,2025-01-15 01:43:58,222.8,12.7,-5.945535,-30.937905
MARCOS CAVALCANTI,2025-01-15 01:49:18,222.8,12.6,-5.959381,-30.950803
MARCOS CAVALCANTI,2025-01-15 01:52:58,223.1,12.7,-5.968806,-30.95967
MARCOS CAVALCANTI,2025-01-15 02:33:59,222.2,12.7,-6.075376,-31.058088
MARCOS CAVALCANTI,2025-01-15 02:36:07,222.0,12.6,-6.080921,-31.063163
MARCOS CAVALCANTI,2025-01-15 02:36:59,220.9,12.6,-6.08322,-31.065261
MARCOS CAVALCANTI,2025-01-15 02:38:47,222.0,12.5,-6.087895,-31.069531
MARCOS CAVALCANTI,2025-01-15 02:41:57,221.8,12.6,-6.096091,-31.077016
MARCOS CAVALCANTI,2025-01-15 02:43:57,224.1,12.5,-6.101281,-31.081783
MARCOS CAVALCANTI,2025-01-15 02:44:28,222.4,12.6,-6.102561,-31.08294
MARCOS CAVALCANTI,2025-01-15 02:49:49,221.5,12.6,-6.116383,-31.095526
MARCOS CAVALCANTI,2025-01-15 03:08:17,224.5,12.6,-6.163811,-31.139243
MARCOS CAVALCANTI,2025-01-15 03:13:47,223.9,12.5,-6.17778,-31.152445
MARCOS CAVALCANTI,2025-01-15 03:30:08,221.0,12.5,-6.219105,-31.191453
MARCOS CAVALCANTI,2025-01-15 03:32:38,222.7,12.4,-6.225433,-31.197426
MARCOS CAVALCANTI,2025-01-15 04:54:58,222.7,12.5,-6.43458,-31.391945
MARCOS CAVALCANTI,2025-01-15 04:59:48,224.2,12.5,-6.446891,-31.403311
MARCOS CAVALCANTI,2025-01-15 05:30:47,222.1,12.3,-6.526066,-31.475481
MARCOS CAVALCANTI,2025-01-15 06:01:27,223.6,12.2,-6.602353,-31.547161
MARCOS CAVALCANTI,2025-01-15 06:05:37,222.9,12.2,-6.612683,-31.556998
MARCOS CAVALCANTI,2025-01-15 06:39:18,223.1,12.4,-6.696875,-31.636398
MARCOS CAVALCANTI,2025-01-15 06:44:19,224.1,12.4,-6.709431,-31.648353
MARCOS CAVALCANTI,2025-01-15 07:13:57,222.2,12.5,-6.784736,-31.718521
MARCOS CAVALCANTI,2025-01-15 07:17:29,221.4,12.6,-6.793908,-31.726736
MARCOS CAVALCANTI,2025-01-15 07:20:37,222.6,12.6,-6.80205,-31.734021
MARCOS CAVALCANTI,2025-01-15 07:23:09,220.9,12.6,-6.808628,-31.739936
MARCOS CAVALCANTI,2025-01-15 07:48:39,222.5,12.6,-6.875135,-31.799331
MARCOS CAVALCANTI,2025-01-15 07:53:27,221.4,12.5,-6.887681,-31.81053
MARCOS CAVALCANTI,2025-01-15 07:55:37,220.1,12.4,-6.893315,-31.815578
MARCOS CAVALCANTI,2025-01-15 08:23:18,221.0,12.4,-6.965066,-31.879831
MARCOS CAVALCANTI,2025-01-15 08:28:58,221.8,12.4,-6.979718,-31.892861
MARCOS CAVALCANTI,2025-01-15 10:51:48,224.0,12.1,-7.33876,-32.225846
MARCOS CAVALCANTI,2025-01-15 10:54:26,199.5,11.6,-7.346276,-32.230265
MARCOS CAVALCANTI,2025-01-15 10:54:48,200.1,11.8,-7.347341,-32.230653
MARCOS CAVALCANTI,2025-01-15 10:55:18,197.6,11.6,-7.348881,-32.231195
MARCOS CAVALCANTI,2025-01-15 10:55:48,200.3,11.7,-7.350486,-32.23177
MARCOS CAVALCANTI,2025-01-15 11:31:58,203.3,12.1,-7.462668,-32.277858
MARCOS CAVALCANTI,2025-01-15 11:40:36,205.7,12.3,-7.489306,-32.289598
MARCOS CAVALCANTI,2025-01-15 12:00:38,204.4,12.0,-7.5507,-32.316773
MARCOS CAVALCANTI,2025-01-15 12:08:28,203.1,12.1,-7.574713,-32.327403
MARCOS CAVALCANTI,2025-01-15 13:13:36,203.3,12.1,-7.774991,-32.415843
MARCOS CAVALCANTI,2025-01-15 13:13:47,204.1,12.1,-7.775498,-32.416078
MARCOS CAVALCANTI,2025-01-15 13:15:57,206.7,12.1,-7.782153,-32.41905
MARCOS CAVALCANTI,2025-01-15 13:19:07,203.4,12.0,-7.791876,-32.42341
MARCOS CAVALCANTI,2025-01-15 13:21:28,203.9,12.1,-7.799041,-32.42662
MARCOS CAVALCANTI,2025-01-15 13:21:36,203.6,12.1,-7.799493,-32.426815
MARCOS CAVALCANTI,2025-01-15 13:25:28,203.0,12.0,-7.811313,-32.432158
MARCOS CAVALCANTI,2025-01-15 13:28:17,205.0,12.1,-7.81998,-32.436025
MARCOS CAVALCANTI,2025-01-15 13:40:59,201.7,12.0,-7.858968,-32.453018
MARCOS CAVALCANTI,2025-01-15 13:44:09,203.8,12.1,-7.868756,-32.457058
MARCOS CAVALCANTI,2025-01-15 13:47:37,202.1,12.0,-7.879548,-32.461491
MARCOS CAVALCANTI,2025-01-15 13:50:37,202.5,12.0,-7.888846,-32.465328
MARCOS CAVALCANTI,2025-01-15 14:05:16,201.9,12.0,-7.93429,-32.484076
MARCOS CAVALCANTI,2025-01-15 14:14:28,201.4,12.1,-7.963031,-32.495958
MARCOS CAVALCANTI,2025-01-15 14:17:37,203.6,12.2,-7.972933,-32.50005
MARCOS CAVALCANTI,2025-01-15 15:02:07,204.7,12.1,-8.110921,-32.558343
MARCOS CAVALCANTI,2025-01-15 15:06:07,203.5,12.1,-8.12332,-32.56371
MARCOS CAVALCANTI,2025-01-15 15:09:18,202.5,12.1,-8.133158,-32.567956
MARCOS CAVALCANTI,2025-01-15 15:54:39,203.7,11.9,-8.272643,-32.627898
MARCOS CAVALCANTI,2025-01-15 15:59:20,204.8,11.9,-8.313006,-32.645021
MARCOS CAVALCANTI,2025-01-15 16:00:01,201.9,12.0,-8.315123,-32.645901
MARCOS CAVALCANTI,2025-01-15 16:00:10,202.6,11.9,-8.31559,-32.646095
MARCOS CAVALCANTI,2025-01-15 16:00:20,203.6,11.9,-8.316103,-32.646311
MARCOS CAVALCANTI,2025-01-15 16:01:01,203.3,11.9,-8.31816,-32.647176
MARCOS CAVALCANTI,2025-01-15 16:01:41,202.6,11.9,-8.320271,-32.64806
MARCOS CAVALCANTI,2025-01-15 16:01:51,203.0,12.0,-8.320786,-32.648268
MARCOS CAVALCANTI,2025-01-15 16:02:01,202.8,11.8,-8.32124,-32.648465
MARCOS CAVALCANTI,2025-01-15 16:02:10,204.6,12.0,-8.321701,-32.648663
MARCOS CAVALCANTI,2025-01-15 16:02:51,203.0,12.0,-8.323826,-32.649586
MARCOS CAVALCANTI,2025-01-15 16:03:31,202.2,11.9,-8.325858,-32.650438
MARCOS CAVALCANTI,2025-01-15 16:04:22,202.6,12.0,-8.328433,-32.651513
MARCOS CAVALCANTI,2025-01-15 18:30:47,202.0,12.1,-8.756626,-32.828978
MARCOS CAVALCANTI,2025-01-15 18:31:48,201.2,11.9,-8.759751,-32.830231
MARCOS CAVALCANTI,2025-01-15 18:36:28,202.0,12.0,-8.774273,-32.835945
MARCOS CAVALCANTI,2025-01-15 18:38:38,201.7,11.8,-8.780913,-32.838573
MARCOS CAVALCANTI,2025-01-15 19:05:29,203.7,11.9,-8.863486,-32.871705
MARCOS CAVALCANTI,2025-01-15 19:08:46,201.9,11.9,-8.87355,-32.876138
MARCOS CAVALCANTI,2025-01-15 19:50:29,206.2,11.8,-8.99742,-32.935756
MARCOS CAVALCANTI,2025-01-15 20:13:48,204.1,11.8,-9.067118,-32.968483
MARCOS CAVALCANTI,2025-01-15 20:16:49,203.7,11.9,-9.076188,-32.972438
MARCOS CAVALCANTI,2025-01-15 20:45:48,204.4,11.9,-9.164208,-33.010936
MARCOS CAVALCANTI,2025-01-15 20:48:06,203.1,12.0,-9.17119,-33.01398
MARCOS CAVALCANTI,2025-01-15 20:50:27,201.9,11.9,-9.178368,-33.017113
MARCOS CAVALCANTI,2025-01-15 20:57:57,203.0,11.8,-9.201256,-33.027231
MARCOS CAVALCANTI,2025-01-15 21:29:49,204.4,12.0,-9.298448,-33.070846
MARCOS CAVALCANTI,2025-01-15 21:32:18,204.4,12.0,-9.306056,-33.074276
MARCOS CAVALCANTI,2025-01-15 23:00:09,202.1,12.2,-9.578933,-33.188091
MARCOS CAVALCANTI,2025-01-15 23:50:38,202.6,12.1,-9.737635,-33.254058
MARCOS CAVALCANTI,2025-01-15 23:55:18,202.6,12.2,-9.752311,-33.26014
MARCOS CAVALCANTI,2025-01-16 00:10:37,203.1,12.2,-9.800613,-33.280121
MARCOS CAVALCANTI,2025-01-16 00:12:27,202.6,12.2,-9.806421,-33.282523
MARCOS CAVALCANTI,2025-01-16 00:15:17,202.9,12.3,-9.815386,-33.286235
MARCOS CAVALCANTI,2025-01-16 00:46:47,201.7,12.2,-9.91563,-33.327256
MARCOS CAVALCANTI,2025-01-16 00:47:07,202.3,12.2,-9.916686,-33.327693
MARCOS CAVALCANTI,2025-01-16 00:47:47,200.7,12.2,-9.918806,-33.32855
MARCOS CAVALCANTI,2025-01-16 00:47:48,200.7,12.2,-9.918806,-33.32855
MARCOS CAVALCANTI,2025-01-16 00:49:16,202.0,12.3,-9.92357,-33.330481
MARCOS CAVALCANTI,2025-01-16 00:49:37,202.2,12.1,-9.924625,-33.33092
MARCOS CAVALCANTI,2025-01-16 00:49:47,202.5,12.1,-9.925153,-33.331138
MARCOS CAVALCANTI,2025-01-16 00:51:16,201.9,12.2,-9.929885,-33.333103
MARCOS CAVALCANTI,2025-01-16 00:52:07,201.9,12.3,-9.93251,-33.334218
MARCOS CAVALCANTI,2025-01-16 00:52:08,201.9,12.3,-9.93251,-33.334218
MARCOS CAVALCANTI,2025-01-16 01:33:28,202.4,12.4,-10.063365,-33.38996
MARCOS CAVALCANTI,2025-01-16 01:36:27,203.1,12.3,-10.072843,-33.394095
MARCOS CAVALCANTI,2025-01-16 01:38:49,203.7,12.3,-10.080255,-33.397326
MARCOS CAVALCANTI,2025-01-16 01:45:09,202.8,12.4,-10.10028,-33.406071
MARCOS CAVALCANTI,2025-01-16 01:51:48,203.0,12.3,-10.121231,-33.415365
MARCOS CAVALCANTI,2025-01-16 02:05:28,202.5,12.3,-10.164026,-33.434418
MARCOS CAVALCANTI,2025-01-16 02:09:09,203.4,12.2,-10.175526,-33.439528
MARCOS CAVALCANTI,2025-01-16 02:11:27,204.1,12.2,-10.18274,-33.442733
MARCOS CAVALCANTI,2025-01-16 02:15:38,203.3,12.2,-10.195743,-33.448505
MARCOS CAVALCANTI,2025-01-16 02:25:57,204.7,12.2,-10.227913,-33.46275
MARCOS CAVALCANTI,2025-01-16 03:30:08,202.3,12.0,-10.425236,-33.549041
MARCOS CAVALCANTI,2025-01-16 03:33:17,203.8,12.0,-10.434923,-33.553233
MARCOS CAVALCANTI,2025-01-16 03:55:18,203.2,12.1,-10.502865,-33.582403
MARCOS CAVALCANTI,2025-01-16 03:56:18,203.1,12.1,-10.505955,-33.583743
MARCOS CAVALCANTI,2025-01-16 04:36:38,201.8,12.0,-10.631878,-33.636418
MARCOS CAVALCANTI,2025-01-16 05:08:17,202.5,11.9,-10.73033,-33.677118
MARCOS CAVALCANTI,2025-01-16 06:13:57,202.2,12.0,-10.936448,-33.762383
MARCOS CAVALCANTI,2025-01-16 06:16:29,201.9,12.1,-10.944348,-33.765675
MARCOS CAVALCANTI,2025-01-16 06:22:57,204.9,12.0,-10.964395,-33.774051
MARCOS CAVALCANTI,2025-01-16 06:46:37,204.8,11.9,-11.035796,-33.807796
MARCOS CAVALCANTI,2025-01-16 06:50:07,204.9,11.9,-11.046306,-33.812853
MARCOS CAVALCANTI,2025-01-16 06:53:07,205.4,11.8,-11.0552,-33.817161
MARCOS CAVALCANTI,2025-01-16 07:02:17,206.7,12.1,-11.082818,-33.830473
MARCOS CAVALCANTI,2025-01-16 07:21:27,206.4,12.0,-11.140693,-33.858405
MARCOS CAVALCANTI,2025-01-16 07:24:27,205.3,12.0,-11.149735,-33.862771
MARCOS CAVALCANTI,2025-01-16 08:33:58,201.0,12.0,-11.365941,-33.948358
MARCOS CAVALCANTI,2025-01-16 08:39:29,201.6,12.0,-11.383086,-33.95523
MARCOS CAVALCANTI,2025-01-16 08:42:29,201.1,12.0,-11.392405,-33.958956
MARCOS CAVALCANTI,2025-01-16 08:46:37,201.7,12.1,-11.405331,-33.96413
MARCOS CAVALCANTI,2025-01-16 08:48:48,201.9,12.0,-11.412126,-33.966838
MARCOS CAVALCANTI,2025-01-16 10:32:48,204.4,12.1,-11.733271,-34.109021
MARCOS CAVALCANTI,2025-01-16 10:41:56,204.2,12.0,-11.761446,-34.121815
MARCOS CAVALCANTI,2025-01-16 10:59:56,204.4,12.1,-11.816645,-34.147318
MARCOS CAVALCANTI,2025-01-16 11:02:27,204.4,12.1,-11.82443,-34.150926
MARCOS CAVALCANTI,2025-01-16 12:12:57,201.8,12.0,-12.042423,-34.246703
MARCOS CAVALCANTI,2025-01-16 12:13:48,202.0,12.2,-12.045055,-34.247778
MARCOS CAVALCANTI,2025-01-16 12:14:46,202.4,12.1,-12.048121,-34.249026
MARCOS CAVALCANTI,2025-01-16 12:19:46,201.9,12.2,-12.063691,-34.255436
MARCOS CAVALCANTI,2025-01-16 12:22:07,202.4,12.2,-12.071038,-34.258465
MARCOS CAVALCANTI,2025-01-16 12:35:57,202.7,12.1,-12.11412,-34.276343
MARCOS CAVALCANTI,2025-01-16 12:37:07,203.3,12.2,-12.117755,-34.27788
MARCOS CAVALCANTI,2025-01-16 12:39:07,203.0,12.3,-12.12403,-34.28053
MARCOS CAVALCANTI,2025-01-16 12:39:18,202.7,12.2,-12.124718,-34.280815
MARCOS CAVALCANTI,2025-01-16 12:39:27,202.9,12.3,-12.125138,-34.280993
MARCOS CAVALCANTI,2025-01-16 12:39:38,202.5,12.2,-12.125711,-34.281238
MARCOS CAVALCANTI,2025-01-16 12:41:58,202.6,12.2,-12.133041,-34.284351
MARCOS CAVALCANTI,2025-01-16 12:48:08,203.5,12.2,-12.152438,-34.292673
MARCOS CAVALCANTI,2025-01-16 13:12:28,203.1,12.4,-12.229448,-34.325985
MARCOS CAVALCANTI,2025-01-16 13:17:07,203.1,12.4,-12.24431,-34.33236
MARCOS CAVALCANTI,2025-01-16 14:02:47,201.2,12.6,-12.390871,-34.394135
MARCOS CAVALCANTI,2025-01-16 14:07:37,201.8,12.6,-12.406608,-34.400666
MARCOS CAVALCANTI,2025-01-16 14:54:19,202.1,12.5,-12.558273,-34.463906
MARCOS CAVALCANTI,2025-01-16 14:56:59,202.8,12.4,-12.566853,-34.467416
MARCOS CAVALCANTI,2025-01-16 15:00:08,202.7,12.4,-12.576923,-34.47163
MARCOS CAVALCANTI,2025-01-16 15:02:39,201.5,12.3,-12.585046,-34.474988
MARCOS CAVALCANTI,2025-01-16 15:43:28,204.6,12.3,-12.714476,-34.530103
MARCOS CAVALCANTI,2025-01-16 15:48:48,205.7,12.4,-12.731051,-34.538123
MARCOS CAVALCANTI,2025-01-16 16:10:46,207.2,12.3,-12.824356,-34.585646
MARCOS CAVALCANTI,2025-01-16 16:11:26,206.6,12.3,-12.826406,-34.586698
MARCOS CAVALCANTI,2025-01-16 16:12:26,207.3,12.3,-12.829421,-34.588305
MARCOS CAVALCANTI,2025-01-16 16:12:46,206.9,12.3,-12.830545,-34.588885
MARCOS CAVALCANTI,2025-01-16 16:13:46,207.3,12.2,-12.833521,-34.590411
MARCOS CAVALCANTI,2025-01-16 16:14:56,206.1,12.3,-12.837066,-34.59226
MARCOS CAVALCANTI,2025-01-16 17:32:18,203.7,11.9,-13.049226,-34.690115
MARCOS CAVALCANTI,2025-01-16 17:34:28,203.9,12.0,-13.055728,-34.693108
MARCOS CAVALCANTI,2025-01-16 17:38:48,204.8,11.9,-13.069005,-34.699141
MARCOS CAVALCANTI,2025-01-16 19:16:46,200.7,12.0,-13.373815,-34.829101
MARCOS CAVALCANTI,2025-01-16 19:44:48,200.6,12.1,-13.461705,-34.863575
MARCOS CAVALCANTI,2025-01-16 19:48:58,200.6,12.1,-13.474676,-34.868588
MARCOS CAVALCANTI,2025-01-16 19:54:58,200.7,12.0,-13.493553,-34.87598
MARCOS CAVALCANTI,2025-01-16 19:59:08,201.0,12.0,-13.506693,-34.881083
MARCOS CAVALCANTI,2025-01-16 20:27:49,200.8,12.2,-13.596821,-34.916595
MARCOS CAVALCANTI,2025-01-16 20:30:38,201.2,12.1,-13.605713,-34.920125
MARCOS CAVALCANTI,2025-01-16 20:34:08,200.2,12.1,-13.616791,-34.924425
MARCOS CAVALCANTI,2025-01-16 20:58:39,201.6,12.3,-13.694683,-34.954965
MARCOS CAVALCANTI,2025-01-16 21:02:47,200.6,12.3,-13.707786,-34.960183
MARCOS CAVALCANTI,2025-01-16 21:59:39,203.8,12.1,-13.883775,-35.039661
MARCOS CAVALCANTI,2025-01-16 23:41:57,204.3,12.2,-14.201296,-35.184326
MARCOS CAVALCANTI,2025-01-16 23:48:37,204.7,12.2,-14.221956,-35.193848
MARCOS CAVALCANTI,2025-01-16 23:53:26,203.2,12.1,-14.236988,-35.200653
MARCOS CAVALCANTI,2025-01-17 00:10:27,204.5,12.1,-14.28949,-35.22459
MARCOS CAVALCANTI,2025-01-17 00:11:27,205.0,12.0,-14.292616,-35.226041
MARCOS CAVALCANTI,2025-01-17 00:11:37,204.7,12.1,-14.293128,-35.226285
MARCOS CAVALCANTI,2025-01-17 00:11:58,204.4,12.1,-14.294138,-35.226766
MARCOS CAVALCANTI,2025-01-17 00:12:17,203.3,12.0,-14.295106,-35.227208
MARCOS CAVALCANTI,2025-01-17 00:12:36,203.4,12.0,-14.29608,-35.227643
MARCOS CAVALCANTI,2025-01-17 00:12:58,203.0,12.0,-14.297225,-35.228135
MARCOS CAVALCANTI,2025-01-17 00:14:47,202.2,12.1,-14.302936,-35.23052
MARCOS CAVALCANTI,2025-01-17 00:15:36,202.3,12.1,-14.30543,-35.231566
MARCOS CAVALCANTI,2025-01-17 00:15:47,202.2,12.1,-14.306,-35.231806
MARCOS CAVALCANTI,2025-01-17 00:15:57,202.3,12.1,-14.306521,-35.232026
MARCOS CAVALCANTI,2025-01-17 00:35:38,202.8,12.2,-14.368376,-35.25852
MARCOS CAVALCANTI,2025-01-17 00:46:29,202.8,12.3,-14.402703,-35.27298
MARCOS CAVALCANTI,2025-01-17 01:20:18,201.3,12.3,-14.510976,-35.317498
MARCOS CAVALCANTI,2025-01-17 01:27:49,200.8,12.4,-14.535183,-35.327168
MARCOS CAVALCANTI,2025-01-17 01:47:06,202.6,12.4,-14.596701,-35.353878
MARCOS CAVALCANTI,2025-01-17 01:47:27,202.6,12.3,-14.597825,-35.354368
MARCOS CAVALCANTI,2025-01-17 01:49:16,202.8,12.4,-14.603613,-35.35687
MARCOS CAVALCANTI,2025-01-17 02:20:37,202.2,12.3,-14.703026,-35.399305
MARCOS CAVALCANTI,2025-01-17 02:21:27,202.4,12.3,-14.70568,-35.400415
MARCOS CAVALCANTI,2025-01-17 02:29:38,201.8,12.4,-14.731723,-35.411253
MARCOS CAVALCANTI,2025-01-17 02:32:07,201.4,12.4,-14.739651,-35.414523
MARCOS CAVALCANTI,2025-01-17 02:35:57,201.8,12.4,-14.751903,-35.419553
MARCOS CAVALCANTI,2025-01-17 02:54:37,201.7,12.3,-14.8113,-35.443768
MARCOS CAVALCANTI,2025-01-17 02:58:27,201.4,12.3,-14.823486,-35.448871
MARCOS CAVALCANTI,2025-01-17 03:01:08,201.6,12.3,-14.832018,-35.452385
MARCOS CAVALCANTI,2025-01-17 03:03:27,201.6,12.3,-14.839405,-35.45543
MARCOS CAVALCANTI,2025-01-17 03:28:58,203.1,12.2,-14.919395,-35.490348
MARCOS CAVALCANTI,2025-01-17 03:33:48,203.1,12.2,-14.934546,-35.496945
MARCOS CAVALCANTI,2025-01-17 04:10:39,203.9,12.1,-15.049176,-35.547856
MARCOS CAVALCANTI,2025-01-17 04:17:57,203.2,12.2,-15.071878,-35.55801
MARCOS CAVALCANTI,2025-01-17 04:37:57,204.2,12.1,-15.133875,-35.586415
MARCOS CAVALCANTI,2025-01-17 04:40:57,204.3,12.1,-15.143128,-35.590711
MARCOS CAVALCANTI,2025-01-17 04:42:18,204.8,12.2,-15.147258,-35.592613
MARCOS CAVALCANTI,2025-01-17 05:14:57,204.6,11.8,-15.246628,-35.639638
MARCOS CAVALCANTI,2025-01-17 05:16:58,205.1,11.8,-15.252575,-35.642538
MARCOS CAVALCANTI,2025-01-17 05:21:58,205.1,11.8,-15.267535,-35.64968
MARCOS CAVALCANTI,2025-01-17 05:51:29,202.6,11.8,-15.356376,-35.688771
MARCOS CAVALCANTI,2025-01-17 05:54:29,202.4,11.7,-15.365465,-35.692601
MARCOS CAVALCANTI,2025-01-17 06:18:28,202.8,11.7,-15.438063,-35.723388
MARCOS CAVALCANTI,2025-01-17 06:25:27,202.4,11.7,-15.459031,-35.732475
MARCOS CAVALCANTI,2025-01-17 06:55:38,204.4,11.5,-15.548523,-35.772708
MARCOS CAVALCANTI,2025-01-17 06:58:38,203.8,11.5,-15.557326,-35.776801
MARCOS CAVALCANTI,2025-01-17 07:04:39,204.7,11.6,-15.57491,-35.785126
MARCOS CAVALCANTI,2025-01-17 07:29:19,204.5,11.6,-15.64755,-35.818778
MARCOS CAVALCANTI,2025-01-17 08:08:28,202.7,11.7,-15.76378,-35.871601
MARCOS CAVALCANTI,2025-01-17 09:31:47,199.8,11.8,-16.018025,-35.974195
MARCOS CAVALCANTI,2025-01-17 09:33:56,200.1,11.8,-16.024706,-35.976683
MARCOS CAVALCANTI,2025-01-17 09:57:48,199.7,11.7,-16.098305,-36.004195
MARCOS CAVALCANTI,2025-01-17 10:00:08,200.0,11.7,-16.105391,-36.006838
MARCOS CAVALCANTI,2025-01-17 10:02:38,199.8,11.6,-16.113118,-36.009723
MARCOS CAVALCANTI,2025-01-17 10:53:07,204.0,11.8,-16.2642,-36.079351
MARCOS CAVALCANTI,2025-01-17 11:12:56,203.3,11.9,-16.324438,-36.106431
MARCOS CAVALCANTI,2025-01-17 11:13:17,203.2,11.9,-16.325453,-36.106875
MARCOS CAVALCANTI,2025-01-17 11:15:56,203.0,11.9,-16.33361,-36.110506
MARCOS CAVALCANTI,2025-01-17 11:18:37,202.8,12.0,-16.341723,-36.11412
MARCOS CAVALCANTI,2025-01-17 11:20:58,202.7,12.0,-16.348953,-36.117255
MARCOS CAVALCANTI,2025-01-17 11:42:59,202.4,12.1,-16.417133,-36.146551
MARCOS CAVALCANTI,2025-01-17 11:46:58,202.4,12.1,-16.429553,-36.151791
MARCOS CAVALCANTI,2025-01-17 11:56:37,201.8,12.1,-16.459798,-36.164546
MARCOS CAVALCANTI,2025-01-17 11:57:37,201.8,12.1,-16.462883,-36.165788
MARCOS CAVALCANTI,2025-01-17 11:57:48,201.7,12.1,-16.463461,-36.166028
MARCOS CAVALCANTI,2025-01-17 11:57:56,202.0,12.1,-16.463881,-36.166206
MARCOS CAVALCANTI,2025-01-17 11:58:48,201.6,12.2,-16.466611,-36.167345
MARCOS CAVALCANTI,2025-01-17 11:59:48,202.0,12.2,-16.46974,-36.168648
MARCOS CAVALCANTI,2025-01-17 12:30:07,201.7,12.1,-16.564793,-36.207563
MARCOS CAVALCANTI,2025-01-17 13:00:09,201.2,12.2,-16.659258,-36.246311
MARCOS CAVALCANTI,2025-01-17 13:06:28,201.7,12.2,-16.679385,-36.254408
MARCOS CAVALCANTI,2025-01-17 13:29:29,201.4,12.2,-16.752393,-36.284535
MARCOS CAVALCANTI,2025-01-17 14:01:49,204.6,12.0,-16.852781,-36.329963
MARCOS CAVALCANTI,2025-01-17 14:48:37,204.0,12.2,-16.995836,-36.398283
MARCOS CAVALCANTI,2025-01-17 14:51:07,204.7,12.1,-17.003508,-36.401963
MARCOS CAVALCANTI,2025-01-17 15:36:09,206.3,12.3,-17.141461,-36.470581
MARCOS CAVALCANTI,2025-01-17 15:43:08,205.0,12.4,-17.163131,-36.481521
MARCOS CAVALCANTI,2025-01-17 16:33:24,203.0,12.7,-17.324276,-36.556528
MARCOS CAVALCANTI,2025-01-17 16:33:45,202.2,12.7,-17.325428,-36.557023
MARCOS CAVALCANTI,2025-01-17 16:34:16,203.2,12.7,-17.327121,-36.557753
MARCOS CAVALCANTI,2025-01-17 16:36:16,202.6,12.7,-17.333706,-36.56058
MARCOS CAVALCANTI,2025-01-17 16:36:26,202.8,12.8,-17.334255,-36.560815
MARCOS CAVALCANTI,2025-01-17 16:36:35,202.1,12.8,-17.334748,-36.56102
MARCOS CAVALCANTI,2025-01-17 16:36:46,202.0,12.8,-17.335353,-36.561278
MARCOS CAVALCANTI,2025-01-17 16:37:46,202.4,12.8,-17.338645,-36.562686
MARCOS CAVALCANTI,2025-01-17 16:38:26,202.7,12.8,-17.340846,-36.563648
MARCOS CAVALCANTI,2025-01-17 16:39:16,203.2,12.8,-17.343601,-36.564858
MARCOS CAVALCANTI,2025-01-17 16:39:26,202.8,12.8,-17.344151,-36.565095
MARCOS CAVALCANTI,2025-01-17 18:19:17,202.2,12.7,-17.66811,-36.708683
MARCOS CAVALCANTI,2025-01-17 18:53:28,201.1,12.4,-17.779113,-36.755686
MARCOS CAVALCANTI,2025-01-17 19:26:08,200.8,12.4,-17.884928,-36.798688
MARCOS CAVALCANTI,2025-01-17 19:32:48,199.8,12.4,-17.906658,-36.807168
MARCOS CAVALCANTI,2025-01-17 19:54:37,203.8,12.5,-17.977201,-36.836138
MARCOS CAVALCANTI,2025-01-17 19:57:57,203.4,12.5,-17.987903,-36.841001
MARCOS CAVALCANTI,2025-01-17 20:00:28,204.4,12.5,-17.995946,-36.844745
MARCOS CAVALCANTI,2025-01-17 20:03:27,203.5,12.5,-18.005443,-36.84911
MARCOS CAVALCANTI,2025-01-17 20:30:08,207.8,12.5,-18.088496,-36.892848
MARCOS CAVALCANTI,2025-01-17 20:33:48,207.8,12.5,-18.099683,-36.899115
MARCOS CAVALCANTI,2025-01-17 20:36:29,208.7,12.5,-18.107921,-36.903691
MARCOS CAVALCANTI,2025-01-17 20:43:09,209.4,12.5,-18.128238,-36.915298
MARCOS CAVALCANTI,2025-01-17 20:58:48,208.8,12.5,-18.176041,-36.942808
MARCOS CAVALCANTI,2025-01-17 21:01:19,208.4,12.5,-18.183771,-36.947266
MARCOS CAVALCANTI,2025-01-17 21:07:08,209.2,12.5,-18.201591,-36.957431
MARCOS CAVALCANTI,2025-01-17 21:10:08,209.7,12.5,-18.210685,-36.962773
MARCOS CAVALCANTI,2025-01-17 21:14:59,209.2,12.5,-18.225373,-36.971331
MARCOS CAVALCANTI,2025-01-17 21:17:17,208.9,12.5,-18.232395,-36.975391
MARCOS CAVALCANTI,2025-01-17 21:53:08,208.6,12.5,-18.342146,-37.038526
MARCOS CAVALCANTI,2025-01-17 22:38:47,208.5,12.5,-18.482043,-37.117801
MARCOS CAVALCANTI,2025-01-17 22:41:28,208.6,12.5,-18.49016,-37.122448
MARCOS CAVALCANTI,2025-01-17 22:43:59,209.4,12.5,-18.497968,-37.126878
MARCOS CAVALCANTI,2025-01-17 22:46:38,208.9,12.5,-18.50603,-37.131601
MARCOS CAVALCANTI,2025-01-17 22:49:08,208.0,12.5,-18.513705,-37.136026
MARCOS CAVALCANTI,2025-01-17 23:34:09,208.7,12.8,-18.651601,-37.218378
MARCOS CAVALCANTI,2025-01-17 23:38:48,209.1,12.8,-18.665981,-37.226815
MARCOS CAVALCANTI,2025-01-18 00:22:08,208.4,12.7,-18.800168,-37.304988
MARCOS CAVALCANTI,2025-01-18 00:24:37,208.6,12.6,-18.807976,-37.309406
MARCOS CAVALCANTI,2025-01-18 00:28:57,208.9,12.6,-18.82138,-37.317008
MARCOS CAVALCANTI,2025-01-18 00:33:17,208.1,12.6,-18.834835,-37.324685
MARCOS CAVALCANTI,2025-01-18 01:07:27,208.3,12.9,-18.941913,-37.38542
MARCOS CAVALCANTI,2025-01-18 01:07:37,208.2,12.9,-18.9425,-37.385746
MARCOS CAVALCANTI,2025-01-18 01:08:27,208.2,12.9,-18.945145,-37.387228
MARCOS CAVALCANTI,2025-01-18 01:09:27,208.0,12.9,-18.948321,-37.389
MARCOS CAVALCANTI,2025-01-18 01:11:47,208.6,12.9,-18.955666,-37.393226
MARCOS CAVALCANTI,2025-01-18 01:27:47,208.5,12.9,-19.00658,-37.42186
MARCOS CAVALCANTI,2025-01-18 01:34:27,207.9,12.8,-19.027588,-37.433726
MARCOS CAVALCANTI,2025-01-18 01:49:47,208.2,12.7,-19.07575,-37.460693
MARCOS CAVALCANTI,2025-01-18 01:54:48,207.8,12.8,-19.091533,-37.469503
MARCOS CAVALCANTI,2025-01-18 02:00:48,207.8,13.0,-19.110576,-37.480126
MARCOS CAVALCANTI,2025-01-18 02:02:58,207.6,13.0,-19.117501,-37.483871
MARCOS CAVALCANTI,2025-01-18 02:10:39,206.7,13.2,-19.142491,-37.497423
MARCOS CAVALCANTI,2025-01-18 02:28:49,206.4,13.3,-19.20228,-37.529266
MARCOS CAVALCANTI,2025-01-18 02:31:08,205.6,13.3,-19.210056,-37.533271
MARCOS CAVALCANTI,2025-01-18 03:08:06,208.9,13.3,-19.331448,-37.599101
MARCOS CAVALCANTI,2025-01-18 03:18:37,207.6,13.4,-19.365961,-37.61852
MARCOS CAVALCANTI,2025-01-18 03:43:39,209.2,13.1,-19.44645,-37.66492
MARCOS CAVALCANTI,2025-01-18 03:47:27,210.2,13.1,-19.45858,-37.672183
MARCOS CAVALCANTI,2025-01-18 04:18:47,209.7,13.0,-19.557756,-37.731235
MARCOS CAVALCANTI,2025-01-18 04:21:17,209.6,13.0,-19.565718,-37.735948
MARCOS CAVALCANTI,2025-01-18 04:45:09,209.5,12.8,-19.640505,-37.77993
MARCOS CAVALCANTI,2025-01-18 04:48:36,210.0,12.8,-19.651271,-37.786378
MARCOS CAVALCANTI,2025-01-18 04:50:47,211.6,12.8,-19.657908,-37.79052
MARCOS CAVALCANTI,2025-01-18 05:01:57,211.0,12.5,-19.691918,-37.811601
MARCOS CAVALCANTI,2025-01-18 05:18:47,211.2,12.3,-19.741795,-37.843516
MARCOS CAVALCANTI,2025-01-18 05:21:47,212.3,12.2,-19.750541,-37.849151
MARCOS CAVALCANTI,2025-01-18 05:24:49,210.7,12.2,-19.759375,-37.854946
MARCOS CAVALCANTI,2025-01-18 05:24:57,210.6,12.1,-19.759773,-37.8552
MARCOS CAVALCANTI,2025-01-18 05:55:36,209.3,12.3,-19.850378,-37.908755
MARCOS CAVALCANTI,2025-01-18 06:00:36,210.3,12.3,-19.865195,-37.917688
MARCOS CAVALCANTI,2025-01-18 06:31:17,206.5,12.3,-19.958875,-37.969841
MARCOS CAVALCANTI,2025-01-18 08:28:37,209.3,12.4,-20.312961,-38.162636
MARCOS CAVALCANTI,2025-01-18 08:32:58,209.2,12.4,-20.326055,-38.170405
MARCOS CAVALCANTI,2025-01-18 09:00:17,209.4,12.6,-20.408701,-38.219676
MARCOS CAVALCANTI,2025-01-18 10:11:37,209.4,12.7,-20.630746,-38.351228
MARCOS CAVALCANTI,2025-01-18 10:18:48,208.5,12.6,-20.65292,-38.364281
MARCOS CAVALCANTI,2025-01-18 10:44:16,208.2,12.7,-20.73178,-38.410373
MARCOS CAVALCANTI,2025-01-18 10:47:37,209.0,12.6,-20.742166,-38.416388
MARCOS CAVALCANTI,2025-01-18 11:12:14,208.1,12.5,-20.818091,-38.45988
MARCOS CAVALCANTI,2025-01-18 11:34:07,208.3,12.6,-20.885241,-38.498166
MARCOS CAVALCANTI,2025-01-18 11:43:58,209.2,12.4,-20.915105,-38.515605
MARCOS CAVALCANTI,2025-01-18 11:44:07,208.8,12.4,-20.915608,-38.515898
MARCOS CAVALCANTI,2025-01-18 11:45:07,208.3,12.4,-20.918585,-38.517635
MARCOS CAVALCANTI,2025-01-18 11:50:27,209.8,12.4,-20.934605,-38.52717
MARCOS CAVALCANTI,2025-01-18 11:55:48,208.8,12.4,-20.950681,-38.536623
MARCOS CAVALCANTI,2025-01-18 12:00:38,208.9,12.3,-20.96518,-38.545111
MARCOS CAVALCANTI,2025-01-18 12:24:38,208.7,12.3,-21.037025,-38.587333
MARCOS CAVALCANTI,2025-01-18 12:27:38,208.5,12.3,-21.046058,-38.592575
MARCOS CAVALCANTI,2025-01-18 13:04:06,208.8,12.5,-21.156136,-38.657388
MARCOS CAVALCANTI,2025-01-18 13:06:16,208.3,12.5,-21.162666,-38.661256
MARCOS CAVALCANTI,2025-01-18 13:43:58,209.6,12.5,-21.277125,-38.7284
MARCOS CAVALCANTI,2025-01-18 13:46:28,208.7,12.5,-21.284766,-38.732848
MARCOS CAVALCANTI,2025-01-18 13:47:57,208.2,12.5,-21.289381,-38.735516
MARCOS CAVALCANTI,2025-01-18 13:54:59,208.5,12.5,-21.310885,-38.747971
MARCOS CAVALCANTI,2025-01-18 14:34:49,208.2,12.7,-21.433956,-38.818601
MARCOS CAVALCANTI,2025-01-18 14:42:28,208.7,12.6,-21.457696,-38.83227
MARCOS CAVALCANTI,2025-01-18 14:44:48,208.3,12.6,-21.464931,-38.836463
MARCOS CAVALCANTI,2025-01-18 14:47:29,208.4,12.6,-21.473311,-38.841236
MARCOS CAVALCANTI,2025-01-18 15:13:36,206.6,12.5,-21.554826,-38.887141
MARCOS CAVALCANTI,2025-01-18 15:14:36,207.6,12.6,-21.557986,-38.888853
MARCOS CAVALCANTI,2025-01-18 15:15:36,207.5,12.5,-21.561075,-38.890563
MARCOS CAVALCANTI,2025-01-18 15:39:38,207.0,12.3,-21.634868,-38.931113
MARCOS CAVALCANTI,2025-01-18 16:30:29,208.4,12.3,-21.788655,-39.018606
MARCOS CAVALCANTI,2025-01-18 17:20:57,208.8,12.2,-21.939631,-39.10852
MARCOS CAVALCANTI,2025-01-18 18:13:07,219.8,11.7,-22.078411,-39.218063
MARCOS CAVALCANTI,2025-01-18 18:28:28,221.3,11.7,-22.116211,-39.253518
MARCOS CAVALCANTI,2025-01-18 18:55:47,221.2,11.6,-22.183331,-39.31662
MARCOS CAVALCANTI,2025-01-18 18:56:48,221.6,11.6,-22.185726,-39.318876
MARCOS CAVALCANTI,2025-01-18 19:04:19,221.2,11.5,-22.20399,-39.336076
MARCOS CAVALCANTI,2025-01-18 19:29:17,220.9,11.5,-22.264051,-39.39304
MARCOS CAVALCANTI,2025-01-18 19:38:39,221.8,11.5,-22.286553,-39.414541
MARCOS CAVALCANTI,2025-01-18 19:41:28,221.3,11.5,-22.29334,-39.421048
MARCOS CAVALCANTI,2025-01-18 19:43:48,222.5,11.5,-22.298868,-39.426355
MARCOS CAVALCANTI,2025-01-18 19:55:38,221.7,11.5,-22.327173,-39.453505
MARCOS CAVALCANTI,2025-01-18 19:59:18,222.0,11.6,-22.33598,-39.462006
MARCOS CAVALCANTI,2025-01-18 20:09:08,221.3,11.7,-22.359668,-39.484755
MARCOS CAVALCANTI,2025-01-18 20:17:48,221.9,11.6,-22.380698,-39.504736
MARCOS CAVALCANTI,2025-01-18 20:45:18,222.0,11.7,-22.448158,-39.56806
MARCOS CAVALCANTI,2025-01-18 20:47:28,220.5,11.7,-22.453386,-39.573045
MARCOS CAVALCANTI,2025-01-18 20:48:07,221.7,11.7,-22.454975,-39.574545
MARCOS CAVALCANTI,2025-01-18 21:17:49,222.1,11.7,-22.527503,-39.643598
MARCOS CAVALCANTI,2025-01-18 21:21:49,222.1,11.7,-22.537175,-39.65301
MARCOS CAVALCANTI,2025-01-18 21:26:49,221.7,11.8,-22.549251,-39.664873
MARCOS CAVALCANTI,2025-01-18 21:44:08,222.5,11.6,-22.59106,-39.705811
MARCOS CAVALCANTI,2025-01-18 21:46:59,221.9,11.6,-22.59787,-39.712503
MARCOS CAVALCANTI,2025-01-18 22:01:17,223.1,11.7,-22.632101,-39.746373
MARCOS CAVALCANTI,2025-01-18 22:30:08,223.9,11.9,-22.701166,-39.816448
MARCOS CAVALCANTI,2025-01-18 22:35:08,220.8,11.9,-22.713675,-39.8282
MARCOS CAVALCANTI,2025-01-18 22:37:29,220.3,12.0,-22.71959,-39.833605
MARCOS CAVALCANTI,2025-01-18 23:09:36,220.4,12.3,-22.801583,-39.910015
MARCOS CAVALCANTI,2025-01-18 23:22:08,220.8,12.2,-22.833756,-39.940231
MARCOS CAVALCANTI,2025-01-18 23:24:17,221.7,12.1,-22.839218,-39.945411
MARCOS CAVALCANTI,2025-01-18 23:27:38,220.7,12.2,-22.847801,-39.953501
MARCOS CAVALCANTI,2025-01-18 23:42:27,220.9,12.3,-22.885811,-39.989155
MARCOS CAVALCANTI,2025-01-18 23:44:58,221.6,12.2,-22.892308,-39.99525
MARCOS CAVALCANTI,2025-01-19 00:13:37,250.0,11.3,-22.964188,-40.06562
MARCOS CAVALCANTI,2025-01-19 00:16:37,247.6,11.5,-22.966891,-40.075551
MARCOS CAVALCANTI,2025-01-19 00:18:07,243.0,11.5,-22.969008,-40.080306
MARCOS CAVALCANTI,2025-01-19 00:22:08,245.3,12.0,-22.974591,-40.093116
MARCOS CAVALCANTI,2025-01-19 00:53:08,249.4,12.5,-23.01264,-40.200206
MARCOS CAVALCANTI,2025-01-19 00:59:37,251.0,12.5,-23.019838,-40.223171
MARCOS CAVALCANTI,2025-01-19 01:00:07,253.1,12.5,-23.020363,-40.224976
MARCOS CAVALCANTI,2025-01-19 01:00:57,252.2,12.4,-23.021271,-40.228013
MARCOS CAVALCANTI,2025-01-19 01:01:27,251.2,12.5,-23.021798,-40.229723
MARCOS CAVALCANTI,2025-01-19 01:02:27,252.6,12.5,-23.022913,-40.23335
MARCOS CAVALCANTI,2025-01-19 01:04:57,251.1,12.5,-23.02556,-40.242255
MARCOS CAVALCANTI,2025-01-19 01:05:27,253.3,12.5,-23.026081,-40.24398
MARCOS CAVALCANTI,2025-01-19 01:29:17,250.4,12.5,-23.051541,-40.329273
MARCOS CAVALCANTI,2025-01-19 02:02:38,250.8,12.6,-23.088781,-40.44909
MARCOS CAVALCANTI,2025-01-19 02:11:08,250.3,12.6,-23.098161,-40.47979
MARCOS CAVALCANTI,2025-01-19 02:15:28,250.2,12.7,-23.103036,-40.495571
MARCOS CAVALCANTI,2025-01-19 02:19:09,251.6,12.7,-23.107091,-40.508835
MARCOS CAVALCANTI,2025-01-19 02:38:49,253.3,12.8,-23.129291,-40.580531
MARCOS CAVALCANTI,2025-01-19 02:39:49,251.8,12.8,-23.130355,-40.584198
MARCOS CAVALCANTI,2025-01-19 03:09:06,251.6,12.9,-23.162233,-40.692668
MARCOS CAVALCANTI,2025-01-19 03:43:18,252.6,13.0,-23.20028,-40.819761
MARCOS CAVALCANTI,2025-01-19 03:46:48,253.4,13.1,-23.203946,-40.832923
MARCOS CAVALCANTI,2025-01-19 03:54:07,255.9,12.9,-23.211506,-40.86057
MARCOS CAVALCANTI,2025-01-19 04:17:38,267.3,12.8,-23.214931,-40.951063
MARCOS CAVALCANTI,2025-01-19 04:22:17,267.5,12.9,-23.215716,-40.969201
MARCOS CAVALCANTI,2025-01-19 04:24:39,266.4,12.8,-23.216145,-40.978398
MARCOS CAVALCANTI,2025-01-19 04:30:48,267.5,12.8,-23.21724,-41.002401
MARCOS CAVALCANTI,2025-01-19 04:54:18,268.0,12.8,-23.219613,-41.093493
MARCOS CAVALCANTI,2025-01-19 04:56:57,269.5,12.9,-23.219848,-41.103838
MARCOS CAVALCANTI,2025-01-19 04:59:57,270.6,12.9,-23.219873,-41.115518
MARCOS CAVALCANTI,2025-01-19 05:24:28,270.1,12.7,-23.219485,-41.209938
MARCOS CAVALCANTI,2025-01-19 05:26:57,267.8,12.6,-23.219611,-41.21942
MARCOS CAVALCANTI,2025-01-19 05:29:08,268.4,12.6,-23.219745,-41.227756
MARCOS CAVALCANTI,2025-01-19 05:32:08,269.9,12.5,-23.21972,-41.239115
MARCOS CAVALCANTI,2025-01-19 06:01:59,266.7,12.8,-23.226206,-41.352876
MARCOS CAVALCANTI,2025-01-19 06:43:27,269.7,12.7,-23.231018,-41.512941
MARCOS CAVALCANTI,2025-01-19 06:46:29,269.3,12.7,-23.231101,-41.5245
MARCOS CAVALCANTI,2025-01-19 07:10:18,269.4,12.5,-23.232951,-41.615671
MARCOS CAVALCANTI,2025-01-19 07:25:28,267.5,12.6,-23.235103,-41.672953
MARCOS CAVALCANTI,2025-01-19 07:30:48,269.9,12.6,-23.235891,-41.693238
MARCOS CAVALCANTI,2025-01-19 07:58:18,269.2,12.6,-23.238408,-41.797951
MARCOS CAVALCANTI,2025-01-19 09:15:28,265.9,13.1,-23.249066,-42.095908
MARCOS CAVALCANTI,2025-01-19 09:42:59,268.1,13.0,-23.25302,-42.20446
MARCOS CAVALCANTI,2025-01-19 11:22:29,264.6,12.8,-23.266105,-42.591835
MARCOS CAVALCANTI,2025-01-19 11:34:07,263.0,12.9,-23.269826,-42.636595
MARCOS CAVALCANTI,2025-01-19 11:37:28,262.3,12.9,-23.271341,-42.649536
MARCOS CAVALCANTI,2025-01-19 12:33:46,269.9,12.9,-23.284481,-42.867661
MARCOS CAVALCANTI,2025-01-19 12:35:57,269.2,12.9,-23.284581,-42.876076
MARCOS CAVALCANTI,2025-01-19 12:43:48,270.5,12.9,-23.28461,-42.90643
MARCOS CAVALCANTI,2025-01-19 13:01:37,270.4,12.9,-23.284015,-42.975355
MARCOS CAVALCANTI,2025-01-19 13:09:18,270.1,13.0,-23.283771,-43.0053
MARCOS CAVALCANTI,2025-01-19 13:33:47,270.0,12.9,-23.282688,-43.101441
MARCOS CAVALCANTI,2025-01-19 13:36:47,268.7,12.8,-23.28287,-43.113023
MARCOS CAVALCANTI,2025-01-19 13:40:27,269.4,12.8,-23.283121,-43.127183
MARCOS CAVALCANTI,2025-01-19 13:42:48,271.1,12.8,-23.283085,-43.13618
MARCOS CAVALCANTI,2025-01-19 13:45:37,270.5,12.7,-23.28298,-43.147116
MARCOS CAVALCANTI,2025-01-19 14:03:46,269.2,12.5,-23.284381,-43.216328
MARCOS CAVALCANTI,2025-01-19 14:32:19,268.9,12.4,-23.285861,-43.323338
MARCOS CAVALCANTI,2025-01-19 14:40:07,270.2,12.3,-23.286071,-43.352528
MARCOS CAVALCANTI,2025-01-19 17:06:58,270.5,12.4,-23.302151,-43.896775
MARCOS CAVALCANTI,2025-01-19 18:05:47,268.4,12.5,-23.307535,-44.116495
MARCOS CAVALCANTI,2025-01-19 18:38:39,268.4,12.4,-23.310505,-44.239671
MARCOS CAVALCANTI,2025-01-19 19:11:47,315.3,11.8,-23.290271,-44.355243
MARCOS CAVALCANTI,2025-01-19 19:42:38,330.9,10.3,-23.20903,-44.419011
MARCOS CAVALCANTI,2025-01-19 19:46:26,331.0,8.6,-23.200385,-44.424298
MARCOS CAVALCANTI,2025-01-19 20:13:39,351.3,7.2,-23.149021,-44.452506
MARCOS CAVALCANTI,2025-01-19 20:22:07,11.3,5.7,-23.133081,-44.452335
MARCOS CAVALCANTI,2025-01-19 20:44:27,293.2,0.3,-23.121681,-44.444498
MARCOS CAVALCANTI,2025-01-20 00:49:59,192.4,0.2,-23.121615,-44.445158
MARCOS CAVALCANTI,2025-01-20 01:37:59,25.7,0.1,-23.120151,-44.445303
MARCOS CAVALCANTI,2025-01-20 02:13:59,69.4,0.2,-23.11918,-44.444011
MARCOS CAVALCANTI,2025-01-20 02:46:59,114.9,0.3,-23.119188,-44.441986
MARCOS CAVALCANTI,2025-01-20 10:22:59,126.7,0.0,-23.119585,-44.441641
MARCOS CAVALCANTI,2025-01-20 13:37:59,272.9,0.1,-23.118853,-44.44284
MARCOS CAVALCANTI,2025-01-20 17:11:03,217.3,0.0,-23.119265,-44.44453
MARCOS CAVALCANTI,2025-01-20 17:14:03,221.6,0.0,-23.119295,-44.444521
MARCOS CAVALCANTI,2025-01-20 22:19:58,212.0,0.1,-23.120666,-44.44528
MARCOS CAVALCANTI,2025-01-20 23:13:59,116.4,0.1,-23.122265,-44.445041
MARCOS CAVALCANTI,2025-01-21 01:55:58,117.4,0.0,-23.123018,-44.44385
MARCOS CAVALCANTI,2025-01-21 03:01:59,36.6,0.1,-23.123135,-44.44236
MARCOS CAVALCANTI,2025-01-21 04:07:59,332.6,0.0,-23.123191,-44.4426
MARCOS CAVALCANTI,2025-01-21 09:25:59,153.4,0.1,-23.120401,-44.441283
MARCOS CAVALCANTI,2025-01-21 13:25:59,345.0,0.1,-23.12255,-44.444765
MARCOS CAVALCANTI,2025-01-21 18:19:59,167.4,0.1,-23.119881,-44.445118
MARCOS CAVALCANTI,2025-01-21 23:41:00,156.1,0.1,-23.122726,-44.44467
MARCOS CAVALCANTI,2025-01-22 10:11:00,318.7,0.1,-23.120356,-44.440931
MARCOS CAVALCANTI,2025-01-22 13:13:58,263.5,0.1,-23.119276,-44.444378
MARCOS CAVALCANTI,2025-01-22 13:19:59,260.0,0.1,-23.119285,-44.444395
MARCOS CAVALCANTI,2025-01-22 15:01:59,278.6,0.0,-23.119245,-44.443841
MARCOS CAVALCANTI,2025-01-22 16:10:58,307.1,0.1,-23.119195,-44.443933
MARCOS CAVALCANTI,2025-01-22 17:38:53,33.0,0.0,-23.119613,-44.444795
MARCOS CAVALCANTI,2025-01-22 18:31:59,225.1,0.0,-23.119555,-44.44454
MARCOS CAVALCANTI,2025-01-22 20:49:58,34.1,0.2,-23.119203,-44.444376
MARCOS CAVALCANTI,2025-01-23 01:25:59,80.0,0.0,-23.118965,-44.443335
MARCOS CAVALCANTI,2025-01-23 02:07:59,152.7,0.1,-23.118881,-44.442831
MARCOS CAVALCANTI,2025-01-23 03:10:58,286.7,0.1,-23.11892,-44.442455
MARCOS CAVALCANTI,2025-01-23 03:49:59,301.4,0.1,-23.11884,-44.442798
MARCOS CAVALCANTI,2025-01-23 09:07:59,266.8,0.0,-23.119301,-44.442595
MARCOS CAVALCANTI,2025-01-23 13:07:59,23.0,0.1,-23.118988,-44.444403
MARCOS CAVALCANTI,2025-01-23 19:07:59,74.4,0.1,-23.119075,-44.44348
MARCOS CAVALCANTI,2025-01-24 00:46:59,240.0,0.2,-23.118848,-44.44372
MARCOS CAVALCANTI,2025-01-24 01:40:59,199.5,0.1,-23.11885,-44.443491
MARCOS CAVALCANTI,2025-01-24 12:43:59,269.6,0.2,-23.118828,-44.444348
MARCOS CAVALCANTI,2025-01-24 14:49:59,239.7,0.1,-23.118875,-44.444155
MARCOS CAVALCANTI,2025-01-25 00:11:53,183.2,0.3,-23.120523,-44.445706
MARCOS CAVALCANTI,2025-01-25 11:05:53,299.9,0.1,-23.119118,-44.44204
MARCOS CAVALCANTI,2025-01-25 12:02:54,281.2,0.0,-23.118808,-44.44293
MARCOS CAVALCANTI,2025-01-25 16:56:34,5.9,0.1,-23.115588,-44.451041
MARCOS CAVALCANTI,2025-01-25 23:08:36,125.6,0.2,-23.118371,-44.449923
MARCOS CAVALCANTI,2025-01-26 02:35:37,35.7,0.2,-23.118371,-44.447733
MARCOS CAVALCANTI,2025-01-26 07:50:36,252.0,0.0,-23.11821,-44.447761
MARCOS CAVALCANTI,2025-01-26 07:53:36,236.8,0.0,-23.118261,-44.447708
MARCOS CAVALCANTI,2025-01-26 09:11:36,287.0,0.1,-23.118515,-44.450458
MARCOS CAVALCANTI,2025-01-26 09:38:36,324.8,0.0,-23.118501,-44.450511
MARCOS CAVALCANTI,2025-01-26 13:08:36,154.1,0.1,-23.117391,-44.451061
MARCOS CAVALCANTI,2025-01-26 15:38:36,356.4,0.2,-23.116426,-44.451036
MARCOS CAVALCANTI,2025-01-26 16:50:37,230.2,0.1,-23.11508,-44.450626
MARCOS CAVALCANTI,2025-01-26 17:08:35,53.2,0.0,-23.115166,-44.450676
MARCOS CAVALCANTI,2025-01-26 23:20:37,123.4,0.0,-23.115013,-44.447846
MARCOS CAVALCANTI,2025-01-26 23:56:36,335.3,0.0,-23.115265,-44.447261
MARCOS CAVALCANTI,2025-01-27 00:20:36,334.9,0.1,-23.115141,-44.447211
MARCOS CAVALCANTI,2025-01-27 15:41:48,273.9,0.0,-23.114733,-44.449963
MARCOS CAVALCANTI,2025-01-27 15:50:37,273.9,0.0,-23.114733,-44.449963
MARCOS CAVALCANTI,2025-01-27 17:47:37,226.1,0.0,-23.115343,-44.450633
MARCOS CAVALCANTI,2025-01-27 22:56:36,305.2,0.0,-23.115578,-44.446968
MARCOS CAVALCANTI,2025-01-27 23:20:36,324.2,0.2,-23.115103,-44.44736
MARCOS CAVALCANTI,2025-01-28 01:08:36,247.2,0.0,-23.114911,-44.447861
MARCOS CAVALCANTI,2025-01-28 01:44:37,306.9,0.0,-23.114801,-44.447805
MARCOS CAVALCANTI,2025-01-28 02:14:36,83.3,0.0,-23.115016,-44.447486
MARCOS CAVALCANTI,2025-01-28 12:08:37,272.3,0.0,-23.114585,-44.448175
MARCOS CAVALCANTI,2025-01-28 15:53:19,351.7,0.0,-23.114478,-44.448696
MARCOS CAVALCANTI,2025-01-28 16:02:37,351.7,0.0,-23.114478,-44.448696
MARCOS CAVALCANTI,2025-01-29 00:08:36,308.6,0.3,-23.11485,-44.448361
MARCOS CAVALCANTI,2025-01-29 00:56:36,266.6,0.1,-23.114638,-44.449291
MARCOS CAVALCANTI,2025-01-29 06:32:36,112.8,0.0,-23.11477,-44.447688
MARCOS CAVALCANTI,2025-01-29 15:50:37,279.6,0.0,-23.11449,-44.449453
MARCOS CAVALCANTI,2025-01-29 15:53:37,255.0,0.0,-23.114508,-44.449463
MARCOS CAVALCANTI,2025-01-30 01:26:36,292.4,0.1,-23.118775,-44.44981
MARCOS CAVALCANTI,2025-01-30 01:29:36,303.3,0.0,-23.11874,-44.449826
MARCOS CAVALCANTI,2025-01-30 01:59:37,320.0,0.1,-23.118346,-44.450573
MARCOS CAVALCANTI,2025-01-30 06:53:37,307.4,0.0,-23.114948,-44.447811
MARCOS CAVALCANTI,2025-01-30 09:32:37,341.1,0.1,-23.115411,-44.447193
MARCOS CAVALCANTI,2025-01-30 10:32:37,317.9,0.0,-23.115025,-44.447643
MARCOS CAVALCANTI,2025-01-30 11:20:37,291.3,0.1,-23.114675,-44.448595
MARCOS CAVALCANTI,2025-01-30 12:02:36,207.3,0.1,-23.11457,-44.449435
MARCOS CAVALCANTI,2025-01-30 13:50:36,251.2,0.0,-23.114758,-44.450165
MARCOS CAVALCANTI,2025-01-30 16:29:35,62.0,0.0,-23.114686,-44.449811
MARCOS CAVALCANTI,2025-01-30 17:32:37,95.3,0.1,-23.114661,-44.449953
MARCOS CAVALCANTI,2025-01-30 19:14:37,179.2,0.1,-23.114848,-44.450355
MARCOS CAVALCANTI,2025-01-30 23:53:37,227.9,0.1,-23.116548,-44.451573
MARCOS CAVALCANTI,2025-01-31 01:20:36,11.2,0.1,-23.116895,-44.451546
MARCOS CAVALCANTI,2025-01-31 10:17:36,118.0,0.1,-23.114983,-44.447905
MARCOS CAVALCANTI,2025-01-31 15:20:36,289.9,0.0,-23.114695,-44.449836
MARCOS CAVALCANTI,2025-01-31 19:05:36,268.6,0.0,-23.114613,-44.449275
MARCOS CAVALCANTI,2025-01-31 21:08:40,159.0,0.2,-23.11794,-44.448608
MARCOS CAVALCANTI,2025-01-31 21:41:32,170.8,10.7,-23.169648,-44.437798
MARCOS CAVALCANTI,2025-01-31 21:54:52,169.4,11.7,-23.210823,-44.430323
MARCOS CAVALCANTI,2025-01-31 21:57:02,170.0,11.8,-23.217775,-44.428955
MARCOS CAVALCANTI,2025-01-31 22:13:12,141.5,11.6,-23.264326,-44.40742
MARCOS CAVALCANTI,2025-01-31 22:14:11,141.8,11.7,-23.266865,-44.405203
MARCOS CAVALCANTI,2025-01-31 22:16:42,142.2,11.9,-23.273303,-44.399736
MARCOS CAVALCANTI,2025-01-31 22:18:51,141.7,12.0,-23.279016,-44.39487
MARCOS CAVALCANTI,2025-01-31 22:20:01,142.1,12.1,-23.282088,-44.392253
MARCOS CAVALCANTI,2025-01-31 22:47:01,103.1,11.9,-23.34443,-44.323523
MARCOS CAVALCANTI,2025-01-31 22:50:32,92.5,12.0,-23.345758,-44.311016
MARCOS CAVALCANTI,2025-01-31 22:53:52,89.3,12.1,-23.345656,-44.298896
MARCOS CAVALCANTI,2025-01-31 22:57:01,90.5,12.2,-23.345663,-44.287355
MARCOS CAVALCANTI,2025-01-31 23:20:32,89.7,12.4,-23.345235,-44.199805
MARCOS CAVALCANTI,2025-01-31 23:23:02,90.0,12.4,-23.345186,-44.190435
MARCOS CAVALCANTI,2025-01-31 23:55:20,92.9,12.2,-23.344041,-44.069946
MARCOS CAVALCANTI,2025-02-01 00:01:32,93.4,12.2,-23.345178,-44.04708
MARCOS CAVALCANTI,2025-02-01 00:37:11,91.7,12.1,-23.3503,-43.917091
MARCOS CAVALCANTI,2025-02-01 00:39:21,90.6,12.1,-23.35043,-43.909105
MARCOS CAVALCANTI,2025-02-01 00:40:52,89.8,12.1,-23.350458,-43.90362
MARCOS CAVALCANTI,2025-02-01 00:41:52,90.7,12.1,-23.350488,-43.899898
MARCOS CAVALCANTI,2025-02-01 00:47:22,90.1,12.1,-23.350595,-43.879776
MARCOS CAVALCANTI,2025-02-01 01:00:31,89.9,12.2,-23.350836,-43.831325
MARCOS CAVALCANTI,2025-02-01 01:01:31,89.1,12.3,-23.350843,-43.827671
MARCOS CAVALCANTI,2025-02-01 01:01:41,89.4,12.2,-23.350846,-43.827
MARCOS CAVALCANTI,2025-02-01 01:02:31,90.4,12.2,-23.350831,-43.823916
MARCOS CAVALCANTI,2025-02-01 01:05:32,89.4,12.2,-23.350806,-43.812826
MARCOS CAVALCANTI,2025-02-01 01:11:02,89.0,12.1,-23.350535,-43.7926
MARCOS CAVALCANTI,2025-02-01 01:47:23,91.3,12.0,-23.350323,-43.659733
MARCOS CAVALCANTI,2025-02-01 02:16:51,90.0,11.8,-23.351525,-43.553651
MARCOS CAVALCANTI,2025-02-01 02:49:32,90.5,11.7,-23.353038,-43.437531
MARCOS CAVALCANTI,2025-02-01 03:10:32,91.4,11.9,-23.354475,-43.362625
MARCOS CAVALCANTI,2025-02-01 03:32:30,90.2,12.1,-23.355791,-43.282791
MARCOS CAVALCANTI,2025-02-01 03:35:51,90.8,12.1,-23.355965,-43.270591
MARCOS CAVALCANTI,2025-02-01 04:51:33,267.5,12.8,-23.340491,-43.46277
MARCOS CAVALCANTI,2025-02-01 05:17:40,268.5,12.9,-23.34315,-43.564288
MARCOS CAVALCANTI,2025-02-01 05:21:00,268.2,12.9,-23.343516,-43.577216
MARCOS CAVALCANTI,2025-02-01 06:32:11,268.8,12.6,-23.351231,-43.849686
MARCOS CAVALCANTI,2025-02-01 06:38:02,270.1,12.7,-23.351773,-43.872041
MARCOS CAVALCANTI,2025-02-01 06:58:03,269.8,12.6,-23.351578,-43.948733
MARCOS CAVALCANTI,2025-02-01 07:06:10,269.7,12.6,-23.35179,-43.979658
MARCOS CAVALCANTI,2025-02-01 07:07:50,269.4,12.5,-23.351796,-43.985973
MARCOS CAVALCANTI,2025-02-01 08:18:40,268.6,12.1,-23.350665,-44.157983
MARCOS CAVALCANTI,2025-02-01 08:25:42,267.8,12.1,-23.35136,-44.18353
MARCOS CAVALCANTI,2025-02-01 08:29:01,267.5,12.1,-23.351648,-44.195603
MARCOS CAVALCANTI,2025-02-01 09:13:23,269.1,12.0,-23.355118,-44.356841
MARCOS CAVALCANTI,2025-02-01 09:15:52,269.5,12.0,-23.355163,-44.365853
MARCOS CAVALCANTI,2025-02-01 09:18:52,269.8,12.0,-23.355231,-44.376766
MARCOS CAVALCANTI,2025-02-01 09:21:12,266.7,11.9,-23.355353,-44.385161
MARCOS CAVALCANTI,2025-02-01 09:23:52,229.4,10.9,-23.358206,-44.393766
MARCOS CAVALCANTI,2025-02-01 10:04:11,340.5,11.5,-23.321351,-44.430746
MARCOS CAVALCANTI,2025-02-01 10:13:53,351.7,12.0,-23.290526,-44.439288
MARCOS CAVALCANTI,2025-02-01 11:00:31,4.8,7.0,-23.169441,-44.447758
MARCOS CAVALCANTI,2025-02-01 11:29:31,350.7,3.8,-23.129658,-44.452616
MARCOS CAVALCANTI,2025-02-01 11:30:31,2.6,3.6,-23.128626,-44.452668
MARCOS CAVALCANTI,2025-02-01 11:33:01,40.5,3.4,-23.126398,-44.451695
MARCOS CAVALCANTI,2025-02-01 11:35:10,65.4,2.7,-23.125351,-44.450088
MARCOS CAVALCANTI,2025-02-01 11:35:31,74.1,2.6,-23.125278,-44.449826
MARCOS CAVALCANTI,2025-02-01 11:36:01,76.6,2.4,-23.125191,-44.449468
MARCOS CAVALCANTI,2025-02-01 12:33:50,235.1,0.1,-23.12348,-44.446726
MARCOS CAVALCANTI,2025-02-01 12:34:12,230.7,0.1,-23.123505,-44.446745
MARCOS CAVALCANTI,2025-02-01 12:34:31,223.6,0.1,-23.12352,-44.44676
MARCOS CAVALCANTI,2025-02-01 12:35:01,224.9,0.1,-23.123503,-44.446751
MARCOS CAVALCANTI,2025-02-01 12:38:22,244.3,0.1,-23.123501,-44.446775
MARCOS CAVALCANTI,2025-02-01 12:40:40,253.5,0.1,-23.123558,-44.446831
MARCOS CAVALCANTI,2025-02-01 12:41:40,247.4,0.1,-23.12355,-44.446828
MARCOS CAVALCANTI,2025-02-01 13:07:24,289.5,0.1,-23.123505,-44.447096
MARCOS CAVALCANTI,2025-02-01 20:04:25,209.0,0.1,-23.124056,-44.448246
MARCOS CAVALCANTI,2025-02-01 21:19:51,138.5,3.0,-23.128428,-44.445401
MARCOS CAVALCANTI,2025-02-01 21:48:41,218.6,5.0,-23.146443,-44.410463
MARCOS CAVALCANTI,2025-02-01 22:20:31,0.3,0.2,-23.12811,-44.42889
MARCOS CAVALCANTI,2025-02-01 22:24:02,338.6,0.3,-23.127851,-44.428956
MARCOS CAVALCANTI,2025-02-01 22:33:01,324.0,0.2,-23.12729,-44.429276
MARCOS CAVALCANTI,2025-02-01 22:36:20,325.5,0.1,-23.127183,-44.429356
MARCOS CAVALCANTI,2025-02-01 22:41:11,181.3,0.1,-23.127196,-44.429385
MARCOS CAVALCANTI,2025-02-01 22:58:50,184.8,0.1,-23.127653,-44.42927
MARCOS CAVALCANTI,2025-02-01 23:32:59,327.1,0.1,-23.127448,-44.429321
MARCOS CAVALCANTI,2025-02-02 03:53:02,308.3,2.0,-23.059633,-44.224141
MARCOS CAVALCANTI,2025-02-02 04:22:52,15.6,0.2,-23.060778,-44.227525
MARCOS CAVALCANTI,2025-02-03 16:58:04,8.8,0.0,-23.060855,-44.227496
MARCOS CAVALCANTI,2025-02-05 22:23:22,332.5,0.0,-23.060856,-44.227448
MARCOS CAVALCANTI,2025-02-05 22:28:42,345.9,0.1,-23.060761,-44.22747
MARCOS CAVALCANTI,2025-02-05 23:01:11,245.0,7.6,-23.069643,-44.23654
MARCOS CAVALCANTI,2025-02-05 23:06:32,238.2,9.8,-23.075785,-44.249013
MARCOS CAVALCANTI,2025-02-05 23:33:11,246.9,11.5,-23.10626,-44.328911
MARCOS CAVALCANTI,2025-02-05 23:36:53,245.1,11.5,-23.111006,-44.340666
MARCOS CAVALCANTI,2025-02-05 23:49:02,234.4,11.5,-23.127941,-44.378495
MARCOS CAVALCANTI,2025-02-06 00:17:32,180.6,11.9,-23.203158,-44.424291
MARCOS CAVALCANTI,2025-02-06 00:42:12,119.3,11.8,-23.272273,-44.399231
MARCOS CAVALCANTI,2025-02-06 00:42:22,119.2,11.8,-23.272541,-44.39871
MARCOS CAVALCANTI,2025-02-06 00:43:22,119.5,11.9,-23.27416,-44.39562
MARCOS CAVALCANTI,2025-02-06 01:25:11,88.5,12.1,-23.31515,-44.254511
MARCOS CAVALCANTI,2025-02-06 01:34:02,88.6,12.2,-23.31454,-44.222163
MARCOS CAVALCANTI,2025-02-06 01:36:33,88.4,12.2,-23.314401,-44.212966
MARCOS CAVALCANTI,2025-02-06 02:05:12,87.4,12.0,-23.312336,-44.108133
MARCOS CAVALCANTI,2025-02-06 02:15:51,87.3,12.0,-23.31124,-44.069496
MARCOS CAVALCANTI,2025-02-06 02:21:51,88.5,11.9,-23.310661,-44.047918
MARCOS CAVALCANTI,2025-02-06 03:43:01,86.9,12.0,-23.298405,-43.758156
MARCOS CAVALCANTI,2025-02-06 03:46:31,86.8,12.1,-23.2977,-43.745488
MARCOS CAVALCANTI,2025-02-06 03:48:42,85.8,12.1,-23.29729,-43.737625
MARCOS CAVALCANTI,2025-02-06 05:00:32,89.8,11.8,-23.290111,-43.47949
MARCOS CAVALCANTI,2025-02-06 05:07:42,89.3,11.8,-23.289835,-43.45398
MARCOS CAVALCANTI,2025-02-06 05:13:02,89.5,11.8,-23.28963,-43.435091
MARCOS CAVALCANTI,2025-02-06 05:29:41,112.9,11.9,-23.30314,-43.378296
MARCOS CAVALCANTI,2025-02-06 05:34:52,112.6,11.8,-23.309821,-43.361173
MARCOS CAVALCANTI,2025-02-06 06:04:50,72.6,11.5,-23.29447,-43.263275
MARCOS CAVALCANTI,2025-02-06 06:07:31,71.7,11.6,-23.291855,-43.254328
MARCOS CAVALCANTI,2025-02-06 06:56:13,87.7,11.7,-23.280261,-43.083276
MARCOS CAVALCANTI,2025-02-06 06:59:13,87.0,11.7,-23.279876,-43.072805
MARCOS CAVALCANTI,2025-02-06 07:44:31,87.3,11.6,-23.271108,-42.915056
MARCOS CAVALCANTI,2025-02-06 07:50:52,88.0,11.6,-23.270205,-42.892898
MARCOS CAVALCANTI,2025-02-06 08:36:33,87.3,11.6,-23.265411,-42.73246
MARCOS CAVALCANTI,2025-02-06 08:39:31,87.7,11.6,-23.265006,-42.721953
MARCOS CAVALCANTI,2025-02-06 08:45:31,87.0,11.6,-23.264098,-42.701003
MARCOS CAVALCANTI,2025-02-06 10:18:41,88.1,11.6,-23.254005,-42.372755
MARCOS CAVALCANTI,2025-02-06 10:25:01,89.4,11.7,-23.253471,-42.35048
MARCOS CAVALCANTI,2025-02-06 11:15:22,87.9,12.0,-23.250565,-42.171586
MARCOS CAVALCANTI,2025-02-06 11:29:32,90.2,12.0,-23.250135,-42.120308
MARCOS CAVALCANTI,2025-02-06 11:31:52,89.5,12.0,-23.25011,-42.11185
MARCOS CAVALCANTI,2025-02-06 11:37:11,90.0,12.0,-23.250078,-42.092613
MARCOS CAVALCANTI,2025-02-06 11:48:50,90.3,11.9,-23.249988,-42.050553
MARCOS CAVALCANTI,2025-02-06 11:50:42,90.1,11.9,-23.25001,-42.043928
MARCOS CAVALCANTI,2025-02-06 11:52:32,90.0,11.9,-23.25006,-42.037356
MARCOS CAVALCANTI,2025-02-06 12:02:22,89.3,11.9,-23.249948,-42.002035
MARCOS CAVALCANTI,2025-02-06 12:06:52,88.8,11.9,-23.249785,-41.985815
MARCOS CAVALCANTI,2025-02-06 12:12:01,88.8,12.0,-23.249501,-41.967168
MARCOS CAVALCANTI,2025-02-06 12:12:42,88.6,12.0,-23.249443,-41.964748
MARCOS CAVALCANTI,2025-02-06 12:38:21,85.3,11.8,-23.245001,-41.87269
MARCOS CAVALCANTI,2025-02-06 12:40:01,86.2,11.8,-23.244605,-41.866831
MARCOS CAVALCANTI,2025-02-06 12:46:01,86.5,11.8,-23.243201,-41.845491
MARCOS CAVALCANTI,2025-02-06 13:02:33,84.8,11.7,-23.23883,-41.787048
MARCOS CAVALCANTI,2025-02-06 13:05:53,84.2,11.6,-23.237936,-41.77534
MARCOS CAVALCANTI,2025-02-06 13:19:51,87.0,11.5,-23.234686,-41.726821
MARCOS CAVALCANTI,2025-02-06 13:23:13,86.5,11.5,-23.234191,-41.715146
MARCOS CAVALCANTI,2025-02-06 13:45:22,88.6,11.5,-23.231055,-41.638358
MARCOS CAVALCANTI,2025-02-06 13:52:32,88.8,11.5,-23.2303,-41.613486
MARCOS CAVALCANTI,2025-02-06 13:55:42,89.0,11.5,-23.230183,-41.60247
MARCOS CAVALCANTI,2025-02-06 13:57:33,88.7,11.5,-23.229923,-41.596045
MARCOS CAVALCANTI,2025-02-06 14:00:01,89.9,11.5,-23.229818,-41.587451
MARCOS CAVALCANTI,2025-02-06 14:30:42,91.0,11.3,-23.23001,-41.482068
MARCOS CAVALCANTI,2025-02-06 14:44:13,92.7,11.6,-23.231535,-41.435168
MARCOS CAVALCANTI,2025-02-06 14:49:02,93.4,11.7,-23.232171,-41.418125
MARCOS CAVALCANTI,2025-02-06 14:51:55,94.1,11.6,-23.232768,-41.408128
MARCOS CAVALCANTI,2025-02-06 15:38:02,85.4,11.3,-23.225973,-41.250025
MARCOS CAVALCANTI,2025-02-06 15:42:51,85.9,11.4,-23.224913,-41.233515
MARCOS CAVALCANTI,2025-02-06 15:45:02,85.1,11.4,-23.224415,-41.226005
MARCOS CAVALCANTI,2025-02-06 16:28:23,88.8,11.4,-23.218456,-41.07631
MARCOS CAVALCANTI,2025-02-06 16:33:28,89.1,11.3,-23.218573,-41.058563
MARCOS CAVALCANTI,2025-02-06 16:35:19,90.4,11.3,-23.218576,-41.052231
MARCOS CAVALCANTI,2025-02-06 16:37:19,88.6,11.4,-23.218548,-41.045318
MARCOS CAVALCANTI,2025-02-06 16:38:39,86.1,11.3,-23.21839,-41.040871
MARCOS CAVALCANTI,2025-02-06 16:38:59,84.9,11.2,-23.218316,-41.039688
MARCOS CAVALCANTI,2025-02-06 16:39:50,86.8,11.3,-23.21816,-41.036871
MARCOS CAVALCANTI,2025-02-06 16:39:59,86.5,11.3,-23.218133,-41.036363
MARCOS CAVALCANTI,2025-02-06 16:40:39,87.2,11.3,-23.218021,-41.034043
MARCOS CAVALCANTI,2025-02-06 16:41:39,88.3,11.3,-23.217891,-41.030631
MARCOS CAVALCANTI,2025-02-06 17:23:30,85.0,11.0,-23.212588,-40.889911
MARCOS CAVALCANTI,2025-02-06 17:34:20,69.7,10.6,-23.204055,-40.85655
MARCOS CAVALCANTI,2025-02-06 17:41:11,72.2,10.7,-23.197793,-40.835696
MARCOS CAVALCANTI,2025-02-06 17:59:30,72.8,10.8,-23.182351,-40.778588
MARCOS CAVALCANTI,2025-02-06 17:59:42,72.8,10.8,-23.182183,-40.778011
MARCOS CAVALCANTI,2025-02-06 18:02:31,72.5,10.8,-23.17973,-40.769316
MARCOS CAVALCANTI,2025-02-06 18:17:43,72.3,10.9,-23.16577,-40.721953
MARCOS CAVALCANTI,2025-02-06 18:33:21,73.8,11.1,-23.15155,-40.67252
MARCOS CAVALCANTI,2025-02-06 18:36:52,73.2,11.1,-23.148423,-40.661318
MARCOS CAVALCANTI,2025-02-06 19:05:51,72.3,11.1,-23.121603,-40.568803
MARCOS CAVALCANTI,2025-02-06 19:08:32,71.9,11.2,-23.11904,-40.560193
MARCOS CAVALCANTI,2025-02-06 19:23:33,71.4,11.3,-23.104526,-40.512071
MARCOS CAVALCANTI,2025-02-06 19:26:12,71.2,11.3,-23.101923,-40.50353
MARCOS CAVALCANTI,2025-02-06 19:40:42,71.0,11.4,-23.087491,-40.456456
MARCOS CAVALCANTI,2025-02-06 19:43:52,72.1,11.4,-23.084345,-40.446138
MARCOS CAVALCANTI,2025-02-06 20:15:41,70.0,11.6,-23.050886,-40.34142
MARCOS CAVALCANTI,2025-02-06 20:19:31,69.9,11.6,-23.046735,-40.328706
MARCOS CAVALCANTI,2025-02-06 20:21:41,72.0,11.6,-23.044408,-40.321673
MARCOS CAVALCANTI,2025-02-06 20:50:03,75.0,11.7,-23.021386,-40.224768
MARCOS CAVALCANTI,2025-02-06 20:52:22,75.3,11.7,-23.019473,-40.216866
MARCOS CAVALCANTI,2025-02-06 20:56:02,76.2,11.7,-23.016471,-40.20426
MARCOS CAVALCANTI,2025-02-06 20:58:32,75.8,11.7,-23.014466,-40.195746
MARCOS CAVALCANTI,2025-02-06 21:25:12,76.7,11.9,-22.993265,-40.10377
MARCOS CAVALCANTI,2025-02-06 21:29:12,43.1,10.7,-22.988438,-40.09143
MARCOS CAVALCANTI,2025-02-06 21:31:22,43.3,11.0,-22.98353,-40.08668
MARCOS CAVALCANTI,2025-02-06 21:33:32,45.0,11.2,-22.978708,-40.081615
MARCOS CAVALCANTI,2025-02-06 22:00:22,44.5,11.8,-22.917228,-40.015311
MARCOS CAVALCANTI,2025-02-06 22:04:00,44.6,11.7,-22.908741,-40.006225
MARCOS CAVALCANTI,2025-02-06 22:08:51,44.6,11.8,-22.897391,-39.99421
MARCOS CAVALCANTI,2025-02-06 22:32:51,44.1,11.9,-22.841226,-39.934051
MARCOS CAVALCANTI,2025-02-06 22:35:51,44.5,11.9,-22.834128,-39.926466
MARCOS CAVALCANTI,2025-02-06 22:38:52,44.5,11.9,-22.827055,-39.918886
MARCOS CAVALCANTI,2025-02-06 22:51:42,44.5,11.9,-22.796815,-39.886421
MARCOS CAVALCANTI,2025-02-06 22:54:02,45.0,11.9,-22.79132,-39.880551
MARCOS CAVALCANTI,2025-02-06 23:11:23,44.8,11.9,-22.750445,-39.836798
MARCOS CAVALCANTI,2025-02-06 23:14:02,44.4,11.9,-22.744113,-39.83004
MARCOS CAVALCANTI,2025-02-06 23:51:30,44.0,11.9,-22.655448,-39.736241
MARCOS CAVALCANTI,2025-02-07 00:06:30,43.8,11.8,-22.619686,-39.698863
MARCOS CAVALCANTI,2025-02-07 00:33:40,43.0,12.0,-22.554755,-39.631801
MARCOS CAVALCANTI,2025-02-07 00:36:51,44.3,12.0,-22.547016,-39.623861
MARCOS CAVALCANTI,2025-02-07 00:37:10,43.4,12.1,-22.54629,-39.623106
MARCOS CAVALCANTI,2025-02-07 00:41:42,42.4,12.1,-22.535261,-39.611848
MARCOS CAVALCANTI,2025-02-07 00:44:51,43.5,12.1,-22.527531,-39.603975
MARCOS CAVALCANTI,2025-02-07 01:03:21,42.9,12.2,-22.481933,-39.557648
MARCOS CAVALCANTI,2025-02-07 01:05:41,43.4,12.3,-22.476135,-39.551806
MARCOS CAVALCANTI,2025-02-07 01:06:41,42.9,12.3,-22.473606,-39.549235
MARCOS CAVALCANTI,2025-02-07 01:40:41,43.2,12.4,-22.388645,-39.46346
MARCOS CAVALCANTI,2025-02-07 01:41:31,42.9,12.4,-22.386483,-39.461303
MARCOS CAVALCANTI,2025-02-07 01:41:41,43.0,12.4,-22.386058,-39.460878
MARCOS CAVALCANTI,2025-02-07 01:42:01,43.0,12.4,-22.385265,-39.460068
MARCOS CAVALCANTI,2025-02-07 02:21:11,43.4,12.5,-22.285713,-39.358871
MARCOS CAVALCANTI,2025-02-07 02:24:41,43.2,12.5,-22.276783,-39.349823
MARCOS CAVALCANTI,2025-02-07 02:25:02,43.0,12.5,-22.275936,-39.348971
MARCOS CAVALCANTI,2025-02-07 02:45:21,43.0,12.5,-22.224303,-39.2969
MARCOS CAVALCANTI,2025-02-07 02:47:41,43.4,12.5,-22.218416,-39.290976
MARCOS CAVALCANTI,2025-02-07 02:49:52,42.7,12.5,-22.212871,-39.285411
MARCOS CAVALCANTI,2025-02-07 02:53:10,42.7,12.5,-22.204491,-39.277011
MARCOS CAVALCANTI,2025-02-07 04:08:02,36.3,12.1,-22.015736,-39.090031
MARCOS CAVALCANTI,2025-02-07 04:10:23,26.5,12.0,-22.009128,-39.085751
MARCOS CAVALCANTI,2025-02-07 04:27:21,28.4,12.1,-21.95784,-39.058206
MARCOS CAVALCANTI,2025-02-07 04:31:21,27.9,12.1,-21.945885,-39.051403
MARCOS CAVALCANTI,2025-02-07 04:34:22,28.9,12.1,-21.936945,-39.046238
MARCOS CAVALCANTI,2025-02-07 05:48:21,26.7,11.9,-21.722033,-38.925703
MARCOS CAVALCANTI,2025-02-07 05:51:32,27.4,11.9,-21.712676,-38.920485
MARCOS CAVALCANTI,2025-02-07 05:51:52,26.8,11.9,-21.711648,-38.91992
MARCOS CAVALCANTI,2025-02-07 05:54:21,27.5,11.9,-21.70446,-38.915923
MARCOS CAVALCANTI,2025-02-07 05:56:43,27.2,11.9,-21.697471,-38.91207
MARCOS CAVALCANTI,2025-02-07 05:59:12,27.5,11.8,-21.69022,-38.908023
MARCOS CAVALCANTI,2025-02-07 06:16:42,27.3,11.8,-21.639008,-38.879826
MARCOS CAVALCANTI,2025-02-07 06:43:33,27.8,11.8,-21.56099,-38.836248
MARCOS CAVALCANTI,2025-02-07 06:45:52,27.4,11.8,-21.554151,-38.832448
MARCOS CAVALCANTI,2025-02-07 06:48:33,27.5,11.8,-21.546371,-38.828061
MARCOS CAVALCANTI,2025-02-07 06:51:33,27.7,11.9,-21.537626,-38.823101
MARCOS CAVALCANTI,2025-02-07 07:38:13,23.4,11.8,-21.398411,-38.752671
MARCOS CAVALCANTI,2025-02-07 07:46:02,26.0,11.8,-21.374931,-38.741208
MARCOS CAVALCANTI,2025-02-07 08:34:52,26.0,12.2,-21.228566,-38.664086
MARCOS CAVALCANTI,2025-02-07 09:17:42,28.3,12.1,-21.098688,-38.592436
MARCOS CAVALCANTI,2025-02-07 09:23:32,27.9,12.1,-21.08141,-38.582643
MARCOS CAVALCANTI,2025-02-07 11:05:53,28.4,12.0,-20.784906,-38.415028
MARCOS CAVALCANTI,2025-02-07 11:08:51,27.3,11.9,-20.776186,-38.410056
MARCOS CAVALCANTI,2025-02-07 11:31:51,27.8,12.0,-20.70861,-38.371155
MARCOS CAVALCANTI,2025-02-07 11:32:30,28.4,12.1,-20.706695,-38.370065
MARCOS CAVALCANTI,2025-02-07 11:32:42,28.1,12.0,-20.706105,-38.36973
MARCOS CAVALCANTI,2025-02-07 11:32:51,28.2,12.0,-20.705663,-38.369475
MARCOS CAVALCANTI,2025-02-07 11:33:42,28.3,12.0,-20.703191,-38.368076
MARCOS CAVALCANTI,2025-02-07 11:35:22,28.5,12.1,-20.698248,-38.36527
MARCOS CAVALCANTI,2025-02-07 11:41:40,27.7,12.1,-20.67954,-38.354696
MARCOS CAVALCANTI,2025-02-07 11:45:40,27.7,12.2,-20.667563,-38.347973
MARCOS CAVALCANTI,2025-02-07 11:49:02,27.3,12.2,-20.657478,-38.342368
MARCOS CAVALCANTI,2025-02-07 12:03:22,27.3,12.3,-20.613871,-38.318495
MARCOS CAVALCANTI,2025-02-07 12:12:11,24.6,12.3,-20.586433,-38.304791
MARCOS CAVALCANTI,2025-02-07 12:15:41,24.6,12.3,-20.575555,-38.299493
MARCOS CAVALCANTI,2025-02-07 12:20:52,24.3,12.3,-20.559333,-38.291648
MARCOS CAVALCANTI,2025-02-07 12:23:52,23.8,12.3,-20.549945,-38.28718
MARCOS CAVALCANTI,2025-02-07 12:56:33,23.0,11.7,-20.44876,-38.24016
MARCOS CAVALCANTI,2025-02-07 13:25:40,26.5,11.9,-20.362061,-38.196501
MARCOS CAVALCANTI,2025-02-07 13:46:13,25.7,12.0,-20.300126,-38.164488
MARCOS CAVALCANTI,2025-02-07 13:49:52,25.8,12.0,-20.289133,-38.158865
MARCOS CAVALCANTI,2025-02-07 14:07:41,27.9,12.1,-20.235796,-38.12956
MARCOS CAVALCANTI,2025-02-07 14:41:21,28.7,12.2,-20.134741,-38.071548
MARCOS CAVALCANTI,2025-02-07 14:47:01,30.1,12.0,-20.1182,-38.061558
MARCOS CAVALCANTI,2025-02-07 15:29:42,26.1,11.9,-19.992908,-37.988253
MARCOS CAVALCANTI,2025-02-07 15:33:33,24.8,12.0,-19.981388,-37.98245
MARCOS CAVALCANTI,2025-02-07 15:36:12,25.0,12.0,-19.973303,-37.978418
MARCOS CAVALCANTI,2025-02-07 16:22:22,25.5,11.9,-19.832228,-37.909041
MARCOS CAVALCANTI,2025-02-07 16:26:11,25.8,11.9,-19.820943,-37.90318
MARCOS CAVALCANTI,2025-02-07 16:34:31,25.8,11.8,-19.79613,-37.890445
MARCOS CAVALCANTI,2025-02-07 16:50:31,26.2,11.8,-19.748918,-37.866381
MARCOS CAVALCANTI,2025-02-07 16:51:11,26.7,11.7,-19.747023,-37.865385
MARCOS CAVALCANTI,2025-02-07 16:51:40,26.6,11.7,-19.745556,-37.864621
MARCOS CAVALCANTI,2025-02-07 16:52:11,27.0,11.8,-19.744095,-37.863835
MARCOS CAVALCANTI,2025-02-07 16:53:00,26.3,11.8,-19.741655,-37.862518
MARCOS CAVALCANTI,2025-02-07 16:54:00,26.6,11.7,-19.738745,-37.860975
MARCOS CAVALCANTI,2025-02-07 16:56:40,26.6,11.7,-19.730965,-37.85692
MARCOS CAVALCANTI,2025-02-07 17:01:52,26.0,11.8,-19.715721,-37.84896
MARCOS CAVALCANTI,2025-02-07 17:05:21,26.3,11.8,-19.705503,-37.843668
MARCOS CAVALCANTI,2025-02-07 18:16:12,27.3,11.7,-19.502668,-37.728605
MARCOS CAVALCANTI,2025-02-07 18:23:21,27.5,11.7,-19.481983,-37.717316
MARCOS CAVALCANTI,2025-02-07 18:25:32,26.7,11.8,-19.475605,-37.713825
MARCOS CAVALCANTI,2025-02-07 18:37:22,26.2,11.9,-19.440986,-37.69549
MARCOS CAVALCANTI,2025-02-07 18:42:11,26.1,11.9,-19.426635,-37.688135
MARCOS CAVALCANTI,2025-02-07 18:43:21,26.4,11.9,-19.423148,-37.686286
MARCOS CAVALCANTI,2025-02-07 18:47:01,26.3,12.0,-19.412245,-37.680621
MARCOS CAVALCANTI,2025-02-07 18:49:32,25.9,12.0,-19.40473,-37.676781
MARCOS CAVALCANTI,2025-02-07 18:52:01,25.9,12.0,-19.397325,-37.672961
MARCOS CAVALCANTI,2025-02-07 19:20:22,24.8,12.0,-19.31167,-37.629913
MARCOS CAVALCANTI,2025-02-07 20:28:12,28.4,12.4,-19.102171,-37.522
MARCOS CAVALCANTI,2025-02-07 20:31:12,28.4,12.3,-19.093056,-37.516801
MARCOS CAVALCANTI,2025-02-07 21:00:41,29.0,12.4,-19.003931,-37.464866
MARCOS CAVALCANTI,2025-02-07 21:02:51,28.3,12.4,-18.997426,-37.461105
MARCOS CAVALCANTI,2025-02-07 21:05:22,30.4,12.4,-18.989811,-37.456626
MARCOS CAVALCANTI,2025-02-07 21:33:22,30.7,12.3,-18.905955,-37.405933
MARCOS CAVALCANTI,2025-02-07 21:37:50,30.8,12.4,-18.892643,-37.397683
MARCOS CAVALCANTI,2025-02-07 21:40:12,31.1,12.4,-18.88567,-37.393376
MARCOS CAVALCANTI,2025-02-07 21:43:31,25.5,12.2,-18.875631,-37.387826
MARCOS CAVALCANTI,2025-02-07 22:07:42,26.6,12.3,-18.800598,-37.350198
MARCOS CAVALCANTI,2025-02-07 22:10:23,27.3,12.3,-18.79246,-37.345846
MARCOS CAVALCANTI,2025-02-07 22:13:23,27.0,12.2,-18.783381,-37.340978
MARCOS CAVALCANTI,2025-02-07 22:43:41,26.4,12.1,-18.691486,-37.293775
MARCOS CAVALCANTI,2025-02-07 22:50:01,26.2,12.1,-18.672188,-37.283943
MARCOS CAVALCANTI,2025-02-07 22:53:02,25.1,12.1,-18.663123,-37.279401
MARCOS CAVALCANTI,2025-02-07 23:14:02,25.1,12.1,-18.599303,-37.24759
MARCOS CAVALCANTI,2025-02-07 23:20:00,25.3,12.0,-18.581211,-37.238615
MARCOS CAVALCANTI,2025-02-07 23:22:41,25.6,11.9,-18.573126,-37.234611
MARCOS CAVALCANTI,2025-02-07 23:27:21,24.8,12.0,-18.559011,-37.227483
MARCOS CAVALCANTI,2025-02-07 23:36:12,26.3,12.1,-18.532116,-37.214058
MARCOS CAVALCANTI,2025-02-07 23:41:12,25.9,12.1,-18.516956,-37.206481
MARCOS CAVALCANTI,2025-02-08 00:54:21,27.1,12.0,-18.296733,-37.091908
MARCOS CAVALCANTI,2025-02-08 01:04:40,27.6,12.1,-18.265696,-37.075523
MARCOS CAVALCANTI,2025-02-08 01:12:51,27.1,12.1,-18.241213,-37.06238
MARCOS CAVALCANTI,2025-02-08 01:19:11,27.4,12.1,-18.222403,-37.052111
MARCOS CAVALCANTI,2025-02-08 01:21:51,27.6,12.1,-18.214551,-37.047646
MARCOS CAVALCANTI,2025-02-08 01:25:41,27.6,12.1,-18.20302,-37.041411
MARCOS CAVALCANTI,2025-02-08 01:46:02,28.2,12.1,-18.142425,-37.00784
MARCOS CAVALCANTI,2025-02-08 01:49:32,27.5,12.0,-18.132026,-37.001985
MARCOS CAVALCANTI,2025-02-08 01:52:51,28.2,12.0,-18.122183,-36.996498
MARCOS CAVALCANTI,2025-02-08 03:02:02,24.5,12.0,-17.917293,-36.885911
MARCOS CAVALCANTI,2025-02-08 03:04:51,22.8,12.0,-17.908541,-36.882013
MARCOS CAVALCANTI,2025-02-08 03:07:21,22.8,12.1,-17.900856,-36.87863
MARCOS CAVALCANTI,2025-02-08 03:09:52,21.2,12.0,-17.893063,-36.875275
MARCOS CAVALCANTI,2025-02-08 03:28:43,20.0,12.2,-17.833498,-36.852135
MARCOS CAVALCANTI,2025-02-08 03:30:51,19.9,12.2,-17.826745,-36.849561
MARCOS CAVALCANTI,2025-02-08 03:33:51,19.1,12.1,-17.817125,-36.846038
MARCOS CAVALCANTI,2025-02-08 03:36:52,20.3,12.1,-17.807528,-36.842473
MARCOS CAVALCANTI,2025-02-08 04:49:01,21.8,12.3,-17.578518,-36.744023
MARCOS CAVALCANTI,2025-02-08 04:49:31,22.5,12.3,-17.576988,-36.743368
MARCOS CAVALCANTI,2025-02-08 04:51:31,22.9,12.3,-17.57063,-36.740651
MARCOS CAVALCANTI,2025-02-08 04:52:12,22.1,12.3,-17.568421,-36.7397
MARCOS CAVALCANTI,2025-02-08 04:54:21,22.2,12.3,-17.561655,-36.736803
MARCOS CAVALCANTI,2025-02-08 04:55:21,22.2,12.3,-17.558511,-36.735461
MARCOS CAVALCANTI,2025-02-08 05:20:21,23.7,12.3,-17.480003,-36.699606
MARCOS CAVALCANTI,2025-02-08 05:39:42,23.9,12.3,-17.41931,-36.671278
MARCOS CAVALCANTI,2025-02-08 05:48:11,23.9,12.3,-17.392706,-36.658875
MARCOS CAVALCANTI,2025-02-08 06:36:41,24.4,11.9,-17.242913,-36.590671
MARCOS CAVALCANTI,2025-02-08 06:39:22,23.9,11.8,-17.234821,-36.586971
MARCOS CAVALCANTI,2025-02-08 06:45:22,24.9,11.8,-17.216683,-36.578666
MARCOS CAVALCANTI,2025-02-08 08:21:01,25.8,11.9,-16.928163,-36.441975
MARCOS CAVALCANTI,2025-02-08 08:24:51,25.7,11.9,-16.91668,-36.43626
MARCOS CAVALCANTI,2025-02-08 09:33:41,21.3,12.2,-16.705586,-36.339866
MARCOS CAVALCANTI,2025-02-08 10:09:41,20.5,12.2,-16.590633,-36.293925
MARCOS CAVALCANTI,2025-02-08 10:43:32,21.6,12.1,-16.483868,-36.250263
MARCOS CAVALCANTI,2025-02-08 10:47:01,22.9,12.2,-16.472851,-36.245591
MARCOS CAVALCANTI,2025-02-08 11:09:51,21.6,12.1,-16.40131,-36.215175
MARCOS CAVALCANTI,2025-02-08 11:12:20,21.9,12.1,-16.393458,-36.211866
MARCOS CAVALCANTI,2025-02-08 11:14:41,21.9,12.1,-16.386128,-36.208778
MARCOS CAVALCANTI,2025-02-08 11:18:51,22.1,12.2,-16.372948,-36.203278
MARCOS CAVALCANTI,2025-02-08 11:19:00,22.0,12.2,-16.372478,-36.203085
MARCOS CAVALCANTI,2025-02-08 11:40:00,21.5,12.3,-16.306143,-36.175918
MARCOS CAVALCANTI,2025-02-08 11:40:21,20.4,12.3,-16.305021,-36.175473
MARCOS CAVALCANTI,2025-02-08 11:47:22,23.7,12.4,-16.282663,-36.166318
MARCOS CAVALCANTI,2025-02-08 11:56:02,24.2,12.4,-16.255236,-36.153743
MARCOS CAVALCANTI,2025-02-08 12:22:03,23.4,12.6,-16.172636,-36.116096
MARCOS CAVALCANTI,2025-02-08 12:30:43,23.3,12.6,-16.144663,-36.10366
MARCOS CAVALCANTI,2025-02-08 12:55:10,23.2,12.4,-16.0664,-36.069273
MARCOS CAVALCANTI,2025-02-08 12:55:21,22.8,12.3,-16.065871,-36.069043
MARCOS CAVALCANTI,2025-02-08 14:29:53,24.4,12.4,-15.762671,-35.938016
MARCOS CAVALCANTI,2025-02-08 14:33:22,24.2,12.5,-15.75161,-35.932881
MARCOS CAVALCANTI,2025-02-08 14:36:02,23.9,12.5,-15.74317,-35.92898
MARCOS CAVALCANTI,2025-02-08 14:38:52,23.9,12.5,-15.734101,-35.924786
MARCOS CAVALCANTI,2025-02-08 15:23:43,24.8,12.5,-15.59121,-35.857963
MARCOS CAVALCANTI,2025-02-08 15:26:22,24.7,12.5,-15.58287,-35.853968
MARCOS CAVALCANTI,2025-02-08 15:28:51,24.3,12.5,-15.574956,-35.850193
MARCOS CAVALCANTI,2025-02-08 15:37:52,25.0,12.5,-15.546351,-35.836458
MARCOS CAVALCANTI,2025-02-08 15:55:11,24.9,12.4,-15.491646,-35.810011
MARCOS CAVALCANTI,2025-02-08 16:00:50,26.6,12.4,-15.473938,-35.801371
MARCOS CAVALCANTI,2025-02-08 16:04:50,25.8,12.4,-15.461493,-35.795168
MARCOS CAVALCANTI,2025-02-08 16:15:11,26.1,12.3,-15.429518,-35.779165
MARCOS CAVALCANTI,2025-02-08 16:21:51,26.6,12.4,-15.408925,-35.76885
MARCOS CAVALCANTI,2025-02-08 17:07:20,22.6,12.5,-15.265938,-35.703558
MARCOS CAVALCANTI,2025-02-08 17:09:00,23.8,12.5,-15.260595,-35.701276
MARCOS CAVALCANTI,2025-02-08 17:09:20,22.6,12.5,-15.259535,-35.700815
MARCOS CAVALCANTI,2025-02-08 17:11:32,23.5,12.5,-15.252593,-35.697743
MARCOS CAVALCANTI,2025-02-08 17:15:32,23.5,12.4,-15.239881,-35.692105
MARCOS CAVALCANTI,2025-02-08 17:18:41,23.1,12.3,-15.229876,-35.687636
MARCOS CAVALCANTI,2025-02-08 17:38:50,23.0,12.3,-15.166043,-35.659276
MARCOS CAVALCANTI,2025-02-08 17:41:41,23.5,12.3,-15.157028,-35.655276
MARCOS CAVALCANTI,2025-02-08 17:44:40,23.9,12.3,-15.14766,-35.651045
MARCOS CAVALCANTI,2025-02-08 17:47:11,23.7,12.3,-15.13979,-35.647481
MARCOS CAVALCANTI,2025-02-08 18:55:00,24.1,12.0,-14.93052,-35.55215
MARCOS CAVALCANTI,2025-02-08 20:10:02,22.1,12.2,-14.695315,-35.451381
MARCOS CAVALCANTI,2025-02-08 20:35:41,20.6,12.5,-14.612808,-35.418518
MARCOS CAVALCANTI,2025-02-08 20:43:01,20.2,12.4,-14.588966,-35.40929
MARCOS CAVALCANTI,2025-02-08 21:10:52,22.7,12.4,-14.499655,-35.373423
MARCOS CAVALCANTI,2025-02-08 21:15:51,24.0,12.4,-14.484015,-35.366283
MARCOS CAVALCANTI,2025-02-08 21:18:32,24.3,12.4,-14.475516,-35.362453
MARCOS CAVALCANTI,2025-02-08 21:45:53,25.0,12.3,-14.389701,-35.32332
MARCOS CAVALCANTI,2025-02-08 21:51:42,24.2,12.3,-14.37143,-35.314975
MARCOS CAVALCANTI,2025-02-08 21:54:22,23.7,12.2,-14.363065,-35.31119
MARCOS CAVALCANTI,2025-02-08 22:17:32,23.7,12.2,-14.290906,-35.27846
MARCOS CAVALCANTI,2025-02-08 22:21:11,23.0,12.3,-14.279558,-35.273358
MARCOS CAVALCANTI,2025-02-08 22:24:31,23.8,12.3,-14.269111,-35.268688
MARCOS CAVALCANTI,2025-02-08 22:28:42,23.6,12.2,-14.255911,-35.262803
MARCOS CAVALCANTI,2025-02-08 23:00:02,23.6,12.3,-14.15749,-35.219005
MARCOS CAVALCANTI,2025-02-09 00:28:10,24.0,12.5,-13.881561,-35.092346
MARCOS CAVALCANTI,2025-02-09 00:28:51,23.8,12.5,-13.87939,-35.09138
MARCOS CAVALCANTI,2025-02-09 00:29:00,24.2,12.5,-13.87897,-35.091193
MARCOS CAVALCANTI,2025-02-09 00:29:51,24.0,12.5,-13.876228,-35.089933
MARCOS CAVALCANTI,2025-02-09 00:30:41,23.4,12.6,-13.873596,-35.088728
MARCOS CAVALCANTI,2025-02-09 00:37:31,24.3,12.5,-13.851863,-35.07877
MARCOS CAVALCANTI,2025-02-09 00:38:51,24.4,12.5,-13.847525,-35.076791
MARCOS CAVALCANTI,2025-02-09 00:39:51,24.1,12.5,-13.844326,-35.075308
MARCOS CAVALCANTI,2025-02-09 00:40:00,24.6,12.5,-13.84385,-35.075085
MARCOS CAVALCANTI,2025-02-09 00:42:22,24.0,12.5,-13.836375,-35.071666
MARCOS CAVALCANTI,2025-02-09 02:05:52,23.4,12.5,-13.570771,-34.951935
MARCOS CAVALCANTI,2025-02-09 02:30:52,23.7,12.4,-13.491341,-34.915806
MARCOS CAVALCANTI,2025-02-09 02:34:52,23.3,12.4,-13.478738,-34.910058
MARCOS CAVALCANTI,2025-02-09 03:46:42,20.4,12.5,-13.249053,-34.811123
MARCOS CAVALCANTI,2025-02-09 03:48:22,20.5,12.5,-13.243671,-34.809073
MARCOS CAVALCANTI,2025-02-09 03:51:43,20.9,12.5,-13.232743,-34.80487
MARCOS CAVALCANTI,2025-02-09 03:53:00,20.5,12.5,-13.22846,-34.803221
MARCOS CAVALCANTI,2025-02-09 03:55:53,20.7,12.5,-13.219151,-34.799666
MARCOS CAVALCANTI,2025-02-09 04:16:31,21.8,12.4,-13.1521,-34.773321
MARCOS CAVALCANTI,2025-02-09 04:20:11,22.7,12.4,-13.140348,-34.768408
MARCOS CAVALCANTI,2025-02-09 04:38:41,24.2,12.2,-13.082375,-34.741988
MARCOS CAVALCANTI,2025-02-09 04:43:13,24.0,12.2,-13.068235,-34.735521
MARCOS CAVALCANTI,2025-02-09 04:48:31,24.2,12.3,-13.051653,-34.728035
MARCOS CAVALCANTI,2025-02-09 05:33:11,23.7,12.6,-12.910501,-34.664531
MARCOS CAVALCANTI,2025-02-09 05:40:31,23.8,12.6,-12.886818,-34.654058
MARCOS CAVALCANTI,2025-02-09 05:43:51,23.1,12.6,-12.87608,-34.649403
MARCOS CAVALCANTI,2025-02-09 09:03:43,25.5,12.5,-12.241906,-34.365003
MARCOS CAVALCANTI,2025-02-09 09:09:31,24.5,12.6,-12.223396,-34.35636
MARCOS CAVALCANTI,2025-02-09 09:37:22,21.9,12.6,-12.133978,-34.318048
MARCOS CAVALCANTI,2025-02-09 09:40:42,21.8,12.5,-12.123153,-34.31363
MARCOS CAVALCANTI,2025-02-09 10:09:41,21.5,12.6,-12.028685,-34.275495
MARCOS CAVALCANTI,2025-02-09 10:13:30,20.9,12.5,-12.0163,-34.270575
MARCOS CAVALCANTI,2025-02-09 10:16:21,20.8,12.5,-12.006978,-34.266901
MARCOS CAVALCANTI,2025-02-09 10:20:30,20.8,12.5,-11.993466,-34.261558
MARCOS CAVALCANTI,2025-02-09 10:41:30,21.1,12.4,-11.925133,-34.234348
MARCOS CAVALCANTI,2025-02-09 10:51:30,22.4,12.4,-11.893041,-34.220995
MARCOS CAVALCANTI,2025-02-09 10:51:42,22.4,12.4,-11.892471,-34.220748
MARCOS CAVALCANTI,2025-02-09 10:54:22,23.5,12.4,-11.884008,-34.217135
MARCOS CAVALCANTI,2025-02-09 11:00:11,23.2,12.3,-11.865566,-34.209068
MARCOS CAVALCANTI,2025-02-09 11:01:11,23.0,12.3,-11.862418,-34.207683
MARCOS CAVALCANTI,2025-02-09 11:19:02,23.3,12.2,-11.806381,-34.183215
MARCOS CAVALCANTI,2025-02-09 11:22:32,22.2,12.2,-11.795426,-34.178476
MARCOS CAVALCANTI,2025-02-09 11:25:52,23.4,12.2,-11.785098,-34.173943
MARCOS CAVALCANTI,2025-02-09 12:01:41,23.6,12.0,-11.674095,-34.124963
MARCOS CAVALCANTI,2025-02-09 12:16:41,23.3,12.1,-11.628075,-34.104276
MARCOS CAVALCANTI,2025-02-09 12:18:42,24.2,12.0,-11.621955,-34.101526
MARCOS CAVALCANTI,2025-02-09 12:19:21,23.9,12.0,-11.619953,-34.100641
MARCOS CAVALCANTI,2025-02-09 12:41:52,23.9,12.1,-11.550833,-34.069555
MARCOS CAVALCANTI,2025-02-09 14:26:32,22.0,12.0,-11.228256,-33.928966
MARCOS CAVALCANTI,2025-02-09 14:31:32,22.0,12.0,-11.212733,-33.922516
MARCOS CAVALCANTI,2025-02-09 15:15:31,23.5,12.1,-11.076011,-33.864945
MARCOS CAVALCANTI,2025-02-09 15:22:11,24.3,12.0,-11.0555,-33.855573
MARCOS CAVALCANTI,2025-02-09 16:09:21,24.3,12.1,-10.91074,-33.788441
MARCOS CAVALCANTI,2025-02-09 16:11:41,24.3,12.2,-10.903496,-33.785061
MARCOS CAVALCANTI,2025-02-09 16:13:12,24.7,12.1,-10.898876,-33.782908
MARCOS CAVALCANTI,2025-02-09 16:15:32,24.5,12.1,-10.891711,-33.779551
MARCOS CAVALCANTI,2025-02-09 16:18:32,25.0,12.1,-10.882468,-33.775251
MARCOS CAVALCANTI,2025-02-09 16:40:52,24.4,12.0,-10.814208,-33.743383
MARCOS CAVALCANTI,2025-02-09 16:45:31,24.3,12.0,-10.800003,-33.736841
MARCOS CAVALCANTI,2025-02-09 16:48:53,24.7,12.1,-10.789768,-33.732111
MARCOS CAVALCANTI,2025-02-09 17:04:11,23.7,12.1,-10.742531,-33.710941
MARCOS CAVALCANTI,2025-02-09 17:25:38,23.5,12.4,-10.675405,-33.681143
MARCOS CAVALCANTI,2025-02-09 17:25:59,23.0,12.3,-10.67429,-33.68066
MARCOS CAVALCANTI,2025-02-09 19:04:42,21.8,12.0,-10.365643,-33.545268
MARCOS CAVALCANTI,2025-02-09 19:07:12,20.9,12.0,-10.35789,-33.542178
MARCOS CAVALCANTI,2025-02-09 20:13:13,22.5,12.1,-10.150568,-33.460233
MARCOS CAVALCANTI,2025-02-09 20:46:51,24.3,12.1,-10.046206,-33.413968
MARCOS CAVALCANTI,2025-02-09 20:52:11,23.6,12.2,-10.029636,-33.40658
MARCOS CAVALCANTI,2025-02-09 21:20:11,23.0,12.3,-9.942468,-33.367871
MARCOS CAVALCANTI,2025-02-09 21:24:51,23.3,12.4,-9.92779,-33.361421
MARCOS CAVALCANTI,2025-02-09 21:27:52,24.6,12.4,-9.918246,-33.357133
MARCOS CAVALCANTI,2025-02-09 21:31:42,24.3,12.5,-9.906148,-33.351636
MARCOS CAVALCANTI,2025-02-09 21:52:52,23.2,12.4,-9.83891,-33.321936
MARCOS CAVALCANTI,2025-02-09 21:55:41,23.4,12.4,-9.830008,-33.317985
MARCOS CAVALCANTI,2025-02-09 21:59:02,23.5,12.5,-9.819368,-33.313268
MARCOS CAVALCANTI,2025-02-09 22:01:11,23.8,12.4,-9.812478,-33.310278
MARCOS CAVALCANTI,2025-02-09 22:04:51,23.0,12.4,-9.800858,-33.305103
MARCOS CAVALCANTI,2025-02-09 22:37:21,23.1,12.2,-9.698585,-33.260246
MARCOS CAVALCANTI,2025-02-09 23:05:21,24.4,12.3,-9.611205,-33.221771
MARCOS CAVALCANTI,2025-02-09 23:09:22,23.7,12.2,-9.598638,-33.216303
MARCOS CAVALCANTI,2025-02-09 23:09:42,23.5,12.2,-9.597606,-33.215843
MARCOS CAVALCANTI,2025-02-09 23:51:21,24.8,12.2,-9.467425,-33.156751
MARCOS CAVALCANTI,2025-02-09 23:55:20,24.2,12.2,-9.455008,-33.151016
MARCOS CAVALCANTI,2025-02-10 01:06:00,24.7,12.4,-9.23391,-33.049936
MARCOS CAVALCANTI,2025-02-10 01:29:32,24.2,12.4,-9.159818,-33.016568
MARCOS CAVALCANTI,2025-02-10 01:30:41,24.0,12.4,-9.156213,-33.014966
MARCOS CAVALCANTI,2025-02-10 01:35:11,23.6,12.3,-9.141998,-33.008625
MARCOS CAVALCANTI,2025-02-10 02:48:31,21.4,12.4,-8.908446,-32.908635
MARCOS CAVALCANTI,2025-02-10 02:51:32,21.9,12.4,-8.898798,-32.904683
MARCOS CAVALCANTI,2025-02-10 02:54:31,22.8,12.4,-8.889235,-32.900688
MARCOS CAVALCANTI,2025-02-10 02:56:03,22.7,12.4,-8.884418,-32.898631
MARCOS CAVALCANTI,2025-02-10 03:14:01,22.7,12.4,-8.826601,-32.87471
MARCOS CAVALCANTI,2025-02-10 03:16:32,22.8,12.5,-8.818608,-32.871326
MARCOS CAVALCANTI,2025-02-10 03:19:32,22.3,12.5,-8.808991,-32.867311
MARCOS CAVALCANTI,2025-02-10 03:23:52,22.8,12.5,-8.794991,-32.861471
MARCOS CAVALCANTI,2025-02-10 03:38:23,22.7,12.4,-8.748618,-32.841845
MARCOS CAVALCANTI,2025-02-10 03:40:32,23.3,12.4,-8.74172,-32.838906
MARCOS CAVALCANTI,2025-02-10 03:44:12,23.1,12.4,-8.730043,-32.833943
MARCOS CAVALCANTI,2025-02-10 04:30:01,23.5,12.3,-8.5851,-32.770678
MARCOS CAVALCANTI,2025-02-10 04:32:21,24.1,12.3,-8.577761,-32.767481
MARCOS CAVALCANTI,2025-02-10 04:34:33,23.7,12.3,-8.570936,-32.764418
MARCOS CAVALCANTI,2025-02-10 04:38:22,23.6,12.2,-8.559001,-32.759051
MARCOS CAVALCANTI,2025-02-10 04:39:32,24.4,12.3,-8.555373,-32.75741
MARCOS CAVALCANTI,2025-02-10 04:41:12,24.2,12.2,-8.550141,-32.755046
MARCOS CAVALCANTI,2025-02-10 04:42:41,24.2,12.3,-8.545496,-32.752976
MARCOS CAVALCANTI,2025-02-10 04:59:31,24.1,12.2,-8.493056,-32.729263
MARCOS CAVALCANTI,2025-02-10 08:07:38,23.9,12.1,-7.90797,-32.478345
MARCOS CAVALCANTI,2025-02-10 09:10:31,23.3,12.2,-7.712693,-32.3921
MARCOS CAVALCANTI,2025-02-10 09:41:12,22.4,12.3,-7.615556,-32.350513
MARCOS CAVALCANTI,2025-02-10 09:46:11,22.9,12.3,-7.59962,-32.343893
MARCOS CAVALCANTI,2025-02-10 09:49:01,22.4,12.3,-7.590553,-32.340073
MARCOS CAVALCANTI,2025-02-10 09:50:31,22.5,12.3,-7.585778,-32.338041
MARCOS CAVALCANTI,2025-02-10 09:52:12,23.0,12.4,-7.580495,-32.335801
MARCOS CAVALCANTI,2025-02-10 09:53:11,23.2,12.4,-7.577326,-32.334446
MARCOS CAVALCANTI,2025-02-10 09:55:52,22.8,12.3,-7.568868,-32.330863
MARCOS CAVALCANTI,2025-02-10 10:17:51,21.3,12.3,-7.498738,-32.301315
MARCOS CAVALCANTI,2025-02-10 10:21:21,21.9,12.4,-7.487565,-32.29667
MARCOS CAVALCANTI,2025-02-10 10:24:21,22.1,12.4,-7.477916,-32.292743
MARCOS CAVALCANTI,2025-02-10 10:26:51,22.0,12.4,-7.469976,-32.289456
MARCOS CAVALCANTI,2025-02-10 10:31:12,22.9,12.2,-7.456245,-32.283763
MARCOS CAVALCANTI,2025-02-10 10:47:41,22.1,12.4,-7.403925,-32.261928
MARCOS CAVALCANTI,2025-02-10 10:49:00,22.5,12.3,-7.399745,-32.260216
MARCOS CAVALCANTI,2025-02-10 10:49:41,21.9,12.3,-7.397631,-32.25935
MARCOS CAVALCANTI,2025-02-10 10:50:00,21.8,12.3,-7.396623,-32.258936
MARCOS CAVALCANTI,2025-02-10 10:50:11,22.4,12.4,-7.39604,-32.2587
MARCOS CAVALCANTI,2025-02-10 10:54:12,21.9,12.4,-7.383183,-32.253415
MARCOS CAVALCANTI,2025-02-10 10:58:12,22.3,12.4,-7.370376,-32.248175
MARCOS CAVALCANTI,2025-02-10 11:00:31,22.6,12.4,-7.362951,-32.245088
MARCOS CAVALCANTI,2025-02-10 13:13:00,21.9,12.5,-6.93394,-32.071285
MARCOS CAVALCANTI,2025-02-10 13:23:42,24.4,12.5,-6.89982,-32.056428
MARCOS CAVALCANTI,2025-02-10 14:17:21,27.0,12.4,-6.730093,-31.977393
MARCOS CAVALCANTI,2025-02-10 14:19:32,26.3,12.4,-6.723401,-31.973986
MARCOS CAVALCANTI,2025-02-10 14:22:51,25.1,12.5,-6.713093,-31.968833
MARCOS CAVALCANTI,2025-02-10 15:10:01,24.5,12.7,-6.563431,-31.89611
MARCOS CAVALCANTI,2025-02-10 15:13:12,24.5,12.7,-6.553193,-31.891476
MARCOS CAVALCANTI,2025-02-10 15:16:12,25.0,12.7,-6.543458,-31.887008
MARCOS CAVALCANTI,2025-02-10 15:17:12,24.8,12.6,-6.540338,-31.885535
MARCOS CAVALCANTI,2025-02-10 15:38:41,25.4,12.5,-6.471956,-31.85446
MARCOS CAVALCANTI,2025-02-10 15:42:11,22.5,12.4,-6.460735,-31.849671
MARCOS CAVALCANTI,2025-02-10 15:49:40,23.4,12.5,-6.43654,-31.839525
MARCOS CAVALCANTI,2025-02-10 16:00:11,22.7,12.5,-6.402626,-31.825266
MARCOS CAVALCANTI,2025-02-10 16:02:51,22.3,12.5,-6.393956,-31.821728
MARCOS CAVALCANTI,2025-02-10 16:03:00,22.8,12.6,-6.393468,-31.82153
MARCOS CAVALCANTI,2025-02-10 16:03:21,21.6,12.6,-6.392326,-31.821075
MARCOS CAVALCANTI,2025-02-10 16:03:41,21.8,12.6,-6.39125,-31.820623
MARCOS CAVALCANTI,2025-02-10 16:04:40,21.6,12.6,-6.388013,-31.819321
MARCOS CAVALCANTI,2025-02-10 16:05:30,22.9,12.6,-6.38528,-31.818231
MARCOS CAVALCANTI,2025-02-10 16:06:00,22.2,12.6,-6.383595,-31.817553
MARCOS CAVALCANTI,2025-02-10 16:06:01,22.2,12.6,-6.383595,-31.817553
MARCOS CAVALCANTI,2025-02-10 16:06:50,21.7,12.6,-6.380943,-31.816458
MARCOS CAVALCANTI,2025-02-10 16:07:50,22.9,12.5,-6.37771,-31.81513
MARCOS CAVALCANTI,2025-02-10 16:08:30,21.8,12.6,-6.375593,-31.814255
MARCOS CAVALCANTI,2025-02-10 16:10:01,21.5,12.6,-6.37065,-31.812208
MARCOS CAVALCANTI,2025-02-10 16:53:41,21.9,12.6,-6.228656,-31.753706
MARCOS CAVALCANTI,2025-02-10 16:56:02,22.6,12.6,-6.221033,-31.750631
MARCOS CAVALCANTI,2025-02-10 17:39:09,22.8,12.5,-6.079896,-31.692878
MARCOS CAVALCANTI,2025-02-10 17:44:20,22.7,12.6,-6.063161,-31.685948
MARCOS CAVALCANTI,2025-02-10 20:22:11,23.3,12.6,-5.552065,-31.46264
MARCOS CAVALCANTI,2025-02-10 20:24:51,21.2,12.6,-5.543383,-31.459096
MARCOS CAVALCANTI,2025-02-10 20:34:33,22.9,12.6,-5.512116,-31.446106
MARCOS CAVALCANTI,2025-02-10 20:55:42,21.7,12.6,-5.443465,-31.417835
MARCOS CAVALCANTI,2025-02-10 21:00:32,21.4,12.6,-5.427733,-31.41148
MARCOS CAVALCANTI,2025-02-10 21:03:02,22.6,12.5,-5.419633,-31.408181
MARCOS CAVALCANTI,2025-02-10 21:31:40,23.9,12.5,-5.328771,-31.367426
MARCOS CAVALCANTI,2025-02-10 21:36:21,25.2,12.5,-5.313763,-31.360758
MARCOS CAVALCANTI,2025-02-10 21:39:50,23.9,12.6,-5.302758,-31.35588
MARCOS CAVALCANTI,2025-02-10 22:04:51,22.6,12.6,-5.222335,-31.320831
MARCOS CAVALCANTI,2025-02-10 22:10:40,22.9,12.5,-5.203446,-31.312703
MARCOS CAVALCANTI,2025-02-10 22:12:32,22.8,12.6,-5.19749,-31.31014
MARCOS CAVALCANTI,2025-02-10 22:13:01,24.6,12.6,-5.195886,-31.30944
MARCOS CAVALCANTI,2025-02-10 22:17:01,23.5,12.7,-5.183065,-31.303885
MARCOS CAVALCANTI,2025-02-10 22:43:00,22.6,12.5,-5.09997,-31.26785
MARCOS CAVALCANTI,2025-02-11 00:07:42,22.6,12.3,-4.83047,-31.154235
MARCOS CAVALCANTI,2025-02-11 00:08:01,22.0,12.3,-4.829406,-31.153803
MARCOS CAVALCANTI,2025-02-11 00:08:51,21.5,12.4,-4.826803,-31.152753
MARCOS CAVALCANTI,2025-02-11 00:09:01,21.3,12.4,-4.826275,-31.152535
MARCOS CAVALCANTI,2025-02-11 00:10:01,23.4,12.3,-4.823105,-31.151225
MARCOS CAVALCANTI,2025-02-11 00:11:11,22.3,12.2,-4.81941,-31.149701
MARCOS CAVALCANTI,2025-02-11 00:11:21,22.9,12.3,-4.818831,-31.149466
MARCOS CAVALCANTI,2025-02-11 00:11:25,22.8,12.3,-4.82099,-31.150353
MARCOS CAVALCANTI,2025-02-11 00:11:40,22.1,12.4,-4.817821,-31.149056
MARCOS CAVALCANTI,2025-02-11 00:48:21,24.2,12.3,-4.702625,-31.099683
MARCOS CAVALCANTI,2025-02-11 00:48:32,23.8,12.2,-4.702103,-31.099461
MARCOS CAVALCANTI,2025-02-11 00:49:00,23.8,12.2,-4.700588,-31.09878
MARCOS CAVALCANTI,2025-02-11 00:49:32,25.0,12.2,-4.698983,-31.09806
MARCOS CAVALCANTI,2025-02-11 00:50:32,23.5,12.2,-4.695833,-31.096696
MARCOS CAVALCANTI,2025-02-11 00:51:32,24.7,12.2,-4.692771,-31.09533
MARCOS CAVALCANTI,2025-02-11 00:54:21,23.4,12.1,-4.684001,-31.09143
MARCOS CAVALCANTI,2025-02-11 01:52:52,22.9,12.2,-4.500941,-31.012478
MARCOS CAVALCANTI,2025-02-11 01:55:52,23.1,12.3,-4.491411,-31.008521
MARCOS CAVALCANTI,2025-02-11 02:17:01,22.7,12.4,-4.424558,-30.980021
MARCOS CAVALCANTI,2025-02-11 02:40:31,23.6,12.1,-4.351415,-30.94793
MARCOS CAVALCANTI,2025-02-11 02:44:31,22.9,12.1,-4.3389,-30.942553
MARCOS CAVALCANTI,2025-03-28 01:50:17,103.3,10.2,6.338888,-51.211453
MARCOS CAVALCANTI,2025-03-28 01:50:29,103.3,10.3,6.338755,-51.210893
MARCOS CAVALCANTI,2025-03-28 01:50:49,103.3,10.2,6.338533,-51.209966
MARCOS CAVALCANTI,2025-03-28 01:51:49,102.5,10.4,6.337843,-51.207175
MARCOS CAVALCANTI,2025-03-28 01:52:57,104.7,10.4,6.337016,-51.20403
MARCOS CAVALCANTI,2025-03-28 01:53:57,103.7,10.4,6.336311,-51.201228
MARCOS CAVALCANTI,2025-03-28 01:54:28,102.6,10.4,6.335966,-51.199811
MARCOS CAVALCANTI,2025-03-28 01:54:47,101.1,10.5,6.335761,-51.198935
MARCOS CAVALCANTI,2025-03-28 04:48:49,106.2,10.3,6.203556,-50.714431
MARCOS CAVALCANTI,2025-03-28 04:51:39,106.9,10.4,6.201333,-50.706433
MARCOS CAVALCANTI,2025-03-28 04:54:48,105.9,10.7,6.198946,-50.697491
MARCOS CAVALCANTI,2025-03-28 05:18:58,105.6,10.7,6.180421,-50.628286
MARCOS CAVALCANTI,2025-03-28 05:21:18,104.3,10.8,6.17856,-50.621561
MARCOS CAVALCANTI,2025-03-28 05:22:48,102.5,10.6,6.177428,-50.617258
MARCOS CAVALCANTI,2025-03-28 05:24:57,105.5,10.7,6.175871,-50.61097
MARCOS CAVALCANTI,2025-03-28 05:52:48,106.0,10.2,6.154348,-50.531466
MARCOS CAVALCANTI,2025-03-28 06:31:29,104.8,10.3,6.121535,-50.42351
MARCOS CAVALCANTI,2025-03-28 06:39:48,103.6,10.0,6.114645,-50.400426
MARCOS CAVALCANTI,2025-03-28 09:03:39,116.4,10.4,5.990928,-49.997556
MARCOS CAVALCANTI,2025-03-28 10:41:58,116.3,10.8,5.862943,-49.734531
MARCOS CAVALCANTI,2025-03-28 10:45:18,117.5,10.6,5.858413,-49.725595
MARCOS CAVALCANTI,2025-03-28 10:46:36,116.4,10.7,5.85665,-49.722048
MARCOS CAVALCANTI,2025-03-28 10:48:37,117.6,10.7,5.854035,-49.716706
MARCOS CAVALCANTI,2025-03-28 10:50:36,115.0,10.7,5.851325,-49.71131
MARCOS CAVALCANTI,2025-03-28 11:10:18,116.2,10.7,5.824516,-49.65884
MARCOS CAVALCANTI,2025-03-28 11:12:28,117.3,10.7,5.821671,-49.653038
MARCOS CAVALCANTI,2025-03-28 11:15:08,116.5,10.7,5.818021,-49.645938
MARCOS CAVALCANTI,2025-03-28 11:33:28,117.8,10.5,5.793345,-49.597641
MARCOS CAVALCANTI,2025-03-28 11:35:18,118.2,10.4,5.790768,-49.59286
MARCOS CAVALCANTI,2025-03-28 11:37:48,117.0,10.6,5.787528,-49.586311
MARCOS CAVALCANTI,2025-03-28 11:40:08,116.6,10.7,5.784293,-49.580193
MARCOS CAVALCANTI,2025-03-28 12:26:07,117.7,10.7,5.718086,-49.462078
MARCOS CAVALCANTI,2025-03-28 12:26:37,121.7,10.6,5.717311,-49.460738
MARCOS CAVALCANTI,2025-03-28 12:28:27,118.3,10.7,5.714576,-49.455983
MARCOS CAVALCANTI,2025-03-28 12:28:48,119.5,10.7,5.714066,-49.455126
MARCOS CAVALCANTI,2025-03-28 12:28:57,120.4,10.7,5.713838,-49.454743
MARCOS CAVALCANTI,2025-03-28 12:29:17,118.5,10.7,5.713343,-49.453883
MARCOS CAVALCANTI,2025-03-28 12:29:36,122.2,10.7,5.712833,-49.453028
MARCOS CAVALCANTI,2025-03-28 12:30:07,122.3,10.6,5.712063,-49.451725
MARCOS CAVALCANTI,2025-03-28 12:30:17,124.0,10.5,5.711765,-49.451253
MARCOS CAVALCANTI,2025-03-28 12:30:36,121.7,10.7,5.711273,-49.450458
MARCOS CAVALCANTI,2025-03-28 12:31:17,120.8,10.6,5.710286,-49.448763
MARCOS CAVALCANTI,2025-03-28 12:31:28,123.1,10.7,5.709983,-49.448246
MARCOS CAVALCANTI,2025-03-28 12:32:36,120.6,10.7,5.708301,-49.445296
MARCOS CAVALCANTI,2025-03-28 12:33:17,123.0,10.5,5.707298,-49.443595
MARCOS CAVALCANTI,2025-03-28 12:33:28,122.5,10.5,5.707016,-49.443131
MARCOS CAVALCANTI,2025-03-28 12:34:28,123.1,10.6,5.70552,-49.440618
MARCOS CAVALCANTI,2025-03-28 13:24:29,117.9,10.6,5.631463,-49.312738
MARCOS CAVALCANTI,2025-03-28 13:24:58,120.4,10.4,5.630783,-49.311543
MARCOS CAVALCANTI,2025-03-28 13:25:58,123.4,10.6,5.629258,-49.308953
MARCOS CAVALCANTI,2025-03-28 13:26:07,122.3,10.7,5.629036,-49.308566
MARCOS CAVALCANTI,2025-03-28 13:26:29,120.7,10.8,5.628476,-49.30764
MARCOS CAVALCANTI,2025-03-28 13:26:39,119.6,10.7,5.628248,-49.307265
MARCOS CAVALCANTI,2025-03-28 13:27:29,119.7,10.6,5.626991,-49.305081
MARCOS CAVALCANTI,2025-03-28 13:27:49,123.0,10.6,5.626503,-49.304226
MARCOS CAVALCANTI,2025-03-28 13:28:18,122.5,10.8,5.625788,-49.302991
MARCOS CAVALCANTI,2025-03-28 13:28:39,121.4,10.6,5.625273,-49.302091
MARCOS CAVALCANTI,2025-03-28 13:29:29,122.8,10.6,5.62401,-49.29996
MARCOS CAVALCANTI,2025-03-28 13:32:58,118.6,10.6,5.618783,-49.290988
MARCOS CAVALCANTI,2025-03-28 15:28:39,117.1,10.6,5.4486,-48.98799
MARCOS CAVALCANTI,2025-03-28 15:52:57,119.6,11.0,5.413425,-48.922966
MARCOS CAVALCANTI,2025-03-28 15:53:09,120.1,10.9,5.41318,-48.92252
MARCOS CAVALCANTI,2025-03-28 15:55:26,118.9,11.0,5.409746,-48.916321
MARCOS CAVALCANTI,2025-03-28 15:56:36,117.7,10.8,5.408015,-48.913201
MARCOS CAVALCANTI,2025-03-28 15:57:49,119.8,11.0,5.406311,-48.910125
MARCOS CAVALCANTI,2025-03-28 16:00:58,114.6,11.0,5.401825,-48.901698
MARCOS CAVALCANTI,2025-03-28 16:07:08,118.4,10.6,5.392901,-48.885408
MARCOS CAVALCANTI,2025-03-28 16:27:17,114.3,11.2,5.36402,-48.831835
MARCOS CAVALCANTI,2025-03-28 16:33:17,116.6,10.9,5.355398,-48.81578
MARCOS CAVALCANTI,2025-03-28 17:06:08,118.3,11.1,5.307968,-48.728028
MARCOS CAVALCANTI,2025-03-28 17:11:48,118.4,11.1,5.299625,-48.712675
MARCOS CAVALCANTI,2025-03-28 17:13:58,118.6,11.2,5.296433,-48.706775
MARCOS CAVALCANTI,2025-03-28 17:38:48,116.0,11.0,5.260821,-48.63895
MARCOS CAVALCANTI,2025-03-28 17:43:18,117.3,10.9,5.254426,-48.626656
MARCOS CAVALCANTI,2025-03-28 21:43:18,120.8,10.9,4.905181,-47.987996
MARCOS CAVALCANTI,2025-03-28 21:47:48,118.9,10.8,4.89836,-47.976325
MARCOS CAVALCANTI,2025-03-28 21:52:58,120.7,10.7,4.89056,-47.962955
MARCOS CAVALCANTI,2025-03-28 22:12:29,116.8,10.9,4.862666,-47.911463
MARCOS CAVALCANTI,2025-03-28 22:16:28,117.0,10.8,4.857561,-47.900631
MARCOS CAVALCANTI,2025-03-28 22:18:49,114.1,10.8,4.854545,-47.8942
MARCOS CAVALCANTI,2025-03-28 22:20:57,116.2,10.7,4.851815,-47.888381
MARCOS CAVALCANTI,2025-03-28 23:06:09,112.5,11.0,4.793525,-47.764981
MARCOS CAVALCANTI,2025-03-28 23:06:39,117.3,10.8,4.792856,-47.763568
MARCOS CAVALCANTI,2025-03-28 23:09:49,115.0,10.7,4.78879,-47.754991
MARCOS CAVALCANTI,2025-03-28 23:11:28,116.1,10.8,4.786673,-47.750448
MARCOS CAVALCANTI,2025-03-28 23:14:29,113.6,10.7,4.782908,-47.742323
MARCOS CAVALCANTI,2025-03-28 23:30:27,115.0,10.9,4.762416,-47.698713
MARCOS CAVALCANTI,2025-03-28 23:34:48,114.7,11.0,4.756748,-47.68685
MARCOS CAVALCANTI,2025-03-28 23:57:28,114.0,10.8,4.727573,-47.625125
MARCOS CAVALCANTI,2025-03-29 00:02:08,114.4,10.8,4.721621,-47.612446
MARCOS CAVALCANTI,2025-03-29 00:06:49,118.9,11.0,4.71522,-47.599765
MARCOS CAVALCANTI,2025-03-29 01:05:07,118.5,11.3,4.631365,-47.441663
MARCOS CAVALCANTI,2025-03-29 01:05:37,118.3,11.1,4.630641,-47.440276
MARCOS CAVALCANTI,2025-03-29 01:05:46,115.7,11.2,4.63043,-47.439868
MARCOS CAVALCANTI,2025-03-29 01:06:46,114.4,11.2,4.629005,-47.437083
MARCOS CAVALCANTI,2025-03-29 01:07:58,116.7,11.3,4.627296,-47.433803
MARCOS CAVALCANTI,2025-03-29 03:11:39,120.6,11.4,4.43967,-47.092373
MARCOS CAVALCANTI,2025-03-29 03:46:19,120.6,11.5,4.38485,-46.996446
MARCOS CAVALCANTI,2025-03-29 03:52:38,117.7,11.6,4.37477,-46.978776
MARCOS CAVALCANTI,2025-03-29 04:19:27,118.4,11.5,4.332471,-46.902976
MARCOS CAVALCANTI,2025-03-29 04:22:37,119.4,11.4,4.32754,-46.894216
MARCOS CAVALCANTI,2025-03-29 04:50:47,116.0,11.5,4.284446,-46.815973
MARCOS CAVALCANTI,2025-03-29 04:56:08,118.1,11.3,4.276311,-46.801098
MARCOS CAVALCANTI,2025-03-29 04:58:19,119.9,11.3,4.272975,-46.794995
MARCOS CAVALCANTI,2025-03-29 05:00:08,119.1,11.3,4.270258,-46.789913
MARCOS CAVALCANTI,2025-03-29 05:31:09,116.6,11.4,4.223805,-46.702113
MARCOS CAVALCANTI,2025-03-29 05:34:09,116.4,11.4,4.219475,-46.693623
MARCOS CAVALCANTI,2025-03-29 05:37:28,118.3,11.6,4.214648,-46.68422
MARCOS CAVALCANTI,2025-03-29 09:40:48,117.2,11.0,3.858148,-45.999743
MARCOS CAVALCANTI,2025-03-29 09:44:18,121.5,11.2,3.852851,-45.990291
MARCOS CAVALCANTI,2025-03-29 09:47:18,119.5,11.1,3.848318,-45.982318
MARCOS CAVALCANTI,2025-03-29 09:49:48,117.6,11.0,3.844546,-45.975631
MARCOS CAVALCANTI,2025-03-29 09:51:59,118.3,10.8,3.841353,-45.969906
MARCOS CAVALCANTI,2025-03-29 10:10:47,119.9,10.8,3.813555,-45.920298
MARCOS CAVALCANTI,2025-03-29 10:15:08,116.3,10.9,3.80709,-45.90889
MARCOS CAVALCANTI,2025-03-29 10:32:37,119.1,10.9,3.781088,-45.862758
MARCOS CAVALCANTI,2025-03-29 10:36:47,121.5,11.0,3.774873,-45.851776
MARCOS CAVALCANTI,2025-03-29 10:38:57,120.5,10.8,3.771658,-45.84608
MARCOS CAVALCANTI,2025-03-29 11:29:28,122.2,11.1,3.694681,-45.711758
MARCOS CAVALCANTI,2025-03-29 11:32:09,116.1,10.9,3.690726,-45.704625
MARCOS CAVALCANTI,2025-03-29 11:40:08,117.2,10.7,3.678945,-45.68357
MARCOS CAVALCANTI,2025-03-29 11:53:27,117.9,10.5,3.659583,-45.649468
MARCOS CAVALCANTI,2025-03-29 11:55:57,119.3,10.5,3.65592,-45.643166
MARCOS CAVALCANTI,2025-03-29 12:14:07,119.4,10.4,3.629768,-45.59739
MARCOS CAVALCANTI,2025-03-29 12:15:26,119.5,10.4,3.627825,-45.594035
MARCOS CAVALCANTI,2025-03-29 12:17:47,119.4,10.5,3.624408,-45.588188
MARCOS CAVALCANTI,2025-03-29 14:11:07,115.6,11.1,3.46305,-45.296751
MARCOS CAVALCANTI,2025-03-29 14:14:18,114.8,11.2,3.458596,-45.287985
MARCOS CAVALCANTI,2025-03-29 14:30:17,115.8,11.2,3.436201,-45.243018
MARCOS CAVALCANTI,2025-03-29 14:58:09,114.8,11.6,3.396286,-45.164166
MARCOS CAVALCANTI,2025-03-29 15:01:37,116.2,11.5,3.391171,-45.154255
MARCOS CAVALCANTI,2025-03-29 15:02:36,117.4,11.6,3.389681,-45.151363
MARCOS CAVALCANTI,2025-03-29 15:07:57,116.4,11.5,3.381796,-45.136198
MARCOS CAVALCANTI,2025-03-29 16:09:04,116.7,11.5,3.292338,-44.961993
MARCOS CAVALCANTI,2025-03-29 16:12:35,116.9,11.5,3.287215,-44.952036
MARCOS CAVALCANTI,2025-03-29 16:38:38,117.0,11.5,3.249668,-44.877631
MARCOS CAVALCANTI,2025-03-29 16:43:49,114.9,11.5,3.242125,-44.862881
MARCOS CAVALCANTI,2025-03-29 16:46:38,120.6,11.5,3.237916,-44.854813
MARCOS CAVALCANTI,2025-03-29 17:15:18,118.3,11.5,3.193965,-44.774175
MARCOS CAVALCANTI,2025-03-29 17:45:06,118.4,11.7,3.147501,-44.689441
MARCOS CAVALCANTI,2025-03-29 17:55:37,118.9,11.7,3.131175,-44.659481
MARCOS CAVALCANTI,2025-03-29 20:23:37,121.3,11.9,2.899586,-44.231858
MARCOS CAVALCANTI,2025-03-29 20:52:18,120.0,11.8,2.851708,-44.149618
MARCOS CAVALCANTI,2025-03-29 21:20:57,120.4,11.9,2.803725,-44.068123
MARCOS CAVALCANTI,2025-03-29 22:08:09,118.3,12.0,2.725,-43.9329
MARCOS CAVALCANTI,2025-03-29 22:11:09,118.3,11.9,2.720371,-43.923928
MARCOS CAVALCANTI,2025-03-29 22:12:29,116.3,12.0,2.71836,-43.919975
MARCOS CAVALCANTI,2025-03-29 22:13:17,118.2,12.0,2.71713,-43.91748
MARCOS CAVALCANTI,2025-03-29 22:29:49,115.2,12.0,2.692636,-43.868203
MARCOS CAVALCANTI,2025-03-29 22:32:49,115.2,11.9,2.688226,-43.85924
MARCOS CAVALCANTI,2025-03-29 22:36:27,119.4,12.0,2.68279,-43.848391
MARCOS CAVALCANTI,2025-03-29 23:00:38,115.4,12.0,2.646958,-43.776515
MARCOS CAVALCANTI,2025-03-29 23:04:06,116.6,12.0,2.64161,-43.766248
MARCOS CAVALCANTI,2025-03-29 23:56:47,117.8,12.1,2.560803,-43.609871
MARCOS CAVALCANTI,2025-03-30 00:03:07,118.1,12.2,2.550611,-43.59084
MARCOS CAVALCANTI,2025-03-30 00:04:07,118.0,12.3,2.549006,-43.587843
MARCOS CAVALCANTI,2025-03-30 00:05:26,120.5,12.2,2.546883,-43.583908
MARCOS CAVALCANTI,2025-03-30 00:05:38,118.5,12.4,2.54656,-43.583315
MARCOS CAVALCANTI,2025-03-30 00:05:48,118.8,12.3,2.546286,-43.58282
MARCOS CAVALCANTI,2025-03-30 00:06:27,117.3,12.3,2.545216,-43.580871
MARCOS CAVALCANTI,2025-03-30 01:40:58,118.7,12.0,2.394053,-43.302196
MARCOS CAVALCANTI,2025-03-30 02:53:18,117.7,11.6,2.27694,-43.093011
MARCOS CAVALCANTI,2025-03-30 03:19:08,120.1,11.9,2.236383,-43.018315
MARCOS CAVALCANTI,2025-03-30 03:22:37,119.7,11.8,2.230978,-43.008213
MARCOS CAVALCANTI,2025-03-30 03:24:58,117.7,11.7,2.227386,-43.00153
MARCOS CAVALCANTI,2025-03-30 03:57:37,116.8,12.1,2.176691,-42.906151
MARCOS CAVALCANTI,2025-03-30 04:00:57,116.0,12.0,2.171466,-42.896295
MARCOS CAVALCANTI,2025-03-30 04:29:08,116.2,12.2,2.126896,-42.812698
MARCOS CAVALCANTI,2025-03-30 04:32:38,118.5,12.2,2.121256,-42.802211
MARCOS CAVALCANTI,2025-03-30 04:35:38,116.2,12.3,2.116465,-42.793143
MARCOS CAVALCANTI,2025-03-30 05:03:38,116.6,12.0,2.071568,-42.708856
MARCOS CAVALCANTI,2025-03-30 05:39:46,116.1,12.2,2.01484,-42.600573
MARCOS CAVALCANTI,2025-03-30 05:42:08,118.2,12.3,2.011105,-42.593406
MARCOS CAVALCANTI,2025-03-30 05:50:55,117.5,12.3,1.997106,-42.566863
MARCOS CAVALCANTI,2025-03-30 06:18:48,117.9,12.5,1.952935,-42.48219
MARCOS CAVALCANTI,2025-03-30 08:47:58,118.9,12.8,1.710903,-42.0223
MARCOS CAVALCANTI,2025-03-30 08:48:28,118.8,12.7,1.710023,-42.02076
MARCOS CAVALCANTI,2025-03-30 08:52:39,120.4,12.7,1.702685,-42.007926
MARCOS CAVALCANTI,2025-03-30 09:13:28,121.3,12.7,1.666758,-41.943506
MARCOS CAVALCANTI,2025-03-30 09:32:28,118.0,12.6,1.633988,-41.885193
MARCOS CAVALCANTI,2025-03-30 09:35:29,120.6,12.7,1.628786,-41.875955
MARCOS CAVALCANTI,2025-03-30 09:39:19,117.3,12.6,1.622228,-41.864288
MARCOS CAVALCANTI,2025-03-30 10:25:49,121.2,12.7,1.540685,-41.723343
MARCOS CAVALCANTI,2025-03-30 10:28:17,120.6,12.8,1.536258,-41.715831
MARCOS CAVALCANTI,2025-03-30 10:30:49,120.7,12.8,1.53175,-41.708088
MARCOS CAVALCANTI,2025-03-30 10:32:39,118.3,12.8,1.528553,-41.702435
MARCOS CAVALCANTI,2025-03-30 10:34:49,117.9,12.8,1.52466,-41.695821
MARCOS CAVALCANTI,2025-03-30 10:35:49,120.6,12.7,1.522893,-41.692746
MARCOS CAVALCANTI,2025-03-30 10:53:47,117.9,12.6,1.492501,-41.636998
MARCOS CAVALCANTI,2025-03-30 10:54:47,120.3,12.7,1.490803,-41.633915
MARCOS CAVALCANTI,2025-03-30 10:56:58,119.1,12.6,1.48716,-41.627193
MARCOS CAVALCANTI,2025-03-30 11:01:38,118.1,12.5,1.479235,-41.612945
MARCOS CAVALCANTI,2025-03-30 11:22:58,121.3,12.9,1.441126,-41.54739
MARCOS CAVALCANTI,2025-03-30 11:54:18,119.4,12.8,1.385643,-41.450261
MARCOS CAVALCANTI,2025-03-30 11:54:38,117.3,12.9,1.385038,-41.449175
MARCOS CAVALCANTI,2025-03-30 11:54:59,120.9,12.8,1.384443,-41.448153
MARCOS CAVALCANTI,2025-03-30 11:55:27,116.0,12.7,1.383643,-41.446693
MARCOS CAVALCANTI,2025-03-30 11:55:58,116.8,12.5,1.382735,-41.445096
MARCOS CAVALCANTI,2025-03-30 11:56:07,117.4,12.6,1.382468,-41.444633
MARCOS CAVALCANTI,2025-03-30 11:57:38,117.0,12.6,1.380011,-41.439905
MARCOS CAVALCANTI,2025-03-30 11:58:27,116.5,12.6,1.378721,-41.437278
MARCOS CAVALCANTI,2025-03-30 11:58:38,116.7,12.6,1.378436,-41.436721
MARCOS CAVALCANTI,2025-03-30 11:59:27,115.9,12.7,1.377156,-41.434215
MARCOS CAVALCANTI,2025-03-30 11:59:59,116.6,12.8,1.376308,-41.432558
MARCOS CAVALCANTI,2025-03-30 12:00:08,118.3,12.7,1.376065,-41.432085
MARCOS CAVALCANTI,2025-03-30 12:00:59,117.8,12.6,1.374701,-41.42942
MARCOS CAVALCANTI,2025-03-30 12:12:47,118.5,12.7,1.3556,-41.392416
MARCOS CAVALCANTI,2025-03-30 12:17:48,118.4,12.5,1.347266,-41.376818
MARCOS CAVALCANTI,2025-03-30 12:24:28,117.0,12.8,1.33619,-41.35607
MARCOS CAVALCANTI,2025-03-30 13:34:48,115.4,12.4,1.223028,-41.137345
MARCOS CAVALCANTI,2025-03-30 15:04:48,119.1,12.7,1.082175,-40.853733
MARCOS CAVALCANTI,2025-03-30 15:10:28,120.0,12.5,1.072993,-40.836051
MARCOS CAVALCANTI,2025-03-30 15:15:28,119.7,12.6,1.064781,-40.820498
MARCOS CAVALCANTI,2025-03-30 15:38:58,117.5,12.6,1.024403,-40.748681
MARCOS CAVALCANTI,2025-03-30 15:42:46,119.5,12.7,1.017745,-40.736931
MARCOS CAVALCANTI,2025-03-30 16:13:57,118.4,12.9,0.962568,-40.63998
MARCOS CAVALCANTI,2025-03-30 16:20:09,118.4,12.9,0.95212,-40.620535
MARCOS CAVALCANTI,2025-03-30 16:22:47,120.5,12.7,0.947641,-40.61233
MARCOS CAVALCANTI,2025-03-30 16:57:49,118.4,12.4,0.885833,-40.504746
MARCOS CAVALCANTI,2025-03-30 20:21:27,122.2,12.8,0.53784,-39.86604
MARCOS CAVALCANTI,2025-03-30 21:09:18,118.2,12.7,0.45096,-39.719991
MARCOS CAVALCANTI,2025-03-30 21:11:28,119.9,12.8,0.447216,-39.713266
MARCOS CAVALCANTI,2025-03-30 21:13:48,119.1,12.7,0.443195,-39.706095
MARCOS CAVALCANTI,2025-03-30 21:14:58,121.1,12.7,0.441093,-39.702456
MARCOS CAVALCANTI,2025-03-30 21:27:48,118.2,12.8,0.418793,-39.662613
MARCOS CAVALCANTI,2025-03-30 21:30:27,121.6,12.8,0.41416,-39.65435
MARCOS CAVALCANTI,2025-03-30 21:35:37,119.8,12.9,0.405245,-39.638161
MARCOS CAVALCANTI,2025-03-30 21:56:08,115.6,12.9,0.372436,-39.572525
MARCOS CAVALCANTI,2025-03-30 22:48:49,117.0,13.0,0.29049,-39.402056
MARCOS CAVALCANTI,2025-03-30 22:50:49,117.1,13.0,0.28731,-39.395628
MARCOS CAVALCANTI,2025-03-30 22:53:57,116.4,13.0,0.282461,-39.385501
MARCOS CAVALCANTI,2025-03-30 22:54:29,117.0,12.9,0.28165,-39.383781
MARCOS CAVALCANTI,2025-03-30 22:57:29,115.4,12.9,0.27704,-39.374083
MARCOS CAVALCANTI,2025-03-31 01:53:18,118.6,12.8,-0.054021,-38.84089
MARCOS CAVALCANTI,2025-03-31 02:52:47,113.2,12.6,-0.138545,-38.649843
MARCOS CAVALCANTI,2025-03-31 02:55:17,114.4,12.6,-0.142096,-38.641826
MARCOS CAVALCANTI,2025-03-31 02:58:06,112.3,12.6,-0.146045,-38.632771
MARCOS CAVALCANTI,2025-03-31 03:00:57,113.6,12.7,-0.149958,-38.623635
MARCOS CAVALCANTI,2025-03-31 03:29:28,114.6,12.5,-0.190433,-38.532315
MARCOS CAVALCANTI,2025-03-31 03:36:08,114.1,12.6,-0.199985,-38.511196
MARCOS CAVALCANTI,2025-03-31 03:58:38,115.6,12.7,-0.232328,-38.439503
MARCOS CAVALCANTI,2025-03-31 04:02:37,115.5,12.6,-0.238256,-38.426781
MARCOS CAVALCANTI,2025-03-31 04:04:47,113.6,12.6,-0.241421,-38.419865
MARCOS CAVALCANTI,2025-03-31 04:36:56,115.4,12.6,-0.29003,-38.318526
MARCOS CAVALCANTI,2025-03-31 04:40:49,116.4,12.6,-0.296083,-38.306346
MARCOS CAVALCANTI,2025-03-31 04:43:59,115.4,12.7,-0.300926,-38.296423
MARCOS CAVALCANTI,2025-03-31 05:13:38,118.3,12.5,-0.347965,-38.20405
MARCOS CAVALCANTI,2025-03-31 05:17:47,115.5,12.5,-0.354515,-38.191026
MARCOS CAVALCANTI,2025-03-31 07:46:18,119.8,12.4,-0.600721,-37.739493
MARCOS CAVALCANTI,2025-03-31 07:48:28,117.9,12.4,-0.604338,-37.732925
MARCOS CAVALCANTI,2025-03-31 07:50:29,119.1,12.5,-0.607751,-37.726766
MARCOS CAVALCANTI,2025-03-31 07:53:29,118.3,12.5,-0.612781,-37.717783
MARCOS CAVALCANTI,2025-03-31 08:07:49,118.5,12.3,-0.636456,-37.67446
MARCOS CAVALCANTI,2025-03-31 08:15:27,118.6,12.2,-0.649105,-37.651421
MARCOS CAVALCANTI,2025-03-31 08:31:47,119.3,12.3,-0.67606,-37.602231
MARCOS CAVALCANTI,2025-03-31 08:39:37,121.5,12.4,-0.689145,-37.578561
MARCOS CAVALCANTI,2025-03-31 08:42:48,119.5,12.4,-0.694425,-37.568915
MARCOS CAVALCANTI,2025-03-31 08:45:09,117.9,12.5,-0.69828,-37.561845
MARCOS CAVALCANTI,2025-03-31 09:27:18,117.1,12.5,-0.768511,-37.43454
MARCOS CAVALCANTI,2025-03-31 09:29:17,118.1,12.4,-0.771806,-37.428503
MARCOS CAVALCANTI,2025-03-31 09:32:17,118.8,12.4,-0.776696,-37.419411
MARCOS CAVALCANTI,2025-03-31 09:52:27,119.9,12.4,-0.810836,-37.358578
MARCOS CAVALCANTI,2025-03-31 09:56:47,121.3,12.4,-0.81822,-37.345545
MARCOS CAVALCANTI,2025-03-31 10:01:07,118.7,12.5,-0.825468,-37.332575
MARCOS CAVALCANTI,2025-03-31 10:15:37,120.1,12.4,-0.85007,-37.288981
MARCOS CAVALCANTI,2025-03-31 10:17:48,119.8,12.4,-0.853785,-37.282501
MARCOS CAVALCANTI,2025-03-31 10:21:17,120.5,12.4,-0.859758,-37.272046
MARCOS CAVALCANTI,2025-03-31 10:23:28,119.5,12.4,-0.863491,-37.26552
MARCOS CAVALCANTI,2025-03-31 10:25:58,120.1,12.5,-0.867783,-37.258026
MARCOS CAVALCANTI,2025-03-31 10:57:18,118.9,12.5,-0.920171,-37.162243
MARCOS CAVALCANTI,2025-03-31 11:19:28,116.7,12.6,-0.955886,-37.09361
MARCOS CAVALCANTI,2025-03-31 11:35:38,115.2,12.7,-0.98164,-37.043198
MARCOS CAVALCANTI,2025-03-31 12:34:07,138.4,12.6,-1.111763,-36.888465
MARCOS CAVALCANTI,2025-03-31 13:38:29,134.1,12.5,-1.268878,-36.728415
MARCOS CAVALCANTI,2025-03-31 14:40:07,135.5,12.2,-1.415188,-36.573888
MARCOS CAVALCANTI,2025-03-31 14:42:17,135.2,12.1,-1.420473,-36.568755
MARCOS CAVALCANTI,2025-03-31 14:44:47,136.0,12.1,-1.42648,-36.562998
MARCOS CAVALCANTI,2025-03-31 14:47:16,135.4,12.0,-1.432516,-36.557205
MARCOS CAVALCANTI,2025-03-31 14:50:27,136.1,12.1,-1.440218,-36.549801
MARCOS CAVALCANTI,2025-03-31 14:58:47,137.6,12.2,-1.460768,-36.530548
MARCOS CAVALCANTI,2025-03-31 15:13:39,137.6,12.3,-1.497708,-36.496031
MARCOS CAVALCANTI,2025-03-31 15:16:17,136.9,12.3,-1.504338,-36.489881
MARCOS CAVALCANTI,2025-03-31 15:19:17,136.6,12.3,-1.512181,-36.482661
MARCOS CAVALCANTI,2025-03-31 15:53:26,135.2,11.6,-1.595755,-36.406431
MARCOS CAVALCANTI,2025-03-31 15:59:58,136.5,11.6,-1.611266,-36.392183
MARCOS CAVALCANTI,2025-03-31 16:25:27,136.5,11.6,-1.671985,-36.336101
MARCOS CAVALCANTI,2025-03-31 19:13:08,132.5,11.5,-2.052081,-35.954413
MARCOS CAVALCANTI,2025-03-31 19:16:48,135.1,11.5,-2.060236,-35.946018
MARCOS CAVALCANTI,2025-03-31 20:06:17,132.8,11.3,-2.169633,-35.832346
MARCOS CAVALCANTI,2025-03-31 20:08:48,132.2,11.4,-2.17511,-35.82661
MARCOS CAVALCANTI,2025-03-31 20:09:19,133.9,11.3,-2.176163,-35.825505
MARCOS CAVALCANTI,2025-03-31 20:10:58,134.1,11.3,-2.179806,-35.821716
MARCOS CAVALCANTI,2025-03-31 20:14:28,132.7,11.4,-2.187405,-35.813683
MARCOS CAVALCANTI,2025-03-31 20:16:47,133.8,11.4,-2.192478,-35.808401
MARCOS CAVALCANTI,2025-03-31 20:30:29,133.9,11.3,-2.22233,-35.777125
MARCOS CAVALCANTI,2025-03-31 20:32:38,135.6,11.3,-2.22696,-35.77218
MARCOS CAVALCANTI,2025-03-31 20:35:07,132.6,11.4,-2.232405,-35.76644
MARCOS CAVALCANTI,2025-03-31 20:38:07,132.5,11.4,-2.238961,-35.75955
MARCOS CAVALCANTI,2025-03-31 20:40:57,133.0,11.3,-2.245183,-35.753146
MARCOS CAVALCANTI,2025-03-31 21:00:28,133.9,11.3,-2.287946,-35.70875
MARCOS CAVALCANTI,2025-03-31 21:50:39,133.8,11.2,-2.399331,-35.596308
MARCOS CAVALCANTI,2025-03-31 21:52:17,135.1,11.1,-2.40293,-35.592653
MARCOS CAVALCANTI,2025-03-31 21:53:39,133.7,11.2,-2.405856,-35.589656
MARCOS CAVALCANTI,2025-03-31 21:55:47,138.2,11.2,-2.410718,-35.584928
MARCOS CAVALCANTI,2025-03-31 21:59:07,137.0,11.2,-2.418303,-35.577833
MARCOS CAVALCANTI,2025-03-31 22:17:18,137.6,11.1,-2.459451,-35.539193
MARCOS CAVALCANTI,2025-03-31 22:22:07,135.5,11.2,-2.47038,-35.528901
MARCOS CAVALCANTI,2025-04-01 00:45:38,133.6,11.6,-2.80166,-35.212156
MARCOS CAVALCANTI,2025-04-01 00:50:07,134.7,11.6,-2.811713,-35.201678
MARCOS CAVALCANTI,2025-04-01 00:50:08,134.7,11.6,-2.811713,-35.201678
MARCOS CAVALCANTI,2025-04-01 01:05:37,133.8,11.7,-2.846468,-35.165355
MARCOS CAVALCANTI,2025-04-01 01:19:17,134.6,11.7,-2.877505,-35.133216
MARCOS CAVALCANTI,2025-04-01 01:21:28,133.3,11.6,-2.882428,-35.128123
MARCOS CAVALCANTI,2025-04-01 01:26:27,133.0,11.6,-2.89366,-35.11658
MARCOS CAVALCANTI,2025-04-01 01:50:38,134.3,11.6,-2.947968,-35.060771
MARCOS CAVALCANTI,2025-04-01 01:52:59,133.2,11.7,-2.95329,-35.055335
MARCOS CAVALCANTI,2025-04-01 01:55:27,135.1,11.6,-2.958946,-35.049618
MARCOS CAVALCANTI,2025-04-01 01:57:28,134.7,11.7,-2.96352,-35.045011
MARCOS CAVALCANTI,2025-04-01 02:26:59,169.0,12.0,-3.043246,-34.997743
MARCOS CAVALCANTI,2025-04-01 02:30:59,168.9,12.1,-3.056555,-34.995148
MARCOS CAVALCANTI,2025-04-01 02:34:58,168.4,12.2,-3.06978,-34.992561
MARCOS CAVALCANTI,2025-04-01 03:04:57,169.5,12.2,-3.170333,-34.973155
MARCOS CAVALCANTI,2025-04-01 03:07:27,168.9,12.2,-3.17868,-34.971546
MARCOS CAVALCANTI,2025-04-01 03:34:39,169.6,11.8,-3.26836,-34.953731
MARCOS CAVALCANTI,2025-04-01 03:37:39,169.8,11.6,-3.277966,-34.951976
MARCOS CAVALCANTI,2025-04-01 03:39:57,167.9,11.7,-3.285388,-34.950528
MARCOS CAVALCANTI,2025-04-01 03:44:18,168.4,11.6,-3.299165,-34.947833
MARCOS CAVALCANTI,2025-04-01 04:15:38,169.9,11.6,-3.398946,-34.92946
MARCOS CAVALCANTI,2025-04-01 04:17:57,169.5,11.7,-3.40637,-34.928141
MARCOS CAVALCANTI,2025-04-01 06:47:27,169.3,11.5,-3.886796,-34.85176
MARCOS CAVALCANTI,2025-04-01 07:10:38,169.3,11.5,-3.959846,-34.838153
MARCOS CAVALCANTI,2025-04-01 07:12:49,168.7,11.6,-3.966681,-34.836823
MARCOS CAVALCANTI,2025-04-01 07:36:38,169.1,11.5,-4.042183,-34.822776
MARCOS CAVALCANTI,2025-04-01 08:27:58,168.6,11.6,-4.203561,-34.791105
MARCOS CAVALCANTI,2025-04-01 08:30:17,169.6,11.7,-4.211046,-34.789645
MARCOS CAVALCANTI,2025-04-01 08:31:59,168.5,11.7,-4.21641,-34.788588
MARCOS CAVALCANTI,2025-04-01 08:35:19,168.8,11.7,-4.227131,-34.786478
MARCOS CAVALCANTI,2025-04-01 08:36:58,167.7,11.7,-4.232475,-34.785396
MARCOS CAVALCANTI,2025-04-01 08:50:48,169.0,11.5,-4.2767,-34.776683
MARCOS CAVALCANTI,2025-04-01 08:56:58,168.1,11.6,-4.296228,-34.772823
MARCOS CAVALCANTI,2025-04-01 09:17:18,168.0,11.6,-4.360651,-34.76028
MARCOS CAVALCANTI,2025-04-01 09:19:49,168.1,11.6,-4.368623,-34.758646
MARCOS CAVALCANTI,2025-04-01 09:23:59,168.7,11.5,-4.381853,-34.756026
MARCOS CAVALCANTI,2025-04-01 10:09:48,169.1,11.4,-4.527358,-34.730188
MARCOS CAVALCANTI,2025-04-01 10:15:27,169.5,11.5,-4.545093,-34.727093
MARCOS CAVALCANTI,2025-04-01 10:18:08,170.6,11.5,-4.553568,-34.725618
MARCOS CAVALCANTI,2025-04-01 10:22:17,170.5,11.5,-4.566666,-34.723275
MARCOS CAVALCANTI,2025-04-01 11:04:27,174.1,11.4,-4.700246,-34.702453
MARCOS CAVALCANTI,2025-04-01 11:20:37,173.0,11.4,-4.751425,-34.696628
MARCOS CAVALCANTI,2025-04-01 11:25:56,174.2,11.4,-4.768215,-34.69469
MARCOS CAVALCANTI,2025-04-01 11:26:37,173.6,11.4,-4.770378,-34.694461
MARCOS CAVALCANTI,2025-04-01 11:27:18,173.4,11.4,-4.772503,-34.69424
MARCOS CAVALCANTI,2025-04-01 11:28:08,174.6,11.4,-4.775095,-34.693973
MARCOS CAVALCANTI,2025-04-01 12:02:37,174.2,11.3,-4.88418,-34.682025
MARCOS CAVALCANTI,2025-04-01 12:56:36,168.4,11.2,-5.048381,-34.644863
MARCOS CAVALCANTI,2025-04-01 12:59:58,168.7,11.2,-5.058615,-34.642763
MARCOS CAVALCANTI,2025-04-01 13:00:07,168.6,11.2,-5.059073,-34.642666
MARCOS CAVALCANTI,2025-04-01 13:02:58,169.1,11.2,-5.067891,-34.64097
MARCOS CAVALCANTI,2025-04-01 14:18:09,168.3,11.4,-5.300635,-34.595838
MARCOS CAVALCANTI,2025-04-01 14:21:49,168.2,11.3,-5.312018,-34.593596
MARCOS CAVALCANTI,2025-04-01 14:24:09,167.7,11.3,-5.319191,-34.592208
MARCOS CAVALCANTI,2025-04-01 14:26:27,168.7,11.3,-5.326338,-34.590775
MARCOS CAVALCANTI,2025-04-01 14:59:08,170.6,11.3,-5.427363,-34.571033
MARCOS CAVALCANTI,2025-04-01 15:10:36,169.5,11.3,-5.46304,-34.564876
MARCOS CAVALCANTI,2025-04-01 15:12:26,170.3,11.4,-5.468716,-34.563883
MARCOS CAVALCANTI,2025-04-01 15:24:58,172.5,11.3,-5.507671,-34.558066
MARCOS CAVALCANTI,2025-04-01 15:27:38,172.8,11.4,-5.516096,-34.556958
MARCOS CAVALCANTI,2025-04-01 15:31:19,171.6,11.4,-5.527646,-34.5554
MARCOS CAVALCANTI,2025-04-01 15:59:29,171.5,11.5,-5.616733,-34.542373
MARCOS CAVALCANTI,2025-04-01 16:04:17,172.1,11.5,-5.631916,-34.54011
MARCOS CAVALCANTI,2025-04-01 16:40:58,170.6,11.4,-5.748098,-34.521233
MARCOS CAVALCANTI,2025-04-01 18:11:46,169.9,11.4,-6.030931,-34.471931
MARCOS CAVALCANTI,2025-04-01 18:16:46,171.0,11.4,-6.046645,-34.469291
MARCOS CAVALCANTI,2025-04-01 19:06:18,170.3,11.6,-6.203023,-34.441783
MARCOS CAVALCANTI,2025-04-01 19:08:27,169.7,11.6,-6.209913,-34.440573
MARCOS CAVALCANTI,2025-04-01 19:52:39,158.5,11.5,-6.344706,-34.403256
MARCOS CAVALCANTI,2025-04-01 19:56:58,158.3,11.5,-6.35761,-34.398396
MARCOS CAVALCANTI,2025-04-01 20:01:08,168.6,11.4,-6.370551,-34.395136
MARCOS CAVALCANTI,2025-04-01 20:05:27,172.5,11.5,-6.384295,-34.393085
MARCOS CAVALCANTI,2025-04-01 20:48:38,172.6,11.3,-6.520541,-34.37454
MARCOS CAVALCANTI,2025-04-01 20:50:57,172.4,11.3,-6.527836,-34.373618
MARCOS CAVALCANTI,2025-04-01 20:52:18,171.2,11.3,-6.532051,-34.373041
MARCOS CAVALCANTI,2025-04-01 20:53:57,171.6,11.3,-6.537123,-34.37232
MARCOS CAVALCANTI,2025-04-01 20:55:58,173.5,11.3,-6.543415,-34.371478
MARCOS CAVALCANTI,2025-04-01 20:57:57,172.8,11.2,-6.549625,-34.370636
MARCOS CAVALCANTI,2025-04-01 21:00:48,172.5,11.3,-6.558408,-34.369471
MARCOS CAVALCANTI,2025-04-01 21:04:17,172.3,11.2,-6.569358,-34.367908
MARCOS CAVALCANTI,2025-04-01 21:21:48,172.1,11.3,-6.623823,-34.360183
MARCOS CAVALCANTI,2025-04-01 21:24:37,171.7,11.3,-6.63265,-34.358878
MARCOS CAVALCANTI,2025-04-01 22:42:16,171.0,11.3,-6.874671,-34.32151
MARCOS CAVALCANTI,2025-04-01 23:45:59,181.3,11.6,-7.076026,-34.306571
MARCOS CAVALCANTI,2025-04-01 23:49:48,178.9,11.6,-7.088348,-34.30671
MARCOS CAVALCANTI,2025-04-02 00:23:28,175.5,11.3,-7.195953,-34.305016
MARCOS CAVALCANTI,2025-04-02 00:43:18,177.9,11.4,-7.258413,-34.300408
MARCOS CAVALCANTI,2025-04-02 00:51:37,178.0,11.3,-7.284736,-34.299361
MARCOS CAVALCANTI,2025-04-02 00:53:48,178.2,11.3,-7.291593,-34.299055
MARCOS CAVALCANTI,2025-04-02 00:55:57,178.0,11.3,-7.298451,-34.298798
MARCOS CAVALCANTI,2025-04-02 00:59:07,178.0,11.3,-7.308455,-34.298278
MARCOS CAVALCANTI,2025-04-02 01:01:26,177.3,11.3,-7.315876,-34.297951
MARCOS CAVALCANTI,2025-04-02 01:25:49,177.1,11.5,-7.393516,-34.29445
MARCOS CAVALCANTI,2025-04-02 01:28:49,177.5,11.4,-7.403113,-34.29405
MARCOS CAVALCANTI,2025-04-02 01:31:39,177.3,11.5,-7.41217,-34.293631
MARCOS CAVALCANTI,2025-04-02 01:33:57,177.6,11.5,-7.419491,-34.293311
MARCOS CAVALCANTI,2025-04-02 02:00:29,177.9,11.4,-7.503875,-34.29031
MARCOS CAVALCANTI,2025-04-02 02:06:19,177.9,11.4,-7.522373,-34.289701
MARCOS CAVALCANTI,2025-04-02 02:08:29,177.8,11.4,-7.529328,-34.289463
MARCOS CAVALCANTI,2025-04-02 02:34:08,177.3,11.3,-7.611038,-34.286895
MARCOS CAVALCANTI,2025-04-02 02:39:27,178.8,11.5,-7.627916,-34.28622
MARCOS CAVALCANTI,2025-04-02 02:43:58,178.3,11.6,-7.642451,-34.285638
MARCOS CAVALCANTI,2025-04-02 03:09:56,179.7,11.8,-7.727085,-34.285936
MARCOS CAVALCANTI,2025-04-02 05:47:48,180.2,11.7,-8.24088,-34.289248
MARCOS CAVALCANTI,2025-04-02 05:51:18,179.5,11.7,-8.252345,-34.289228
MARCOS CAVALCANTI,2025-04-02 06:09:38,178.7,11.7,-8.31233,-34.288838
MARCOS CAVALCANTI,2025-04-02 06:12:38,179.6,11.6,-8.322056,-34.288795
MARCOS CAVALCANTI,2025-04-02 07:29:57,181.7,11.6,-8.571768,-34.29074
MARCOS CAVALCANTI,2025-04-02 07:36:28,181.2,11.7,-8.592863,-34.29124
MARCOS CAVALCANTI,2025-04-02 07:50:26,180.1,11.8,-8.638498,-34.292175
MARCOS CAVALCANTI,2025-04-02 07:52:57,181.6,11.8,-8.646785,-34.292316
MARCOS CAVALCANTI,2025-04-02 07:55:18,181.7,11.8,-8.654453,-34.29245
MARCOS CAVALCANTI,2025-04-02 07:57:38,180.5,11.8,-8.662136,-34.292518
MARCOS CAVALCANTI,2025-04-02 08:20:26,182.0,11.8,-8.737225,-34.294586
MARCOS CAVALCANTI,2025-04-02 08:23:26,185.7,11.8,-8.747115,-34.294998
MARCOS CAVALCANTI,2025-04-02 08:25:36,194.3,11.9,-8.754223,-34.296253
MARCOS CAVALCANTI,2025-04-02 09:09:28,199.1,11.7,-8.892995,-34.340201
MARCOS CAVALCANTI,2025-04-02 09:14:09,198.6,11.9,-8.907516,-34.345341
MARCOS CAVALCANTI,2025-04-02 09:16:37,199.1,11.8,-8.915253,-34.348095
MARCOS CAVALCANTI,2025-04-02 09:20:17,199.9,11.8,-8.926631,-34.352171
MARCOS CAVALCANTI,2025-04-02 09:23:17,199.5,11.8,-8.935868,-34.355466
MARCOS CAVALCANTI,2025-04-02 10:00:39,199.4,12.0,-9.052966,-34.396026
MARCOS CAVALCANTI,2025-04-02 10:08:17,198.1,12.0,-9.077003,-34.404238
MARCOS CAVALCANTI,2025-04-02 10:11:18,198.5,12.0,-9.086511,-34.407508
MARCOS CAVALCANTI,2025-04-02 10:13:57,198.7,11.9,-9.094975,-34.410343
MARCOS CAVALCANTI,2025-04-02 11:05:19,197.0,12.3,-9.25744,-34.466055
MARCOS CAVALCANTI,2025-04-02 11:06:49,199.1,12.3,-9.262335,-34.46769
MARCOS CAVALCANTI,2025-04-02 11:07:28,199.0,12.3,-9.264446,-34.468401
MARCOS CAVALCANTI,2025-04-02 11:10:08,197.8,12.3,-9.273131,-34.471306
MARCOS CAVALCANTI,2025-04-02 11:10:48,198.1,12.3,-9.275243,-34.472018
MARCOS CAVALCANTI,2025-04-02 11:32:27,198.5,12.2,-9.34576,-34.495561
MARCOS CAVALCANTI,2025-04-02 12:43:47,199.7,12.0,-9.572108,-34.576695
MARCOS CAVALCANTI,2025-04-02 12:44:38,200.4,12.1,-9.574723,-34.577693
MARCOS CAVALCANTI,2025-04-02 13:08:38,200.1,12.1,-9.650821,-34.605853
MARCOS CAVALCANTI,2025-04-02 13:13:38,199.5,12.0,-9.666593,-34.611663
MARCOS CAVALCANTI,2025-04-02 13:21:19,201.1,12.0,-9.690693,-34.620551
MARCOS CAVALCANTI,2025-04-02 13:57:28,198.9,12.1,-9.80421,-34.662423
MARCOS CAVALCANTI,2025-04-02 14:27:08,197.9,12.1,-9.898115,-34.695923
MARCOS CAVALCANTI,2025-04-02 14:27:27,198.3,12.1,-9.899226,-34.696306
MARCOS CAVALCANTI,2025-04-02 14:34:29,198.9,12.1,-9.921475,-34.704191
MARCOS CAVALCANTI,2025-04-02 15:00:47,199.6,12.1,-10.005438,-34.734186
MARCOS CAVALCANTI,2025-04-02 15:02:56,199.6,12.2,-10.01245,-34.736708
MARCOS CAVALCANTI,2025-04-02 15:05:28,200.6,12.2,-10.02038,-34.739553
MARCOS CAVALCANTI,2025-04-02 15:08:28,199.6,12.2,-10.030171,-34.743113
MARCOS CAVALCANTI,2025-04-02 15:21:45,200.5,12.3,-10.072891,-34.759001
MARCOS CAVALCANTI,2025-04-02 15:22:36,200.9,12.3,-10.075551,-34.76002
MARCOS CAVALCANTI,2025-04-02 15:22:45,201.4,12.3,-10.076103,-34.760218
MARCOS CAVALCANTI,2025-04-02 15:23:35,200.8,12.3,-10.078725,-34.761216
MARCOS CAVALCANTI,2025-04-02 15:23:45,201.4,12.2,-10.079258,-34.761421
MARCOS CAVALCANTI,2025-04-02 15:24:46,201.2,12.4,-10.082563,-34.76269
MARCOS CAVALCANTI,2025-04-02 15:28:35,201.0,12.3,-10.094761,-34.767355
MARCOS CAVALCANTI,2025-04-02 15:41:08,201.2,12.4,-10.135105,-34.782688
MARCOS CAVALCANTI,2025-04-02 15:43:19,201.7,12.4,-10.142283,-34.785373
MARCOS CAVALCANTI,2025-04-02 15:45:49,199.6,12.4,-10.15039,-34.788421
MARCOS CAVALCANTI,2025-04-02 16:59:45,202.4,12.5,-10.390636,-34.874508
MARCOS CAVALCANTI,2025-04-02 17:01:26,202.9,12.5,-10.39604,-34.876795
MARCOS CAVALCANTI,2025-04-02 17:02:26,202.7,12.5,-10.39933,-34.878168
MARCOS CAVALCANTI,2025-04-02 17:03:26,203.2,12.4,-10.402501,-34.879465
MARCOS CAVALCANTI,2025-04-02 17:05:26,201.6,12.5,-10.409011,-34.882118
MARCOS CAVALCANTI,2025-04-02 17:05:45,203.1,12.4,-10.410031,-34.882545
MARCOS CAVALCANTI,2025-04-02 17:05:55,202.7,12.4,-10.410568,-34.882768
MARCOS CAVALCANTI,2025-04-02 17:07:34,201.3,12.5,-10.41589,-34.884953
MARCOS CAVALCANTI,2025-04-02 17:11:09,202.3,12.5,-10.427308,-34.889633
MARCOS CAVALCANTI,2025-04-02 17:13:39,202.9,12.5,-10.435301,-34.89291
MARCOS CAVALCANTI,2025-04-02 17:16:09,201.4,12.5,-10.443446,-34.89626
MARCOS CAVALCANTI,2025-04-02 18:08:47,196.9,12.5,-10.617916,-34.956423
MARCOS CAVALCANTI,2025-04-02 18:53:27,198.0,12.4,-10.764773,-35.004288
MARCOS CAVALCANTI,2025-04-02 18:56:37,197.9,12.4,-10.77514,-35.007665
MARCOS CAVALCANTI,2025-04-02 18:58:58,198.7,12.4,-10.782886,-35.010185
MARCOS CAVALCANTI,2025-04-02 19:01:57,198.3,12.4,-10.792721,-35.013436
MARCOS CAVALCANTI,2025-04-02 19:48:29,199.0,12.6,-10.946763,-35.065696
MARCOS CAVALCANTI,2025-04-02 19:50:38,198.8,12.6,-10.953908,-35.06816
MARCOS CAVALCANTI,2025-04-02 19:53:08,198.8,12.6,-10.962233,-35.071005
MARCOS CAVALCANTI,2025-04-02 19:55:29,198.3,12.6,-10.970051,-35.073606
MARCOS CAVALCANTI,2025-04-02 20:02:29,199.7,12.5,-10.993293,-35.081645
MARCOS CAVALCANTI,2025-04-02 20:18:07,197.9,12.6,-11.045088,-35.099576
MARCOS CAVALCANTI,2025-04-02 20:26:58,199.6,12.5,-11.074346,-35.109828
MARCOS CAVALCANTI,2025-04-02 20:37:36,199.9,12.5,-11.109415,-35.122276
MARCOS CAVALCANTI,2025-04-02 20:40:58,199.6,12.5,-11.120495,-35.126198
MARCOS CAVALCANTI,2025-04-02 21:34:07,200.3,12.6,-11.297755,-35.19039
MARCOS CAVALCANTI,2025-04-02 21:39:59,198.6,12.6,-11.317103,-35.197385
MARCOS CAVALCANTI,2025-04-02 21:45:58,199.6,12.6,-11.3369,-35.204506
MARCOS CAVALCANTI,2025-04-02 21:48:08,199.0,12.6,-11.344096,-35.207088
MARCOS CAVALCANTI,2025-04-02 22:03:09,199.8,12.7,-11.394256,-35.225121
MARCOS CAVALCANTI,2025-04-02 22:08:59,199.4,12.8,-11.41385,-35.232131
MARCOS CAVALCANTI,2025-04-02 23:20:38,199.3,12.7,-11.653753,-35.314946
MARCOS CAVALCANTI,2025-04-02 23:32:17,198.1,12.7,-11.692955,-35.328315
MARCOS CAVALCANTI,2025-04-02 23:52:18,198.4,12.6,-11.760003,-35.350995
MARCOS CAVALCANTI,2025-04-02 23:56:07,197.8,12.6,-11.772783,-35.35528
MARCOS CAVALCANTI,2025-04-03 00:02:16,198.0,12.7,-11.793413,-35.36232
MARCOS CAVALCANTI,2025-04-03 00:03:48,198.5,12.6,-11.798488,-35.364043
MARCOS CAVALCANTI,2025-04-03 00:05:47,198.7,12.7,-11.805108,-35.36631
MARCOS CAVALCANTI,2025-04-03 00:23:19,198.4,12.8,-11.864133,-35.38632
MARCOS CAVALCANTI,2025-04-03 00:28:38,198.4,12.8,-11.882251,-35.392411
MARCOS CAVALCANTI,2025-04-03 00:29:48,197.0,12.9,-11.886216,-35.393723
MARCOS CAVALCANTI,2025-04-03 00:30:08,198.3,12.9,-11.887358,-35.3941
MARCOS CAVALCANTI,2025-04-03 00:30:38,198.0,12.8,-11.889066,-35.394665
MARCOS CAVALCANTI,2025-04-03 00:31:48,198.0,12.8,-11.893061,-35.396011
MARCOS CAVALCANTI,2025-04-03 00:34:49,198.4,12.9,-11.903368,-35.399453
MARCOS CAVALCANTI,2025-04-03 00:59:38,197.8,12.8,-11.98797,-35.427921
MARCOS CAVALCANTI,2025-04-03 01:06:27,200.0,12.8,-12.010903,-35.43609
MARCOS CAVALCANTI,2025-04-03 01:08:39,199.6,12.7,-12.018238,-35.438813
MARCOS CAVALCANTI,2025-04-03 01:31:57,200.4,12.7,-12.096133,-35.467531
MARCOS CAVALCANTI,2025-04-03 01:35:48,199.1,12.8,-12.10898,-35.472258
MARCOS CAVALCANTI,2025-04-03 01:35:56,199.6,12.7,-12.109481,-35.472441
MARCOS CAVALCANTI,2025-04-03 01:36:56,199.9,12.7,-12.112785,-35.473638
MARCOS CAVALCANTI,2025-04-03 01:39:28,199.7,12.7,-12.121271,-35.476755
MARCOS CAVALCANTI,2025-04-03 01:41:37,199.7,12.7,-12.128448,-35.479391
MARCOS CAVALCANTI,2025-04-03 02:09:37,199.9,12.8,-12.22246,-35.5143
MARCOS CAVALCANTI,2025-04-03 02:15:38,201.4,12.6,-12.242381,-35.52186
MARCOS CAVALCANTI,2025-04-03 02:42:38,200.8,12.7,-12.331751,-35.555911
MARCOS CAVALCANTI,2025-04-03 03:20:09,200.2,12.9,-12.457613,-35.602648
MARCOS CAVALCANTI,2025-04-03 04:45:08,199.0,12.9,-12.740828,-35.716228
MARCOS CAVALCANTI,2025-04-03 05:06:39,196.0,12.8,-12.814496,-35.739711
MARCOS CAVALCANTI,2025-04-03 05:08:58,197.1,12.9,-12.822445,-35.742153
MARCOS CAVALCANTI,2025-04-03 05:12:27,197.1,12.8,-12.834388,-35.745905
MARCOS CAVALCANTI,2025-04-03 06:27:47,197.8,12.7,-13.090325,-35.828451
MARCOS CAVALCANTI,2025-04-03 06:30:26,198.1,12.6,-13.099165,-35.831385
MARCOS CAVALCANTI,2025-04-03 06:34:56,197.3,12.6,-13.114266,-35.836281
MARCOS CAVALCANTI,2025-04-03 06:49:39,198.7,12.5,-13.16321,-35.852243
MARCOS CAVALCANTI,2025-04-03 06:53:18,197.8,12.5,-13.175286,-35.856451
MARCOS CAVALCANTI,2025-04-03 06:55:49,199.4,12.4,-13.183515,-35.859318
MARCOS CAVALCANTI,2025-04-03 07:23:57,199.2,12.6,-13.276331,-35.891781
MARCOS CAVALCANTI,2025-04-03 08:14:08,198.1,12.6,-13.443165,-35.950561
MARCOS CAVALCANTI,2025-04-03 08:15:08,198.4,12.6,-13.446463,-35.951715
MARCOS CAVALCANTI,2025-04-03 08:17:28,198.1,12.6,-13.454258,-35.954483
MARCOS CAVALCANTI,2025-04-03 08:17:58,199.1,12.6,-13.455918,-35.95507
MARCOS CAVALCANTI,2025-04-03 08:22:29,198.4,12.7,-13.471015,-35.960313
MARCOS CAVALCANTI,2025-04-03 08:32:29,198.9,12.6,-13.504438,-35.971938
MARCOS CAVALCANTI,2025-04-03 09:01:07,198.8,12.8,-13.600041,-36.005236
MARCOS CAVALCANTI,2025-04-03 09:03:46,198.6,12.6,-13.608888,-36.008301
MARCOS CAVALCANTI,2025-04-03 09:10:38,198.6,12.7,-13.631873,-36.01639
MARCOS CAVALCANTI,2025-04-03 09:14:07,199.1,12.6,-13.643516,-36.020458
MARCOS CAVALCANTI,2025-04-03 10:00:28,198.9,12.6,-13.797496,-36.075573
MARCOS CAVALCANTI,2025-04-03 10:06:48,199.8,12.6,-13.818268,-36.083191
MARCOS CAVALCANTI,2025-04-03 10:54:28,200.5,12.7,-13.976533,-36.142648
MARCOS CAVALCANTI,2025-04-03 10:54:36,199.3,12.6,-13.976973,-36.142815
MARCOS CAVALCANTI,2025-04-03 10:54:47,200.3,12.6,-13.977578,-36.143045
MARCOS CAVALCANTI,2025-04-03 12:24:07,200.7,12.9,-14.27732,-36.257995
MARCOS CAVALCANTI,2025-04-03 12:26:07,199.4,12.8,-14.284115,-36.260545
MARCOS CAVALCANTI,2025-04-03 12:27:37,200.6,12.8,-14.289185,-36.262446
MARCOS CAVALCANTI,2025-04-03 13:20:37,199.3,13.2,-14.470761,-36.328461
MARCOS CAVALCANTI,2025-04-03 13:29:48,199.2,13.2,-14.502543,-36.339958
MARCOS CAVALCANTI,2025-04-03 14:05:09,198.7,13.1,-14.624715,-36.384345
MARCOS CAVALCANTI,2025-04-03 14:08:38,199.7,13.1,-14.636803,-36.388835
MARCOS CAVALCANTI,2025-04-03 14:33:58,200.1,13.1,-14.724646,-36.421105
MARCOS CAVALCANTI,2025-04-03 14:38:28,199.7,13.1,-14.740061,-36.42685
MARCOS CAVALCANTI,2025-04-03 14:43:19,200.5,13.0,-14.75668,-36.433135
MARCOS CAVALCANTI,2025-04-03 14:45:28,200.8,13.1,-14.764146,-36.435961
MARCOS CAVALCANTI,2025-04-03 15:09:56,200.4,13.0,-14.847791,-36.46827
MARCOS CAVALCANTI,2025-04-03 15:15:58,200.1,13.1,-14.868333,-36.476275
MARCOS CAVALCANTI,2025-04-03 15:18:57,200.8,13.1,-14.878553,-36.48029
MARCOS CAVALCANTI,2025-04-03 15:47:38,199.0,13.3,-14.977535,-36.517058
MARCOS CAVALCANTI,2025-04-03 15:50:17,198.2,13.4,-14.98687,-36.52025
MARCOS CAVALCANTI,2025-04-03 15:53:17,198.5,13.3,-14.997543,-36.523878
MARCOS CAVALCANTI,2025-04-03 16:11:09,198.4,13.4,-15.06067,-36.545355
MARCOS CAVALCANTI,2025-04-03 16:30:09,198.1,13.4,-15.1282,-36.567951
MARCOS CAVALCANTI,2025-04-03 17:05:09,198.2,13.1,-15.25209,-36.609556
MARCOS CAVALCANTI,2025-04-03 17:07:38,197.6,13.1,-15.26071,-36.61246
MARCOS CAVALCANTI,2025-04-03 17:12:44,198.5,13.1,-15.27864,-36.618626
MARCOS CAVALCANTI,2025-04-03 17:15:26,199.2,13.1,-15.287935,-36.621841
MARCOS CAVALCANTI,2025-04-03 17:15:35,198.1,13.1,-15.288458,-36.622015
MARCOS CAVALCANTI,2025-04-03 17:15:45,197.5,13.1,-15.289043,-36.622211
MARCOS CAVALCANTI,2025-04-03 17:16:26,198.1,13.1,-15.291493,-36.62307
MARCOS CAVALCANTI,2025-04-03 17:16:35,198.0,13.1,-15.292,-36.623243
MARCOS CAVALCANTI,2025-04-03 17:51:07,198.8,13.1,-15.412513,-36.663801
MARCOS CAVALCANTI,2025-04-03 17:53:08,198.4,13.1,-15.419538,-36.666245
MARCOS CAVALCANTI,2025-04-03 17:55:48,197.8,13.1,-15.428763,-36.669456
MARCOS CAVALCANTI,2025-04-03 18:00:09,198.3,13.0,-15.443843,-36.674611
MARCOS CAVALCANTI,2025-04-03 18:46:38,200.0,13.1,-15.604,-36.73176
MARCOS CAVALCANTI,2025-04-03 18:51:08,199.2,13.1,-15.619575,-36.73747
MARCOS CAVALCANTI,2025-04-03 18:53:29,200.3,13.1,-15.627541,-36.74042
MARCOS CAVALCANTI,2025-04-03 19:36:49,199.6,13.3,-15.77846,-36.795645
MARCOS CAVALCANTI,2025-04-03 19:41:48,199.5,13.3,-15.79589,-36.801981
MARCOS CAVALCANTI,2025-04-03 20:32:58,200.9,13.1,-15.9722,-36.867671
MARCOS CAVALCANTI,2025-04-03 20:42:28,200.4,13.1,-16.00475,-36.880416
MARCOS CAVALCANTI,2025-04-03 20:47:27,200.0,13.2,-16.02195,-36.887096
MARCOS CAVALCANTI,2025-04-03 21:01:07,199.3,13.3,-16.069223,-36.904998
MARCOS CAVALCANTI,2025-04-03 21:08:28,199.5,13.2,-16.094721,-36.914633
MARCOS CAVALCANTI,2025-04-03 21:10:47,200.1,13.3,-16.102771,-36.91769
MARCOS CAVALCANTI,2025-04-03 22:14:39,198.9,13.4,-16.32769,-37.000128
MARCOS CAVALCANTI,2025-04-03 22:18:39,199.4,13.4,-16.341761,-37.00517
MARCOS CAVALCANTI,2025-04-03 22:31:48,199.6,13.4,-16.388251,-37.02186
MARCOS CAVALCANTI,2025-04-03 22:51:08,199.6,13.6,-16.456763,-37.047146
MARCOS CAVALCANTI,2025-04-03 22:51:19,200.6,13.6,-16.457328,-37.047363
MARCOS CAVALCANTI,2025-04-03 22:53:57,199.2,13.6,-16.466651,-37.050846
MARCOS CAVALCANTI,2025-04-03 23:22:28,199.8,13.6,-16.568415,-37.088163
MARCOS CAVALCANTI,2025-04-03 23:27:38,199.5,13.7,-16.586938,-37.095015
MARCOS CAVALCANTI,2025-04-03 23:44:48,199.4,13.6,-16.64859,-37.117593
MARCOS CAVALCANTI,2025-04-04 00:00:57,199.8,13.6,-16.706278,-37.138953
MARCOS CAVALCANTI,2025-04-04 00:04:27,199.9,13.6,-16.71877,-37.143533
MARCOS CAVALCANTI,2025-04-04 00:04:47,199.3,13.6,-16.719956,-37.143973
MARCOS CAVALCANTI,2025-04-04 00:05:47,198.5,13.6,-16.723556,-37.145298
MARCOS CAVALCANTI,2025-04-04 00:07:36,198.9,13.5,-16.730081,-37.147645
MARCOS CAVALCANTI,2025-04-04 00:31:18,200.2,13.7,-16.81492,-37.17944
MARCOS CAVALCANTI,2025-04-04 00:33:37,199.9,13.7,-16.823346,-37.182695
MARCOS CAVALCANTI,2025-04-04 00:36:37,201.0,13.7,-16.834105,-37.186821
MARCOS CAVALCANTI,2025-04-04 00:39:16,200.2,13.8,-16.843548,-37.190448
MARCOS CAVALCANTI,2025-04-04 01:06:36,200.4,14.1,-16.942131,-37.229505
MARCOS CAVALCANTI,2025-04-04 01:08:54,201.6,14.1,-16.950598,-37.232966
MARCOS CAVALCANTI,2025-04-04 01:11:30,201.5,14.1,-16.96004,-37.236811
MARCOS CAVALCANTI,2025-04-04 01:14:19,201.3,14.1,-16.9703,-37.241045
MARCOS CAVALCANTI,2025-04-04 01:25:36,200.7,14.0,-17.011415,-37.257796
MARCOS CAVALCANTI,2025-04-04 01:42:59,196.4,14.0,-17.075483,-37.280195
MARCOS CAVALCANTI,2025-04-04 01:45:29,196.1,14.0,-17.084923,-37.283035
MARCOS CAVALCANTI,2025-04-04 01:49:35,195.3,14.0,-17.100265,-37.287661
MARCOS CAVALCANTI,2025-04-04 03:44:28,200.5,13.7,-17.526698,-37.4277
MARCOS CAVALCANTI,2025-04-04 04:06:18,199.4,13.2,-17.603598,-37.456823
MARCOS CAVALCANTI,2025-04-04 04:09:09,201.1,13.2,-17.613461,-37.460436
MARCOS CAVALCANTI,2025-04-04 05:27:38,199.1,12.3,-17.872776,-37.557645
MARCOS CAVALCANTI,2025-04-04 05:46:39,199.4,12.4,-17.934458,-37.580455
MARCOS CAVALCANTI,2025-04-04 05:51:18,199.4,12.5,-17.949793,-37.58607
MARCOS CAVALCANTI,2025-04-04 05:54:59,198.9,12.5,-17.961845,-37.590455
MARCOS CAVALCANTI,2025-04-04 07:06:59,200.2,13.1,-18.20403,-37.681421
MARCOS CAVALCANTI,2025-04-04 07:12:29,199.8,13.1,-18.222845,-37.688701
MARCOS CAVALCANTI,2025-04-04 07:30:47,201.0,13.3,-18.286138,-37.713141
MARCOS CAVALCANTI,2025-04-04 07:34:09,200.1,13.3,-18.297815,-37.717666
MARCOS CAVALCANTI,2025-04-04 07:36:17,200.4,13.4,-18.305271,-37.720553
MARCOS CAVALCANTI,2025-04-04 08:07:58,201.0,13.6,-18.416353,-37.76544
MARCOS CAVALCANTI,2025-04-04 08:54:48,198.6,13.8,-18.584285,-37.830811
MARCOS CAVALCANTI,2025-04-04 08:56:48,198.7,13.7,-18.591553,-37.833446
MARCOS CAVALCANTI,2025-04-04 08:58:48,199.0,13.7,-18.59881,-37.836095
MARCOS CAVALCANTI,2025-04-04 09:50:28,199.4,13.1,-18.779496,-37.902751
MARCOS CAVALCANTI,2025-04-04 09:53:49,198.8,13.1,-18.791035,-37.906946
MARCOS CAVALCANTI,2025-04-04 10:35:38,198.6,12.9,-18.936571,-37.957686
MARCOS CAVALCANTI,2025-04-04 10:35:47,198.4,13.0,-18.93709,-37.957858
MARCOS CAVALCANTI,2025-04-04 10:36:47,198.0,13.0,-18.940541,-37.959025
MARCOS CAVALCANTI,2025-04-04 10:38:38,197.6,13.0,-18.946896,-37.961205
MARCOS CAVALCANTI,2025-04-04 10:38:47,198.0,13.0,-18.947413,-37.961381
MARCOS CAVALCANTI,2025-04-04 10:39:08,198.2,13.0,-18.948623,-37.961795
MARCOS CAVALCANTI,2025-04-04 10:39:47,198.2,12.9,-18.950828,-37.962545
MARCOS CAVALCANTI,2025-04-04 10:47:19,198.4,12.9,-18.976683,-37.971368
MARCOS CAVALCANTI,2025-04-04 12:07:17,201.4,12.2,-19.236565,-38.071493
MARCOS CAVALCANTI,2025-04-04 12:08:37,193.3,12.2,-19.240918,-38.072835
MARCOS CAVALCANTI,2025-04-04 12:12:37,195.4,12.5,-19.254285,-38.076536
MARCOS CAVALCANTI,2025-04-04 12:12:47,195.7,12.5,-19.254845,-38.076703
MARCOS CAVALCANTI,2025-04-04 12:31:18,196.2,13.0,-19.318578,-38.095571
MARCOS CAVALCANTI,2025-04-04 14:10:48,197.3,13.1,-19.669073,-38.2152
MARCOS CAVALCANTI,2025-04-04 14:14:29,198.6,13.1,-19.682016,-38.219668
MARCOS CAVALCANTI,2025-04-04 14:18:48,198.2,13.1,-19.697048,-38.224823
MARCOS CAVALCANTI,2025-04-04 14:45:27,198.1,13.3,-19.790161,-38.258223
MARCOS CAVALCANTI,2025-04-04 14:47:57,198.4,13.2,-19.798936,-38.261388
MARCOS CAVALCANTI,2025-04-04 14:51:27,198.9,13.3,-19.811193,-38.265808
MARCOS CAVALCANTI,2025-04-04 14:53:37,198.5,13.3,-19.81885,-38.268591
MARCOS CAVALCANTI,2025-04-04 15:07:59,198.6,13.3,-19.869175,-38.286771
MARCOS CAVALCANTI,2025-04-04 15:10:08,198.4,13.3,-19.876718,-38.289496
MARCOS CAVALCANTI,2025-04-04 15:21:58,199.2,13.3,-19.918138,-38.304485
MARCOS CAVALCANTI,2025-04-04 15:25:08,199.9,13.3,-19.92929,-38.30861
MARCOS CAVALCANTI,2025-04-04 15:27:19,200.2,13.3,-19.936878,-38.311618
MARCOS CAVALCANTI,2025-04-04 15:46:14,200.8,13.2,-20.00256,-38.337236
MARCOS CAVALCANTI,2025-04-04 15:46:35,199.9,13.1,-20.003706,-38.337693
MARCOS CAVALCANTI,2025-04-04 15:47:04,200.9,13.2,-20.005473,-38.338405
MARCOS CAVALCANTI,2025-04-04 15:47:55,200.4,13.1,-20.008328,-38.339551
MARCOS CAVALCANTI,2025-04-04 15:48:04,200.9,13.1,-20.008843,-38.339761
MARCOS CAVALCANTI,2025-04-04 15:48:15,201.3,13.1,-20.009471,-38.34002
MARCOS CAVALCANTI,2025-04-04 15:48:55,200.7,13.1,-20.011795,-38.340958
MARCOS CAVALCANTI,2025-04-04 15:50:04,200.8,13.1,-20.015715,-38.34255
MARCOS CAVALCANTI,2025-04-04 15:50:55,201.2,13.1,-20.018628,-38.343716
MARCOS CAVALCANTI,2025-04-04 15:56:59,201.7,13.1,-20.039025,-38.352035
MARCOS CAVALCANTI,2025-04-04 15:59:49,201.1,13.1,-20.048606,-38.355943
MARCOS CAVALCANTI,2025-04-04 16:00:49,201.6,13.1,-20.052058,-38.35737
MARCOS CAVALCANTI,2025-04-04 16:03:09,201.9,13.1,-20.059945,-38.360628
MARCOS CAVALCANTI,2025-04-04 16:04:08,201.1,13.1,-20.063411,-38.362043
MARCOS CAVALCANTI,2025-04-04 16:07:18,200.7,13.1,-20.074081,-38.366418
MARCOS CAVALCANTI,2025-04-04 16:35:37,201.1,13.3,-20.171203,-38.406175
MARCOS CAVALCANTI,2025-04-04 16:38:17,200.6,13.3,-20.180346,-38.40985
MARCOS CAVALCANTI,2025-04-04 16:47:58,200.6,13.4,-20.214045,-38.423323
MARCOS CAVALCANTI,2025-04-04 16:52:18,201.3,13.4,-20.229251,-38.42952
MARCOS CAVALCANTI,2025-04-04 16:55:48,200.4,13.5,-20.241515,-38.434438
MARCOS CAVALCANTI,2025-04-04 16:58:49,200.1,13.5,-20.252003,-38.438645
MARCOS CAVALCANTI,2025-04-04 17:10:48,199.7,13.5,-20.294615,-38.454816
MARCOS CAVALCANTI,2025-04-04 17:13:58,199.7,13.5,-20.305758,-38.459115
MARCOS CAVALCANTI,2025-04-04 17:21:17,199.2,13.6,-20.331853,-38.469015
MARCOS CAVALCANTI,2025-04-04 17:22:17,200.4,13.6,-20.335401,-38.470388
MARCOS CAVALCANTI,2025-04-04 17:23:17,199.9,13.6,-20.338968,-38.471755
MARCOS CAVALCANTI,2025-04-04 17:24:07,199.1,13.6,-20.341928,-38.472883
MARCOS CAVALCANTI,2025-04-04 17:25:07,199.4,13.5,-20.345501,-38.47422
MARCOS CAVALCANTI,2025-04-04 17:25:17,199.7,13.6,-20.346095,-38.474448
MARCOS CAVALCANTI,2025-04-04 17:27:17,200.2,13.6,-20.353235,-38.47715
MARCOS CAVALCANTI,2025-04-04 17:27:27,199.8,13.6,-20.35383,-38.477366
MARCOS CAVALCANTI,2025-04-04 17:28:58,200.0,13.6,-20.359215,-38.479413
MARCOS CAVALCANTI,2025-04-04 17:31:38,199.8,13.6,-20.368753,-38.483113
MARCOS CAVALCANTI,2025-04-04 17:38:18,200.3,13.6,-20.392566,-38.492071
MARCOS CAVALCANTI,2025-04-04 17:44:58,198.9,13.6,-20.416326,-38.500833
MARCOS CAVALCANTI,2025-04-04 17:47:58,199.2,13.6,-20.427056,-38.504806
MARCOS CAVALCANTI,2025-04-04 17:51:58,199.2,13.6,-20.441368,-38.51008
MARCOS CAVALCANTI,2025-04-04 18:35:19,198.7,13.8,-20.597248,-38.566678
MARCOS CAVALCANTI,2025-04-04 19:29:36,199.8,13.7,-20.793823,-38.640521
MARCOS CAVALCANTI,2025-04-04 19:32:14,200.3,13.7,-20.803278,-38.644205
MARCOS CAVALCANTI,2025-04-04 19:48:05,200.1,13.6,-20.859885,-38.666261
MARCOS CAVALCANTI,2025-04-04 20:01:34,200.6,13.6,-20.907848,-38.685143
MARCOS CAVALCANTI,2025-04-04 20:05:03,200.2,13.6,-20.920175,-38.690063
MARCOS CAVALCANTI,2025-04-04 20:10:24,200.5,13.5,-20.939166,-38.697568
MARCOS CAVALCANTI,2025-04-04 20:17:15,200.1,13.4,-20.96331,-38.707226
MARCOS CAVALCANTI,2025-04-04 20:42:54,201.8,13.3,-21.053353,-38.743293
MARCOS CAVALCANTI,2025-04-04 21:22:34,200.2,12.9,-21.189591,-38.79787
MARCOS CAVALCANTI,2025-04-04 21:30:44,200.1,12.9,-21.217198,-38.808971
MARCOS CAVALCANTI,2025-04-04 21:32:55,199.2,13.0,-21.22468,-38.811906
MARCOS CAVALCANTI,2025-04-04 21:49:53,199.9,12.9,-21.28225,-38.834428
MARCOS CAVALCANTI,2025-04-04 21:49:54,199.9,12.9,-21.28225,-38.834428
MARCOS CAVALCANTI,2025-04-04 21:52:52,200.5,13.1,-21.292308,-38.838381
MARCOS CAVALCANTI,2025-04-04 22:22:43,199.7,12.9,-21.393645,-38.876596
MARCOS CAVALCANTI,2025-04-04 22:25:43,200.2,12.9,-21.403831,-38.880423
MARCOS CAVALCANTI,2025-04-04 22:28:35,199.8,12.9,-21.413593,-38.884065
MARCOS CAVALCANTI,2025-04-04 22:56:34,199.6,12.8,-21.508506,-38.919596
MARCOS CAVALCANTI,2025-04-04 23:01:55,199.1,12.8,-21.526616,-38.926366
MARCOS CAVALCANTI,2025-04-04 23:15:25,198.7,12.9,-21.572338,-38.943113
MARCOS CAVALCANTI,2025-04-04 23:28:14,199.1,12.8,-21.615621,-38.9588
MARCOS CAVALCANTI,2025-04-04 23:30:45,199.7,12.8,-21.624183,-38.961891
MARCOS CAVALCANTI,2025-04-04 23:36:04,197.9,12.8,-21.64214,-38.968368
MARCOS CAVALCANTI,2025-04-04 23:38:45,198.8,12.8,-21.651221,-38.971635
MARCOS CAVALCANTI,2025-04-04 23:46:03,198.7,12.8,-21.675865,-38.980603
MARCOS CAVALCANTI,2025-04-04 23:46:23,199.1,12.7,-21.676988,-38.981021
MARCOS CAVALCANTI,2025-04-04 23:46:34,198.9,12.7,-21.677605,-38.98125
MARCOS CAVALCANTI,2025-04-04 23:47:14,199.3,12.8,-21.679901,-38.98211
MARCOS CAVALCANTI,2025-04-04 23:47:43,199.5,12.8,-21.681466,-38.982693
MARCOS CAVALCANTI,2025-04-04 23:47:53,199.5,12.8,-21.682023,-38.982903
MARCOS CAVALCANTI,2025-04-04 23:48:43,199.4,12.7,-21.684825,-38.98395
MARCOS CAVALCANTI,2025-04-04 23:49:43,199.2,12.8,-21.688205,-38.985228
MARCOS CAVALCANTI,2025-04-05 00:12:54,199.7,12.8,-21.7663,-39.014805
MARCOS CAVALCANTI,2025-04-05 00:15:13,199.6,12.9,-21.774136,-39.017796
MARCOS CAVALCANTI,2025-04-05 00:44:55,199.9,12.9,-21.874736,-39.056201
MARCOS CAVALCANTI,2025-04-05 01:14:44,199.2,12.8,-21.974685,-39.094411
MARCOS CAVALCANTI,2025-04-05 01:17:05,201.3,12.6,-21.98255,-39.097406
MARCOS CAVALCANTI,2025-04-05 01:19:34,198.7,12.7,-21.990935,-39.100568
MARCOS CAVALCANTI,2025-04-05 01:23:33,198.9,12.7,-22.004293,-39.105585
MARCOS CAVALCANTI,2025-04-05 01:29:24,202.6,12.6,-22.023663,-39.112836
MARCOS CAVALCANTI,2025-04-05 01:30:44,218.7,12.3,-22.02767,-39.115415
MARCOS CAVALCANTI,2025-04-05 01:30:55,219.9,12.3,-22.028108,-39.115808
MARCOS CAVALCANTI,2025-04-05 01:31:03,220.4,12.3,-22.028491,-39.116175
MARCOS CAVALCANTI,2025-04-05 01:31:14,222.4,12.3,-22.028988,-39.116676
MARCOS CAVALCANTI,2025-04-05 01:31:55,227.6,12.3,-22.030568,-39.118443
MARCOS CAVALCANTI,2025-04-05 01:32:03,226.7,12.3,-22.030878,-39.118805
MARCOS CAVALCANTI,2025-04-05 02:44:25,222.0,12.8,-22.223175,-39.305626
MARCOS CAVALCANTI,2025-04-05 03:07:13,219.5,12.7,-22.285838,-39.361761
MARCOS CAVALCANTI,2025-04-05 04:24:15,221.1,12.8,-22.491511,-39.558971
MARCOS CAVALCANTI,2025-04-05 04:31:35,222.0,12.9,-22.51106,-39.577683
MARCOS CAVALCANTI,2025-04-05 04:49:05,221.1,13.0,-22.558255,-39.62284
MARCOS CAVALCANTI,2025-04-05 04:52:35,221.4,12.9,-22.56774,-39.631763
MARCOS CAVALCANTI,2025-04-05 04:54:55,220.3,13.0,-22.574115,-39.637708
MARCOS CAVALCANTI,2025-04-05 06:06:55,224.6,12.9,-22.764246,-39.82778
MARCOS CAVALCANTI,2025-04-05 06:12:45,223.0,13.0,-22.779316,-39.8435
MARCOS CAVALCANTI,2025-04-05 06:17:25,224.0,13.0,-22.791476,-39.856256
MARCOS CAVALCANTI,2025-04-05 06:32:26,225.3,13.1,-22.830503,-39.897393
MARCOS CAVALCANTI,2025-04-05 06:36:45,224.1,13.0,-22.841621,-39.90931
MARCOS CAVALCANTI,2025-04-05 07:54:53,254.5,12.4,-23.011385,-40.138411
MARCOS CAVALCANTI,2025-04-05 08:02:15,254.3,12.5,-23.018131,-40.164915
MARCOS CAVALCANTI,2025-04-05 08:15:15,255.4,12.6,-23.029978,-40.21222
MARCOS CAVALCANTI,2025-04-05 08:45:35,254.9,12.8,-23.058468,-40.324901
MARCOS CAVALCANTI,2025-04-05 08:50:46,253.1,12.8,-23.06353,-40.344125
MARCOS CAVALCANTI,2025-04-05 08:54:24,253.2,12.7,-23.067076,-40.35755
MARCOS CAVALCANTI,2025-04-05 08:57:15,253.4,12.7,-23.069926,-40.368008
MARCOS CAVALCANTI,2025-04-05 09:42:14,255.6,12.6,-23.113246,-40.53326
MARCOS CAVALCANTI,2025-04-05 09:51:54,253.9,12.6,-23.122375,-40.568408
MARCOS CAVALCANTI,2025-04-05 10:37:55,253.3,13.1,-23.168196,-40.73995
MARCOS CAVALCANTI,2025-04-05 10:47:05,253.7,13.0,-23.177608,-40.774313
MARCOS CAVALCANTI,2025-04-05 11:22:54,268.3,13.0,-23.210446,-40.909095
MARCOS CAVALCANTI,2025-04-05 11:48:54,267.5,13.1,-23.215063,-41.011708
MARCOS CAVALCANTI,2025-04-05 11:50:54,265.7,13.1,-23.21547,-41.019575
MARCOS CAVALCANTI,2025-04-05 11:51:05,265.9,13.0,-23.215513,-41.020366
MARCOS CAVALCANTI,2025-04-05 11:53:45,265.9,13.0,-23.216063,-41.03073
MARCOS CAVALCANTI,2025-04-05 12:19:14,267.8,12.8,-23.221161,-41.129356
MARCOS CAVALCANTI,2025-04-05 13:05:04,264.5,12.5,-23.231595,-41.30313
MARCOS CAVALCANTI,2025-04-05 13:11:16,267.2,12.5,-23.233505,-41.326135
MARCOS CAVALCANTI,2025-04-05 13:11:45,266.7,12.3,-23.233613,-41.327933
MARCOS CAVALCANTI,2025-04-05 13:16:54,264.7,12.2,-23.235066,-41.346991
MARCOS CAVALCANTI,2025-04-05 13:17:04,263.6,12.3,-23.235128,-41.347665
MARCOS CAVALCANTI,2025-04-05 13:17:24,264.4,12.5,-23.235228,-41.348825
MARCOS CAVALCANTI,2025-04-05 13:44:34,264.3,12.3,-23.242046,-41.449758
MARCOS CAVALCANTI,2025-04-05 13:53:55,267.8,12.1,-23.242943,-41.484043
MARCOS CAVALCANTI,2025-04-05 14:04:04,269.3,12.1,-23.244156,-41.521558
MARCOS CAVALCANTI,2025-04-05 14:22:44,269.2,11.8,-23.24668,-41.589508
MARCOS CAVALCANTI,2025-04-05 14:25:25,267.4,11.9,-23.247068,-41.599146
MARCOS CAVALCANTI,2025-04-05 14:31:25,268.3,11.9,-23.247858,-41.620883
MARCOS CAVALCANTI,2025-04-05 14:54:04,268.8,11.7,-23.249786,-41.701648
MARCOS CAVALCANTI,2025-04-05 14:58:53,265.0,11.7,-23.250098,-41.718763
MARCOS CAVALCANTI,2025-04-05 14:59:04,266.5,11.7,-23.2501,-41.719285
MARCOS CAVALCANTI,2025-04-05 15:02:04,264.1,11.7,-23.250225,-41.729988
MARCOS CAVALCANTI,2025-04-05 15:25:14,272.2,12.0,-23.250925,-41.812373
MARCOS CAVALCANTI,2025-04-05 15:34:14,270.7,11.5,-23.250023,-41.844343
MARCOS CAVALCANTI,2025-04-05 15:37:04,275.3,11.7,-23.249876,-41.854343
MARCOS CAVALCANTI,2025-04-05 15:51:06,275.5,12.2,-23.247376,-41.904721
MARCOS CAVALCANTI,2025-04-05 15:53:55,272.1,12.3,-23.24685,-41.915196
MARCOS CAVALCANTI,2025-04-05 15:57:34,276.6,12.3,-23.245861,-41.928648
MARCOS CAVALCANTI,2025-04-05 15:59:32,273.3,12.2,-23.245408,-41.936031
MARCOS CAVALCANTI,2025-04-05 16:00:01,272.4,12.3,-23.245326,-41.93789
MARCOS CAVALCANTI,2025-04-05 16:00:32,275.4,12.4,-23.24523,-41.939816
MARCOS CAVALCANTI,2025-04-05 16:01:01,271.4,12.4,-23.245131,-41.94162
MARCOS CAVALCANTI,2025-04-05 16:01:12,272.0,12.3,-23.245098,-41.942236
MARCOS CAVALCANTI,2025-04-05 16:01:32,276.7,12.2,-23.245006,-41.943533
MARCOS CAVALCANTI,2025-04-05 16:01:43,275.1,12.4,-23.244963,-41.94421
MARCOS CAVALCANTI,2025-04-05 16:02:01,273.4,12.3,-23.2449,-41.945318
MARCOS CAVALCANTI,2025-04-05 16:02:12,273.6,12.4,-23.244856,-41.946001
MARCOS CAVALCANTI,2025-04-05 16:02:32,272.8,12.3,-23.244783,-41.947173
MARCOS CAVALCANTI,2025-04-05 16:03:12,272.8,12.5,-23.24461,-41.949701
MARCOS CAVALCANTI,2025-04-05 16:05:12,273.9,12.0,-23.244021,-41.957061
MARCOS CAVALCANTI,2025-04-05 16:07:23,267.8,12.0,-23.243913,-41.964881
MARCOS CAVALCANTI,2025-04-05 16:08:12,269.4,11.9,-23.243975,-41.968018
MARCOS CAVALCANTI,2025-04-05 16:15:24,268.8,12.1,-23.243923,-41.993936
MARCOS CAVALCANTI,2025-04-05 16:42:04,265.6,12.1,-23.244696,-42.090788
MARCOS CAVALCANTI,2025-04-05 16:45:44,265.7,11.9,-23.245106,-42.103978
MARCOS CAVALCANTI,2025-04-05 16:47:54,270.8,12.0,-23.245196,-42.111698
MARCOS CAVALCANTI,2025-04-05 17:12:05,268.2,12.0,-23.248508,-42.198585
MARCOS CAVALCANTI,2025-04-05 17:32:55,268.8,11.8,-23.252473,-42.27242
MARCOS CAVALCANTI,2025-04-05 17:36:15,265.2,11.9,-23.253311,-42.284155
MARCOS CAVALCANTI,2025-04-05 17:39:55,268.4,11.8,-23.254081,-42.297255
MARCOS CAVALCANTI,2025-04-05 18:25:13,268.8,11.4,-23.262035,-42.451066
MARCOS CAVALCANTI,2025-04-05 18:31:44,273.2,11.4,-23.26288,-42.473396
MARCOS CAVALCANTI,2025-04-05 18:34:24,268.0,11.1,-23.263105,-42.48251
MARCOS CAVALCANTI,2025-04-05 19:00:54,268.8,11.1,-23.265125,-42.570365
MARCOS CAVALCANTI,2025-04-05 19:19:45,266.7,11.3,-23.26704,-42.634568
MARCOS CAVALCANTI,2025-04-05 19:36:24,269.5,11.0,-23.269001,-42.690933
MARCOS CAVALCANTI,2025-04-05 19:40:43,264.2,10.6,-23.26936,-42.705263
MARCOS CAVALCANTI,2025-04-05 20:14:15,263.5,10.7,-23.272888,-42.815803
MARCOS CAVALCANTI,2025-04-05 20:20:24,267.1,11.1,-23.273646,-42.835843
MARCOS CAVALCANTI,2025-04-05 20:23:24,270.7,11.3,-23.27384,-42.846005
MARCOS CAVALCANTI,2025-04-05 20:26:04,271.1,11.4,-23.274098,-42.855123
MARCOS CAVALCANTI,2025-04-05 20:29:45,265.7,11.0,-23.274458,-42.867491
MARCOS CAVALCANTI,2025-04-05 20:42:55,268.7,11.4,-23.275986,-42.911828
MARCOS CAVALCANTI,2025-04-05 20:47:44,266.8,11.0,-23.276436,-42.928155
MARCOS CAVALCANTI,2025-04-05 20:49:23,273.8,10.7,-23.276628,-42.933595
MARCOS CAVALCANTI,2025-04-05 20:52:05,269.4,10.9,-23.276913,-42.942441
MARCOS CAVALCANTI,2025-04-05 22:01:25,265.8,10.4,-23.282428,-43.162573
MARCOS CAVALCANTI,2025-04-05 22:07:05,274.1,9.7,-23.282876,-43.179801
MARCOS CAVALCANTI,2025-04-05 22:33:13,270.2,10.4,-23.284701,-43.258445
MARCOS CAVALCANTI,2025-04-05 23:03:53,269.6,10.4,-23.287065,-43.354096
MARCOS CAVALCANTI,2025-04-05 23:09:14,266.7,10.3,-23.287223,-43.370828
MARCOS CAVALCANTI,2025-04-05 23:12:45,268.5,10.3,-23.287388,-43.381833
MARCOS CAVALCANTI,2025-04-05 23:14:55,273.9,9.9,-23.287431,-43.388498
MARCOS CAVALCANTI,2025-04-05 23:30:54,265.2,11.0,-23.288431,-43.438758
MARCOS CAVALCANTI,2025-04-05 23:31:04,265.1,10.9,-23.288443,-43.439245
MARCOS CAVALCANTI,2025-04-05 23:33:34,268.4,10.8,-23.288456,-43.44746
MARCOS CAVALCANTI,2025-04-05 23:38:34,272.7,10.7,-23.288626,-43.463573
MARCOS CAVALCANTI,2025-04-05 23:43:35,270.1,10.8,-23.288713,-43.479791
MARCOS CAVALCANTI,2025-04-05 23:55:45,267.0,11.0,-23.28858,-43.519515
MARCOS CAVALCANTI,2025-04-06 00:11:24,269.5,10.8,-23.288871,-43.570433
MARCOS CAVALCANTI,2025-04-06 00:12:34,268.7,11.0,-23.288945,-43.574241
MARCOS CAVALCANTI,2025-04-06 00:15:24,270.5,10.8,-23.28916,-43.583613
MARCOS CAVALCANTI,2025-04-06 00:18:24,269.3,10.9,-23.289701,-43.593381
MARCOS CAVALCANTI,2025-04-06 00:36:55,270.2,10.5,-23.292783,-43.652316
MARCOS CAVALCANTI,2025-04-06 00:48:53,267.7,10.6,-23.294108,-43.690663
MARCOS CAVALCANTI,2025-04-06 01:05:45,266.2,10.9,-23.295668,-43.745283
MARCOS CAVALCANTI,2025-04-06 01:05:54,269.9,10.8,-23.29567,-43.745778
MARCOS CAVALCANTI,2025-04-06 01:06:25,269.1,11.0,-23.29571,-43.747421
MARCOS CAVALCANTI,2025-04-06 01:07:43,265.6,10.9,-23.295831,-43.751753
MARCOS CAVALCANTI,2025-04-06 01:08:04,269.1,10.9,-23.295856,-43.752908
MARCOS CAVALCANTI,2025-04-06 01:08:35,266.5,10.9,-23.295918,-43.754565
MARCOS CAVALCANTI,2025-04-06 01:08:43,264.9,11.0,-23.295931,-43.755006
MARCOS CAVALCANTI,2025-04-06 01:09:25,265.6,11.1,-23.296025,-43.757323
MARCOS CAVALCANTI,2025-04-06 01:10:53,268.5,10.9,-23.29616,-43.762228
MARCOS CAVALCANTI,2025-04-06 01:11:35,268.9,11.0,-23.296225,-43.764488
MARCOS CAVALCANTI,2025-04-06 01:12:35,265.7,10.9,-23.296346,-43.767791
MARCOS CAVALCANTI,2025-04-06 01:22:54,261.3,11.1,-23.297495,-43.80204
MARCOS CAVALCANTI,2025-04-06 01:28:14,273.4,10.9,-23.29784,-43.819435
MARCOS CAVALCANTI,2025-04-06 01:30:23,270.1,10.9,-23.297435,-43.826463
MARCOS CAVALCANTI,2025-04-06 02:01:35,272.5,10.9,-23.293573,-43.929951
MARCOS CAVALCANTI,2025-04-06 02:10:05,269.2,11.1,-23.292621,-43.957631
MARCOS CAVALCANTI,2025-04-06 02:12:44,270.1,11.0,-23.292311,-43.966325
MARCOS CAVALCANTI,2025-04-06 02:12:55,270.6,10.9,-23.292298,-43.966921
MARCOS CAVALCANTI,2025-04-06 03:27:24,269.0,10.5,-23.2957,-44.20239
MARCOS CAVALCANTI,2025-04-06 03:43:45,265.0,10.6,-23.298933,-44.254166
MARCOS CAVALCANTI,2025-04-06 03:51:03,265.3,10.4,-23.30074,-44.277108
MARCOS CAVALCANTI,2025-04-06 05:07:55,346.4,9.1,-23.164001,-44.43467
MARCOS CAVALCANTI,2025-04-06 05:14:45,345.6,7.7,-23.148603,-44.438641
MARCOS CAVALCANTI,2025-04-06 05:29:33,13.9,4.1,-23.123823,-44.439711
MARCOS CAVALCANTI,2025-04-06 05:34:13,26.5,3.8,-23.118886,-44.438088
MARCOS CAVALCANTI,2025-04-06 13:24:59,278.0,0.2,-23.105721,-44.445528
MARCOS CAVALCANTI,2025-04-06 14:27:59,280.4,0.1,-23.105796,-44.445735
MARCOS CAVALCANTI,2025-04-06 14:36:59,124.2,0.1,-23.105738,-44.445805
MARCOS CAVALCANTI,2025-04-06 17:54:56,53.9,0.1,-23.106128,-44.446716
MARCOS CAVALCANTI,2025-04-06 21:09:58,206.0,0.2,-23.10583,-44.446111
MARCOS CAVALCANTI,2025-04-06 22:09:58,58.2,0.1,-23.105721,-44.445763
MARCOS CAVALCANTI,2025-04-06 22:57:59,137.9,0.1,-23.105733,-44.445818
MARCOS CAVALCANTI,2025-04-06 23:48:59,22.5,0.1,-23.105646,-44.445563
MARCOS CAVALCANTI,2025-04-07 04:30:58,260.8,0.0,-23.105535,-44.444905
MARCOS CAVALCANTI,2025-04-07 05:54:59,57.4,0.3,-23.105613,-44.445436
MARCOS CAVALCANTI,2025-04-07 06:12:58,258.6,0.2,-23.105648,-44.445343
MARCOS CAVALCANTI,2025-04-07 09:30:59,219.3,0.3,-23.10568,-44.44514
MARCOS CAVALCANTI,2025-04-07 11:10:04,64.8,11.5,-23.097868,-44.308151
MARCOS CAVALCANTI,2025-04-08 21:19:03,87.5,2.0,-23.06112,-44.224413
MARCOS CAVALCANTI,2025-04-08 21:47:22,104.6,5.5,-23.071406,-44.197951
MARCOS CAVALCANTI,2025-04-08 21:50:12,109.5,5.5,-23.07277,-44.193485
MARCOS CAVALCANTI,2025-04-08 21:54:22,108.8,5.6,-23.075078,-44.186806
MARCOS CAVALCANTI,2025-04-08 21:58:11,109.0,6.9,-23.077328,-44.180255
MARCOS CAVALCANTI,2025-04-08 22:25:51,105.4,12.0,-23.094946,-44.092076
MARCOS CAVALCANTI,2025-04-08 22:40:42,162.3,12.9,-23.138853,-44.068043
MARCOS CAVALCANTI,2025-04-08 22:56:53,220.9,12.7,-23.195631,-44.05654
MARCOS CAVALCANTI,2025-04-08 23:01:12,226.6,14.0,-23.20704,-44.069203
MARCOS CAVALCANTI,2025-04-08 23:04:00,226.8,14.1,-23.214663,-44.07801
MARCOS CAVALCANTI,2025-04-08 23:30:42,247.6,14.4,-23.271723,-44.176906
MARCOS CAVALCANTI,2025-04-08 23:37:24,246.2,14.4,-23.283513,-44.202926
MARCOS CAVALCANTI,2025-04-09 00:07:48,279.9,14.6,-23.291361,-44.332133
MARCOS CAVALCANTI,2025-04-09 00:10:59,290.7,14.3,-23.288088,-44.345548
MARCOS CAVALCANTI,2025-04-09 01:15:36,6.9,3.7,-23.133261,-44.416676
MARCOS CAVALCANTI,2025-04-09 01:16:14,9.1,3.7,-23.132586,-44.41659
MARCOS CAVALCANTI,2025-04-09 01:18:36,9.0,4.2,-23.129991,-44.416248
MARCOS CAVALCANTI,2025-04-09 04:15:01,286.8,0.1,-23.121195,-44.413081
MARCOS CAVALCANTI,2025-04-09 05:42:02,58.2,0.0,-23.121173,-44.412451
MARCOS CAVALCANTI,2025-04-09 06:30:02,247.0,0.0,-23.120905,-44.412006
MARCOS CAVALCANTI,2025-04-09 13:00:01,102.9,0.0,-23.121288,-44.4134
MARCOS CAVALCANTI,2025-04-09 13:51:02,55.2,0.1,-23.121091,-44.412538
MARCOS CAVALCANTI,2025-04-09 21:57:01,99.1,0.1,-23.11709,-44.411896
MARCOS CAVALCANTI,2025-04-09 23:45:02,233.3,0.1,-23.120746,-44.41243
MARCOS CAVALCANTI,2025-04-10 01:57:02,67.7,0.0,-23.120535,-44.412416
MARCOS CAVALCANTI,2025-04-10 14:33:02,81.6,0.2,-23.116375,-44.413775
MARCOS CAVALCANTI,2025-04-10 15:15:02,255.0,0.1,-23.11641,-44.414055
MARCOS CAVALCANTI,2025-04-10 17:30:02,158.5,0.1,-23.117311,-44.411713
MARCOS CAVALCANTI,2025-04-10 20:34:50,104.2,3.1,-23.115656,-44.409816
MARCOS CAVALCANTI,2025-04-10 20:56:51,190.0,13.2,-23.173246,-44.417223
MARCOS CAVALCANTI,2025-04-10 20:59:40,190.7,13.5,-23.183583,-44.419288
MARCOS CAVALCANTI,2025-04-10 21:01:40,188.4,13.5,-23.19111,-44.420773
MARCOS CAVALCANTI,2025-04-10 21:02:48,190.2,13.6,-23.195325,-44.421658
MARCOS CAVALCANTI,2025-04-10 21:28:51,159.0,12.5,-23.284891,-44.416536
MARCOS CAVALCANTI,2025-04-10 21:35:30,159.1,12.5,-23.306626,-44.407045
MARCOS CAVALCANTI,2025-04-10 21:38:10,158.0,12.3,-23.315243,-44.403361
MARCOS CAVALCANTI,2025-04-10 22:04:01,146.8,12.2,-23.396956,-44.365831
MARCOS CAVALCANTI,2025-04-10 22:13:21,141.9,12.1,-23.423371,-44.346893
MARCOS CAVALCANTI,2025-04-10 22:38:39,133.4,12.6,-23.484125,-44.280283
MARCOS CAVALCANTI,2025-04-10 22:45:59,133.6,12.2,-23.501976,-44.260286
MARCOS CAVALCANTI,2025-04-10 23:17:59,132.4,12.0,-23.575741,-44.176783
MARCOS CAVALCANTI,2025-04-10 23:24:20,132.4,11.5,-23.590073,-44.160336
MARCOS CAVALCANTI,2025-04-10 23:39:39,131.7,11.6,-23.622745,-44.12231
MARCOS CAVALCANTI,2025-04-10 23:40:19,132.5,11.7,-23.624183,-44.120616
MARCOS CAVALCANTI,2025-04-10 23:41:30,133.8,12.1,-23.626901,-44.117433
MARCOS CAVALCANTI,2025-04-10 23:41:39,133.4,12.1,-23.627245,-44.117028
MARCOS CAVALCANTI,2025-04-10 23:42:00,132.6,12.2,-23.628005,-44.116128
MARCOS CAVALCANTI,2025-04-11 01:01:30,137.9,11.7,-23.808445,-43.91636
MARCOS CAVALCANTI,2025-04-11 01:02:39,137.1,11.7,-23.811256,-43.913581
MARCOS CAVALCANTI,2025-04-11 01:03:00,137.6,11.9,-23.812111,-43.91275
MARCOS CAVALCANTI,2025-04-11 01:06:19,138.6,12.0,-23.820173,-43.904808
MARCOS CAVALCANTI,2025-04-11 01:07:29,140.5,11.5,-23.823013,-43.902065
MARCOS CAVALCANTI,2025-04-11 01:15:00,139.3,11.4,-23.84157,-43.884586
MARCOS CAVALCANTI,2025-04-11 01:24:38,144.0,11.8,-23.864755,-43.863203
MARCOS CAVALCANTI,2025-04-11 02:09:39,132.1,12.1,-23.96017,-43.746138
MARCOS CAVALCANTI,2025-04-11 02:13:20,134.3,12.3,-23.968681,-43.736328
MARCOS CAVALCANTI,2025-04-11 02:18:41,132.3,10.7,-23.979998,-43.72302
MARCOS CAVALCANTI,2025-04-11 03:32:50,135.0,12.7,-24.150523,-43.529326
MARCOS CAVALCANTI,2025-04-11 03:36:29,134.3,11.5,-24.158843,-43.519725
MARCOS CAVALCANTI,2025-04-11 03:39:20,133.8,11.7,-24.165318,-43.512358
MARCOS CAVALCANTI,2025-04-11 03:53:50,132.4,12.0,-24.198261,-43.474075
MARCOS CAVALCANTI,2025-04-11 03:55:59,131.5,11.6,-24.20298,-43.468338
MARCOS CAVALCANTI,2025-04-11 03:58:20,131.2,12.0,-24.208163,-43.462081
MARCOS CAVALCANTI,2025-04-11 04:01:40,132.0,12.3,-24.215826,-43.45279
MARCOS CAVALCANTI,2025-04-11 05:22:30,134.5,11.8,-24.408876,-43.251883
MARCOS CAVALCANTI,2025-04-11 05:24:19,135.1,11.5,-24.41302,-43.247325
MARCOS CAVALCANTI,2025-04-11 05:32:10,133.9,11.8,-24.430883,-43.227428
MARCOS CAVALCANTI,2025-04-11 06:15:49,135.3,11.5,-24.527646,-43.117061
MARCOS CAVALCANTI,2025-04-11 06:18:30,133.8,11.9,-24.533723,-43.110136
MARCOS CAVALCANTI,2025-04-11 06:22:40,135.0,11.6,-24.54316,-43.099546
MARCOS CAVALCANTI,2025-04-11 07:07:30,135.4,11.2,-24.643316,-42.988831
MARCOS CAVALCANTI,2025-04-11 07:11:10,134.9,10.5,-24.651293,-42.980178
MARCOS CAVALCANTI,2025-04-11 07:16:19,136.1,9.4,-24.661133,-42.969733
MARCOS CAVALCANTI,2025-04-11 07:58:29,118.6,8.6,-24.722966,-42.87996
MARCOS CAVALCANTI,2025-04-11 08:03:41,119.9,8.2,-24.728446,-42.868145
MARCOS CAVALCANTI,2025-04-11 08:07:39,119.7,7.9,-24.732651,-42.859135
MARCOS CAVALCANTI,2025-04-11 08:54:29,66.9,1.0,-24.752635,-42.818773
MARCOS CAVALCANTI,2025-04-11 08:57:50,81.9,1.4,-24.752208,-42.817141
MARCOS CAVALCANTI,2025-04-11 10:29:50,282.2,0.3,-24.745698,-42.809358
MARCOS CAVALCANTI,2025-04-11 11:17:48,334.7,3.1,-24.72859,-42.823758
MARCOS CAVALCANTI,2025-04-11 11:32:10,327.3,2.1,-24.719288,-42.830326
MARCOS CAVALCANTI,2025-04-11 11:35:00,330.9,2.4,-24.717923,-42.831426
MARCOS CAVALCANTI,2025-04-11 11:40:49,331.5,1.7,-24.715255,-42.833425
MARCOS CAVALCANTI,2025-04-11 11:40:58,332.8,2.0,-24.715181,-42.833476
MARCOS CAVALCANTI,2025-04-11 11:41:18,319.6,2.0,-24.715038,-42.833588
MARCOS CAVALCANTI,2025-04-11 11:41:39,319.5,1.1,-24.714898,-42.833665
MARCOS CAVALCANTI,2025-04-11 11:41:58,327.3,1.7,-24.714735,-42.833753
MARCOS CAVALCANTI,2025-04-11 11:42:10,342.9,2.3,-24.71465,-42.833791
MARCOS CAVALCANTI,2025-04-11 11:44:49,9.2,1.5,-24.713586,-42.834455
MARCOS CAVALCANTI,2025-04-11 11:45:00,5.4,1.8,-24.713506,-42.834455
MARCOS CAVALCANTI,2025-04-11 11:54:31,291.5,3.3,-24.706606,-42.83939
MARCOS CAVALCANTI,2025-04-11 12:19:41,175.1,3.5,-24.727068,-42.845298
MARCOS CAVALCANTI,2025-04-11 12:22:09,174.7,2.7,-24.729126,-42.845131
MARCOS CAVALCANTI,2025-04-11 12:25:09,193.3,2.1,-24.731156,-42.845368
MARCOS CAVALCANTI,2025-04-11 12:27:29,193.5,1.7,-24.732426,-42.84566
MARCOS CAVALCANTI,2025-04-11 12:28:51,204.2,1.6,-24.73303,-42.84589
MARCOS CAVALCANTI,2025-04-11 12:29:41,198.7,1.9,-24.733353,-42.846058
MARCOS CAVALCANTI,2025-04-11 12:54:29,232.6,3.5,-24.739531,-42.85899
MARCOS CAVALCANTI,2025-04-11 12:59:59,195.2,2.9,-24.743373,-42.861848
MARCOS CAVALCANTI,2025-04-11 13:21:10,90.7,3.7,-24.742196,-42.845431
MARCOS CAVALCANTI,2025-04-11 13:37:40,98.1,3.6,-24.74134,-42.82706
MARCOS CAVALCANTI,2025-04-11 13:41:00,97.4,3.7,-24.74158,-42.82343
MARCOS CAVALCANTI,2025-04-11 14:00:59,336.6,0.4,-24.74115,-42.8141
MARCOS CAVALCANTI,2025-04-11 14:04:30,14.5,1.5,-24.740255,-42.8142
MARCOS CAVALCANTI,2025-04-11 14:06:49,15.9,2.6,-24.738766,-42.813976
MARCOS CAVALCANTI,2025-04-11 14:08:00,45.7,3.4,-24.737958,-42.813595
MARCOS CAVALCANTI,2025-04-11 14:17:09,157.4,0.8,-24.736936,-42.809756
MARCOS CAVALCANTI,2025-04-11 14:40:30,139.3,1.4,-24.740306,-42.806285
MARCOS CAVALCANTI,2025-04-11 14:59:50,284.2,1.1,-24.74214,-42.80787
MARCOS CAVALCANTI,2025-04-11 15:02:01,284.2,1.2,-24.742013,-42.808645
MARCOS CAVALCANTI,2025-04-11 15:05:10,288.4,1.5,-24.741931,-42.809938
MARCOS CAVALCANTI,2025-04-11 15:08:20,42.8,0.8,-24.7415,-42.810398
MARCOS CAVALCANTI,2025-04-11 15:16:29,161.0,3.0,-24.74215,-42.806256
MARCOS CAVALCANTI,2025-04-11 15:48:39,297.1,13.2,-24.706436,-42.896673
MARCOS CAVALCANTI,2025-04-11 15:49:39,295.7,13.3,-24.704773,-42.900271
MARCOS CAVALCANTI,2025-04-11 15:50:09,296.0,13.2,-24.703956,-42.902068
MARCOS CAVALCANTI,2025-04-11 15:50:39,296.0,13.2,-24.70315,-42.903886
MARCOS CAVALCANTI,2025-04-11 15:55:39,297.6,13.2,-24.694981,-42.92193
MARCOS CAVALCANTI,2025-04-11 15:57:30,297.5,13.4,-24.691996,-42.92865
MARCOS CAVALCANTI,2025-04-11 16:00:10,296.0,13.5,-24.687603,-42.93835
MARCOS CAVALCANTI,2025-04-11 16:45:50,286.5,12.7,-24.6146,-43.106008
MARCOS CAVALCANTI,2025-04-11 16:48:19,253.1,11.3,-24.614695,-43.11505
MARCOS CAVALCANTI,2025-04-11 17:06:40,182.6,12.8,-24.670933,-43.12935
MARCOS CAVALCANTI,2025-04-11 17:25:27,175.7,12.6,-24.7395,-43.125345
MARCOS CAVALCANTI,2025-04-11 17:25:48,174.6,12.5,-24.740716,-43.125261
MARCOS CAVALCANTI,2025-04-11 17:26:27,177.8,12.6,-24.742976,-43.125111
MARCOS CAVALCANTI,2025-04-11 17:26:48,178.2,12.5,-24.744195,-43.125058
MARCOS CAVALCANTI,2025-04-11 17:27:27,177.9,12.3,-24.746438,-43.124931
MARCOS CAVALCANTI,2025-04-11 17:28:27,168.3,11.9,-24.749813,-43.124453
MARCOS CAVALCANTI,2025-04-11 17:29:47,152.8,11.0,-24.753768,-43.123018
MARCOS CAVALCANTI,2025-04-11 17:30:17,146.7,10.6,-24.754998,-43.12221
MARCOS CAVALCANTI,2025-04-11 17:40:31,102.9,10.9,-24.76479,-43.09338
MARCOS CAVALCANTI,2025-04-11 17:50:20,103.3,11.2,-24.770278,-43.061808
MARCOS CAVALCANTI,2025-04-11 17:52:49,103.2,11.3,-24.771828,-43.053588
MARCOS CAVALCANTI,2025-04-11 18:15:49,98.7,11.2,-24.785266,-42.976558
MARCOS CAVALCANTI,2025-04-11 18:16:39,98.7,11.4,-24.785671,-42.973671
MARCOS CAVALCANTI,2025-04-11 18:20:09,97.9,11.1,-24.787311,-42.962223
MARCOS CAVALCANTI,2025-04-11 18:49:20,184.1,9.9,-24.809093,-42.876705
MARCOS CAVALCANTI,2025-04-11 18:52:10,226.1,10.4,-24.81622,-42.880623
MARCOS CAVALCANTI,2025-04-11 18:54:31,258.5,10.6,-24.819121,-42.887473
MARCOS CAVALCANTI,2025-04-11 19:04:47,283.7,13.4,-24.811903,-42.925211
MARCOS CAVALCANTI,2025-04-11 19:17:20,284.1,14.2,-24.79946,-42.976301
MARCOS CAVALCANTI,2025-04-11 19:30:29,285.9,13.1,-24.78644,-43.029253
MARCOS CAVALCANTI,2025-04-11 19:36:20,283.0,13.3,-24.78111,-43.052011
MARCOS CAVALCANTI,2025-04-11 19:40:59,285.6,13.1,-24.77686,-43.070296
MARCOS CAVALCANTI,2025-04-11 19:54:29,312.0,12.9,-24.753405,-43.117178
MARCOS CAVALCANTI,2025-04-11 20:34:30,82.2,10.8,-24.633253,-43.11244
MARCOS CAVALCANTI,2025-04-11 21:03:28,125.6,2.0,-24.652305,-43.058476
MARCOS CAVALCANTI,2025-04-11 21:10:19,126.0,0.8,-24.653115,-43.055831
MARCOS CAVALCANTI,2025-04-11 21:13:51,20.3,0.5,-24.653073,-43.05523
MARCOS CAVALCANTI,2025-04-11 21:38:09,57.3,2.9,-24.646988,-43.05795
MARCOS CAVALCANTI,2025-04-11 21:45:49,19.4,2.0,-24.644756,-43.059185
MARCOS CAVALCANTI,2025-04-11 21:46:37,2.5,0.7,-24.644506,-43.059348
MARCOS CAVALCANTI,2025-04-11 21:49:09,320.8,1.6,-24.643748,-43.059848
MARCOS CAVALCANTI,2025-04-11 22:14:29,310.6,0.4,-24.637888,-43.064683
MARCOS CAVALCANTI,2025-04-11 22:19:30,310.6,0.4,-24.636753,-43.065768
MARCOS CAVALCANTI,2025-04-11 22:24:00,321.3,0.8,-24.635583,-43.066718
MARCOS CAVALCANTI,2025-04-11 22:51:29,353.4,1.5,-24.62904,-43.0715
MARCOS CAVALCANTI,2025-04-11 23:23:08,345.0,1.8,-24.619353,-43.077843
MARCOS CAVALCANTI,2025-04-12 00:48:20,341.6,1.7,-24.588011,-43.093798
MARCOS CAVALCANTI,2025-04-12 00:52:50,344.8,2.3,-24.586308,-43.094661
MARCOS CAVALCANTI,2025-04-12 00:55:19,318.3,1.1,-24.585288,-43.09517
MARCOS CAVALCANTI,2025-04-12 00:55:39,341.4,1.6,-24.585186,-43.095208
MARCOS CAVALCANTI,2025-04-12 00:57:30,328.0,1.5,-24.584363,-43.09565
MARCOS CAVALCANTI,2025-04-12 01:00:00,329.6,1.2,-24.58328,-43.096191
MARCOS CAVALCANTI,2025-04-12 01:15:29,343.5,1.1,-24.576711,-43.099208
MARCOS CAVALCANTI,2025-04-12 01:16:08,55.2,3.1,-24.576448,-43.099323
MARCOS CAVALCANTI,2025-04-12 01:44:30,340.3,2.1,-24.564,-43.105815
MARCOS CAVALCANTI,2025-04-12 01:45:29,329.5,1.4,-24.563535,-43.106055
MARCOS CAVALCANTI,2025-04-12 01:45:49,336.5,1.6,-24.563373,-43.106128
MARCOS CAVALCANTI,2025-04-12 01:46:29,21.0,3.2,-24.563058,-43.106271
MARCOS CAVALCANTI,2025-04-12 01:47:10,20.9,2.1,-24.562706,-43.106425
MARCOS CAVALCANTI,2025-04-12 01:48:10,336.8,2.7,-24.562175,-43.106675
MARCOS CAVALCANTI,2025-04-12 01:48:29,334.1,1.3,-24.562011,-43.106738
MARCOS CAVALCANTI,2025-04-12 02:32:19,340.2,1.4,-24.541688,-43.115016
MARCOS CAVALCANTI,2025-04-12 02:34:30,330.1,1.5,-24.54074,-43.11543
MARCOS CAVALCANTI,2025-04-12 02:54:59,320.0,1.4,-24.532021,-43.120006
MARCOS CAVALCANTI,2025-04-12 02:57:18,330.3,1.3,-24.531176,-43.120536
MARCOS CAVALCANTI,2025-04-12 02:59:58,322.9,1.7,-24.53014,-43.121165
MARCOS CAVALCANTI,2025-04-12 04:13:30,310.9,1.0,-24.503713,-43.136291
MARCOS CAVALCANTI,2025-04-12 04:21:20,7.1,3.0,-24.498226,-43.136805
MARCOS CAVALCANTI,2025-04-12 04:24:19,47.8,4.4,-24.49556,-43.13505
MARCOS CAVALCANTI,2025-04-12 04:40:10,137.9,7.6,-24.503371,-43.120476
MARCOS CAVALCANTI,2025-04-12 04:43:20,136.2,9.5,-24.50893,-43.114586
MARCOS CAVALCANTI,2025-04-12 05:20:10,135.0,10.4,-24.583615,-43.031011
MARCOS CAVALCANTI,2025-04-12 06:07:49,134.9,10.9,-24.687421,-42.91982
MARCOS CAVALCANTI,2025-04-12 06:11:30,135.1,11.1,-24.69534,-42.911098
MARCOS CAVALCANTI,2025-04-12 06:13:50,128.9,11.0,-24.700328,-42.90539
MARCOS CAVALCANTI,2025-04-12 06:16:29,125.5,10.9,-24.705266,-42.898355
MARCOS CAVALCANTI,2025-04-12 07:03:29,121.3,5.1,-24.773033,-42.791431
MARCOS CAVALCANTI,2025-04-12 07:06:19,116.0,5.1,-24.775026,-42.787481
MARCOS CAVALCANTI,2025-04-12 07:52:40,268.3,1.6,-24.784571,-42.78636
MARCOS CAVALCANTI,2025-04-12 07:55:30,247.2,2.7,-24.784768,-42.787966
MARCOS CAVALCANTI,2025-04-12 07:59:19,263.7,1.9,-24.784991,-42.79028
MARCOS CAVALCANTI,2025-04-12 10:34:28,320.2,2.7,-24.775635,-42.790768
MARCOS CAVALCANTI,2025-04-12 10:48:19,80.3,2.1,-24.768188,-42.789778
MARCOS CAVALCANTI,2025-04-12 11:17:30,104.6,2.5,-24.780796,-42.78097
MARCOS CAVALCANTI,2025-04-12 11:21:01,99.3,1.9,-24.781381,-42.778735
MARCOS CAVALCANTI,2025-04-12 11:22:30,111.3,1.9,-24.781578,-42.777903
MARCOS CAVALCANTI,2025-04-12 11:25:00,103.9,2.0,-24.7819,-42.776468
MARCOS CAVALCANTI,2025-04-12 11:25:38,100.7,2.2,-24.782011,-42.776093
MARCOS CAVALCANTI,2025-04-12 11:27:19,117.3,1.7,-24.782323,-42.775183
MARCOS CAVALCANTI,2025-04-12 11:27:49,116.9,1.4,-24.782396,-42.774971
MARCOS CAVALCANTI,2025-04-12 11:28:19,126.7,1.2,-24.782466,-42.774783
MARCOS CAVALCANTI,2025-04-12 11:28:40,115.4,1.0,-24.782505,-42.774676
MARCOS CAVALCANTI,2025-04-12 11:30:29,106.1,0.5,-24.782658,-42.774306
MARCOS CAVALCANTI,2025-04-12 11:54:40,25.1,0.3,-24.782761,-42.771828
MARCOS CAVALCANTI,2025-04-12 11:56:50,95.5,0.6,-24.782791,-42.771641
MARCOS CAVALCANTI,2025-04-12 11:59:09,92.8,0.6,-24.782825,-42.771226
MARCOS CAVALCANTI,2025-04-12 12:01:29,84.2,0.6,-24.782755,-42.770758
MARCOS CAVALCANTI,2025-04-12 12:01:49,107.3,0.7,-24.782755,-42.770698
MARCOS CAVALCANTI,2025-04-12 12:19:20,276.6,0.1,-24.783058,-42.769198
MARCOS CAVALCANTI,2025-04-12 12:28:09,170.9,0.2,-24.783166,-42.76865
MARCOS CAVALCANTI,2025-04-12 12:36:10,255.6,0.4,-24.784036,-42.76854
MARCOS CAVALCANTI,2025-04-12 12:38:29,319.6,0.2,-24.784018,-42.768646
MARCOS CAVALCANTI,2025-04-12 12:55:29,28.1,0.3,-24.784341,-42.765773
MARCOS CAVALCANTI,2025-04-12 12:58:10,223.1,0.5,-24.784305,-42.765815
MARCOS CAVALCANTI,2025-04-12 13:00:50,281.6,0.4,-24.784111,-42.766135
MARCOS CAVALCANTI,2025-04-12 13:04:50,337.0,0.2,-24.783753,-42.766411
MARCOS CAVALCANTI,2025-04-12 13:05:20,308.3,0.4,-24.78372,-42.766451
MARCOS CAVALCANTI,2025-04-12 13:08:39,55.3,0.2,-24.783326,-42.766505
MARCOS CAVALCANTI,2025-04-12 13:10:20,70.9,0.5,-24.783328,-42.766381
MARCOS CAVALCANTI,2025-04-12 13:11:49,50.2,0.7,-24.783123,-42.76613
MARCOS CAVALCANTI,2025-04-12 13:14:50,105.4,0.7,-24.783156,-42.765508
MARCOS CAVALCANTI,2025-04-12 13:29:30,108.5,0.7,-24.782171,-42.763286
MARCOS CAVALCANTI,2025-04-12 13:32:30,58.6,0.4,-24.782013,-42.763171
MARCOS CAVALCANTI,2025-04-12 13:32:39,51.8,0.2,-24.782003,-42.76315
MARCOS CAVALCANTI,2025-04-12 13:32:59,50.4,0.5,-24.781981,-42.763098
MARCOS CAVALCANTI,2025-04-12 13:33:59,71.9,0.6,-24.781918,-42.762931
MARCOS CAVALCANTI,2025-04-12 13:34:39,75.3,0.6,-24.781895,-42.762811
MARCOS CAVALCANTI,2025-04-12 13:38:00,50.3,0.8,-24.781748,-42.762116
MARCOS CAVALCANTI,2025-04-12 13:40:21,48.3,0.5,-24.781646,-42.761773
MARCOS CAVALCANTI,2025-04-12 13:54:40,346.0,0.5,-24.781163,-42.76073
MARCOS CAVALCANTI,2025-04-12 13:57:00,64.2,0.2,-24.781048,-42.760631
MARCOS CAVALCANTI,2025-04-12 14:01:39,21.9,0.2,-24.781003,-42.760583
MARCOS CAVALCANTI,2025-04-12 14:05:40,156.5,0.4,-24.78121,-42.760616
MARCOS CAVALCANTI,2025-04-12 14:16:09,145.2,0.0,-24.78113,-42.760593
MARCOS CAVALCANTI,2025-04-12 14:48:49,113.2,0.7,-24.7819,-42.757711
MARCOS CAVALCANTI,2025-04-12 14:55:11,71.1,0.6,-24.782021,-42.756573
MARCOS CAVALCANTI,2025-04-12 14:58:10,119.3,0.2,-24.782103,-42.756243
MARCOS CAVALCANTI,2025-04-12 15:00:50,239.9,0.3,-24.782081,-42.756171
MARCOS CAVALCANTI,2025-04-12 15:42:40,56.2,0.6,-24.78187,-42.749141
MARCOS CAVALCANTI,2025-04-12 15:48:10,97.2,0.6,-24.781701,-42.748098
MARCOS CAVALCANTI,2025-04-12 15:52:00,108.0,0.6,-24.78174,-42.74738
MARCOS CAVALCANTI,2025-04-12 16:00:09,81.4,0.6,-24.781578,-42.745858
MARCOS CAVALCANTI,2025-04-12 16:38:29,61.8,0.6,-24.781253,-42.738895
MARCOS CAVALCANTI,2025-04-12 16:42:30,93.0,0.7,-24.781218,-42.73815
MARCOS CAVALCANTI,2025-04-12 16:45:50,100.3,0.6,-24.781155,-42.737563
MARCOS CAVALCANTI,2025-04-12 16:49:19,66.7,0.6,-24.781145,-42.736881
MARCOS CAVALCANTI,2025-04-12 16:52:09,98.2,0.6,-24.78104,-42.73639
MARCOS CAVALCANTI,2025-04-12 16:55:19,113.0,0.3,-24.781126,-42.735833
MARCOS CAVALCANTI,2025-04-12 17:10:59,87.1,0.8,-24.781045,-42.732925
MARCOS CAVALCANTI,2025-04-12 17:15:10,89.0,0.7,-24.780873,-42.732165
MARCOS CAVALCANTI,2025-04-12 17:16:19,54.5,0.7,-24.78083,-42.731918
MARCOS CAVALCANTI,2025-04-12 17:19:29,73.0,0.7,-24.78076,-42.73136
MARCOS CAVALCANTI,2025-04-12 17:39:38,24.2,0.2,-24.780366,-42.728873
MARCOS CAVALCANTI,2025-04-12 17:40:07,192.9,0.3,-24.780373,-42.728843
MARCOS CAVALCANTI,2025-04-12 17:40:48,242.1,0.1,-24.780328,-42.72886
MARCOS CAVALCANTI,2025-04-12 17:41:27,193.7,0.2,-24.780323,-42.72889
MARCOS CAVALCANTI,2025-04-12 17:41:38,192.7,0.3,-24.780338,-42.728896
MARCOS CAVALCANTI,2025-04-12 17:42:06,6.2,0.5,-24.780371,-42.728885
MARCOS CAVALCANTI,2025-04-12 17:42:48,182.8,0.1,-24.780401,-42.728903
MARCOS CAVALCANTI,2025-04-12 17:43:06,323.0,0.5,-24.78042,-42.728915
MARCOS CAVALCANTI,2025-04-12 17:45:39,200.8,0.1,-24.780548,-42.72895
MARCOS CAVALCANTI,2025-04-12 17:49:19,187.7,0.1,-24.780598,-42.728983
MARCOS CAVALCANTI,2025-04-12 17:51:49,166.5,0.1,-24.780725,-42.728965
MARCOS CAVALCANTI,2025-04-12 18:21:49,73.6,0.1,-24.780821,-42.728925
MARCOS CAVALCANTI,2025-04-12 18:25:58,107.2,0.5,-24.78087,-42.728665
MARCOS CAVALCANTI,2025-04-12 18:57:59,357.8,0.2,-24.77884,-42.726091
MARCOS CAVALCANTI,2025-04-12 18:58:41,357.3,0.2,-24.778778,-42.726096
MARCOS CAVALCANTI,2025-04-12 19:02:09,173.2,0.2,-24.778626,-42.726055
MARCOS CAVALCANTI,2025-04-12 19:02:41,162.7,0.2,-24.778625,-42.726036
MARCOS CAVALCANTI,2025-04-14 10:37:52,224.4,11.6,-24.81629,-42.813806
MARCOS CAVALCANTI,2025-04-14 10:51:32,223.5,12.5,-24.849756,-42.848671
MARCOS CAVALCANTI,2025-04-14 10:58:43,223.4,12.7,-24.868036,-42.867816
MARCOS CAVALCANTI,2025-04-14 11:04:53,224.0,12.8,-24.88391,-42.8844
MARCOS CAVALCANTI,2025-04-14 11:07:03,224.2,12.7,-24.889571,-42.890246
MARCOS CAVALCANTI,2025-04-14 11:09:48,224.7,12.7,-24.896353,-42.897431
MARCOS CAVALCANTI,2025-04-14 11:47:32,229.5,12.1,-24.983045,-43.006168
MARCOS CAVALCANTI,2025-04-14 11:57:12,229.3,11.9,-25.003675,-43.033555
MARCOS CAVALCANTI,2025-04-14 12:01:52,230.4,11.7,-25.013468,-43.046533
MARCOS CAVALCANTI,2025-04-14 12:11:53,231.2,11.7,-25.033983,-43.074385
MARCOS CAVALCANTI,2025-04-14 12:14:12,232.3,11.7,-25.038613,-43.080853
MARCOS CAVALCANTI,2025-04-14 12:21:13,233.0,11.8,-25.05284,-43.100668
MARCOS CAVALCANTI,2025-04-14 12:23:02,233.9,11.8,-25.056455,-43.105951
MARCOS CAVALCANTI,2025-04-14 12:25:02,232.3,11.8,-25.060345,-43.111636
MARCOS CAVALCANTI,2025-04-14 12:25:12,232.9,11.7,-25.060698,-43.112151
MARCOS CAVALCANTI,2025-04-14 12:25:42,232.3,11.7,-25.061681,-43.113583
MARCOS CAVALCANTI,2025-04-14 12:26:12,233.9,11.8,-25.062631,-43.11496
MARCOS CAVALCANTI,2025-04-14 12:49:42,233.5,12.1,-25.109325,-43.183323
MARCOS CAVALCANTI,2025-04-14 12:56:03,232.1,12.0,-25.122206,-43.202035
MARCOS CAVALCANTI,2025-04-14 13:21:02,228.1,12.3,-25.174978,-43.27417
MARCOS CAVALCANTI,2025-04-14 13:22:42,230.3,12.3,-25.178683,-43.278893
MARCOS CAVALCANTI,2025-04-14 13:23:31,230.3,12.2,-25.180471,-43.28115
MARCOS CAVALCANTI,2025-04-14 13:24:32,228.1,12.2,-25.182751,-43.28402
MARCOS CAVALCANTI,2025-04-14 13:43:22,229.9,12.2,-25.224608,-43.337121
MARCOS CAVALCANTI,2025-04-14 14:34:11,231.7,12.2,-25.33786,-43.481013
MARCOS CAVALCANTI,2025-04-14 14:38:23,232.6,12.3,-25.346908,-43.493166
MARCOS CAVALCANTI,2025-04-14 15:26:01,230.8,12.2,-25.449391,-43.630135
MARCOS CAVALCANTI,2025-04-14 15:45:03,232.3,12.4,-25.489276,-43.687071
MARCOS CAVALCANTI,2025-04-14 16:23:02,233.1,12.3,-25.570405,-43.80161
MARCOS CAVALCANTI,2025-04-14 16:23:22,232.8,12.4,-25.571078,-43.80256
MARCOS CAVALCANTI,2025-04-14 16:32:41,231.2,12.4,-25.591085,-43.830366
MARCOS CAVALCANTI,2025-04-14 16:38:42,231.0,12.4,-25.603931,-43.84812
MARCOS CAVALCANTI,2025-04-14 17:03:03,229.5,12.3,-25.656388,-43.919388
MARCOS CAVALCANTI,2025-04-14 17:28:03,231.6,12.0,-25.709328,-43.992176
MARCOS CAVALCANTI,2025-04-14 18:08:20,230.0,11.7,-25.792006,-44.10658
MARCOS CAVALCANTI,2025-04-14 18:08:52,232.3,11.7,-25.792995,-44.107936
MARCOS CAVALCANTI,2025-04-14 18:09:20,231.0,11.7,-25.79403,-44.109338
MARCOS CAVALCANTI,2025-04-14 18:18:02,231.1,11.8,-25.811883,-44.133778
MARCOS CAVALCANTI,2025-04-14 18:23:01,232.1,11.8,-25.822196,-44.147933
MARCOS CAVALCANTI,2025-04-14 18:39:23,231.1,11.7,-25.855843,-44.193965
MARCOS CAVALCANTI,2025-04-14 19:12:03,230.8,11.3,-25.922515,-44.283845
MARCOS CAVALCANTI,2025-04-14 19:51:03,232.7,11.3,-26.000146,-44.388946
MARCOS CAVALCANTI,2025-04-14 20:06:52,231.4,11.2,-26.030976,-44.43186
MARCOS CAVALCANTI,2025-04-14 20:20:41,232.6,11.2,-26.057568,-44.469465
MARCOS CAVALCANTI,2025-04-14 20:27:12,232.6,11.2,-26.070075,-44.487211
MARCOS CAVALCANTI,2025-04-14 20:29:52,231.7,11.3,-26.075208,-44.494528
MARCOS CAVALCANTI,2025-04-14 21:02:33,233.0,11.4,-26.138726,-44.584855
MARCOS CAVALCANTI,2025-04-14 21:29:33,233.7,11.4,-26.190563,-44.66059
MARCOS CAVALCANTI,2025-04-14 21:48:41,232.7,11.4,-26.227231,-44.714248
MARCOS CAVALCANTI,2025-04-14 22:05:12,232.3,11.5,-26.259138,-44.76091
MARCOS CAVALCANTI,2025-04-14 22:11:32,232.4,11.5,-26.271373,-44.778791
MARCOS CAVALCANTI,2025-04-15 00:41:23,235.1,12.1,-26.581928,-45.205996
MARCOS CAVALCANTI,2025-04-15 00:42:01,234.0,12.1,-26.583151,-45.207948
MARCOS CAVALCANTI,2025-04-15 01:20:43,233.1,12.0,-26.660681,-45.323558
MARCOS CAVALCANTI,2025-04-15 01:33:42,234.4,12.1,-26.687156,-45.36235
MARCOS CAVALCANTI,2025-04-15 01:34:21,231.9,12.1,-26.68847,-45.36427
MARCOS CAVALCANTI,2025-04-15 01:41:22,233.4,12.0,-26.70261,-45.38508
MARCOS CAVALCANTI,2025-04-15 02:14:23,229.9,11.9,-26.769918,-45.481565
MARCOS CAVALCANTI,2025-04-15 02:15:11,231.3,11.8,-26.771658,-45.483983
MARCOS CAVALCANTI,2025-04-15 02:15:42,231.1,11.8,-26.772685,-45.485421
MARCOS CAVALCANTI,2025-04-15 02:56:22,230.5,12.1,-26.858073,-45.602638
MARCOS CAVALCANTI,2025-04-15 03:06:32,231.4,12.0,-26.8795,-45.632155
MARCOS CAVALCANTI,2025-04-15 03:23:42,230.9,12.1,-26.916001,-45.681941
MARCOS CAVALCANTI,2025-04-15 04:46:53,231.2,12.5,-27.099025,-45.92761
MARCOS CAVALCANTI,2025-04-15 04:55:03,231.7,12.7,-27.11702,-45.952703
MARCOS CAVALCANTI,2025-04-15 05:40:52,230.9,13.0,-27.218791,-46.096583
MARCOS CAVALCANTI,2025-04-15 05:45:02,231.8,13.0,-27.228296,-46.109801
MARCOS CAVALCANTI,2025-04-15 05:47:12,231.1,13.0,-27.233168,-46.116626
MARCOS CAVALCANTI,2025-04-15 05:49:42,231.0,13.0,-27.238825,-46.1245
MARCOS CAVALCANTI,2025-04-15 06:28:43,230.2,13.2,-27.328298,-46.247953
MARCOS CAVALCANTI,2025-04-15 06:34:03,230.4,13.2,-27.340665,-46.264895
MARCOS CAVALCANTI,2025-04-15 07:20:12,230.2,13.5,-27.44946,-46.412808
MARCOS CAVALCANTI,2025-04-15 07:23:32,230.3,13.5,-27.45744,-46.423515
MARCOS CAVALCANTI,2025-04-15 07:27:22,229.8,13.5,-27.46664,-46.435831
MARCOS CAVALCANTI,2025-04-15 07:33:12,229.3,13.5,-27.480741,-46.454653
MARCOS CAVALCANTI,2025-04-15 08:19:43,230.0,13.7,-27.594945,-46.604151
MARCOS CAVALCANTI,2025-04-15 09:16:52,234.1,13.6,-27.722861,-46.802123
MARCOS CAVALCANTI,2025-04-15 10:05:53,232.3,13.5,-27.833908,-46.968203
MARCOS CAVALCANTI,2025-04-15 10:09:13,231.9,13.5,-27.841573,-46.979298
MARCOS CAVALCANTI,2025-04-15 10:10:52,232.0,13.5,-27.845396,-46.984855
MARCOS CAVALCANTI,2025-04-15 10:44:42,231.2,13.0,-27.922581,-47.095505
MARCOS CAVALCANTI,2025-04-15 10:52:42,228.5,12.9,-27.94157,-47.119975
MARCOS CAVALCANTI,2025-04-15 11:02:32,229.9,12.8,-27.964551,-47.150038
MARCOS CAVALCANTI,2025-04-15 11:10:03,229.1,12.8,-27.981908,-47.173078
MARCOS CAVALCANTI,2025-04-15 11:18:32,229.8,12.6,-28.001453,-47.19898
MARCOS CAVALCANTI,2025-04-15 11:45:42,232.5,12.7,-28.06229,-47.282538
MARCOS CAVALCANTI,2025-04-15 11:49:52,230.1,12.6,-28.071541,-47.295445
MARCOS CAVALCANTI,2025-04-15 11:57:13,230.9,12.5,-28.087518,-47.318076
MARCOS CAVALCANTI,2025-04-15 12:07:32,231.3,12.4,-28.109823,-47.349615
MARCOS CAVALCANTI,2025-04-15 12:10:22,231.5,12.4,-28.115831,-47.358241
MARCOS CAVALCANTI,2025-04-15 12:11:22,231.3,12.3,-28.118023,-47.361343
MARCOS CAVALCANTI,2025-04-15 12:34:12,231.4,12.2,-28.166296,-47.430686
MARCOS CAVALCANTI,2025-04-15 13:34:32,231.1,12.4,-28.297168,-47.611155
MARCOS CAVALCANTI,2025-04-15 13:38:32,231.8,12.3,-28.305861,-47.62324
MARCOS CAVALCANTI,2025-04-15 13:39:13,229.8,12.4,-28.307358,-47.625286
MARCOS CAVALCANTI,2025-04-15 14:07:43,231.1,12.2,-28.368673,-47.711458
MARCOS CAVALCANTI,2025-04-15 14:10:02,231.0,12.2,-28.373581,-47.718438
MARCOS CAVALCANTI,2025-04-15 14:13:53,231.5,12.2,-28.381751,-47.729993
MARCOS CAVALCANTI,2025-04-15 14:43:43,229.6,11.8,-28.444866,-47.817236
MARCOS CAVALCANTI,2025-04-15 14:49:41,231.9,11.8,-28.457423,-47.8344
MARCOS CAVALCANTI,2025-04-15 15:14:23,231.1,12.0,-28.50884,-47.90565
MARCOS CAVALCANTI,2025-04-15 15:17:42,231.0,12.1,-28.515806,-47.915391
MARCOS CAVALCANTI,2025-04-15 15:18:52,231.4,12.1,-28.518253,-47.918905
MARCOS CAVALCANTI,2025-04-15 15:20:22,230.5,12.1,-28.521436,-47.923368
MARCOS CAVALCANTI,2025-04-15 15:59:02,231.0,11.7,-28.601083,-48.035688
MARCOS CAVALCANTI,2025-04-15 16:07:43,231.0,11.7,-28.618625,-48.060468
MARCOS CAVALCANTI,2025-04-15 16:34:03,232.6,11.8,-28.67213,-48.136228
MARCOS CAVALCANTI,2025-04-15 17:07:13,230.1,11.8,-28.740593,-48.232093
MARCOS CAVALCANTI,2025-04-15 17:08:22,229.7,11.9,-28.74304,-48.23547
MARCOS CAVALCANTI,2025-04-15 17:11:21,229.5,12.0,-28.749328,-48.244181
MARCOS CAVALCANTI,2025-04-15 17:15:43,230.8,12.0,-28.758463,-48.25692
MARCOS CAVALCANTI,2025-04-15 17:20:03,229.7,12.0,-28.767693,-48.269545
MARCOS CAVALCANTI,2025-04-15 17:34:23,231.3,12.1,-28.79788,-48.311745
MARCOS CAVALCANTI,2025-04-15 17:37:02,230.6,12.1,-28.803383,-48.31955
MARCOS CAVALCANTI,2025-04-15 17:40:12,232.2,11.9,-28.809978,-48.328983
MARCOS CAVALCANTI,2025-04-15 18:07:51,231.4,11.8,-28.866658,-48.410485
MARCOS CAVALCANTI,2025-04-15 18:12:02,231.5,11.8,-28.875088,-48.422735
MARCOS CAVALCANTI,2025-04-15 18:20:11,230.9,11.8,-28.891693,-48.446695
MARCOS CAVALCANTI,2025-04-15 18:21:09,231.4,11.9,-28.893728,-48.449625
MARCOS CAVALCANTI,2025-04-15 18:26:40,232.2,11.9,-28.904953,-48.465948
MARCOS CAVALCANTI,2025-04-15 18:52:03,235.1,11.8,-28.953455,-48.542873
MARCOS CAVALCANTI,2025-04-15 18:57:53,234.1,11.8,-28.964305,-48.560636
MARCOS CAVALCANTI,2025-04-15 19:19:41,234.9,11.6,-29.005386,-48.626368
MARCOS CAVALCANTI,2025-04-15 19:24:42,232.3,11.6,-29.014895,-48.641385
MARCOS CAVALCANTI,2025-04-15 19:28:31,226.4,11.5,-29.023545,-48.651343
MARCOS CAVALCANTI,2025-04-15 19:55:42,221.2,11.7,-29.08708,-48.72011
MARCOS CAVALCANTI,2025-04-15 20:00:42,223.6,11.6,-29.09923,-48.73237
MARCOS CAVALCANTI,2025-04-15 20:29:42,230.1,11.8,-29.161938,-48.811845
MARCOS CAVALCANTI,2025-04-15 20:33:32,228.4,11.9,-29.170103,-48.822743
MARCOS CAVALCANTI,2025-04-15 20:44:22,221.9,11.8,-29.19432,-48.853088
MARCOS CAVALCANTI,2025-04-15 20:47:22,221.3,11.8,-29.201658,-48.8606
MARCOS CAVALCANTI,2025-04-15 21:04:03,219.8,11.7,-29.243193,-48.90132
MARCOS CAVALCANTI,2025-04-15 21:06:53,222.6,11.7,-29.250081,-48.908261
MARCOS CAVALCANTI,2025-04-15 21:09:03,221.1,11.7,-29.255376,-48.91357
MARCOS CAVALCANTI,2025-04-15 21:11:03,222.4,11.6,-29.260355,-48.91848
MARCOS CAVALCANTI,2025-04-15 21:12:52,219.7,11.7,-29.264811,-48.922858
MARCOS CAVALCANTI,2025-04-15 22:13:02,234.6,12.2,-29.379525,-49.112151
MARCOS CAVALCANTI,2025-04-15 22:16:02,239.0,12.0,-29.384985,-49.121795
MARCOS CAVALCANTI,2025-04-15 22:25:52,240.5,12.0,-29.403041,-49.153278
MARCOS CAVALCANTI,2025-04-15 22:51:42,229.8,12.1,-29.45155,-49.236543
MARCOS CAVALCANTI,2025-04-15 22:54:43,233.2,12.2,-29.45758,-49.245585
MARCOS CAVALCANTI,2025-04-15 22:58:20,231.7,12.2,-29.464976,-49.256976
MARCOS CAVALCANTI,2025-04-15 23:42:12,229.7,12.3,-29.555696,-49.393455
MARCOS CAVALCANTI,2025-04-15 23:43:31,230.5,12.5,-29.558471,-49.397511
MARCOS CAVALCANTI,2025-04-16 00:11:02,232.8,12.5,-29.61784,-49.483846
MARCOS CAVALCANTI,2025-04-16 01:16:12,229.5,12.2,-29.756393,-49.686786
MARCOS CAVALCANTI,2025-04-16 01:19:03,231.3,12.3,-29.762593,-49.695435
MARCOS CAVALCANTI,2025-04-16 01:19:23,232.0,12.4,-29.763271,-49.696395
MARCOS CAVALCANTI,2025-04-16 01:55:01,223.4,12.1,-29.843655,-49.80005
MARCOS CAVALCANTI,2025-04-16 02:00:30,225.5,12.1,-29.856388,-49.815315
MARCOS CAVALCANTI,2025-04-16 02:20:23,227.0,11.7,-29.902271,-49.870035
MARCOS CAVALCANTI,2025-04-16 02:23:32,225.6,11.6,-29.909308,-49.878638
MARCOS CAVALCANTI,2025-04-16 03:50:43,161.3,0.1,-29.96934,-49.97983
MARCOS CAVALCANTI,2025-04-16 03:55:53,182.9,0.2,-29.969395,-49.980028
MARCOS CAVALCANTI,2025-04-16 05:05:22,327.6,0.2,-29.970526,-49.983741
MARCOS CAVALCANTI,2025-04-16 05:06:42,323.7,0.2,-29.970451,-49.983801
MARCOS CAVALCANTI,2025-04-16 05:08:22,81.9,0.7,-29.970341,-49.983865
MARCOS CAVALCANTI,2025-04-16 05:09:02,331.8,0.2,-29.970291,-49.98388
MARCOS CAVALCANTI,2025-04-16 05:36:53,312.3,0.1,-29.968673,-49.984158
MARCOS CAVALCANTI,2025-04-16 06:28:51,302.0,0.4,-29.969295,-49.986916
MARCOS CAVALCANTI,2025-04-16 07:17:33,339.9,0.0,-29.965963,-49.987043
MARCOS CAVALCANTI,2025-04-16 08:11:51,180.8,3.5,-29.967966,-49.977286
MARCOS CAVALCANTI,2025-04-16 08:17:00,216.9,3.8,-29.972538,-49.979485
MARCOS CAVALCANTI,2025-04-16 09:03:43,216.9,5.7,-30.023428,-50.02824
MARCOS CAVALCANTI,2025-04-16 09:58:40,173.2,1.2,-30.057358,-50.046743
MARCOS CAVALCANTI,2025-04-16 11:21:42,252.6,1.1,-30.026381,-50.079296
MARCOS CAVALCANTI,2025-04-16 11:42:43,111.7,0.7,-30.028778,-50.079203
MARCOS CAVALCANTI,2025-04-16 11:46:12,103.7,0.3,-30.028935,-50.078828
MARCOS CAVALCANTI,2025-04-16 11:50:52,139.3,0.7,-30.029061,-50.078066
MARCOS CAVALCANTI,2025-04-16 11:51:52,92.0,0.4,-30.02913,-50.077906
MARCOS CAVALCANTI,2025-04-16 11:52:52,96.0,0.5,-30.029141,-50.077786
MARCOS CAVALCANTI,2025-04-17 19:05:41,77.0,1.4,-30.030736,-50.080881
MARCOS CAVALCANTI,2025-04-17 19:08:41,14.2,2.8,-30.029148,-50.080105
MARCOS CAVALCANTI,2025-04-17 19:42:20,45.0,12.9,-29.982513,-50.024958
MARCOS CAVALCANTI,2025-04-17 19:44:30,45.6,13.1,-29.977086,-50.018506
MARCOS CAVALCANTI,2025-04-17 19:47:00,44.7,13.3,-29.970738,-50.011008
MARCOS CAVALCANTI,2025-04-17 20:11:58,39.2,13.8,-29.898393,-49.93903
MARCOS CAVALCANTI,2025-04-17 20:14:21,41.5,13.7,-29.891406,-49.932336
MARCOS CAVALCANTI,2025-04-17 20:20:31,40.5,13.8,-29.873333,-49.91497
MARCOS CAVALCANTI,2025-04-17 20:51:29,40.6,13.7,-29.78311,-49.828195
MARCOS CAVALCANTI,2025-04-17 22:07:06,45.6,13.8,-29.567941,-49.60649
MARCOS CAVALCANTI,2025-04-17 22:15:36,42.5,13.8,-29.544265,-49.58065
MARCOS CAVALCANTI,2025-04-18 00:02:28,42.1,13.3,-29.239198,-49.2784
MARCOS CAVALCANTI,2025-04-18 00:21:28,41.4,13.6,-29.186686,-49.224558
MARCOS CAVALCANTI,2025-04-18 00:26:17,41.2,13.6,-29.173236,-49.21066
MARCOS CAVALCANTI,2025-04-18 01:09:34,41.3,13.8,-29.05195,-49.085023
MARCOS CAVALCANTI,2025-04-18 01:11:10,41.9,13.8,-29.04741,-49.080358
MARCOS CAVALCANTI,2025-04-18 01:25:40,40.4,13.9,-29.00562,-49.038178
MARCOS CAVALCANTI,2025-04-18 01:43:35,40.3,13.8,-28.954171,-48.985501
MARCOS CAVALCANTI,2025-04-18 01:45:48,42.0,13.9,-28.947811,-48.978936
MARCOS CAVALCANTI,2025-04-18 02:02:18,42.8,13.9,-28.900501,-48.929676
MARCOS CAVALCANTI,2025-04-18 02:06:06,39.0,13.7,-28.889731,-48.91847
MARCOS CAVALCANTI,2025-04-18 02:16:18,42.6,13.2,-28.861293,-48.88913
MARCOS CAVALCANTI,2025-04-18 02:17:18,43.3,13.2,-28.85865,-48.886338
MARCOS CAVALCANTI,2025-04-18 03:27:40,40.5,13.2,-28.668401,-48.694301
MARCOS CAVALCANTI,2025-04-18 03:29:49,44.4,13.2,-28.662528,-48.688195
MARCOS CAVALCANTI,2025-04-18 03:36:40,31.0,12.4,-28.64307,-48.671863
MARCOS CAVALCANTI,2025-04-18 03:58:56,21.7,13.0,-28.570318,-48.636076
MARCOS CAVALCANTI,2025-04-18 03:59:56,23.1,13.2,-28.566955,-48.634493
MARCOS CAVALCANTI,2025-04-18 04:00:56,22.5,13.1,-28.563575,-48.632898
MARCOS CAVALCANTI,2025-04-18 04:01:57,24.3,13.1,-28.56019,-48.631303
MARCOS CAVALCANTI,2025-04-18 04:22:39,21.4,13.1,-28.489686,-48.598533
MARCOS CAVALCANTI,2025-04-18 04:25:50,20.1,13.1,-28.47887,-48.593583
MARCOS CAVALCANTI,2025-04-18 04:28:20,21.4,13.2,-28.470341,-48.589611
MARCOS CAVALCANTI,2025-04-18 05:14:29,22.8,13.1,-28.31385,-48.517553
MARCOS CAVALCANTI,2025-04-18 05:21:09,21.3,12.9,-28.291701,-48.506533
MARCOS CAVALCANTI,2025-04-18 05:24:20,24.5,12.9,-28.281128,-48.50136
MARCOS CAVALCANTI,2025-04-18 06:02:47,20.9,13.4,-28.14912,-48.440656
MARCOS CAVALCANTI,2025-04-18 09:24:08,29.5,14.1,-27.447133,-48.09029
MARCOS CAVALCANTI,2025-04-18 09:27:08,31.8,14.1,-27.437011,-48.083551
MARCOS CAVALCANTI,2025-04-18 09:43:39,28.1,14.1,-27.381248,-48.046776
MARCOS CAVALCANTI,2025-04-18 09:52:14,31.3,14.2,-27.352061,-48.027485
MARCOS CAVALCANTI,2025-04-18 09:55:44,22.4,14.0,-27.339676,-48.020953
MARCOS CAVALCANTI,2025-04-18 09:59:44,21.6,14.2,-27.325063,-48.014158
MARCOS CAVALCANTI,2025-04-18 10:03:32,20.0,14.1,-27.311238,-48.007721
MARCOS CAVALCANTI,2025-04-18 10:29:08,30.2,14.2,-27.221551,-47.955343
MARCOS CAVALCANTI,2025-04-18 10:32:08,31.7,14.3,-27.211308,-47.94861
MARCOS CAVALCANTI,2025-04-18 11:02:15,28.1,14.3,-27.108421,-47.880488
MARCOS CAVALCANTI,2025-04-18 11:08:21,34.6,14.2,-27.087955,-47.866231
MARCOS CAVALCANTI,2025-04-18 11:11:20,33.9,14.3,-27.078183,-47.858735
MARCOS CAVALCANTI,2025-04-18 11:12:56,36.8,14.3,-27.073011,-47.854776
MARCOS CAVALCANTI,2025-04-18 11:13:55,35.8,14.3,-27.0697,-47.852235
MARCOS CAVALCANTI,2025-04-18 11:16:38,33.8,14.3,-27.060778,-47.845443
MARCOS CAVALCANTI,2025-04-18 11:29:02,35.1,14.2,-27.020243,-47.81435
MARCOS CAVALCANTI,2025-04-18 12:13:20,32.0,14.0,-26.875483,-47.707868
MARCOS CAVALCANTI,2025-04-18 12:16:50,35.2,14.1,-26.863988,-47.699653
MARCOS CAVALCANTI,2025-04-18 12:23:26,31.6,14.2,-26.842031,-47.683841
MARCOS CAVALCANTI,2025-04-18 12:42:20,32.3,14.1,-26.779216,-47.638353
MARCOS CAVALCANTI,2025-04-18 12:43:50,34.0,14.2,-26.774313,-47.634783
MARCOS CAVALCANTI,2025-04-18 12:44:20,32.6,14.2,-26.772591,-47.633535
MARCOS CAVALCANTI,2025-04-18 12:44:43,34.5,14.2,-26.771303,-47.632591
MARCOS CAVALCANTI,2025-04-18 12:45:02,34.5,14.3,-26.770313,-47.63187
MARCOS CAVALCANTI,2025-04-18 12:45:14,35.2,14.2,-26.769658,-47.631386
MARCOS CAVALCANTI,2025-04-18 12:45:20,32.7,14.3,-26.76932,-47.631155
MARCOS CAVALCANTI,2025-04-18 12:46:50,31.1,14.2,-26.764335,-47.627535
MARCOS CAVALCANTI,2025-04-18 12:47:50,32.6,14.2,-26.760955,-47.625078
MARCOS CAVALCANTI,2025-04-18 12:48:50,35.3,14.1,-26.757676,-47.622693
MARCOS CAVALCANTI,2025-04-18 12:56:02,36.9,14.2,-26.733941,-47.605265
MARCOS CAVALCANTI,2025-04-18 12:56:44,35.7,14.0,-26.731703,-47.603626
MARCOS CAVALCANTI,2025-04-18 12:56:51,32.9,13.9,-26.731363,-47.603401
MARCOS CAVALCANTI,2025-04-18 13:07:20,29.1,14.0,-26.696521,-47.57933
MARCOS CAVALCANTI,2025-04-18 13:11:27,30.2,14.1,-26.682523,-47.570256
MARCOS CAVALCANTI,2025-04-18 13:13:39,31.6,14.0,-26.675086,-47.565361
MARCOS CAVALCANTI,2025-04-18 13:59:27,31.7,13.9,-26.520306,-47.463978
MARCOS CAVALCANTI,2025-04-18 14:01:39,33.1,14.0,-26.512883,-47.45907
MARCOS CAVALCANTI,2025-04-18 14:02:39,32.9,14.0,-26.509576,-47.456895
MARCOS CAVALCANTI,2025-04-18 14:03:50,31.6,13.9,-26.505523,-47.45423
MARCOS CAVALCANTI,2025-04-18 14:35:32,29.3,14.2,-26.397546,-47.384306
MARCOS CAVALCANTI,2025-04-18 14:48:14,29.5,14.3,-26.353523,-47.356971
MARCOS CAVALCANTI,2025-04-18 15:45:36,32.1,14.3,-26.130781,-47.211201
MARCOS CAVALCANTI,2025-04-18 15:46:36,30.5,14.3,-26.127331,-47.209013
MARCOS CAVALCANTI,2025-04-18 15:47:36,28.0,14.3,-26.123866,-47.20681
MARCOS CAVALCANTI,2025-04-18 15:48:20,28.5,14.2,-26.149373,-47.222988
MARCOS CAVALCANTI,2025-04-18 15:49:42,31.5,14.4,-26.116586,-47.202121
MARCOS CAVALCANTI,2025-04-18 15:55:56,29.2,14.3,-26.123175,-47.206358
MARCOS CAVALCANTI,2025-04-18 16:02:56,29.0,14.3,-26.099018,-47.190663
MARCOS CAVALCANTI,2025-04-18 16:15:26,28.7,13.9,-26.05637,-47.163106
MARCOS CAVALCANTI,2025-04-18 16:17:38,30.0,14.1,-26.048816,-47.158285
MARCOS CAVALCANTI,2025-04-18 16:19:57,29.0,14.2,-26.040893,-47.153283
MARCOS CAVALCANTI,2025-04-18 16:22:20,30.7,14.2,-26.032771,-47.148063
MARCOS CAVALCANTI,2025-04-18 16:24:56,30.6,14.2,-26.023911,-47.142388
MARCOS CAVALCANTI,2025-04-18 16:28:50,29.8,14.2,-26.010601,-47.133918
MARCOS CAVALCANTI,2025-04-18 16:51:43,34.4,14.2,-25.932726,-47.082821
MARCOS CAVALCANTI,2025-04-18 16:53:43,32.3,14.0,-25.926165,-47.078151
MARCOS CAVALCANTI,2025-04-18 16:54:37,32.0,14.1,-25.923145,-47.075986
MARCOS CAVALCANTI,2025-04-18 16:55:25,34.6,14.1,-25.920501,-47.0741
MARCOS CAVALCANTI,2025-04-18 16:55:37,33.6,14.1,-25.919895,-47.073673
MARCOS CAVALCANTI,2025-04-18 16:55:43,33.2,14.2,-25.919558,-47.073445
MARCOS CAVALCANTI,2025-04-18 16:55:50,31.3,14.2,-25.919171,-47.073178
MARCOS CAVALCANTI,2025-04-18 16:56:07,33.0,14.1,-25.918175,-47.072453
MARCOS CAVALCANTI,2025-04-18 16:56:25,33.3,14.1,-25.917176,-47.071743
MARCOS CAVALCANTI,2025-04-18 16:56:31,31.7,14.2,-25.916841,-47.071506
MARCOS CAVALCANTI,2025-04-18 16:56:49,33.2,14.2,-25.915853,-47.070791
MARCOS CAVALCANTI,2025-04-18 16:59:43,30.9,14.0,-25.906225,-47.064033
MARCOS CAVALCANTI,2025-04-18 16:59:49,32.5,14.2,-25.905898,-47.063791
MARCOS CAVALCANTI,2025-04-18 17:00:50,30.6,14.1,-25.902581,-47.06156
MARCOS CAVALCANTI,2025-04-18 17:33:00,33.5,14.3,-25.794263,-46.985983
MARCOS CAVALCANTI,2025-04-18 17:33:36,33.4,14.2,-25.792311,-46.984608
MARCOS CAVALCANTI,2025-04-18 17:34:14,31.9,14.2,-25.790308,-46.983185
MARCOS CAVALCANTI,2025-04-18 17:48:55,35.0,14.2,-25.741471,-46.948526
MARCOS CAVALCANTI,2025-04-18 18:04:39,32.8,14.2,-25.689638,-46.911273
MARCOS CAVALCANTI,2025-04-18 18:04:55,33.2,14.1,-25.688595,-46.910526
MARCOS CAVALCANTI,2025-04-18 18:05:44,34.8,14.2,-25.686003,-46.908656
MARCOS CAVALCANTI,2025-04-18 18:09:02,32.9,14.2,-25.674978,-46.90081
MARCOS CAVALCANTI,2025-04-18 18:11:07,36.0,14.2,-25.668123,-46.895881
MARCOS CAVALCANTI,2025-04-18 18:36:50,30.2,14.0,-25.583481,-46.83582
MARCOS CAVALCANTI,2025-04-18 18:42:09,29.3,14.0,-25.565671,-46.824313
MARCOS CAVALCANTI,2025-04-18 18:44:32,33.1,14.0,-25.55769,-46.81909
MARCOS CAVALCANTI,2025-04-18 18:46:38,28.6,13.9,-25.550613,-46.814543
MARCOS CAVALCANTI,2025-04-18 19:11:49,30.1,13.8,-25.466768,-46.759793
MARCOS CAVALCANTI,2025-04-18 19:15:28,31.0,13.8,-25.454596,-46.751888
MARCOS CAVALCANTI,2025-04-18 19:20:36,30.0,13.8,-25.437498,-46.740816
MARCOS CAVALCANTI,2025-04-18 19:46:42,30.9,13.7,-25.351118,-46.68496
MARCOS CAVALCANTI,2025-04-18 19:51:43,30.7,13.7,-25.334471,-46.674213
MARCOS CAVALCANTI,2025-04-18 19:53:52,32.5,13.8,-25.327398,-46.669628
MARCOS CAVALCANTI,2025-04-18 19:56:02,32.6,13.7,-25.320298,-46.664976
MARCOS CAVALCANTI,2025-04-18 20:25:43,30.8,13.6,-25.22375,-46.601826
MARCOS CAVALCANTI,2025-04-18 20:28:43,32.7,13.6,-25.21404,-46.595433
MARCOS CAVALCANTI,2025-04-18 21:12:52,32.3,13.5,-25.071248,-46.502135
MARCOS CAVALCANTI,2025-04-18 23:01:35,30.6,13.8,-24.715753,-46.265836
MARCOS CAVALCANTI,2025-04-18 23:25:45,32.1,14.0,-24.637661,-46.209535
MARCOS CAVALCANTI,2025-04-19 00:20:28,32.2,13.8,-24.459233,-46.086985
MARCOS CAVALCANTI,2025-04-19 00:20:40,32.6,13.8,-24.458636,-46.08658
MARCOS CAVALCANTI,2025-04-19 00:21:19,33.9,13.8,-24.45643,-46.085061
MARCOS CAVALCANTI,2025-04-19 00:21:40,34.1,13.7,-24.45535,-46.084326
MARCOS CAVALCANTI,2025-04-19 00:23:09,33.2,13.7,-24.450548,-46.081051
MARCOS CAVALCANTI,2025-04-19 00:25:09,31.7,13.7,-24.444088,-46.07663
MARCOS CAVALCANTI,2025-04-19 00:26:48,32.0,13.6,-24.438753,-46.072966
MARCOS CAVALCANTI,2025-04-19 00:30:08,30.1,13.6,-24.427853,-46.065803
MARCOS CAVALCANTI,2025-04-19 00:39:49,30.7,13.7,-24.395708,-46.045858
MARCOS CAVALCANTI,2025-04-19 00:44:19,28.7,13.8,-24.380681,-46.036548
MARCOS CAVALCANTI,2025-04-19 00:46:30,27.9,13.7,-24.373413,-46.032105
MARCOS CAVALCANTI,2025-04-19 01:48:37,32.2,14.0,-24.167808,-45.898358
MARCOS CAVALCANTI,2025-04-19 01:49:07,29.6,13.9,-24.166216,-45.897295
MARCOS CAVALCANTI,2025-04-19 01:50:43,30.6,14.0,-24.160846,-45.893725
MARCOS CAVALCANTI,2025-04-19 01:50:50,32.2,13.9,-24.160516,-45.893498
MARCOS CAVALCANTI,2025-04-19 01:51:37,32.5,14.0,-24.157911,-45.891773
MARCOS CAVALCANTI,2025-04-19 01:52:43,30.4,14.0,-24.154266,-45.889333
MARCOS CAVALCANTI,2025-04-19 01:53:13,31.7,14.0,-24.152618,-45.888218
MARCOS CAVALCANTI,2025-04-19 01:58:24,31.6,14.0,-24.135351,-45.876745
MARCOS CAVALCANTI,2025-04-19 02:00:36,33.0,13.9,-24.128095,-45.871836
MARCOS CAVALCANTI,2025-04-19 02:29:20,45.5,14.0,-24.03516,-45.804368
MARCOS CAVALCANTI,2025-04-19 02:31:08,46.4,14.0,-24.030186,-45.798943
MARCOS CAVALCANTI,2025-04-19 02:33:25,53.7,14.1,-24.024553,-45.791411
MARCOS CAVALCANTI,2025-04-19 02:37:08,55.4,14.1,-24.016036,-45.778475
MARCOS CAVALCANTI,2025-04-19 02:40:32,58.0,14.1,-24.008401,-45.766493
MARCOS CAVALCANTI,2025-04-19 02:47:25,66.6,14.0,-23.99547,-45.740835
MARCOS CAVALCANTI,2025-04-19 02:52:25,64.3,14.0,-23.987313,-45.72157
MARCOS CAVALCANTI,2025-04-19 03:20:49,66.4,13.3,-23.941668,-45.611871
MARCOS CAVALCANTI,2025-04-19 03:29:38,58.7,11.5,-23.928243,-45.58048
MARCOS CAVALCANTI,2025-04-19 03:32:07,53.8,10.0,-23.924058,-45.573886
MARCOS CAVALCANTI,2025-04-19 04:11:19,37.7,2.6,-23.887108,-45.508308
MARCOS CAVALCANTI,2025-04-19 04:15:19,354.2,0.4,-23.885543,-45.507518
MARCOS CAVALCANTI,2025-04-19 09:32:23,35.0,0.2,-23.88635,-45.506953
MARCOS CAVALCANTI,2025-04-19 12:20:22,145.2,0.3,-23.885728,-45.509023
MARCOS CAVALCANTI,2025-04-19 13:56:23,156.7,0.3,-23.884988,-45.509518
MARCOS CAVALCANTI,2025-04-19 16:11:21,125.2,0.1,-23.882243,-45.506751
MARCOS CAVALCANTI,2025-04-19 17:38:22,220.7,0.0,-23.882286,-45.506571
MARCOS CAVALCANTI,2025-04-20 01:29:22,30.8,0.3,-23.885341,-45.50462
MARCOS CAVALCANTI,2025-04-20 09:26:22,358.8,0.3,-23.88419,-45.503875
MARCOS CAVALCANTI,2025-04-20 10:08:22,182.5,0.0,-23.883993,-45.503891
MARCOS CAVALCANTI,2025-04-20 10:14:22,198.1,0.3,-23.883938,-45.50386
MARCOS CAVALCANTI,2025-04-20 13:44:23,346.0,0.7,-23.883318,-45.503931
MARCOS CAVALCANTI,2025-04-20 17:23:23,336.1,0.3,-23.882768,-45.504213
MARCOS CAVALCANTI,2025-04-20 18:26:23,152.9,0.1,-23.881733,-45.505016
MARCOS CAVALCANTI,2025-04-20 23:50:22,96.6,0.1,-23.881776,-45.505326
MARCOS CAVALCANTI,2025-04-21 01:26:22,330.1,0.1,-23.881546,-45.505805
MARCOS CAVALCANTI,2025-04-21 04:08:22,146.1,0.1,-23.881571,-45.505841
MARCOS CAVALCANTI,2025-04-21 09:07:00,97.7,3.6,-23.888533,-45.505401
MARCOS CAVALCANTI,2025-04-21 09:15:01,77.0,6.1,-23.887328,-45.492955
MARCOS CAVALCANTI,2025-04-21 09:46:00,46.5,8.8,-23.851345,-45.429716
MARCOS CAVALCANTI,2025-04-21 10:19:00,18.8,7.4,-23.790825,-45.375451
MARCOS CAVALCANTI,2025-04-21 14:44:19,254.0,0.1,-23.769226,-45.365591
MARCOS CAVALCANTI,2025-04-21 19:02:19,325.7,0.0,-23.769153,-45.365521
MARCOS CAVALCANTI,2025-04-21 21:41:18,264.3,0.1,-23.769363,-45.365448
MARCOS CAVALCANTI,2025-04-22 11:50:19,195.3,0.0,-23.76926,-45.3655
MARCOS CAVALCANTI,2025-04-22 15:50:19,250.3,0.1,-23.76921,-45.3654
MARCOS CAVALCANTI,2025-04-22 18:08:19,113.5,0.1,-23.76937,-45.36544
MARCOS CAVALCANTI,2025-04-23 00:05:19,143.0,0.1,-23.769356,-45.36509
MARCOS CAVALCANTI,2025-04-23 00:08:19,133.3,0.1,-23.769465,-45.365028
MARCOS CAVALCANTI,2025-04-23 00:44:18,203.2,0.0,-23.769761,-45.364595
MARCOS CAVALCANTI,2025-04-23 07:14:18,246.4,0.2,-23.769213,-45.36524
MARCOS CAVALCANTI,2025-04-23 08:53:19,278.8,0.1,-23.769158,-45.365288
MARCOS CAVALCANTI,2025-04-23 09:35:19,272.2,0.0,-23.769161,-45.36567
MARCOS CAVALCANTI,2025-04-23 12:47:19,225.3,0.2,-23.773168,-45.36516
MARCOS CAVALCANTI,2025-04-24 01:47:19,155.6,0.0,-23.774505,-45.366821
MARCOS CAVALCANTI,2025-04-24 02:41:19,101.3,0.1,-23.774466,-45.366838
MARCOS CAVALCANTI,2025-04-24 11:26:19,64.2,0.0,-23.773973,-45.367656
MARCOS CAVALCANTI,2025-04-24 12:20:19,40.9,0.0,-23.773983,-45.367746
MARCOS CAVALCANTI,2025-04-24 16:08:18,301.8,0.0,-23.774245,-45.366856
MARCOS CAVALCANTI,2025-04-25 06:20:19,143.1,0.0,-23.769595,-45.365383
MARCOS CAVALCANTI,2025-04-25 15:44:19,191.6,0.0,-23.769303,-45.365105
MARCOS CAVALCANTI,2025-04-25 22:47:18,289.3,0.1,-23.76952,-45.364876
MARCOS CAVALCANTI,2025-04-26 15:50:18,308.8,0.1,-23.775398,-45.367473
MARCOS CAVALCANTI,2025-04-26 16:26:19,98.8,0.2,-23.775433,-45.367111
MARCOS CAVALCANTI,2025-04-26 16:59:19,206.9,0.1,-23.775356,-45.366866
MARCOS CAVALCANTI,2025-04-26 17:32:19,67.2,0.1,-23.775488,-45.366678
MARCOS CAVALCANTI,2025-04-26 22:17:18,36.9,0.0,-23.772035,-45.364505
MARCOS CAVALCANTI,2025-04-27 10:13:15,193.7,4.7,-23.776928,-45.369345
MARCOS CAVALCANTI,2025-04-27 10:55:54,11.6,0.2,-23.809998,-45.387246
MARCOS CAVALCANTI,2025-04-27 10:58:55,274.5,0.0,-23.809931,-45.38737
MARCOS CAVALCANTI,2025-04-27 11:02:15,291.1,0.2,-23.809918,-45.3874
MARCOS CAVALCANTI,2025-04-28 09:08:14,355.1,0.0,-23.809898,-45.387413
MARCOS CAVALCANTI,2025-04-28 14:17:50,225.3,6.8,-23.82229,-45.396658
MARCOS CAVALCANTI,2025-04-28 14:25:00,223.3,7.8,-23.832738,-45.408138
MARCOS CAVALCANTI,2025-04-28 14:27:29,225.7,8.0,-23.836511,-45.412356
MARCOS CAVALCANTI,2025-04-28 14:33:09,226.8,9.1,-23.845586,-45.42286
MARCOS CAVALCANTI,2025-04-28 14:54:19,240.5,10.8,-23.884833,-45.472451
MARCOS CAVALCANTI,2025-04-28 15:00:00,228.6,11.0,-23.893748,-45.488815
MARCOS CAVALCANTI,2025-04-28 15:04:08,190.9,10.3,-23.904456,-45.492796
MARCOS CAVALCANTI,2025-04-28 15:30:08,189.9,12.4,-23.988798,-45.511375
MARCOS CAVALCANTI,2025-04-28 15:33:08,188.3,12.4,-23.998965,-45.513326
MARCOS CAVALCANTI,2025-04-28 16:03:28,125.2,13.0,-24.064621,-45.42806
MARCOS CAVALCANTI,2025-04-28 16:07:48,125.1,13.1,-24.073676,-45.41398
MARCOS CAVALCANTI,2025-04-28 16:21:28,77.1,12.6,-24.093521,-45.365746
MARCOS CAVALCANTI,2025-04-28 16:42:58,76.2,13.3,-24.073915,-45.282525
MARCOS CAVALCANTI,2025-04-28 16:44:48,74.7,13.3,-24.072198,-45.275446
MARCOS CAVALCANTI,2025-04-28 17:13:30,73.6,13.3,-24.04473,-45.164658
MARCOS CAVALCANTI,2025-04-28 17:59:49,72.6,13.4,-23.993621,-44.983896
MARCOS CAVALCANTI,2025-04-28 18:04:48,75.0,13.5,-23.988621,-44.964216
MARCOS CAVALCANTI,2025-04-28 18:15:38,74.6,13.5,-23.978443,-44.921181
MARCOS CAVALCANTI,2025-04-28 18:21:09,74.9,13.4,-23.973235,-44.899391
MARCOS CAVALCANTI,2025-04-28 18:33:48,75.7,13.2,-23.961576,-44.849806
MARCOS CAVALCANTI,2025-04-28 19:48:10,75.6,13.0,-23.890566,-44.560206
MARCOS CAVALCANTI,2025-04-28 19:53:09,75.0,12.9,-23.885943,-44.54122
MARCOS CAVALCANTI,2025-04-28 19:55:10,75.7,12.8,-23.884191,-44.533706
MARCOS CAVALCANTI,2025-04-28 20:16:09,75.5,12.8,-23.865373,-44.454935
MARCOS CAVALCANTI,2025-04-28 21:54:09,74.0,13.2,-23.771178,-44.08082
MARCOS CAVALCANTI,2025-04-28 22:00:09,73.3,13.2,-23.764961,-44.057715
MARCOS CAVALCANTI,2025-04-28 22:35:20,71.3,13.0,-23.724875,-43.926213
MARCOS CAVALCANTI,2025-04-28 23:27:38,79.5,12.6,-23.677476,-43.732305
MARCOS CAVALCANTI,2025-04-29 00:18:19,72.4,12.5,-23.627405,-43.549063
MARCOS CAVALCANTI,2025-04-29 00:20:49,71.4,12.5,-23.624715,-43.540061
MARCOS CAVALCANTI,2025-04-29 00:24:08,72.3,12.6,-23.621155,-43.528188
MARCOS CAVALCANTI,2025-04-29 00:29:09,71.4,12.6,-23.61582,-43.510091
MARCOS CAVALCANTI,2025-04-29 00:30:09,73.4,12.6,-23.614716,-43.506433
MARCOS CAVALCANTI,2025-04-29 00:32:09,71.3,12.5,-23.612566,-43.499253
MARCOS CAVALCANTI,2025-04-29 00:32:39,72.3,12.5,-23.611995,-43.497401
MARCOS CAVALCANTI,2025-04-29 00:33:30,72.7,12.5,-23.611101,-43.494405
MARCOS CAVALCANTI,2025-04-29 00:33:59,71.8,12.6,-23.610563,-43.492601
MARCOS CAVALCANTI,2025-04-29 00:34:59,72.4,12.6,-23.609491,-43.488975
MARCOS CAVALCANTI,2025-04-29 00:35:39,71.9,12.6,-23.60877,-43.486561
