NOME,DATAHORA,RUMO,VELOCIDADE,LATITUDE,LONGITUDE
RAUL MARTINS,2023-11-25 06:20:49,210.7,12.0,-32.633091,-50.325843
RAUL MARTINS,2023-11-25 06:27:48,210.6,12.1,-32.653366,-50.340183
RAUL MARTINS,2023-11-25 06:50:58,211.4,12.0,-32.720438,-50.388293
RAUL MARTINS,2023-11-25 06:53:38,211.0,12.1,-32.728078,-50.393831
RAUL MARTINS,2023-11-25 06:56:37,210.6,12.2,-32.736823,-50.399991
RAUL MARTINS,2023-11-25 07:01:46,211.4,12.1,-32.751736,-50.410705
RAUL MARTINS,2023-11-25 07:30:46,211.3,12.1,-32.836105,-50.471328
RAUL MARTINS,2023-11-25 07:31:06,211.0,12.1,-32.83712,-50.472065
RAUL MARTINS,2023-11-25 07:31:25,210.2,12.1,-32.838041,-50.472696
RAUL MARTINS,2023-11-25 07:31:36,210.9,12.1,-32.838566,-50.473078
RAUL MARTINS,2023-11-25 07:31:45,210.0,12.1,-32.839,-50.473385
RAUL MARTINS,2023-11-25 07:35:06,211.1,12.0,-32.848626,-50.480226
RAUL MARTINS,2023-11-25 07:35:25,210.6,12.0,-32.849485,-50.480815
RAUL MARTINS,2023-11-25 07:35:45,210.0,12.0,-32.850438,-50.4815
RAUL MARTINS,2023-11-25 07:36:45,210.2,12.0,-32.853343,-50.483563
RAUL MARTINS,2023-11-25 07:38:55,211.6,12.0,-32.859593,-50.487996
RAUL MARTINS,2023-11-25 07:42:26,210.8,12.0,-32.869653,-50.495136
RAUL MARTINS,2023-11-25 08:04:27,210.1,11.8,-32.933071,-50.539216
RAUL MARTINS,2023-11-25 08:37:08,208.1,11.7,-33.02761,-50.601066
RAUL MARTINS,2023-11-25 09:32:49,210.7,12.1,-33.184416,-50.708885
RAUL MARTINS,2023-11-25 09:42:28,207.9,12.2,-33.212855,-50.728246
RAUL MARTINS,2023-11-25 09:45:19,208.3,12.1,-33.221288,-50.733755
RAUL MARTINS,2023-11-25 09:51:49,209.2,12.1,-33.240495,-50.746421
RAUL MARTINS,2023-11-25 10:24:38,207.6,11.9,-33.335576,-50.808315
RAUL MARTINS,2023-11-25 10:30:17,210.3,11.9,-33.351931,-50.818946
RAUL MARTINS,2023-11-25 11:13:08,208.9,11.7,-33.474888,-50.897221
RAUL MARTINS,2023-11-25 12:08:27,209.3,11.7,-33.631353,-51.001886
RAUL MARTINS,2023-11-25 12:10:28,211.2,11.7,-33.637081,-51.005801
RAUL MARTINS,2023-11-25 12:15:37,209.6,11.8,-33.651611,-51.01595
RAUL MARTINS,2023-11-25 12:49:06,210.3,12.1,-33.74897,-51.081085
RAUL MARTINS,2023-11-25 12:50:37,210.9,12.1,-33.753373,-51.08418
RAUL MARTINS,2023-11-25 12:51:37,209.5,12.2,-33.756256,-51.086141
RAUL MARTINS,2023-11-25 12:52:16,210.5,12.1,-33.758178,-51.087546
RAUL MARTINS,2023-11-25 12:54:17,208.6,12.0,-33.763928,-51.091626
RAUL MARTINS,2023-11-25 12:56:19,208.7,12.0,-33.769895,-51.0955
RAUL MARTINS,2023-11-25 13:20:57,210.0,11.6,-33.839693,-51.14206
RAUL MARTINS,2023-11-25 13:24:47,212.8,11.5,-33.85024,-51.149665
RAUL MARTINS,2023-11-25 13:43:19,211.8,11.9,-33.900993,-51.186475
RAUL MARTINS,2023-11-25 13:48:39,212.1,11.8,-33.915845,-51.197805
RAUL MARTINS,2023-11-25 14:32:38,207.6,12.4,-34.045076,-51.291376
RAUL MARTINS,2023-11-25 14:37:59,207.4,12.4,-34.061058,-51.301765
RAUL MARTINS,2023-11-25 14:40:18,207.8,12.3,-34.068095,-51.306411
RAUL MARTINS,2023-11-25 14:47:58,209.6,12.4,-34.091408,-51.32125
RAUL MARTINS,2023-11-25 15:01:58,206.9,12.3,-34.133956,-51.349145
RAUL MARTINS,2023-11-25 15:04:39,207.3,12.4,-34.142035,-51.354285
RAUL MARTINS,2023-11-25 15:31:47,208.0,12.4,-34.225333,-51.408213
RAUL MARTINS,2023-11-25 15:31:48,208.0,12.4,-34.225333,-51.408213
RAUL MARTINS,2023-11-25 15:35:58,209.4,12.3,-34.23803,-51.41654
RAUL MARTINS,2023-11-25 15:36:09,209.7,12.0,-34.23852,-51.416878
RAUL MARTINS,2023-11-25 15:41:59,208.2,12.4,-34.255958,-51.428225
RAUL MARTINS,2023-11-25 16:07:38,208.3,12.5,-34.334775,-51.478185
RAUL MARTINS,2023-11-25 16:11:58,208.4,12.4,-34.348093,-51.486625
RAUL MARTINS,2023-11-25 16:17:48,205.3,12.5,-34.366188,-51.49743
RAUL MARTINS,2023-11-25 16:41:28,205.7,12.1,-34.438973,-51.540646
RAUL MARTINS,2023-11-25 16:46:59,208.3,12.2,-34.455645,-51.550843
RAUL MARTINS,2023-11-25 16:51:58,209.0,12.4,-34.470658,-51.5607
RAUL MARTINS,2023-11-25 17:02:36,211.3,12.7,-34.502763,-51.583061
RAUL MARTINS,2023-11-25 17:02:45,211.0,12.7,-34.503271,-51.583428
RAUL MARTINS,2023-11-25 17:03:45,210.8,12.6,-34.506331,-51.585596
RAUL MARTINS,2023-11-25 17:03:55,210.5,12.6,-34.506841,-51.585953
RAUL MARTINS,2023-11-25 17:07:55,209.1,12.9,-34.519143,-51.594461
RAUL MARTINS,2023-11-25 17:09:15,209.6,12.8,-34.523383,-51.597323
RAUL MARTINS,2023-11-25 17:17:48,211.8,12.9,-34.549615,-51.616263
RAUL MARTINS,2023-11-25 17:21:37,210.2,13.1,-34.561456,-51.624991
RAUL MARTINS,2023-11-25 17:46:37,211.3,13.1,-34.639566,-51.681726
RAUL MARTINS,2023-11-25 17:51:08,211.9,13.0,-34.653343,-51.692525
RAUL MARTINS,2023-11-25 18:01:57,211.7,12.7,-34.686245,-51.716853
RAUL MARTINS,2023-11-25 18:24:08,210.9,12.7,-34.753051,-51.764678
RAUL MARTINS,2023-11-25 18:30:47,211.0,12.9,-34.773311,-51.779366
RAUL MARTINS,2023-11-25 18:37:36,208.1,12.7,-34.794468,-51.793925
RAUL MARTINS,2023-11-25 18:37:45,207.6,12.7,-34.794938,-51.794225
RAUL MARTINS,2023-11-25 18:38:06,207.4,12.8,-34.79598,-51.794876
RAUL MARTINS,2023-11-25 18:38:36,208.2,12.7,-34.797558,-51.795861
RAUL MARTINS,2023-11-25 18:39:06,206.6,12.7,-34.799203,-51.796891
RAUL MARTINS,2023-11-25 18:40:06,207.1,12.7,-34.802308,-51.798836
RAUL MARTINS,2023-11-25 18:40:16,207.1,12.7,-34.802888,-51.799193
RAUL MARTINS,2023-11-25 18:40:25,207.2,12.7,-34.803308,-51.799453
RAUL MARTINS,2023-11-25 18:40:36,206.3,12.8,-34.80394,-51.79984
RAUL MARTINS,2023-11-25 18:41:06,207.6,12.7,-34.80546,-51.800786
RAUL MARTINS,2023-11-25 18:41:16,206.7,12.8,-34.806035,-51.801141
RAUL MARTINS,2023-11-25 18:41:25,206.6,12.8,-34.806455,-51.801403
RAUL MARTINS,2023-11-25 18:45:06,206.6,12.7,-34.818045,-51.808558
RAUL MARTINS,2023-11-25 18:46:46,208.8,12.7,-34.823306,-51.81191
RAUL MARTINS,2023-11-25 18:46:55,208.8,12.6,-34.823771,-51.812218
RAUL MARTINS,2023-11-25 19:29:06,207.8,13.0,-34.95721,-51.897463
RAUL MARTINS,2023-11-25 19:31:06,208.6,13.0,-34.963676,-51.901618
RAUL MARTINS,2023-11-25 19:33:27,207.8,13.1,-34.97122,-51.906533
RAUL MARTINS,2023-11-25 19:36:18,210.1,13.2,-34.980183,-51.912821
RAUL MARTINS,2023-11-25 19:40:17,208.5,13.1,-34.992996,-51.921458
RAUL MARTINS,2023-11-25 19:43:18,208.7,13.1,-35.002615,-51.927903
RAUL MARTINS,2023-11-25 20:09:28,208.6,12.8,-35.085078,-51.983066
RAUL MARTINS,2023-11-25 20:14:38,209.5,12.8,-35.101085,-51.993996
RAUL MARTINS,2023-11-25 20:15:09,209.6,12.8,-35.10264,-51.995035
RAUL MARTINS,2023-11-25 20:16:26,209.6,12.8,-35.106771,-51.997846
RAUL MARTINS,2023-11-25 20:17:18,209.9,12.8,-35.109356,-51.999661
RAUL MARTINS,2023-11-25 20:18:37,209.7,12.8,-35.113498,-52.002548
RAUL MARTINS,2023-11-25 20:43:47,211.6,13.2,-35.191501,-52.062036
RAUL MARTINS,2023-11-25 20:44:08,211.2,13.2,-35.192551,-52.062821
RAUL MARTINS,2023-11-25 20:45:58,211.1,13.2,-35.198356,-52.067155
RAUL MARTINS,2023-11-25 20:49:27,210.3,13.3,-35.209456,-52.075248
RAUL MARTINS,2023-11-25 21:14:18,209.4,13.6,-35.289166,-52.132571
RAUL MARTINS,2023-11-25 21:15:18,209.5,13.5,-35.292473,-52.134893
RAUL MARTINS,2023-11-25 21:17:48,210.0,13.7,-35.300681,-52.14061
RAUL MARTINS,2023-11-25 21:20:27,210.0,13.6,-35.309421,-52.14677
RAUL MARTINS,2023-11-25 21:20:38,210.2,13.6,-35.309975,-52.147165
RAUL MARTINS,2023-11-25 21:25:27,209.0,13.6,-35.325885,-52.158131
RAUL MARTINS,2023-11-25 21:48:59,208.5,13.7,-35.403663,-52.21188
RAUL MARTINS,2023-11-25 21:51:59,209.0,13.7,-35.413636,-52.218595
RAUL MARTINS,2023-11-25 21:54:37,209.7,13.6,-35.422398,-52.224615
RAUL MARTINS,2023-11-25 22:22:48,209.0,13.5,-35.515091,-52.287865
RAUL MARTINS,2023-11-25 22:27:18,209.1,13.5,-35.529941,-52.29789
RAUL MARTINS,2023-11-25 22:30:18,209.3,13.6,-35.53974,-52.304695
RAUL MARTINS,2023-11-25 22:33:18,208.8,13.6,-35.549736,-52.311431
RAUL MARTINS,2023-11-25 22:56:49,209.1,13.8,-35.627335,-52.364331
RAUL MARTINS,2023-11-25 22:58:18,208.6,13.7,-35.632211,-52.367705
RAUL MARTINS,2023-11-25 23:02:18,208.1,13.8,-35.645628,-52.376635
RAUL MARTINS,2023-11-25 23:30:38,207.4,13.7,-35.740143,-52.440343
RAUL MARTINS,2023-11-25 23:33:58,209.2,13.8,-35.751333,-52.447553
RAUL MARTINS,2023-11-25 23:36:38,207.4,13.8,-35.760271,-52.453508
RAUL MARTINS,2024-01-27 03:47:41,30.5,11.5,-35.842185,-52.501593
RAUL MARTINS,2024-01-27 03:48:41,30.0,11.5,-35.839515,-52.49963
RAUL MARTINS,2024-01-27 03:49:31,31.0,11.6,-35.8373,-52.498005
RAUL MARTINS,2024-01-27 03:50:03,30.3,11.5,-35.835756,-52.49688
RAUL MARTINS,2024-01-27 03:50:31,30.5,11.5,-35.834456,-52.495951
RAUL MARTINS,2024-01-27 03:51:32,30.3,11.6,-35.831655,-52.493943
RAUL MARTINS,2024-01-27 03:51:41,30.1,11.6,-35.831241,-52.493646
RAUL MARTINS,2024-01-27 03:52:51,30.4,11.6,-35.828011,-52.491325
RAUL MARTINS,2024-01-27 04:13:43,29.2,11.8,-35.76964,-52.450116
RAUL MARTINS,2024-01-27 04:20:13,28.4,11.7,-35.751185,-52.437501
RAUL MARTINS,2024-01-27 04:21:03,29.4,11.7,-35.748868,-52.435908
RAUL MARTINS,2024-01-27 05:13:32,27.8,11.6,-35.600071,-52.338468
RAUL MARTINS,2024-01-27 05:20:51,27.7,11.7,-35.57903,-52.325106
RAUL MARTINS,2024-01-27 05:23:43,26.9,11.6,-35.570698,-52.319958
RAUL MARTINS,2024-01-27 05:24:02,27.0,11.6,-35.56979,-52.319403
RAUL MARTINS,2024-01-27 05:25:21,26.9,11.7,-35.566051,-52.317058
RAUL MARTINS,2024-01-27 05:26:21,26.7,11.7,-35.563115,-52.315226
RAUL MARTINS,2024-01-27 05:26:32,26.7,11.7,-35.562586,-52.3149
RAUL MARTINS,2024-01-27 05:27:21,26.8,11.7,-35.560268,-52.313465
RAUL MARTINS,2024-01-27 05:28:01,26.7,11.7,-35.558333,-52.312255
RAUL MARTINS,2024-01-27 05:28:33,26.0,11.8,-35.556778,-52.311296
RAUL MARTINS,2024-01-27 06:31:22,29.9,11.5,-35.37919,-52.192411
RAUL MARTINS,2024-01-27 06:37:32,31.4,11.5,-35.362218,-52.180091
RAUL MARTINS,2024-01-27 06:43:03,31.2,11.5,-35.347146,-52.16903
RAUL MARTINS,2024-01-27 07:42:22,31.3,11.5,-35.184995,-52.049811
RAUL MARTINS,2024-01-27 07:46:12,30.6,11.4,-35.17457,-52.04211
RAUL MARTINS,2024-01-27 07:49:33,31.9,11.5,-35.165393,-52.035511
RAUL MARTINS,2024-01-27 08:15:23,29.6,11.6,-35.093558,-51.984298
RAUL MARTINS,2024-01-27 08:24:14,29.7,11.7,-35.068753,-51.966783
RAUL MARTINS,2024-01-27 08:27:54,30.2,11.8,-35.058423,-51.959471
RAUL MARTINS,2024-01-27 08:28:31,29.5,11.7,-35.056563,-51.958191
RAUL MARTINS,2024-01-27 08:28:52,29.2,11.8,-35.055605,-51.957541
RAUL MARTINS,2024-01-27 08:33:33,29.0,11.9,-35.042206,-51.948145
RAUL MARTINS,2024-01-27 08:38:03,28.9,11.9,-35.02932,-51.939165
RAUL MARTINS,2024-01-27 08:40:53,29.3,11.8,-35.021123,-51.933636
RAUL MARTINS,2024-01-27 09:15:22,27.8,11.7,-34.920933,-51.867908
RAUL MARTINS,2024-01-27 09:20:04,28.5,11.8,-34.907511,-51.858995
RAUL MARTINS,2024-01-27 09:29:43,29.5,11.8,-34.879761,-51.840585
RAUL MARTINS,2024-01-27 09:32:24,28.6,11.9,-34.872021,-51.835451
RAUL MARTINS,2024-01-27 10:12:22,27.9,11.8,-34.757078,-51.759603
RAUL MARTINS,2024-01-27 10:52:23,27.0,12.3,-34.639465,-51.686001
RAUL MARTINS,2024-01-27 10:56:13,28.8,12.1,-34.62783,-51.678678
RAUL MARTINS,2024-01-27 11:03:12,28.0,11.9,-34.60722,-51.665688
RAUL MARTINS,2024-01-27 11:03:52,26.6,11.9,-34.605245,-51.664443
RAUL MARTINS,2024-01-27 11:04:02,27.1,11.8,-34.604758,-51.664126
RAUL MARTINS,2024-01-27 11:04:12,27.3,11.9,-34.604278,-51.663816
RAUL MARTINS,2024-01-27 11:06:52,27.6,11.9,-34.596468,-51.658948
RAUL MARTINS,2024-01-27 11:07:13,28.1,11.9,-34.595431,-51.658308
RAUL MARTINS,2024-01-27 11:08:53,27.8,12.0,-34.590503,-51.655241
RAUL MARTINS,2024-01-27 11:19:22,26.2,12.4,-34.55905,-51.636385
RAUL MARTINS,2024-01-27 11:45:23,32.4,11.5,-34.483878,-51.586866
RAUL MARTINS,2024-01-27 11:54:11,31.7,11.7,-34.459733,-51.568623
RAUL MARTINS,2024-01-27 11:56:51,32.8,11.8,-34.452318,-51.563081
RAUL MARTINS,2024-01-27 12:26:42,27.4,11.9,-34.365006,-51.505368
RAUL MARTINS,2024-01-27 12:38:22,29.8,11.6,-34.332103,-51.482071
RAUL MARTINS,2024-01-27 12:39:13,30.3,11.6,-34.329735,-51.480351
RAUL MARTINS,2024-01-27 12:40:33,32.3,11.7,-34.326048,-51.477618
RAUL MARTINS,2024-01-27 12:40:42,32.1,11.7,-34.325633,-51.477311
RAUL MARTINS,2024-01-27 12:43:03,31.8,11.7,-34.319148,-51.472515
RAUL MARTINS,2024-01-27 12:43:23,32.3,11.7,-34.318221,-51.471825
RAUL MARTINS,2024-01-27 12:46:24,32.2,11.6,-34.30988,-51.465625
RAUL MARTINS,2024-01-27 12:54:52,36.0,11.5,-34.287611,-51.44644
RAUL MARTINS,2024-01-27 13:04:03,35.9,11.5,-34.263886,-51.425378
RAUL MARTINS,2024-01-27 13:04:23,36.8,11.5,-34.262985,-51.424575
RAUL MARTINS,2024-01-27 13:04:52,35.6,11.5,-34.261748,-51.42347
RAUL MARTINS,2024-01-27 13:05:52,36.8,11.5,-34.259176,-51.421156
RAUL MARTINS,2024-01-27 13:39:43,20.9,12.0,-34.168521,-51.349683
RAUL MARTINS,2024-01-27 13:40:33,20.9,12.0,-34.165865,-51.348451
RAUL MARTINS,2024-01-27 14:13:42,26.4,12.2,-34.06421,-51.293221
RAUL MARTINS,2024-01-27 14:15:22,26.1,12.2,-34.059106,-51.290181
RAUL MARTINS,2024-01-27 14:30:14,26.4,12.2,-34.013788,-51.263371
RAUL MARTINS,2024-01-27 14:49:13,29.2,12.2,-33.9569,-51.228548
RAUL MARTINS,2024-01-27 15:22:34,27.9,12.7,-33.85196,-51.170645
RAUL MARTINS,2024-01-27 15:56:24,30.4,12.2,-33.750313,-51.09924
RAUL MARTINS,2024-01-27 15:58:54,29.8,12.3,-33.742995,-51.094026
RAUL MARTINS,2024-01-27 16:11:11,31.4,12.2,-33.70715,-51.068465
RAUL MARTINS,2024-01-27 16:22:24,32.0,12.1,-33.674803,-51.04535
RAUL MARTINS,2024-01-27 16:30:42,32.3,12.2,-33.651176,-51.027911
RAUL MARTINS,2024-01-27 17:09:42,30.7,12.4,-33.538028,-50.945243
RAUL MARTINS,2024-01-27 17:10:12,29.8,12.4,-33.536551,-50.944221
RAUL MARTINS,2024-01-27 17:10:32,29.7,12.3,-33.535563,-50.943541
RAUL MARTINS,2024-01-27 17:10:42,30.0,12.4,-33.535058,-50.943188
RAUL MARTINS,2024-01-27 17:11:01,30.2,12.4,-33.5341,-50.94251
RAUL MARTINS,2024-01-27 17:11:22,30.6,12.5,-33.533061,-50.941785
RAUL MARTINS,2024-01-27 17:11:32,30.6,12.4,-33.532568,-50.941446
RAUL MARTINS,2024-01-27 17:13:40,30.7,12.5,-33.52621,-50.936993
RAUL MARTINS,2024-01-27 17:14:40,31.7,12.4,-33.523246,-50.93485
RAUL MARTINS,2024-01-27 17:15:12,30.7,12.5,-33.521673,-50.933715
RAUL MARTINS,2024-01-27 17:16:12,30.8,12.4,-33.51872,-50.931588
RAUL MARTINS,2024-01-27 17:16:40,30.5,12.4,-33.517336,-50.930611
RAUL MARTINS,2024-01-27 18:09:32,27.8,12.4,-33.356925,-50.822513
RAUL MARTINS,2024-01-27 18:10:24,28.9,12.5,-33.354356,-50.820868
RAUL MARTINS,2024-01-27 18:34:02,27.8,12.0,-33.284188,-50.77471
RAUL MARTINS,2024-01-27 18:37:04,29.7,12.2,-33.27531,-50.768676
RAUL MARTINS,2024-01-27 18:47:53,30.0,11.9,-33.243745,-50.747585
RAUL MARTINS,2024-01-27 18:50:01,29.9,12.0,-33.23741,-50.743363
RAUL MARTINS,2024-01-27 18:51:10,26.9,11.9,-33.234013,-50.741198
RAUL MARTINS,2024-01-27 18:51:40,28.9,11.9,-33.232546,-50.740246
RAUL MARTINS,2024-01-27 18:52:10,30.2,11.9,-33.231071,-50.7393
RAUL MARTINS,2024-01-27 18:52:40,30.2,11.8,-33.229615,-50.738366
RAUL MARTINS,2024-01-27 18:55:20,28.7,11.7,-33.221913,-50.733408
RAUL MARTINS,2024-01-27 19:16:42,30.5,11.8,-33.161265,-50.692193
RAUL MARTINS,2024-01-27 19:22:21,31.3,11.9,-33.145221,-50.680933
RAUL MARTINS,2024-01-27 19:42:14,31.3,12.1,-33.08787,-50.640318
RAUL MARTINS,2024-01-27 19:51:02,31.3,11.9,-33.062515,-50.622258
RAUL MARTINS,2024-01-27 19:54:23,30.9,11.8,-33.052951,-50.615513
RAUL MARTINS,2024-01-27 19:58:35,32.0,11.8,-33.041005,-50.606658
RAUL MARTINS,2024-01-27 20:02:44,31.2,11.5,-33.029375,-50.598366
RAUL MARTINS,2024-01-27 20:19:32,29.1,11.7,-32.982525,-50.566116
RAUL MARTINS,2024-01-27 20:28:44,28.2,11.7,-32.956031,-50.5492
RAUL MARTINS,2024-01-27 20:54:02,27.6,12.0,-32.882728,-50.502326
RAUL MARTINS,2024-01-27 21:02:02,28.6,12.1,-32.859103,-50.487161
RAUL MARTINS,2024-01-27 21:36:46,27.8,12.1,-32.755438,-50.421938
RAUL MARTINS,2024-01-27 21:37:54,28.4,12.1,-32.752985,-50.420378
RAUL MARTINS,2024-01-27 22:01:23,29.2,11.7,-32.684951,-50.377458
RAUL MARTINS,2024-01-27 22:12:43,27.8,11.6,-32.652613,-50.356931
RAUL MARTINS,2024-01-27 22:15:23,27.0,11.6,-32.64497,-50.352155
RAUL MARTINS,2024-01-27 22:16:23,28.6,11.6,-32.642061,-50.350315
RAUL MARTINS,2024-01-27 22:16:43,28.8,11.7,-32.64116,-50.349736
RAUL MARTINS,2024-01-27 22:47:43,27.1,11.6,-32.55219,-50.294015
RAUL MARTINS,2024-01-27 22:53:22,28.5,11.7,-32.535965,-50.2838
RAUL MARTINS,2024-01-27 23:18:54,26.1,11.4,-32.463588,-50.239881
RAUL MARTINS,2024-01-27 23:44:04,31.5,11.4,-32.393935,-50.192546
RAUL MARTINS,2024-01-27 23:49:13,30.8,11.7,-32.379658,-50.18241
RAUL MARTINS,2024-01-27 23:54:22,31.0,11.9,-32.365141,-50.172315
RAUL MARTINS,2024-01-28 00:17:32,30.5,11.4,-32.300656,-50.12774
RAUL MARTINS,2024-01-28 00:40:24,30.8,11.6,-32.237395,-50.083503
RAUL MARTINS,2024-01-28 01:34:02,26.8,11.4,-32.088031,-49.983701
RAUL MARTINS,2024-01-28 01:37:02,27.2,11.5,-32.079566,-49.978521
RAUL MARTINS,2024-01-28 01:53:52,27.1,11.8,-32.030706,-49.949636
RAUL MARTINS,2024-01-28 01:57:52,27.2,11.9,-32.01903,-49.942591
RAUL MARTINS,2024-01-28 02:08:44,29.9,11.8,-31.98781,-49.922936
RAUL MARTINS,2024-01-28 02:17:22,29.8,11.8,-31.963058,-49.906925
RAUL MARTINS,2024-01-28 03:24:53,28.8,12.2,-31.765311,-49.77849
RAUL MARTINS,2024-01-28 03:54:23,29.8,12.3,-31.678326,-49.721633
RAUL MARTINS,2024-01-28 03:58:43,27.4,12.1,-31.665455,-49.713168
RAUL MARTINS,2024-01-28 04:00:52,29.6,12.3,-31.659048,-49.70895
RAUL MARTINS,2024-01-28 04:02:02,29.3,12.3,-31.655691,-49.70674
RAUL MARTINS,2024-01-28 04:03:02,29.0,12.3,-31.6526,-49.704705
RAUL MARTINS,2024-01-28 04:03:13,28.9,12.3,-31.652103,-49.704371
RAUL MARTINS,2024-01-28 04:04:02,29.3,12.4,-31.649721,-49.702768
RAUL MARTINS,2024-01-28 04:04:13,30.0,12.2,-31.649173,-49.702413
RAUL MARTINS,2024-01-28 04:07:01,28.7,12.2,-31.640865,-49.696973
RAUL MARTINS,2024-01-28 04:09:02,29.4,12.3,-31.634893,-49.6929
RAUL MARTINS,2024-01-28 04:15:01,30.4,12.4,-31.617218,-49.680861
RAUL MARTINS,2024-01-28 04:25:04,30.6,12.3,-31.587451,-49.660735
RAUL MARTINS,2024-01-28 04:44:42,29.3,12.4,-31.52902,-49.620945
RAUL MARTINS,2024-01-28 05:06:43,32.9,12.4,-31.463613,-49.57505
RAUL MARTINS,2024-01-28 05:35:42,31.6,12.4,-31.377115,-49.514441
RAUL MARTINS,2024-01-28 05:37:23,30.2,12.4,-31.372155,-49.511065
RAUL MARTINS,2024-01-28 05:39:22,31.5,12.4,-31.366236,-49.506861
RAUL MARTINS,2024-01-28 05:39:42,30.9,12.5,-31.36525,-49.506158
RAUL MARTINS,2024-01-28 05:40:22,30.7,12.5,-31.363253,-49.504776
RAUL MARTINS,2024-01-28 05:40:33,31.6,12.5,-31.362758,-49.504425
RAUL MARTINS,2024-01-28 05:41:22,29.5,12.4,-31.360328,-49.502746
RAUL MARTINS,2024-01-28 05:42:22,31.1,12.5,-31.3573,-49.500668
RAUL MARTINS,2024-01-28 05:42:32,30.8,12.5,-31.356763,-49.500315
RAUL MARTINS,2024-01-28 05:44:03,30.3,12.5,-31.35236,-49.497205
RAUL MARTINS,2024-01-28 05:59:23,29.2,12.9,-31.305025,-49.466873
RAUL MARTINS,2024-01-28 06:43:03,29.2,12.7,-31.169848,-49.381968
RAUL MARTINS,2024-01-28 06:48:42,28.7,12.6,-31.152488,-49.370793
RAUL MARTINS,2024-01-28 07:43:53,31.1,12.7,-30.983686,-49.26075
RAUL MARTINS,2024-01-28 08:11:02,30.0,12.4,-30.901163,-49.207151
RAUL MARTINS,2024-01-28 08:16:14,27.8,12.5,-30.885541,-49.196866
RAUL MARTINS,2024-01-28 08:21:13,28.9,12.6,-30.870355,-49.186881
RAUL MARTINS,2024-01-28 08:29:44,31.9,12.5,-30.844591,-49.170016
RAUL MARTINS,2024-01-28 08:32:42,29.6,12.5,-30.835731,-49.163921
RAUL MARTINS,2024-01-28 08:36:13,31.5,12.3,-30.825131,-49.156886
RAUL MARTINS,2024-01-28 09:27:53,28.2,12.4,-30.668573,-49.055933
RAUL MARTINS,2024-01-28 10:04:53,28.6,12.7,-30.556001,-48.983808
RAUL MARTINS,2024-01-28 10:52:54,28.4,12.8,-30.40948,-48.887771
RAUL MARTINS,2024-01-28 10:57:43,28.4,12.7,-30.394738,-48.877988
RAUL MARTINS,2024-01-28 10:58:41,29.7,12.8,-30.391623,-48.875858
RAUL MARTINS,2024-01-28 11:00:33,29.4,12.9,-30.385811,-48.87204
RAUL MARTINS,2024-01-28 11:01:52,29.6,12.7,-30.381765,-48.869388
RAUL MARTINS,2024-01-28 11:03:33,29.5,12.8,-30.376553,-48.866036
RAUL MARTINS,2024-01-28 11:25:02,27.9,12.8,-30.309661,-48.822158
RAUL MARTINS,2024-01-28 11:46:33,29.8,13.0,-30.241913,-48.779505
RAUL MARTINS,2024-01-28 11:50:33,28.8,13.0,-30.229236,-48.771481
RAUL MARTINS,2024-01-28 12:00:22,30.0,12.7,-30.198598,-48.751835
RAUL MARTINS,2024-01-28 12:31:33,30.6,12.8,-30.10182,-48.688946
RAUL MARTINS,2024-01-28 12:53:21,28.4,12.7,-30.033625,-48.644438
RAUL MARTINS,2024-01-28 12:54:22,28.4,12.7,-30.030446,-48.642455
RAUL MARTINS,2024-01-28 13:04:23,29.4,12.8,-29.999676,-48.62154
RAUL MARTINS,2024-01-28 13:27:23,30.0,12.8,-29.928541,-48.574205
RAUL MARTINS,2024-01-28 13:29:33,30.9,12.8,-29.9219,-48.569758
RAUL MARTINS,2024-01-28 13:32:33,29.3,12.9,-29.912523,-48.56354
RAUL MARTINS,2024-01-28 13:42:43,30.1,12.9,-29.880703,-48.543203
RAUL MARTINS,2024-01-28 13:51:03,30.1,12.6,-29.855068,-48.526863
RAUL MARTINS,2024-01-28 14:13:43,30.0,12.8,-29.784918,-48.48241
RAUL MARTINS,2024-01-28 14:18:23,26.3,12.6,-29.770498,-48.473293
RAUL MARTINS,2024-01-28 14:25:04,26.5,12.4,-29.749828,-48.460896
RAUL MARTINS,2024-01-28 15:00:03,27.8,12.3,-29.64483,-48.396015
RAUL MARTINS,2024-01-28 15:17:34,29.7,12.3,-29.591868,-48.36375
RAUL MARTINS,2024-01-28 15:19:53,28.2,12.2,-29.584928,-48.359341
RAUL MARTINS,2024-01-28 16:31:53,26.5,12.6,-29.364496,-48.221325
RAUL MARTINS,2024-01-28 16:42:43,30.8,12.8,-29.330623,-48.199808
RAUL MARTINS,2024-01-28 16:59:23,27.0,12.6,-29.278981,-48.166891
RAUL MARTINS,2024-01-28 17:19:52,29.0,12.5,-29.216906,-48.127165
RAUL MARTINS,2024-01-28 17:38:53,29.7,12.2,-29.159991,-48.090925
RAUL MARTINS,2024-01-28 17:50:53,29.2,12.6,-29.124451,-48.06708
RAUL MARTINS,2024-01-28 17:54:34,28.6,12.3,-29.113433,-48.05965
RAUL MARTINS,2024-01-28 18:27:53,31.9,12.4,-29.01428,-47.991895
RAUL MARTINS,2024-01-28 19:28:03,31.1,12.3,-28.835153,-47.87339
RAUL MARTINS,2024-01-28 19:31:03,28.1,12.4,-28.826086,-47.86791
RAUL MARTINS,2024-01-28 19:54:03,27.3,12.3,-28.756001,-47.825833
RAUL MARTINS,2024-01-28 20:02:03,27.0,12.5,-28.731658,-47.811293
RAUL MARTINS,2024-01-28 20:07:14,24.9,12.6,-28.715546,-47.801676
RAUL MARTINS,2024-01-28 20:11:23,30.2,12.6,-28.702643,-47.79386
RAUL MARTINS,2024-01-28 21:12:53,28.8,12.6,-28.513435,-47.677146
RAUL MARTINS,2024-01-28 21:13:23,30.4,12.7,-28.511796,-47.676088
RAUL MARTINS,2024-01-28 21:22:33,30.8,12.8,-28.483551,-47.658181
RAUL MARTINS,2024-01-28 21:24:42,31.3,12.9,-28.476878,-47.654043
RAUL MARTINS,2024-01-28 21:51:24,31.6,12.2,-28.396785,-47.60139
RAUL MARTINS,2024-01-28 21:59:42,34.2,12.6,-28.372353,-47.584303
RAUL MARTINS,2024-01-28 22:50:52,34.0,12.6,-28.221816,-47.479338
RAUL MARTINS,2024-01-28 22:58:32,30.3,12.5,-28.198461,-47.464823
RAUL MARTINS,2024-01-28 23:37:02,26.9,12.4,-28.081438,-47.394571
RAUL MARTINS,2024-01-29 00:14:12,30.5,12.2,-27.967426,-47.327601
RAUL MARTINS,2024-01-29 00:14:42,27.9,12.3,-27.965915,-47.326698
RAUL MARTINS,2024-01-29 00:34:24,26.6,12.4,-27.905455,-47.291316
RAUL MARTINS,2024-01-29 00:34:42,28.0,12.5,-27.90446,-47.290713
RAUL MARTINS,2024-01-29 00:35:23,27.8,12.5,-27.902358,-47.289525
RAUL MARTINS,2024-01-29 00:37:23,29.8,12.5,-27.896166,-47.285875
RAUL MARTINS,2024-01-29 00:40:11,27.4,12.4,-27.887513,-47.2808
RAUL MARTINS,2024-01-29 00:44:53,29.2,12.6,-27.87301,-47.272503
RAUL MARTINS,2024-01-29 01:13:13,27.5,12.4,-27.785875,-47.221881
RAUL MARTINS,2024-01-29 01:49:42,33.1,12.0,-27.675765,-47.155998
RAUL MARTINS,2024-01-29 02:22:33,29.2,12.3,-27.580211,-47.089633
RAUL MARTINS,2024-01-29 02:26:03,30.2,12.4,-27.569978,-47.082585
RAUL MARTINS,2024-01-29 02:55:43,27.7,12.8,-27.48089,-47.024673
RAUL MARTINS,2024-01-29 02:59:02,27.7,12.7,-27.470503,-47.018561
RAUL MARTINS,2024-01-29 04:12:33,28.0,12.3,-27.243721,-46.880858
RAUL MARTINS,2024-01-29 05:00:34,31.0,12.6,-27.099431,-46.78704
RAUL MARTINS,2024-01-29 05:28:22,28.9,12.0,-27.01834,-46.733166
RAUL MARTINS,2024-01-29 05:30:23,32.4,12.0,-27.012541,-46.729425
RAUL MARTINS,2024-01-29 05:51:42,28.6,11.8,-26.950945,-46.690666
RAUL MARTINS,2024-01-29 05:53:02,26.8,11.8,-26.947066,-46.68824
RAUL MARTINS,2024-01-29 05:53:43,29.7,11.8,-26.945203,-46.687103
RAUL MARTINS,2024-01-29 05:54:21,27.8,11.8,-26.943251,-46.685871
RAUL MARTINS,2024-01-29 05:54:42,26.3,11.7,-26.94228,-46.685283
RAUL MARTINS,2024-01-29 05:55:01,28.9,11.8,-26.941375,-46.684711
RAUL MARTINS,2024-01-29 05:55:11,28.6,11.9,-26.940896,-46.684411
RAUL MARTINS,2024-01-29 05:55:42,27.5,11.8,-26.939468,-46.683515
RAUL MARTINS,2024-01-29 06:16:04,28.5,11.8,-26.881141,-46.647193
RAUL MARTINS,2024-01-29 06:27:02,27.3,11.9,-26.849583,-46.627883
RAUL MARTINS,2024-01-29 06:45:03,28.2,12.0,-26.797323,-46.595916
RAUL MARTINS,2024-01-29 07:36:54,31.8,12.2,-26.644655,-46.501838
RAUL MARTINS,2024-01-29 08:24:43,26.1,12.6,-26.499658,-46.41798
RAUL MARTINS,2024-01-29 09:21:42,33.4,12.8,-26.32645,-46.304628
RAUL MARTINS,2024-01-29 10:11:03,27.3,12.9,-26.174268,-46.205063
RAUL MARTINS,2024-01-29 10:27:43,27.6,12.8,-26.122006,-46.173696
RAUL MARTINS,2024-01-29 10:55:22,29.0,12.6,-26.035515,-46.120813
RAUL MARTINS,2024-01-29 11:07:14,27.4,12.4,-25.999023,-46.098528
RAUL MARTINS,2024-01-29 11:33:42,29.8,12.6,-25.918641,-46.048203
RAUL MARTINS,2024-01-29 11:41:52,28.8,12.6,-25.893806,-46.032551
RAUL MARTINS,2024-01-29 11:43:03,27.9,12.5,-25.890275,-46.030358
RAUL MARTINS,2024-01-29 12:13:51,29.0,12.6,-25.796023,-45.972448
RAUL MARTINS,2024-01-29 12:28:43,27.0,12.8,-25.749858,-45.945261
RAUL MARTINS,2024-01-29 12:35:12,28.5,12.9,-25.729375,-45.933141
RAUL MARTINS,2024-01-29 13:05:24,28.7,13.1,-25.632931,-45.87686
RAUL MARTINS,2024-01-29 13:23:23,29.3,13.1,-25.575223,-45.84196
RAUL MARTINS,2024-01-29 13:25:43,28.5,13.1,-25.567761,-45.837383
RAUL MARTINS,2024-01-29 13:31:54,28.6,13.0,-25.548178,-45.825191
RAUL MARTINS,2024-01-29 14:13:54,31.3,13.2,-25.415165,-45.740848
RAUL MARTINS,2024-01-29 14:21:54,27.9,13.1,-25.389838,-45.724913
RAUL MARTINS,2024-01-29 15:12:33,29.8,13.2,-25.230166,-45.623648
RAUL MARTINS,2024-01-29 15:54:23,27.7,12.9,-25.095901,-45.54259
RAUL MARTINS,2024-01-29 16:01:03,28.2,13.0,-25.074705,-45.529988
RAUL MARTINS,2024-01-29 16:11:21,29.3,12.9,-25.041793,-45.509963
RAUL MARTINS,2024-01-29 16:11:30,28.8,12.9,-25.0414,-45.509708
RAUL MARTINS,2024-01-29 16:11:50,28.8,12.9,-25.040343,-45.509036
RAUL MARTINS,2024-01-29 16:12:00,29.6,13.0,-25.039823,-45.508703
RAUL MARTINS,2024-01-29 16:13:00,28.1,12.9,-25.036721,-45.506756
RAUL MARTINS,2024-01-29 16:14:00,27.9,12.9,-25.033625,-45.504791
RAUL MARTINS,2024-01-29 16:15:00,28.6,12.9,-25.030458,-45.502783
RAUL MARTINS,2024-01-29 16:18:43,28.2,12.8,-25.019041,-45.49557
RAUL MARTINS,2024-01-29 16:41:44,27.9,13.1,-24.946805,-45.449881
RAUL MARTINS,2024-01-29 16:43:53,29.2,13.0,-24.940075,-45.445573
RAUL MARTINS,2024-01-29 17:50:01,26.6,12.9,-24.738265,-45.301521
RAUL MARTINS,2024-01-29 17:51:30,28.5,12.9,-24.73346,-45.298806
RAUL MARTINS,2024-01-29 17:52:41,28.5,12.8,-24.729751,-45.296745
RAUL MARTINS,2024-01-29 17:53:30,25.7,12.9,-24.7271,-45.295266
RAUL MARTINS,2024-01-29 18:06:33,28.9,12.9,-24.685743,-45.272188
RAUL MARTINS,2024-01-29 18:31:13,27.1,12.9,-24.606573,-45.228953
RAUL MARTINS,2024-01-29 19:15:33,29.0,12.4,-24.468641,-45.148863
RAUL MARTINS,2024-01-29 19:44:34,28.4,12.5,-24.380905,-45.097076
RAUL MARTINS,2024-01-29 20:22:42,27.4,12.8,-24.26287,-45.02577
RAUL MARTINS,2024-01-29 20:25:14,27.4,12.9,-24.254941,-45.021068
RAUL MARTINS,2024-01-29 20:52:33,30.6,12.8,-24.169378,-44.969135
RAUL MARTINS,2024-01-29 21:00:12,29.8,12.8,-24.145555,-44.954526
RAUL MARTINS,2024-01-29 21:30:22,22.9,13.0,-24.049565,-44.899875
RAUL MARTINS,2024-01-29 21:49:44,25.8,12.9,-23.987075,-44.86653
RAUL MARTINS,2024-01-29 22:41:52,30.5,12.3,-23.824766,-44.7726
RAUL MARTINS,2024-01-29 22:44:12,31.2,12.3,-23.817868,-44.768095
RAUL MARTINS,2024-01-30 00:09:42,32.0,12.5,-23.565781,-44.599526
RAUL MARTINS,2024-01-30 00:11:12,31.7,12.5,-23.56135,-44.596491
RAUL MARTINS,2024-01-30 00:11:42,31.7,12.5,-23.55987,-44.595476
RAUL MARTINS,2024-01-30 00:12:03,31.6,12.5,-23.558828,-44.594751
RAUL MARTINS,2024-01-30 00:12:23,31.8,12.5,-23.557838,-44.594071
RAUL MARTINS,2024-01-30 00:12:24,31.8,12.5,-23.557838,-44.594071
RAUL MARTINS,2024-01-30 00:12:51,32.4,12.5,-23.556406,-44.593091
RAUL MARTINS,2024-01-30 00:13:23,31.9,12.5,-23.554886,-44.59206
RAUL MARTINS,2024-01-30 00:13:43,32.6,12.5,-23.553911,-44.591385
RAUL MARTINS,2024-01-30 00:18:02,32.2,12.5,-23.541196,-44.582665
RAUL MARTINS,2024-01-30 01:24:53,16.9,12.9,-23.335193,-44.457176
RAUL MARTINS,2024-01-30 01:27:14,12.4,13.0,-23.327058,-44.454501
RAUL MARTINS,2024-01-30 01:29:33,12.7,13.1,-23.318815,-44.452448
RAUL MARTINS,2024-01-30 01:53:12,9.5,10.5,-23.25234,-44.433793
RAUL MARTINS,2024-01-30 01:53:43,9.7,10.7,-23.250891,-44.433526
RAUL MARTINS,2024-01-30 02:00:12,9.3,12.3,-23.229931,-44.429716
RAUL MARTINS,2024-01-30 03:10:32,218.8,0.2,-23.118073,-44.410535
RAUL MARTINS,2024-01-30 03:14:13,6.7,0.1,-23.118128,-44.410551
RAUL MARTINS,2024-01-30 03:43:43,353.9,0.1,-23.117798,-44.410661
RAUL MARTINS,2024-01-30 04:28:44,130.1,0.0,-23.118028,-44.410666
RAUL MARTINS,2024-01-30 04:33:34,338.9,0.1,-23.117931,-44.410658
RAUL MARTINS,2024-01-30 05:19:03,146.8,0.1,-23.117861,-44.410208
RAUL MARTINS,2024-01-30 05:24:34,118.1,0.1,-23.117963,-44.410131
RAUL MARTINS,2024-01-30 05:27:43,107.6,0.2,-23.118013,-44.410038
RAUL MARTINS,2024-01-30 05:31:24,104.7,0.1,-23.118056,-44.409881
RAUL MARTINS,2024-01-30 05:44:52,96.5,0.2,-23.118203,-44.409428
RAUL MARTINS,2024-01-30 06:09:41,73.7,0.2,-23.118241,-44.40825
RAUL MARTINS,2024-01-30 06:10:11,75.6,0.2,-23.11825,-44.40822
RAUL MARTINS,2024-01-30 06:12:11,64.4,0.2,-23.118163,-44.408128
RAUL MARTINS,2024-01-30 06:12:53,69.3,0.2,-23.118166,-44.408083
RAUL MARTINS,2024-01-30 06:13:13,68.3,0.2,-23.118166,-44.408066
RAUL MARTINS,2024-01-30 06:17:23,59.6,0.2,-23.118081,-44.40783
RAUL MARTINS,2024-01-30 06:31:23,46.7,0.1,-23.117796,-44.407275
RAUL MARTINS,2024-01-30 07:33:04,35.4,0.1,-23.1171,-44.406941
RAUL MARTINS,2024-01-30 08:14:03,182.7,0.1,-23.116918,-44.406878
RAUL MARTINS,2024-01-30 08:18:54,170.1,0.1,-23.117035,-44.406913
RAUL MARTINS,2024-01-30 09:08:44,346.6,0.1,-23.117423,-44.407043
RAUL MARTINS,2024-01-30 09:14:41,217.0,0.1,-23.117435,-44.407093
RAUL MARTINS,2024-01-30 09:16:43,221.3,0.0,-23.117371,-44.407118
RAUL MARTINS,2024-01-30 10:35:43,194.8,0.0,-23.116953,-44.406733
RAUL MARTINS,2024-01-30 10:38:23,28.6,0.0,-23.116906,-44.40672
RAUL MARTINS,2024-01-30 12:22:03,293.9,0.0,-23.114603,-44.407693
RAUL MARTINS,2024-01-30 12:26:42,305.4,0.0,-23.11454,-44.407768
RAUL MARTINS,2024-01-30 12:29:01,285.0,0.0,-23.114541,-44.407801
RAUL MARTINS,2024-01-30 12:36:02,311.1,0.1,-23.114468,-44.407826
RAUL MARTINS,2024-01-30 12:36:43,296.1,0.1,-23.11446,-44.407826
RAUL MARTINS,2024-01-30 13:19:42,313.6,0.0,-23.114358,-44.407848
RAUL MARTINS,2024-01-30 13:22:42,296.5,0.1,-23.114378,-44.407886
RAUL MARTINS,2024-01-30 14:13:14,349.1,0.0,-23.114431,-44.407745
RAUL MARTINS,2024-01-30 14:44:43,300.3,0.0,-23.114091,-44.408205
RAUL MARTINS,2024-01-30 16:20:23,291.3,0.0,-23.11385,-44.409863
RAUL MARTINS,2024-01-30 16:27:41,270.1,0.0,-23.113865,-44.40987
RAUL MARTINS,2024-01-30 16:28:02,296.8,0.0,-23.113868,-44.40988
RAUL MARTINS,2024-01-30 16:28:13,293.1,0.0,-23.113868,-44.409885
RAUL MARTINS,2024-01-30 16:28:32,321.5,0.0,-23.113868,-44.40989
RAUL MARTINS,2024-01-30 16:28:41,312.1,0.0,-23.113866,-44.409888
RAUL MARTINS,2024-01-30 16:29:01,5.9,0.1,-23.11386,-44.409885
RAUL MARTINS,2024-01-30 16:30:01,294.6,0.1,-23.113846,-44.409881
RAUL MARTINS,2024-01-30 16:30:03,294.6,0.1,-23.113846,-44.409881
RAUL MARTINS,2024-01-30 16:30:13,296.6,0.1,-23.113846,-44.40988
RAUL MARTINS,2024-01-30 17:06:23,66.4,0.0,-23.113588,-44.409468
RAUL MARTINS,2024-01-30 17:32:14,225.7,0.0,-23.1137,-44.40972
RAUL MARTINS,2024-01-30 18:01:32,254.1,0.0,-23.113725,-44.409866
RAUL MARTINS,2024-01-30 18:02:13,67.5,0.0,-23.113731,-44.409876
RAUL MARTINS,2024-01-30 18:02:42,45.5,0.0,-23.113736,-44.409871
RAUL MARTINS,2024-01-30 18:04:52,76.3,0.0,-23.113768,-44.40992
RAUL MARTINS,2024-01-30 18:06:13,76.3,0.0,-23.113761,-44.409891
RAUL MARTINS,2024-01-30 18:16:34,95.4,0.0,-23.113753,-44.40986
RAUL MARTINS,2024-01-30 19:18:22,279.5,0.0,-23.113651,-44.40947
RAUL MARTINS,2024-01-30 19:24:23,78.0,0.0,-23.113661,-44.409485
RAUL MARTINS,2024-01-30 19:44:43,263.0,0.0,-23.113735,-44.409626
RAUL MARTINS,2024-01-30 19:59:34,261.5,0.0,-23.113791,-44.409803
RAUL MARTINS,2024-01-30 20:56:14,152.1,0.1,-23.113961,-44.410153
RAUL MARTINS,2024-01-30 21:03:04,238.1,0.1,-23.113988,-44.41014
RAUL MARTINS,2024-01-30 21:06:43,69.5,0.0,-23.11398,-44.410121
RAUL MARTINS,2024-01-30 21:10:44,241.7,0.0,-23.113921,-44.410135
RAUL MARTINS,2024-01-30 22:31:02,306.0,0.0,-23.113926,-44.410088
RAUL MARTINS,2024-01-30 22:37:03,228.1,0.0,-23.113891,-44.410085
RAUL MARTINS,2024-01-30 22:43:23,192.4,0.0,-23.113943,-44.41006
RAUL MARTINS,2024-01-30 23:20:44,171.2,0.2,-23.114215,-44.410478
RAUL MARTINS,2024-01-30 23:49:41,110.0,8.2,-23.123681,-44.39694
RAUL MARTINS,2024-01-31 00:07:32,67.1,9.1,-23.115606,-44.351453
RAUL MARTINS,2024-01-31 00:11:13,67.6,10.5,-23.111565,-44.3413
RAUL MARTINS,2024-01-31 00:14:22,66.0,11.3,-23.107801,-44.331835
RAUL MARTINS,2024-01-31 00:18:23,66.2,11.8,-23.102568,-44.318878
RAUL MARTINS,2024-01-31 00:22:03,67.3,12.1,-23.097681,-44.30667
RAUL MARTINS,2024-01-31 01:02:33,7.3,2.7,-23.062481,-44.220868
RAUL MARTINS,2024-01-31 01:30:02,277.2,0.1,-23.060778,-44.227423
RAUL MARTINS,2024-01-31 01:45:52,318.0,0.0,-23.060793,-44.227373
RAUL MARTINS,2024-01-31 01:50:01,295.8,0.0,-23.06081,-44.227395
RAUL MARTINS,2024-01-31 01:53:43,129.8,0.2,-23.0608,-44.227395
RAUL MARTINS,2024-01-31 02:04:42,331.9,0.0,-23.060745,-44.227498
RAUL MARTINS,2024-01-31 02:08:43,287.0,0.0,-23.060821,-44.227426
RAUL MARTINS,2024-01-31 02:13:54,326.6,0.0,-23.060821,-44.227466
RAUL MARTINS,2024-02-01 20:52:19,243.2,3.8,-23.06373,-44.2244
RAUL MARTINS,2024-02-01 21:26:40,245.7,10.5,-23.097036,-44.306041
RAUL MARTINS,2024-02-01 21:29:28,244.4,10.6,-23.100591,-44.314183
RAUL MARTINS,2024-02-01 21:33:40,246.5,10.6,-23.105388,-44.326471
RAUL MARTINS,2024-02-01 22:21:19,5.6,5.3,-23.121308,-44.450685
RAUL MARTINS,2024-02-01 22:26:30,12.4,3.6,-23.114798,-44.44961
RAUL MARTINS,2024-02-01 22:32:20,46.0,1.9,-23.111523,-44.448275
RAUL MARTINS,2024-02-01 23:00:09,325.9,0.3,-23.112416,-44.44153
RAUL MARTINS,2024-02-01 23:02:59,322.1,0.2,-23.112223,-44.441698
RAUL MARTINS,2024-02-01 23:08:49,173.6,0.2,-23.112261,-44.44186
RAUL MARTINS,2024-02-01 23:20:09,159.1,0.1,-23.112653,-44.44171
RAUL MARTINS,2024-02-02 03:54:12,304.5,0.0,-23.112638,-44.44125
RAUL MARTINS,2024-02-02 05:24:14,89.5,0.1,-23.112461,-44.440511
RAUL MARTINS,2024-02-02 05:54:16,104.7,0.1,-23.11271,-44.439715
RAUL MARTINS,2024-02-02 06:18:24,314.0,0.1,-23.112691,-44.43958
RAUL MARTINS,2024-02-02 10:06:15,256.7,0.1,-23.112873,-44.439321
RAUL MARTINS,2024-02-02 11:12:15,160.0,0.0,-23.113131,-44.43919
RAUL MARTINS,2024-02-02 14:42:16,123.7,0.0,-23.112858,-44.439415
RAUL MARTINS,2024-02-02 17:18:11,67.8,0.0,-23.112333,-44.440218
RAUL MARTINS,2024-02-02 18:09:14,102.9,0.0,-23.112213,-44.4402
RAUL MARTINS,2024-02-02 21:27:53,152.0,3.0,-23.118231,-44.438198
RAUL MARTINS,2024-02-02 21:29:12,150.5,3.5,-23.119333,-44.43758
RAUL MARTINS,2024-02-02 21:33:03,156.6,5.0,-23.123331,-44.434765
RAUL MARTINS,2024-02-02 22:17:53,179.8,11.2,-23.240258,-44.417011
RAUL MARTINS,2024-02-02 22:21:43,180.3,11.2,-23.252136,-44.417031
RAUL MARTINS,2024-02-02 22:38:13,179.0,11.4,-23.303813,-44.417578
RAUL MARTINS,2024-02-02 23:05:32,86.1,12.1,-23.33424,-44.345476
RAUL MARTINS,2024-02-02 23:14:50,85.0,12.4,-23.331828,-44.311216
RAUL MARTINS,2024-02-02 23:17:22,85.0,12.3,-23.331066,-44.301826
RAUL MARTINS,2024-02-02 23:20:10,85.2,12.4,-23.330308,-44.291435
RAUL MARTINS,2024-02-02 23:51:43,91.1,12.3,-23.334018,-44.174005
RAUL MARTINS,2024-02-02 23:52:42,91.0,12.4,-23.334105,-44.170335
RAUL MARTINS,2024-02-02 23:53:42,89.3,12.3,-23.334081,-44.166588
RAUL MARTINS,2024-02-02 23:56:42,92.5,12.4,-23.334483,-44.155383
RAUL MARTINS,2024-02-02 23:57:12,92.8,12.3,-23.334568,-44.153503
RAUL MARTINS,2024-02-02 23:58:12,92.3,12.4,-23.33468,-44.149773
RAUL MARTINS,2024-02-02 23:58:21,92.2,12.4,-23.334696,-44.1492
RAUL MARTINS,2024-02-02 23:58:31,92.1,12.4,-23.33471,-44.148523
RAUL MARTINS,2024-02-03 00:00:31,90.2,12.3,-23.334876,-44.141141
RAUL MARTINS,2024-02-03 00:22:12,80.3,12.0,-23.326748,-44.063096
RAUL MARTINS,2024-02-03 00:53:30,81.1,11.9,-23.311736,-43.951763
RAUL MARTINS,2024-02-03 00:55:53,81.7,11.8,-23.310553,-43.943476
RAUL MARTINS,2024-02-03 00:58:12,82.7,11.8,-23.309586,-43.935276
RAUL MARTINS,2024-02-03 01:06:43,82.5,11.8,-23.30568,-43.905003
RAUL MARTINS,2024-02-03 01:30:52,87.2,11.6,-23.301026,-43.819831
RAUL MARTINS,2024-02-03 01:32:21,86.1,11.6,-23.300816,-43.814631
RAUL MARTINS,2024-02-03 01:36:01,88.5,11.5,-23.300218,-43.80194
RAUL MARTINS,2024-02-03 01:36:02,88.5,11.5,-23.300218,-43.80194
RAUL MARTINS,2024-02-03 02:25:03,82.4,11.3,-23.290435,-43.63378
RAUL MARTINS,2024-02-03 03:10:12,86.7,11.4,-23.28108,-43.479675
RAUL MARTINS,2024-02-03 03:12:33,87.7,11.4,-23.280615,-43.471651
RAUL MARTINS,2024-02-03 03:17:32,86.5,11.5,-23.279726,-43.454425
RAUL MARTINS,2024-02-03 03:17:52,85.9,11.5,-23.279658,-43.45326
RAUL MARTINS,2024-02-03 04:05:21,92.4,11.8,-23.277543,-43.286126
RAUL MARTINS,2024-02-03 04:06:21,90.2,11.7,-23.277641,-43.282571
RAUL MARTINS,2024-02-03 04:07:10,89.4,11.7,-23.277615,-43.279711
RAUL MARTINS,2024-02-03 04:07:21,89.4,11.7,-23.277603,-43.279071
RAUL MARTINS,2024-02-03 04:07:30,88.9,11.7,-23.277593,-43.278538
RAUL MARTINS,2024-02-03 04:07:50,88.7,11.7,-23.277573,-43.277406
RAUL MARTINS,2024-02-03 04:08:01,88.5,11.7,-23.27756,-43.276691
RAUL MARTINS,2024-02-03 04:08:10,88.4,11.7,-23.27755,-43.276216
RAUL MARTINS,2024-02-03 04:08:21,87.8,11.7,-23.277531,-43.275505
RAUL MARTINS,2024-02-03 04:08:51,88.3,11.7,-23.277475,-43.273823
RAUL MARTINS,2024-02-03 04:09:01,88.2,11.7,-23.277451,-43.273175
RAUL MARTINS,2024-02-03 04:11:01,88.4,11.7,-23.277233,-43.266166
RAUL MARTINS,2024-02-03 04:11:21,88.1,11.7,-23.277215,-43.26491
RAUL MARTINS,2024-02-03 04:12:01,87.3,11.6,-23.277145,-43.2626
RAUL MARTINS,2024-02-03 04:12:23,86.7,11.6,-23.277086,-43.261436
RAUL MARTINS,2024-02-03 04:22:32,79.0,11.6,-23.272376,-43.22639
RAUL MARTINS,2024-02-03 04:27:52,80.9,11.6,-23.269426,-43.20799
RAUL MARTINS,2024-02-03 04:54:31,81.6,11.7,-23.255596,-43.115276
RAUL MARTINS,2024-02-03 04:57:52,81.8,11.8,-23.254016,-43.10352
RAUL MARTINS,2024-02-03 05:23:21,88.2,11.9,-23.24366,-43.013053
RAUL MARTINS,2024-02-03 05:39:19,88.1,12.1,-23.241913,-42.95479
RAUL MARTINS,2024-02-03 05:39:30,87.2,12.1,-23.241891,-42.954196
RAUL MARTINS,2024-02-03 05:39:50,87.3,12.1,-23.241841,-42.953001
RAUL MARTINS,2024-02-03 05:40:19,87.8,12.1,-23.24175,-42.951141
RAUL MARTINS,2024-02-03 05:40:30,87.3,12.2,-23.241728,-42.950535
RAUL MARTINS,2024-02-03 05:40:50,87.9,12.1,-23.241695,-42.949313
RAUL MARTINS,2024-02-03 05:41:30,89.1,12.1,-23.24163,-42.94686
RAUL MARTINS,2024-02-03 06:06:43,87.1,12.1,-23.23871,-42.854805
RAUL MARTINS,2024-02-03 06:10:43,86.6,12.1,-23.238125,-42.840315
RAUL MARTINS,2024-02-03 06:15:02,87.3,12.0,-23.237473,-42.824681
RAUL MARTINS,2024-02-03 06:57:51,88.2,11.7,-23.23254,-42.671873
RAUL MARTINS,2024-02-03 07:05:22,87.8,11.7,-23.231745,-42.6454
RAUL MARTINS,2024-02-03 07:07:42,87.3,11.7,-23.2314,-42.637111
RAUL MARTINS,2024-02-03 07:39:32,87.3,11.5,-23.226618,-42.526026
RAUL MARTINS,2024-02-03 07:55:41,87.6,11.5,-23.22408,-42.470096
RAUL MARTINS,2024-02-03 07:58:13,87.4,11.4,-23.22364,-42.461515
RAUL MARTINS,2024-02-03 08:30:52,86.2,11.3,-23.217645,-42.3499
RAUL MARTINS,2024-02-03 08:33:12,86.8,11.3,-23.217211,-42.341848
RAUL MARTINS,2024-02-03 08:42:53,86.5,11.4,-23.215308,-42.308796
RAUL MARTINS,2024-02-03 08:59:13,87.5,11.4,-23.212118,-42.252901
RAUL MARTINS,2024-02-03 09:02:41,86.0,11.4,-23.211393,-42.240915
RAUL MARTINS,2024-02-03 09:05:23,86.3,11.4,-23.210896,-42.231673
RAUL MARTINS,2024-02-03 09:07:23,85.7,11.4,-23.21051,-42.224861
RAUL MARTINS,2024-02-03 09:24:21,85.4,11.4,-23.206826,-42.166718
RAUL MARTINS,2024-02-03 09:37:12,85.6,11.3,-23.20371,-42.122761
RAUL MARTINS,2024-02-03 09:43:32,84.2,11.3,-23.202028,-42.101223
RAUL MARTINS,2024-02-03 10:15:31,83.9,11.2,-23.193698,-41.993568
RAUL MARTINS,2024-02-03 10:17:43,85.3,11.3,-23.193116,-41.986215
RAUL MARTINS,2024-02-03 10:19:11,84.6,11.3,-23.192768,-41.981098
RAUL MARTINS,2024-02-03 10:35:12,86.0,11.4,-23.188948,-41.926386
RAUL MARTINS,2024-02-03 10:35:31,85.8,11.4,-23.18887,-41.92529
RAUL MARTINS,2024-02-03 10:45:52,87.6,11.5,-23.186688,-41.889673
RAUL MARTINS,2024-02-03 11:02:12,89.2,11.6,-23.184646,-41.832715
RAUL MARTINS,2024-02-03 11:09:42,60.1,11.4,-23.179073,-41.807721
RAUL MARTINS,2024-02-03 11:47:22,47.9,11.6,-23.107731,-41.70125
RAUL MARTINS,2024-02-03 12:01:00,48.6,11.7,-23.078421,-41.665445
RAUL MARTINS,2024-02-03 12:01:41,48.2,11.7,-23.07694,-41.663686
RAUL MARTINS,2024-02-03 12:03:20,46.2,11.7,-23.073316,-41.659403
RAUL MARTINS,2024-02-03 12:07:42,46.1,11.7,-23.06352,-41.648308
RAUL MARTINS,2024-02-03 12:08:52,48.9,11.7,-23.06097,-41.645326
RAUL MARTINS,2024-02-03 12:54:52,49.3,11.6,-22.961648,-41.524036
RAUL MARTINS,2024-02-03 13:24:01,49.0,11.5,-22.900731,-41.44736
RAUL MARTINS,2024-02-03 13:36:22,50.1,11.5,-22.874868,-41.41489
RAUL MARTINS,2024-02-03 13:48:01,43.6,11.4,-22.85002,-41.384876
RAUL MARTINS,2024-02-03 14:32:51,46.2,11.6,-22.741436,-41.283455
RAUL MARTINS,2024-02-03 14:39:30,47.1,11.5,-22.728486,-41.265125
RAUL MARTINS,2024-02-03 14:42:30,47.0,11.5,-22.721961,-41.25747
RAUL MARTINS,2024-02-03 14:45:02,44.0,11.6,-22.716276,-41.251248
RAUL MARTINS,2024-02-03 15:12:23,46.3,11.3,-22.65801,-41.1807
RAUL MARTINS,2024-02-03 15:15:42,46.8,11.3,-22.650735,-41.172585
RAUL MARTINS,2024-02-03 15:18:12,47.4,11.2,-22.645358,-41.166476
RAUL MARTINS,2024-02-03 15:20:42,46.9,11.2,-22.640056,-41.160265
RAUL MARTINS,2024-02-03 15:31:32,49.3,11.2,-22.617943,-41.132708
RAUL MARTINS,2024-02-03 15:53:13,50.1,11.1,-22.574605,-41.07755
RAUL MARTINS,2024-02-03 15:56:52,49.4,11.1,-22.567315,-41.06826
RAUL MARTINS,2024-02-03 15:58:40,48.8,11.1,-22.563635,-41.063605
RAUL MARTINS,2024-02-03 15:58:49,49.6,11.1,-22.563305,-41.063178
RAUL MARTINS,2024-02-03 15:59:29,49.8,11.1,-22.56197,-41.061481
RAUL MARTINS,2024-02-03 16:01:00,49.8,11.1,-22.55895,-41.057618
RAUL MARTINS,2024-02-03 16:05:11,49.1,11.2,-22.550588,-41.047021
RAUL MARTINS,2024-02-03 16:05:50,47.7,11.1,-22.549228,-41.045346
RAUL MARTINS,2024-02-03 16:26:32,47.9,11.3,-22.506288,-40.993176
RAUL MARTINS,2024-02-03 16:28:51,48.9,11.3,-22.501453,-40.987226
RAUL MARTINS,2024-02-03 16:31:52,48.5,11.2,-22.495276,-40.979583
RAUL MARTINS,2024-02-03 16:43:22,47.5,11.3,-22.471316,-40.95061
RAUL MARTINS,2024-02-03 17:12:42,48.2,11.4,-22.409413,-40.875853
RAUL MARTINS,2024-02-03 17:17:03,48.5,11.5,-22.400123,-40.864773
RAUL MARTINS,2024-02-03 17:19:12,47.8,11.5,-22.395465,-40.859273
RAUL MARTINS,2024-02-03 17:33:10,48.4,11.5,-22.365433,-40.823595
RAUL MARTINS,2024-02-03 17:38:10,47.2,11.5,-22.354578,-40.81094
RAUL MARTINS,2024-02-03 17:38:40,47.3,11.5,-22.353488,-40.809673
RAUL MARTINS,2024-02-03 17:39:10,47.0,11.5,-22.352348,-40.808353
RAUL MARTINS,2024-02-03 17:39:40,47.2,11.6,-22.35127,-40.807088
RAUL MARTINS,2024-02-03 17:40:10,46.1,11.6,-22.350173,-40.805818
RAUL MARTINS,2024-02-03 17:41:30,47.4,11.6,-22.34722,-40.802396
RAUL MARTINS,2024-02-03 17:41:40,46.5,11.6,-22.346903,-40.802018
RAUL MARTINS,2024-02-03 17:41:50,46.3,11.6,-22.346515,-40.801553
RAUL MARTINS,2024-02-03 17:42:10,46.4,11.6,-22.345801,-40.80071
RAUL MARTINS,2024-02-03 17:42:50,46.2,11.5,-22.34436,-40.79901
RAUL MARTINS,2024-02-03 17:44:52,46.2,11.6,-22.339986,-40.793936
RAUL MARTINS,2024-02-03 17:45:20,47.8,11.5,-22.338928,-40.792711
RAUL MARTINS,2024-02-03 17:51:02,48.8,11.6,-22.326745,-40.778051
RAUL MARTINS,2024-02-03 18:02:52,48.3,11.6,-22.301463,-40.74723
RAUL MARTINS,2024-02-03 18:21:32,47.5,11.5,-22.261806,-40.698718
RAUL MARTINS,2024-02-03 18:24:32,51.3,11.5,-22.255523,-40.690828
RAUL MARTINS,2024-02-03 18:54:12,48.1,11.5,-22.193406,-40.613825
RAUL MARTINS,2024-02-03 19:00:52,47.9,11.5,-22.179123,-40.596795
RAUL MARTINS,2024-02-03 19:28:42,49.6,11.7,-22.119306,-40.52482
RAUL MARTINS,2024-02-03 19:34:12,47.9,11.6,-22.107526,-40.510578
RAUL MARTINS,2024-02-03 19:36:51,48.9,11.6,-22.101823,-40.503661
RAUL MARTINS,2024-02-03 19:36:52,48.9,11.6,-22.101823,-40.503661
RAUL MARTINS,2024-02-03 20:20:32,48.3,11.4,-22.009581,-40.390528
RAUL MARTINS,2024-02-03 20:26:02,49.2,11.4,-21.997901,-40.376383
RAUL MARTINS,2024-02-03 20:33:32,47.2,11.3,-21.98211,-40.357405
RAUL MARTINS,2024-02-03 21:10:13,49.1,11.1,-21.90626,-40.267036
RAUL MARTINS,2024-02-03 21:14:13,48.2,11.1,-21.898141,-40.256991
RAUL MARTINS,2024-02-03 21:20:02,47.9,11.2,-21.886095,-40.242475
RAUL MARTINS,2024-02-03 21:43:41,48.3,11.3,-21.837871,-40.181633
RAUL MARTINS,2024-02-03 22:09:12,47.4,11.5,-21.783828,-40.11681
RAUL MARTINS,2024-02-03 22:51:51,43.6,11.3,-21.680368,-40.02652
RAUL MARTINS,2024-02-03 23:24:32,40.2,11.4,-21.603698,-39.950723
RAUL MARTINS,2024-02-03 23:28:32,39.8,11.5,-21.593925,-39.941831
RAUL MARTINS,2024-02-03 23:31:01,40.5,11.6,-21.587865,-39.936316
RAUL MARTINS,2024-02-03 23:34:21,39.7,11.6,-21.579715,-39.928878
RAUL MARTINS,2024-02-03 23:43:31,39.2,11.6,-21.557091,-39.908525
RAUL MARTINS,2024-02-03 23:45:31,39.5,11.7,-21.552153,-39.904133
RAUL MARTINS,2024-02-03 23:45:51,39.5,11.7,-21.551278,-39.903356
RAUL MARTINS,2024-02-03 23:51:01,38.8,11.7,-21.538286,-39.891826
RAUL MARTINS,2024-02-03 23:52:11,39.1,11.7,-21.535358,-39.889226
RAUL MARTINS,2024-02-03 23:52:42,39.6,11.8,-21.534101,-39.888108
RAUL MARTINS,2024-02-03 23:53:11,39.4,11.8,-21.532883,-39.887036
RAUL MARTINS,2024-02-03 23:54:01,39.9,11.8,-21.530735,-39.885135
RAUL MARTINS,2024-02-03 23:54:42,39.4,11.8,-21.528996,-39.88359
RAUL MARTINS,2024-02-03 23:56:31,39.4,11.8,-21.524451,-39.879581
RAUL MARTINS,2024-02-03 23:56:41,39.5,11.8,-21.523986,-39.879176
RAUL MARTINS,2024-02-04 00:00:11,38.9,11.8,-21.51507,-39.871431
RAUL MARTINS,2024-02-04 00:02:01,39.5,11.9,-21.510345,-39.867316
RAUL MARTINS,2024-02-04 00:03:52,39.9,11.8,-21.50562,-39.863231
RAUL MARTINS,2024-02-04 00:34:12,41.0,11.8,-21.428031,-39.796615
RAUL MARTINS,2024-02-04 00:40:53,40.6,11.8,-21.4116,-39.781256
RAUL MARTINS,2024-02-04 01:08:52,38.6,12.0,-21.339513,-39.719575
RAUL MARTINS,2024-02-04 01:11:52,39.3,11.9,-21.331781,-39.712816
RAUL MARTINS,2024-02-04 01:14:31,39.9,12.0,-21.324975,-39.706831
RAUL MARTINS,2024-02-04 01:16:41,39.5,11.9,-21.319406,-39.701946
RAUL MARTINS,2024-02-04 01:19:42,42.9,11.9,-21.311696,-39.695096
RAUL MARTINS,2024-02-04 01:23:42,44.1,11.9,-21.30228,-39.685236
RAUL MARTINS,2024-02-04 01:24:51,43.9,12.0,-21.299418,-39.682265
RAUL MARTINS,2024-02-04 01:28:32,44.0,11.9,-21.29073,-39.67316
RAUL MARTINS,2024-02-04 01:33:42,43.9,11.9,-21.278405,-39.660366
RAUL MARTINS,2024-02-04 02:13:11,36.9,11.8,-21.181783,-39.566658
RAUL MARTINS,2024-02-04 02:17:32,38.6,11.8,-21.170551,-39.557306
RAUL MARTINS,2024-02-04 02:19:41,38.5,11.8,-21.165028,-39.552648
RAUL MARTINS,2024-02-04 02:36:22,38.8,11.7,-21.12232,-39.516185
RAUL MARTINS,2024-02-04 03:13:12,41.8,11.5,-21.030605,-39.434095
RAUL MARTINS,2024-02-04 03:30:23,41.6,11.4,-20.98967,-39.39524
RAUL MARTINS,2024-02-04 04:00:01,42.4,11.6,-20.918945,-39.328386
RAUL MARTINS,2024-02-04 04:22:12,41.0,11.8,-20.864855,-39.277326
RAUL MARTINS,2024-02-04 05:16:32,41.6,11.7,-20.731075,-39.152125
RAUL MARTINS,2024-02-04 05:54:29,41.2,11.5,-20.640713,-39.063366
RAUL MARTINS,2024-02-04 05:55:40,41.4,11.5,-20.637828,-39.060686
RAUL MARTINS,2024-02-04 05:55:51,40.7,11.5,-20.637423,-39.060315
RAUL MARTINS,2024-02-04 05:57:09,41.3,11.5,-20.634273,-39.057401
RAUL MARTINS,2024-02-04 05:58:09,41.5,11.5,-20.631835,-39.055135
RAUL MARTINS,2024-02-04 05:58:20,41.3,11.5,-20.63135,-39.054685
RAUL MARTINS,2024-02-04 05:59:59,41.0,11.6,-20.627411,-39.05099
RAUL MARTINS,2024-02-04 06:01:01,41.9,11.6,-20.624966,-39.048656
RAUL MARTINS,2024-02-04 06:05:13,42.8,11.7,-20.615016,-39.03892
RAUL MARTINS,2024-02-04 06:50:20,42.0,12.0,-20.504418,-38.932531
RAUL MARTINS,2024-02-04 07:00:01,42.1,12.0,-20.480416,-38.90978
RAUL MARTINS,2024-02-04 07:22:22,42.1,11.9,-20.42537,-38.857011
RAUL MARTINS,2024-02-04 07:45:51,44.6,12.5,-20.36881,-38.800476
RAUL MARTINS,2024-02-04 07:51:31,43.6,11.9,-20.355213,-38.786593
RAUL MARTINS,2024-02-04 08:00:03,42.6,11.9,-20.334688,-38.766011
RAUL MARTINS,2024-02-04 08:04:23,42.3,11.9,-20.32413,-38.755648
RAUL MARTINS,2024-02-04 08:06:32,43.8,11.9,-20.318941,-38.750483
RAUL MARTINS,2024-02-04 08:08:53,43.0,12.0,-20.313321,-38.744796
RAUL MARTINS,2024-02-04 08:35:30,37.8,11.9,-20.244205,-38.686161
RAUL MARTINS,2024-02-04 08:37:41,37.5,11.8,-20.23853,-38.681471
RAUL MARTINS,2024-02-04 08:40:41,37.8,11.8,-20.230761,-38.674973
RAUL MARTINS,2024-02-04 08:43:21,37.4,11.8,-20.22384,-38.669273
RAUL MARTINS,2024-02-04 09:14:32,38.1,11.7,-20.143855,-38.60349
RAUL MARTINS,2024-02-04 09:17:01,37.5,11.7,-20.137421,-38.598263
RAUL MARTINS,2024-02-04 09:19:21,37.1,11.7,-20.131311,-38.593313
RAUL MARTINS,2024-02-04 09:22:21,36.3,11.7,-20.12352,-38.587065
RAUL MARTINS,2024-02-04 09:49:51,41.8,11.5,-20.057758,-38.524043
RAUL MARTINS,2024-02-04 09:53:23,42.6,11.6,-20.049341,-38.515923
RAUL MARTINS,2024-02-04 10:13:32,42.7,11.6,-20.001628,-38.46924
RAUL MARTINS,2024-02-04 10:29:22,42.7,11.8,-19.963763,-38.432486
RAUL MARTINS,2024-02-04 11:01:12,42.1,11.7,-19.886573,-38.357985
RAUL MARTINS,2024-02-04 11:07:12,42.3,11.8,-19.87186,-38.343956
RAUL MARTINS,2024-02-04 11:51:31,39.3,11.4,-19.764811,-38.24148
RAUL MARTINS,2024-02-04 11:51:52,40.0,11.4,-19.763916,-38.2407
RAUL MARTINS,2024-02-04 11:52:31,38.7,11.4,-19.762271,-38.239283
RAUL MARTINS,2024-02-04 11:53:51,39.1,11.5,-19.758983,-38.236465
RAUL MARTINS,2024-02-04 11:54:22,38.0,11.4,-19.757681,-38.235371
RAUL MARTINS,2024-02-04 11:54:51,39.3,11.5,-19.756436,-38.234295
RAUL MARTINS,2024-02-04 11:56:51,39.0,11.6,-19.751478,-38.230033
RAUL MARTINS,2024-02-04 12:02:51,40.5,11.6,-19.736471,-38.216816
RAUL MARTINS,2024-02-04 12:03:32,39.7,11.7,-19.734813,-38.215345
RAUL MARTINS,2024-02-04 12:05:41,39.3,11.6,-19.729453,-38.210581
RAUL MARTINS,2024-02-04 12:07:32,40.2,11.6,-19.724836,-38.206486
RAUL MARTINS,2024-02-04 12:31:23,39.6,11.8,-19.664406,-38.153451
RAUL MARTINS,2024-02-04 12:36:23,39.2,10.9,-19.65182,-38.142445
RAUL MARTINS,2024-02-04 12:49:22,30.9,11.7,-19.61686,-38.117521
RAUL MARTINS,2024-02-04 13:38:21,26.7,11.5,-19.477796,-38.040505
RAUL MARTINS,2024-02-04 13:39:43,26.6,11.5,-19.473893,-38.038411
RAUL MARTINS,2024-02-04 13:42:31,26.0,11.6,-19.465803,-38.034176
RAUL MARTINS,2024-02-04 13:46:51,23.2,11.6,-19.453191,-38.027675
RAUL MARTINS,2024-02-04 14:10:42,27.7,11.5,-19.3841,-37.992553
RAUL MARTINS,2024-02-04 14:14:43,28.2,11.5,-19.37266,-37.986123
RAUL MARTINS,2024-02-04 14:18:10,28.4,11.5,-19.362865,-37.980601
RAUL MARTINS,2024-02-04 14:21:33,28.6,11.5,-19.353385,-37.975123
RAUL MARTINS,2024-02-04 14:24:02,28.9,11.4,-19.346461,-37.971061
RAUL MARTINS,2024-02-04 14:54:21,25.5,11.1,-19.261946,-37.926238
RAUL MARTINS,2024-02-04 14:57:41,24.8,11.1,-19.252543,-37.921615
RAUL MARTINS,2024-02-04 15:25:22,23.2,11.1,-19.175876,-37.883863
RAUL MARTINS,2024-02-04 15:40:52,27.1,10.9,-19.132798,-37.862521
RAUL MARTINS,2024-02-04 15:43:23,28.1,10.9,-19.126075,-37.85887
RAUL MARTINS,2024-02-04 16:03:23,26.9,10.6,-19.073315,-37.829996
RAUL MARTINS,2024-02-04 16:14:42,26.2,10.6,-19.043528,-37.8137
RAUL MARTINS,2024-02-04 16:16:42,25.8,10.7,-19.038193,-37.810941
RAUL MARTINS,2024-02-04 16:17:20,25.5,10.7,-19.036445,-37.810033
RAUL MARTINS,2024-02-04 16:17:31,25.1,10.6,-19.035953,-37.809788
RAUL MARTINS,2024-02-04 16:18:11,24.6,10.7,-19.034131,-37.808881
RAUL MARTINS,2024-02-04 16:18:43,25.6,10.6,-19.032785,-37.808183
RAUL MARTINS,2024-02-04 16:19:00,24.1,10.6,-19.031983,-37.807783
RAUL MARTINS,2024-02-04 16:19:20,26.1,10.7,-19.031128,-37.80736
RAUL MARTINS,2024-02-04 16:19:31,25.9,10.6,-19.030605,-37.807101
RAUL MARTINS,2024-02-04 16:20:11,25.6,10.7,-19.028841,-37.806213
RAUL MARTINS,2024-02-04 16:20:20,25.5,10.7,-19.028423,-37.805996
RAUL MARTINS,2024-02-04 16:20:31,25.2,10.7,-19.027865,-37.8057
RAUL MARTINS,2024-02-04 16:22:00,24.8,10.7,-19.023968,-37.803753
RAUL MARTINS,2024-02-04 16:23:30,25.9,10.7,-19.019885,-37.801666
RAUL MARTINS,2024-02-04 16:25:41,25.4,10.7,-19.01408,-37.79876
RAUL MARTINS,2024-02-04 16:50:20,24.7,10.8,-18.947101,-37.765718
RAUL MARTINS,2024-02-04 16:52:21,24.2,10.8,-18.941558,-37.763048
RAUL MARTINS,2024-02-04 17:23:01,24.4,10.9,-18.8575,-37.722678
RAUL MARTINS,2024-02-04 17:25:13,23.8,10.8,-18.85145,-37.719825
RAUL MARTINS,2024-02-04 17:52:50,23.0,10.9,-18.774786,-37.684238
RAUL MARTINS,2024-02-04 17:54:09,22.8,10.9,-18.771146,-37.68261
RAUL MARTINS,2024-02-04 17:55:09,23.6,10.9,-18.768368,-37.681368
RAUL MARTINS,2024-02-04 17:55:30,23.4,10.9,-18.76741,-37.680933
RAUL MARTINS,2024-02-04 17:55:49,22.5,10.9,-18.766573,-37.680555
RAUL MARTINS,2024-02-04 17:56:20,23.2,10.9,-18.76515,-37.679905
RAUL MARTINS,2024-02-04 17:57:11,22.0,10.9,-18.762693,-37.678843
RAUL MARTINS,2024-02-04 17:57:52,23.0,10.9,-18.760808,-37.677986
RAUL MARTINS,2024-02-04 18:00:13,22.6,10.9,-18.75433,-37.675088
RAUL MARTINS,2024-02-04 18:02:22,23.1,10.9,-18.748188,-37.672385
RAUL MARTINS,2024-02-04 18:29:51,23.8,11.1,-18.671708,-37.635896
RAUL MARTINS,2024-02-04 18:32:01,23.6,11.1,-18.665558,-37.633038
RAUL MARTINS,2024-02-04 18:34:42,24.3,11.1,-18.658016,-37.629473
RAUL MARTINS,2024-02-04 18:35:43,23.9,11.1,-18.655248,-37.628166
RAUL MARTINS,2024-02-04 18:36:51,23.7,11.1,-18.651945,-37.626626
RAUL MARTINS,2024-02-04 18:39:32,23.4,11.1,-18.644396,-37.623098
RAUL MARTINS,2024-02-04 19:10:52,23.7,10.9,-18.556885,-37.581378
RAUL MARTINS,2024-02-04 19:14:33,24.0,10.9,-18.546741,-37.576501
RAUL MARTINS,2024-02-04 19:29:11,24.6,10.9,-18.50641,-37.557115
RAUL MARTINS,2024-02-04 19:44:43,25.5,10.8,-18.46401,-37.536533
RAUL MARTINS,2024-02-04 20:11:41,26.3,11.1,-18.389298,-37.499338
RAUL MARTINS,2024-02-04 20:16:51,25.0,11.1,-18.37492,-37.492151
RAUL MARTINS,2024-02-04 20:18:53,25.4,11.1,-18.369281,-37.489345
RAUL MARTINS,2024-02-04 20:21:13,25.0,11.1,-18.362676,-37.486083
RAUL MARTINS,2024-02-04 20:26:03,25.1,11.0,-18.349101,-37.479456
RAUL MARTINS,2024-02-04 20:43:31,25.7,11.2,-18.299911,-37.455118
RAUL MARTINS,2024-02-04 21:12:23,26.1,11.7,-18.217505,-37.412948
RAUL MARTINS,2024-02-04 21:20:32,26.7,11.8,-18.193613,-37.400498
RAUL MARTINS,2024-02-04 21:22:21,27.0,11.8,-18.18821,-37.397638
RAUL MARTINS,2024-02-04 21:59:51,26.6,11.8,-18.077671,-37.33954
RAUL MARTINS,2024-02-04 22:31:13,16.8,11.7,-17.983986,-37.298135
RAUL MARTINS,2024-02-04 22:33:23,17.1,11.7,-17.977128,-37.295973
RAUL MARTINS,2024-02-04 23:01:41,14.4,11.7,-17.887065,-37.271483
RAUL MARTINS,2024-02-04 23:04:31,14.9,11.7,-17.878051,-37.269083
RAUL MARTINS,2024-02-04 23:06:42,15.0,11.7,-17.871225,-37.26715
RAUL MARTINS,2024-02-04 23:35:43,14.8,11.7,-17.780246,-37.2421
RAUL MARTINS,2024-02-04 23:42:41,15.0,11.7,-17.758215,-37.23602
RAUL MARTINS,2024-02-04 23:45:42,14.8,11.7,-17.74872,-37.233413
RAUL MARTINS,2024-02-04 23:47:50,14.6,11.7,-17.74191,-37.231535
RAUL MARTINS,2024-02-04 23:48:01,14.8,11.7,-17.741325,-37.231383
RAUL MARTINS,2024-02-04 23:48:51,14.8,11.7,-17.73871,-37.230665
RAUL MARTINS,2024-02-04 23:49:01,14.5,11.7,-17.738188,-37.230521
RAUL MARTINS,2024-02-04 23:50:51,14.6,11.7,-17.732475,-37.228978
RAUL MARTINS,2024-02-04 23:51:31,14.4,11.7,-17.730326,-37.22838
RAUL MARTINS,2024-02-04 23:51:51,14.7,11.7,-17.72932,-37.2281
RAUL MARTINS,2024-02-04 23:52:00,14.4,11.7,-17.728793,-37.227958
RAUL MARTINS,2024-02-04 23:52:11,14.4,11.7,-17.728268,-37.227821
RAUL MARTINS,2024-02-04 23:52:41,14.1,11.7,-17.726648,-37.227406
RAUL MARTINS,2024-02-04 23:53:51,14.2,11.7,-17.722988,-37.226443
RAUL MARTINS,2024-02-04 23:55:32,14.4,11.7,-17.717706,-37.224978
RAUL MARTINS,2024-02-04 23:56:11,15.0,11.7,-17.715616,-37.224423
RAUL MARTINS,2024-02-04 23:56:32,14.8,11.7,-17.714515,-37.224126
RAUL MARTINS,2024-02-05 00:16:12,14.8,11.6,-17.653133,-37.207575
RAUL MARTINS,2024-02-05 00:18:52,15.2,11.6,-17.644776,-37.205201
RAUL MARTINS,2024-02-05 00:29:52,15.7,11.6,-17.610678,-37.194975
RAUL MARTINS,2024-02-05 00:45:51,15.5,11.5,-17.561225,-37.180681
RAUL MARTINS,2024-02-05 00:51:33,15.5,11.6,-17.543555,-37.17538
RAUL MARTINS,2024-02-05 01:12:31,14.7,11.7,-17.477798,-37.156011
RAUL MARTINS,2024-02-05 01:16:33,15.2,11.7,-17.465103,-37.1524
RAUL MARTINS,2024-02-05 01:16:53,15.5,11.7,-17.464103,-37.152118
RAUL MARTINS,2024-02-05 01:20:51,15.0,11.7,-17.451543,-37.148541
RAUL MARTINS,2024-02-05 01:24:31,15.7,11.7,-17.440028,-37.145263
RAUL MARTINS,2024-02-05 01:28:32,15.0,11.7,-17.427403,-37.141696
RAUL MARTINS,2024-02-05 02:04:33,12.7,11.7,-17.312756,-37.112653
RAUL MARTINS,2024-02-05 02:07:02,12.6,11.7,-17.304803,-37.11075
RAUL MARTINS,2024-02-05 02:09:51,13.0,11.7,-17.295875,-37.108598
RAUL MARTINS,2024-02-05 02:12:22,12.5,11.7,-17.287885,-37.106801
RAUL MARTINS,2024-02-05 02:56:43,14.8,11.6,-17.148426,-37.07062
RAUL MARTINS,2024-02-05 03:01:41,14.7,11.5,-17.132886,-37.066173
RAUL MARTINS,2024-02-05 03:06:53,15.6,11.7,-17.116713,-37.06154
RAUL MARTINS,2024-02-05 03:23:31,15.7,11.7,-17.064566,-37.046475
RAUL MARTINS,2024-02-05 04:31:50,15.5,11.6,-16.85138,-36.983368
RAUL MARTINS,2024-02-05 04:32:50,15.6,11.6,-16.84829,-36.982468
RAUL MARTINS,2024-02-05 04:34:00,15.4,11.6,-16.844701,-36.981453
RAUL MARTINS,2024-02-05 04:34:39,15.8,11.6,-16.842563,-36.980843
RAUL MARTINS,2024-02-05 04:35:00,14.9,11.6,-16.841508,-36.980538
RAUL MARTINS,2024-02-05 04:35:09,15.6,11.6,-16.841045,-36.980401
RAUL MARTINS,2024-02-05 04:35:30,15.5,11.6,-16.83997,-36.98009
RAUL MARTINS,2024-02-05 04:35:39,15.3,11.6,-16.839503,-36.979956
RAUL MARTINS,2024-02-05 04:36:00,15.4,11.6,-16.838408,-36.979626
RAUL MARTINS,2024-02-05 04:36:21,15.6,11.6,-16.837376,-36.979338
RAUL MARTINS,2024-02-05 04:36:50,15.4,11.6,-16.835883,-36.978925
RAUL MARTINS,2024-02-05 04:37:00,15.5,11.6,-16.835316,-36.978761
RAUL MARTINS,2024-02-05 04:37:09,15.7,11.6,-16.834798,-36.978613
RAUL MARTINS,2024-02-05 04:37:21,15.5,11.6,-16.83423,-36.978436
RAUL MARTINS,2024-02-05 04:37:50,15.3,11.6,-16.832718,-36.977998
RAUL MARTINS,2024-02-05 04:38:00,15.7,11.6,-16.832201,-36.97785
RAUL MARTINS,2024-02-05 04:38:21,15.5,11.6,-16.83112,-36.977553
RAUL MARTINS,2024-02-05 04:38:50,15.1,11.6,-16.829625,-36.977125
RAUL MARTINS,2024-02-05 04:39:00,15.4,11.6,-16.829156,-36.976988
RAUL MARTINS,2024-02-05 04:39:39,15.7,11.6,-16.827031,-36.97637
RAUL MARTINS,2024-02-05 04:40:09,15.7,11.6,-16.825476,-36.975915
RAUL MARTINS,2024-02-05 04:40:21,16.0,11.7,-16.824905,-36.975746
RAUL MARTINS,2024-02-05 05:07:21,15.5,11.7,-16.740433,-36.951658
RAUL MARTINS,2024-02-05 05:09:52,15.4,11.7,-16.73256,-36.949426
RAUL MARTINS,2024-02-05 05:12:31,15.5,11.6,-16.724235,-36.947065
RAUL MARTINS,2024-02-05 05:54:12,13.9,11.6,-16.594298,-36.912018
RAUL MARTINS,2024-02-05 05:59:32,13.8,11.6,-16.577535,-36.907625
RAUL MARTINS,2024-02-05 06:29:33,14.3,11.8,-16.482093,-36.883633
RAUL MARTINS,2024-02-05 06:49:33,13.6,11.8,-16.418256,-36.867483
RAUL MARTINS,2024-02-05 06:54:52,13.4,11.8,-16.401166,-36.863256
RAUL MARTINS,2024-02-05 06:57:01,13.2,11.9,-16.394288,-36.861615
RAUL MARTINS,2024-02-05 06:58:42,13.5,11.9,-16.388805,-36.860258
RAUL MARTINS,2024-02-05 07:01:42,13.3,11.8,-16.37918,-36.857906
RAUL MARTINS,2024-02-05 07:04:32,13.1,11.9,-16.370021,-36.855753
RAUL MARTINS,2024-02-05 07:08:11,13.0,11.9,-16.358198,-36.852948
RAUL MARTINS,2024-02-05 07:10:51,12.7,11.9,-16.3497,-36.850891
RAUL MARTINS,2024-02-05 07:33:22,13.0,11.9,-16.276866,-36.833106
RAUL MARTINS,2024-02-05 07:35:53,12.8,11.9,-16.2688,-36.831218
RAUL MARTINS,2024-02-05 07:40:03,13.1,11.8,-16.255305,-36.828011
RAUL MARTINS,2024-02-05 07:40:30,13.0,11.9,-16.253806,-36.827666
RAUL MARTINS,2024-02-05 07:43:03,12.7,11.8,-16.245643,-36.825813
RAUL MARTINS,2024-02-05 07:46:02,12.8,11.9,-16.23597,-36.823465
RAUL MARTINS,2024-02-05 08:13:33,13.0,11.8,-16.147638,-36.8025
RAUL MARTINS,2024-02-05 08:48:43,13.2,11.5,-16.035846,-36.775588
RAUL MARTINS,2024-02-05 10:27:21,14.3,11.4,-15.729551,-36.698618
RAUL MARTINS,2024-02-05 10:51:32,15.2,11.9,-15.653588,-36.677531
RAUL MARTINS,2024-02-05 10:58:12,14.6,12.0,-15.632126,-36.671276
RAUL MARTINS,2024-02-05 11:43:30,15.8,12.2,-15.485291,-36.628026
RAUL MARTINS,2024-02-05 11:44:41,15.9,12.2,-15.481405,-36.626881
RAUL MARTINS,2024-02-05 11:44:51,15.6,12.2,-15.480803,-36.626701
RAUL MARTINS,2024-02-05 11:45:12,15.6,12.2,-15.479715,-36.626378
RAUL MARTINS,2024-02-05 11:47:32,15.5,12.3,-15.472035,-36.624168
RAUL MARTINS,2024-02-05 11:50:32,16.6,12.2,-15.462121,-36.621226
RAUL MARTINS,2024-02-05 11:53:11,16.5,12.3,-15.453401,-36.618558
RAUL MARTINS,2024-02-05 11:55:52,15.2,12.2,-15.44454,-36.615973
RAUL MARTINS,2024-02-05 11:56:12,15.3,12.2,-15.44344,-36.615663
RAUL MARTINS,2024-02-05 11:57:12,15.2,12.2,-15.440148,-36.614738
RAUL MARTINS,2024-02-05 11:58:52,16.0,12.3,-15.4346,-36.61313
RAUL MARTINS,2024-02-05 11:59:12,15.7,12.3,-15.433505,-36.612808
RAUL MARTINS,2024-02-05 12:04:01,15.0,12.3,-15.417608,-36.60803
RAUL MARTINS,2024-02-05 12:39:23,15.5,12.5,-15.300353,-36.57464
RAUL MARTINS,2024-02-05 12:43:03,15.3,12.5,-15.288031,-36.57113
RAUL MARTINS,2024-02-05 13:15:32,14.7,12.3,-15.179423,-36.540738
RAUL MARTINS,2024-02-05 13:17:21,14.7,12.3,-15.173365,-36.539083
RAUL MARTINS,2024-02-05 13:20:32,14.4,12.4,-15.162873,-36.536231
RAUL MARTINS,2024-02-05 13:45:12,13.4,12.3,-15.080693,-36.514478
RAUL MARTINS,2024-02-05 13:50:02,14.3,12.3,-15.064535,-36.51034
RAUL MARTINS,2024-02-05 13:59:12,14.2,12.3,-15.033961,-36.502601
RAUL MARTINS,2024-02-05 14:23:53,13.8,12.4,-14.95121,-36.48172
RAUL MARTINS,2024-02-05 14:58:11,12.9,12.5,-14.8357,-36.453081
RAUL MARTINS,2024-02-05 16:31:38,13.3,12.5,-14.521611,-36.370401
RAUL MARTINS,2024-02-05 16:32:38,13.8,12.5,-14.518221,-36.369528
RAUL MARTINS,2024-02-05 16:34:48,14.1,12.5,-14.510923,-36.367696
RAUL MARTINS,2024-02-05 16:34:59,14.1,12.5,-14.510301,-36.367543
RAUL MARTINS,2024-02-05 16:35:38,13.7,12.5,-14.5081,-36.366978
RAUL MARTINS,2024-02-05 16:35:48,14.1,12.5,-14.507471,-36.366811
RAUL MARTINS,2024-02-05 16:36:08,13.9,12.5,-14.506316,-36.366495
RAUL MARTINS,2024-02-05 16:36:38,13.2,12.6,-14.504601,-36.366045
RAUL MARTINS,2024-02-05 16:37:28,13.3,12.5,-14.501853,-36.365373
RAUL MARTINS,2024-02-05 16:38:49,13.4,12.5,-14.497201,-36.364223
RAUL MARTINS,2024-02-05 16:39:09,13.5,12.5,-14.49613,-36.36396
RAUL MARTINS,2024-02-05 17:00:22,13.8,12.6,-14.42402,-36.345706
RAUL MARTINS,2024-02-05 17:33:32,13.7,12.8,-14.310286,-36.315653
RAUL MARTINS,2024-02-05 17:36:43,14.9,12.8,-14.299226,-36.312771
RAUL MARTINS,2024-02-05 17:39:43,14.4,12.8,-14.28881,-36.309975
RAUL MARTINS,2024-02-05 18:08:12,15.1,12.9,-14.18956,-36.283138
RAUL MARTINS,2024-02-05 18:12:10,15.5,12.8,-14.175715,-36.279176
RAUL MARTINS,2024-02-05 18:12:20,15.3,12.8,-14.175138,-36.279018
RAUL MARTINS,2024-02-05 18:13:49,15.7,12.8,-14.170091,-36.277681
RAUL MARTINS,2024-02-05 18:13:51,15.7,12.8,-14.170091,-36.277681
RAUL MARTINS,2024-02-05 18:16:52,15.4,12.8,-14.159771,-36.274736
RAUL MARTINS,2024-02-05 18:24:42,15.6,12.7,-14.132958,-36.267236
RAUL MARTINS,2024-02-05 18:28:53,16.7,12.7,-14.118745,-36.262996
RAUL MARTINS,2024-02-05 18:49:41,15.1,12.6,-14.048526,-36.241428
RAUL MARTINS,2024-02-05 19:16:03,16.3,12.5,-13.959493,-36.215545
RAUL MARTINS,2024-02-05 19:21:42,17.3,12.5,-13.940543,-36.209765
RAUL MARTINS,2024-02-05 19:26:00,17.7,12.6,-13.926083,-36.205165
RAUL MARTINS,2024-02-05 20:07:31,14.1,12.4,-13.788666,-36.160493
RAUL MARTINS,2024-02-05 21:31:43,14.1,12.0,-13.510383,-36.09674
RAUL MARTINS,2024-02-05 22:09:52,14.0,12.0,-13.385933,-36.065121
RAUL MARTINS,2024-02-05 23:13:53,15.6,12.2,-13.177275,-36.007251
RAUL MARTINS,2024-02-05 23:17:33,14.9,12.1,-13.165218,-36.00389
RAUL MARTINS,2024-02-05 23:27:32,15.1,12.1,-13.132483,-35.994636
RAUL MARTINS,2024-02-05 23:49:11,13.7,12.0,-13.061988,-35.975436
RAUL MARTINS,2024-02-05 23:49:20,14.5,12.1,-13.061495,-35.97531
RAUL MARTINS,2024-02-05 23:49:32,14.0,12.1,-13.06083,-35.975138
RAUL MARTINS,2024-02-05 23:49:42,14.3,12.1,-13.06028,-35.974981
RAUL MARTINS,2024-02-05 23:53:42,14.0,12.1,-13.047266,-35.971621
RAUL MARTINS,2024-02-05 23:54:01,14.4,12.1,-13.046185,-35.971343
RAUL MARTINS,2024-02-05 23:56:32,14.9,12.1,-13.037971,-35.969178
RAUL MARTINS,2024-02-06 00:23:32,14.4,12.1,-12.949893,-35.947076
RAUL MARTINS,2024-02-06 00:24:41,14.0,12.1,-12.946083,-35.946151
RAUL MARTINS,2024-02-06 00:30:32,13.6,12.1,-12.926861,-35.941431
RAUL MARTINS,2024-02-06 01:03:23,12.5,12.1,-12.818136,-35.914783
RAUL MARTINS,2024-02-06 01:08:13,14.1,12.2,-12.802201,-35.910853
RAUL MARTINS,2024-02-06 01:32:03,12.9,12.0,-12.723998,-35.892228
RAUL MARTINS,2024-02-06 02:03:21,15.0,12.3,-12.621716,-35.864501
RAUL MARTINS,2024-02-06 02:51:41,14.1,12.4,-12.461456,-35.819791
RAUL MARTINS,2024-02-06 04:50:59,14.1,12.6,-12.058851,-35.712885
RAUL MARTINS,2024-02-06 04:51:40,13.9,12.6,-12.056526,-35.712305
RAUL MARTINS,2024-02-06 04:52:40,13.9,12.6,-12.053053,-35.711408
RAUL MARTINS,2024-02-06 04:52:50,13.7,12.6,-12.052543,-35.711285
RAUL MARTINS,2024-02-06 04:52:59,13.9,12.6,-12.051975,-35.711146
RAUL MARTINS,2024-02-06 04:53:40,13.6,12.6,-12.049683,-35.71058
RAUL MARTINS,2024-02-06 04:53:50,13.9,12.6,-12.049113,-35.710435
RAUL MARTINS,2024-02-06 04:55:10,13.8,12.6,-12.044528,-35.70928
RAUL MARTINS,2024-02-06 04:59:02,14.0,12.6,-12.031511,-35.705958
RAUL MARTINS,2024-02-06 05:26:32,13.4,12.4,-11.938331,-35.682365
RAUL MARTINS,2024-02-06 05:30:11,13.2,12.3,-11.926058,-35.679315
RAUL MARTINS,2024-02-06 06:02:32,13.6,12.4,-11.817293,-35.652845
RAUL MARTINS,2024-02-06 06:07:21,13.6,12.5,-11.80103,-35.648898
RAUL MARTINS,2024-02-06 06:11:13,13.6,12.6,-11.78785,-35.645725
RAUL MARTINS,2024-02-06 06:37:02,13.0,12.6,-11.699428,-35.624605
RAUL MARTINS,2024-02-06 06:44:52,13.6,12.5,-11.67273,-35.61837
RAUL MARTINS,2024-02-06 06:49:23,13.5,12.5,-11.657286,-35.614625
RAUL MARTINS,2024-02-06 07:07:11,13.9,12.4,-11.597188,-35.599705
RAUL MARTINS,2024-02-06 07:09:33,14.2,12.4,-11.589281,-35.597711
RAUL MARTINS,2024-02-06 07:15:21,14.4,12.3,-11.569898,-35.592708
RAUL MARTINS,2024-02-06 07:19:03,14.4,12.3,-11.557676,-35.589475
RAUL MARTINS,2024-02-06 07:35:51,14.3,12.2,-11.50196,-35.574838
RAUL MARTINS,2024-02-06 07:38:23,14.3,12.2,-11.493566,-35.572588
RAUL MARTINS,2024-02-06 07:47:22,14.5,12.2,-11.46399,-35.564981
RAUL MARTINS,2024-02-06 07:50:21,14.0,12.2,-11.454151,-35.562426
RAUL MARTINS,2024-02-06 08:22:42,14.8,12.3,-11.347086,-35.534335
RAUL MARTINS,2024-02-06 09:07:13,16.4,12.3,-11.199913,-35.492338
RAUL MARTINS,2024-02-06 10:02:43,15.2,12.2,-11.017906,-35.441873
RAUL MARTINS,2024-02-06 10:20:31,14.6,12.3,-10.959323,-35.426726
RAUL MARTINS,2024-02-06 10:53:03,14.0,12.3,-10.851686,-35.399578
RAUL MARTINS,2024-02-06 11:11:52,13.6,12.3,-10.789126,-35.383805
RAUL MARTINS,2024-02-06 11:35:42,14.0,12.2,-10.709715,-35.364108
RAUL MARTINS,2024-02-06 11:41:33,13.4,12.2,-10.690406,-35.359348
RAUL MARTINS,2024-02-06 11:43:53,13.5,12.2,-10.682656,-35.357466
RAUL MARTINS,2024-02-06 11:46:23,13.4,12.2,-10.674378,-35.355441
RAUL MARTINS,2024-02-06 11:52:22,13.1,12.2,-10.654536,-35.35055
RAUL MARTINS,2024-02-06 11:52:41,12.8,12.2,-10.653428,-35.350283
RAUL MARTINS,2024-02-06 11:53:01,13.1,12.2,-10.65232,-35.35002
RAUL MARTINS,2024-02-06 11:57:01,13.1,12.3,-10.638998,-35.346866
RAUL MARTINS,2024-02-06 12:18:30,13.8,12.3,-10.567208,-35.329606
RAUL MARTINS,2024-02-06 12:23:51,13.0,12.2,-10.549366,-35.32528
RAUL MARTINS,2024-02-06 12:31:13,16.9,12.1,-10.525106,-35.319391
RAUL MARTINS,2024-02-06 12:46:52,16.8,12.1,-10.474688,-35.303656
RAUL MARTINS,2024-02-06 12:50:32,17.3,12.0,-10.462905,-35.300035
RAUL MARTINS,2024-02-06 12:55:33,17.9,12.0,-10.446916,-35.294923
RAUL MARTINS,2024-02-06 12:58:23,17.5,12.0,-10.43784,-35.29196
RAUL MARTINS,2024-02-06 13:04:41,17.2,12.0,-10.41769,-35.285575
RAUL MARTINS,2024-02-06 13:23:31,15.3,12.1,-10.356723,-35.26781
RAUL MARTINS,2024-02-06 13:29:31,15.9,12.2,-10.337155,-35.262131
RAUL MARTINS,2024-02-06 13:31:52,15.6,12.2,-10.329475,-35.259966
RAUL MARTINS,2024-02-06 14:03:11,13.2,12.1,-10.227133,-35.232636
RAUL MARTINS,2024-02-06 15:19:49,14.9,11.7,-9.983036,-35.156353
RAUL MARTINS,2024-02-06 15:32:33,16.1,11.7,-9.94305,-35.145786
RAUL MARTINS,2024-02-06 16:45:12,11.8,11.6,-9.712005,-35.092351
RAUL MARTINS,2024-02-06 16:53:19,11.4,11.6,-9.68597,-35.086885
RAUL MARTINS,2024-02-06 16:53:29,11.2,11.6,-9.685485,-35.086785
RAUL MARTINS,2024-02-06 16:54:29,11.5,11.6,-9.682308,-35.086141
RAUL MARTINS,2024-02-06 16:54:59,13.5,11.6,-9.680735,-35.0858
RAUL MARTINS,2024-02-06 16:55:10,14.1,11.6,-9.680161,-35.085656
RAUL MARTINS,2024-02-06 17:08:30,14.9,11.6,-9.638396,-35.074488
RAUL MARTINS,2024-02-06 17:12:12,15.0,11.7,-9.626841,-35.071363
RAUL MARTINS,2024-02-06 17:51:03,14.6,11.4,-9.505405,-35.040293
RAUL MARTINS,2024-02-06 18:19:21,11.0,11.5,-9.417308,-35.019225
RAUL MARTINS,2024-02-06 18:24:32,9.8,11.5,-9.401031,-35.016183
RAUL MARTINS,2024-02-06 18:30:29,10.5,11.6,-9.381993,-35.012736
RAUL MARTINS,2024-02-06 19:33:52,16.7,11.4,-9.186386,-34.964606
RAUL MARTINS,2024-02-06 21:46:02,12.8,11.5,-8.777653,-34.864258
RAUL MARTINS,2024-02-06 22:54:52,14.6,11.5,-8.565128,-34.809561
RAUL MARTINS,2024-02-06 23:16:11,16.6,11.5,-8.499268,-34.791655
RAUL MARTINS,2024-02-06 23:18:22,15.6,11.5,-8.492588,-34.789771
RAUL MARTINS,2024-02-06 23:20:11,15.3,11.5,-8.486996,-34.788178
RAUL MARTINS,2024-02-06 23:21:52,15.3,11.5,-8.481766,-34.786713
RAUL MARTINS,2024-02-06 23:23:11,15.5,11.5,-8.47773,-34.785625
RAUL MARTINS,2024-02-06 23:26:21,16.6,11.6,-8.467923,-34.782658
RAUL MARTINS,2024-02-06 23:43:22,17.3,11.6,-8.415333,-34.766815
RAUL MARTINS,2024-02-06 23:44:11,17.6,11.6,-8.412811,-34.766001
RAUL MARTINS,2024-02-06 23:46:22,17.3,11.7,-8.406055,-34.763878
RAUL MARTINS,2024-02-06 23:48:30,17.8,11.7,-8.399476,-34.761766
RAUL MARTINS,2024-02-06 23:49:11,16.9,11.6,-8.397378,-34.761101
RAUL MARTINS,2024-02-06 23:50:21,17.3,11.6,-8.393791,-34.760003
RAUL MARTINS,2024-02-06 23:51:11,18.4,11.6,-8.391235,-34.759161
RAUL MARTINS,2024-02-06 23:53:12,17.0,11.6,-8.384948,-34.75719
RAUL MARTINS,2024-02-06 23:58:13,17.2,11.6,-8.36948,-34.752471
RAUL MARTINS,2024-02-07 00:04:33,14.2,11.6,-8.349741,-34.746925
RAUL MARTINS,2024-02-07 00:07:52,15.1,11.6,-8.33928,-34.744135
RAUL MARTINS,2024-02-07 00:15:32,14.0,11.6,-8.315251,-34.737816
RAUL MARTINS,2024-02-07 00:37:12,14.6,11.6,-8.24733,-34.719981
RAUL MARTINS,2024-02-07 00:39:32,15.5,11.6,-8.240038,-34.718035
RAUL MARTINS,2024-02-07 00:58:10,14.1,11.6,-8.181813,-34.702785
RAUL MARTINS,2024-02-07 00:58:11,14.1,11.6,-8.181813,-34.702785
RAUL MARTINS,2024-02-07 01:02:02,14.5,11.5,-8.169821,-34.699708
RAUL MARTINS,2024-02-07 01:03:22,14.7,11.5,-8.16566,-34.698633
RAUL MARTINS,2024-02-07 01:13:31,14.1,11.6,-8.133841,-34.690465
RAUL MARTINS,2024-02-07 01:47:53,14.6,11.7,-8.025645,-34.662165
RAUL MARTINS,2024-02-07 03:10:42,13.8,12.0,-7.761378,-34.593655
RAUL MARTINS,2024-02-07 04:03:33,14.9,12.0,-7.590206,-34.548843
RAUL MARTINS,2024-02-07 04:53:32,14.7,12.1,-7.427713,-34.506001
RAUL MARTINS,2024-02-07 04:57:32,14.2,12.2,-7.41455,-34.502523
RAUL MARTINS,2024-02-07 05:00:51,14.3,12.2,-7.403691,-34.499716
RAUL MARTINS,2024-02-07 05:02:41,14.2,12.2,-7.39761,-34.498186
RAUL MARTINS,2024-02-07 05:03:00,14.3,12.2,-7.396518,-34.497923
RAUL MARTINS,2024-02-07 05:04:11,14.5,12.2,-7.392696,-34.49692
RAUL MARTINS,2024-02-07 05:05:22,14.7,12.2,-7.388748,-34.495873
RAUL MARTINS,2024-02-07 05:05:41,14.7,12.2,-7.387686,-34.49563
RAUL MARTINS,2024-02-07 05:06:00,14.7,12.3,-7.386608,-34.495348
RAUL MARTINS,2024-02-07 05:06:10,14.7,12.2,-7.38611,-34.495213
RAUL MARTINS,2024-02-07 05:06:41,14.6,12.2,-7.384375,-34.49473
RAUL MARTINS,2024-02-07 05:07:30,14.6,12.2,-7.381668,-34.494058
RAUL MARTINS,2024-02-07 05:07:51,14.8,12.3,-7.380468,-34.493753
RAUL MARTINS,2024-02-07 05:08:10,14.5,12.3,-7.379496,-34.493501
RAUL MARTINS,2024-02-07 05:08:22,14.6,12.3,-7.378893,-34.493343
RAUL MARTINS,2024-02-07 05:08:51,14.6,12.3,-7.377233,-34.492908
RAUL MARTINS,2024-02-07 05:09:01,14.8,12.3,-7.376678,-34.492763
RAUL MARTINS,2024-02-07 05:09:41,14.2,12.3,-7.374435,-34.492208
RAUL MARTINS,2024-02-07 05:10:01,14.1,12.3,-7.373331,-34.491935
RAUL MARTINS,2024-02-07 05:10:10,14.2,12.3,-7.372783,-34.491785
RAUL MARTINS,2024-02-07 05:10:21,14.4,12.3,-7.37223,-34.491636
RAUL MARTINS,2024-02-07 05:10:41,14.4,12.3,-7.371066,-34.491328
RAUL MARTINS,2024-02-07 05:42:21,15.3,12.6,-7.264025,-34.463933
RAUL MARTINS,2024-02-07 05:46:33,15.1,12.5,-7.249983,-34.46015
RAUL MARTINS,2024-02-07 05:50:22,14.5,12.5,-7.237078,-34.456778
RAUL MARTINS,2024-02-07 06:16:53,13.9,12.4,-7.146931,-34.433801
RAUL MARTINS,2024-02-07 06:36:23,13.6,12.5,-7.081353,-34.417556
RAUL MARTINS,2024-02-07 06:42:02,14.0,12.5,-7.062131,-34.413035
RAUL MARTINS,2024-02-07 06:44:12,13.9,12.5,-7.054791,-34.411176
RAUL MARTINS,2024-02-07 06:48:12,12.7,12.4,-7.041293,-34.40794
RAUL MARTINS,2024-02-07 07:26:11,13.0,12.5,-6.912628,-34.377033
RAUL MARTINS,2024-02-07 07:32:33,12.8,12.6,-6.890908,-34.371813
RAUL MARTINS,2024-02-07 09:49:53,17.0,12.2,-6.430685,-34.248958
RAUL MARTINS,2024-02-07 09:53:53,16.8,12.2,-6.417721,-34.245005
RAUL MARTINS,2024-02-07 09:56:32,16.8,12.3,-6.409071,-34.242391
RAUL MARTINS,2024-02-07 10:42:33,15.2,12.0,-6.257316,-34.203126
RAUL MARTINS,2024-02-07 10:46:33,15.2,12.1,-6.244485,-34.199651
RAUL MARTINS,2024-02-07 11:39:32,16.1,11.9,-6.0725,-34.150743
RAUL MARTINS,2024-02-07 11:43:33,16.0,11.8,-6.059643,-34.147058
RAUL MARTINS,2024-02-07 11:49:53,13.8,11.8,-6.039506,-34.141598
RAUL MARTINS,2024-02-07 11:56:02,13.6,11.8,-6.019798,-34.13665
RAUL MARTINS,2024-02-07 11:58:33,13.2,11.8,-6.01176,-34.134661
RAUL MARTINS,2024-02-07 12:22:51,13.6,11.8,-5.934328,-34.115461
RAUL MARTINS,2024-02-07 12:25:01,14.0,11.8,-5.927408,-34.113703
RAUL MARTINS,2024-02-07 12:28:42,14.0,11.8,-5.915598,-34.110775
RAUL MARTINS,2024-02-07 12:28:52,14.5,11.8,-5.915063,-34.110636
RAUL MARTINS,2024-02-07 12:31:23,14.1,11.8,-5.907005,-34.108603
RAUL MARTINS,2024-02-07 12:31:31,13.6,11.8,-5.906526,-34.108488
RAUL MARTINS,2024-02-07 12:35:02,14.7,11.9,-5.89528,-34.105638
RAUL MARTINS,2024-02-07 12:59:50,13.9,11.8,-5.815386,-34.086138
RAUL MARTINS,2024-02-07 13:01:01,13.6,11.8,-5.811641,-34.085203
RAUL MARTINS,2024-02-07 13:26:13,14.3,11.9,-5.731606,-34.064345
RAUL MARTINS,2024-02-07 15:33:20,14.2,11.9,-5.323573,-33.962068
RAUL MARTINS,2024-02-07 15:34:40,14.3,11.9,-5.319335,-33.961035
RAUL MARTINS,2024-02-07 15:35:40,14.3,11.9,-5.31611,-33.960188
RAUL MARTINS,2024-02-07 15:36:40,14.0,11.8,-5.312878,-33.959376
RAUL MARTINS,2024-02-07 15:37:49,16.1,11.9,-5.309138,-33.958286
RAUL MARTINS,2024-02-07 15:38:00,16.5,11.8,-5.308663,-33.958165
RAUL MARTINS,2024-02-07 15:39:49,16.7,11.8,-5.30298,-33.956418
RAUL MARTINS,2024-02-07 15:43:03,17.2,11.8,-5.292933,-33.953326
RAUL MARTINS,2024-02-07 16:25:23,16.5,11.8,-5.158621,-33.912886
RAUL MARTINS,2024-02-07 16:51:22,15.7,12.0,-5.0758,-33.888978
RAUL MARTINS,2024-02-07 16:54:42,16.0,12.0,-5.065073,-33.88584
RAUL MARTINS,2024-02-07 16:54:51,15.2,11.9,-5.06459,-33.885706
RAUL MARTINS,2024-02-07 16:55:01,15.3,12.0,-5.064055,-33.885555
RAUL MARTINS,2024-02-07 16:55:42,15.9,11.9,-5.061853,-33.884941
RAUL MARTINS,2024-02-07 16:55:51,15.5,11.9,-5.061371,-33.884806
RAUL MARTINS,2024-02-07 16:56:01,15.7,11.9,-5.060833,-33.88466
RAUL MARTINS,2024-02-07 17:12:19,15.5,12.0,-5.008231,-33.869698
RAUL MARTINS,2024-02-07 17:13:00,15.4,12.0,-5.006085,-33.869085
RAUL MARTINS,2024-02-07 17:13:09,16.0,12.0,-5.005601,-33.868943
RAUL MARTINS,2024-02-07 17:13:39,16.4,12.0,-5.003986,-33.868478
RAUL MARTINS,2024-02-07 17:14:09,16.2,11.9,-5.002335,-33.867995
RAUL MARTINS,2024-02-07 17:15:28,16.4,12.0,-4.998106,-33.866766
RAUL MARTINS,2024-02-07 17:16:00,16.4,12.0,-4.996433,-33.866288
RAUL MARTINS,2024-02-07 17:16:10,15.8,12.0,-4.995893,-33.866135
RAUL MARTINS,2024-02-07 17:16:20,15.7,12.0,-4.995353,-33.86598
RAUL MARTINS,2024-02-07 17:16:40,15.5,12.0,-4.99422,-33.865655
RAUL MARTINS,2024-02-07 17:18:49,15.9,12.0,-4.987268,-33.863703
RAUL MARTINS,2024-02-07 17:24:52,15.4,12.0,-4.967813,-33.858308
RAUL MARTINS,2024-02-07 17:26:52,15.3,12.0,-4.961353,-33.856498
RAUL MARTINS,2024-02-07 17:27:52,15.3,12.0,-4.958115,-33.855585
RAUL MARTINS,2024-02-07 17:57:12,12.8,12.1,-4.861923,-33.833291
RAUL MARTINS,2024-02-07 18:02:43,12.8,12.0,-4.843773,-33.829173
RAUL MARTINS,2024-02-07 18:35:32,12.2,12.0,-4.73653,-33.805931
RAUL MARTINS,2024-02-07 18:39:22,11.4,12.0,-4.723993,-33.803263
RAUL MARTINS,2024-02-07 18:59:52,11.5,11.9,-4.65714,-33.789575
RAUL MARTINS,2024-02-07 19:09:42,12.7,11.8,-4.62516,-33.783196
RAUL MARTINS,2024-02-07 22:20:43,19.7,11.6,-4.021678,-33.610628
RAUL MARTINS,2024-02-07 22:27:37,15.8,11.8,-4.000306,-33.604385
RAUL MARTINS,2024-02-07 23:02:33,20.5,11.7,-3.890531,-33.570163
RAUL MARTINS,2024-02-07 23:09:11,20.9,11.6,-3.870335,-33.562373
RAUL MARTINS,2024-02-07 23:11:22,21.2,11.7,-3.863771,-33.559795
RAUL MARTINS,2024-02-07 23:11:52,21.0,11.7,-3.862193,-33.55917
RAUL MARTINS,2024-02-07 23:16:02,22.3,11.6,-3.849618,-33.554141
RAUL MARTINS,2024-02-07 23:39:12,22.2,11.5,-3.78024,-33.526573
RAUL MARTINS,2024-02-07 23:42:43,21.4,11.5,-3.769783,-33.522515
RAUL MARTINS,2024-02-08 00:06:21,17.1,11.4,-3.698081,-33.499008
RAUL MARTINS,2024-02-08 00:19:23,14.9,11.6,-3.658103,-33.486941
RAUL MARTINS,2024-02-08 00:45:12,19.6,11.7,-3.577703,-33.462618
RAUL MARTINS,2024-02-08 00:50:52,18.3,11.8,-3.560125,-33.456466
RAUL MARTINS,2024-02-08 00:51:12,19.8,11.8,-3.5592,-33.456131
RAUL MARTINS,2024-02-08 00:53:43,20.1,11.8,-3.551361,-33.45335
RAUL MARTINS,2024-02-08 00:54:11,19.5,11.7,-3.549863,-33.452851
RAUL MARTINS,2024-02-08 00:54:22,19.0,11.8,-3.549351,-33.452681
RAUL MARTINS,2024-02-08 00:54:31,19.2,11.8,-3.54889,-33.452513
RAUL MARTINS,2024-02-08 00:55:11,19.6,11.8,-3.546798,-33.451711
RAUL MARTINS,2024-02-08 00:55:22,19.8,11.8,-3.546288,-33.45153
RAUL MARTINS,2024-02-08 00:56:31,19.1,11.8,-3.542733,-33.450261
RAUL MARTINS,2024-02-08 00:57:32,20.0,11.8,-3.539573,-33.449145
RAUL MARTINS,2024-02-08 01:16:32,19.4,11.7,-3.480946,-33.428138
RAUL MARTINS,2024-02-08 01:51:33,18.7,11.6,-3.374105,-33.390303
RAUL MARTINS,2024-02-08 03:59:03,20.0,11.5,-2.991521,-33.251381
RAUL MARTINS,2024-02-08 04:37:03,20.9,11.7,-2.875865,-33.20825
RAUL MARTINS,2024-02-08 04:40:41,21.6,11.7,-2.864708,-33.20395
RAUL MARTINS,2024-02-08 04:43:03,21.1,11.7,-2.857541,-33.20121
RAUL MARTINS,2024-02-08 04:52:53,20.2,11.8,-2.827205,-33.189906
RAUL MARTINS,2024-02-08 05:07:51,20.9,11.8,-2.78117,-33.172403
RAUL MARTINS,2024-02-08 05:10:11,21.0,11.8,-2.773986,-33.169676
RAUL MARTINS,2024-02-08 05:13:03,19.9,11.7,-2.765181,-33.166296
RAUL MARTINS,2024-02-08 05:16:03,19.1,11.8,-2.755865,-33.16313
RAUL MARTINS,2024-02-08 05:19:59,18.7,11.8,-2.743503,-33.158968
RAUL MARTINS,2024-02-08 05:20:23,18.4,11.8,-2.742353,-33.158591
RAUL MARTINS,2024-02-08 05:21:20,18.9,11.9,-2.739273,-33.157606
RAUL MARTINS,2024-02-08 05:22:20,18.1,11.8,-2.736131,-33.156561
RAUL MARTINS,2024-02-08 05:22:41,18.2,11.8,-2.73508,-33.156216
RAUL MARTINS,2024-02-08 05:22:49,19.1,11.8,-2.734611,-33.15606
RAUL MARTINS,2024-02-08 05:23:10,18.6,11.8,-2.733516,-33.155693
RAUL MARTINS,2024-02-08 05:23:20,17.9,11.9,-2.732948,-33.155505
RAUL MARTINS,2024-02-08 05:24:20,18.0,11.8,-2.729866,-33.154488
RAUL MARTINS,2024-02-08 05:24:30,19.2,11.8,-2.729343,-33.154316
RAUL MARTINS,2024-02-08 05:25:20,18.1,11.8,-2.726773,-33.153468
RAUL MARTINS,2024-02-08 05:25:39,18.6,11.8,-2.725721,-33.15312
RAUL MARTINS,2024-02-08 05:26:20,18.3,11.9,-2.723585,-33.152418
RAUL MARTINS,2024-02-08 05:27:10,18.5,11.8,-2.720995,-33.151565
RAUL MARTINS,2024-02-08 05:28:10,19.1,11.8,-2.717865,-33.150535
RAUL MARTINS,2024-02-08 05:44:02,18.2,11.8,-2.668303,-33.134151
RAUL MARTINS,2024-02-08 05:45:21,18.1,11.8,-2.664181,-33.132786
RAUL MARTINS,2024-02-08 05:47:32,18.9,11.8,-2.65732,-33.130488
RAUL MARTINS,2024-02-08 05:47:33,18.9,11.8,-2.65732,-33.130488
RAUL MARTINS,2024-02-08 05:52:23,17.5,11.8,-2.642258,-33.12558
RAUL MARTINS,2024-02-08 05:56:33,18.6,11.8,-2.629055,-33.121318
RAUL MARTINS,2024-02-08 06:18:12,18.1,11.8,-2.56125,-33.099638
RAUL MARTINS,2024-02-08 06:20:53,18.3,11.9,-2.552786,-33.096953
RAUL MARTINS,2024-02-08 06:24:10,17.5,11.8,-2.542363,-33.093655
RAUL MARTINS,2024-02-08 06:26:31,17.7,11.8,-2.535033,-33.091271
RAUL MARTINS,2024-02-08 06:34:43,18.7,11.7,-2.509565,-33.083223
RAUL MARTINS,2024-02-08 06:39:21,18.7,11.6,-2.495268,-33.078455
RAUL MARTINS,2024-02-08 06:53:43,19.2,11.5,-2.45175,-33.063685
RAUL MARTINS,2024-02-08 07:25:32,18.2,11.5,-2.354683,-33.031736
RAUL MARTINS,2024-02-08 07:28:32,17.6,11.5,-2.345545,-33.028756
RAUL MARTINS,2024-02-08 10:17:42,19.3,11.5,-1.825368,-32.849256
RAUL MARTINS,2024-02-08 10:20:42,20.4,11.5,-1.816256,-32.846113
RAUL MARTINS,2024-02-08 10:39:53,19.3,11.5,-1.75832,-32.825638
RAUL MARTINS,2024-02-08 10:48:12,19.1,11.6,-1.73301,-32.816826
RAUL MARTINS,2024-02-08 11:24:31,17.4,11.3,-1.622681,-32.781415
RAUL MARTINS,2024-02-08 11:28:21,18.4,11.3,-1.611141,-32.77769
RAUL MARTINS,2024-02-08 11:35:02,18.5,11.3,-1.591151,-32.771085
RAUL MARTINS,2024-02-08 11:50:32,18.3,11.3,-1.544641,-32.75568
RAUL MARTINS,2024-02-08 11:55:43,18.8,11.3,-1.5291,-32.75046
RAUL MARTINS,2024-02-08 12:01:02,18.2,11.4,-1.51321,-32.74493
RAUL MARTINS,2024-02-08 12:27:33,19.3,11.5,-1.433253,-32.717686
RAUL MARTINS,2024-02-08 12:32:53,17.9,11.5,-1.417151,-32.71228
RAUL MARTINS,2024-02-08 12:37:33,18.5,11.5,-1.402998,-32.707511
RAUL MARTINS,2024-02-08 12:51:42,19.1,11.4,-1.3603,-32.692593
RAUL MARTINS,2024-02-08 13:21:22,20.2,11.7,-1.26972,-32.660541
RAUL MARTINS,2024-03-19 21:20:21,202.6,13.2,-0.964491,-33.159558
RAUL MARTINS,2024-03-19 21:24:20,202.1,13.1,-0.978076,-33.165025
RAUL MARTINS,2024-03-19 21:51:41,202.5,13.2,-1.070866,-33.202733
RAUL MARTINS,2024-03-19 22:16:43,201.8,13.3,-1.156496,-33.23744
RAUL MARTINS,2024-03-19 23:17:11,201.3,13.0,-1.359525,-33.321636
RAUL MARTINS,2024-03-19 23:59:51,203.6,13.2,-1.504751,-33.381988
RAUL MARTINS,2024-03-20 00:00:20,202.9,13.3,-1.506405,-33.382686
RAUL MARTINS,2024-03-20 00:00:31,202.8,13.2,-1.507023,-33.382936
RAUL MARTINS,2024-03-20 00:01:31,201.6,13.2,-1.51042,-33.38433
RAUL MARTINS,2024-03-20 00:02:20,202.1,13.2,-1.513188,-33.385478
RAUL MARTINS,2024-03-20 00:02:42,202.8,13.2,-1.514445,-33.385995
RAUL MARTINS,2024-03-20 00:02:50,202.4,13.2,-1.514895,-33.38618
RAUL MARTINS,2024-03-20 00:03:20,201.8,13.2,-1.516601,-33.386881
RAUL MARTINS,2024-03-20 00:03:50,203.2,13.2,-1.518338,-33.387628
RAUL MARTINS,2024-03-20 00:31:53,204.2,13.2,-1.61251,-33.428075
RAUL MARTINS,2024-03-20 00:54:40,199.2,13.0,-1.689913,-33.460065
RAUL MARTINS,2024-03-20 00:56:01,198.4,12.9,-1.694481,-33.461641
RAUL MARTINS,2024-03-20 00:58:10,197.3,12.9,-1.701841,-33.463991
RAUL MARTINS,2024-03-20 00:58:30,198.0,12.9,-1.702988,-33.46439
RAUL MARTINS,2024-03-20 01:08:40,197.3,12.8,-1.737818,-33.475695
RAUL MARTINS,2024-03-20 01:11:11,198.9,13.0,-1.74648,-33.478501
RAUL MARTINS,2024-03-20 01:13:51,199.2,13.0,-1.75565,-33.481501
RAUL MARTINS,2024-03-20 01:18:00,197.3,13.2,-1.770145,-33.486195
RAUL MARTINS,2024-03-20 01:43:32,203.4,13.2,-1.858358,-33.520995
RAUL MARTINS,2024-03-20 02:10:13,202.7,13.3,-1.948503,-33.5611
RAUL MARTINS,2024-03-20 02:17:13,203.0,13.2,-1.972175,-33.571596
RAUL MARTINS,2024-03-20 02:22:11,202.2,13.2,-1.988995,-33.578978
RAUL MARTINS,2024-03-20 02:53:41,204.6,13.2,-2.095453,-33.626605
RAUL MARTINS,2024-03-20 02:56:11,204.1,12.9,-2.103741,-33.630286
RAUL MARTINS,2024-03-20 02:58:10,205.1,13.0,-2.11033,-33.633213
RAUL MARTINS,2024-03-20 03:00:20,203.6,12.9,-2.117431,-33.636381
RAUL MARTINS,2024-03-20 03:06:31,205.1,13.2,-2.137985,-33.645501
RAUL MARTINS,2024-03-20 03:09:11,203.9,13.2,-2.146853,-33.649456
RAUL MARTINS,2024-03-20 03:11:30,203.5,13.1,-2.154696,-33.652903
RAUL MARTINS,2024-03-20 03:28:10,204.7,13.1,-2.209855,-33.677485
RAUL MARTINS,2024-03-20 03:59:40,203.6,13.0,-2.314761,-33.723691
RAUL MARTINS,2024-03-20 05:31:01,202.0,13.2,-2.622805,-33.852381
RAUL MARTINS,2024-03-20 05:34:01,202.8,13.2,-2.633081,-33.856631
RAUL MARTINS,2024-03-20 05:35:41,203.2,13.2,-2.638768,-33.859006
RAUL MARTINS,2024-03-20 05:38:00,202.4,13.1,-2.646666,-33.862305
RAUL MARTINS,2024-03-20 06:11:42,202.9,13.2,-2.760075,-33.909133
RAUL MARTINS,2024-03-20 06:46:50,202.6,13.5,-2.881365,-33.95786
RAUL MARTINS,2024-03-20 06:49:41,203.0,13.4,-2.89126,-33.96193
RAUL MARTINS,2024-03-20 07:09:51,201.9,13.4,-2.961055,-33.990578
RAUL MARTINS,2024-03-20 07:12:51,203.1,13.3,-2.971355,-33.994811
RAUL MARTINS,2024-03-20 07:15:01,202.1,13.3,-2.978885,-33.997961
RAUL MARTINS,2024-03-20 07:19:22,201.9,13.3,-2.993825,-34.004036
RAUL MARTINS,2024-03-20 07:21:32,202.3,13.2,-3.001245,-34.007056
RAUL MARTINS,2024-03-20 07:27:11,202.9,13.2,-3.02055,-34.015001
RAUL MARTINS,2024-03-20 07:56:26,201.9,13.1,-3.119693,-34.056051
RAUL MARTINS,2024-03-20 07:59:21,203.0,13.1,-3.12988,-34.060265
RAUL MARTINS,2024-03-20 08:01:31,202.7,13.1,-3.13712,-34.063306
RAUL MARTINS,2024-03-20 08:08:01,204.0,13.2,-3.15902,-34.072475
RAUL MARTINS,2024-03-20 08:33:12,202.7,13.3,-3.244183,-34.10787
RAUL MARTINS,2024-03-20 08:51:02,202.5,13.4,-3.30511,-34.133456
RAUL MARTINS,2024-03-20 08:55:22,203.7,13.4,-3.320041,-34.139873
RAUL MARTINS,2024-03-20 08:59:33,204.4,13.3,-3.334205,-34.146003
RAUL MARTINS,2024-03-20 09:42:41,203.0,13.3,-3.481406,-34.207118
RAUL MARTINS,2024-03-20 10:29:21,201.9,13.1,-3.639963,-34.272081
RAUL MARTINS,2024-03-20 10:29:30,202.9,13.1,-3.640516,-34.272291
RAUL MARTINS,2024-03-20 11:21:01,203.6,12.8,-3.813176,-34.341981
RAUL MARTINS,2024-03-20 11:59:20,202.0,13.0,-3.939833,-34.395925
RAUL MARTINS,2024-03-20 12:00:00,203.2,13.1,-3.942133,-34.396916
RAUL MARTINS,2024-03-20 12:00:31,203.4,13.0,-3.943868,-34.397666
RAUL MARTINS,2024-03-20 12:00:41,202.8,13.1,-3.944428,-34.397905
RAUL MARTINS,2024-03-20 12:01:31,204.6,13.1,-3.947161,-34.399036
RAUL MARTINS,2024-03-20 12:02:00,203.6,13.0,-3.948763,-34.399696
RAUL MARTINS,2024-03-20 12:02:20,203.3,13.0,-3.949921,-34.400203
RAUL MARTINS,2024-03-20 12:03:31,203.5,13.0,-3.953856,-34.401891
RAUL MARTINS,2024-03-20 12:03:41,204.4,13.0,-3.954416,-34.402126
RAUL MARTINS,2024-03-20 12:04:21,203.5,13.1,-3.956586,-34.403056
RAUL MARTINS,2024-03-20 12:04:41,202.1,12.9,-3.957715,-34.403548
RAUL MARTINS,2024-03-20 12:05:21,203.1,13.0,-3.959996,-34.40451
RAUL MARTINS,2024-03-20 13:44:22,205.4,12.8,-4.282443,-34.545998
RAUL MARTINS,2024-03-20 14:05:32,204.0,12.7,-4.351036,-34.576928
RAUL MARTINS,2024-03-20 14:12:13,203.9,12.7,-4.37259,-34.586445
RAUL MARTINS,2024-03-20 14:38:02,200.3,12.4,-4.456461,-34.620093
RAUL MARTINS,2024-03-20 14:41:21,200.4,12.4,-4.467258,-34.624173
RAUL MARTINS,2024-03-20 14:48:01,199.7,12.4,-4.488985,-34.632186
RAUL MARTINS,2024-03-20 15:17:12,203.9,12.7,-4.583333,-34.671853
RAUL MARTINS,2024-03-20 15:58:00,202.2,12.3,-4.715128,-34.729213
RAUL MARTINS,2024-03-20 15:59:00,202.8,12.4,-4.718325,-34.730541
RAUL MARTINS,2024-03-20 16:00:39,204.0,12.4,-4.723605,-34.73271
RAUL MARTINS,2024-03-20 16:00:51,201.9,12.3,-4.724241,-34.73296
RAUL MARTINS,2024-03-20 16:04:00,203.1,12.3,-4.734258,-34.737136
RAUL MARTINS,2024-03-20 16:05:00,203.1,12.3,-4.73745,-34.738468
RAUL MARTINS,2024-03-20 17:35:39,199.4,12.1,-5.02823,-34.851705
RAUL MARTINS,2024-03-20 17:37:20,199.0,12.1,-5.033548,-34.853585
RAUL MARTINS,2024-03-20 17:38:00,199.8,12.1,-5.035681,-34.854356
RAUL MARTINS,2024-03-20 17:38:09,199.6,12.1,-5.036168,-34.854535
RAUL MARTINS,2024-03-20 17:38:49,199.1,12.2,-5.038393,-34.85533
RAUL MARTINS,2024-03-20 17:39:00,200.6,12.1,-5.038981,-34.855541
RAUL MARTINS,2024-03-20 17:40:49,199.6,12.1,-5.044805,-34.857573
RAUL MARTINS,2024-03-20 17:41:40,199.4,12.1,-5.047531,-34.858543
RAUL MARTINS,2024-03-20 17:49:19,199.3,12.0,-5.07186,-34.867185
RAUL MARTINS,2024-03-20 17:49:21,199.3,12.0,-5.07186,-34.867185
RAUL MARTINS,2024-03-20 17:49:41,199.8,11.9,-5.072965,-34.867585
RAUL MARTINS,2024-03-20 17:50:00,198.7,12.0,-5.07397,-34.86794
RAUL MARTINS,2024-03-20 17:50:19,198.3,12.0,-5.074975,-34.868296
RAUL MARTINS,2024-03-20 17:51:19,198.9,12.1,-5.078138,-34.869443
RAUL MARTINS,2024-03-20 17:52:19,200.4,11.9,-5.081345,-34.870603
RAUL MARTINS,2024-03-20 17:52:42,200.2,12.0,-5.082456,-34.870998
RAUL MARTINS,2024-03-20 17:53:19,198.8,11.9,-5.08445,-34.87171
RAUL MARTINS,2024-03-20 18:36:20,171.8,11.1,-5.222896,-34.897128
RAUL MARTINS,2024-03-20 18:39:41,169.3,11.3,-5.233345,-34.895291
RAUL MARTINS,2024-03-20 18:46:21,169.9,11.5,-5.254176,-34.891445
RAUL MARTINS,2024-03-20 19:12:11,169.9,11.5,-5.33537,-34.877216
RAUL MARTINS,2024-03-20 19:37:21,171.8,11.6,-5.415683,-34.864558
RAUL MARTINS,2024-03-20 19:54:01,170.9,11.6,-5.469163,-34.856643
RAUL MARTINS,2024-03-20 20:20:12,168.1,11.6,-5.552545,-34.8428
RAUL MARTINS,2024-03-20 20:24:52,168.1,11.6,-5.567373,-34.839738
RAUL MARTINS,2024-03-20 20:27:20,167.7,11.6,-5.575191,-34.838088
RAUL MARTINS,2024-03-20 20:27:21,167.7,11.6,-5.575191,-34.838088
RAUL MARTINS,2024-03-20 20:30:11,168.5,11.6,-5.584216,-34.836146
RAUL MARTINS,2024-03-20 20:55:00,170.0,11.7,-5.66361,-34.821983
RAUL MARTINS,2024-03-20 20:58:31,169.9,11.8,-5.67491,-34.820013
RAUL MARTINS,2024-03-20 21:02:42,172.3,11.8,-5.688543,-34.81769
RAUL MARTINS,2024-03-20 21:26:01,179.0,12.0,-5.761576,-34.799296
RAUL MARTINS,2024-03-20 21:28:03,178.2,11.9,-5.768235,-34.79909
RAUL MARTINS,2024-03-20 21:35:42,178.8,12.0,-5.793986,-34.798311
RAUL MARTINS,2024-03-20 23:34:22,165.8,12.4,-6.190348,-34.727596
RAUL MARTINS,2024-03-20 23:38:12,166.4,12.4,-6.203258,-34.724363
RAUL MARTINS,2024-03-20 23:52:30,166.4,12.7,-6.251893,-34.712553
RAUL MARTINS,2024-03-20 23:53:41,166.9,12.7,-6.256036,-34.711546
RAUL MARTINS,2024-03-20 23:56:41,167.0,12.7,-6.26635,-34.709091
RAUL MARTINS,2024-03-20 23:58:00,166.1,12.7,-6.27085,-34.707963
RAUL MARTINS,2024-03-21 00:41:31,169.9,12.6,-6.422343,-34.68363
RAUL MARTINS,2024-03-21 00:43:21,170.1,12.6,-6.428716,-34.682538
RAUL MARTINS,2024-03-21 00:43:31,170.8,12.6,-6.429238,-34.682451
RAUL MARTINS,2024-03-21 00:43:41,170.6,12.6,-6.429875,-34.682348
RAUL MARTINS,2024-03-21 00:43:51,170.7,12.6,-6.430453,-34.682255
RAUL MARTINS,2024-03-21 00:44:41,170.4,12.6,-6.433343,-34.681778
RAUL MARTINS,2024-03-21 00:44:51,169.9,12.6,-6.433861,-34.681691
RAUL MARTINS,2024-03-21 00:45:00,170.1,12.6,-6.434446,-34.681593
RAUL MARTINS,2024-03-21 00:45:31,170.2,12.7,-6.436203,-34.681291
RAUL MARTINS,2024-03-21 00:45:41,170.5,12.6,-6.43679,-34.681191
RAUL MARTINS,2024-03-21 00:45:52,170.4,12.6,-6.437431,-34.681093
RAUL MARTINS,2024-03-21 00:46:21,170.5,12.6,-6.439118,-34.680803
RAUL MARTINS,2024-03-21 00:46:31,170.3,12.7,-6.439698,-34.680705
RAUL MARTINS,2024-03-21 00:47:52,170.3,12.6,-6.444411,-34.67991
RAUL MARTINS,2024-03-21 01:16:42,168.8,12.6,-6.544525,-34.661133
RAUL MARTINS,2024-03-21 01:18:42,169.2,12.5,-6.551363,-34.659773
RAUL MARTINS,2024-03-21 01:23:51,168.6,12.6,-6.56914,-34.656425
RAUL MARTINS,2024-03-21 01:58:31,169.3,12.5,-6.688436,-34.632641
RAUL MARTINS,2024-03-21 02:04:32,168.4,12.5,-6.708996,-34.628415
RAUL MARTINS,2024-03-21 05:51:01,169.0,12.1,-7.467653,-34.46977
RAUL MARTINS,2024-03-21 05:51:21,168.2,12.2,-7.468725,-34.469543
RAUL MARTINS,2024-03-21 06:19:51,167.9,12.2,-7.56334,-34.450225
RAUL MARTINS,2024-03-21 06:21:31,168.3,12.2,-7.568818,-34.449081
RAUL MARTINS,2024-03-21 06:23:52,169.7,12.1,-7.57664,-34.447476
RAUL MARTINS,2024-03-21 06:52:03,180.4,12.6,-7.672901,-34.434998
RAUL MARTINS,2024-03-21 06:56:31,198.8,12.4,-7.688336,-34.436826
RAUL MARTINS,2024-03-21 07:00:43,195.9,12.4,-7.702093,-34.441363
RAUL MARTINS,2024-03-21 07:28:43,197.0,12.7,-7.79653,-34.465585
RAUL MARTINS,2024-03-21 08:02:51,196.3,12.3,-7.909198,-34.502543
RAUL MARTINS,2024-03-21 08:06:21,196.1,12.3,-7.920725,-34.505841
RAUL MARTINS,2024-03-21 08:39:20,185.9,12.6,-8.033545,-34.519025
RAUL MARTINS,2024-03-21 08:45:31,191.4,12.4,-8.054788,-34.52266
RAUL MARTINS,2024-03-21 08:55:41,190.1,12.4,-8.089448,-34.529601
RAUL MARTINS,2024-03-21 11:58:20,190.7,12.5,-8.723471,-34.646878
RAUL MARTINS,2024-03-21 11:59:52,191.0,12.5,-8.728728,-34.64791
RAUL MARTINS,2024-03-21 12:00:52,191.7,12.5,-8.732135,-34.648613
RAUL MARTINS,2024-03-21 12:36:41,195.7,12.4,-8.853185,-34.676336
RAUL MARTINS,2024-03-21 12:40:52,194.8,12.5,-8.867291,-34.68018
RAUL MARTINS,2024-03-21 12:45:10,195.8,12.5,-8.881776,-34.684138
RAUL MARTINS,2024-03-21 12:48:31,195.2,12.1,-8.89283,-34.687138
RAUL MARTINS,2024-03-21 13:07:02,193.7,11.6,-8.951803,-34.702356
RAUL MARTINS,2024-03-21 13:10:11,193.3,11.6,-8.961683,-34.70486
RAUL MARTINS,2024-03-21 13:12:31,194.4,11.6,-8.969026,-34.706685
RAUL MARTINS,2024-03-21 13:48:52,188.9,11.5,-9.082713,-34.734201
RAUL MARTINS,2024-03-21 14:19:21,188.6,11.4,-9.178781,-34.748078
RAUL MARTINS,2024-03-21 14:23:10,189.6,11.4,-9.1908,-34.750043
RAUL MARTINS,2024-03-21 14:26:20,190.0,11.4,-9.200796,-34.751668
RAUL MARTINS,2024-03-21 14:28:50,189.2,11.5,-9.208616,-34.753048
RAUL MARTINS,2024-03-21 14:52:21,190.6,11.4,-9.282473,-34.766551
RAUL MARTINS,2024-03-21 15:00:51,190.7,11.4,-9.308926,-34.771738
RAUL MARTINS,2024-03-21 16:13:09,191.5,12.0,-9.539581,-34.814795
RAUL MARTINS,2024-03-21 16:13:39,191.9,12.0,-9.54121,-34.815131
RAUL MARTINS,2024-03-21 16:14:40,191.5,11.9,-9.54447,-34.815806
RAUL MARTINS,2024-03-21 16:17:28,190.4,11.9,-9.553678,-34.817653
RAUL MARTINS,2024-03-21 16:20:28,191.9,12.0,-9.563511,-34.81965
RAUL MARTINS,2024-03-21 16:50:22,191.5,12.1,-9.661436,-34.840538
RAUL MARTINS,2024-03-21 17:41:21,190.9,12.4,-9.833265,-34.87394
RAUL MARTINS,2024-03-21 17:50:20,191.1,12.4,-9.86376,-34.879981
RAUL MARTINS,2024-03-21 18:23:21,192.4,12.6,-9.976568,-34.903335
RAUL MARTINS,2024-03-21 18:23:41,192.8,12.6,-9.977656,-34.903581
RAUL MARTINS,2024-03-21 18:24:41,193.1,12.6,-9.98115,-34.904371
RAUL MARTINS,2024-03-21 18:34:33,192.8,12.6,-10.014943,-34.911803
RAUL MARTINS,2024-03-21 19:23:02,192.2,12.5,-10.181733,-34.948388
RAUL MARTINS,2024-03-21 19:26:03,192.1,12.5,-10.192058,-34.950625
RAUL MARTINS,2024-03-21 20:05:32,190.8,12.8,-10.328613,-34.980115
RAUL MARTINS,2024-03-21 20:28:03,191.8,12.8,-10.407311,-34.996701
RAUL MARTINS,2024-03-21 20:31:22,191.7,12.8,-10.41901,-34.999138
RAUL MARTINS,2024-03-21 20:34:31,192.1,12.7,-10.429985,-35.001501
RAUL MARTINS,2024-03-21 20:36:43,192.3,12.8,-10.43756,-35.003136
RAUL MARTINS,2024-03-21 20:40:12,191.6,12.8,-10.449726,-35.005805
RAUL MARTINS,2024-03-21 21:01:42,192.2,12.8,-10.52471,-35.022158
RAUL MARTINS,2024-03-21 22:38:41,191.5,12.6,-10.860485,-35.093438
RAUL MARTINS,2024-03-21 23:06:31,190.8,12.7,-10.95694,-35.112065
RAUL MARTINS,2024-03-21 23:11:31,190.3,12.8,-10.974478,-35.11544
RAUL MARTINS,2024-03-21 23:45:42,190.0,12.3,-11.093701,-35.13749
RAUL MARTINS,2024-03-21 23:47:41,190.0,12.3,-11.100435,-35.138706
RAUL MARTINS,2024-03-21 23:48:00,190.2,12.3,-11.101481,-35.138903
RAUL MARTINS,2024-03-21 23:49:00,190.3,12.3,-11.104893,-35.13952
RAUL MARTINS,2024-03-21 23:49:21,190.7,12.3,-11.10602,-35.139728
RAUL MARTINS,2024-03-21 23:49:52,190.3,12.3,-11.107701,-35.140043
RAUL MARTINS,2024-03-21 23:50:00,190.6,12.3,-11.108203,-35.140136
RAUL MARTINS,2024-03-21 23:51:41,191.6,12.2,-11.113893,-35.141171
RAUL MARTINS,2024-03-21 23:52:30,190.5,12.2,-11.116683,-35.141681
RAUL MARTINS,2024-03-21 23:53:00,190.4,12.3,-11.11833,-35.14199
RAUL MARTINS,2024-03-21 23:53:30,190.6,12.3,-11.120086,-35.142316
RAUL MARTINS,2024-03-21 23:54:00,190.2,12.2,-11.121771,-35.14264
RAUL MARTINS,2024-03-21 23:54:10,190.0,12.3,-11.122295,-35.142738
RAUL MARTINS,2024-03-21 23:55:30,191.0,12.3,-11.126745,-35.143505
RAUL MARTINS,2024-03-22 00:17:31,190.5,12.3,-11.201078,-35.156716
RAUL MARTINS,2024-03-22 00:24:12,190.7,12.3,-11.223746,-35.160846
RAUL MARTINS,2024-03-22 00:33:20,189.6,12.3,-11.25474,-35.166425
RAUL MARTINS,2024-03-22 00:33:31,189.7,12.4,-11.255368,-35.166528
RAUL MARTINS,2024-03-22 00:34:11,189.5,12.4,-11.257691,-35.166941
RAUL MARTINS,2024-03-22 00:34:31,189.9,12.3,-11.258766,-35.167138
RAUL MARTINS,2024-03-22 00:35:01,190.3,12.4,-11.260465,-35.167453
RAUL MARTINS,2024-03-22 00:36:40,190.4,12.4,-11.26615,-35.168463
RAUL MARTINS,2024-03-22 00:37:20,190.2,12.3,-11.268363,-35.16886
RAUL MARTINS,2024-03-22 00:51:50,193.2,12.5,-11.31801,-35.178228
RAUL MARTINS,2024-03-22 00:56:20,193.8,12.5,-11.33326,-35.18186
RAUL MARTINS,2024-03-22 00:58:22,193.2,12.5,-11.34016,-35.183506
RAUL MARTINS,2024-03-22 01:00:52,193.5,12.5,-11.348626,-35.185463
RAUL MARTINS,2024-03-22 01:11:22,193.4,12.5,-11.384235,-35.19394
RAUL MARTINS,2024-03-22 01:16:21,193.9,12.6,-11.401185,-35.19798
RAUL MARTINS,2024-03-22 01:26:41,193.4,12.6,-11.436505,-35.206198
RAUL MARTINS,2024-03-22 01:29:40,193.2,12.6,-11.446845,-35.208633
RAUL MARTINS,2024-03-22 01:31:42,192.5,12.6,-11.453696,-35.210203
RAUL MARTINS,2024-03-22 02:03:43,192.7,12.8,-11.563916,-35.235348
RAUL MARTINS,2024-03-22 02:07:41,192.8,12.8,-11.577851,-35.238588
RAUL MARTINS,2024-03-22 02:48:31,192.3,12.8,-11.72033,-35.271788
RAUL MARTINS,2024-03-22 04:13:11,191.8,12.9,-12.017771,-35.339418
RAUL MARTINS,2024-03-22 04:30:51,190.5,12.9,-12.08033,-35.352516
RAUL MARTINS,2024-03-22 04:31:11,191.0,12.9,-12.0815,-35.352753
RAUL MARTINS,2024-03-22 04:32:00,191.0,12.9,-12.084426,-35.353336
RAUL MARTINS,2024-03-22 04:33:11,190.7,12.9,-12.088595,-35.354186
RAUL MARTINS,2024-03-22 04:33:20,191.0,12.9,-12.089123,-35.354295
RAUL MARTINS,2024-03-22 04:33:51,191.5,12.9,-12.090886,-35.354653
RAUL MARTINS,2024-03-22 04:34:11,191.4,12.9,-12.09206,-35.354895
RAUL MARTINS,2024-03-22 04:37:40,190.8,12.9,-12.10445,-35.357405
RAUL MARTINS,2024-03-22 04:48:32,191.4,12.8,-12.142675,-35.365243
RAUL MARTINS,2024-03-22 05:23:21,191.9,13.0,-12.26451,-35.39096
RAUL MARTINS,2024-03-22 05:58:21,190.0,12.9,-12.388486,-35.41421
RAUL MARTINS,2024-03-22 06:31:12,190.8,12.9,-12.504425,-35.434966
RAUL MARTINS,2024-03-22 06:34:12,191.2,12.9,-12.515105,-35.437075
RAUL MARTINS,2024-03-22 06:37:12,190.4,13.0,-12.525818,-35.439178
RAUL MARTINS,2024-03-22 06:40:02,190.6,13.0,-12.535903,-35.44111
RAUL MARTINS,2024-03-22 07:03:31,190.8,13.3,-12.620483,-35.457408
RAUL MARTINS,2024-03-22 07:05:02,190.6,13.3,-12.626035,-35.458483
RAUL MARTINS,2024-03-22 07:06:22,190.9,13.3,-12.630901,-35.459416
RAUL MARTINS,2024-03-22 07:44:43,191.4,13.2,-12.77,-35.486651
RAUL MARTINS,2024-03-22 07:46:21,191.0,13.1,-12.775916,-35.487865
RAUL MARTINS,2024-03-22 07:57:51,191.6,13.2,-12.817551,-35.496421
RAUL MARTINS,2024-03-22 08:41:21,191.3,13.1,-12.974546,-35.5289
RAUL MARTINS,2024-03-22 08:43:52,191.1,13.0,-12.983388,-35.53066
RAUL MARTINS,2024-03-22 08:50:32,190.7,13.0,-13.007141,-35.535438
RAUL MARTINS,2024-03-22 09:30:21,191.6,13.1,-13.150203,-35.563821
RAUL MARTINS,2024-03-22 11:39:31,192.1,13.0,-13.611468,-35.658231
RAUL MARTINS,2024-03-22 12:35:21,192.1,12.8,-13.808415,-35.700436
RAUL MARTINS,2024-03-22 12:35:41,191.9,12.7,-13.809586,-35.700701
RAUL MARTINS,2024-03-22 12:37:21,192.1,12.8,-13.815358,-35.70199
RAUL MARTINS,2024-03-22 12:49:52,191.8,12.7,-13.858775,-35.711535
RAUL MARTINS,2024-03-22 13:22:32,193.0,12.9,-13.972936,-35.736856
RAUL MARTINS,2024-03-22 13:25:00,193.1,12.9,-13.981553,-35.738831
RAUL MARTINS,2024-03-22 13:27:21,193.0,12.9,-13.989795,-35.740681
RAUL MARTINS,2024-03-22 13:27:40,192.4,12.9,-13.990898,-35.74094
RAUL MARTINS,2024-03-22 13:54:30,192.4,12.9,-14.085165,-35.762686
RAUL MARTINS,2024-03-22 14:00:30,193.0,12.8,-14.106241,-35.767576
RAUL MARTINS,2024-03-22 14:04:20,192.5,12.8,-14.11964,-35.770715
RAUL MARTINS,2024-03-22 14:24:41,192.3,12.8,-14.190806,-35.787376
RAUL MARTINS,2024-03-22 14:36:42,192.9,12.9,-14.232868,-35.796881
RAUL MARTINS,2024-03-22 15:03:21,192.2,13.0,-14.326691,-35.817891
RAUL MARTINS,2024-03-22 15:06:52,192.2,12.9,-14.33912,-35.820641
RAUL MARTINS,2024-03-22 15:51:12,192.4,13.0,-14.496683,-35.85514
RAUL MARTINS,2024-03-22 16:28:30,191.8,13.1,-14.629926,-35.884763
RAUL MARTINS,2024-03-22 16:28:59,191.5,13.0,-14.631703,-35.885148
RAUL MARTINS,2024-03-22 16:29:19,191.6,13.0,-14.632833,-35.885416
RAUL MARTINS,2024-03-22 16:29:30,191.4,13.0,-14.633486,-35.88557
RAUL MARTINS,2024-03-22 16:29:49,191.7,13.0,-14.634615,-35.885821
RAUL MARTINS,2024-03-22 16:29:59,191.9,13.0,-14.635208,-35.885948
RAUL MARTINS,2024-03-22 16:30:19,192.4,13.1,-14.636386,-35.886196
RAUL MARTINS,2024-03-22 16:30:30,192.0,13.0,-14.636978,-35.886325
RAUL MARTINS,2024-03-22 16:30:38,192.0,13.0,-14.637571,-35.886456
RAUL MARTINS,2024-03-22 16:30:49,191.7,13.1,-14.638225,-35.886601
RAUL MARTINS,2024-03-22 16:31:19,192.0,13.0,-14.640013,-35.887001
RAUL MARTINS,2024-03-22 16:31:30,192.2,13.0,-14.640603,-35.887135
RAUL MARTINS,2024-03-22 16:31:38,191.9,13.1,-14.641073,-35.887236
RAUL MARTINS,2024-03-22 16:32:38,191.9,13.1,-14.644646,-35.88807
RAUL MARTINS,2024-03-22 16:32:49,192.4,13.1,-14.645301,-35.888238
RAUL MARTINS,2024-03-22 16:33:08,192.2,13.0,-14.646488,-35.888501
RAUL MARTINS,2024-03-22 16:33:19,191.9,13.0,-14.647118,-35.888621
RAUL MARTINS,2024-03-22 16:33:38,191.7,13.0,-14.648171,-35.88884
RAUL MARTINS,2024-03-22 16:34:38,192.1,13.1,-14.651751,-35.889668
RAUL MARTINS,2024-03-22 16:34:49,191.8,13.0,-14.652405,-35.889813
RAUL MARTINS,2024-03-22 16:37:08,191.3,13.0,-14.660645,-35.891585
RAUL MARTINS,2024-03-22 16:42:11,191.9,13.0,-14.678511,-35.895495
RAUL MARTINS,2024-03-22 16:46:01,191.8,13.0,-14.692198,-35.898505
RAUL MARTINS,2024-03-22 17:29:32,191.1,13.2,-14.847623,-35.933505
RAUL MARTINS,2024-03-22 17:33:43,191.5,13.1,-14.862581,-35.936743
RAUL MARTINS,2024-03-22 18:28:31,191.4,13.0,-15.059201,-35.977946
RAUL MARTINS,2024-03-22 18:31:01,190.7,13.0,-15.068076,-35.979738
RAUL MARTINS,2024-03-22 19:17:42,190.7,13.0,-15.23458,-36.01285
RAUL MARTINS,2024-03-22 19:34:51,190.6,13.1,-15.295743,-36.025063
RAUL MARTINS,2024-03-22 19:43:32,190.8,13.1,-15.32681,-36.031145
RAUL MARTINS,2024-03-22 20:41:41,190.1,13.9,-15.53839,-36.070311
RAUL MARTINS,2024-03-22 20:48:03,189.6,13.8,-15.56266,-36.074728
RAUL MARTINS,2024-03-22 20:52:42,190.2,13.8,-15.580321,-36.07797
RAUL MARTINS,2024-03-22 21:20:21,190.8,13.8,-15.685103,-36.098426
RAUL MARTINS,2024-03-22 21:23:42,191.0,13.8,-15.697658,-36.100986
RAUL MARTINS,2024-03-22 21:26:51,191.0,13.7,-15.709575,-36.103403
RAUL MARTINS,2024-03-22 21:36:52,191.2,13.7,-15.747053,-36.110831
RAUL MARTINS,2024-03-22 22:10:52,201.4,13.8,-15.872545,-36.143668
RAUL MARTINS,2024-03-22 22:13:03,201.2,13.7,-15.880303,-36.146835
RAUL MARTINS,2024-03-22 22:17:12,201.3,13.7,-15.89509,-36.15288
RAUL MARTINS,2024-03-22 23:13:32,187.1,13.5,-16.100953,-36.205566
RAUL MARTINS,2024-03-22 23:19:42,186.5,13.6,-16.123945,-36.208426
RAUL MARTINS,2024-03-22 23:27:02,188.1,13.6,-16.151435,-36.211946
RAUL MARTINS,2024-03-22 23:40:13,187.5,13.6,-16.201005,-36.218511
RAUL MARTINS,2024-03-22 23:40:32,187.3,13.6,-16.202211,-36.218663
RAUL MARTINS,2024-03-22 23:41:03,187.5,13.6,-16.204146,-36.218926
RAUL MARTINS,2024-03-22 23:41:43,187.4,13.6,-16.206676,-36.219255
RAUL MARTINS,2024-03-22 23:42:21,187.7,13.6,-16.209141,-36.219586
RAUL MARTINS,2024-03-22 23:42:43,186.8,13.6,-16.210485,-36.219763
RAUL MARTINS,2024-03-22 23:42:52,187.4,13.6,-16.21103,-36.219838
RAUL MARTINS,2024-03-22 23:43:03,187.4,13.6,-16.211673,-36.219926
RAUL MARTINS,2024-03-22 23:43:21,187.6,13.6,-16.212961,-36.220081
RAUL MARTINS,2024-03-22 23:44:03,187.2,13.6,-16.215556,-36.220411
RAUL MARTINS,2024-03-22 23:46:43,187.5,13.6,-16.22556,-36.221741
RAUL MARTINS,2024-03-22 23:52:35,187.1,13.7,-16.247553,-36.224655
RAUL MARTINS,2024-03-22 23:54:42,187.3,13.7,-16.255735,-36.225615
RAUL MARTINS,2024-03-22 23:58:12,185.9,13.7,-16.268913,-36.227276
RAUL MARTINS,2024-03-23 00:00:43,187.2,13.6,-16.278476,-36.22843
RAUL MARTINS,2024-03-23 00:15:11,191.1,13.8,-16.333116,-36.238296
RAUL MARTINS,2024-03-23 00:21:33,191.0,13.8,-16.357155,-36.243201
RAUL MARTINS,2024-03-23 00:21:42,190.7,13.8,-16.357783,-36.24333
RAUL MARTINS,2024-03-23 00:21:51,191.2,13.8,-16.358288,-36.243435
RAUL MARTINS,2024-03-23 00:22:01,191.4,13.8,-16.358925,-36.243558
RAUL MARTINS,2024-03-23 00:22:33,190.9,13.8,-16.360961,-36.243971
RAUL MARTINS,2024-03-23 00:22:42,190.7,13.8,-16.361596,-36.244103
RAUL MARTINS,2024-03-23 00:23:01,190.8,13.8,-16.362735,-36.244341
RAUL MARTINS,2024-03-23 00:23:12,190.3,13.8,-16.363426,-36.244486
RAUL MARTINS,2024-03-23 00:24:33,191.6,13.8,-16.368493,-36.24552
RAUL MARTINS,2024-03-23 00:24:41,191.2,13.8,-16.369058,-36.245631
RAUL MARTINS,2024-03-23 00:27:02,191.7,13.8,-16.377946,-36.247436
RAUL MARTINS,2024-03-23 00:30:03,191.2,13.9,-16.38935,-36.24974
RAUL MARTINS,2024-03-23 00:35:43,190.9,14.0,-16.411063,-36.254001
RAUL MARTINS,2024-03-23 01:01:43,192.5,13.6,-16.509828,-36.27455
RAUL MARTINS,2024-03-23 01:03:54,192.5,13.6,-16.517901,-36.276366
RAUL MARTINS,2024-03-23 01:36:44,192.2,13.5,-16.63897,-36.30364
RAUL MARTINS,2024-03-23 01:38:44,191.7,13.5,-16.646373,-36.30529
RAUL MARTINS,2024-03-23 01:53:24,192.3,13.6,-16.700458,-36.317195
RAUL MARTINS,2024-03-23 01:57:24,191.0,13.5,-16.715218,-36.320383
RAUL MARTINS,2024-03-23 01:59:25,191.8,13.5,-16.722635,-36.321986
RAUL MARTINS,2024-03-23 02:02:45,192.3,13.4,-16.734938,-36.32465
RAUL MARTINS,2024-03-23 03:18:12,195.6,13.4,-17.012368,-36.391816
RAUL MARTINS,2024-03-23 03:50:25,190.7,13.5,-17.129468,-36.421321
RAUL MARTINS,2024-03-23 03:53:25,191.0,13.5,-17.140545,-36.423551
RAUL MARTINS,2024-03-23 04:26:14,191.0,13.7,-17.262841,-36.447516
RAUL MARTINS,2024-03-23 04:46:34,190.6,13.7,-17.339298,-36.462176
RAUL MARTINS,2024-03-23 04:47:19,190.0,13.6,-17.342155,-36.462708
RAUL MARTINS,2024-03-23 04:48:19,190.5,13.6,-17.345855,-36.463411
RAUL MARTINS,2024-03-23 04:48:50,190.1,13.6,-17.347721,-36.463775
RAUL MARTINS,2024-03-23 04:49:00,189.9,13.7,-17.34832,-36.463891
RAUL MARTINS,2024-03-23 04:49:39,190.4,13.7,-17.350885,-36.464383
RAUL MARTINS,2024-03-23 04:50:29,190.5,13.6,-17.354008,-36.464981
RAUL MARTINS,2024-03-23 04:50:39,190.8,13.6,-17.354576,-36.46509
RAUL MARTINS,2024-03-23 04:50:50,190.6,13.6,-17.355268,-36.465223
RAUL MARTINS,2024-03-23 04:51:19,190.4,13.7,-17.357083,-36.46557
RAUL MARTINS,2024-03-23 04:51:29,190.4,13.7,-17.357708,-36.465688
RAUL MARTINS,2024-03-23 04:51:39,190.3,13.7,-17.358331,-36.465806
RAUL MARTINS,2024-03-23 04:52:10,189.6,13.6,-17.360273,-36.466178
RAUL MARTINS,2024-03-23 04:52:19,189.8,13.6,-17.360831,-36.466285
RAUL MARTINS,2024-03-23 04:52:39,190.0,13.6,-17.362136,-36.466536
RAUL MARTINS,2024-03-23 04:53:00,190.3,13.6,-17.363373,-36.46677
RAUL MARTINS,2024-03-23 04:53:10,189.9,13.7,-17.363995,-36.466886
RAUL MARTINS,2024-03-23 04:53:19,190.2,13.6,-17.364553,-36.466991
RAUL MARTINS,2024-03-23 04:53:49,190.4,13.7,-17.366356,-36.467331
RAUL MARTINS,2024-03-23 04:54:10,190.7,13.6,-17.367725,-36.467595
RAUL MARTINS,2024-03-23 04:55:50,190.2,13.6,-17.373905,-36.468778
RAUL MARTINS,2024-03-23 05:29:29,190.3,13.7,-17.500046,-36.491985
RAUL MARTINS,2024-03-23 05:36:29,189.9,13.7,-17.526275,-36.497028
RAUL MARTINS,2024-03-23 05:38:30,190.2,13.6,-17.533885,-36.498526
RAUL MARTINS,2024-03-23 06:03:02,190.6,13.8,-17.625796,-36.515981
RAUL MARTINS,2024-03-23 06:05:21,190.4,13.7,-17.634518,-36.517671
RAUL MARTINS,2024-03-23 06:08:30,189.8,13.8,-17.646458,-36.519958
RAUL MARTINS,2024-03-23 06:12:41,190.4,13.8,-17.662215,-36.522998
RAUL MARTINS,2024-03-23 06:40:09,191.0,13.8,-17.766193,-36.543771
RAUL MARTINS,2024-03-23 06:45:49,191.2,13.8,-17.787625,-36.548203
RAUL MARTINS,2024-03-23 07:45:41,190.4,13.6,-18.013238,-36.594826
RAUL MARTINS,2024-03-23 07:56:21,190.8,13.5,-18.052726,-36.60256
RAUL MARTINS,2024-03-23 08:32:22,192.1,13.6,-18.186033,-36.629375
RAUL MARTINS,2024-03-23 08:36:42,191.1,13.5,-18.202025,-36.632621
RAUL MARTINS,2024-03-23 08:42:11,191.1,13.5,-18.222275,-36.63685
RAUL MARTINS,2024-03-23 10:41:51,194.6,13.7,-18.661273,-36.747475
RAUL MARTINS,2024-03-23 10:44:21,192.2,13.6,-18.670506,-36.749891
RAUL MARTINS,2024-03-23 10:56:00,191.9,13.8,-18.714035,-36.759235
RAUL MARTINS,2024-03-23 11:46:07,186.2,13.6,-18.90367,-36.791178
RAUL MARTINS,2024-03-23 11:50:25,189.5,13.6,-18.919978,-36.793368
RAUL MARTINS,2024-03-23 11:51:47,189.2,13.6,-18.924975,-36.79421
RAUL MARTINS,2024-03-23 11:52:56,189.6,13.5,-18.929326,-36.795011
RAUL MARTINS,2024-03-23 11:53:47,189.8,13.6,-18.932508,-36.79553
RAUL MARTINS,2024-03-23 11:54:47,189.3,13.6,-18.936141,-36.796205
RAUL MARTINS,2024-03-23 12:24:46,190.7,13.6,-19.048078,-36.81689
RAUL MARTINS,2024-03-23 12:25:05,190.3,13.6,-19.049323,-36.817116
RAUL MARTINS,2024-03-23 12:25:46,190.1,13.6,-19.051945,-36.81758
RAUL MARTINS,2024-03-23 12:26:46,190.2,13.5,-19.055623,-36.818268
RAUL MARTINS,2024-03-23 12:26:56,189.8,13.5,-19.056225,-36.818386
RAUL MARTINS,2024-03-23 12:27:46,190.4,13.5,-19.059353,-36.819026
RAUL MARTINS,2024-03-23 12:29:05,190.4,13.5,-19.064233,-36.819998
RAUL MARTINS,2024-03-23 13:21:47,190.9,13.4,-19.258378,-36.85854
RAUL MARTINS,2024-03-23 13:31:27,190.6,13.5,-19.294155,-36.86552
RAUL MARTINS,2024-03-23 13:34:27,190.1,13.6,-19.305333,-36.867671
RAUL MARTINS,2024-03-23 13:38:46,190.4,13.7,-19.321496,-36.870761
RAUL MARTINS,2024-03-23 14:13:46,189.5,13.8,-19.452998,-36.894935
RAUL MARTINS,2024-03-23 14:40:06,189.4,13.6,-19.55162,-36.912863
RAUL MARTINS,2024-03-23 14:47:16,189.5,13.5,-19.578491,-36.917635
RAUL MARTINS,2024-03-23 14:52:06,189.0,13.6,-19.596548,-36.920825
RAUL MARTINS,2024-03-23 15:18:56,234.1,13.6,-19.671598,-36.979668
RAUL MARTINS,2024-03-23 15:24:56,233.4,13.5,-19.685126,-36.999098
RAUL MARTINS,2024-03-23 15:36:46,233.1,13.5,-19.711635,-37.036895
RAUL MARTINS,2024-03-23 15:38:56,233.7,13.5,-19.7165,-37.043856
RAUL MARTINS,2024-03-23 15:44:06,233.9,13.4,-19.728113,-37.060175
RAUL MARTINS,2024-03-23 15:47:06,234.0,13.4,-19.73466,-37.069798
RAUL MARTINS,2024-03-23 16:20:56,234.2,13.1,-19.809265,-37.176421
RAUL MARTINS,2024-03-23 16:21:26,233.8,13.1,-19.810326,-37.177976
RAUL MARTINS,2024-03-23 16:22:06,234.2,13.1,-19.811751,-37.180088
RAUL MARTINS,2024-03-23 16:33:17,236.2,13.1,-19.835706,-37.21521
RAUL MARTINS,2024-03-23 16:36:27,234.5,13.1,-19.84237,-37.225315
RAUL MARTINS,2024-03-23 16:43:04,234.6,13.2,-19.856176,-37.246485
RAUL MARTINS,2024-03-23 16:43:44,234.2,13.2,-19.857618,-37.24867
RAUL MARTINS,2024-03-23 16:45:23,234.7,13.2,-19.861015,-37.25385
RAUL MARTINS,2024-03-23 16:46:14,235.0,13.2,-19.862808,-37.256556
RAUL MARTINS,2024-03-23 16:47:44,235.1,13.2,-19.86599,-37.261346
RAUL MARTINS,2024-03-23 16:48:14,235.0,13.2,-19.866996,-37.262915
RAUL MARTINS,2024-03-23 16:48:23,234.9,13.2,-19.867345,-37.263448
RAUL MARTINS,2024-03-23 16:49:05,234.6,13.3,-19.868841,-37.265681
RAUL MARTINS,2024-03-23 16:51:14,233.7,13.3,-19.873505,-37.272536
RAUL MARTINS,2024-03-23 16:51:34,233.7,13.2,-19.874195,-37.27353
RAUL MARTINS,2024-03-23 16:53:44,234.0,13.2,-19.878978,-37.280428
RAUL MARTINS,2024-03-23 18:27:24,235.9,13.3,-20.073586,-37.580726
RAUL MARTINS,2024-03-23 19:17:56,236.8,13.0,-20.176405,-37.744128
RAUL MARTINS,2024-03-23 19:44:27,236.3,12.8,-20.227818,-37.829208
RAUL MARTINS,2024-03-23 19:50:06,236.6,12.8,-20.239115,-37.846951
RAUL MARTINS,2024-03-23 19:54:26,236.8,12.7,-20.247753,-37.860831
RAUL MARTINS,2024-03-23 20:16:27,236.1,12.9,-20.290853,-37.930308
RAUL MARTINS,2024-03-23 20:19:17,236.8,12.9,-20.296465,-37.939338
RAUL MARTINS,2024-03-23 20:24:37,235.5,13.0,-20.307281,-37.956173
RAUL MARTINS,2024-03-23 20:27:37,235.6,12.9,-20.31347,-37.965581
RAUL MARTINS,2024-03-23 20:34:28,234.2,12.9,-20.32751,-37.987018
RAUL MARTINS,2024-03-23 20:38:46,235.4,12.7,-20.336256,-38.00038
RAUL MARTINS,2024-03-23 21:15:46,234.8,13.0,-20.412626,-38.116366
RAUL MARTINS,2024-03-23 21:42:07,233.1,12.5,-20.46753,-38.195768
RAUL MARTINS,2024-03-23 21:50:36,235.2,12.2,-20.484686,-38.220905
RAUL MARTINS,2024-03-23 22:15:16,235.1,12.6,-20.535296,-38.295178
RAUL MARTINS,2024-03-23 22:19:08,236.2,12.7,-20.54298,-38.307051
RAUL MARTINS,2024-03-23 22:21:57,235.0,12.9,-20.548746,-38.315865
RAUL MARTINS,2024-03-23 22:51:47,235.9,11.9,-20.60668,-38.407335
RAUL MARTINS,2024-03-23 22:53:57,235.6,12.0,-20.610685,-38.413676
RAUL MARTINS,2024-03-23 22:56:58,234.4,12.5,-20.616501,-38.422661
RAUL MARTINS,2024-03-23 23:26:46,235.1,12.3,-20.67469,-38.512311
RAUL MARTINS,2024-03-23 23:32:27,234.8,12.0,-20.685188,-38.528766
RAUL MARTINS,2024-03-23 23:37:35,235.7,12.1,-20.695093,-38.54372
RAUL MARTINS,2024-03-23 23:37:45,235.2,11.9,-20.69542,-38.544221
RAUL MARTINS,2024-03-23 23:37:55,234.9,12.1,-20.695746,-38.544706
RAUL MARTINS,2024-03-23 23:38:35,236.3,12.1,-20.697065,-38.54676
RAUL MARTINS,2024-03-23 23:38:55,235.2,11.9,-20.697698,-38.547715
RAUL MARTINS,2024-03-23 23:40:25,234.6,12.0,-20.700471,-38.551971
RAUL MARTINS,2024-03-23 23:40:26,234.6,12.0,-20.700471,-38.551971
RAUL MARTINS,2024-03-23 23:58:47,234.4,11.8,-20.735625,-38.605545
RAUL MARTINS,2024-03-24 00:01:47,235.6,12.3,-20.741371,-38.614266
RAUL MARTINS,2024-03-24 00:04:06,233.8,12.5,-20.746008,-38.621156
RAUL MARTINS,2024-03-24 00:07:06,236.8,11.8,-20.751656,-38.62994
RAUL MARTINS,2024-03-24 00:10:26,233.7,12.4,-20.758255,-38.63982
RAUL MARTINS,2024-03-24 00:26:16,236.5,12.0,-20.787866,-38.68594
RAUL MARTINS,2024-03-24 00:36:27,234.9,12.4,-20.807401,-38.716025
RAUL MARTINS,2024-03-24 00:39:06,238.4,11.5,-20.812438,-38.723953
RAUL MARTINS,2024-03-24 01:01:10,235.5,12.5,-20.853751,-38.78938
RAUL MARTINS,2024-03-24 01:11:16,236.4,11.8,-20.872146,-38.819845
RAUL MARTINS,2024-03-24 01:15:37,237.3,11.4,-20.879765,-38.83247
RAUL MARTINS,2024-03-24 01:15:46,238.5,11.5,-20.880058,-38.832963
RAUL MARTINS,2024-03-24 01:35:57,239.7,11.9,-20.91665,-38.893588
RAUL MARTINS,2024-03-24 01:43:16,236.7,12.0,-20.929136,-38.915166
RAUL MARTINS,2024-03-24 02:40:46,237.3,12.3,-21.037151,-39.088455
RAUL MARTINS,2024-03-24 02:52:36,235.5,11.5,-21.059403,-39.123688
RAUL MARTINS,2024-03-24 03:28:46,236.5,12.2,-21.126365,-39.228398
RAUL MARTINS,2024-03-24 03:34:14,235.4,12.2,-21.13693,-39.244798
RAUL MARTINS,2024-03-24 03:52:07,234.0,12.2,-21.170593,-39.297865
RAUL MARTINS,2024-03-24 03:56:06,235.9,12.2,-21.177988,-39.309658
RAUL MARTINS,2024-03-24 04:01:47,235.8,11.5,-21.18855,-39.326431
RAUL MARTINS,2024-03-24 04:27:46,232.3,11.6,-21.2374,-39.399918
RAUL MARTINS,2024-03-24 04:34:47,233.7,11.7,-21.250516,-39.41933
RAUL MARTINS,2024-03-24 05:04:46,234.9,11.6,-21.307775,-39.506143
RAUL MARTINS,2024-03-24 05:05:15,235.8,11.6,-21.308708,-39.507621
RAUL MARTINS,2024-03-24 05:05:36,235.3,11.8,-21.309356,-39.508633
RAUL MARTINS,2024-03-24 05:06:15,237.9,11.7,-21.310565,-39.510515
RAUL MARTINS,2024-03-24 05:07:15,237.3,12.0,-21.312441,-39.513443
RAUL MARTINS,2024-03-24 05:07:25,238.4,11.9,-21.312778,-39.513986
RAUL MARTINS,2024-03-24 05:07:36,237.3,11.9,-21.31312,-39.514523
RAUL MARTINS,2024-03-24 05:07:44,238.7,11.9,-21.313368,-39.51491
RAUL MARTINS,2024-03-24 05:08:55,236.9,12.0,-21.315583,-39.518443
RAUL MARTINS,2024-03-24 05:09:45,237.0,12.1,-21.317095,-39.520781
RAUL MARTINS,2024-03-24 05:09:55,237.8,12.2,-21.317443,-39.521325
RAUL MARTINS,2024-03-24 05:10:15,238.0,11.9,-21.318063,-39.522305
RAUL MARTINS,2024-03-24 05:10:34,235.0,11.9,-21.31865,-39.523225
RAUL MARTINS,2024-03-24 05:38:56,233.3,11.9,-21.37086,-39.604435
RAUL MARTINS,2024-03-24 05:43:26,237.6,12.2,-21.379736,-39.617496
RAUL MARTINS,2024-03-24 06:13:07,237.9,10.7,-21.43521,-39.699598
RAUL MARTINS,2024-03-24 06:55:07,234.1,10.8,-21.511213,-39.808735
RAUL MARTINS,2024-03-24 07:27:37,231.4,10.9,-21.57038,-39.887843
RAUL MARTINS,2024-03-24 07:40:26,226.5,11.0,-21.594046,-39.91871
RAUL MARTINS,2024-03-24 07:42:46,227.3,11.3,-21.598851,-39.924498
RAUL MARTINS,2024-03-24 09:27:16,230.8,10.6,-21.812711,-40.183441
RAUL MARTINS,2024-03-24 09:38:07,240.9,10.8,-21.834546,-40.210495
RAUL MARTINS,2024-03-24 09:44:27,237.8,10.3,-21.84577,-40.22602
RAUL MARTINS,2024-03-24 10:18:37,222.9,10.7,-21.911761,-40.3147
RAUL MARTINS,2024-03-24 11:25:07,230.6,11.3,-22.046041,-40.480203
RAUL MARTINS,2024-03-24 11:28:46,237.5,11.5,-22.053421,-40.489675
RAUL MARTINS,2024-03-24 11:45:05,231.5,11.1,-22.08589,-40.532405
RAUL MARTINS,2024-03-24 11:45:26,231.5,10.8,-22.086566,-40.533281
RAUL MARTINS,2024-03-24 11:46:05,232.3,11.2,-22.087786,-40.534891
RAUL MARTINS,2024-03-24 11:47:26,232.7,11.2,-22.090455,-40.538421
RAUL MARTINS,2024-03-24 11:48:56,230.3,11.3,-22.093346,-40.542278
RAUL MARTINS,2024-03-24 11:49:36,231.8,11.3,-22.094695,-40.544011
RAUL MARTINS,2024-03-24 11:54:35,226.5,11.2,-22.104438,-40.557168
RAUL MARTINS,2024-03-24 12:16:47,228.1,11.5,-22.150601,-40.61187
RAUL MARTINS,2024-03-24 12:17:07,228.0,11.5,-22.151286,-40.612656
RAUL MARTINS,2024-03-24 12:19:25,229.2,11.4,-22.156403,-40.618395
RAUL MARTINS,2024-03-24 12:20:47,222.3,11.5,-22.15938,-40.621768
RAUL MARTINS,2024-03-24 12:40:56,233.3,11.7,-22.200426,-40.674205
RAUL MARTINS,2024-03-24 13:03:46,234.4,11.6,-22.243958,-40.737088
RAUL MARTINS,2024-03-24 13:06:17,238.2,11.6,-22.248806,-40.744123
RAUL MARTINS,2024-03-24 13:08:26,232.3,11.8,-22.25299,-40.750091
RAUL MARTINS,2024-03-24 13:11:26,236.7,11.7,-22.25891,-40.758456
RAUL MARTINS,2024-03-24 13:14:16,226.8,11.6,-22.264388,-40.766415
RAUL MARTINS,2024-03-24 13:45:36,226.1,11.9,-22.326975,-40.853911
RAUL MARTINS,2024-03-24 14:16:18,234.2,12.0,-22.39126,-40.938263
RAUL MARTINS,2024-03-24 14:37:46,232.7,11.7,-22.436993,-40.996796
RAUL MARTINS,2024-03-24 14:45:07,234.5,11.6,-22.452131,-41.016881
RAUL MARTINS,2024-03-24 14:49:07,224.6,11.9,-22.460758,-41.027208
RAUL MARTINS,2024-03-24 14:51:27,234.2,11.9,-22.465968,-41.033296
RAUL MARTINS,2024-03-24 16:05:07,246.1,11.5,-22.628593,-41.224595
RAUL MARTINS,2024-03-24 16:26:46,244.3,12.1,-22.663866,-41.292215
RAUL MARTINS,2024-03-24 16:29:16,241.9,12.0,-22.667805,-41.300148
RAUL MARTINS,2024-03-24 16:47:25,244.6,12.6,-22.697755,-41.359313
RAUL MARTINS,2024-03-24 16:48:35,243.4,12.4,-22.699686,-41.363218
RAUL MARTINS,2024-03-24 16:49:15,247.9,12.6,-22.700713,-41.365431
RAUL MARTINS,2024-03-24 16:53:56,239.1,12.4,-22.708248,-41.380803
RAUL MARTINS,2024-03-24 17:01:45,237.0,12.4,-22.721191,-41.40641
RAUL MARTINS,2024-03-24 17:02:34,243.3,12.3,-22.72256,-41.409136
RAUL MARTINS,2024-03-24 17:10:13,242.1,12.2,-22.735128,-41.434036
RAUL MARTINS,2024-03-24 17:10:24,248.1,12.1,-22.735413,-41.434633
RAUL MARTINS,2024-03-24 17:15:27,238.1,12.6,-22.743695,-41.451026
RAUL MARTINS,2024-03-24 17:19:36,244.1,12.4,-22.7507,-41.464751
RAUL MARTINS,2024-03-24 17:20:46,240.5,12.3,-22.75261,-41.468535
RAUL MARTINS,2024-03-24 17:22:56,236.3,12.2,-22.756181,-41.47553
RAUL MARTINS,2024-03-24 18:05:06,248.2,12.3,-22.822811,-41.61215
RAUL MARTINS,2024-03-24 18:23:57,241.9,12.2,-22.852473,-41.672665
RAUL MARTINS,2024-03-24 18:39:45,240.3,12.1,-22.878026,-41.72324
RAUL MARTINS,2024-03-24 18:40:04,242.4,12.2,-22.878556,-41.724301
RAUL MARTINS,2024-03-24 18:42:04,244.3,12.2,-22.881885,-41.730613
RAUL MARTINS,2024-03-24 18:42:45,241.2,12.3,-22.883053,-41.73282
RAUL MARTINS,2024-03-24 18:43:04,242.8,12.1,-22.883583,-41.733833
RAUL MARTINS,2024-03-24 18:58:07,236.8,12.1,-22.908993,-41.781838
RAUL MARTINS,2024-03-24 19:04:27,243.9,12.3,-22.91976,-41.801821
RAUL MARTINS,2024-03-24 19:17:47,231.6,12.1,-22.943736,-41.842478
RAUL MARTINS,2024-03-24 19:55:06,236.1,12.3,-23.016771,-41.953475
RAUL MARTINS,2024-03-24 19:58:47,232.1,12.3,-23.024166,-41.964635
RAUL MARTINS,2024-03-24 20:12:37,218.6,9.8,-23.051565,-42.000598
RAUL MARTINS,2024-03-24 20:13:37,226.7,10.1,-23.053511,-42.002848
RAUL MARTINS,2024-03-24 20:29:16,239.5,10.7,-23.081895,-42.043113
RAUL MARTINS,2024-03-24 20:34:56,243.3,11.2,-23.090843,-42.059211
RAUL MARTINS,2024-03-24 20:49:06,243.3,10.9,-23.110965,-42.10033
RAUL MARTINS,2024-03-24 21:03:45,246.8,11.0,-23.128065,-42.145233
RAUL MARTINS,2024-03-24 21:06:45,262.5,11.0,-23.129846,-42.154976
RAUL MARTINS,2024-03-24 21:21:24,263.9,11.3,-23.134786,-42.204066
RAUL MARTINS,2024-03-24 21:35:15,268.6,11.4,-23.136148,-42.250055
RAUL MARTINS,2024-03-24 21:40:45,275.2,11.1,-23.135161,-42.268456
RAUL MARTINS,2024-03-24 21:47:25,272.9,11.3,-23.134123,-42.291101
RAUL MARTINS,2024-03-24 22:11:36,264.9,11.5,-23.137,-42.373001
RAUL MARTINS,2024-03-24 22:14:07,264.7,11.4,-23.137455,-42.381743
RAUL MARTINS,2024-03-24 22:26:06,271.6,11.7,-23.139793,-42.4233
RAUL MARTINS,2024-03-24 22:30:57,272.5,11.5,-23.14031,-42.440325
RAUL MARTINS,2024-03-24 23:00:07,278.2,10.5,-23.13817,-42.534303
RAUL MARTINS,2024-03-24 23:03:26,269.2,10.5,-23.137451,-42.544826
RAUL MARTINS,2024-03-24 23:08:37,274.2,10.7,-23.13633,-42.56122
RAUL MARTINS,2024-03-24 23:34:35,269.8,10.1,-23.130371,-42.641913
RAUL MARTINS,2024-03-24 23:36:16,272.7,10.1,-23.129991,-42.646986
RAUL MARTINS,2024-03-24 23:44:16,272.2,10.2,-23.128575,-42.671383
RAUL MARTINS,2024-03-24 23:57:56,273.3,10.3,-23.126151,-42.712863
RAUL MARTINS,2024-03-25 00:13:48,269.7,9.8,-23.123421,-42.761185
RAUL MARTINS,2024-03-25 00:43:27,275.1,9.8,-23.122193,-42.850121
RAUL MARTINS,2024-03-25 00:46:57,273.3,10.0,-23.12199,-42.860586
RAUL MARTINS,2024-03-25 00:53:08,272.2,9.8,-23.12173,-42.879293
RAUL MARTINS,2024-03-25 01:05:46,275.4,10.2,-23.120535,-42.917608
RAUL MARTINS,2024-03-25 01:06:25,269.5,10.4,-23.12046,-42.919621
RAUL MARTINS,2024-03-25 01:06:55,271.8,10.2,-23.12038,-42.921116
RAUL MARTINS,2024-03-25 01:07:25,266.9,10.4,-23.120355,-42.922773
RAUL MARTINS,2024-03-25 01:07:46,272.8,10.3,-23.120306,-42.923815
RAUL MARTINS,2024-03-25 01:08:55,268.0,10.3,-23.120148,-42.927395
RAUL MARTINS,2024-03-25 01:09:15,266.2,10.5,-23.120106,-42.928421
RAUL MARTINS,2024-03-25 01:09:25,266.0,10.3,-23.120095,-42.928936
RAUL MARTINS,2024-03-25 01:11:25,273.6,10.3,-23.119818,-42.935103
RAUL MARTINS,2024-03-25 01:12:15,270.3,10.3,-23.119725,-42.937691
RAUL MARTINS,2024-03-25 01:13:15,275.8,10.4,-23.119553,-42.940828
RAUL MARTINS,2024-03-25 01:13:36,276.7,10.5,-23.119493,-42.941923
RAUL MARTINS,2024-03-25 01:40:17,327.8,11.4,-23.098891,-43.020746
RAUL MARTINS,2024-03-25 01:43:07,319.3,10.8,-23.091658,-43.02641
RAUL MARTINS,2024-03-25 02:21:17,325.9,8.9,-23.024855,-43.102396
RAUL MARTINS,2024-03-25 02:27:17,326.5,7.2,-23.014428,-43.111325
RAUL MARTINS,2024-03-25 03:18:46,335.8,7.4,-22.907718,-43.145211
RAUL MARTINS,2024-03-25 03:37:57,2.1,7.9,-22.868425,-43.154723
RAUL MARTINS,2024-03-25 03:49:46,7.8,7.0,-22.843801,-43.153903
RAUL MARTINS,2024-03-25 03:50:37,16.9,6.9,-22.842183,-43.153475
RAUL MARTINS,2024-03-25 03:50:46,17.8,6.9,-22.841948,-43.153388
RAUL MARTINS,2024-03-25 03:51:57,20.3,6.4,-22.839908,-43.152575
RAUL MARTINS,2024-03-25 03:52:06,20.3,6.3,-22.839655,-43.152483
RAUL MARTINS,2024-03-25 03:52:37,20.7,6.2,-22.838811,-43.15215
RAUL MARTINS,2024-03-25 03:52:57,21.3,6.1,-22.838293,-43.151926
RAUL MARTINS,2024-03-25 04:06:27,281.8,0.5,-22.824343,-43.144468
RAUL MARTINS,2024-03-25 04:40:26,97.8,0.6,-22.82048,-43.143915
RAUL MARTINS,2024-03-25 04:44:57,115.1,0.4,-22.820666,-43.14324
RAUL MARTINS,2024-03-25 05:13:56,293.8,0.0,-22.821148,-43.142321
RAUL MARTINS,2024-03-25 05:16:56,160.7,0.0,-22.821125,-43.142308
RAUL MARTINS,2024-03-25 05:19:37,152.4,0.1,-22.821156,-43.142323
RAUL MARTINS,2024-03-25 05:23:17,319.8,0.0,-22.821156,-43.142245
RAUL MARTINS,2024-03-25 05:24:07,317.3,0.0,-22.821176,-43.142243
RAUL MARTINS,2024-03-25 05:24:37,317.3,0.0,-22.821191,-43.142233
RAUL MARTINS,2024-03-25 05:24:55,311.9,0.0,-22.82119,-43.14222
RAUL MARTINS,2024-03-25 05:25:55,194.2,0.0,-22.821183,-43.142211
RAUL MARTINS,2024-03-25 05:26:37,190.4,0.0,-22.821173,-43.142208
RAUL MARTINS,2024-03-25 05:26:55,168.6,0.1,-22.821171,-43.142203
RAUL MARTINS,2024-03-25 05:28:37,174.6,0.1,-22.821188,-43.142215
RAUL MARTINS,2024-03-25 05:30:57,166.2,0.0,-22.82121,-43.142166
RAUL MARTINS,2024-03-25 05:48:05,174.0,0.0,-22.821388,-43.141956
RAUL MARTINS,2024-03-25 05:54:35,217.9,0.1,-22.821478,-43.14201
RAUL MARTINS,2024-03-25 06:22:57,154.8,0.2,-22.821603,-43.142078
RAUL MARTINS,2024-03-25 06:28:17,157.2,0.2,-22.821918,-43.14197
RAUL MARTINS,2024-03-25 06:44:56,189.7,0.2,-22.82301,-43.14154
RAUL MARTINS,2024-03-25 07:04:16,217.1,0.2,-22.824378,-43.142083
RAUL MARTINS,2024-03-25 07:28:36,210.0,0.2,-22.825043,-43.14286
RAUL MARTINS,2024-03-25 07:35:27,231.4,0.3,-22.82546,-43.143273
RAUL MARTINS,2024-03-25 08:20:57,245.9,0.0,-22.825606,-43.144098
RAUL MARTINS,2024-03-25 08:44:26,274.1,0.0,-22.825588,-43.144223
RAUL MARTINS,2024-03-25 09:20:07,154.3,0.0,-22.825598,-43.144306
RAUL MARTINS,2024-03-25 10:25:35,184.3,0.0,-22.825373,-43.144835
RAUL MARTINS,2024-03-25 10:28:55,335.8,0.0,-22.82542,-43.144811
RAUL MARTINS,2024-03-25 11:40:26,239.9,0.1,-22.825021,-43.14518
RAUL MARTINS,2024-03-25 11:45:45,165.7,0.0,-22.825085,-43.145201
RAUL MARTINS,2024-03-25 11:46:36,165.7,0.0,-22.825093,-43.145206
RAUL MARTINS,2024-03-25 12:06:35,201.7,0.0,-22.82509,-43.145078
RAUL MARTINS,2024-03-25 12:07:07,201.7,0.0,-22.825083,-43.145055
RAUL MARTINS,2024-03-25 12:08:07,159.3,0.0,-22.825118,-43.145041
RAUL MARTINS,2024-03-25 12:09:16,159.3,0.0,-22.825153,-43.145088
RAUL MARTINS,2024-03-25 13:16:16,292.5,0.1,-22.824841,-43.145455
RAUL MARTINS,2024-03-25 13:16:25,295.3,0.1,-22.824838,-43.145458
RAUL MARTINS,2024-03-25 13:16:57,295.7,0.1,-22.824833,-43.145468
RAUL MARTINS,2024-03-25 13:17:57,303.4,0.1,-22.824821,-43.145473
RAUL MARTINS,2024-03-25 13:24:36,344.2,0.1,-22.82478,-43.145553
RAUL MARTINS,2024-03-25 14:25:06,354.1,0.3,-22.823228,-43.146335
RAUL MARTINS,2024-03-25 14:32:47,17.5,0.6,-22.82232,-43.14631
RAUL MARTINS,2024-03-25 15:03:26,96.9,0.0,-22.82093,-43.143978
RAUL MARTINS,2024-03-25 15:28:37,2.6,0.1,-22.82096,-43.143551
RAUL MARTINS,2024-03-25 16:16:07,93.1,0.0,-22.82094,-43.143203
RAUL MARTINS,2024-03-25 16:22:07,127.5,0.0,-22.820888,-43.143096
RAUL MARTINS,2024-03-25 16:24:56,122.8,0.0,-22.820855,-43.143178
RAUL MARTINS,2024-03-25 17:15:55,269.9,0.0,-22.82094,-43.14317
RAUL MARTINS,2024-03-25 17:16:16,269.9,0.0,-22.820936,-43.143175
RAUL MARTINS,2024-03-25 17:17:36,304.8,0.0,-22.820926,-43.143203
RAUL MARTINS,2024-03-25 17:17:56,304.8,0.0,-22.820918,-43.143215
RAUL MARTINS,2024-03-25 17:18:15,304.8,0.0,-22.820921,-43.143203
RAUL MARTINS,2024-03-25 17:18:36,304.8,0.0,-22.820911,-43.143213
RAUL MARTINS,2024-03-25 17:19:15,304.8,0.0,-22.820911,-43.143225
RAUL MARTINS,2024-03-25 17:19:36,304.8,0.0,-22.820923,-43.143213
RAUL MARTINS,2024-03-25 17:20:15,304.8,0.0,-22.82093,-43.14321
RAUL MARTINS,2024-03-25 17:21:36,304.8,0.0,-22.820943,-43.14319
RAUL MARTINS,2024-03-25 17:22:25,162.0,0.0,-22.820938,-43.1432
RAUL MARTINS,2024-03-25 17:24:05,165.2,0.0,-22.820958,-43.143185
RAUL MARTINS,2024-03-25 17:24:15,165.2,0.0,-22.82096,-43.14318
RAUL MARTINS,2024-03-25 17:24:45,165.2,0.0,-22.820966,-43.143183
RAUL MARTINS,2024-03-25 18:04:27,242.6,0.1,-22.820885,-43.14348
RAUL MARTINS,2024-03-25 18:08:47,254.3,0.1,-22.820921,-43.143531
RAUL MARTINS,2024-03-25 18:24:15,211.1,0.1,-22.820861,-43.143638
RAUL MARTINS,2024-03-25 18:58:47,252.2,0.1,-22.820801,-43.144103
RAUL MARTINS,2024-03-25 18:59:04,265.8,0.1,-22.820805,-43.144121
RAUL MARTINS,2024-03-25 19:00:04,274.0,0.1,-22.820766,-43.1442
RAUL MARTINS,2024-03-25 19:10:56,115.7,0.0,-22.82081,-43.144296
RAUL MARTINS,2024-03-25 21:00:00,228.4,0.0,-22.825445,-43.144626
RAUL MARTINS,2024-03-25 22:38:58,141.4,0.1,-22.82559,-43.144658
RAUL MARTINS,2024-03-25 23:14:57,285.6,0.1,-22.825461,-43.144886
RAUL MARTINS,2024-03-26 03:41:58,86.7,0.4,-22.821056,-43.144155
RAUL MARTINS,2024-03-26 05:44:58,163.5,0.0,-22.821285,-43.14282
RAUL MARTINS,2024-03-26 13:33:00,327.2,0.0,-22.824975,-43.145343
RAUL MARTINS,2024-03-26 14:33:00,315.9,0.1,-22.824576,-43.14561
RAUL MARTINS,2024-03-26 15:23:59,82.3,0.4,-22.821033,-43.144591
RAUL MARTINS,2024-03-26 16:18:01,95.8,0.0,-22.820988,-43.143081
RAUL MARTINS,2024-03-26 21:26:58,283.3,0.0,-22.825781,-43.14382
RAUL MARTINS,2024-03-27 01:00:00,322.3,0.1,-22.825065,-43.145286
RAUL MARTINS,2024-03-27 01:02:57,321.3,0.1,-22.82501,-43.145346
RAUL MARTINS,2024-03-27 04:00:01,327.7,0.0,-22.820986,-43.143343
RAUL MARTINS,2024-03-27 04:59:58,111.5,0.0,-22.821106,-43.142635
RAUL MARTINS,2024-03-27 04:59:59,111.5,0.0,-22.821106,-43.142635
RAUL MARTINS,2024-03-27 05:03:01,114.9,0.0,-22.821113,-43.142568
RAUL MARTINS,2024-03-27 06:27:01,293.3,0.0,-22.821005,-43.142776
RAUL MARTINS,2024-03-27 16:50:57,223.7,0.1,-22.821088,-43.142975
RAUL MARTINS,2024-03-27 16:56:59,186.4,0.0,-22.82109,-43.142978
RAUL MARTINS,2024-03-27 20:32:58,203.0,0.0,-22.821461,-43.143793
RAUL MARTINS,2024-03-27 22:26:59,201.4,0.0,-22.825745,-43.144596
RAUL MARTINS,2024-03-27 23:38:58,297.7,0.1,-22.825781,-43.144425
RAUL MARTINS,2024-03-28 01:11:57,5.5,0.0,-22.825531,-43.14493
RAUL MARTINS,2024-03-28 04:06:00,28.3,0.3,-22.82258,-43.146088
RAUL MARTINS,2024-03-28 06:18:01,146.2,0.0,-22.821393,-43.14273
RAUL MARTINS,2024-03-28 09:18:00,276.1,0.0,-22.825645,-43.144483
RAUL MARTINS,2024-03-28 12:47:58,269.9,0.0,-22.825416,-43.144748
RAUL MARTINS,2024-03-28 18:11:57,175.2,0.1,-22.82141,-43.143063
RAUL MARTINS,2024-03-28 18:14:56,183.2,0.0,-22.821365,-43.143053
RAUL MARTINS,2024-03-28 18:21:00,183.2,0.0,-22.821391,-43.143046
RAUL MARTINS,2024-03-28 18:33:00,265.2,0.1,-22.821491,-43.14323
RAUL MARTINS,2024-03-28 18:59:59,75.0,0.1,-22.821325,-43.143405
RAUL MARTINS,2024-03-28 19:47:58,275.4,0.1,-22.82153,-43.143995
RAUL MARTINS,2024-03-29 04:17:59,352.6,0.0,-22.824993,-43.14506
RAUL MARTINS,2024-03-29 07:11:57,253.8,0.1,-22.821206,-43.144248
RAUL MARTINS,2024-03-29 08:20:59,159.7,0.2,-22.824093,-43.146288
RAUL MARTINS,2024-03-29 15:57:00,46.6,0.2,-22.824758,-43.142433
RAUL MARTINS,2024-03-29 16:47:57,330.3,0.0,-22.821928,-43.142226
RAUL MARTINS,2024-03-29 17:54:00,311.9,0.0,-22.821165,-43.143273
RAUL MARTINS,2024-03-29 21:36:00,107.9,0.1,-22.82551,-43.144671
RAUL MARTINS,2024-03-29 23:18:16,167.1,7.1,-22.888555,-43.152546
RAUL MARTINS,2024-03-29 23:26:35,163.4,10.1,-22.907296,-43.14755
RAUL MARTINS,2024-03-29 23:29:35,160.7,10.3,-22.915611,-43.144565
RAUL MARTINS,2024-03-29 23:49:45,181.7,10.9,-22.967131,-43.139201
RAUL MARTINS,2024-03-30 00:24:25,118.6,11.1,-23.065091,-43.087303
RAUL MARTINS,2024-03-30 00:40:36,120.4,10.7,-23.083455,-43.03736
RAUL MARTINS,2024-03-30 00:40:38,120.4,10.7,-23.083455,-43.03736
RAUL MARTINS,2024-03-30 00:41:07,125.9,10.7,-23.084241,-43.036061
RAUL MARTINS,2024-03-30 00:41:38,129.8,10.7,-23.085155,-43.03477
RAUL MARTINS,2024-03-30 00:42:07,132.4,10.8,-23.0861,-43.033608
RAUL MARTINS,2024-03-30 00:42:38,135.1,10.7,-23.087211,-43.032395
RAUL MARTINS,2024-03-30 00:42:47,136.3,10.6,-23.087541,-43.032061
RAUL MARTINS,2024-03-30 00:43:05,139.6,10.6,-23.088291,-43.031338
RAUL MARTINS,2024-03-30 00:43:07,139.6,10.6,-23.088291,-43.031338
RAUL MARTINS,2024-03-30 00:43:47,142.7,10.8,-23.089838,-43.029993
RAUL MARTINS,2024-03-30 00:44:16,146.9,10.6,-23.091028,-43.029108
RAUL MARTINS,2024-03-30 00:44:45,150.0,10.8,-23.092366,-43.02826
RAUL MARTINS,2024-03-30 00:45:05,152.1,10.8,-23.093205,-43.027765
RAUL MARTINS,2024-03-30 00:46:05,159.0,10.9,-23.096016,-43.026416
RAUL MARTINS,2024-03-30 00:48:28,174.5,11.0,-23.102961,-43.024715
RAUL MARTINS,2024-03-30 00:48:57,177.7,11.0,-23.104435,-43.024618
RAUL MARTINS,2024-03-30 00:49:37,181.0,11.0,-23.106416,-43.024633
RAUL MARTINS,2024-03-30 00:56:04,193.2,12.1,-23.127268,-43.02973
RAUL MARTINS,2024-03-30 00:59:04,213.7,12.3,-23.13637,-43.034503
RAUL MARTINS,2024-03-30 01:05:35,243.6,12.3,-23.152841,-43.050613
RAUL MARTINS,2024-03-30 01:30:57,293.5,12.9,-23.13101,-43.143415
RAUL MARTINS,2024-03-30 01:51:53,221.3,10.4,-23.110348,-43.217088
RAUL MARTINS,2024-03-30 01:52:14,213.2,10.4,-23.11116,-43.217738
RAUL MARTINS,2024-03-30 01:58:47,123.1,9.4,-23.126356,-43.213473
RAUL MARTINS,2024-03-30 02:09:36,96.9,11.5,-23.132606,-43.179735
RAUL MARTINS,2024-03-30 02:13:46,100.7,11.7,-23.13495,-43.165491
RAUL MARTINS,2024-03-30 02:40:26,277.1,13.8,-23.113776,-43.176301
RAUL MARTINS,2024-03-30 02:42:38,280.0,14.0,-23.112363,-43.185451
RAUL MARTINS,2024-03-30 02:44:50,279.7,14.1,-23.110923,-43.194631
RAUL MARTINS,2024-03-30 03:12:25,245.5,13.3,-23.103358,-43.29588
RAUL MARTINS,2024-03-30 03:15:26,246.1,13.3,-23.10782,-43.307103
RAUL MARTINS,2024-03-30 03:19:27,248.2,13.4,-23.113623,-43.32193
RAUL MARTINS,2024-03-30 03:44:06,244.1,13.2,-23.15004,-43.412855
RAUL MARTINS,2024-03-30 03:53:45,247.3,13.2,-23.164308,-43.44794
RAUL MARTINS,2024-03-30 04:22:06,243.4,13.1,-23.206253,-43.551476
RAUL MARTINS,2024-03-30 04:27:54,245.3,13.1,-23.21486,-43.572585
RAUL MARTINS,2024-03-30 04:37:54,246.4,13.1,-23.22924,-43.608748
RAUL MARTINS,2024-03-30 04:59:10,257.7,13.2,-23.245066,-43.690603
RAUL MARTINS,2024-03-30 05:04:17,259.1,13.4,-23.249916,-43.710591
RAUL MARTINS,2024-03-30 05:06:14,263.4,13.2,-23.251281,-43.718416
RAUL MARTINS,2024-03-30 05:06:33,262.8,13.3,-23.251396,-43.71968
RAUL MARTINS,2024-03-30 05:10:52,265.1,13.3,-23.252553,-43.736918
RAUL MARTINS,2024-03-30 05:11:35,266.3,13.3,-23.252723,-43.739581
RAUL MARTINS,2024-03-30 05:12:52,265.9,13.4,-23.253091,-43.744858
RAUL MARTINS,2024-03-30 05:13:43,265.4,13.3,-23.253371,-43.748246
RAUL MARTINS,2024-03-30 05:13:53,266.0,13.3,-23.25342,-43.748911
RAUL MARTINS,2024-03-30 05:14:04,266.6,13.4,-23.253476,-43.749643
RAUL MARTINS,2024-03-30 05:14:53,265.0,13.3,-23.253725,-43.752905
RAUL MARTINS,2024-03-30 05:15:53,264.3,13.3,-23.254058,-43.756893
RAUL MARTINS,2024-03-30 05:16:04,264.5,13.3,-23.254115,-43.757625
RAUL MARTINS,2024-03-30 05:19:07,265.9,13.3,-23.255041,-43.769581
RAUL MARTINS,2024-03-30 06:03:26,266.7,13.1,-23.2691,-43.945525
RAUL MARTINS,2024-03-30 06:07:24,263.8,13.3,-23.270453,-43.961293
RAUL MARTINS,2024-03-30 06:10:14,263.4,13.3,-23.271378,-43.972595
RAUL MARTINS,2024-03-30 06:12:26,265.1,13.2,-23.272111,-43.981371
RAUL MARTINS,2024-03-30 06:15:05,264.5,13.2,-23.273006,-43.991921
RAUL MARTINS,2024-03-30 06:55:05,263.2,13.1,-23.287991,-44.150015
RAUL MARTINS,2024-03-30 06:57:26,266.4,13.0,-23.288995,-44.159151
RAUL MARTINS,2024-03-30 07:02:36,267.5,13.0,-23.291145,-44.179291
RAUL MARTINS,2024-03-30 07:06:25,264.8,13.1,-23.292708,-44.194088
RAUL MARTINS,2024-03-30 07:19:36,264.6,13.1,-23.298138,-44.246086
RAUL MARTINS,2024-03-30 08:05:06,323.5,7.5,-23.293035,-44.38826
RAUL MARTINS,2024-03-30 08:56:56,344.2,10.4,-23.195028,-44.460103
RAUL MARTINS,2024-03-30 11:52:06,49.3,0.1,-23.098363,-44.462345
RAUL MARTINS,2024-03-30 11:58:04,300.1,0.3,-23.098273,-44.462103
RAUL MARTINS,2024-03-30 12:31:03,94.0,0.1,-23.098158,-44.460833
RAUL MARTINS,2024-03-30 12:34:10,93.8,0.2,-23.098178,-44.460791
RAUL MARTINS,2024-03-30 12:55:05,97.2,0.0,-23.098101,-44.460838
RAUL MARTINS,2024-03-30 13:10:04,93.8,0.2,-23.098086,-44.460965
RAUL MARTINS,2024-03-30 14:13:03,271.7,0.1,-23.098155,-44.461358
RAUL MARTINS,2024-03-30 16:55:05,230.4,0.1,-23.098056,-44.46139
RAUL MARTINS,2024-03-30 16:58:06,35.0,0.0,-23.09799,-44.46138
RAUL MARTINS,2024-03-30 18:07:06,99.8,0.1,-23.09789,-44.461148
RAUL MARTINS,2024-03-31 05:07:03,109.5,0.1,-23.09848,-44.462145
RAUL MARTINS,2024-03-31 06:01:05,96.2,0.0,-23.098415,-44.460136
RAUL MARTINS,2024-03-31 06:04:06,321.3,0.2,-23.098433,-44.460068
RAUL MARTINS,2024-03-31 08:55:06,349.7,0.2,-23.10038,-44.45902
RAUL MARTINS,2024-03-31 10:23:24,167.7,5.3,-23.107255,-44.460573
RAUL MARTINS,2024-03-31 10:54:33,78.9,12.5,-23.119673,-44.368846
RAUL MARTINS,2024-03-31 10:59:52,67.3,12.9,-23.114423,-44.34916
RAUL MARTINS,2024-03-31 11:15:53,65.5,12.7,-23.091548,-44.291421
RAUL MARTINS,2024-03-31 11:16:02,65.7,12.6,-23.09132,-44.290905
RAUL MARTINS,2024-03-31 11:18:44,71.4,11.7,-23.087683,-44.281853
RAUL MARTINS,2024-03-31 11:18:53,73.1,11.6,-23.087536,-44.281355
RAUL MARTINS,2024-03-31 11:28:33,60.5,9.1,-23.078118,-44.251785
RAUL MARTINS,2024-03-31 11:31:44,61.4,7.1,-23.074698,-44.245108
RAUL MARTINS,2024-03-31 11:36:04,62.8,5.4,-23.071286,-44.238138
RAUL MARTINS,2024-03-31 12:13:13,226.1,0.2,-23.060198,-44.227226
RAUL MARTINS,2024-03-31 14:48:38,339.7,0.0,-23.060741,-44.227491
RAUL MARTINS,2024-04-06 15:22:20,70.3,1.6,-23.059995,-44.22543
RAUL MARTINS,2024-04-06 15:24:31,111.1,1.6,-23.060045,-44.224368
RAUL MARTINS,2024-04-06 16:25:00,247.3,10.0,-23.101845,-44.31798
RAUL MARTINS,2024-04-06 16:37:10,245.7,10.7,-23.115573,-44.353045
RAUL MARTINS,2024-04-06 16:43:49,243.3,10.6,-23.123318,-44.372843
RAUL MARTINS,2024-04-06 16:57:51,208.5,10.9,-23.157575,-44.395656
RAUL MARTINS,2024-04-06 17:05:41,208.3,11.5,-23.179303,-44.408333
RAUL MARTINS,2024-04-06 17:06:21,208.4,11.6,-23.181173,-44.409435
RAUL MARTINS,2024-04-06 17:07:31,208.5,11.6,-23.184485,-44.411375
RAUL MARTINS,2024-04-06 17:09:31,204.4,11.6,-23.190256,-44.414756
RAUL MARTINS,2024-04-06 17:09:41,203.5,11.6,-23.190746,-44.414993
RAUL MARTINS,2024-04-06 17:13:22,164.7,11.0,-23.20209,-44.415443
RAUL MARTINS,2024-04-06 17:13:42,164.4,11.0,-23.203076,-44.41514
RAUL MARTINS,2024-04-06 17:16:42,168.8,11.3,-23.21208,-44.412721
RAUL MARTINS,2024-04-06 17:21:40,167.8,11.5,-23.22771,-44.409406
RAUL MARTINS,2024-04-06 17:24:50,167.7,11.7,-23.237725,-44.407071
RAUL MARTINS,2024-04-06 17:26:31,168.5,11.7,-23.243086,-44.405883
RAUL MARTINS,2024-04-06 17:26:39,168.0,11.7,-23.243501,-44.405793
RAUL MARTINS,2024-04-06 17:26:50,168.2,11.7,-23.244085,-44.405656
RAUL MARTINS,2024-04-06 17:27:09,169.0,11.7,-23.245111,-44.405423
RAUL MARTINS,2024-04-06 17:27:31,168.9,11.7,-23.246231,-44.405163
RAUL MARTINS,2024-04-06 17:27:39,168.5,11.7,-23.24671,-44.405053
RAUL MARTINS,2024-04-06 17:27:50,168.4,11.7,-23.247295,-44.40492
RAUL MARTINS,2024-04-06 17:30:50,167.8,11.8,-23.256826,-44.402733
RAUL MARTINS,2024-04-06 17:48:30,95.9,11.3,-23.287003,-44.361773
RAUL MARTINS,2024-04-06 17:56:31,96.0,11.6,-23.289366,-44.333933
RAUL MARTINS,2024-04-06 18:28:21,86.9,11.8,-23.294871,-44.221031
RAUL MARTINS,2024-04-06 19:03:31,84.2,11.9,-23.284141,-44.095148
RAUL MARTINS,2024-04-06 19:34:30,82.9,11.8,-23.272665,-43.984923
RAUL MARTINS,2024-04-06 19:39:10,84.7,11.7,-23.270693,-43.96847
RAUL MARTINS,2024-04-06 19:48:41,85.2,11.8,-23.267681,-43.934896
RAUL MARTINS,2024-04-06 19:55:51,84.4,11.8,-23.265623,-43.909501
RAUL MARTINS,2024-04-06 20:43:02,89.5,11.8,-23.258996,-43.742776
RAUL MARTINS,2024-04-06 20:44:11,89.7,11.7,-23.259021,-43.738651
RAUL MARTINS,2024-04-06 20:47:41,90.1,11.7,-23.258868,-43.72627
RAUL MARTINS,2024-04-06 21:37:11,82.1,11.7,-23.250541,-43.551461
RAUL MARTINS,2024-04-06 21:43:52,82.3,11.7,-23.247813,-43.52817
RAUL MARTINS,2024-04-06 21:45:01,82.9,11.7,-23.247341,-43.524036
RAUL MARTINS,2024-04-06 22:20:50,81.7,11.8,-23.232371,-43.39796
RAUL MARTINS,2024-04-06 22:22:30,83.8,11.8,-23.23165,-43.392173
RAUL MARTINS,2024-04-06 22:23:31,83.0,11.8,-23.231256,-43.388651
RAUL MARTINS,2024-04-06 22:26:31,81.1,11.8,-23.229978,-43.378048
RAUL MARTINS,2024-04-06 22:56:20,81.1,12.0,-23.216055,-43.272255
RAUL MARTINS,2024-04-06 23:23:09,81.5,12.1,-23.203586,-43.175535
RAUL MARTINS,2024-04-06 23:30:19,82.0,12.1,-23.200133,-43.149561
RAUL MARTINS,2024-04-06 23:33:11,81.7,12.2,-23.198735,-43.139123
RAUL MARTINS,2024-04-07 00:00:39,86.4,12.2,-23.187358,-43.038725
RAUL MARTINS,2024-04-07 00:04:40,87.3,12.1,-23.186555,-43.023976
RAUL MARTINS,2024-04-07 00:07:49,87.8,12.1,-23.185936,-43.012468
RAUL MARTINS,2024-04-07 00:35:30,86.7,12.0,-23.180736,-42.912206
RAUL MARTINS,2024-04-07 00:53:50,88.2,11.7,-23.177621,-42.847021
RAUL MARTINS,2024-04-07 00:57:31,87.8,11.7,-23.177025,-42.83406
RAUL MARTINS,2024-04-07 00:57:59,86.9,11.7,-23.176963,-42.832406
RAUL MARTINS,2024-04-07 00:58:21,87.4,11.7,-23.176916,-42.831171
RAUL MARTINS,2024-04-07 01:15:11,86.1,11.7,-23.173733,-42.772191
RAUL MARTINS,2024-04-07 01:36:51,85.5,11.7,-23.167036,-42.696698
RAUL MARTINS,2024-04-07 01:46:30,83.1,11.6,-23.164015,-42.663036
RAUL MARTINS,2024-04-07 01:51:01,84.1,11.6,-23.16248,-42.647275
RAUL MARTINS,2024-04-07 02:35:31,88.3,11.5,-23.150513,-42.493056
RAUL MARTINS,2024-04-07 02:39:20,88.2,11.5,-23.149916,-42.479873
RAUL MARTINS,2024-04-07 02:42:40,86.0,11.5,-23.149381,-42.468305
RAUL MARTINS,2024-04-07 03:34:41,84.8,11.7,-23.137118,-42.286198
RAUL MARTINS,2024-04-07 03:49:32,84.2,11.6,-23.132801,-42.23426
RAUL MARTINS,2024-04-07 04:08:48,85.6,11.6,-23.127625,-42.167005
RAUL MARTINS,2024-04-07 04:10:18,85.8,11.6,-23.127288,-42.161828
RAUL MARTINS,2024-04-07 04:10:48,85.8,11.6,-23.127165,-42.160081
RAUL MARTINS,2024-04-07 04:11:19,85.1,11.6,-23.127013,-42.158326
RAUL MARTINS,2024-04-07 04:11:48,85.3,11.7,-23.126885,-42.15658
RAUL MARTINS,2024-04-07 04:11:59,85.3,11.7,-23.126833,-42.155938
RAUL MARTINS,2024-04-07 04:12:19,84.8,11.6,-23.126741,-42.154766
RAUL MARTINS,2024-04-07 04:12:48,84.5,11.6,-23.126611,-42.153073
RAUL MARTINS,2024-04-07 04:12:59,84.3,11.6,-23.126565,-42.152491
RAUL MARTINS,2024-04-07 04:13:59,84.6,11.7,-23.126275,-42.148931
RAUL MARTINS,2024-04-07 04:14:07,84.2,11.7,-23.126228,-42.148415
RAUL MARTINS,2024-04-07 04:14:28,84.4,11.7,-23.126131,-42.147265
RAUL MARTINS,2024-04-07 04:15:07,84.6,11.7,-23.125933,-42.144995
RAUL MARTINS,2024-04-07 04:27:00,85.9,11.7,-23.122678,-42.103365
RAUL MARTINS,2024-04-07 04:40:31,84.4,11.8,-23.11869,-42.055621
RAUL MARTINS,2024-04-07 05:28:41,95.0,12.2,-23.120623,-41.882385
RAUL MARTINS,2024-04-07 05:31:02,94.8,12.2,-23.121221,-41.873776
RAUL MARTINS,2024-04-07 05:35:01,93.5,12.2,-23.12216,-41.859068
RAUL MARTINS,2024-04-07 05:42:08,94.0,12.2,-23.123793,-41.832723
RAUL MARTINS,2024-04-07 05:43:29,93.5,12.2,-23.124093,-41.827786
RAUL MARTINS,2024-04-07 05:44:39,93.2,12.2,-23.124328,-41.823565
RAUL MARTINS,2024-04-07 05:45:39,93.5,12.2,-23.124558,-41.819891
RAUL MARTINS,2024-04-07 05:45:58,94.2,12.1,-23.124636,-41.818668
RAUL MARTINS,2024-04-07 05:46:08,94.2,12.2,-23.124676,-41.818056
RAUL MARTINS,2024-04-07 05:47:28,94.1,12.2,-23.125013,-41.813235
RAUL MARTINS,2024-04-07 06:19:42,96.2,11.9,-23.133221,-41.697075
RAUL MARTINS,2024-04-07 06:24:11,93.7,11.8,-23.134596,-41.681163
RAUL MARTINS,2024-04-07 06:28:31,95.9,11.8,-23.135656,-41.665768
RAUL MARTINS,2024-04-07 07:13:31,98.2,11.6,-23.15345,-41.507508
RAUL MARTINS,2024-04-07 07:18:22,97.9,11.6,-23.155631,-41.4908
RAUL MARTINS,2024-04-07 07:32:50,99.8,11.4,-23.162655,-41.441056
RAUL MARTINS,2024-04-07 07:36:09,98.8,11.3,-23.164266,-41.42983
RAUL MARTINS,2024-04-07 08:04:20,99.0,11.3,-23.17858,-41.334538
RAUL MARTINS,2024-04-07 08:08:31,96.5,11.4,-23.180263,-41.320418
RAUL MARTINS,2024-04-07 08:36:11,92.3,11.1,-23.186568,-41.226645
RAUL MARTINS,2024-04-07 08:42:21,93.5,11.3,-23.187708,-41.20564
RAUL MARTINS,2024-04-07 08:44:42,93.1,11.3,-23.188128,-41.197728
RAUL MARTINS,2024-04-07 08:47:31,93.4,11.3,-23.188631,-41.1881
RAUL MARTINS,2024-04-07 08:49:21,92.8,11.3,-23.188971,-41.181848
RAUL MARTINS,2024-04-07 09:18:20,92.1,11.6,-23.193855,-41.081871
RAUL MARTINS,2024-04-07 09:36:01,93.3,11.6,-23.196548,-41.01977
RAUL MARTINS,2024-04-07 09:40:01,91.2,11.6,-23.197128,-41.005846
RAUL MARTINS,2024-04-07 09:48:50,94.0,11.6,-23.198818,-40.975046
RAUL MARTINS,2024-04-07 09:52:30,94.3,11.7,-23.19965,-40.962196
RAUL MARTINS,2024-04-07 09:57:32,92.4,11.6,-23.200653,-40.9446
RAUL MARTINS,2024-04-07 10:22:32,102.2,11.6,-23.217383,-40.858483
RAUL MARTINS,2024-04-07 10:24:42,101.5,11.6,-23.218886,-40.851135
RAUL MARTINS,2024-04-07 10:28:41,103.0,11.5,-23.221728,-40.837501
RAUL MARTINS,2024-04-07 10:31:21,102.5,11.5,-23.22356,-40.828423
RAUL MARTINS,2024-04-07 10:36:41,102.0,11.5,-23.227063,-40.810331
RAUL MARTINS,2024-04-07 11:25:31,101.1,11.5,-23.260488,-40.645165
RAUL MARTINS,2024-04-07 11:30:29,102.3,11.5,-23.263871,-40.628116
RAUL MARTINS,2024-04-07 11:31:50,100.5,11.6,-23.264746,-40.623485
RAUL MARTINS,2024-04-07 11:32:29,102.3,11.5,-23.265168,-40.621258
RAUL MARTINS,2024-04-07 12:17:50,103.3,11.8,-23.296638,-40.464798
RAUL MARTINS,2024-04-07 13:02:10,102.9,11.7,-23.330011,-40.31193
RAUL MARTINS,2024-04-07 13:04:10,102.5,11.6,-23.331475,-40.305076
RAUL MARTINS,2024-04-07 13:04:11,102.5,11.6,-23.331475,-40.305076
RAUL MARTINS,2024-04-07 13:05:10,103.4,11.7,-23.332268,-40.301641
RAUL MARTINS,2024-04-07 13:06:22,103.5,11.6,-23.333128,-40.297521
RAUL MARTINS,2024-04-07 13:24:30,103.3,11.8,-23.346486,-40.235268
RAUL MARTINS,2024-04-07 13:49:40,103.1,11.9,-23.365501,-40.147725
RAUL MARTINS,2024-04-07 14:18:50,102.7,11.8,-23.387505,-40.045901
RAUL MARTINS,2024-04-07 14:21:50,103.4,11.9,-23.389708,-40.03539
RAUL MARTINS,2024-04-07 14:26:30,104.2,11.8,-23.393176,-40.019051
RAUL MARTINS,2024-04-07 14:34:30,102.7,11.9,-23.399465,-39.991148
RAUL MARTINS,2024-04-07 14:53:31,103.8,11.9,-23.414031,-39.924671
RAUL MARTINS,2024-04-07 15:01:11,102.9,11.9,-23.419776,-39.897753
RAUL MARTINS,2024-04-07 15:09:31,103.0,12.0,-23.425996,-39.868453
RAUL MARTINS,2024-04-07 15:12:02,101.1,12.0,-23.42776,-39.859583
RAUL MARTINS,2024-04-07 15:35:22,103.3,11.9,-23.444881,-39.777886
RAUL MARTINS,2024-04-07 15:41:29,102.8,11.9,-23.449198,-39.756431
RAUL MARTINS,2024-04-07 15:44:00,101.3,11.8,-23.45099,-39.74766
RAUL MARTINS,2024-04-07 16:02:50,102.3,11.9,-23.463813,-39.681795
RAUL MARTINS,2024-04-07 16:03:00,102.3,11.9,-23.463931,-39.681213
RAUL MARTINS,2024-04-07 16:03:11,103.0,11.8,-23.464061,-39.680561
RAUL MARTINS,2024-04-07 16:04:11,103.6,12.0,-23.464765,-39.677101
RAUL MARTINS,2024-04-07 16:05:00,101.9,11.8,-23.465355,-39.674255
RAUL MARTINS,2024-04-07 16:05:11,102.1,11.8,-23.465491,-39.673581
RAUL MARTINS,2024-04-07 16:05:12,102.1,11.8,-23.465491,-39.673581
RAUL MARTINS,2024-04-07 16:06:11,101.8,11.9,-23.466225,-39.670105
RAUL MARTINS,2024-04-07 16:06:20,103.4,11.9,-23.466356,-39.669513
RAUL MARTINS,2024-04-07 16:07:00,103.2,11.8,-23.466831,-39.667246
RAUL MARTINS,2024-04-07 16:09:51,103.5,11.9,-23.46889,-39.657311
RAUL MARTINS,2024-04-07 16:10:10,103.0,11.9,-23.469108,-39.656203
RAUL MARTINS,2024-04-07 16:11:20,103.1,11.8,-23.469966,-39.65205
RAUL MARTINS,2024-04-07 16:21:01,102.0,11.8,-23.476713,-39.618178
RAUL MARTINS,2024-04-07 16:40:22,103.1,11.9,-23.490295,-39.55054
RAUL MARTINS,2024-04-07 16:52:21,103.5,11.9,-23.498791,-39.50857
RAUL MARTINS,2024-04-07 17:19:10,103.1,11.9,-23.518253,-39.414368
RAUL MARTINS,2024-04-07 17:24:12,101.4,11.9,-23.521906,-39.396705
RAUL MARTINS,2024-04-07 17:28:01,103.2,11.9,-23.524608,-39.383371
RAUL MARTINS,2024-04-07 17:31:51,102.6,11.9,-23.527413,-39.369981
RAUL MARTINS,2024-04-07 17:39:09,101.7,11.8,-23.532543,-39.344231
RAUL MARTINS,2024-04-07 17:41:30,103.5,11.8,-23.534216,-39.336046
RAUL MARTINS,2024-04-07 17:42:19,103.3,11.9,-23.534835,-39.333275
RAUL MARTINS,2024-04-07 17:42:30,103.0,11.8,-23.534983,-39.332588
RAUL MARTINS,2024-04-07 17:43:08,102.9,11.9,-23.535453,-39.330395
RAUL MARTINS,2024-04-07 17:43:19,103.1,11.8,-23.535576,-39.329813
RAUL MARTINS,2024-04-07 17:43:30,103.0,11.8,-23.535705,-39.329173
RAUL MARTINS,2024-04-07 17:44:08,103.3,11.8,-23.536178,-39.326878
RAUL MARTINS,2024-04-07 17:44:20,103.5,11.8,-23.536335,-39.326175
RAUL MARTINS,2024-04-07 17:44:30,103.0,11.8,-23.536473,-39.3256
RAUL MARTINS,2024-04-07 17:46:30,102.8,11.8,-23.537871,-39.318628
RAUL MARTINS,2024-04-07 17:53:31,103.0,11.8,-23.542775,-39.294185
RAUL MARTINS,2024-04-07 17:58:11,101.9,11.8,-23.545955,-39.27771
RAUL MARTINS,2024-04-07 18:00:30,102.6,11.9,-23.547631,-39.269551
RAUL MARTINS,2024-04-07 18:25:20,102.0,12.1,-23.564718,-39.181905
RAUL MARTINS,2024-04-07 18:34:41,103.0,12.1,-23.571446,-39.14852
RAUL MARTINS,2024-04-07 18:37:29,103.0,12.3,-23.573525,-39.13838
RAUL MARTINS,2024-04-07 18:53:12,102.4,12.4,-23.585193,-39.080938
RAUL MARTINS,2024-04-07 18:58:50,101.4,12.3,-23.5892,-39.060426
RAUL MARTINS,2024-04-07 19:00:11,100.2,12.3,-23.590143,-39.05547
RAUL MARTINS,2024-04-07 19:11:11,103.7,12.2,-23.597551,-39.015666
RAUL MARTINS,2024-04-07 19:40:51,102.2,11.9,-23.619875,-38.910865
RAUL MARTINS,2024-04-07 19:43:40,102.1,11.9,-23.622,-38.901011
RAUL MARTINS,2024-04-07 19:52:51,101.2,11.9,-23.629158,-38.868861
RAUL MARTINS,2024-04-07 20:13:21,100.4,11.8,-23.643248,-38.796951
RAUL MARTINS,2024-04-07 20:36:11,103.1,11.7,-23.6594,-38.717818
RAUL MARTINS,2024-04-07 20:39:59,103.4,11.7,-23.662338,-38.704716
RAUL MARTINS,2024-04-07 20:42:31,104.0,11.6,-23.66428,-38.696076
RAUL MARTINS,2024-04-07 20:45:11,102.1,11.7,-23.666263,-38.686946
RAUL MARTINS,2024-04-07 20:49:31,103.7,11.7,-23.669601,-38.672025
RAUL MARTINS,2024-04-07 21:19:31,101.9,11.9,-23.692641,-38.567731
RAUL MARTINS,2024-04-07 21:22:41,103.9,11.9,-23.694955,-38.556715
RAUL MARTINS,2024-04-07 21:29:01,103.9,11.8,-23.699708,-38.53466
RAUL MARTINS,2024-04-07 21:31:02,103.5,11.8,-23.701176,-38.52766
RAUL MARTINS,2024-04-07 21:36:41,102.5,11.7,-23.705323,-38.507926
RAUL MARTINS,2024-04-07 22:01:11,102.4,11.9,-23.724343,-38.42275
RAUL MARTINS,2024-04-07 22:29:22,102.3,11.9,-23.746845,-38.324481
RAUL MARTINS,2024-04-07 22:31:31,103.5,11.9,-23.74848,-38.316985
RAUL MARTINS,2024-04-07 22:33:41,101.5,12.0,-23.750193,-38.309328
RAUL MARTINS,2024-04-07 22:37:00,104.0,11.9,-23.752911,-38.297761
RAUL MARTINS,2024-04-07 23:00:41,104.0,12.1,-23.772785,-38.214453
RAUL MARTINS,2024-04-07 23:03:00,105.1,12.1,-23.774825,-38.206365
RAUL MARTINS,2024-04-07 23:05:21,105.0,12.0,-23.776863,-38.19806
RAUL MARTINS,2024-04-07 23:07:31,106.7,12.0,-23.77876,-38.190416
RAUL MARTINS,2024-04-07 23:09:51,105.4,12.1,-23.78083,-38.182176
RAUL MARTINS,2024-04-07 23:10:51,106.5,12.1,-23.781756,-38.178565
RAUL MARTINS,2024-04-07 23:12:51,103.2,12.1,-23.783511,-38.171548
RAUL MARTINS,2024-04-07 23:17:52,106.7,12.1,-23.787883,-38.15381
RAUL MARTINS,2024-04-07 23:21:12,106.0,12.1,-23.790906,-38.141978
RAUL MARTINS,2024-04-07 23:35:20,104.8,12.1,-23.802993,-38.091711
RAUL MARTINS,2024-04-07 23:37:31,104.7,12.0,-23.804901,-38.083976
RAUL MARTINS,2024-04-07 23:40:32,104.6,12.0,-23.807495,-38.073415
RAUL MARTINS,2024-04-07 23:43:01,102.4,11.9,-23.809486,-38.064643
RAUL MARTINS,2024-04-07 23:56:30,103.1,11.9,-23.82055,-38.017138
RAUL MARTINS,2024-04-07 23:56:50,102.9,12.0,-23.820833,-38.015976
RAUL MARTINS,2024-04-07 23:57:30,103.6,11.9,-23.821363,-38.013645
RAUL MARTINS,2024-04-07 23:58:11,104.6,11.9,-23.821906,-38.011335
RAUL MARTINS,2024-04-07 23:58:40,101.5,11.9,-23.822293,-38.009565
RAUL MARTINS,2024-04-07 23:58:50,101.5,11.9,-23.822438,-38.008906
RAUL MARTINS,2024-04-07 23:59:40,102.2,11.9,-23.823031,-38.00607
RAUL MARTINS,2024-04-08 00:00:40,103.9,11.8,-23.823756,-38.002546
RAUL MARTINS,2024-04-08 00:00:59,102.1,11.9,-23.824001,-38.001335
RAUL MARTINS,2024-04-08 00:03:40,102.8,11.9,-23.826018,-37.991921
RAUL MARTINS,2024-04-08 00:04:30,100.2,12.0,-23.826641,-37.98903
RAUL MARTINS,2024-04-08 00:05:00,104.2,11.9,-23.827013,-37.987256
RAUL MARTINS,2024-04-08 00:07:40,103.1,11.9,-23.829046,-37.977941
RAUL MARTINS,2024-04-08 00:08:51,102.9,11.9,-23.829938,-37.973766
RAUL MARTINS,2024-04-08 00:17:11,102.1,12.0,-23.835813,-37.944438
RAUL MARTINS,2024-04-08 00:48:11,101.7,11.8,-23.858261,-37.835088
RAUL MARTINS,2024-04-08 00:50:20,106.0,11.7,-23.859953,-37.827546
RAUL MARTINS,2024-04-08 01:01:22,100.6,11.8,-23.868206,-37.789221
RAUL MARTINS,2024-04-08 01:04:41,104.1,11.8,-23.870841,-37.777646
RAUL MARTINS,2024-04-08 01:40:51,102.5,11.9,-23.897468,-37.651395
RAUL MARTINS,2024-04-08 01:43:51,103.1,11.8,-23.899681,-37.640876
RAUL MARTINS,2024-04-08 01:46:11,103.2,11.8,-23.901331,-37.6327
RAUL MARTINS,2024-04-08 01:56:10,102.7,11.8,-23.908118,-37.597803
RAUL MARTINS,2024-04-08 01:58:22,97.2,11.8,-23.909546,-37.590076
RAUL MARTINS,2024-04-08 02:26:51,99.0,12.0,-23.927341,-37.490095
RAUL MARTINS,2024-04-08 02:29:32,101.0,11.9,-23.929048,-37.480578
RAUL MARTINS,2024-04-08 02:33:40,100.9,11.9,-23.93162,-37.465875
RAUL MARTINS,2024-04-08 02:36:20,98.5,12.0,-23.933296,-37.45638
RAUL MARTINS,2024-04-08 02:38:30,101.3,12.0,-23.934686,-37.448601
RAUL MARTINS,2024-04-08 02:46:11,103.1,12.0,-23.939813,-37.421411
RAUL MARTINS,2024-04-08 02:49:32,104.5,12.0,-23.941968,-37.4095
RAUL MARTINS,2024-04-08 02:51:41,101.3,12.0,-23.943366,-37.401841
RAUL MARTINS,2024-04-08 03:21:02,103.5,11.8,-23.969283,-37.299511
RAUL MARTINS,2024-04-08 03:26:40,103.4,11.9,-23.974173,-37.279991
RAUL MARTINS,2024-04-08 03:28:52,106.3,11.9,-23.976105,-37.272341
RAUL MARTINS,2024-04-08 03:42:50,102.2,12.0,-23.986766,-37.223166
RAUL MARTINS,2024-04-08 03:45:51,100.2,12.0,-23.988803,-37.212428
RAUL MARTINS,2024-04-08 04:22:00,100.6,11.9,-24.014308,-37.083303
RAUL MARTINS,2024-04-08 04:33:10,97.9,11.8,-24.020771,-37.043493
RAUL MARTINS,2024-04-08 04:38:30,101.4,11.7,-24.023788,-37.024831
RAUL MARTINS,2024-04-08 05:13:51,100.8,11.5,-24.044688,-36.902618
RAUL MARTINS,2024-04-08 05:21:10,101.9,11.4,-24.049618,-36.877668
RAUL MARTINS,2024-04-08 05:26:20,99.9,11.5,-24.053068,-36.860101
RAUL MARTINS,2024-04-08 05:30:20,105.3,11.4,-24.055818,-36.846525
RAUL MARTINS,2024-04-08 06:14:21,104.6,11.4,-24.085936,-36.696711
RAUL MARTINS,2024-04-08 06:17:10,99.8,11.4,-24.087818,-36.687046
RAUL MARTINS,2024-04-08 06:20:51,105.2,11.5,-24.090288,-36.674466
RAUL MARTINS,2024-08-04 23:48:03,299.8,12.5,-6.883265,-30.569756
RAUL MARTINS,2024-08-04 23:48:12,297.9,12.6,-6.882995,-30.57021
RAUL MARTINS,2024-08-04 23:48:33,300.8,12.5,-6.882381,-30.571275
RAUL MARTINS,2024-08-04 23:48:43,299.9,12.6,-6.882088,-30.57178
RAUL MARTINS,2024-08-04 23:50:03,300.1,12.6,-6.87969,-30.575893
RAUL MARTINS,2024-08-04 23:50:12,298.1,12.5,-6.879425,-30.576343
RAUL MARTINS,2024-08-04 23:50:33,299.4,12.5,-6.878825,-30.577355
RAUL MARTINS,2024-08-04 23:50:53,299.8,12.6,-6.878238,-30.578368
RAUL MARTINS,2024-08-04 23:51:03,299.9,12.6,-6.877965,-30.578856
RAUL MARTINS,2024-08-04 23:51:53,299.0,12.5,-6.876468,-30.581435
RAUL MARTINS,2024-08-05 00:13:13,299.7,12.6,-6.839748,-30.646665
RAUL MARTINS,2024-08-05 00:14:13,299.2,12.6,-6.838006,-30.649725
RAUL MARTINS,2024-08-05 00:18:23,298.2,12.6,-6.830851,-30.66251
RAUL MARTINS,2024-08-05 00:19:23,297.6,12.6,-6.829123,-30.665641
RAUL MARTINS,2024-08-05 01:20:33,296.9,12.3,-6.727086,-30.852033
RAUL MARTINS,2024-08-05 02:29:33,299.3,12.2,-6.613115,-31.059893
RAUL MARTINS,2024-08-05 02:30:54,302.0,12.1,-6.610738,-31.063876
RAUL MARTINS,2024-08-05 02:31:43,300.7,12.3,-6.609328,-31.06622
RAUL MARTINS,2024-08-05 02:33:55,299.9,12.3,-6.605488,-31.072745
RAUL MARTINS,2024-08-05 03:07:46,301.0,12.4,-6.544908,-31.172168
RAUL MARTINS,2024-08-05 03:10:16,302.6,12.3,-6.540445,-31.179536
RAUL MARTINS,2024-08-05 03:13:16,301.0,12.4,-6.535046,-31.188385
RAUL MARTINS,2024-08-05 03:19:43,301.9,12.3,-6.523345,-31.2077
RAUL MARTINS,2024-08-05 03:23:13,301.0,12.5,-6.51705,-31.21792
RAUL MARTINS,2024-08-05 03:26:13,302.1,12.4,-6.511748,-31.226806
RAUL MARTINS,2024-08-05 04:13:24,302.0,12.2,-6.427316,-31.365133
RAUL MARTINS,2024-08-05 04:17:12,301.4,12.2,-6.420488,-31.376315
RAUL MARTINS,2024-08-05 04:22:13,300.2,12.5,-6.411388,-31.39088
RAUL MARTINS,2024-08-05 04:44:23,300.9,12.3,-6.370681,-31.456228
RAUL MARTINS,2024-08-05 04:52:04,301.5,12.4,-6.356701,-31.478756
RAUL MARTINS,2024-08-05 04:55:05,301.9,12.4,-6.351223,-31.487498
RAUL MARTINS,2024-08-05 04:59:33,294.4,12.5,-6.34338,-31.500806
RAUL MARTINS,2024-08-05 05:02:53,295.2,12.5,-6.338611,-31.511415
RAUL MARTINS,2024-08-05 05:07:52,293.3,12.5,-6.331428,-31.527203
RAUL MARTINS,2024-08-05 05:21:35,291.3,12.5,-6.313145,-31.571216
RAUL MARTINS,2024-08-05 05:23:45,293.5,12.6,-6.310066,-31.578135
RAUL MARTINS,2024-08-05 09:23:05,295.5,12.5,-5.914138,-32.311501
RAUL MARTINS,2024-08-05 09:25:35,296.3,12.5,-5.910156,-32.319281
RAUL MARTINS,2024-08-05 09:38:54,299.9,12.5,-5.887195,-32.359756
RAUL MARTINS,2024-08-05 09:42:24,302.3,12.5,-5.88099,-32.370235
RAUL MARTINS,2024-08-05 09:45:53,298.3,12.5,-5.874946,-32.380685
RAUL MARTINS,2024-08-05 09:51:45,299.6,12.4,-5.864546,-32.39829
RAUL MARTINS,2024-08-05 09:54:23,300.5,12.4,-5.85986,-32.406143
RAUL MARTINS,2024-08-05 10:04:35,300.7,12.5,-5.841553,-32.436391
RAUL MARTINS,2024-08-05 10:37:45,302.3,12.4,-5.781891,-32.535161
RAUL MARTINS,2024-08-05 10:43:23,300.0,12.6,-5.77155,-32.551921
RAUL MARTINS,2024-08-05 11:07:24,300.3,12.5,-5.727428,-32.623233
RAUL MARTINS,2024-08-05 11:24:13,298.6,12.6,-5.697941,-32.674091
RAUL MARTINS,2024-08-05 12:12:14,296.4,12.4,-5.619923,-32.821365
RAUL MARTINS,2024-08-05 12:13:23,297.1,12.4,-5.618146,-32.824935
RAUL MARTINS,2024-08-05 12:14:03,296.7,12.4,-5.617081,-32.827041
RAUL MARTINS,2024-08-05 12:14:14,296.2,12.4,-5.616818,-32.827558
RAUL MARTINS,2024-08-05 12:14:23,295.9,12.4,-5.616578,-32.828016
RAUL MARTINS,2024-08-05 12:15:14,296.4,12.4,-5.615286,-32.8306
RAUL MARTINS,2024-08-05 12:16:14,296.7,12.5,-5.613723,-32.83375
RAUL MARTINS,2024-08-05 13:20:34,298.6,12.5,-5.5123,-33.033125
RAUL MARTINS,2024-08-05 14:00:24,299.6,12.5,-5.44274,-33.153628
RAUL MARTINS,2024-08-05 14:20:24,299.9,12.8,-5.407126,-33.214481
RAUL MARTINS,2024-08-05 14:56:04,299.4,12.7,-5.343286,-33.323783
RAUL MARTINS,2024-08-05 15:24:43,299.9,12.7,-5.291881,-33.411645
RAUL MARTINS,2024-08-05 15:27:33,300.5,12.6,-5.28686,-33.420305
RAUL MARTINS,2024-08-05 15:39:54,299.8,12.5,-5.265345,-33.457853
RAUL MARTINS,2024-08-05 15:43:05,299.4,12.6,-5.259733,-33.467618
RAUL MARTINS,2024-08-05 15:58:34,299.8,12.7,-5.23264,-33.514875
RAUL MARTINS,2024-08-05 16:01:04,299.6,12.7,-5.228196,-33.522511
RAUL MARTINS,2024-08-05 16:25:32,299.5,12.7,-5.184775,-33.597691
RAUL MARTINS,2024-08-05 16:25:41,301.5,12.8,-5.184511,-33.598155
RAUL MARTINS,2024-08-05 16:27:32,299.9,12.7,-5.18121,-33.603846
RAUL MARTINS,2024-08-05 16:28:12,299.2,12.8,-5.18006,-33.605825
RAUL MARTINS,2024-08-05 16:28:51,300.0,12.8,-5.178826,-33.607916
RAUL MARTINS,2024-08-05 16:29:02,300.0,12.7,-5.178536,-33.60844
RAUL MARTINS,2024-08-05 16:29:12,301.4,12.8,-5.17824,-33.608956
RAUL MARTINS,2024-08-05 16:29:42,301.2,12.7,-5.177336,-33.610486
RAUL MARTINS,2024-08-05 16:29:51,300.9,12.8,-5.177065,-33.610945
RAUL MARTINS,2024-08-05 16:31:01,299.1,12.8,-5.174925,-33.61451
RAUL MARTINS,2024-08-05 16:31:12,301.7,12.7,-5.174585,-33.615066
RAUL MARTINS,2024-08-05 16:33:44,299.9,12.8,-5.17006,-33.622843
RAUL MARTINS,2024-08-05 16:34:23,299.1,12.9,-5.168945,-33.624795
RAUL MARTINS,2024-08-05 16:43:35,300.7,12.9,-5.152348,-33.653033
RAUL MARTINS,2024-08-05 19:23:34,298.8,13.2,-4.874233,-34.165115
RAUL MARTINS,2024-08-05 20:05:17,315.7,8.4,-4.80311,-34.295251
RAUL MARTINS,2024-08-05 20:18:03,24.8,4.9,-4.785988,-34.294896
RAUL MARTINS,2024-08-05 20:21:47,348.9,6.8,-4.779773,-34.294291
RAUL MARTINS,2024-08-05 20:30:34,286.4,8.8,-4.770493,-34.309376
RAUL MARTINS,2024-08-05 20:33:34,270.6,9.8,-4.76912,-34.31713
RAUL MARTINS,2024-08-05 20:36:45,272.9,10.8,-4.768905,-34.326286
RAUL MARTINS,2024-08-05 21:05:55,300.4,13.2,-4.727315,-34.418081
RAUL MARTINS,2024-08-05 21:11:33,299.9,13.3,-4.717036,-34.436233
RAUL MARTINS,2024-08-05 21:40:34,299.9,13.3,-4.663323,-34.529936
RAUL MARTINS,2024-08-05 21:45:54,299.5,13.4,-4.653376,-34.5471
RAUL MARTINS,2024-08-05 21:49:43,301.0,13.3,-4.64626,-34.559301
RAUL MARTINS,2024-08-05 21:59:25,299.2,13.3,-4.628171,-34.590541
RAUL MARTINS,2024-08-05 22:03:34,299.5,13.3,-4.62041,-34.603983
RAUL MARTINS,2024-08-05 22:05:44,298.9,13.4,-4.616411,-34.610923
RAUL MARTINS,2024-08-05 22:10:14,299.0,13.4,-4.608175,-34.625431
RAUL MARTINS,2024-08-05 22:18:45,299.9,13.4,-4.592466,-34.652846
RAUL MARTINS,2024-08-05 22:21:45,300.3,13.2,-4.586933,-34.662475
RAUL MARTINS,2024-08-05 22:51:54,299.0,13.3,-4.531981,-34.75912
RAUL MARTINS,2024-08-05 23:37:43,296.6,13.6,-4.449575,-34.909055
RAUL MARTINS,2024-08-06 00:07:13,297.0,13.6,-4.397588,-35.008441
RAUL MARTINS,2024-08-06 00:07:24,297.4,13.6,-4.397266,-35.00905
RAUL MARTINS,2024-08-06 00:07:34,298.5,13.6,-4.396976,-35.009605
RAUL MARTINS,2024-08-06 00:07:43,298.2,13.6,-4.396718,-35.01011
RAUL MARTINS,2024-08-06 00:07:53,297.8,13.6,-4.396428,-35.010665
RAUL MARTINS,2024-08-06 00:08:03,297.0,13.6,-4.396135,-35.011216
RAUL MARTINS,2024-08-06 00:08:13,297.2,13.6,-4.395836,-35.011773
RAUL MARTINS,2024-08-06 00:08:34,298.5,13.6,-4.395251,-35.012883
RAUL MARTINS,2024-08-06 00:08:53,297.7,13.6,-4.394665,-35.013996
RAUL MARTINS,2024-08-06 00:09:03,297.5,13.5,-4.394405,-35.014498
RAUL MARTINS,2024-08-06 00:11:13,297.8,13.6,-4.390558,-35.021735
RAUL MARTINS,2024-08-06 00:12:13,297.9,13.5,-4.388755,-35.025143
RAUL MARTINS,2024-08-06 00:13:43,298.3,13.6,-4.386081,-35.030146
RAUL MARTINS,2024-08-06 00:14:02,297.5,13.6,-4.385526,-35.031206
RAUL MARTINS,2024-08-06 00:48:04,297.8,13.8,-4.324363,-35.145123
RAUL MARTINS,2024-08-06 00:54:33,299.9,13.8,-4.311916,-35.166431
RAUL MARTINS,2024-08-06 01:05:33,299.2,13.9,-4.290943,-35.203135
RAUL MARTINS,2024-08-06 01:07:42,298.8,13.7,-4.286881,-35.210318
RAUL MARTINS,2024-08-06 01:09:03,299.2,13.9,-4.284396,-35.214736
RAUL MARTINS,2024-08-06 01:09:14,298.6,13.8,-4.28404,-35.215373
RAUL MARTINS,2024-08-06 01:11:14,299.1,13.8,-4.280233,-35.222081
RAUL MARTINS,2024-08-06 01:11:34,299.4,13.9,-4.279586,-35.22317
RAUL MARTINS,2024-08-06 01:30:35,297.9,13.9,-4.244135,-35.287675
RAUL MARTINS,2024-08-06 01:32:59,298.6,13.9,-4.23969,-35.295843
RAUL MARTINS,2024-08-06 02:04:22,297.2,13.8,-4.182868,-35.402063
RAUL MARTINS,2024-08-06 02:09:02,297.9,13.8,-4.174413,-35.417896
RAUL MARTINS,2024-08-06 02:38:01,298.3,14.1,-4.120833,-35.516318
RAUL MARTINS,2024-08-06 02:40:19,298.7,14.1,-4.116468,-35.524293
RAUL MARTINS,2024-08-06 02:42:31,297.9,14.2,-4.112308,-35.531891
RAUL MARTINS,2024-08-06 03:08:12,299.5,14.4,-4.06131,-35.620775
RAUL MARTINS,2024-08-06 03:10:47,299.4,14.4,-4.056071,-35.629743
RAUL MARTINS,2024-08-06 03:11:35,299.4,14.5,-4.054446,-35.632631
RAUL MARTINS,2024-08-06 03:13:42,299.9,14.4,-4.050298,-35.6399
RAUL MARTINS,2024-08-06 03:16:06,300.4,14.4,-4.045451,-35.648288
RAUL MARTINS,2024-08-06 03:16:48,300.1,14.4,-4.044028,-35.650773
RAUL MARTINS,2024-08-06 03:18:23,299.9,14.4,-4.040873,-35.656166
RAUL MARTINS,2024-08-06 03:20:48,299.9,14.5,-4.036053,-35.664645
RAUL MARTINS,2024-08-06 03:45:06,298.8,14.7,-3.987048,-35.749743
RAUL MARTINS,2024-08-06 03:47:48,298.8,14.7,-3.981643,-35.759385
RAUL MARTINS,2024-08-06 03:52:12,300.4,14.6,-3.972941,-35.775015
RAUL MARTINS,2024-08-06 03:54:18,298.8,14.5,-3.96863,-35.782276
RAUL MARTINS,2024-08-06 04:03:13,300.6,14.5,-3.951123,-35.813538
RAUL MARTINS,2024-08-06 04:05:37,300.2,14.5,-3.946183,-35.821911
RAUL MARTINS,2024-08-06 04:07:54,298.9,14.5,-3.941645,-35.829916
RAUL MARTINS,2024-08-06 04:18:13,296.9,14.4,-3.921556,-35.86639
RAUL MARTINS,2024-08-06 04:23:25,299.7,14.5,-3.911318,-35.884705
RAUL MARTINS,2024-08-06 04:25:37,298.0,14.4,-3.907021,-35.892373
RAUL MARTINS,2024-08-06 04:26:47,297.5,14.5,-3.90476,-35.896595
RAUL MARTINS,2024-08-06 04:30:37,298.7,14.5,-3.897373,-35.910031
RAUL MARTINS,2024-08-06 04:52:48,298.0,14.5,-3.854286,-35.98841
RAUL MARTINS,2024-08-06 04:56:00,298.8,14.5,-3.848225,-35.999766
RAUL MARTINS,2024-08-06 04:59:18,299.0,14.5,-3.841755,-36.011355
RAUL MARTINS,2024-08-06 05:01:48,299.1,14.5,-3.836826,-36.020151
RAUL MARTINS,2024-08-06 05:05:06,299.0,14.4,-3.830361,-36.031776
RAUL MARTINS,2024-08-06 05:45:07,298.5,14.7,-3.751933,-36.173393
RAUL MARTINS,2024-08-06 06:57:19,300.3,14.3,-3.607528,-36.426241
RAUL MARTINS,2024-08-06 08:40:54,297.6,14.2,-3.398886,-36.784471
RAUL MARTINS,2024-08-06 08:45:07,298.4,14.2,-3.391061,-36.799116
RAUL MARTINS,2024-08-06 08:54:07,298.1,14.3,-3.374171,-36.830358
RAUL MARTINS,2024-08-06 09:00:38,298.2,14.3,-3.361773,-36.852905
RAUL MARTINS,2024-08-06 09:25:55,298.8,14.5,-3.312743,-36.94168
RAUL MARTINS,2024-08-06 09:28:01,299.2,14.5,-3.308623,-36.949036
RAUL MARTINS,2024-08-06 09:32:43,299.2,14.5,-3.299553,-36.96578
RAUL MARTINS,2024-08-06 09:36:00,298.9,14.5,-3.29327,-36.977343
RAUL MARTINS,2024-08-06 10:02:43,299.1,14.1,-3.24205,-37.070258
RAUL MARTINS,2024-08-06 10:05:01,298.7,14.1,-3.237688,-37.078175
RAUL MARTINS,2024-08-06 10:08:19,299.0,14.1,-3.231495,-37.089435
RAUL MARTINS,2024-08-06 10:12:19,298.4,14.0,-3.223903,-37.103105
RAUL MARTINS,2024-08-06 10:27:30,299.7,14.1,-3.195183,-37.154736
RAUL MARTINS,2024-08-06 10:31:29,298.9,14.1,-3.18746,-37.168318
RAUL MARTINS,2024-08-06 10:37:24,299.4,14.1,-3.175998,-37.188495
RAUL MARTINS,2024-08-06 10:40:14,300.2,14.1,-3.170541,-37.198138
RAUL MARTINS,2024-08-06 11:11:20,299.7,14.4,-3.109208,-37.3054
RAUL MARTINS,2024-08-06 12:02:54,298.9,14.7,-3.007531,-37.484741
RAUL MARTINS,2024-08-06 12:04:41,299.1,14.6,-3.003955,-37.49111
RAUL MARTINS,2024-08-06 12:04:54,298.8,14.6,-3.003548,-37.491813
RAUL MARTINS,2024-08-06 12:06:06,298.7,14.6,-3.00112,-37.49612
RAUL MARTINS,2024-08-06 12:06:41,298.3,14.6,-2.999978,-37.498223
RAUL MARTINS,2024-08-06 12:07:17,298.5,14.6,-2.998845,-37.500311
RAUL MARTINS,2024-08-06 12:07:23,298.1,14.7,-2.998655,-37.500668
RAUL MARTINS,2024-08-06 12:07:29,298.4,14.6,-2.998461,-37.501028
RAUL MARTINS,2024-08-06 12:07:41,298.6,14.6,-2.998065,-37.501746
RAUL MARTINS,2024-08-06 12:07:47,298.2,14.6,-2.997873,-37.5021
RAUL MARTINS,2024-08-06 12:07:54,298.7,14.7,-2.997646,-37.502506
RAUL MARTINS,2024-08-06 12:11:12,299.3,14.7,-2.991045,-37.514186
RAUL MARTINS,2024-08-06 12:56:49,299.1,14.9,-2.901171,-37.678526
RAUL MARTINS,2024-08-06 12:57:43,298.8,14.9,-2.899328,-37.68185
RAUL MARTINS,2024-08-06 13:00:00,298.7,14.8,-2.894745,-37.690076
RAUL MARTINS,2024-08-06 13:00:42,298.9,14.9,-2.893343,-37.692603
RAUL MARTINS,2024-08-06 13:00:54,298.7,14.8,-2.89295,-37.693326
RAUL MARTINS,2024-08-06 13:01:30,298.7,14.9,-2.891755,-37.695503
RAUL MARTINS,2024-08-06 13:02:06,299.3,14.9,-2.89057,-37.697675
RAUL MARTINS,2024-08-06 13:02:42,299.2,14.8,-2.88937,-37.699835
RAUL MARTINS,2024-08-06 13:02:54,299.1,14.9,-2.88897,-37.700555
RAUL MARTINS,2024-08-06 13:03:54,299.4,14.8,-2.886931,-37.704231
RAUL MARTINS,2024-08-06 13:48:30,298.3,14.0,-2.801935,-37.861458
RAUL MARTINS,2024-08-06 14:29:36,297.9,14.0,-2.726813,-38.0036
RAUL MARTINS,2024-08-06 14:37:36,300.6,14.0,-2.711841,-38.031008
RAUL MARTINS,2024-08-06 14:40:36,299.5,14.1,-2.705981,-38.041118
RAUL MARTINS,2024-08-06 14:42:43,299.9,14.1,-2.701866,-38.048363
RAUL MARTINS,2024-08-06 14:45:54,300.4,14.0,-2.69565,-38.059073
RAUL MARTINS,2024-08-06 14:57:37,299.2,14.1,-2.672796,-38.098558
RAUL MARTINS,2024-08-06 14:59:43,300.1,14.2,-2.668688,-38.105728
RAUL MARTINS,2024-08-06 15:02:37,299.9,14.2,-2.662845,-38.115545
RAUL MARTINS,2024-08-06 15:05:55,299.8,14.2,-2.656413,-38.12688
RAUL MARTINS,2024-08-06 15:29:54,299.9,14.2,-2.608635,-38.20848
RAUL MARTINS,2024-08-06 15:33:43,300.2,14.2,-2.60099,-38.221503
RAUL MARTINS,2024-08-06 15:34:12,299.8,14.2,-2.600035,-38.223171
RAUL MARTINS,2024-08-06 15:36:19,299.7,14.2,-2.595855,-38.23041
RAUL MARTINS,2024-08-06 15:36:36,299.9,14.2,-2.595251,-38.231421
RAUL MARTINS,2024-08-06 15:38:24,299.5,14.3,-2.591678,-38.237513
RAUL MARTINS,2024-08-06 15:42:07,300.1,14.3,-2.584328,-38.250213
RAUL MARTINS,2024-08-06 16:08:30,299.8,14.5,-2.531531,-38.341166
RAUL MARTINS,2024-08-06 16:10:53,299.4,14.5,-2.526703,-38.349485
RAUL MARTINS,2024-08-06 16:15:05,300.8,14.5,-2.518221,-38.364158
RAUL MARTINS,2024-08-06 16:20:42,299.4,14.6,-2.506611,-38.383783
RAUL MARTINS,2024-08-06 16:22:49,299.3,14.7,-2.502316,-38.391226
RAUL MARTINS,2024-08-06 16:25:00,299.2,14.7,-2.497948,-38.398946
RAUL MARTINS,2024-08-06 16:27:25,299.6,14.6,-2.493133,-38.407525
RAUL MARTINS,2024-08-06 16:29:37,300.0,14.6,-2.48869,-38.415246
RAUL MARTINS,2024-08-06 16:40:25,299.2,14.6,-2.466948,-38.453206
RAUL MARTINS,2024-08-06 16:45:43,299.2,14.6,-2.456283,-38.47187
RAUL MARTINS,2024-08-06 17:18:06,300.1,14.3,-2.391486,-38.585211
RAUL MARTINS,2024-08-06 17:20:12,299.2,14.3,-2.387311,-38.592505
RAUL MARTINS,2024-08-06 18:22:41,298.7,14.3,-2.264163,-38.807473
RAUL MARTINS,2024-08-06 20:07:00,298.3,14.1,-2.060441,-39.164291
RAUL MARTINS,2024-08-06 20:09:18,298.5,14.1,-2.056036,-39.17212
RAUL MARTINS,2024-08-06 20:11:30,298.8,14.1,-2.051826,-39.179616
RAUL MARTINS,2024-08-06 20:41:49,299.4,14.2,-1.99373,-39.283361
RAUL MARTINS,2024-08-06 20:44:37,298.3,14.2,-1.988405,-39.292995
RAUL MARTINS,2024-08-06 20:49:24,298.5,14.2,-1.979125,-39.309583
RAUL MARTINS,2024-08-06 21:00:31,298.7,14.3,-1.957876,-39.347945
RAUL MARTINS,2024-08-06 21:03:01,298.4,14.3,-1.953085,-39.356571
RAUL MARTINS,2024-08-06 21:08:07,299.0,14.3,-1.943293,-39.374301
RAUL MARTINS,2024-08-06 21:14:31,299.0,14.4,-1.93097,-39.396583
RAUL MARTINS,2024-08-06 21:18:13,299.3,14.4,-1.923835,-39.409528
RAUL MARTINS,2024-08-06 21:21:14,298.2,14.4,-1.918053,-39.420103
RAUL MARTINS,2024-08-06 21:24:07,298.1,14.4,-1.912525,-39.430236
RAUL MARTINS,2024-08-06 21:50:48,299.5,14.2,-1.86134,-39.522906
RAUL MARTINS,2024-08-06 21:54:18,298.8,14.2,-1.854711,-39.534843
RAUL MARTINS,2024-08-06 21:59:49,298.2,14.2,-1.844213,-39.553831
RAUL MARTINS,2024-08-06 22:24:54,298.1,14.1,-1.797131,-39.64037
RAUL MARTINS,2024-08-06 22:29:31,298.3,14.0,-1.78855,-39.656118
RAUL MARTINS,2024-08-06 22:31:49,297.9,14.0,-1.784318,-39.663995
RAUL MARTINS,2024-08-06 22:44:07,298.3,14.1,-1.761591,-39.706093
RAUL MARTINS,2024-08-06 22:47:42,297.8,14.0,-1.75496,-39.718423
RAUL MARTINS,2024-08-06 23:58:30,272.3,14.1,-1.718378,-39.988723
RAUL MARTINS,2024-08-07 00:01:18,271.8,14.1,-1.71794,-39.999661
RAUL MARTINS,2024-08-07 00:01:24,272.5,14.1,-1.71792,-40.000118
RAUL MARTINS,2024-08-07 00:01:30,272.1,14.1,-1.717901,-40.000508
RAUL MARTINS,2024-08-07 00:01:42,272.3,14.1,-1.717866,-40.001293
RAUL MARTINS,2024-08-07 00:01:54,272.1,14.1,-1.717833,-40.002071
RAUL MARTINS,2024-08-07 00:02:00,272.1,14.1,-1.717811,-40.002525
RAUL MARTINS,2024-08-07 00:02:06,272.0,14.1,-1.717801,-40.00285
RAUL MARTINS,2024-08-07 00:02:18,271.9,14.2,-1.71777,-40.003626
RAUL MARTINS,2024-08-07 00:02:24,272.6,14.1,-1.717746,-40.00408
RAUL MARTINS,2024-08-07 00:02:30,272.5,14.1,-1.717733,-40.004471
RAUL MARTINS,2024-08-07 00:03:18,272.9,14.1,-1.717621,-40.007556
RAUL MARTINS,2024-08-07 00:50:12,272.6,13.9,-1.709046,-40.190056
RAUL MARTINS,2024-08-07 00:50:18,273.4,13.9,-1.709025,-40.190441
RAUL MARTINS,2024-08-07 00:51:18,272.9,13.9,-1.708828,-40.194291
RAUL MARTINS,2024-08-07 00:51:30,272.8,13.9,-1.708793,-40.194995
RAUL MARTINS,2024-08-07 00:51:42,272.8,13.9,-1.708748,-40.195828
RAUL MARTINS,2024-08-07 00:52:11,273.0,13.9,-1.708633,-40.197678
RAUL MARTINS,2024-08-07 00:52:42,272.7,13.9,-1.70852,-40.199686
RAUL MARTINS,2024-08-07 00:54:18,273.0,13.9,-1.7082,-40.205846
RAUL MARTINS,2024-08-07 00:54:54,272.9,13.9,-1.708061,-40.208166
RAUL MARTINS,2024-08-07 00:55:18,273.0,13.9,-1.70798,-40.209701
RAUL MARTINS,2024-08-07 00:55:30,273.0,13.9,-1.707948,-40.210463
RAUL MARTINS,2024-08-07 00:57:35,273.1,13.9,-1.70748,-40.218536
RAUL MARTINS,2024-08-07 01:09:12,272.7,13.9,-1.705006,-40.263326
RAUL MARTINS,2024-08-07 01:37:30,274.1,14.1,-1.696151,-40.373023
RAUL MARTINS,2024-08-07 01:39:07,274.9,14.1,-1.695671,-40.37931
RAUL MARTINS,2024-08-07 01:41:13,275.4,14.1,-1.694951,-40.387536
RAUL MARTINS,2024-08-07 02:11:24,274.6,14.1,-1.685293,-40.50549
RAUL MARTINS,2024-08-07 02:12:19,274.2,14.1,-1.684988,-40.509043
RAUL MARTINS,2024-08-07 02:14:24,267.8,13.9,-1.684786,-40.517111
RAUL MARTINS,2024-08-07 02:15:24,269.6,13.9,-1.68487,-40.520968
RAUL MARTINS,2024-08-07 02:17:18,272.3,14.0,-1.684665,-40.528371
RAUL MARTINS,2024-08-07 02:49:00,273.3,14.1,-1.678218,-40.651655
RAUL MARTINS,2024-08-07 02:52:23,273.4,14.1,-1.677435,-40.664811
RAUL MARTINS,2024-08-07 03:00:43,273.5,14.1,-1.675463,-40.697108
RAUL MARTINS,2024-08-07 03:19:41,273.6,14.1,-1.670596,-40.771195
RAUL MARTINS,2024-08-07 03:23:24,273.4,14.1,-1.669606,-40.785655
RAUL MARTINS,2024-08-07 03:25:30,273.9,14.2,-1.66908,-40.793885
RAUL MARTINS,2024-08-07 03:27:35,273.7,14.2,-1.668523,-40.802156
RAUL MARTINS,2024-08-07 03:32:00,273.6,14.3,-1.667335,-40.819548
RAUL MARTINS,2024-08-07 03:51:19,273.5,14.5,-1.66228,-40.896188
RAUL MARTINS,2024-08-07 03:53:31,273.3,14.5,-1.66177,-40.90501
RAUL MARTINS,2024-08-07 03:56:31,273.7,14.5,-1.660941,-40.917028
RAUL MARTINS,2024-08-07 03:58:37,273.2,14.5,-1.660333,-40.925443
RAUL MARTINS,2024-08-07 04:00:43,273.4,14.6,-1.659753,-40.933866
RAUL MARTINS,2024-08-07 04:01:01,273.7,14.5,-1.659673,-40.935075
RAUL MARTINS,2024-08-07 04:03:01,273.4,14.6,-1.659185,-40.943131
RAUL MARTINS,2024-08-07 04:05:07,273.3,14.5,-1.658646,-40.95165
RAUL MARTINS,2024-08-07 04:33:18,272.7,14.7,-1.652083,-41.065528
RAUL MARTINS,2024-08-07 04:35:42,272.1,14.7,-1.651598,-41.075208
RAUL MARTINS,2024-08-07 04:43:06,272.2,14.7,-1.650258,-41.10514
RAUL MARTINS,2024-08-07 04:45:18,272.1,14.7,-1.649811,-41.114068
RAUL MARTINS,2024-08-07 04:47:42,272.4,14.6,-1.649396,-41.123785
RAUL MARTINS,2024-08-07 05:09:59,269.8,14.5,-1.646153,-41.21431
RAUL MARTINS,2024-08-07 05:37:07,270.8,13.8,-1.64435,-41.320078
RAUL MARTINS,2024-08-07 07:47:45,274.3,13.9,-1.605976,-41.818195
RAUL MARTINS,2024-08-07 07:59:57,274.2,14.0,-1.601946,-41.864551
RAUL MARTINS,2024-08-07 08:28:32,274.8,14.1,-1.590958,-41.975961
RAUL MARTINS,2024-08-07 08:33:26,277.8,14.1,-1.58879,-41.994936
RAUL MARTINS,2024-08-07 09:02:33,270.1,13.5,-1.580918,-42.105976
RAUL MARTINS,2024-08-07 09:08:33,270.6,13.4,-1.580781,-42.12859
RAUL MARTINS,2024-08-07 09:12:23,270.5,13.4,-1.580645,-42.142958
RAUL MARTINS,2024-08-07 09:28:25,269.0,13.3,-1.579636,-42.202428
RAUL MARTINS,2024-08-07 09:37:05,271.6,13.5,-1.579898,-42.23461
RAUL MARTINS,2024-08-07 09:42:55,270.8,13.8,-1.579433,-42.25675
RAUL MARTINS,2024-08-07 09:47:35,271.0,14.0,-1.579083,-42.274701
RAUL MARTINS,2024-08-07 10:10:47,272.8,14.3,-1.575526,-42.36601
RAUL MARTINS,2024-08-07 10:14:29,273.9,14.3,-1.574616,-42.38068
RAUL MARTINS,2024-08-07 11:11:37,273.5,13.6,-1.5587,-42.599945
RAUL MARTINS,2024-08-07 11:57:07,272.3,13.4,-1.549881,-42.769821
RAUL MARTINS,2024-08-07 12:00:06,271.8,13.5,-1.549546,-42.780875
RAUL MARTINS,2024-08-07 12:00:16,271.8,13.5,-1.549528,-42.781555
RAUL MARTINS,2024-08-07 12:02:37,271.7,13.5,-1.549266,-42.790273
RAUL MARTINS,2024-08-07 12:02:56,271.5,13.5,-1.549238,-42.791453
RAUL MARTINS,2024-08-07 12:03:16,271.2,13.5,-1.54921,-42.79282
RAUL MARTINS,2024-08-07 12:42:03,270.3,14.0,-1.54899,-42.941791
RAUL MARTINS,2024-08-07 12:42:26,271.3,14.0,-1.54894,-42.943286
RAUL MARTINS,2024-08-07 12:43:03,272.2,14.0,-1.54888,-42.945625
RAUL MARTINS,2024-08-07 12:43:15,272.1,14.0,-1.548851,-42.94647
RAUL MARTINS,2024-08-07 12:43:21,272.5,14.0,-1.548835,-42.946861
RAUL MARTINS,2024-08-07 12:43:39,272.5,14.0,-1.548786,-42.948035
RAUL MARTINS,2024-08-07 12:43:44,272.9,14.0,-1.548766,-42.948423
RAUL MARTINS,2024-08-07 12:43:51,272.7,14.0,-1.54874,-42.948881
RAUL MARTINS,2024-08-07 12:43:57,273.3,14.0,-1.548723,-42.949205
RAUL MARTINS,2024-08-07 12:44:03,272.9,14.0,-1.548705,-42.949596
RAUL MARTINS,2024-08-07 12:44:27,273.6,14.0,-1.548623,-42.951156
RAUL MARTINS,2024-08-07 12:47:33,272.9,14.0,-1.547918,-42.963153
RAUL MARTINS,2024-08-07 13:17:22,274.9,13.5,-1.539528,-43.076078
RAUL MARTINS,2024-08-07 13:22:53,275.8,13.4,-1.537463,-43.096466
RAUL MARTINS,2024-08-07 13:28:01,275.4,13.2,-1.535485,-43.11545
RAUL MARTINS,2024-08-07 13:33:21,275.6,13.1,-1.533235,-43.134828
RAUL MARTINS,2024-08-07 13:34:21,275.6,13.1,-1.532843,-43.138448
RAUL MARTINS,2024-08-07 13:37:32,277.7,13.1,-1.531448,-43.149873
RAUL MARTINS,2024-08-07 14:34:12,256.5,5.9,-1.53298,-43.318956
RAUL MARTINS,2024-08-07 14:36:21,239.7,5.3,-1.53434,-43.32195
RAUL MARTINS,2024-08-07 15:07:52,266.1,0.5,-1.543331,-43.345488
RAUL MARTINS,2024-08-07 15:11:30,263.5,0.5,-1.543361,-43.345986
RAUL MARTINS,2024-08-07 15:30:40,292.0,0.5,-1.543228,-43.348253
RAUL MARTINS,2024-08-07 16:18:41,261.0,0.9,-1.542453,-43.357331
RAUL MARTINS,2024-08-07 16:51:42,265.4,1.1,-1.543428,-43.366576
RAUL MARTINS,2024-08-07 19:47:41,66.0,5.7,-1.571333,-43.417858
RAUL MARTINS,2024-08-07 20:04:01,76.9,6.9,-1.563558,-43.389705
RAUL MARTINS,2024-08-07 20:17:40,64.3,7.0,-1.556661,-43.364055
RAUL MARTINS,2024-08-07 20:55:41,49.0,7.4,-1.510846,-43.302848
RAUL MARTINS,2024-08-07 21:50:47,270.8,2.2,-1.488631,-43.284668
RAUL MARTINS,2024-08-08 00:38:47,293.9,0.5,-1.49232,-43.346245
RAUL MARTINS,2024-08-08 02:53:49,327.1,0.4,-1.480003,-43.35692
RAUL MARTINS,2024-08-08 03:05:48,309.4,0.4,-1.479125,-43.358068
RAUL MARTINS,2024-08-08 03:47:47,273.7,0.5,-1.477111,-43.36421
RAUL MARTINS,2024-08-08 03:53:46,271.6,0.7,-1.476991,-43.365383
RAUL MARTINS,2024-08-08 04:08:49,266.3,0.6,-1.476935,-43.368436
RAUL MARTINS,2024-08-08 09:13:56,200.5,4.0,-1.530223,-43.497588
RAUL MARTINS,2024-08-08 09:16:25,197.8,4.3,-1.533056,-43.498678
RAUL MARTINS,2024-08-08 09:19:55,196.8,5.7,-1.537721,-43.500093
RAUL MARTINS,2024-08-08 09:52:37,96.3,7.6,-1.588468,-43.468708
RAUL MARTINS,2024-08-08 10:08:46,87.6,7.9,-1.587288,-43.434201
RAUL MARTINS,2024-08-08 10:23:26,85.9,8.1,-1.585441,-43.401645
RAUL MARTINS,2024-08-08 12:06:09,272.1,0.7,-1.587086,-43.355301
RAUL MARTINS,2024-08-08 15:57:09,254.6,0.2,-1.579656,-43.369015
RAUL MARTINS,2024-08-08 17:15:08,248.6,0.8,-1.583885,-43.380441
RAUL MARTINS,2024-08-08 19:20:07,258.5,12.6,-1.635411,-43.594601
RAUL MARTINS,2024-08-08 19:51:26,263.1,12.9,-1.65771,-43.704305
RAUL MARTINS,2024-08-08 19:54:07,260.4,12.9,-1.658968,-43.713838
RAUL MARTINS,2024-08-08 20:31:15,205.0,12.4,-1.73278,-43.819556
RAUL MARTINS,2024-08-08 20:45:55,204.7,12.4,-1.77854,-43.842933
RAUL MARTINS,2024-08-08 20:56:15,210.2,12.7,-1.81071,-43.859725
RAUL MARTINS,2024-08-08 20:58:36,216.7,12.7,-1.817581,-43.864353
RAUL MARTINS,2024-08-08 21:05:35,222.7,12.8,-1.836993,-43.879913
RAUL MARTINS,2024-08-08 21:38:25,219.8,12.1,-1.922338,-43.957941
RAUL MARTINS,2024-08-08 22:13:56,229.5,12.2,-1.992043,-44.057198
RAUL MARTINS,2024-08-09 00:17:55,28.2,1.0,-2.153068,-44.155975
RAUL MARTINS,2024-08-09 00:21:45,99.3,1.0,-2.152685,-44.155365
RAUL MARTINS,2024-08-09 00:23:05,95.0,1.1,-2.152753,-44.154921
RAUL MARTINS,2024-08-09 00:23:36,94.9,1.0,-2.152766,-44.154758
RAUL MARTINS,2024-08-09 02:37:32,44.7,1.0,-2.152553,-44.150796
RAUL MARTINS,2024-08-09 03:10:30,264.5,3.1,-2.150011,-44.155671
RAUL MARTINS,2024-08-09 03:35:19,213.0,9.3,-2.18764,-44.184603
RAUL MARTINS,2024-08-09 03:42:49,214.0,9.4,-2.204275,-44.195346
RAUL MARTINS,2024-08-09 03:43:29,212.3,9.4,-2.205693,-44.19626
RAUL MARTINS,2024-08-09 03:45:39,212.5,9.4,-2.21044,-44.199321
RAUL MARTINS,2024-08-09 03:45:59,213.1,9.4,-2.211165,-44.199786
RAUL MARTINS,2024-08-09 04:31:09,214.1,8.9,-2.308056,-44.262256
RAUL MARTINS,2024-08-09 07:39:10,95.7,0.6,-2.573663,-44.376251
RAUL MARTINS,2024-08-09 08:11:50,271.6,0.0,-2.572258,-44.375306
RAUL MARTINS,2024-08-09 08:14:29,271.6,0.0,-2.572246,-44.375308
RAUL MARTINS,2024-08-09 08:16:39,271.6,0.0,-2.572236,-44.375311
RAUL MARTINS,2024-08-09 08:19:01,275.5,0.0,-2.572305,-44.375283
RAUL MARTINS,2024-08-09 08:45:19,160.5,0.0,-2.57229,-44.375311
RAUL MARTINS,2024-08-09 08:49:40,160.5,0.0,-2.57228,-44.375355
RAUL MARTINS,2024-08-09 08:51:59,160.5,0.0,-2.572243,-44.37534
RAUL MARTINS,2024-08-09 08:54:40,307.7,0.0,-2.572251,-44.375365
RAUL MARTINS,2024-08-09 09:07:09,158.6,0.0,-2.57225,-44.375343
RAUL MARTINS,2024-08-09 09:13:10,125.2,0.0,-2.572265,-44.375351
RAUL MARTINS,2024-08-09 09:15:29,125.2,0.0,-2.572278,-44.375348
RAUL MARTINS,2024-08-09 09:17:40,125.2,0.0,-2.572268,-44.375326
RAUL MARTINS,2024-08-09 09:23:40,125.2,0.0,-2.572263,-44.375365
RAUL MARTINS,2024-08-09 13:26:32,28.7,0.0,-2.572253,-44.375368
RAUL MARTINS,2024-08-12 00:44:33,292.0,0.0,-2.572183,-44.375363
RAUL MARTINS,2024-08-16 12:02:30,340.4,0.0,-2.572243,-44.375351
RAUL MARTINS,2024-08-17 21:42:11,43.6,12.6,-2.411806,-44.332276
RAUL MARTINS,2024-08-17 22:13:13,34.1,13.3,-2.319391,-44.269273
RAUL MARTINS,2024-08-17 22:15:52,35.2,13.5,-2.311176,-44.263658
RAUL MARTINS,2024-08-17 22:17:41,34.4,13.5,-2.305531,-44.259768
RAUL MARTINS,2024-08-17 22:18:02,35.7,13.5,-2.304416,-44.258993
RAUL MARTINS,2024-08-17 22:50:00,30.9,13.5,-2.202606,-44.194713
RAUL MARTINS,2024-08-17 22:53:32,31.8,13.6,-2.19121,-44.187745
RAUL MARTINS,2024-08-17 22:56:11,30.1,13.6,-2.182643,-44.182513
RAUL MARTINS,2024-08-17 23:05:24,31.7,14.0,-2.152526,-44.163616
RAUL MARTINS,2024-08-17 23:08:06,31.7,14.0,-2.14361,-44.158113
RAUL MARTINS,2024-08-17 23:13:19,33.7,14.1,-2.12632,-44.14725
RAUL MARTINS,2024-08-17 23:26:25,33.8,14.1,-2.083408,-44.11885
RAUL MARTINS,2024-08-17 23:30:06,33.5,14.0,-2.071443,-44.110923
RAUL MARTINS,2024-08-17 23:32:37,33.4,13.9,-2.063346,-44.105528
RAUL MARTINS,2024-08-17 23:55:46,57.6,13.4,-1.989698,-44.05562
RAUL MARTINS,2024-08-17 23:58:06,56.9,13.6,-1.98487,-44.0484
RAUL MARTINS,2024-08-18 00:00:26,57.9,13.7,-1.980043,-44.040981
RAUL MARTINS,2024-08-18 00:00:36,57.8,13.7,-1.979663,-44.040391
RAUL MARTINS,2024-08-18 00:03:06,56.6,13.8,-1.97454,-44.032363
RAUL MARTINS,2024-08-18 00:04:15,57.1,13.8,-1.972078,-44.028651
RAUL MARTINS,2024-08-18 00:06:36,56.4,13.9,-1.96707,-44.02108
RAUL MARTINS,2024-08-18 00:09:15,56.8,13.8,-1.961465,-44.012643
RAUL MARTINS,2024-08-18 00:09:54,56.6,13.9,-1.960031,-44.010526
RAUL MARTINS,2024-08-18 00:11:54,56.3,13.9,-1.955768,-44.00408
RAUL MARTINS,2024-08-18 00:12:44,56.0,13.9,-1.953983,-44.001396
RAUL MARTINS,2024-08-18 00:13:14,56.1,13.9,-1.952935,-43.999781
RAUL MARTINS,2024-08-18 00:13:25,56.3,13.9,-1.952508,-43.99914
RAUL MARTINS,2024-08-18 00:13:34,56.6,13.9,-1.952183,-43.998658
RAUL MARTINS,2024-08-18 00:13:44,56.8,13.9,-1.951823,-43.99812
RAUL MARTINS,2024-08-18 00:13:54,57.0,13.8,-1.951468,-43.997575
RAUL MARTINS,2024-08-18 00:14:44,57.3,13.8,-1.949751,-43.994941
RAUL MARTINS,2024-08-18 00:14:54,56.1,13.8,-1.949396,-43.994408
RAUL MARTINS,2024-08-18 00:15:05,56.7,13.8,-1.949008,-43.993826
RAUL MARTINS,2024-08-18 00:15:24,57.5,13.8,-1.94835,-43.992815
RAUL MARTINS,2024-08-18 00:15:44,56.8,13.8,-1.947648,-43.991751
RAUL MARTINS,2024-08-18 00:15:54,56.7,13.8,-1.947265,-43.991166
RAUL MARTINS,2024-08-18 00:16:24,56.7,13.8,-1.946228,-43.98958
RAUL MARTINS,2024-08-18 00:35:05,51.3,13.4,-1.908403,-43.929895
RAUL MARTINS,2024-08-18 00:39:06,40.6,13.3,-1.898126,-43.919083
RAUL MARTINS,2024-08-18 00:58:45,34.3,13.3,-1.8381,-43.877906
RAUL MARTINS,2024-08-18 00:59:34,34.7,13.3,-1.83556,-43.876173
RAUL MARTINS,2024-08-18 00:59:45,35.0,13.2,-1.835003,-43.875785
RAUL MARTINS,2024-08-18 01:00:25,33.6,13.2,-1.833001,-43.874463
RAUL MARTINS,2024-08-18 01:00:34,33.3,13.2,-1.83249,-43.874126
RAUL MARTINS,2024-08-18 01:00:55,33.4,13.2,-1.831385,-43.873443
RAUL MARTINS,2024-08-18 01:02:05,32.8,13.1,-1.827796,-43.871095
RAUL MARTINS,2024-08-18 01:02:15,32.5,13.2,-1.827263,-43.87077
RAUL MARTINS,2024-08-18 01:02:34,33.4,13.1,-1.826288,-43.870103
RAUL MARTINS,2024-08-18 01:02:55,32.8,13.1,-1.825208,-43.869388
RAUL MARTINS,2024-08-18 01:03:05,33.6,13.2,-1.824751,-43.86909
RAUL MARTINS,2024-08-18 01:04:25,33.2,13.2,-1.820596,-43.866446
RAUL MARTINS,2024-08-18 01:12:06,30.1,13.0,-1.796605,-43.852261
RAUL MARTINS,2024-08-18 01:45:04,10.6,12.3,-1.702298,-43.790333
RAUL MARTINS,2024-08-18 03:49:55,356.0,12.2,-1.294086,-43.753226
RAUL MARTINS,2024-08-18 04:34:26,358.5,12.1,-1.14456,-43.76528
RAUL MARTINS,2024-08-18 04:38:15,355.9,12.2,-1.131691,-43.76623
RAUL MARTINS,2024-08-18 05:07:45,342.7,12.4,-1.031925,-43.778285
RAUL MARTINS,2024-08-18 05:11:05,317.9,12.6,-1.022266,-43.784301
RAUL MARTINS,2024-08-18 05:13:34,316.4,12.9,-1.015691,-43.790388
RAUL MARTINS,2024-08-18 05:30:35,318.7,13.1,-0.96905,-43.831875
RAUL MARTINS,2024-08-18 05:33:14,318.4,13.2,-0.961525,-43.838185
RAUL MARTINS,2024-08-18 05:35:36,317.9,13.2,-0.954966,-43.843753
RAUL MARTINS,2024-08-18 05:44:14,320.6,13.2,-0.93051,-43.86427
RAUL MARTINS,2024-08-18 06:13:35,325.3,13.1,-0.843015,-43.926381
RAUL MARTINS,2024-08-18 06:16:05,325.5,13.2,-0.835446,-43.931561
RAUL MARTINS,2024-08-18 06:20:35,327.4,13.2,-0.821785,-43.940881
RAUL MARTINS,2024-08-18 06:23:25,325.5,13.2,-0.813118,-43.94663
RAUL MARTINS,2024-08-18 06:52:05,320.6,13.4,-0.730078,-44.01258
RAUL MARTINS,2024-08-18 07:15:56,319.9,13.3,-0.66149,-44.068455
RAUL MARTINS,2024-08-18 10:04:45,319.4,13.6,-0.17401,-44.474321
RAUL MARTINS,2024-08-18 10:06:56,318.8,13.6,-0.16759,-44.479693
RAUL MARTINS,2024-08-18 10:35:34,317.9,13.6,-0.084395,-44.549895
RAUL MARTINS,2024-08-18 10:36:35,318.6,13.6,-0.081541,-44.552395
RAUL MARTINS,2024-08-18 10:39:04,317.3,13.6,-0.074485,-44.558713
RAUL MARTINS,2024-08-18 10:40:55,318.0,13.6,-0.069405,-44.563315
RAUL MARTINS,2024-08-18 10:44:43,318.2,13.5,-0.058591,-44.57298
RAUL MARTINS,2024-08-18 11:10:25,318.1,13.5,0.013573,-44.637958
RAUL MARTINS,2024-08-18 11:12:46,317.4,13.6,0.020091,-44.643846
RAUL MARTINS,2024-08-18 11:15:46,316.5,13.6,0.028555,-44.651555
RAUL MARTINS,2024-08-18 11:18:04,316.6,13.5,0.034943,-44.657426
RAUL MARTINS,2024-08-18 11:27:25,317.0,13.6,0.061031,-44.681281
RAUL MARTINS,2024-08-18 11:31:05,317.4,13.6,0.071206,-44.690685
RAUL MARTINS,2024-08-18 11:33:24,316.5,13.6,0.077685,-44.69666
RAUL MARTINS,2024-08-18 11:43:46,317.2,13.7,0.106498,-44.723291
RAUL MARTINS,2024-08-18 11:47:26,316.8,13.7,0.116816,-44.732826
RAUL MARTINS,2024-08-18 11:49:35,317.5,13.7,0.122808,-44.738341
RAUL MARTINS,2024-08-18 11:51:45,316.8,13.7,0.128841,-44.743928
RAUL MARTINS,2024-08-18 12:03:15,318.5,13.8,0.162263,-44.772881
RAUL MARTINS,2024-08-18 12:06:25,319.3,13.7,0.171403,-44.780816
RAUL MARTINS,2024-08-18 12:07:35,320.0,13.7,0.174788,-44.783735
RAUL MARTINS,2024-08-18 12:07:54,319.4,13.7,0.175698,-44.784525
RAUL MARTINS,2024-08-18 12:23:02,315.9,13.8,0.218748,-44.823753
RAUL MARTINS,2024-08-18 12:25:08,315.3,13.7,0.22452,-44.829261
RAUL MARTINS,2024-08-18 12:25:26,316.7,13.7,0.225291,-44.829998
RAUL MARTINS,2024-08-18 12:49:53,316.7,14.0,0.292996,-44.893771
RAUL MARTINS,2024-08-18 12:53:16,316.7,14.0,0.302731,-44.90279
RAUL MARTINS,2024-08-18 12:53:28,316.6,14.0,0.303301,-44.903318
RAUL MARTINS,2024-08-18 12:54:10,317.2,14.0,0.305311,-44.905161
RAUL MARTINS,2024-08-18 13:10:53,319.0,13.9,0.354285,-44.94803
RAUL MARTINS,2024-08-18 13:14:05,318.3,14.0,0.363701,-44.956141
RAUL MARTINS,2024-08-18 13:16:48,317.5,14.1,0.371448,-44.963295
RAUL MARTINS,2024-08-18 13:29:29,316.6,14.5,0.408308,-44.997466
RAUL MARTINS,2024-08-18 16:02:59,319.2,14.4,0.88504,-45.387835
RAUL MARTINS,2024-08-18 16:05:41,319.3,14.3,0.89328,-45.394868
RAUL MARTINS,2024-08-18 16:23:35,320.0,14.3,0.948365,-45.441225
RAUL MARTINS,2024-08-18 16:26:59,320.3,14.4,0.958848,-45.449906
RAUL MARTINS,2024-08-18 16:30:11,320.6,14.4,0.968765,-45.458073
RAUL MARTINS,2024-08-18 16:51:28,320.3,14.6,1.035678,-45.51271
RAUL MARTINS,2024-08-18 16:53:59,320.9,14.6,1.043653,-45.51917
RAUL MARTINS,2024-08-18 16:56:10,320.6,14.6,1.050583,-45.524881
RAUL MARTINS,2024-08-18 17:00:58,320.2,14.5,1.065693,-45.537288
RAUL MARTINS,2024-08-18 17:03:04,319.4,14.4,1.072246,-45.542726
RAUL MARTINS,2024-08-18 17:26:29,320.3,14.4,1.145291,-45.603315
RAUL MARTINS,2024-08-18 17:31:23,319.6,14.4,1.160528,-45.615918
RAUL MARTINS,2024-08-18 17:33:36,319.7,14.5,1.167441,-45.621625
RAUL MARTINS,2024-08-18 17:36:35,320.3,14.5,1.176828,-45.629321
RAUL MARTINS,2024-08-18 17:38:47,320.5,14.5,1.183776,-45.635065
RAUL MARTINS,2024-08-18 17:47:23,320.0,14.4,1.210488,-45.657201
RAUL MARTINS,2024-08-18 17:49:36,320.0,14.5,1.21744,-45.662878
RAUL MARTINS,2024-08-18 17:53:23,321.2,14.5,1.229246,-45.672671
RAUL MARTINS,2024-08-18 18:08:04,320.6,14.5,1.27551,-45.71015
RAUL MARTINS,2024-08-18 18:19:51,320.9,14.6,1.313053,-45.740216
RAUL MARTINS,2024-08-18 18:20:03,320.7,14.6,1.313646,-45.740688
RAUL MARTINS,2024-08-18 18:20:21,321.2,14.6,1.31462,-45.74146
RAUL MARTINS,2024-08-18 18:20:51,320.8,14.6,1.316191,-45.742721
RAUL MARTINS,2024-08-18 18:22:03,321.1,14.7,1.320051,-45.745808
RAUL MARTINS,2024-08-18 18:40:40,320.4,14.5,1.379003,-45.793293
RAUL MARTINS,2024-08-18 21:12:16,317.6,14.8,1.85096,-46.194758
RAUL MARTINS,2024-08-18 22:29:41,318.2,14.8,2.089491,-46.407038
RAUL MARTINS,2024-08-18 22:57:16,318.5,14.9,2.175521,-46.48236
RAUL MARTINS,2024-08-18 23:01:22,318.8,14.9,2.188336,-46.493518
RAUL MARTINS,2024-08-18 23:03:46,318.8,14.8,2.195791,-46.499981
RAUL MARTINS,2024-08-18 23:06:05,318.4,14.9,2.20311,-46.506305
RAUL MARTINS,2024-08-18 23:08:16,319.1,14.9,2.20997,-46.51224
RAUL MARTINS,2024-08-18 23:35:01,319.3,14.9,2.293688,-46.584585
RAUL MARTINS,2024-08-18 23:39:23,318.9,14.9,2.307521,-46.596535
RAUL MARTINS,2024-08-18 23:42:18,319.5,14.9,2.316628,-46.604403
RAUL MARTINS,2024-08-18 23:48:28,319.0,14.9,2.336233,-46.621166
RAUL MARTINS,2024-08-18 23:52:28,318.7,14.9,2.348723,-46.6319
RAUL MARTINS,2024-08-19 00:05:41,319.6,14.9,2.39033,-46.667405
RAUL MARTINS,2024-08-19 00:05:46,319.5,14.9,2.390595,-46.667631
RAUL MARTINS,2024-08-19 00:05:58,319.7,14.9,2.391285,-46.668213
RAUL MARTINS,2024-08-19 00:09:29,319.5,14.9,2.40237,-46.677516
RAUL MARTINS,2024-08-19 00:11:35,320.0,14.9,2.409156,-46.683215
RAUL MARTINS,2024-08-19 00:13:47,319.7,14.9,2.416123,-46.689071
RAUL MARTINS,2024-08-19 00:16:30,319.5,15.0,2.424833,-46.696346
RAUL MARTINS,2024-08-19 00:41:40,319.8,15.0,2.505668,-46.76356
RAUL MARTINS,2024-08-19 00:42:52,320.3,15.0,2.509478,-46.766731
RAUL MARTINS,2024-08-19 00:43:59,320.4,15.0,2.513121,-46.76973
RAUL MARTINS,2024-08-19 00:44:59,320.5,15.0,2.516281,-46.772348
RAUL MARTINS,2024-08-19 00:45:04,320.1,15.0,2.516603,-46.772615
RAUL MARTINS,2024-08-19 00:45:10,319.9,15.0,2.516925,-46.77288
RAUL MARTINS,2024-08-19 00:47:47,320.0,15.0,2.525251,-46.77983
RAUL MARTINS,2024-08-19 00:47:52,319.7,15.0,2.525518,-46.780055
RAUL MARTINS,2024-08-19 00:48:05,319.9,15.0,2.526215,-46.780635
RAUL MARTINS,2024-08-19 00:49:34,320.0,15.0,2.531025,-46.784651
RAUL MARTINS,2024-08-19 00:50:34,319.9,15.0,2.534171,-46.787296
RAUL MARTINS,2024-08-19 01:36:59,319.9,14.9,2.683151,-46.910478
RAUL MARTINS,2024-08-19 01:39:05,320.4,14.9,2.68981,-46.915991
RAUL MARTINS,2024-08-19 01:40:46,320.3,14.9,2.695241,-46.920433
RAUL MARTINS,2024-08-19 01:40:59,320.6,14.9,2.695888,-46.92095
RAUL MARTINS,2024-08-19 01:41:46,320.0,14.9,2.698413,-46.923036
RAUL MARTINS,2024-08-19 01:41:53,320.6,14.9,2.698805,-46.923355
RAUL MARTINS,2024-08-19 01:41:58,320.1,14.9,2.699088,-46.923583
RAUL MARTINS,2024-08-19 02:19:05,319.9,14.8,2.817361,-47.021626
RAUL MARTINS,2024-08-19 02:20:05,319.6,14.8,2.820528,-47.024295
RAUL MARTINS,2024-08-19 02:59:46,320.5,14.6,2.945481,-47.127816
RAUL MARTINS,2024-08-19 03:30:35,320.5,14.5,3.042205,-47.207136
RAUL MARTINS,2024-08-19 04:07:52,319.6,14.4,3.158176,-47.303078
RAUL MARTINS,2024-08-19 04:10:16,319.7,14.4,3.165673,-47.309265
RAUL MARTINS,2024-08-19 04:27:53,320.4,14.3,3.219956,-47.353906
RAUL MARTINS,2024-08-19 04:31:29,320.1,14.2,3.23097,-47.36292
RAUL MARTINS,2024-08-19 04:42:16,320.5,14.2,3.264156,-47.390125
RAUL MARTINS,2024-08-19 04:44:59,320.5,14.2,3.27243,-47.396915
RAUL MARTINS,2024-08-19 04:47:16,320.5,14.3,3.279486,-47.402665
RAUL MARTINS,2024-08-19 05:17:35,320.5,14.0,3.372235,-47.477873
RAUL MARTINS,2024-08-19 05:19:53,321.3,13.9,3.379146,-47.483495
RAUL MARTINS,2024-08-19 05:22:00,321.3,13.9,3.3855,-47.488573
RAUL MARTINS,2024-08-19 05:50:40,319.0,13.8,3.469993,-47.559536
RAUL MARTINS,2024-08-19 06:13:18,319.8,13.7,3.535923,-47.61574
RAUL MARTINS,2024-08-19 06:15:49,319.5,13.6,3.54318,-47.621876
RAUL MARTINS,2024-08-19 08:00:59,317.9,12.5,3.815493,-47.873945
RAUL MARTINS,2024-08-19 09:36:58,318.8,12.5,4.064995,-48.095343
RAUL MARTINS,2024-08-19 09:38:18,318.4,12.5,4.06869,-48.09852
RAUL MARTINS,2024-08-19 09:42:08,318.4,12.6,4.07868,-48.107261
RAUL MARTINS,2024-08-19 10:09:47,320.5,12.4,4.152741,-48.169005
RAUL MARTINS,2024-08-19 10:27:28,321.1,12.5,4.20003,-48.207675
RAUL MARTINS,2024-08-19 10:46:49,321.2,12.5,4.2528,-48.249625
RAUL MARTINS,2024-08-19 10:51:08,321.1,12.5,4.264511,-48.259021
RAUL MARTINS,2024-08-19 11:20:48,318.8,12.4,4.343258,-48.32495
RAUL MARTINS,2024-08-19 11:22:49,319.7,12.4,4.348461,-48.329471
RAUL MARTINS,2024-08-19 11:24:17,318.1,12.4,4.35233,-48.33284
RAUL MARTINS,2024-08-19 11:28:08,320.7,12.3,4.362283,-48.341453
RAUL MARTINS,2024-08-19 11:56:27,318.4,12.3,4.436273,-48.404306
RAUL MARTINS,2024-08-19 12:13:08,319.3,12.4,4.479983,-48.442425
RAUL MARTINS,2024-08-19 12:15:19,319.2,12.6,4.485711,-48.447483
RAUL MARTINS,2024-08-19 12:18:19,321.4,12.5,4.493836,-48.454123
RAUL MARTINS,2024-08-19 12:31:48,321.4,12.5,4.530621,-48.483836
RAUL MARTINS,2024-08-19 12:32:08,321.4,12.5,4.531535,-48.484568
RAUL MARTINS,2024-08-19 12:32:48,320.7,12.5,4.533403,-48.48607
RAUL MARTINS,2024-08-19 13:30:37,320.8,12.7,4.694451,-48.61154
RAUL MARTINS,2024-08-19 13:31:58,319.9,12.7,4.698173,-48.614643
RAUL MARTINS,2024-08-19 13:32:37,320.5,12.8,4.699895,-48.616108
RAUL MARTINS,2024-08-19 13:32:58,320.6,12.7,4.700851,-48.616893
RAUL MARTINS,2024-08-19 13:33:58,320.8,12.7,4.703643,-48.619161
RAUL MARTINS,2024-08-19 13:34:28,320.3,12.7,4.705028,-48.62029
RAUL MARTINS,2024-08-19 13:35:57,321.0,12.7,4.709075,-48.623688
RAUL MARTINS,2024-08-19 13:38:09,320.3,12.7,4.715058,-48.628648
RAUL MARTINS,2024-08-19 13:53:49,320.5,12.8,4.758325,-48.664215
RAUL MARTINS,2024-08-19 16:27:29,316.5,12.9,5.168543,-49.032393
RAUL MARTINS,2024-08-19 16:37:59,321.0,12.9,5.197165,-49.056996
RAUL MARTINS,2024-08-19 16:51:18,319.1,13.0,5.234065,-49.087983
RAUL MARTINS,2024-08-19 16:53:28,319.5,13.0,5.240111,-49.093111
RAUL MARTINS,2024-08-19 16:58:26,319.8,12.9,5.253933,-49.104811
RAUL MARTINS,2024-08-19 16:58:36,319.6,13.0,5.254401,-49.105201
RAUL MARTINS,2024-08-19 16:59:36,318.9,13.0,5.257126,-49.107525
RAUL MARTINS,2024-08-19 17:00:16,318.2,13.0,5.25897,-49.109065
RAUL MARTINS,2024-08-19 17:00:26,318.1,13.0,5.259428,-49.109456
RAUL MARTINS,2024-08-19 17:01:46,317.6,13.0,5.263075,-49.112613
RAUL MARTINS,2024-08-19 17:01:57,317.6,13.0,5.263575,-49.11305
RAUL MARTINS,2024-08-19 17:02:06,317.7,13.0,5.263986,-49.113405
RAUL MARTINS,2024-08-19 17:02:16,318.0,13.0,5.264443,-49.113798
RAUL MARTINS,2024-08-19 17:02:26,318.8,13.0,5.2649,-49.114191
RAUL MARTINS,2024-08-19 17:03:36,318.7,13.0,5.268096,-49.116943
RAUL MARTINS,2024-08-19 17:03:47,319.0,13.0,5.268646,-49.117415
RAUL MARTINS,2024-08-19 17:04:27,319.5,12.9,5.270425,-49.11896
RAUL MARTINS,2024-08-19 17:04:36,319.0,13.0,5.270838,-49.119318
RAUL MARTINS,2024-08-19 17:06:27,317.1,12.9,5.275895,-49.123726
RAUL MARTINS,2024-08-19 17:06:29,317.1,12.9,5.275895,-49.123726
RAUL MARTINS,2024-08-19 17:10:29,318.9,13.0,5.286811,-49.133183
RAUL MARTINS,2024-08-19 17:42:48,318.0,12.9,5.3754,-49.21077
RAUL MARTINS,2024-08-19 17:46:08,318.8,12.9,5.384526,-49.218678
RAUL MARTINS,2024-08-19 18:55:58,321.7,12.9,5.57939,-49.381983
RAUL MARTINS,2024-08-19 21:05:59,297.6,13.1,5.945585,-49.679891
RAUL MARTINS,2024-08-19 21:08:08,296.8,13.2,5.949243,-49.686938
RAUL MARTINS,2024-08-19 21:54:49,295.7,13.2,6.026868,-49.840733
RAUL MARTINS,2024-08-19 21:57:58,295.9,13.2,6.031916,-49.851318
RAUL MARTINS,2024-08-19 22:39:58,294.0,13.1,6.099246,-49.990163
RAUL MARTINS,2024-08-19 22:46:49,296.0,13.1,6.110196,-50.012636
RAUL MARTINS,2024-08-19 22:50:10,295.7,13.1,6.115596,-50.023721
RAUL MARTINS,2024-08-19 22:55:59,294.5,13.0,6.124843,-50.042903
RAUL MARTINS,2024-08-19 23:11:57,292.4,13.0,6.148083,-50.096371
RAUL MARTINS,2024-08-19 23:45:27,293.4,13.0,6.19558,-50.209238
RAUL MARTINS,2024-08-19 23:45:28,293.4,13.0,6.19558,-50.209238
RAUL MARTINS,2024-08-19 23:51:08,293.4,13.2,6.203698,-50.228358
RAUL MARTINS,2024-08-19 23:54:49,293.1,13.2,6.20906,-50.240805
RAUL MARTINS,2024-08-20 00:18:48,293.5,13.4,6.24409,-50.322445
RAUL MARTINS,2024-08-20 00:21:18,293.9,13.3,6.247833,-50.33102
RAUL MARTINS,2024-08-20 00:27:59,293.8,13.4,6.257728,-50.353888
RAUL MARTINS,2024-08-20 00:30:28,292.4,13.4,6.26147,-50.362458
RAUL MARTINS,2024-08-20 00:31:58,293.5,13.4,6.263736,-50.367551
RAUL MARTINS,2024-08-20 00:36:07,293.7,13.5,6.269948,-50.381758
RAUL MARTINS,2024-08-20 01:29:28,293.3,13.6,6.350538,-50.565908
RAUL MARTINS,2024-08-20 01:30:48,293.6,13.6,6.352583,-50.57052
RAUL MARTINS,2024-08-20 01:30:58,293.8,13.6,6.352833,-50.571095
RAUL MARTINS,2024-08-20 01:31:37,293.5,13.6,6.353821,-50.573355
RAUL MARTINS,2024-08-20 01:31:58,294.1,13.6,6.354361,-50.574568
RAUL MARTINS,2024-08-20 01:32:58,293.2,13.7,6.355941,-50.578125
RAUL MARTINS,2024-08-20 01:58:47,293.5,13.7,6.395761,-50.66839
RAUL MARTINS,2024-08-20 02:00:28,293.9,13.7,6.398431,-50.674343
RAUL MARTINS,2024-08-20 02:00:57,294.4,13.8,6.3992,-50.676045
RAUL MARTINS,2024-08-20 03:42:59,294.7,13.0,6.553335,-51.016393
RAUL MARTINS,2024-08-20 04:20:49,294.0,12.9,6.611513,-51.141956
RAUL MARTINS,2024-09-03 22:39:38,126.8,10.2,6.462956,-51.280163
RAUL MARTINS,2024-09-03 22:43:57,126.9,10.2,6.45568,-51.270398
RAUL MARTINS,2024-09-03 22:47:08,126.8,10.2,6.45026,-51.263046
RAUL MARTINS,2024-09-03 22:49:38,127.2,10.2,6.445923,-51.257365
RAUL MARTINS,2024-09-03 23:01:08,126.2,10.3,6.426211,-51.231216
RAUL MARTINS,2024-09-03 23:03:59,126.4,10.3,6.421318,-51.224685
RAUL MARTINS,2024-09-03 23:08:49,126.5,10.3,6.413043,-51.213533
RAUL MARTINS,2024-09-03 23:16:48,123.5,10.3,6.399843,-51.194861
RAUL MARTINS,2024-09-03 23:20:08,123.1,10.3,6.394548,-51.18685
RAUL MARTINS,2024-09-03 23:55:58,124.1,10.2,6.337545,-51.102235
RAUL MARTINS,2024-09-04 00:27:17,123.2,10.2,6.288408,-51.028246
RAUL MARTINS,2024-09-04 00:33:46,121.5,10.2,6.278068,-51.01292
RAUL MARTINS,2024-09-04 00:43:18,122.1,10.3,6.263788,-50.989873
RAUL MARTINS,2024-09-04 00:43:38,121.6,10.3,6.263288,-50.989048
RAUL MARTINS,2024-09-04 00:44:38,121.8,10.2,6.26181,-50.986638
RAUL MARTINS,2024-09-04 00:44:57,121.3,10.3,6.261338,-50.985855
RAUL MARTINS,2024-09-04 00:45:18,121.7,10.3,6.260823,-50.985005
RAUL MARTINS,2024-09-04 00:45:57,121.4,10.3,6.259821,-50.983388
RAUL MARTINS,2024-09-04 00:46:57,121.3,10.3,6.258351,-50.980976
RAUL MARTINS,2024-09-04 00:53:07,122.5,10.3,6.24911,-50.965936
RAUL MARTINS,2024-09-04 00:57:19,122.0,10.3,6.242736,-50.955753
RAUL MARTINS,2024-09-04 01:00:58,121.3,10.3,6.237133,-50.946793
RAUL MARTINS,2024-09-04 01:01:37,121.7,10.3,6.23615,-50.945208
RAUL MARTINS,2024-09-04 01:02:37,121.3,10.4,6.234613,-50.942745
RAUL MARTINS,2024-09-04 01:02:59,122.0,10.3,6.234075,-50.941886
RAUL MARTINS,2024-09-04 01:03:07,121.3,10.3,6.233858,-50.941521
RAUL MARTINS,2024-09-04 01:03:59,121.6,10.4,6.232508,-50.93937
RAUL MARTINS,2024-09-04 01:04:07,121.7,10.4,6.232296,-50.93904
RAUL MARTINS,2024-09-04 01:04:17,122.1,10.4,6.232036,-50.93863
RAUL MARTINS,2024-09-04 01:04:28,122.3,10.3,6.231753,-50.938185
RAUL MARTINS,2024-09-04 01:04:38,122.5,10.3,6.231503,-50.937783
RAUL MARTINS,2024-09-04 01:06:07,122.8,10.3,6.229283,-50.934206
RAUL MARTINS,2024-09-04 02:18:58,123.9,10.5,6.113931,-50.75656
RAUL MARTINS,2024-09-04 03:34:08,123.9,10.7,5.989673,-50.570545
RAUL MARTINS,2024-09-04 03:40:38,123.7,10.8,5.978693,-50.55448
RAUL MARTINS,2024-09-04 03:43:08,124.0,10.7,5.974513,-50.548278
RAUL MARTINS,2024-09-04 04:12:38,124.2,10.9,5.92405,-50.475473
RAUL MARTINS,2024-09-04 04:17:27,125.3,10.9,5.91572,-50.463465
RAUL MARTINS,2024-09-04 04:43:00,124.8,10.9,5.871473,-50.400106
RAUL MARTINS,2024-09-04 04:45:48,124.8,10.9,5.866538,-50.39308
RAUL MARTINS,2024-09-04 04:49:47,125.3,10.9,5.859523,-50.383166
RAUL MARTINS,2024-09-04 05:02:28,125.4,10.9,5.837241,-50.351783
RAUL MARTINS,2024-09-04 05:03:09,125.8,10.9,5.836025,-50.35009
RAUL MARTINS,2024-09-04 05:06:18,125.4,10.9,5.83041,-50.34233
RAUL MARTINS,2024-09-04 05:22:18,126.0,10.9,5.80179,-50.302965
RAUL MARTINS,2024-09-04 05:24:38,126.5,10.9,5.79768,-50.29724
RAUL MARTINS,2024-09-04 05:54:38,122.4,11.1,5.745966,-50.22106
RAUL MARTINS,2024-09-04 05:57:07,122.4,11.1,5.741896,-50.214573
RAUL MARTINS,2024-09-04 05:59:48,123.4,11.1,5.737461,-50.2076
RAUL MARTINS,2024-09-04 06:02:07,122.3,11.1,5.73358,-50.201501
RAUL MARTINS,2024-09-04 06:04:38,122.8,11.1,5.729448,-50.195058
RAUL MARTINS,2024-09-04 06:50:59,124.3,11.2,5.650503,-50.074565
RAUL MARTINS,2024-09-04 09:22:38,123.7,11.5,5.381426,-49.677836
RAUL MARTINS,2024-09-04 09:35:08,123.9,11.5,5.358995,-49.644761
RAUL MARTINS,2024-09-04 09:40:19,124.2,11.5,5.349655,-49.631
RAUL MARTINS,2024-09-04 09:42:48,124.1,11.5,5.345218,-49.62445
RAUL MARTINS,2024-09-04 10:00:37,123.9,11.4,5.31325,-49.577251
RAUL MARTINS,2024-09-04 10:02:38,124.4,11.4,5.30966,-49.57191
RAUL MARTINS,2024-09-04 10:35:19,122.5,10.7,5.250688,-49.488108
RAUL MARTINS,2024-09-04 10:41:09,121.7,10.8,5.241195,-49.473163
RAUL MARTINS,2024-09-04 11:06:19,124.0,11.0,5.198746,-49.409098
RAUL MARTINS,2024-09-04 11:08:29,122.9,11.0,5.195003,-49.40356
RAUL MARTINS,2024-09-04 11:21:59,121.4,11.0,5.17346,-49.368473
RAUL MARTINS,2024-09-04 11:27:39,121.3,11.0,5.16446,-49.353566
RAUL MARTINS,2024-09-04 11:39:09,123.7,11.3,5.145085,-49.323418
RAUL MARTINS,2024-09-04 11:41:48,124.2,11.3,5.140461,-49.316535
RAUL MARTINS,2024-09-04 11:45:48,123.7,11.3,5.133551,-49.305998
RAUL MARTINS,2024-09-04 12:20:48,123.0,11.5,5.071316,-49.21336
RAUL MARTINS,2024-09-04 12:25:59,124.2,11.5,5.062048,-49.199636
RAUL MARTINS,2024-09-04 12:33:48,124.1,11.6,5.047861,-49.178903
RAUL MARTINS,2024-09-04 12:34:37,124.3,11.6,5.046308,-49.176651
RAUL MARTINS,2024-09-04 12:52:18,123.4,11.6,5.014371,-49.129686
RAUL MARTINS,2024-09-04 12:53:47,123.5,11.5,5.011696,-49.125756
RAUL MARTINS,2024-09-04 12:54:18,123.3,11.5,5.010783,-49.124361
RAUL MARTINS,2024-09-04 12:54:29,123.3,11.5,5.010491,-49.12391
RAUL MARTINS,2024-09-04 12:54:30,123.3,11.5,5.010491,-49.12391
RAUL MARTINS,2024-09-04 12:54:39,123.7,11.5,5.0102,-49.123461
RAUL MARTINS,2024-09-04 12:54:47,123.7,11.5,5.009906,-49.123016
RAUL MARTINS,2024-09-04 12:56:58,124.2,11.5,5.005988,-49.117248
RAUL MARTINS,2024-09-04 12:57:08,124.2,11.6,5.005706,-49.116851
RAUL MARTINS,2024-09-04 12:58:58,123.9,11.6,5.002381,-49.111936
RAUL MARTINS,2024-09-04 15:36:19,123.4,12.1,4.712511,-48.677358
RAUL MARTINS,2024-09-04 16:21:37,123.3,12.3,4.626246,-48.549118
RAUL MARTINS,2024-09-04 16:21:57,123.4,12.2,4.625628,-48.5482
RAUL MARTINS,2024-09-04 16:22:37,123.6,12.3,4.624325,-48.546248
RAUL MARTINS,2024-09-04 16:22:57,123.7,12.3,4.623696,-48.5453
RAUL MARTINS,2024-09-04 16:23:26,123.2,12.2,4.622828,-48.543986
RAUL MARTINS,2024-09-04 16:23:57,123.3,12.2,4.621833,-48.542486
RAUL MARTINS,2024-09-04 16:24:57,123.4,12.3,4.61994,-48.539651
RAUL MARTINS,2024-09-04 16:25:57,123.7,12.2,4.618038,-48.536791
RAUL MARTINS,2024-09-04 16:26:27,124.1,12.2,4.617071,-48.53535
RAUL MARTINS,2024-09-04 16:26:36,124.0,12.2,4.616796,-48.534938
RAUL MARTINS,2024-09-04 16:33:57,123.7,12.2,4.602938,-48.514225
RAUL MARTINS,2024-09-04 16:35:20,124.2,12.2,4.60035,-48.510365
RAUL MARTINS,2024-09-04 16:36:57,124.5,12.2,4.597273,-48.505771
RAUL MARTINS,2024-09-04 16:37:28,123.6,12.2,4.596321,-48.50435
RAUL MARTINS,2024-09-04 16:41:28,123.7,12.2,4.588811,-48.49311
RAUL MARTINS,2024-09-04 17:07:58,122.6,12.1,4.53985,-48.418533
RAUL MARTINS,2024-09-04 17:12:59,122.7,12.0,4.530665,-48.404425
RAUL MARTINS,2024-09-04 17:15:10,122.4,12.0,4.52678,-48.39836
RAUL MARTINS,2024-09-04 17:29:09,122.6,12.0,4.501615,-48.358965
RAUL MARTINS,2024-09-04 17:43:57,123.0,12.0,4.474818,-48.317295
RAUL MARTINS,2024-09-04 17:48:37,121.7,12.0,4.466503,-48.30412
RAUL MARTINS,2024-09-04 18:17:40,126.6,12.2,4.411948,-48.22354
RAUL MARTINS,2024-09-04 18:19:49,127.1,12.2,4.407586,-48.217715
RAUL MARTINS,2024-09-04 18:25:18,126.9,12.1,4.396535,-48.202805
RAUL MARTINS,2024-09-04 18:58:28,124.0,12.0,4.332673,-48.110983
RAUL MARTINS,2024-09-04 20:31:39,121.3,11.6,4.167286,-47.85131
RAUL MARTINS,2024-09-04 21:13:39,128.6,11.1,4.097415,-47.738493
RAUL MARTINS,2024-09-04 21:40:49,128.5,11.2,4.045643,-47.672183
RAUL MARTINS,2024-09-04 21:46:19,126.9,11.2,4.035195,-47.658513
RAUL MARTINS,2024-09-04 21:49:29,128.3,11.1,4.029203,-47.650688
RAUL MARTINS,2024-09-04 22:06:18,127.6,11.1,3.997161,-47.609708
RAUL MARTINS,2024-09-04 22:15:58,122.7,11.0,3.979106,-47.586018
RAUL MARTINS,2024-09-04 22:53:09,126.4,10.9,3.91535,-47.491953
RAUL MARTINS,2024-09-04 22:53:37,126.4,10.9,3.914471,-47.490793
RAUL MARTINS,2024-09-04 22:58:09,126.5,10.8,3.906341,-47.479891
RAUL MARTINS,2024-09-04 23:02:09,126.3,10.8,3.899048,-47.470228
RAUL MARTINS,2024-09-04 23:25:18,123.9,10.8,3.85842,-47.413591
RAUL MARTINS,2024-09-04 23:27:38,124.0,10.9,3.854476,-47.407746
RAUL MARTINS,2024-09-04 23:32:49,123.5,10.9,3.84583,-47.394698
RAUL MARTINS,2024-09-04 23:34:58,123.5,10.9,3.842253,-47.389293
RAUL MARTINS,2024-09-04 23:44:39,123.1,10.8,3.825946,-47.365113
RAUL MARTINS,2024-09-04 23:49:19,123.6,10.8,3.818101,-47.353343
RAUL MARTINS,2024-09-04 23:53:48,124.3,10.8,3.81051,-47.342198
RAUL MARTINS,2024-09-05 00:26:39,125.0,10.5,3.75558,-47.262215
RAUL MARTINS,2024-09-05 00:27:09,124.6,10.5,3.754743,-47.261036
RAUL MARTINS,2024-09-05 00:28:09,124.9,10.5,3.753105,-47.258673
RAUL MARTINS,2024-09-05 00:29:09,124.6,10.5,3.751441,-47.256241
RAUL MARTINS,2024-09-05 00:30:48,124.1,10.5,3.748653,-47.252246
RAUL MARTINS,2024-09-05 00:49:18,125.2,10.6,3.717655,-47.208043
RAUL MARTINS,2024-09-05 00:50:07,125.4,10.6,3.716251,-47.206051
RAUL MARTINS,2024-09-05 00:50:18,125.2,10.6,3.715948,-47.205631
RAUL MARTINS,2024-09-05 00:50:27,124.7,10.5,3.715693,-47.205266
RAUL MARTINS,2024-09-05 00:50:49,124.7,10.6,3.715078,-47.204361
RAUL MARTINS,2024-09-05 00:50:57,124.6,10.6,3.714821,-47.203986
RAUL MARTINS,2024-09-05 00:51:49,125.0,10.6,3.713425,-47.202
RAUL MARTINS,2024-09-05 00:52:07,124.7,10.6,3.712903,-47.201253
RAUL MARTINS,2024-09-05 00:52:18,124.8,10.6,3.712576,-47.20078
RAUL MARTINS,2024-09-05 00:52:27,124.6,10.6,3.712315,-47.200393
RAUL MARTINS,2024-09-05 00:52:39,124.8,10.6,3.712011,-47.199953
RAUL MARTINS,2024-09-05 00:53:57,125.3,10.7,3.709773,-47.196795
RAUL MARTINS,2024-09-05 02:00:19,123.9,10.7,3.59809,-47.03474
RAUL MARTINS,2024-09-05 02:02:58,124.1,10.8,3.593601,-47.028143
RAUL MARTINS,2024-09-05 03:12:19,122.2,10.8,3.478726,-46.855415
RAUL MARTINS,2024-09-05 03:42:29,122.8,10.7,3.429775,-46.779705
RAUL MARTINS,2024-09-05 03:45:39,123.2,10.7,3.424671,-46.771788
RAUL MARTINS,2024-09-05 03:49:09,123.5,10.7,3.418995,-46.763128
RAUL MARTINS,2024-09-05 04:21:38,122.3,10.6,3.366883,-46.681943
RAUL MARTINS,2024-09-05 04:24:19,123.1,10.6,3.36249,-46.67525
RAUL MARTINS,2024-09-05 04:52:18,123.0,10.5,3.317513,-46.606321
RAUL MARTINS,2024-09-05 04:55:47,122.7,10.5,3.311986,-46.597771
RAUL MARTINS,2024-09-05 04:56:58,123.1,10.5,3.310101,-46.594898
RAUL MARTINS,2024-09-05 04:57:57,122.3,10.5,3.308508,-46.592435
RAUL MARTINS,2024-09-05 04:59:07,122.4,10.5,3.306641,-46.589553
RAUL MARTINS,2024-09-05 05:01:17,122.6,10.5,3.303248,-46.584301
RAUL MARTINS,2024-09-05 05:03:27,123.0,10.5,3.29978,-46.579005
RAUL MARTINS,2024-09-05 05:31:19,123.7,10.4,3.255191,-46.511418
RAUL MARTINS,2024-09-05 05:33:59,123.5,10.4,3.250896,-46.504938
RAUL MARTINS,2024-09-05 05:44:59,123.2,10.4,3.233205,-46.478218
RAUL MARTINS,2024-09-05 08:40:58,126.6,10.2,2.950403,-46.061148
RAUL MARTINS,2024-09-05 08:57:08,124.1,10.1,2.923911,-46.024033
RAUL MARTINS,2024-09-05 09:41:09,123.9,10.1,2.854991,-45.921466
RAUL MARTINS,2024-09-05 10:07:09,123.7,10.0,2.81456,-45.861168
RAUL MARTINS,2024-09-05 10:11:18,123.9,9.9,2.808196,-45.851586
RAUL MARTINS,2024-09-05 10:22:38,123.4,9.9,2.790858,-45.82562
RAUL MARTINS,2024-09-05 10:26:18,123.7,9.8,2.785305,-45.817246
RAUL MARTINS,2024-09-05 10:29:07,123.2,9.8,2.781043,-45.810846
RAUL MARTINS,2024-09-05 10:44:28,123.3,9.7,2.757845,-45.776045
RAUL MARTINS,2024-09-05 10:47:17,124.3,9.7,2.753601,-45.769683
RAUL MARTINS,2024-09-05 11:21:18,123.5,9.8,2.70171,-45.692995
RAUL MARTINS,2024-09-05 11:23:58,123.8,9.8,2.697608,-45.686928
RAUL MARTINS,2024-09-05 11:26:09,125.3,9.8,2.694261,-45.682126
RAUL MARTINS,2024-09-05 11:58:59,132.4,9.7,2.636193,-45.614855
RAUL MARTINS,2024-09-05 12:14:38,133.9,9.8,2.607188,-45.583761
RAUL MARTINS,2024-09-05 12:39:58,135.0,9.8,2.559083,-45.534338
RAUL MARTINS,2024-09-05 12:40:38,135.2,9.7,2.557823,-45.533076
RAUL MARTINS,2024-09-05 12:42:58,129.5,9.6,2.553558,-45.528476
RAUL MARTINS,2024-09-05 12:43:58,127.2,9.6,2.551976,-45.526386
RAUL MARTINS,2024-09-05 12:44:19,128.5,9.6,2.5514,-45.52565
RAUL MARTINS,2024-09-05 12:44:28,127.8,9.6,2.551151,-45.525336
RAUL MARTINS,2024-09-05 12:44:49,127.2,9.7,2.550543,-45.524558
RAUL MARTINS,2024-09-05 12:45:19,126.7,9.7,2.549725,-45.523483
RAUL MARTINS,2024-09-05 12:46:19,126.3,9.7,2.548151,-45.52139
RAUL MARTINS,2024-09-05 12:46:38,126.2,9.7,2.54765,-45.520713
RAUL MARTINS,2024-09-05 12:46:58,126.7,9.6,2.54712,-45.519998
RAUL MARTINS,2024-09-05 12:47:08,126.5,9.6,2.546855,-45.519636
RAUL MARTINS,2024-09-05 12:47:39,126.1,9.6,2.546031,-45.518521
RAUL MARTINS,2024-09-05 12:48:49,126.4,9.6,2.54416,-45.51604
RAUL MARTINS,2024-09-05 12:49:19,127.0,9.6,2.543355,-45.51497
RAUL MARTINS,2024-09-05 12:51:47,126.9,9.7,2.539315,-45.509636
RAUL MARTINS,2024-09-05 12:58:36,127.5,9.6,2.52828,-45.495138
RAUL MARTINS,2024-09-05 14:45:27,126.0,9.7,2.35869,-45.262745
RAUL MARTINS,2024-09-05 15:31:59,127.6,9.6,2.283998,-45.162798
RAUL MARTINS,2024-09-05 15:34:39,126.8,9.6,2.279663,-45.15711
RAUL MARTINS,2024-09-05 15:37:18,127.2,9.5,2.275353,-45.151525
RAUL MARTINS,2024-09-05 15:41:29,127.0,9.5,2.268708,-45.142751
RAUL MARTINS,2024-09-05 15:43:58,126.3,9.5,2.264641,-45.137481
RAUL MARTINS,2024-09-05 16:06:19,127.0,9.4,2.22909,-45.091015
RAUL MARTINS,2024-09-05 16:08:58,127.8,9.4,2.224853,-45.085533
RAUL MARTINS,2024-09-05 16:17:58,128.1,9.4,2.210358,-45.066953
RAUL MARTINS,2024-09-05 16:24:09,127.5,9.3,2.200506,-45.054255
RAUL MARTINS,2024-09-05 16:30:18,127.7,9.4,2.190595,-45.041586
RAUL MARTINS,2024-09-05 16:32:19,127.0,9.3,2.187443,-45.037491
RAUL MARTINS,2024-09-05 16:34:27,127.6,9.3,2.184008,-45.032995
RAUL MARTINS,2024-09-05 16:34:28,127.6,9.3,2.184008,-45.032995
RAUL MARTINS,2024-09-05 16:35:27,127.1,9.3,2.1824,-45.030898
RAUL MARTINS,2024-09-05 16:36:38,126.5,9.3,2.180613,-45.028558
RAUL MARTINS,2024-09-05 16:38:38,126.6,9.3,2.177446,-45.02441
RAUL MARTINS,2024-09-05 16:38:56,127.1,9.3,2.176961,-45.023766
RAUL MARTINS,2024-09-05 16:39:07,127.6,9.3,2.176673,-45.023375
RAUL MARTINS,2024-09-05 16:39:27,127.2,9.3,2.17614,-45.022678
RAUL MARTINS,2024-09-05 16:39:38,127.1,9.3,2.175871,-45.022333
RAUL MARTINS,2024-09-05 16:40:07,127.9,9.3,2.175061,-45.021293
RAUL MARTINS,2024-09-05 16:40:17,128.0,9.3,2.174828,-45.02099
RAUL MARTINS,2024-09-05 16:40:58,127.1,9.3,2.173795,-45.019643
RAUL MARTINS,2024-09-05 16:41:06,127.1,9.3,2.173533,-45.019306
RAUL MARTINS,2024-09-05 16:42:48,127.3,9.3,2.170893,-45.015846
RAUL MARTINS,2024-09-05 16:44:06,127.5,9.3,2.168855,-45.013163
RAUL MARTINS,2024-09-05 16:44:57,127.2,9.4,2.167503,-45.011438
RAUL MARTINS,2024-09-05 16:52:28,127.4,9.3,2.15574,-44.99603
RAUL MARTINS,2024-09-05 17:19:39,125.8,9.4,2.113355,-44.939813
RAUL MARTINS,2024-09-05 17:20:48,125.8,9.3,2.111578,-44.937398
RAUL MARTINS,2024-09-05 17:23:00,126.9,9.3,2.10825,-44.932835
RAUL MARTINS,2024-09-05 17:23:38,126.2,9.3,2.107253,-44.931478
RAUL MARTINS,2024-09-05 17:26:09,125.9,9.3,2.103385,-44.926225
RAUL MARTINS,2024-09-05 17:57:58,124.1,9.4,2.055555,-44.858835
RAUL MARTINS,2024-09-05 18:12:16,123.7,9.4,2.034395,-44.827793
RAUL MARTINS,2024-09-05 20:42:19,127.7,9.6,1.802163,-44.505076
RAUL MARTINS,2024-09-05 20:44:28,127.7,9.6,1.798628,-44.500521
RAUL MARTINS,2024-09-05 21:11:10,127.8,9.6,1.754576,-44.443628
RAUL MARTINS,2024-09-05 21:16:29,128.5,9.7,1.745801,-44.432235
RAUL MARTINS,2024-09-05 21:18:39,128.8,9.7,1.742211,-44.4277
RAUL MARTINS,2024-09-05 21:21:19,128.5,9.7,1.73771,-44.421986
RAUL MARTINS,2024-09-05 21:23:29,127.8,9.7,1.734131,-44.417435
RAUL MARTINS,2024-09-05 21:54:48,128.5,9.7,1.681931,-44.350896
RAUL MARTINS,2024-09-05 21:55:49,127.5,9.7,1.680266,-44.348753
RAUL MARTINS,2024-09-05 21:59:49,128.3,9.8,1.673563,-44.340265
RAUL MARTINS,2024-09-05 22:27:29,128.7,9.7,1.627048,-44.28184
RAUL MARTINS,2024-09-05 22:29:39,129.1,9.7,1.623363,-44.27729
RAUL MARTINS,2024-09-05 22:34:39,128.2,9.7,1.614915,-44.266788
RAUL MARTINS,2024-09-05 22:44:10,128.0,9.6,1.59882,-44.246848
RAUL MARTINS,2024-09-05 22:46:58,128.9,9.7,1.594038,-44.240946
RAUL MARTINS,2024-09-05 22:50:18,128.3,9.8,1.588286,-44.233865
RAUL MARTINS,2024-09-05 23:05:08,124.2,9.7,1.563508,-44.20183
RAUL MARTINS,2024-09-05 23:41:49,125.1,9.7,1.507206,-44.121001
RAUL MARTINS,2024-09-06 00:40:37,124.8,9.7,1.415861,-43.991476
RAUL MARTINS,2024-09-06 00:41:37,125.4,9.8,1.414281,-43.989265
RAUL MARTINS,2024-09-06 00:43:08,126.9,9.8,1.411823,-43.986
RAUL MARTINS,2024-09-06 00:43:37,127.6,9.8,1.411013,-43.984921
RAUL MARTINS,2024-09-06 00:44:08,127.0,9.8,1.410168,-43.9838
RAUL MARTINS,2024-09-06 00:44:18,126.9,9.8,1.409898,-43.983438
RAUL MARTINS,2024-09-06 00:44:27,127.2,9.9,1.409651,-43.983113
RAUL MARTINS,2024-09-06 00:44:37,127.1,9.7,1.409378,-43.98275
RAUL MARTINS,2024-09-06 00:45:27,127.1,9.8,1.408,-43.980918
RAUL MARTINS,2024-09-06 00:45:57,126.6,9.8,1.407196,-43.97989
RAUL MARTINS,2024-09-06 00:46:27,127.2,9.7,1.406336,-43.978783
RAUL MARTINS,2024-09-06 00:47:28,127.5,9.8,1.404591,-43.976551
RAUL MARTINS,2024-09-06 01:03:18,127.3,9.8,1.378173,-43.94197
RAUL MARTINS,2024-09-06 01:39:37,127.0,9.6,1.318036,-43.863436
RAUL MARTINS,2024-09-06 01:40:17,127.0,9.6,1.316965,-43.862036
RAUL MARTINS,2024-09-06 01:40:28,127.4,9.6,1.316663,-43.86164
RAUL MARTINS,2024-09-06 01:40:37,127.1,9.6,1.316415,-43.861318
RAUL MARTINS,2024-09-06 01:40:58,127.0,9.7,1.315836,-43.860568
RAUL MARTINS,2024-09-06 01:41:17,127.9,9.6,1.315306,-43.859886
RAUL MARTINS,2024-09-06 01:42:58,127.5,9.7,1.312548,-43.856285
RAUL MARTINS,2024-09-06 02:12:28,127.2,9.7,1.264051,-43.792473
RAUL MARTINS,2024-09-06 02:50:58,126.5,9.7,1.20107,-43.708856
RAUL MARTINS,2024-09-06 02:55:08,126.2,9.9,1.194251,-43.699765
RAUL MARTINS,2024-09-06 03:04:38,126.3,9.8,1.178673,-43.678915
RAUL MARTINS,2024-09-06 03:09:28,126.8,9.9,1.170728,-43.668375
RAUL MARTINS,2024-09-06 03:11:58,126.5,9.9,1.16661,-43.662871
RAUL MARTINS,2024-09-06 03:22:07,126.4,9.9,1.149896,-43.640451
RAUL MARTINS,2024-09-06 03:24:18,126.5,10.0,1.146263,-43.635576
RAUL MARTINS,2024-09-06 03:53:38,126.3,9.9,1.097738,-43.570851
RAUL MARTINS,2024-09-06 03:57:58,127.1,10.0,1.090555,-43.561238
RAUL MARTINS,2024-09-06 04:00:58,127.4,9.9,1.085568,-43.5546
RAUL MARTINS,2024-09-06 04:00:59,127.4,9.9,1.085568,-43.5546
RAUL MARTINS,2024-09-06 04:04:18,126.8,9.9,1.079993,-43.54723
RAUL MARTINS,2024-09-06 04:34:58,123.6,9.9,1.029713,-43.47949
RAUL MARTINS,2024-09-06 04:37:20,124.0,9.8,1.026038,-43.474161
RAUL MARTINS,2024-09-06 04:46:57,123.8,9.8,1.011148,-43.452488
RAUL MARTINS,2024-09-06 04:50:47,124.1,9.8,1.005243,-43.443785
RAUL MARTINS,2024-09-06 04:53:27,123.9,9.9,1.001161,-43.437838
RAUL MARTINS,2024-09-06 05:05:19,123.8,10.0,0.98297,-43.410981
RAUL MARTINS,2024-09-06 05:08:09,123.6,10.0,0.978583,-43.404513
RAUL MARTINS,2024-09-06 05:44:59,124.1,9.9,0.92174,-43.320933
RAUL MARTINS,2024-09-06 05:48:37,124.5,9.9,0.916085,-43.312671
RAUL MARTINS,2024-09-06 07:58:28,125.6,10.2,0.705521,-43.017153
RAUL MARTINS,2024-09-06 09:08:58,128.9,10.5,0.581738,-42.857706
RAUL MARTINS,2024-09-06 09:12:38,128.6,10.4,0.575023,-42.849333
RAUL MARTINS,2024-09-06 09:15:18,128.7,10.4,0.570128,-42.843235
RAUL MARTINS,2024-09-06 09:21:49,129.1,10.5,0.558053,-42.828371
RAUL MARTINS,2024-09-06 09:24:59,128.9,10.6,0.55212,-42.821036
RAUL MARTINS,2024-09-06 09:29:10,128.8,10.6,0.544336,-42.811465
RAUL MARTINS,2024-09-06 09:38:58,128.1,10.5,0.525916,-42.78889
RAUL MARTINS,2024-09-06 09:43:29,126.3,10.4,0.517561,-42.778491
RAUL MARTINS,2024-09-06 09:46:07,126.4,10.4,0.513023,-42.772261
RAUL MARTINS,2024-09-06 10:13:48,125.6,10.5,0.464958,-42.706216
RAUL MARTINS,2024-09-06 10:23:38,126.5,10.6,0.44782,-42.68273
RAUL MARTINS,2024-09-06 10:53:18,124.1,10.4,0.396451,-42.61131
RAUL MARTINS,2024-09-06 11:01:28,124.5,10.4,0.38268,-42.59186
RAUL MARTINS,2024-09-06 11:26:28,125.9,10.6,0.34049,-42.531618
RAUL MARTINS,2024-09-06 12:32:38,125.4,10.8,0.224693,-42.370523
RAUL MARTINS,2024-09-06 12:33:38,125.3,10.9,0.222971,-42.36811
RAUL MARTINS,2024-09-06 12:34:29,125.2,10.9,0.221475,-42.36603
RAUL MARTINS,2024-09-06 12:35:38,124.7,10.9,0.219441,-42.363153
RAUL MARTINS,2024-09-06 12:36:38,124.8,10.9,0.217718,-42.3607
RAUL MARTINS,2024-09-06 12:38:18,124.8,10.9,0.214791,-42.356576
RAUL MARTINS,2024-09-06 12:39:38,124.7,10.9,0.212458,-42.353218
RAUL MARTINS,2024-09-06 13:15:08,128.2,11.0,0.148341,-42.267165
RAUL MARTINS,2024-09-06 13:31:38,128.4,11.0,0.117278,-42.227496
RAUL MARTINS,2024-09-06 14:07:39,127.6,11.0,0.049733,-42.140475
RAUL MARTINS,2024-09-06 14:31:39,126.7,11.2,0.00508,-42.082006
RAUL MARTINS,2024-09-06 14:37:10,127.6,11.2,-0.005318,-42.068495
RAUL MARTINS,2024-09-06 14:40:30,127.5,11.2,-0.01161,-42.06039
RAUL MARTINS,2024-09-06 15:07:38,125.5,11.2,-0.061615,-41.993033
RAUL MARTINS,2024-09-06 15:11:28,125.6,11.2,-0.068485,-41.98353
RAUL MARTINS,2024-09-06 15:16:38,126.2,11.0,-0.077816,-41.970663
RAUL MARTINS,2024-09-06 15:23:47,125.6,11.1,-0.090805,-41.952783
RAUL MARTINS,2024-09-06 15:25:57,125.6,11.1,-0.094705,-41.947358
RAUL MARTINS,2024-09-06 15:28:57,125.3,11.1,-0.100043,-41.939951
RAUL MARTINS,2024-09-06 15:34:07,125.8,11.1,-0.109398,-41.92707
RAUL MARTINS,2024-09-06 15:43:48,125.1,11.1,-0.126831,-41.902858
RAUL MARTINS,2024-09-06 15:46:48,126.2,11.1,-0.132273,-41.895321
RAUL MARTINS,2024-09-06 15:50:38,125.0,11.1,-0.139208,-41.885658
RAUL MARTINS,2024-09-06 15:53:19,124.7,11.1,-0.14399,-41.878956
RAUL MARTINS,2024-09-06 16:16:29,124.9,11.1,-0.18531,-41.820463
RAUL MARTINS,2024-09-06 16:24:58,124.8,11.2,-0.200461,-41.799028
RAUL MARTINS,2024-09-06 16:26:28,125.2,11.1,-0.203186,-41.795171
RAUL MARTINS,2024-09-06 16:29:19,125.1,11.2,-0.208221,-41.788026
RAUL MARTINS,2024-09-06 16:42:52,124.9,10.8,-0.244978,-41.73593
RAUL MARTINS,2024-09-06 16:43:32,124.7,10.8,-0.246156,-41.734266
RAUL MARTINS,2024-09-06 16:44:32,125.3,10.8,-0.24788,-41.731795
RAUL MARTINS,2024-09-06 16:45:02,125.3,10.8,-0.248768,-41.730583
RAUL MARTINS,2024-09-06 16:45:32,124.8,10.7,-0.249673,-41.729326
RAUL MARTINS,2024-09-06 16:46:12,125.0,10.8,-0.250821,-41.727706
RAUL MARTINS,2024-09-06 16:47:22,124.4,10.8,-0.252795,-41.724905
RAUL MARTINS,2024-09-06 16:47:32,124.7,10.8,-0.253078,-41.724491
RAUL MARTINS,2024-09-06 16:49:03,124.8,10.8,-0.255693,-41.720758
RAUL MARTINS,2024-09-06 16:49:12,124.9,10.8,-0.25598,-41.720351
RAUL MARTINS,2024-09-06 16:50:12,124.7,10.8,-0.257675,-41.717941
RAUL MARTINS,2024-09-06 16:51:03,124.5,10.8,-0.259145,-41.71589
RAUL MARTINS,2024-09-06 16:52:12,125.0,10.8,-0.261121,-41.713075
RAUL MARTINS,2024-09-06 16:54:28,124.6,10.8,-0.252256,-41.725686
RAUL MARTINS,2024-09-06 18:26:16,122.1,10.7,-0.409741,-41.502183
RAUL MARTINS,2024-09-06 18:26:37,121.7,10.7,-0.410296,-41.501301
RAUL MARTINS,2024-09-06 18:27:37,121.7,10.8,-0.4119,-41.498756
RAUL MARTINS,2024-09-06 20:23:37,130.4,10.8,-0.620005,-41.227765
RAUL MARTINS,2024-09-06 20:58:29,127.5,10.7,-0.68343,-41.145271
RAUL MARTINS,2024-09-06 21:00:39,128.3,10.6,-0.687388,-41.140211
RAUL MARTINS,2024-09-06 21:37:37,129.1,10.7,-0.754928,-41.054975
RAUL MARTINS,2024-09-06 21:44:28,127.5,10.7,-0.767426,-41.038961
RAUL MARTINS,2024-09-06 22:04:18,127.4,10.5,-0.803583,-40.992801
RAUL MARTINS,2024-09-06 22:06:48,127.6,10.6,-0.80812,-40.9869
RAUL MARTINS,2024-09-06 22:08:58,128.1,10.6,-0.812041,-40.981953
RAUL MARTINS,2024-09-06 22:38:28,127.3,10.5,-0.865458,-40.913741
RAUL MARTINS,2024-09-06 22:42:58,127.8,10.5,-0.873566,-40.903361
RAUL MARTINS,2024-09-06 23:31:58,126.8,10.6,-0.961325,-40.789838
RAUL MARTINS,2024-09-07 01:20:58,127.4,10.5,-1.147281,-40.530128
RAUL MARTINS,2024-09-07 01:21:19,127.0,10.5,-1.147876,-40.529343
RAUL MARTINS,2024-09-07 01:21:29,127.5,10.6,-1.148171,-40.52895
RAUL MARTINS,2024-09-07 01:21:37,126.8,10.6,-1.148466,-40.528558
RAUL MARTINS,2024-09-07 01:21:58,126.9,10.5,-1.149085,-40.527736
RAUL MARTINS,2024-09-07 01:22:58,126.8,10.6,-1.150828,-40.525435
RAUL MARTINS,2024-09-07 01:27:27,127.2,10.5,-1.158716,-40.514923
RAUL MARTINS,2024-09-07 02:27:48,126.5,10.5,-1.26293,-40.373708
RAUL MARTINS,2024-09-07 02:59:08,126.3,10.4,-1.316011,-40.300516
RAUL MARTINS,2024-09-07 03:01:49,126.1,10.5,-1.320605,-40.29423
RAUL MARTINS,2024-09-07 03:03:19,125.7,10.5,-1.323178,-40.2907
RAUL MARTINS,2024-09-07 03:33:18,127.6,10.5,-1.37575,-40.220463
RAUL MARTINS,2024-09-07 03:37:27,126.9,10.5,-1.383081,-40.210811
RAUL MARTINS,2024-09-07 03:46:08,127.9,10.5,-1.398558,-40.190451
RAUL MARTINS,2024-09-07 03:49:08,127.6,10.5,-1.403931,-40.183493
RAUL MARTINS,2024-09-07 03:52:58,126.5,10.6,-1.410755,-40.174486
RAUL MARTINS,2024-09-07 04:08:19,127.1,10.7,-1.438013,-40.138188
RAUL MARTINS,2024-09-07 04:10:59,127.0,10.6,-1.442775,-40.131925
RAUL MARTINS,2024-09-07 04:13:59,127.0,10.6,-1.44813,-40.124848
RAUL MARTINS,2024-09-07 04:16:19,126.5,10.6,-1.452338,-40.119313
RAUL MARTINS,2024-09-07 04:41:58,126.7,10.6,-1.497875,-40.058515
RAUL MARTINS,2024-09-07 04:42:28,125.9,10.6,-1.498738,-40.057355
RAUL MARTINS,2024-09-07 04:45:17,125.7,10.6,-1.503763,-40.050641
RAUL MARTINS,2024-09-07 04:46:49,125.9,10.6,-1.506406,-40.047016
RAUL MARTINS,2024-09-07 04:50:00,126.3,10.7,-1.512043,-40.039498
RAUL MARTINS,2024-09-07 05:18:57,124.5,10.6,-1.561285,-39.969395
RAUL MARTINS,2024-09-07 05:38:28,124.8,10.5,-1.59375,-39.922526
RAUL MARTINS,2024-09-07 07:01:20,125.6,10.4,-1.732565,-39.726585
RAUL MARTINS,2024-09-07 08:06:38,125.5,10.5,-1.845473,-39.574385
RAUL MARTINS,2024-09-07 08:08:58,125.9,10.4,-1.849421,-39.568898
RAUL MARTINS,2024-09-07 08:12:17,125.9,10.5,-1.855088,-39.561116
RAUL MARTINS,2024-09-07 08:16:37,125.4,10.5,-1.862528,-39.55094
RAUL MARTINS,2024-09-07 08:22:59,125.2,10.5,-1.87352,-39.535861
RAUL MARTINS,2024-09-07 08:32:39,125.7,10.4,-1.890136,-39.513095
RAUL MARTINS,2024-09-07 08:40:47,126.0,10.3,-1.903956,-39.494195
RAUL MARTINS,2024-09-07 08:42:48,125.9,10.3,-1.907438,-39.489421
RAUL MARTINS,2024-09-07 08:46:27,125.6,10.3,-1.913603,-39.48104
RAUL MARTINS,2024-09-07 08:48:58,125.4,10.4,-1.917823,-39.47515
RAUL MARTINS,2024-09-07 09:19:08,121.5,10.2,-1.96749,-39.404951
RAUL MARTINS,2024-09-07 09:23:09,121.7,10.2,-1.97342,-39.395226
RAUL MARTINS,2024-09-07 09:25:18,121.4,10.3,-1.976648,-39.389996
RAUL MARTINS,2024-09-07 09:27:38,121.7,10.2,-1.980163,-39.384305
RAUL MARTINS,2024-09-07 09:48:48,121.1,10.3,-2.011905,-39.332675
RAUL MARTINS,2024-09-07 09:52:08,121.4,10.2,-2.016851,-39.32465
RAUL MARTINS,2024-09-07 09:56:48,123.5,10.3,-2.02398,-39.31338
RAUL MARTINS,2024-09-07 10:08:49,123.9,10.3,-2.043143,-39.284833
RAUL MARTINS,2024-09-07 10:54:07,123.0,10.3,-2.115085,-39.17656
RAUL MARTINS,2024-09-07 10:57:08,122.1,10.4,-2.119785,-39.16928
RAUL MARTINS,2024-09-07 10:57:37,122.8,10.3,-2.120538,-39.16811
RAUL MARTINS,2024-09-07 11:04:37,122.9,10.2,-2.131411,-39.151273
RAUL MARTINS,2024-09-07 11:09:17,122.7,10.3,-2.138695,-39.140048
RAUL MARTINS,2024-09-07 12:26:27,121.8,10.1,-2.25496,-38.954755
RAUL MARTINS,2024-09-07 12:27:28,121.8,10.1,-2.256486,-38.952333
RAUL MARTINS,2024-09-07 12:29:39,121.9,10.1,-2.259676,-38.947143
RAUL MARTINS,2024-09-07 12:30:39,121.0,10.1,-2.261175,-38.944701
RAUL MARTINS,2024-09-07 12:30:58,121.0,10.1,-2.261636,-38.943948
RAUL MARTINS,2024-09-07 12:31:07,121.5,10.1,-2.261855,-38.943593
RAUL MARTINS,2024-09-07 12:31:38,121.0,10.1,-2.262615,-38.942365
RAUL MARTINS,2024-09-07 12:31:58,122.3,10.1,-2.263101,-38.941576
RAUL MARTINS,2024-09-07 13:12:27,124.1,9.9,-2.323411,-38.846965
RAUL MARTINS,2024-09-07 13:16:28,124.1,10.0,-2.329705,-38.837785
RAUL MARTINS,2024-09-07 13:17:28,124.6,9.9,-2.331228,-38.835535
RAUL MARTINS,2024-09-07 14:24:27,122.3,9.5,-2.435356,-38.685578
RAUL MARTINS,2024-09-07 14:35:27,122.0,9.6,-2.451273,-38.661008
RAUL MARTINS,2024-09-07 14:46:38,121.3,9.7,-2.466881,-38.635395
RAUL MARTINS,2024-09-07 15:23:08,121.8,9.9,-2.518528,-38.551568
RAUL MARTINS,2024-09-07 15:25:58,121.7,9.8,-2.522541,-38.545006
RAUL MARTINS,2024-09-07 15:55:38,125.8,9.6,-2.56485,-38.47695
RAUL MARTINS,2024-09-07 15:58:09,125.8,9.6,-2.568785,-38.471578
RAUL MARTINS,2024-09-07 16:12:07,125.6,9.7,-2.590841,-38.441396
RAUL MARTINS,2024-09-07 16:15:17,125.4,9.7,-2.59591,-38.43437
RAUL MARTINS,2024-09-07 16:35:28,125.7,9.8,-2.628056,-38.390255
RAUL MARTINS,2024-09-07 16:39:08,126.2,9.8,-2.634015,-38.382305
RAUL MARTINS,2024-09-07 17:07:39,123.6,9.9,-2.6777,-38.318081
RAUL MARTINS,2024-09-07 19:04:38,124.8,10.0,-2.84443,-38.041831
RAUL MARTINS,2024-09-07 19:28:29,126.1,9.8,-2.882636,-37.98829
RAUL MARTINS,2024-09-07 20:27:18,123.2,10.1,-2.972328,-37.853168
RAUL MARTINS,2024-09-07 20:30:28,123.2,10.0,-2.977155,-37.845676
RAUL MARTINS,2024-09-07 20:39:58,121.9,10.0,-2.991423,-37.82345
RAUL MARTINS,2024-09-07 20:47:09,123.5,10.0,-3.002168,-37.806665
RAUL MARTINS,2024-09-07 20:49:19,124.5,10.0,-3.005511,-37.801656
RAUL MARTINS,2024-09-07 20:51:39,122.9,10.1,-3.009116,-37.79618
RAUL MARTINS,2024-09-07 20:53:49,123.0,10.0,-3.012386,-37.79114
RAUL MARTINS,2024-09-07 21:04:17,122.5,10.2,-3.02852,-37.766398
RAUL MARTINS,2024-09-07 21:07:48,122.6,10.2,-3.033865,-37.758003
RAUL MARTINS,2024-09-07 21:42:39,122.9,10.1,-3.087513,-37.675875
RAUL MARTINS,2024-09-07 21:45:19,122.6,10.1,-3.091613,-37.669596
RAUL MARTINS,2024-09-07 21:49:28,123.2,10.1,-3.098073,-37.659711
RAUL MARTINS,2024-09-07 21:51:59,124.0,10.1,-3.1019,-37.653871
RAUL MARTINS,2024-09-07 22:18:48,119.9,10.2,-3.1425,-37.589618
RAUL MARTINS,2024-09-07 22:32:18,120.4,10.1,-3.16178,-37.556666
RAUL MARTINS,2024-09-07 22:36:18,121.1,9.9,-3.167586,-37.54705
RAUL MARTINS,2024-09-07 23:28:58,120.5,9.6,-3.241476,-37.42403
RAUL MARTINS,2024-09-08 00:17:18,120.9,9.4,-3.307711,-37.314085
RAUL MARTINS,2024-09-08 00:21:09,122.4,9.4,-3.313025,-37.305511
RAUL MARTINS,2024-09-08 00:22:27,121.9,9.4,-3.314833,-37.302625
RAUL MARTINS,2024-09-08 00:22:37,122.3,9.4,-3.315043,-37.30229
RAUL MARTINS,2024-09-08 00:23:09,122.0,9.5,-3.315796,-37.301091
RAUL MARTINS,2024-09-08 00:23:19,122.2,9.5,-3.31603,-37.300716
RAUL MARTINS,2024-09-08 00:23:27,121.5,9.5,-3.316243,-37.300376
RAUL MARTINS,2024-09-08 00:23:37,122.2,9.4,-3.316483,-37.3
RAUL MARTINS,2024-09-08 00:25:27,121.0,9.5,-3.319011,-37.29592
RAUL MARTINS,2024-09-08 00:26:57,121.3,9.4,-3.321083,-37.292586
RAUL MARTINS,2024-09-08 00:59:58,121.2,9.7,-3.366865,-37.21834
RAUL MARTINS,2024-09-08 01:00:07,122.4,9.6,-3.367098,-37.21796
RAUL MARTINS,2024-09-08 01:01:17,121.5,9.7,-3.368713,-37.21532
RAUL MARTINS,2024-09-08 01:03:49,121.1,9.7,-3.372321,-37.209505
RAUL MARTINS,2024-09-08 01:04:08,121.4,9.7,-3.37279,-37.208765
RAUL MARTINS,2024-09-08 01:04:49,121.9,9.6,-3.373761,-37.207223
RAUL MARTINS,2024-09-08 01:05:49,121.2,9.6,-3.375168,-37.204978
RAUL MARTINS,2024-09-08 01:05:50,121.2,9.6,-3.375168,-37.204978
RAUL MARTINS,2024-09-08 01:12:19,121.6,9.6,-3.384316,-37.19026
RAUL MARTINS,2024-09-08 01:25:28,122.6,9.6,-3.402783,-37.160846
RAUL MARTINS,2024-09-08 01:58:59,123.6,9.8,-3.451525,-37.084298
RAUL MARTINS,2024-09-08 02:01:49,122.0,9.8,-3.455705,-37.077826
RAUL MARTINS,2024-09-08 02:33:49,122.9,9.8,-3.50311,-37.004076
RAUL MARTINS,2024-09-08 02:37:38,122.3,9.8,-3.508795,-36.995276
RAUL MARTINS,2024-09-08 02:47:59,122.4,9.9,-3.52381,-36.971205
RAUL MARTINS,2024-09-08 02:54:29,122.7,9.8,-3.533405,-36.956201
RAUL MARTINS,2024-09-08 03:09:39,121.9,9.8,-3.555483,-36.921121
RAUL MARTINS,2024-09-08 03:13:49,125.8,9.8,-3.561733,-36.911615
RAUL MARTINS,2024-09-08 03:16:49,125.8,9.8,-3.566505,-36.904983
RAUL MARTINS,2024-09-08 03:17:38,125.6,9.8,-3.567781,-36.903178
RAUL MARTINS,2024-09-08 03:20:08,125.2,9.8,-3.571735,-36.897643
RAUL MARTINS,2024-09-08 03:42:50,125.4,9.8,-3.607886,-36.847005
RAUL MARTINS,2024-09-08 03:44:09,125.8,9.8,-3.609976,-36.844076
RAUL MARTINS,2024-09-08 03:49:40,125.8,9.8,-3.618725,-36.831921
RAUL MARTINS,2024-09-08 03:49:58,125.4,9.8,-3.619183,-36.831298
RAUL MARTINS,2024-09-08 03:52:40,125.4,9.7,-3.623451,-36.825356
RAUL MARTINS,2024-09-08 04:21:19,125.7,9.5,-3.668791,-36.762578
RAUL MARTINS,2024-09-08 04:34:39,122.2,9.5,-3.688493,-36.733346
RAUL MARTINS,2024-09-08 04:40:28,122.6,9.5,-3.696906,-36.720395
RAUL MARTINS,2024-09-08 07:07:29,123.5,9.8,-3.907146,-36.386298
RAUL MARTINS,2024-09-08 07:14:09,123.7,9.8,-3.917226,-36.371091
RAUL MARTINS,2024-09-08 07:43:18,124.6,9.8,-3.961088,-36.304233
RAUL MARTINS,2024-09-08 07:46:18,124.3,9.7,-3.96572,-36.297633
RAUL MARTINS,2024-09-08 08:22:28,122.8,9.7,-4.019281,-36.216825
RAUL MARTINS,2024-09-08 08:26:28,120.4,9.7,-4.02473,-36.207656
RAUL MARTINS,2024-09-08 08:51:58,118.9,9.7,-4.059356,-36.147758
RAUL MARTINS,2024-09-08 08:54:18,118.4,9.7,-4.062385,-36.142273
RAUL MARTINS,2024-09-08 08:56:28,116.6,9.7,-4.065143,-36.137036
RAUL MARTINS,2024-09-08 09:07:17,117.9,9.5,-4.078828,-36.111511
RAUL MARTINS,2024-09-08 09:14:27,118.6,9.6,-4.087901,-36.094886
RAUL MARTINS,2024-09-08 09:16:48,119.2,9.5,-4.090951,-36.089405
RAUL MARTINS,2024-09-08 09:20:17,119.5,9.5,-4.09542,-36.081253
RAUL MARTINS,2024-09-08 09:27:38,120.3,9.5,-4.10498,-36.064256
RAUL MARTINS,2024-09-08 09:29:48,118.8,9.6,-4.107783,-36.059248
RAUL MARTINS,2024-09-08 09:36:18,122.9,9.6,-4.11639,-36.044205
RAUL MARTINS,2024-09-08 10:44:18,122.1,10.0,-4.220071,-35.89326
RAUL MARTINS,2024-09-08 10:58:48,121.4,10.1,-4.241298,-35.858815
RAUL MARTINS,2024-09-08 11:21:38,121.0,10.1,-4.274745,-35.80393
RAUL MARTINS,2024-09-08 12:14:17,123.5,10.7,-4.357535,-35.673441
RAUL MARTINS,2024-09-08 12:17:37,123.6,10.6,-4.362938,-35.665116
RAUL MARTINS,2024-09-08 12:17:57,123.6,10.6,-4.36349,-35.664308
RAUL MARTINS,2024-09-08 12:18:08,123.7,10.6,-4.363785,-35.663845
RAUL MARTINS,2024-09-08 12:18:17,123.5,10.6,-4.364033,-35.663481
RAUL MARTINS,2024-09-08 12:18:27,123.0,10.6,-4.36431,-35.663078
RAUL MARTINS,2024-09-08 12:18:37,124.3,10.6,-4.364585,-35.662666
RAUL MARTINS,2024-09-08 12:18:48,124.2,10.6,-4.364886,-35.662216
RAUL MARTINS,2024-09-08 12:19:08,124.6,10.5,-4.365436,-35.661396
RAUL MARTINS,2024-09-08 12:19:27,123.2,10.6,-4.365955,-35.660628
RAUL MARTINS,2024-09-08 12:19:37,123.6,10.6,-4.366201,-35.660263
RAUL MARTINS,2024-09-08 12:19:48,123.4,10.6,-4.36655,-35.659726
RAUL MARTINS,2024-09-08 12:22:18,120.0,10.6,-4.370411,-35.653563
RAUL MARTINS,2024-09-08 12:36:37,120.7,11.1,-4.392395,-35.61583
RAUL MARTINS,2024-09-08 12:39:37,119.5,11.1,-4.397073,-35.60785
RAUL MARTINS,2024-09-08 12:51:58,119.9,10.9,-4.416261,-35.57487
RAUL MARTINS,2024-09-08 12:53:27,119.6,10.9,-4.418525,-35.570973
RAUL MARTINS,2024-09-08 12:54:17,119.0,10.9,-4.419765,-35.568753
RAUL MARTINS,2024-09-08 12:54:37,119.5,10.9,-4.420265,-35.567866
RAUL MARTINS,2024-09-08 12:55:37,119.2,10.9,-4.421763,-35.565186
RAUL MARTINS,2024-09-08 12:56:07,119.4,10.9,-4.422475,-35.56391
RAUL MARTINS,2024-09-08 12:56:37,119.8,10.9,-4.423256,-35.562583
RAUL MARTINS,2024-09-08 12:57:07,119.2,10.9,-4.423973,-35.561303
RAUL MARTINS,2024-09-08 13:11:39,119.0,11.0,-4.445318,-35.522631
RAUL MARTINS,2024-09-08 13:27:38,117.9,11.3,-4.469051,-35.479385
RAUL MARTINS,2024-09-08 13:35:38,117.0,11.3,-4.480665,-35.457095
RAUL MARTINS,2024-09-08 13:46:08,119.5,11.4,-4.49679,-35.427916
RAUL MARTINS,2024-09-08 13:48:38,119.1,11.3,-4.500663,-35.420968
RAUL MARTINS,2024-09-08 13:51:49,121.9,11.3,-4.505885,-35.412451
RAUL MARTINS,2024-09-08 14:19:58,121.5,11.2,-4.552966,-35.337761
RAUL MARTINS,2024-09-08 14:20:18,122.4,11.2,-4.553495,-35.336935
RAUL MARTINS,2024-09-08 14:22:17,124.1,11.1,-4.556918,-35.331785
RAUL MARTINS,2024-09-08 14:22:49,124.0,11.1,-4.557811,-35.330465
RAUL MARTINS,2024-09-08 14:26:48,123.3,11.1,-4.564655,-35.320186
RAUL MARTINS,2024-09-08 14:54:59,123.1,11.3,-4.613235,-35.246741
RAUL MARTINS,2024-09-08 14:59:39,121.7,11.1,-4.62102,-35.234426
RAUL MARTINS,2024-09-08 15:02:19,122.0,10.9,-4.625346,-35.227498
RAUL MARTINS,2024-09-08 15:10:49,122.5,10.5,-4.63891,-35.206161
RAUL MARTINS,2024-09-08 15:13:50,123.5,10.2,-4.64363,-35.198971
RAUL MARTINS,2024-09-08 15:18:49,125.7,10.0,-4.651641,-35.187348
RAUL MARTINS,2024-09-08 15:21:39,124.3,9.9,-4.656076,-35.180943
RAUL MARTINS,2024-09-08 15:33:40,133.8,8.6,-4.672763,-35.154266
RAUL MARTINS,2024-09-08 15:36:40,146.7,8.4,-4.678396,-35.150078
RAUL MARTINS,2024-09-08 16:09:49,157.1,8.8,-4.752011,-35.118585
RAUL MARTINS,2024-09-08 18:05:19,161.5,8.4,-5.001496,-35.017506
RAUL MARTINS,2024-09-08 19:32:28,155.7,8.7,-5.195308,-34.941185
RAUL MARTINS,2024-09-08 19:37:28,155.1,8.7,-5.206358,-34.936123
RAUL MARTINS,2024-09-08 19:47:58,156.0,8.7,-5.229598,-34.925448
RAUL MARTINS,2024-09-08 19:50:09,155.6,8.7,-5.234415,-34.92339
RAUL MARTINS,2024-09-08 19:52:59,157.1,8.7,-5.240815,-34.920521
RAUL MARTINS,2024-09-08 20:08:08,159.5,8.9,-5.275111,-34.905896
RAUL MARTINS,2024-09-08 20:51:09,159.1,9.0,-5.37311,-34.862406
RAUL MARTINS,2024-09-08 20:53:38,156.5,9.0,-5.378896,-34.86
RAUL MARTINS,2024-09-08 21:17:48,157.9,9.2,-5.435553,-34.837925
RAUL MARTINS,2024-09-08 21:39:59,158.5,9.4,-5.489123,-34.816681
RAUL MARTINS,2024-09-08 21:52:07,159.7,9.3,-5.518588,-34.80519
RAUL MARTINS,2024-09-08 22:34:48,159.2,9.5,-5.62355,-34.765276
RAUL MARTINS,2024-09-09 00:07:58,156.2,9.9,-5.855615,-34.670163
RAUL MARTINS,2024-09-09 00:08:38,156.8,9.9,-5.857348,-34.669421
RAUL MARTINS,2024-09-09 00:10:59,156.3,9.9,-5.863268,-34.666863
RAUL MARTINS,2024-09-09 00:11:38,156.9,10.0,-5.864995,-34.666133
RAUL MARTINS,2024-09-09 00:12:19,156.9,10.0,-5.866656,-34.665408
RAUL MARTINS,2024-09-09 00:12:38,156.7,9.9,-5.867453,-34.665063
RAUL MARTINS,2024-09-09 00:13:18,156.0,10.0,-5.869195,-34.664321
RAUL MARTINS,2024-09-09 00:14:18,157.6,9.9,-5.871781,-34.66321
RAUL MARTINS,2024-09-09 00:14:59,157.5,9.9,-5.873455,-34.662521
RAUL MARTINS,2024-09-09 00:15:08,157.8,9.9,-5.873826,-34.66237
RAUL MARTINS,2024-09-09 00:24:49,157.5,9.9,-5.898476,-34.65205
RAUL MARTINS,2024-09-09 00:39:58,156.0,9.9,-5.936886,-34.635595
RAUL MARTINS,2024-09-09 00:40:18,156.5,9.9,-5.937775,-34.635205
RAUL MARTINS,2024-09-09 00:41:18,156.9,9.9,-5.940261,-34.634113
RAUL MARTINS,2024-09-09 00:42:09,156.4,9.9,-5.94246,-34.633175
RAUL MARTINS,2024-09-09 00:42:47,157.1,9.9,-5.944028,-34.632531
RAUL MARTINS,2024-09-09 00:42:58,157.2,9.9,-5.944495,-34.63234
RAUL MARTINS,2024-09-09 00:43:37,157.3,9.7,-5.946195,-34.631636
RAUL MARTINS,2024-09-09 00:45:09,157.7,9.9,-5.950086,-34.630038
RAUL MARTINS,2024-09-09 00:45:18,157.9,9.9,-5.950513,-34.62986
RAUL MARTINS,2024-09-09 00:45:58,156.5,9.9,-5.952183,-34.629173
RAUL MARTINS,2024-09-09 00:46:09,157.2,9.9,-5.952648,-34.628973
RAUL MARTINS,2024-09-09 00:46:58,157.3,9.9,-5.954745,-34.628123
RAUL MARTINS,2024-09-09 01:02:10,156.3,10.1,-5.993185,-34.611495
RAUL MARTINS,2024-09-09 01:55:18,158.6,9.9,-6.130398,-34.556995
RAUL MARTINS,2024-09-09 02:13:19,158.2,10.0,-6.17734,-34.539226
RAUL MARTINS,2024-09-09 02:16:18,158.2,10.0,-6.185071,-34.536205
RAUL MARTINS,2024-09-09 02:19:08,158.5,10.1,-6.192428,-34.53332
RAUL MARTINS,2024-09-09 02:39:59,158.3,10.2,-6.247348,-34.512311
RAUL MARTINS,2024-09-09 02:44:09,158.8,10.2,-6.258326,-34.508053
RAUL MARTINS,2024-09-09 02:45:39,159.0,10.3,-6.262363,-34.506496
RAUL MARTINS,2024-09-09 02:46:28,158.3,10.3,-6.264536,-34.505636
RAUL MARTINS,2024-09-09 02:48:39,159.4,10.3,-6.270351,-34.503415
RAUL MARTINS,2024-09-09 02:49:19,159.0,10.3,-6.272086,-34.502746
RAUL MARTINS,2024-09-09 02:53:49,158.1,10.2,-6.284051,-34.498016
RAUL MARTINS,2024-09-09 03:21:48,158.7,10.1,-6.357678,-34.468445
RAUL MARTINS,2024-09-09 03:24:38,157.4,10.1,-6.365028,-34.465516
RAUL MARTINS,2024-09-09 03:32:29,158.2,10.2,-6.385448,-34.457156
RAUL MARTINS,2024-09-09 03:36:08,158.7,10.2,-6.395203,-34.453366
RAUL MARTINS,2024-09-09 03:56:28,157.7,10.2,-6.44894,-34.43202
RAUL MARTINS,2024-09-09 04:27:18,157.3,10.1,-6.530498,-34.39842
RAUL MARTINS,2024-09-09 04:36:19,157.6,10.1,-6.55414,-34.388753
RAUL MARTINS,2024-09-09 05:41:48,159.7,10.5,-6.727848,-34.318098
RAUL MARTINS,2024-09-09 06:09:58,159.4,10.5,-6.805201,-34.288555
RAUL MARTINS,2024-09-09 06:12:49,159.4,10.6,-6.813025,-34.285531
RAUL MARTINS,2024-09-09 06:16:30,159.0,10.6,-6.823326,-34.281653
RAUL MARTINS,2024-09-09 06:41:58,158.3,10.7,-6.89427,-34.25442
RAUL MARTINS,2024-09-09 06:45:07,157.1,10.8,-6.902971,-34.250795
RAUL MARTINS,2024-09-09 06:47:28,156.8,10.7,-6.909426,-34.248008
RAUL MARTINS,2024-09-09 07:19:18,139.9,10.6,-6.990566,-34.20122
RAUL MARTINS,2024-09-09 07:21:49,144.5,10.6,-6.996396,-34.19653
RAUL MARTINS,2024-09-09 07:28:08,159.4,10.7,-7.012958,-34.187876
RAUL MARTINS,2024-09-09 07:48:49,172.4,10.8,-7.073375,-34.173138
RAUL MARTINS,2024-09-09 07:51:48,176.6,10.7,-7.082281,-34.172283
RAUL MARTINS,2024-09-09 07:56:09,177.6,10.8,-7.095455,-34.17177
RAUL MARTINS,2024-09-09 07:58:38,176.9,11.0,-7.1029,-34.171436
RAUL MARTINS,2024-09-09 08:00:49,177.2,10.9,-7.109611,-34.171156
RAUL MARTINS,2024-09-09 08:12:09,188.6,10.9,-7.144043,-34.170811
RAUL MARTINS,2024-09-09 08:14:48,194.0,11.0,-7.151941,-34.172466
RAUL MARTINS,2024-09-09 08:25:47,191.1,11.2,-7.185373,-34.178855
RAUL MARTINS,2024-09-09 08:30:18,190.3,11.0,-7.199213,-34.181453
RAUL MARTINS,2024-09-09 08:36:17,191.2,11.1,-7.217366,-34.184816
RAUL MARTINS,2024-09-09 09:06:29,193.5,11.1,-7.30968,-34.203668
RAUL MARTINS,2024-09-09 09:10:29,192.1,11.2,-7.321863,-34.206471
RAUL MARTINS,2024-09-09 09:37:20,192.9,11.3,-7.403803,-34.225333
RAUL MARTINS,2024-09-09 09:52:58,195.2,11.3,-7.451868,-34.236728
RAUL MARTINS,2024-09-09 10:02:49,193.5,11.4,-7.482046,-34.244091
RAUL MARTINS,2024-09-09 10:40:08,193.7,11.5,-7.598136,-34.270691
RAUL MARTINS,2024-09-09 10:40:47,193.7,11.5,-7.600173,-34.271165
RAUL MARTINS,2024-09-09 10:41:47,193.0,11.5,-7.60334,-34.271878
RAUL MARTINS,2024-09-09 11:40:09,191.5,11.5,-7.785951,-34.312538
RAUL MARTINS,2024-09-09 12:08:29,192.5,11.7,-7.874858,-34.333195
RAUL MARTINS,2024-09-09 12:09:19,190.6,11.8,-7.877486,-34.33376
RAUL MARTINS,2024-09-09 12:09:59,191.4,11.5,-7.879636,-34.334195
RAUL MARTINS,2024-09-09 12:10:29,190.6,11.5,-7.881206,-34.334518
RAUL MARTINS,2024-09-09 12:15:17,193.7,11.4,-7.89621,-34.337716
RAUL MARTINS,2024-09-09 12:34:37,195.2,11.5,-7.956181,-34.354131
RAUL MARTINS,2024-09-09 12:36:17,193.4,11.6,-7.961465,-34.355438
RAUL MARTINS,2024-09-09 12:36:58,193.3,11.6,-7.96361,-34.355965
RAUL MARTINS,2024-09-09 12:38:29,194.6,11.5,-7.96829,-34.357145
RAUL MARTINS,2024-09-09 12:38:57,194.8,11.5,-7.969786,-34.357521
RAUL MARTINS,2024-09-09 12:39:17,194.7,11.5,-7.970825,-34.357793
RAUL MARTINS,2024-09-09 12:39:37,196.1,11.5,-7.971868,-34.358073
RAUL MARTINS,2024-09-09 12:39:57,193.8,11.6,-7.972913,-34.358335
RAUL MARTINS,2024-09-09 13:19:38,193.9,11.7,-8.09715,-34.389895
RAUL MARTINS,2024-09-09 13:21:48,194.6,11.6,-8.104043,-34.391525
RAUL MARTINS,2024-09-09 13:28:18,194.8,11.5,-8.124565,-34.396496
RAUL MARTINS,2024-09-09 13:51:28,195.4,11.1,-8.197076,-34.414201
RAUL MARTINS,2024-09-09 13:53:49,194.1,11.2,-8.204161,-34.416055
RAUL MARTINS,2024-09-09 14:00:19,194.8,10.8,-8.223581,-34.420786
RAUL MARTINS,2024-09-09 14:23:20,192.9,10.5,-8.2901,-34.437668
RAUL MARTINS,2024-09-09 14:31:57,194.2,10.6,-8.314936,-34.443763
RAUL MARTINS,2024-09-09 14:34:57,193.6,10.6,-8.323486,-34.445858
RAUL MARTINS,2024-09-09 15:07:10,193.7,10.4,-8.415316,-34.468968
RAUL MARTINS,2024-09-09 15:10:38,193.4,9.9,-8.424841,-34.471331
RAUL MARTINS,2024-09-09 15:13:58,194.1,9.8,-8.433753,-34.473443
RAUL MARTINS,2024-09-09 15:16:18,194.3,9.6,-8.439833,-34.475006
RAUL MARTINS,2024-09-09 15:54:40,193.6,9.6,-8.537313,-34.500025
RAUL MARTINS,2024-09-09 15:56:16,193.1,9.7,-8.541691,-34.501066
RAUL MARTINS,2024-09-09 15:56:26,193.8,9.7,-8.542126,-34.501178
RAUL MARTINS,2024-09-09 15:56:37,193.7,9.7,-8.542563,-34.501293
RAUL MARTINS,2024-09-09 15:57:06,194.6,9.8,-8.543843,-34.501605
RAUL MARTINS,2024-09-09 15:58:06,195.7,9.8,-8.546528,-34.502291
RAUL MARTINS,2024-09-09 15:58:55,193.4,9.8,-8.548701,-34.502858
RAUL MARTINS,2024-09-09 15:59:06,192.7,9.8,-8.549186,-34.502983
RAUL MARTINS,2024-09-09 15:59:55,195.9,9.7,-8.551335,-34.50358
RAUL MARTINS,2024-09-09 16:00:55,194.5,9.8,-8.553973,-34.504251
RAUL MARTINS,2024-09-09 16:01:26,194.6,9.8,-8.555341,-34.504585
RAUL MARTINS,2024-09-09 16:01:55,194.2,9.8,-8.556585,-34.504898
RAUL MARTINS,2024-09-09 16:02:35,196.8,9.8,-8.558353,-34.505366
RAUL MARTINS,2024-09-09 16:02:55,195.9,9.9,-8.559298,-34.5056
RAUL MARTINS,2024-09-09 16:03:16,196.4,9.8,-8.56024,-34.505873
RAUL MARTINS,2024-09-09 16:03:55,194.0,9.9,-8.561953,-34.50634
RAUL MARTINS,2024-09-09 16:05:58,194.8,9.7,-8.567295,-34.507755
RAUL MARTINS,2024-09-09 17:05:49,193.1,10.8,-8.737968,-34.549356
RAUL MARTINS,2024-09-09 17:27:53,193.8,10.9,-8.827075,-34.569253
RAUL MARTINS,2024-09-09 17:31:53,192.8,11.1,-8.839118,-34.57204
RAUL MARTINS,2024-09-09 17:32:14,191.7,11.1,-8.840143,-34.57228
RAUL MARTINS,2024-09-09 17:34:05,192.9,11.1,-8.845635,-34.57354
RAUL MARTINS,2024-09-09 18:46:48,193.5,11.1,-9.040938,-34.619811
RAUL MARTINS,2024-09-09 18:48:59,193.4,11.1,-9.04755,-34.621368
RAUL MARTINS,2024-09-09 18:51:28,194.2,11.1,-9.055191,-34.623198
RAUL MARTINS,2024-09-09 20:22:57,194.2,11.1,-9.329135,-34.693386
RAUL MARTINS,2024-09-09 20:27:28,195.6,11.0,-9.342655,-34.696883
RAUL MARTINS,2024-09-09 20:48:58,193.2,11.2,-9.406975,-34.713311
RAUL MARTINS,2024-09-09 20:54:28,192.7,11.2,-9.423498,-34.717286
RAUL MARTINS,2024-09-09 20:56:37,193.0,11.2,-9.43001,-34.718846
RAUL MARTINS,2024-09-09 21:00:37,193.3,11.1,-9.442138,-34.721753
RAUL MARTINS,2024-09-09 21:28:09,191.7,11.1,-9.525135,-34.74165
RAUL MARTINS,2024-09-09 21:30:29,194.2,11.0,-9.532115,-34.743311
RAUL MARTINS,2024-09-09 21:32:58,193.5,11.1,-9.539546,-34.745161
RAUL MARTINS,2024-09-09 21:37:18,192.3,11.0,-9.552535,-34.748253
RAUL MARTINS,2024-09-09 21:39:29,192.6,11.0,-9.559141,-34.749736
RAUL MARTINS,2024-09-09 22:04:18,193.6,10.9,-9.632755,-34.766935
RAUL MARTINS,2024-09-09 22:40:40,193.4,10.7,-9.73963,-34.792045
RAUL MARTINS,2024-09-09 23:58:48,194.7,10.4,-9.964738,-34.843205
RAUL MARTINS,2024-09-10 00:01:37,193.9,10.4,-9.972708,-34.84518
RAUL MARTINS,2024-09-10 00:04:18,193.8,10.4,-9.980331,-34.846998
RAUL MARTINS,2024-09-10 00:50:49,196.6,10.7,-10.110265,-34.884126
RAUL MARTINS,2024-09-10 00:53:19,196.0,10.6,-10.117361,-34.88631
RAUL MARTINS,2024-09-10 00:55:48,197.3,10.7,-10.124478,-34.88842
RAUL MARTINS,2024-09-10 01:41:33,193.2,11.2,-10.25935,-34.925056
RAUL MARTINS,2024-09-10 01:45:17,194.1,11.1,-10.270948,-34.927806
RAUL MARTINS,2024-09-10 01:47:28,191.4,11.2,-10.277491,-34.929363
RAUL MARTINS,2024-09-10 01:51:27,192.0,11.2,-10.289461,-34.93222
RAUL MARTINS,2024-09-10 01:51:58,192.5,11.2,-10.291015,-34.93259
RAUL MARTINS,2024-09-10 02:22:19,192.5,10.9,-10.381186,-34.953806
RAUL MARTINS,2024-09-10 02:34:59,192.1,11.2,-10.418953,-34.962401
RAUL MARTINS,2024-09-10 02:57:18,192.1,11.1,-10.486413,-34.977506
RAUL MARTINS,2024-09-10 03:02:18,191.6,11.2,-10.50152,-34.980721
RAUL MARTINS,2024-09-10 03:04:19,191.9,11.1,-10.507595,-34.982135
RAUL MARTINS,2024-09-10 03:06:59,192.8,11.1,-10.515688,-34.983923
RAUL MARTINS,2024-09-10 03:28:59,193.3,10.9,-10.581875,-34.998925
RAUL MARTINS,2024-09-10 03:38:38,192.7,11.0,-10.610591,-35.005708
RAUL MARTINS,2024-09-10 03:41:18,195.0,11.0,-10.618666,-35.007625
RAUL MARTINS,2024-09-10 04:02:58,193.6,11.1,-10.68345,-35.023556
RAUL MARTINS,2024-09-10 05:44:18,193.6,11.5,-10.99745,-35.100633
RAUL MARTINS,2024-09-10 05:47:18,193.5,11.6,-11.006826,-35.102973
RAUL MARTINS,2024-09-10 06:20:49,193.0,11.5,-11.111538,-35.128576
RAUL MARTINS,2024-09-10 06:23:28,193.1,11.4,-11.119803,-35.13057
RAUL MARTINS,2024-09-10 06:49:59,192.8,11.3,-11.202018,-35.14986
RAUL MARTINS,2024-09-10 06:57:58,192.2,11.3,-11.226518,-35.155825
RAUL MARTINS,2024-09-10 07:26:21,195.0,11.2,-11.313231,-35.178186
RAUL MARTINS,2024-09-10 07:31:58,195.1,11.3,-11.330545,-35.18313
RAUL MARTINS,2024-09-10 07:34:17,198.2,11.4,-11.337603,-35.185166
RAUL MARTINS,2024-09-10 07:59:29,195.2,11.7,-11.415535,-35.208493
RAUL MARTINS,2024-09-10 08:04:58,197.8,11.8,-11.432733,-35.21369
RAUL MARTINS,2024-09-10 08:08:09,196.5,11.9,-11.442765,-35.216751
RAUL MARTINS,2024-09-10 08:37:18,197.3,11.9,-11.53574,-35.244651
RAUL MARTINS,2024-09-10 08:54:49,196.5,12.1,-11.59219,-35.261201
RAUL MARTINS,2024-09-10 09:02:39,197.2,12.1,-11.617718,-35.26838
RAUL MARTINS,2024-09-10 09:04:50,194.4,12.1,-11.62479,-35.270426
RAUL MARTINS,2024-09-10 10:33:08,190.9,12.1,-11.916283,-35.327593
RAUL MARTINS,2024-09-10 10:33:18,192.5,12.2,-11.916888,-35.327728
RAUL MARTINS,2024-09-10 10:33:28,192.8,12.2,-11.91738,-35.327841
RAUL MARTINS,2024-09-10 10:38:18,192.6,12.1,-11.933321,-35.331465
RAUL MARTINS,2024-09-10 10:49:49,193.1,12.0,-11.971011,-35.340101
RAUL MARTINS,2024-09-10 11:21:39,193.2,11.7,-12.073738,-35.364446
RAUL MARTINS,2024-09-10 12:01:57,196.3,12.0,-12.200948,-35.396946
RAUL MARTINS,2024-09-10 12:04:27,195.9,12.0,-12.208955,-35.399198
RAUL MARTINS,2024-09-10 12:04:37,196.3,11.9,-12.209485,-35.399356
RAUL MARTINS,2024-09-10 12:05:28,194.6,11.8,-12.21219,-35.400136
RAUL MARTINS,2024-09-10 12:05:58,194.4,12.0,-12.213783,-35.400585
RAUL MARTINS,2024-09-10 12:20:38,196.1,12.0,-12.26085,-35.414106
RAUL MARTINS,2024-09-10 12:20:58,196.7,12.0,-12.261925,-35.414418
RAUL MARTINS,2024-09-10 12:24:08,194.9,11.9,-12.272031,-35.417403
RAUL MARTINS,2024-09-10 12:53:18,195.8,11.8,-12.36528,-35.443473
RAUL MARTINS,2024-09-10 13:00:29,196.0,11.7,-12.387918,-35.449701
RAUL MARTINS,2024-09-10 13:19:39,194.1,11.7,-12.448706,-35.466063
RAUL MARTINS,2024-09-10 13:30:20,195.3,11.6,-12.482501,-35.474773
RAUL MARTINS,2024-09-10 13:33:58,193.4,11.6,-12.493961,-35.477721
RAUL MARTINS,2024-09-10 14:04:39,194.1,11.3,-12.589818,-35.501666
RAUL MARTINS,2024-09-10 14:08:19,193.6,11.2,-12.601015,-35.504488
RAUL MARTINS,2024-09-10 14:10:38,194.9,11.2,-12.608085,-35.506248
RAUL MARTINS,2024-09-10 14:14:08,196.2,11.3,-12.618928,-35.508975
RAUL MARTINS,2024-09-10 14:16:37,195.5,11.2,-12.626511,-35.51094
RAUL MARTINS,2024-09-10 14:19:07,193.1,11.3,-12.634138,-35.512941
RAUL MARTINS,2024-09-10 14:57:18,194.4,11.4,-12.751896,-35.542376
RAUL MARTINS,2024-09-10 15:09:59,192.6,11.6,-12.791546,-35.55218
RAUL MARTINS,2024-09-10 16:00:28,192.8,11.7,-12.951865,-35.59062
RAUL MARTINS,2024-09-10 17:47:59,193.3,11.7,-13.294835,-35.669643
RAUL MARTINS,2024-09-10 17:49:57,191.4,11.8,-13.301206,-35.671126
RAUL MARTINS,2024-09-10 17:51:10,193.5,11.7,-13.304933,-35.672031
RAUL MARTINS,2024-09-10 17:51:16,192.5,11.7,-13.30536,-35.67213
RAUL MARTINS,2024-09-10 17:52:16,194.1,11.7,-13.308608,-35.672883
RAUL MARTINS,2024-09-10 17:54:18,193.8,11.7,-13.314956,-35.67435
RAUL MARTINS,2024-09-10 17:56:16,193.7,11.6,-13.321318,-35.675873
RAUL MARTINS,2024-09-10 19:23:08,191.0,11.3,-13.5924,-35.73837
RAUL MARTINS,2024-09-10 19:31:49,191.5,11.3,-13.619358,-35.743816
RAUL MARTINS,2024-09-10 19:35:39,191.2,11.2,-13.631145,-35.74642
RAUL MARTINS,2024-09-10 19:54:08,193.5,11.4,-13.688273,-35.759198
RAUL MARTINS,2024-09-10 20:31:17,196.0,11.7,-13.803458,-35.792585
RAUL MARTINS,2024-09-10 20:35:58,197.2,11.6,-13.818088,-35.797003
RAUL MARTINS,2024-09-10 20:38:09,196.5,11.6,-13.824761,-35.799015
RAUL MARTINS,2024-09-10 20:40:59,195.1,11.5,-13.833445,-35.801648
RAUL MARTINS,2024-09-10 21:00:58,195.9,11.2,-13.89395,-35.819793
RAUL MARTINS,2024-09-10 21:03:48,198.8,11.2,-13.902356,-35.822335
RAUL MARTINS,2024-09-10 21:06:18,197.9,11.1,-13.90977,-35.824688
RAUL MARTINS,2024-09-10 21:13:18,195.3,11.0,-13.930463,-35.830525
RAUL MARTINS,2024-09-10 21:47:48,195.4,10.9,-14.03159,-35.857923
RAUL MARTINS,2024-09-10 22:18:58,195.2,10.8,-14.122625,-35.883606
RAUL MARTINS,2024-09-10 22:55:38,192.2,11.2,-14.23125,-35.910488
RAUL MARTINS,2024-09-10 22:55:39,192.2,11.2,-14.23125,-35.910488
RAUL MARTINS,2024-09-10 22:59:28,193.5,11.1,-14.242728,-35.913376
RAUL MARTINS,2024-09-10 23:02:07,192.2,11.1,-14.250665,-35.915383
RAUL MARTINS,2024-09-10 23:47:48,208.2,11.3,-14.390216,-35.952826
RAUL MARTINS,2024-09-10 23:48:27,206.9,11.4,-14.392045,-35.953806
RAUL MARTINS,2024-09-10 23:48:48,207.7,11.4,-14.393091,-35.954348
RAUL MARTINS,2024-09-10 23:49:37,208.8,11.5,-14.39539,-35.955585
RAUL MARTINS,2024-09-10 23:49:48,209.4,11.5,-14.395915,-35.955865
RAUL MARTINS,2024-09-10 23:49:57,206.5,11.5,-14.396346,-35.956091
RAUL MARTINS,2024-09-10 23:50:27,208.9,11.4,-14.397721,-35.956833
RAUL MARTINS,2024-09-10 23:50:37,209.4,11.4,-14.398198,-35.957078
RAUL MARTINS,2024-09-10 23:51:27,207.2,11.3,-14.400613,-35.958346
RAUL MARTINS,2024-09-10 23:55:17,201.9,11.4,-14.411515,-35.963893
RAUL MARTINS,2024-09-10 23:57:27,195.7,11.3,-14.417991,-35.966358
RAUL MARTINS,2024-09-10 23:59:18,192.3,11.3,-14.423638,-35.967703
RAUL MARTINS,2024-09-11 00:00:08,188.5,11.2,-14.426218,-35.968213
RAUL MARTINS,2024-09-11 00:00:18,189.2,11.3,-14.426738,-35.968303
RAUL MARTINS,2024-09-11 00:01:18,190.6,11.2,-14.429895,-35.968845
RAUL MARTINS,2024-09-11 00:04:07,191.0,11.4,-14.438623,-35.970398
RAUL MARTINS,2024-09-11 00:04:58,192.8,11.4,-14.441281,-35.9709
RAUL MARTINS,2024-09-11 00:05:18,190.3,11.4,-14.442346,-35.971106
RAUL MARTINS,2024-09-11 00:05:37,191.6,11.4,-14.44335,-35.971306
RAUL MARTINS,2024-09-11 00:41:07,192.5,11.8,-14.557535,-35.993045
RAUL MARTINS,2024-09-11 00:43:17,191.1,11.9,-14.564665,-35.99446
RAUL MARTINS,2024-09-11 00:46:17,190.2,12.0,-14.574493,-35.996471
RAUL MARTINS,2024-09-11 00:50:08,192.6,12.0,-14.587105,-35.999086
RAUL MARTINS,2024-09-11 00:52:28,190.3,12.0,-14.594656,-36.000606
RAUL MARTINS,2024-09-11 00:59:58,191.9,11.9,-14.619111,-36.005831
RAUL MARTINS,2024-09-11 01:25:48,194.0,11.9,-14.702668,-36.027223
RAUL MARTINS,2024-09-11 01:31:37,194.6,12.0,-14.721515,-36.032198
RAUL MARTINS,2024-09-11 01:35:08,193.0,12.0,-14.733023,-36.035078
RAUL MARTINS,2024-09-11 01:37:28,193.8,12.0,-14.740566,-36.037015
RAUL MARTINS,2024-09-11 01:58:58,194.0,12.1,-14.810485,-36.055933
RAUL MARTINS,2024-09-11 02:02:18,195.2,12.0,-14.821326,-36.058796
RAUL MARTINS,2024-09-11 02:07:30,195.4,12.2,-14.838281,-36.06351
RAUL MARTINS,2024-09-11 02:33:18,192.6,12.0,-14.922958,-36.083165
RAUL MARTINS,2024-09-11 02:37:58,193.2,11.9,-14.938046,-36.086725
RAUL MARTINS,2024-09-11 02:40:19,192.4,12.0,-14.945735,-36.088498
RAUL MARTINS,2024-09-11 02:42:28,193.5,12.0,-14.952796,-36.090103
RAUL MARTINS,2024-09-11 03:03:29,192.1,11.9,-15.02111,-36.105921
RAUL MARTINS,2024-09-11 03:05:38,194.0,11.9,-15.028051,-36.10751
RAUL MARTINS,2024-09-11 03:10:59,191.9,11.8,-15.045238,-36.111433
RAUL MARTINS,2024-09-11 03:13:18,193.5,11.8,-15.052643,-36.113011
RAUL MARTINS,2024-09-11 03:16:08,192.9,11.7,-15.06185,-36.115113
RAUL MARTINS,2024-09-11 03:42:58,193.1,11.7,-15.147776,-36.13446
RAUL MARTINS,2024-09-11 03:45:08,191.9,11.7,-15.154728,-36.13594
RAUL MARTINS,2024-09-11 03:47:18,192.8,11.7,-15.16166,-36.137416
RAUL MARTINS,2024-09-11 03:50:08,191.6,11.7,-15.170703,-36.139443
RAUL MARTINS,2024-09-11 04:19:28,194.6,11.7,-15.264373,-36.160971
RAUL MARTINS,2024-09-11 04:21:38,195.3,11.7,-15.271145,-36.162843
RAUL MARTINS,2024-09-11 04:44:39,193.0,11.8,-15.34414,-36.182046
RAUL MARTINS,2024-09-11 04:48:39,193.7,11.8,-15.356963,-36.185416
RAUL MARTINS,2024-09-11 05:20:39,195.1,11.5,-15.457513,-36.212671
RAUL MARTINS,2024-09-11 05:24:19,194.5,11.5,-15.468843,-36.215741
RAUL MARTINS,2024-09-11 05:47:58,194.0,11.5,-15.541665,-36.235685
RAUL MARTINS,2024-09-11 05:50:38,193.7,11.4,-15.54991,-36.237928
RAUL MARTINS,2024-09-11 05:53:08,193.8,11.4,-15.557581,-36.239941
RAUL MARTINS,2024-09-11 05:55:18,193.9,11.4,-15.5642,-36.24165
RAUL MARTINS,2024-09-11 05:57:39,194.6,11.5,-15.571503,-36.243535
RAUL MARTINS,2024-09-11 06:26:19,193.7,11.1,-15.659088,-36.265698
RAUL MARTINS,2024-09-11 06:30:47,194.9,11.0,-15.672423,-36.269176
RAUL MARTINS,2024-09-11 06:33:27,194.1,10.9,-15.680421,-36.271156
RAUL MARTINS,2024-09-11 07:04:28,192.5,10.9,-15.772753,-36.293758
RAUL MARTINS,2024-09-11 07:06:19,191.4,10.8,-15.778196,-36.295001
RAUL MARTINS,2024-09-11 07:08:28,192.3,10.9,-15.784558,-36.296483
RAUL MARTINS,2024-09-11 07:32:58,193.1,10.9,-15.857021,-36.314238
RAUL MARTINS,2024-09-11 07:35:18,193.1,10.8,-15.863903,-36.315911
RAUL MARTINS,2024-09-11 07:37:28,191.2,10.8,-15.870286,-36.317463
RAUL MARTINS,2024-09-11 07:39:39,193.5,10.8,-15.876675,-36.319118
RAUL MARTINS,2024-09-11 07:59:29,197.8,10.6,-15.933581,-36.335758
RAUL MARTINS,2024-09-11 08:03:48,200.0,10.6,-15.945706,-36.340296
RAUL MARTINS,2024-09-11 09:38:57,193.1,11.2,-16.226363,-36.41172
RAUL MARTINS,2024-09-11 09:38:58,193.1,11.2,-16.226363,-36.41172
RAUL MARTINS,2024-09-11 09:45:48,193.6,11.2,-16.247156,-36.417098
RAUL MARTINS,2024-09-11 09:48:28,195.3,11.3,-16.255406,-36.41919
RAUL MARTINS,2024-09-11 10:10:08,193.6,11.5,-16.322075,-36.436141
RAUL MARTINS,2024-09-11 10:12:48,193.0,11.6,-16.33037,-36.438281
RAUL MARTINS,2024-09-11 11:23:18,195.7,11.7,-16.550868,-36.495703
RAUL MARTINS,2024-09-11 11:54:19,194.4,11.7,-16.649088,-36.521375
RAUL MARTINS,2024-09-11 11:56:47,194.1,11.7,-16.656948,-36.523435
RAUL MARTINS,2024-09-11 11:56:58,193.5,11.7,-16.657473,-36.523578
RAUL MARTINS,2024-09-11 11:57:57,195.1,11.7,-16.660691,-36.524411
RAUL MARTINS,2024-09-11 11:59:18,194.0,11.7,-16.664851,-36.525541
RAUL MARTINS,2024-09-11 11:59:57,194.7,11.7,-16.666971,-36.52608
RAUL MARTINS,2024-09-11 12:01:17,192.6,11.7,-16.671213,-36.527148
RAUL MARTINS,2024-09-11 12:02:17,193.3,11.7,-16.674381,-36.527951
RAUL MARTINS,2024-09-11 12:03:17,194.7,11.6,-16.677646,-36.528781
RAUL MARTINS,2024-09-11 12:05:07,195.0,11.8,-16.683401,-36.530316
RAUL MARTINS,2024-09-11 12:06:37,194.0,11.8,-16.68825,-36.531563
RAUL MARTINS,2024-09-11 12:26:18,192.1,11.8,-16.751123,-36.547105
RAUL MARTINS,2024-09-11 12:29:18,191.6,11.8,-16.760808,-36.549276
RAUL MARTINS,2024-09-11 12:35:49,193.4,11.8,-16.781813,-36.554058
RAUL MARTINS,2024-09-11 13:04:29,191.9,12.0,-16.87513,-36.573308
RAUL MARTINS,2024-09-11 13:07:08,192.4,12.0,-16.883716,-36.575191
RAUL MARTINS,2024-09-11 13:35:39,193.0,11.9,-16.976715,-36.595598
RAUL MARTINS,2024-09-11 13:44:29,192.1,11.9,-17.0053,-36.602036
RAUL MARTINS,2024-09-11 14:02:19,190.9,11.8,-17.063071,-36.61497
RAUL MARTINS,2024-09-11 14:06:00,194.7,11.9,-17.074903,-36.6179
RAUL MARTINS,2024-09-11 14:50:38,209.0,11.6,-17.205901,-36.686403
RAUL MARTINS,2024-09-11 14:52:58,208.3,11.7,-17.212533,-36.690103
RAUL MARTINS,2024-09-11 14:56:09,207.6,11.7,-17.221633,-36.69519
RAUL MARTINS,2024-09-11 15:00:29,206.8,11.7,-17.234195,-36.702103
RAUL MARTINS,2024-09-11 15:02:29,208.4,11.6,-17.239976,-36.705296
RAUL MARTINS,2024-09-11 15:50:59,206.3,11.7,-17.381608,-36.78058
RAUL MARTINS,2024-09-11 15:53:59,207.1,11.6,-17.390228,-36.785153
RAUL MARTINS,2024-09-11 16:24:37,205.7,11.4,-17.477468,-36.831921
RAUL MARTINS,2024-09-11 16:24:56,208.3,11.4,-17.478365,-36.832401
RAUL MARTINS,2024-09-11 16:25:16,207.2,11.4,-17.479315,-36.832895
RAUL MARTINS,2024-09-11 16:25:26,206.1,11.5,-17.47979,-36.833141
RAUL MARTINS,2024-09-11 16:25:37,205.8,11.4,-17.480308,-36.833421
RAUL MARTINS,2024-09-11 16:25:56,206.0,11.5,-17.48125,-36.833925
RAUL MARTINS,2024-09-11 16:26:06,205.8,11.4,-17.481676,-36.834151
RAUL MARTINS,2024-09-11 16:26:16,206.2,11.4,-17.482195,-36.83443
RAUL MARTINS,2024-09-11 16:26:37,206.8,11.4,-17.483138,-36.834935
RAUL MARTINS,2024-09-11 16:27:06,206.4,11.4,-17.484561,-36.835673
RAUL MARTINS,2024-09-11 16:27:16,205.9,11.4,-17.48499,-36.835896
RAUL MARTINS,2024-09-11 16:27:35,205.4,11.4,-17.48589,-36.836363
RAUL MARTINS,2024-09-11 16:27:56,205.8,11.4,-17.486885,-36.836878
RAUL MARTINS,2024-09-11 16:28:16,206.6,11.4,-17.487836,-36.83736
RAUL MARTINS,2024-09-11 16:28:35,205.7,11.3,-17.488785,-36.837848
RAUL MARTINS,2024-09-11 16:28:56,207.6,11.3,-17.48973,-36.83834
RAUL MARTINS,2024-09-11 16:29:16,207.0,11.4,-17.490721,-36.838853
RAUL MARTINS,2024-09-11 16:30:16,205.6,11.3,-17.49352,-36.840275
RAUL MARTINS,2024-09-11 16:30:25,208.2,11.3,-17.49395,-36.84049
RAUL MARTINS,2024-09-11 16:30:35,207.8,11.4,-17.494425,-36.840728
RAUL MARTINS,2024-09-11 16:31:35,205.6,11.4,-17.497313,-36.842206
RAUL MARTINS,2024-09-11 16:31:45,204.6,11.4,-17.497791,-36.842448
RAUL MARTINS,2024-09-11 16:32:15,208.5,11.3,-17.499206,-36.843185
RAUL MARTINS,2024-09-11 16:32:35,206.0,11.3,-17.500108,-36.843641
RAUL MARTINS,2024-09-11 16:37:38,206.6,11.3,-17.514341,-36.850806
RAUL MARTINS,2024-09-11 16:46:38,206.2,11.3,-17.539655,-36.863773
RAUL MARTINS,2024-09-11 16:53:39,205.9,11.2,-17.559301,-36.873705
RAUL MARTINS,2024-09-11 18:32:37,208.2,11.1,-17.83315,-37.008408
RAUL MARTINS,2024-09-11 18:35:39,207.3,11.2,-17.84144,-37.012893
RAUL MARTINS,2024-09-11 19:01:07,206.8,11.7,-17.91357,-37.052775
RAUL MARTINS,2024-09-11 19:35:38,209.3,12.1,-18.01399,-37.111263
RAUL MARTINS,2024-09-11 20:05:59,209.4,12.2,-18.103493,-37.16562
RAUL MARTINS,2024-09-11 20:11:59,208.8,12.3,-18.1215,-37.175825
RAUL MARTINS,2024-09-11 20:35:29,208.3,12.5,-18.193471,-37.21587
RAUL MARTINS,2024-09-11 20:44:27,209.7,12.7,-18.221543,-37.231176
RAUL MARTINS,2024-09-11 20:46:38,209.2,12.7,-18.228368,-37.234928
RAUL MARTINS,2024-09-11 20:49:07,205.5,12.6,-18.236145,-37.239185
RAUL MARTINS,2024-09-11 21:06:48,203.4,12.6,-18.29242,-37.266855
RAUL MARTINS,2024-09-11 21:12:38,207.7,12.7,-18.311035,-37.275825
RAUL MARTINS,2024-09-11 21:22:07,205.8,12.5,-18.340995,-37.290368
RAUL MARTINS,2024-09-11 21:25:57,202.9,12.5,-18.353073,-37.296221
RAUL MARTINS,2024-09-11 21:49:07,204.1,12.3,-18.426085,-37.330511
RAUL MARTINS,2024-09-11 21:56:19,204.2,12.4,-18.448723,-37.341058
RAUL MARTINS,2024-09-11 21:57:18,204.7,12.3,-18.45187,-37.342495
RAUL MARTINS,2024-09-11 22:00:00,204.1,12.4,-18.460403,-37.346375
RAUL MARTINS,2024-09-11 22:02:19,204.0,12.3,-18.467606,-37.349663
RAUL MARTINS,2024-09-11 22:31:28,202.6,12.4,-18.559843,-37.39095
RAUL MARTINS,2024-09-11 22:49:28,204.8,12.6,-18.618315,-37.4156
RAUL MARTINS,2024-09-11 22:53:00,208.2,12.7,-18.629385,-37.42145
RAUL MARTINS,2024-09-11 22:55:59,206.8,12.7,-18.638951,-37.42643
RAUL MARTINS,2024-09-11 23:03:38,205.3,12.6,-18.663176,-37.438763
RAUL MARTINS,2024-09-11 23:06:48,206.5,12.4,-18.673135,-37.44384
RAUL MARTINS,2024-09-11 23:37:47,210.1,11.8,-18.765351,-37.496956
RAUL MARTINS,2024-09-11 23:38:18,209.2,11.9,-18.76686,-37.49789
RAUL MARTINS,2024-09-11 23:38:19,209.2,11.9,-18.76686,-37.49789
RAUL MARTINS,2024-09-11 23:38:38,211.3,12.0,-18.767753,-37.498446
RAUL MARTINS,2024-09-11 23:39:47,210.8,11.8,-18.771138,-37.500533
RAUL MARTINS,2024-09-11 23:39:59,210.1,11.9,-18.771671,-37.500853
RAUL MARTINS,2024-09-11 23:40:18,209.4,11.9,-18.772581,-37.50141
RAUL MARTINS,2024-09-11 23:40:38,210.4,11.9,-18.773476,-37.501951
RAUL MARTINS,2024-09-11 23:40:58,208.9,11.8,-18.774486,-37.502568
RAUL MARTINS,2024-09-11 23:41:18,209.3,11.9,-18.775488,-37.503185
RAUL MARTINS,2024-09-11 23:43:19,210.5,11.8,-18.781141,-37.506686
RAUL MARTINS,2024-09-11 23:43:38,210.0,11.9,-18.782103,-37.50727
RAUL MARTINS,2024-09-11 23:45:58,211.2,11.9,-18.788768,-37.511385
RAUL MARTINS,2024-09-11 23:47:38,209.9,12.0,-18.793573,-37.51441
RAUL MARTINS,2024-09-12 00:32:18,208.2,12.1,-18.923906,-37.594708
RAUL MARTINS,2024-09-12 00:35:18,204.6,12.1,-18.932928,-37.59957
RAUL MARTINS,2024-09-12 00:39:08,203.1,12.1,-18.944763,-37.605276
RAUL MARTINS,2024-09-12 01:13:38,205.8,12.0,-19.048968,-37.658376
RAUL MARTINS,2024-09-12 01:16:57,208.0,12.0,-19.058903,-37.66359
RAUL MARTINS,2024-09-12 01:17:18,207.5,12.0,-19.059895,-37.664108
RAUL MARTINS,2024-09-12 01:18:27,206.8,12.0,-19.06338,-37.665935
RAUL MARTINS,2024-09-12 01:18:58,206.6,12.0,-19.064863,-37.666706
RAUL MARTINS,2024-09-12 01:21:19,207.6,12.0,-19.07184,-37.670318
RAUL MARTINS,2024-09-12 01:26:29,206.6,11.9,-19.087355,-37.67841
RAUL MARTINS,2024-09-12 01:32:59,206.9,11.8,-19.106633,-37.688293
RAUL MARTINS,2024-09-12 01:37:29,205.7,11.8,-19.119921,-37.695075
RAUL MARTINS,2024-09-12 02:08:09,209.0,11.8,-19.209928,-37.74162
RAUL MARTINS,2024-09-12 02:11:28,207.2,11.7,-19.21946,-37.746913
RAUL MARTINS,2024-09-12 02:13:59,207.8,11.6,-19.226795,-37.750825
RAUL MARTINS,2024-09-12 02:17:28,208.9,11.7,-19.236785,-37.756245
RAUL MARTINS,2024-09-12 02:39:19,207.8,11.8,-19.300438,-37.790583
RAUL MARTINS,2024-09-12 02:45:28,208.4,11.8,-19.318353,-37.80042
RAUL MARTINS,2024-09-12 02:50:39,207.9,12.0,-19.333541,-37.809101
RAUL MARTINS,2024-09-12 03:09:09,209.2,12.0,-19.388088,-37.840733
RAUL MARTINS,2024-09-12 03:13:49,209.1,12.1,-19.40184,-37.84879
RAUL MARTINS,2024-09-12 03:16:39,209.0,12.0,-19.410155,-37.85367
RAUL MARTINS,2024-09-12 03:22:28,209.3,12.1,-19.427326,-37.863753
RAUL MARTINS,2024-09-12 03:24:48,207.3,12.1,-19.434236,-37.867821
RAUL MARTINS,2024-09-12 03:27:19,206.0,12.1,-19.441786,-37.871788
RAUL MARTINS,2024-09-12 03:43:58,205.5,12.1,-19.49232,-37.897496
RAUL MARTINS,2024-09-12 03:53:39,204.6,12.0,-19.52185,-37.912081
RAUL MARTINS,2024-09-12 04:00:40,204.2,12.1,-19.543348,-37.922403
RAUL MARTINS,2024-09-12 04:24:59,204.9,12.1,-19.617765,-37.95821
RAUL MARTINS,2024-09-12 04:35:48,204.0,12.1,-19.650783,-37.974806
RAUL MARTINS,2024-09-12 04:52:29,205.0,12.1,-19.701975,-37.999518
RAUL MARTINS,2024-09-12 04:54:49,205.0,12.2,-19.709201,-38.002963
RAUL MARTINS,2024-09-12 04:57:09,203.0,12.1,-19.716331,-38.006325
RAUL MARTINS,2024-09-12 04:59:19,204.1,12.1,-19.723045,-38.009416
RAUL MARTINS,2024-09-12 04:59:59,205.4,12.1,-19.725036,-38.010408
RAUL MARTINS,2024-09-12 05:07:29,205.2,12.0,-19.747605,-38.022295
RAUL MARTINS,2024-09-12 05:24:59,206.4,11.9,-19.800213,-38.049058
RAUL MARTINS,2024-09-12 05:28:27,205.8,11.9,-19.810666,-38.054303
RAUL MARTINS,2024-09-12 05:31:27,205.4,11.9,-19.819676,-38.05881
RAUL MARTINS,2024-09-12 05:37:17,205.0,11.9,-19.837163,-38.06738
RAUL MARTINS,2024-09-12 06:04:38,210.1,11.8,-19.916591,-38.111428
RAUL MARTINS,2024-09-12 06:07:48,209.2,11.7,-19.925608,-38.116716
RAUL MARTINS,2024-09-12 06:36:48,207.0,11.6,-20.009481,-38.162446
RAUL MARTINS,2024-09-12 06:50:27,206.8,11.6,-20.048673,-38.183893
RAUL MARTINS,2024-09-12 07:04:48,206.6,11.6,-20.089826,-38.206535
RAUL MARTINS,2024-09-12 07:12:47,209.1,11.7,-20.112848,-38.219353
RAUL MARTINS,2024-09-12 07:43:29,209.2,11.8,-20.200861,-38.269961
RAUL MARTINS,2024-09-12 07:47:38,209.3,12.0,-20.21292,-38.27705
RAUL MARTINS,2024-09-12 07:50:59,208.3,12.0,-20.222566,-38.282796
RAUL MARTINS,2024-09-12 08:37:39,210.6,12.4,-20.359673,-38.36675
RAUL MARTINS,2024-09-12 08:41:59,211.4,12.4,-20.372563,-38.374668
RAUL MARTINS,2024-09-12 08:49:08,205.0,12.2,-20.394138,-38.387143
RAUL MARTINS,2024-09-12 08:51:38,206.0,12.3,-20.401823,-38.391073
RAUL MARTINS,2024-09-12 08:54:08,205.7,12.3,-20.409438,-38.395008
RAUL MARTINS,2024-09-12 09:12:19,266.8,9.6,-20.451376,-38.43182
RAUL MARTINS,2024-09-12 09:45:09,205.6,11.3,-20.499391,-38.498178
RAUL MARTINS,2024-09-12 10:19:27,205.5,11.5,-20.597021,-38.552516
RAUL MARTINS,2024-09-12 10:28:47,207.1,11.5,-20.623428,-38.567391
RAUL MARTINS,2024-09-12 10:33:08,207.4,11.5,-20.635646,-38.57427
RAUL MARTINS,2024-09-12 10:37:28,207.4,11.5,-20.648018,-38.581251
RAUL MARTINS,2024-09-12 10:55:58,210.2,11.5,-20.700513,-38.610423
RAUL MARTINS,2024-09-12 10:59:38,206.6,11.4,-20.710943,-38.616181
RAUL MARTINS,2024-09-12 11:34:10,195.3,11.3,-20.810363,-38.666241
RAUL MARTINS,2024-09-12 11:36:58,188.5,11.3,-20.819001,-38.668016
RAUL MARTINS,2024-09-12 12:02:58,207.5,6.8,-20.885251,-38.688453
RAUL MARTINS,2024-09-12 12:09:58,174.9,4.1,-20.895558,-38.692015
RAUL MARTINS,2024-09-12 12:42:19,213.8,1.4,-20.908775,-38.694711
RAUL MARTINS,2024-09-12 13:14:28,207.8,1.3,-20.919328,-38.701086
RAUL MARTINS,2024-09-12 13:14:37,208.9,1.5,-20.919385,-38.701116
RAUL MARTINS,2024-09-12 13:19:28,207.7,1.2,-20.921048,-38.702015
RAUL MARTINS,2024-09-12 13:52:27,208.6,1.4,-20.932178,-38.707918
RAUL MARTINS,2024-09-12 13:57:18,206.4,1.3,-20.933816,-38.708831
RAUL MARTINS,2024-09-12 13:59:29,202.6,1.5,-20.93451,-38.709235
RAUL MARTINS,2024-09-12 14:03:28,204.6,1.3,-20.935871,-38.709905
RAUL MARTINS,2024-09-12 14:47:58,188.9,8.6,-20.975976,-38.708806
RAUL MARTINS,2024-09-12 14:52:48,187.5,10.0,-20.988551,-38.710528
RAUL MARTINS,2024-09-12 14:55:29,188.9,10.4,-20.996166,-38.711651
RAUL MARTINS,2024-09-12 15:41:58,204.5,11.3,-21.128901,-38.773528
RAUL MARTINS,2024-09-12 15:46:39,205.2,11.4,-21.142466,-38.780223
RAUL MARTINS,2024-09-12 15:53:58,204.1,11.4,-21.163441,-38.790566
RAUL MARTINS,2024-09-12 16:35:59,202.9,12.3,-21.289123,-38.851788
RAUL MARTINS,2024-09-12 16:39:15,202.2,12.3,-21.299465,-38.856831
RAUL MARTINS,2024-09-12 16:39:19,202.2,12.3,-21.299465,-38.856831
RAUL MARTINS,2024-09-12 16:39:54,203.5,12.2,-21.301488,-38.85781
RAUL MARTINS,2024-09-12 16:40:04,203.3,12.2,-21.301953,-38.85804
RAUL MARTINS,2024-09-12 16:40:15,204.2,12.2,-21.30252,-38.858323
RAUL MARTINS,2024-09-12 16:40:26,204.9,12.2,-21.303091,-38.858601
RAUL MARTINS,2024-09-12 16:40:54,203.5,12.2,-21.304571,-38.859316
RAUL MARTINS,2024-09-12 16:43:15,205.1,12.3,-21.311896,-38.86282
RAUL MARTINS,2024-09-12 16:43:44,203.9,12.3,-21.313458,-38.863561
RAUL MARTINS,2024-09-12 16:43:54,204.0,12.2,-21.313978,-38.86381
RAUL MARTINS,2024-09-12 16:44:44,204.3,12.3,-21.316573,-38.865061
RAUL MARTINS,2024-09-12 16:45:15,203.6,12.3,-21.318141,-38.8658
RAUL MARTINS,2024-09-12 17:29:58,205.3,12.0,-21.4562,-38.932441
RAUL MARTINS,2024-09-12 17:31:18,204.5,12.0,-21.460248,-38.934471
RAUL MARTINS,2024-09-12 17:33:59,204.6,12.0,-21.468266,-38.93852
RAUL MARTINS,2024-09-12 17:37:08,205.0,12.0,-21.477955,-38.943278
RAUL MARTINS,2024-09-12 18:18:18,207.2,11.7,-21.598663,-39.008893
RAUL MARTINS,2024-09-12 19:13:17,207.5,11.5,-21.756931,-39.094983
RAUL MARTINS,2024-09-12 19:14:29,206.0,11.5,-21.760295,-39.096813
RAUL MARTINS,2024-09-12 19:39:58,205.4,11.4,-21.833296,-39.13534
RAUL MARTINS,2024-09-12 19:43:38,205.4,11.4,-21.843843,-39.140938
RAUL MARTINS,2024-09-12 19:45:58,206.3,11.4,-21.850505,-39.144478
RAUL MARTINS,2024-09-12 20:05:39,206.6,11.3,-21.905663,-39.174151
RAUL MARTINS,2024-09-12 20:21:58,223.6,11.1,-21.949385,-39.202165
RAUL MARTINS,2024-09-12 20:25:28,224.5,11.2,-21.957081,-39.210391
RAUL MARTINS,2024-09-12 20:49:26,225.6,11.3,-22.010563,-39.266443
RAUL MARTINS,2024-09-12 20:52:26,223.8,11.3,-22.017333,-39.2734
RAUL MARTINS,2024-09-12 21:01:19,224.4,11.3,-22.03709,-39.294295
RAUL MARTINS,2024-09-12 21:24:18,226.0,11.2,-22.088083,-39.348885
RAUL MARTINS,2024-09-12 21:30:19,224.3,11.2,-22.101538,-39.362941
RAUL MARTINS,2024-09-12 21:48:10,224.0,11.2,-22.141483,-39.404783
RAUL MARTINS,2024-09-12 21:51:10,224.1,11.1,-22.148185,-39.41168
RAUL MARTINS,2024-09-12 21:53:19,225.1,11.1,-22.15298,-39.416736
RAUL MARTINS,2024-09-12 21:55:38,224.6,11.1,-22.158075,-39.422178
RAUL MARTINS,2024-09-12 22:04:48,224.9,11.1,-22.178465,-39.44359
RAUL MARTINS,2024-09-12 22:07:48,225.6,11.2,-22.185135,-39.450646
RAUL MARTINS,2024-09-12 22:34:08,226.3,11.3,-22.243861,-39.512711
RAUL MARTINS,2024-09-12 22:37:37,225.0,11.3,-22.251748,-39.521063
RAUL MARTINS,2024-09-12 22:38:59,224.5,11.3,-22.254795,-39.524278
RAUL MARTINS,2024-09-12 22:46:38,224.2,11.4,-22.272133,-39.542536
RAUL MARTINS,2024-09-12 22:48:49,224.4,11.4,-22.277075,-39.547753
RAUL MARTINS,2024-09-13 00:25:28,217.0,11.7,-22.517351,-39.764303
RAUL MARTINS,2024-09-13 00:41:38,218.5,11.7,-22.559253,-39.798595
RAUL MARTINS,2024-09-13 00:53:27,217.3,11.8,-22.59029,-39.823765
RAUL MARTINS,2024-09-13 00:55:17,217.9,11.8,-22.595093,-39.827718
RAUL MARTINS,2024-09-13 00:58:17,217.6,11.9,-22.602888,-39.834251
RAUL MARTINS,2024-09-13 00:59:38,217.4,11.8,-22.606365,-39.837158
RAUL MARTINS,2024-09-13 01:00:38,216.8,11.8,-22.609025,-39.83938
RAUL MARTINS,2024-09-13 01:03:17,214.4,11.9,-22.616045,-39.845016
RAUL MARTINS,2024-09-13 01:04:37,214.3,12.0,-22.619675,-39.847635
RAUL MARTINS,2024-09-13 01:05:37,212.7,12.0,-22.62251,-39.849581
RAUL MARTINS,2024-09-13 01:07:28,214.4,12.0,-22.62769,-39.853125
RAUL MARTINS,2024-09-13 01:08:18,213.4,11.9,-22.62997,-39.854706
RAUL MARTINS,2024-09-13 01:08:57,210.7,11.9,-22.631801,-39.855955
RAUL MARTINS,2024-09-13 01:10:37,213.5,11.9,-22.636511,-39.859241
RAUL MARTINS,2024-09-13 01:10:57,213.3,11.9,-22.637398,-39.859855
RAUL MARTINS,2024-09-13 01:11:17,214.9,11.9,-22.638365,-39.860536
RAUL MARTINS,2024-09-13 01:11:37,214.1,11.9,-22.63924,-39.861148
RAUL MARTINS,2024-09-13 01:14:07,211.2,11.9,-22.646235,-39.866066
RAUL MARTINS,2024-09-13 01:16:07,212.2,12.0,-22.651818,-39.870001
RAUL MARTINS,2024-09-13 01:32:25,214.0,11.9,-22.696961,-39.902205
RAUL MARTINS,2024-09-13 01:36:59,213.8,11.8,-22.70935,-39.91131
RAUL MARTINS,2024-09-13 01:46:39,213.9,11.8,-22.735683,-39.930575
RAUL MARTINS,2024-09-13 01:48:48,214.4,11.8,-22.741473,-39.934888
RAUL MARTINS,2024-09-13 02:13:38,223.9,11.8,-22.80226,-39.993895
RAUL MARTINS,2024-09-13 02:16:08,223.6,11.8,-22.808163,-40.000098
RAUL MARTINS,2024-09-13 02:18:59,225.1,11.7,-22.814895,-40.007121
RAUL MARTINS,2024-09-13 02:22:49,224.9,11.8,-22.823871,-40.016651
RAUL MARTINS,2024-09-13 02:26:58,223.7,11.8,-22.833676,-40.02701
RAUL MARTINS,2024-09-13 02:40:08,224.8,11.9,-22.865003,-40.059995
RAUL MARTINS,2024-09-13 02:43:18,224.9,11.9,-22.87255,-40.067891
RAUL MARTINS,2024-09-13 02:47:58,222.4,11.7,-22.883678,-40.079325
RAUL MARTINS,2024-09-13 02:53:48,225.2,11.8,-22.897528,-40.093795
RAUL MARTINS,2024-09-13 02:58:48,224.7,11.8,-22.90941,-40.106145
RAUL MARTINS,2024-09-13 03:20:19,225.0,11.8,-22.960021,-40.15919
RAUL MARTINS,2024-09-13 03:24:39,223.7,11.8,-22.97037,-40.169885
RAUL MARTINS,2024-09-13 03:26:58,223.9,11.8,-22.975936,-40.175581
RAUL MARTINS,2024-09-13 03:32:48,224.9,11.8,-22.989821,-40.190136
RAUL MARTINS,2024-09-13 03:57:28,225.1,11.7,-23.048491,-40.251096
RAUL MARTINS,2024-09-13 04:06:19,226.4,11.9,-23.06935,-40.272991
RAUL MARTINS,2024-09-13 04:10:48,225.2,11.8,-23.07987,-40.284271
RAUL MARTINS,2024-09-13 04:25:18,225.3,11.7,-23.11408,-40.320341
RAUL MARTINS,2024-09-13 04:32:08,223.6,11.8,-23.130068,-40.337255
RAUL MARTINS,2024-09-13 04:34:58,223.5,11.8,-23.136795,-40.344403
RAUL MARTINS,2024-09-13 04:43:58,223.0,11.8,-23.158018,-40.366605
RAUL MARTINS,2024-09-13 05:03:29,225.9,11.7,-23.204165,-40.414655
RAUL MARTINS,2024-09-13 05:08:07,225.5,11.8,-23.21506,-40.426083
RAUL MARTINS,2024-09-13 05:16:49,224.5,11.9,-23.235646,-40.447581
RAUL MARTINS,2024-09-13 05:36:48,223.2,11.8,-23.282993,-40.496415
RAUL MARTINS,2024-09-13 05:40:07,220.9,11.7,-23.290946,-40.504403
RAUL MARTINS,2024-09-13 05:45:08,224.3,11.6,-23.302958,-40.516406
RAUL MARTINS,2024-09-13 05:53:18,222.5,11.6,-23.322363,-40.53588
RAUL MARTINS,2024-09-13 06:08:57,223.3,11.6,-23.359941,-40.573023
RAUL MARTINS,2024-09-13 06:12:47,224.3,11.6,-23.369111,-40.582116
RAUL MARTINS,2024-09-13 06:15:47,224.5,11.7,-23.376325,-40.589288
RAUL MARTINS,2024-09-13 06:23:18,222.6,11.8,-23.394463,-40.607211
RAUL MARTINS,2024-09-13 06:25:28,219.6,11.7,-23.399733,-40.612328
RAUL MARTINS,2024-09-13 06:27:49,222.8,11.6,-23.405348,-40.617808
RAUL MARTINS,2024-09-13 06:47:59,222.5,11.7,-23.453918,-40.665596
RAUL MARTINS,2024-09-13 06:50:19,222.5,11.7,-23.459466,-40.671278
RAUL MARTINS,2024-09-13 07:36:59,223.2,11.9,-23.571081,-40.784081
RAUL MARTINS,2024-09-13 07:46:19,221.8,12.1,-23.59359,-40.807631
RAUL MARTINS,2024-09-13 07:49:58,224.6,12.1,-23.602498,-40.816816
RAUL MARTINS,2024-09-13 07:53:38,225.4,11.9,-23.611331,-40.825931
RAUL MARTINS,2024-09-13 08:08:57,223.5,12.0,-23.648488,-40.864711
RAUL MARTINS,2024-09-13 08:12:57,252.9,11.4,-23.655761,-40.876338
RAUL MARTINS,2024-09-13 08:42:18,246.7,12.0,-23.685135,-40.973666
RAUL MARTINS,2024-09-13 09:23:18,253.7,12.2,-23.734105,-41.114298
RAUL MARTINS,2024-09-13 09:25:29,257.0,12.3,-23.735948,-41.122058
RAUL MARTINS,2024-09-13 09:28:19,257.1,12.3,-23.738321,-41.13229
RAUL MARTINS,2024-09-13 09:38:38,257.4,12.4,-23.74634,-41.169916
RAUL MARTINS,2024-09-13 09:57:08,256.2,12.7,-23.760015,-41.238616
RAUL MARTINS,2024-09-13 10:31:17,260.9,12.8,-23.779521,-41.368405
RAUL MARTINS,2024-09-13 11:39:27,265.0,11.8,-23.820825,-41.629073
RAUL MARTINS,2024-09-13 11:39:58,267.1,11.8,-23.820951,-41.63093
RAUL MARTINS,2024-09-13 11:41:08,265.2,11.7,-23.821225,-41.635166
RAUL MARTINS,2024-09-13 11:41:17,265.7,11.7,-23.82126,-41.635703
RAUL MARTINS,2024-09-13 11:45:18,265.1,11.8,-23.822401,-41.650035
RAUL MARTINS,2024-09-13 11:46:27,263.3,11.7,-23.822753,-41.654093
RAUL MARTINS,2024-09-13 11:46:47,264.2,11.7,-23.82285,-41.655283
RAUL MARTINS,2024-09-13 12:11:58,271.5,11.4,-23.826595,-41.743393
RAUL MARTINS,2024-09-13 12:14:38,273.2,11.4,-23.826571,-41.752541
RAUL MARTINS,2024-09-13 12:15:38,271.9,11.4,-23.826501,-41.756031
RAUL MARTINS,2024-09-13 12:22:08,271.0,11.3,-23.82644,-41.778411
RAUL MARTINS,2024-09-13 12:53:49,263.3,11.2,-23.830255,-41.886328
RAUL MARTINS,2024-09-13 12:57:17,265.3,11.2,-23.831218,-41.89816
RAUL MARTINS,2024-09-13 12:59:58,274.7,11.1,-23.831023,-41.907148
RAUL MARTINS,2024-09-13 13:00:17,272.5,11.1,-23.830988,-41.908265
RAUL MARTINS,2024-09-13 13:00:47,272.9,11.1,-23.830946,-41.909875
RAUL MARTINS,2024-09-13 13:00:58,272.9,11.1,-23.830928,-41.910485
RAUL MARTINS,2024-09-13 13:02:27,273.0,11.1,-23.830693,-41.915436
RAUL MARTINS,2024-09-13 13:03:17,273.7,11.1,-23.830571,-41.918286
RAUL MARTINS,2024-09-13 13:04:38,272.9,11.0,-23.830386,-41.922801
RAUL MARTINS,2024-09-13 13:05:28,274.7,11.1,-23.830295,-41.92553
RAUL MARTINS,2024-09-13 13:43:18,274.5,11.0,-23.818153,-42.051323
RAUL MARTINS,2024-09-13 13:50:59,277.1,11.1,-23.814793,-42.076843
RAUL MARTINS,2024-09-13 13:53:28,276.2,11.1,-23.813815,-42.084991
RAUL MARTINS,2024-09-13 13:54:17,278.0,11.1,-23.813501,-42.087865
RAUL MARTINS,2024-09-13 14:38:58,274.8,10.9,-23.795801,-42.234833
RAUL MARTINS,2024-09-13 14:42:39,277.4,11.0,-23.794403,-42.247035
RAUL MARTINS,2024-09-13 14:47:48,275.8,11.0,-23.792445,-42.26401
RAUL MARTINS,2024-09-13 14:50:47,277.3,10.9,-23.791348,-42.273953
RAUL MARTINS,2024-09-13 15:37:39,276.8,11.3,-23.772368,-42.429596
RAUL MARTINS,2024-09-13 16:36:37,278.7,11.1,-23.742358,-42.629358
RAUL MARTINS,2024-09-13 16:54:25,275.0,11.1,-23.73451,-42.688633
RAUL MARTINS,2024-09-13 16:54:36,275.5,11.0,-23.734425,-42.689246
RAUL MARTINS,2024-09-13 16:55:15,275.2,11.0,-23.734183,-42.691356
RAUL MARTINS,2024-09-13 16:55:25,278.3,11.0,-23.734101,-42.691908
RAUL MARTINS,2024-09-13 16:55:55,279.5,11.0,-23.733848,-42.69362
RAUL MARTINS,2024-09-13 16:56:15,279.1,11.0,-23.733698,-42.694665
RAUL MARTINS,2024-09-13 16:57:56,277.5,10.9,-23.732915,-42.700275
RAUL MARTINS,2024-09-13 16:58:15,280.9,11.0,-23.732771,-42.701256
RAUL MARTINS,2024-09-13 16:58:35,278.9,11.0,-23.732618,-42.702405
RAUL MARTINS,2024-09-13 16:58:56,276.7,11.0,-23.732461,-42.703551
RAUL MARTINS,2024-09-13 16:59:35,276.9,10.9,-23.732155,-42.705686
RAUL MARTINS,2024-09-13 17:00:45,277.7,10.9,-23.73164,-42.709493
RAUL MARTINS,2024-09-13 17:01:16,277.4,10.9,-23.731443,-42.71114
RAUL MARTINS,2024-09-13 17:01:55,278.1,10.9,-23.73118,-42.71334
RAUL MARTINS,2024-09-13 17:02:26,276.1,10.9,-23.730976,-42.71502
RAUL MARTINS,2024-09-13 17:02:35,278.2,10.9,-23.730911,-42.715508
RAUL MARTINS,2024-09-13 17:02:45,278.9,10.8,-23.73085,-42.716041
RAUL MARTINS,2024-09-13 17:02:55,277.8,11.0,-23.730786,-42.716593
RAUL MARTINS,2024-09-13 17:04:55,276.9,10.8,-23.730003,-42.72314
RAUL MARTINS,2024-09-13 17:19:59,279.1,10.9,-23.723433,-42.771938
RAUL MARTINS,2024-09-13 18:13:39,277.4,11.2,-23.699861,-42.951268
RAUL MARTINS,2024-09-13 18:15:49,276.9,11.2,-23.699068,-42.958598
RAUL MARTINS,2024-09-13 18:18:09,277.0,11.2,-23.69814,-42.966415
RAUL MARTINS,2024-09-13 18:19:39,277.1,11.2,-23.697565,-42.971428
RAUL MARTINS,2024-09-13 18:31:17,283.3,11.2,-23.69165,-43.01034
RAUL MARTINS,2024-09-13 18:32:57,282.4,11.3,-23.69048,-43.015908
RAUL MARTINS,2024-09-13 18:35:37,283.9,11.3,-23.688561,-43.024743
RAUL MARTINS,2024-09-13 18:35:47,284.5,11.2,-23.688433,-43.02529
RAUL MARTINS,2024-09-13 18:37:47,286.5,11.3,-23.68677,-43.031846
RAUL MARTINS,2024-09-13 18:40:47,286.3,11.3,-23.684071,-43.041635
RAUL MARTINS,2024-09-13 19:00:29,286.7,11.5,-23.666526,-43.106468
RAUL MARTINS,2024-09-13 19:05:58,286.8,11.6,-23.661543,-43.12485
RAUL MARTINS,2024-09-13 19:48:58,286.6,11.5,-23.620901,-43.266371
RAUL MARTINS,2024-09-13 19:50:50,287.7,11.6,-23.619035,-43.272521
RAUL MARTINS,2024-09-13 20:20:37,291.8,11.6,-23.588131,-43.371131
RAUL MARTINS,2024-09-13 20:33:58,291.9,11.4,-23.57168,-43.41413
RAUL MARTINS,2024-09-13 20:51:49,282.0,11.3,-23.552133,-43.472085
RAUL MARTINS,2024-09-13 21:10:39,283.7,11.4,-23.538343,-43.53505
RAUL MARTINS,2024-09-13 21:38:19,285.1,11.4,-23.51797,-43.62759
RAUL MARTINS,2024-09-13 21:44:40,284.3,11.5,-23.512601,-43.648648
RAUL MARTINS,2024-09-13 22:45:19,285.7,11.5,-23.455193,-43.852541
RAUL MARTINS,2024-09-13 22:50:18,284.6,11.5,-23.451676,-43.869316
RAUL MARTINS,2024-09-13 23:17:27,282.6,11.4,-23.43081,-43.960096
RAUL MARTINS,2024-09-13 23:23:09,283.0,11.4,-23.426595,-43.979
RAUL MARTINS,2024-09-13 23:24:39,284.0,11.4,-23.425428,-43.984048
RAUL MARTINS,2024-09-13 23:25:28,283.5,11.3,-23.424803,-43.986756
RAUL MARTINS,2024-09-13 23:29:49,283.8,11.3,-23.421503,-44.001135
RAUL MARTINS,2024-09-14 00:22:07,291.2,11.3,-23.379453,-44.172398
RAUL MARTINS,2024-09-14 00:41:38,286.2,9.8,-23.35885,-44.231705
RAUL MARTINS,2024-09-14 00:43:08,285.7,9.8,-23.357721,-44.235968
RAUL MARTINS,2024-09-14 00:56:57,292.6,7.4,-23.348248,-44.270313
RAUL MARTINS,2024-09-14 00:57:07,290.9,7.4,-23.348141,-44.270628
RAUL MARTINS,2024-09-14 00:57:38,292.1,7.3,-23.347775,-44.27163
RAUL MARTINS,2024-09-14 00:57:48,292.5,7.3,-23.347625,-44.272016
RAUL MARTINS,2024-09-14 00:58:48,293.1,7.2,-23.346846,-44.274066
RAUL MARTINS,2024-09-14 00:59:17,292.6,7.2,-23.346471,-44.274998
RAUL MARTINS,2024-09-14 00:59:28,292.5,7.2,-23.346335,-44.275351
RAUL MARTINS,2024-09-14 01:00:09,292.5,7.1,-23.345823,-44.276703
RAUL MARTINS,2024-09-14 01:00:17,292.9,7.1,-23.34573,-44.276951
RAUL MARTINS,2024-09-14 01:00:28,292.9,7.1,-23.345595,-44.277316
RAUL MARTINS,2024-09-14 01:01:48,291.3,7.0,-23.344555,-44.27997
RAUL MARTINS,2024-09-14 01:02:58,290.8,6.8,-23.343738,-44.282191
RAUL MARTINS,2024-09-14 01:15:48,291.7,5.9,-23.335346,-44.30452
RAUL MARTINS,2024-09-14 01:16:49,293.5,5.6,-23.334711,-44.306116
RAUL MARTINS,2024-09-14 01:27:49,285.4,3.8,-23.330923,-44.320881
RAUL MARTINS,2024-09-14 01:44:09,288.9,5.0,-23.325653,-44.34049
RAUL MARTINS,2024-09-14 01:49:34,280.9,6.5,-23.323581,-44.349406
RAUL MARTINS,2024-09-14 01:53:18,278.1,7.5,-23.322448,-44.35709
RAUL MARTINS,2024-09-14 01:55:28,276.5,7.9,-23.32189,-44.362086
RAUL MARTINS,2024-09-14 02:11:38,321.7,8.5,-23.307351,-44.400255
RAUL MARTINS,2024-09-14 02:28:38,347.0,6.5,-23.2757,-44.410193
RAUL MARTINS,2024-09-14 02:32:27,352.2,6.4,-23.269005,-44.411528
RAUL MARTINS,2024-09-14 03:31:39,357.1,6.6,-23.164268,-44.432988
RAUL MARTINS,2024-09-14 03:35:09,50.1,5.2,-23.158893,-44.431386
RAUL MARTINS,2024-09-14 03:40:09,58.2,6.7,-23.15469,-44.423993
RAUL MARTINS,2024-09-14 03:42:49,59.4,7.5,-23.151973,-44.419086
RAUL MARTINS,2024-09-14 03:45:19,59.4,7.4,-23.149198,-44.414281
RAUL MARTINS,2024-09-14 04:07:38,62.8,9.7,-23.123023,-44.369901
RAUL MARTINS,2024-09-14 04:35:28,66.2,11.3,-23.091141,-44.29068
RAUL MARTINS,2024-09-14 04:38:29,65.8,11.1,-23.087301,-44.281311
RAUL MARTINS,2024-09-14 04:42:09,85.4,10.0,-23.084255,-44.270278
RAUL MARTINS,2024-09-14 04:50:29,56.6,7.7,-23.077071,-44.250853
RAUL MARTINS,2024-09-14 05:14:09,321.9,1.4,-23.060653,-44.2211
RAUL MARTINS,2024-09-14 05:42:18,18.2,0.0,-23.060785,-44.227508
RAUL MARTINS,2024-09-14 05:48:49,359.6,0.0,-23.060768,-44.227451
RAUL MARTINS,2024-09-14 05:51:38,5.4,0.0,-23.060765,-44.227481
RAUL MARTINS,2024-09-14 06:17:29,204.5,0.0,-23.060731,-44.227528
RAUL MARTINS,2024-09-15 17:28:46,98.2,8.3,-23.075271,-44.128813
RAUL MARTINS,2024-09-15 17:29:35,97.7,8.7,-23.075546,-44.12678
RAUL MARTINS,2024-09-15 17:29:46,96.5,8.8,-23.075606,-44.126255
RAUL MARTINS,2024-09-15 17:30:35,101.7,9.2,-23.075961,-44.124081
RAUL MARTINS,2024-09-15 17:30:46,99.6,9.3,-23.076048,-44.123576
RAUL MARTINS,2024-09-15 17:31:05,100.7,9.4,-23.076193,-44.122683
RAUL MARTINS,2024-09-15 17:31:14,101.3,9.4,-23.076271,-44.122265
RAUL MARTINS,2024-09-15 17:31:35,100.7,9.6,-23.076446,-44.121278
RAUL MARTINS,2024-09-15 17:31:46,101.0,9.6,-23.076526,-44.1208
RAUL MARTINS,2024-09-15 18:00:09,128.8,13.0,-23.134958,-44.046093
RAUL MARTINS,2024-09-15 18:00:10,128.8,13.0,-23.134958,-44.046093
RAUL MARTINS,2024-09-15 18:04:38,127.6,13.0,-23.14496,-44.032253
RAUL MARTINS,2024-09-15 18:24:41,153.1,12.1,-23.191378,-43.981921
RAUL MARTINS,2024-09-15 18:27:19,154.1,12.1,-23.199513,-43.977643
RAUL MARTINS,2024-09-15 18:48:29,130.0,12.2,-23.250401,-43.923721
RAUL MARTINS,2024-09-15 19:39:00,247.9,12.1,-23.339273,-44.024978
RAUL MARTINS,2024-09-15 20:18:08,269.2,11.7,-23.370375,-44.159718
RAUL MARTINS,2024-09-15 20:38:00,268.6,11.5,-23.37196,-44.228956
RAUL MARTINS,2024-09-15 20:46:09,271.3,11.4,-23.372503,-44.25728
RAUL MARTINS,2024-09-15 20:50:29,268.3,11.4,-23.372751,-44.272201
RAUL MARTINS,2024-09-15 21:27:49,335.8,12.8,-23.330383,-44.386421
RAUL MARTINS,2024-09-15 22:26:19,325.5,5.7,-23.183513,-44.461773
RAUL MARTINS,2024-09-15 23:12:00,13.3,0.8,-23.151845,-44.482021
RAUL MARTINS,2024-09-15 23:15:39,340.8,0.5,-23.151208,-44.48206
RAUL MARTINS,2024-09-16 01:33:57,233.8,0.1,-23.147761,-44.482765
RAUL MARTINS,2024-09-16 03:12:57,206.9,0.1,-23.147868,-44.482826
RAUL MARTINS,2024-09-16 03:48:59,261.9,0.1,-23.147913,-44.482866
RAUL MARTINS,2024-09-16 03:58:00,49.3,0.0,-23.147976,-44.482796
RAUL MARTINS,2024-09-16 08:40:01,210.1,0.0,-23.148241,-44.483175
RAUL MARTINS,2024-09-16 12:45:58,87.4,0.1,-23.14821,-44.483255
RAUL MARTINS,2024-09-16 13:33:56,257.3,0.0,-23.148276,-44.483253
RAUL MARTINS,2024-09-16 15:22:00,232.8,0.5,-23.147406,-44.482416
RAUL MARTINS,2024-09-16 17:03:58,98.2,0.3,-23.14682,-44.480663
RAUL MARTINS,2024-09-16 17:48:56,278.5,0.6,-23.146936,-44.47888
RAUL MARTINS,2024-09-16 18:06:58,86.1,0.2,-23.147021,-44.479123
RAUL MARTINS,2024-09-16 22:45:59,210.3,0.3,-23.146976,-44.480925
RAUL MARTINS,2024-09-16 23:01:00,280.5,0.2,-23.146738,-44.48068
RAUL MARTINS,2024-09-17 01:21:57,51.1,0.1,-23.146988,-44.481026
RAUL MARTINS,2024-09-17 01:57:58,41.8,0.1,-23.146931,-44.48132
RAUL MARTINS,2024-09-17 02:16:00,327.7,0.3,-23.146975,-44.481243
RAUL MARTINS,2024-09-17 05:46:00,35.5,0.2,-23.147368,-44.482278
RAUL MARTINS,2024-09-17 08:51:58,276.0,0.1,-23.147511,-44.482386
RAUL MARTINS,2024-09-17 09:24:57,55.5,0.0,-23.147731,-44.482538
RAUL MARTINS,2024-09-17 09:30:59,43.6,0.2,-23.147651,-44.482493
RAUL MARTINS,2024-09-17 10:06:58,56.0,0.1,-23.147318,-44.482221
RAUL MARTINS,2024-09-17 12:33:58,324.6,0.2,-23.147118,-44.481993
RAUL MARTINS,2024-09-17 22:54:58,215.7,0.2,-23.147581,-44.482335
RAUL MARTINS,2024-09-18 02:58:00,224.0,0.1,-23.14738,-44.482406
RAUL MARTINS,2024-09-18 03:09:58,76.2,0.2,-23.147398,-44.482423
RAUL MARTINS,2024-09-18 06:19:00,34.3,0.1,-23.147555,-44.482545
RAUL MARTINS,2024-09-18 08:22:00,235.9,0.1,-23.147325,-44.482491
RAUL MARTINS,2024-09-18 08:27:57,105.4,0.1,-23.147355,-44.482388
RAUL MARTINS,2024-09-18 09:06:59,275.5,0.1,-23.147528,-44.482538
RAUL MARTINS,2024-09-18 17:49:00,30.9,0.2,-23.147815,-44.482898
RAUL MARTINS,2024-09-18 23:57:56,43.6,0.2,-23.148228,-44.482786
RAUL MARTINS,2024-09-19 03:46:00,39.6,0.1,-23.148123,-44.483075
RAUL MARTINS,2024-09-19 05:43:01,237.3,0.1,-23.147491,-44.48242
RAUL MARTINS,2024-09-19 08:34:38,239.0,0.1,-23.149543,-44.481063
RAUL MARTINS,2024-09-19 08:37:48,195.0,0.3,-23.149581,-44.481188
RAUL MARTINS,2024-09-19 08:39:59,208.5,1.4,-23.150046,-44.481546
RAUL MARTINS,2024-09-19 09:06:59,86.0,5.5,-23.154716,-44.452016
RAUL MARTINS,2024-09-19 09:11:18,62.3,4.6,-23.153285,-44.445296
RAUL MARTINS,2024-09-19 09:14:28,68.5,3.8,-23.152171,-44.441465
RAUL MARTINS,2024-09-19 09:45:18,73.9,7.6,-23.146376,-44.413983
RAUL MARTINS,2024-09-19 09:48:27,72.6,9.5,-23.144146,-44.406251
RAUL MARTINS,2024-09-19 09:50:49,66.1,10.4,-23.141713,-44.399646
RAUL MARTINS,2024-09-19 10:18:38,66.2,12.6,-23.10229,-44.3175
RAUL MARTINS,2024-09-19 10:22:57,67.0,12.8,-23.096185,-44.302318
RAUL MARTINS,2024-09-19 10:55:39,359.3,4.0,-23.061626,-44.22221
RAUL MARTINS,2024-09-19 10:56:17,347.7,3.8,-23.060905,-44.222306
RAUL MARTINS,2024-09-21 00:35:25,117.5,1.8,-23.06158,-44.222853
RAUL MARTINS,2024-09-21 00:47:24,248.7,3.7,-23.063736,-44.225193
RAUL MARTINS,2024-09-21 01:05:14,237.5,7.9,-23.078583,-44.252726
RAUL MARTINS,2024-09-21 01:12:23,260.2,8.2,-23.08413,-44.268748
RAUL MARTINS,2024-09-21 01:20:44,247.6,7.9,-23.089905,-44.287186
RAUL MARTINS,2024-09-21 01:25:15,247.0,8.4,-23.094078,-44.297361
RAUL MARTINS,2024-09-21 01:40:54,246.9,9.3,-23.109435,-44.336436
RAUL MARTINS,2024-09-21 01:43:54,246.9,9.3,-23.112488,-44.3442
RAUL MARTINS,2024-09-21 01:46:04,246.2,9.4,-23.114738,-44.349863
RAUL MARTINS,2024-09-21 02:21:45,199.0,8.9,-23.177668,-44.418775
RAUL MARTINS,2024-09-21 02:27:14,175.2,8.5,-23.190616,-44.420041
RAUL MARTINS,2024-09-21 02:33:25,173.7,8.5,-23.205251,-44.41838
RAUL MARTINS,2024-09-21 02:49:05,170.3,8.2,-23.241158,-44.41278
RAUL MARTINS,2024-09-21 03:06:26,162.9,8.3,-23.278595,-44.403008
RAUL MARTINS,2024-09-21 03:29:36,99.2,8.8,-23.306828,-44.355105
RAUL MARTINS,2024-09-21 03:31:44,99.1,8.8,-23.307665,-44.349463
RAUL MARTINS,2024-09-21 03:42:14,92.9,9.1,-23.309831,-44.32113
RAUL MARTINS,2024-09-21 04:03:06,93.3,9.2,-23.313125,-44.264531
RAUL MARTINS,2024-09-21 04:05:26,95.2,9.3,-23.3136,-44.258056
RAUL MARTINS,2024-09-21 04:07:46,96.4,9.4,-23.314151,-44.251583
RAUL MARTINS,2024-09-21 04:56:55,97.4,9.7,-23.328298,-44.109736
RAUL MARTINS,2024-09-21 05:03:15,97.6,9.7,-23.33063,-44.091543
RAUL MARTINS,2024-09-21 05:25:44,97.4,10.1,-23.339641,-44.024425
RAUL MARTINS,2024-09-21 06:05:13,96.8,10.1,-23.35234,-43.90573
RAUL MARTINS,2024-09-21 06:39:05,98.3,10.4,-23.361906,-43.800558
RAUL MARTINS,2024-09-21 06:46:05,99.4,10.5,-23.365181,-43.778701
RAUL MARTINS,2024-09-21 07:11:23,101.0,10.8,-23.377808,-43.698195
RAUL MARTINS,2024-09-21 07:14:35,99.9,10.9,-23.379501,-43.687915
RAUL MARTINS,2024-09-21 07:53:04,104.2,11.0,-23.400786,-43.563221
RAUL MARTINS,2024-09-21 08:19:23,103.2,11.4,-23.420528,-43.477348
RAUL MARTINS,2024-09-21 08:23:54,104.3,11.4,-23.42421,-43.462326
RAUL MARTINS,2024-09-21 08:26:34,104.5,11.4,-23.42635,-43.453408
RAUL MARTINS,2024-09-21 08:29:34,105.2,11.5,-23.428788,-43.443321
RAUL MARTINS,2024-09-21 08:35:25,104.6,11.6,-23.43347,-43.423691
RAUL MARTINS,2024-09-21 09:00:35,105.4,11.7,-23.45413,-43.338406
RAUL MARTINS,2024-09-21 09:02:36,104.1,11.7,-23.45584,-43.33154
RAUL MARTINS,2024-09-21 09:29:25,105.6,12.0,-23.476035,-43.238283
RAUL MARTINS,2024-09-21 09:34:16,104.1,11.8,-23.479933,-43.221301
RAUL MARTINS,2024-09-21 09:36:35,102.5,11.9,-23.481733,-43.213175
RAUL MARTINS,2024-09-21 10:09:15,98.1,11.8,-23.50162,-43.098146
RAUL MARTINS,2024-09-21 10:12:05,99.3,11.8,-23.502986,-43.088011
RAUL MARTINS,2024-09-21 11:00:05,95.1,11.6,-23.5197,-42.919021
RAUL MARTINS,2024-09-21 11:05:15,92.5,11.4,-23.521123,-42.901235
RAUL MARTINS,2024-09-21 11:07:44,96.4,11.5,-23.521623,-42.892596
RAUL MARTINS,2024-09-21 11:08:15,99.9,11.4,-23.521816,-42.8909
RAUL MARTINS,2024-09-21 11:10:54,110.1,11.4,-23.524391,-42.882195
RAUL MARTINS,2024-09-21 11:32:43,99.7,11.4,-23.539328,-42.809648
RAUL MARTINS,2024-09-21 11:55:35,92.8,11.3,-23.544456,-42.730923
RAUL MARTINS,2024-09-21 11:55:36,92.8,11.3,-23.544456,-42.730923
RAUL MARTINS,2024-09-21 11:55:44,92.9,11.3,-23.544496,-42.730351
RAUL MARTINS,2024-09-21 11:56:44,93.7,11.2,-23.544701,-42.726983
RAUL MARTINS,2024-09-21 11:59:15,94.8,11.3,-23.545368,-42.718435
RAUL MARTINS,2024-09-21 12:00:14,95.9,11.2,-23.545646,-42.714963
RAUL MARTINS,2024-09-21 12:01:34,94.6,11.4,-23.546016,-42.710466
RAUL MARTINS,2024-09-21 12:04:35,94.9,11.2,-23.546858,-42.700228
RAUL MARTINS,2024-09-21 13:46:56,95.7,11.2,-23.547126,-42.355573
RAUL MARTINS,2024-09-21 13:47:16,94.6,11.1,-23.547221,-42.35446
RAUL MARTINS,2024-09-21 13:49:15,94.9,11.2,-23.547795,-42.347746
RAUL MARTINS,2024-09-21 13:52:35,95.4,11.3,-23.54884,-42.336446
RAUL MARTINS,2024-09-21 14:35:25,93.3,11.5,-23.558578,-42.188366
RAUL MARTINS,2024-09-21 15:34:15,96.3,11.4,-23.575581,-41.984991
RAUL MARTINS,2024-09-21 16:01:35,95.6,11.4,-23.584381,-41.891631
RAUL MARTINS,2024-09-21 16:38:15,99.3,11.2,-23.598676,-41.767265
RAUL MARTINS,2024-09-21 17:06:10,97.3,10.8,-23.61784,-41.621353
RAUL MARTINS,2024-09-21 17:07:54,98.9,10.9,-23.612793,-41.670015
RAUL MARTINS,2024-09-21 17:11:59,97.5,10.7,-23.62006,-41.602548
RAUL MARTINS,2024-09-21 17:12:24,95.8,10.8,-23.614488,-41.655376
RAUL MARTINS,2024-09-21 17:12:28,97.1,10.7,-23.620228,-41.601001
RAUL MARTINS,2024-09-21 17:12:39,96.5,10.7,-23.620293,-41.600416
RAUL MARTINS,2024-09-21 17:13:59,96.9,10.7,-23.620783,-41.596156
RAUL MARTINS,2024-09-21 17:14:26,96.2,10.8,-23.615041,-41.648865
RAUL MARTINS,2024-09-21 17:14:59,99.8,10.7,-23.621238,-41.592898
RAUL MARTINS,2024-09-21 17:15:08,100.2,10.8,-23.621323,-41.592416
RAUL MARTINS,2024-09-21 17:15:59,101.2,10.8,-23.621773,-41.589683
RAUL MARTINS,2024-09-21 17:16:35,96.7,10.7,-23.615793,-41.641933
RAUL MARTINS,2024-09-21 17:16:49,101.7,10.8,-23.622211,-41.587056
RAUL MARTINS,2024-09-21 17:17:14,96.8,10.7,-23.616015,-41.639838
RAUL MARTINS,2024-09-21 17:40:23,100.0,11.0,-23.626028,-41.564946
RAUL MARTINS,2024-09-21 17:48:55,101.3,11.0,-23.630951,-41.537201
RAUL MARTINS,2024-09-21 17:50:56,101.9,11.1,-23.632201,-41.530675
RAUL MARTINS,2024-09-21 18:09:05,106.0,10.3,-23.646066,-41.473703
RAUL MARTINS,2024-09-21 18:24:06,101.9,10.1,-23.65536,-41.428451
RAUL MARTINS,2024-09-21 18:50:55,92.4,9.8,-23.655721,-41.34897
RAUL MARTINS,2024-09-21 18:56:44,92.2,9.9,-23.65639,-41.331355
RAUL MARTINS,2024-09-21 18:59:56,91.9,10.1,-23.656713,-41.3216
RAUL MARTINS,2024-09-21 19:02:26,91.9,10.1,-23.656941,-41.31394
RAUL MARTINS,2024-09-21 19:30:36,89.0,10.5,-23.65781,-41.226046
RAUL MARTINS,2024-09-21 19:51:14,84.1,11.0,-23.656491,-41.158846
RAUL MARTINS,2024-09-21 19:54:54,84.4,11.1,-23.655278,-41.146636
RAUL MARTINS,2024-09-21 19:57:05,83.4,11.2,-23.654536,-41.139288
RAUL MARTINS,2024-09-21 20:07:24,75.4,11.3,-23.650298,-41.104235
RAUL MARTINS,2024-09-21 20:41:05,57.2,11.7,-23.597816,-41.002005
RAUL MARTINS,2024-09-21 20:41:26,59.3,11.7,-23.597265,-41.000996
RAUL MARTINS,2024-09-21 20:46:55,59.5,11.7,-23.588125,-40.984338
RAUL MARTINS,2024-09-21 21:38:53,55.8,11.8,-23.491568,-40.832206
RAUL MARTINS,2024-09-21 21:54:25,50.1,11.8,-23.459775,-40.788698
RAUL MARTINS,2024-09-21 22:06:25,51.3,11.8,-23.434946,-40.755408
RAUL MARTINS,2024-09-21 22:10:04,51.3,11.8,-23.427353,-40.74528
RAUL MARTINS,2024-09-21 22:31:35,50.6,11.6,-23.382953,-40.686011
RAUL MARTINS,2024-09-21 22:32:54,48.6,11.7,-23.380198,-40.682358
RAUL MARTINS,2024-09-21 22:35:25,51.3,11.6,-23.375035,-40.675455
RAUL MARTINS,2024-09-21 22:39:55,53.5,11.7,-23.36583,-40.663091
RAUL MARTINS,2024-09-21 23:00:26,50.3,11.5,-23.324403,-40.607506
RAUL MARTINS,2024-09-21 23:13:46,49.8,11.4,-23.297373,-40.571931
RAUL MARTINS,2024-09-21 23:18:54,49.4,11.5,-23.286835,-40.558293
RAUL MARTINS,2024-09-21 23:26:24,50.3,11.5,-23.271545,-40.538225
RAUL MARTINS,2024-09-21 23:42:34,47.9,11.5,-23.238635,-40.495153
RAUL MARTINS,2024-09-21 23:44:16,51.0,11.5,-23.235181,-40.490635
RAUL MARTINS,2024-09-22 00:28:24,46.7,11.7,-23.143235,-40.373033
RAUL MARTINS,2024-09-22 00:44:16,41.1,11.7,-23.106563,-40.33367
RAUL MARTINS,2024-09-22 01:08:05,44.1,11.5,-23.05058,-40.276471
RAUL MARTINS,2024-09-22 01:08:25,43.6,11.4,-23.049803,-40.275688
RAUL MARTINS,2024-09-22 01:10:25,43.1,11.5,-23.045165,-40.270883
RAUL MARTINS,2024-09-22 01:10:34,43.7,11.5,-23.044781,-40.27048
RAUL MARTINS,2024-09-22 01:10:43,43.5,11.5,-23.044485,-40.270175
RAUL MARTINS,2024-09-22 01:11:15,43.5,11.5,-23.043281,-40.268915
RAUL MARTINS,2024-09-22 01:21:55,42.9,11.4,-23.018628,-40.243421
RAUL MARTINS,2024-09-22 01:24:44,43.2,11.5,-23.012071,-40.23668
RAUL MARTINS,2024-09-22 01:26:55,44.5,11.5,-23.007095,-40.23145
RAUL MARTINS,2024-09-22 01:52:56,43.8,11.5,-22.947358,-40.168918
RAUL MARTINS,2024-09-22 02:00:26,43.9,11.4,-22.930145,-40.1511
RAUL MARTINS,2024-09-22 02:33:05,42.5,11.3,-22.855948,-40.073348
RAUL MARTINS,2024-09-22 02:36:54,44.1,11.3,-22.847286,-40.064381
RAUL MARTINS,2024-09-22 03:11:45,43.3,11.5,-22.767803,-39.980803
RAUL MARTINS,2024-09-22 03:39:44,44.8,11.6,-22.703631,-39.913186
RAUL MARTINS,2024-09-22 03:42:24,48.7,11.6,-22.6977,-39.90645
RAUL MARTINS,2024-09-22 03:58:54,49.0,11.7,-22.662006,-39.863286
RAUL MARTINS,2024-09-22 04:01:25,47.4,11.7,-22.65647,-39.85671
RAUL MARTINS,2024-09-22 04:08:54,47.1,11.8,-22.6399,-39.837346
RAUL MARTINS,2024-09-22 04:30:14,48.6,11.8,-22.592175,-39.781755
RAUL MARTINS,2024-09-22 05:06:46,44.8,11.9,-22.509478,-39.68653
RAUL MARTINS,2024-09-22 05:40:24,42.4,12.1,-22.426886,-39.603561
RAUL MARTINS,2024-09-22 05:45:34,42.6,12.2,-22.414141,-39.590716
RAUL MARTINS,2024-09-22 05:49:46,43.0,12.1,-22.40384,-39.580273
RAUL MARTINS,2024-09-22 05:54:26,43.1,12.1,-22.392258,-39.568715
RAUL MARTINS,2024-09-22 06:13:06,45.4,12.2,-22.345803,-39.52222
RAUL MARTINS,2024-09-22 06:17:05,44.2,12.3,-22.336276,-39.511803
RAUL MARTINS,2024-09-22 06:52:45,42.8,12.3,-22.248501,-39.420541
RAUL MARTINS,2024-09-22 07:23:05,46.0,12.5,-22.174456,-39.341181
RAUL MARTINS,2024-09-22 07:25:14,45.0,12.4,-22.169223,-39.335401
RAUL MARTINS,2024-09-22 07:29:35,46.2,12.5,-22.15875,-39.323825
RAUL MARTINS,2024-09-22 07:56:56,47.2,12.6,-22.091723,-39.249988
RAUL MARTINS,2024-09-22 07:59:36,46.0,12.7,-22.085215,-39.242803
RAUL MARTINS,2024-09-22 08:03:46,44.7,12.7,-22.075003,-39.23148
RAUL MARTINS,2024-09-22 08:30:45,41.3,12.8,-22.003396,-39.163955
RAUL MARTINS,2024-09-22 08:35:24,40.3,12.8,-21.99076,-39.152295
RAUL MARTINS,2024-09-22 08:39:04,40.1,12.8,-21.98087,-39.143188
RAUL MARTINS,2024-09-22 09:05:06,41.5,12.9,-21.909706,-39.078445
RAUL MARTINS,2024-09-22 09:13:15,40.4,12.8,-21.88774,-39.05788
RAUL MARTINS,2024-09-22 09:45:14,40.5,12.7,-21.802416,-38.977243
RAUL MARTINS,2024-09-22 10:01:23,41.8,12.5,-21.759365,-38.93732
RAUL MARTINS,2024-09-22 10:05:24,39.3,12.5,-21.748828,-38.927563
RAUL MARTINS,2024-09-22 10:08:14,42.6,12.4,-21.741321,-38.920648
RAUL MARTINS,2024-09-22 10:10:54,40.3,12.4,-21.734306,-38.914106
RAUL MARTINS,2024-09-22 10:13:54,41.5,12.5,-21.726383,-38.906833
RAUL MARTINS,2024-09-22 10:55:44,40.0,12.1,-21.61857,-38.806286
RAUL MARTINS,2024-09-22 10:58:14,42.1,12.1,-21.61219,-38.800233
RAUL MARTINS,2024-09-22 11:06:13,39.2,12.2,-21.591853,-38.78121
RAUL MARTINS,2024-09-22 11:35:14,40.4,12.4,-21.516903,-38.712236
RAUL MARTINS,2024-09-22 11:36:04,38.2,12.4,-21.514706,-38.710251
RAUL MARTINS,2024-09-22 11:49:35,39.5,12.4,-21.479055,-38.678015
RAUL MARTINS,2024-09-22 11:50:14,41.2,12.4,-21.477343,-38.676461
RAUL MARTINS,2024-09-22 11:50:25,41.4,12.4,-21.47686,-38.676025
RAUL MARTINS,2024-09-22 11:50:33,39.5,12.4,-21.476451,-38.67566
RAUL MARTINS,2024-09-22 11:50:55,39.3,12.4,-21.475528,-38.674826
RAUL MARTINS,2024-09-22 11:51:23,40.6,12.4,-21.474303,-38.673718
RAUL MARTINS,2024-09-22 11:52:23,39.5,12.4,-21.47164,-38.67132
RAUL MARTINS,2024-09-22 11:53:23,39.9,12.3,-21.469046,-38.668973
RAUL MARTINS,2024-09-22 12:53:45,43.0,12.1,-21.315905,-38.523711
RAUL MARTINS,2024-09-22 13:06:55,41.0,12.2,-21.283031,-38.491795
RAUL MARTINS,2024-09-22 13:07:04,40.7,12.2,-21.282653,-38.491426
RAUL MARTINS,2024-09-22 14:28:26,45.9,12.0,-21.081111,-38.291058
RAUL MARTINS,2024-09-22 14:33:45,43.3,12.1,-21.068148,-38.277966
RAUL MARTINS,2024-09-22 14:36:25,42.5,12.1,-21.06164,-38.271513
RAUL MARTINS,2024-09-22 15:35:03,42.9,12.3,-20.917158,-38.126253
RAUL MARTINS,2024-09-22 15:39:04,41.5,12.4,-20.906723,-38.116868
RAUL MARTINS,2024-09-22 15:42:03,39.8,12.4,-20.898826,-38.109853
RAUL MARTINS,2024-09-22 16:02:53,40.0,12.4,-20.844213,-38.060293
RAUL MARTINS,2024-09-22 16:04:02,38.7,12.4,-20.841203,-38.057578
RAUL MARTINS,2024-09-22 16:04:11,39.3,12.4,-20.840815,-38.057221
RAUL MARTINS,2024-09-22 16:04:23,38.9,12.5,-20.840285,-38.056751
RAUL MARTINS,2024-09-22 16:05:03,39.4,12.4,-20.838465,-38.055136
RAUL MARTINS,2024-09-22 16:05:11,40.4,12.4,-20.838081,-38.054788
RAUL MARTINS,2024-09-22 16:06:42,42.0,12.4,-20.83423,-38.05113
RAUL MARTINS,2024-09-22 16:06:56,42.0,12.4,-20.83376,-38.050675
RAUL MARTINS,2024-09-22 16:07:03,40.9,12.4,-20.833331,-38.050261
RAUL MARTINS,2024-09-22 16:07:11,41.3,12.3,-20.832996,-38.049935
RAUL MARTINS,2024-09-22 16:07:42,43.5,12.4,-20.831633,-38.048608
RAUL MARTINS,2024-09-22 16:08:03,42.8,12.4,-20.830806,-38.047796
RAUL MARTINS,2024-09-22 16:08:11,41.9,12.4,-20.830423,-38.047413
RAUL MARTINS,2024-09-22 16:08:51,43.7,12.4,-20.828755,-38.045751
RAUL MARTINS,2024-09-22 16:09:03,42.7,12.4,-20.828293,-38.045296
RAUL MARTINS,2024-09-22 16:10:06,43.3,12.4,-20.825771,-38.042825
RAUL MARTINS,2024-09-22 16:10:51,42.7,12.4,-20.82372,-38.04083
RAUL MARTINS,2024-09-22 16:11:22,42.6,12.4,-20.822435,-38.039575
RAUL MARTINS,2024-09-22 16:11:33,41.7,12.4,-20.82196,-38.039115
RAUL MARTINS,2024-09-22 16:12:12,42.3,12.4,-20.820298,-38.037485
RAUL MARTINS,2024-09-22 16:12:35,44.2,12.4,-20.819418,-38.036615
RAUL MARTINS,2024-09-22 16:40:35,45.8,12.6,-20.74816,-37.965616
RAUL MARTINS,2024-09-22 16:44:44,42.5,12.5,-20.737588,-37.95499
RAUL MARTINS,2024-09-22 16:47:06,43.1,12.5,-20.731501,-37.948983
RAUL MARTINS,2024-09-22 16:52:06,42.0,12.6,-20.718625,-37.936353
RAUL MARTINS,2024-09-22 17:09:15,41.7,12.6,-20.673841,-37.893298
RAUL MARTINS,2024-09-22 17:10:15,41.4,12.6,-20.671195,-37.890828
RAUL MARTINS,2024-09-22 17:28:14,39.4,12.6,-20.623591,-37.846625
RAUL MARTINS,2024-09-22 17:45:02,41.7,12.6,-20.579033,-37.805168
RAUL MARTINS,2024-09-22 18:01:54,40.6,12.7,-20.53435,-37.763891
RAUL MARTINS,2024-09-22 18:07:16,40.9,12.8,-20.519978,-37.750761
RAUL MARTINS,2024-09-22 18:28:46,40.0,12.6,-20.462335,-37.698173
RAUL MARTINS,2024-09-22 18:56:14,41.3,12.0,-20.391615,-37.632626
RAUL MARTINS,2024-09-22 18:59:56,42.6,12.0,-20.382503,-37.62372
RAUL MARTINS,2024-09-22 19:41:45,43.7,11.6,-20.281315,-37.52467
RAUL MARTINS,2024-09-22 19:44:14,43.8,11.7,-20.275483,-37.518688
RAUL MARTINS,2024-09-22 19:51:35,44.1,11.6,-20.258301,-37.50133
RAUL MARTINS,2024-09-22 20:37:14,42.3,11.9,-20.14931,-37.392831
RAUL MARTINS,2024-09-22 21:08:55,38.6,12.1,-20.070813,-37.318051
RAUL MARTINS,2024-09-22 21:31:25,40.7,12.1,-20.013566,-37.264961
RAUL MARTINS,2024-09-22 22:07:14,38.6,12.3,-19.920678,-37.181175
RAUL MARTINS,2024-09-22 22:09:26,40.0,12.3,-19.914926,-37.176078
RAUL MARTINS,2024-09-22 22:14:14,38.7,12.3,-19.902036,-37.16505
RAUL MARTINS,2024-09-22 22:17:46,40.2,12.4,-19.892498,-37.156845
RAUL MARTINS,2024-09-22 22:40:55,39.3,12.6,-19.82972,-37.102761
RAUL MARTINS,2024-09-22 22:52:44,39.5,12.6,-19.797473,-37.075471
RAUL MARTINS,2024-09-22 22:55:35,39.1,12.5,-19.78973,-37.068903
RAUL MARTINS,2024-09-22 23:13:53,38.7,12.6,-19.740208,-37.025911
RAUL MARTINS,2024-09-22 23:24:36,35.0,12.4,-19.71008,-37.00263
RAUL MARTINS,2024-09-22 23:28:55,33.8,12.5,-19.697818,-36.993571
RAUL MARTINS,2024-09-22 23:48:24,26.1,12.2,-19.641045,-36.956185
RAUL MARTINS,2024-09-22 23:49:01,23.8,12.1,-19.638951,-36.955096
RAUL MARTINS,2024-09-22 23:57:04,22.6,12.2,-19.613875,-36.944198
RAUL MARTINS,2024-09-23 00:25:55,14.6,12.5,-19.520701,-36.910666
RAUL MARTINS,2024-09-23 00:28:34,14.0,12.5,-19.511818,-36.908256
RAUL MARTINS,2024-09-23 00:30:35,15.0,12.5,-19.505005,-36.906338
RAUL MARTINS,2024-09-23 00:48:25,14.2,12.7,-19.444405,-36.889945
RAUL MARTINS,2024-09-23 00:50:45,14.1,12.7,-19.436418,-36.887778
RAUL MARTINS,2024-09-23 00:50:55,13.1,12.6,-19.43585,-36.887626
RAUL MARTINS,2024-09-23 00:51:45,13.5,12.7,-19.432941,-36.886866
RAUL MARTINS,2024-09-23 00:52:04,13.9,12.7,-19.431913,-36.886583
RAUL MARTINS,2024-09-23 00:57:25,14.2,12.7,-19.413648,-36.881601
RAUL MARTINS,2024-09-23 01:09:45,14.8,12.5,-19.371515,-36.869875
RAUL MARTINS,2024-09-23 01:09:55,14.7,12.6,-19.370956,-36.86972
RAUL MARTINS,2024-09-23 01:33:55,15.5,12.7,-19.289623,-36.8466
RAUL MARTINS,2024-09-23 01:36:35,14.2,12.8,-19.280461,-36.844031
RAUL MARTINS,2024-09-23 02:05:26,16.3,12.9,-19.180318,-36.815343
RAUL MARTINS,2024-09-23 02:11:25,14.5,12.9,-19.159538,-36.809608
RAUL MARTINS,2024-09-23 02:42:06,14.1,12.8,-19.05229,-36.78272
RAUL MARTINS,2024-09-23 03:00:06,13.3,12.6,-18.990215,-36.766351
RAUL MARTINS,2024-09-23 03:04:06,13.8,12.6,-18.976528,-36.762858
RAUL MARTINS,2024-09-23 03:09:36,14.0,12.5,-18.957821,-36.758051
RAUL MARTINS,2024-09-23 03:12:04,13.1,12.6,-18.94941,-36.75583
RAUL MARTINS,2024-09-23 03:15:44,11.0,12.5,-18.936956,-36.75306
RAUL MARTINS,2024-09-23 03:20:44,11.3,12.6,-18.919796,-36.749383
RAUL MARTINS,2024-09-23 03:50:44,9.8,12.7,-18.815053,-36.728848
RAUL MARTINS,2024-09-23 03:56:56,8.6,12.6,-18.79346,-36.725068
RAUL MARTINS,2024-09-23 04:41:05,15.0,12.7,-18.642405,-36.690596
RAUL MARTINS,2024-09-23 04:45:55,14.5,12.7,-18.62586,-36.685925
RAUL MARTINS,2024-09-23 05:15:45,12.7,12.8,-18.523106,-36.658131
RAUL MARTINS,2024-09-23 05:53:54,13.1,12.7,-18.391438,-36.62644
RAUL MARTINS,2024-09-23 06:28:36,12.5,13.0,-18.269676,-36.595056
RAUL MARTINS,2024-09-23 06:58:54,12.6,13.0,-18.162945,-36.570016
RAUL MARTINS,2024-09-23 07:01:15,13.5,13.0,-18.154678,-36.568006
RAUL MARTINS,2024-09-23 07:32:35,12.9,12.9,-18.044403,-36.539765
RAUL MARTINS,2024-09-23 07:38:36,13.9,12.9,-18.023388,-36.534173
RAUL MARTINS,2024-09-23 08:05:23,13.5,12.9,-17.929428,-36.510193
RAUL MARTINS,2024-09-23 08:14:25,12.4,12.8,-17.897886,-36.502513
RAUL MARTINS,2024-09-23 08:16:33,11.8,12.7,-17.89049,-36.500743
RAUL MARTINS,2024-09-23 08:39:54,13.8,12.7,-17.810065,-36.480955
RAUL MARTINS,2024-09-23 08:43:45,12.9,12.7,-17.796826,-36.477623
RAUL MARTINS,2024-09-23 09:04:05,14.2,12.8,-17.727133,-36.459693
RAUL MARTINS,2024-09-23 09:19:46,12.8,12.6,-17.673306,-36.446018
RAUL MARTINS,2024-09-23 09:24:56,13.9,12.6,-17.655671,-36.441635
RAUL MARTINS,2024-09-23 09:52:45,13.9,12.7,-17.560296,-36.41704
RAUL MARTINS,2024-09-23 09:55:24,14.3,12.7,-17.551228,-36.414628
RAUL MARTINS,2024-09-23 09:57:05,13.3,12.7,-17.545403,-36.413131
RAUL MARTINS,2024-09-23 09:58:15,13.2,12.6,-17.541525,-36.412136
RAUL MARTINS,2024-09-23 10:01:44,14.1,12.6,-17.529493,-36.409011
RAUL MARTINS,2024-09-23 10:04:06,13.1,12.6,-17.521425,-36.406985
RAUL MARTINS,2024-09-23 10:32:25,14.2,12.6,-17.425253,-36.382106
RAUL MARTINS,2024-09-23 11:16:34,14.5,12.6,-17.274276,-36.342516
RAUL MARTINS,2024-09-23 11:41:45,12.2,12.7,-17.1877,-36.322276
RAUL MARTINS,2024-09-23 12:43:54,11.7,12.8,-16.970571,-36.276843
RAUL MARTINS,2024-09-23 12:44:34,12.1,12.7,-16.968258,-36.276316
RAUL MARTINS,2024-09-23 12:45:34,12.6,12.8,-16.96478,-36.275511
RAUL MARTINS,2024-09-23 12:46:54,12.2,12.7,-16.960165,-36.27446
RAUL MARTINS,2024-09-23 12:47:54,12.6,12.8,-16.956625,-36.27363
RAUL MARTINS,2024-09-23 12:49:43,12.3,12.7,-16.950428,-36.272223
RAUL MARTINS,2024-09-23 13:29:26,13.8,12.4,-16.815905,-36.238193
RAUL MARTINS,2024-09-23 13:32:36,14.0,12.5,-16.805218,-36.235366
RAUL MARTINS,2024-09-23 13:35:06,14.1,12.5,-16.796803,-36.23302
RAUL MARTINS,2024-09-23 13:37:46,14.6,12.5,-16.78769,-36.230578
RAUL MARTINS,2024-09-23 13:40:54,14.4,12.5,-16.777135,-36.22782
RAUL MARTINS,2024-09-23 13:59:14,13.5,12.3,-16.715596,-36.21094
RAUL MARTINS,2024-09-23 14:32:55,14.6,12.2,-16.602988,-36.181828
RAUL MARTINS,2024-09-23 14:35:15,13.7,12.2,-16.595305,-36.179881
RAUL MARTINS,2024-09-23 15:11:44,14.6,11.9,-16.476498,-36.148743
RAUL MARTINS,2024-09-23 15:15:24,15.0,11.9,-16.46476,-36.14562
RAUL MARTINS,2024-09-23 15:15:25,15.0,11.9,-16.46476,-36.14562
RAUL MARTINS,2024-09-23 15:18:14,15.1,11.9,-16.455671,-36.143235
RAUL MARTINS,2024-09-23 15:40:54,13.5,11.8,-16.382973,-36.124671
RAUL MARTINS,2024-09-23 15:44:25,13.0,11.8,-16.371745,-36.121823
RAUL MARTINS,2024-09-23 15:47:25,14.2,11.9,-16.362115,-36.119443
RAUL MARTINS,2024-09-23 15:49:35,13.0,11.8,-16.355136,-36.117688
RAUL MARTINS,2024-09-23 16:16:55,13.7,11.9,-16.266875,-36.095656
RAUL MARTINS,2024-09-23 16:19:09,13.8,11.8,-16.259376,-36.093771
RAUL MARTINS,2024-09-23 16:19:14,13.8,11.8,-16.259376,-36.093771
RAUL MARTINS,2024-09-23 16:23:20,14.1,11.9,-16.24586,-36.090236
RAUL MARTINS,2024-09-23 16:23:30,12.5,11.8,-16.245345,-36.090126
RAUL MARTINS,2024-09-23 16:24:10,14.8,11.8,-16.243223,-36.089578
RAUL MARTINS,2024-09-23 16:24:30,13.4,11.7,-16.242171,-36.089325
RAUL MARTINS,2024-09-23 16:25:10,14.4,11.8,-16.24011,-36.088806
RAUL MARTINS,2024-09-23 16:25:40,13.7,11.7,-16.238473,-36.088311
RAUL MARTINS,2024-09-23 16:26:30,14.5,11.8,-16.23579,-36.087596
RAUL MARTINS,2024-09-23 16:29:50,14.7,11.8,-16.225195,-36.084841
RAUL MARTINS,2024-09-23 17:00:45,17.0,11.8,-16.126883,-36.057751
RAUL MARTINS,2024-09-23 17:31:16,12.2,11.7,-16.030266,-36.032315
RAUL MARTINS,2024-09-23 17:55:35,13.0,11.6,-15.953041,-36.013611
RAUL MARTINS,2024-09-23 17:58:53,13.3,11.6,-15.942613,-36.01101
RAUL MARTINS,2024-09-23 17:59:43,13.3,11.7,-15.939881,-36.010316
RAUL MARTINS,2024-09-23 18:47:54,12.8,11.6,-15.788695,-35.97362
RAUL MARTINS,2024-09-23 18:51:45,13.1,11.6,-15.77667,-35.970856
RAUL MARTINS,2024-09-23 19:40:35,13.0,11.9,-15.621143,-35.93565
RAUL MARTINS,2024-09-23 20:28:46,12.1,12.2,-15.462326,-35.898396
RAUL MARTINS,2024-09-23 20:33:05,11.8,12.3,-15.447915,-35.89501
RAUL MARTINS,2024-09-23 20:35:16,12.9,12.3,-15.440636,-35.893275
RAUL MARTINS,2024-09-23 20:37:16,12.6,12.4,-15.433925,-35.891671
RAUL MARTINS,2024-09-23 21:06:35,13.4,13.0,-15.333253,-35.867156
RAUL MARTINS,2024-09-23 21:12:35,13.7,13.1,-15.312106,-35.861813
RAUL MARTINS,2024-09-23 21:15:25,13.7,13.0,-15.302106,-35.859198
RAUL MARTINS,2024-09-23 21:18:15,13.6,13.0,-15.292205,-35.856561
RAUL MARTINS,2024-09-23 21:22:05,14.8,13.0,-15.278645,-35.852963
RAUL MARTINS,2024-09-23 21:45:36,14.5,13.0,-15.196245,-35.830678
RAUL MARTINS,2024-09-23 21:48:04,15.4,13.0,-15.187611,-35.828318
RAUL MARTINS,2024-09-23 21:50:46,13.7,12.9,-15.178223,-35.82579
RAUL MARTINS,2024-09-23 21:54:35,14.5,12.9,-15.164781,-35.822186
RAUL MARTINS,2024-09-23 22:26:25,13.3,12.8,-15.053795,-35.793486
RAUL MARTINS,2024-09-23 22:54:04,12.7,12.8,-14.957881,-35.769931
RAUL MARTINS,2024-09-23 23:28:45,12.0,12.8,-14.837445,-35.742128
RAUL MARTINS,2024-09-24 00:29:44,12.3,12.8,-14.624866,-35.69573
RAUL MARTINS,2024-09-24 00:30:33,10.6,12.8,-14.621925,-35.69511
RAUL MARTINS,2024-09-24 00:30:34,10.6,12.8,-14.621925,-35.69511
RAUL MARTINS,2024-09-24 00:31:03,11.3,12.8,-14.62023,-35.694761
RAUL MARTINS,2024-09-24 00:32:14,10.8,12.8,-14.61607,-35.693865
RAUL MARTINS,2024-09-24 00:32:54,10.8,12.9,-14.613721,-35.693415
RAUL MARTINS,2024-09-24 00:34:15,10.8,12.8,-14.609021,-35.692463
RAUL MARTINS,2024-09-24 00:34:44,11.6,12.9,-14.607291,-35.692078
RAUL MARTINS,2024-09-24 00:35:23,11.1,12.9,-14.60496,-35.691606
RAUL MARTINS,2024-09-24 00:36:44,10.6,12.9,-14.600203,-35.690623
RAUL MARTINS,2024-09-24 01:08:24,10.2,13.2,-14.487168,-35.667951
RAUL MARTINS,2024-09-24 01:11:15,10.8,13.1,-14.476963,-35.665866
RAUL MARTINS,2024-09-24 01:16:25,12.2,13.2,-14.458336,-35.662116
RAUL MARTINS,2024-09-24 01:41:35,14.4,13.1,-14.368371,-35.643343
RAUL MARTINS,2024-09-24 01:45:35,13.4,13.1,-14.35411,-35.639888
RAUL MARTINS,2024-09-24 01:47:44,12.8,13.1,-14.346478,-35.63803
RAUL MARTINS,2024-09-24 02:05:44,13.6,13.1,-14.282455,-35.62256
RAUL MARTINS,2024-09-24 02:11:45,14.1,13.0,-14.261116,-35.617308
RAUL MARTINS,2024-09-24 02:14:23,14.5,13.0,-14.25185,-35.614916
RAUL MARTINS,2024-09-24 02:16:43,12.9,13.1,-14.243565,-35.61285
RAUL MARTINS,2024-09-24 02:19:03,13.1,13.1,-14.235295,-35.610715
RAUL MARTINS,2024-09-24 02:22:03,14.3,13.1,-14.224685,-35.607973
RAUL MARTINS,2024-09-24 02:52:44,15.5,13.1,-14.116038,-35.577211
RAUL MARTINS,2024-09-24 02:58:45,15.2,13.1,-14.094826,-35.571158
RAUL MARTINS,2024-09-24 03:27:15,15.6,13.2,-13.994456,-35.541951
RAUL MARTINS,2024-09-24 03:39:54,15.0,13.2,-13.949758,-35.528351
RAUL MARTINS,2024-09-24 03:43:26,14.3,13.2,-13.937213,-35.524901
RAUL MARTINS,2024-09-24 03:46:16,14.6,13.3,-13.927101,-35.522155
RAUL MARTINS,2024-09-24 03:49:54,14.8,13.3,-13.913995,-35.518573
RAUL MARTINS,2024-09-24 06:02:55,14.2,13.0,-13.436248,-35.392236
RAUL MARTINS,2024-09-24 06:40:44,11.7,12.9,-13.303943,-35.361793
RAUL MARTINS,2024-09-24 06:43:24,11.7,12.9,-13.294601,-35.359758
RAUL MARTINS,2024-09-24 07:09:15,12.8,12.5,-13.205231,-35.339718
RAUL MARTINS,2024-09-24 07:12:05,13.0,12.5,-13.195538,-35.337448
RAUL MARTINS,2024-09-24 07:42:34,14.3,12.6,-13.091263,-35.312598
RAUL MARTINS,2024-09-24 07:45:15,12.7,12.6,-13.08204,-35.310323
RAUL MARTINS,2024-09-24 07:47:34,12.3,12.7,-13.074055,-35.308428
RAUL MARTINS,2024-09-24 08:16:45,13.8,12.8,-12.972861,-35.284273
RAUL MARTINS,2024-09-24 08:20:14,12.1,12.8,-12.960656,-35.281448
RAUL MARTINS,2024-09-24 08:23:15,13.0,12.8,-12.95023,-35.27899
RAUL MARTINS,2024-09-24 08:54:46,11.5,12.9,-12.840435,-35.253763
RAUL MARTINS,2024-09-24 08:55:05,12.5,12.9,-12.839325,-35.25352
RAUL MARTINS,2024-09-24 08:58:55,12.3,12.9,-12.82583,-35.250538
RAUL MARTINS,2024-09-24 08:59:55,11.5,12.9,-12.822376,-35.249795
RAUL MARTINS,2024-09-24 09:04:44,11.6,12.9,-12.80538,-35.24611
RAUL MARTINS,2024-09-24 09:31:14,11.8,12.8,-12.712746,-35.225408
RAUL MARTINS,2024-09-24 09:33:25,12.7,12.8,-12.705165,-35.223743
RAUL MARTINS,2024-09-24 09:44:44,14.3,12.6,-12.666195,-35.214408
RAUL MARTINS,2024-09-24 09:49:04,13.3,12.6,-12.651461,-35.210753
RAUL MARTINS,2024-09-24 09:53:35,13.7,12.6,-12.63596,-35.206926
RAUL MARTINS,2024-09-24 10:55:45,11.9,12.8,-12.421961,-35.154101
RAUL MARTINS,2024-09-24 11:36:50,14.6,12.6,-12.281105,-35.119151
RAUL MARTINS,2024-09-24 12:37:14,16.3,13.0,-12.072881,-35.061296
RAUL MARTINS,2024-09-24 12:41:13,15.6,13.0,-12.058928,-35.057365
RAUL MARTINS,2024-09-24 14:13:23,13.0,13.0,-11.731736,-34.982238
RAUL MARTINS,2024-09-24 14:15:34,13.0,13.0,-11.724001,-34.98029
RAUL MARTINS,2024-09-24 14:17:13,13.2,13.0,-11.718098,-34.978846
RAUL MARTINS,2024-09-24 14:41:44,14.1,13.0,-11.631821,-34.957025
RAUL MARTINS,2024-09-24 14:46:35,14.3,12.9,-11.614791,-34.952655
RAUL MARTINS,2024-09-24 14:48:44,14.3,13.0,-11.607126,-34.950713
RAUL MARTINS,2024-09-24 15:14:04,13.5,12.8,-11.518556,-34.927986
RAUL MARTINS,2024-09-24 15:23:24,15.0,12.8,-11.486206,-34.919598
RAUL MARTINS,2024-09-24 15:27:45,14.4,12.8,-11.471295,-34.915591
RAUL MARTINS,2024-09-24 15:48:34,14.2,12.6,-11.400113,-34.896453
RAUL MARTINS,2024-09-24 15:55:33,14.1,12.6,-11.376508,-34.890296
RAUL MARTINS,2024-09-24 16:00:44,13.8,12.6,-11.358711,-34.885268
RAUL MARTINS,2024-09-24 16:39:23,10.7,12.4,-11.227736,-34.853151
RAUL MARTINS,2024-09-24 16:39:33,12.0,12.4,-11.227163,-34.853026
RAUL MARTINS,2024-09-24 16:39:53,12.4,12.4,-11.226083,-34.852805
RAUL MARTINS,2024-09-24 16:41:23,11.3,12.4,-11.220956,-34.85171
RAUL MARTINS,2024-09-24 16:42:02,12.1,12.4,-11.218678,-34.851206
RAUL MARTINS,2024-09-24 16:43:02,11.5,12.4,-11.215303,-34.85047
RAUL MARTINS,2024-09-24 16:43:43,11.3,12.4,-11.212958,-34.850005
RAUL MARTINS,2024-09-24 16:44:02,10.7,12.5,-11.211875,-34.849773
RAUL MARTINS,2024-09-24 16:44:12,11.5,12.5,-11.211308,-34.849651
RAUL MARTINS,2024-09-24 17:50:55,12.5,12.3,-10.986223,-34.801893
RAUL MARTINS,2024-09-24 18:16:12,14.4,12.2,-10.90221,-34.782355
RAUL MARTINS,2024-09-24 18:40:36,14.2,12.1,-10.821733,-34.763518
RAUL MARTINS,2024-09-24 18:45:15,13.5,12.2,-10.80648,-34.759985
RAUL MARTINS,2024-09-24 19:31:25,12.2,12.2,-10.653408,-34.725171
RAUL MARTINS,2024-09-24 19:34:35,11.8,12.2,-10.642921,-34.722793
RAUL MARTINS,2024-09-24 19:35:35,11.9,12.2,-10.639526,-34.722033
RAUL MARTINS,2024-09-24 19:39:05,12.5,12.2,-10.627943,-34.719428
RAUL MARTINS,2024-09-24 20:05:44,12.3,12.2,-10.539085,-34.699268
RAUL MARTINS,2024-09-24 20:20:24,13.8,12.2,-10.490106,-34.688091
RAUL MARTINS,2024-09-24 21:16:05,13.8,12.4,-10.303495,-34.644318
RAUL MARTINS,2024-09-24 21:19:05,13.1,12.4,-10.29333,-34.64196
RAUL MARTINS,2024-09-24 21:21:35,12.9,12.4,-10.284965,-34.639923
RAUL MARTINS,2024-09-24 21:53:54,13.3,12.7,-10.17535,-34.613735
RAUL MARTINS,2024-09-25 00:10:44,12.2,12.9,-9.698,-34.500581
RAUL MARTINS,2024-09-25 00:11:15,13.5,12.9,-9.696238,-34.50014
RAUL MARTINS,2024-09-25 00:11:24,13.2,12.9,-9.695708,-34.5
RAUL MARTINS,2024-09-25 00:13:45,12.9,12.9,-9.687428,-34.498056
RAUL MARTINS,2024-09-25 00:17:44,12.8,13.0,-9.673293,-34.494693
RAUL MARTINS,2024-09-25 00:27:45,12.8,13.0,-9.638105,-34.486065
RAUL MARTINS,2024-09-25 00:45:35,13.1,13.1,-9.575038,-34.470685
RAUL MARTINS,2024-09-25 00:49:05,13.0,13.2,-9.56249,-34.467595
RAUL MARTINS,2024-09-25 01:17:24,12.6,13.4,-9.460198,-34.444043
RAUL MARTINS,2024-09-25 01:48:05,13.7,13.7,-9.347351,-34.418516
RAUL MARTINS,2024-09-25 01:54:53,13.1,13.6,-9.32209,-34.412608
RAUL MARTINS,2024-09-25 01:57:34,14.3,13.7,-9.312008,-34.410188
RAUL MARTINS,2024-09-25 02:01:08,11.8,13.7,-9.298741,-34.407116
RAUL MARTINS,2024-09-25 02:22:57,15.1,13.8,-9.217366,-34.385758
RAUL MARTINS,2024-09-25 02:25:07,15.8,13.9,-9.20926,-34.38344
RAUL MARTINS,2024-09-25 02:32:10,15.7,13.8,-9.183163,-34.375965
RAUL MARTINS,2024-09-25 02:41:40,16.7,13.7,-9.148081,-34.365903
RAUL MARTINS,2024-09-25 02:44:00,16.1,13.7,-9.139505,-34.36343
RAUL MARTINS,2024-09-25 02:56:30,15.9,13.6,-9.09372,-34.350131
RAUL MARTINS,2024-09-25 02:59:20,17.2,13.6,-9.083401,-34.347031
RAUL MARTINS,2024-09-25 03:03:50,16.8,13.6,-9.066925,-34.342178
RAUL MARTINS,2024-09-25 03:06:50,16.3,13.7,-9.056026,-34.338938
RAUL MARTINS,2024-09-25 03:40:10,13.2,13.8,-8.932958,-34.306421
RAUL MARTINS,2024-09-25 03:42:19,12.2,13.8,-8.924851,-34.304483
RAUL MARTINS,2024-09-25 04:12:57,13.6,13.6,-8.812001,-34.273463
RAUL MARTINS,2024-09-25 05:41:29,14.6,13.1,-8.484723,-34.19783
RAUL MARTINS,2024-09-25 06:15:36,13.8,12.8,-8.364336,-34.168103
RAUL MARTINS,2024-09-25 06:47:07,13.7,12.8,-8.25491,-34.140756
RAUL MARTINS,2024-09-25 07:20:17,14.2,13.1,-8.139025,-34.111655
RAUL MARTINS,2024-09-25 07:23:07,14.8,13.1,-8.128963,-34.109176
RAUL MARTINS,2024-09-25 07:25:18,14.3,13.1,-8.121108,-34.107226
RAUL MARTINS,2024-09-25 07:51:27,10.4,13.2,-8.027696,-34.086
RAUL MARTINS,2024-09-25 07:54:27,13.3,13.2,-8.01687,-34.083741
RAUL MARTINS,2024-09-25 07:58:28,12.4,13.3,-8.00241,-34.080576
RAUL MARTINS,2024-09-25 07:59:47,12.1,13.2,-7.997546,-34.079513
RAUL MARTINS,2024-09-25 08:02:28,12.3,13.3,-7.987826,-34.07738
RAUL MARTINS,2024-09-25 08:04:48,11.6,13.3,-7.979341,-34.075633
RAUL MARTINS,2024-09-25 08:24:58,13.1,13.4,-7.905683,-34.059636
RAUL MARTINS,2024-09-25 08:27:56,14.2,13.4,-7.894898,-34.057043
RAUL MARTINS,2024-09-25 08:31:07,14.3,13.4,-7.883296,-34.054213
RAUL MARTINS,2024-09-25 08:33:28,12.1,13.4,-7.87474,-34.052211
RAUL MARTINS,2024-09-25 08:45:37,12.9,13.4,-7.830296,-34.041485
RAUL MARTINS,2024-09-25 08:47:37,14.1,13.5,-7.822985,-34.039753
RAUL MARTINS,2024-09-25 08:51:47,13.6,13.5,-7.807706,-34.036238
RAUL MARTINS,2024-09-25 09:07:07,13.7,13.6,-7.751618,-34.02289
RAUL MARTINS,2024-09-25 09:36:47,12.8,13.5,-7.643203,-33.9969
RAUL MARTINS,2024-09-25 09:44:18,12.8,13.4,-7.61575,-33.990548
RAUL MARTINS,2024-09-25 11:17:56,15.5,12.7,-7.28371,-33.912568
RAUL MARTINS,2024-09-25 11:18:27,15.9,12.7,-7.28196,-33.912038
RAUL MARTINS,2024-09-25 11:19:36,14.0,12.8,-7.277978,-33.910835
RAUL MARTINS,2024-09-25 11:19:57,13.8,12.9,-7.27677,-33.910503
RAUL MARTINS,2024-09-25 11:41:27,15.1,13.3,-7.200678,-33.890585
RAUL MARTINS,2024-09-25 12:03:18,13.7,13.2,-7.121985,-33.871505
RAUL MARTINS,2024-09-25 12:05:18,13.2,13.2,-7.11482,-33.869848
RAUL MARTINS,2024-09-25 12:08:18,12.4,13.2,-7.104068,-33.867288
RAUL MARTINS,2024-09-25 12:08:27,12.6,13.2,-7.103535,-33.867161
RAUL MARTINS,2024-09-25 12:09:56,13.5,13.2,-7.098233,-33.865923
RAUL MARTINS,2024-09-25 12:39:17,14.0,13.1,-6.99374,-33.840741
RAUL MARTINS,2024-09-25 13:05:47,11.8,13.2,-6.899083,-33.818141
RAUL MARTINS,2024-09-25 13:19:57,14.5,13.1,-6.848508,-33.806048
RAUL MARTINS,2024-09-25 13:22:27,15.0,13.2,-6.839608,-33.803943
RAUL MARTINS,2024-09-25 13:28:18,12.6,13.1,-6.818773,-33.798981
RAUL MARTINS,2024-09-25 13:37:56,13.5,13.2,-6.784223,-33.790891
RAUL MARTINS,2024-09-25 13:43:27,14.1,13.2,-6.764581,-33.786223
RAUL MARTINS,2024-09-25 13:46:37,14.3,13.3,-6.753213,-33.783465
RAUL MARTINS,2024-09-25 14:15:17,14.4,13.3,-6.649676,-33.758751
RAUL MARTINS,2024-09-25 14:17:37,12.8,13.3,-6.64127,-33.756745
RAUL MARTINS,2024-09-25 14:23:58,13.3,13.4,-6.618226,-33.751148
RAUL MARTINS,2024-09-25 14:46:57,13.9,13.4,-6.534655,-33.731108
RAUL MARTINS,2024-09-25 14:51:06,13.5,13.4,-6.519521,-33.727498
RAUL MARTINS,2024-09-25 14:53:47,14.0,13.4,-6.509803,-33.72519
RAUL MARTINS,2024-09-25 14:55:56,13.9,13.4,-6.501975,-33.723286
RAUL MARTINS,2024-09-25 15:00:06,12.6,13.3,-6.486795,-33.719706
RAUL MARTINS,2024-09-25 15:01:16,13.5,13.4,-6.482526,-33.718703
RAUL MARTINS,2024-09-25 15:07:06,13.1,13.4,-6.461361,-33.713643
RAUL MARTINS,2024-09-25 15:26:37,13.7,13.0,-6.391626,-33.696825
RAUL MARTINS,2024-09-25 16:03:57,13.2,13.0,-6.259575,-33.665501
RAUL MARTINS,2024-09-25 16:55:46,14.8,12.8,-6.077456,-33.62167
RAUL MARTINS,2024-09-25 16:56:46,15.0,12.9,-6.073936,-33.620728
RAUL MARTINS,2024-09-25 16:58:25,15.1,12.8,-6.068291,-33.61921
RAUL MARTINS,2024-09-25 16:59:16,15.6,12.8,-6.065355,-33.618408
RAUL MARTINS,2024-09-25 16:59:35,15.1,12.8,-6.064256,-33.618105
RAUL MARTINS,2024-09-25 17:00:45,14.3,12.9,-6.060208,-33.616983
RAUL MARTINS,2024-09-25 17:00:56,13.4,12.8,-6.059575,-33.616805
RAUL MARTINS,2024-09-25 17:01:16,16.0,12.8,-6.058366,-33.616453
RAUL MARTINS,2024-09-25 17:02:25,15.4,12.9,-6.054441,-33.615385
RAUL MARTINS,2024-09-25 17:02:35,15.3,12.9,-6.053865,-33.61523
RAUL MARTINS,2024-09-25 17:03:25,16.3,12.9,-6.050993,-33.614443
RAUL MARTINS,2024-09-25 17:42:48,15.1,13.0,-5.91288,-33.581166
RAUL MARTINS,2024-09-25 19:23:48,13.0,13.1,-5.555223,-33.493243
RAUL MARTINS,2024-09-25 19:30:57,14.5,13.2,-5.529603,-33.48715
RAUL MARTINS,2024-09-25 19:33:28,14.4,13.1,-5.520578,-33.484998
RAUL MARTINS,2024-09-25 19:44:37,12.0,13.2,-5.480681,-33.475811
RAUL MARTINS,2024-09-25 19:47:07,13.2,13.2,-5.471791,-33.473726
RAUL MARTINS,2024-09-25 20:15:28,14.4,13.0,-5.371263,-33.44932
RAUL MARTINS,2024-09-25 20:15:48,13.9,12.9,-5.370101,-33.449021
RAUL MARTINS,2024-09-25 20:17:27,14.4,12.9,-5.364253,-33.44756
RAUL MARTINS,2024-09-25 20:22:17,15.5,12.9,-5.347446,-33.443156
RAUL MARTINS,2024-09-25 20:25:16,15.6,12.8,-5.33705,-33.440441
RAUL MARTINS,2024-09-25 20:50:47,14.5,13.0,-5.248316,-33.41648
RAUL MARTINS,2024-09-25 20:53:48,14.1,13.0,-5.237883,-33.413615
RAUL MARTINS,2024-09-25 21:25:48,14.5,13.2,-5.124403,-33.384136
RAUL MARTINS,2024-09-25 23:12:48,12.1,13.3,-4.739836,-33.293736
RAUL MARTINS,2024-09-25 23:50:16,13.0,12.8,-4.607216,-33.262506
RAUL MARTINS,2024-09-25 23:54:06,12.6,12.8,-4.5938,-33.259343
RAUL MARTINS,2024-09-25 23:55:17,12.9,12.8,-4.589723,-33.258396
RAUL MARTINS,2024-09-26 00:19:27,12.1,12.8,-4.5057,-33.238458
RAUL MARTINS,2024-09-26 00:51:27,11.6,13.0,-4.393245,-33.211936
RAUL MARTINS,2024-09-26 00:55:08,13.5,13.1,-4.380068,-33.209226
RAUL MARTINS,2024-09-26 01:00:27,12.2,13.1,-4.361263,-33.204768
RAUL MARTINS,2024-09-26 01:02:47,11.5,13.0,-4.352921,-33.202868
RAUL MARTINS,2024-09-26 01:26:17,11.1,13.1,-4.2695,-33.184071
RAUL MARTINS,2024-09-26 01:32:37,13.3,13.1,-4.246881,-33.178821
RAUL MARTINS,2024-09-26 01:39:37,11.9,13.0,-4.222068,-33.1731
RAUL MARTINS,2024-09-26 01:42:57,14.5,13.0,-4.210165,-33.170283
RAUL MARTINS,2024-09-26 01:45:37,13.8,13.0,-4.200718,-33.168001
RAUL MARTINS,2024-09-26 01:49:18,13.8,13.1,-4.18772,-33.164908
RAUL MARTINS,2024-09-26 02:00:27,12.0,13.0,-4.148183,-33.155603
RAUL MARTINS,2024-09-26 02:04:17,13.1,13.0,-4.134625,-33.15258
RAUL MARTINS,2024-09-26 02:06:26,14.4,13.0,-4.127025,-33.150745
RAUL MARTINS,2024-09-26 02:40:57,15.1,12.8,-4.006611,-33.119365
RAUL MARTINS,2024-09-26 02:43:18,14.1,12.9,-3.99858,-33.117271
RAUL MARTINS,2024-09-26 02:46:18,13.6,12.8,-3.988088,-33.114646
RAUL MARTINS,2024-09-26 03:12:48,13.7,12.5,-3.8969,-33.093526
RAUL MARTINS,2024-09-26 03:26:48,15.3,12.7,-3.849348,-33.08071
RAUL MARTINS,2024-09-26 03:29:18,15.1,12.7,-3.840866,-33.078375
RAUL MARTINS,2024-09-26 06:55:07,18.5,12.8,-3.139326,-32.853661
RAUL MARTINS,2024-09-26 06:58:07,19.3,12.8,-3.12915,-32.850303
RAUL MARTINS,2024-09-26 07:28:17,19.2,12.7,-3.027093,-32.817486
RAUL MARTINS,2024-09-26 07:31:47,18.1,12.7,-3.015373,-32.81364
RAUL MARTINS,2024-09-26 07:34:47,19.5,12.7,-3.005275,-32.810355
RAUL MARTINS,2024-09-26 07:36:56,18.8,12.7,-2.99802,-32.808048
RAUL MARTINS,2024-09-26 07:43:17,19.8,12.6,-2.976708,-32.801126
RAUL MARTINS,2024-09-26 07:45:38,17.2,12.7,-2.968763,-32.798528
RAUL MARTINS,2024-09-26 07:48:08,17.4,12.7,-2.960341,-32.795836
RAUL MARTINS,2024-09-26 07:50:19,19.1,12.7,-2.953078,-32.793463
RAUL MARTINS,2024-09-26 08:04:27,18.5,12.7,-2.905696,-32.777663
RAUL MARTINS,2024-09-26 08:08:17,19.0,12.6,-2.892878,-32.773383
RAUL MARTINS,2024-09-26 08:11:17,18.8,12.5,-2.88284,-32.770095
RAUL MARTINS,2024-09-26 08:37:47,19.6,12.7,-2.794603,-32.740075
RAUL MARTINS,2024-09-26 08:39:17,17.7,12.7,-2.789665,-32.738368
RAUL MARTINS,2024-09-26 08:40:47,19.7,12.6,-2.784621,-32.73664
RAUL MARTINS,2024-09-26 08:41:47,18.4,12.6,-2.781343,-32.735541
RAUL MARTINS,2024-09-26 08:43:57,18.7,12.6,-2.774048,-32.733091
RAUL MARTINS,2024-09-26 08:44:07,17.0,12.7,-2.773551,-32.732926
RAUL MARTINS,2024-09-26 09:15:37,18.2,12.7,-2.669136,-32.696983
RAUL MARTINS,2024-09-26 09:18:39,20.5,12.6,-2.65907,-32.693606
RAUL MARTINS,2024-09-26 09:21:27,18.8,12.6,-2.649676,-32.690405
RAUL MARTINS,2024-09-26 09:32:38,20.2,12.6,-2.612738,-32.677735
RAUL MARTINS,2024-09-26 09:35:58,20.6,12.6,-2.601715,-32.67386
RAUL MARTINS,2024-09-26 11:21:06,15.3,12.7,-2.250633,-32.561326
RAUL MARTINS,2024-09-26 11:42:37,18.2,12.8,-2.180698,-32.539603
RAUL MARTINS,2024-09-26 11:43:17,16.9,12.7,-2.17839,-32.538886
RAUL MARTINS,2024-09-26 11:44:17,15.7,12.6,-2.175063,-32.537876
RAUL MARTINS,2024-09-26 11:46:46,18.0,12.7,-2.166683,-32.535248
RAUL MARTINS,2024-09-26 12:42:08,16.2,12.6,-1.979475,-32.476225
RAUL MARTINS,2024-09-26 12:44:17,16.6,12.7,-1.972191,-32.473901
RAUL MARTINS,2024-09-26 13:15:18,16.0,12.9,-1.866266,-32.442168
RAUL MARTINS,2024-09-26 13:16:07,19.2,12.8,-1.863488,-32.441308
RAUL MARTINS,2024-09-26 13:17:07,18.6,12.8,-1.860003,-32.44023
RAUL MARTINS,2024-09-26 13:17:19,18.0,12.8,-1.859383,-32.440045
RAUL MARTINS,2024-09-26 13:19:28,18.5,12.8,-1.85196,-32.437738
RAUL MARTINS,2024-09-26 13:26:58,16.0,12.8,-1.826468,-32.429661
RAUL MARTINS,2024-09-26 13:54:07,19.3,12.8,-1.734433,-32.39995
RAUL MARTINS,2024-09-26 14:03:57,18.3,12.8,-1.701266,-32.388818
RAUL MARTINS,2024-09-26 14:07:57,21.6,12.7,-1.687733,-32.38417
RAUL MARTINS,2024-09-26 14:12:57,21.2,12.8,-1.671088,-32.377645
RAUL MARTINS,2024-09-26 14:23:18,23.7,12.8,-1.636886,-32.36395
RAUL MARTINS,2024-09-26 14:26:17,22.3,12.8,-1.627008,-32.359923
RAUL MARTINS,2024-09-26 14:30:27,22.3,12.8,-1.613263,-32.354238
RAUL MARTINS,2024-09-26 15:03:27,22.1,12.9,-1.502778,-32.31158
RAUL MARTINS,2024-10-16 23:11:35,219.5,12.7,-2.600043,-31.174733
RAUL MARTINS,2024-10-16 23:23:46,216.7,12.6,-2.633943,-31.20123
RAUL MARTINS,2024-10-16 23:56:05,221.3,12.7,-2.721761,-31.27409
RAUL MARTINS,2024-10-16 23:56:35,221.0,12.7,-2.72306,-31.275215
RAUL MARTINS,2024-10-16 23:58:15,218.7,12.6,-2.727671,-31.279051
RAUL MARTINS,2024-10-17 00:00:16,217.0,12.7,-2.733235,-31.283398
RAUL MARTINS,2024-10-17 00:02:46,215.8,12.7,-2.740205,-31.288813
RAUL MARTINS,2024-10-17 00:04:45,217.0,12.6,-2.745731,-31.293198
RAUL MARTINS,2024-10-17 00:08:26,218.0,12.8,-2.75598,-31.301148
RAUL MARTINS,2024-10-17 00:10:35,217.6,12.7,-2.762051,-31.30585
RAUL MARTINS,2024-10-17 00:10:55,219.1,12.8,-2.762936,-31.306538
RAUL MARTINS,2024-10-17 00:11:06,217.7,12.7,-2.763448,-31.306935
RAUL MARTINS,2024-10-17 00:11:26,219.7,12.7,-2.76437,-31.307666
RAUL MARTINS,2024-10-17 00:14:34,220.0,12.9,-2.773108,-31.314558
RAUL MARTINS,2024-10-17 00:15:15,217.7,12.8,-2.775078,-31.316096
RAUL MARTINS,2024-10-17 00:31:04,217.0,13.0,-2.81936,-31.350965
RAUL MARTINS,2024-10-17 00:33:25,216.2,13.0,-2.82603,-31.356223
RAUL MARTINS,2024-10-17 00:36:24,219.4,12.9,-2.834375,-31.362826
RAUL MARTINS,2024-10-17 00:46:36,218.6,13.0,-2.863196,-31.385451
RAUL MARTINS,2024-10-17 00:48:47,218.1,12.8,-2.869345,-31.390338
RAUL MARTINS,2024-10-17 00:51:25,217.8,12.8,-2.876828,-31.39621
RAUL MARTINS,2024-10-17 00:54:25,218.4,12.9,-2.885268,-31.402873
RAUL MARTINS,2024-10-17 01:07:14,219.2,13.0,-2.921925,-31.431748
RAUL MARTINS,2024-10-17 01:43:37,219.2,13.1,-3.027773,-31.510501
RAUL MARTINS,2024-10-17 01:46:25,215.7,13.0,-3.035961,-31.51669
RAUL MARTINS,2024-10-17 04:35:14,216.1,13.0,-3.535548,-31.870068
RAUL MARTINS,2024-10-17 05:11:45,216.6,13.0,-3.64477,-31.944521
RAUL MARTINS,2024-10-17 05:20:27,215.6,12.8,-3.670595,-31.962183
RAUL MARTINS,2024-10-17 05:22:56,214.4,12.9,-3.67792,-31.96727
RAUL MARTINS,2024-10-17 05:25:17,214.3,12.8,-3.68491,-31.971973
RAUL MARTINS,2024-10-17 05:43:15,217.7,13.0,-3.737531,-32.0101
RAUL MARTINS,2024-10-17 05:47:44,216.7,13.1,-3.750703,-32.01972
RAUL MARTINS,2024-10-17 06:16:45,216.0,13.0,-3.835308,-32.08149
RAUL MARTINS,2024-10-17 06:19:45,212.1,12.8,-3.844208,-32.087675
RAUL MARTINS,2024-10-17 06:24:45,201.9,12.7,-3.860228,-32.094571
RAUL MARTINS,2024-10-17 06:27:16,202.1,12.7,-3.86851,-32.09782
RAUL MARTINS,2024-10-17 06:48:36,196.2,12.7,-3.939923,-32.120325
RAUL MARTINS,2024-10-17 06:53:06,195.9,12.7,-3.955178,-32.124916
RAUL MARTINS,2024-10-17 06:55:45,196.5,12.7,-3.964163,-32.127615
RAUL MARTINS,2024-10-17 07:02:56,197.5,12.6,-3.988371,-32.135011
RAUL MARTINS,2024-10-17 07:26:17,197.5,12.6,-4.06686,-32.159365
RAUL MARTINS,2024-10-17 07:29:27,197.5,12.6,-4.0775,-32.162708
RAUL MARTINS,2024-10-17 10:34:25,194.6,12.7,-4.702428,-32.345246
RAUL MARTINS,2024-10-17 10:36:15,196.4,12.7,-4.708625,-32.346983
RAUL MARTINS,2024-10-17 10:37:05,198.4,12.7,-4.711451,-32.347845
RAUL MARTINS,2024-10-17 10:40:45,196.7,12.8,-4.723941,-32.351796
RAUL MARTINS,2024-10-17 10:47:06,197.9,12.8,-4.745433,-32.35848
RAUL MARTINS,2024-10-17 10:49:35,195.9,12.9,-4.753921,-32.361085
RAUL MARTINS,2024-10-17 10:49:56,198.0,12.8,-4.75505,-32.36143
RAUL MARTINS,2024-10-17 10:50:06,197.7,12.7,-4.755611,-32.361605
RAUL MARTINS,2024-10-17 11:14:24,196.0,12.7,-4.83833,-32.387023
RAUL MARTINS,2024-10-17 11:17:24,196.8,12.8,-4.848461,-32.390128
RAUL MARTINS,2024-10-17 11:23:05,196.5,12.8,-4.867763,-32.395936
RAUL MARTINS,2024-10-17 11:25:45,197.0,12.7,-4.876853,-32.398591
RAUL MARTINS,2024-10-17 11:30:54,197.1,12.9,-4.894475,-32.403768
RAUL MARTINS,2024-10-17 11:34:34,196.9,12.7,-4.906938,-32.407405
RAUL MARTINS,2024-10-17 11:47:16,195.4,12.8,-4.95009,-32.41979
RAUL MARTINS,2024-10-17 12:03:06,197.3,12.7,-5.004223,-32.435496
RAUL MARTINS,2024-10-17 12:04:06,195.5,12.8,-5.007628,-32.436471
RAUL MARTINS,2024-10-17 12:04:36,197.1,12.7,-5.009365,-32.43696
RAUL MARTINS,2024-10-17 12:04:45,196.6,12.7,-5.009881,-32.437108
RAUL MARTINS,2024-10-17 12:05:54,196.5,12.7,-5.013776,-32.438276
RAUL MARTINS,2024-10-17 12:06:05,196.8,12.8,-5.014403,-32.438461
RAUL MARTINS,2024-10-17 12:17:55,196.1,12.7,-5.054765,-32.450215
RAUL MARTINS,2024-10-17 12:18:06,196.3,12.6,-5.055328,-32.450378
RAUL MARTINS,2024-10-17 12:18:45,195.4,12.7,-5.057543,-32.45102
RAUL MARTINS,2024-10-17 12:20:35,195.8,12.5,-5.063781,-32.452843
RAUL MARTINS,2024-10-17 12:24:44,195.6,12.6,-5.077855,-32.457011
RAUL MARTINS,2024-10-17 12:26:26,195.9,12.7,-5.083495,-32.458648
RAUL MARTINS,2024-10-17 12:27:25,197.7,12.7,-5.08693,-32.459653
RAUL MARTINS,2024-10-17 12:50:14,194.4,12.7,-5.164491,-32.481941
RAUL MARTINS,2024-10-17 12:51:25,194.5,12.7,-5.16849,-32.4831
RAUL MARTINS,2024-10-17 12:56:14,196.7,12.7,-5.184885,-32.487755
RAUL MARTINS,2024-10-17 13:08:15,195.6,12.9,-5.22605,-32.4994
RAUL MARTINS,2024-10-17 13:12:15,195.1,12.8,-5.239918,-32.50324
RAUL MARTINS,2024-10-17 13:37:45,195.1,12.8,-5.327448,-32.527788
RAUL MARTINS,2024-10-17 15:12:26,200.0,12.9,-5.650883,-32.625526
RAUL MARTINS,2024-10-17 16:17:35,198.7,12.7,-5.86972,-32.704583
RAUL MARTINS,2024-10-17 16:20:55,199.4,12.7,-5.880825,-32.708295
RAUL MARTINS,2024-10-17 16:23:26,199.7,12.6,-5.889301,-32.711151
RAUL MARTINS,2024-10-17 16:28:35,198.1,12.7,-5.906656,-32.716975
RAUL MARTINS,2024-10-17 16:53:35,194.2,12.8,-5.99205,-32.739956
RAUL MARTINS,2024-10-17 17:00:37,193.5,12.8,-6.016245,-32.74634
RAUL MARTINS,2024-10-17 17:27:33,197.2,12.7,-6.108788,-32.771788
RAUL MARTINS,2024-10-17 17:43:34,194.5,13.0,-6.164331,-32.787036
RAUL MARTINS,2024-10-17 17:47:26,195.7,12.8,-6.177661,-32.79069
RAUL MARTINS,2024-10-17 18:01:56,195.7,12.8,-6.227681,-32.80407
RAUL MARTINS,2024-10-17 18:04:45,195.1,12.9,-6.237475,-32.806631
RAUL MARTINS,2024-10-17 18:42:15,196.5,12.8,-6.36665,-32.841616
RAUL MARTINS,2024-10-17 21:13:56,195.9,12.8,-6.883185,-33.001223
RAUL MARTINS,2024-10-17 21:47:57,194.8,12.8,-7.000685,-33.034465
RAUL MARTINS,2024-10-17 21:50:05,196.4,12.9,-7.008035,-33.036676
RAUL MARTINS,2024-10-17 22:22:16,197.9,12.9,-7.11863,-33.070386
RAUL MARTINS,2024-10-17 22:24:36,199.5,12.8,-7.126561,-33.07289
RAUL MARTINS,2024-10-17 23:01:44,198.1,12.2,-7.24975,-33.113861
RAUL MARTINS,2024-10-17 23:04:35,197.7,12.2,-7.258946,-33.116776
RAUL MARTINS,2024-10-17 23:05:24,196.9,12.0,-7.261543,-33.117588
RAUL MARTINS,2024-10-17 23:16:35,199.4,12.2,-7.297506,-33.129365
RAUL MARTINS,2024-10-17 23:29:06,200.0,12.2,-7.337718,-33.142703
RAUL MARTINS,2024-10-17 23:43:54,199.1,12.4,-7.385683,-33.159045
RAUL MARTINS,2024-10-17 23:44:14,199.8,12.4,-7.386823,-33.159428
RAUL MARTINS,2024-10-17 23:48:54,199.1,12.4,-7.402,-33.164618
RAUL MARTINS,2024-10-17 23:54:06,198.0,12.4,-7.418873,-33.170463
RAUL MARTINS,2024-10-18 00:00:06,199.4,12.5,-7.438473,-33.17728
RAUL MARTINS,2024-10-18 00:03:26,199.7,12.4,-7.449346,-33.181063
RAUL MARTINS,2024-10-18 00:40:04,196.2,12.5,-7.569223,-33.222636
RAUL MARTINS,2024-10-18 00:42:04,197.6,12.5,-7.57595,-33.224665
RAUL MARTINS,2024-10-18 00:42:44,196.2,12.5,-7.57817,-33.225321
RAUL MARTINS,2024-10-18 00:47:05,196.1,12.6,-7.592821,-33.229655
RAUL MARTINS,2024-10-18 00:56:04,196.6,12.6,-7.623175,-33.238595
RAUL MARTINS,2024-10-18 01:22:26,195.9,12.7,-7.71266,-33.265318
RAUL MARTINS,2024-10-18 01:25:44,197.2,12.6,-7.723818,-33.26871
RAUL MARTINS,2024-10-18 02:37:16,196.8,12.6,-7.962768,-33.340278
RAUL MARTINS,2024-10-18 04:17:26,196.0,12.4,-8.297491,-33.436055
RAUL MARTINS,2024-10-18 04:22:27,195.0,12.3,-8.314125,-33.440785
RAUL MARTINS,2024-10-18 04:25:46,194.3,12.4,-8.32522,-33.44381
RAUL MARTINS,2024-10-18 04:51:36,200.0,12.5,-8.411061,-33.469471
RAUL MARTINS,2024-10-18 05:21:56,197.4,12.4,-8.511843,-33.501363
RAUL MARTINS,2024-10-18 05:24:16,194.6,12.5,-8.519655,-33.503611
RAUL MARTINS,2024-10-18 05:53:46,194.7,12.4,-8.616588,-33.53597
RAUL MARTINS,2024-10-18 06:00:56,196.5,12.3,-8.640506,-33.542753
RAUL MARTINS,2024-10-18 06:03:17,196.3,12.3,-8.648171,-33.545033
RAUL MARTINS,2024-10-18 06:07:06,197.4,12.2,-8.660888,-33.548616
RAUL MARTINS,2024-10-18 06:09:15,195.9,12.3,-8.668016,-33.550616
RAUL MARTINS,2024-10-18 06:23:35,189.2,12.1,-8.716148,-33.5595
RAUL MARTINS,2024-10-18 06:27:05,190.3,12.2,-8.7279,-33.561511
RAUL MARTINS,2024-10-18 06:30:54,188.8,12.3,-8.74078,-33.563796
RAUL MARTINS,2024-10-18 06:33:34,189.5,12.3,-8.749798,-33.565321
RAUL MARTINS,2024-10-18 07:00:15,199.7,12.1,-8.836371,-33.589151
RAUL MARTINS,2024-10-18 07:42:25,198.2,12.2,-8.97112,-33.63507
RAUL MARTINS,2024-10-18 08:41:26,198.9,12.2,-9.162775,-33.698248
RAUL MARTINS,2024-10-18 08:42:26,196.8,12.2,-9.16601,-33.699306
RAUL MARTINS,2024-10-18 09:35:46,197.7,12.4,-9.341086,-33.753488
RAUL MARTINS,2024-10-18 09:39:25,199.0,12.2,-9.352973,-33.757265
RAUL MARTINS,2024-10-18 10:23:56,196.1,12.2,-9.499665,-33.797161
RAUL MARTINS,2024-10-18 10:26:56,193.8,12.3,-9.50956,-33.799938
RAUL MARTINS,2024-10-18 10:30:24,194.2,12.3,-9.521105,-33.803181
RAUL MARTINS,2024-10-18 10:32:55,195.7,12.3,-9.52935,-33.80557
RAUL MARTINS,2024-10-18 10:37:54,195.3,12.2,-9.545773,-33.810258
RAUL MARTINS,2024-10-18 10:38:24,198.7,12.2,-9.547421,-33.810771
RAUL MARTINS,2024-10-18 10:38:54,198.2,12.3,-9.549001,-33.81127
RAUL MARTINS,2024-10-18 10:39:24,197.3,12.4,-9.550631,-33.811783
RAUL MARTINS,2024-10-18 10:39:34,197.2,12.2,-9.551173,-33.811945
RAUL MARTINS,2024-10-18 10:39:54,197.8,12.3,-9.552253,-33.812288
RAUL MARTINS,2024-10-18 11:18:15,196.0,12.5,-9.677093,-33.853128
RAUL MARTINS,2024-10-18 11:20:15,197.3,12.4,-9.683623,-33.855296
RAUL MARTINS,2024-10-18 11:22:15,198.8,12.3,-9.690206,-33.857418
RAUL MARTINS,2024-10-18 11:26:05,198.2,12.4,-9.70283,-33.861575
RAUL MARTINS,2024-10-18 11:40:04,199.1,12.4,-9.748515,-33.87674
RAUL MARTINS,2024-10-18 11:42:55,198.1,12.3,-9.757815,-33.87977
RAUL MARTINS,2024-10-18 11:43:14,199.6,12.3,-9.758838,-33.880101
RAUL MARTINS,2024-10-18 11:44:35,197.9,12.4,-9.763231,-33.881558
RAUL MARTINS,2024-10-18 11:45:35,197.6,12.3,-9.766495,-33.882648
RAUL MARTINS,2024-10-18 11:51:15,197.3,12.2,-9.784986,-33.888558
RAUL MARTINS,2024-10-18 11:55:15,197.4,12.2,-9.797928,-33.892733
RAUL MARTINS,2024-10-18 11:57:25,197.1,12.2,-9.804988,-33.895023
RAUL MARTINS,2024-10-18 12:00:35,197.5,12.3,-9.815301,-33.898333
RAUL MARTINS,2024-10-18 12:02:55,196.4,12.2,-9.822995,-33.900765
RAUL MARTINS,2024-10-18 12:05:24,196.5,12.2,-9.831031,-33.90335
RAUL MARTINS,2024-10-18 12:08:45,198.9,12.3,-9.841918,-33.906885
RAUL MARTINS,2024-10-18 12:08:46,198.9,12.3,-9.841918,-33.906885
RAUL MARTINS,2024-10-18 12:09:16,198.3,12.2,-9.843663,-33.90745
RAUL MARTINS,2024-10-18 12:09:35,197.1,12.3,-9.844723,-33.907783
RAUL MARTINS,2024-10-18 12:10:45,198.4,12.4,-9.848533,-33.90899
RAUL MARTINS,2024-10-18 12:11:14,195.9,12.4,-9.850116,-33.909476
RAUL MARTINS,2024-10-18 12:11:35,196.3,12.4,-9.851323,-33.909851
RAUL MARTINS,2024-10-18 12:11:54,196.0,12.4,-9.852366,-33.910171
RAUL MARTINS,2024-10-18 12:13:05,198.3,12.3,-9.856186,-33.911421
RAUL MARTINS,2024-10-18 12:15:16,198.1,12.4,-9.863303,-33.913738
RAUL MARTINS,2024-10-18 12:28:36,197.3,12.2,-9.906933,-33.927683
RAUL MARTINS,2024-10-18 12:38:56,197.4,12.4,-9.940838,-33.938476
RAUL MARTINS,2024-10-18 13:02:56,196.0,12.2,-10.019478,-33.962998
RAUL MARTINS,2024-10-18 13:02:57,196.0,12.2,-10.019478,-33.962998
RAUL MARTINS,2024-10-18 13:10:15,196.4,12.1,-10.043221,-33.97032
RAUL MARTINS,2024-10-18 13:43:06,196.4,12.1,-10.14931,-34.003128
RAUL MARTINS,2024-10-18 13:47:36,196.9,12.3,-10.16409,-34.007613
RAUL MARTINS,2024-10-18 14:11:37,206.7,12.4,-10.24059,-34.036346
RAUL MARTINS,2024-10-18 14:13:56,205.5,12.4,-10.247793,-34.039998
RAUL MARTINS,2024-10-18 14:44:37,208.1,12.4,-10.342333,-34.087205
RAUL MARTINS,2024-10-18 14:46:54,206.3,12.4,-10.349375,-34.090863
RAUL MARTINS,2024-10-18 15:53:16,192.8,12.7,-10.569323,-34.166298
RAUL MARTINS,2024-10-18 15:56:16,193.4,12.7,-10.579603,-34.168831
RAUL MARTINS,2024-10-18 16:20:33,193.5,12.7,-10.66399,-34.189251
RAUL MARTINS,2024-10-18 16:20:43,193.0,12.7,-10.664643,-34.189395
RAUL MARTINS,2024-10-18 16:21:43,191.4,12.7,-10.668103,-34.190233
RAUL MARTINS,2024-10-18 16:22:43,192.7,12.7,-10.671568,-34.191066
RAUL MARTINS,2024-10-18 16:22:54,191.9,12.8,-10.672203,-34.191223
RAUL MARTINS,2024-10-18 16:24:03,194.6,12.8,-10.676131,-34.19219
RAUL MARTINS,2024-10-18 16:24:53,194.0,12.7,-10.679098,-34.192915
RAUL MARTINS,2024-10-18 16:25:33,192.9,12.8,-10.681428,-34.193475
RAUL MARTINS,2024-10-18 16:25:43,192.5,12.8,-10.682,-34.193605
RAUL MARTINS,2024-10-18 16:25:53,192.7,12.8,-10.68252,-34.193723
RAUL MARTINS,2024-10-18 16:26:03,193.7,12.8,-10.683156,-34.193873
RAUL MARTINS,2024-10-18 16:26:13,193.5,12.8,-10.683681,-34.193993
RAUL MARTINS,2024-10-18 16:26:24,192.9,12.9,-10.684375,-34.194155
RAUL MARTINS,2024-10-18 16:26:43,192.8,12.8,-10.68548,-34.19441
RAUL MARTINS,2024-10-18 16:26:53,192.6,12.8,-10.686001,-34.194526
RAUL MARTINS,2024-10-18 16:27:03,193.4,12.8,-10.686638,-34.194678
RAUL MARTINS,2024-10-18 16:27:43,193.7,12.9,-10.688958,-34.195246
RAUL MARTINS,2024-10-18 16:28:43,193.8,12.8,-10.692401,-34.196088
RAUL MARTINS,2024-10-18 16:28:44,193.8,12.8,-10.692401,-34.196088
RAUL MARTINS,2024-10-18 16:29:14,192.8,12.9,-10.6942,-34.196526
RAUL MARTINS,2024-10-18 16:29:43,192.8,12.8,-10.695945,-34.196945
RAUL MARTINS,2024-10-18 16:30:14,192.2,12.8,-10.697758,-34.197371
RAUL MARTINS,2024-10-18 16:33:55,191.8,12.9,-10.710563,-34.200398
RAUL MARTINS,2024-10-18 16:37:55,194.7,13.0,-10.72469,-34.203856
RAUL MARTINS,2024-10-18 16:48:25,193.6,13.1,-10.761781,-34.213061
RAUL MARTINS,2024-10-18 17:04:36,195.1,13.2,-10.819298,-34.227596
RAUL MARTINS,2024-10-18 17:05:15,193.9,13.2,-10.821675,-34.228191
RAUL MARTINS,2024-10-18 17:08:15,192.8,13.1,-10.832346,-34.230886
RAUL MARTINS,2024-10-18 17:40:56,193.7,12.9,-10.947703,-34.259595
RAUL MARTINS,2024-10-18 18:01:34,193.4,12.9,-11.02006,-34.276701
RAUL MARTINS,2024-10-18 18:16:56,191.1,13.0,-11.07402,-34.28904
RAUL MARTINS,2024-10-18 18:25:16,196.2,13.0,-11.10333,-34.295943
RAUL MARTINS,2024-10-18 18:32:25,195.5,12.9,-11.128331,-34.302888
RAUL MARTINS,2024-10-18 18:47:05,194.0,12.9,-11.179036,-34.316695
RAUL MARTINS,2024-10-18 20:13:15,198.5,12.9,-11.47546,-34.405871
RAUL MARTINS,2024-10-18 20:53:55,198.2,12.9,-11.613253,-34.454176
RAUL MARTINS,2024-10-18 21:56:25,196.3,13.1,-11.830821,-34.516478
RAUL MARTINS,2024-10-18 22:30:16,195.4,13.0,-11.948968,-34.550961
RAUL MARTINS,2024-10-18 22:54:46,195.4,13.1,-12.034818,-34.575933
RAUL MARTINS,2024-10-18 22:59:36,194.9,13.2,-12.051853,-34.580911
RAUL MARTINS,2024-10-18 23:05:46,196.8,13.1,-12.073546,-34.587198
RAUL MARTINS,2024-10-18 23:40:55,198.0,13.4,-12.198935,-34.624466
RAUL MARTINS,2024-10-18 23:41:55,198.1,13.4,-12.202455,-34.625606
RAUL MARTINS,2024-10-18 23:49:55,196.8,13.4,-12.231105,-34.634711
RAUL MARTINS,2024-10-18 23:54:15,198.6,13.4,-12.246466,-34.639705
RAUL MARTINS,2024-10-18 23:54:25,197.7,13.3,-12.247008,-34.639885
RAUL MARTINS,2024-10-18 23:55:46,197.6,13.3,-12.251803,-34.641411
RAUL MARTINS,2024-10-18 23:56:46,196.5,13.4,-12.25534,-34.64254
RAUL MARTINS,2024-10-18 23:56:54,198.5,13.4,-12.255813,-34.642683
RAUL MARTINS,2024-10-18 23:57:35,197.0,13.4,-12.25826,-34.643451
RAUL MARTINS,2024-10-18 23:58:05,198.4,13.3,-12.260031,-34.644011
RAUL MARTINS,2024-10-18 23:58:26,196.5,13.4,-12.261228,-34.64439
RAUL MARTINS,2024-10-18 23:58:45,197.7,13.4,-12.262353,-34.644745
RAUL MARTINS,2024-10-18 23:59:26,196.0,13.5,-12.264795,-34.645495
RAUL MARTINS,2024-10-18 23:59:45,197.2,13.4,-12.265926,-34.645841
RAUL MARTINS,2024-10-19 00:40:25,199.9,13.2,-12.410055,-34.69167
RAUL MARTINS,2024-10-19 00:56:44,198.5,13.2,-12.467438,-34.71026
RAUL MARTINS,2024-10-19 00:57:36,195.3,13.2,-12.470365,-34.711228
RAUL MARTINS,2024-10-19 00:59:36,197.4,13.2,-12.47737,-34.713551
RAUL MARTINS,2024-10-19 00:59:44,198.2,13.1,-12.477836,-34.713703
RAUL MARTINS,2024-10-19 03:18:16,196.3,13.2,-12.969293,-34.857328
RAUL MARTINS,2024-10-19 03:24:25,193.8,13.2,-12.990993,-34.86375
RAUL MARTINS,2024-10-19 04:58:17,197.8,12.8,-13.321221,-34.955548
RAUL MARTINS,2024-10-19 05:03:56,200.1,12.8,-13.340556,-34.961575
RAUL MARTINS,2024-10-19 05:09:16,201.1,12.8,-13.358406,-34.96849
RAUL MARTINS,2024-10-19 05:30:57,200.5,12.7,-13.43078,-34.997081
RAUL MARTINS,2024-10-19 05:36:05,200.5,12.8,-13.44797,-35.003776
RAUL MARTINS,2024-10-19 05:38:55,194.6,12.8,-13.45751,-35.007195
RAUL MARTINS,2024-10-19 06:10:35,198.0,12.7,-13.565645,-35.039676
RAUL MARTINS,2024-10-19 06:35:16,195.5,12.7,-13.649051,-35.065243
RAUL MARTINS,2024-10-19 06:46:06,196.5,12.6,-13.68561,-35.07632
RAUL MARTINS,2024-10-19 06:48:37,196.0,12.7,-13.694123,-35.07882
RAUL MARTINS,2024-10-19 07:15:56,196.6,12.7,-13.786996,-35.106923
RAUL MARTINS,2024-10-19 07:22:47,195.9,12.8,-13.810418,-35.11402
RAUL MARTINS,2024-10-19 07:42:16,197.3,12.8,-13.877115,-35.134656
RAUL MARTINS,2024-10-19 08:31:25,197.7,13.1,-14.047906,-35.18447
RAUL MARTINS,2024-10-19 08:34:55,200.5,13.0,-14.059955,-35.188713
RAUL MARTINS,2024-10-19 09:25:55,197.7,12.9,-14.237506,-35.243916
RAUL MARTINS,2024-10-19 10:16:55,196.7,12.9,-14.413465,-35.29662
RAUL MARTINS,2024-10-19 10:20:17,199.2,13.0,-14.42516,-35.300203
RAUL MARTINS,2024-10-19 10:22:35,196.0,13.0,-14.433038,-35.302646
RAUL MARTINS,2024-10-19 10:25:06,197.9,13.0,-14.441716,-35.305338
RAUL MARTINS,2024-10-19 10:28:35,195.9,13.0,-14.453958,-35.309098
RAUL MARTINS,2024-10-19 10:29:25,198.5,13.0,-14.456798,-35.309956
RAUL MARTINS,2024-10-19 10:29:54,195.7,13.0,-14.45848,-35.310456
RAUL MARTINS,2024-10-19 10:30:05,197.7,13.0,-14.459118,-35.310656
RAUL MARTINS,2024-10-19 11:00:26,197.1,13.0,-14.564478,-35.343318
RAUL MARTINS,2024-10-19 11:09:55,197.2,13.0,-14.597385,-35.353653
RAUL MARTINS,2024-10-19 11:23:15,194.2,13.1,-14.643795,-35.36801
RAUL MARTINS,2024-10-19 11:33:15,197.6,13.1,-14.678651,-35.378781
RAUL MARTINS,2024-10-19 11:35:35,196.8,13.1,-14.686875,-35.381336
RAUL MARTINS,2024-10-19 11:42:25,197.4,13.0,-14.710708,-35.388785
RAUL MARTINS,2024-10-19 11:55:04,196.9,13.0,-14.754698,-35.402686
RAUL MARTINS,2024-10-19 11:56:54,197.4,13.1,-14.76112,-35.404726
RAUL MARTINS,2024-10-19 11:59:35,198.5,12.9,-14.77039,-35.407715
RAUL MARTINS,2024-10-19 12:00:35,198.1,13.0,-14.773793,-35.408801
RAUL MARTINS,2024-10-19 12:00:44,198.0,13.0,-14.774316,-35.408968
RAUL MARTINS,2024-10-19 12:07:14,197.0,13.1,-14.797028,-35.41615
RAUL MARTINS,2024-10-19 12:14:55,196.7,13.1,-14.823668,-35.424585
RAUL MARTINS,2024-10-19 12:17:36,196.8,13.1,-14.832988,-35.427503
RAUL MARTINS,2024-10-19 12:43:56,195.4,13.0,-14.924805,-35.455825
RAUL MARTINS,2024-10-19 12:46:36,195.1,13.0,-14.93414,-35.458685
RAUL MARTINS,2024-10-19 12:50:26,194.5,13.0,-14.947461,-35.462653
RAUL MARTINS,2024-10-19 12:52:15,195.7,13.0,-14.953811,-35.464518
RAUL MARTINS,2024-10-19 12:52:44,194.7,13.0,-14.955541,-35.465025
RAUL MARTINS,2024-10-19 12:53:15,196.0,13.1,-14.957291,-35.465555
RAUL MARTINS,2024-10-19 12:54:15,196.4,13.0,-14.960756,-35.466586
RAUL MARTINS,2024-10-19 12:55:14,196.8,13.0,-14.96428,-35.46766
RAUL MARTINS,2024-10-19 12:55:54,194.8,13.0,-14.966525,-35.468321
RAUL MARTINS,2024-10-19 13:12:06,195.6,12.9,-15.022938,-35.484723
RAUL MARTINS,2024-10-19 13:25:25,197.9,12.8,-15.069036,-35.49815
RAUL MARTINS,2024-10-19 13:31:35,197.4,12.7,-15.090118,-35.504873
RAUL MARTINS,2024-10-19 13:44:36,198.8,12.7,-15.134115,-35.519058
RAUL MARTINS,2024-10-19 13:48:47,197.4,12.6,-15.148175,-35.523608
RAUL MARTINS,2024-10-19 13:57:05,198.5,12.7,-15.17608,-35.53286
RAUL MARTINS,2024-10-19 14:18:45,197.4,12.7,-15.249111,-35.556676
RAUL MARTINS,2024-10-19 14:21:36,199.3,12.6,-15.258766,-35.55978
RAUL MARTINS,2024-10-19 14:56:05,201.4,12.3,-15.373318,-35.597581
RAUL MARTINS,2024-10-19 15:02:44,205.0,12.2,-15.394291,-35.606303
RAUL MARTINS,2024-10-19 15:03:42,203.7,12.2,-15.397456,-35.6077
RAUL MARTINS,2024-10-19 15:24:55,205.2,12.1,-15.462798,-35.637996
RAUL MARTINS,2024-10-19 15:28:35,208.0,12.1,-15.473656,-35.643751
RAUL MARTINS,2024-10-19 15:31:46,205.5,12.1,-15.483268,-35.648825
RAUL MARTINS,2024-10-19 15:34:25,210.6,12.1,-15.491143,-35.653066
RAUL MARTINS,2024-10-19 16:02:46,198.0,11.8,-15.577833,-35.688486
RAUL MARTINS,2024-10-19 16:07:56,195.9,11.7,-15.594093,-35.693436
RAUL MARTINS,2024-10-19 16:33:16,199.2,11.8,-15.674323,-35.717168
RAUL MARTINS,2024-10-19 16:35:14,194.2,11.7,-15.680608,-35.718965
RAUL MARTINS,2024-10-19 16:36:14,193.3,11.7,-15.683803,-35.719898
RAUL MARTINS,2024-10-19 16:37:12,195.2,11.7,-15.686918,-35.720761
RAUL MARTINS,2024-10-19 16:37:45,196.2,11.7,-15.688528,-35.721225
RAUL MARTINS,2024-10-19 16:37:53,195.0,11.8,-15.689005,-35.721353
RAUL MARTINS,2024-10-19 16:38:43,194.2,11.7,-15.691636,-35.722125
RAUL MARTINS,2024-10-19 16:38:53,194.6,11.8,-15.692165,-35.722276
RAUL MARTINS,2024-10-19 16:39:04,195.0,11.7,-15.692746,-35.722441
RAUL MARTINS,2024-10-19 16:40:04,196.2,11.8,-15.695901,-35.723331
RAUL MARTINS,2024-10-19 16:40:12,195.8,11.8,-15.696375,-35.723458
RAUL MARTINS,2024-10-19 16:41:04,194.3,11.8,-15.699076,-35.724241
RAUL MARTINS,2024-10-19 16:41:33,195.5,11.7,-15.700623,-35.724675
RAUL MARTINS,2024-10-19 16:46:43,195.1,11.7,-15.716926,-35.7293
RAUL MARTINS,2024-10-19 17:13:16,201.2,12.0,-15.798785,-35.7616
RAUL MARTINS,2024-10-19 17:29:34,203.1,12.4,-15.850113,-35.783226
RAUL MARTINS,2024-10-19 17:32:34,203.4,12.4,-15.859585,-35.787305
RAUL MARTINS,2024-10-19 17:37:14,201.6,12.4,-15.874375,-35.793768
RAUL MARTINS,2024-10-19 17:47:17,200.7,12.4,-15.90641,-35.807833
RAUL MARTINS,2024-10-19 18:14:15,197.4,12.5,-15.996745,-35.834456
RAUL MARTINS,2024-10-19 19:13:36,194.1,12.4,-16.19966,-35.880788
RAUL MARTINS,2024-10-19 19:15:25,193.3,12.4,-16.205893,-35.882226
RAUL MARTINS,2024-10-19 19:19:05,193.3,12.3,-16.2182,-35.885015
RAUL MARTINS,2024-10-19 19:44:25,190.9,11.7,-16.300463,-35.903803
RAUL MARTINS,2024-10-19 19:48:56,191.4,11.7,-16.314905,-35.907146
RAUL MARTINS,2024-10-19 20:21:56,197.2,12.1,-16.42186,-35.932181
RAUL MARTINS,2024-10-19 20:59:15,199.4,12.2,-16.543395,-35.96802
RAUL MARTINS,2024-10-19 21:30:05,196.6,12.4,-16.644345,-36.001905
RAUL MARTINS,2024-10-19 21:33:05,194.8,12.4,-16.654238,-36.004831
RAUL MARTINS,2024-10-19 22:04:06,192.4,12.2,-16.756521,-36.033163
RAUL MARTINS,2024-10-19 22:06:17,197.1,12.1,-16.763673,-36.03511
RAUL MARTINS,2024-10-19 22:09:06,194.4,12.2,-16.77289,-36.037505
RAUL MARTINS,2024-10-19 22:36:57,193.2,12.3,-16.864676,-36.061771
RAUL MARTINS,2024-10-19 22:43:16,196.8,12.3,-16.885535,-36.067316
RAUL MARTINS,2024-10-19 22:43:17,196.8,12.3,-16.885535,-36.067316
RAUL MARTINS,2024-10-19 22:48:34,194.6,12.2,-16.9031,-36.07191
RAUL MARTINS,2024-10-19 22:52:07,197.4,12.3,-16.914765,-36.075106
RAUL MARTINS,2024-10-19 23:11:55,199.6,12.2,-16.979683,-36.09511
RAUL MARTINS,2024-10-19 23:15:14,197.4,12.3,-16.99047,-36.098638
RAUL MARTINS,2024-10-19 23:41:45,196.0,12.6,-17.078376,-36.127458
RAUL MARTINS,2024-10-19 23:41:55,195.1,12.6,-17.078985,-36.127643
RAUL MARTINS,2024-10-19 23:42:16,195.5,12.6,-17.080163,-36.128
RAUL MARTINS,2024-10-19 23:42:24,197.1,12.6,-17.08061,-36.12814
RAUL MARTINS,2024-10-19 23:42:55,197.9,12.5,-17.082391,-36.128678
RAUL MARTINS,2024-10-19 23:43:06,198.6,12.4,-17.082941,-36.128878
RAUL MARTINS,2024-10-19 23:43:16,197.3,12.5,-17.0835,-36.129058
RAUL MARTINS,2024-10-19 23:43:24,197.1,12.5,-17.084,-36.129211
RAUL MARTINS,2024-10-19 23:43:35,196.4,12.6,-17.084613,-36.129401
RAUL MARTINS,2024-10-19 23:43:44,196.5,12.5,-17.085056,-36.12954
RAUL MARTINS,2024-10-19 23:43:55,195.5,12.6,-17.085721,-36.129745
RAUL MARTINS,2024-10-19 23:44:06,195.7,12.6,-17.086276,-36.129916
RAUL MARTINS,2024-10-19 23:44:16,197.7,12.5,-17.086833,-36.130096
RAUL MARTINS,2024-10-19 23:44:24,196.9,12.5,-17.087278,-36.13024
RAUL MARTINS,2024-10-19 23:45:07,195.1,12.5,-17.089625,-36.130953
RAUL MARTINS,2024-10-19 23:48:05,197.8,12.6,-17.099693,-36.134123
RAUL MARTINS,2024-10-20 00:29:15,195.1,12.3,-17.236116,-36.17529
RAUL MARTINS,2024-10-20 00:29:16,195.1,12.3,-17.236116,-36.17529
RAUL MARTINS,2024-10-20 00:32:34,196.6,12.4,-17.247133,-36.178401
RAUL MARTINS,2024-10-20 00:33:04,194.4,12.3,-17.248846,-36.178866
RAUL MARTINS,2024-10-20 00:33:56,194.7,12.3,-17.25168,-36.179693
RAUL MARTINS,2024-10-20 00:34:57,195.9,12.3,-17.254991,-36.180653
RAUL MARTINS,2024-10-20 00:35:56,192.5,12.2,-17.258295,-36.181585
RAUL MARTINS,2024-10-20 00:36:24,195.5,12.3,-17.259891,-36.182068
RAUL MARTINS,2024-10-20 00:36:45,196.0,12.3,-17.260988,-36.182373
RAUL MARTINS,2024-10-20 00:36:56,196.3,12.3,-17.261595,-36.182548
RAUL MARTINS,2024-10-20 00:38:57,196.0,12.3,-17.268208,-36.184443
RAUL MARTINS,2024-10-20 01:25:05,196.9,12.3,-17.421451,-36.232441
RAUL MARTINS,2024-10-20 01:28:04,198.4,12.3,-17.431201,-36.235808
RAUL MARTINS,2024-10-20 02:14:46,196.8,12.1,-17.582613,-36.286525
RAUL MARTINS,2024-10-20 02:16:06,200.0,12.2,-17.586966,-36.287948
RAUL MARTINS,2024-10-20 02:18:16,196.7,12.1,-17.594076,-36.290241
RAUL MARTINS,2024-10-20 02:21:45,196.1,12.1,-17.60531,-36.293888
RAUL MARTINS,2024-10-20 02:23:56,195.9,12.2,-17.612355,-36.29615
RAUL MARTINS,2024-10-20 04:03:45,195.5,12.2,-17.93028,-36.403451
RAUL MARTINS,2024-10-20 04:08:16,195.4,12.2,-17.944953,-36.408206
RAUL MARTINS,2024-10-20 05:09:46,194.0,12.4,-18.145753,-36.474983
RAUL MARTINS,2024-10-20 05:15:26,196.8,12.3,-18.164525,-36.480385
RAUL MARTINS,2024-10-20 05:39:56,195.9,12.5,-18.246011,-36.50309
RAUL MARTINS,2024-10-20 05:49:47,189.5,12.2,-18.278838,-36.51202
RAUL MARTINS,2024-10-20 06:14:46,201.1,12.3,-18.361816,-36.528773
RAUL MARTINS,2024-10-20 06:17:56,197.2,12.2,-18.372111,-36.532258
RAUL MARTINS,2024-10-20 06:20:37,199.6,12.3,-18.380823,-36.53521
RAUL MARTINS,2024-10-20 07:32:24,194.7,12.3,-18.62214,-36.612446
RAUL MARTINS,2024-10-20 07:34:35,195.8,12.4,-18.629355,-36.614571
RAUL MARTINS,2024-10-20 08:01:37,194.6,12.5,-18.719365,-36.641698
RAUL MARTINS,2024-10-20 08:20:05,195.8,12.5,-18.781616,-36.660223
RAUL MARTINS,2024-10-20 08:25:36,195.6,12.5,-18.800135,-36.665756
RAUL MARTINS,2024-10-20 09:16:14,197.2,12.7,-18.971395,-36.718691
RAUL MARTINS,2024-10-20 09:21:05,198.4,12.7,-18.987911,-36.723911
RAUL MARTINS,2024-10-20 09:23:25,195.9,12.8,-18.9959,-36.726428
RAUL MARTINS,2024-10-20 09:25:44,196.4,12.9,-19.003891,-36.72891
RAUL MARTINS,2024-10-20 10:11:46,196.9,13.0,-19.161185,-36.777196
RAUL MARTINS,2024-10-20 10:18:34,196.7,12.9,-19.184855,-36.784455
RAUL MARTINS,2024-10-20 10:19:15,194.4,13.0,-19.187178,-36.785168
RAUL MARTINS,2024-10-20 10:59:25,200.3,13.0,-19.325453,-36.832753
RAUL MARTINS,2024-10-20 11:07:16,199.7,13.1,-19.352485,-36.842233
RAUL MARTINS,2024-10-20 11:11:24,197.3,13.1,-19.366741,-36.847195
RAUL MARTINS,2024-10-20 11:15:15,199.0,13.2,-19.380131,-36.851805
RAUL MARTINS,2024-10-20 11:41:56,199.8,13.1,-19.473326,-36.884456
RAUL MARTINS,2024-10-20 11:45:44,198.4,13.0,-19.486385,-36.889206
RAUL MARTINS,2024-10-20 11:46:35,200.0,13.0,-19.489403,-36.890308
RAUL MARTINS,2024-10-20 11:47:16,197.1,13.0,-19.491658,-36.891125
RAUL MARTINS,2024-10-20 11:48:16,200.3,13.0,-19.495073,-36.892388
RAUL MARTINS,2024-10-20 11:49:05,198.1,13.0,-19.497858,-36.893381
RAUL MARTINS,2024-10-20 11:49:45,199.2,12.9,-19.500136,-36.894216
RAUL MARTINS,2024-10-20 11:49:55,199.3,13.0,-19.500715,-36.894423
RAUL MARTINS,2024-10-20 11:50:05,199.5,13.0,-19.501286,-36.89463
RAUL MARTINS,2024-10-20 11:50:16,198.6,12.9,-19.501916,-36.894858
RAUL MARTINS,2024-10-20 11:51:16,200.6,13.0,-19.50529,-36.896105
RAUL MARTINS,2024-10-20 11:51:45,199.4,13.0,-19.507018,-36.89673
RAUL MARTINS,2024-10-20 11:53:36,199.6,13.0,-19.513215,-36.898978
RAUL MARTINS,2024-10-20 11:54:55,199.9,13.1,-19.517916,-36.900663
RAUL MARTINS,2024-10-20 11:55:05,198.9,13.0,-19.51843,-36.900846
RAUL MARTINS,2024-10-20 11:56:35,198.4,13.0,-19.523665,-36.902803
RAUL MARTINS,2024-10-20 12:12:47,201.2,12.8,-19.578613,-36.923401
RAUL MARTINS,2024-10-20 12:24:16,199.9,12.8,-19.616733,-36.938068
RAUL MARTINS,2024-10-20 12:29:55,201.8,12.9,-19.635716,-36.945473
RAUL MARTINS,2024-10-20 12:30:24,199.2,12.7,-19.637333,-36.946068
RAUL MARTINS,2024-10-20 12:30:35,200.1,12.8,-19.637888,-36.946291
RAUL MARTINS,2024-10-20 12:32:54,205.2,12.7,-19.645336,-36.949848
RAUL MARTINS,2024-10-20 12:34:35,205.6,12.7,-19.650718,-36.952621
RAUL MARTINS,2024-10-20 12:56:35,221.6,12.8,-19.715666,-36.997771
RAUL MARTINS,2024-10-20 13:24:46,220.5,12.9,-19.791891,-37.068515
RAUL MARTINS,2024-10-20 13:52:05,219.8,13.0,-19.867765,-37.135875
RAUL MARTINS,2024-10-20 13:54:26,218.9,13.0,-19.874381,-37.141623
RAUL MARTINS,2024-10-20 14:00:25,219.1,12.9,-19.891028,-37.156158
RAUL MARTINS,2024-10-20 14:09:26,221.0,12.9,-19.915608,-37.178645
RAUL MARTINS,2024-10-20 14:25:56,222.6,12.9,-19.959843,-37.220238
RAUL MARTINS,2024-10-20 14:28:15,220.5,12.9,-19.965988,-37.226028
RAUL MARTINS,2024-10-20 14:31:26,221.8,12.8,-19.974531,-37.234003
RAUL MARTINS,2024-10-20 14:35:26,220.2,12.7,-19.98511,-37.244038
RAUL MARTINS,2024-10-20 15:01:45,222.4,12.6,-20.054923,-37.309915
RAUL MARTINS,2024-10-20 15:06:26,221.5,12.7,-20.067126,-37.32164
RAUL MARTINS,2024-10-20 15:09:05,222.1,12.7,-20.074035,-37.328373
RAUL MARTINS,2024-10-20 15:16:13,220.9,12.8,-20.092955,-37.346498
RAUL MARTINS,2024-10-20 15:17:05,221.2,12.8,-20.095143,-37.348626
RAUL MARTINS,2024-10-20 15:18:44,221.9,12.8,-20.099603,-37.352855
RAUL MARTINS,2024-10-20 15:19:34,223.2,12.8,-20.101838,-37.355031
RAUL MARTINS,2024-10-20 15:19:44,222.9,12.8,-20.10223,-37.355415
RAUL MARTINS,2024-10-20 15:35:37,224.4,12.9,-20.14386,-37.396013
RAUL MARTINS,2024-10-20 15:51:46,222.8,12.9,-20.185536,-37.437841
RAUL MARTINS,2024-10-20 16:10:46,223.7,13.1,-20.235808,-37.488421
RAUL MARTINS,2024-10-20 16:34:06,222.9,12.9,-20.298406,-37.549966
RAUL MARTINS,2024-10-20 16:37:06,222.5,12.9,-20.306216,-37.557656
RAUL MARTINS,2024-10-20 16:43:44,223.7,12.9,-20.323875,-37.57502
RAUL MARTINS,2024-10-20 16:46:15,222.0,12.8,-20.330411,-37.581476
RAUL MARTINS,2024-10-20 17:35:25,221.4,12.3,-20.456443,-37.706131
RAUL MARTINS,2024-10-20 18:10:25,222.0,12.6,-20.548541,-37.789836
RAUL MARTINS,2024-10-20 18:14:36,220.5,12.5,-20.55955,-37.800096
RAUL MARTINS,2024-10-20 18:22:14,221.3,12.4,-20.578965,-37.819105
RAUL MARTINS,2024-10-20 18:31:54,224.1,12.3,-20.603393,-37.842865
RAUL MARTINS,2024-10-20 18:43:25,219.8,12.1,-20.632111,-37.870523
RAUL MARTINS,2024-10-20 18:45:36,221.5,12.1,-20.637585,-37.875718
RAUL MARTINS,2024-10-20 19:18:54,220.2,12.1,-20.722776,-37.954036
RAUL MARTINS,2024-10-20 19:25:24,222.8,12.1,-20.739571,-37.969121
RAUL MARTINS,2024-10-20 19:56:17,221.1,12.6,-20.820808,-38.04172
RAUL MARTINS,2024-10-20 20:02:24,220.0,12.5,-20.8373,-38.056496
RAUL MARTINS,2024-10-20 20:28:46,222.4,12.4,-20.906361,-38.1183
RAUL MARTINS,2024-10-20 20:32:46,221.2,12.3,-20.916716,-38.127983
RAUL MARTINS,2024-10-20 20:35:07,222.5,12.3,-20.922733,-38.133563
RAUL MARTINS,2024-10-20 20:37:36,221.0,12.2,-20.929105,-38.139503
RAUL MARTINS,2024-10-20 21:10:06,222.6,12.3,-21.012788,-38.21792
RAUL MARTINS,2024-10-20 21:37:16,219.6,12.3,-21.083868,-38.282631
RAUL MARTINS,2024-10-20 21:40:16,222.5,12.4,-21.091605,-38.28974
RAUL MARTINS,2024-10-20 21:42:14,221.2,12.3,-21.096673,-38.294445
RAUL MARTINS,2024-10-20 21:43:36,222.1,12.3,-21.100158,-38.297663
RAUL MARTINS,2024-10-20 21:46:45,221.4,12.3,-21.108311,-38.305221
RAUL MARTINS,2024-10-20 22:11:56,222.2,12.4,-21.172943,-38.367571
RAUL MARTINS,2024-10-20 22:43:55,221.0,12.4,-21.255695,-38.447028
RAUL MARTINS,2024-10-20 23:20:27,222.9,12.3,-21.34945,-38.537253
RAUL MARTINS,2024-10-20 23:30:27,223.1,12.4,-21.3746,-38.562365
RAUL MARTINS,2024-10-20 23:30:46,221.9,12.4,-21.37542,-38.563203
RAUL MARTINS,2024-10-20 23:31:16,221.1,12.4,-21.376683,-38.564443
RAUL MARTINS,2024-10-20 23:32:16,225.1,12.4,-21.379158,-38.5669
RAUL MARTINS,2024-10-20 23:32:25,224.4,12.4,-21.379581,-38.567316
RAUL MARTINS,2024-10-20 23:32:47,223.5,12.3,-21.380486,-38.568248
RAUL MARTINS,2024-10-20 23:33:25,224.0,12.4,-21.3821,-38.569893
RAUL MARTINS,2024-10-20 23:35:46,223.2,12.4,-21.388013,-38.575735
RAUL MARTINS,2024-10-21 00:05:25,223.6,12.3,-21.462366,-38.650408
RAUL MARTINS,2024-10-21 00:06:16,223.8,12.2,-21.464433,-38.652485
RAUL MARTINS,2024-10-21 00:06:34,222.2,12.2,-21.465183,-38.653233
RAUL MARTINS,2024-10-21 00:07:45,222.3,12.2,-21.4681,-38.65618
RAUL MARTINS,2024-10-21 00:07:54,222.5,12.2,-21.468515,-38.656595
RAUL MARTINS,2024-10-21 00:09:53,222.5,12.2,-21.473468,-38.661565
RAUL MARTINS,2024-10-21 00:20:16,222.3,12.3,-21.499151,-38.68739
RAUL MARTINS,2024-10-21 00:27:06,223.1,12.4,-21.516188,-38.704696
RAUL MARTINS,2024-10-21 00:30:06,224.0,12.4,-21.523663,-38.712353
RAUL MARTINS,2024-10-21 01:10:14,223.6,12.5,-21.624965,-38.814593
RAUL MARTINS,2024-10-21 01:12:06,224.7,12.4,-21.629628,-38.81929
RAUL MARTINS,2024-10-21 01:12:14,224.6,12.6,-21.629991,-38.819661
RAUL MARTINS,2024-10-21 01:14:55,224.8,12.4,-21.636765,-38.8266
RAUL MARTINS,2024-10-21 01:15:25,223.4,12.4,-21.637938,-38.82779
RAUL MARTINS,2024-10-21 01:18:24,222.7,12.4,-21.645581,-38.835463
RAUL MARTINS,2024-10-21 01:18:55,222.1,12.4,-21.646906,-38.836798
RAUL MARTINS,2024-10-21 01:39:55,221.7,12.5,-21.700155,-38.89038
RAUL MARTINS,2024-10-21 01:41:55,223.4,12.6,-21.70534,-38.895541
RAUL MARTINS,2024-10-21 01:43:36,224.5,12.6,-21.70957,-38.899791
RAUL MARTINS,2024-10-21 01:44:36,222.8,12.6,-21.712181,-38.902443
RAUL MARTINS,2024-10-21 01:45:36,223.4,12.6,-21.714758,-38.90505
RAUL MARTINS,2024-10-21 02:11:35,220.9,12.7,-21.783116,-38.971393
RAUL MARTINS,2024-10-21 03:00:45,220.7,12.3,-21.908516,-39.094263
RAUL MARTINS,2024-10-21 03:03:35,221.2,12.3,-21.915795,-39.101348
RAUL MARTINS,2024-10-21 03:06:04,223.1,12.3,-21.922093,-39.107463
RAUL MARTINS,2024-10-21 03:06:54,220.3,12.4,-21.924185,-39.109481
RAUL MARTINS,2024-10-21 03:54:05,223.3,12.1,-22.044138,-39.22321
RAUL MARTINS,2024-10-21 04:12:34,224.4,12.3,-22.08925,-39.270368
RAUL MARTINS,2024-10-21 04:44:34,223.3,12.4,-22.1674,-39.352335
RAUL MARTINS,2024-10-21 04:49:35,223.5,12.3,-22.179675,-39.365061
RAUL MARTINS,2024-10-21 05:16:35,223.4,12.5,-22.246328,-39.434395
RAUL MARTINS,2024-10-21 05:19:24,225.0,12.5,-22.253405,-39.441743
RAUL MARTINS,2024-10-21 05:21:55,223.7,12.4,-22.25974,-39.448105
RAUL MARTINS,2024-10-21 05:24:05,223.4,12.4,-22.265136,-39.453656
RAUL MARTINS,2024-10-21 05:51:56,224.4,12.7,-22.335766,-39.525528
RAUL MARTINS,2024-10-21 05:56:14,221.1,12.9,-22.346893,-39.53681
RAUL MARTINS,2024-10-21 05:59:24,223.2,12.9,-22.355128,-39.545206
RAUL MARTINS,2024-10-21 06:26:24,222.2,12.8,-22.42962,-39.611033
RAUL MARTINS,2024-10-21 06:29:24,222.8,12.8,-22.437483,-39.618785
RAUL MARTINS,2024-10-21 06:31:05,222.8,12.8,-22.441941,-39.62318
RAUL MARTINS,2024-10-21 06:32:36,221.6,12.8,-22.445925,-39.627065
RAUL MARTINS,2024-10-21 06:58:05,220.7,13.1,-22.514905,-39.693396
RAUL MARTINS,2024-10-21 07:04:55,221.4,13.2,-22.533576,-39.711278
RAUL MARTINS,2024-10-21 07:21:46,222.7,13.5,-22.578376,-39.758278
RAUL MARTINS,2024-10-21 07:23:56,225.4,13.4,-22.584183,-39.764418
RAUL MARTINS,2024-10-21 07:39:34,223.5,13.7,-22.626551,-39.809213
RAUL MARTINS,2024-10-21 07:44:05,223.7,13.9,-22.638881,-39.82229
RAUL MARTINS,2024-10-21 08:06:51,223.9,14.0,-22.702341,-39.888855
RAUL MARTINS,2024-10-21 08:12:15,223.9,14.0,-22.71741,-39.904536
RAUL MARTINS,2024-10-21 08:12:43,223.8,14.0,-22.71875,-39.905936
RAUL MARTINS,2024-10-21 08:14:50,224.3,14.1,-22.724718,-39.912161
RAUL MARTINS,2024-10-21 08:17:02,222.7,14.0,-22.730903,-39.918593
RAUL MARTINS,2024-10-21 08:17:15,223.3,14.1,-22.731511,-39.919225
RAUL MARTINS,2024-10-21 08:19:08,224.8,14.0,-22.736803,-39.924806
RAUL MARTINS,2024-10-21 08:22:44,223.3,14.1,-22.746925,-39.935366
RAUL MARTINS,2024-10-21 08:43:33,226.4,14.4,-22.805061,-39.998631
RAUL MARTINS,2024-10-21 08:46:03,225.6,14.4,-22.812056,-40.006378
RAUL MARTINS,2024-10-21 08:49:21,225.7,14.4,-22.821256,-40.016601
RAUL MARTINS,2024-10-21 09:05:56,227.2,14.5,-22.86746,-40.06866
RAUL MARTINS,2024-10-21 09:12:01,225.6,14.7,-22.884468,-40.08817
RAUL MARTINS,2024-10-21 09:25:32,228.4,14.8,-22.922151,-40.132218
RAUL MARTINS,2024-10-21 09:55:39,227.1,14.8,-23.006676,-40.230203
RAUL MARTINS,2024-10-21 09:58:09,225.4,14.8,-23.013813,-40.238226
RAUL MARTINS,2024-10-21 09:58:38,227.7,14.8,-23.015278,-40.239895
RAUL MARTINS,2024-10-21 10:02:38,227.4,14.8,-23.026606,-40.252715
RAUL MARTINS,2024-10-21 10:06:08,226.6,14.8,-23.036613,-40.26402
RAUL MARTINS,2024-10-21 10:14:20,226.6,14.5,-23.059531,-40.290311
RAUL MARTINS,2024-10-21 10:34:27,224.8,14.2,-23.1165,-40.351316
RAUL MARTINS,2024-10-21 10:48:19,231.3,14.0,-23.154478,-40.393345
RAUL MARTINS,2024-10-21 10:49:27,231.0,13.9,-23.157126,-40.39696
RAUL MARTINS,2024-10-21 10:51:01,230.2,14.0,-23.161005,-40.40218
RAUL MARTINS,2024-10-21 10:54:08,231.0,14.0,-23.168648,-40.412401
RAUL MARTINS,2024-10-21 10:54:39,231.0,13.9,-23.16983,-40.413968
RAUL MARTINS,2024-10-21 11:07:27,229.4,13.8,-23.201198,-40.455613
RAUL MARTINS,2024-10-21 11:12:21,232.1,13.7,-23.213128,-40.471445
RAUL MARTINS,2024-10-21 11:22:31,229.9,13.7,-23.237833,-40.503996
RAUL MARTINS,2024-10-21 11:25:00,230.8,13.7,-23.243866,-40.511926
RAUL MARTINS,2024-10-21 11:39:01,231.6,13.6,-23.277553,-40.556526
RAUL MARTINS,2024-10-21 11:42:01,232.1,13.6,-23.284718,-40.566135
RAUL MARTINS,2024-10-21 11:45:40,231.4,13.5,-23.293361,-40.577833
RAUL MARTINS,2024-10-21 11:47:30,230.3,13.5,-23.297653,-40.583768
RAUL MARTINS,2024-10-21 11:47:59,229.8,13.5,-23.298738,-40.585246
RAUL MARTINS,2024-10-21 11:48:09,230.4,13.5,-23.29913,-40.585771
RAUL MARTINS,2024-10-21 11:48:20,231.1,13.4,-23.29956,-40.58635
RAUL MARTINS,2024-10-21 11:52:21,231.0,13.4,-23.30894,-40.598993
RAUL MARTINS,2024-10-21 11:57:19,231.3,13.3,-23.320595,-40.614583
RAUL MARTINS,2024-10-21 11:59:42,230.3,13.3,-23.32605,-40.621903
RAUL MARTINS,2024-10-21 12:12:41,233.0,13.1,-23.356158,-40.661888
RAUL MARTINS,2024-10-21 12:17:10,230.8,13.0,-23.366505,-40.675471
RAUL MARTINS,2024-10-21 12:22:30,229.8,13.1,-23.378956,-40.691701
RAUL MARTINS,2024-10-21 12:35:41,229.9,13.1,-23.409698,-40.73178
RAUL MARTINS,2024-10-21 12:51:30,229.1,13.0,-23.44662,-40.779451
RAUL MARTINS,2024-10-21 12:59:20,230.6,12.9,-23.465013,-40.802813
RAUL MARTINS,2024-10-21 13:02:31,229.7,13.0,-23.472481,-40.81232
RAUL MARTINS,2024-10-21 13:24:11,229.3,12.9,-23.523213,-40.87607
RAUL MARTINS,2024-10-21 13:27:01,229.5,12.9,-23.529865,-40.884456
RAUL MARTINS,2024-10-21 13:32:50,229.3,12.9,-23.543605,-40.901516
RAUL MARTINS,2024-10-21 13:39:41,228.7,12.9,-23.55989,-40.921571
RAUL MARTINS,2024-10-21 13:58:50,228.0,12.9,-23.605825,-40.977245
RAUL MARTINS,2024-10-21 14:01:01,226.5,12.9,-23.611093,-40.983536
RAUL MARTINS,2024-10-21 14:06:10,227.4,12.9,-23.623516,-40.99842
RAUL MARTINS,2024-10-21 14:13:40,236.3,12.8,-23.640386,-41.021083
RAUL MARTINS,2024-10-21 14:41:00,271.5,12.8,-23.662521,-41.122245
RAUL MARTINS,2024-10-21 15:15:20,273.3,12.9,-23.652031,-41.2555
RAUL MARTINS,2024-10-21 15:27:20,272.6,12.9,-23.64965,-41.302208
RAUL MARTINS,2024-10-21 15:32:08,272.2,12.8,-23.648925,-41.32098
RAUL MARTINS,2024-10-21 15:32:49,271.7,12.8,-23.648818,-41.323663
RAUL MARTINS,2024-10-21 15:34:08,272.0,12.8,-23.648645,-41.328775
RAUL MARTINS,2024-10-21 15:49:11,271.1,12.6,-23.647066,-41.38674
RAUL MARTINS,2024-10-21 16:00:10,275.2,12.7,-23.643693,-41.428953
RAUL MARTINS,2024-10-21 16:22:21,279.5,12.4,-23.632466,-41.51264
RAUL MARTINS,2024-10-21 16:37:31,283.7,12.7,-23.621481,-41.569118
RAUL MARTINS,2024-10-21 17:05:39,276.3,13.1,-23.610431,-41.678473
RAUL MARTINS,2024-10-21 17:06:48,275.9,13.1,-23.610038,-41.682933
RAUL MARTINS,2024-10-21 17:07:08,276.1,13.1,-23.609931,-41.68426
RAUL MARTINS,2024-10-21 17:07:19,275.7,13.1,-23.609875,-41.68499
RAUL MARTINS,2024-10-21 17:08:29,275.7,13.1,-23.609478,-41.689596
RAUL MARTINS,2024-10-21 17:09:19,275.9,13.1,-23.609166,-41.692866
RAUL MARTINS,2024-10-21 17:09:39,276.3,13.1,-23.609046,-41.69418
RAUL MARTINS,2024-10-21 17:10:58,275.6,13.1,-23.608551,-41.699385
RAUL MARTINS,2024-10-21 17:11:00,275.6,13.1,-23.608551,-41.699385
RAUL MARTINS,2024-10-21 17:11:58,276.5,13.1,-23.608171,-41.703325
RAUL MARTINS,2024-10-21 17:12:19,275.3,13.1,-23.608051,-41.704705
RAUL MARTINS,2024-10-21 17:13:10,276.5,13.1,-23.607751,-41.707931
RAUL MARTINS,2024-10-21 17:13:19,276.1,13.1,-23.607693,-41.708656
RAUL MARTINS,2024-10-21 17:18:31,275.6,13.0,-23.605888,-41.729108
RAUL MARTINS,2024-10-21 17:43:11,276.7,13.0,-23.59626,-41.82578
RAUL MARTINS,2024-10-21 17:46:11,277.4,13.1,-23.594911,-41.837588
RAUL MARTINS,2024-10-21 18:24:41,279.9,13.3,-23.575701,-41.98966
RAUL MARTINS,2024-10-21 18:41:08,276.6,13.3,-23.569693,-42.05544
RAUL MARTINS,2024-10-21 19:00:21,272.2,13.4,-23.56473,-42.13275
RAUL MARTINS,2024-10-21 19:24:40,269.8,13.5,-23.564118,-42.23135
RAUL MARTINS,2024-10-21 19:34:11,269.2,13.6,-23.564295,-42.270351
RAUL MARTINS,2024-10-21 20:05:19,268.3,13.9,-23.566698,-42.39949
RAUL MARTINS,2024-10-21 20:09:40,267.8,13.9,-23.567335,-42.417755
RAUL MARTINS,2024-10-21 20:33:00,265.5,13.8,-23.572243,-42.51565
RAUL MARTINS,2024-10-21 20:41:40,270.7,13.6,-23.57375,-42.55144
RAUL MARTINS,2024-10-21 21:09:30,288.8,13.4,-23.543516,-42.656915
RAUL MARTINS,2024-10-21 21:16:30,289.9,13.3,-23.534806,-42.683696
RAUL MARTINS,2024-10-21 21:20:50,290.1,13.3,-23.529353,-42.700271
RAUL MARTINS,2024-10-21 21:45:42,276.5,13.7,-23.512371,-42.799665
RAUL MARTINS,2024-10-21 22:22:41,275.8,13.4,-23.498065,-42.94993
RAUL MARTINS,2024-10-21 22:25:40,276.3,13.4,-23.496968,-42.961976
RAUL MARTINS,2024-10-21 23:19:00,279.9,12.5,-23.473545,-43.172911
RAUL MARTINS,2024-10-21 23:22:29,279.8,12.6,-23.471483,-43.185866
RAUL MARTINS,2024-10-21 23:23:10,279.8,12.6,-23.471058,-43.188533
RAUL MARTINS,2024-10-21 23:23:29,279.9,12.6,-23.470883,-43.189655
RAUL MARTINS,2024-10-21 23:27:49,279.4,12.5,-23.468211,-43.205923
RAUL MARTINS,2024-10-21 23:30:18,280.0,12.5,-23.466678,-43.215178
RAUL MARTINS,2024-10-22 00:08:39,278.4,12.9,-23.44349,-43.360415
RAUL MARTINS,2024-10-22 00:11:49,278.9,12.9,-23.441785,-43.372638
RAUL MARTINS,2024-10-22 00:17:49,282.1,12.8,-23.4383,-43.395675
RAUL MARTINS,2024-10-22 00:19:00,281.8,12.8,-23.437446,-43.400145
RAUL MARTINS,2024-10-22 00:23:09,281.9,12.9,-23.434336,-43.415958
RAUL MARTINS,2024-10-22 00:57:20,275.5,12.9,-23.421698,-43.548035
RAUL MARTINS,2024-10-22 00:57:29,275.7,12.9,-23.421646,-43.548615
RAUL MARTINS,2024-10-22 00:57:50,275.5,12.9,-23.421535,-43.5499
RAUL MARTINS,2024-10-22 00:57:59,275.7,12.8,-23.421486,-43.550476
RAUL MARTINS,2024-10-22 00:58:29,274.8,12.9,-23.42133,-43.552481
RAUL MARTINS,2024-10-22 01:00:20,275.2,13.0,-23.420723,-43.559668
RAUL MARTINS,2024-10-22 01:00:50,275.8,12.9,-23.420563,-43.56156
RAUL MARTINS,2024-10-22 01:02:20,275.5,12.9,-23.420031,-43.567455
RAUL MARTINS,2024-10-22 01:03:10,275.4,13.0,-23.419745,-43.570656
RAUL MARTINS,2024-10-22 01:19:29,272.9,12.8,-23.414873,-43.633831
RAUL MARTINS,2024-10-22 01:21:10,272.2,12.7,-23.414681,-43.64025
RAUL MARTINS,2024-10-22 01:22:39,272.2,12.7,-23.414483,-43.646058
RAUL MARTINS,2024-10-22 01:23:39,273.3,12.7,-23.414291,-43.649876
RAUL MARTINS,2024-10-22 01:53:19,274.8,12.7,-23.40834,-43.764525
RAUL MARTINS,2024-10-22 01:55:20,275.9,12.7,-23.40767,-43.77221
RAUL MARTINS,2024-10-22 01:58:39,274.3,12.7,-23.406621,-43.785088
RAUL MARTINS,2024-10-22 02:00:40,274.6,12.7,-23.405941,-43.792818
RAUL MARTINS,2024-10-22 02:02:59,274.7,12.8,-23.405246,-43.801698
RAUL MARTINS,2024-10-22 02:04:20,275.6,12.8,-23.404803,-43.80677
RAUL MARTINS,2024-10-22 02:06:40,274.8,12.8,-23.404015,-43.815868
RAUL MARTINS,2024-10-22 03:46:00,286.0,13.2,-23.35582,-44.200913
RAUL MARTINS,2024-10-22 03:48:50,287.1,13.2,-23.352795,-44.211738
RAUL MARTINS,2024-10-22 04:39:39,304.3,8.1,-23.288178,-44.3799
RAUL MARTINS,2024-10-22 04:48:40,312.2,6.9,-23.277041,-44.396798
RAUL MARTINS,2024-10-22 04:52:20,319.6,6.5,-23.271878,-44.401698
RAUL MARTINS,2024-10-22 04:59:50,340.9,5.7,-23.261418,-44.410576
RAUL MARTINS,2024-10-22 05:24:09,350.2,8.4,-23.228143,-44.414991
RAUL MARTINS,2024-10-22 05:26:41,350.0,9.4,-23.22194,-44.416241
RAUL MARTINS,2024-10-22 05:32:31,347.7,10.4,-23.205886,-44.419428
RAUL MARTINS,2024-10-22 06:04:11,6.6,3.5,-23.136325,-44.41837
RAUL MARTINS,2024-10-22 06:23:10,7.4,1.0,-23.130936,-44.416701
RAUL MARTINS,2024-10-22 06:35:00,158.9,0.3,-23.13016,-44.416253
RAUL MARTINS,2024-10-22 06:37:20,184.3,0.6,-23.130438,-44.416181
RAUL MARTINS,2024-10-22 11:53:11,320.6,0.1,-23.12711,-44.414458
RAUL MARTINS,2024-10-22 12:29:14,307.7,0.0,-23.12677,-44.414975
RAUL MARTINS,2024-10-22 18:02:10,231.7,0.0,-23.126688,-44.416558
RAUL MARTINS,2024-10-22 21:23:14,265.2,0.0,-23.126656,-44.416351
RAUL MARTINS,2024-10-22 23:20:14,131.6,0.2,-23.129546,-44.417513
RAUL MARTINS,2024-10-23 00:47:14,68.7,0.2,-23.13067,-44.415003
RAUL MARTINS,2024-10-23 09:44:14,356.5,0.2,-23.128331,-44.413128
RAUL MARTINS,2024-10-23 11:20:11,283.4,0.0,-23.126525,-44.41559
RAUL MARTINS,2024-10-23 11:23:10,278.3,0.1,-23.126556,-44.415641
RAUL MARTINS,2024-10-23 12:59:14,232.6,0.0,-23.126406,-44.415875
RAUL MARTINS,2024-10-24 00:53:12,355.4,0.1,-23.127473,-44.41368
RAUL MARTINS,2024-10-24 07:05:13,319.5,0.0,-23.127525,-44.413501
RAUL MARTINS,2024-10-24 07:59:14,136.9,0.1,-23.12728,-44.413906
RAUL MARTINS,2024-10-24 09:32:13,286.6,0.1,-23.1276,-44.413991
RAUL MARTINS,2024-10-24 12:11:12,167.2,0.1,-23.127878,-44.413511
RAUL MARTINS,2024-10-24 13:53:12,167.3,0.0,-23.128613,-44.413441
RAUL MARTINS,2024-10-24 16:11:12,315.8,0.1,-23.128125,-44.413411
RAUL MARTINS,2024-10-24 21:11:13,115.8,0.1,-23.129825,-44.415566
RAUL MARTINS,2024-10-24 21:44:12,196.8,0.0,-23.129931,-44.415318
RAUL MARTINS,2024-10-25 02:35:11,180.5,0.1,-23.128771,-44.411968
RAUL MARTINS,2024-10-25 05:53:13,236.9,0.2,-23.129961,-44.413306
RAUL MARTINS,2024-10-25 06:02:14,279.3,0.1,-23.130041,-44.413651
RAUL MARTINS,2024-10-25 09:38:13,319.0,0.0,-23.125521,-44.412943
RAUL MARTINS,2024-10-25 11:50:14,291.8,0.1,-23.129845,-44.415026
RAUL MARTINS,2024-10-25 11:59:12,240.8,0.0,-23.129796,-44.41524
RAUL MARTINS,2024-10-25 12:35:14,320.8,0.2,-23.129431,-44.416286
RAUL MARTINS,2024-10-25 13:41:13,75.2,0.2,-23.12658,-44.417075
RAUL MARTINS,2024-10-25 14:56:12,27.7,0.1,-23.125888,-44.41557
RAUL MARTINS,2024-10-25 18:59:13,320.9,0.1,-23.129738,-44.415641
RAUL MARTINS,2024-10-25 19:02:12,314.4,0.1,-23.129625,-44.415603
RAUL MARTINS,2024-10-25 21:59:14,9.3,0.2,-23.126611,-44.416548
RAUL MARTINS,2024-10-25 23:47:10,306.4,0.0,-23.125093,-44.414645
RAUL MARTINS,2024-10-25 23:47:11,306.4,0.0,-23.125093,-44.414645
RAUL MARTINS,2024-10-26 01:17:14,121.2,0.1,-23.125286,-44.415051
RAUL MARTINS,2024-10-26 01:32:14,80.4,0.1,-23.125405,-44.414988
RAUL MARTINS,2024-10-26 03:47:13,92.9,0.0,-23.125385,-44.414108
RAUL MARTINS,2024-10-26 05:35:13,181.0,0.1,-23.127431,-44.412441
RAUL MARTINS,2024-10-26 08:29:13,316.8,0.2,-23.128376,-44.416373
RAUL MARTINS,2024-10-26 13:10:21,179.4,3.0,-23.130125,-44.417381
RAUL MARTINS,2024-10-26 13:44:00,173.6,10.4,-23.210386,-44.41316
RAUL MARTINS,2024-10-26 13:46:20,174.1,10.5,-23.217161,-44.41235
RAUL MARTINS,2024-10-26 14:16:30,142.2,12.3,-23.30046,-44.352653
RAUL MARTINS,2024-10-26 15:03:11,134.8,12.3,-23.419783,-44.237228
RAUL MARTINS,2024-10-26 15:05:30,134.2,12.1,-23.425165,-44.23107
RAUL MARTINS,2024-10-26 15:39:00,134.1,12.5,-23.505491,-44.142751
RAUL MARTINS,2024-10-26 15:39:10,133.6,12.5,-23.505895,-44.142295
RAUL MARTINS,2024-10-26 15:42:30,133.9,12.6,-23.513925,-44.133188
RAUL MARTINS,2024-10-26 15:46:50,133.4,12.4,-23.524426,-44.121295
RAUL MARTINS,2024-10-26 15:49:00,134.2,12.5,-23.529665,-44.11542
RAUL MARTINS,2024-10-26 16:17:10,132.7,12.5,-23.59792,-44.03771
RAUL MARTINS,2024-10-26 16:43:59,133.1,12.7,-23.662668,-43.961955
RAUL MARTINS,2024-10-26 16:45:09,134.1,12.8,-23.665476,-43.958685
RAUL MARTINS,2024-10-26 16:45:28,133.7,12.7,-23.666243,-43.957801
RAUL MARTINS,2024-10-26 16:46:40,132.6,12.5,-23.669096,-43.9545
RAUL MARTINS,2024-10-26 16:46:49,133.1,12.5,-23.669496,-43.95404
RAUL MARTINS,2024-10-26 16:47:49,130.9,12.6,-23.671886,-43.9512
RAUL MARTINS,2024-10-26 16:48:09,131.3,12.6,-23.67265,-43.950318
RAUL MARTINS,2024-10-26 16:48:18,131.8,12.5,-23.673053,-43.949851
RAUL MARTINS,2024-10-26 16:49:50,133.9,12.5,-23.676681,-43.945586
RAUL MARTINS,2024-10-26 16:50:09,133.6,12.6,-23.677408,-43.944701
RAUL MARTINS,2024-10-26 16:50:50,129.2,12.6,-23.679006,-43.942845
RAUL MARTINS,2024-10-26 16:51:18,132.4,12.5,-23.680126,-43.941521
RAUL MARTINS,2024-10-26 16:52:50,131.7,12.5,-23.683716,-43.93729
RAUL MARTINS,2024-10-26 16:55:50,131.5,12.4,-23.69076,-43.928965
RAUL MARTINS,2024-10-26 17:22:50,130.3,12.1,-23.751951,-43.854468
RAUL MARTINS,2024-10-26 17:27:02,128.5,12.0,-23.761218,-43.842785
RAUL MARTINS,2024-10-26 17:32:20,128.4,12.3,-23.77301,-43.828161
RAUL MARTINS,2024-10-26 17:35:31,134.1,12.1,-23.78021,-43.819418
RAUL MARTINS,2024-10-26 17:55:40,133.3,12.1,-23.826308,-43.764856
RAUL MARTINS,2024-10-26 17:58:50,134.1,11.9,-23.833428,-43.756316
RAUL MARTINS,2024-10-26 18:01:42,139.0,12.0,-23.840361,-43.749228
RAUL MARTINS,2024-10-26 18:04:12,135.3,12.0,-23.846618,-43.74311
RAUL MARTINS,2024-10-26 18:20:18,137.4,11.8,-23.886831,-43.703448
RAUL MARTINS,2024-10-26 18:25:18,142.1,12.0,-23.899325,-43.691481
RAUL MARTINS,2024-10-26 18:31:10,140.1,12.3,-23.914015,-43.67685
RAUL MARTINS,2024-10-26 18:33:49,137.4,11.9,-23.920488,-43.670258
RAUL MARTINS,2024-10-26 18:38:09,140.9,11.7,-23.93111,-43.65983
RAUL MARTINS,2024-10-26 19:09:10,137.7,11.8,-24.003778,-43.585691
RAUL MARTINS,2024-10-26 19:11:51,136.8,11.8,-24.010061,-43.578993
RAUL MARTINS,2024-10-26 19:14:20,133.9,12.0,-24.016035,-43.5727
RAUL MARTINS,2024-10-26 19:14:41,132.5,11.9,-24.016828,-43.571865
RAUL MARTINS,2024-10-26 19:17:11,134.8,11.8,-24.022621,-43.565535
RAUL MARTINS,2024-10-26 19:39:41,128.6,11.7,-24.073958,-43.507493
RAUL MARTINS,2024-10-26 20:18:50,130.9,11.9,-24.163821,-43.407713
RAUL MARTINS,2024-10-26 20:23:40,129.3,11.7,-24.174905,-43.394956
RAUL MARTINS,2024-10-26 20:57:21,135.9,12.0,-24.249938,-43.304948
RAUL MARTINS,2024-10-26 21:02:40,134.4,11.8,-24.261655,-43.290696
RAUL MARTINS,2024-10-26 21:07:21,128.1,11.9,-24.272105,-43.277968
RAUL MARTINS,2024-10-26 21:48:51,135.8,11.2,-24.362626,-43.169106
RAUL MARTINS,2024-10-26 21:52:51,135.5,11.2,-24.371391,-43.159248
RAUL MARTINS,2024-10-26 21:56:21,134.4,11.2,-24.378845,-43.150581
RAUL MARTINS,2024-10-26 22:00:00,136.1,11.2,-24.386745,-43.141465
RAUL MARTINS,2024-10-26 22:42:52,131.3,11.1,-24.478246,-43.034993
RAUL MARTINS,2024-10-26 22:46:51,132.9,10.7,-24.486875,-43.02551
RAUL MARTINS,2024-10-26 22:49:10,134.5,10.8,-24.491991,-43.020221
RAUL MARTINS,2024-10-26 23:38:21,139.2,10.9,-24.602533,-42.91033
RAUL MARTINS,2024-10-26 23:43:40,134.8,10.8,-24.614516,-42.898616
RAUL MARTINS,2024-10-26 23:59:20,136.8,10.7,-24.64792,-42.862771
RAUL MARTINS,2024-10-26 23:59:30,136.5,10.7,-24.648268,-42.862386
RAUL MARTINS,2024-10-26 23:59:41,136.0,10.7,-24.64862,-42.862
RAUL MARTINS,2024-10-27 00:00:00,135.0,10.8,-24.649323,-42.861225
RAUL MARTINS,2024-10-27 00:00:11,135.1,10.9,-24.649673,-42.860846
RAUL MARTINS,2024-10-27 00:04:41,135.3,9.5,-24.658526,-42.850886
RAUL MARTINS,2024-10-27 00:04:50,136.7,9.5,-24.658796,-42.85057
RAUL MARTINS,2024-10-27 00:05:01,134.1,9.5,-24.659128,-42.850171
RAUL MARTINS,2024-10-27 00:08:10,133.6,8.9,-24.664575,-42.843701
RAUL MARTINS,2024-10-27 00:12:38,130.2,8.7,-24.672183,-42.834736
RAUL MARTINS,2024-10-27 00:18:59,142.2,7.9,-24.683681,-42.823915
RAUL MARTINS,2024-10-27 00:25:30,161.4,5.4,-24.693718,-42.818371
RAUL MARTINS,2024-10-27 00:28:01,165.4,5.1,-24.697151,-42.816923
RAUL MARTINS,2024-10-27 00:28:41,155.7,4.8,-24.69801,-42.816588
RAUL MARTINS,2024-10-27 00:31:41,154.1,4.2,-24.701536,-42.814963
RAUL MARTINS,2024-10-27 00:32:50,154.6,4.3,-24.70278,-42.814358
RAUL MARTINS,2024-10-27 00:36:20,163.9,3.6,-24.706356,-42.812701
RAUL MARTINS,2024-10-27 01:27:10,154.8,3.3,-24.750706,-42.792405
RAUL MARTINS,2024-10-27 01:34:19,163.9,3.7,-24.757121,-42.789991
RAUL MARTINS,2024-10-27 01:34:41,150.3,3.9,-24.75747,-42.789853
RAUL MARTINS,2024-10-27 01:35:11,149.8,3.8,-24.757983,-42.789638
RAUL MARTINS,2024-10-27 01:37:29,139.2,3.8,-24.760193,-42.788655
RAUL MARTINS,2024-10-27 01:38:10,146.8,3.9,-24.760803,-42.788265
RAUL MARTINS,2024-10-27 01:41:21,205.2,3.2,-24.763843,-42.788141
RAUL MARTINS,2024-10-27 01:44:00,259.9,4.1,-24.765355,-42.790553
RAUL MARTINS,2024-10-27 02:15:21,339.8,6.2,-24.719743,-42.815713
RAUL MARTINS,2024-10-27 02:53:40,136.4,2.1,-24.682833,-42.842593
RAUL MARTINS,2024-10-27 03:09:50,141.5,3.4,-24.69409,-42.834358
RAUL MARTINS,2024-10-27 03:19:51,150.2,3.7,-24.702795,-42.82935
RAUL MARTINS,2024-10-27 03:24:11,162.4,3.6,-24.706661,-42.827141
RAUL MARTINS,2024-10-27 03:27:00,143.5,3.5,-24.709033,-42.825566
RAUL MARTINS,2024-10-27 03:29:11,141.1,3.6,-24.71097,-42.824553
RAUL MARTINS,2024-10-27 03:52:32,152.3,3.6,-24.730806,-42.81215
RAUL MARTINS,2024-10-27 03:54:49,165.3,3.6,-24.732933,-42.811215
RAUL MARTINS,2024-10-27 03:59:31,160.8,3.4,-24.737155,-42.808946
RAUL MARTINS,2024-10-27 04:05:31,155.7,3.5,-24.74227,-42.806031
RAUL MARTINS,2024-10-27 04:34:04,245.0,3.8,-24.767683,-42.795935
RAUL MARTINS,2024-10-27 04:37:41,294.1,4.7,-24.767233,-42.800443
RAUL MARTINS,2024-10-27 04:58:49,330.5,6.8,-24.736195,-42.822068
RAUL MARTINS,2024-10-27 05:04:57,324.9,6.9,-24.72589,-42.827781
RAUL MARTINS,2024-10-27 05:09:40,337.1,7.0,-24.717393,-42.832025
RAUL MARTINS,2024-10-27 05:36:51,356.8,6.7,-24.667876,-42.841053
RAUL MARTINS,2024-10-27 05:39:51,355.4,6.7,-24.662295,-42.841691
RAUL MARTINS,2024-10-27 05:44:30,359.9,6.7,-24.653536,-42.842618
RAUL MARTINS,2024-10-27 05:44:31,359.9,6.7,-24.653536,-42.842618
RAUL MARTINS,2024-10-27 05:47:38,317.5,5.5,-24.648368,-42.844075
RAUL MARTINS,2024-10-27 05:52:40,269.3,4.1,-24.645458,-42.850268
RAUL MARTINS,2024-10-27 06:13:11,147.9,3.8,-24.659761,-42.848688
RAUL MARTINS,2024-10-27 06:18:40,159.8,3.8,-24.664786,-42.845548
RAUL MARTINS,2024-10-27 06:32:50,129.9,3.8,-24.67721,-42.836631
RAUL MARTINS,2024-10-27 06:38:59,139.5,3.9,-24.68238,-42.832348
RAUL MARTINS,2024-10-27 06:55:21,141.0,3.7,-24.695588,-42.820036
RAUL MARTINS,2024-10-27 07:21:40,150.3,2.9,-24.716573,-42.80014
RAUL MARTINS,2024-10-27 07:24:10,123.3,2.0,-24.717813,-42.799021
RAUL MARTINS,2024-10-27 07:27:50,139.1,1.8,-24.719295,-42.79833
RAUL MARTINS,2024-10-27 07:29:39,136.3,1.7,-24.720093,-42.798076
RAUL MARTINS,2024-10-27 07:34:22,160.6,1.7,-24.722001,-42.797166
RAUL MARTINS,2024-10-27 07:56:31,132.2,1.2,-24.72906,-42.79371
RAUL MARTINS,2024-10-27 08:01:09,172.1,1.4,-24.730495,-42.792928
RAUL MARTINS,2024-10-27 08:04:10,152.5,1.6,-24.731655,-42.79246
RAUL MARTINS,2024-10-27 08:11:51,173.4,1.4,-24.734661,-42.791333
RAUL MARTINS,2024-10-27 08:21:00,182.3,1.6,-24.738203,-42.789948
RAUL MARTINS,2024-10-27 08:26:09,150.9,1.3,-24.739906,-42.788993
RAUL MARTINS,2024-10-27 08:45:51,313.2,6.5,-24.73538,-42.800513
RAUL MARTINS,2024-10-27 08:48:51,326.3,6.7,-24.730821,-42.803735
RAUL MARTINS,2024-10-27 08:51:21,319.5,7.2,-24.726935,-42.806785
RAUL MARTINS,2024-10-27 08:53:31,332.8,6.5,-24.723361,-42.808835
RAUL MARTINS,2024-10-27 09:09:41,89.0,0.5,-24.715673,-42.802811
RAUL MARTINS,2024-10-27 09:10:30,193.2,1.0,-24.715731,-42.802681
RAUL MARTINS,2024-10-27 09:13:41,51.4,0.4,-24.715688,-42.80242
RAUL MARTINS,2024-10-27 09:14:50,335.4,0.6,-24.715573,-42.80247
RAUL MARTINS,2024-10-27 09:16:11,76.7,0.4,-24.715478,-42.802343
RAUL MARTINS,2024-10-27 09:19:30,124.7,1.4,-24.715851,-42.80139
RAUL MARTINS,2024-10-27 09:22:49,167.8,1.4,-24.717171,-42.800908
RAUL MARTINS,2024-10-27 09:25:50,176.6,0.8,-24.718015,-42.800743
RAUL MARTINS,2024-10-27 09:29:00,69.7,0.5,-24.718338,-42.800548
RAUL MARTINS,2024-10-27 09:31:40,324.1,0.3,-24.718263,-42.800501
RAUL MARTINS,2024-10-27 09:49:01,6.0,1.5,-24.714125,-42.80105
RAUL MARTINS,2024-10-27 09:51:31,2.3,1.2,-24.713171,-42.80102
RAUL MARTINS,2024-10-27 09:56:10,355.7,2.6,-24.711278,-42.80099
RAUL MARTINS,2024-10-27 10:03:20,82.8,2.1,-24.709213,-42.798185
RAUL MARTINS,2024-10-27 10:05:30,102.1,1.0,-24.70909,-42.797121
RAUL MARTINS,2024-10-27 10:21:31,172.8,2.2,-24.713326,-42.792166
RAUL MARTINS,2024-10-27 10:24:31,121.5,1.8,-24.71433,-42.79106
RAUL MARTINS,2024-10-27 10:35:02,131.1,1.6,-24.717761,-42.787501
RAUL MARTINS,2024-10-27 10:37:30,160.9,1.7,-24.718775,-42.78684
RAUL MARTINS,2024-10-27 10:37:39,128.0,1.7,-24.718841,-42.786793
RAUL MARTINS,2024-10-27 10:37:50,140.9,1.6,-24.718923,-42.786746
RAUL MARTINS,2024-10-27 10:39:01,144.3,1.4,-24.719391,-42.786455
RAUL MARTINS,2024-10-27 10:39:41,153.7,1.8,-24.71969,-42.786235
RAUL MARTINS,2024-10-27 10:40:01,157.9,1.8,-24.719835,-42.78613
RAUL MARTINS,2024-10-27 10:51:32,161.6,1.7,-24.725531,-42.783328
RAUL MARTINS,2024-10-27 10:53:39,130.1,1.3,-24.726521,-42.782735
RAUL MARTINS,2024-10-27 10:56:39,151.4,2.0,-24.72774,-42.781975
RAUL MARTINS,2024-10-27 11:00:39,152.2,2.2,-24.729578,-42.780946
RAUL MARTINS,2024-10-27 11:03:39,148.7,1.5,-24.730676,-42.779968
RAUL MARTINS,2024-10-27 11:06:01,192.6,1.5,-24.731458,-42.77965
RAUL MARTINS,2024-10-27 11:08:39,124.5,1.1,-24.732111,-42.77945
RAUL MARTINS,2024-10-27 11:14:52,198.7,0.9,-24.733636,-42.779718
RAUL MARTINS,2024-10-27 11:29:10,169.2,0.9,-24.736578,-42.778358
RAUL MARTINS,2024-10-27 11:35:30,77.2,0.7,-24.736891,-42.777323
RAUL MARTINS,2024-10-27 11:47:31,170.9,1.1,-24.739273,-42.774585
RAUL MARTINS,2024-10-27 12:07:00,135.1,0.9,-24.74261,-42.771401
RAUL MARTINS,2024-10-27 12:07:49,173.9,0.7,-24.742793,-42.771368
RAUL MARTINS,2024-10-27 12:08:20,156.8,1.1,-24.742916,-42.771308
RAUL MARTINS,2024-10-27 12:09:40,189.1,0.8,-24.743235,-42.77127
RAUL MARTINS,2024-10-27 12:09:41,189.1,0.8,-24.743235,-42.77127
RAUL MARTINS,2024-10-27 12:11:40,120.8,0.7,-24.743688,-42.771203
RAUL MARTINS,2024-10-27 12:13:20,98.7,0.9,-24.743936,-42.77117
RAUL MARTINS,2024-10-27 12:13:40,94.2,0.8,-24.743958,-42.771155
RAUL MARTINS,2024-10-27 12:14:00,88.9,1.3,-24.74398,-42.771143
RAUL MARTINS,2024-10-27 12:14:01,88.9,1.3,-24.74398,-42.771143
RAUL MARTINS,2024-10-27 12:15:00,236.0,0.5,-24.744026,-42.771181
RAUL MARTINS,2024-10-27 12:24:40,37.1,0.4,-24.743375,-42.770923
RAUL MARTINS,2024-10-27 12:38:51,197.8,0.3,-24.744041,-42.771025
RAUL MARTINS,2024-10-27 12:41:21,175.2,1.0,-24.744358,-42.771223
RAUL MARTINS,2024-10-27 12:46:39,109.8,2.0,-24.745246,-42.771775
RAUL MARTINS,2024-10-27 12:52:50,111.0,0.9,-24.745765,-42.77215
RAUL MARTINS,2024-10-27 12:56:30,222.4,0.2,-24.745926,-42.772496
RAUL MARTINS,2024-10-27 12:58:10,264.8,0.3,-24.745955,-42.772631
RAUL MARTINS,2024-10-27 13:13:49,130.6,0.5,-24.745963,-42.773715
RAUL MARTINS,2024-10-27 13:17:59,239.0,0.7,-24.746396,-42.773961
RAUL MARTINS,2024-10-27 13:20:19,205.4,0.7,-24.746733,-42.774235
RAUL MARTINS,2024-10-27 14:28:10,52.3,0.8,-24.749221,-42.778186
RAUL MARTINS,2024-10-27 14:38:00,153.3,0.6,-24.749553,-42.778485
RAUL MARTINS,2024-10-27 14:42:21,335.0,0.5,-24.749663,-42.77848
RAUL MARTINS,2024-10-27 14:45:40,267.5,0.3,-24.749513,-42.778376
RAUL MARTINS,2024-10-27 14:51:20,157.9,0.8,-24.750016,-42.778553
RAUL MARTINS,2024-10-27 15:09:09,147.1,1.0,-24.752265,-42.779223
RAUL MARTINS,2024-10-27 15:12:39,90.2,0.7,-24.752353,-42.779276
RAUL MARTINS,2024-10-27 15:17:19,294.7,0.7,-24.752105,-42.779586
RAUL MARTINS,2024-10-27 15:46:50,84.3,1.2,-24.751756,-42.780913
RAUL MARTINS,2024-10-27 15:51:41,176.6,0.4,-24.752035,-42.78084
RAUL MARTINS,2024-10-27 15:54:10,128.2,1.3,-24.752568,-42.780846
RAUL MARTINS,2024-10-27 16:21:20,217.6,0.3,-24.752908,-42.781898
RAUL MARTINS,2024-10-27 16:26:31,246.9,0.7,-24.752805,-42.781778
RAUL MARTINS,2024-10-27 16:28:11,253.1,0.1,-24.752853,-42.781838
RAUL MARTINS,2024-10-27 16:29:11,165.7,0.7,-24.752916,-42.78196
RAUL MARTINS,2024-10-27 16:31:20,249.5,0.2,-24.752905,-42.782048
RAUL MARTINS,2024-10-27 16:35:41,95.8,0.1,-24.752926,-42.7821
RAUL MARTINS,2024-10-27 16:52:30,55.8,0.6,-24.752896,-42.782
RAUL MARTINS,2024-10-27 17:01:32,88.5,0.1,-24.752848,-42.781828
RAUL MARTINS,2024-10-27 17:04:01,248.9,0.2,-24.752958,-42.781985
RAUL MARTINS,2024-10-27 17:33:31,60.7,0.6,-24.753283,-42.781521
RAUL MARTINS,2024-10-27 17:39:50,265.1,1.2,-24.753275,-42.781591
RAUL MARTINS,2024-10-27 18:05:50,259.3,0.2,-24.75318,-42.78134
RAUL MARTINS,2024-10-27 18:08:20,27.5,0.6,-24.753221,-42.781433
RAUL MARTINS,2024-10-27 18:13:30,288.2,0.7,-24.75321,-42.781373
RAUL MARTINS,2024-10-27 18:35:48,107.4,0.5,-24.753285,-42.781448
RAUL MARTINS,2024-10-27 18:36:09,69.0,0.7,-24.753283,-42.781475
RAUL MARTINS,2024-10-27 18:40:08,263.4,0.1,-24.753303,-42.781536
RAUL MARTINS,2024-10-27 18:41:08,251.4,0.2,-24.753281,-42.781576
RAUL MARTINS,2024-10-27 18:44:09,58.4,0.1,-24.75327,-42.7815
RAUL MARTINS,2024-10-27 18:45:11,85.0,0.9,-24.753281,-42.781485
RAUL MARTINS,2024-10-27 19:20:10,217.8,1.3,-24.7541,-42.778153
RAUL MARTINS,2024-10-27 19:50:50,110.2,0.4,-24.75482,-42.772995
RAUL MARTINS,2024-10-27 19:55:51,80.3,0.4,-24.755043,-42.772235
RAUL MARTINS,2024-10-27 19:56:01,82.7,0.4,-24.755046,-42.772205
RAUL MARTINS,2024-10-27 19:59:21,167.3,1.2,-24.755101,-42.771645
RAUL MARTINS,2024-10-27 20:02:40,71.6,1.0,-24.755195,-42.771078
RAUL MARTINS,2024-10-27 20:07:20,185.8,1.7,-24.755175,-42.77008
RAUL MARTINS,2024-10-27 20:54:19,74.4,0.3,-24.75566,-42.76116
RAUL MARTINS,2024-10-27 21:40:51,181.7,1.2,-24.755156,-42.752736
RAUL MARTINS,2024-10-27 21:46:01,181.5,1.1,-24.755063,-42.751856
RAUL MARTINS,2024-10-27 21:48:09,217.2,1.8,-24.755071,-42.751471
RAUL MARTINS,2024-10-27 21:48:22,213.6,1.1,-24.755071,-42.751436
RAUL MARTINS,2024-10-27 21:51:30,66.9,0.3,-24.754948,-42.750851
RAUL MARTINS,2024-10-27 21:53:39,83.9,1.2,-24.75496,-42.750515
RAUL MARTINS,2024-10-27 22:44:30,84.5,0.3,-24.754678,-42.741005
RAUL MARTINS,2024-10-27 23:26:30,76.6,0.4,-24.755898,-42.734581
RAUL MARTINS,2024-10-27 23:28:10,84.1,0.2,-24.755861,-42.734518
RAUL MARTINS,2024-10-27 23:32:29,190.9,0.5,-24.756151,-42.734498
RAUL MARTINS,2024-10-27 23:33:30,195.5,1.0,-24.756273,-42.7344
RAUL MARTINS,2024-10-27 23:50:59,52.5,0.7,-24.757191,-42.732151
RAUL MARTINS,2024-10-27 23:52:39,62.5,0.4,-24.75711,-42.732081
RAUL MARTINS,2024-10-27 23:52:49,34.2,0.1,-24.757095,-42.732075
RAUL MARTINS,2024-10-27 23:54:39,86.1,0.2,-24.757031,-42.731878
RAUL MARTINS,2024-10-27 23:55:49,67.4,0.6,-24.75698,-42.731778
RAUL MARTINS,2024-10-27 23:56:49,265.2,0.7,-24.756945,-42.731748
RAUL MARTINS,2024-10-28 00:28:40,71.6,0.1,-24.75597,-42.729951
RAUL MARTINS,2024-10-28 00:29:11,64.7,0.1,-24.75597,-42.729938
RAUL MARTINS,2024-10-28 00:30:11,68.3,0.2,-24.75594,-42.729916
RAUL MARTINS,2024-10-28 00:30:50,50.8,0.3,-24.755906,-42.729896
RAUL MARTINS,2024-10-28 00:31:20,57.3,0.0,-24.75589,-42.729898
RAUL MARTINS,2024-10-28 00:32:11,74.3,0.1,-24.75589,-42.729833
RAUL MARTINS,2024-10-28 00:35:11,84.8,0.4,-24.7558,-42.729515
RAUL MARTINS,2024-10-28 00:37:21,56.8,1.1,-24.75577,-42.729575
RAUL MARTINS,2024-10-28 01:14:31,81.6,0.2,-24.755458,-42.7285
RAUL MARTINS,2024-10-28 01:16:01,47.7,0.2,-24.755458,-42.72837
RAUL MARTINS,2024-10-28 01:18:11,81.5,0.6,-24.755416,-42.728315
RAUL MARTINS,2024-10-28 02:01:10,74.2,0.2,-24.755185,-42.727746
RAUL MARTINS,2024-10-28 02:01:50,73.6,0.9,-24.755168,-42.727653
RAUL MARTINS,2024-10-28 02:02:10,58.6,0.8,-24.755133,-42.727611
RAUL MARTINS,2024-10-28 02:02:19,50.6,0.9,-24.755106,-42.727588
RAUL MARTINS,2024-10-28 02:03:19,81.3,0.3,-24.755078,-42.727468
RAUL MARTINS,2024-10-28 02:03:39,86.7,0.3,-24.755068,-42.727453
RAUL MARTINS,2024-10-28 02:11:20,184.3,0.9,-24.755126,-42.72751
RAUL MARTINS,2024-10-28 02:25:02,186.2,0.1,-24.755106,-42.727175
RAUL MARTINS,2024-10-28 02:29:50,76.2,0.9,-24.755026,-42.727155
RAUL MARTINS,2024-10-28 02:57:00,274.5,0.3,-24.754823,-42.726781
RAUL MARTINS,2024-10-28 03:05:19,265.8,0.4,-24.754796,-42.72675
RAUL MARTINS,2024-10-28 03:25:19,94.9,0.1,-24.754786,-42.72671
RAUL MARTINS,2024-10-28 03:33:29,265.5,0.5,-24.754751,-42.726656
RAUL MARTINS,2024-10-28 03:36:11,78.7,1.3,-24.754841,-42.726583
RAUL MARTINS,2024-10-28 03:38:29,51.7,0.2,-24.754811,-42.726626
RAUL MARTINS,2024-10-28 03:55:30,147.4,0.2,-24.754686,-42.726263
RAUL MARTINS,2024-10-28 03:58:10,257.2,0.5,-24.754673,-42.726185
RAUL MARTINS,2024-10-28 04:12:42,73.3,0.5,-24.75474,-42.726421
RAUL MARTINS,2024-10-28 04:15:00,251.7,0.2,-24.754706,-42.72636
RAUL MARTINS,2024-10-28 04:38:00,118.1,0.2,-24.754651,-42.725998
RAUL MARTINS,2024-10-28 04:41:30,276.4,0.1,-24.754655,-42.726143
RAUL MARTINS,2024-10-28 04:43:00,131.1,0.7,-24.754646,-42.726248
RAUL MARTINS,2024-10-28 04:50:41,76.3,0.7,-24.75465,-42.726281
RAUL MARTINS,2024-10-28 05:14:21,79.5,0.8,-24.754755,-42.726628
RAUL MARTINS,2024-10-28 05:22:02,80.9,1.1,-24.754726,-42.726593
RAUL MARTINS,2024-10-28 05:32:50,258.5,0.0,-24.754833,-42.726863
RAUL MARTINS,2024-10-28 05:35:11,262.2,0.2,-24.754858,-42.727121
RAUL MARTINS,2024-10-28 05:39:50,67.0,1.2,-24.754878,-42.727118
RAUL MARTINS,2024-10-28 06:27:02,79.4,0.4,-24.754981,-42.727531
RAUL MARTINS,2024-10-28 06:30:20,251.9,0.3,-24.755005,-42.727518
RAUL MARTINS,2024-10-28 06:34:22,54.1,0.6,-24.755015,-42.727645
RAUL MARTINS,2024-10-28 07:00:40,85.2,0.8,-24.755165,-42.727995
RAUL MARTINS,2024-10-28 07:17:30,255.4,0.8,-24.755308,-42.728436
RAUL MARTINS,2024-10-28 07:22:40,250.4,0.5,-24.755265,-42.72834
RAUL MARTINS,2024-10-28 07:25:32,82.0,1.1,-24.755283,-42.728386
RAUL MARTINS,2024-10-28 07:39:40,238.0,1.1,-24.755295,-42.728515
RAUL MARTINS,2024-10-28 08:09:31,252.4,1.3,-24.755288,-42.728613
RAUL MARTINS,2024-10-28 08:13:31,235.8,0.4,-24.755351,-42.728766
RAUL MARTINS,2024-10-28 08:17:41,223.5,0.1,-24.755388,-42.728886
RAUL MARTINS,2024-10-28 08:22:21,240.4,0.5,-24.755431,-42.729076
RAUL MARTINS,2024-10-28 08:44:10,166.9,0.4,-24.757225,-42.728463
RAUL MARTINS,2024-10-28 08:50:50,210.5,0.3,-24.757955,-42.728275
RAUL MARTINS,2024-10-28 08:57:20,108.1,0.6,-24.758678,-42.728135
RAUL MARTINS,2024-10-28 09:01:11,171.7,0.6,-24.758998,-42.727828
RAUL MARTINS,2024-10-28 09:04:51,190.7,0.4,-24.759418,-42.727613
RAUL MARTINS,2024-10-28 09:26:50,88.7,0.6,-24.761595,-42.72659
RAUL MARTINS,2024-10-28 09:33:01,138.4,0.5,-24.762266,-42.726331
RAUL MARTINS,2024-10-28 09:36:11,132.8,0.5,-24.762616,-42.726101
RAUL MARTINS,2024-10-28 09:38:49,235.9,0.3,-24.762883,-42.726048
RAUL MARTINS,2024-10-28 09:57:10,120.6,0.2,-24.76489,-42.725445
RAUL MARTINS,2024-10-28 10:09:20,225.6,0.9,-24.76612,-42.724785
RAUL MARTINS,2024-10-28 10:14:10,140.3,0.4,-24.766568,-42.724485
RAUL MARTINS,2024-10-28 10:31:42,145.3,0.0,-24.768088,-42.723825
RAUL MARTINS,2024-10-28 10:34:50,265.7,0.6,-24.768138,-42.723791
RAUL MARTINS,2024-10-28 10:37:11,268.1,0.6,-24.768145,-42.723775
RAUL MARTINS,2024-10-28 10:39:51,70.7,0.5,-24.768095,-42.723641
RAUL MARTINS,2024-10-28 10:44:10,225.6,0.3,-24.768051,-42.723568
RAUL MARTINS,2024-10-28 10:49:11,187.1,0.1,-24.768051,-42.723676
RAUL MARTINS,2024-10-28 11:04:30,335.5,0.3,-24.768081,-42.723725
RAUL MARTINS,2024-10-28 11:06:49,77.9,0.9,-24.768085,-42.723775
RAUL MARTINS,2024-10-28 11:11:09,86.2,0.2,-24.76817,-42.723871
RAUL MARTINS,2024-10-28 11:14:59,12.1,0.0,-24.76815,-42.723953
RAUL MARTINS,2024-10-28 11:18:30,89.2,0.2,-24.768195,-42.723961
RAUL MARTINS,2024-10-28 11:23:20,247.4,0.5,-24.7682,-42.72405
RAUL MARTINS,2024-10-28 11:40:29,252.8,0.4,-24.768345,-42.724405
RAUL MARTINS,2024-10-28 11:43:09,70.7,0.5,-24.768376,-42.724458
RAUL MARTINS,2024-10-28 11:45:50,235.4,0.1,-24.76837,-42.724456
RAUL MARTINS,2024-10-28 11:55:10,62.9,0.7,-24.76841,-42.724518
RAUL MARTINS,2024-10-28 11:58:40,62.1,0.8,-24.768395,-42.724431
RAUL MARTINS,2024-10-28 12:02:50,68.8,0.5,-24.768451,-42.724581
RAUL MARTINS,2024-10-28 12:04:21,65.7,0.0,-24.768478,-42.724571
RAUL MARTINS,2024-10-28 12:04:50,64.6,0.9,-24.76848,-42.724583
RAUL MARTINS,2024-10-28 12:05:00,66.0,1.1,-24.76848,-42.724581
RAUL MARTINS,2024-10-28 12:05:40,85.2,0.1,-24.76849,-42.724601
RAUL MARTINS,2024-10-28 12:05:50,248.1,0.2,-24.768493,-42.724608
RAUL MARTINS,2024-10-28 12:06:09,50.5,0.3,-24.768525,-42.724595
RAUL MARTINS,2024-10-28 12:07:00,280.4,0.1,-24.768533,-42.724651
RAUL MARTINS,2024-10-28 12:16:40,237.7,0.6,-24.76863,-42.724928
RAUL MARTINS,2024-10-28 12:19:40,63.4,0.4,-24.76862,-42.72492
RAUL MARTINS,2024-10-28 12:27:31,257.7,0.2,-24.768716,-42.725073
RAUL MARTINS,2024-10-28 12:30:09,291.5,0.1,-24.768725,-42.725091
RAUL MARTINS,2024-10-28 12:30:20,276.9,0.3,-24.768735,-42.725106
RAUL MARTINS,2024-10-28 12:32:51,67.1,0.3,-24.768735,-42.72515
RAUL MARTINS,2024-10-28 12:33:50,234.5,1.1,-24.768743,-42.725103
RAUL MARTINS,2024-10-28 12:37:49,64.4,0.9,-24.768781,-42.72514
RAUL MARTINS,2024-10-28 12:49:10,42.5,0.5,-24.768775,-42.725133
RAUL MARTINS,2024-10-28 12:51:29,215.1,0.7,-24.768761,-42.72517
RAUL MARTINS,2024-10-28 12:59:39,56.7,0.7,-24.768795,-42.72522
RAUL MARTINS,2024-10-28 13:06:41,303.1,0.5,-24.76874,-42.725091
RAUL MARTINS,2024-10-28 13:29:50,113.8,0.6,-24.769923,-42.724128
RAUL MARTINS,2024-10-28 14:12:21,41.5,0.7,-24.770871,-42.723625
RAUL MARTINS,2024-10-28 14:16:11,234.0,0.6,-24.770858,-42.723576
RAUL MARTINS,2024-10-28 14:39:40,50.3,0.4,-24.770805,-42.723445
RAUL MARTINS,2024-10-28 14:49:21,246.0,0.5,-24.770776,-42.723405
RAUL MARTINS,2024-10-28 14:52:51,38.2,0.2,-24.770818,-42.723421
RAUL MARTINS,2024-10-28 15:19:51,233.8,0.7,-24.771486,-42.722845
RAUL MARTINS,2024-10-28 15:22:00,64.9,0.2,-24.771471,-42.722835
RAUL MARTINS,2024-10-28 15:24:01,247.2,0.6,-24.771496,-42.722883
RAUL MARTINS,2024-10-28 15:27:12,237.2,0.5,-24.771506,-42.722928
RAUL MARTINS,2024-10-28 15:33:41,140.4,0.3,-24.771531,-42.722941
RAUL MARTINS,2024-10-28 15:40:38,250.6,0.8,-24.77153,-42.722978
RAUL MARTINS,2024-10-28 15:40:48,269.1,0.4,-24.771528,-42.72298
RAUL MARTINS,2024-10-28 15:40:59,15.3,0.3,-24.771526,-42.72298
RAUL MARTINS,2024-10-28 15:41:29,62.4,0.5,-24.771548,-42.723006
RAUL MARTINS,2024-10-28 15:41:59,236.1,0.8,-24.771526,-42.723035
RAUL MARTINS,2024-10-28 15:42:30,240.9,0.8,-24.771515,-42.72301
RAUL MARTINS,2024-10-28 15:42:38,242.4,0.5,-24.77151,-42.722995
RAUL MARTINS,2024-10-28 15:43:09,131.3,0.0,-24.771531,-42.72297
RAUL MARTINS,2024-10-28 15:43:38,64.8,0.2,-24.771525,-42.72295
RAUL MARTINS,2024-10-28 15:43:48,55.1,0.7,-24.771525,-42.722945
RAUL MARTINS,2024-10-28 15:45:38,243.3,0.0,-24.771535,-42.722983
RAUL MARTINS,2024-10-28 15:54:30,227.8,0.9,-24.771515,-42.72296
RAUL MARTINS,2024-10-28 16:03:21,39.2,1.0,-24.771583,-42.722978
RAUL MARTINS,2024-10-28 16:29:20,109.5,0.2,-24.771651,-42.723078
RAUL MARTINS,2024-10-28 16:31:41,233.7,0.6,-24.771721,-42.723125
RAUL MARTINS,2024-10-28 16:34:30,53.4,0.5,-24.771671,-42.722956
RAUL MARTINS,2024-10-28 16:36:40,325.2,0.0,-24.771598,-42.722936
RAUL MARTINS,2024-10-28 17:06:31,63.7,0.2,-24.771543,-42.722861
RAUL MARTINS,2024-10-28 17:10:31,235.3,0.2,-24.771496,-42.722848
RAUL MARTINS,2024-10-28 17:13:28,36.1,0.3,-24.771536,-42.722873
RAUL MARTINS,2024-10-28 17:13:31,36.1,0.3,-24.771536,-42.722873
RAUL MARTINS,2024-10-28 17:13:47,245.5,0.2,-24.771541,-42.722888
RAUL MARTINS,2024-10-28 17:14:10,256.9,0.3,-24.771543,-42.722895
RAUL MARTINS,2024-10-28 17:14:17,28.6,0.3,-24.77154,-42.722898
RAUL MARTINS,2024-10-28 17:14:47,3.6,0.6,-24.771551,-42.72293
RAUL MARTINS,2024-10-28 17:15:38,237.3,0.4,-24.77155,-42.722941
RAUL MARTINS,2024-10-28 17:15:41,237.3,0.4,-24.77155,-42.722941
RAUL MARTINS,2024-10-28 17:15:47,228.4,0.1,-24.771548,-42.722933
RAUL MARTINS,2024-10-28 17:16:59,72.0,0.1,-24.771526,-42.722888
RAUL MARTINS,2024-10-28 17:17:17,45.9,0.1,-24.771523,-42.722883
RAUL MARTINS,2024-10-28 17:17:27,26.0,0.1,-24.771515,-42.722878
RAUL MARTINS,2024-10-28 17:17:47,256.0,0.4,-24.771505,-42.722876
RAUL MARTINS,2024-10-28 17:18:08,260.6,0.4,-24.77149,-42.722868
RAUL MARTINS,2024-10-28 17:18:11,260.6,0.4,-24.77149,-42.722868
RAUL MARTINS,2024-10-28 17:18:18,289.5,0.6,-24.771475,-42.722858
RAUL MARTINS,2024-10-28 17:18:38,337.9,0.3,-24.771446,-42.722856
RAUL MARTINS,2024-10-28 17:19:27,321.3,0.4,-24.771406,-42.722931
RAUL MARTINS,2024-10-28 17:20:08,253.0,0.7,-24.77137,-42.722985
RAUL MARTINS,2024-10-28 17:22:28,215.9,0.3,-24.771398,-42.723006
RAUL MARTINS,2024-10-28 17:40:50,10.3,0.3,-24.771376,-42.722943
RAUL MARTINS,2024-10-28 17:48:40,232.0,0.1,-24.771378,-42.722908
RAUL MARTINS,2024-10-28 18:16:10,112.3,0.0,-24.771356,-42.722976
RAUL MARTINS,2024-10-28 18:19:11,232.5,0.5,-24.771366,-42.722955
RAUL MARTINS,2024-10-28 18:50:50,43.7,0.5,-24.771453,-42.723088
RAUL MARTINS,2024-10-28 18:52:51,238.1,0.7,-24.771473,-42.723098
RAUL MARTINS,2024-10-28 18:58:10,70.9,0.0,-24.771471,-42.723066
RAUL MARTINS,2024-10-28 18:59:10,34.5,0.2,-24.771456,-42.723068
RAUL MARTINS,2024-10-28 19:01:20,225.9,0.5,-24.771441,-42.72305
RAUL MARTINS,2024-10-28 19:23:30,41.8,0.4,-24.771518,-42.723063
RAUL MARTINS,2024-10-28 19:26:00,79.9,0.2,-24.771496,-42.723041
RAUL MARTINS,2024-10-28 19:59:10,27.1,0.1,-24.771561,-42.723123
RAUL MARTINS,2024-10-28 20:40:51,43.1,0.4,-24.771776,-42.723365
RAUL MARTINS,2024-10-28 20:43:40,26.7,0.3,-24.771745,-42.723358
RAUL MARTINS,2024-10-28 20:44:31,235.8,0.8,-24.771766,-42.723353
RAUL MARTINS,2024-10-28 20:47:52,223.9,0.7,-24.771771,-42.72341
RAUL MARTINS,2024-10-28 20:53:20,169.8,0.3,-24.77186,-42.723413
RAUL MARTINS,2024-10-28 21:38:40,237.9,0.7,-24.771711,-42.723388
RAUL MARTINS,2024-10-28 22:26:11,77.1,0.3,-24.771853,-42.723431
RAUL MARTINS,2024-10-28 22:28:12,35.2,0.1,-24.771776,-42.723401
RAUL MARTINS,2024-10-28 22:32:21,228.0,1.0,-24.771688,-42.723361
RAUL MARTINS,2024-10-28 22:32:31,245.2,0.8,-24.77168,-42.723346
RAUL MARTINS,2024-10-28 22:34:50,242.8,0.3,-24.771666,-42.72326
RAUL MARTINS,2024-10-28 23:16:19,357.6,0.3,-24.77182,-42.723376
RAUL MARTINS,2024-10-28 23:27:11,254.6,0.2,-24.771866,-42.723493
RAUL MARTINS,2024-10-28 23:38:30,239.5,0.1,-24.771723,-42.723423
RAUL MARTINS,2024-10-28 23:38:59,58.3,0.5,-24.771713,-42.723461
RAUL MARTINS,2024-10-28 23:42:30,19.8,0.2,-24.771876,-42.72349
RAUL MARTINS,2024-10-28 23:43:10,252.6,0.3,-24.771871,-42.723486
RAUL MARTINS,2024-10-28 23:45:49,235.8,0.2,-24.771845,-42.723468
RAUL MARTINS,2024-10-29 00:06:01,37.6,0.1,-24.771806,-42.723355
RAUL MARTINS,2024-10-29 00:06:09,41.8,0.4,-24.77181,-42.72336
RAUL MARTINS,2024-10-29 00:16:51,94.6,0.3,-24.771888,-42.723488
RAUL MARTINS,2024-10-29 00:18:41,45.6,0.2,-24.771823,-42.723433
RAUL MARTINS,2024-10-29 00:20:50,173.1,0.1,-24.77179,-42.723435
RAUL MARTINS,2024-10-29 00:46:59,280.2,0.2,-24.771818,-42.723451
RAUL MARTINS,2024-10-29 01:06:50,174.6,0.2,-24.771946,-42.72355
RAUL MARTINS,2024-10-29 01:11:31,121.1,0.3,-24.77186,-42.723426
RAUL MARTINS,2024-10-29 01:12:40,228.9,0.2,-24.771841,-42.723431
RAUL MARTINS,2024-10-29 01:13:09,192.5,0.1,-24.771871,-42.723431
RAUL MARTINS,2024-10-29 01:13:49,168.8,0.1,-24.771891,-42.723461
RAUL MARTINS,2024-10-29 01:14:09,35.2,0.2,-24.771893,-42.723463
RAUL MARTINS,2024-10-29 01:14:39,222.1,0.0,-24.771891,-42.723473
RAUL MARTINS,2024-10-29 01:14:59,51.5,0.5,-24.771876,-42.723455
RAUL MARTINS,2024-10-29 01:15:09,96.8,0.2,-24.771876,-42.72346
RAUL MARTINS,2024-10-29 01:16:21,177.5,0.4,-24.771885,-42.723481
RAUL MARTINS,2024-10-29 01:16:31,197.8,0.1,-24.771888,-42.723483
RAUL MARTINS,2024-10-29 01:16:49,59.8,0.4,-24.771881,-42.723475
RAUL MARTINS,2024-10-29 01:17:09,137.2,0.1,-24.771891,-42.723473
RAUL MARTINS,2024-10-29 01:18:01,55.0,0.5,-24.771903,-42.723446
RAUL MARTINS,2024-10-29 01:18:49,56.8,0.3,-24.771905,-42.723461
RAUL MARTINS,2024-10-29 01:19:01,63.8,0.1,-24.771911,-42.72347
RAUL MARTINS,2024-10-29 01:20:31,216.7,0.2,-24.771941,-42.723533
RAUL MARTINS,2024-10-29 01:21:51,268.6,0.2,-24.771953,-42.723551
RAUL MARTINS,2024-10-29 01:27:31,110.2,0.2,-24.771921,-42.723486
RAUL MARTINS,2024-10-29 01:37:21,77.3,0.5,-24.771795,-42.723341
RAUL MARTINS,2024-10-29 01:41:50,186.6,0.1,-24.771896,-42.723501
RAUL MARTINS,2024-10-29 01:43:30,49.3,0.0,-24.771923,-42.72347
RAUL MARTINS,2024-10-29 01:43:40,350.9,0.1,-24.771935,-42.723456
RAUL MARTINS,2024-10-29 01:44:09,26.3,0.4,-24.771918,-42.723466
RAUL MARTINS,2024-10-29 01:59:21,35.1,0.2,-24.771878,-42.723493
RAUL MARTINS,2024-10-29 02:03:40,27.2,0.3,-24.771815,-42.723401
RAUL MARTINS,2024-10-29 02:30:00,35.3,0.1,-24.771903,-42.723511
RAUL MARTINS,2024-10-29 02:33:21,90.6,0.3,-24.771855,-42.723541
RAUL MARTINS,2024-10-29 02:35:41,74.0,0.1,-24.771803,-42.723473
RAUL MARTINS,2024-10-29 02:38:41,226.4,0.2,-24.771908,-42.723526
RAUL MARTINS,2024-10-29 02:50:31,199.5,0.2,-24.771745,-42.7235
RAUL MARTINS,2024-10-29 02:53:39,231.2,0.7,-24.77169,-42.72346
RAUL MARTINS,2024-10-29 02:56:01,121.5,0.1,-24.771686,-42.723376
RAUL MARTINS,2024-10-29 03:07:01,36.4,0.2,-24.771826,-42.72358
RAUL MARTINS,2024-10-29 03:11:01,197.4,0.2,-24.771805,-42.723483
RAUL MARTINS,2024-10-29 03:14:21,59.0,0.2,-24.771795,-42.723548
RAUL MARTINS,2024-10-29 03:40:12,43.1,0.8,-24.77177,-42.723418
RAUL MARTINS,2024-10-29 03:48:11,206.9,0.2,-24.771803,-42.723485
RAUL MARTINS,2024-10-29 03:50:51,247.1,0.2,-24.771781,-42.723443
RAUL MARTINS,2024-10-29 04:18:11,44.0,0.3,-24.771788,-42.723428
RAUL MARTINS,2024-10-29 04:20:31,232.0,0.2,-24.771795,-42.723408
RAUL MARTINS,2024-10-29 04:22:50,218.8,0.5,-24.7718,-42.723415
RAUL MARTINS,2024-10-29 04:43:49,53.5,0.3,-24.771788,-42.723443
RAUL MARTINS,2024-10-29 04:52:31,51.5,0.4,-24.771841,-42.723451
RAUL MARTINS,2024-10-29 04:57:31,208.4,0.3,-24.771823,-42.723563
RAUL MARTINS,2024-10-29 05:28:41,30.2,0.5,-24.771595,-42.72332
RAUL MARTINS,2024-10-29 05:29:21,35.0,0.2,-24.771583,-42.723321
RAUL MARTINS,2024-10-29 05:29:52,51.1,0.7,-24.771571,-42.723323
RAUL MARTINS,2024-10-29 05:31:51,128.3,0.2,-24.771555,-42.723286
RAUL MARTINS,2024-10-29 05:32:31,58.3,0.2,-24.771555,-42.723261
RAUL MARTINS,2024-10-29 05:35:10,220.2,0.8,-24.771571,-42.723281
RAUL MARTINS,2024-10-29 05:37:30,204.2,0.3,-24.771576,-42.7233
RAUL MARTINS,2024-10-29 06:03:21,58.1,0.8,-24.771533,-42.723225
RAUL MARTINS,2024-10-29 06:25:31,63.0,0.0,-24.771621,-42.723318
RAUL MARTINS,2024-10-29 06:28:00,225.1,0.1,-24.771633,-42.723285
RAUL MARTINS,2024-10-29 06:33:51,238.6,0.2,-24.771565,-42.723268
RAUL MARTINS,2024-10-29 06:41:31,56.9,0.0,-24.771521,-42.723161
RAUL MARTINS,2024-10-29 07:08:10,234.3,0.6,-24.771501,-42.723173
RAUL MARTINS,2024-10-29 07:46:09,31.1,0.1,-24.771635,-42.723326
RAUL MARTINS,2024-10-29 07:49:09,216.8,0.5,-24.771626,-42.723373
RAUL MARTINS,2024-10-29 07:54:21,44.0,0.2,-24.771575,-42.72331
RAUL MARTINS,2024-10-29 08:09:21,253.4,0.1,-24.77163,-42.723351
RAUL MARTINS,2024-10-29 08:20:31,62.0,0.4,-24.771576,-42.723271
RAUL MARTINS,2024-10-29 08:33:00,216.9,0.2,-24.771663,-42.723443
RAUL MARTINS,2024-10-29 08:37:00,300.5,0.2,-24.771713,-42.723478
RAUL MARTINS,2024-10-29 08:55:30,51.5,0.3,-24.771555,-42.723253
RAUL MARTINS,2024-10-29 08:57:41,269.0,0.1,-24.771541,-42.723218
RAUL MARTINS,2024-10-29 09:08:00,224.8,0.1,-24.771535,-42.723293
RAUL MARTINS,2024-10-29 09:12:31,324.7,0.4,-24.771606,-42.72335
RAUL MARTINS,2024-10-29 09:32:39,229.3,0.2,-24.771543,-42.723253
RAUL MARTINS,2024-10-29 09:35:00,17.6,0.1,-24.77148,-42.723183
RAUL MARTINS,2024-10-29 09:40:21,36.7,0.1,-24.771445,-42.723145
RAUL MARTINS,2024-10-29 09:43:40,58.9,0.3,-24.77143,-42.723115
RAUL MARTINS,2024-10-29 09:48:00,230.4,0.2,-24.77145,-42.723168
RAUL MARTINS,2024-10-29 10:06:41,242.3,0.2,-24.771625,-42.72337
RAUL MARTINS,2024-10-29 10:10:01,49.4,0.5,-24.77167,-42.723458
RAUL MARTINS,2024-10-29 10:19:29,246.2,0.5,-24.771656,-42.723405
RAUL MARTINS,2024-10-29 10:25:41,37.3,0.1,-24.771655,-42.72344
RAUL MARTINS,2024-10-29 10:36:49,100.0,0.2,-24.771508,-42.723285
RAUL MARTINS,2024-10-29 10:39:39,246.2,0.5,-24.771548,-42.723243
RAUL MARTINS,2024-10-29 10:48:50,227.3,0.8,-24.771543,-42.723266
RAUL MARTINS,2024-10-29 10:50:51,52.8,0.2,-24.771461,-42.72321
RAUL MARTINS,2024-10-29 10:55:51,248.2,0.2,-24.771483,-42.723283
RAUL MARTINS,2024-10-29 10:59:41,52.9,0.9,-24.771545,-42.723321
RAUL MARTINS,2024-10-29 11:15:10,136.7,0.0,-24.771461,-42.72319
RAUL MARTINS,2024-10-29 11:18:22,213.6,0.2,-24.771448,-42.723231
RAUL MARTINS,2024-10-29 11:20:30,227.4,0.8,-24.771458,-42.723275
RAUL MARTINS,2024-10-29 11:29:01,34.9,0.0,-24.77148,-42.723225
RAUL MARTINS,2024-10-29 11:31:11,32.2,0.1,-24.771465,-42.723196
RAUL MARTINS,2024-10-29 11:31:30,223.3,0.1,-24.771473,-42.723198
RAUL MARTINS,2024-10-29 11:49:39,16.5,0.0,-24.771456,-42.723153
RAUL MARTINS,2024-10-29 11:53:10,134.3,0.1,-24.771451,-42.723188
RAUL MARTINS,2024-10-29 11:55:30,254.5,0.3,-24.77149,-42.723213
RAUL MARTINS,2024-10-29 11:56:10,259.7,0.3,-24.771468,-42.723203
RAUL MARTINS,2024-10-29 12:05:39,220.4,0.3,-24.77154,-42.723268
RAUL MARTINS,2024-10-29 12:08:09,210.2,0.2,-24.771543,-42.72327
RAUL MARTINS,2024-10-29 12:08:49,257.9,0.5,-24.77154,-42.72327
RAUL MARTINS,2024-10-29 12:09:20,235.0,0.5,-24.771533,-42.723271
RAUL MARTINS,2024-10-29 12:10:09,49.4,0.3,-24.771505,-42.723263
RAUL MARTINS,2024-10-29 12:10:20,27.2,0.8,-24.771508,-42.723275
RAUL MARTINS,2024-10-29 12:10:30,229.2,0.3,-24.7715,-42.723281
RAUL MARTINS,2024-10-29 12:29:50,207.9,0.0,-24.771576,-42.723346
RAUL MARTINS,2024-10-29 12:43:11,57.5,0.6,-24.771641,-42.723335
RAUL MARTINS,2024-10-29 12:59:21,53.4,0.4,-24.77153,-42.723298
RAUL MARTINS,2024-10-29 13:01:40,48.4,0.8,-24.771528,-42.723253
RAUL MARTINS,2024-10-29 13:05:30,59.0,0.2,-24.77153,-42.723328
RAUL MARTINS,2024-10-29 13:15:01,229.1,0.7,-24.77153,-42.723265
RAUL MARTINS,2024-10-29 13:52:09,227.6,0.2,-24.771651,-42.72347
RAUL MARTINS,2024-10-29 14:26:11,212.5,0.2,-24.77162,-42.723335
RAUL MARTINS,2024-10-29 14:28:40,81.0,0.2,-24.771578,-42.723361
RAUL MARTINS,2024-10-29 14:32:30,50.4,0.3,-24.771575,-42.72334
RAUL MARTINS,2024-10-29 14:57:40,50.2,0.4,-24.77162,-42.7234
RAUL MARTINS,2024-10-29 15:01:30,60.2,0.3,-24.771635,-42.723405
RAUL MARTINS,2024-10-29 15:32:50,45.9,0.2,-24.77158,-42.72339
RAUL MARTINS,2024-10-29 15:36:20,16.7,0.2,-24.771591,-42.72339
RAUL MARTINS,2024-10-29 15:38:30,47.8,0.3,-24.771576,-42.723396
RAUL MARTINS,2024-10-29 16:07:50,202.9,0.2,-24.771673,-42.723468
RAUL MARTINS,2024-10-29 16:09:51,52.6,0.0,-24.771706,-42.723466
RAUL MARTINS,2024-10-29 16:18:21,57.3,0.7,-24.771661,-42.723381
RAUL MARTINS,2024-10-29 16:42:30,235.2,0.5,-24.771783,-42.723515
RAUL MARTINS,2024-10-29 16:45:50,217.8,0.1,-24.771711,-42.723516
RAUL MARTINS,2024-10-29 17:12:51,27.3,0.1,-24.771791,-42.723576
RAUL MARTINS,2024-10-29 17:52:49,31.9,0.2,-24.771971,-42.723728
RAUL MARTINS,2024-10-29 17:56:20,223.2,0.2,-24.772023,-42.723793
RAUL MARTINS,2024-10-29 17:58:59,56.0,0.2,-24.772035,-42.723781
RAUL MARTINS,2024-10-29 18:00:21,41.3,0.7,-24.772021,-42.723781
RAUL MARTINS,2024-10-29 18:03:10,212.5,0.1,-24.772043,-42.723813
RAUL MARTINS,2024-10-29 18:25:00,218.9,0.4,-24.772168,-42.723956
RAUL MARTINS,2024-10-29 18:31:30,37.3,0.5,-24.772158,-42.723903
RAUL MARTINS,2024-10-29 19:46:01,68.6,0.3,-24.772483,-42.724111
RAUL MARTINS,2024-10-29 20:41:50,169.9,0.1,-24.77273,-42.724308
RAUL MARTINS,2024-10-29 20:44:00,232.0,0.1,-24.772761,-42.724335
RAUL MARTINS,2024-10-29 21:27:41,241.8,0.2,-24.772818,-42.724368
RAUL MARTINS,2024-10-29 21:33:00,43.2,0.1,-24.772826,-42.724371
RAUL MARTINS,2024-10-29 21:33:21,15.4,0.2,-24.772828,-42.724366
RAUL MARTINS,2024-10-29 21:36:10,213.3,0.2,-24.772818,-42.72438
RAUL MARTINS,2024-10-29 22:26:50,214.6,0.3,-24.772905,-42.724328
RAUL MARTINS,2024-10-29 23:14:21,28.9,0.2,-24.772796,-42.724268
RAUL MARTINS,2024-10-29 23:18:20,56.0,0.1,-24.77285,-42.724235
RAUL MARTINS,2024-10-29 23:19:00,212.4,0.4,-24.77281,-42.724266
RAUL MARTINS,2024-10-30 01:00:39,3.4,0.2,-24.77265,-42.724195
RAUL MARTINS,2024-10-30 01:03:50,29.2,0.1,-24.77259,-42.724141
RAUL MARTINS,2024-10-30 01:08:00,25.9,0.0,-24.772593,-42.724155
RAUL MARTINS,2024-10-30 01:08:19,205.2,0.1,-24.772601,-42.724165
RAUL MARTINS,2024-10-30 01:19:00,32.8,0.4,-24.772653,-42.724208
RAUL MARTINS,2024-10-30 01:22:21,190.4,0.2,-24.772696,-42.724241
RAUL MARTINS,2024-10-30 01:22:59,171.2,0.0,-24.772706,-42.724231
RAUL MARTINS,2024-10-30 01:23:21,156.8,0.1,-24.772688,-42.724236
RAUL MARTINS,2024-10-30 01:23:51,203.7,0.3,-24.77269,-42.72423
RAUL MARTINS,2024-10-30 01:23:59,38.4,0.2,-24.772688,-42.724225
RAUL MARTINS,2024-10-30 01:35:21,34.7,0.2,-24.772583,-42.724155
RAUL MARTINS,2024-10-30 01:52:00,34.8,0.1,-24.772478,-42.724103
RAUL MARTINS,2024-10-30 02:12:19,189.8,0.2,-24.772333,-42.723951
RAUL MARTINS,2024-10-30 02:43:00,215.4,0.3,-24.772366,-42.72403
RAUL MARTINS,2024-10-30 02:46:40,219.7,0.2,-24.772368,-42.724098
RAUL MARTINS,2024-10-30 02:49:30,207.3,0.5,-24.772333,-42.724041
RAUL MARTINS,2024-10-30 03:13:31,27.8,0.4,-24.772478,-42.724155
RAUL MARTINS,2024-10-30 03:19:30,60.9,0.1,-24.772488,-42.724148
RAUL MARTINS,2024-10-30 03:23:41,359.6,0.1,-24.772453,-42.724153
RAUL MARTINS,2024-10-30 03:39:50,54.0,0.1,-24.772433,-42.724093
RAUL MARTINS,2024-10-30 03:49:50,334.6,0.2,-24.772481,-42.724101
RAUL MARTINS,2024-10-30 03:54:40,196.3,0.1,-24.772521,-42.724118
RAUL MARTINS,2024-10-30 04:23:40,352.6,0.6,-24.771606,-42.726688
RAUL MARTINS,2024-10-30 04:27:22,265.7,0.4,-24.771421,-42.727053
RAUL MARTINS,2024-10-30 04:29:40,332.0,0.5,-24.771296,-42.727291
RAUL MARTINS,2024-10-30 04:30:20,292.9,0.4,-24.77127,-42.727371
RAUL MARTINS,2024-10-30 04:32:29,356.6,0.7,-24.771216,-42.727635
RAUL MARTINS,2024-10-30 04:34:19,338.9,0.5,-24.771133,-42.727843
RAUL MARTINS,2024-10-30 04:35:49,292.8,0.3,-24.771063,-42.728011
RAUL MARTINS,2024-10-30 04:38:10,336.4,0.5,-24.770933,-42.72828
RAUL MARTINS,2024-10-30 05:06:21,305.1,0.8,-24.769513,-42.732011
RAUL MARTINS,2024-10-30 05:26:11,285.9,0.6,-24.768436,-42.735421
RAUL MARTINS,2024-10-30 05:39:30,272.0,0.5,-24.76759,-42.737686
RAUL MARTINS,2024-10-30 06:06:51,19.4,0.2,-24.766386,-42.741665
RAUL MARTINS,2024-10-30 06:09:59,30.3,0.1,-24.766398,-42.741678
RAUL MARTINS,2024-10-30 06:12:29,61.6,0.1,-24.766473,-42.74163
RAUL MARTINS,2024-10-30 06:14:00,13.1,0.2,-24.766456,-42.741671
RAUL MARTINS,2024-10-30 06:20:10,44.5,0.1,-24.766425,-42.741641
RAUL MARTINS,2024-10-30 06:50:01,44.7,0.2,-24.766225,-42.741506
RAUL MARTINS,2024-10-30 07:08:10,40.0,0.1,-24.766196,-42.74141
RAUL MARTINS,2024-10-30 07:22:39,53.0,0.4,-24.76636,-42.741403
RAUL MARTINS,2024-10-30 07:25:30,11.2,0.2,-24.766255,-42.741371
RAUL MARTINS,2024-10-30 07:37:10,267.8,0.4,-24.765043,-42.742463
RAUL MARTINS,2024-10-30 07:55:01,16.5,0.2,-24.76445,-42.742015
RAUL MARTINS,2024-10-30 07:57:41,50.3,0.0,-24.764363,-42.741995
RAUL MARTINS,2024-10-30 08:00:21,52.7,0.2,-24.764295,-42.741906
RAUL MARTINS,2024-10-30 08:02:40,91.6,0.2,-24.764306,-42.741633
RAUL MARTINS,2024-10-30 08:04:30,141.4,0.5,-24.764381,-42.74145
RAUL MARTINS,2024-10-30 08:16:01,241.6,0.4,-24.764,-42.741368
RAUL MARTINS,2024-10-30 08:27:32,78.7,0.2,-24.763641,-42.740955
RAUL MARTINS,2024-10-30 08:29:50,71.8,0.1,-24.763633,-42.740725
RAUL MARTINS,2024-10-30 08:32:10,43.9,0.3,-24.763601,-42.740575
RAUL MARTINS,2024-10-30 08:34:40,49.6,0.2,-24.763563,-42.74034
RAUL MARTINS,2024-10-30 08:37:40,18.9,0.1,-24.763441,-42.740175
RAUL MARTINS,2024-10-30 08:44:10,319.0,1.3,-24.762398,-42.741266
RAUL MARTINS,2024-10-30 08:48:11,291.1,2.0,-24.761278,-42.742783
RAUL MARTINS,2024-10-30 09:09:40,345.9,0.8,-24.757281,-42.748371
RAUL MARTINS,2024-10-30 09:12:00,83.8,0.4,-24.757323,-42.748281
RAUL MARTINS,2024-10-30 09:22:00,46.8,2.1,-24.754868,-42.74436
RAUL MARTINS,2024-10-30 09:50:49,29.6,3.8,-24.735423,-42.733758
RAUL MARTINS,2024-10-30 09:56:11,355.2,4.9,-24.729196,-42.731671
RAUL MARTINS,2024-10-30 10:16:31,341.9,11.3,-24.682768,-42.746701
RAUL MARTINS,2024-10-30 10:20:31,344.3,11.8,-24.67057,-42.750298
RAUL MARTINS,2024-10-30 10:50:50,340.5,12.3,-24.57182,-42.786245
RAUL MARTINS,2024-10-30 10:55:21,344.6,12.3,-24.557341,-42.792085
RAUL MARTINS,2024-10-30 10:57:51,345.8,12.1,-24.54909,-42.794161
RAUL MARTINS,2024-10-30 11:23:01,344.2,12.4,-24.467246,-42.821648
RAUL MARTINS,2024-10-30 11:28:31,345.6,12.4,-24.449093,-42.82764
RAUL MARTINS,2024-10-30 11:31:10,350.6,12.4,-24.440078,-42.82955
RAUL MARTINS,2024-10-30 11:35:30,349.1,12.5,-24.425171,-42.832543
RAUL MARTINS,2024-10-30 11:36:10,349.6,12.5,-24.422908,-42.833031
RAUL MARTINS,2024-10-30 11:36:31,348.5,12.5,-24.42177,-42.833273
RAUL MARTINS,2024-10-30 11:37:20,349.2,12.5,-24.418896,-42.833871
RAUL MARTINS,2024-10-30 11:37:40,348.5,12.5,-24.417701,-42.83413
RAUL MARTINS,2024-10-30 11:37:50,349.7,12.5,-24.417193,-42.834226
RAUL MARTINS,2024-10-30 11:38:59,349.6,12.5,-24.413253,-42.835053
RAUL MARTINS,2024-10-30 11:39:20,349.5,12.4,-24.412081,-42.835305
RAUL MARTINS,2024-10-30 11:39:40,347.7,12.5,-24.410901,-42.835556
RAUL MARTINS,2024-10-30 11:40:40,348.4,12.6,-24.407476,-42.836288
RAUL MARTINS,2024-10-30 11:40:50,349.1,12.4,-24.40691,-42.836405
RAUL MARTINS,2024-10-30 11:40:59,348.1,12.6,-24.406396,-42.836515
RAUL MARTINS,2024-10-30 11:44:50,348.5,12.4,-24.393238,-42.83934
RAUL MARTINS,2024-10-30 11:54:29,348.8,12.2,-24.360633,-42.846521
RAUL MARTINS,2024-10-30 11:55:49,348.7,12.2,-24.356155,-42.847546
RAUL MARTINS,2024-10-30 11:57:49,348.3,12.2,-24.349475,-42.84909
RAUL MARTINS,2024-10-30 12:04:29,347.0,12.2,-24.327318,-42.85435
RAUL MARTINS,2024-10-30 12:35:02,349.1,11.8,-24.228048,-42.880081
RAUL MARTINS,2024-10-30 12:37:20,347.9,11.6,-24.220665,-42.881773
RAUL MARTINS,2024-10-30 12:39:50,346.4,11.6,-24.212821,-42.883708
RAUL MARTINS,2024-10-30 12:42:50,348.4,11.4,-24.203408,-42.88602
RAUL MARTINS,2024-10-30 13:08:20,347.3,11.5,-24.124338,-42.903576
RAUL MARTINS,2024-10-30 13:12:00,347.4,11.4,-24.112951,-42.906225
RAUL MARTINS,2024-10-30 13:12:40,348.3,11.4,-24.110908,-42.906686
RAUL MARTINS,2024-10-30 13:13:31,349.9,11.4,-24.108215,-42.907205
RAUL MARTINS,2024-10-30 13:17:00,351.2,11.3,-24.09731,-42.90924
RAUL MARTINS,2024-10-30 13:17:41,349.8,11.4,-24.095236,-42.909608
RAUL MARTINS,2024-10-30 13:17:50,350.7,11.3,-24.094716,-42.9097
RAUL MARTINS,2024-10-30 13:27:20,349.8,11.4,-24.064991,-42.915331
RAUL MARTINS,2024-10-30 15:12:31,357.7,11.2,-23.744151,-42.975941
RAUL MARTINS,2024-10-30 15:13:41,359.0,11.3,-23.740546,-42.976008
RAUL MARTINS,2024-10-30 15:16:10,358.7,11.3,-23.732743,-42.976178
RAUL MARTINS,2024-10-30 15:37:49,349.3,11.6,-23.66489,-42.986458
RAUL MARTINS,2024-10-30 16:12:29,351.3,11.4,-23.555761,-43.005401
RAUL MARTINS,2024-10-30 16:13:29,351.2,11.4,-23.552576,-43.005935
RAUL MARTINS,2024-10-30 16:14:28,351.6,11.4,-23.54949,-43.006486
RAUL MARTINS,2024-10-30 16:14:49,351.0,11.4,-23.548386,-43.006673
RAUL MARTINS,2024-10-30 16:15:28,352.0,11.4,-23.546403,-43.007026
RAUL MARTINS,2024-10-30 16:17:28,352.1,11.4,-23.540016,-43.008001
RAUL MARTINS,2024-10-30 16:17:58,352.6,11.4,-23.538441,-43.008216
RAUL MARTINS,2024-10-30 16:18:28,352.9,11.4,-23.536851,-43.008421
RAUL MARTINS,2024-10-30 16:54:52,351.6,11.4,-23.422508,-43.025961
RAUL MARTINS,2024-10-30 17:25:32,346.6,11.6,-23.325075,-43.042021
RAUL MARTINS,2024-10-30 17:33:11,346.6,11.6,-23.301025,-43.047903
RAUL MARTINS,2024-10-30 17:46:40,345.0,11.7,-23.258586,-43.05886
RAUL MARTINS,2024-10-30 17:49:10,346.0,11.7,-23.250716,-43.061025
RAUL MARTINS,2024-10-30 17:50:10,346.4,11.7,-23.24753,-43.061893
RAUL MARTINS,2024-10-30 17:50:59,345.7,11.8,-23.244943,-43.062601
RAUL MARTINS,2024-10-30 17:51:59,345.3,11.8,-23.241686,-43.063455
RAUL MARTINS,2024-10-30 18:00:50,344.8,12.0,-23.21338,-43.07129
RAUL MARTINS,2024-10-30 18:03:19,344.2,12.1,-23.205351,-43.073621
RAUL MARTINS,2024-10-30 18:07:19,344.8,12.0,-23.192308,-43.077366
RAUL MARTINS,2024-10-30 18:38:52,339.5,7.7,-23.10029,-43.099326
RAUL MARTINS,2024-10-30 18:45:21,338.8,7.1,-23.087983,-43.104668
RAUL MARTINS,2024-10-30 19:42:50,212.5,1.1,-23.051493,-43.120383
RAUL MARTINS,2024-10-30 20:28:11,179.3,0.2,-23.053485,-43.12158
RAUL MARTINS,2024-10-30 20:32:20,188.9,0.1,-23.053551,-43.12156
RAUL MARTINS,2024-10-30 20:37:01,180.0,0.2,-23.05365,-43.121585
RAUL MARTINS,2024-10-30 21:26:00,345.5,0.4,-23.053871,-43.121505
RAUL MARTINS,2024-10-30 21:28:10,345.8,0.2,-23.0538,-43.121511
RAUL MARTINS,2024-10-30 22:10:21,7.0,0.5,-23.053843,-43.121175
RAUL MARTINS,2024-10-30 22:16:00,9.7,0.1,-23.053831,-43.121105
RAUL MARTINS,2024-10-30 23:11:51,190.0,0.1,-23.053915,-43.121223
RAUL MARTINS,2024-10-30 23:51:38,158.0,0.2,-23.05392,-43.121116
RAUL MARTINS,2024-10-31 00:02:31,10.9,0.3,-23.053731,-43.120968
RAUL MARTINS,2024-10-31 00:35:01,96.1,0.2,-23.053843,-43.121243
RAUL MARTINS,2024-10-31 00:51:20,196.2,0.3,-23.05413,-43.121305
RAUL MARTINS,2024-10-31 00:51:51,176.3,0.3,-23.054123,-43.121291
RAUL MARTINS,2024-10-31 00:52:19,178.0,0.3,-23.05411,-43.121291
RAUL MARTINS,2024-10-31 00:52:20,178.0,0.3,-23.05411,-43.121291
RAUL MARTINS,2024-10-31 00:53:19,195.0,0.3,-23.054103,-43.121308
RAUL MARTINS,2024-10-31 00:53:29,317.7,0.2,-23.054105,-43.121313
RAUL MARTINS,2024-10-31 00:53:51,352.1,0.1,-23.0541,-43.121313
RAUL MARTINS,2024-10-31 00:54:10,352.2,0.2,-23.054093,-43.121326
RAUL MARTINS,2024-10-31 00:54:19,155.0,0.1,-23.054086,-43.121331
RAUL MARTINS,2024-10-31 00:54:29,184.9,0.2,-23.05408,-43.121338
RAUL MARTINS,2024-10-31 00:55:20,124.0,0.2,-23.054068,-43.121363
RAUL MARTINS,2024-10-31 00:56:31,156.8,0.4,-23.054068,-43.121331
RAUL MARTINS,2024-10-31 00:59:00,65.4,0.3,-23.054111,-43.121396
RAUL MARTINS,2024-10-31 00:59:50,160.9,0.5,-23.054096,-43.121351
RAUL MARTINS,2024-10-31 01:07:10,138.1,0.1,-23.054216,-43.12135
RAUL MARTINS,2024-10-31 01:10:40,154.0,0.1,-23.054366,-43.121285
RAUL MARTINS,2024-10-31 01:48:40,26.8,0.1,-23.054288,-43.121433
RAUL MARTINS,2024-10-31 01:49:12,103.4,0.1,-23.054295,-43.121433
RAUL MARTINS,2024-10-31 02:21:50,343.5,0.0,-23.054395,-43.12111
RAUL MARTINS,2024-10-31 02:41:20,12.8,0.1,-23.054188,-43.121268
RAUL MARTINS,2024-10-31 02:46:30,164.7,0.1,-23.05422,-43.121168
RAUL MARTINS,2024-10-31 03:23:20,178.1,0.2,-23.054253,-43.121045
RAUL MARTINS,2024-10-31 03:32:50,296.4,0.1,-23.054255,-43.121108
RAUL MARTINS,2024-10-31 03:57:51,134.4,0.2,-23.054091,-43.121203
RAUL MARTINS,2024-10-31 04:03:11,135.7,0.1,-23.054105,-43.121056
RAUL MARTINS,2024-10-31 04:23:11,341.2,0.3,-23.054291,-43.120756
RAUL MARTINS,2024-10-31 04:26:11,179.1,0.1,-23.054291,-43.120803
RAUL MARTINS,2024-10-31 05:13:30,3.8,0.1,-23.053681,-43.121206
RAUL MARTINS,2024-10-31 05:19:31,176.3,0.3,-23.05372,-43.121195
RAUL MARTINS,2024-10-31 05:22:40,166.5,0.1,-23.053738,-43.121108
RAUL MARTINS,2024-10-31 05:44:30,342.9,0.3,-23.053895,-43.121055
RAUL MARTINS,2024-10-31 06:07:30,7.6,0.2,-23.05393,-43.121371
RAUL MARTINS,2024-10-31 06:10:10,329.1,0.0,-23.053893,-43.121375
RAUL MARTINS,2024-10-31 06:33:39,175.1,0.2,-23.053433,-43.121356
RAUL MARTINS,2024-10-31 07:06:11,196.4,0.5,-23.053645,-43.12111
RAUL MARTINS,2024-10-31 07:08:51,200.5,0.3,-23.053626,-43.121178
RAUL MARTINS,2024-10-31 07:13:40,232.5,0.1,-23.053641,-43.12131
RAUL MARTINS,2024-10-31 07:16:00,207.4,0.2,-23.05361,-43.121386
RAUL MARTINS,2024-10-31 07:34:19,26.8,0.1,-23.053086,-43.121328
RAUL MARTINS,2024-10-31 07:39:11,18.5,0.0,-23.052963,-43.121348
RAUL MARTINS,2024-10-31 07:43:22,202.4,0.3,-23.052838,-43.121353
RAUL MARTINS,2024-10-31 07:45:51,130.1,0.1,-23.052801,-43.121355
RAUL MARTINS,2024-10-31 07:48:22,179.4,0.3,-23.05283,-43.12132
RAUL MARTINS,2024-10-31 08:12:29,311.8,0.1,-23.052546,-43.1212
RAUL MARTINS,2024-10-31 08:14:31,209.2,0.2,-23.052505,-43.121233
RAUL MARTINS,2024-10-31 08:23:19,18.1,0.2,-23.052448,-43.121208
RAUL MARTINS,2024-10-31 08:38:51,173.9,0.2,-23.052503,-43.121188
RAUL MARTINS,2024-10-31 08:41:41,188.3,0.1,-23.052563,-43.121113
RAUL MARTINS,2024-10-31 08:44:01,199.0,0.1,-23.052631,-43.12107
RAUL MARTINS,2024-10-31 08:47:01,67.2,0.2,-23.052748,-43.12099
RAUL MARTINS,2024-10-31 08:53:51,218.0,0.2,-23.052831,-43.120868
RAUL MARTINS,2024-10-31 08:56:09,214.5,0.3,-23.052898,-43.120908
RAUL MARTINS,2024-10-31 08:58:51,331.6,0.4,-23.052973,-43.120968
RAUL MARTINS,2024-10-31 09:17:22,205.7,0.6,-23.052696,-43.12132
RAUL MARTINS,2024-10-31 09:21:02,17.6,0.1,-23.052543,-43.121278
RAUL MARTINS,2024-10-31 09:24:30,10.6,0.2,-23.052348,-43.12122
RAUL MARTINS,2024-10-31 09:30:30,36.7,0.1,-23.052126,-43.12108
RAUL MARTINS,2024-10-31 09:33:00,45.8,0.3,-23.052126,-43.121045
RAUL MARTINS,2024-10-31 09:49:30,31.0,0.2,-23.0527,-43.121053
RAUL MARTINS,2024-10-31 10:29:10,210.0,0.6,-23.052695,-43.121215
RAUL MARTINS,2024-10-31 11:05:11,182.2,0.1,-23.052921,-43.121415
RAUL MARTINS,2024-10-31 11:07:51,26.2,0.4,-23.052963,-43.12139
RAUL MARTINS,2024-10-31 11:15:40,34.2,0.0,-23.052915,-43.121268
RAUL MARTINS,2024-10-31 11:20:09,23.7,0.6,-23.052871,-43.121215
RAUL MARTINS,2024-10-31 11:23:09,198.2,0.5,-23.052848,-43.121213
RAUL MARTINS,2024-10-31 11:25:00,22.9,0.2,-23.05283,-43.121171
RAUL MARTINS,2024-10-31 11:25:19,203.4,0.4,-23.052836,-43.121203
RAUL MARTINS,2024-10-31 11:25:30,221.1,0.3,-23.05283,-43.121216
RAUL MARTINS,2024-10-31 11:25:40,10.4,0.1,-23.05283,-43.121216
RAUL MARTINS,2024-10-31 11:26:00,21.1,0.2,-23.05283,-43.121206
RAUL MARTINS,2024-10-31 11:26:19,206.1,0.4,-23.052836,-43.121203
RAUL MARTINS,2024-10-31 11:27:00,16.3,0.2,-23.052833,-43.121183
RAUL MARTINS,2024-10-31 11:28:00,10.3,0.0,-23.052815,-43.121226
RAUL MARTINS,2024-10-31 11:29:49,248.5,0.1,-23.052783,-43.12122
RAUL MARTINS,2024-10-31 11:32:40,3.5,0.1,-23.05279,-43.121238
RAUL MARTINS,2024-10-31 11:33:50,17.2,0.5,-23.052796,-43.12126
RAUL MARTINS,2024-10-31 11:48:21,29.4,0.3,-23.052621,-43.121266
RAUL MARTINS,2024-10-31 12:10:30,180.5,0.2,-23.05272,-43.121231
RAUL MARTINS,2024-10-31 12:13:49,20.0,0.3,-23.052693,-43.121261
RAUL MARTINS,2024-10-31 12:23:50,195.9,0.5,-23.052718,-43.121251
RAUL MARTINS,2024-10-31 12:48:01,198.8,0.3,-23.052568,-43.121323
RAUL MARTINS,2024-10-31 12:55:59,18.9,0.3,-23.052423,-43.121246
RAUL MARTINS,2024-10-31 13:00:11,6.3,0.1,-23.05233,-43.12125
RAUL MARTINS,2024-10-31 13:05:50,213.7,0.2,-23.052338,-43.121233
RAUL MARTINS,2024-10-31 13:17:52,175.1,0.1,-23.052406,-43.121201
RAUL MARTINS,2024-10-31 13:30:50,21.1,0.4,-23.052655,-43.121281
RAUL MARTINS,2024-10-31 13:35:40,116.5,0.1,-23.052701,-43.121328
RAUL MARTINS,2024-10-31 14:08:50,229.9,0.1,-23.052905,-43.121386
RAUL MARTINS,2024-10-31 14:12:31,26.9,0.0,-23.052801,-43.12139
RAUL MARTINS,2024-10-31 14:42:21,62.1,0.1,-23.052428,-43.121163
RAUL MARTINS,2024-10-31 14:47:31,210.6,0.4,-23.052443,-43.121098
RAUL MARTINS,2024-10-31 15:22:40,221.7,0.3,-23.051925,-43.121153
RAUL MARTINS,2024-10-31 15:57:41,222.2,0.3,-23.051626,-43.120896
RAUL MARTINS,2024-10-31 15:59:52,55.1,0.1,-23.051648,-43.120905
RAUL MARTINS,2024-10-31 16:03:50,44.9,0.4,-23.051705,-43.120928
RAUL MARTINS,2024-10-31 16:24:49,37.0,0.1,-23.051586,-43.120783
RAUL MARTINS,2024-10-31 16:24:50,37.0,0.1,-23.051586,-43.120783
RAUL MARTINS,2024-10-31 16:24:59,39.7,0.2,-23.0516,-43.120791
RAUL MARTINS,2024-10-31 16:25:08,222.3,0.0,-23.051605,-43.120795
RAUL MARTINS,2024-10-31 16:25:39,223.0,0.2,-23.05161,-43.120775
RAUL MARTINS,2024-10-31 16:25:49,42.1,0.1,-23.05161,-43.120771
RAUL MARTINS,2024-10-31 16:25:59,45.3,0.2,-23.051606,-43.120773
RAUL MARTINS,2024-10-31 16:26:59,16.7,0.1,-23.051601,-43.120796
RAUL MARTINS,2024-10-31 16:27:01,16.7,0.1,-23.051601,-43.120796
RAUL MARTINS,2024-10-31 16:27:59,14.1,0.1,-23.051583,-43.12079
RAUL MARTINS,2024-10-31 16:28:29,216.9,0.1,-23.051583,-43.12079
RAUL MARTINS,2024-10-31 16:28:59,241.9,0.2,-23.051578,-43.120795
RAUL MARTINS,2024-10-31 16:29:29,40.3,0.4,-23.051573,-43.120803
RAUL MARTINS,2024-10-31 16:29:40,34.2,0.4,-23.051571,-43.120806
RAUL MARTINS,2024-10-31 16:29:49,222.1,0.1,-23.051578,-43.12081
RAUL MARTINS,2024-10-31 16:29:59,232.0,0.0,-23.051583,-43.120806
RAUL MARTINS,2024-10-31 16:31:01,36.1,0.2,-23.051583,-43.120831
RAUL MARTINS,2024-10-31 16:31:09,230.6,0.1,-23.05158,-43.120835
RAUL MARTINS,2024-10-31 16:31:20,236.4,0.0,-23.051588,-43.120855
RAUL MARTINS,2024-10-31 16:31:39,315.2,0.1,-23.051595,-43.120846
RAUL MARTINS,2024-10-31 16:33:40,227.1,0.2,-23.05158,-43.120883
RAUL MARTINS,2024-10-31 17:06:50,334.4,2.6,-23.050255,-43.113298
RAUL MARTINS,2024-10-31 17:36:20,334.8,10.7,-22.993206,-43.15355
RAUL MARTINS,2024-10-31 17:41:38,348.9,10.3,-22.978753,-43.160501
RAUL MARTINS,2024-10-31 18:03:49,345.1,9.9,-22.923691,-43.142038
RAUL MARTINS,2024-10-31 18:04:10,344.2,10.0,-22.922758,-43.142328
RAUL MARTINS,2024-10-31 18:04:49,344.0,10.0,-22.921001,-43.142851
RAUL MARTINS,2024-10-31 18:05:49,344.1,10.1,-22.918278,-43.143676
RAUL MARTINS,2024-10-31 18:07:10,341.7,10.2,-22.9146,-43.144823
RAUL MARTINS,2024-10-31 18:08:20,338.2,10.2,-22.911488,-43.146083
RAUL MARTINS,2024-10-31 18:08:39,339.8,10.2,-22.91062,-43.146428
RAUL MARTINS,2024-10-31 18:46:41,8.9,3.3,-22.827913,-43.15162
RAUL MARTINS,2024-11-04 01:18:41,264.0,0.1,-22.892753,-43.147955
RAUL MARTINS,2024-11-04 01:48:41,300.0,0.1,-22.892046,-43.148541
RAUL MARTINS,2024-11-04 03:00:41,8.2,0.1,-22.889761,-43.14871
RAUL MARTINS,2024-11-04 06:03:43,259.9,0.1,-22.88826,-43.146811
RAUL MARTINS,2024-11-04 07:51:43,169.6,0.6,-22.891735,-43.14875
RAUL MARTINS,2024-11-04 16:00:40,114.3,0.0,-22.887933,-43.146556
RAUL MARTINS,2024-11-04 16:33:40,296.1,0.1,-22.887928,-43.1462
RAUL MARTINS,2024-11-04 19:02:40,175.4,7.2,-22.909538,-43.144418
RAUL MARTINS,2024-11-04 19:05:59,170.1,9.2,-22.917258,-43.143511
RAUL MARTINS,2024-11-04 19:46:20,230.6,14.0,-23.039841,-43.177603
RAUL MARTINS,2024-11-04 19:48:43,232.1,14.0,-23.045768,-43.185423
RAUL MARTINS,2024-11-04 19:52:02,234.5,14.1,-23.053128,-43.196863
RAUL MARTINS,2024-11-04 20:48:01,241.8,14.3,-23.147298,-43.413975
RAUL MARTINS,2024-11-04 20:50:21,241.7,14.3,-23.151691,-43.422858
RAUL MARTINS,2024-11-04 21:37:56,255.0,14.2,-23.237466,-43.607368
RAUL MARTINS,2024-11-04 22:27:02,264.5,14.4,-23.25573,-43.819325
RAUL MARTINS,2024-11-04 23:02:44,264.1,14.5,-23.269046,-43.974071
RAUL MARTINS,2024-11-04 23:32:20,263.6,14.3,-23.280955,-44.101023
RAUL MARTINS,2024-11-04 23:35:20,264.0,14.3,-23.28226,-44.113961
RAUL MARTINS,2024-11-04 23:40:44,265.2,14.4,-23.284356,-44.13714
RAUL MARTINS,2024-11-04 23:53:55,264.8,14.3,-23.289436,-44.194161
RAUL MARTINS,2024-11-04 23:54:25,264.4,14.4,-23.289608,-44.19625
RAUL MARTINS,2024-11-04 23:55:07,264.1,14.4,-23.289876,-44.199446
RAUL MARTINS,2024-11-04 23:55:12,264.6,14.4,-23.289901,-44.199736
RAUL MARTINS,2024-11-04 23:55:37,264.6,14.4,-23.290065,-44.201536
RAUL MARTINS,2024-11-04 23:56:12,264.4,14.5,-23.290275,-44.204053
RAUL MARTINS,2024-11-04 23:58:19,264.3,14.3,-23.291058,-44.213208
RAUL MARTINS,2024-11-04 23:58:56,264.6,14.3,-23.291258,-44.215798
RAUL MARTINS,2024-11-04 23:59:12,264.8,14.3,-23.291381,-44.217021
RAUL MARTINS,2024-11-04 23:59:19,264.3,14.3,-23.291433,-44.217523
RAUL MARTINS,2024-11-04 23:59:56,264.6,14.3,-23.291666,-44.220168
RAUL MARTINS,2024-11-05 00:00:19,263.0,14.2,-23.291816,-44.221801
RAUL MARTINS,2024-11-05 00:05:56,265.8,14.2,-23.293875,-44.245663
RAUL MARTINS,2024-11-05 00:16:20,277.0,13.9,-23.294023,-44.289626
RAUL MARTINS,2024-11-05 00:17:42,276.6,13.7,-23.293446,-44.295431
RAUL MARTINS,2024-11-05 00:18:37,281.8,13.6,-23.292895,-44.299025
RAUL MARTINS,2024-11-05 00:45:10,335.0,12.5,-23.248655,-44.384578
RAUL MARTINS,2024-11-05 00:52:29,334.1,12.3,-23.225448,-44.396321
RAUL MARTINS,2024-11-05 01:15:28,340.6,6.6,-23.166275,-44.421626
RAUL MARTINS,2024-11-05 01:21:10,340.3,4.7,-23.15788,-44.424898
RAUL MARTINS,2024-11-05 01:23:20,340.1,4.1,-23.155348,-44.425886
RAUL MARTINS,2024-11-05 01:33:59,340.8,3.1,-23.145988,-44.429748
RAUL MARTINS,2024-11-05 01:57:18,176.4,0.3,-23.138946,-44.433283
RAUL MARTINS,2024-11-05 01:57:29,173.0,0.3,-23.138936,-44.433271
RAUL MARTINS,2024-11-05 01:59:09,165.0,0.2,-23.139038,-44.433231
RAUL MARTINS,2024-11-05 02:52:50,288.6,0.1,-23.138718,-44.432821
RAUL MARTINS,2024-11-05 02:55:11,306.9,0.0,-23.13863,-44.432823
RAUL MARTINS,2024-11-05 02:57:41,18.0,0.1,-23.138625,-44.432826
RAUL MARTINS,2024-11-05 03:41:50,18.4,0.1,-23.138276,-44.432008
RAUL MARTINS,2024-11-05 03:46:50,6.9,0.1,-23.138135,-44.431968
RAUL MARTINS,2024-11-05 03:49:49,30.3,0.1,-23.137983,-44.431953
RAUL MARTINS,2024-11-05 04:18:10,180.3,0.2,-23.137261,-44.431261
RAUL MARTINS,2024-11-05 04:34:11,341.1,0.0,-23.136956,-44.431285
RAUL MARTINS,2024-11-05 04:38:01,349.7,0.1,-23.136885,-44.431296
RAUL MARTINS,2024-11-05 04:41:01,159.1,0.1,-23.13691,-44.431396
RAUL MARTINS,2024-11-05 05:24:39,123.7,0.2,-23.135833,-44.431516
RAUL MARTINS,2024-11-05 05:25:10,338.6,0.1,-23.135828,-44.431543
RAUL MARTINS,2024-11-05 05:42:30,314.2,0.1,-23.135556,-44.431633
RAUL MARTINS,2024-11-05 06:10:20,324.3,0.1,-23.135233,-44.43188
RAUL MARTINS,2024-11-05 06:12:40,323.1,0.1,-23.135185,-44.431826
RAUL MARTINS,2024-11-05 06:15:09,310.9,0.0,-23.135126,-44.431838
RAUL MARTINS,2024-11-05 06:17:40,319.4,0.1,-23.13515,-44.431855
RAUL MARTINS,2024-11-05 06:36:31,301.8,0.1,-23.135183,-44.43193
RAUL MARTINS,2024-11-05 06:52:50,116.6,0.1,-23.135321,-44.431816
RAUL MARTINS,2024-11-05 07:10:11,317.6,0.2,-23.135428,-44.431618
RAUL MARTINS,2024-11-05 07:40:00,166.2,0.2,-23.135855,-44.431328
RAUL MARTINS,2024-11-05 07:42:28,171.4,0.1,-23.135878,-44.43134
RAUL MARTINS,2024-11-05 08:19:00,323.2,0.1,-23.136698,-44.431261
RAUL MARTINS,2024-11-05 08:22:00,340.4,0.2,-23.136808,-44.431238
RAUL MARTINS,2024-11-05 08:27:28,330.6,0.2,-23.13699,-44.431258
RAUL MARTINS,2024-11-05 10:02:43,139.7,0.1,-23.136953,-44.431265
RAUL MARTINS,2024-11-05 10:08:42,159.3,0.0,-23.137066,-44.431271
RAUL MARTINS,2024-11-05 18:05:44,182.6,0.2,-23.135923,-44.431023
RAUL MARTINS,2024-11-05 19:47:45,341.6,0.1,-23.136255,-44.430991
RAUL MARTINS,2024-11-06 01:32:43,22.8,0.1,-23.137771,-44.431445
RAUL MARTINS,2024-11-06 01:35:44,204.5,0.1,-23.137746,-44.431466
RAUL MARTINS,2024-11-06 06:56:44,156.5,0.2,-23.135753,-44.431238
RAUL MARTINS,2024-11-06 07:32:45,172.9,0.2,-23.137058,-44.431135
RAUL MARTINS,2024-11-06 12:17:41,345.8,0.1,-23.136066,-44.431225
RAUL MARTINS,2024-11-06 14:02:42,275.0,0.0,-23.134293,-44.4331
RAUL MARTINS,2024-11-06 15:47:42,271.0,0.1,-23.134238,-44.433103
RAUL MARTINS,2024-11-06 18:02:39,2.3,0.0,-23.134078,-44.432391
RAUL MARTINS,2024-11-06 19:41:44,250.8,0.1,-23.134118,-44.431986
RAUL MARTINS,2024-11-07 04:17:44,302.3,0.1,-23.134373,-44.43194
RAUL MARTINS,2024-11-07 05:56:43,107.2,0.0,-23.134091,-44.432275
RAUL MARTINS,2024-11-07 08:17:42,258.7,0.0,-23.134751,-44.431408
RAUL MARTINS,2024-11-07 09:47:45,334.8,0.3,-23.135336,-44.431193
RAUL MARTINS,2024-11-07 14:41:44,323.5,0.0,-23.133896,-44.432671
RAUL MARTINS,2024-11-07 16:23:44,165.2,0.1,-23.133921,-44.433101
RAUL MARTINS,2024-11-07 23:26:45,275.6,0.0,-23.134796,-44.43145
RAUL MARTINS,2024-11-08 00:59:45,100.6,0.1,-23.134655,-44.431686
RAUL MARTINS,2024-11-08 01:14:43,298.5,0.0,-23.134656,-44.431705
RAUL MARTINS,2024-11-08 02:11:41,338.9,0.4,-23.135308,-44.431088
RAUL MARTINS,2024-11-08 03:23:46,212.5,0.1,-23.136456,-44.431086
RAUL MARTINS,2024-11-08 04:44:43,235.3,0.1,-23.137945,-44.432081
RAUL MARTINS,2024-11-08 08:53:42,353.7,0.0,-23.136415,-44.430795
RAUL MARTINS,2024-11-08 14:20:43,187.4,0.1,-23.134058,-44.43269
RAUL MARTINS,2024-11-08 16:44:45,248.8,0.1,-23.133266,-44.43284
RAUL MARTINS,2024-11-08 22:53:43,279.8,0.1,-23.133968,-44.434255
RAUL MARTINS,2024-11-09 07:14:41,194.3,0.2,-23.136366,-44.430896
RAUL MARTINS,2024-11-09 07:17:44,187.8,0.0,-23.136323,-44.430885
RAUL MARTINS,2024-11-09 08:23:45,196.4,0.1,-23.135623,-44.430726
RAUL MARTINS,2024-11-09 11:32:44,120.7,0.2,-23.133946,-44.431316
RAUL MARTINS,2024-11-09 12:53:43,303.3,0.1,-23.133648,-44.431801
RAUL MARTINS,2024-11-09 13:23:46,229.3,0.1,-23.13354,-44.432031
RAUL MARTINS,2024-11-09 16:35:42,175.2,0.0,-23.1333,-44.432603
RAUL MARTINS,2024-11-09 17:35:44,84.6,0.1,-23.133268,-44.432791
RAUL MARTINS,2024-11-09 18:14:44,5.4,0.1,-23.133225,-44.432805
RAUL MARTINS,2024-11-09 18:23:44,138.1,0.1,-23.133225,-44.43267
RAUL MARTINS,2024-11-09 19:17:44,292.6,0.1,-23.133098,-44.432643
RAUL MARTINS,2024-11-09 22:11:43,244.5,0.0,-23.133146,-44.433461
RAUL MARTINS,2024-11-09 22:41:42,85.8,0.1,-23.133135,-44.433641
RAUL MARTINS,2024-11-10 00:35:43,231.0,0.1,-23.133301,-44.434015
RAUL MARTINS,2024-11-10 00:59:43,127.1,0.1,-23.13339,-44.434338
RAUL MARTINS,2024-11-10 01:02:45,210.7,0.1,-23.133466,-44.434295
RAUL MARTINS,2024-11-10 01:05:42,58.4,0.3,-23.133531,-44.434285
RAUL MARTINS,2024-11-10 02:11:43,1.0,0.0,-23.133448,-44.434463
RAUL MARTINS,2024-11-10 05:38:45,102.8,0.0,-23.133156,-44.432776
RAUL MARTINS,2024-11-10 08:02:41,350.9,0.1,-23.13296,-44.432896
RAUL MARTINS,2024-11-10 09:23:42,354.6,0.1,-23.132976,-44.433585
RAUL MARTINS,2024-11-10 10:35:43,259.8,0.4,-23.133006,-44.433943
RAUL MARTINS,2024-11-10 11:50:41,223.9,0.2,-23.1332,-44.434608
RAUL MARTINS,2024-11-10 13:20:42,52.7,0.3,-23.13305,-44.434521
RAUL MARTINS,2024-11-10 13:26:43,253.7,0.1,-23.133046,-44.43446
RAUL MARTINS,2024-11-10 15:47:39,180.6,0.1,-23.132905,-44.434478
RAUL MARTINS,2024-11-10 15:50:39,116.3,0.1,-23.13299,-44.434421
RAUL MARTINS,2024-11-10 22:56:46,11.8,0.2,-23.132785,-44.433838
RAUL MARTINS,2024-11-11 00:23:45,226.1,0.2,-23.133075,-44.434348
RAUL MARTINS,2024-11-11 00:53:43,217.5,0.1,-23.1334,-44.434881
RAUL MARTINS,2024-11-11 01:14:43,92.2,0.2,-23.133506,-44.434973
RAUL MARTINS,2024-11-11 05:17:43,185.9,0.1,-23.13542,-44.435131
RAUL MARTINS,2024-11-11 06:23:42,292.7,0.1,-23.136191,-44.434783
RAUL MARTINS,2024-11-11 07:32:43,153.6,0.7,-23.136138,-44.434763
RAUL MARTINS,2024-11-11 07:35:42,173.3,0.3,-23.136138,-44.434746
RAUL MARTINS,2024-11-11 14:12:03,170.9,11.3,-23.189791,-44.437788
RAUL MARTINS,2024-11-11 14:15:24,170.9,11.7,-23.200486,-44.435943
RAUL MARTINS,2024-11-11 14:33:54,170.4,12.5,-23.261981,-44.425418
RAUL MARTINS,2024-11-11 14:39:54,169.8,12.7,-23.282621,-44.421595
RAUL MARTINS,2024-11-11 15:23:54,344.5,10.0,-23.379658,-44.393698
RAUL MARTINS,2024-11-11 15:27:44,347.8,11.8,-23.368143,-44.396768
RAUL MARTINS,2024-11-11 15:30:35,345.6,12.2,-23.358891,-44.39917
RAUL MARTINS,2024-11-11 16:00:12,348.4,12.6,-23.260035,-44.421976
RAUL MARTINS,2024-11-11 16:01:51,348.0,12.4,-23.254381,-44.423261
RAUL MARTINS,2024-11-11 16:03:42,347.6,12.1,-23.248221,-44.424708
RAUL MARTINS,2024-11-11 16:03:53,346.8,12.0,-23.247635,-44.424855
RAUL MARTINS,2024-11-11 16:04:12,347.7,12.0,-23.246518,-44.425118
RAUL MARTINS,2024-11-11 16:04:21,347.7,12.0,-23.246036,-44.425238
RAUL MARTINS,2024-11-11 16:05:21,347.1,12.1,-23.24285,-44.426023
RAUL MARTINS,2024-11-11 16:25:24,26.4,10.4,-23.175538,-44.43367
RAUL MARTINS,2024-11-11 21:50:08,358.9,0.2,-23.129881,-44.399961
RAUL MARTINS,2024-11-11 22:26:05,187.7,0.3,-23.129756,-44.399975
RAUL MARTINS,2024-11-11 22:26:06,187.7,0.3,-23.129756,-44.399975
RAUL MARTINS,2024-11-12 01:11:05,152.6,0.2,-23.13025,-44.399973
RAUL MARTINS,2024-11-12 03:23:08,158.1,0.5,-23.130493,-44.39975
RAUL MARTINS,2024-11-12 13:44:05,135.4,0.2,-23.131036,-44.3995
RAUL MARTINS,2024-11-13 00:23:07,100.4,0.0,-23.126658,-44.397233
RAUL MARTINS,2024-11-13 01:38:04,153.3,0.1,-23.126916,-44.39659
RAUL MARTINS,2024-11-13 03:23:23,58.4,10.7,-23.129628,-44.381833
RAUL MARTINS,2024-11-13 03:27:03,59.4,12.0,-23.123333,-44.371033
RAUL MARTINS,2024-11-13 03:29:34,68.1,11.8,-23.119443,-44.362895
RAUL MARTINS,2024-11-13 03:51:34,67.1,12.8,-23.094463,-44.297606
RAUL MARTINS,2024-11-13 03:57:43,73.5,12.0,-23.086058,-44.275953
RAUL MARTINS,2024-11-13 04:25:34,80.4,3.5,-23.06739,-44.225136
RAUL MARTINS,2024-11-13 04:29:34,52.0,3.3,-23.065943,-44.221691
RAUL MARTINS,2024-11-13 04:32:24,28.3,3.4,-23.063885,-44.219683
RAUL MARTINS,2024-11-13 04:39:15,297.3,2.6,-23.058725,-44.220683
RAUL MARTINS,2024-11-13 04:42:35,257.2,1.6,-23.058538,-44.222563
RAUL MARTINS,2024-11-13 05:42:35,301.3,0.0,-23.060746,-44.227438
RAUL MARTINS,2024-11-13 08:24:33,353.7,0.0,-23.060728,-44.227466
RAUL MARTINS,2024-11-13 12:03:34,26.9,0.0,-23.060723,-44.227513
RAUL MARTINS,2024-11-13 14:18:37,197.9,0.0,-23.060783,-44.227471
RAUL MARTINS,2024-11-13 15:15:34,227.7,0.0,-23.060781,-44.227373
RAUL MARTINS,2024-11-13 23:21:34,14.2,0.0,-23.060828,-44.227441
RAUL MARTINS,2024-11-14 02:57:36,193.1,0.0,-23.060893,-44.227431
RAUL MARTINS,2024-11-14 06:21:32,201.9,0.0,-23.060821,-44.227491
RAUL MARTINS,2024-11-14 13:12:36,4.3,0.1,-23.06079,-44.227548
RAUL MARTINS,2024-11-14 17:36:35,233.0,0.0,-23.060831,-44.227441
RAUL MARTINS,2024-11-14 20:31:57,70.2,1.1,-23.060968,-44.222051
RAUL MARTINS,2024-11-14 20:36:48,214.7,1.2,-23.061248,-44.222093
RAUL MARTINS,2024-11-14 20:39:18,230.9,1.9,-23.062101,-44.222948
RAUL MARTINS,2024-11-14 21:04:48,248.3,10.0,-23.0854,-44.274616
RAUL MARTINS,2024-11-14 21:14:17,248.3,10.7,-23.095343,-44.302348
RAUL MARTINS,2024-11-14 22:02:27,182.5,11.3,-23.190763,-44.415746
RAUL MARTINS,2024-11-14 22:08:17,177.1,11.3,-23.208961,-44.414713
RAUL MARTINS,2024-11-14 22:19:06,173.8,11.3,-23.243138,-44.412531
RAUL MARTINS,2024-11-14 22:22:07,158.8,11.2,-23.252256,-44.410228
RAUL MARTINS,2024-11-14 22:24:48,155.1,11.3,-23.260008,-44.406698
RAUL MARTINS,2024-11-14 22:51:46,110.0,12.0,-23.300466,-44.326368
RAUL MARTINS,2024-11-14 22:56:36,108.5,12.1,-23.305813,-44.309596
RAUL MARTINS,2024-11-14 22:59:35,109.4,12.2,-23.309095,-44.299235
RAUL MARTINS,2024-11-14 23:03:55,109.4,12.2,-23.313968,-44.284163
RAUL MARTINS,2024-11-14 23:25:36,108.0,12.0,-23.337225,-44.209278
RAUL MARTINS,2024-11-14 23:28:27,108.3,12.0,-23.340241,-44.199506
RAUL MARTINS,2024-11-14 23:34:27,108.7,12.0,-23.346645,-44.178856
RAUL MARTINS,2024-11-14 23:54:16,109.0,12.1,-23.367755,-44.110823
RAUL MARTINS,2024-11-14 23:56:36,108.4,12.0,-23.370195,-44.102763
RAUL MARTINS,2024-11-15 00:01:28,107.9,12.0,-23.375433,-44.08608
RAUL MARTINS,2024-11-15 00:06:26,95.0,11.9,-23.379183,-44.068703
RAUL MARTINS,2024-11-15 00:40:37,79.7,11.9,-23.369976,-43.94692
RAUL MARTINS,2024-11-15 00:43:37,79.9,11.9,-23.368183,-43.936321
RAUL MARTINS,2024-11-15 00:44:06,79.8,11.9,-23.3679,-43.934608
RAUL MARTINS,2024-11-15 00:44:47,78.9,11.9,-23.367503,-43.932148
RAUL MARTINS,2024-11-15 00:45:06,80.1,11.9,-23.367316,-43.931028
RAUL MARTINS,2024-11-15 00:45:26,80.1,11.9,-23.367111,-43.929845
RAUL MARTINS,2024-11-15 00:46:17,79.7,11.9,-23.366606,-43.926895
RAUL MARTINS,2024-11-15 00:47:17,79.3,11.9,-23.365966,-43.923293
RAUL MARTINS,2024-11-15 00:50:17,79.6,11.9,-23.364195,-43.912661
RAUL MARTINS,2024-11-15 00:51:07,80.6,11.9,-23.3637,-43.909775
RAUL MARTINS,2024-11-15 00:53:17,79.9,12.0,-23.362395,-43.902158
RAUL MARTINS,2024-11-15 01:10:46,80.7,11.8,-23.351211,-43.839966
RAUL MARTINS,2024-11-15 01:11:16,81.8,11.9,-23.350966,-43.838256
RAUL MARTINS,2024-11-15 01:11:26,81.3,11.8,-23.35088,-43.837665
RAUL MARTINS,2024-11-15 01:11:46,81.3,11.9,-23.350696,-43.836421
RAUL MARTINS,2024-11-15 01:12:06,80.8,11.9,-23.350523,-43.835293
RAUL MARTINS,2024-11-15 01:12:16,80.7,11.9,-23.350425,-43.834696
RAUL MARTINS,2024-11-15 01:13:46,81.0,11.9,-23.349633,-43.82934
RAUL MARTINS,2024-11-15 01:27:07,81.6,11.9,-23.343613,-43.782031
RAUL MARTINS,2024-11-15 01:46:58,82.7,12.1,-23.335275,-43.71058
RAUL MARTINS,2024-11-15 01:52:58,83.5,12.1,-23.332825,-43.688781
RAUL MARTINS,2024-11-15 01:59:17,83.5,12.1,-23.330251,-43.665821
RAUL MARTINS,2024-11-15 02:01:36,83.8,12.1,-23.329295,-43.657338
RAUL MARTINS,2024-11-15 02:07:17,83.1,12.1,-23.327103,-43.636748
RAUL MARTINS,2024-11-15 02:22:47,83.1,12.1,-23.320936,-43.580346
RAUL MARTINS,2024-11-15 02:23:37,83.5,12.2,-23.320568,-43.577291
RAUL MARTINS,2024-11-15 02:35:28,83.2,12.1,-23.315998,-43.534106
RAUL MARTINS,2024-11-15 02:42:58,82.4,12.1,-23.313096,-43.506933
RAUL MARTINS,2024-11-15 03:01:37,84.7,12.0,-23.307066,-43.439548
RAUL MARTINS,2024-11-15 03:05:06,84.8,12.0,-23.306221,-43.426971
RAUL MARTINS,2024-11-15 03:13:27,85.9,12.0,-23.304235,-43.396786
RAUL MARTINS,2024-11-15 03:15:58,85.5,12.0,-23.303663,-43.3877
RAUL MARTINS,2024-11-15 03:37:47,85.1,12.1,-23.298121,-43.308861
RAUL MARTINS,2024-11-15 03:42:47,85.2,12.1,-23.296661,-43.290683
RAUL MARTINS,2024-11-15 03:46:48,85.8,12.0,-23.29533,-43.276165
RAUL MARTINS,2024-11-15 04:05:37,84.6,11.8,-23.289816,-43.208781
RAUL MARTINS,2024-11-15 04:12:26,84.4,11.8,-23.28783,-43.184571
RAUL MARTINS,2024-11-15 04:14:25,85.5,11.9,-23.287303,-43.177556
RAUL MARTINS,2024-11-15 04:18:56,85.8,11.9,-23.286045,-43.161328
RAUL MARTINS,2024-11-15 04:21:47,90.9,11.9,-23.285621,-43.151083
RAUL MARTINS,2024-11-15 04:43:37,89.2,12.1,-23.283993,-43.071818
RAUL MARTINS,2024-11-15 05:18:07,93.6,11.9,-23.29786,-42.947413
RAUL MARTINS,2024-11-15 05:20:36,90.6,11.8,-23.298045,-42.938503
RAUL MARTINS,2024-11-15 05:25:46,87.5,11.8,-23.297621,-42.920055
RAUL MARTINS,2024-11-15 05:53:26,83.3,11.6,-23.291213,-42.823196
RAUL MARTINS,2024-11-15 05:56:56,82.4,11.5,-23.289705,-42.811065
RAUL MARTINS,2024-11-15 05:59:26,82.4,11.6,-23.288673,-42.802373
RAUL MARTINS,2024-11-15 06:31:06,81.5,11.4,-23.272198,-42.694058
RAUL MARTINS,2024-11-15 07:03:57,79.3,11.3,-23.253668,-42.583358
RAUL MARTINS,2024-11-15 07:17:57,78.5,11.1,-23.24545,-42.536846
RAUL MARTINS,2024-11-15 07:36:17,81.1,11.0,-23.23485,-42.476833
RAUL MARTINS,2024-11-15 08:25:28,82.2,11.2,-23.21445,-42.313668
RAUL MARTINS,2024-11-15 08:28:58,81.2,11.2,-23.212988,-42.301931
RAUL MARTINS,2024-11-15 09:00:47,84.0,11.1,-23.20227,-42.195556
RAUL MARTINS,2024-11-15 09:03:47,84.7,11.1,-23.201401,-42.185571
RAUL MARTINS,2024-11-15 09:39:27,83.3,11.2,-23.189605,-42.066433
RAUL MARTINS,2024-11-15 09:42:08,83.6,11.3,-23.18875,-42.057445
RAUL MARTINS,2024-11-15 10:11:46,65.7,11.5,-23.164046,-41.960491
RAUL MARTINS,2024-11-15 10:14:37,66.1,11.5,-23.160333,-41.951571
RAUL MARTINS,2024-11-15 10:44:46,53.1,11.6,-23.107736,-41.86426
RAUL MARTINS,2024-11-15 11:24:47,53.8,11.6,-23.031115,-41.750908
RAUL MARTINS,2024-11-15 11:39:38,53.2,11.6,-23.00307,-41.708875
RAUL MARTINS,2024-11-15 11:39:56,55.7,11.6,-23.002478,-41.707966
RAUL MARTINS,2024-11-15 11:40:47,54.6,11.6,-23.000883,-41.705555
RAUL MARTINS,2024-11-15 11:52:08,53.2,11.7,-22.979226,-41.67348
RAUL MARTINS,2024-11-15 12:31:18,49.3,11.7,-22.897575,-41.56844
RAUL MARTINS,2024-11-15 12:42:46,47.9,11.6,-22.873218,-41.53798
RAUL MARTINS,2024-11-15 12:46:26,45.8,11.7,-22.864928,-41.528705
RAUL MARTINS,2024-11-15 13:09:48,46.1,11.7,-22.811983,-41.469603
RAUL MARTINS,2024-11-15 13:59:47,51.7,11.7,-22.704733,-41.337901
RAUL MARTINS,2024-11-15 14:01:57,51.9,11.6,-22.700455,-41.331923
RAUL MARTINS,2024-11-15 14:05:27,52.1,11.7,-22.693476,-41.322203
RAUL MARTINS,2024-11-15 14:09:28,52.3,11.6,-22.685491,-41.311041
RAUL MARTINS,2024-11-15 14:57:47,53.2,11.6,-22.59163,-41.176658
RAUL MARTINS,2024-11-15 15:01:07,53.6,11.6,-22.585261,-41.167396
RAUL MARTINS,2024-11-15 15:03:56,52.7,11.6,-22.579773,-41.159505
RAUL MARTINS,2024-11-15 15:18:06,54.2,11.6,-22.536013,-41.09522
RAUL MARTINS,2024-11-15 15:18:46,53.1,11.6,-22.53478,-41.093403
RAUL MARTINS,2024-11-15 15:45:07,52.9,11.6,-22.501566,-41.044413
RAUL MARTINS,2024-11-15 15:53:47,53.5,11.6,-22.485046,-41.019961
RAUL MARTINS,2024-11-15 16:46:26,52.0,11.8,-22.380308,-40.873095
RAUL MARTINS,2024-11-15 16:48:56,50.8,11.8,-22.375221,-40.86626
RAUL MARTINS,2024-11-15 16:59:36,51.6,11.7,-22.353388,-40.83678
RAUL MARTINS,2024-11-15 16:59:55,51.0,11.8,-22.352733,-40.835901
RAUL MARTINS,2024-11-15 17:01:35,51.2,11.7,-22.349373,-40.83134
RAUL MARTINS,2024-11-15 17:01:55,50.7,11.7,-22.348656,-40.830395
RAUL MARTINS,2024-11-15 17:02:04,51.1,11.7,-22.34834,-40.829975
RAUL MARTINS,2024-11-15 17:02:15,51.1,11.7,-22.347955,-40.829463
RAUL MARTINS,2024-11-15 17:03:25,51.2,11.7,-22.345591,-40.826311
RAUL MARTINS,2024-11-15 17:05:25,52.0,11.7,-22.341505,-40.820793
RAUL MARTINS,2024-11-15 17:05:56,51.2,11.7,-22.340448,-40.819361
RAUL MARTINS,2024-11-15 17:07:15,52.3,11.8,-22.337686,-40.815598
RAUL MARTINS,2024-11-15 17:10:34,51.1,11.8,-22.330936,-40.80648
RAUL MARTINS,2024-11-15 17:38:37,53.2,11.7,-22.270566,-40.732451
RAUL MARTINS,2024-11-15 18:23:06,52.9,11.8,-22.183398,-40.606453
RAUL MARTINS,2024-11-15 19:02:46,55.8,11.9,-22.111371,-40.487768
RAUL MARTINS,2024-11-15 19:30:36,53.4,11.5,-22.058333,-40.40821
RAUL MARTINS,2024-11-15 19:36:27,53.0,11.5,-22.047183,-40.392125
RAUL MARTINS,2024-11-15 19:40:57,52.7,11.5,-22.038458,-40.379658
RAUL MARTINS,2024-11-15 20:02:26,48.9,11.4,-21.994301,-40.323215
RAUL MARTINS,2024-11-15 20:11:06,48.6,11.3,-21.976378,-40.300996
RAUL MARTINS,2024-11-15 20:17:26,45.5,11.1,-21.96306,-40.285286
RAUL MARTINS,2024-11-15 20:39:56,62.8,11.1,-21.916791,-40.229101
RAUL MARTINS,2024-11-15 20:43:26,65.0,11.1,-21.912261,-40.218613
RAUL MARTINS,2024-11-15 20:45:56,61.7,10.9,-21.908875,-40.211178
RAUL MARTINS,2024-11-15 21:09:58,50.3,10.4,-21.869995,-40.147291
RAUL MARTINS,2024-11-15 21:26:18,50.4,10.6,-21.839885,-40.107441
RAUL MARTINS,2024-11-15 21:56:56,49.5,10.8,-21.782123,-40.031783
RAUL MARTINS,2024-11-15 21:59:37,51.2,10.8,-21.77695,-40.025203
RAUL MARTINS,2024-11-15 22:49:16,52.4,10.6,-21.680655,-39.90511
RAUL MARTINS,2024-11-15 22:55:05,52.4,10.7,-21.67002,-39.890536
RAUL MARTINS,2024-11-15 23:41:50,54.3,10.8,-21.583925,-39.771445
RAUL MARTINS,2024-11-15 23:45:08,53.9,10.8,-21.578128,-39.762831
RAUL MARTINS,2024-11-16 00:17:15,54.1,11.1,-21.521548,-39.67877
RAUL MARTINS,2024-11-16 00:18:06,54.5,11.1,-21.520051,-39.676481
RAUL MARTINS,2024-11-16 00:19:55,53.6,11.1,-21.516766,-39.671635
RAUL MARTINS,2024-11-16 00:20:06,53.7,11.1,-21.516441,-39.671143
RAUL MARTINS,2024-11-16 00:33:06,53.5,11.2,-21.492951,-39.636261
RAUL MARTINS,2024-11-16 00:38:36,54.5,11.1,-21.482926,-39.621406
RAUL MARTINS,2024-11-16 00:41:25,51.0,11.2,-21.477521,-39.613976
RAUL MARTINS,2024-11-16 00:53:45,47.2,11.1,-21.451878,-39.58366
RAUL MARTINS,2024-11-16 00:55:35,46.3,11.1,-21.448028,-39.579195
RAUL MARTINS,2024-11-16 00:55:45,46.0,11.1,-21.447675,-39.5788
RAUL MARTINS,2024-11-16 00:55:56,45.5,11.0,-21.44728,-39.578363
RAUL MARTINS,2024-11-16 00:56:16,44.5,11.1,-21.446573,-39.577628
RAUL MARTINS,2024-11-16 00:57:16,44.2,11.1,-21.444335,-39.575278
RAUL MARTINS,2024-11-16 00:57:17,44.2,11.1,-21.444335,-39.575278
RAUL MARTINS,2024-11-16 00:57:36,43.8,11.0,-21.443591,-39.574513
RAUL MARTINS,2024-11-16 00:58:36,43.1,11.0,-21.441393,-39.572271
RAUL MARTINS,2024-11-16 01:08:17,44.0,10.9,-21.419951,-39.550251
RAUL MARTINS,2024-11-16 01:11:16,43.7,11.0,-21.413376,-39.54353
RAUL MARTINS,2024-11-16 01:28:17,44.3,10.9,-21.375933,-39.505313
RAUL MARTINS,2024-11-16 01:33:47,43.2,10.9,-21.363713,-39.492951
RAUL MARTINS,2024-11-16 01:38:07,43.6,10.9,-21.354081,-39.483276
RAUL MARTINS,2024-11-16 01:42:57,38.4,10.9,-21.343181,-39.472738
RAUL MARTINS,2024-11-16 02:16:57,38.3,11.0,-21.260876,-39.40439
RAUL MARTINS,2024-11-16 02:46:37,38.5,10.9,-21.19023,-39.343986
RAUL MARTINS,2024-11-16 02:48:47,38.8,10.9,-21.185071,-39.339503
RAUL MARTINS,2024-11-16 02:51:57,38.5,11.0,-21.177558,-39.333001
RAUL MARTINS,2024-11-16 03:12:07,39.3,11.1,-21.12927,-39.291583
RAUL MARTINS,2024-11-16 03:21:08,39.1,10.9,-21.10777,-39.273073
RAUL MARTINS,2024-11-16 03:28:07,39.1,10.8,-21.09132,-39.258865
RAUL MARTINS,2024-11-16 03:46:27,39.6,10.7,-21.048706,-39.22205
RAUL MARTINS,2024-11-16 03:50:58,39.2,10.7,-21.03822,-39.21296
RAUL MARTINS,2024-11-16 04:26:26,39.6,10.6,-20.957555,-39.141836
RAUL MARTINS,2024-11-16 04:26:56,40.5,10.6,-20.956451,-39.140861
RAUL MARTINS,2024-11-16 04:56:56,39.2,10.8,-20.887575,-39.080846
RAUL MARTINS,2024-11-16 04:58:57,39.4,10.7,-20.882913,-39.076793
RAUL MARTINS,2024-11-16 05:31:27,37.9,10.7,-20.807175,-39.012813
RAUL MARTINS,2024-11-16 05:35:27,38.0,10.8,-20.79766,-39.005
RAUL MARTINS,2024-11-16 06:00:17,38.0,10.9,-20.737843,-38.956411
RAUL MARTINS,2024-11-16 06:02:46,36.3,10.9,-20.731935,-38.951573
RAUL MARTINS,2024-11-16 06:07:36,37.4,10.9,-20.720245,-38.942145
RAUL MARTINS,2024-11-16 06:11:57,37.2,10.9,-20.70973,-38.933598
RAUL MARTINS,2024-11-16 06:34:47,37.1,10.7,-20.655231,-38.889303
RAUL MARTINS,2024-11-16 06:37:47,37.4,10.7,-20.648075,-38.883536
RAUL MARTINS,2024-11-16 06:40:47,37.6,10.7,-20.640883,-38.87775
RAUL MARTINS,2024-11-16 08:00:36,41.3,10.8,-20.459241,-38.711558
RAUL MARTINS,2024-11-16 09:11:37,38.6,11.4,-20.290578,-38.560298
RAUL MARTINS,2024-11-16 09:17:07,37.9,11.5,-20.276891,-38.548685
RAUL MARTINS,2024-11-16 09:51:17,38.6,11.6,-20.190825,-38.476665
RAUL MARTINS,2024-11-16 10:23:26,38.0,11.5,-20.108463,-38.409805
RAUL MARTINS,2024-11-16 11:00:16,39.8,11.5,-20.015896,-38.332743
RAUL MARTINS,2024-11-16 11:26:26,349.3,10.5,-19.949043,-38.292755
RAUL MARTINS,2024-11-16 11:27:37,349.5,10.6,-19.945563,-38.293458
RAUL MARTINS,2024-11-16 11:27:56,349.7,10.6,-19.944671,-38.293613
RAUL MARTINS,2024-11-16 11:28:37,349.8,10.6,-19.942718,-38.293996
RAUL MARTINS,2024-11-16 11:29:08,349.4,10.6,-19.941256,-38.294288
RAUL MARTINS,2024-11-16 11:29:46,349.6,10.7,-19.939348,-38.294675
RAUL MARTINS,2024-11-16 11:31:46,348.9,10.7,-19.933476,-38.295836
RAUL MARTINS,2024-11-16 11:32:26,348.9,10.7,-19.931525,-38.296213
RAUL MARTINS,2024-11-16 11:33:26,352.7,10.7,-19.928576,-38.296768
RAUL MARTINS,2024-11-16 11:34:48,0.2,10.6,-19.924583,-38.297001
RAUL MARTINS,2024-11-16 11:52:27,50.7,10.2,-19.87884,-38.280663
RAUL MARTINS,2024-11-16 12:05:47,51.5,10.8,-19.854115,-38.248741
RAUL MARTINS,2024-11-16 12:09:18,52.1,10.9,-19.847578,-38.239971
RAUL MARTINS,2024-11-16 12:13:58,50.9,10.9,-19.83875,-38.228268
RAUL MARTINS,2024-11-16 12:15:47,51.7,10.9,-19.835275,-38.223641
RAUL MARTINS,2024-11-16 12:15:57,51.3,10.9,-19.834963,-38.223223
RAUL MARTINS,2024-11-16 12:16:16,52.2,10.9,-19.834406,-38.222468
RAUL MARTINS,2024-11-16 12:16:37,52.0,10.9,-19.83376,-38.221586
RAUL MARTINS,2024-11-16 12:17:47,51.3,10.9,-19.8316,-38.218651
RAUL MARTINS,2024-11-16 12:19:16,52.8,10.9,-19.82882,-38.214913
RAUL MARTINS,2024-11-16 12:19:26,51.9,10.9,-19.828508,-38.214496
RAUL MARTINS,2024-11-16 12:20:16,52.2,10.8,-19.826965,-38.212405
RAUL MARTINS,2024-11-16 12:38:45,51.8,10.7,-19.792801,-38.166256
RAUL MARTINS,2024-11-16 13:00:08,46.1,10.5,-19.751661,-38.115581
RAUL MARTINS,2024-11-16 13:02:18,42.4,10.5,-19.747036,-38.110948
RAUL MARTINS,2024-11-16 13:06:36,43.8,10.6,-19.737705,-38.101806
RAUL MARTINS,2024-11-16 13:08:56,42.9,10.6,-19.732693,-38.096811
RAUL MARTINS,2024-11-16 13:20:48,42.2,10.6,-19.707105,-38.071555
RAUL MARTINS,2024-11-16 14:03:36,43.3,10.5,-19.614596,-37.980046
RAUL MARTINS,2024-11-16 14:06:07,43.4,10.5,-19.609216,-37.974715
RAUL MARTINS,2024-11-16 14:47:08,37.5,10.4,-19.520401,-37.893965
RAUL MARTINS,2024-11-16 14:50:08,37.5,10.4,-19.513393,-37.888321
RAUL MARTINS,2024-11-16 14:54:08,37.0,10.5,-19.504215,-37.88088
RAUL MARTINS,2024-11-16 15:39:35,36.6,10.4,-19.398258,-37.796856
RAUL MARTINS,2024-11-16 15:40:35,37.3,10.4,-19.395968,-37.795035
RAUL MARTINS,2024-11-16 15:40:44,36.7,10.4,-19.39558,-37.794733
RAUL MARTINS,2024-11-16 15:41:05,36.3,10.4,-19.394766,-37.794093
RAUL MARTINS,2024-11-16 15:42:05,37.4,10.4,-19.392488,-37.792271
RAUL MARTINS,2024-11-16 15:42:15,37.1,10.4,-19.392101,-37.791966
RAUL MARTINS,2024-11-16 15:43:15,37.2,10.4,-19.38974,-37.79011
RAUL MARTINS,2024-11-16 15:43:35,36.0,10.4,-19.388998,-37.789531
RAUL MARTINS,2024-11-16 15:43:47,36.3,10.4,-19.388608,-37.789231
RAUL MARTINS,2024-11-16 15:44:15,36.3,10.4,-19.38744,-37.788318
RAUL MARTINS,2024-11-16 15:44:34,36.7,10.4,-19.386716,-37.787741
RAUL MARTINS,2024-11-16 15:45:05,37.6,10.4,-19.385528,-37.786806
RAUL MARTINS,2024-11-16 15:45:15,37.4,10.4,-19.385153,-37.786508
RAUL MARTINS,2024-11-16 15:46:05,36.9,10.4,-19.38319,-37.784925
RAUL MARTINS,2024-11-16 15:47:05,36.7,10.4,-19.380878,-37.783086
RAUL MARTINS,2024-11-16 15:47:34,37.5,10.4,-19.379741,-37.782201
RAUL MARTINS,2024-11-16 17:15:25,40.1,10.1,-19.184701,-37.615575
RAUL MARTINS,2024-11-16 17:17:25,40.4,10.1,-19.180391,-37.611731
RAUL MARTINS,2024-11-16 17:18:25,40.6,10.1,-19.178283,-37.609835
RAUL MARTINS,2024-11-16 17:18:35,40.6,10.1,-19.177888,-37.609481
RAUL MARTINS,2024-11-16 17:18:45,40.6,10.1,-19.17753,-37.60916
RAUL MARTINS,2024-11-16 17:19:05,39.7,10.1,-19.176846,-37.608545
RAUL MARTINS,2024-11-16 17:19:16,40.0,10.1,-19.176415,-37.60816
RAUL MARTINS,2024-11-16 17:19:25,40.5,10.1,-19.176091,-37.607868
RAUL MARTINS,2024-11-16 17:19:45,40.6,10.1,-19.175373,-37.607223
RAUL MARTINS,2024-11-16 17:20:05,40.0,10.1,-19.174655,-37.606583
RAUL MARTINS,2024-11-16 18:02:07,40.1,10.1,-19.083405,-37.52624
RAUL MARTINS,2024-11-16 19:03:58,40.3,10.5,-18.944388,-37.411878
RAUL MARTINS,2024-11-16 19:07:28,39.0,10.4,-18.936518,-37.405053
RAUL MARTINS,2024-11-16 19:09:56,38.7,10.5,-18.930921,-37.400198
RAUL MARTINS,2024-11-16 19:12:47,39.4,10.5,-18.924455,-37.39468
RAUL MARTINS,2024-11-16 19:39:47,39.1,10.7,-18.862516,-37.341475
RAUL MARTINS,2024-11-16 19:46:57,38.7,10.7,-18.845858,-37.327241
RAUL MARTINS,2024-11-16 19:49:27,38.1,10.7,-18.840046,-37.322363
RAUL MARTINS,2024-11-16 20:08:46,38.7,10.7,-18.794835,-37.28472
RAUL MARTINS,2024-11-16 20:23:07,38.7,10.6,-18.761593,-37.257043
RAUL MARTINS,2024-11-16 20:25:46,37.5,10.5,-18.755445,-37.251965
RAUL MARTINS,2024-11-16 20:54:57,40.3,10.3,-18.688766,-37.1957
RAUL MARTINS,2024-11-16 21:56:26,38.1,10.0,-18.552725,-37.080215
RAUL MARTINS,2024-11-16 22:43:16,38.7,10.1,-18.449256,-36.995158
RAUL MARTINS,2024-11-16 23:49:46,23.4,10.3,-18.293398,-36.888296
RAUL MARTINS,2024-11-16 23:53:46,23.4,10.4,-18.282961,-36.883503
RAUL MARTINS,2024-11-16 23:53:56,23.8,10.3,-18.282478,-36.883281
RAUL MARTINS,2024-11-17 00:26:57,14.3,10.9,-18.190348,-36.84752
RAUL MARTINS,2024-11-17 00:29:27,10.1,11.0,-18.182908,-36.846041
RAUL MARTINS,2024-11-17 00:31:06,10.7,10.9,-18.177898,-36.845165
RAUL MARTINS,2024-11-17 00:38:06,14.2,10.8,-18.15736,-36.839576
RAUL MARTINS,2024-11-17 00:50:17,16.7,10.7,-18.122053,-36.829323
RAUL MARTINS,2024-11-17 01:11:57,18.6,10.8,-18.059941,-36.808848
RAUL MARTINS,2024-11-17 01:14:18,17.7,10.9,-18.053238,-36.806515
RAUL MARTINS,2024-11-17 01:15:46,19.2,10.9,-18.04895,-36.804988
RAUL MARTINS,2024-11-17 01:30:16,16.3,11.2,-18.0062,-36.791686
RAUL MARTINS,2024-11-17 01:40:48,17.9,11.2,-17.974751,-36.78145
RAUL MARTINS,2024-11-17 01:46:27,15.0,11.3,-17.957661,-36.776311
RAUL MARTINS,2024-11-17 01:49:37,16.2,11.2,-17.948131,-36.773465
RAUL MARTINS,2024-11-17 01:51:58,16.6,11.3,-17.941068,-36.771333
RAUL MARTINS,2024-11-17 02:20:37,14.6,10.8,-17.855761,-36.747063
RAUL MARTINS,2024-11-17 02:50:08,14.7,10.6,-17.771163,-36.722071
RAUL MARTINS,2024-11-17 02:54:57,14.2,10.6,-17.757195,-36.718371
RAUL MARTINS,2024-11-17 03:55:57,9.0,10.7,-17.579103,-36.682751
RAUL MARTINS,2024-11-17 03:58:28,9.2,10.8,-17.571653,-36.681551
RAUL MARTINS,2024-11-17 04:00:37,8.4,10.8,-17.565228,-36.680463
RAUL MARTINS,2024-11-17 04:26:08,14.3,11.1,-17.489945,-36.660901
RAUL MARTINS,2024-11-17 04:28:37,14.3,11.1,-17.482485,-36.658835
RAUL MARTINS,2024-11-17 04:34:57,14.7,11.1,-17.463591,-36.653695
RAUL MARTINS,2024-11-17 05:03:08,12.7,11.2,-17.378706,-36.631856
RAUL MARTINS,2024-11-17 05:08:07,13.2,11.2,-17.363513,-36.628175
RAUL MARTINS,2024-11-17 05:11:07,12.4,11.2,-17.35436,-36.626075
RAUL MARTINS,2024-11-17 05:13:58,12.6,11.2,-17.345646,-36.624088
RAUL MARTINS,2024-11-17 05:34:46,16.3,11.1,-17.282826,-36.607485
RAUL MARTINS,2024-11-17 05:38:57,16.5,11.1,-17.270378,-36.60368
RAUL MARTINS,2024-11-17 05:45:38,16.1,11.1,-17.250576,-36.597801
RAUL MARTINS,2024-11-17 06:10:37,14.2,11.0,-17.176006,-36.577065
RAUL MARTINS,2024-11-17 06:13:07,14.6,11.0,-17.168566,-36.575033
RAUL MARTINS,2024-11-17 06:15:17,14.6,11.0,-17.16214,-36.573281
RAUL MARTINS,2024-11-17 06:49:38,14.6,10.9,-17.06051,-36.546271
RAUL MARTINS,2024-11-17 06:52:47,13.6,10.9,-17.051198,-36.543753
RAUL MARTINS,2024-11-17 07:26:16,14.2,10.8,-16.953113,-36.51817
RAUL MARTINS,2024-11-17 08:52:46,14.0,11.0,-16.698976,-36.451003
RAUL MARTINS,2024-11-17 09:58:47,13.1,11.3,-16.5001,-36.400458
RAUL MARTINS,2024-11-17 10:32:15,13.8,11.2,-16.397798,-36.375418
RAUL MARTINS,2024-11-17 10:34:57,14.1,11.2,-16.389583,-36.373321
RAUL MARTINS,2024-11-17 11:06:16,15.8,11.2,-16.295403,-36.347523
RAUL MARTINS,2024-11-17 11:08:45,15.0,11.2,-16.287885,-36.345398
RAUL MARTINS,2024-11-17 11:10:56,14.7,11.2,-16.281366,-36.34361
RAUL MARTINS,2024-11-17 11:12:26,14.3,11.2,-16.27678,-36.34237
RAUL MARTINS,2024-11-17 11:13:37,14.6,11.2,-16.273261,-36.341403
RAUL MARTINS,2024-11-17 11:14:36,14.8,11.2,-16.270308,-36.340585
RAUL MARTINS,2024-11-17 11:15:36,14.9,11.2,-16.26724,-36.33976
RAUL MARTINS,2024-11-17 11:16:45,14.9,11.2,-16.263788,-36.338786
RAUL MARTINS,2024-11-17 11:17:36,15.1,11.2,-16.261195,-36.338111
RAUL MARTINS,2024-11-17 11:37:46,15.5,11.3,-16.20039,-36.320751
RAUL MARTINS,2024-11-17 11:42:56,15.1,11.4,-16.184723,-36.316096
RAUL MARTINS,2024-11-17 11:46:46,16.2,11.4,-16.173013,-36.312641
RAUL MARTINS,2024-11-17 11:59:18,14.1,11.4,-16.134855,-36.301185
RAUL MARTINS,2024-11-17 12:04:47,14.3,11.4,-16.117943,-36.296746
RAUL MARTINS,2024-11-17 12:10:36,13.9,11.3,-16.100058,-36.291881
RAUL MARTINS,2024-11-17 12:11:36,14.7,11.4,-16.096928,-36.29105
RAUL MARTINS,2024-11-17 12:13:18,14.4,11.3,-16.091716,-36.289668
RAUL MARTINS,2024-11-17 12:45:16,14.4,11.3,-15.994446,-36.263153
RAUL MARTINS,2024-11-17 12:47:56,15.1,11.2,-15.986316,-36.26093
RAUL MARTINS,2024-11-17 12:48:56,14.9,11.3,-15.983218,-36.260055
RAUL MARTINS,2024-11-17 12:51:27,14.3,11.3,-15.975606,-36.257965
RAUL MARTINS,2024-11-17 12:53:17,14.4,11.3,-15.970076,-36.256501
RAUL MARTINS,2024-11-17 12:55:47,14.7,11.3,-15.962466,-36.254416
RAUL MARTINS,2024-11-17 12:56:58,14.8,11.3,-15.958818,-36.253438
RAUL MARTINS,2024-11-17 12:58:18,14.8,11.2,-15.954806,-36.252366
RAUL MARTINS,2024-11-17 13:00:58,14.3,11.3,-15.946633,-36.250183
RAUL MARTINS,2024-11-17 13:05:47,15.0,11.2,-15.93201,-36.246206
RAUL MARTINS,2024-11-17 13:20:47,14.1,11.1,-15.886568,-36.23396
RAUL MARTINS,2024-11-17 13:27:37,14.1,11.1,-15.866146,-36.22852
RAUL MARTINS,2024-11-17 13:42:28,13.1,11.0,-15.82162,-36.217443
RAUL MARTINS,2024-11-17 13:45:06,13.0,11.0,-15.813673,-36.215475
RAUL MARTINS,2024-11-17 13:50:37,12.6,11.0,-15.797171,-36.211461
RAUL MARTINS,2024-11-17 13:54:17,13.2,11.0,-15.786136,-36.208766
RAUL MARTINS,2024-11-17 17:31:26,19.5,11.2,-15.124788,-36.0401
RAUL MARTINS,2024-11-17 17:34:56,19.6,11.2,-15.114373,-36.036325
RAUL MARTINS,2024-11-17 17:35:05,19.3,11.2,-15.113931,-36.036165
RAUL MARTINS,2024-11-17 17:35:36,18.8,11.1,-15.112461,-36.035633
RAUL MARTINS,2024-11-17 17:36:04,19.6,11.2,-15.111035,-36.035128
RAUL MARTINS,2024-11-17 17:36:26,19.4,11.1,-15.109996,-36.034753
RAUL MARTINS,2024-11-17 17:38:26,19.4,11.1,-15.104145,-36.032615
RAUL MARTINS,2024-11-17 18:02:47,13.3,11.0,-15.03086,-36.014385
RAUL MARTINS,2024-11-17 18:09:57,13.5,11.1,-15.009248,-36.009298
RAUL MARTINS,2024-11-17 18:36:17,13.7,11.1,-14.929676,-35.990096
RAUL MARTINS,2024-11-17 18:41:18,12.5,11.1,-14.914513,-35.98626
RAUL MARTINS,2024-11-17 18:45:36,14.4,11.1,-14.901573,-35.982953
RAUL MARTINS,2024-11-17 19:14:26,14.4,11.1,-14.815045,-35.959973
RAUL MARTINS,2024-11-17 19:16:16,14.8,11.1,-14.809533,-35.95854
RAUL MARTINS,2024-11-17 19:58:36,14.8,11.1,-14.683623,-35.924438
RAUL MARTINS,2024-11-17 20:22:05,15.4,11.2,-14.613511,-35.904838
RAUL MARTINS,2024-11-17 20:28:26,14.7,11.2,-14.594511,-35.899513
RAUL MARTINS,2024-11-17 20:56:15,14.8,11.2,-14.510403,-35.876201
RAUL MARTINS,2024-11-17 21:01:47,14.0,11.2,-14.493756,-35.871571
RAUL MARTINS,2024-11-17 21:47:36,15.5,11.4,-14.354243,-35.832935
RAUL MARTINS,2024-11-17 21:52:17,15.7,11.4,-14.339871,-35.82886
RAUL MARTINS,2024-11-17 22:37:55,17.5,11.2,-14.200531,-35.791198
RAUL MARTINS,2024-11-17 23:27:16,14.8,11.2,-14.052575,-35.745016
RAUL MARTINS,2024-11-17 23:31:16,14.0,11.2,-14.040573,-35.741788
RAUL MARTINS,2024-11-17 23:31:46,13.9,11.2,-14.039021,-35.74139
RAUL MARTINS,2024-11-17 23:33:46,14.4,11.2,-14.033023,-35.739858
RAUL MARTINS,2024-11-17 23:34:28,13.8,11.2,-14.030915,-35.739303
RAUL MARTINS,2024-11-18 00:08:07,13.2,11.1,-13.93008,-35.714341
RAUL MARTINS,2024-11-18 00:11:47,13.7,11.1,-13.91914,-35.71174
RAUL MARTINS,2024-11-18 00:15:47,13.4,11.1,-13.907005,-35.708785
RAUL MARTINS,2024-11-18 00:22:36,13.2,11.1,-13.886501,-35.704123
RAUL MARTINS,2024-11-18 00:33:26,13.3,11.1,-13.853885,-35.696615
RAUL MARTINS,2024-11-18 00:34:17,12.1,11.0,-13.851346,-35.696056
RAUL MARTINS,2024-11-18 00:36:36,12.8,11.0,-13.844481,-35.694521
RAUL MARTINS,2024-11-18 00:36:57,12.8,11.0,-13.843426,-35.694285
RAUL MARTINS,2024-11-18 00:38:26,12.8,11.0,-13.838956,-35.69326
RAUL MARTINS,2024-11-18 00:38:57,12.8,11.0,-13.837473,-35.692903
RAUL MARTINS,2024-11-18 00:39:07,13.2,11.0,-13.836993,-35.692771
RAUL MARTINS,2024-11-18 00:39:56,13.0,11.0,-13.834523,-35.6922
RAUL MARTINS,2024-11-18 00:40:26,13.0,11.0,-13.833031,-35.691878
RAUL MARTINS,2024-11-18 00:40:45,12.4,11.0,-13.832076,-35.691668
RAUL MARTINS,2024-11-18 00:40:57,12.7,11.0,-13.831526,-35.69154
RAUL MARTINS,2024-11-18 00:41:07,11.8,11.0,-13.831026,-35.69143
RAUL MARTINS,2024-11-18 00:48:17,11.2,10.9,-13.809563,-35.686651
RAUL MARTINS,2024-11-18 00:52:07,12.2,10.9,-13.798131,-35.684115
RAUL MARTINS,2024-11-18 01:03:17,12.0,11.0,-13.764663,-35.676526
RAUL MARTINS,2024-11-18 01:03:26,12.0,11.0,-13.76421,-35.676423
RAUL MARTINS,2024-11-18 01:04:46,12.5,11.0,-13.760251,-35.675531
RAUL MARTINS,2024-11-18 01:04:56,12.5,11.0,-13.759756,-35.67542
RAUL MARTINS,2024-11-18 01:13:57,12.6,11.0,-13.732795,-35.669223
RAUL MARTINS,2024-11-18 01:23:27,12.5,11.0,-13.70426,-35.662673
RAUL MARTINS,2024-11-18 01:50:47,12.0,10.9,-13.622208,-35.644348
RAUL MARTINS,2024-11-18 01:53:47,12.4,10.9,-13.61323,-35.642358
RAUL MARTINS,2024-11-18 03:01:06,12.3,11.0,-13.411521,-35.598558
RAUL MARTINS,2024-11-18 03:32:07,16.1,11.1,-13.31865,-35.574996
RAUL MARTINS,2024-11-18 03:37:57,15.4,11.1,-13.301218,-35.570105
RAUL MARTINS,2024-11-18 04:02:46,16.5,11.0,-13.227451,-35.54903
RAUL MARTINS,2024-11-18 04:06:58,17.4,11.0,-13.215085,-35.545265
RAUL MARTINS,2024-11-18 04:10:17,17.0,11.0,-13.205211,-35.542258
RAUL MARTINS,2024-11-18 04:40:47,15.1,11.1,-13.115375,-35.5158
RAUL MARTINS,2024-11-18 04:44:27,15.3,11.0,-13.104425,-35.512663
RAUL MARTINS,2024-11-18 04:47:47,13.8,11.1,-13.094475,-35.510173
RAUL MARTINS,2024-11-18 05:11:36,13.6,11.2,-13.022435,-35.492953
RAUL MARTINS,2024-11-18 05:18:17,13.2,11.2,-13.002081,-35.48814
RAUL MARTINS,2024-11-18 05:49:46,14.4,11.1,-12.907273,-35.462703
RAUL MARTINS,2024-11-18 05:56:27,15.1,11.1,-12.887253,-35.457381
RAUL MARTINS,2024-11-18 06:21:57,15.4,11.1,-12.811188,-35.436698
RAUL MARTINS,2024-11-18 06:28:35,15.3,11.1,-12.791371,-35.431326
RAUL MARTINS,2024-11-18 08:24:28,13.8,10.9,-12.446721,-35.339648
RAUL MARTINS,2024-11-18 08:26:58,14.7,10.9,-12.439341,-35.337726
RAUL MARTINS,2024-11-18 09:34:48,171.1,2.9,-12.261291,-35.281555
RAUL MARTINS,2024-11-18 09:37:26,199.8,2.4,-12.26318,-35.28176
RAUL MARTINS,2024-11-18 10:06:47,181.4,8.4,-12.307783,-35.29006
RAUL MARTINS,2024-11-18 10:09:14,203.4,7.0,-12.312973,-35.290888
RAUL MARTINS,2024-11-18 10:40:46,22.7,6.8,-12.260046,-35.290588
RAUL MARTINS,2024-11-18 10:45:16,54.1,4.8,-12.25421,-35.286261
RAUL MARTINS,2024-11-18 10:45:35,55.6,4.7,-12.253971,-35.285913
RAUL MARTINS,2024-11-18 10:53:36,111.4,2.7,-12.253048,-35.27834
RAUL MARTINS,2024-11-18 11:00:46,147.7,2.2,-12.256166,-35.27472
RAUL MARTINS,2024-11-18 11:04:05,145.8,2.5,-12.257901,-35.27362
RAUL MARTINS,2024-11-18 11:05:06,136.3,2.8,-12.258473,-35.273166
RAUL MARTINS,2024-11-18 11:06:56,95.6,2.8,-12.259166,-35.271875
RAUL MARTINS,2024-11-18 11:15:36,355.2,6.7,-12.25071,-35.266891
RAUL MARTINS,2024-11-18 11:18:25,3.2,8.1,-12.244825,-35.266973
RAUL MARTINS,2024-11-18 11:20:48,8.4,8.9,-12.239205,-35.266346
RAUL MARTINS,2024-11-18 11:23:27,11.3,9.6,-12.2325,-35.26506
RAUL MARTINS,2024-11-18 11:25:37,10.9,9.9,-12.226695,-35.263901
RAUL MARTINS,2024-11-18 11:50:16,10.3,11.1,-12.154156,-35.249998
RAUL MARTINS,2024-11-18 11:52:48,10.8,11.1,-12.146486,-35.248611
RAUL MARTINS,2024-11-18 11:57:46,10.0,11.0,-12.13138,-35.245805
RAUL MARTINS,2024-11-18 11:58:06,9.2,11.1,-12.130423,-35.245623
RAUL MARTINS,2024-11-18 12:01:06,10.0,11.0,-12.121306,-35.243986
RAUL MARTINS,2024-11-18 12:03:26,10.2,11.0,-12.114213,-35.24266
RAUL MARTINS,2024-11-18 12:25:27,11.1,11.0,-12.047593,-35.23074
RAUL MARTINS,2024-11-18 12:25:46,10.7,11.0,-12.04659,-35.230531
RAUL MARTINS,2024-11-18 12:29:27,10.7,11.0,-12.035506,-35.2284
RAUL MARTINS,2024-11-18 12:31:26,10.7,11.0,-12.029473,-35.22724
RAUL MARTINS,2024-11-18 12:33:26,11.2,11.0,-12.023411,-35.225988
RAUL MARTINS,2024-11-18 12:33:35,11.4,11.0,-12.022901,-35.225876
RAUL MARTINS,2024-11-18 12:35:27,11.0,11.0,-12.017381,-35.224845
RAUL MARTINS,2024-11-18 12:37:16,9.6,11.0,-12.011913,-35.223858
RAUL MARTINS,2024-11-18 12:37:35,10.5,11.1,-12.010908,-35.223673
RAUL MARTINS,2024-11-18 12:38:07,10.6,11.0,-12.009333,-35.223355
RAUL MARTINS,2024-11-18 12:44:38,10.4,11.0,-11.989723,-35.219638
RAUL MARTINS,2024-11-18 12:51:37,10.2,11.0,-11.968595,-35.215708
RAUL MARTINS,2024-11-18 12:52:36,9.6,10.9,-11.965641,-35.215168
RAUL MARTINS,2024-11-18 12:54:47,10.2,11.0,-11.959051,-35.213956
RAUL MARTINS,2024-11-18 12:55:56,10.2,10.9,-11.955656,-35.213321
RAUL MARTINS,2024-11-18 12:56:06,10.3,11.0,-11.955105,-35.21322
RAUL MARTINS,2024-11-18 13:02:56,11.9,11.0,-11.934583,-35.208823
RAUL MARTINS,2024-11-18 16:14:24,13.1,11.5,-11.356881,-35.06232
RAUL MARTINS,2024-11-18 16:14:44,12.7,11.4,-11.355893,-35.062088
RAUL MARTINS,2024-11-18 16:16:54,12.8,11.5,-11.349056,-35.060455
RAUL MARTINS,2024-11-18 16:17:44,12.7,11.5,-11.346446,-35.059833
RAUL MARTINS,2024-11-18 16:17:54,12.9,11.5,-11.345925,-35.059708
RAUL MARTINS,2024-11-18 16:18:24,13.8,11.5,-11.344355,-35.059328
RAUL MARTINS,2024-11-18 16:20:24,13.1,11.5,-11.338143,-35.057831
RAUL MARTINS,2024-11-18 16:20:44,12.9,11.5,-11.337046,-35.057565
RAUL MARTINS,2024-11-18 17:45:28,12.4,11.8,-11.068435,-34.986795
RAUL MARTINS,2024-11-18 18:16:17,14.2,11.9,-10.96932,-34.961846
RAUL MARTINS,2024-11-18 18:47:27,16.0,11.8,-10.870243,-34.934048
RAUL MARTINS,2024-11-18 21:40:55,11.9,11.3,-10.324658,-34.796513
RAUL MARTINS,2024-11-18 21:43:47,11.8,11.3,-10.31578,-34.79465
RAUL MARTINS,2024-11-18 23:03:18,11.7,11.2,-10.071475,-34.736376
RAUL MARTINS,2024-11-18 23:19:36,11.9,11.3,-10.021343,-34.725311
RAUL MARTINS,2024-11-18 23:44:18,11.6,11.2,-9.945746,-34.70909
RAUL MARTINS,2024-11-18 23:46:46,11.6,11.3,-9.938138,-34.707516
RAUL MARTINS,2024-11-19 00:13:07,14.3,11.2,-9.857925,-34.68864
RAUL MARTINS,2024-11-19 00:16:18,15.9,11.2,-9.848296,-34.68622
RAUL MARTINS,2024-11-19 00:19:37,16.5,11.2,-9.838303,-34.683265
RAUL MARTINS,2024-11-19 00:21:06,15.9,11.2,-9.83382,-34.682006
RAUL MARTINS,2024-11-19 00:23:16,16.0,11.1,-9.827348,-34.680106
RAUL MARTINS,2024-11-19 00:23:25,16.1,11.2,-9.82685,-34.679956
RAUL MARTINS,2024-11-19 00:24:25,15.8,11.2,-9.823863,-34.67907
RAUL MARTINS,2024-11-19 00:25:16,16.5,11.3,-9.821188,-34.678301
RAUL MARTINS,2024-11-19 00:26:17,16.5,11.3,-9.818246,-34.677455
RAUL MARTINS,2024-11-19 00:27:06,16.1,11.1,-9.815796,-34.676716
RAUL MARTINS,2024-11-19 00:27:16,17.1,11.2,-9.815315,-34.676568
RAUL MARTINS,2024-11-19 00:28:47,15.4,11.2,-9.810755,-34.675275
RAUL MARTINS,2024-11-19 00:29:16,16.6,11.2,-9.809311,-34.674866
RAUL MARTINS,2024-11-19 00:29:36,16.0,11.3,-9.808325,-34.674576
RAUL MARTINS,2024-11-19 00:29:47,15.5,11.2,-9.807776,-34.674416
RAUL MARTINS,2024-11-19 00:33:37,15.5,11.2,-9.796131,-34.671023
RAUL MARTINS,2024-11-19 00:34:16,15.7,11.2,-9.794268,-34.670523
RAUL MARTINS,2024-11-19 00:34:56,15.0,11.2,-9.792155,-34.669905
RAUL MARTINS,2024-11-19 00:35:06,15.1,11.2,-9.791656,-34.669765
RAUL MARTINS,2024-11-19 00:35:26,15.3,11.2,-9.790615,-34.66948
RAUL MARTINS,2024-11-19 00:35:45,15.5,11.2,-9.789683,-34.669241
RAUL MARTINS,2024-11-19 00:37:15,15.3,11.2,-9.785185,-34.668005
RAUL MARTINS,2024-11-19 00:38:26,15.6,11.2,-9.781555,-34.666938
RAUL MARTINS,2024-11-19 00:39:26,15.2,11.2,-9.778626,-34.666125
RAUL MARTINS,2024-11-19 00:40:15,15.7,11.3,-9.776153,-34.665405
RAUL MARTINS,2024-11-19 00:45:56,15.5,11.2,-9.759093,-34.660505
RAUL MARTINS,2024-11-19 00:56:07,16.0,11.2,-9.728516,-34.651756
RAUL MARTINS,2024-11-19 02:03:47,16.2,11.0,-9.52752,-34.592411
RAUL MARTINS,2024-11-19 02:32:16,16.3,11.2,-9.442825,-34.567468
RAUL MARTINS,2024-11-19 03:11:56,11.2,11.3,-9.322636,-34.537553
RAUL MARTINS,2024-11-19 03:44:36,13.7,11.2,-9.222531,-34.514436
RAUL MARTINS,2024-11-19 03:47:06,13.3,11.2,-9.214923,-34.512575
RAUL MARTINS,2024-11-19 04:18:48,13.5,11.1,-9.118756,-34.488585
RAUL MARTINS,2024-11-19 04:48:36,14.2,11.3,-9.028183,-34.465836
RAUL MARTINS,2024-11-19 04:50:57,13.5,11.3,-9.021063,-34.464018
RAUL MARTINS,2024-11-19 04:55:35,14.8,11.3,-9.00692,-34.460323
RAUL MARTINS,2024-11-19 05:22:17,14.5,11.3,-8.925648,-34.439536
RAUL MARTINS,2024-11-19 05:28:07,14.1,11.3,-8.907901,-34.434945
RAUL MARTINS,2024-11-19 05:33:46,13.6,11.2,-8.890715,-34.430566
RAUL MARTINS,2024-11-19 05:56:17,13.8,11.3,-8.822218,-34.412711
RAUL MARTINS,2024-11-19 05:59:58,15.1,11.3,-8.81108,-34.409828
RAUL MARTINS,2024-11-19 06:03:08,13.5,11.2,-8.801468,-34.40735
RAUL MARTINS,2024-11-19 06:05:57,14.9,11.2,-8.7929,-34.405158
RAUL MARTINS,2024-11-19 06:41:08,14.8,11.3,-8.686098,-34.377243
RAUL MARTINS,2024-11-19 10:17:07,15.7,11.8,-8.011288,-34.203893
RAUL MARTINS,2024-11-19 10:24:27,18.1,11.8,-7.988041,-34.196985
RAUL MARTINS,2024-11-19 10:49:35,15.4,11.9,-7.908343,-34.173321
RAUL MARTINS,2024-11-19 10:49:46,15.8,11.8,-7.907776,-34.173151
RAUL MARTINS,2024-11-19 10:49:57,16.1,11.7,-7.907196,-34.172983
RAUL MARTINS,2024-11-19 10:50:07,17.2,11.8,-7.906675,-34.172833
RAUL MARTINS,2024-11-19 10:52:25,16.3,11.8,-7.899415,-34.170675
RAUL MARTINS,2024-11-19 10:54:08,16.1,11.8,-7.894001,-34.169086
RAUL MARTINS,2024-11-19 10:54:47,16.2,11.8,-7.891961,-34.168483
RAUL MARTINS,2024-11-19 10:56:25,17.0,11.8,-7.886745,-34.166931
RAUL MARTINS,2024-11-19 10:57:57,16.6,11.8,-7.881935,-34.165523
RAUL MARTINS,2024-11-19 11:21:57,16.5,11.8,-7.806073,-34.143463
RAUL MARTINS,2024-11-19 11:24:48,16.7,11.8,-7.797111,-34.140768
RAUL MARTINS,2024-11-19 11:29:17,17.6,11.8,-7.782968,-34.136508
RAUL MARTINS,2024-11-19 11:41:57,17.2,11.8,-7.742948,-34.124483
RAUL MARTINS,2024-11-19 11:44:17,17.3,11.9,-7.73557,-34.122236
RAUL MARTINS,2024-11-19 11:47:18,16.3,11.8,-7.726055,-34.119378
RAUL MARTINS,2024-11-19 11:50:57,17.2,11.8,-7.714521,-34.115888
RAUL MARTINS,2024-11-19 12:07:58,22.3,11.6,-7.661041,-34.099733
RAUL MARTINS,2024-11-19 12:20:16,106.6,10.2,-7.654118,-34.06955
RAUL MARTINS,2024-11-19 12:21:16,107.1,10.3,-7.654945,-34.0668
RAUL MARTINS,2024-11-19 12:24:46,105.9,10.6,-7.657946,-34.057018
RAUL MARTINS,2024-11-19 12:26:46,106.1,10.6,-7.659668,-34.051231
RAUL MARTINS,2024-11-19 12:28:07,107.4,10.7,-7.660808,-34.047451
RAUL MARTINS,2024-11-19 12:28:26,106.6,10.7,-7.661075,-34.046595
RAUL MARTINS,2024-11-19 12:28:36,106.6,10.7,-7.661235,-34.046068
RAUL MARTINS,2024-11-19 12:29:26,107.2,10.8,-7.66197,-34.043653
RAUL MARTINS,2024-11-19 12:40:47,107.7,11.0,-7.672081,-34.010688
RAUL MARTINS,2024-11-19 12:42:58,107.6,10.9,-7.674056,-34.004341
RAUL MARTINS,2024-11-19 12:45:36,107.2,10.9,-7.676546,-33.996608
RAUL MARTINS,2024-11-19 12:48:17,108.4,11.0,-7.67908,-33.98885
RAUL MARTINS,2024-11-19 16:30:06,19.0,11.3,-7.02158,-33.891936
RAUL MARTINS,2024-11-19 16:31:16,18.7,11.3,-7.018106,-33.890746
RAUL MARTINS,2024-11-19 16:31:46,19.2,11.3,-7.016565,-33.89021
RAUL MARTINS,2024-11-19 16:32:46,18.9,11.3,-7.01358,-33.889183
RAUL MARTINS,2024-11-19 16:33:45,18.2,11.3,-7.010661,-33.888191
RAUL MARTINS,2024-11-19 16:34:06,18.9,11.3,-7.009618,-33.887843
RAUL MARTINS,2024-11-19 16:34:45,17.6,11.3,-7.007683,-33.88719
RAUL MARTINS,2024-11-19 16:34:55,19.2,11.3,-7.00719,-33.887015
RAUL MARTINS,2024-11-19 16:36:06,19.9,11.3,-7.003673,-33.88581
RAUL MARTINS,2024-11-19 16:39:08,18.6,11.3,-6.994765,-33.882743
RAUL MARTINS,2024-11-19 16:41:27,18.4,11.3,-6.987821,-33.880361
RAUL MARTINS,2024-11-19 17:11:37,18.8,11.1,-6.898385,-33.849805
RAUL MARTINS,2024-11-19 17:15:48,17.8,11.2,-6.88604,-33.845565
RAUL MARTINS,2024-11-19 17:23:17,18.5,11.1,-6.863956,-33.838196
RAUL MARTINS,2024-11-19 17:49:17,18.1,11.2,-6.786801,-33.813136
RAUL MARTINS,2024-11-19 17:57:28,17.7,11.2,-6.76242,-33.805226
RAUL MARTINS,2024-11-19 18:08:45,18.5,11.2,-6.728775,-33.794333
RAUL MARTINS,2024-11-19 18:20:07,18.6,11.1,-6.695293,-33.783386
RAUL MARTINS,2024-11-19 18:25:57,17.2,11.0,-6.678168,-33.77778
RAUL MARTINS,2024-11-19 21:29:55,18.1,11.0,-6.1361,-33.602463
RAUL MARTINS,2024-11-19 21:36:38,17.8,11.0,-6.116428,-33.59621
RAUL MARTINS,2024-11-19 22:24:36,16.7,11.0,-5.976088,-33.552715
RAUL MARTINS,2024-11-19 22:29:57,16.6,11.1,-5.960283,-33.547933
RAUL MARTINS,2024-11-19 22:43:18,16.3,11.1,-5.920803,-33.535891
RAUL MARTINS,2024-11-19 23:06:15,14.7,11.0,-5.852625,-33.515371
RAUL MARTINS,2024-11-19 23:12:08,17.3,11.1,-5.835296,-33.51014
RAUL MARTINS,2024-11-19 23:14:47,17.4,11.0,-5.827306,-33.507768
RAUL MARTINS,2024-11-19 23:19:47,16.9,11.1,-5.81252,-33.503328
RAUL MARTINS,2024-11-19 23:21:58,18.3,11.1,-5.806095,-33.501385
RAUL MARTINS,2024-11-19 23:55:17,19.2,11.2,-5.708335,-33.467931
RAUL MARTINS,2024-11-20 00:11:28,23.4,11.1,-5.661946,-33.449186
RAUL MARTINS,2024-11-20 00:12:28,24.1,11.1,-5.659066,-33.447878
RAUL MARTINS,2024-11-20 00:12:36,23.6,11.1,-5.658691,-33.447708
RAUL MARTINS,2024-11-20 03:14:37,15.9,11.1,-5.119266,-33.276841
RAUL MARTINS,2024-11-20 03:50:48,16.7,10.9,-5.01281,-33.244963
RAUL MARTINS,2024-11-20 03:52:57,17.0,10.9,-5.006461,-33.243003
RAUL MARTINS,2024-11-20 03:55:07,17.8,10.9,-5.000168,-33.241076
RAUL MARTINS,2024-11-20 03:59:27,17.3,11.0,-4.987531,-33.237251
RAUL MARTINS,2024-11-20 04:25:37,16.1,10.9,-4.911646,-33.214158
RAUL MARTINS,2024-11-20 04:28:07,17.2,10.8,-4.904326,-33.211961
RAUL MARTINS,2024-11-20 04:30:47,16.3,10.9,-4.896595,-33.209651
RAUL MARTINS,2024-11-20 04:56:18,16.7,11.0,-4.821931,-33.186116
RAUL MARTINS,2024-11-20 04:58:08,16.2,11.0,-4.816615,-33.1845
RAUL MARTINS,2024-11-20 05:00:46,18.8,10.9,-4.808868,-33.182183
RAUL MARTINS,2024-11-20 05:03:58,17.5,10.9,-4.799525,-33.179238
RAUL MARTINS,2024-11-20 05:34:48,16.9,11.0,-4.709431,-33.151105
RAUL MARTINS,2024-11-20 05:38:07,17.6,11.0,-4.699768,-33.148088
RAUL MARTINS,2024-11-20 05:43:17,17.8,11.0,-4.684633,-33.14345
RAUL MARTINS,2024-11-20 06:08:18,20.1,11.0,-4.611371,-33.119908
RAUL MARTINS,2024-11-20 06:11:16,18.0,11.0,-4.602771,-33.117133
RAUL MARTINS,2024-11-20 06:45:18,18.2,10.9,-4.504511,-33.084366
RAUL MARTINS,2024-11-20 06:47:37,17.1,10.9,-4.497855,-33.08215
RAUL MARTINS,2024-11-20 09:24:17,18.4,11.4,-4.036103,-32.935236
RAUL MARTINS,2024-11-20 09:55:36,16.5,11.1,-3.942233,-32.908763
RAUL MARTINS,2024-11-20 09:56:25,15.1,11.1,-3.939745,-32.908085
RAUL MARTINS,2024-11-20 10:28:28,19.5,10.9,-3.845498,-32.881543
RAUL MARTINS,2024-11-20 10:32:07,23.9,10.8,-3.83526,-32.877435
RAUL MARTINS,2024-11-20 10:36:46,25.0,10.7,-3.82265,-32.871365
RAUL MARTINS,2024-11-20 10:39:17,26.9,10.7,-3.815851,-32.868081
RAUL MARTINS,2024-11-20 10:41:27,26.8,10.7,-3.810068,-32.865265
RAUL MARTINS,2024-11-20 10:45:57,25.5,10.7,-3.798001,-32.859533
RAUL MARTINS,2024-11-20 10:49:57,26.0,10.7,-3.787198,-32.854453
RAUL MARTINS,2024-11-20 11:01:57,26.0,10.7,-3.75482,-32.838938
RAUL MARTINS,2024-11-20 11:06:37,26.8,10.8,-3.74215,-32.832906
RAUL MARTINS,2024-11-20 11:19:44,23.6,10.8,-3.706261,-32.815886
RAUL MARTINS,2024-11-20 11:42:45,25.7,10.8,-3.643443,-32.786776
RAUL MARTINS,2024-11-20 11:43:36,24.8,10.9,-3.641116,-32.785708
RAUL MARTINS,2024-11-20 11:56:15,22.1,10.8,-3.606325,-32.769706
RAUL MARTINS,2024-11-20 11:56:25,22.5,10.9,-3.605873,-32.769496
RAUL MARTINS,2024-11-20 11:58:15,26.3,10.8,-3.600911,-32.767198
RAUL MARTINS,2024-11-20 12:00:27,25.8,10.8,-3.594886,-32.764273
RAUL MARTINS,2024-11-20 12:06:17,26.3,10.9,-3.579023,-32.75645
RAUL MARTINS,2024-11-20 12:06:46,25.4,10.9,-3.577665,-32.755796
RAUL MARTINS,2024-11-20 12:06:55,26.0,10.9,-3.57726,-32.755598
RAUL MARTINS,2024-11-20 12:07:06,25.7,11.0,-3.57676,-32.755358
RAUL MARTINS,2024-11-20 12:07:37,25.4,10.9,-3.57538,-32.754696
RAUL MARTINS,2024-11-20 12:08:37,24.0,10.9,-3.572593,-32.753368
RAUL MARTINS,2024-11-20 12:08:55,27.5,10.9,-3.571778,-32.752966
RAUL MARTINS,2024-11-20 12:09:07,26.6,10.9,-3.571231,-32.752705
RAUL MARTINS,2024-11-20 12:09:17,25.8,10.9,-3.570821,-32.75251
RAUL MARTINS,2024-11-20 12:09:37,25.3,10.9,-3.569863,-32.752056
RAUL MARTINS,2024-11-20 12:10:07,26.1,10.9,-3.568546,-32.751418
RAUL MARTINS,2024-11-20 12:10:37,26.3,10.8,-3.567183,-32.75075
RAUL MARTINS,2024-11-20 12:10:55,26.6,10.9,-3.566356,-32.75034
RAUL MARTINS,2024-11-20 12:11:17,26.5,10.9,-3.565315,-32.749833
RAUL MARTINS,2024-11-20 12:11:37,25.9,10.9,-3.564438,-32.749403
RAUL MARTINS,2024-11-20 12:13:48,25.2,10.9,-3.558446,-32.746501
RAUL MARTINS,2024-11-20 12:18:28,25.5,10.9,-3.545721,-32.740281
RAUL MARTINS,2024-11-20 13:31:46,28.1,10.7,-3.345145,-32.643048
RAUL MARTINS,2024-11-20 15:08:24,25.4,10.7,-3.080228,-32.523193
RAUL MARTINS,2024-11-20 15:08:45,25.5,10.7,-3.079281,-32.522751
RAUL MARTINS,2024-11-20 15:09:45,23.3,10.7,-3.076541,-32.521503
RAUL MARTINS,2024-11-20 15:09:47,23.3,10.7,-3.076541,-32.521503
RAUL MARTINS,2024-11-20 15:10:04,25.5,10.7,-3.075743,-32.521123
RAUL MARTINS,2024-11-20 15:10:36,25.4,10.7,-3.074291,-32.520448
RAUL MARTINS,2024-11-20 15:11:24,23.1,10.7,-3.072033,-32.51946
RAUL MARTINS,2024-11-20 15:11:45,23.2,10.7,-3.071108,-32.51903
RAUL MARTINS,2024-11-20 15:12:15,23.8,10.7,-3.069738,-32.518396
RAUL MARTINS,2024-11-20 15:13:16,25.0,10.7,-3.067043,-32.517168
RAUL MARTINS,2024-11-20 15:38:26,24.3,10.6,-2.998975,-32.486093
RAUL MARTINS,2024-11-20 15:40:47,25.7,10.5,-2.99276,-32.48312
RAUL MARTINS,2024-11-20 16:11:06,25.8,10.8,-2.911021,-32.443881
RAUL MARTINS,2024-11-20 16:18:15,25.8,10.8,-2.89149,-32.434655
RAUL MARTINS,2024-11-20 16:45:40,23.6,10.8,-2.816418,-32.399198
RAUL MARTINS,2024-11-20 16:47:01,25.7,10.8,-2.812721,-32.397506
RAUL MARTINS,2024-11-20 16:47:11,25.0,10.8,-2.812266,-32.397298
RAUL MARTINS,2024-11-20 16:47:32,24.7,10.8,-2.811321,-32.39685
RAUL MARTINS,2024-11-20 16:47:51,23.8,10.8,-2.810463,-32.39644
RAUL MARTINS,2024-11-20 16:48:01,23.2,10.7,-2.810008,-32.396228
RAUL MARTINS,2024-11-20 16:48:21,26.6,10.6,-2.809143,-32.395821
RAUL MARTINS,2024-11-20 16:49:11,22.8,10.9,-2.806866,-32.394766
RAUL MARTINS,2024-11-20 16:49:21,24.1,10.8,-2.80641,-32.394558
RAUL MARTINS,2024-11-20 16:49:27,24.1,10.8,-2.80641,-32.394558
RAUL MARTINS,2024-11-20 16:50:21,25.0,10.8,-2.803613,-32.393271
RAUL MARTINS,2024-11-20 16:51:21,24.2,10.7,-2.800915,-32.392045
RAUL MARTINS,2024-11-20 16:53:50,24.8,10.8,-2.794113,-32.3889
RAUL MARTINS,2024-11-20 16:54:36,22.8,10.8,-2.792225,-32.388041
RAUL MARTINS,2024-11-20 16:56:55,24.8,10.8,-2.785923,-32.385118
RAUL MARTINS,2024-11-20 17:20:57,22.9,10.7,-2.7204,-32.355233
RAUL MARTINS,2024-11-20 18:00:36,26.5,10.7,-2.614103,-32.304556
RAUL MARTINS,2024-11-20 20:38:27,25.1,10.7,-2.185576,-32.104983
RAUL MARTINS,2024-11-20 21:24:16,27.2,10.6,-2.061576,-32.045405
RAUL MARTINS,2024-11-20 21:27:16,26.7,10.7,-2.053545,-32.041485
RAUL MARTINS,2024-11-20 21:44:17,25.6,10.6,-2.007966,-32.019465
RAUL MARTINS,2024-11-20 22:14:47,24.8,10.7,-1.926411,-31.980215
RAUL MARTINS,2024-11-20 22:18:07,25.3,10.7,-1.917448,-31.975875
RAUL MARTINS,2024-11-20 22:20:36,24.0,10.7,-1.910743,-31.972773
RAUL MARTINS,2024-11-20 22:21:36,24.0,10.7,-1.907975,-31.971483
RAUL MARTINS,2024-11-20 22:26:37,25.6,10.8,-1.8944,-31.965043
RAUL MARTINS,2024-11-20 22:47:57,25.8,10.7,-1.836626,-31.937791
RAUL MARTINS,2024-11-20 22:50:17,24.7,10.7,-1.830305,-31.934835
RAUL MARTINS,2024-11-20 23:13:57,25.7,10.8,-1.766285,-31.90437
RAUL MARTINS,2024-11-20 23:40:26,24.1,10.7,-1.694463,-31.869633
RAUL MARTINS,2024-11-20 23:41:07,25.8,10.8,-1.692656,-31.868761
RAUL MARTINS,2024-11-20 23:43:07,27.0,10.7,-1.68724,-31.866065
RAUL MARTINS,2024-11-20 23:47:26,26.5,10.7,-1.67563,-31.860508
RAUL MARTINS,2024-11-21 00:00:57,26.4,10.6,-1.639433,-31.842758
RAUL MARTINS,2024-11-21 00:01:15,25.7,10.7,-1.638618,-31.842363
RAUL MARTINS,2024-11-21 00:03:15,27.1,10.7,-1.633245,-31.83968
RAUL MARTINS,2024-11-21 00:04:27,26.4,10.7,-1.63009,-31.838111
RAUL MARTINS,2024-11-21 00:04:35,27.0,10.7,-1.629726,-31.837923
RAUL MARTINS,2024-11-21 00:04:46,28.0,10.7,-1.629241,-31.837675
RAUL MARTINS,2024-12-17 00:18:47,203.7,12.6,-1.741163,-31.613741
RAUL MARTINS,2024-12-17 00:21:48,205.1,12.7,-1.750833,-31.61814
RAUL MARTINS,2024-12-17 00:47:18,204.3,12.7,-1.833421,-31.654998
RAUL MARTINS,2024-12-17 00:51:36,204.2,12.6,-1.847261,-31.661276
RAUL MARTINS,2024-12-17 00:51:47,205.2,12.6,-1.847858,-31.661548
RAUL MARTINS,2024-12-17 00:52:36,204.6,12.6,-1.850471,-31.662755
RAUL MARTINS,2024-12-17 01:03:17,205.1,12.5,-1.884476,-31.678296
RAUL MARTINS,2024-12-17 01:11:06,203.6,12.6,-1.909395,-31.6896
RAUL MARTINS,2024-12-17 01:22:16,205.4,12.4,-1.944855,-31.705626
RAUL MARTINS,2024-12-17 01:57:37,202.2,12.3,-2.057081,-31.755498
RAUL MARTINS,2024-12-17 02:00:37,202.3,12.5,-2.066661,-31.759733
RAUL MARTINS,2024-12-17 02:07:06,203.1,12.4,-2.087228,-31.768791
RAUL MARTINS,2024-12-17 05:29:37,207.0,12.7,-2.740011,-32.061748
RAUL MARTINS,2024-12-17 05:36:36,203.8,12.6,-2.762203,-32.071788
RAUL MARTINS,2024-12-17 06:02:35,205.4,12.4,-2.845455,-32.108086
RAUL MARTINS,2024-12-17 06:04:57,205.0,12.5,-2.852848,-32.111551
RAUL MARTINS,2024-12-17 06:07:07,205.9,12.5,-2.859738,-32.114805
RAUL MARTINS,2024-12-17 06:10:07,207.0,12.4,-2.869066,-32.119326
RAUL MARTINS,2024-12-17 06:34:58,203.8,12.5,-2.947288,-32.156416
RAUL MARTINS,2024-12-17 06:38:27,207.9,12.3,-2.958215,-32.16159
RAUL MARTINS,2024-12-17 07:07:58,206.1,12.8,-3.05209,-32.206558
RAUL MARTINS,2024-12-17 07:10:58,206.3,12.5,-3.06171,-32.211098
RAUL MARTINS,2024-12-17 07:11:58,205.8,12.5,-3.064906,-32.212646
RAUL MARTINS,2024-12-17 07:15:18,204.6,12.6,-3.07553,-32.217721
RAUL MARTINS,2024-12-17 07:15:28,205.7,12.8,-3.076068,-32.217973
RAUL MARTINS,2024-12-17 07:17:28,205.4,12.6,-3.082513,-32.221016
RAUL MARTINS,2024-12-17 07:18:48,204.5,12.7,-3.08674,-32.223015
RAUL MARTINS,2024-12-17 07:48:37,205.2,12.6,-3.182575,-32.267678
RAUL MARTINS,2024-12-17 07:51:27,204.2,12.6,-3.191716,-32.271811
RAUL MARTINS,2024-12-17 08:20:48,204.0,12.7,-3.286618,-32.314626
RAUL MARTINS,2024-12-17 08:29:37,204.9,12.7,-3.315255,-32.327463
RAUL MARTINS,2024-12-17 08:55:08,196.5,12.4,-3.39949,-32.357983
RAUL MARTINS,2024-12-17 10:43:32,204.8,13.9,-3.765153,-32.482428
RAUL MARTINS,2024-12-17 10:53:19,201.7,13.7,-3.79959,-32.497103
RAUL MARTINS,2024-12-17 11:12:00,201.8,13.6,-3.86561,-32.523495
RAUL MARTINS,2024-12-17 11:12:50,202.3,13.5,-3.868601,-32.524736
RAUL MARTINS,2024-12-17 11:13:59,203.2,13.6,-3.872613,-32.526436
RAUL MARTINS,2024-12-17 11:14:40,202.1,13.6,-3.874963,-32.527405
RAUL MARTINS,2024-12-17 11:15:40,203.4,13.6,-3.878493,-32.528926
RAUL MARTINS,2024-12-17 11:38:01,204.8,13.9,-3.956171,-32.564433
RAUL MARTINS,2024-12-17 11:40:01,205.7,13.8,-3.963125,-32.567761
RAUL MARTINS,2024-12-17 11:44:21,205.2,13.8,-3.978241,-32.574873
RAUL MARTINS,2024-12-17 11:46:39,204.0,13.8,-3.986256,-32.578638
RAUL MARTINS,2024-12-17 11:50:32,205.3,13.8,-3.999893,-32.584981
RAUL MARTINS,2024-12-17 12:17:13,205.8,13.7,-4.09307,-32.628151
RAUL MARTINS,2024-12-17 12:22:43,203.4,13.6,-4.112316,-32.63689
RAUL MARTINS,2024-12-17 12:34:23,205.6,13.8,-4.153065,-32.655645
RAUL MARTINS,2024-12-17 12:36:44,206.2,13.7,-4.161243,-32.65949
RAUL MARTINS,2024-12-17 12:39:03,204.1,13.6,-4.169266,-32.66318
RAUL MARTINS,2024-12-17 12:40:34,205.4,13.7,-4.174471,-32.665588
RAUL MARTINS,2024-12-17 12:40:55,204.9,13.7,-4.175746,-32.666181
RAUL MARTINS,2024-12-17 12:44:13,205.9,13.8,-4.187213,-32.671501
RAUL MARTINS,2024-12-17 12:44:44,205.0,13.7,-4.188953,-32.6723
RAUL MARTINS,2024-12-17 12:45:44,204.3,13.6,-4.192438,-32.673911
RAUL MARTINS,2024-12-17 12:49:44,205.6,13.8,-4.206318,-32.680376
RAUL MARTINS,2024-12-17 13:04:44,202.4,13.5,-4.25816,-32.70432
RAUL MARTINS,2024-12-17 13:04:53,203.8,13.7,-4.25862,-32.704528
RAUL MARTINS,2024-12-17 13:07:23,202.7,13.6,-4.267298,-32.708496
RAUL MARTINS,2024-12-17 13:07:24,202.7,13.6,-4.267298,-32.708496
RAUL MARTINS,2024-12-17 13:08:53,204.9,13.6,-4.272451,-32.71085
RAUL MARTINS,2024-12-17 13:15:05,204.1,13.6,-4.293765,-32.720575
RAUL MARTINS,2024-12-17 13:26:24,199.2,13.5,-4.333145,-32.73737
RAUL MARTINS,2024-12-17 13:29:53,199.7,13.4,-4.345585,-32.741741
RAUL MARTINS,2024-12-17 13:32:24,201.1,13.4,-4.354503,-32.74488
RAUL MARTINS,2024-12-17 14:24:15,191.0,13.2,-4.541041,-32.790965
RAUL MARTINS,2024-12-17 14:29:55,188.8,13.1,-4.561673,-32.794661
RAUL MARTINS,2024-12-17 15:27:12,198.1,13.4,-4.769975,-32.834345
RAUL MARTINS,2024-12-17 15:29:22,199.1,13.3,-4.77764,-32.836895
RAUL MARTINS,2024-12-17 15:29:32,197.8,13.4,-4.778221,-32.837103
RAUL MARTINS,2024-12-17 15:30:02,198.2,13.4,-4.779986,-32.837695
RAUL MARTINS,2024-12-17 15:30:33,199.5,13.4,-4.781801,-32.838293
RAUL MARTINS,2024-12-17 16:04:34,199.8,13.5,-4.903068,-32.878648
RAUL MARTINS,2024-12-17 17:00:23,199.0,13.6,-5.103331,-32.946756
RAUL MARTINS,2024-12-17 17:02:43,199.3,13.6,-5.111716,-32.949553
RAUL MARTINS,2024-12-17 17:03:02,198.7,13.6,-5.112848,-32.949951
RAUL MARTINS,2024-12-17 17:03:33,199.3,13.6,-5.114698,-32.9506
RAUL MARTINS,2024-12-17 17:05:33,199.0,13.6,-5.121896,-32.953053
RAUL MARTINS,2024-12-17 17:06:02,198.6,13.6,-5.123585,-32.95359
RAUL MARTINS,2024-12-17 17:09:02,199.0,13.5,-5.134341,-32.957298
RAUL MARTINS,2024-12-17 17:11:25,199.3,13.5,-5.142808,-32.960211
RAUL MARTINS,2024-12-17 17:13:45,197.5,13.5,-5.151073,-32.963038
RAUL MARTINS,2024-12-17 17:19:45,197.3,13.5,-5.172751,-32.969905
RAUL MARTINS,2024-12-17 17:48:25,195.6,13.4,-5.276013,-33.000431
RAUL MARTINS,2024-12-17 17:51:36,198.2,13.5,-5.287516,-33.00383
RAUL MARTINS,2024-12-17 17:54:05,195.8,13.5,-5.296458,-33.006456
RAUL MARTINS,2024-12-17 17:54:23,194.6,13.4,-5.29759,-33.006765
RAUL MARTINS,2024-12-17 18:18:25,197.6,13.7,-5.384026,-33.034498
RAUL MARTINS,2024-12-17 19:00:05,198.1,13.5,-5.534543,-33.082776
RAUL MARTINS,2024-12-17 19:34:05,197.5,13.5,-5.657406,-33.12158
RAUL MARTINS,2024-12-17 19:36:15,197.5,13.5,-5.665175,-33.124081
RAUL MARTINS,2024-12-17 22:05:41,197.3,13.6,-6.20765,-33.293713
RAUL MARTINS,2024-12-17 23:44:36,195.3,13.7,-6.570656,-33.400181
RAUL MARTINS,2024-12-17 23:50:18,195.4,13.8,-6.591835,-33.406173
RAUL MARTINS,2024-12-18 00:08:06,196.5,14.0,-6.658641,-33.424655
RAUL MARTINS,2024-12-18 00:11:06,195.0,14.0,-6.66998,-33.427755
RAUL MARTINS,2024-12-18 00:32:17,196.1,14.0,-6.749915,-33.449453
RAUL MARTINS,2024-12-18 00:33:05,194.2,14.0,-6.75292,-33.450265
RAUL MARTINS,2024-12-18 00:38:06,195.1,14.1,-6.772021,-33.455413
RAUL MARTINS,2024-12-18 00:38:25,195.6,14.1,-6.77323,-33.455735
RAUL MARTINS,2024-12-18 00:38:45,194.6,14.1,-6.77444,-33.456058
RAUL MARTINS,2024-12-18 00:40:06,195.8,14.2,-6.779636,-33.457468
RAUL MARTINS,2024-12-18 00:40:25,194.4,14.2,-6.780828,-33.457808
RAUL MARTINS,2024-12-18 00:49:15,195.1,14.0,-6.8143,-33.466805
RAUL MARTINS,2024-12-18 01:31:34,200.9,13.5,-6.968206,-33.523363
RAUL MARTINS,2024-12-18 01:56:24,197.8,13.8,-7.057215,-33.556323
RAUL MARTINS,2024-12-18 01:59:51,198.4,13.9,-7.069778,-33.560473
RAUL MARTINS,2024-12-18 02:50:05,195.6,13.5,-7.252713,-33.619051
RAUL MARTINS,2024-12-18 04:27:06,197.0,13.5,-7.602715,-33.722725
RAUL MARTINS,2024-12-18 05:05:47,194.4,13.8,-7.74301,-33.763388
RAUL MARTINS,2024-12-18 05:41:46,195.5,13.7,-7.875251,-33.800713
RAUL MARTINS,2024-12-18 06:12:26,195.5,13.6,-7.987723,-33.832498
RAUL MARTINS,2024-12-18 06:17:14,196.2,13.5,-8.005326,-33.837583
RAUL MARTINS,2024-12-18 06:19:35,196.0,13.5,-8.013876,-33.840025
RAUL MARTINS,2024-12-18 06:49:06,200.7,13.6,-8.119038,-33.878585
RAUL MARTINS,2024-12-18 06:51:26,198.5,13.6,-8.127401,-33.881691
RAUL MARTINS,2024-12-18 06:53:36,200.2,13.6,-8.135091,-33.884583
RAUL MARTINS,2024-12-18 07:19:15,197.2,13.5,-8.226496,-33.91561
RAUL MARTINS,2024-12-18 07:31:36,196.8,13.6,-8.27117,-33.929175
RAUL MARTINS,2024-12-18 07:52:36,196.7,13.6,-8.347585,-33.952463
RAUL MARTINS,2024-12-18 07:55:46,196.4,13.6,-8.359136,-33.955875
RAUL MARTINS,2024-12-18 07:58:36,196.9,13.6,-8.369403,-33.958956
RAUL MARTINS,2024-12-18 07:58:45,197.0,13.5,-8.369956,-33.95912
RAUL MARTINS,2024-12-18 08:03:46,197.7,13.6,-8.388126,-33.964578
RAUL MARTINS,2024-12-18 09:55:14,197.1,13.4,-8.78867,-34.086141
RAUL MARTINS,2024-12-18 10:42:56,197.3,13.3,-8.958818,-34.138051
RAUL MARTINS,2024-12-18 10:44:56,196.3,13.4,-8.965971,-34.140178
RAUL MARTINS,2024-12-18 10:58:15,195.9,13.4,-9.013913,-34.154155
RAUL MARTINS,2024-12-18 10:59:04,196.2,13.3,-9.016776,-34.154975
RAUL MARTINS,2024-12-18 11:00:15,196.6,13.3,-9.021101,-34.156208
RAUL MARTINS,2024-12-18 11:00:44,196.1,13.4,-9.022845,-34.1567
RAUL MARTINS,2024-12-18 11:02:14,195.1,13.4,-9.028151,-34.158225
RAUL MARTINS,2024-12-18 11:03:14,196.9,13.4,-9.031795,-34.159291
RAUL MARTINS,2024-12-18 11:04:04,196.2,13.4,-9.034778,-34.160103
RAUL MARTINS,2024-12-18 11:04:14,195.5,13.3,-9.035365,-34.160275
RAUL MARTINS,2024-12-18 11:35:25,195.9,13.3,-9.14721,-34.192198
RAUL MARTINS,2024-12-18 11:37:35,195.9,13.2,-9.154855,-34.194383
RAUL MARTINS,2024-12-18 11:39:55,195.3,13.3,-9.163145,-34.196735
RAUL MARTINS,2024-12-18 12:11:46,199.7,13.2,-9.275086,-34.232945
RAUL MARTINS,2024-12-18 12:26:15,199.9,13.3,-9.325691,-34.251253
RAUL MARTINS,2024-12-18 12:29:55,201.7,13.3,-9.338436,-34.255958
RAUL MARTINS,2024-12-18 12:30:45,200.4,13.3,-9.341266,-34.257006
RAUL MARTINS,2024-12-18 12:30:55,198.6,13.3,-9.34196,-34.25725
RAUL MARTINS,2024-12-18 12:31:45,200.0,13.2,-9.344783,-34.258285
RAUL MARTINS,2024-12-18 12:34:45,200.8,13.2,-9.355163,-34.262166
RAUL MARTINS,2024-12-18 12:36:15,200.6,13.2,-9.36044,-34.264126
RAUL MARTINS,2024-12-18 12:36:26,200.6,13.2,-9.361018,-34.26434
RAUL MARTINS,2024-12-18 12:36:34,200.0,13.3,-9.361548,-34.264533
RAUL MARTINS,2024-12-18 12:38:56,199.4,13.4,-9.369708,-34.267565
RAUL MARTINS,2024-12-18 12:39:05,200.4,13.3,-9.37022,-34.267766
RAUL MARTINS,2024-12-18 12:39:34,200.1,13.3,-9.371941,-34.268416
RAUL MARTINS,2024-12-18 13:20:36,197.5,13.3,-9.514738,-34.321723
RAUL MARTINS,2024-12-18 13:24:16,198.2,13.4,-9.52782,-34.326068
RAUL MARTINS,2024-12-18 13:28:46,198.9,13.4,-9.543683,-34.331476
RAUL MARTINS,2024-12-18 13:32:46,199.4,13.4,-9.557851,-34.336231
RAUL MARTINS,2024-12-18 13:57:35,199.1,13.5,-9.646471,-34.365943
RAUL MARTINS,2024-12-18 14:02:46,197.6,13.5,-9.665103,-34.372063
RAUL MARTINS,2024-12-18 15:29:20,194.3,13.5,-10.008391,-34.469643
RAUL MARTINS,2024-12-18 15:30:20,193.3,13.4,-10.01212,-34.470606
RAUL MARTINS,2024-12-18 15:31:20,193.9,13.5,-10.015753,-34.471528
RAUL MARTINS,2024-12-18 15:34:40,193.1,13.6,-10.02783,-34.474613
RAUL MARTINS,2024-12-18 15:35:20,195.1,13.5,-10.030323,-34.475275
RAUL MARTINS,2024-12-18 15:36:00,193.9,13.4,-10.032706,-34.475866
RAUL MARTINS,2024-12-18 16:11:27,196.1,13.5,-10.131403,-34.502345
RAUL MARTINS,2024-12-18 16:15:58,195.6,13.4,-10.147588,-34.507056
RAUL MARTINS,2024-12-18 16:48:07,199.4,13.5,-10.262596,-34.546373
RAUL MARTINS,2024-12-18 16:52:27,198.4,13.4,-10.277911,-34.551788
RAUL MARTINS,2024-12-18 17:19:26,197.0,13.4,-10.373941,-34.583693
RAUL MARTINS,2024-12-18 17:29:17,192.8,13.3,-10.408958,-34.593346
RAUL MARTINS,2024-12-18 17:55:46,198.0,13.3,-10.503751,-34.616271
RAUL MARTINS,2024-12-18 18:30:25,198.0,13.0,-10.62407,-34.658853
RAUL MARTINS,2024-12-18 18:37:57,197.8,13.1,-10.650055,-34.66724
RAUL MARTINS,2024-12-18 18:42:57,199.3,13.0,-10.66734,-34.672955
RAUL MARTINS,2024-12-18 19:04:37,197.8,12.8,-10.741633,-34.696933
RAUL MARTINS,2024-12-18 19:07:06,197.9,12.9,-10.750111,-34.699753
RAUL MARTINS,2024-12-18 20:24:45,197.8,12.8,-11.013235,-34.786598
RAUL MARTINS,2024-12-18 21:00:36,196.9,12.9,-11.136658,-34.825175
RAUL MARTINS,2024-12-18 21:05:57,196.7,12.9,-11.155308,-34.830595
RAUL MARTINS,2024-12-18 22:16:26,194.6,13.6,-11.407128,-34.903865
RAUL MARTINS,2024-12-18 22:47:17,194.4,13.7,-11.520303,-34.935793
RAUL MARTINS,2024-12-18 22:51:57,195.9,13.7,-11.537443,-34.941068
RAUL MARTINS,2024-12-18 23:10:26,198.2,13.8,-11.604726,-34.962071
RAUL MARTINS,2024-12-18 23:54:55,198.6,13.9,-11.767381,-35.015075
RAUL MARTINS,2024-12-18 23:57:56,199.5,13.9,-11.778348,-35.018981
RAUL MARTINS,2024-12-19 00:00:00,198.7,13.9,-11.786025,-35.021681
RAUL MARTINS,2024-12-19 00:00:30,199.2,13.9,-11.787851,-35.022325
RAUL MARTINS,2024-12-19 00:03:15,197.6,13.9,-11.797808,-35.025828
RAUL MARTINS,2024-12-19 00:03:16,197.6,13.9,-11.797808,-35.025828
RAUL MARTINS,2024-12-19 00:09:35,200.3,13.7,-11.820941,-35.03407
RAUL MARTINS,2024-12-19 00:12:18,200.5,13.9,-11.830781,-35.037605
RAUL MARTINS,2024-12-19 00:12:41,198.3,13.8,-11.832243,-35.038106
RAUL MARTINS,2024-12-19 00:13:35,199.2,13.8,-11.835443,-35.039283
RAUL MARTINS,2024-12-19 00:14:18,199.6,13.8,-11.838063,-35.040228
RAUL MARTINS,2024-12-19 00:15:35,199.9,13.8,-11.842775,-35.041891
RAUL MARTINS,2024-12-19 00:15:47,197.0,13.9,-11.843506,-35.042141
RAUL MARTINS,2024-12-19 00:16:05,197.8,13.9,-11.844583,-35.042538
RAUL MARTINS,2024-12-19 00:16:11,199.9,13.8,-11.844885,-35.04265
RAUL MARTINS,2024-12-19 00:16:18,199.1,13.8,-11.845315,-35.042798
RAUL MARTINS,2024-12-19 00:17:12,198.7,13.9,-11.848618,-35.043965
RAUL MARTINS,2024-12-19 00:17:18,200.4,13.9,-11.848985,-35.044095
RAUL MARTINS,2024-12-19 00:17:24,198.1,13.8,-11.849416,-35.044238
RAUL MARTINS,2024-12-19 00:17:36,199.9,13.8,-11.85009,-35.044478
RAUL MARTINS,2024-12-19 00:18:12,198.5,13.8,-11.852348,-35.045251
RAUL MARTINS,2024-12-19 00:18:36,198.8,13.9,-11.853778,-35.045766
RAUL MARTINS,2024-12-19 00:19:12,196.8,13.8,-11.855968,-35.046526
RAUL MARTINS,2024-12-19 00:19:29,197.6,13.6,-11.857056,-35.04689
RAUL MARTINS,2024-12-19 00:19:36,198.9,13.7,-11.857473,-35.047035
RAUL MARTINS,2024-12-19 00:19:47,199.2,13.8,-11.858088,-35.047245
RAUL MARTINS,2024-12-19 00:20:15,198.3,13.8,-11.859818,-35.047816
RAUL MARTINS,2024-12-19 00:20:26,196.5,13.8,-11.860558,-35.048056
RAUL MARTINS,2024-12-19 00:20:51,199.6,13.8,-11.862031,-35.048558
RAUL MARTINS,2024-12-19 00:28:56,197.9,14.0,-11.891853,-35.05815
RAUL MARTINS,2024-12-19 00:31:01,196.4,13.9,-11.899625,-35.06065
RAUL MARTINS,2024-12-19 00:32:35,197.2,13.8,-11.905628,-35.062581
RAUL MARTINS,2024-12-19 00:35:19,198.8,13.9,-11.915626,-35.065828
RAUL MARTINS,2024-12-19 00:38:16,195.9,13.9,-11.926718,-35.06935
RAUL MARTINS,2024-12-19 00:51:01,198.7,14.0,-11.973748,-35.084405
RAUL MARTINS,2024-12-19 00:55:02,196.8,13.9,-11.988595,-35.089233
RAUL MARTINS,2024-12-19 00:59:26,198.0,13.9,-12.004818,-35.094321
RAUL MARTINS,2024-12-19 01:41:14,197.8,13.9,-12.160495,-35.142648
RAUL MARTINS,2024-12-19 01:42:37,197.4,14.0,-12.165625,-35.144268
RAUL MARTINS,2024-12-19 01:54:13,196.5,13.9,-12.20875,-35.157931
RAUL MARTINS,2024-12-19 02:39:50,196.9,13.9,-12.378666,-35.209988
RAUL MARTINS,2024-12-19 03:27:05,195.5,13.7,-12.553496,-35.26187
RAUL MARTINS,2024-12-19 03:31:12,194.0,14.0,-12.568726,-35.266406
RAUL MARTINS,2024-12-19 03:34:10,196.0,14.0,-12.579708,-35.269708
RAUL MARTINS,2024-12-19 05:11:42,197.4,13.4,-12.93361,-35.387805
RAUL MARTINS,2024-12-19 05:16:12,195.2,13.5,-12.949766,-35.392715
RAUL MARTINS,2024-12-19 05:16:32,195.9,13.4,-12.951026,-35.393083
RAUL MARTINS,2024-12-19 05:19:03,196.2,13.5,-12.960038,-35.395671
RAUL MARTINS,2024-12-19 05:50:53,197.6,13.4,-13.074133,-35.428273
RAUL MARTINS,2024-12-19 05:53:03,196.5,13.4,-13.081875,-35.430435
RAUL MARTINS,2024-12-19 05:55:53,196.4,13.3,-13.092086,-35.43324
RAUL MARTINS,2024-12-19 10:34:21,197.1,13.6,-14.104596,-35.758866
RAUL MARTINS,2024-12-19 10:40:31,196.1,13.5,-14.126976,-35.765496
RAUL MARTINS,2024-12-19 10:45:31,197.1,13.6,-14.145203,-35.7708
RAUL MARTINS,2024-12-19 10:49:50,196.3,13.5,-14.160796,-35.775333
RAUL MARTINS,2024-12-19 10:50:20,195.4,13.6,-14.162675,-35.775893
RAUL MARTINS,2024-12-19 10:51:50,197.6,13.5,-14.168121,-35.777463
RAUL MARTINS,2024-12-19 11:23:11,196.5,13.7,-14.28205,-35.810961
RAUL MARTINS,2024-12-19 11:27:01,196.1,13.7,-14.29623,-35.815116
RAUL MARTINS,2024-12-19 12:07:17,195.9,13.9,-14.445145,-35.860458
RAUL MARTINS,2024-12-19 12:07:47,195.9,13.9,-14.447,-35.861035
RAUL MARTINS,2024-12-19 12:07:59,196.5,13.9,-14.447746,-35.86126
RAUL MARTINS,2024-12-19 12:08:11,197.6,13.8,-14.448551,-35.861511
RAUL MARTINS,2024-12-19 12:10:05,196.5,13.9,-14.455616,-35.863748
RAUL MARTINS,2024-12-19 12:10:24,195.2,14.0,-14.456731,-35.864095
RAUL MARTINS,2024-12-19 12:12:59,199.9,14.0,-14.466376,-35.867101
RAUL MARTINS,2024-12-19 12:17:05,197.8,13.9,-14.481735,-35.871893
RAUL MARTINS,2024-12-19 12:19:48,195.5,14.0,-14.491783,-35.875038
RAUL MARTINS,2024-12-19 12:19:53,197.4,14.0,-14.492153,-35.875161
RAUL MARTINS,2024-12-19 12:20:00,198.0,13.9,-14.492525,-35.87528
RAUL MARTINS,2024-12-19 12:20:05,195.4,14.0,-14.492835,-35.875376
RAUL MARTINS,2024-12-19 12:20:30,199.0,13.9,-14.494326,-35.875855
RAUL MARTINS,2024-12-19 12:22:00,197.2,14.0,-14.499988,-35.877623
RAUL MARTINS,2024-12-19 12:30:25,195.7,14.0,-14.531395,-35.88747
RAUL MARTINS,2024-12-19 12:56:54,197.2,14.1,-14.630675,-35.919021
RAUL MARTINS,2024-12-19 12:59:35,197.6,14.0,-14.640796,-35.922248
RAUL MARTINS,2024-12-19 13:02:30,197.0,14.1,-14.651688,-35.925708
RAUL MARTINS,2024-12-19 13:04:43,197.3,14.0,-14.659913,-35.928358
RAUL MARTINS,2024-12-19 13:40:53,197.0,14.1,-14.795546,-35.971763
RAUL MARTINS,2024-12-19 14:02:43,198.5,14.2,-14.877425,-35.998181
RAUL MARTINS,2024-12-19 14:07:55,199.1,14.3,-14.897175,-36.004506
RAUL MARTINS,2024-12-19 14:10:55,196.8,14.3,-14.90849,-36.008113
RAUL MARTINS,2024-12-19 14:17:25,197.2,14.3,-14.933228,-36.015955
RAUL MARTINS,2024-12-19 14:34:54,196.1,14.3,-14.999748,-36.036685
RAUL MARTINS,2024-12-19 14:38:30,197.7,14.2,-15.013498,-36.040983
RAUL MARTINS,2024-12-19 14:41:18,195.0,14.3,-15.024158,-36.044268
RAUL MARTINS,2024-12-19 15:08:59,197.2,14.3,-15.130106,-36.076636
RAUL MARTINS,2024-12-19 15:11:47,195.5,14.2,-15.140801,-36.079898
RAUL MARTINS,2024-12-19 15:40:59,196.8,14.2,-15.251808,-36.113698
RAUL MARTINS,2024-12-19 15:46:30,197.2,14.2,-15.272775,-36.120056
RAUL MARTINS,2024-12-19 16:16:07,195.5,14.1,-15.384571,-36.153085
RAUL MARTINS,2024-12-19 16:19:43,195.7,14.1,-15.398231,-36.15696
RAUL MARTINS,2024-12-19 16:22:37,195.7,14.2,-15.409268,-36.160103
RAUL MARTINS,2024-12-19 16:24:42,195.6,14.1,-15.417223,-36.162385
RAUL MARTINS,2024-12-19 16:53:05,199.2,14.1,-15.524338,-36.194151
RAUL MARTINS,2024-12-19 16:55:29,200.1,14.1,-15.533256,-36.197345
RAUL MARTINS,2024-12-19 17:00:17,199.2,14.1,-15.551081,-36.203745
RAUL MARTINS,2024-12-19 17:29:06,197.9,14.3,-15.658221,-36.245283
RAUL MARTINS,2024-12-19 17:29:34,199.6,14.3,-15.66001,-36.245973
RAUL MARTINS,2024-12-19 17:30:34,200.2,14.3,-15.663846,-36.247426
RAUL MARTINS,2024-12-19 17:30:53,200.6,14.4,-15.66497,-36.247846
RAUL MARTINS,2024-12-19 17:31:59,202.4,14.2,-15.669028,-36.249398
RAUL MARTINS,2024-12-19 17:32:53,199.8,14.3,-15.672468,-36.25073
RAUL MARTINS,2024-12-19 17:32:59,200.1,14.4,-15.672848,-36.250876
RAUL MARTINS,2024-12-19 17:33:05,200.0,14.3,-15.67316,-36.250991
RAUL MARTINS,2024-12-19 17:34:29,200.5,14.3,-15.678395,-36.252931
RAUL MARTINS,2024-12-19 17:34:35,199.6,14.2,-15.678826,-36.253085
RAUL MARTINS,2024-12-19 17:34:41,200.6,14.3,-15.679141,-36.253208
RAUL MARTINS,2024-12-19 17:35:11,200.7,14.3,-15.681086,-36.253925
RAUL MARTINS,2024-12-19 17:35:17,198.4,14.3,-15.681463,-36.254061
RAUL MARTINS,2024-12-19 17:37:30,200.8,14.3,-15.689728,-36.257136
RAUL MARTINS,2024-12-19 17:48:01,200.3,14.2,-15.729061,-36.271791
RAUL MARTINS,2024-12-19 18:02:12,199.5,14.2,-15.782153,-36.291465
RAUL MARTINS,2024-12-19 18:05:06,198.7,14.2,-15.793026,-36.295458
RAUL MARTINS,2024-12-19 19:21:06,193.9,14.4,-16.085125,-36.385281
RAUL MARTINS,2024-12-19 19:23:25,194.3,14.5,-16.094063,-36.387691
RAUL MARTINS,2024-12-19 19:25:42,195.8,14.4,-16.102963,-36.390146
RAUL MARTINS,2024-12-19 19:27:48,196.0,14.5,-16.111118,-36.392378
RAUL MARTINS,2024-12-19 20:02:28,193.7,13.8,-16.242715,-36.425115
RAUL MARTINS,2024-12-19 21:13:37,196.6,13.6,-16.500621,-36.508696
RAUL MARTINS,2024-12-19 21:16:28,199.0,13.7,-16.511053,-36.512143
RAUL MARTINS,2024-12-19 21:43:57,195.2,13.6,-16.611098,-36.545211
RAUL MARTINS,2024-12-19 21:51:37,197.1,13.6,-16.63898,-36.554073
RAUL MARTINS,2024-12-19 22:54:52,201.3,13.9,-16.869313,-36.630698
RAUL MARTINS,2024-12-19 22:57:21,199.3,13.9,-16.878355,-36.63398
RAUL MARTINS,2024-12-19 22:59:52,200.7,13.9,-16.887528,-36.637408
RAUL MARTINS,2024-12-19 23:00:52,201.2,13.8,-16.891145,-36.638735
RAUL MARTINS,2024-12-19 23:31:09,197.2,13.5,-17.00016,-36.679623
RAUL MARTINS,2024-12-19 23:42:37,196.1,13.4,-17.04136,-36.692343
RAUL MARTINS,2024-12-19 23:42:57,196.0,13.3,-17.04255,-36.692698
RAUL MARTINS,2024-12-19 23:43:57,196.4,13.3,-17.04607,-36.69379
RAUL MARTINS,2024-12-19 23:55:59,197.7,13.3,-17.088871,-36.707055
RAUL MARTINS,2024-12-20 00:04:08,197.3,13.4,-17.117763,-36.716456
RAUL MARTINS,2024-12-20 00:05:48,197.5,13.4,-17.123676,-36.71843
RAUL MARTINS,2024-12-20 00:06:48,199.6,13.3,-17.127138,-36.719626
RAUL MARTINS,2024-12-20 00:07:28,196.7,13.4,-17.129615,-36.720466
RAUL MARTINS,2024-12-20 00:08:48,198.7,13.3,-17.134263,-36.72206
RAUL MARTINS,2024-12-20 00:10:38,197.5,13.3,-17.1407,-36.72427
RAUL MARTINS,2024-12-20 00:48:28,197.7,13.1,-17.272131,-36.769341
RAUL MARTINS,2024-12-20 01:17:59,197.6,13.0,-17.373228,-36.805776
RAUL MARTINS,2024-12-20 01:18:19,198.1,12.9,-17.374298,-36.806163
RAUL MARTINS,2024-12-20 01:20:29,199.2,13.0,-17.38182,-36.808853
RAUL MARTINS,2024-12-20 01:32:59,197.6,13.1,-17.42476,-36.824388
RAUL MARTINS,2024-12-20 01:40:58,198.0,13.1,-17.452335,-36.834303
RAUL MARTINS,2024-12-20 02:27:09,197.8,13.5,-17.614335,-36.891755
RAUL MARTINS,2024-12-20 04:08:36,196.5,13.2,-17.984811,-36.994008
RAUL MARTINS,2024-12-20 04:13:27,196.1,13.2,-18.001996,-36.999253
RAUL MARTINS,2024-12-20 04:16:15,195.5,13.3,-18.011981,-37.002258
RAUL MARTINS,2024-12-20 04:51:06,197.8,13.4,-18.135793,-37.03942
RAUL MARTINS,2024-12-20 05:55:33,218.1,13.7,-18.362418,-37.130505
RAUL MARTINS,2024-12-20 06:06:52,216.6,13.8,-18.396426,-37.158911
RAUL MARTINS,2024-12-20 06:29:22,217.9,13.8,-18.465405,-37.213583
RAUL MARTINS,2024-12-20 06:31:23,217.2,13.7,-18.471505,-37.21839
RAUL MARTINS,2024-12-20 06:34:13,216.1,13.7,-18.480206,-37.225201
RAUL MARTINS,2024-12-20 06:38:32,216.3,13.7,-18.49344,-37.235503
RAUL MARTINS,2024-12-20 06:41:24,216.8,13.7,-18.50224,-37.242316
RAUL MARTINS,2024-12-20 07:02:22,216.3,13.7,-18.565961,-37.29223
RAUL MARTINS,2024-12-20 07:06:32,216.2,13.7,-18.57868,-37.302301
RAUL MARTINS,2024-12-20 07:10:42,217.1,13.8,-18.591443,-37.312435
RAUL MARTINS,2024-12-20 07:13:03,217.2,13.7,-18.598655,-37.318116
RAUL MARTINS,2024-12-20 07:17:33,216.4,13.7,-18.612385,-37.329003
RAUL MARTINS,2024-12-20 07:43:30,217.3,14.0,-18.692951,-37.39255
RAUL MARTINS,2024-12-20 07:45:42,214.9,14.1,-18.699868,-37.397861
RAUL MARTINS,2024-12-20 07:48:18,215.4,14.1,-18.708236,-37.40413
RAUL MARTINS,2024-12-20 07:48:48,215.5,14.1,-18.709851,-37.405333
RAUL MARTINS,2024-12-20 07:52:30,215.7,14.1,-18.72167,-37.414098
RAUL MARTINS,2024-12-20 08:16:48,214.6,14.1,-18.799421,-37.4715
RAUL MARTINS,2024-12-20 08:24:41,214.1,14.1,-18.824861,-37.490193
RAUL MARTINS,2024-12-20 08:36:48,215.2,14.1,-18.864208,-37.518533
RAUL MARTINS,2024-12-20 08:39:48,216.0,14.0,-18.873775,-37.525751
RAUL MARTINS,2024-12-20 08:43:17,216.1,14.1,-18.884833,-37.53412
RAUL MARTINS,2024-12-20 08:59:42,214.8,14.1,-18.93755,-37.573641
RAUL MARTINS,2024-12-20 09:32:31,215.4,14.4,-19.043681,-37.653806
RAUL MARTINS,2024-12-20 09:34:54,215.1,14.4,-19.051473,-37.659751
RAUL MARTINS,2024-12-20 09:38:06,215.4,14.3,-19.06185,-37.66759
RAUL MARTINS,2024-12-20 09:40:48,215.5,14.2,-19.070641,-37.674186
RAUL MARTINS,2024-12-20 10:22:36,217.5,14.2,-19.202703,-37.778393
RAUL MARTINS,2024-12-20 10:27:00,216.6,14.3,-19.216668,-37.789396
RAUL MARTINS,2024-12-20 10:33:12,216.1,14.3,-19.236648,-37.804943
RAUL MARTINS,2024-12-20 10:33:16,215.7,14.2,-19.236918,-37.805148
RAUL MARTINS,2024-12-20 10:34:35,216.3,14.2,-19.241118,-37.808358
RAUL MARTINS,2024-12-20 10:34:41,215.7,14.2,-19.241441,-37.808605
RAUL MARTINS,2024-12-20 10:38:59,217.4,13.9,-19.255163,-37.819135
RAUL MARTINS,2024-12-20 11:38:23,220.7,13.7,-19.431508,-37.967045
RAUL MARTINS,2024-12-20 11:40:13,221.3,13.7,-19.436715,-37.9718
RAUL MARTINS,2024-12-20 11:59:24,217.6,13.3,-19.4921,-38.020368
RAUL MARTINS,2024-12-20 12:06:05,216.6,13.2,-19.511798,-38.036058
RAUL MARTINS,2024-12-20 12:06:54,217.3,13.2,-19.514308,-38.038048
RAUL MARTINS,2024-12-20 12:08:54,216.3,13.3,-19.520081,-38.042685
RAUL MARTINS,2024-12-20 12:09:03,216.5,13.3,-19.520533,-38.043043
RAUL MARTINS,2024-12-20 12:09:09,216.5,13.3,-19.520533,-38.043043
RAUL MARTINS,2024-12-20 13:00:14,216.0,13.4,-19.67504,-38.163395
RAUL MARTINS,2024-12-20 13:06:05,216.8,13.4,-19.692625,-38.176848
RAUL MARTINS,2024-12-20 13:12:55,216.1,13.4,-19.713156,-38.192883
RAUL MARTINS,2024-12-20 13:16:35,216.4,13.4,-19.724195,-38.201453
RAUL MARTINS,2024-12-20 13:48:44,216.7,13.4,-19.821511,-38.275725
RAUL MARTINS,2024-12-20 14:09:34,215.0,13.4,-19.884288,-38.323835
RAUL MARTINS,2024-12-20 14:12:05,215.4,13.4,-19.891881,-38.329653
RAUL MARTINS,2024-12-20 14:14:45,216.0,13.3,-19.900016,-38.335785
RAUL MARTINS,2024-12-20 14:41:44,216.0,13.2,-19.980463,-38.397815
RAUL MARTINS,2024-12-20 15:18:25,215.6,13.3,-20.090883,-38.481645
RAUL MARTINS,2024-12-20 15:21:24,215.9,13.3,-20.099903,-38.488503
RAUL MARTINS,2024-12-20 15:24:04,216.1,13.3,-20.107895,-38.49459
RAUL MARTINS,2024-12-20 15:31:53,215.5,13.3,-20.131611,-38.512575
RAUL MARTINS,2024-12-20 15:49:45,214.2,13.2,-20.185938,-38.552761
RAUL MARTINS,2024-12-20 15:58:35,217.3,13.1,-20.212083,-38.572955
RAUL MARTINS,2024-12-20 17:05:24,218.6,12.9,-20.40497,-38.728185
RAUL MARTINS,2024-12-20 17:08:54,218.6,12.8,-20.41478,-38.736453
RAUL MARTINS,2024-12-20 17:12:24,217.8,12.9,-20.424673,-38.744731
RAUL MARTINS,2024-12-20 17:38:25,220.4,13.0,-20.496976,-38.80715
RAUL MARTINS,2024-12-20 17:43:02,219.6,13.1,-20.50989,-38.818531
RAUL MARTINS,2024-12-20 17:44:02,219.6,13.0,-20.512693,-38.820998
RAUL MARTINS,2024-12-20 17:44:43,219.3,13.0,-20.514598,-38.822686
RAUL MARTINS,2024-12-20 17:45:02,219.8,13.1,-20.51549,-38.823461
RAUL MARTINS,2024-12-20 17:45:12,219.6,13.1,-20.515958,-38.823868
RAUL MARTINS,2024-12-20 17:45:43,219.7,13.1,-20.517385,-38.825148
RAUL MARTINS,2024-12-20 17:46:03,220.0,13.0,-20.518228,-38.825938
RAUL MARTINS,2024-12-20 17:48:12,220.3,13.0,-20.524383,-38.831251
RAUL MARTINS,2024-12-20 17:48:32,219.7,13.0,-20.525305,-38.832071
RAUL MARTINS,2024-12-20 17:48:42,219.9,13.0,-20.525763,-38.832485
RAUL MARTINS,2024-12-20 17:49:12,219.8,13.0,-20.527155,-38.833718
RAUL MARTINS,2024-12-20 17:49:32,219.7,13.0,-20.5281,-38.83454
RAUL MARTINS,2024-12-20 18:23:45,220.3,12.9,-20.623001,-38.918613
RAUL MARTINS,2024-12-20 18:27:45,219.7,12.9,-20.634105,-38.928333
RAUL MARTINS,2024-12-20 18:28:04,219.8,12.9,-20.635021,-38.929146
RAUL MARTINS,2024-12-20 19:00:54,215.7,13.1,-20.728753,-39.005971
RAUL MARTINS,2024-12-20 20:11:53,216.0,13.2,-20.938756,-39.166766
RAUL MARTINS,2024-12-20 20:11:54,216.0,13.2,-20.938756,-39.166766
RAUL MARTINS,2024-12-20 20:16:24,216.3,13.1,-20.952075,-39.177173
RAUL MARTINS,2024-12-20 20:17:15,216.3,13.1,-20.954613,-39.179123
RAUL MARTINS,2024-12-20 20:41:14,215.6,13.1,-21.025361,-39.233838
RAUL MARTINS,2024-12-20 20:50:05,215.3,13.0,-21.051753,-39.253686
RAUL MARTINS,2024-12-20 21:57:15,214.8,12.4,-21.24937,-39.398455
RAUL MARTINS,2024-12-20 21:59:54,216.5,12.3,-21.256823,-39.404126
RAUL MARTINS,2024-12-20 22:25:44,217.9,12.2,-21.326143,-39.462238
RAUL MARTINS,2024-12-20 23:41:33,229.6,12.5,-21.505991,-39.65903
RAUL MARTINS,2024-12-20 23:47:04,232.0,12.5,-21.51835,-39.674748
RAUL MARTINS,2024-12-20 23:48:14,228.4,12.5,-21.520895,-39.677938
RAUL MARTINS,2024-12-20 23:48:53,228.7,12.5,-21.522513,-39.679811
RAUL MARTINS,2024-12-20 23:50:23,229.7,12.6,-21.525895,-39.68414
RAUL MARTINS,2024-12-20 23:51:23,229.2,12.6,-21.528188,-39.687025
RAUL MARTINS,2024-12-20 23:53:35,229.7,12.7,-21.533175,-39.693265
RAUL MARTINS,2024-12-21 00:36:44,232.0,12.9,-21.630805,-39.819655
RAUL MARTINS,2024-12-21 00:39:15,232.9,13.0,-21.63632,-39.827406
RAUL MARTINS,2024-12-21 00:41:25,231.1,13.0,-21.641088,-39.834071
RAUL MARTINS,2024-12-21 00:43:04,232.1,13.0,-21.644726,-39.839256
RAUL MARTINS,2024-12-21 00:45:43,231.5,13.0,-21.65062,-39.847485
RAUL MARTINS,2024-12-21 00:46:54,233.3,13.1,-21.653163,-39.851108
RAUL MARTINS,2024-12-21 01:23:25,233.8,13.3,-21.734826,-39.965443
RAUL MARTINS,2024-12-21 01:27:24,230.1,13.3,-21.74393,-39.977973
RAUL MARTINS,2024-12-21 01:27:25,230.1,13.3,-21.74393,-39.977973
RAUL MARTINS,2024-12-21 01:28:04,231.9,13.1,-21.745445,-39.980071
RAUL MARTINS,2024-12-21 01:30:14,232.1,13.2,-21.750321,-39.986843
RAUL MARTINS,2024-12-21 01:31:04,233.7,13.3,-21.752255,-39.989536
RAUL MARTINS,2024-12-21 01:37:55,233.2,13.5,-21.768041,-40.011098
RAUL MARTINS,2024-12-21 02:20:47,229.8,14.0,-21.870005,-40.148358
RAUL MARTINS,2024-12-21 02:24:29,230.3,13.9,-21.879498,-40.160125
RAUL MARTINS,2024-12-21 03:11:22,236.7,13.3,-21.984281,-40.31857
RAUL MARTINS,2024-12-21 03:14:11,239.1,13.5,-21.989911,-40.328151
RAUL MARTINS,2024-12-21 03:18:33,236.9,13.4,-21.998606,-40.342985
RAUL MARTINS,2024-12-21 04:08:52,228.2,13.7,-22.113971,-40.503486
RAUL MARTINS,2024-12-21 04:51:11,231.1,13.7,-22.217288,-40.633723
RAUL MARTINS,2024-12-21 04:53:13,230.2,13.8,-22.22223,-40.640185
RAUL MARTINS,2024-12-21 04:55:33,230.1,13.9,-22.227973,-40.647595
RAUL MARTINS,2024-12-21 04:59:20,232.8,13.9,-22.236946,-40.659998
RAUL MARTINS,2024-12-21 06:06:05,233.4,14.0,-22.394288,-40.881536
RAUL MARTINS,2024-12-21 06:12:40,231.6,14.1,-22.410031,-40.903523
RAUL MARTINS,2024-12-21 06:14:47,232.9,14.1,-22.415111,-40.910621
RAUL MARTINS,2024-12-21 06:37:45,233.6,13.9,-22.469806,-40.986651
RAUL MARTINS,2024-12-21 06:40:45,232.7,13.9,-22.476918,-40.996501
RAUL MARTINS,2024-12-21 06:45:57,231.6,13.9,-22.489298,-41.013698
RAUL MARTINS,2024-12-21 06:50:16,234.2,13.9,-22.499543,-41.027868
RAUL MARTINS,2024-12-21 07:14:45,231.7,13.5,-22.557503,-41.106841
RAUL MARTINS,2024-12-21 07:23:04,233.0,13.3,-22.576803,-41.133276
RAUL MARTINS,2024-12-21 07:34:16,232.6,13.4,-22.602,-41.169011
RAUL MARTINS,2024-12-21 07:37:45,233.1,13.5,-22.61002,-41.180153
RAUL MARTINS,2024-12-21 07:40:36,230.8,13.5,-22.616551,-41.189251
RAUL MARTINS,2024-12-21 07:50:46,233.5,13.4,-22.639756,-41.22199
RAUL MARTINS,2024-12-21 07:55:45,231.7,13.4,-22.651035,-41.23803
RAUL MARTINS,2024-12-21 08:25:27,232.3,12.9,-22.715668,-41.331325
RAUL MARTINS,2024-12-21 08:28:27,234.6,13.0,-22.722141,-41.340733
RAUL MARTINS,2024-12-21 08:30:55,232.6,12.9,-22.72746,-41.34849
RAUL MARTINS,2024-12-21 08:31:27,233.3,12.9,-22.728511,-41.35005
RAUL MARTINS,2024-12-21 08:36:46,227.6,12.9,-22.740071,-41.366565
RAUL MARTINS,2024-12-21 08:39:16,223.3,12.9,-22.746258,-41.373548
RAUL MARTINS,2024-12-21 09:20:22,229.9,13.0,-22.848355,-41.490856
RAUL MARTINS,2024-12-21 09:26:23,230.3,13.0,-22.8627,-41.508706
RAUL MARTINS,2024-12-21 09:29:42,230.4,13.0,-22.870345,-41.518766
RAUL MARTINS,2024-12-21 10:18:03,235.6,13.3,-22.979051,-41.669816
RAUL MARTINS,2024-12-21 11:05:44,246.3,13.3,-23.052346,-41.842676
RAUL MARTINS,2024-12-21 11:10:24,245.1,13.4,-23.059493,-41.859761
RAUL MARTINS,2024-12-21 11:51:49,256.6,14.1,-23.09942,-42.025366
RAUL MARTINS,2024-12-21 11:54:32,258.4,14.1,-23.101611,-42.036668
RAUL MARTINS,2024-12-21 11:55:14,258.1,14.1,-23.102181,-42.03949
RAUL MARTINS,2024-12-21 11:55:26,258.6,14.1,-23.102361,-42.040406
RAUL MARTINS,2024-12-21 11:55:50,257.9,14.1,-23.102706,-42.042065
RAUL MARTINS,2024-12-21 11:55:55,258.6,14.1,-23.102801,-42.042488
RAUL MARTINS,2024-12-21 11:56:14,256.4,14.1,-23.103071,-42.043741
RAUL MARTINS,2024-12-21 11:56:26,257.6,14.2,-23.103246,-42.044563
RAUL MARTINS,2024-12-21 11:56:37,257.8,14.1,-23.103408,-42.045325
RAUL MARTINS,2024-12-21 11:57:55,258.1,14.1,-23.104493,-42.050718
RAUL MARTINS,2024-12-21 12:02:01,256.7,14.2,-23.107823,-42.067761
RAUL MARTINS,2024-12-21 12:02:14,257.9,14.2,-23.108006,-42.068673
RAUL MARTINS,2024-12-21 12:03:38,252.2,13.9,-23.109161,-42.074493
RAUL MARTINS,2024-12-21 12:05:37,244.1,13.6,-23.111956,-42.082151
RAUL MARTINS,2024-12-21 12:12:04,243.0,14.0,-23.123051,-42.106278
RAUL MARTINS,2024-12-21 12:16:10,244.2,13.9,-23.130151,-42.1217
RAUL MARTINS,2024-12-21 12:18:40,243.2,13.9,-23.134435,-42.131108
RAUL MARTINS,2024-12-21 12:36:29,242.7,13.5,-23.164536,-42.195883
RAUL MARTINS,2024-12-21 12:37:58,244.7,13.4,-23.167013,-42.201181
RAUL MARTINS,2024-12-21 12:39:39,245.5,13.4,-23.169851,-42.207358
RAUL MARTINS,2024-12-21 12:43:57,242.2,13.5,-23.177128,-42.223016
RAUL MARTINS,2024-12-21 12:44:47,243.7,13.5,-23.178526,-42.225993
RAUL MARTINS,2024-12-21 12:44:57,243.7,13.5,-23.178838,-42.226653
RAUL MARTINS,2024-12-21 12:45:07,242.6,13.5,-23.179095,-42.227195
RAUL MARTINS,2024-12-21 12:45:47,243.5,13.5,-23.18022,-42.229628
RAUL MARTINS,2024-12-21 12:45:57,242.7,13.5,-23.180501,-42.23023
RAUL MARTINS,2024-12-21 12:49:07,258.6,13.4,-23.184928,-42.242101
RAUL MARTINS,2024-12-21 13:07:09,237.5,13.5,-23.200161,-42.313608
RAUL MARTINS,2024-12-21 13:11:08,239.1,13.7,-23.207721,-42.327598
RAUL MARTINS,2024-12-21 13:39:52,243.3,13.8,-23.243973,-42.43625
RAUL MARTINS,2024-12-21 13:49:53,244.7,13.9,-23.261156,-42.473721
RAUL MARTINS,2024-12-21 13:52:34,246.1,13.9,-23.26574,-42.483833
RAUL MARTINS,2024-12-21 13:56:58,254.0,14.1,-23.272303,-42.500926
RAUL MARTINS,2024-12-21 14:20:18,253.2,14.2,-23.299911,-42.5957
RAUL MARTINS,2024-12-21 14:20:28,252.5,14.2,-23.300128,-42.59645
RAUL MARTINS,2024-12-21 14:24:53,252.7,14.2,-23.305356,-42.61449
RAUL MARTINS,2024-12-21 14:32:41,251.4,14.3,-23.314641,-42.64656
RAUL MARTINS,2024-12-21 14:49:17,252.5,14.5,-23.334671,-42.714745
RAUL MARTINS,2024-12-21 14:51:54,250.6,14.4,-23.337978,-42.725576
RAUL MARTINS,2024-12-21 14:55:41,253.0,14.3,-23.34261,-42.74126
RAUL MARTINS,2024-12-21 14:59:11,251.6,14.4,-23.346925,-42.755655
RAUL MARTINS,2024-12-21 15:25:41,251.6,14.4,-23.380728,-42.864916
RAUL MARTINS,2024-12-21 15:29:47,251.8,14.5,-23.386048,-42.88184
RAUL MARTINS,2024-12-21 15:58:54,250.6,14.5,-23.424673,-43.002005
RAUL MARTINS,2024-12-21 16:02:29,250.3,14.5,-23.429661,-43.01684
RAUL MARTINS,2024-12-21 16:05:11,249.8,14.4,-23.433335,-43.027875
RAUL MARTINS,2024-12-21 16:11:47,249.8,14.3,-23.442231,-43.054788
RAUL MARTINS,2024-12-21 16:18:44,249.4,14.4,-23.451778,-43.08317
RAUL MARTINS,2024-12-21 16:18:50,249.4,14.4,-23.451963,-43.08372
RAUL MARTINS,2024-12-21 16:19:32,250.5,14.4,-23.452926,-43.086566
RAUL MARTINS,2024-12-21 16:19:44,250.9,14.4,-23.453178,-43.087311
RAUL MARTINS,2024-12-21 16:19:56,249.4,14.4,-23.453476,-43.088196
RAUL MARTINS,2024-12-21 16:20:03,250.1,14.3,-23.453611,-43.088608
RAUL MARTINS,2024-12-21 16:20:44,249.6,14.3,-23.454565,-43.091373
RAUL MARTINS,2024-12-21 16:21:03,249.0,14.3,-23.454988,-43.092581
RAUL MARTINS,2024-12-21 16:21:15,250.2,14.3,-23.455266,-43.093393
RAUL MARTINS,2024-12-21 16:21:26,249.6,14.3,-23.45557,-43.094273
RAUL MARTINS,2024-12-21 16:21:56,250.4,14.3,-23.45625,-43.096291
RAUL MARTINS,2024-12-21 16:22:15,250.9,14.3,-23.456658,-43.097508
RAUL MARTINS,2024-12-21 16:22:26,250.8,14.3,-23.456896,-43.098256
RAUL MARTINS,2024-12-21 16:22:32,250.2,14.3,-23.457028,-43.098661
RAUL MARTINS,2024-12-21 16:23:38,252.5,14.3,-23.458455,-43.103141
RAUL MARTINS,2024-12-21 16:25:32,250.3,14.4,-23.4608,-43.110946
RAUL MARTINS,2024-12-21 16:26:15,249.5,14.4,-23.461731,-43.11381
RAUL MARTINS,2024-12-21 16:31:17,254.9,14.4,-23.468316,-43.13431
RAUL MARTINS,2024-12-21 16:36:05,254.3,14.4,-23.473375,-43.154363
RAUL MARTINS,2024-12-21 17:07:41,252.8,14.2,-23.507633,-43.285745
RAUL MARTINS,2024-12-21 17:16:05,253.4,14.1,-23.516873,-43.32006
RAUL MARTINS,2024-12-21 17:45:05,253.6,13.8,-23.547261,-43.43821
RAUL MARTINS,2024-12-21 17:51:24,254.2,13.9,-23.55376,-43.463745
RAUL MARTINS,2024-12-21 17:53:16,254.6,13.9,-23.555635,-43.471196
RAUL MARTINS,2024-12-21 17:55:43,255.2,13.9,-23.558156,-43.48124
RAUL MARTINS,2024-12-21 17:57:03,255.7,13.9,-23.55949,-43.48665
RAUL MARTINS,2024-12-21 17:57:40,253.5,13.9,-23.56015,-43.489208
RAUL MARTINS,2024-12-21 17:57:41,255.5,13.9,-23.560181,-43.489345
RAUL MARTINS,2024-12-21 17:58:22,254.5,13.9,-23.560861,-43.49204
RAUL MARTINS,2024-12-21 17:59:59,255.3,13.9,-23.562471,-43.498495
RAUL MARTINS,2024-12-21 18:00:40,256.4,13.8,-23.563176,-43.501318
RAUL MARTINS,2024-12-21 18:00:43,254.0,13.9,-23.563231,-43.501518
RAUL MARTINS,2024-12-21 18:00:47,254.6,13.8,-23.563303,-43.501785
RAUL MARTINS,2024-12-21 18:04:03,255.9,13.9,-23.566583,-43.514901
RAUL MARTINS,2024-12-21 19:02:47,287.8,13.3,-23.616043,-43.751318
RAUL MARTINS,2024-12-21 19:08:06,297.6,13.1,-23.608943,-43.771058
RAUL MARTINS,2024-12-21 19:10:45,296.3,13.3,-23.604411,-43.780441
RAUL MARTINS,2024-12-21 19:12:46,295.3,13.4,-23.601178,-43.787816
RAUL MARTINS,2024-12-21 20:50:36,289.6,12.6,-23.40435,-44.077768
RAUL MARTINS,2024-12-21 21:00:06,289.1,12.7,-23.393141,-44.111873
RAUL MARTINS,2024-12-21 21:24:26,290.2,13.2,-23.363401,-44.200653
RAUL MARTINS,2024-12-21 21:26:46,290.0,13.2,-23.36037,-44.209463
RAUL MARTINS,2024-12-21 21:29:05,293.5,13.1,-23.35746,-44.218133
RAUL MARTINS,2024-12-21 22:36:06,358.2,10.3,-23.20489,-44.408045
RAUL MARTINS,2024-12-21 22:36:36,358.2,10.0,-23.203501,-44.408053
RAUL MARTINS,2024-12-21 22:49:26,6.8,7.2,-23.175486,-44.404448
RAUL MARTINS,2024-12-21 23:10:17,7.4,3.8,-23.147413,-44.400641
RAUL MARTINS,2024-12-21 23:37:05,31.9,0.3,-23.125536,-44.398903
RAUL MARTINS,2024-12-21 23:41:46,337.3,0.2,-23.125143,-44.39891
RAUL MARTINS,2024-12-22 00:14:45,328.0,0.1,-23.126003,-44.399958
RAUL MARTINS,2024-12-22 00:14:55,324.7,0.1,-23.126001,-44.399966
RAUL MARTINS,2024-12-22 00:27:06,267.9,0.2,-23.125725,-44.400303
RAUL MARTINS,2024-12-22 00:29:06,249.2,0.1,-23.125731,-44.400386
RAUL MARTINS,2024-12-22 00:33:27,282.7,0.1,-23.125715,-44.400553
RAUL MARTINS,2024-12-22 00:37:06,293.3,0.1,-23.125721,-44.400661
RAUL MARTINS,2024-12-22 01:09:25,339.4,0.3,-23.124546,-44.40111
RAUL MARTINS,2024-12-22 01:15:45,345.0,0.0,-23.124328,-44.401231
RAUL MARTINS,2024-12-22 01:27:26,11.4,0.3,-23.124051,-44.401263
RAUL MARTINS,2024-12-22 01:44:35,23.2,0.0,-23.123821,-44.401131
RAUL MARTINS,2024-12-22 01:48:45,6.7,0.0,-23.12375,-44.401113
RAUL MARTINS,2024-12-22 01:50:25,348.1,0.0,-23.123728,-44.401105
RAUL MARTINS,2024-12-22 02:06:55,25.4,0.0,-23.123475,-44.401161
RAUL MARTINS,2024-12-22 02:13:37,47.6,0.1,-23.123383,-44.401148
RAUL MARTINS,2024-12-22 02:20:35,24.2,0.0,-23.123321,-44.401076
RAUL MARTINS,2024-12-22 03:06:06,60.5,0.2,-23.122151,-44.400028
RAUL MARTINS,2024-12-22 03:54:05,145.0,0.2,-23.123001,-44.397158
RAUL MARTINS,2024-12-22 03:58:25,155.1,0.2,-23.123133,-44.397073
RAUL MARTINS,2024-12-22 04:00:37,143.4,0.2,-23.123211,-44.397023
RAUL MARTINS,2024-12-22 05:36:34,346.2,0.2,-23.123568,-44.396868
RAUL MARTINS,2024-12-22 05:38:27,327.1,0.0,-23.123571,-44.396856
RAUL MARTINS,2024-12-22 05:39:26,340.1,0.2,-23.123601,-44.396913
RAUL MARTINS,2024-12-22 06:15:07,337.7,0.1,-23.123133,-44.397156
RAUL MARTINS,2024-12-22 06:19:06,332.8,0.1,-23.123028,-44.397183
RAUL MARTINS,2024-12-22 06:21:26,340.5,0.1,-23.122983,-44.397193
RAUL MARTINS,2024-12-22 06:35:35,331.3,0.1,-23.122878,-44.397195
RAUL MARTINS,2024-12-22 06:50:37,341.2,0.1,-23.122825,-44.397336
RAUL MARTINS,2024-12-22 06:55:36,104.6,0.0,-23.122773,-44.397336
RAUL MARTINS,2024-12-22 07:28:06,309.6,0.0,-23.122711,-44.397476
RAUL MARTINS,2024-12-22 07:56:45,314.1,0.0,-23.122681,-44.397448
RAUL MARTINS,2024-12-22 08:05:05,114.4,0.0,-23.122675,-44.39751
RAUL MARTINS,2024-12-22 08:18:46,134.7,0.0,-23.122646,-44.397478
RAUL MARTINS,2024-12-22 08:20:56,97.7,0.1,-23.122643,-44.397503
RAUL MARTINS,2024-12-22 08:27:16,342.7,0.1,-23.12259,-44.397506
RAUL MARTINS,2024-12-22 09:18:36,334.7,0.1,-23.122673,-44.397528
RAUL MARTINS,2024-12-22 10:04:06,147.0,0.0,-23.123265,-44.397101
RAUL MARTINS,2024-12-22 15:02:10,105.5,0.0,-23.121816,-44.39833
RAUL MARTINS,2024-12-22 15:14:09,247.9,0.0,-23.121871,-44.398278
RAUL MARTINS,2024-12-22 16:41:10,251.1,0.1,-23.121488,-44.399555
RAUL MARTINS,2024-12-22 18:14:11,356.8,0.1,-23.12149,-44.399585
RAUL MARTINS,2024-12-23 00:56:12,143.2,0.1,-23.124995,-44.400908
RAUL MARTINS,2024-12-23 01:20:10,56.7,0.1,-23.125396,-44.400208
RAUL MARTINS,2024-12-23 01:38:08,284.6,0.0,-23.125588,-44.399798
RAUL MARTINS,2024-12-23 02:56:12,21.4,0.1,-23.125696,-44.398316
RAUL MARTINS,2024-12-23 06:29:10,351.7,0.2,-23.122883,-44.397061
RAUL MARTINS,2024-12-23 09:20:10,314.3,0.0,-23.122118,-44.397356
RAUL MARTINS,2024-12-23 11:41:11,286.1,0.3,-23.12158,-44.398296
RAUL MARTINS,2024-12-23 12:26:09,276.8,0.1,-23.12162,-44.398308
RAUL MARTINS,2024-12-23 12:29:09,95.9,0.1,-23.121556,-44.398316
RAUL MARTINS,2024-12-23 14:38:10,134.2,0.1,-23.12122,-44.398918
RAUL MARTINS,2024-12-23 15:08:10,265.2,0.1,-23.121145,-44.398673
RAUL MARTINS,2024-12-23 15:14:09,280.7,0.1,-23.121123,-44.398735
RAUL MARTINS,2024-12-23 18:59:11,277.8,0.2,-23.121276,-44.400631
RAUL MARTINS,2024-12-23 22:50:10,113.6,0.4,-23.121035,-44.397891
RAUL MARTINS,2024-12-24 02:23:09,269.8,0.1,-23.12107,-44.398048
RAUL MARTINS,2024-12-24 05:32:11,137.3,0.2,-23.12116,-44.397845
RAUL MARTINS,2024-12-24 05:56:11,310.2,0.2,-23.121081,-44.39796
RAUL MARTINS,2024-12-24 06:35:13,310.5,0.1,-23.120876,-44.398458
RAUL MARTINS,2024-12-24 11:14:12,121.6,0.1,-23.120938,-44.398225
RAUL MARTINS,2024-12-24 11:26:09,282.2,0.1,-23.121061,-44.398181
RAUL MARTINS,2024-12-24 13:35:11,119.6,0.1,-23.120793,-44.398456
RAUL MARTINS,2024-12-24 14:20:13,308.0,0.1,-23.120921,-44.398096
RAUL MARTINS,2024-12-24 14:44:12,138.6,0.2,-23.120871,-44.398595
RAUL MARTINS,2024-12-24 17:49:56,217.8,11.7,-23.150161,-44.407391
RAUL MARTINS,2024-12-24 18:27:16,78.7,2.8,-23.121888,-44.402526
RAUL MARTINS,2024-12-24 20:08:49,183.5,0.1,-23.119155,-44.401055
RAUL MARTINS,2024-12-24 21:23:49,55.0,0.2,-23.119201,-44.401056
RAUL MARTINS,2024-12-25 03:53:50,173.5,0.1,-23.123231,-44.401088
RAUL MARTINS,2024-12-25 04:23:48,183.1,0.1,-23.123401,-44.40074
RAUL MARTINS,2024-12-25 06:47:50,7.4,0.1,-23.123066,-44.401335
RAUL MARTINS,2024-12-25 08:56:47,163.0,0.2,-23.122263,-44.401381
RAUL MARTINS,2024-12-25 10:35:50,21.4,0.1,-23.120321,-44.401521
RAUL MARTINS,2024-12-25 11:26:49,201.8,0.1,-23.119905,-44.401278
RAUL MARTINS,2024-12-25 12:05:49,116.1,0.3,-23.120338,-44.40166
RAUL MARTINS,2024-12-25 13:11:48,105.2,0.1,-23.119011,-44.4001
RAUL MARTINS,2024-12-25 13:14:51,237.8,0.1,-23.119068,-44.400006
RAUL MARTINS,2024-12-25 13:44:50,260.6,0.1,-23.119,-44.399931
RAUL MARTINS,2024-12-25 13:47:50,245.6,0.1,-23.118976,-44.399983
RAUL MARTINS,2024-12-25 13:53:47,210.2,0.1,-23.119016,-44.400016
RAUL MARTINS,2024-12-25 18:41:48,246.7,0.1,-23.119245,-44.400495
RAUL MARTINS,2024-12-25 19:14:49,240.9,0.0,-23.11946,-44.40081
RAUL MARTINS,2024-12-25 22:14:49,110.7,0.0,-23.119208,-44.399751
RAUL MARTINS,2024-12-25 23:11:49,59.8,0.1,-23.119261,-44.398825
RAUL MARTINS,2024-12-26 00:14:50,133.1,0.1,-23.119981,-44.397606
RAUL MARTINS,2024-12-26 05:47:51,65.5,0.1,-23.118986,-44.399745
RAUL MARTINS,2024-12-26 06:08:49,83.3,0.0,-23.119033,-44.399323
RAUL MARTINS,2024-12-26 10:41:50,297.9,0.0,-23.119005,-44.398951
RAUL MARTINS,2024-12-26 11:14:51,99.3,0.1,-23.119015,-44.398825
RAUL MARTINS,2024-12-26 12:23:51,127.7,0.1,-23.119318,-44.398188
RAUL MARTINS,2024-12-26 14:02:50,321.6,0.0,-23.118943,-44.399028
RAUL MARTINS,2024-12-26 15:11:49,268.7,0.0,-23.118965,-44.399191
RAUL MARTINS,2024-12-26 23:53:50,191.0,0.2,-23.12099,-44.401928
RAUL MARTINS,2024-12-27 00:02:49,176.7,0.2,-23.121241,-44.401926
RAUL MARTINS,2024-12-27 02:26:49,63.9,0.1,-23.123151,-44.398566
RAUL MARTINS,2024-12-27 03:35:48,68.2,0.1,-23.122736,-44.398155
RAUL MARTINS,2024-12-27 04:05:48,234.7,0.1,-23.12302,-44.39819
RAUL MARTINS,2024-12-27 07:41:48,52.0,0.0,-23.12281,-44.398216
RAUL MARTINS,2024-12-27 07:47:50,48.4,0.1,-23.122688,-44.398073
RAUL MARTINS,2024-12-27 07:50:50,44.5,0.2,-23.122618,-44.398001
RAUL MARTINS,2024-12-27 08:35:50,32.3,0.2,-23.12115,-44.397313
RAUL MARTINS,2024-12-27 10:14:48,173.6,0.0,-23.120303,-44.397516
RAUL MARTINS,2024-12-27 11:14:50,181.2,0.2,-23.121438,-44.39764
RAUL MARTINS,2024-12-27 11:53:48,2.5,0.2,-23.121386,-44.397528
RAUL MARTINS,2024-12-27 12:11:49,166.3,0.1,-23.121315,-44.39737
RAUL MARTINS,2024-12-27 17:11:50,290.4,0.0,-23.118765,-44.399106
RAUL MARTINS,2024-12-27 20:35:48,84.3,0.0,-23.118978,-44.398701
RAUL MARTINS,2024-12-27 21:05:49,341.3,0.1,-23.119015,-44.398743
RAUL MARTINS,2024-12-27 21:59:48,214.8,0.1,-23.118928,-44.399488
RAUL MARTINS,2024-12-27 23:41:49,109.3,0.1,-23.119,-44.39892
RAUL MARTINS,2024-12-28 04:17:50,341.7,0.2,-23.121616,-44.397358
RAUL MARTINS,2024-12-28 04:50:47,221.7,0.0,-23.121416,-44.39733
RAUL MARTINS,2024-12-28 04:53:47,348.1,0.0,-23.121393,-44.397361
RAUL MARTINS,2024-12-28 06:02:48,4.3,0.1,-23.12063,-44.39728
RAUL MARTINS,2024-12-28 06:41:48,23.0,0.1,-23.11979,-44.39756
RAUL MARTINS,2024-12-28 11:56:49,225.4,0.1,-23.119145,-44.398475
RAUL MARTINS,2024-12-28 11:59:48,167.5,0.1,-23.119176,-44.398493
RAUL MARTINS,2024-12-28 12:05:49,138.0,0.0,-23.119285,-44.39849
RAUL MARTINS,2024-12-28 12:17:47,2.6,0.1,-23.119285,-44.398403
RAUL MARTINS,2024-12-28 13:08:51,110.5,0.1,-23.119475,-44.397885
RAUL MARTINS,2024-12-28 19:08:50,320.0,0.1,-23.1189,-44.399565
RAUL MARTINS,2024-12-29 04:35:50,339.7,0.2,-23.120666,-44.397121
RAUL MARTINS,2024-12-29 04:50:51,195.5,0.2,-23.120658,-44.397186
RAUL MARTINS,2024-12-29 06:14:51,20.9,0.0,-23.120228,-44.397395
RAUL MARTINS,2024-12-29 09:56:50,144.9,0.1,-23.120101,-44.39741
RAUL MARTINS,2024-12-29 18:17:48,32.8,0.1,-23.12006,-44.40155
RAUL MARTINS,2024-12-29 18:23:49,38.2,0.1,-23.119905,-44.401391
RAUL MARTINS,2024-12-29 18:35:50,358.8,0.1,-23.119506,-44.40105
RAUL MARTINS,2024-12-30 01:08:48,3.5,0.0,-23.121835,-44.40178
RAUL MARTINS,2024-12-30 02:23:49,203.9,0.1,-23.121051,-44.401583
RAUL MARTINS,2024-12-30 04:41:50,180.6,0.1,-23.121756,-44.401236
RAUL MARTINS,2024-12-30 05:38:48,63.3,0.1,-23.123228,-44.398275
RAUL MARTINS,2024-12-30 06:17:49,50.3,0.1,-23.122355,-44.397755
RAUL MARTINS,2024-12-30 12:11:49,315.6,0.1,-23.120013,-44.39738
RAUL MARTINS,2024-12-30 12:50:49,317.8,0.1,-23.119605,-44.39771
RAUL MARTINS,2024-12-30 20:38:48,80.5,0.0,-23.12281,-44.401201
RAUL MARTINS,2024-12-30 20:44:49,48.5,0.1,-23.122825,-44.401175
RAUL MARTINS,2024-12-31 00:41:48,8.3,0.1,-23.1226,-44.39777
RAUL MARTINS,2024-12-31 01:53:49,352.7,0.0,-23.121313,-44.397005
RAUL MARTINS,2024-12-31 03:08:47,174.7,0.1,-23.12112,-44.396941
RAUL MARTINS,2024-12-31 03:41:49,90.0,0.3,-23.121316,-44.396823
RAUL MARTINS,2024-12-31 05:32:50,191.3,0.3,-23.121875,-44.397283
RAUL MARTINS,2024-12-31 08:05:48,315.8,0.2,-23.120743,-44.397193
RAUL MARTINS,2024-12-31 09:11:49,171.9,0.1,-23.120783,-44.39709
RAUL MARTINS,2024-12-31 09:32:50,186.7,0.3,-23.120675,-44.397068
RAUL MARTINS,2024-12-31 09:35:49,350.1,0.5,-23.120635,-44.397083
RAUL MARTINS,2024-12-31 09:38:51,349.6,0.4,-23.120625,-44.397078
RAUL MARTINS,2024-12-31 10:05:51,24.3,0.1,-23.120355,-44.397038
RAUL MARTINS,2024-12-31 12:59:45,177.5,0.1,-23.119791,-44.397103
RAUL MARTINS,2024-12-31 13:41:50,299.5,0.2,-23.119403,-44.397453
RAUL MARTINS,2024-12-31 14:05:50,332.8,0.1,-23.119428,-44.397381
RAUL MARTINS,2024-12-31 14:50:49,309.5,0.2,-23.118758,-44.398296
RAUL MARTINS,2024-12-31 14:53:51,299.5,0.2,-23.11871,-44.398333
RAUL MARTINS,2024-12-31 17:53:51,246.0,0.3,-23.119023,-44.400663
RAUL MARTINS,2024-12-31 21:32:50,135.7,0.2,-23.122376,-44.400728
RAUL MARTINS,2025-01-01 00:32:48,133.9,0.0,-23.122475,-44.400761
RAUL MARTINS,2025-01-01 03:53:50,169.4,0.1,-23.120751,-44.397018
RAUL MARTINS,2025-01-01 04:59:47,351.2,0.1,-23.121485,-44.397218
RAUL MARTINS,2025-01-01 07:05:49,38.8,0.1,-23.122671,-44.39818
RAUL MARTINS,2025-01-01 08:32:50,3.3,0.5,-23.12143,-44.39723
RAUL MARTINS,2025-01-01 12:35:50,256.6,0.0,-23.118853,-44.399475
RAUL MARTINS,2025-01-01 13:17:47,125.6,0.0,-23.118918,-44.398946
RAUL MARTINS,2025-01-01 15:11:49,241.7,0.0,-23.11871,-44.398936
RAUL MARTINS,2025-01-01 15:35:46,311.0,0.0,-23.118706,-44.398858
RAUL MARTINS,2025-01-01 17:26:49,74.5,0.1,-23.11878,-44.399465
RAUL MARTINS,2025-01-01 18:38:49,275.7,0.1,-23.118946,-44.399901
RAUL MARTINS,2025-01-01 19:08:50,211.2,0.0,-23.119571,-44.400961
RAUL MARTINS,2025-01-02 01:41:48,278.7,0.0,-23.123146,-44.400488
RAUL MARTINS,2025-01-02 02:47:48,323.3,0.2,-23.122421,-44.401111
RAUL MARTINS,2025-01-02 08:50:49,183.3,0.1,-23.121396,-44.40159
RAUL MARTINS,2025-01-02 09:11:49,165.6,0.1,-23.121685,-44.401576
RAUL MARTINS,2025-01-02 09:23:51,142.5,0.1,-23.121791,-44.401565
RAUL MARTINS,2025-01-02 09:53:51,165.0,0.1,-23.1219,-44.401378
RAUL MARTINS,2025-01-02 10:26:48,167.0,0.1,-23.122361,-44.40103
RAUL MARTINS,2025-01-02 10:29:48,156.6,0.1,-23.122436,-44.400971
RAUL MARTINS,2025-01-02 12:11:49,91.4,0.1,-23.123116,-44.399683
RAUL MARTINS,2025-01-02 14:02:51,273.8,0.0,-23.123078,-44.399646
RAUL MARTINS,2025-01-02 14:11:48,298.3,0.1,-23.123001,-44.399643
RAUL MARTINS,2025-01-02 21:08:49,96.1,0.1,-23.123105,-44.40098
RAUL MARTINS,2025-01-02 21:08:50,96.1,0.1,-23.123105,-44.40098
RAUL MARTINS,2025-01-03 01:41:48,298.1,0.1,-23.123113,-44.39899
RAUL MARTINS,2025-01-03 02:20:50,30.5,0.2,-23.122246,-44.397995
RAUL MARTINS,2025-01-03 02:29:48,11.0,0.2,-23.121651,-44.397616
RAUL MARTINS,2025-01-03 02:59:48,285.0,0.2,-23.118726,-44.398448
RAUL MARTINS,2025-01-03 04:05:50,133.3,0.2,-23.119583,-44.397263
RAUL MARTINS,2025-01-03 04:08:48,146.7,0.2,-23.119625,-44.397158
RAUL MARTINS,2025-01-03 04:14:48,214.1,0.1,-23.119856,-44.397108
RAUL MARTINS,2025-01-03 05:59:48,173.5,0.1,-23.121085,-44.397133
RAUL MARTINS,2025-01-03 10:02:48,84.6,0.0,-23.122895,-44.39804
RAUL MARTINS,2025-01-03 11:05:49,261.7,0.1,-23.123035,-44.398278
RAUL MARTINS,2025-01-03 12:11:50,82.9,0.0,-23.122916,-44.398176
RAUL MARTINS,2025-01-03 13:41:48,82.5,0.0,-23.1227,-44.39803
RAUL MARTINS,2025-01-03 16:12:19,341.5,0.0,-23.119823,-44.397818
RAUL MARTINS,2025-01-03 17:42:01,128.9,0.1,-23.122463,-44.40163
RAUL MARTINS,2025-01-03 18:17:48,159.0,0.0,-23.122796,-44.401368
RAUL MARTINS,2025-01-03 19:20:48,84.6,0.5,-23.123313,-44.399206
RAUL MARTINS,2025-01-04 00:53:49,207.7,0.1,-23.123626,-44.399776
RAUL MARTINS,2025-01-04 01:17:49,272.1,0.1,-23.123498,-44.399955
RAUL MARTINS,2025-01-04 01:59:50,299.4,0.2,-23.123328,-44.400391
RAUL MARTINS,2025-01-04 05:44:50,0.3,0.1,-23.120871,-44.397093
RAUL MARTINS,2025-01-04 11:53:50,200.0,0.1,-23.123058,-44.398073
RAUL MARTINS,2025-01-04 15:59:50,210.6,0.2,-23.120585,-44.401493
RAUL MARTINS,2025-01-04 17:17:48,62.0,0.1,-23.12332,-44.4002
RAUL MARTINS,2025-01-04 19:05:48,341.6,0.1,-23.120153,-44.398006
RAUL MARTINS,2025-01-04 19:59:51,301.4,0.0,-23.119161,-44.398706
RAUL MARTINS,2025-01-04 20:53:50,92.2,0.0,-23.119026,-44.39926
RAUL MARTINS,2025-01-04 21:44:25,197.7,6.9,-23.129388,-44.39851
RAUL MARTINS,2025-01-04 21:47:25,213.9,9.1,-23.136108,-44.401885
RAUL MARTINS,2025-01-04 22:35:06,147.4,13.0,-23.27878,-44.35811
RAUL MARTINS,2025-01-04 22:40:46,146.4,13.0,-23.295106,-44.346375
RAUL MARTINS,2025-01-04 23:51:58,133.9,12.2,-23.473091,-44.17352
RAUL MARTINS,2025-01-05 00:10:56,133.3,12.5,-23.516681,-44.124
RAUL MARTINS,2025-01-05 00:15:56,132.6,12.6,-23.527998,-44.110695
RAUL MARTINS,2025-01-05 00:18:36,132.3,12.6,-23.534108,-44.103521
RAUL MARTINS,2025-01-05 00:22:26,133.3,12.6,-23.542926,-44.093276
RAUL MARTINS,2025-01-05 00:26:26,132.6,12.5,-23.55201,-44.082555
RAUL MARTINS,2025-01-05 00:36:37,133.1,12.4,-23.575251,-44.055286
RAUL MARTINS,2025-01-05 00:37:55,133.2,12.4,-23.578225,-44.051826
RAUL MARTINS,2025-01-05 00:38:55,132.8,12.4,-23.580488,-44.04923
RAUL MARTINS,2025-01-05 00:39:26,133.1,12.4,-23.581683,-44.047816
RAUL MARTINS,2025-01-05 00:39:37,133.1,12.4,-23.582093,-44.04733
RAUL MARTINS,2025-01-05 00:39:55,132.9,12.4,-23.58278,-44.046526
RAUL MARTINS,2025-01-05 01:02:07,137.5,12.2,-23.635891,-43.991158
RAUL MARTINS,2025-01-05 01:08:16,137.4,12.2,-23.65079,-43.97608
RAUL MARTINS,2025-01-05 01:09:05,136.9,12.2,-23.652773,-43.9741
RAUL MARTINS,2025-01-05 01:12:25,137.3,12.3,-23.660915,-43.965925
RAUL MARTINS,2025-01-05 01:12:56,137.0,12.3,-23.662145,-43.964693
RAUL MARTINS,2025-01-05 01:13:25,137.3,12.3,-23.663321,-43.963511
RAUL MARTINS,2025-01-05 01:13:46,137.0,12.3,-23.664136,-43.962695
RAUL MARTINS,2025-01-05 01:19:45,137.4,12.2,-23.67894,-43.947996
RAUL MARTINS,2025-01-05 01:30:27,142.5,12.3,-23.706523,-43.923806
RAUL MARTINS,2025-01-05 01:32:46,142.9,12.3,-23.71266,-43.918828
RAUL MARTINS,2025-01-05 02:03:57,126.8,12.3,-23.787965,-43.841076
RAUL MARTINS,2025-01-05 02:06:06,126.7,12.2,-23.792323,-43.834776
RAUL MARTINS,2025-01-05 02:06:07,126.7,12.2,-23.792323,-43.834776
RAUL MARTINS,2025-01-05 02:09:28,127.1,12.3,-23.798978,-43.825196
RAUL MARTINS,2025-01-05 02:15:46,126.9,12.3,-23.811755,-43.806896
RAUL MARTINS,2025-01-05 02:16:36,127.2,12.2,-23.813426,-43.804496
RAUL MARTINS,2025-01-05 02:41:46,132.3,11.5,-23.868706,-43.740678
RAUL MARTINS,2025-01-05 02:45:46,132.6,11.6,-23.877345,-43.730463
RAUL MARTINS,2025-01-05 03:05:05,134.7,11.7,-23.919036,-43.681428
RAUL MARTINS,2025-01-05 03:19:57,134.5,11.9,-23.952473,-43.644188
RAUL MARTINS,2025-01-05 03:22:47,133.9,11.8,-23.958918,-43.637056
RAUL MARTINS,2025-01-05 03:51:36,133.0,12.0,-24.024813,-43.562243
RAUL MARTINS,2025-01-05 03:56:06,132.3,11.7,-24.03472,-43.550431
RAUL MARTINS,2025-01-05 03:56:36,132.0,11.7,-24.035796,-43.54914
RAUL MARTINS,2025-01-05 04:00:35,132.7,11.7,-24.044488,-43.538756
RAUL MARTINS,2025-01-05 04:27:27,131.7,11.9,-24.103318,-43.467498
RAUL MARTINS,2025-01-05 04:47:35,133.3,12.3,-24.148461,-43.412753
RAUL MARTINS,2025-01-05 04:50:25,133.4,12.1,-24.155031,-43.405301
RAUL MARTINS,2025-01-05 04:53:26,132.9,12.0,-24.161966,-43.3974
RAUL MARTINS,2025-01-05 05:35:26,133.3,12.4,-24.25918,-43.284061
RAUL MARTINS,2025-01-05 05:38:07,132.9,12.5,-24.265498,-43.276661
RAUL MARTINS,2025-01-05 05:51:16,132.6,12.5,-24.296561,-43.239893
RAUL MARTINS,2025-01-05 06:12:07,134.6,12.7,-24.3463,-43.180818
RAUL MARTINS,2025-01-05 06:14:55,137.9,12.7,-24.353498,-43.173273
RAUL MARTINS,2025-01-05 06:15:56,138.5,12.7,-24.356138,-43.170615
RAUL MARTINS,2025-01-05 06:24:26,137.5,13.0,-24.378793,-43.148575
RAUL MARTINS,2025-01-05 06:51:36,137.6,13.4,-24.453373,-43.075973
RAUL MARTINS,2025-01-05 07:20:05,135.1,12.7,-24.527616,-42.994136
RAUL MARTINS,2025-01-05 07:24:45,136.0,12.6,-24.53958,-42.981518
RAUL MARTINS,2025-01-05 07:32:45,136.4,12.7,-24.560053,-42.960395
RAUL MARTINS,2025-01-05 07:35:16,137.2,11.9,-24.566301,-42.95391
RAUL MARTINS,2025-01-05 07:56:05,140.5,12.5,-24.616891,-42.906156
RAUL MARTINS,2025-01-05 08:00:17,142.0,12.8,-24.628478,-42.896045
RAUL MARTINS,2025-01-05 08:01:37,140.7,12.8,-24.632251,-42.892775
RAUL MARTINS,2025-01-05 08:02:56,141.8,12.9,-24.635963,-42.889551
RAUL MARTINS,2025-01-05 08:06:17,140.7,12.9,-24.645278,-42.881451
RAUL MARTINS,2025-01-05 08:09:38,141.0,13.0,-24.654736,-42.873176
RAUL MARTINS,2025-01-05 08:29:48,142.1,7.2,-24.702508,-42.832043
RAUL MARTINS,2025-01-05 08:31:56,144.8,6.5,-24.705746,-42.82937
RAUL MARTINS,2025-01-05 08:36:38,146.6,6.5,-24.712808,-42.824205
RAUL MARTINS,2025-01-05 08:38:46,146.9,6.5,-24.716083,-42.8219
RAUL MARTINS,2025-01-05 09:04:36,153.0,4.5,-24.754058,-42.796528
RAUL MARTINS,2025-01-05 09:08:37,166.4,3.6,-24.758181,-42.794651
RAUL MARTINS,2025-01-05 09:19:47,213.5,0.8,-24.765886,-42.79335
RAUL MARTINS,2025-01-05 09:25:26,225.1,0.8,-24.76658,-42.794015
RAUL MARTINS,2025-01-05 09:40:37,221.4,0.4,-24.76809,-42.79555
RAUL MARTINS,2025-01-05 09:42:45,223.7,0.4,-24.7683,-42.795738
RAUL MARTINS,2025-01-05 09:46:25,222.0,0.3,-24.768633,-42.796038
RAUL MARTINS,2025-01-05 09:48:27,236.9,0.3,-24.768783,-42.796223
RAUL MARTINS,2025-01-05 09:48:56,254.5,0.5,-24.768771,-42.79628
RAUL MARTINS,2025-01-05 09:51:26,272.3,0.8,-24.768698,-42.796996
RAUL MARTINS,2025-01-05 09:53:57,116.3,1.2,-24.768825,-42.796756
RAUL MARTINS,2025-01-05 10:22:48,137.5,0.0,-24.77298,-42.795843
RAUL MARTINS,2025-01-05 10:44:33,211.6,2.6,-24.77937,-42.793576
RAUL MARTINS,2025-01-05 10:48:07,107.0,1.6,-24.779863,-42.793636
RAUL MARTINS,2025-01-05 10:52:36,85.0,1.9,-24.780905,-42.790706
RAUL MARTINS,2025-01-05 10:54:47,66.1,1.3,-24.780751,-42.78969
RAUL MARTINS,2025-01-05 10:56:57,44.4,1.3,-24.780128,-42.789058
RAUL MARTINS,2025-01-05 11:26:46,27.7,0.5,-24.774165,-42.78535
RAUL MARTINS,2025-01-05 11:27:27,358.1,0.4,-24.774065,-42.78537
RAUL MARTINS,2025-01-05 11:38:35,285.6,0.5,-24.773293,-42.786023
RAUL MARTINS,2025-01-05 11:38:55,255.9,0.5,-24.77329,-42.786073
RAUL MARTINS,2025-01-05 11:39:55,304.7,0.6,-24.773265,-42.786201
RAUL MARTINS,2025-01-05 11:40:47,346.6,0.8,-24.773113,-42.786303
RAUL MARTINS,2025-01-05 11:41:47,358.2,1.0,-24.772816,-42.78635
RAUL MARTINS,2025-01-05 11:41:55,3.3,1.0,-24.772773,-42.78635
RAUL MARTINS,2025-01-05 11:42:36,10.7,1.0,-24.772563,-42.786328
RAUL MARTINS,2025-01-05 11:42:47,20.2,1.1,-24.77249,-42.7863
RAUL MARTINS,2025-01-05 11:42:55,12.2,0.9,-24.772443,-42.786291
RAUL MARTINS,2025-01-05 11:43:06,20.9,1.2,-24.772385,-42.786263
RAUL MARTINS,2025-01-05 11:44:06,35.7,1.4,-24.772103,-42.786135
RAUL MARTINS,2025-01-05 11:47:47,71.2,1.7,-24.77125,-42.78476
RAUL MARTINS,2025-01-05 12:02:26,114.8,1.2,-24.774483,-42.777793
RAUL MARTINS,2025-01-05 12:06:26,142.2,0.6,-24.77518,-42.777
RAUL MARTINS,2025-01-05 12:36:47,116.1,0.8,-24.780306,-42.76377
RAUL MARTINS,2025-01-05 12:38:06,111.4,0.7,-24.780415,-42.76352
RAUL MARTINS,2025-01-05 12:39:15,137.5,0.5,-24.78053,-42.76335
RAUL MARTINS,2025-01-05 12:39:36,125.1,0.4,-24.780548,-42.763313
RAUL MARTINS,2025-01-05 12:41:15,153.7,0.5,-24.78069,-42.763163
RAUL MARTINS,2025-01-05 12:53:56,220.0,0.5,-24.781605,-42.763228
RAUL MARTINS,2025-01-05 12:54:37,288.9,0.3,-24.781676,-42.763265
RAUL MARTINS,2025-01-05 12:56:57,220.1,0.3,-24.781756,-42.76339
RAUL MARTINS,2025-01-05 13:13:17,174.0,0.4,-24.783296,-42.763238
RAUL MARTINS,2025-01-05 13:13:26,174.0,0.6,-24.783321,-42.763235
RAUL MARTINS,2025-01-05 13:24:17,190.8,0.2,-24.784385,-42.763023
RAUL MARTINS,2025-01-05 14:07:05,160.1,0.3,-24.787571,-42.763605
RAUL MARTINS,2025-01-05 14:37:26,150.1,0.1,-24.789493,-42.760901
RAUL MARTINS,2025-01-05 14:37:45,115.5,0.4,-24.789516,-42.760893
RAUL MARTINS,2025-01-05 14:40:45,82.9,0.5,-24.789631,-42.760853
RAUL MARTINS,2025-01-05 15:04:17,173.9,0.3,-24.790038,-42.760853
RAUL MARTINS,2025-01-05 15:08:17,221.4,0.1,-24.790071,-42.760836
RAUL MARTINS,2025-01-05 16:16:48,39.2,0.4,-24.787365,-42.759593
RAUL MARTINS,2025-01-05 16:22:17,213.3,0.6,-24.787178,-42.759375
RAUL MARTINS,2025-01-05 16:24:06,44.8,0.3,-24.787108,-42.759251
RAUL MARTINS,2025-01-05 16:45:46,36.3,0.2,-24.786415,-42.757841
RAUL MARTINS,2025-01-05 16:51:46,270.7,0.2,-24.786338,-42.75756
RAUL MARTINS,2025-01-05 18:07:47,58.0,0.0,-24.786273,-42.756433
RAUL MARTINS,2025-01-05 18:07:48,58.0,0.0,-24.786273,-42.756433
RAUL MARTINS,2025-01-05 18:23:24,68.2,0.2,-24.78631,-42.75642
RAUL MARTINS,2025-01-05 18:56:07,78.6,0.2,-24.786291,-42.756583
RAUL MARTINS,2025-01-05 19:04:47,196.6,0.1,-24.78631,-42.756548
RAUL MARTINS,2025-01-05 19:07:26,87.4,0.1,-24.786311,-42.756523
RAUL MARTINS,2025-01-05 19:45:37,97.5,0.5,-24.78629,-42.75678
RAUL MARTINS,2025-01-05 19:52:45,87.4,0.2,-24.78627,-42.756858
RAUL MARTINS,2025-01-05 19:52:46,87.4,0.2,-24.78627,-42.756858
RAUL MARTINS,2025-01-05 19:55:45,283.3,0.0,-24.78626,-42.756853
RAUL MARTINS,2025-01-05 19:55:46,283.3,0.0,-24.78626,-42.756853
RAUL MARTINS,2025-01-05 19:59:05,262.2,0.7,-24.786275,-42.756895
RAUL MARTINS,2025-01-05 20:01:16,86.3,0.1,-24.7863,-42.756875
RAUL MARTINS,2025-01-05 20:44:46,258.6,0.1,-24.786548,-42.758045
RAUL MARTINS,2025-01-05 20:50:07,235.7,0.1,-24.786623,-42.758306
RAUL MARTINS,2025-01-05 21:29:26,78.0,0.5,-24.786995,-42.759256
RAUL MARTINS,2025-01-05 21:36:26,90.6,0.3,-24.787075,-42.759253
RAUL MARTINS,2025-01-05 21:39:26,46.7,0.3,-24.787081,-42.759226
RAUL MARTINS,2025-01-05 21:41:16,68.4,0.2,-24.787063,-42.75925
RAUL MARTINS,2025-01-05 21:43:46,64.9,0.5,-24.787095,-42.759285
RAUL MARTINS,2025-01-05 22:33:57,60.1,0.5,-24.786001,-42.754786
RAUL MARTINS,2025-01-05 23:22:07,120.2,1.1,-24.78268,-42.747158
RAUL MARTINS,2025-01-05 23:23:37,126.1,1.1,-24.782575,-42.746848
RAUL MARTINS,2025-01-05 23:28:27,77.3,0.8,-24.782258,-42.74599
RAUL MARTINS,2025-01-05 23:56:17,61.9,0.7,-24.779563,-42.74042
RAUL MARTINS,2025-01-06 00:00:46,74.9,0.8,-24.779093,-42.739451
RAUL MARTINS,2025-01-06 00:05:05,77.7,0.8,-24.778625,-42.738525
RAUL MARTINS,2025-01-06 00:07:05,79.6,0.8,-24.77837,-42.738123
RAUL MARTINS,2025-01-06 00:07:55,67.3,0.8,-24.778296,-42.737955
RAUL MARTINS,2025-01-06 00:08:05,55.6,0.7,-24.778286,-42.737911
RAUL MARTINS,2025-01-06 00:09:47,58.4,0.7,-24.77815,-42.737565
RAUL MARTINS,2025-01-06 00:13:55,34.4,0.8,-24.777741,-42.73664
RAUL MARTINS,2025-01-06 00:17:55,72.8,0.8,-24.777423,-42.735781
RAUL MARTINS,2025-01-06 00:20:05,51.2,0.7,-24.777213,-42.735308
RAUL MARTINS,2025-01-06 00:31:16,47.7,0.6,-24.775861,-42.73297
RAUL MARTINS,2025-01-06 00:34:57,75.5,0.7,-24.775518,-42.732208
RAUL MARTINS,2025-01-06 00:36:35,64.2,0.8,-24.775363,-42.731866
RAUL MARTINS,2025-01-06 00:37:46,62.3,0.8,-24.775266,-42.731576
RAUL MARTINS,2025-01-06 00:53:36,62.8,0.7,-24.77349,-42.728483
RAUL MARTINS,2025-01-06 00:53:45,63.7,0.6,-24.773471,-42.728468
RAUL MARTINS,2025-01-06 00:54:17,65.4,0.7,-24.773441,-42.728403
RAUL MARTINS,2025-01-06 00:54:36,58.8,0.5,-24.773391,-42.72834
RAUL MARTINS,2025-01-06 00:55:06,63.5,0.8,-24.773328,-42.728291
RAUL MARTINS,2025-01-06 00:56:45,32.3,0.4,-24.773156,-42.728068
RAUL MARTINS,2025-01-06 00:57:06,35.6,0.4,-24.773116,-42.728021
RAUL MARTINS,2025-01-06 01:00:06,37.1,0.4,-24.772908,-42.727773
RAUL MARTINS,2025-01-06 01:00:45,76.8,0.4,-24.772865,-42.72769
RAUL MARTINS,2025-01-06 01:00:55,83.5,0.7,-24.772848,-42.727675
RAUL MARTINS,2025-01-06 01:01:55,31.3,0.3,-24.772793,-42.727578
RAUL MARTINS,2025-01-06 01:04:27,19.8,0.1,-24.772636,-42.72749
RAUL MARTINS,2025-01-06 01:08:26,5.8,0.1,-24.772543,-42.727335
RAUL MARTINS,2025-01-06 01:08:27,5.8,0.1,-24.772543,-42.727335
RAUL MARTINS,2025-01-06 01:11:27,172.6,0.2,-24.772448,-42.727393
RAUL MARTINS,2025-01-06 01:14:16,293.0,0.0,-24.772438,-42.727295
RAUL MARTINS,2025-01-06 01:36:56,136.9,0.4,-24.773071,-42.726083
RAUL MARTINS,2025-01-06 01:39:55,139.2,0.4,-24.773235,-42.725825
RAUL MARTINS,2025-01-06 01:40:15,181.0,0.7,-24.773255,-42.725793
RAUL MARTINS,2025-01-06 01:40:35,186.7,1.2,-24.773286,-42.72574
RAUL MARTINS,2025-01-06 01:40:36,186.7,1.2,-24.773286,-42.72574
RAUL MARTINS,2025-01-06 01:42:27,60.0,0.5,-24.77335,-42.72551
RAUL MARTINS,2025-01-06 01:43:37,41.1,0.9,-24.77339,-42.725461
RAUL MARTINS,2025-01-06 01:47:46,105.0,0.4,-24.773671,-42.725123
RAUL MARTINS,2025-01-06 02:02:25,4.0,0.0,-24.774228,-42.72497
RAUL MARTINS,2025-01-06 02:06:56,356.8,0.3,-24.774201,-42.724975
RAUL MARTINS,2025-01-06 02:18:56,22.7,0.3,-24.774451,-42.725008
RAUL MARTINS,2025-01-06 02:22:46,202.3,0.1,-24.77441,-42.72501
RAUL MARTINS,2025-01-06 02:55:07,190.4,0.7,-24.774333,-42.724963
RAUL MARTINS,2025-01-06 02:55:56,194.3,0.6,-24.774316,-42.724995
RAUL MARTINS,2025-01-06 02:58:07,359.8,0.1,-24.774255,-42.725006
RAUL MARTINS,2025-01-06 03:00:26,203.7,0.9,-24.774175,-42.724983
RAUL MARTINS,2025-01-06 03:31:27,58.0,0.1,-24.773575,-42.724935
RAUL MARTINS,2025-01-06 03:42:06,213.3,0.0,-24.773473,-42.724888
RAUL MARTINS,2025-01-06 03:50:26,210.9,0.4,-24.773443,-42.724956
RAUL MARTINS,2025-01-06 03:53:15,27.4,0.1,-24.773438,-42.72495
RAUL MARTINS,2025-01-06 04:04:57,206.1,0.5,-24.773286,-42.724845
RAUL MARTINS,2025-01-06 04:40:17,212.7,0.5,-24.773281,-42.724821
RAUL MARTINS,2025-01-06 04:43:06,209.3,0.4,-24.773308,-42.724886
RAUL MARTINS,2025-01-06 05:11:45,214.3,0.5,-24.773178,-42.724775
RAUL MARTINS,2025-01-06 05:14:26,27.9,1.5,-24.773106,-42.724708
RAUL MARTINS,2025-01-06 05:23:27,224.7,0.2,-24.773128,-42.724766
RAUL MARTINS,2025-01-06 05:31:16,30.8,0.9,-24.773086,-42.724758
RAUL MARTINS,2025-01-06 05:34:36,205.4,0.3,-24.773146,-42.724775
RAUL MARTINS,2025-01-06 06:20:46,220.4,0.7,-24.772978,-42.724616
RAUL MARTINS,2025-01-06 06:26:06,203.3,0.1,-24.772933,-42.724578
RAUL MARTINS,2025-01-06 06:28:07,234.5,0.3,-24.772921,-42.724565
RAUL MARTINS,2025-01-06 06:30:16,186.6,0.1,-24.772935,-42.724601
RAUL MARTINS,2025-01-06 06:37:06,60.7,0.2,-24.772891,-42.724585
RAUL MARTINS,2025-01-06 06:42:06,265.6,0.5,-24.772796,-42.724528
RAUL MARTINS,2025-01-06 07:01:07,224.1,0.5,-24.772596,-42.72423
RAUL MARTINS,2025-01-06 07:06:06,218.3,0.4,-24.77256,-42.724253
RAUL MARTINS,2025-01-06 07:08:25,31.2,0.4,-24.772563,-42.724345
RAUL MARTINS,2025-01-06 07:10:26,39.8,0.7,-24.772498,-42.724341
RAUL MARTINS,2025-01-06 07:28:26,209.5,0.5,-24.772173,-42.724035
RAUL MARTINS,2025-01-06 07:35:25,36.5,0.1,-24.771941,-42.723806
RAUL MARTINS,2025-01-06 08:10:06,59.1,0.1,-24.771436,-42.72306
RAUL MARTINS,2025-01-06 08:16:25,259.1,0.2,-24.771375,-42.722926
RAUL MARTINS,2025-01-06 08:41:07,12.7,0.2,-24.770821,-42.721673
RAUL MARTINS,2025-01-06 08:44:07,84.3,0.1,-24.770753,-42.721463
RAUL MARTINS,2025-01-06 08:46:46,237.3,0.7,-24.770728,-42.721338
RAUL MARTINS,2025-01-06 08:48:55,210.4,0.8,-24.770726,-42.721216
RAUL MARTINS,2025-01-06 09:10:05,82.8,0.2,-24.77067,-42.719485
RAUL MARTINS,2025-01-06 09:13:05,250.5,0.4,-24.770701,-42.719303
RAUL MARTINS,2025-01-06 09:15:26,105.2,0.1,-24.770681,-42.719156
RAUL MARTINS,2025-01-06 09:19:36,95.0,0.3,-24.770753,-42.718816
RAUL MARTINS,2025-01-06 09:21:56,105.0,0.4,-24.770855,-42.718591
RAUL MARTINS,2025-01-06 09:24:06,108.6,0.4,-24.770846,-42.718375
RAUL MARTINS,2025-01-06 09:53:36,329.8,0.2,-24.771316,-42.71725
RAUL MARTINS,2025-01-06 10:37:25,167.8,0.1,-24.771386,-42.717108
RAUL MARTINS,2025-01-06 11:25:16,171.9,0.0,-24.771386,-42.71727
RAUL MARTINS,2025-01-06 11:25:26,157.7,0.1,-24.771375,-42.717263
RAUL MARTINS,2025-01-06 11:26:26,90.0,0.0,-24.771343,-42.717216
RAUL MARTINS,2025-01-06 11:27:26,114.9,0.1,-24.771343,-42.717183
RAUL MARTINS,2025-01-06 11:30:36,282.3,0.1,-24.771331,-42.71722
RAUL MARTINS,2025-01-06 11:30:46,290.1,0.0,-24.77134,-42.71723
RAUL MARTINS,2025-01-06 11:32:25,209.3,0.2,-24.771336,-42.717236
RAUL MARTINS,2025-01-06 11:32:55,22.8,0.3,-24.771341,-42.717223
RAUL MARTINS,2025-01-06 11:33:05,28.9,0.1,-24.771343,-42.717215
RAUL MARTINS,2025-01-06 11:33:25,290.5,0.4,-24.771346,-42.717215
RAUL MARTINS,2025-01-06 11:33:35,310.1,0.5,-24.77135,-42.717213
RAUL MARTINS,2025-01-06 11:34:05,93.8,0.1,-24.771353,-42.717205
RAUL MARTINS,2025-01-06 11:46:36,336.1,0.2,-24.771255,-42.717328
RAUL MARTINS,2025-01-06 11:53:06,56.2,0.1,-24.771281,-42.717361
RAUL MARTINS,2025-01-06 12:00:16,270.6,0.1,-24.771288,-42.717481
RAUL MARTINS,2025-01-06 12:05:26,291.5,0.2,-24.771285,-42.717556
RAUL MARTINS,2025-01-06 12:05:35,302.6,0.0,-24.771281,-42.717553
RAUL MARTINS,2025-01-06 12:06:06,297.9,0.2,-24.77127,-42.717553
RAUL MARTINS,2025-01-06 12:20:45,126.9,0.2,-24.771185,-42.71754
RAUL MARTINS,2025-01-06 12:23:05,310.9,0.0,-24.77123,-42.717496
RAUL MARTINS,2025-01-06 13:06:56,204.9,0.2,-24.77118,-42.717633
RAUL MARTINS,2025-01-06 13:31:06,119.2,0.1,-24.771173,-42.717628
RAUL MARTINS,2025-01-06 13:36:25,105.9,0.1,-24.771315,-42.717656
RAUL MARTINS,2025-01-06 13:38:45,276.4,0.3,-24.771261,-42.71769
RAUL MARTINS,2025-01-06 13:39:05,79.3,0.2,-24.771235,-42.717676
RAUL MARTINS,2025-01-06 13:40:05,24.1,0.1,-24.771238,-42.717661
RAUL MARTINS,2025-01-06 14:03:16,284.0,0.2,-24.771195,-42.717668
RAUL MARTINS,2025-01-06 14:05:25,59.5,0.2,-24.77119,-42.717578
RAUL MARTINS,2025-01-06 15:17:38,104.3,0.1,-24.771141,-42.717811
RAUL MARTINS,2025-01-06 15:20:46,106.3,0.2,-24.771186,-42.717808
RAUL MARTINS,2025-01-06 15:24:56,96.7,0.0,-24.771138,-42.717771
RAUL MARTINS,2025-01-06 15:25:07,97.7,0.1,-24.771138,-42.717761
RAUL MARTINS,2025-01-06 15:28:34,274.3,0.2,-24.771178,-42.717718
RAUL MARTINS,2025-01-06 15:29:54,94.2,0.1,-24.771248,-42.71773
RAUL MARTINS,2025-01-06 15:31:04,116.3,0.2,-24.771135,-42.717686
RAUL MARTINS,2025-01-06 15:32:23,295.0,0.1,-24.771176,-42.717681
RAUL MARTINS,2025-01-06 15:43:45,249.0,0.1,-24.771181,-42.717655
RAUL MARTINS,2025-01-06 15:46:05,288.0,0.1,-24.77119,-42.717715
RAUL MARTINS,2025-01-06 15:51:35,283.2,0.1,-24.771151,-42.717771
RAUL MARTINS,2025-01-06 17:00:05,108.2,0.2,-24.770823,-42.718606
RAUL MARTINS,2025-01-06 17:00:13,101.0,0.1,-24.770821,-42.718611
RAUL MARTINS,2025-01-06 17:00:25,100.9,0.2,-24.770825,-42.718606
RAUL MARTINS,2025-01-06 17:00:36,103.1,0.5,-24.770825,-42.718605
RAUL MARTINS,2025-01-06 17:01:53,265.1,0.0,-24.770808,-42.718636
RAUL MARTINS,2025-01-06 17:03:53,275.5,0.0,-24.770831,-42.718645
RAUL MARTINS,2025-01-06 17:04:14,294.6,0.2,-24.77083,-42.718648
RAUL MARTINS,2025-01-06 17:04:35,96.5,0.2,-24.770846,-42.718618
RAUL MARTINS,2025-01-06 17:04:53,244.9,0.1,-24.770846,-42.718641
RAUL MARTINS,2025-01-06 17:05:05,113.0,0.2,-24.770845,-42.718648
RAUL MARTINS,2025-01-06 17:05:34,272.0,0.2,-24.770811,-42.718643
RAUL MARTINS,2025-01-06 17:06:05,294.7,0.0,-24.770783,-42.718663
RAUL MARTINS,2025-01-06 17:06:14,304.1,0.1,-24.770788,-42.718676
RAUL MARTINS,2025-01-06 17:06:25,96.6,0.2,-24.770805,-42.718681
RAUL MARTINS,2025-01-06 17:06:55,273.7,0.1,-24.77081,-42.718683
RAUL MARTINS,2025-01-06 17:07:08,293.4,0.2,-24.77081,-42.718688
RAUL MARTINS,2025-01-06 17:07:14,293.8,0.1,-24.770811,-42.718686
RAUL MARTINS,2025-01-06 17:08:27,268.3,0.1,-24.77081,-42.718695
RAUL MARTINS,2025-01-06 18:02:27,282.7,0.1,-24.770793,-42.719456
RAUL MARTINS,2025-01-06 18:45:36,255.8,0.1,-24.771045,-42.721863
RAUL MARTINS,2025-01-06 18:52:06,251.9,0.2,-24.77111,-42.722173
RAUL MARTINS,2025-01-06 18:52:25,251.6,0.3,-24.77111,-42.72218
RAUL MARTINS,2025-01-06 18:54:17,40.9,0.2,-24.771151,-42.722201
RAUL MARTINS,2025-01-06 18:54:56,243.6,0.1,-24.771138,-42.722223
RAUL MARTINS,2025-01-06 18:57:25,260.6,0.0,-24.77117,-42.72232
RAUL MARTINS,2025-01-06 19:51:17,282.5,0.3,-24.771891,-42.723518
RAUL MARTINS,2025-01-06 20:32:37,44.0,0.2,-24.772395,-42.724001
RAUL MARTINS,2025-01-06 20:37:46,39.7,0.2,-24.772488,-42.724073
RAUL MARTINS,2025-01-06 20:40:06,195.1,0.0,-24.772491,-42.724073
RAUL MARTINS,2025-01-06 20:40:46,215.9,0.1,-24.772491,-42.7241
RAUL MARTINS,2025-01-06 20:42:17,214.4,0.4,-24.77255,-42.72412
RAUL MARTINS,2025-01-06 21:28:25,220.9,0.2,-24.772936,-42.724403
RAUL MARTINS,2025-01-06 21:33:26,39.2,1.0,-24.772886,-42.724393
RAUL MARTINS,2025-01-06 22:19:46,48.7,0.2,-24.773261,-42.724651
RAUL MARTINS,2025-01-06 22:28:27,21.1,0.5,-24.773325,-42.72465
RAUL MARTINS,2025-01-06 23:18:56,200.2,0.2,-24.773806,-42.724761
RAUL MARTINS,2025-01-06 23:30:17,17.8,0.1,-24.773886,-42.724748
RAUL MARTINS,2025-01-06 23:32:18,199.6,0.2,-24.773906,-42.72473
RAUL MARTINS,2025-01-06 23:34:37,188.2,0.1,-24.773991,-42.724773
RAUL MARTINS,2025-01-06 23:37:26,27.9,0.3,-24.773975,-42.724768
RAUL MARTINS,2025-01-07 00:00:27,198.6,0.2,-24.774176,-42.724811
RAUL MARTINS,2025-01-07 00:01:57,27.5,0.2,-24.774196,-42.724798
RAUL MARTINS,2025-01-07 00:07:36,195.4,0.2,-24.774285,-42.724855
RAUL MARTINS,2025-01-07 00:10:07,251.7,0.1,-24.77431,-42.724885
RAUL MARTINS,2025-01-07 00:12:17,358.1,0.1,-24.774348,-42.724866
RAUL MARTINS,2025-01-07 00:37:27,169.1,0.1,-24.77479,-42.724886
RAUL MARTINS,2025-01-07 00:37:47,323.5,0.2,-24.774793,-42.72489
RAUL MARTINS,2025-01-07 00:38:06,351.8,0.3,-24.774798,-42.724873
RAUL MARTINS,2025-01-07 00:39:06,214.1,0.2,-24.774801,-42.724863
RAUL MARTINS,2025-01-07 00:39:36,40.9,0.1,-24.774776,-42.724875
RAUL MARTINS,2025-01-07 00:39:47,25.4,0.2,-24.77478,-42.724876
RAUL MARTINS,2025-01-07 00:40:37,173.9,0.0,-24.774813,-42.724871
RAUL MARTINS,2025-01-07 00:40:46,207.8,0.0,-24.774816,-42.724866
RAUL MARTINS,2025-01-07 00:41:17,343.2,0.1,-24.774816,-42.724868
RAUL MARTINS,2025-01-07 00:41:55,25.3,0.3,-24.774821,-42.724881
RAUL MARTINS,2025-01-07 00:42:35,182.5,0.1,-24.774835,-42.724873
RAUL MARTINS,2025-01-07 00:43:56,170.3,0.0,-24.77485,-42.724863
RAUL MARTINS,2025-01-07 00:45:35,222.1,0.1,-24.774856,-42.724851
RAUL MARTINS,2025-01-07 00:46:17,142.3,0.0,-24.774866,-42.724811
RAUL MARTINS,2025-01-07 01:05:37,189.6,0.3,-24.774998,-42.724856
RAUL MARTINS,2025-01-07 01:06:06,183.8,0.2,-24.774981,-42.724873
RAUL MARTINS,2025-01-07 01:06:25,154.5,0.1,-24.774981,-42.724858
RAUL MARTINS,2025-01-07 01:06:55,188.8,0.1,-24.775013,-42.724821
RAUL MARTINS,2025-01-07 01:07:06,192.4,0.2,-24.775005,-42.72482
RAUL MARTINS,2025-01-07 01:07:17,186.4,0.1,-24.77498,-42.724811
RAUL MARTINS,2025-01-07 01:08:06,338.7,0.2,-24.774958,-42.724845
RAUL MARTINS,2025-01-07 01:08:25,273.1,0.1,-24.774963,-42.724851
RAUL MARTINS,2025-01-07 01:08:37,201.1,0.1,-24.77496,-42.72485
RAUL MARTINS,2025-01-07 01:08:56,194.7,0.2,-24.774948,-42.724858
RAUL MARTINS,2025-01-07 01:13:56,3.3,0.4,-24.774953,-42.724851
RAUL MARTINS,2025-01-07 01:52:07,180.6,0.1,-24.775015,-42.724841
RAUL MARTINS,2025-01-07 01:54:37,187.9,0.1,-24.775035,-42.724836
RAUL MARTINS,2025-01-07 01:56:57,24.0,0.1,-24.775035,-42.724856
RAUL MARTINS,2025-01-07 01:58:07,354.7,0.1,-24.775023,-42.724813
RAUL MARTINS,2025-01-07 02:01:27,119.0,0.1,-24.77506,-42.72483
RAUL MARTINS,2025-01-07 02:42:26,251.9,0.3,-24.777011,-42.728868
RAUL MARTINS,2025-01-07 02:42:37,240.3,0.4,-24.777021,-42.728881
RAUL MARTINS,2025-01-07 02:51:16,264.5,0.3,-24.77747,-42.729836
RAUL MARTINS,2025-01-07 03:41:27,150.8,0.1,-24.778113,-42.731461
RAUL MARTINS,2025-01-07 03:43:37,321.4,0.1,-24.778051,-42.731513
RAUL MARTINS,2025-01-07 04:14:26,246.1,0.1,-24.778121,-42.731515
RAUL MARTINS,2025-01-07 04:27:18,343.7,0.1,-24.778238,-42.731531
RAUL MARTINS,2025-01-07 04:29:26,355.2,0.1,-24.778215,-42.731508
RAUL MARTINS,2025-01-07 04:31:56,159.0,0.1,-24.778226,-42.731516
RAUL MARTINS,2025-01-07 05:24:16,129.4,0.4,-24.780586,-42.726908
RAUL MARTINS,2025-01-07 05:26:47,132.5,0.5,-24.780765,-42.72664
RAUL MARTINS,2025-01-07 05:35:56,145.6,0.2,-24.781421,-42.725885
RAUL MARTINS,2025-01-07 05:39:46,144.4,0.1,-24.781568,-42.725495
RAUL MARTINS,2025-01-07 05:58:06,149.1,0.1,-24.782096,-42.72461
RAUL MARTINS,2025-01-07 06:00:48,135.4,0.1,-24.782151,-42.724575
RAUL MARTINS,2025-01-07 06:06:37,134.5,0.1,-24.782166,-42.724556
RAUL MARTINS,2025-01-07 06:34:17,109.1,0.0,-24.78233,-42.7244
RAUL MARTINS,2025-01-07 06:36:57,143.0,0.1,-24.782383,-42.724391
RAUL MARTINS,2025-01-07 07:10:06,10.5,0.1,-24.782688,-42.724153
RAUL MARTINS,2025-01-07 07:16:17,136.3,0.2,-24.782776,-42.724111
RAUL MARTINS,2025-01-07 07:21:07,132.6,0.0,-24.782751,-42.72411
RAUL MARTINS,2025-01-07 07:25:17,307.8,0.1,-24.782813,-42.724065
RAUL MARTINS,2025-01-07 07:46:06,273.6,0.0,-24.782775,-42.724143
RAUL MARTINS,2025-01-07 07:53:07,313.9,0.1,-24.782696,-42.724123
RAUL MARTINS,2025-01-07 10:33:16,170.7,0.1,-24.78123,-42.72565
RAUL MARTINS,2025-01-07 10:38:28,332.5,0.3,-24.781148,-42.725678
RAUL MARTINS,2025-01-07 11:14:45,168.4,0.5,-24.780793,-42.72583
RAUL MARTINS,2025-01-07 11:16:26,340.4,0.0,-24.780756,-42.725861
RAUL MARTINS,2025-01-07 11:17:26,325.7,0.2,-24.780721,-42.725865
RAUL MARTINS,2025-01-07 11:18:27,134.7,0.0,-24.780688,-42.725836
RAUL MARTINS,2025-01-07 11:18:57,170.9,0.1,-24.780668,-42.725821
RAUL MARTINS,2025-01-07 11:19:56,339.8,0.1,-24.780723,-42.725871
RAUL MARTINS,2025-01-07 11:28:53,170.5,0.3,-24.780565,-42.725946
RAUL MARTINS,2025-01-07 11:42:46,351.2,0.3,-24.780463,-42.72596
RAUL MARTINS,2025-01-07 12:36:26,356.3,0.3,-24.779643,-42.72613
RAUL MARTINS,2025-01-07 12:37:35,323.4,0.1,-24.779655,-42.72614
RAUL MARTINS,2025-01-07 12:38:56,345.2,0.1,-24.77963,-42.726128
RAUL MARTINS,2025-01-07 12:38:57,345.2,0.1,-24.77963,-42.726128
RAUL MARTINS,2025-01-07 12:47:16,43.1,0.1,-24.779593,-42.726116
RAUL MARTINS,2025-01-07 12:50:26,353.4,0.2,-24.779463,-42.726095
RAUL MARTINS,2025-01-07 12:51:26,358.0,0.1,-24.779415,-42.726116
RAUL MARTINS,2025-01-07 12:59:47,188.7,0.2,-24.779446,-42.726093
RAUL MARTINS,2025-01-07 13:05:45,200.2,0.2,-24.779488,-42.726153
RAUL MARTINS,2025-01-07 13:05:55,196.4,0.2,-24.779476,-42.726138
RAUL MARTINS,2025-01-07 13:07:36,186.0,0.1,-24.779496,-42.726125
RAUL MARTINS,2025-01-07 13:09:24,187.1,0.1,-24.77952,-42.726123
RAUL MARTINS,2025-01-07 14:18:06,266.0,0.4,-24.778585,-42.731543
RAUL MARTINS,2025-01-07 14:19:16,263.1,0.4,-24.778566,-42.73168
RAUL MARTINS,2025-01-07 14:20:35,273.3,0.4,-24.778506,-42.731863
RAUL MARTINS,2025-01-07 14:23:07,333.6,0.4,-24.778353,-42.732148
RAUL MARTINS,2025-01-07 14:25:36,325.4,0.6,-24.7783,-42.732423
RAUL MARTINS,2025-01-07 14:49:07,324.5,0.7,-24.77709,-42.73551
RAUL MARTINS,2025-01-07 14:52:46,276.2,0.5,-24.776895,-42.735995
RAUL MARTINS,2025-01-07 15:59:07,41.1,0.5,-24.77718,-42.74195
RAUL MARTINS,2025-01-07 16:07:57,320.8,0.3,-24.777335,-42.742115
RAUL MARTINS,2025-01-07 16:09:57,21.9,0.3,-24.777343,-42.742126
RAUL MARTINS,2025-01-07 16:28:26,24.1,0.2,-24.777405,-42.742115
RAUL MARTINS,2025-01-07 16:29:47,352.4,0.1,-24.777391,-42.742133
RAUL MARTINS,2025-01-07 17:03:07,354.3,0.1,-24.77736,-42.741701
RAUL MARTINS,2025-01-07 17:06:37,347.3,0.3,-24.777316,-42.741875
RAUL MARTINS,2025-01-07 17:14:46,311.2,0.5,-24.7768,-42.742601
RAUL MARTINS,2025-01-07 17:16:46,336.2,0.5,-24.776611,-42.742813
RAUL MARTINS,2025-01-07 17:16:55,345.6,0.6,-24.77659,-42.74283
RAUL MARTINS,2025-01-07 17:17:15,342.7,0.6,-24.776556,-42.742865
RAUL MARTINS,2025-01-07 17:17:25,337.9,0.5,-24.776546,-42.74289
RAUL MARTINS,2025-01-07 17:18:35,315.8,0.6,-24.776415,-42.743023
RAUL MARTINS,2025-01-07 17:21:04,338.1,0.7,-24.776166,-42.743365
RAUL MARTINS,2025-01-07 17:22:46,315.6,0.7,-24.775985,-42.743651
RAUL MARTINS,2025-01-07 17:23:15,278.8,0.7,-24.775946,-42.743745
RAUL MARTINS,2025-01-07 17:24:24,349.5,0.9,-24.7758,-42.74393
RAUL MARTINS,2025-01-07 17:24:46,327.4,0.7,-24.775768,-42.743986
RAUL MARTINS,2025-01-07 17:26:05,310.7,0.7,-24.775625,-42.744186
RAUL MARTINS,2025-01-07 17:26:46,265.9,0.8,-24.775548,-42.744263
RAUL MARTINS,2025-01-07 17:27:46,258.5,0.7,-24.775451,-42.744326
RAUL MARTINS,2025-01-07 17:48:26,171.9,0.6,-24.775825,-42.743973
RAUL MARTINS,2025-01-07 17:51:37,160.9,0.7,-24.776218,-42.743626
RAUL MARTINS,2025-01-07 17:52:57,146.4,0.6,-24.776371,-42.74345
RAUL MARTINS,2025-01-07 17:55:39,156.5,0.7,-24.776678,-42.742988
RAUL MARTINS,2025-01-07 17:59:07,141.3,0.8,-24.77725,-42.742495
RAUL MARTINS,2025-01-07 18:01:26,141.8,0.7,-24.777703,-42.74223
RAUL MARTINS,2025-01-07 18:50:27,352.6,0.8,-24.777018,-42.745785
RAUL MARTINS,2025-01-07 19:32:47,316.7,1.2,-24.768931,-42.757783
RAUL MARTINS,2025-01-07 19:36:47,315.6,1.2,-24.767935,-42.758875
RAUL MARTINS,2025-01-07 19:37:37,314.8,1.2,-24.767725,-42.759098
RAUL MARTINS,2025-01-07 19:43:37,318.4,0.9,-24.76628,-42.76077
RAUL MARTINS,2025-01-07 20:33:28,163.1,10.0,-24.817438,-42.761541
RAUL MARTINS,2025-01-07 21:14:47,336.2,11.9,-24.725448,-42.787991
RAUL MARTINS,2025-01-07 21:22:17,338.3,11.9,-24.70255,-42.798178
RAUL MARTINS,2025-01-07 22:32:28,351.9,11.7,-24.475458,-42.845821
RAUL MARTINS,2025-01-07 23:01:47,352.5,11.7,-24.381113,-42.860686
RAUL MARTINS,2025-01-07 23:05:47,350.4,11.7,-24.368185,-42.86282
RAUL MARTINS,2025-01-07 23:08:17,351.3,11.7,-24.360175,-42.86403
RAUL MARTINS,2025-01-07 23:11:47,349.4,11.6,-24.348978,-42.865781
RAUL MARTINS,2025-01-07 23:36:57,353.0,11.4,-24.268961,-42.879701
RAUL MARTINS,2025-01-07 23:40:57,353.5,11.5,-24.256265,-42.881328
RAUL MARTINS,2025-01-07 23:43:07,352.7,11.5,-24.249343,-42.882248
RAUL MARTINS,2025-01-08 00:09:27,351.9,11.8,-24.164511,-42.893566
RAUL MARTINS,2025-01-08 00:20:28,350.8,11.6,-24.129131,-42.899011
RAUL MARTINS,2025-01-08 00:27:27,351.3,11.8,-24.106398,-42.90288
RAUL MARTINS,2025-01-08 00:27:56,350.9,11.8,-24.104876,-42.903171
RAUL MARTINS,2025-01-08 00:28:05,349.9,11.8,-24.104331,-42.903275
RAUL MARTINS,2025-01-08 00:28:46,350.7,11.8,-24.102193,-42.903626
RAUL MARTINS,2025-01-08 00:28:56,349.8,11.8,-24.101661,-42.90372
RAUL MARTINS,2025-01-08 00:29:05,350.2,11.8,-24.101175,-42.903813
RAUL MARTINS,2025-01-08 00:29:56,351.1,11.8,-24.098276,-42.90435
RAUL MARTINS,2025-01-08 00:30:05,350.3,11.9,-24.097776,-42.904446
RAUL MARTINS,2025-01-08 00:30:46,349.2,11.8,-24.095641,-42.904828
RAUL MARTINS,2025-01-08 00:33:16,351.3,11.8,-24.087531,-42.906323
RAUL MARTINS,2025-01-08 00:33:45,351.9,11.8,-24.086008,-42.906601
RAUL MARTINS,2025-01-08 00:52:56,350.2,11.8,-24.023955,-42.918591
RAUL MARTINS,2025-01-08 00:57:36,349.9,11.8,-24.008748,-42.92168
RAUL MARTINS,2025-01-08 01:25:16,346.3,12.0,-23.91927,-42.942563
RAUL MARTINS,2025-01-08 01:51:07,343.5,12.2,-23.834541,-42.965886
RAUL MARTINS,2025-01-08 01:59:07,342.8,12.3,-23.808516,-42.97464
RAUL MARTINS,2025-01-08 02:09:25,344.3,12.3,-23.774488,-42.985126
RAUL MARTINS,2025-01-08 02:10:25,344.1,12.4,-23.771171,-42.986105
RAUL MARTINS,2025-01-08 02:11:25,344.2,12.4,-23.767826,-42.987176
RAUL MARTINS,2025-01-08 03:26:06,351.4,11.3,-23.526393,-43.038888
RAUL MARTINS,2025-01-08 03:32:06,352.8,11.6,-23.507208,-43.041763
RAUL MARTINS,2025-01-08 03:34:27,352.6,11.7,-23.499605,-43.042853
RAUL MARTINS,2025-01-08 04:23:07,174.3,1.2,-23.429768,-43.051691
RAUL MARTINS,2025-01-08 04:24:07,186.4,1.0,-23.430068,-43.051706
RAUL MARTINS,2025-01-08 04:28:47,197.3,0.9,-23.43144,-43.05189
RAUL MARTINS,2025-01-08 05:02:06,223.9,0.9,-23.438508,-43.05676
RAUL MARTINS,2025-01-08 05:07:47,218.6,0.7,-23.4396,-43.057685
RAUL MARTINS,2025-01-08 05:09:47,218.3,0.8,-23.440006,-43.058048
RAUL MARTINS,2025-01-08 05:16:47,218.4,0.9,-23.441381,-43.059256
RAUL MARTINS,2025-01-08 06:06:56,219.3,0.5,-23.449626,-43.066846
RAUL MARTINS,2025-01-08 06:11:27,224.6,0.5,-23.450236,-43.067378
RAUL MARTINS,2025-01-08 06:24:16,236.8,0.4,-23.451238,-43.068586
RAUL MARTINS,2025-01-08 06:41:57,221.1,0.4,-23.45213,-43.069948
RAUL MARTINS,2025-01-08 06:52:17,233.0,0.3,-23.452585,-43.070368
RAUL MARTINS,2025-01-08 07:20:05,198.0,0.3,-23.453951,-43.070828
RAUL MARTINS,2025-01-08 07:51:46,283.3,0.2,-23.45502,-43.071513
RAUL MARTINS,2025-01-08 07:53:47,338.2,0.1,-23.455001,-43.071571
RAUL MARTINS,2025-01-08 07:56:06,202.3,0.1,-23.45504,-43.071636
RAUL MARTINS,2025-01-08 08:23:26,197.0,0.2,-23.45556,-43.07247
RAUL MARTINS,2025-01-08 08:58:27,193.3,0.2,-23.455466,-43.073218
RAUL MARTINS,2025-01-08 09:33:07,18.5,0.1,-23.454705,-43.072785
RAUL MARTINS,2025-01-08 09:37:16,97.8,0.2,-23.454631,-43.072658
RAUL MARTINS,2025-01-08 09:39:38,83.6,0.3,-23.454596,-43.07251
RAUL MARTINS,2025-01-08 09:42:16,25.2,0.2,-23.454488,-43.072393
RAUL MARTINS,2025-01-08 10:07:16,21.7,7.0,-23.445273,-43.05867
RAUL MARTINS,2025-01-08 11:17:25,348.0,6.8,-23.260795,-43.075438
RAUL MARTINS,2025-01-08 12:28:26,325.2,0.2,-23.203716,-43.07329
RAUL MARTINS,2025-01-08 12:28:37,326.3,0.3,-23.203706,-43.073298
RAUL MARTINS,2025-01-08 12:29:06,327.5,0.3,-23.203701,-43.073325
RAUL MARTINS,2025-01-08 12:30:46,311.6,0.3,-23.203638,-43.07341
RAUL MARTINS,2025-01-08 12:30:56,303.1,0.3,-23.203633,-43.07342
RAUL MARTINS,2025-01-08 12:31:17,308.0,0.2,-23.203625,-43.073451
RAUL MARTINS,2025-01-08 12:31:27,305.9,0.2,-23.203601,-43.073455
RAUL MARTINS,2025-01-08 12:31:46,324.6,0.3,-23.203585,-43.073468
RAUL MARTINS,2025-01-08 12:32:36,307.7,0.3,-23.20357,-43.073515
RAUL MARTINS,2025-01-08 12:32:56,324.7,0.3,-23.203555,-43.07353
RAUL MARTINS,2025-01-08 12:33:36,7.2,0.5,-23.203466,-43.073553
RAUL MARTINS,2025-01-08 12:33:46,352.3,0.6,-23.203453,-43.073563
RAUL MARTINS,2025-01-08 13:17:16,201.4,0.3,-23.202366,-43.073605
